{"cameraMode":{"drawMode":0,"name":"Shaded","section":"Shading Mode"},"sceneLighting":true,"audioPlay":false,"sceneViewState":{"m_AlwaysRefresh":false,"showFog":true,"showSkybox":true,"showFlares":true,"showImageEffects":true,"showParticleSystems":true,"showVisualEffectGraphs":true,"m_FxEnabled":true},"in2DMode":false,"pivot":{"x":-34.40163803100586,"y":-17.320980072021486,"z":-109.52212524414063},"rotation":{"x":0.031111059710383416,"y":-0.9518725275993347,"z":0.10320405662059784,"w":0.2869464159011841},"size":74.44075012207031,"orthographic":false}