{"cameraMode":{"drawMode":0,"name":"Shaded","section":"Shading Mode"},"sceneLighting":true,"audioPlay":false,"sceneViewState":{"m_AlwaysRefresh":false,"showFog":true,"showSkybox":true,"showFlares":true,"showImageEffects":true,"showParticleSystems":true,"showVisualEffectGraphs":true,"m_FxEnabled":true},"in2DMode":false,"pivot":{"x":35.507606506347659,"y":7.23120641708374,"z":5.499176502227783},"rotation":{"x":0.12328337877988816,"y":-0.39752620458602908,"z":0.053993429988622668,"w":0.9076680541038513},"size":8.496142387390137,"orthographic":true}