# Blender 4.3.2
# www.blender.org
mtllib KitchenCellingLampDestructable.mtl
g Lamparas_Cylinder.003
v 0.045505 2.692958 -0.228771
v 0.129588 2.692958 -0.193943
v 0.193943 2.692958 -0.129588
v 0.228771 2.692958 -0.045505
v 0.228771 2.692958 0.045505
v 0.193943 2.692958 0.129588
v 0.129588 2.692958 0.193943
v 0.045505 2.692958 0.228771
v -0.045505 2.692958 0.228771
v -0.129588 2.692958 0.193943
v -0.193943 2.692958 0.129588
v -0.228771 2.692958 0.045505
v -0.228771 2.692958 -0.045505
v -0.193943 2.692958 -0.129588
v -0.129588 2.692958 -0.193943
v -0.045505 2.692958 -0.228771
v 0.004511 4.243753 -0.022678
v 0.012846 4.243753 -0.019225
v 0.019226 4.243753 -0.012846
v 0.022678 4.243753 -0.004511
v 0.022678 4.243753 0.004511
v 0.019226 4.243753 0.012846
v 0.012846 4.243753 0.019225
v 0.004511 4.243753 0.022678
v -0.004510 4.243753 0.022678
v -0.012845 4.243753 0.019225
v -0.019225 4.243753 0.012846
v -0.022677 4.243753 0.004511
v -0.022677 4.243753 -0.004511
v -0.019225 4.243753 -0.012846
v -0.012845 4.243753 -0.019225
v -0.004510 4.243753 -0.022678
v 0.045369 2.789430 -0.228084
v 0.027748 3.015806 -0.139498
v 0.044455 2.834534 -0.223490
v 0.041927 2.884585 -0.210783
v 0.038040 2.934528 -0.191239
v 0.033149 2.979784 -0.166652
v 0.129199 2.789430 -0.193360
v 0.079019 3.015806 -0.118260
v 0.126597 2.834534 -0.189466
v 0.119399 2.884585 -0.178693
v 0.108328 2.934528 -0.162124
v 0.094401 2.979784 -0.141281
v 0.193361 2.789430 -0.129199
v 0.118261 3.015806 -0.079019
v 0.189466 2.834534 -0.126597
v 0.178693 2.884585 -0.119399
v 0.162125 2.934528 -0.108328
v 0.141281 2.979784 -0.094401
v 0.228084 2.789430 -0.045369
v 0.139498 3.015806 -0.027748
v 0.223490 2.834534 -0.044455
v 0.210783 2.884586 -0.041927
v 0.191239 2.934528 -0.038040
v 0.166652 2.979784 -0.033149
v 0.228084 2.789430 0.045369
v 0.139498 3.015806 0.027748
v 0.223490 2.834534 0.044455
v 0.210783 2.884586 0.041927
v 0.191239 2.934528 0.038040
v 0.166652 2.979784 0.033149
v 0.193361 2.789430 0.129199
v 0.118261 3.015806 0.079019
v 0.189466 2.834534 0.126597
v 0.178693 2.884586 0.119399
v 0.162125 2.934528 0.108328
v 0.141281 2.979784 0.094401
v 0.129199 2.789430 0.193360
v 0.079019 3.015806 0.118260
v 0.126597 2.834534 0.189466
v 0.119399 2.884586 0.178693
v 0.108328 2.934528 0.162124
v 0.094401 2.979784 0.141281
v 0.045369 2.789430 0.228084
v 0.027748 3.015806 0.139498
v 0.044455 2.834534 0.223490
v 0.041927 2.884586 0.210783
v 0.038040 2.934528 0.191239
v 0.033149 2.979784 0.166652
v -0.045368 2.789430 0.228084
v -0.027747 3.015806 0.139498
v -0.044455 2.834534 0.223490
v -0.041927 2.884586 0.210783
v -0.038039 2.934528 0.191239
v -0.033149 2.979784 0.166652
v -0.129199 2.789430 0.193360
v -0.079019 3.015806 0.118260
v -0.126597 2.834534 0.189466
v -0.119398 2.884586 0.178693
v -0.108328 2.934528 0.162124
v -0.094400 2.979784 0.141281
v -0.193360 2.789430 0.129199
v -0.118260 3.015806 0.079019
v -0.189465 2.834534 0.126597
v -0.178693 2.884586 0.119399
v -0.162124 2.934528 0.108328
v -0.141280 2.979784 0.094401
v -0.228084 2.789430 0.045369
v -0.139497 3.015806 0.027748
v -0.223490 2.834534 0.044455
v -0.210782 2.884586 0.041927
v -0.191239 2.934528 0.038040
v -0.166651 2.979784 0.033149
v -0.228084 2.789430 -0.045369
v -0.139497 3.015806 -0.027748
v -0.223490 2.834534 -0.044455
v -0.210782 2.884586 -0.041927
v -0.191239 2.934528 -0.038040
v -0.166651 2.979784 -0.033149
v -0.193360 2.789430 -0.129199
v -0.118260 3.015806 -0.079019
v -0.189465 2.834534 -0.126597
v -0.178693 2.884585 -0.119399
v -0.162124 2.934528 -0.108328
v -0.141280 2.979784 -0.094401
v -0.129199 2.789430 -0.193360
v -0.079019 3.015806 -0.118260
v -0.126597 2.834534 -0.189466
v -0.119398 2.884585 -0.178693
v -0.108328 2.934528 -0.162124
v -0.094400 2.979784 -0.141281
v -0.045368 2.789430 -0.228084
v -0.027747 3.015806 -0.139498
v -0.044455 2.834534 -0.223490
v -0.041927 2.884585 -0.210783
v -0.038039 2.934528 -0.191239
v -0.033149 2.979784 -0.166652
v 0.004509 3.152761 -0.022666
v 0.004744 3.145987 -0.023850
v 0.005378 3.139001 -0.027037
v 0.012840 3.152761 -0.019216
v 0.013510 3.145987 -0.020219
v 0.015315 3.139001 -0.022921
v 0.019216 3.152761 -0.012839
v 0.020220 3.145987 -0.013510
v 0.022921 3.139001 -0.015315
v 0.022667 3.152761 -0.004509
v 0.023851 3.145987 -0.004744
v 0.027037 3.139001 -0.005378
v 0.022667 3.152761 0.004508
v 0.023851 3.145987 0.004744
v 0.027037 3.139001 0.005378
v 0.019216 3.152761 0.012839
v 0.020220 3.145987 0.013510
v 0.022921 3.139001 0.015315
v 0.012840 3.152761 0.019215
v 0.013510 3.145987 0.020219
v 0.015315 3.139001 0.022921
v 0.004509 3.152761 0.022666
v 0.004744 3.145987 0.023850
v 0.005378 3.139001 0.027037
v -0.004508 3.152761 0.022666
v -0.004744 3.145987 0.023850
v -0.005377 3.139001 0.027037
v -0.012839 3.152761 0.019215
v -0.013510 3.145987 0.020219
v -0.015315 3.139001 0.022921
v -0.019215 3.152761 0.012839
v -0.020219 3.145987 0.013510
v -0.022920 3.139001 0.015315
v -0.022666 3.152761 0.004509
v -0.023850 3.145987 0.004744
v -0.027036 3.139001 0.005378
v -0.022666 3.152761 -0.004509
v -0.023850 3.145987 -0.004744
v -0.027036 3.139001 -0.005378
v -0.019215 3.152761 -0.012839
v -0.020219 3.145987 -0.013510
v -0.022920 3.139001 -0.015315
v -0.012839 3.152761 -0.019216
v -0.013510 3.145987 -0.020219
v -0.015315 3.139001 -0.022921
v -0.004508 3.152761 -0.022666
v -0.004744 3.145987 -0.023850
v -0.005377 3.139001 -0.027037
v 0.043555 2.692887 -0.218964
v 0.124033 2.692887 -0.185629
v 0.185629 2.692887 -0.124033
v 0.218964 2.692887 -0.043555
v 0.218964 2.692887 0.043555
v 0.185629 2.692887 0.124033
v 0.124033 2.692887 0.185629
v 0.043555 2.692887 0.218964
v -0.043555 2.692887 0.218964
v -0.124033 2.692887 0.185629
v -0.185629 2.692887 0.124033
v -0.218964 2.692887 0.043555
v -0.218964 2.692887 -0.043555
v -0.185629 2.692887 -0.124033
v -0.124033 2.692887 -0.185629
v -0.043555 2.692887 -0.218964
v 0.002561 4.243753 -0.012870
v 0.007291 4.243753 -0.010911
v 0.010911 4.243753 -0.007290
v 0.012871 4.243753 -0.002560
v 0.012871 4.243753 0.002560
v 0.010911 4.243753 0.007290
v 0.007291 4.243753 0.010911
v 0.002561 4.243753 0.012870
v -0.002560 4.243753 0.012870
v -0.007290 4.243753 0.010911
v -0.010910 4.243753 0.007290
v -0.012870 4.243753 0.002560
v -0.012870 4.243753 -0.002560
v -0.010910 4.243753 -0.007290
v -0.007290 4.243753 -0.010911
v -0.002560 4.243753 -0.012870
v 0.043421 2.788881 -0.218291
v 0.026258 3.009351 -0.132007
v 0.042535 2.832768 -0.213836
v 0.036276 2.930259 -0.182370
v 0.123652 2.788881 -0.185059
v 0.074776 3.009351 -0.111910
v 0.121129 2.832768 -0.181282
v 0.103304 2.930259 -0.154606
v 0.185059 2.788881 -0.123652
v 0.111910 3.009351 -0.074776
v 0.181282 2.832768 -0.121129
v 0.154606 2.930259 -0.103304
v 0.218292 2.788881 -0.043421
v 0.132007 3.009351 -0.026258
v 0.213837 2.832768 -0.042535
v 0.182370 2.930259 -0.036276
v 0.218292 2.788881 0.043421
v 0.132007 3.009351 0.026258
v 0.213837 2.832768 0.042535
v 0.182370 2.930259 0.036276
v 0.185059 2.788881 0.123652
v 0.111910 3.009351 0.074776
v 0.181282 2.832768 0.121129
v 0.154606 2.930259 0.103304
v 0.123652 2.788881 0.185059
v 0.074776 3.009351 0.111910
v 0.121129 2.832768 0.181282
v 0.103304 2.930259 0.154606
v 0.043421 2.788881 0.218291
v 0.026258 3.009351 0.132007
v 0.042535 2.832768 0.213836
v 0.036276 2.930259 0.182370
v -0.043421 2.788881 0.218291
v -0.026257 3.009351 0.132007
v -0.042535 2.832768 0.213836
v -0.036275 2.930259 0.182370
v -0.123652 2.788881 0.185058
v -0.074775 3.009351 0.111910
v -0.121128 2.832768 0.181282
v -0.103304 2.930259 0.154606
v -0.185058 2.788881 0.123652
v -0.111909 3.009351 0.074776
v -0.181282 2.832768 0.121129
v -0.154605 2.930259 0.103304
v -0.218291 2.788881 0.043421
v -0.132006 3.009351 0.026258
v -0.213836 2.832768 0.042535
v -0.182369 2.930259 0.036276
v -0.218291 2.788881 -0.043421
v -0.132006 3.009351 -0.026258
v -0.213836 2.832768 -0.042535
v -0.182369 2.930259 -0.036276
v -0.185058 2.788881 -0.123652
v -0.111910 3.009351 -0.074776
v -0.181282 2.832768 -0.121129
v -0.154605 2.930259 -0.103304
v -0.123652 2.788881 -0.185059
v -0.074775 3.009351 -0.111910
v -0.121128 2.832768 -0.181282
v -0.103304 2.930259 -0.154606
v -0.043421 2.788881 -0.218291
v -0.026257 3.009351 -0.132007
v -0.042535 2.832768 -0.213836
v -0.036275 2.930259 -0.182370
v 0.002889 3.142902 -0.014521
v 0.003748 3.133505 -0.018843
v 0.008226 3.142902 -0.012310
v 0.010674 3.133505 -0.015974
v 0.012311 3.142902 -0.008225
v 0.015974 3.133505 -0.010674
v 0.014521 3.142902 -0.002888
v 0.018843 3.133505 -0.003748
v 0.014521 3.142902 0.002888
v 0.018843 3.133505 0.003748
v 0.012311 3.142902 0.008225
v 0.015974 3.133505 0.010673
v 0.008226 3.142902 0.012310
v 0.010674 3.133505 0.015974
v 0.002889 3.142902 0.014521
v 0.003748 3.133505 0.018843
v -0.002888 3.142902 0.014521
v -0.003748 3.133505 0.018843
v -0.008225 3.142902 0.012310
v -0.010673 3.133505 0.015974
v -0.012310 3.142902 0.008225
v -0.015974 3.133505 0.010673
v -0.014521 3.142902 0.002888
v -0.018842 3.133505 0.003748
v -0.014521 3.142902 -0.002888
v -0.018842 3.133505 -0.003748
v -0.012310 3.142902 -0.008225
v -0.015974 3.133505 -0.010674
v -0.008225 3.142902 -0.012310
v -0.010673 3.133505 -0.015974
v 0.000000 3.142902 -0.000000
v -0.002888 3.142902 -0.014521
v -0.003748 3.133505 -0.018843
v 0.016563 3.077403 -0.083267
v -0.016562 3.077403 -0.083267
v 0.047167 3.077403 -0.070591
v 0.070591 3.077403 -0.047167
v 0.083267 3.077403 -0.016563
v 0.083267 3.077403 0.016563
v 0.070591 3.077403 0.047167
v 0.047167 3.077403 0.070591
v 0.016563 3.077403 0.083267
v -0.016562 3.077403 0.083267
v -0.047167 3.077403 0.070591
v -0.070590 3.077403 0.047167
v -0.083267 3.077403 0.016563
v -0.083267 3.077403 -0.016563
v -0.070590 3.077403 -0.047167
v -0.047167 3.077403 -0.070591
v 0.000000 4.243753 -0.000000
vn 0.1465 -0.6607 -0.7363
vn 0.1948 0.0550 -0.9793
vn 0.5547 0.0550 -0.8302
vn 0.4171 -0.6607 -0.6242
vn 0.8302 0.0550 -0.5547
vn 0.6242 -0.6607 -0.4171
vn 0.9793 0.0550 -0.1948
vn 0.7363 -0.6607 -0.1465
vn 0.9793 0.0550 0.1948
vn 0.7363 -0.6607 0.1465
vn 0.8302 0.0550 0.5547
vn 0.6242 -0.6607 0.4171
vn 0.5547 0.0550 0.8302
vn 0.4171 -0.6607 0.6242
vn 0.1948 0.0550 0.9793
vn 0.1465 -0.6607 0.7363
vn -0.1948 0.0550 0.9793
vn -0.1465 -0.6607 0.7363
vn -0.5547 0.0550 0.8302
vn -0.4171 -0.6607 0.6242
vn -0.8302 0.0550 0.5547
vn -0.6242 -0.6607 0.4171
vn -0.9793 0.0550 0.1948
vn -0.7363 -0.6607 0.1465
vn -0.9793 0.0550 -0.1948
vn -0.7363 -0.6607 -0.1465
vn -0.8302 0.0550 -0.5547
vn -0.6242 -0.6607 -0.4171
vn -0.5547 0.0550 -0.8302
vn -0.4171 -0.6607 -0.6242
vn -0.1948 0.0550 -0.9793
vn -0.1465 -0.6607 -0.7363
vn -0.1606 0.5676 -0.8075
vn -0.1857 0.3058 -0.9338
vn 0.1857 0.3058 -0.9338
vn 0.1606 0.5676 -0.8075
vn 0.1943 0.0890 0.9769
vn 0.1456 0.6657 0.7319
vn -0.1456 0.6657 0.7319
vn -0.1943 0.0890 0.9769
vn -0.9769 0.0890 0.1943
vn -0.7319 0.6657 0.1456
vn -0.7319 0.6657 -0.1456
vn -0.9769 0.0890 -0.1943
vn 0.1943 0.0890 -0.9769
vn 0.1456 0.6657 -0.7319
vn 0.4146 0.6657 -0.6204
vn 0.5534 0.0890 -0.8282
vn 0.8282 0.0890 0.5534
vn 0.6204 0.6657 0.4146
vn 0.4146 0.6657 0.6204
vn 0.5534 0.0890 0.8282
vn -0.5534 0.0890 0.8282
vn -0.4146 0.6657 0.6204
vn -0.6204 0.6657 0.4146
vn -0.8282 0.0890 0.5534
vn -0.5534 0.0890 -0.8282
vn -0.4146 0.6657 -0.6204
vn -0.1456 0.6657 -0.7319
vn -0.1943 0.0890 -0.9769
vn 0.9769 0.0890 -0.1943
vn 0.7319 0.6657 -0.1456
vn 0.7319 0.6657 0.1456
vn 0.9769 0.0890 0.1943
vn -0.6204 0.6657 -0.4146
vn -0.8282 0.0890 -0.5534
vn 0.6204 0.6657 -0.4146
vn 0.8282 0.0890 -0.5534
vn 0.5290 0.3058 -0.7916
vn 0.4574 0.5676 -0.6846
vn 0.1909 -0.2063 0.9597
vn -0.1909 -0.2063 0.9597
vn -0.1765 -0.4260 0.8873
vn 0.1765 -0.4260 0.8873
vn -0.4574 0.5676 -0.6846
vn -0.5290 0.3058 -0.7916
vn -0.6846 0.5676 -0.4574
vn -0.7916 0.3058 -0.5290
vn -0.8075 0.5676 -0.1606
vn -0.9338 0.3058 -0.1857
vn -0.8075 0.5676 0.1606
vn -0.9338 0.3058 0.1857
vn -0.6846 0.5676 0.4574
vn -0.7916 0.3058 0.5290
vn -0.4574 0.5676 0.6846
vn -0.5290 0.3058 0.7916
vn -0.1606 0.5676 0.8075
vn -0.1857 0.3058 0.9338
vn 0.1606 0.5676 0.8075
vn 0.1857 0.3058 0.9338
vn 0.4574 0.5676 0.6846
vn 0.5290 0.3058 0.7916
vn 0.6846 0.5676 0.4574
vn 0.7916 0.3058 0.5290
vn 0.8075 0.5676 0.1606
vn 0.9338 0.3058 0.1857
vn 0.8075 0.5676 -0.1606
vn 0.9338 0.3058 -0.1857
vn 0.6846 0.5676 -0.4574
vn 0.7916 0.3058 -0.5290
vn -0.1637 0.5443 -0.8228
vn 0.1637 0.5443 -0.8228
vn 0.1766 0.4254 -0.8876
vn -0.1766 0.4254 -0.8876
vn 0.1855 0.3089 -0.9328
vn -0.1855 0.3089 -0.9328
vn 0.1921 0.1758 -0.9655
vn -0.1921 0.1758 -0.9655
vn -0.4254 0.6432 -0.6367
vn -0.1494 0.6432 -0.7510
vn -0.4661 0.5443 -0.6975
vn -0.5028 0.4254 -0.7525
vn -0.5284 0.3089 -0.7908
vn -0.5469 0.1758 -0.8185
vn -0.6367 0.6432 -0.4254
vn -0.6975 0.5443 -0.4661
vn -0.7525 0.4254 -0.5028
vn -0.7908 0.3089 -0.5284
vn -0.8185 0.1758 -0.5469
vn -0.7510 0.6432 -0.1494
vn -0.8228 0.5443 -0.1637
vn -0.8876 0.4254 -0.1766
vn -0.9328 0.3089 -0.1855
vn -0.9655 0.1758 -0.1921
vn -0.7510 0.6432 0.1494
vn -0.8228 0.5443 0.1637
vn -0.8876 0.4254 0.1766
vn -0.9328 0.3089 0.1855
vn -0.9655 0.1758 0.1921
vn -0.6367 0.6432 0.4254
vn -0.6975 0.5443 0.4661
vn -0.7525 0.4254 0.5028
vn -0.7908 0.3089 0.5284
vn -0.8185 0.1758 0.5469
vn -0.4254 0.6432 0.6367
vn -0.4661 0.5443 0.6975
vn -0.5028 0.4254 0.7525
vn -0.5284 0.3089 0.7908
vn -0.5469 0.1758 0.8185
vn -0.1494 0.6432 0.7510
vn -0.1637 0.5443 0.8228
vn -0.1766 0.4254 0.8876
vn -0.1855 0.3089 0.9328
vn -0.1921 0.1758 0.9655
vn 0.1494 0.6432 0.7510
vn 0.1637 0.5443 0.8228
vn 0.1766 0.4254 0.8876
vn 0.1855 0.3089 0.9328
vn 0.1921 0.1758 0.9655
vn 0.4254 0.6432 0.6367
vn 0.4661 0.5443 0.6975
vn 0.5028 0.4254 0.7525
vn 0.5284 0.3089 0.7908
vn 0.5469 0.1758 0.8185
vn 0.6367 0.6432 0.4254
vn 0.6975 0.5443 0.4661
vn 0.7525 0.4254 0.5028
vn 0.7908 0.3089 0.5284
vn 0.8185 0.1758 0.5469
vn 0.7510 0.6432 0.1494
vn 0.8228 0.5443 0.1637
vn 0.8876 0.4254 0.1766
vn 0.9328 0.3089 0.1855
vn 0.9655 0.1758 0.1921
vn 0.7510 0.6432 -0.1494
vn 0.8228 0.5443 -0.1637
vn 0.8876 0.4254 -0.1766
vn 0.9328 0.3089 -0.1855
vn 0.9655 0.1758 -0.1921
vn 0.6367 0.6432 -0.4254
vn 0.6975 0.5443 -0.4661
vn 0.7525 0.4254 -0.5028
vn 0.7908 0.3089 -0.5284
vn 0.8185 0.1758 -0.5469
vn 0.4254 0.6432 -0.6367
vn 0.4661 0.5443 -0.6975
vn 0.5028 0.4254 -0.7525
vn 0.5284 0.3089 -0.7908
vn 0.5469 0.1758 -0.8185
vn 0.1494 0.6432 -0.7510
vn -0.4571 -0.5685 0.6841
vn -0.1605 -0.5685 0.8069
vn -0.1546 -0.6098 0.7773
vn -0.4403 -0.6098 0.6590
vn 0.4067 0.6813 -0.6086
vn 0.6086 0.6813 -0.4067
vn 0.7179 0.6813 -0.1428
vn 0.7179 0.6813 0.1428
vn 0.6086 0.6813 0.4067
vn 0.4067 0.6813 0.6086
vn 0.1428 0.6813 0.7179
vn -0.1428 0.6813 0.7179
vn -0.4067 0.6813 0.6086
vn -0.6086 0.6813 0.4067
vn -0.7179 0.6813 0.1428
vn -0.7179 0.6813 -0.1428
vn -0.6086 0.6813 -0.4067
vn -0.4067 0.6813 -0.6086
vn -0.1428 0.6813 -0.7179
vn 0.1428 0.6813 -0.7179
vn -0.1271 -0.7587 0.6389
vn -0.3619 -0.7587 0.5416
vn -0.5547 -0.0548 0.8302
vn -0.1948 -0.0548 0.9793
vn -0.5416 -0.7587 0.3619
vn -0.8302 -0.0548 0.5547
vn -0.6389 -0.7587 0.1271
vn -0.9793 -0.0548 0.1948
vn -0.6389 -0.7587 -0.1271
vn -0.9793 -0.0548 -0.1948
vn -0.5416 -0.7587 -0.3619
vn -0.8302 -0.0548 -0.5547
vn -0.3619 -0.7587 -0.5416
vn -0.5547 -0.0548 -0.8302
vn -0.1271 -0.7587 -0.6389
vn -0.1948 -0.0548 -0.9793
vn 0.1271 -0.7587 -0.6389
vn 0.1948 -0.0548 -0.9793
vn 0.3619 -0.7587 -0.5416
vn 0.5547 -0.0548 -0.8302
vn 0.5416 -0.7587 -0.3619
vn 0.8302 -0.0548 -0.5547
vn 0.6389 -0.7587 -0.1271
vn 0.9793 -0.0548 -0.1948
vn 0.6389 -0.7587 0.1271
vn 0.9793 -0.0548 0.1948
vn 0.5416 -0.7587 0.3619
vn 0.8302 -0.0548 0.5547
vn 0.3619 -0.7587 0.5416
vn 0.5547 -0.0548 0.8302
vn 0.1271 -0.7587 0.6389
vn 0.1948 -0.0548 0.9793
vn -0.1133 -0.8141 0.5696
vn 0.1133 -0.8141 0.5696
vn 0.1605 -0.5685 0.8069
vn 0.4829 -0.8141 0.3227
vn 0.3227 -0.8141 0.4829
vn -0.0000 -1.0000 -0.0000
vn -0.4829 -0.8141 -0.3227
vn -0.3227 -0.8141 -0.4829
vn 0.3227 -0.8141 -0.4829
vn 0.4829 -0.8141 -0.3227
vn -0.5696 -0.8141 0.1133
vn -0.5696 -0.8141 -0.1133
vn -0.1133 -0.8141 -0.5696
vn 0.1133 -0.8141 -0.5696
vn 0.5696 -0.8141 -0.1133
vn 0.5696 -0.8141 0.1133
vn -0.3227 -0.8141 0.4829
vn -0.4829 -0.8141 0.3227
vn 0.4571 -0.5685 0.6841
vn 0.6841 -0.5685 0.4571
vn 0.8069 -0.5685 0.1605
vn 0.8069 -0.5685 -0.1605
vn 0.6841 -0.5685 -0.4571
vn 0.4571 -0.5685 -0.6841
vn 0.1605 -0.5685 -0.8069
vn -0.1605 -0.5685 -0.8069
vn -0.4571 -0.5685 -0.6841
vn -0.6841 -0.5685 -0.4571
vn -0.8069 -0.5685 -0.1605
vn -0.8069 -0.5685 0.1605
vn -0.6841 -0.5685 0.4571
vn 0.5026 -0.4260 0.7522
vn 0.5436 -0.2063 0.8136
vn 0.6590 -0.6098 0.4403
vn 0.7522 -0.4260 0.5026
vn 0.4403 -0.6098 0.6590
vn 0.8136 -0.2063 0.5436
vn 0.7773 -0.6098 0.1546
vn 0.8873 -0.4260 0.1765
vn 0.9597 -0.2063 0.1909
vn 0.7773 -0.6098 -0.1546
vn 0.8873 -0.4260 -0.1765
vn 0.9597 -0.2063 -0.1909
vn 0.6590 -0.6098 -0.4403
vn 0.7522 -0.4260 -0.5026
vn 0.8136 -0.2063 -0.5436
vn 0.4403 -0.6098 -0.6590
vn 0.5026 -0.4260 -0.7522
vn 0.5436 -0.2063 -0.8136
vn 0.1546 -0.6098 -0.7773
vn 0.1765 -0.4260 -0.8873
vn 0.1909 -0.2063 -0.9597
vn -0.1546 -0.6098 -0.7773
vn -0.1765 -0.4260 -0.8873
vn -0.1909 -0.2063 -0.9597
vn -0.4403 -0.6098 -0.6590
vn -0.5026 -0.4260 -0.7522
vn -0.5436 -0.2063 -0.8136
vn -0.6590 -0.6098 -0.4403
vn -0.7522 -0.4260 -0.5026
vn -0.8136 -0.2063 -0.5436
vn -0.7773 -0.6098 -0.1546
vn -0.8873 -0.4260 -0.1765
vn -0.9597 -0.2063 -0.1909
vn -0.7773 -0.6098 0.1546
vn -0.8873 -0.4260 0.1765
vn -0.9597 -0.2063 0.1909
vn -0.6590 -0.6098 0.4403
vn -0.7522 -0.4260 0.5026
vn -0.8136 -0.2063 0.5436
vn -0.5026 -0.4260 0.7522
vn -0.5436 -0.2063 0.8136
vn 0.1546 -0.6098 0.7773
vn -0.0000 1.0000 -0.0000
vt 0.968750 0.500000
vt 0.968750 0.607494
vt 0.906250 0.607494
vt 0.906250 0.500000
vt 0.843750 0.607494
vt 0.843750 0.500000
vt 0.781250 0.607494
vt 0.781250 0.500000
vt 0.718750 0.607494
vt 0.718750 0.500000
vt 0.781250 0.607494
vt 0.656250 0.607494
vt 0.656250 0.500000
vt 0.718750 0.607494
vt 0.593750 0.607494
vt 0.593750 0.500000
vt 0.656250 0.607494
vt 0.531250 0.607494
vt 0.531250 0.500000
vt 0.593750 0.607494
vt 0.468750 0.607494
vt 0.468750 0.500000
vt 0.406250 0.607494
vt 0.406250 0.500000
vt 0.468750 0.607494
vt 0.343750 0.607494
vt 0.343750 0.500000
vt 0.281250 0.607494
vt 0.281250 0.500000
vt 0.218750 0.607494
vt 0.218750 0.500000
vt 0.281250 0.607494
vt 0.156250 0.607494
vt 0.156250 0.500000
vt 0.093750 0.607494
vt 0.093750 0.500000
vt 0.156250 0.607494
vt 0.031250 0.607494
vt 0.031250 0.500000
vt 0.093750 0.607494
vt 0.031250 0.993078
vt 0.031250 1.000000
vt 0.968750 1.000000
vt 0.968750 0.993078
vt 0.531250 1.000000
vt 0.468750 1.000000
vt 0.281250 1.000000
vt 0.218750 1.000000
vt 0.968750 1.000000
vt 0.906250 1.000000
vt 0.656250 1.000000
vt 0.593750 1.000000
vt 0.406250 1.000000
vt 0.343750 1.000000
vt 0.093750 1.000000
vt 0.781250 1.000000
vt 0.718750 1.000000
vt 0.156250 1.000000
vt 0.843750 1.000000
vt 0.906250 1.000000
vt 0.906250 0.993078
vt 0.031250 0.656673
vt 0.968750 0.656673
vt 0.968750 0.778329
vt 0.031250 0.778329
vt 0.093750 0.993078
vt 0.156250 0.993078
vt 0.156250 1.000000
vt 0.218750 0.993078
vt 0.218750 1.000000
vt 0.281250 0.993078
vt 0.281250 1.000000
vt 0.343750 0.993078
vt 0.343750 1.000000
vt 0.406250 0.993078
vt 0.406250 1.000000
vt 0.468750 0.993078
vt 0.531250 0.993078
vt 0.593750 0.993078
vt 0.656250 0.993078
vt 0.656250 1.000000
vt 0.718750 0.993078
vt 0.781250 0.993078
vt 0.781250 1.000000
vt 0.843750 0.993078
vt 0.031250 0.818357
vt 0.968750 0.818357
vt 0.968750 0.711322
vt 0.031250 0.711322
vt 0.968750 0.607494
vt 0.093750 0.854378
vt 0.031250 0.854378
vt 0.093750 0.818357
vt 0.093750 0.778329
vt 0.093750 0.711322
vt 0.093750 0.656673
vt 0.156250 0.854378
vt 0.156250 0.818357
vt 0.156250 0.778329
vt 0.156250 0.711322
vt 0.156250 0.656673
vt 0.218750 0.854378
vt 0.218750 0.818357
vt 0.218750 0.778329
vt 0.218750 0.711322
vt 0.218750 0.656673
vt 0.281250 0.854378
vt 0.281250 0.818357
vt 0.281250 0.778329
vt 0.281250 0.711322
vt 0.281250 0.656673
vt 0.343750 0.854378
vt 0.343750 0.818357
vt 0.343750 0.778329
vt 0.343750 0.711322
vt 0.343750 0.656673
vt 0.406250 0.854378
vt 0.343750 0.854378
vt 0.406250 0.818357
vt 0.406250 0.778330
vt 0.406250 0.711322
vt 0.406250 0.656673
vt 0.468750 0.854378
vt 0.406250 0.854378
vt 0.468750 0.818357
vt 0.468750 0.778329
vt 0.468750 0.711322
vt 0.468750 0.656673
vt 0.531250 0.854378
vt 0.468750 0.854378
vt 0.531250 0.818357
vt 0.531250 0.778329
vt 0.531250 0.711322
vt 0.531250 0.656673
vt 0.593750 0.854378
vt 0.531250 0.854378
vt 0.593750 0.818357
vt 0.593750 0.778329
vt 0.593750 0.711322
vt 0.593750 0.656673
vt 0.656250 0.854378
vt 0.593750 0.854378
vt 0.656250 0.818357
vt 0.656250 0.778329
vt 0.656250 0.711322
vt 0.656250 0.656673
vt 0.718750 0.854378
vt 0.718750 0.818357
vt 0.718750 0.778329
vt 0.718750 0.711322
vt 0.718750 0.656673
vt 0.781250 0.854377
vt 0.781250 0.818357
vt 0.781250 0.778329
vt 0.781250 0.711322
vt 0.781250 0.656673
vt 0.843750 0.854378
vt 0.781250 0.854378
vt 0.843750 0.818357
vt 0.843750 0.778329
vt 0.843750 0.711322
vt 0.843750 0.656673
vt 0.906250 0.854378
vt 0.906250 0.818357
vt 0.906250 0.778329
vt 0.906250 0.711322
vt 0.906250 0.656673
vt 0.968750 0.854378
vt 0.906250 0.923728
vt 0.843750 0.923728
vt 0.781250 0.923728
vt 0.718750 0.923728
vt 0.656250 0.923728
vt 0.593750 0.923728
vt 0.531250 0.923728
vt 0.468750 0.923728
vt 0.406250 0.923728
vt 0.343750 0.923728
vt 0.281250 0.923728
vt 0.218750 0.923728
vt 0.156250 0.923728
vt 0.093750 0.923728
vt 0.031250 0.923728
vt 0.968750 0.923728
vt 0.500000 1.000000
vt 0.500000 1.000000
s 1
usemtl Material.015
f 1/1/1 33/2/2 39/3/3 2/4/4
f 45/5/5 3/6/6 2/4/4 39/3/3
f 51/7/7 4/8/8 3/6/6 45/5/5
f 57/9/9 5/10/10 4/8/8 51/11/7
f 63/12/11 6/13/12 5/10/10 57/14/9
f 69/15/13 7/16/14 6/13/12 63/17/11
f 75/18/15 8/19/16 7/16/14 69/20/13
f 81/21/17 9/22/18 8/19/16 75/18/15
f 87/23/19 10/24/20 9/22/18 81/25/17
f 93/26/21 11/27/22 10/24/20 87/23/19
f 99/28/23 12/29/24 11/27/22 93/26/21
f 105/30/25 13/31/26 12/29/24 99/32/23
f 111/33/27 14/34/28 13/31/26 105/30/25
f 117/35/29 15/36/30 14/34/28 111/37/27
f 123/38/31 16/39/32 15/36/30 117/40/29
f 176/41/33 175/42/34 130/43/35 131/44/36
f 150/45/37 24/45/38 25/46/39 153/46/40
f 162/47/41 28/47/42 29/48/43 165/48/44
f 129/49/45 17/49/46 18/50/47 132/50/48
f 144/51/49 22/51/50 23/52/51 147/52/52
f 156/53/53 26/53/54 27/54/55 159/54/56
f 171/55/57 31/55/58 32/42/59 174/42/60
f 138/56/61 20/56/62 21/57/63 141/57/64
f 165/48/44 29/48/43 30/58/65 168/58/66
f 132/50/48 18/50/47 19/59/67 135/59/68
f 159/54/56 27/54/55 28/47/42 162/47/41
f 153/46/40 25/46/39 26/53/54 156/53/53
f 147/52/52 23/52/51 24/45/38 150/45/37
f 141/57/64 21/57/63 22/51/50 144/51/49
f 168/58/66 30/58/65 31/55/58 171/55/57
f 135/59/68 19/59/67 20/56/62 138/56/61
f 129/49/45 174/42/60 32/42/59 17/49/46
f 131/44/36 130/43/35 133/60/69 134/61/70
f 271/62/71 211/63/72 212/64/73 272/65/74
f 173/66/75 172/55/76 175/42/34 176/41/33
f 170/67/77 169/68/78 172/55/76 173/66/75
f 167/69/79 166/70/80 169/68/78 170/67/77
f 164/71/81 163/72/82 166/70/80 167/69/79
f 161/73/83 160/74/84 163/72/82 164/71/81
f 158/75/85 157/76/86 160/74/84 161/73/83
f 155/77/87 154/46/88 157/76/86 158/75/85
f 152/78/89 151/45/90 154/46/88 155/77/87
f 149/79/91 148/52/92 151/45/90 152/78/89
f 146/80/93 145/81/94 148/52/92 149/79/91
f 143/82/95 142/57/96 145/81/94 146/80/93
f 140/83/97 139/84/98 142/57/96 143/82/95
f 137/85/99 136/59/100 139/84/98 140/83/97
f 134/61/70 133/60/69 136/59/100 137/85/99
f 128/86/101 38/87/102 37/64/103 127/65/104
f 127/65/104 37/64/103 36/88/105 126/89/106
f 126/89/106 36/88/105 35/63/107 125/62/108
f 125/62/108 35/63/107 33/90/2 123/38/31
f 118/91/109 124/92/110 128/86/101 122/93/111
f 122/93/111 128/86/101 127/65/104 121/94/112
f 121/94/112 127/65/104 126/89/106 120/95/113
f 120/95/113 126/89/106 125/62/108 119/96/114
f 119/96/114 125/62/108 123/38/31 117/40/29
f 112/97/115 118/91/109 122/93/111 116/98/116
f 116/98/116 122/93/111 121/94/112 115/99/117
f 115/99/117 121/94/112 120/95/113 114/100/118
f 114/100/118 120/95/113 119/96/114 113/101/119
f 113/101/119 119/96/114 117/35/29 111/37/27
f 106/102/120 112/97/115 116/98/116 110/103/121
f 110/103/121 116/98/116 115/99/117 109/104/122
f 109/104/122 115/99/117 114/100/118 108/105/123
f 108/105/123 114/100/118 113/101/119 107/106/124
f 107/106/124 113/101/119 111/33/27 105/30/25
f 100/107/125 106/102/120 110/103/121 104/108/126
f 104/108/126 110/103/121 109/104/122 103/109/127
f 103/109/127 109/104/122 108/105/123 102/110/128
f 102/110/128 108/105/123 107/106/124 101/111/129
f 101/111/129 107/106/124 105/30/25 99/32/23
f 94/112/130 100/107/125 104/108/126 98/113/131
f 98/113/131 104/108/126 103/109/127 97/114/132
f 97/114/132 103/109/127 102/110/128 96/115/133
f 96/115/133 102/110/128 101/111/129 95/116/134
f 95/116/134 101/111/129 99/28/23 93/26/21
f 88/117/135 94/118/130 98/113/131 92/119/136
f 92/119/136 98/113/131 97/114/132 91/120/137
f 91/120/137 97/114/132 96/115/133 90/121/138
f 90/121/138 96/115/133 95/116/134 89/122/139
f 89/122/139 95/116/134 93/26/21 87/23/19
f 82/123/140 88/124/135 92/119/136 86/125/141
f 86/125/141 92/119/136 91/120/137 85/126/142
f 85/126/142 91/120/137 90/121/138 84/127/143
f 84/127/143 90/121/138 89/122/139 83/128/144
f 83/128/144 89/122/139 87/23/19 81/25/17
f 76/129/145 82/130/140 86/125/141 80/131/146
f 80/131/146 86/125/141 85/126/142 79/132/147
f 79/132/147 85/126/142 84/127/143 78/133/148
f 78/133/148 84/127/143 83/128/144 77/134/149
f 77/134/149 83/128/144 81/21/17 75/18/15
f 70/135/150 76/136/145 80/131/146 74/137/151
f 74/137/151 80/131/146 79/132/147 73/138/152
f 73/138/152 79/132/147 78/133/148 72/139/153
f 72/139/153 78/133/148 77/134/149 71/140/154
f 71/140/154 77/134/149 75/18/15 69/20/13
f 64/141/155 70/142/150 74/137/151 68/143/156
f 68/143/156 74/137/151 73/138/152 67/144/157
f 67/144/157 73/138/152 72/139/153 66/145/158
f 66/145/158 72/139/153 71/140/154 65/146/159
f 65/146/159 71/140/154 69/15/13 63/17/11
f 58/147/160 64/141/155 68/143/156 62/148/161
f 62/148/161 68/143/156 67/144/157 61/149/162
f 61/149/162 67/144/157 66/145/158 60/150/163
f 60/150/163 66/145/158 65/146/159 59/151/164
f 59/151/164 65/146/159 63/12/11 57/14/9
f 52/152/165 58/147/160 62/148/161 56/153/166
f 56/153/166 62/148/161 61/149/162 55/154/167
f 55/154/167 61/149/162 60/150/163 54/155/168
f 54/155/168 60/150/163 59/151/164 53/156/169
f 53/156/169 59/151/164 57/9/9 51/11/7
f 46/157/170 52/158/165 56/153/166 50/159/171
f 50/159/171 56/153/166 55/154/167 49/160/172
f 49/160/172 55/154/167 54/155/168 48/161/173
f 48/161/173 54/155/168 53/156/169 47/162/174
f 47/162/174 53/156/169 51/7/7 45/5/5
f 40/163/175 46/157/170 50/159/171 44/164/176
f 44/164/176 50/159/171 49/160/172 43/165/177
f 43/165/177 49/160/172 48/161/173 42/166/178
f 42/166/178 48/161/173 47/162/174 41/167/179
f 41/167/179 47/162/174 45/5/5 39/3/3
f 34/168/180 40/163/175 44/164/176 38/87/102
f 38/87/102 44/164/176 43/165/177 37/64/103
f 37/64/103 43/165/177 42/166/178 36/88/105
f 36/88/105 42/166/178 41/167/179 35/63/107
f 35/63/107 41/167/179 39/3/3 33/2/2
f 123/38/31 33/90/2 1/1/1 16/39/32
f 175/42/34 174/42/60 129/49/45 130/43/35
f 276/61/181 274/44/182 210/168/183 214/163/184
f 130/43/35 129/49/45 132/50/48 133/60/69
f 308/169/185 309/170/186 46/157/170 40/163/175
f 133/60/69 132/50/48 135/59/68 136/59/100
f 309/170/186 310/171/187 52/158/165 46/157/170
f 136/59/100 135/59/68 138/56/61 139/84/98
f 310/171/187 311/172/188 58/147/160 52/152/165
f 139/84/98 138/56/61 141/57/64 142/57/96
f 311/172/188 312/173/189 64/141/155 58/147/160
f 142/57/96 141/57/64 144/51/49 145/81/94
f 312/173/189 313/174/190 70/142/150 64/141/155
f 145/81/94 144/51/49 147/52/52 148/52/92
f 313/174/190 314/175/191 76/136/145 70/135/150
f 148/52/92 147/52/52 150/45/37 151/45/90
f 314/175/191 315/176/192 82/130/140 76/129/145
f 151/45/90 150/45/37 153/46/40 154/46/88
f 315/176/192 316/177/193 88/124/135 82/123/140
f 154/46/88 153/46/40 156/53/53 157/76/86
f 316/177/193 317/178/194 94/118/130 88/117/135
f 157/76/86 156/53/53 159/54/56 160/74/84
f 317/178/194 318/179/195 100/107/125 94/112/130
f 160/74/84 159/54/56 162/47/41 163/72/82
f 318/179/195 319/180/196 106/102/120 100/107/125
f 163/72/82 162/47/41 165/48/44 166/70/80
f 319/180/196 320/181/197 112/97/115 106/102/120
f 166/70/80 165/48/44 168/58/66 169/68/78
f 320/181/197 321/182/198 118/91/109 112/97/115
f 169/68/78 168/58/66 171/55/57 172/55/76
f 321/182/198 307/183/199 124/92/110 118/91/109
f 172/55/76 171/55/57 174/42/60 175/42/34
f 306/184/200 34/168/180 124/92/110 307/183/199
f 177/1/201 178/4/202 213/3/203 209/2/204
f 178/4/202 179/6/205 217/5/206 213/3/203
f 179/6/205 180/8/207 221/7/208 217/5/206
f 180/8/207 181/10/209 225/9/210 221/11/208
f 181/10/209 182/13/211 229/12/212 225/14/210
f 182/13/211 183/16/213 233/15/214 229/17/212
f 183/16/213 184/19/215 237/18/216 233/20/214
f 184/19/215 185/22/217 241/21/218 237/18/216
f 185/22/217 186/24/219 245/23/220 241/25/218
f 186/24/219 187/27/221 249/26/222 245/23/220
f 187/27/221 188/29/223 253/28/224 249/26/222
f 188/29/223 189/31/225 257/30/226 253/32/224
f 189/31/225 190/34/227 261/33/228 257/30/226
f 190/34/227 191/36/229 265/35/230 261/37/228
f 191/36/229 192/39/231 269/38/232 265/40/230
f 273/43/233 304/42/234 305/41/235 274/44/182
f 299/68/236 301/55/237 303/185/238
f 283/81/239 285/52/240 303/185/238
f 291/76/241 293/74/242 303/185/238
f 279/84/243 281/57/244 303/185/238
f 287/45/245 289/46/246 303/185/238
f 295/72/247 297/70/248 303/185/238
f 304/42/234 273/43/233 303/185/238
f 275/60/249 277/59/250 303/185/238
f 276/61/181 275/60/249 273/43/233 274/44/182
f 16/39/32 1/1/1 177/1/201 192/39/231
f 305/41/235 304/42/234 301/55/237 302/66/251
f 302/66/251 301/55/237 299/68/236 300/67/252
f 300/67/252 299/68/236 297/70/248 298/69/253
f 298/69/253 297/70/248 295/72/247 296/71/254
f 296/71/254 295/72/247 293/74/242 294/73/255
f 294/73/255 293/74/242 291/76/241 292/75/256
f 292/75/256 291/76/241 289/46/246 290/77/257
f 290/77/257 289/46/246 287/45/245 288/78/258
f 288/78/258 287/45/245 285/52/240 286/79/259
f 286/79/259 285/52/240 283/81/239 284/80/260
f 284/80/260 283/81/239 281/57/244 282/82/261
f 282/82/261 281/57/244 279/84/243 280/83/262
f 280/83/262 279/84/243 277/59/250 278/85/263
f 278/85/263 277/59/250 275/60/249 276/61/181
f 269/38/232 209/90/204 211/63/72 271/62/71
f 268/94/264 267/96/265 271/62/71 272/65/74
f 262/97/266 264/99/267 268/94/264 266/91/268
f 267/96/265 265/40/230 269/38/232 271/62/71
f 264/99/267 263/101/269 267/96/265 268/94/264
f 258/102/270 260/104/271 264/99/267 262/97/266
f 263/101/269 261/37/228 265/35/230 267/96/265
f 260/104/271 259/106/272 263/101/269 264/99/267
f 254/107/273 256/109/274 260/104/271 258/102/270
f 259/106/272 257/30/226 261/33/228 263/101/269
f 256/109/274 255/111/275 259/106/272 260/104/271
f 250/112/276 252/114/277 256/109/274 254/107/273
f 255/111/275 253/32/224 257/30/226 259/106/272
f 252/114/277 251/116/278 255/111/275 256/109/274
f 246/117/279 248/120/280 252/114/277 250/118/276
f 251/116/278 249/26/222 253/28/224 255/111/275
f 248/120/280 247/122/281 251/116/278 252/114/277
f 242/123/282 244/126/283 248/120/280 246/124/279
f 247/122/281 245/23/220 249/26/222 251/116/278
f 244/126/283 243/128/284 247/122/281 248/120/280
f 238/129/285 240/132/286 244/126/283 242/130/282
f 243/128/284 241/25/218 245/23/220 247/122/281
f 240/132/286 239/134/287 243/128/284 244/126/283
f 234/135/288 236/138/289 240/132/286 238/136/285
f 239/134/287 237/18/216 241/21/218 243/128/284
f 236/138/289 235/140/290 239/134/287 240/132/286
f 230/141/291 232/144/292 236/138/289 234/142/288
f 235/140/290 233/20/214 237/18/216 239/134/287
f 232/144/292 231/146/293 235/140/290 236/138/289
f 226/147/294 228/149/295 232/144/292 230/141/291
f 231/146/293 229/17/212 233/15/214 235/140/290
f 228/149/295 227/151/296 231/146/293 232/144/292
f 222/152/297 224/154/298 228/149/295 226/147/294
f 227/151/296 225/14/210 229/12/212 231/146/293
f 224/154/298 223/156/299 227/151/296 228/149/295
f 218/157/300 220/160/301 224/154/298 222/158/297
f 223/156/299 221/11/208 225/9/210 227/151/296
f 220/160/301 219/162/302 223/156/299 224/154/298
f 214/163/184 216/165/303 220/160/301 218/157/300
f 219/162/302 217/5/206 221/7/208 223/156/299
f 216/165/303 215/167/304 219/162/302 220/160/301
f 210/168/183 212/64/73 216/165/303 214/163/184
f 215/167/304 213/3/203 217/5/206 219/162/302
f 212/64/73 211/63/72 215/167/304 216/165/303
f 272/65/74 212/64/73 210/168/183 270/92/305
f 211/63/72 209/2/204 213/3/203 215/167/304
f 177/1/201 209/90/204 269/38/232 192/39/231
f 266/91/268 268/94/264 272/65/74 270/92/305
f 278/85/263 276/61/181 214/163/184 218/157/300
f 280/83/262 278/85/263 218/157/300 222/158/297
f 282/82/261 280/83/262 222/152/297 226/147/294
f 284/80/260 282/82/261 226/147/294 230/141/291
f 286/79/259 284/80/260 230/141/291 234/142/288
f 288/78/258 286/79/259 234/135/288 238/136/285
f 290/77/257 288/78/258 238/129/285 242/130/282
f 301/55/237 304/42/234 303/185/238
f 292/75/256 290/77/257 242/123/282 246/124/279
f 297/70/248 299/68/236 303/185/238
f 294/73/255 292/75/256 246/117/279 250/118/276
f 293/74/242 295/72/247 303/185/238
f 296/71/254 294/73/255 250/112/276 254/107/273
f 289/46/246 291/76/241 303/185/238
f 298/69/253 296/71/254 254/107/273 258/102/270
f 285/52/240 287/45/245 303/185/238
f 300/67/252 298/69/253 258/102/270 262/97/266
f 281/57/244 283/81/239 303/185/238
f 302/66/251 300/67/252 262/97/266 266/91/268
f 277/59/250 279/84/243 303/185/238
f 305/41/235 302/66/251 266/91/268 270/92/305
f 273/43/233 275/60/249 303/185/238
f 270/92/305 210/168/183 274/44/182 305/41/235
f 1/1/1 2/4/4 178/4/202 177/1/201
f 2/4/4 3/6/6 179/6/205 178/4/202
f 3/6/6 4/8/8 180/8/207 179/6/205
f 4/8/8 5/10/10 181/10/209 180/8/207
f 5/10/10 6/13/12 182/13/211 181/10/209
f 6/13/12 7/16/14 183/16/213 182/13/211
f 7/16/14 8/19/16 184/19/215 183/16/213
f 8/19/16 9/22/18 185/22/217 184/19/215
f 9/22/18 10/24/20 186/24/219 185/22/217
f 10/24/20 11/27/22 187/27/221 186/24/219
f 11/27/22 12/29/24 188/29/223 187/27/221
f 12/29/24 13/31/26 189/31/225 188/29/223
f 13/31/26 14/34/28 190/34/227 189/31/225
f 14/34/28 15/36/30 191/36/229 190/34/227
f 15/36/30 16/39/32 192/39/231 191/36/229
f 17/49/46 32/42/59 208/42/306 193/49/306
f 18/50/47 17/49/46 193/49/306 194/50/306
f 19/59/67 18/50/47 194/50/306 195/59/306
f 20/56/62 19/59/67 195/59/306 196/56/306
f 21/57/63 20/56/62 196/56/306 197/57/306
f 22/51/50 21/57/63 197/57/306 198/51/306
f 23/52/51 22/51/50 198/51/306 199/52/306
f 24/45/38 23/52/51 199/52/306 200/45/306
f 25/46/39 24/45/38 200/45/306 201/46/306
f 26/53/54 25/46/39 201/46/306 202/53/306
f 27/54/55 26/53/54 202/53/306 203/54/306
f 28/47/42 27/54/55 203/54/306 204/47/306
f 29/48/43 28/47/42 204/47/306 205/48/306
f 30/58/65 29/48/43 205/48/306 206/58/306
f 31/55/58 30/58/65 206/58/306 207/55/306
f 32/42/59 31/55/58 207/55/306 208/42/306
f 124/92/110 34/168/180 38/87/102 128/86/101
f 306/184/200 308/169/185 40/163/175 34/168/180
f 131/44/36 134/61/70 308/169/185 306/184/200
f 131/44/36 306/184/200 307/183/199 176/41/33
f 173/66/75 176/41/33 307/183/199 321/182/198
f 170/67/77 173/66/75 321/182/198 320/181/197
f 167/69/79 170/67/77 320/181/197 319/180/196
f 164/71/81 167/69/79 319/180/196 318/179/195
f 161/73/83 164/71/81 318/179/195 317/178/194
f 158/75/85 161/73/83 317/178/194 316/177/193
f 155/77/87 158/75/85 316/177/193 315/176/192
f 152/78/89 155/77/87 315/176/192 314/175/191
f 149/79/91 152/78/89 314/175/191 313/174/190
f 146/80/93 149/79/91 313/174/190 312/173/189
f 143/82/95 146/80/93 312/173/189 311/172/188
f 140/83/97 143/82/95 311/172/188 310/171/187
f 137/85/99 140/83/97 310/171/187 309/170/186
f 134/61/70 137/85/99 309/170/186 308/169/185
f 194/50/306 193/49/306 322/186/306
f 193/49/306 208/42/306 322/186/306
f 208/42/306 207/55/306 322/186/306
f 207/55/306 206/58/306 322/186/306
f 206/58/306 205/48/306 322/186/306
f 205/48/306 204/47/306 322/186/306
f 204/47/306 203/54/306 322/186/306
f 203/54/306 202/53/306 322/186/306
f 202/53/306 201/46/306 322/186/306
f 201/46/306 200/45/306 322/186/306
f 200/45/306 199/52/306 322/186/306
f 199/52/306 198/51/306 322/186/306
f 198/51/306 197/57/306 322/186/306
f 197/57/306 196/56/306 322/186/306
f 196/56/306 195/59/306 322/186/306
f 195/59/306 194/50/306 322/186/306
g Lamparas_cell_Lamparas_cell.100
v 0.223490 2.834534 -0.044455
v 0.210783 2.884585 -0.041927
v 0.210783 2.884585 0.041927
v 0.213837 2.832768 -0.042535
v 0.228158 2.779049 -0.025922
v 0.218358 2.779346 -0.024261
v 0.228131 2.782819 -0.030192
v 0.218327 2.783851 -0.029363
v 0.197323 2.834627 -0.080835
v 0.217500 2.796680 -0.043263
v 0.207612 2.834534 -0.082789
v 0.228084 2.789430 -0.037430
v 0.218292 2.788881 -0.034871
v 0.227347 2.796671 -0.045222
v 0.217127 2.800355 0.024189
v 0.218292 2.788881 -0.002320
v 0.226831 2.801738 0.026401
v 0.228084 2.789430 -0.002035
v 0.216470 2.806825 0.026185
v 0.226276 2.807188 0.028082
v 0.197820 2.875970 0.044764
v 0.205264 2.859329 0.040829
v 0.223490 2.834534 0.036263
v 0.217033 2.859967 0.043171
v 0.213837 2.832768 0.033949
v 0.191408 2.890571 0.047930
v 0.207756 2.884585 0.049235
v 0.203186 2.893581 0.051068
v 0.192880 2.897697 0.012896
v 0.203707 2.900201 0.043042
v 0.193853 2.894681 0.038560
v 0.203208 2.903942 0.014337
v 0.191207 2.902880 -0.038033
v 0.201118 2.909283 -0.040005
v 0.187671 2.905304 -0.076537
v 0.178238 2.898957 -0.072651
v 0.195130 2.884585 -0.079718
v 0.218327 2.783851 -0.029363
v 0.218292 2.788881 -0.034871
v 0.217500 2.796680 -0.043263
v 0.207612 2.834534 -0.082789
v 0.227347 2.796671 -0.045222
v 0.228084 2.789430 -0.037430
v 0.228131 2.782819 -0.030192
v 0.226831 2.801738 0.026401
v 0.228084 2.789430 -0.002035
v 0.217127 2.800355 0.024189
v 0.218292 2.788881 -0.002320
v 0.218358 2.779346 -0.024261
v 0.228158 2.779049 -0.025922
v 0.216470 2.806825 0.026185
v 0.226276 2.807188 0.028082
v 0.213837 2.832768 0.033949
v 0.223490 2.834534 0.036263
v 0.217033 2.859967 0.043171
v 0.197820 2.875970 0.044764
v 0.205264 2.859329 0.040829
v 0.207756 2.884585 0.049235
v 0.203186 2.893581 0.051068
v 0.191408 2.890571 0.047930
v 0.192880 2.897697 0.012896
v 0.193853 2.894681 0.038560
v 0.191207 2.902880 -0.038033
v 0.203208 2.903942 0.014337
v 0.201118 2.909283 -0.040005
v 0.197323 2.834627 -0.080835
v 0.178238 2.898957 -0.072651
v 0.187671 2.905304 -0.076537
v 0.195130 2.884585 -0.079718
v 0.203707 2.900201 0.043042
vn -0.1336 -0.7433 -0.6555
vn -0.1335 -0.7322 -0.6679
vn 0.0398 -0.9164 0.3984
vn -0.1699 -0.3061 0.9367
vn -0.1700 -0.2977 0.9394
vn -0.1788 -0.2828 0.9424
vn -0.5300 0.8373 0.1343
vn -0.5255 0.8446 0.1025
vn -0.3228 0.0070 -0.9464
vn -0.3435 0.7353 0.5842
vn 1.0000 0.0071 -0.0000
vn 0.9969 0.0791 -0.0000
vn 0.9960 0.0891 -0.0000
vn 0.8603 0.3644 0.3564
vn 0.8757 0.3188 0.3627
vn 0.9337 0.3104 0.1786
vn 0.9162 0.3740 0.1440
vn 0.9682 0.2476 0.0354
vn 0.9325 0.3105 -0.1844
vn 0.9101 0.3739 -0.1784
vn 0.9288 0.3707 0.0051
vn 0.9824 0.1869 -0.0000
vn 0.9655 0.1758 -0.1921
vn 0.9949 0.1013 -0.0000
vn 0.9895 0.1028 -0.1013
vn 0.8794 0.3065 -0.3643
vn 0.8603 0.3644 -0.3564
vn 0.9050 0.2012 -0.3749
vn -1.0000 -0.0070 -0.0000
vn -0.9961 -0.0888 -0.0000
vn -0.9969 -0.0788 -0.0000
vn -0.9504 -0.3090 -0.0344
vn -0.8792 -0.3072 -0.3642
vn -0.9379 -0.3124 -0.1511
vn -0.9595 -0.2048 0.1935
vn -0.9748 -0.2230 -0.0000
vn -0.9517 -0.3072 -0.0000
vn -0.9317 -0.3126 0.1850
vn -0.9949 -0.1010 -0.0000
vn -0.9893 -0.1025 0.1038
vn -0.8792 -0.3072 0.3642
vn -0.8942 -0.2467 0.3736
vt 0.671187 0.671187
vt 1.000000 0.756849
vt 0.724826 0.724826
vt 0.796513 0.796513
vt 1.000000 0.752346
vt 1.000000 0.792744
vt 0.752068 0.683296
vt 0.748603 0.574258
vt 0.664523 0.000000
vt 0.706891 0.028834
vt 0.789149 0.600744
vt 0.792376 0.701993
vt 0.792744 0.792744
vt 0.752346 0.752346
vt 0.283398 0.000000
vt 0.336441 0.000000
vt 0.698368 0.368786
vt 1.000000 0.671186
vt 1.000000 0.724826
vt 0.671613 0.395595
vt 0.336441 0.336441
vt 0.283398 0.283398
vt 0.211795 0.000000
vt 0.251427 0.000000
vt 0.251427 0.251427
vt 0.211795 0.211795
vt 0.487655 0.223113
vt 0.761226 0.249268
vt 1.000000 0.281588
vt 1.000000 0.326959
vt 0.806841 0.296837
vt 0.513096 0.262128
vt 0.427795 0.204627
vt 0.828983 0.000000
vt 0.958230 0.000000
vt 0.326959 0.326959
vt 0.247503 0.023658
vt 1.000000 0.306121
vt 1.000000 0.347801
vt 0.265504 0.072769
vt 0.044169 0.000000
vt 1.000000 0.366574
vt 1.000000 0.404563
vt 0.718978 0.353870
vt 0.347801 0.347801
vt 0.306121 0.306121
vt 0.703087 0.313829
vt 1.000000 0.298311
vt 1.000000 0.335477
vt 0.413244 0.413244
vt 0.374407 0.374407
vt 0.565596 0.343966
vt 1.000000 0.041770
vt 1.000000 0.171017
vt 0.823913 0.000000
vt 0.770245 0.599322
vt 0.770794 0.600128
vt 0.775782 0.607494
vt 0.751402 0.607494
vt 0.710629 0.723392
vt 0.712855 0.711322
vt 0.718750 0.711322
vt 0.716804 0.732273
vt 0.718750 0.684442
vt 0.713710 0.707509
vt 0.718750 0.733287
vt 0.781250 0.711322
vt 0.781250 0.744459
vt 0.738846 0.737293
vt 0.724508 0.656673
vt 0.781250 0.656673
vt 0.730507 0.626856
vt 0.731723 0.620914
vt 0.781250 0.615390
vt 0.724508 0.656673
vt 0.811737 0.711322
vt 0.810993 0.739322
vt 0.811918 0.658702
vt 0.781250 0.615390
vt 0.810418 0.656673
vt 0.770446 0.600893
vt 0.767457 0.596817
vt 0.751670 0.607494
vt 0.775097 0.607494
vt 0.718750 0.689817
vt 0.714511 0.710584
vt 0.712506 0.730909
vt 0.718750 0.733933
vt 0.725058 0.656673
vt 0.718750 0.689817
vt 0.718750 0.733933
vt 0.739335 0.737696
vt 0.781250 0.744164
vt 0.731000 0.627602
vt 0.781250 0.616233
vt 0.775097 0.607494
vt 0.732507 0.620351
vt 0.781250 0.744164
vt 0.811652 0.739268
vt 0.810306 0.656673
vt 0.810306 0.656673
vt 0.781250 0.616233
s 0
usemtl Material.015
f 371/187/307 360/188/307 372/189/307
f 372/190/307 360/191/307 366/192/307
f 361/193/308 362/194/308 388/195/308 363/196/308 364/197/308 365/198/308 366/199/308 360/200/308
f 367/201/309 369/202/309 370/203/309 371/204/309 372/205/309 368/206/309
f 369/207/310 367/208/310 374/209/310 373/210/310
f 373/211/311 374/212/311 376/213/311 377/214/311 380/215/311 378/216/311 379/217/311 375/218/311
f 380/219/312 381/220/312 382/221/312 378/222/312
f 392/223/313 386/224/313 383/225/313 384/226/313 382/227/313
f 390/228/314 389/229/314 385/230/314 383/231/314 386/232/314 387/233/314
f 363/234/315 388/235/315 389/236/315 390/237/315 391/238/315
f 382/239/316 381/240/316 392/241/316
s 1
f 327/242/317 329/243/317 334/244/318 340/245/319
f 350/246/320 349/247/321 325/248/322 352/249/323
f 346/250/324 325/248/322 349/251/321
f 352/252/323 325/248/322 324/253/325 356/254/326 354/255/327
f 345/256/328 323/257/329 324/253/325 325/248/322 346/250/324
f 342/258/330 339/259/330 340/245/319 334/244/318 336/260/331 323/257/329 345/261/328
f 359/262/332 357/263/333 356/254/326 324/253/325
f 359/262/332 324/253/325 323/257/329 333/264/334
f 323/257/329 336/265/331 333/266/334
f 330/267/335 328/268/335 338/269/336 335/270/337
f 344/271/338 343/272/339 348/273/339 353/274/340
f 326/257/341 347/275/342 344/276/338 353/277/340 351/278/343 355/279/344
f 341/280/345 347/275/342 326/257/341 332/281/346 335/282/337 338/269/336 337/283/345
f 326/257/341 355/284/344 358/285/347 331/286/348
f 326/257/341 331/287/348 332/288/346
g Lamparas_cell.001_Lamparas_cell.101
v 0.139498 3.015806 0.027748
v 0.191239 2.934528 0.038040
v 0.166652 2.979784 0.033149
v 0.118261 3.015806 0.079019
v 0.141281 2.979784 0.094401
v 0.132007 3.009351 0.026258
v 0.182370 2.930259 0.036276
v 0.111910 3.009351 0.074776
v 0.202107 2.906757 0.040201
v 0.202607 2.901922 0.043939
v 0.175107 2.941666 0.008841
v 0.182370 2.930259 0.018724
v 0.185047 2.945925 0.008065
v 0.191239 2.934528 0.017694
v 0.190132 2.906212 0.037819
v 0.180271 2.954715 0.001063
v 0.169072 2.951143 0.001104
v 0.147690 2.984722 0.001260
v 0.166652 2.979784 0.001170
v 0.155762 2.994230 0.001244
v 0.139498 3.015806 0.021057
v 0.134370 3.021423 0.026728
v 0.115650 3.021185 0.037562
v 0.123953 3.028016 0.036151
v 0.099927 3.015121 0.079321
v 0.105202 3.018032 0.070294
v 0.111677 3.024312 0.074620
v 0.105367 3.020832 0.085424
v 0.186124 2.895904 0.056190
v 0.202118 2.895253 0.051937
v 0.198169 2.898355 0.058301
v 0.190441 2.892284 0.048820
v 0.163193 2.916462 0.094210
v 0.171746 2.920465 0.099479
v 0.106013 2.993350 0.095083
v 0.123215 2.989710 0.101884
v 0.111644 3.001761 0.100608
v 0.118179 2.978993 0.095845
v 0.107361 3.015806 0.089919
v 0.102211 3.009351 0.084475
v 0.145236 2.947616 0.097043
v 0.132907 2.979784 0.102774
v 0.165005 2.934528 0.101374
v 0.157441 2.930259 0.096459
v 0.153694 2.952832 0.102695
v 0.202107 2.906757 0.040201
v 0.202607 2.901922 0.043939
v 0.182370 2.930259 0.018724
v 0.190132 2.906212 0.037819
v 0.175107 2.941666 0.008841
v 0.185047 2.945925 0.008065
v 0.191239 2.934528 0.017694
v 0.180271 2.954715 0.001063
v 0.169072 2.951143 0.001104
v 0.166652 2.979784 0.001170
v 0.147690 2.984722 0.001260
v 0.155762 2.994230 0.001244
v 0.139498 3.015806 0.021057
v 0.134370 3.021423 0.026728
v 0.115650 3.021185 0.037562
v 0.105202 3.018032 0.070294
v 0.099927 3.015121 0.079321
v 0.111677 3.024312 0.074620
v 0.105367 3.020832 0.085424
v 0.123953 3.028016 0.036151
v 0.186124 2.895904 0.056190
v 0.190441 2.892284 0.048820
v 0.202118 2.895253 0.051937
v 0.198169 2.898355 0.058301
v 0.171746 2.920465 0.099479
v 0.163193 2.916462 0.094210
v 0.106013 2.993350 0.095083
v 0.118179 2.978993 0.095845
v 0.123215 2.989710 0.101884
v 0.111644 3.001761 0.100608
v 0.107361 3.015806 0.089919
v 0.102211 3.009351 0.084475
v 0.145236 2.947616 0.097043
v 0.157441 2.930259 0.096459
v 0.165005 2.934528 0.101374
v 0.153694 2.952832 0.102695
v 0.132907 2.979784 0.102774
v 0.132007 3.009351 0.026258
vn 0.1540 -0.5943 -0.7894
vn 0.1837 -0.5798 -0.7938
vn 0.1738 -0.5540 -0.8141
vn -0.0042 0.0020 -1.0000
vn -0.5598 0.2836 -0.7786
vn -0.6430 0.7543 -0.1326
vn 0.0928 -0.8711 0.4822
vn 0.3432 -0.7316 -0.5890
vn 0.0840 -0.8544 0.5127
vn -0.4048 -0.2971 0.8648
vn -0.8111 0.1769 0.5575
vn -0.3920 -0.3049 0.8680
vn 0.5646 0.6020 0.5646
vn 0.5863 0.5591 0.5863
vn 0.6975 0.5443 0.4661
vn 0.6367 0.6432 0.4254
vn 0.5474 0.6329 0.5474
vn 0.7950 0.4802 0.3705
vn 0.7510 0.6432 0.1494
vn 0.8228 0.5443 0.1637
vn 0.8335 0.4315 0.3452
vn 0.8876 0.4254 0.1766
vn 0.8603 0.3644 0.3564
vn 0.8824 0.3681 0.2929
vn 0.8410 0.5410 -0.0000
vn 0.7985 0.6020 -0.0000
vn 0.7814 0.6240 -0.0000
vn 0.8956 0.4448 -0.0000
vn 0.8787 0.4774 -0.0000
vn 0.7019 0.6795 0.2135
vn 0.6211 0.6811 0.3876
vn 0.6823 0.6742 0.2826
vn 0.5222 0.6742 0.5222
vn -0.5965 -0.5371 -0.5965
vn -0.5675 -0.5966 -0.5675
vn -0.6590 -0.6098 -0.4403
vn -0.7630 -0.5400 -0.3553
vn -0.7825 -0.5764 -0.2356
vn -0.8873 -0.4260 -0.1765
vn -0.8271 -0.4455 -0.3426
vn -0.8435 -0.5371 -0.0000
vn -0.8814 -0.4723 -0.0000
vn -0.9027 -0.3105 -0.2977
vn -0.6216 -0.6806 -0.3879
vn -0.6828 -0.6736 -0.2828
vn -0.5226 -0.6736 -0.5226
vn -0.8792 -0.3072 -0.3642
vt 1.000000 0.046399
vt 0.981301 0.151399
vt 0.823662 0.000000
vt 0.241538 0.166911
vt 0.737135 0.446898
vt 1.000000 0.582794
vt 1.000000 0.622634
vt 0.745614 0.487767
vt 0.168088 0.168088
vt 0.046399 0.046399
vt 1.000000 0.445898
vt 0.622634 0.622634
vt 0.582794 0.582794
vt 1.000000 0.383171
vt 0.445898 0.445898
vt 0.383171 0.383171
vt 0.264038 0.000000
vt 0.309354 0.000000
vt 0.370070 0.177835
vt 0.309354 0.309354
vt 0.264037 0.264037
vt 0.808721 0.254966
vt 1.000000 0.232438
vt 1.000000 0.274423
vt 0.868585 0.289921
vt 0.746217 0.296310
vt 0.219566 0.219566
vt 0.295375 0.055245
vt 0.303197 0.000000
vt 0.357712 0.000000
vt 0.348332 0.066106
vt 0.259218 0.259218
vt 1.000000 0.044440
vt 1.000000 0.170259
vt 0.616869 0.616869
vt 0.559869 0.559869
vt 0.047261 0.000000
vt 0.176339 0.000000
vt 0.170259 0.170259
vt 1.000000 0.616869
vt 0.506174 0.000000
vt 0.546817 0.000000
vt 1.000000 0.559869
vt 1.000000 0.453944
vt 0.495490 0.000000
vt 0.545040 0.000000
vt 1.000000 0.413652
vt 0.576334 0.114755
vt 0.642289 0.000000
vt 0.696803 0.000000
vt 0.621163 0.131663
vt 0.453944 0.453944
vt 0.413652 0.413652
vt 0.476385 0.097727
vt 0.453183 0.000000
vt 0.493826 0.000000
vt 0.514558 0.102047
vt 0.533130 0.241911
vt 0.546771 0.459322
vt 0.545040 0.545040
vt 0.495490 0.495490
vt 0.489089 0.234462
vt 0.634378 0.840333
vt 0.640421 0.828283
vt 0.645086 0.818357
vt 0.656250 0.818357
vt 0.656250 0.854378
vt 0.638889 0.854378
vt 0.656250 0.794519
vt 0.718750 0.854378
vt 0.718750 0.818357
vt 0.662434 0.778329
vt 0.718750 0.778329
vt 0.656250 0.794519
vt 0.704290 0.729797
vt 0.709786 0.725635
vt 0.715940 0.734582
vt 0.718750 0.741069
vt 0.666553 0.759462
vt 0.748897 0.818357
vt 0.748199 0.832803
vt 0.726285 0.854378
vt 0.748897 0.818357
vt 0.735464 0.778329
vt 0.743006 0.788410
vt 0.748816 0.796184
vt 0.735464 0.778329
vt 0.719020 0.741677
vt 0.718750 0.860702
vt 0.656250 0.863955
vt 0.718750 0.860702
vt 0.704464 0.868124
vt 0.641793 0.860036
vt 0.634875 0.838992
vt 0.639926 0.854378
vt 0.656250 0.795019
vt 0.642478 0.825188
vt 0.662633 0.778329
vt 0.723553 0.854378
vt 0.747938 0.830696
vt 0.748417 0.798410
vt 0.741836 0.789297
vt 0.733870 0.778329
vt 0.733870 0.778329
vt 0.718750 0.748321
vt 0.656250 0.864075
vt 0.703715 0.865793
vt 0.639926 0.854378
vt 0.643450 0.860824
vt 0.666746 0.761113
vt 0.718750 0.748321
vt 0.710012 0.730942
vt 0.703325 0.735458
s 0
usemtl Material.015
f 459/289/349 438/290/349 439/291/349
f 441/292/350 440/293/350 442/294/350 443/295/350 444/296/350 438/297/350 459/298/350
f 445/299/351 443/300/351 442/301/351 446/302/351
f 445/303/352 446/304/352 448/305/352 449/306/352 447/307/352
f 449/308/353 448/309/353 398/310/353 452/311/353 457/312/353 451/313/353 450/314/353
f 452/315/354 453/316/354 454/317/354 456/318/354 455/319/354 457/320/354
f 459/321/355 460/322/355 461/323/355 458/324/355
f 459/325/356 439/326/356 460/327/356
f 461/328/357 462/329/357 463/330/357 458/331/357
f 464/332/358 465/333/358 466/334/358 467/335/358
f 468/336/359 456/337/359 454/338/359 469/339/359 464/340/359 467/341/359
f 471/342/360 463/343/360 462/344/360 472/345/360 473/346/360 474/347/360 466/348/360 465/349/360 470/350/360
s 1
f 429/351/361 428/352/361 434/353/362 397/354/363 396/355/364 431/356/365
f 437/357/366 397/354/363 434/353/362
f 393/358/367 396/355/364 397/354/363 395/359/368
f 435/360/369 394/361/370 395/359/368 397/354/363 437/362/366
f 423/363/371 422/364/371 402/365/371 401/366/372 394/361/370 435/360/369 426/367/371
f 393/358/367 395/359/368 411/368/373 412/369/374 413/370/375
f 411/371/373 395/359/368 394/361/370 406/372/376 405/373/377 408/374/377
f 406/375/376 394/361/370 401/376/372
f 414/377/378 393/358/367 413/370/375
f 419/378/379 396/355/364 393/358/367 414/379/378 416/380/380
f 431/356/365 396/355/364 419/378/379 420/381/381
f 427/382/382 432/383/383 400/355/384 433/384/385 430/385/382
f 475/358/386 399/361/387 436/386/388 433/384/385 400/355/384
f 399/361/387 475/387/386 410/388/389 409/389/389 403/390/389 404/391/390
f 404/392/390 407/393/391 399/361/387
f 475/358/386 400/355/384 418/394/392 415/395/393
f 418/394/392 400/355/384 432/396/383 417/397/394
f 425/398/395 436/386/388 399/361/387 407/399/391 424/400/395 421/401/395
g Lamparas_cell.002_Lamparas_cell.001
v 0.001099 3.154453 0.014367
v 0.000844 3.130016 0.030761
v 0.002381 3.133834 0.020636
v 0.013909 3.186556 0.009998
v 0.004744 3.145987 0.023850
v 0.017930 3.199785 0.014126
v 0.001085 3.160143 0.022666
v 0.004509 3.169528 0.022666
v 0.012840 3.189987 0.019216
v 0.000924 3.139001 0.027037
v 0.001038 3.152761 0.022666
v 0.000922 3.129218 0.035967
v 0.005683 3.137321 0.028570
v 0.010756 3.145987 0.021360
v 0.018475 3.177210 0.013580
v 0.019867 3.188126 0.011269
v 0.015057 3.161233 0.016998
v 0.013226 3.152761 0.018829
v 0.004509 3.169528 0.022666
v 0.012840 3.189987 0.019216
v 0.001085 3.160143 0.022666
v 0.001038 3.152761 0.022666
v 0.018475 3.177210 0.013580
v 0.015057 3.161233 0.016998
v 0.013226 3.152761 0.018829
v 0.017930 3.199785 0.014126
v 0.000924 3.139001 0.027037
v 0.004744 3.145987 0.023850
v 0.010756 3.145987 0.021360
v 0.005683 3.137321 0.028570
v 0.019867 3.188126 0.011269
vn -0.9071 0.3491 -0.2352
vn -0.9142 0.3335 -0.2302
vn -0.9694 0.0816 0.2315
vn 0.8203 -0.5642 -0.0936
vn 0.2610 -0.2317 -0.9371
vn 0.1363 0.2571 -0.9567
vn 0.2996 -0.2605 -0.9178
vn -0.9740 -0.1191 -0.1927
vn 0.5100 -0.3665 -0.7782
vn 0.3193 0.1052 0.9418
vn 0.3424 -0.0259 0.9392
vn -0.0000 -0.0000 1.0000
vn 0.3856 0.0936 0.9179
vn 0.6632 -0.0040 0.7484
vn 0.7475 0.0020 0.6643
vn 0.7204 0.0006 0.6936
vn 0.8412 0.0073 0.5407
vn 0.2320 0.3900 0.8911
vn 0.1522 0.4854 0.8610
vn 0.2661 0.3458 0.8998
vn 0.7071 -0.0000 0.7071
vt 0.973944 0.000000
vt 1.000000 0.000000
vt 1.000000 0.031870
vt 0.031870 0.031870
vt 0.000000 0.000000
vt 1.000000 0.031370
vt 0.732595 0.035786
vt 0.031370 0.031370
vt 1.000000 0.010269
vt 0.682557 0.005964
vt 0.429394 0.009849
vt 0.225468 0.018548
vt 0.284648 0.284648
vt 0.385233 0.031015
vt 0.318771 0.172496
vt 1.000000 1.000000
vt 0.593346 0.593346
vt 0.367225 0.000000
vt 1.000000 0.593346
vt 0.977435 0.872097
vt 0.367225 0.367225
vt 0.515778 0.000000
vt 1.000000 0.547166
vt 0.515778 0.515778
vt 0.839218 0.559571
vt 0.531250 1.000000
vt 0.507521 1.000000
vt 0.593750 1.000000
vt 0.656250 1.000000
vt 0.668032 1.000000
vt 0.531250 0.993078
vt 0.538885 0.993078
vt 0.574112 1.000000
vt 0.643643 1.000000
vt 0.597536 1.000000
vt 0.615485 1.000000
vt 0.656250 1.000000
s 0
usemtl Material.015
f 501/402/396 479/403/396 495/404/396
f 495/405/397 479/406/397 476/403/397 496/407/397 494/408/397
f 496/409/398 476/406/398 477/410/398 502/411/398 480/412/398 497/413/398
f 477/414/399 478/406/399 489/415/399 505/416/399
f 479/417/400 506/418/400 498/419/400 476/403/400
f 506/420/401 479/417/401 501/421/401
f 476/417/402 498/422/402 499/423/402 478/403/402
f 477/403/403 476/417/403 478/406/403
f 489/424/404 478/417/404 499/425/404 500/426/404
s 1
f 486/427/405 483/427/406 482/428/407
f 483/427/406 486/427/405 493/429/408 484/429/409
f 481/430/410 490/430/411 491/431/412
f 503/427/413 485/432/414 488/433/414 504/434/415
f 493/429/408 486/427/405 503/427/413 504/429/415
f 481/435/410 484/429/409 493/436/408 492/437/416 490/438/411
l 477 487
g Lamparas_cell.003_Lamparas_cell.002
v 0.003466 3.139841 -0.023061
v -0.004744 3.145987 -0.023850
v -0.005377 3.139001 -0.027037
v 0.002477 3.131531 -0.020643
v -0.007018 3.121241 -0.029588
v 0.005417 3.135129 -0.030571
v 0.002483 3.144888 -0.024351
v -0.012979 3.143133 -0.021848
v -0.030803 3.107191 -0.047936
v -0.017923 3.101680 -0.044369
v -0.010771 3.109296 -0.054153
v -0.009354 3.102581 -0.047030
v -0.000389 3.101715 -0.047819
v -0.000382 3.108293 -0.055069
v 0.005791 3.102380 -0.047213
v 0.005551 3.108931 -0.054486
v 0.003466 3.139841 -0.023061
v 0.002483 3.144888 -0.024351
v -0.007018 3.121241 -0.029588
v -0.017923 3.101680 -0.044369
v -0.009354 3.102581 -0.047030
v -0.000389 3.101715 -0.047819
v -0.030803 3.107191 -0.047936
v -0.010771 3.109296 -0.054153
v -0.000382 3.108293 -0.055069
v 0.005791 3.102380 -0.047213
v 0.005551 3.108931 -0.054486
v 0.002477 3.131531 -0.020643
v 0.005417 3.135129 -0.030571
v -0.012979 3.143133 -0.021848
v -0.004744 3.145987 -0.023850
vn 0.1233 0.2637 0.9567
vn -0.3637 -0.3969 0.8427
vn 0.9908 -0.0521 0.1248
vn 0.1216 0.2846 0.9509
vn -0.3997 -0.4003 0.8246
vn -0.1296 -0.7343 -0.6664
vn 0.1441 -0.7329 -0.6649
vn 0.1168 0.4459 -0.8874
vn -0.0967 0.5610 -0.8222
vn -0.0517 0.2923 -0.9549
vn 0.2111 0.1581 -0.9646
vn -0.2885 0.5698 -0.7695
vn 0.0463 -0.6792 0.7325
vn 0.2828 -0.6736 0.6828
vn 0.1470 -0.6817 0.7167
vn -0.1179 0.6815 -0.7222
vn 0.0109 0.6905 -0.7232
vn -0.2442 0.6612 -0.7093
vn 0.9617 -0.0353 0.2720
vn 0.0153 -0.6770 0.7359
vt 0.930093 0.930093
vt 0.000000 0.000000
vt 1.000000 0.000000
vt 0.527216 0.163645
vt 0.940750 0.940750
vt 1.000000 0.898417
vt 1.000000 0.994534
vt 0.115467 0.000000
vt 0.201181 0.000000
vt 0.416325 0.000000
vt 1.000000 1.000000
vt 0.452229 0.452229
vt 0.010640 0.000000
vt 0.429727 0.000000
vt 1.000000 0.543862
vt 0.939945 0.884931
vt 0.708390 0.681808
vt 0.429727 0.429727
vt 0.010640 0.010640
vt 0.662079 0.599949
vt 1.000000 0.917840
vt 1.000000 0.956137
vt 0.948812 0.000000
vt 0.956137 0.956137
vt 0.917840 0.917840
vt 0.910811 0.000000
vt 0.883976 0.993078
vt 0.031250 0.993078
vt 0.333009 0.993078
vt 0.716422 0.993078
vt 0.084820 0.998388
vt 0.031250 1.000000
vt 0.033615 0.979377
vt 0.059751 0.957524
vt 0.031250 0.958531
vt 0.195149 0.923728
vt 0.883976 0.993078
vt 0.968750 0.992840
vt 0.968750 0.992007
vt 0.466641 0.993078
vt 0.031250 0.959635
vt 0.091549 0.957265
vt 0.079293 0.993078
vt 0.898417 0.898417
vt 0.994534 0.994534
vt 0.544211 0.854378
vt 0.031250 0.982111
vt 0.031250 0.958531
vt 0.493043 0.854378
vt 0.644041 0.854378
s 0
usemtl Material.015
f 534/439/417 523/440/417 536/441/417
f 536/440/418 525/442/418 534/443/418
f 535/444/419 534/445/419 532/446/419 533/447/419
f 508/448/420 536/441/420 523/449/420 524/450/420
f 529/451/421 526/452/421 525/453/421 536/454/421
f 527/455/422 526/456/422 529/457/422 530/458/422 531/459/422 528/460/422
f 532/461/423 528/462/423 531/463/423 533/464/423
s 1
f 507/465/424 509/466/425 537/467/426 513/468/427
f 514/469/428 537/470/426 509/466/425
f 511/471/429 516/472/430 518/473/431
f 517/474/432 509/466/425 507/475/424 512/476/433 522/477/433 520/478/433
f 509/466/425 517/479/432 515/480/434 514/481/428
s 0
f 535/482/435 523/441/435 534/483/435
s 1
f 510/484/436 511/485/429 518/486/431 519/487/436 521/488/436
g Lamparas_cell.004_Lamparas_cell.003
v 0.045369 2.789430 -0.228084
v -0.045368 2.789430 -0.228084
v -0.044455 2.834534 -0.223490
v -0.041927 2.884585 -0.210783
v 0.043421 2.788881 -0.218291
v -0.043421 2.788881 -0.218291
v -0.042535 2.832768 -0.213836
v -0.083029 2.744467 -0.202222
v -0.086782 2.742444 -0.211292
v -0.080972 2.832768 -0.197915
v -0.074640 2.883074 -0.182963
v -0.079664 2.884585 -0.195151
v -0.086526 2.789430 -0.211036
v -0.082793 2.788881 -0.201983
v -0.084649 2.834534 -0.206841
v -0.043541 2.702496 -0.218897
v -0.045494 2.700782 -0.228716
v -0.032154 2.692887 -0.218964
v -0.036224 2.692958 -0.228771
v 0.043485 2.742795 -0.218614
v 0.015108 2.692887 -0.218964
v 0.017052 2.692958 -0.228771
v 0.045435 2.742877 -0.228416
v 0.056475 2.763894 -0.223681
v 0.054726 2.764197 -0.213796
v 0.055211 2.769171 -0.224164
v 0.053236 2.770416 -0.214366
v 0.048697 2.788881 -0.216106
v 0.042980 2.810704 -0.216076
v 0.036829 2.832768 -0.213836
v 0.044961 2.809537 -0.226036
v 0.050230 2.789430 -0.226071
v 0.037991 2.834534 -0.223490
v 0.032217 2.853489 -0.218678
v 0.031063 2.851000 -0.207952
v -0.013406 2.902528 -0.191320
v -0.024310 2.900042 -0.192123
v -0.020763 2.905234 -0.202702
v -0.038427 2.896744 -0.193187
v -0.040673 2.900695 -0.204479
v 0.027300 2.856699 -0.206112
v 0.011934 2.884585 -0.210783
v 0.029073 2.858374 -0.217437
v 0.003384 2.892277 -0.194629
v 0.003900 2.896204 -0.206236
v -0.013466 2.906830 -0.202078
v -0.007733 2.902534 -0.191318
v -0.007823 2.906769 -0.202102
v -0.083029 2.744467 -0.202222
v -0.082793 2.788881 -0.201983
v -0.080972 2.832768 -0.197915
v -0.074640 2.883074 -0.182963
v -0.079664 2.884585 -0.195151
v -0.084649 2.834534 -0.206841
v -0.086526 2.789430 -0.211036
v -0.086782 2.742444 -0.211292
v -0.032154 2.692887 -0.218964
v -0.036224 2.692958 -0.228771
v -0.043541 2.702496 -0.218897
v -0.045494 2.700782 -0.228716
v 0.043485 2.742795 -0.218614
v 0.015108 2.692887 -0.218964
v 0.017052 2.692958 -0.228771
v 0.045435 2.742877 -0.228416
v 0.056475 2.763894 -0.223681
v 0.055211 2.769171 -0.224164
v 0.054726 2.764197 -0.213796
v 0.053236 2.770416 -0.214366
v 0.042980 2.810704 -0.216076
v 0.036829 2.832768 -0.213836
v 0.048697 2.788881 -0.216106
v 0.050230 2.789430 -0.226071
v 0.044961 2.809537 -0.226036
v 0.037991 2.834534 -0.223490
v -0.013406 2.902528 -0.191320
v -0.024310 2.900042 -0.192123
v -0.038427 2.896744 -0.193187
v -0.020763 2.905234 -0.202702
v -0.040673 2.900695 -0.204479
v 0.011934 2.884585 -0.210783
v 0.029073 2.858374 -0.217437
v 0.031063 2.851000 -0.207952
v 0.027300 2.856699 -0.206112
v 0.032217 2.853489 -0.218678
v -0.013466 2.906830 -0.202078
v -0.007823 2.906769 -0.202102
v 0.003900 2.896204 -0.206236
v 0.003384 2.892277 -0.194629
v -0.007733 2.902534 -0.191318
vn -0.0000 -0.3072 0.9517
vn 0.1493 -0.3124 0.9381
vn 0.1909 -0.2063 0.9597
vn -0.0000 -0.1865 0.9825
vn -0.6124 -0.7258 0.3134
vn 0.8568 -0.4881 0.1663
vn 0.9562 0.2440 0.1617
vn 0.9548 0.2499 0.1607
vn -0.2309 0.9024 0.3638
vn -0.2703 0.9089 0.3176
vn 0.8416 0.4988 0.2070
vn 0.8459 0.4923 0.2053
vn 0.0052 0.9296 0.3684
vn 0.6955 0.6707 0.2578
vn 0.3827 0.0071 -0.9239
vn 0.0638 0.0072 -0.9979
vn 0.1948 0.0550 -0.9793
vn 0.3823 0.0469 -0.9229
vn -0.3827 0.0071 -0.9239
vn -0.3821 0.0542 -0.9225
vn -0.1948 0.0550 -0.9793
vn -0.1031 0.0072 -0.9946
vn -0.0000 0.2843 -0.9587
vn -0.1855 0.3089 -0.9328
vn -0.1432 0.3703 -0.9178
vn -0.0000 0.3644 -0.9312
vn -0.0000 0.2461 -0.9693
vn -0.0000 0.1612 -0.9869
vn -0.1921 0.1758 -0.9655
vn 0.0311 0.1019 -0.9943
vn -0.3684 0.2710 -0.8893
vn -0.3768 0.1741 -0.9098
vn -0.0000 -0.4280 -0.9038
vn -0.0000 -0.5441 -0.8391
vn -0.3823 -0.0467 0.9229
vn -0.1948 -0.0548 0.9793
vn -0.0637 -0.0071 0.9979
vn -0.3827 -0.0070 0.9239
vn 0.1007 -0.0071 0.9949
vn 0.1948 -0.0548 0.9793
vn 0.3821 -0.0540 0.9225
vn 0.3827 -0.0070 0.9239
vn -0.0000 -0.6325 0.7746
vn -0.0000 -0.6513 0.7588
vn -0.0311 -0.1016 0.9943
vn 0.3642 -0.3072 0.8792
vn 0.3746 -0.2050 0.9042
vn -0.9244 0.0030 0.3815
vt 0.414774 0.656673
vt 0.352258 0.656673
vt 0.232094 0.656673
vt 0.031250 0.736507
vt 0.031250 0.656673
vt 0.905869 0.656673
vt 0.842323 0.656673
vt 0.800852 0.656673
vt 0.537288 0.656673
vt 0.486930 0.360965
vt 0.588254 0.490157
vt 1.000000 0.937960
vt 1.000000 0.980634
vt 0.569532 0.512489
vt 0.487041 0.407315
vt 1.000000 0.236452
vt 0.839446 0.218536
vt 0.405697 0.209905
vt 0.405015 0.174005
vt 0.838865 0.182658
vt 1.000000 0.200648
vt 0.766512 0.000000
vt 1.000000 0.203945
vt 1.000000 0.240333
vt 0.724850 0.000000
vt 1.000000 0.221881
vt 1.000000 0.260948
vt 0.833677 0.241738
vt 0.618563 0.233616
vt 0.411286 0.233702
vt 0.240333 0.240333
vt 0.203945 0.203945
vt 0.391515 0.196678
vt 0.582517 0.196625
vt 0.826233 0.205858
vt 1.000000 0.185304
vt 1.000000 0.289135
vt 0.800055 0.000000
vt 0.871232 0.000000
vt 0.468872 0.346929
vt 0.289135 0.289135
vt 0.185304 0.185304
vt 0.437308 0.264546
vt 1.000000 0.529386
vt 1.000000 0.601843
vt 0.291706 0.000000
vt 0.338724 0.000000
vt 1.000000 0.705647
vt 1.000000 0.751495
vt 0.490190 0.214454
vt 1.000000 0.722447
vt 1.000000 0.764452
vt 0.751495 0.751495
vt 0.705647 0.705647
vt 0.875304 0.875304
vt 0.806402 0.806402
vt 0.795363 0.000000
vt 0.863345 0.000000
vt 1.000000 0.378179
vt 0.367736 0.367736
vt 0.317125 0.317125
vt 1.000000 0.330491
vt 0.961450 0.584921
vt 0.961500 0.576213
vt 0.968750 0.555623
vt 0.968750 0.607494
vt 0.965126 0.607494
vt 0.062014 0.555140
vt 0.061935 0.607494
vt 0.031250 0.607494
vt 0.031250 0.508717
vt 0.647059 0.778329
vt 0.031250 0.711322
vt 0.031250 0.732936
vt 0.244145 0.778329
vt 0.334060 0.778329
vt 0.444597 0.778329
vt 0.562273 0.778329
vt 0.866369 0.711322
vt 0.924744 0.711322
vt 0.633423 0.711322
vt 0.825041 0.711322
vt 0.968750 0.607494
vt 0.900594 0.656673
vt 0.968750 0.629418
vt 0.061660 0.713831
vt 0.061833 0.656673
vt 0.061695 0.711322
vt 0.061935 0.607494
vt 0.061833 0.656673
vt 0.968750 0.629418
vt 0.125732 0.607494
vt 0.031250 0.508717
vt 0.968750 0.555621
vt 0.676177 0.607494
vt 0.964640 0.607494
vt 0.968750 0.555887
vt 0.959990 0.579853
vt 0.961140 0.586817
vt 0.031250 0.510761
vt 0.061921 0.607494
vt 0.061995 0.554374
vt 0.168784 0.500000
vt 0.126859 0.500000
vt 0.675648 0.500000
vt 0.655622 0.500000
vt 0.897587 0.607494
vt 0.963993 0.607494
vt 0.060958 0.719449
vt 0.061817 0.656673
vt 0.061921 0.607494
vt 0.968750 0.631948
vt 0.968002 0.500000
vt 0.967311 0.500000
vt 0.032691 0.500000
vt 0.031394 0.500000
vt 0.153949 0.500000
vt 0.662593 0.500000
vt 0.780487 0.660453
vt 0.636222 0.362047
vt 0.398157 0.000000
vt 0.480302 0.013690
vt 0.694644 0.367712
vt 0.843009 0.674415
vt 1.000000 0.019261
vt 1.000000 0.061702
s 1
usemtl Material.015
f 584/489/437 612/490/437 574/491/437 576/492/438 544/493/439 567/494/440 572/495/437 578/496/437 581/497/437
s 0
f 594/498/441 596/499/441 586/500/441 593/501/441 597/502/441 595/503/441
f 604/504/442 598/505/442 599/506/442 600/507/442 601/508/442 602/509/442
f 602/510/443 603/511/443 605/512/443 604/513/443
f 621/514/444 619/515/444 607/516/444 606/517/444 608/518/444 605/519/444 603/520/444 609/521/444 610/522/444 611/523/444
f 615/524/445 613/525/445 573/526/445 622/527/445
f 614/528/446 613/529/446 615/530/446 616/531/446 590/532/446 589/533/446
f 624/534/447 625/535/447 620/536/447 618/537/447 617/538/447
f 619/539/448 621/540/448 618/541/448 620/542/448
f 622/543/449 573/544/449 626/545/449 623/546/449
f 626/547/450 625/548/450 624/549/450 623/550/450
s 1
f 563/551/451 561/552/451 560/553/452 538/554/453 569/555/454
f 546/556/455 592/557/456 539/558/457 554/559/458
f 579/560/459 541/561/460 577/562/461 575/563/462 583/564/462 585/565/462 582/566/462
f 571/567/463 570/568/464 540/493/465 541/561/460 579/569/459 580/570/463
f 538/571/453 539/558/457 540/493/465 570/572/464 568/573/466
f 541/561/460 549/574/467 577/562/461
f 541/561/460 540/493/465 591/575/468 549/576/467
f 540/493/465 539/558/457 592/577/456 591/578/468
f 538/554/453 568/579/466 569/555/454
f 556/580/469 554/581/458 539/558/457 538/571/453 560/582/452 559/583/470
f 565/584/471 542/554/472 557/585/473 562/586/474 564/587/474
f 553/588/475 543/558/476 587/589/477 545/590/478
f 555/591/479 556/592/469 559/593/470 558/594/480
f 567/595/440 544/493/439 543/558/476 542/571/472 566/596/481
f 548/597/482 588/598/483 544/493/439 576/492/438
f 587/599/477 543/558/476 544/493/439 588/598/483
f 542/554/472 565/584/471 566/600/481
f 557/601/473 542/602/472 543/603/476 553/604/475 555/605/479 558/606/480
s 0
f 551/607/484 547/608/484 589/609/484 590/610/484 552/611/484 550/612/484 593/613/484 586/614/484
g Lamparas_cell.005_Lamparas_cell.004
v 0.228771 2.692958 0.045505
v 0.228084 2.789430 0.045369
v 0.218964 2.692887 0.043555
v 0.218964 2.692887 -0.043534
v 0.218805 2.715613 -0.043473
v 0.228771 2.692958 -0.044925
v 0.228580 2.719782 -0.044853
v 0.228430 2.740951 -0.044745
v 0.218628 2.740885 -0.043346
v 0.218452 2.765930 -0.029775
v 0.185795 2.734896 0.122862
v 0.186014 2.692887 0.123104
v 0.194359 2.692958 0.128585
v 0.194141 2.734029 0.128347
v 0.218417 2.770988 -0.027002
v 0.228211 2.771677 -0.028069
v 0.228175 2.776765 -0.025251
v 0.218374 2.777063 -0.023637
v 0.217345 2.798206 0.024649
v 0.218292 2.788881 0.003305
v 0.228084 2.789430 0.003624
v 0.227049 2.799591 0.026881
v 0.188323 2.739617 0.116673
v 0.196550 2.738609 0.122445
v 0.218296 2.788262 0.043422
v 0.228771 2.692958 -0.044925
v 0.228580 2.719782 -0.044853
v 0.218964 2.692887 -0.043534
v 0.218805 2.715613 -0.043473
v 0.228430 2.740951 -0.044745
v 0.218628 2.740885 -0.043346
v 0.218452 2.765930 -0.029775
v 0.185795 2.734896 0.122862
v 0.186014 2.692887 0.123104
v 0.194359 2.692958 0.128585
v 0.194141 2.734029 0.128347
v 0.218417 2.770988 -0.027002
v 0.228211 2.771677 -0.028069
v 0.228175 2.776765 -0.025251
v 0.218374 2.777063 -0.023637
v 0.228084 2.789430 0.003624
v 0.227049 2.799591 0.026881
v 0.218292 2.788881 0.003305
v 0.217345 2.798206 0.024649
v 0.188323 2.739617 0.116673
v 0.218296 2.788262 0.043422
v 0.196550 2.738609 0.122445
v 0.228084 2.789430 0.045369
vn -0.1404 0.0017 -0.9901
vn -0.1414 0.0040 -0.9899
vn -0.1267 0.4722 -0.8723
vn -0.5490 0.0019 0.8358
vn -0.1283 0.4761 -0.8700
vn -0.1283 0.4798 -0.8680
vn -0.0383 0.9151 -0.4015
vn -0.2123 0.8531 0.4765
vn -0.2608 0.8137 0.5195
vn 0.9998 0.0195 -0.0000
vn 0.9914 0.0229 0.1286
vn 0.7363 -0.6607 0.1465
vn 0.7437 -0.6685 -0.0000
vn 1.0000 0.0071 -0.0000
vn 0.9239 0.0071 0.3827
vn 0.6973 -0.6560 0.2888
vn 0.9949 0.1013 -0.0000
vn -1.0000 -0.0070 -0.0000
vn -0.6702 -0.7422 -0.0000
vn -0.6389 -0.7587 -0.1271
vn -0.9914 -0.0213 -0.1292
vn -0.9998 -0.0194 -0.0002
vn -0.6096 -0.7514 -0.2525
vn -0.9239 -0.0070 -0.3827
vn -0.9952 -0.0978 -0.0014
vt 0.781213 0.272349
vt 0.738482 0.230734
vt 0.737726 0.000000
vt 0.780308 0.000000
vt 0.780308 0.780308
vt 0.737726 0.737726
vt 1.000000 0.737846
vt 1.000000 0.780398
vt 0.780398 0.780398
vt 0.737846 0.737846
vt 0.738021 0.000000
vt 0.780569 0.000000
vt 0.291713 0.000000
vt 0.759637 0.465960
vt 0.626059 0.455546
vt 0.168653 0.000000
vt 0.780569 0.780569
vt 0.738021 0.738021
vt 1.000000 0.772538
vt 0.809478 0.809478
vt 0.772538 0.772538
vt 1.000000 0.670769
vt 1.000000 0.724234
vt 0.723654 0.324796
vt 0.724234 0.724234
vt 0.670769 0.670769
vt 0.670235 0.298067
vt 0.665006 0.000000
vt 0.717937 0.000000
vt 0.653759 0.000000
vt 0.685293 0.000000
vt 0.805733 0.701697
vt 0.802564 0.802564
vt 0.765512 0.765512
vt 0.768369 0.667019
vt 1.000000 0.403687
vt 0.685293 0.685293
vt 0.653759 0.653759
vt 1.000000 0.343932
vt 0.747504 0.607494
vt 0.718750 0.607494
vt 0.718750 0.500000
vt 0.780852 0.500000
vt 0.780827 0.529889
vt 0.780774 0.553476
vt 0.769326 0.587712
vt 0.767388 0.593382
vt 0.661432 0.550867
vt 0.657051 0.545763
vt 0.656996 0.500000
vt 0.718343 0.607494
vt 0.728902 0.616619
vt 0.767007 0.594261
vt 0.769424 0.587458
vt 0.771415 0.581794
vt 0.781148 0.553748
vt 0.781214 0.525449
vt 0.781235 0.500000
vt 0.719554 0.607494
vt 0.747621 0.607494
vt 0.656972 0.500000
vt 0.657839 0.548265
vt 0.661831 0.552328
vt 0.718750 0.606801
vt 0.747621 0.607494
vt 0.719554 0.607494
vt 0.732193 0.617944
vt 0.781235 0.500000
vt 0.780851 0.500000
vt 0.656250 0.500000
vt 0.656996 0.500000
s 0
usemtl Material.015
f 652/615/485 654/616/485 655/617/485 653/618/485
f 653/619/486 655/620/486 657/621/486 656/622/486
f 656/623/487 657/624/487 658/625/487 664/626/487
f 659/627/488 660/628/488 661/629/488 662/630/488
f 664/631/489 658/632/489 663/633/489
f 664/634/490 663/635/490 666/636/490 665/637/490
f 667/638/491 665/639/491 666/640/491 669/641/491 670/642/491 668/643/491
f 671/644/492 673/645/492 628/646/492 668/647/492 670/648/492 672/649/492
f 662/650/493 673/651/493 671/652/493 659/653/493
s 1
f 647/654/494 674/655/495 627/656/496 632/657/497 633/658/498 634/659/498 642/660/498 643/661/498
f 650/662/499 640/663/499 639/664/500 627/656/496 674/665/495
f 674/655/495 647/654/494 648/666/501
f 644/667/502 641/668/502 636/669/502 635/670/502 631/671/502 630/672/503 629/656/504 651/673/505 646/674/506
f 629/656/504 638/675/507 637/676/508 649/677/508 651/678/505
f 646/679/506 651/680/505 645/681/509
f 627/656/496 629/656/504 630/682/503 632/683/497
f 638/684/507 629/656/504 627/656/496 639/685/500
g Lamparas_cell.006_Lamparas_cell.005
v 0.079019 3.015805 0.118260
v 0.027748 3.015805 0.139498
v 0.033149 2.979784 0.166652
v 0.074776 3.009351 0.111910
v 0.026258 3.009351 0.132007
v -0.026257 3.009351 0.132007
v 0.063367 3.041847 0.099013
v 0.057658 3.036314 0.092399
v 0.070948 3.033026 0.085220
v 0.077468 3.038098 0.091032
v -0.022546 3.041646 0.115908
v -0.021851 3.035869 0.107670
v 0.020769 3.039624 0.104413
v 0.022351 3.045525 0.112368
v 0.009565 2.924771 0.184141
v 0.015240 2.930259 0.182370
v 0.010084 2.929099 0.193363
v 0.015835 2.934527 0.191239
v 0.056274 2.962675 0.151744
v 0.034191 2.946723 0.171886
v 0.036080 2.952664 0.181386
v 0.063858 2.973398 0.157687
v 0.079158 2.984570 0.143689
v 0.072334 2.979784 0.150421
v 0.069564 2.972369 0.139557
v 0.085182 3.035594 0.086551
v 0.079106 3.030376 0.080478
v 0.089308 2.991711 0.133658
v 0.102316 2.992388 0.099646
v 0.084243 2.983106 0.126077
v 0.107852 3.000792 0.105434
v 0.084872 3.025907 0.080473
v 0.091394 3.030784 0.086549
v -0.028199 2.998642 0.138583
v -0.027227 3.015805 0.139498
v -0.029526 3.001495 0.150285
v -0.033119 2.977453 0.167918
v -0.031921 2.971403 0.155815
v -0.002765 2.928023 0.193785
v -0.001822 2.923790 0.184458
v -0.007255 2.934527 0.191239
v -0.025740 2.956852 0.165436
v -0.006207 2.930259 0.182370
v -0.033026 2.970446 0.171725
v -0.030971 2.963992 0.160890
v 0.097935 3.015603 0.080693
v 0.103432 3.021298 0.086757
v 0.105724 3.015805 0.091556
v 0.100539 3.009351 0.086147
v -0.022546 3.041646 0.115908
v 0.022351 3.045525 0.112368
v 0.063367 3.041847 0.099013
v 0.057658 3.036314 0.092399
v 0.020769 3.039624 0.104413
v 0.009565 2.924771 0.184141
v 0.015240 2.930259 0.182370
v 0.034191 2.946723 0.171886
v 0.056274 2.962675 0.151744
v 0.036080 2.952664 0.181386
v 0.063858 2.973398 0.157687
v 0.015835 2.934527 0.191239
v 0.010084 2.929099 0.193363
v 0.079158 2.984570 0.143689
v 0.072334 2.979784 0.150421
v 0.069564 2.972369 0.139557
v 0.077468 3.038098 0.091032
v 0.085182 3.035594 0.086551
v 0.070948 3.033026 0.085220
v 0.079106 3.030376 0.080478
v 0.084243 2.983106 0.126077
v 0.102316 2.992388 0.099646
v 0.089308 2.991711 0.133658
v 0.107852 3.000792 0.105434
v 0.084872 3.025907 0.080473
v 0.091394 3.030784 0.086549
v -0.027227 3.015805 0.139498
v -0.029526 3.001495 0.150285
v -0.028199 2.998642 0.138583
v -0.031921 2.971403 0.155815
v -0.002765 2.928023 0.193785
v -0.001822 2.923790 0.184458
v -0.007255 2.934527 0.191239
v -0.025740 2.956852 0.165436
v -0.006207 2.930259 0.182370
v -0.030971 2.963992 0.160890
v 0.097935 3.015603 0.080693
v 0.103432 3.021298 0.086757
v 0.100539 3.009351 0.086147
v 0.105724 3.015805 0.091556
v -0.021851 3.035869 0.107670
v -0.026257 3.009351 0.132007
v -0.033119 2.977453 0.167918
v -0.033026 2.970446 0.171725
vn -0.1126 0.8078 -0.5785
vn -0.1153 0.8086 -0.5769
vn 0.7118 -0.6504 0.2652
vn 0.7137 -0.6498 0.2615
vn -0.0880 0.7974 -0.5970
vn 0.7142 -0.6497 0.2602
vn 0.3746 0.4841 -0.7907
vn -0.9885 0.0504 -0.1422
vn -0.9905 0.0557 -0.1259
vn 0.0895 -0.9035 0.4190
vn -0.8402 -0.5206 0.1515
vn -0.8407 -0.5202 0.1504
vn 0.3857 0.4719 -0.7928
vn 0.8407 -0.2488 -0.4809
vn -0.9901 -0.1184 -0.0759
vn 0.1632 0.5442 0.8229
vn 0.1489 0.6423 0.7518
vn -0.0010 0.6339 0.7734
vn -0.0019 0.5985 0.8011
vn -0.0009 0.5355 0.8445
vn -0.0000 0.4421 0.8970
vn -0.0000 0.4495 0.8933
vn 0.0950 0.4831 0.8704
vn -0.0000 0.4774 0.8787
vn -0.0000 0.3644 0.9312
vn 0.3056 0.6020 0.7377
vn 0.4017 0.6087 0.6841
vn 0.4254 0.6440 0.6358
vn 0.3120 0.5792 0.7532
vn 0.3363 0.4774 0.8118
vn 0.5334 0.6494 0.5419
vn 0.5646 0.6020 0.5646
vn 0.5124 0.6786 0.5264
vn 0.3796 0.6823 0.6247
vn 0.1429 0.6813 0.7179
vn -0.0000 0.6742 0.7385
vn 0.0048 -0.6025 -0.7981
vn 0.0140 -0.5382 -0.8427
vn 0.1931 -0.5420 -0.8179
vn -0.1543 -0.6101 -0.7772
vn -0.0907 -0.5431 -0.8348
vn -0.0000 -0.4819 -0.8762
vn -0.0000 -0.4669 -0.8843
vn -0.0000 -0.5371 -0.8435
vn -0.0000 -0.3072 -0.9517
vn -0.4401 -0.6109 -0.6581
vn -0.4249 -0.5439 -0.7237
vn -0.3228 -0.5371 -0.7793
vn -0.5965 -0.5371 -0.5965
vn -0.5453 -0.6254 -0.5581
vn -0.3758 -0.6819 -0.6275
vn -0.5083 -0.6791 -0.5295
vn -0.1423 -0.6814 -0.7180
vn 0.0014 -0.6748 -0.7380
vt 0.585093 0.000000
vt 1.000000 0.306581
vt 0.937485 0.286212
vt 0.553097 0.000000
vt 0.363564 0.000000
vt 0.394181 0.000000
vt 0.380895 0.174801
vt 0.331144 0.331144
vt 0.306581 0.306581
vt 0.351337 0.165971
vt 0.567430 0.000000
vt 0.606414 0.028318
vt 0.765235 0.124141
vt 1.000000 0.237988
vt 1.000000 0.273541
vt 0.714958 0.130785
vt 0.553732 0.028792
vt 0.512158 0.000000
vt 0.398828 0.000000
vt 0.341942 0.128495
vt 0.273542 0.273542
vt 0.237988 0.237988
vt 0.346882 0.000000
vt 1.000000 0.446903
vt 0.447459 0.447459
vt 0.415487 0.415487
vt 1.000000 0.414907
vt 0.600770 0.403318
vt 1.000000 0.461365
vt 1.000000 0.495303
vt 0.580644 0.437030
vt 0.398828 0.398828
vt 0.346882 0.346882
vt 1.000000 0.415487
vt 1.000000 0.447459
vt 0.454809 0.000000
vt 0.493783 0.000000
vt 0.655355 0.517765
vt 1.000000 0.605819
vt 1.000000 0.636436
vt 0.646523 0.546201
vt 0.521014 0.521014
vt 0.477475 0.477475
vt 0.613205 0.043082
vt 1.000000 0.477475
vt 1.000000 0.521014
vt 0.526835 0.000000
vt 1.000000 0.487842
vt 0.246146 0.000000
vt 0.332082 0.000000
vt 1.000000 0.432570
vt 0.246146 0.246146
vt 0.360115 0.217556
vt 1.000000 0.105260
vt 1.000000 0.224071
vt 0.438951 0.300933
vt 0.332082 0.332082
vt 0.224071 0.224071
vt 0.051215 0.000000
vt 0.111844 0.000000
vt 0.690984 0.000000
vt 0.493783 0.493783
vt 0.454809 0.454809
vt 0.636392 0.000000
vt 0.529859 0.139781
vt 0.309016 0.000000
vt 0.363608 0.000000
vt 0.557787 0.122884
vt 1.000000 0.408358
vt 1.000000 0.448457
vt 0.865902 0.000000
vt 0.939836 0.000000
vt 0.573470 0.573470
vt 0.526835 0.526835
vt 0.531250 0.818357
vt 0.531250 0.854378
vt 0.469336 0.854378
vt 0.468750 0.842518
vt 0.468750 0.820502
vt 0.493160 0.818357
vt 0.514928 0.818357
vt 0.531250 0.794370
vt 0.468778 0.818357
vt 0.471224 0.818357
vt 0.497728 0.778329
vt 0.508283 0.778329
vt 0.513009 0.778329
vt 0.494040 0.778329
vt 0.580274 0.823143
vt 0.593750 0.830284
vt 0.593750 0.854378
vt 0.531250 0.854378
vt 0.571233 0.818357
vt 0.561666 0.812709
vt 0.636283 0.854378
vt 0.593750 0.854378
vt 0.632495 0.840691
vt 0.630926 0.871241
vt 0.625655 0.876657
vt 0.614055 0.879476
vt 0.593750 0.883459
vt 0.639258 0.860561
vt 0.591076 0.883697
vt 0.531250 0.887837
vt 0.468750 0.857606
vt 0.468750 0.886629
vt 0.468750 0.854378
vt 0.467684 0.812821
vt 0.467654 0.817890
vt 0.467999 0.844081
vt 0.472564 0.778329
vt 0.468750 0.854378
vt 0.531250 0.794159
vt 0.518137 0.854378
vt 0.492612 0.854378
vt 0.469366 0.854378
vt 0.508239 0.778329
vt 0.498430 0.778329
vt 0.494652 0.778329
vt 0.513128 0.778329
vt 0.593750 0.829143
vt 0.576292 0.818819
vt 0.560174 0.809498
vt 0.628433 0.838067
vt 0.637111 0.854378
vt 0.593750 0.884154
vt 0.612303 0.880826
vt 0.625600 0.877866
vt 0.630927 0.872873
vt 0.640688 0.861361
vt 0.593750 0.884155
vt 0.531250 0.888197
vt 0.468750 0.884123
s 0
usemtl Material.015
f 742/686/510 727/687/510 726/688/510 740/689/510
f 764/690/511 724/691/511 725/692/511 726/693/511 727/694/511 728/695/511
f 729/696/512 730/697/512 731/698/512 732/699/512 734/700/512 733/701/512 735/702/512 736/703/512
f 737/704/513 738/705/513 734/706/513 732/707/513 739/708/513
f 740/709/514 741/710/514 743/711/514 742/712/514
f 744/713/515 745/714/515 747/715/515 746/716/515 737/717/515 739/718/515
f 743/719/516 741/720/516 749/721/516 748/722/516
f 750/723/517 724/724/517 764/725/517 680/726/517 752/727/517 751/728/517
f 766/729/518 751/730/518 752/731/518 753/732/518
f 736/733/519 754/734/519 755/735/519 729/736/519
f 754/737/520 756/738/520 767/739/520 757/740/520 758/741/520 755/742/520
f 757/743/521 767/744/521 759/745/521
f 760/746/522 748/747/522 749/748/522 761/749/522
f 762/750/523 760/751/523 761/752/523 763/753/523 747/754/523 745/755/523
f 759/756/524 767/757/524 766/758/524 753/759/524
s 1
f 677/760/525 676/761/526 709/762/527 710/763/528 711/764/529
f 715/765/530 692/766/531 695/767/532 677/760/525 711/768/529 718/769/533
f 713/770/534 691/771/534 692/772/531 715/773/530
f 697/774/535 702/775/536 675/776/537 676/777/526 677/760/525 698/778/538
f 696/779/539 698/778/538 677/760/525 695/767/532
f 722/780/540 675/781/537 702/775/536 705/782/541
f 707/783/542 700/784/542 684/785/542 681/786/543 675/781/537 722/780/540 721/787/542
f 676/777/526 675/776/537 681/788/543 688/789/544
f 709/790/527 676/761/526 688/789/544 685/791/545
f 765/792/546 719/793/547 712/794/548 708/795/548
f 719/796/547 765/797/546 679/761/549 694/798/550 690/799/551 717/800/552 716/801/553
f 689/802/554 714/803/554 717/804/552 690/805/551
f 679/777/549 678/776/555 704/806/556 699/807/557 693/808/557 694/798/550
f 703/809/558 704/806/556 678/781/555 723/810/559
f 723/810/559 678/781/555 682/811/560 683/812/561 701/813/561 706/814/561 720/815/561
f 682/816/560 678/776/555 679/777/549 687/817/562
f 687/817/562 679/761/549 765/797/546 686/818/563
g Lamparas_cell.007_Lamparas_cell.006
v -0.031411 3.104365 -0.048304
v -0.058202 3.051079 -0.088297
v -0.020027 3.099583 -0.045567
v -0.029519 3.095679 -0.045486
v -0.001181 3.045807 -0.098778
v -0.001284 3.039771 -0.104280
v -0.000695 3.086238 -0.075202
v -0.000694 3.081404 -0.066332
v -0.000565 3.100762 -0.061943
v -0.000589 3.099572 -0.049772
v -0.000621 3.106199 -0.056981
v -0.011127 3.107337 -0.055941
v -0.009721 3.100562 -0.048870
v -0.055019 3.046391 -0.083551
v -0.039764 3.039771 -0.096401
v -0.020434 3.041473 -0.102728
v -0.042832 3.045567 -0.103843
v -0.001665 3.045592 -0.112306
v -0.021964 3.047655 -0.110423
v -0.001181 3.045807 -0.098778
v -0.001284 3.039771 -0.104280
v -0.000694 3.081404 -0.066332
v -0.000695 3.086238 -0.075202
v -0.000565 3.100762 -0.061943
v -0.000621 3.106199 -0.056981
v -0.011127 3.107337 -0.055941
v -0.020027 3.099583 -0.045567
v -0.009721 3.100562 -0.048870
v -0.000589 3.099572 -0.049772
v -0.031411 3.104365 -0.048304
v -0.058202 3.051079 -0.088297
v -0.029519 3.095679 -0.045486
v -0.055019 3.046391 -0.083551
v -0.020434 3.041473 -0.102728
v -0.039764 3.039771 -0.096401
v -0.001665 3.045592 -0.112306
v -0.021964 3.047655 -0.110423
v -0.042832 3.045567 -0.103843
vn -0.1091 0.2852 0.9522
vn 0.9992 0.0158 -0.0360
vn 0.9998 0.0006 -0.0216
vn 1.0000 -0.0065 -0.0008
vn 1.0000 0.0078 0.0027
vn 0.1452 0.7287 0.6693
vn -0.8307 -0.0003 0.5568
vn -0.1186 -0.8065 -0.5793
vn -0.5944 -0.7346 -0.3272
vn -0.1363 -0.7341 -0.6653
vn -0.0000 -0.6736 0.7391
vn 0.1440 -0.6808 0.7182
vn 0.1426 -0.6808 0.7185
vn -0.3382 0.6756 -0.6551
vn -0.1730 0.6854 -0.7073
vn -0.1713 0.6854 -0.7077
vn 0.2828 -0.6736 0.6828
vn -0.0000 0.6742 -0.7385
vt 1.000000 0.000000
vt 1.000000 0.107174
vt 0.631141 0.000000
vt 1.000000 0.000786
vt 1.000000 0.125323
vt 0.925172 0.000000
vt 0.000786 0.000786
vt 1.000000 0.740021
vt 1.000000 0.772303
vt 0.125323 0.125323
vt 0.772303 0.772303
vt 0.740021 0.740021
vt 0.911386 0.000000
vt 0.951081 0.000000
vt 0.951081 0.951081
vt 0.911386 0.911386
vt 1.000000 0.931995
vt 0.937258 0.596324
vt 1.000000 0.368859
vt 0.971017 0.674674
vt 0.955483 0.955483
vt 0.919382 0.919382
vt 0.000000 0.000000
vt 0.056293 0.000000
vt 1.000000 0.936403
vt 1.000000 1.000000
vt 1.000000 0.074828
vt 0.539430 0.053015
vt 0.074960 0.074960
vt 0.010251 0.000000
vt 1.000000 0.000469
vt 1.000000 0.000462
vt 1.000000 0.074960
vt 0.056293 0.056293
vt 0.990085 0.990085
vt 0.010251 0.010251
vt 0.534800 0.522856
vt 0.477072 0.854378
vt 0.478905 0.854378
vt 0.487609 0.854378
vt 0.489487 0.854378
vt 0.031250 0.956275
vt 0.031250 0.890263
vt 0.090433 0.955281
vt 0.031250 0.957430
vt 0.031250 0.890236
vt 0.062906 0.888070
vt 0.092949 0.896177
vt 0.067290 0.955181
vt 0.092563 0.950820
vt 0.092813 0.895756
vt 0.061953 0.888361
vt 0.451395 0.993078
vt 0.450735 0.993078
vt 0.439360 0.993078
vt 0.452863 0.923728
vt 0.128950 0.854378
vt 0.185083 0.923728
s 0
usemtl Material.015
f 797/819/564 799/820/564 794/821/564
f 803/822/565 787/823/565 788/824/565
f 803/825/566 790/826/566 789/827/566 787/828/566
f 789/829/567 790/830/567 791/831/567 796/832/567
f 796/833/568 791/834/568 792/835/568
f 793/836/569 797/819/569 794/837/569 795/838/569 796/839/569 792/840/569
f 798/841/570 800/842/570 799/843/570 797/844/570
f 788/845/571 801/846/571 802/847/571 805/848/571 803/849/571
f 798/841/572 805/850/572 802/851/572 800/852/572
f 803/853/573 805/854/573 804/855/573
s 1
f 773/856/574 772/857/574 775/858/574 777/859/574 780/860/575 783/861/576
f 768/862/577 779/863/578 786/864/579 784/865/577 769/866/577
f 780/860/575 770/867/580 771/868/580 781/869/580 782/870/580 783/861/576
f 778/871/581 776/872/581 774/873/581 785/874/581 786/875/579 779/876/578
g Lamparas_cell.008_Lamparas_cell.007
v -0.014118 3.143484 -0.014330
v -0.032500 3.106523 -0.047260
v -0.025899 3.131994 -0.002751
v -0.022920 3.139001 -0.015315
v -0.059751 3.103164 0.000068
v -0.051059 3.098160 -0.003129
v -0.056638 3.106574 -0.011266
v -0.052694 3.107408 -0.018796
v -0.034339 3.101158 -0.034005
v -0.049231 3.100166 -0.009793
v -0.040270 3.102063 -0.026908
v -0.026121 3.125520 -0.003708
v -0.047345 3.116753 -0.000225
v -0.041414 3.123250 -0.000568
v -0.030459 3.135251 -0.004106
v -0.046319 3.108766 -0.030949
v -0.014924 3.143389 -0.020481
v -0.030306 3.111125 -0.043918
v -0.021433 3.127259 -0.012371
v -0.016064 3.153276 -0.015990
v -0.019459 3.151113 -0.013002
v -0.021409 3.130257 -0.005289
v -0.021809 3.145884 -0.009793
v -0.027036 3.139001 -0.005230
v -0.059751 3.103164 0.000068
v -0.056638 3.106574 -0.011266
v -0.052694 3.107408 -0.018796
v -0.034339 3.101158 -0.034005
v -0.040270 3.102063 -0.026908
v -0.049231 3.100166 -0.009793
v -0.051059 3.098160 -0.003129
v -0.047345 3.116753 -0.000225
v -0.026121 3.125520 -0.003708
v -0.041414 3.123250 -0.000568
v -0.030459 3.135251 -0.004106
v -0.046319 3.108766 -0.030949
v -0.032500 3.106523 -0.047260
v -0.030306 3.111125 -0.043918
v -0.027036 3.139001 -0.005230
v -0.025899 3.131994 -0.002751
v -0.014924 3.143389 -0.020481
v -0.021433 3.127259 -0.012371
v -0.021409 3.130257 -0.005289
v -0.016064 3.153276 -0.015990
v -0.019459 3.151113 -0.013002
v -0.021809 3.145884 -0.009793
vn -0.5623 -0.7364 -0.3761
vn 0.2371 -0.1960 0.9515
vn 0.2202 -0.1501 0.9638
vn -0.0495 0.3237 0.9449
vn -0.5658 -0.7325 -0.3786
vn 0.9267 -0.3576 -0.1159
vn 0.9089 -0.4148 -0.0418
vn -0.0474 0.3263 0.9441
vn 0.9068 -0.3893 0.1617
vn 0.5481 0.2446 0.7998
vn 0.4597 0.2902 0.8393
vn 0.9764 0.1719 -0.1306
vn -0.7901 0.3561 -0.4990
vn -0.6680 0.6052 -0.4330
vn -0.7491 0.6047 -0.2704
vn -0.6812 0.4673 -0.5635
vn -0.7928 0.1142 -0.5987
vn 0.7155 -0.6738 0.1847
vn 0.6936 -0.5101 -0.5087
vn 0.7546 -0.6442 -0.1248
vn 0.5785 -0.6713 0.4634
vn 0.6295 -0.6572 0.4146
vn 0.6414 -0.6532 0.4024
vn 0.5149 -0.6835 0.5174
vn -0.5595 0.6592 -0.5024
vn -0.6261 0.6723 -0.3950
vn -0.6825 0.6746 -0.2813
vn -0.7224 0.6812 -0.1188
vn -0.7385 0.6742 -0.0000
vt 0.726892 0.664524
vt 0.563905 0.563905
vt 0.000000 0.000000
vt 0.337187 0.000000
vt 0.468961 0.171693
vt 0.839396 0.400315
vt 1.000000 0.431701
vt 1.000000 0.717999
vt 0.717999 0.717999
vt 0.431701 0.431701
vt 1.000000 0.101820
vt 1.000000 0.553661
vt 1.000000 0.000000
vt 1.000000 0.365823
vt 0.553661 0.553661
vt 0.344330 0.000000
vt 0.018012 0.000000
vt 0.365823 0.365823
vt 1.000000 0.563905
vt 0.991627 0.328234
vt 1.000000 1.000000
vt 0.878465 0.878465
vt 1.000000 0.662813
vt 0.376915 0.081763
vt 0.892693 0.886919
vt 1.000000 0.981988
vt 0.306884 0.306884
vt 0.752549 0.000000
vt 1.000000 0.693852
vt 0.752549 0.752549
vt 0.222150 0.000000
vt 0.674423 0.367883
vt 0.824012 0.000000
vt 0.980601 0.762348
vt 0.954024 0.954024
vt 0.693852 0.693852
vt 0.816311 0.000000
vt 0.951213 0.724542
vt 0.156250 1.000000
vt 0.156250 0.993078
vt 0.212306 0.995825
vt 0.105007 1.000000
vt 0.124330 1.000000
vt 0.116774 1.000000
vt 0.218750 0.988763
vt 0.228404 0.984157
vt 0.242028 0.953591
vt 0.218750 0.955833
vt 0.156250 0.957952
vt 0.167709 0.986100
vt 0.212934 0.989449
vt 0.218750 0.988763
vt 0.156250 0.983417
vt 0.129776 0.956941
vt 0.096601 0.956685
vt 0.156250 0.959038
vt 0.105495 0.993078
vt 0.096382 0.961694
vt 0.218750 0.993078
vt 0.198083 0.957510
vt 0.218750 0.956571
vt 0.251936 0.952731
vt 0.251061 0.968031
vt 0.249630 0.975346
vt 0.229201 0.988857
s 0
usemtl Material.015
f 831/877/582 832/878/582 842/879/582 833/880/582 834/881/582 835/882/582 836/883/582 830/884/582
f 830/885/583 836/886/583 838/887/583 837/888/583
f 845/889/584 839/890/584 837/891/584 838/892/584
f 840/893/585 839/894/585 845/879/585
f 842/889/586 832/895/586 841/896/586
f 846/879/587 806/889/587 842/897/587 843/898/587
f 833/899/588 842/897/588 806/879/588 847/900/588
f 844/901/589 840/902/589 845/897/589
f 847/903/590 806/879/590 848/904/590
f 851/905/591 848/906/591 806/879/591 849/907/591 850/908/591
f 844/909/592 845/910/592 848/911/592 851/912/592
f 849/913/593 806/889/593 846/914/593
s 1
f 828/915/594 809/916/595 829/917/596
f 822/918/597 828/915/594 826/919/598 825/920/598
f 808/921/599 817/922/600 811/923/600 815/924/601
f 815/924/601 816/925/602 824/926/603 827/927/604 808/928/599
f 824/929/603 816/925/602 814/930/605
f 807/931/606 821/932/607 809/916/595 822/933/597 823/934/606
f 829/935/596 809/916/595 821/932/607 813/936/608 812/937/609
f 829/935/596 812/937/609 810/938/610 818/939/610 819/940/610 820/941/610
f 822/933/597 809/916/595 828/915/594
g Lamparas_cell.009_Lamparas_cell.008
v -0.228084 2.789430 -0.045369
v -0.218291 2.788881 -0.043421
v -0.210833 2.789430 -0.087016
v -0.211129 2.741778 -0.087189
v -0.201366 2.788881 -0.084282
v -0.201653 2.741716 -0.084452
v -0.204304 2.741648 -0.078054
v -0.213452 2.741719 -0.081581
v -0.228423 2.741786 -0.045436
v -0.218622 2.741668 -0.004907
v -0.218622 2.741713 -0.043487
v -0.228424 2.741776 -0.000513
v -0.218622 2.741712 0.000584
v -0.228323 2.755919 -0.000515
v -0.218504 2.758581 0.000581
v -0.228084 2.789430 -0.000672
v -0.216262 2.808873 0.000559
v -0.218291 2.788881 0.000439
v -0.226003 2.809862 -0.000548
v -0.225885 2.811017 -0.044931
v -0.208125 2.809728 -0.062435
v -0.216147 2.810007 -0.042994
v -0.216505 2.810691 -0.067664
v -0.211236 2.810449 -0.080449
v -0.202143 2.809453 -0.076950
v -0.208882 2.809818 -0.086300
v -0.199660 2.806511 -0.083724
v -0.201366 2.788881 -0.084282
v -0.201653 2.741716 -0.084452
v -0.210833 2.789430 -0.087016
v -0.211129 2.741778 -0.087189
v -0.204304 2.741648 -0.078054
v -0.213452 2.741719 -0.081581
v -0.218622 2.741668 -0.004907
v -0.218622 2.741713 -0.043487
v -0.228423 2.741786 -0.045436
v -0.218622 2.741712 0.000584
v -0.228424 2.741776 -0.000513
v -0.228323 2.755919 -0.000515
v -0.218504 2.758581 0.000581
v -0.218291 2.788881 0.000439
v -0.216262 2.808873 0.000559
v -0.228084 2.789430 -0.000672
v -0.226003 2.809862 -0.000548
v -0.216147 2.810007 -0.042994
v -0.208125 2.809728 -0.062435
v -0.225885 2.811017 -0.044931
v -0.216505 2.810691 -0.067664
v -0.211236 2.810449 -0.080449
v -0.202143 2.809453 -0.076950
v -0.208882 2.809818 -0.086300
v -0.199660 2.806511 -0.083724
vn 0.2766 0.0029 -0.9610
vn -0.0032 -0.9999 -0.0118
vn -0.0083 -1.0000 -0.0009
vn -0.0075 -0.9999 0.0080
vn -0.1112 0.0009 0.9938
vn -0.1124 0.0055 0.9937
vn 0.0980 0.9948 0.0262
vn 0.1003 0.9947 0.0225
vn 0.2764 0.9473 -0.1622
vn -0.9985 0.0543 -0.0000
vn -0.9793 0.0550 -0.1948
vn -0.9807 0.0073 -0.1952
vn -1.0000 0.0071 -0.0000
vn -0.9225 0.0543 -0.3821
vn -0.9239 0.0071 -0.3827
vn -0.9191 0.1013 -0.3807
vn -0.9754 0.1033 -0.1948
vn -0.9949 0.1013 -0.0000
vn 1.0000 -0.0070 -0.0000
vn 0.9808 -0.0071 0.1951
vn 0.9793 -0.0548 0.1948
vn 0.9985 -0.0541 -0.0000
vn 0.9225 -0.0542 0.3821
vn 0.9239 -0.0070 0.3827
vn 0.9192 -0.1010 0.3807
vn 0.9754 -0.1029 0.1948
vn 0.9949 -0.1010 -0.0000
vt 1.000000 0.629512
vt 1.000000 0.675221
vt 0.300687 0.206189
vt 0.006463 0.000000
vt 0.071922 0.000000
vt 0.307837 0.165301
vt 1.000000 0.731219
vt 1.000000 0.764380
vt 0.675221 0.675221
vt 0.629512 0.629512
vt 0.780834 0.000000
vt 0.816259 0.000000
vt 0.817428 0.401386
vt 0.764380 0.764380
vt 0.731219 0.731219
vt 0.781953 0.384058
vt 1.000000 0.690579
vt 0.816259 0.816259
vt 0.780834 0.780834
vt 0.740592 0.740592
vt 0.690579 0.690579
vt 1.000000 0.690565
vt 1.000000 0.740572
vt 0.689791 0.276096
vt 0.679653 0.000000
vt 0.729298 0.000000
vt 0.739695 0.282172
vt 0.740572 0.740572
vt 0.690565 0.690565
vt 0.755915 0.436614
vt 1.000000 0.640579
vt 1.000000 0.683447
vt 0.714572 0.444934
vt 0.270702 0.000000
vt 0.320347 0.000000
vt 1.000000 0.756519
vt 0.683447 0.683447
vt 0.640579 0.640579
vt 1.000000 0.723546
vt 0.723546 0.723546
vt 0.952315 0.000000
vt 0.995714 0.000000
vt 0.756519 0.756519
vt 0.249537 0.607494
vt 0.218750 0.607494
vt 0.218750 0.554406
vt 0.249647 0.554395
vt 0.249646 0.570154
vt 0.187700 0.607494
vt 0.187664 0.554397
vt 0.191839 0.554332
vt 0.187551 0.629341
vt 0.187700 0.607494
vt 0.218750 0.631032
vt 0.201628 0.630676
vt 0.192011 0.630412
vt 0.249537 0.607494
vt 0.249620 0.629772
vt 0.246474 0.554625
vt 0.218750 0.554675
vt 0.250316 0.607494
vt 0.250418 0.573564
vt 0.250419 0.554674
vt 0.186919 0.607494
vt 0.191859 0.554603
vt 0.186883 0.554678
vt 0.187651 0.629870
vt 0.192034 0.630547
vt 0.203447 0.630855
vt 0.218750 0.631168
vt 0.218750 0.631168
vt 0.250407 0.629897
s 0
usemtl Material.015
f 880/942/611 882/943/611 881/944/611 902/945/611 903/946/611 879/947/611
f 883/948/612 884/949/612 882/950/612 880/951/612
f 885/952/613 889/953/613 887/954/613 884/955/613 883/956/613 886/957/613
f 888/958/614 889/959/614 885/960/614
f 889/961/615 888/962/615 891/963/615 890/964/615
f 892/965/616 893/966/616 895/967/616 894/968/616 890/969/616 891/970/616
f 896/971/617 897/972/617 899/973/617 898/974/617 895/975/617 893/976/617
f 900/977/618 899/978/618 897/979/618 901/980/618
f 901/981/619 903/982/619 902/983/619 900/984/619
s 1
f 867/985/620 852/986/621 860/987/622 863/988/623 865/989/623
f 852/986/621 854/990/624 855/991/625 859/992/625 860/987/622
f 877/993/626 854/994/624 852/986/621 871/995/627 874/996/626 875/997/626
f 852/986/621 867/998/620 870/999/628 871/995/627
f 861/1000/629 862/1001/630 853/986/631 869/1002/632 866/1003/629 864/1004/629
f 856/1005/633 853/986/631 862/1001/630 858/1006/634 857/1007/634
f 878/1008/635 876/1009/635 872/1010/635 873/1011/636 853/986/631 856/1005/633
f 869/1002/632 853/986/631 873/1012/636 868/1013/637
g Lamparas_cell.010_Lamparas_cell.009
v -0.012498 3.146831 0.013901
v -0.001260 3.160833 0.002424
v -0.012835 3.142716 0.019323
v -0.001264 3.153043 0.013143
v -0.008880 3.139408 0.013778
v -0.003282 3.138592 0.016503
v -0.001157 3.142902 0.014521
v -0.000901 3.142902 0.007696
v -0.000796 3.142902 0.002196
v -0.008880 3.139408 0.013778
v -0.003282 3.138592 0.016503
v -0.001157 3.142902 0.014521
v -0.000901 3.142902 0.007696
v -0.000796 3.142902 0.002196
vn 0.3446 0.1667 0.9238
vn -0.8413 -0.4041 -0.3590
vn -0.2910 -0.8985 0.3286
vn 0.9580 0.0486 0.2828
vn 0.9995 0.0256 0.0190
vn -0.7208 -0.1066 -0.6849
vn -0.3774 0.7490 0.5445
vn 0.4178 -0.8878 -0.1932
vt 1.000000 0.000000
vt 1.000000 1.000000
vt 0.000000 0.000000
vt 1.000000 0.678757
vt 0.678758 0.678758
vt 0.508321 0.000000
vt 0.982408 0.982408
vt 0.923105 0.572678
vt 0.368954 0.000000
vt 0.508321 0.508321
vt 0.631046 0.000000
vt 1.000000 0.727417
vt 0.468750 1.000000
vt 0.390807 1.000000
vt 0.491382 1.000000
vt 0.490251 1.000000
vt 0.487478 1.000000
s 0
usemtl Material.015
f 907/1014/638 906/1015/638 914/1016/638
f 913/1017/639 906/1015/639 904/1016/639
f 913/1018/640 914/1014/640 906/1015/640
f 916/1019/641 907/1014/641 914/1020/641 915/1021/641
f 917/1022/642 905/1014/642 907/1015/642 916/1023/642
f 904/1015/643 905/1016/643 917/1024/643 913/1025/643
f 905/1016/644 904/1014/644 906/1015/644 907/1015/644
s 1
f 909/1026/645 908/1027/645 912/1028/645 911/1029/645 910/1030/645
g Lamparas_cell.011_Lamparas_cell.010
v -0.079019 3.015806 0.118260
v -0.074775 3.009351 0.111910
v -0.094864 2.978276 0.141975
v -0.084090 2.977100 0.147130
v -0.034657 2.979784 0.166027
v -0.027605 3.013093 0.127758
v -0.028281 3.009351 0.131168
v -0.028906 3.015806 0.139018
v -0.028131 3.020086 0.135110
v -0.023654 3.036088 0.106708
v -0.024371 3.041948 0.115065
v -0.052850 3.066412 0.079096
v -0.049501 3.058303 0.074084
v -0.061456 3.071423 0.064022
v -0.062890 3.066104 0.050640
v -0.087808 3.054650 0.059324
v -0.071814 3.060583 0.048831
v -0.081915 3.047667 0.055380
v -0.076805 3.068699 0.052190
v -0.100881 3.022928 0.068304
v -0.106219 3.030671 0.071870
v -0.106071 3.016056 0.071972
v -0.111753 3.023354 0.075781
v -0.105859 3.011255 0.078372
v -0.099389 2.970891 0.121931
v -0.111386 3.015806 0.085893
v -0.067771 3.074535 0.053690
v -0.072504 3.073653 0.050095
v -0.066412 3.066815 0.046201
v -0.106508 2.976943 0.131355
v -0.088264 2.971955 0.132097
v -0.035622 2.972620 0.169840
v -0.034414 2.967142 0.157720
v -0.094864 2.978276 0.141975
v -0.084090 2.977100 0.147130
v -0.027605 3.013093 0.127758
v -0.028281 3.009351 0.131168
v -0.028906 3.015806 0.139018
v -0.028131 3.020086 0.135110
v -0.034657 2.979784 0.166027
v -0.024371 3.041948 0.115065
v -0.023654 3.036088 0.106708
v -0.052850 3.066412 0.079096
v -0.061456 3.071423 0.064022
v -0.049501 3.058303 0.074084
v -0.062890 3.066104 0.050640
v -0.071814 3.060583 0.048831
v -0.081915 3.047667 0.055380
v -0.087808 3.054650 0.059324
v -0.076805 3.068699 0.052190
v -0.100881 3.022928 0.068304
v -0.106219 3.030671 0.071870
v -0.106071 3.016056 0.071972
v -0.111753 3.023354 0.075781
v -0.105859 3.011255 0.078372
v -0.067771 3.074535 0.053690
v -0.072504 3.073653 0.050095
v -0.035622 2.972620 0.169840
v -0.088264 2.971955 0.132097
v -0.034414 2.967142 0.157720
v -0.066412 3.066815 0.046201
v -0.106508 2.976943 0.131355
v -0.111386 3.015806 0.085893
v -0.099389 2.970891 0.121931
vn -0.3015 -0.8475 0.4369
vn 0.9898 -0.0630 0.1278
vn 0.9906 -0.0563 0.1245
vn 0.8077 0.5131 -0.2905
vn 0.7485 0.5612 -0.3533
vn -0.5504 0.0071 -0.8349
vn -0.5595 -0.0041 -0.8288
vn -0.5669 -0.0115 -0.8237
vn -0.8220 -0.4695 -0.3223
vn -0.8217 -0.4737 -0.3169
vn 0.3576 0.6819 -0.6380
vn -0.2586 -0.8897 0.3763
vn -0.4905 0.0582 -0.8695
vn -0.5709 0.5946 0.5661
vn -0.4459 0.5995 0.6646
vn -0.4279 0.6408 0.6374
vn -0.5374 0.6512 0.5359
vn -0.2967 0.6348 0.7134
vn -0.3236 0.5375 0.7787
vn -0.3363 0.4774 0.8118
vn -0.4481 0.6804 0.5798
vn -0.2826 0.6742 0.6823
vn -0.5222 0.6742 0.5222
vn 0.6009 -0.5385 -0.5907
vn 0.5462 -0.6375 -0.5434
vn 0.4424 -0.6091 -0.6583
vn 0.4680 -0.5456 -0.6952
vn 0.3054 -0.6027 -0.7372
vn 0.3228 -0.5371 -0.7793
vn 0.4484 -0.6799 -0.5803
vn 0.2828 -0.6736 -0.6828
vn 0.5226 -0.6736 -0.5226
vt 0.050364 0.000000
vt 0.324298 0.000000
vt 0.196031 0.008779
vt 0.917839 0.391392
vt 1.000000 0.429680
vt 1.000000 0.457429
vt 0.905941 0.413609
vt 0.180115 0.063575
vt 0.055243 0.000000
vt 0.129283 0.000000
vt 0.457429 0.457429
vt 0.429680 0.429680
vt 1.000000 0.357577
vt 1.000000 0.388763
vt 0.864858 0.167364
vt 0.388763 0.388763
vt 0.357576 0.357576
vt 0.789720 0.156722
vt 1.000000 0.026704
vt 1.000000 0.083774
vt 0.026703 0.026703
vt 0.082770 0.000000
vt 0.259607 0.000000
vt 0.083775 0.083775
vt 1.000000 0.252620
vt 1.000000 0.275011
vt 0.240395 0.000000
vt 0.302158 0.000000
vt 0.252620 0.252620
vt 1.000000 0.314205
vt 1.000000 0.334802
vt 0.275011 0.275011
vt 0.314205 0.314205
vt 0.334113 0.000000
vt 0.356032 0.000000
vt 0.334802 0.334802
vt 0.334113 0.334113
vt 1.000000 0.304303
vt 1.000000 0.327214
vt 0.356032 0.356032
vt 0.327214 0.327214
vt 0.338305 0.288495
vt 0.901788 0.000000
vt 0.956216 0.020536
vt 0.271603 0.271603
vt 0.087270 0.000000
vt 0.273740 0.000000
vt 0.942598 0.000000
vt 1.000000 0.675702
vt 0.995244 0.995244
vt 0.911193 0.911193
vt 0.927261 0.751263
vt 0.865801 0.000000
vt 0.302158 0.302158
vt 0.240395 0.240395
vt 0.726260 0.000000
vt 0.912730 0.000000
vt 0.389333 0.818357
vt 0.406250 0.818357
vt 0.406250 0.854378
vt 0.354698 0.854378
vt 0.467338 0.854378
vt 0.406250 0.854378
vt 0.467211 0.818357
vt 0.467046 0.812128
vt 0.406250 0.817023
vt 0.417299 0.815983
vt 0.406250 0.911353
vt 0.467338 0.854378
vt 0.466571 0.859196
vt 0.465989 0.883811
vt 0.355728 0.920498
vt 0.345971 0.919506
vt 0.344863 0.913928
vt 0.344486 0.898111
vt 0.344631 0.871114
vt 0.344826 0.862876
vt 0.354698 0.854378
vt 0.406250 0.911353
vt 0.376890 0.916995
vt 0.389890 0.817398
vt 0.354117 0.854378
vt 0.406250 0.818421
vt 0.466143 0.854378
vt 0.465160 0.813792
vt 0.406250 0.818421
vt 0.406250 0.909064
vt 0.463441 0.884246
vt 0.464787 0.858557
vt 0.466143 0.854378
vt 0.350288 0.918919
vt 0.356664 0.917779
vt 0.406250 0.909064
vt 0.351502 0.856504
vt 0.344877 0.861868
vt 0.344683 0.869545
vt 0.344534 0.897183
vt 0.344915 0.911612
s 0
usemtl Material.015
f 979/1031/646 952/1032/646 951/1033/646
f 954/1034/647 953/1035/647 956/1036/647 955/1037/647 957/1038/647 975/1039/647 977/1040/647
f 956/1041/648 953/1042/648 959/1043/648 958/1044/648
f 960/1045/649 958/1046/649 959/1047/649 962/1048/649 963/1049/649 961/1050/649
f 963/1051/650 978/1052/650 973/1053/650 961/1054/650
f 965/1055/651 966/1056/651 967/1057/651 964/1058/651
f 965/1059/652 968/1060/652 969/1061/652 966/1062/652
f 968/1063/653 970/1064/653 971/1065/653 969/1066/653
f 970/1067/654 972/1068/654 943/1069/654 971/1070/654
f 943/1071/655 972/1072/655 981/1073/655 979/1074/655
f 973/1075/656 978/1076/656 974/1077/656
f 975/1078/657 952/1079/657 979/1080/657 981/1081/657 976/1082/657 977/1083/657
f 964/1084/658 967/1085/658 974/1086/658 978/1087/658
s 1
f 947/1088/659 920/1089/660 918/1090/661 980/1091/662
f 925/1092/663 918/1093/661 920/1089/660 922/1094/664
f 949/1095/665 922/1094/664 920/1096/660 921/1097/665
f 929/1098/666 918/1093/661 925/1099/663 926/1100/667 928/1101/667
f 944/1102/668 945/1103/668 936/1104/668 933/1105/668 938/1106/668 940/1107/668 980/1108/662 918/1090/661 929/1109/666 931/1110/668
f 942/1111/669 941/1112/670 919/1090/671 948/1113/672
f 919/1093/671 924/1114/673 950/1115/674 948/1116/672
f 919/1093/671 930/1117/675 927/1118/676 923/1119/676 924/1120/673
f 946/1121/677 932/1122/677 930/1123/675 919/1090/671 941/1124/670 939/1125/677 937/1126/677 935/1127/677 934/1128/677
g Lamparas_cell.012_Lamparas_cell.011
v 0.023359 3.140778 -0.004220
v 0.001264 3.161040 -0.000256
v 0.012311 3.142902 -0.008225
v 0.014521 3.142902 -0.002888
v 0.021659 3.177329 0.006942
v 0.022667 3.157781 0.004508
v 0.022667 3.152761 0.002251
v 0.023813 3.146205 -0.002489
v 0.022667 3.172719 0.004508
v 0.006826 3.142902 -0.009069
v 0.002110 3.142902 -0.001470
v 0.014792 3.140648 0.004943
v 0.018345 3.134588 0.000020
v 0.018015 3.133506 -0.005746
v 0.022667 3.157781 0.004508
v 0.022667 3.152761 0.002251
v 0.021659 3.177329 0.006942
v 0.022667 3.172719 0.004508
v 0.006826 3.142902 -0.009069
v 0.012311 3.142902 -0.008225
v 0.002110 3.142902 -0.001470
v 0.014792 3.140648 0.004943
v 0.018345 3.134588 0.000020
v 0.018015 3.133506 -0.005746
vn -0.2190 -0.0122 0.9756
vn 0.7041 -0.3014 0.6430
vn -0.0255 0.4306 -0.9022
vn -0.8497 -0.0043 -0.5273
vn -0.4611 -0.0806 0.8837
vn 0.8149 -0.3374 0.4712
vn 0.3325 -0.0467 -0.9420
vn -0.0149 -0.9913 -0.1305
vn -0.3814 -0.9244 0.0016
vn -0.5686 -0.8226 0.0083
vn -0.5680 -0.8125 -0.1311
vn 0.9298 -0.0000 0.3680
vn 0.9998 -0.0000 0.0180
vn 1.0000 -0.0000 -0.0000
vn 0.9239 -0.0000 0.3827
vn -0.8989 -0.4243 0.1090
vn -0.8833 -0.4018 0.2413
vn 0.3582 0.3090 -0.8810
vt 1.000000 0.447040
vt 0.800226 0.800226
vt 0.000000 0.000000
vt 1.000000 0.000000
vt 0.733768 0.281508
vt 0.447040 0.447040
vt 1.000000 0.133613
vt 0.781927 0.781927
vt 1.000000 1.000000
vt 0.221915 0.221915
vt 1.000000 0.473388
vt 0.424089 0.424089
vt 0.336772 0.278422
vt 0.249438 0.000000
vt 1.000000 0.378887
vt 0.436456 0.237742
vt 0.713197 1.000000
vt 0.837106 1.000000
vt 0.843750 1.000000
vt 0.781250 1.000000
vt 0.707880 1.000000
vt 0.718750 1.000000
vt 0.757861 1.000000
vt 0.700492 1.000000
vt 0.781250 0.993078
vt 0.838797 0.997041
vt 0.799280 0.993078
vt 0.577677 0.000000
vt 1.000000 0.781927
vt 0.962161 0.756472
vt 0.383613 0.279933
vt 0.133613 0.133613
vt 0.749689 0.993876
s 0
usemtl Material.015
f 996/1129/678 998/1130/678 983/1131/678 1003/1132/678
f 997/1133/679 996/1134/679 1003/1131/679 982/1132/679 989/1135/679
f 983/1132/680 998/1136/680 1000/1131/680
f 983/1137/681 1000/1138/681 1002/1139/681
f 1003/1132/682 983/1137/682 1002/1140/682
f 982/1132/683 1003/1137/683 1004/1141/683 1005/1142/683
f 984/1143/684 982/1137/684 1005/1144/684
s 1
f 992/1145/685 991/1146/685 1001/1147/686 985/1148/687 993/1149/688
f 999/1150/689 987/1150/690 988/1151/691
f 986/1152/692 987/1150/690 999/1150/689
f 994/1153/693 985/1148/687 1001/1154/686 995/1155/694
s 0
f 982/1137/695 984/1156/695 1000/1132/695 998/1157/695 990/1158/695 997/1159/695 989/1160/695
s 1
f 985/1148/687 994/1161/693 993/1150/688
g Lamparas_cell.013_Lamparas_cell.012
v -0.079019 3.015805 -0.118260
v -0.055975 3.011356 -0.131436
v -0.054663 3.015805 -0.128349
v -0.050729 3.026869 -0.119047
v -0.049126 3.046271 -0.100540
v -0.073757 3.044695 -0.086225
v -0.096206 3.015805 -0.101073
v -0.097718 3.005916 -0.110105
v -0.048955 3.041327 -0.105496
v -0.068842 2.996628 -0.138124
v -0.098977 2.996911 -0.118445
v -0.086410 2.998497 -0.129322
v -0.061058 3.051974 -0.089529
v -0.055975 3.011356 -0.131436
v -0.054663 3.015805 -0.128349
v -0.050729 3.026869 -0.119047
v -0.096206 3.015805 -0.101073
v -0.097718 3.005916 -0.110105
v -0.073757 3.044695 -0.086225
v -0.048955 3.041327 -0.105496
v -0.098977 2.996911 -0.118445
v -0.068842 2.996628 -0.138124
v -0.086410 2.998497 -0.129322
v -0.061058 3.051974 -0.089529
v -0.049126 3.046271 -0.100540
vn 0.9240 -0.0071 -0.3824
vn 0.4653 -0.4721 0.7487
vn 0.4109 -0.6473 0.6420
vn 0.4114 -0.6497 0.6393
vn -0.3381 -0.7934 -0.5063
vn -0.4257 0.6436 -0.6361
vn -0.2969 0.6401 -0.7086
vn -0.3056 0.6020 -0.7377
vn -0.4405 0.6094 -0.6592
vn -0.5418 0.6425 -0.5418
vn -0.5646 0.6020 -0.5646
vn -0.3986 0.6822 -0.6130
vn -0.5222 0.6742 -0.5222
vn -0.2875 0.6765 -0.6780
vt 0.400281 0.398196
vt 0.634592 0.634592
vt 0.309861 0.309861
vt 0.716860 0.716860
vt 0.000000 0.000000
vt 1.000000 0.180140
vt 1.000000 0.188149
vt 1.000000 0.936641
vt 0.891797 0.891797
vt 0.180139 0.180139
vt 0.662848 0.056817
vt 1.000000 0.634592
vt 0.936641 0.936641
vt 0.188149 0.188149
vt 0.224481 0.000000
vt 0.839524 0.000000
vt 1.000000 0.309861
vt 0.839524 0.839524
vt 0.224481 0.224481
vt 0.498517 0.482977
vt 0.093750 0.854378
vt 0.064060 0.854378
vt 0.064016 0.849928
vt 0.073444 0.835200
vt 0.093750 0.837069
vt 0.121124 0.854378
vt 0.093750 0.837069
vt 0.110889 0.835483
vt 0.115607 0.844488
vt 0.093750 0.895248
vt 0.110764 0.890402
vt 0.064060 0.854378
vt 0.093750 0.895248
vt 0.070809 0.886541
vt 0.069421 0.883111
vt 0.064119 0.866833
s 0
usemtl Material.015
f 1020/1162/696 1021/1163/696 1019/1164/696
f 1030/1165/697 1029/1166/697 1024/1167/697
f 1023/1168/698 1025/1169/698 1030/1170/698 1024/1171/698 1022/1172/698
f 1021/1173/699 1025/1174/699 1023/1175/699 1026/1176/699 1027/1177/699 1019/1178/699
f 1027/1179/700 1026/1180/700 1028/1181/700
s 1
f 1006/1182/701 1008/1183/702 1007/1184/703 1015/1185/703 1017/1186/704
f 1012/1187/705 1006/1182/701 1017/1188/704 1016/1189/706 1013/1190/706
f 1018/1191/707 1006/1182/701 1012/1187/705 1011/1192/708
f 1008/1193/702 1006/1182/701 1018/1194/707 1010/1195/709 1014/1196/709 1009/1197/709
g Lamparas_cell.014_Lamparas_cell.013
v -0.015999 3.156134 0.005673
v -0.019607 3.139127 0.004409
v -0.026087 3.133347 -0.001164
v -0.014896 3.186693 -0.009461
v -0.022666 3.152761 0.004509
v -0.023850 3.145987 0.004744
v -0.027036 3.139001 0.005378
v -0.021278 3.158516 0.007859
v -0.022666 3.169495 0.004509
v -0.022666 3.188777 -0.004509
v -0.020306 3.197110 -0.010206
v -0.028107 3.137827 -0.002821
v -0.025565 3.142226 -0.004221
v -0.029558 3.135003 0.008827
v -0.018020 3.188296 -0.014035
v -0.021151 3.164744 -0.008166
v -0.019215 3.181821 -0.012839
v -0.023059 3.150515 -0.004587
v -0.038633 3.126297 0.000879
v -0.035929 3.129259 0.004911
v -0.022666 3.188777 -0.004509
v -0.020306 3.197110 -0.010206
v -0.022666 3.169495 0.004509
v -0.026087 3.133347 -0.001164
v -0.028107 3.137827 -0.002821
v -0.018020 3.188296 -0.014035
v -0.019215 3.181821 -0.012839
v -0.021151 3.164744 -0.008166
v -0.038633 3.126297 0.000879
v -0.035929 3.129259 0.004911
v -0.023850 3.145987 0.004744
v -0.027036 3.139001 0.005378
v -0.022666 3.152761 0.004509
v -0.021278 3.158516 0.007859
v -0.025565 3.142226 -0.004221
v -0.029558 3.135003 0.008827
v -0.023059 3.150515 -0.004587
vn 0.0471 -0.3276 -0.9436
vn 0.1155 -0.5203 0.8461
vn 0.9402 -0.1778 -0.2906
vn -0.0070 0.0963 0.9953
vn 0.8173 0.3944 -0.4201
vn 0.7560 -0.2511 -0.6044
vn 0.7509 -0.2540 -0.6097
vn 0.5048 -0.8216 0.2649
vn 0.4900 -0.7919 0.3644
vn -0.9914 0.1305 -0.0039
vn -0.9921 0.0918 0.0849
vn -0.9978 0.0064 0.0661
vn -0.9398 0.0040 -0.3416
vn -0.8928 0.0135 -0.4503
vn -0.9038 0.0088 -0.4278
vn -0.9158 0.0034 -0.4015
vn -0.9239 -0.0000 0.3827
vn -0.8119 0.0424 -0.5823
vn -0.8342 0.5430 -0.0958
vn -0.9461 0.3228 0.0267
vn -0.9297 0.3675 0.0228
vn -0.8447 0.5080 -0.1685
vn -0.7393 0.5504 -0.3880
vn -0.7555 0.5789 -0.3068
vn -0.7250 0.6511 0.2246
vn 0.5598 0.3450 0.7534
vt 1.000000 0.000000
vt 0.945272 0.004481
vt 0.845201 0.000000
vt 1.000000 0.020072
vt 0.938684 0.000000
vt 1.000000 1.000000
vt 0.000000 0.000000
vt 0.914734 0.164192
vt 0.879511 0.000000
vt 0.939143 0.924152
vt 0.938561 0.527022
vt 0.026873 0.026873
vt 0.399530 0.000000
vt 1.000000 0.600470
vt 0.496679 0.000000
vt 0.858207 0.391282
vt 0.604988 0.298667
vt 0.496679 0.496679
vt 0.756682 0.195850
vt 0.325321 0.000000
vt 1.000000 0.712870
vt 0.674679 0.000000
vt 1.000000 0.120490
vt 0.218750 1.000000
vt 0.281250 1.000000
vt 0.156250 1.000000
vt 0.191313 1.000000
vt 0.306271 1.000000
vt 0.306402 1.000000
vt 0.144536 1.000000
vt 0.281250 0.993078
vt 0.281250 1.000000
vt 0.224120 0.996274
vt 0.231554 0.993078
vt 0.225791 1.000000
vt 0.234394 0.991758
vt 0.238856 0.989664
vt 0.255373 0.978777
vt 0.281250 0.984343
vt 0.296289 0.988577
vt 1.000000 0.020525
vt 0.606017 0.027828
vt 0.025396 0.000886
vt 0.020080 0.020080
s 0
usemtl Material.015
f 1054/1198/710 1055/1199/710 1065/1200/710
f 1064/1201/711 1035/1202/711 1031/1198/711
f 1031/1203/712 1032/1204/712 1034/1198/712
f 1062/1205/713 1066/1206/713 1032/1198/713 1031/1203/713 1035/1207/713 1061/1208/713
f 1052/1209/714 1034/1204/714 1056/1210/714
f 1056/1211/715 1034/1203/715 1032/1204/715 1058/1212/715 1057/1213/715
f 1067/1214/716 1058/1215/716 1032/1204/716 1054/1198/716 1065/1216/716
f 1060/1217/717 1059/1218/717 1054/1203/717 1032/1204/717
f 1060/1219/718 1032/1198/718 1066/1220/718
s 1
f 1048/1221/719 1063/1222/720 1053/1222/721 1051/1221/722
f 1048/1221/719 1051/1221/722 1041/1223/723 1047/1223/724 1046/1224/725
f 1053/1222/721 1063/1225/720 1038/1226/726
f 1041/1223/723 1045/1227/727 1047/1223/724
f 1037/1228/728 1036/1229/729 1043/1230/730 1042/1231/731
f 1036/1229/729 1063/1222/720 1048/1221/719 1043/1232/730
f 1037/1228/728 1042/1233/731 1033/1234/732 1049/1235/732 1050/1236/733
f 1037/1228/728 1050/1236/733 1044/1237/734
s 0
f 1031/1204/735 1034/1198/735 1052/1238/735 1040/1239/735 1039/1240/735 1064/1241/735
g Lamparas_cell.015_Lamparas_cell.014
v 0.003839 3.139931 -0.020603
v -0.000514 3.161122 -0.001510
v 0.005943 3.147079 -0.010965
v 0.002889 3.142902 -0.014521
v -0.002888 3.142902 -0.014521
v 0.005804 3.138645 -0.015432
v 0.003704 3.133986 -0.018621
v 0.003288 3.142903 -0.006543
v -0.000320 3.142903 -0.001270
v -0.000920 3.152761 -0.022666
v -0.005247 3.159741 -0.022360
v -0.015428 3.178297 -0.016627
v -0.005068 3.138123 -0.015997
v -0.012903 3.148933 -0.019913
v -0.005844 3.150635 -0.022515
v -0.015436 3.171544 -0.016619
v -0.004536 3.142903 -0.005531
v -0.009643 3.142902 -0.010893
v -0.015364 3.159720 -0.016691
v -0.014169 3.154081 -0.017885
v 0.003288 3.142903 -0.006543
v -0.000320 3.142903 -0.001270
v -0.012903 3.148933 -0.019913
v -0.005844 3.150635 -0.022515
v -0.004536 3.142903 -0.005531
v -0.009643 3.142902 -0.010893
v -0.015436 3.171544 -0.016619
v -0.015364 3.159720 -0.016691
v -0.014169 3.154081 -0.017885
v 0.005804 3.138645 -0.015432
v 0.003704 3.133986 -0.018621
v 0.002889 3.142902 -0.014521
v -0.000920 3.152761 -0.022666
v -0.005247 3.159741 -0.022360
v -0.005068 3.138123 -0.015997
vn 0.9115 -0.1484 -0.3835
vn 0.9681 -0.1296 0.2145
vn 0.8995 -0.1300 0.4172
vn 0.8251 0.0162 0.5647
vn -0.3847 -0.2840 -0.8783
vn 0.8824 0.2647 -0.3890
vn 0.7713 0.4456 -0.4544
vn -0.6591 -0.6278 -0.4141
vn -0.2475 -0.3530 -0.9023
vn 0.0552 -0.1973 -0.9788
vn -0.7109 0.0017 0.7033
vn -0.9444 -0.2463 0.2177
vn -0.9454 -0.2906 0.1474
vn -0.2996 0.0749 -0.9511
vn -0.4629 0.0952 -0.8813
vn -0.4974 0.0314 -0.8669
vn -0.3819 0.0327 -0.9236
vn -0.0391 0.0196 -0.9990
vn 0.7781 0.6241 -0.0706
vn -0.0000 -1.0000 -0.0000
vn 0.1705 -0.9328 0.3174
vn 0.1379 -0.8021 0.5810
vn -0.0297 -0.7804 0.6245
vn -0.0745 -0.4009 0.9131
vn -0.3477 -0.4178 0.8394
vn 0.2092 -0.4121 0.8868
vn -0.7241 -0.0086 0.6897
vn -0.7071 -0.0000 -0.7071
vn -0.3878 0.2537 -0.8861
vt 1.000000 0.624964
vt 0.661513 0.000000
vt 1.000000 0.000000
vt 0.624964 0.624964
vt 0.000000 0.000000
vt 0.799800 0.298214
vt 0.224227 0.224227
vt 1.000000 0.557737
vt 0.615234 0.000000
vt 0.557737 0.557737
vt 1.000000 1.000000
vt 0.115474 0.000000
vt 0.254765 0.254765
vt 0.235316 0.000000
vt 1.000000 0.796842
vt 0.466926 0.466926
vt 0.796842 0.796842
vt 0.123934 0.000000
vt 1.000000 0.584149
vt 0.954593 0.954593
vt 0.665475 0.399971
vt 0.781185 0.000000
vt 1.000000 0.384766
vt 0.235316 0.235316
vt 0.231168 0.000000
vt 1.000000 0.393839
vt 0.707815 0.000000
vt 0.845892 0.108229
vt 0.031250 1.000000
vt 0.093750 1.000000
vt 0.404320 1.000000
vt 1.000000 0.254765
vt 0.116002 0.000000
vt 0.311049 0.000000
vt 0.964068 1.000000
vt 0.484168 1.000000
vt 0.373340 1.000000
vt 0.932034 1.000000
vt 0.968750 1.000000
vt 0.958174 0.994950
vt 0.943750 0.996864
vt 0.031250 0.995568
vt 0.093750 0.998545
vt 0.606161 0.000000
vt 0.951777 0.252715
vt 0.781185 0.781185
vt 0.231168 0.231168
vt 0.106789 1.000000
vt 0.118500 1.000000
vt 0.091397 1.000000
vt 0.040409 1.000000
vt 0.968750 0.993433
s 0
usemtl Material.015
f 1097/1242/736 1074/1243/736 1068/1244/736
f 1097/1245/737 1068/1246/737 1070/1244/737 1071/1247/737
f 1071/1248/738 1070/1246/738 1069/1244/738 1088/1249/738
f 1069/1246/739 1089/1250/739 1088/1251/739
f 1100/1244/740 1068/1252/740 1074/1253/740
f 1070/1244/741 1068/1252/741 1100/1246/741
f 1094/1254/742 1079/1255/742 1069/1244/742 1070/1252/742
f 1090/1244/743 1074/1256/743 1102/1257/743 1085/1246/743
f 1074/1258/744 1090/1259/744 1091/1260/744
f 1100/1244/745 1074/1261/745 1091/1262/745
f 1092/1263/746 1089/1264/746 1069/1252/746 1079/1265/746 1094/1266/746
f 1095/1267/747 1096/1268/747 1085/1244/747
f 1090/1244/748 1085/1252/748 1096/1269/748
s 1
f 1082/1270/749 1087/1271/750 1083/1271/751 1101/1270/752
f 1077/1272/753 1082/1270/749 1101/1270/752
s 0
f 1094/1273/754 1070/1252/754 1100/1274/754 1078/1275/754
s 1
f 1075/1276/755 1076/1277/755 1084/1278/755 1093/1271/756 1072/1270/757 1099/1279/758
f 1099/1280/758 1098/1281/759 1073/1282/760
f 1080/1283/761 1072/1270/757 1093/1284/756
s 0
f 1095/1285/762 1085/1286/762 1092/1287/762 1094/1288/762
s 1
f 1083/1271/751 1087/1289/750 1086/1290/763
f 1081/1291/764 1087/1271/750 1082/1292/749
f 1098/1293/759 1099/1280/758 1072/1270/757 1080/1283/761
g Lamparas_cell.016_Lamparas_cell.015
v -0.210782 2.884585 0.041927
v -0.191239 2.934527 0.038040
v -0.182369 2.930259 0.036276
v -0.168291 2.951889 0.068791
v -0.162877 2.941258 0.065032
v -0.158904 2.948121 0.063205
v -0.195561 2.883332 0.079508
v -0.185265 2.878000 0.073361
v -0.169275 2.930259 0.067889
v -0.176965 2.934527 0.072499
v -0.199372 2.877936 0.073885
v -0.188872 2.873374 0.068556
v -0.209919 2.863891 0.057742
v -0.199143 2.860991 0.054205
v -0.216052 2.863828 0.027900
v -0.204724 2.861001 0.028306
v -0.214209 2.871089 0.018294
v -0.201980 2.869502 0.016898
v -0.198046 2.881691 0.000996
v -0.210798 2.884525 0.001017
v -0.178952 2.935626 0.000993
v -0.182369 2.930259 0.000996
v -0.191239 2.934527 0.001012
v -0.187373 2.941642 0.001009
v -0.180877 2.953600 0.001031
v -0.170951 2.948190 0.001016
v -0.179315 2.956475 0.035668
v -0.161821 2.948992 0.054713
v -0.170774 2.954362 0.059287
v -0.169290 2.950799 0.033674
v -0.215859 2.864589 0.042937
v -0.204525 2.861617 0.040683
v -0.162877 2.941258 0.065032
v -0.158904 2.948121 0.063205
v -0.185265 2.878000 0.073361
v -0.169275 2.930259 0.067889
v -0.168291 2.951889 0.068791
v -0.176965 2.934527 0.072499
v -0.188872 2.873374 0.068556
v -0.195561 2.883332 0.079508
v -0.199372 2.877936 0.073885
v -0.214209 2.871089 0.018294
v -0.210798 2.884525 0.001017
v -0.201980 2.869502 0.016898
v -0.198046 2.881691 0.000996
v -0.191239 2.934527 0.001012
v -0.187373 2.941642 0.001009
v -0.178952 2.935626 0.000993
v -0.182369 2.930259 0.000996
v -0.170951 2.948190 0.001016
v -0.180877 2.953600 0.001031
v -0.169290 2.950799 0.033674
v -0.179315 2.956475 0.035668
v -0.170774 2.954362 0.059287
v -0.161821 2.948992 0.054713
v -0.199143 2.860991 0.054205
v -0.204525 2.861617 0.040683
v -0.209919 2.863891 0.057742
v -0.215859 2.864589 0.042937
v -0.216052 2.863828 0.027900
v -0.204724 2.861001 0.028306
vn 0.4942 -0.0551 0.8676
vn 0.4892 -0.0586 0.8702
vn 0.0286 -0.7308 0.6820
vn 0.0061 -0.7577 0.6525
vn -0.1702 -0.7701 -0.6148
vn -0.1703 -0.7613 -0.6257
vn -0.0016 0.0005 -1.0000
vn -0.0004 0.0021 -1.0000
vn 0.4763 0.8742 -0.0940
vn 0.4581 0.8885 0.0277
vn -0.2436 -0.9685 0.0521
vn -0.9067 0.4217 -0.0000
vn -0.8877 0.4251 0.1771
vn -0.8580 0.4846 0.1706
vn -0.8787 0.4774 -0.0000
vn -0.9443 0.3292 -0.0001
vn -0.9326 0.3092 0.1860
vn -0.9693 0.2461 -0.0000
vn -0.9496 0.2506 0.1884
vn -0.8376 0.4211 0.3480
vn -0.8118 0.4774 0.3363
vn -0.8728 0.3261 0.3630
vn -0.8955 0.2461 0.3709
vn 0.8226 -0.5445 -0.1636
vn 0.8873 -0.4260 -0.1765
vn 0.9049 -0.4256 -0.0000
vn 0.8435 -0.5371 -0.0000
vn 0.9317 -0.3126 -0.1849
vn 0.9517 -0.3072 -0.0000
vn 0.7793 -0.5371 -0.3228
vn 0.8360 -0.4258 -0.3463
vn 0.8792 -0.3072 -0.3642
vt 1.000000 0.024448
vt 1.000000 0.116792
vt 0.904540 0.000000
vt 0.285673 0.103259
vt 0.116791 0.116791
vt 0.024448 0.024448
vt 0.282307 0.016041
vt 1.000000 0.054705
vt 1.000000 0.169919
vt 1.000000 0.537510
vt 0.169919 0.169919
vt 0.054706 0.054706
vt 1.000000 0.475074
vt 0.537510 0.537510
vt 0.475074 0.475074
vt 1.000000 0.416564
vt 1.000000 0.481686
vt 0.442775 0.442775
vt 0.374672 0.374672
vt 0.295759 0.000000
vt 0.351875 0.000000
vt 1.000000 0.311710
vt 1.000000 0.370201
vt 0.351875 0.351875
vt 0.295759 0.295759
vt 1.000000 0.419401
vt 1.000000 0.458011
vt 0.927227 0.442312
vt 0.370201 0.370201
vt 0.312375 0.311781
vt 0.907955 0.401640
vt 0.458011 0.458011
vt 0.419401 0.419401
vt 0.440370 0.000000
vt 0.484983 0.000000
vt 0.484983 0.484983
vt 0.440370 0.440370
vt 0.753065 0.447438
vt 1.000000 0.485860
vt 1.000000 0.526096
vt 0.780667 0.492494
vt 1.000000 0.019186
vt 1.000000 0.095460
vt 0.526096 0.526096
vt 0.485860 0.485860
vt 1.000000 0.468585
vt 1.000000 0.540129
vt 0.693426 0.274061
vt 0.417125 0.000000
vt 0.492600 0.000000
vt 0.720252 0.225542
vt 0.250831 0.778329
vt 0.281250 0.778329
vt 0.281250 0.797741
vt 0.251148 0.795198
vt 0.250968 0.784622
vt 0.250758 0.711322
vt 0.281250 0.711322
vt 0.250831 0.778329
vt 0.250758 0.711256
vt 0.263466 0.696586
vt 0.270325 0.688658
vt 0.281250 0.689489
vt 0.311891 0.778329
vt 0.311720 0.795004
vt 0.303274 0.795873
vt 0.311496 0.711322
vt 0.306520 0.704062
vt 0.293900 0.689546
vt 0.281250 0.798079
vt 0.250858 0.778329
vt 0.251043 0.783490
vt 0.251436 0.795571
vt 0.281250 0.692672
vt 0.270857 0.692900
vt 0.263193 0.702512
vt 0.250909 0.717722
vt 0.250858 0.778329
vt 0.302113 0.796342
vt 0.310310 0.795504
vt 0.310516 0.788906
vt 0.310727 0.778329
vt 0.281250 0.692672
vt 0.309925 0.713116
vt 0.305409 0.707344
vt 0.292461 0.691891
s 0
usemtl Material.015
f 1139/1294/765 1135/1295/765 1136/1296/765
f 1138/1297/766 1135/1298/766 1139/1299/766 1140/1300/766 1142/1301/766 1137/1302/766
f 1141/1303/767 1137/1304/767 1142/1305/767 1143/1306/767
f 1141/1307/768 1143/1308/768 1160/1309/768 1158/1310/768
f 1163/1311/769 1162/1312/769 1144/1313/769 1146/1314/769
f 1145/1315/770 1147/1316/770 1146/1317/770 1144/1318/770
f 1149/1319/771 1150/1320/771 1151/1321/771 1147/1322/771 1145/1323/771 1148/1324/771
f 1150/1325/772 1149/1326/772 1153/1327/772 1152/1328/772
f 1152/1329/773 1153/1330/773 1155/1331/773 1156/1332/773 1157/1333/773 1154/1334/773
f 1139/1335/774 1136/1336/774 1157/1337/774 1156/1338/774
f 1158/1339/775 1160/1340/775 1161/1341/775 1162/1342/775 1163/1343/775 1159/1344/775
s 1
f 1125/1345/776 1104/1346/777 1129/1347/778 1127/1348/779 1126/1349/779
f 1122/1350/780 1103/1351/781 1104/1346/777 1125/1352/776
f 1122/1353/780 1119/1354/782 1117/1355/782 1133/1356/783 1103/1351/781
f 1104/1346/777 1112/1357/784 1106/1358/785 1131/1359/785 1129/1347/778
f 1104/1346/777 1103/1351/781 1109/1360/786 1112/1357/784
f 1113/1361/787 1109/1360/786 1103/1351/781 1133/1356/783 1115/1362/787
f 1132/1363/788 1105/1346/789 1124/1364/790 1123/1365/791 1128/1366/791
f 1134/1367/792 1118/1368/793 1120/1369/793 1121/1370/793 1124/1371/790 1105/1346/789
f 1130/1372/794 1108/1373/794 1107/1374/794 1111/1375/795 1105/1346/789 1132/1363/788
f 1134/1376/792 1105/1346/789 1111/1375/795 1110/1377/796 1114/1378/796 1116/1379/796
g Lamparas_cell.017_Lamparas_cell.016
v -0.118260 3.015806 0.079019
v -0.141280 2.979784 0.094401
v -0.111909 3.009351 0.074776
v -0.107643 2.975796 0.131102
v -0.108423 2.979784 0.127258
v -0.101562 2.976080 0.115084
v -0.100570 2.969814 0.121720
v -0.103412 2.987010 0.103392
v -0.110166 2.994192 0.110154
v -0.107244 3.008945 0.079808
v -0.112958 3.015806 0.084322
v -0.113616 3.021807 0.075916
v -0.107928 3.014504 0.072115
v -0.128144 2.955186 0.126436
v -0.121118 2.951719 0.117466
v -0.114450 3.009351 0.068643
v -0.121184 3.015806 0.071960
v -0.159893 2.967036 0.067563
v -0.153521 2.979784 0.064849
v -0.134367 2.987555 0.056828
v -0.149263 2.962142 0.063151
v -0.143137 2.994742 0.060454
v -0.165656 2.955462 0.070082
v -0.155249 2.951893 0.065752
v -0.158803 2.956297 0.085440
v -0.139163 2.956111 0.114706
v -0.151452 2.957698 0.101197
v -0.142089 2.953444 0.094941
v -0.101562 2.976080 0.115084
v -0.100570 2.969814 0.121720
v -0.107643 2.975796 0.131102
v -0.108423 2.979784 0.127258
v -0.103412 2.987010 0.103392
v -0.110166 2.994192 0.110154
v -0.112958 3.015806 0.084322
v -0.107244 3.008945 0.079808
v -0.159893 2.967036 0.067563
v -0.153521 2.979784 0.064849
v -0.143137 2.994742 0.060454
v -0.134367 2.987555 0.056828
v -0.149263 2.962142 0.063151
v -0.165656 2.955462 0.070082
v -0.155249 2.951893 0.065752
v -0.139163 2.956111 0.114706
v -0.151452 2.957698 0.101197
v -0.158803 2.956297 0.085440
v -0.121118 2.951719 0.117466
v -0.142089 2.953444 0.094941
v -0.128144 2.955186 0.126436
v -0.113616 3.021807 0.075916
v -0.107928 3.014504 0.072115
v -0.121184 3.015806 0.071960
v -0.114450 3.009351 0.068643
vn 0.8225 0.4698 0.3206
vn 0.8206 0.4759 0.3164
vn 0.8209 0.4785 0.3117
vn 0.4387 -0.6161 0.6542
vn 0.8215 0.4934 0.2859
vn 0.0243 0.4742 -0.8801
vn -0.3849 -0.0040 -0.9230
vn -0.3865 -0.0083 -0.9222
vn -0.4068 -0.8735 0.2674
vn -0.2572 -0.9519 0.1665
vn -0.7768 0.5413 0.3218
vn -0.6975 0.5443 0.4661
vn -0.6367 0.6432 0.4254
vn -0.7224 0.6234 0.2992
vn -0.7377 0.6020 0.3056
vn -0.8118 0.4774 0.3363
vn -0.7271 0.4846 0.4863
vn -0.6058 0.5158 0.6058
vn -0.5646 0.6020 0.5646
vn -0.5529 0.6235 0.5529
vn -0.6213 0.4774 0.6213
vn -0.6092 0.6813 0.4059
vn 0.7793 -0.5371 -0.3228
vn 0.7538 -0.5781 -0.3122
vn 0.6565 -0.6113 -0.4419
vn 0.6971 -0.5445 -0.4664
vn 0.5763 -0.5748 -0.5809
vn 0.5965 -0.5371 -0.5965
vn 0.6064 -0.6807 -0.4109
vt 1.000000 0.326906
vt 0.553840 0.200547
vt 0.006364 0.000000
vt 0.103744 0.000000
vt 0.279712 0.000000
vt 0.307517 0.000000
vt 0.362482 0.362482
vt 0.326906 0.326906
vt 0.307517 0.307517
vt 0.279712 0.279712
vt 0.295205 0.000000
vt 0.318714 0.010524
vt 0.105579 0.000000
vt 1.000000 0.896256
vt 1.000000 0.993636
vt 0.020527 0.000000
vt 0.378416 0.031217
vt 1.000000 0.681103
vt 0.959697 0.662459
vt 0.325891 0.000000
vt 0.378482 0.253903
vt 0.348352 0.348352
vt 0.325891 0.325891
vt 0.351868 0.244409
vt 0.418702 0.000000
vt 0.453181 0.000000
vt 0.813235 0.279195
vt 0.578159 0.000000
vt 0.615672 0.000000
vt 1.000000 0.447567
vt 1.000000 0.492990
vt 0.492990 0.492990
vt 0.447567 0.447567
vt 0.894163 0.000000
vt 0.978197 0.000000
vt 0.527270 0.022897
vt 0.248022 0.000000
vt 0.757936 0.000000
vt 1.000000 0.897784
vt 1.000000 0.980133
vt 0.757936 0.757936
vt 0.248022 0.248022
vt 0.021803 0.000000
vt 0.105837 0.000000
vt 0.537400 0.472145
vt 0.313596 0.818357
vt 0.343750 0.818357
vt 0.343750 0.854378
vt 0.335145 0.854378
vt 0.313639 0.833315
vt 0.313598 0.807082
vt 0.313652 0.796845
vt 0.328387 0.797584
vt 0.343750 0.798823
vt 0.343750 0.854378
vt 0.384742 0.821326
vt 0.373801 0.832765
vt 0.352195 0.854378
vt 0.373380 0.796592
vt 0.390315 0.814829
vt 0.387555 0.818357
vt 0.359252 0.797419
vt 0.343750 0.861134
vt 0.351278 0.855163
vt 0.343364 0.861346
vt 0.316531 0.836872
vt 0.335850 0.854378
vt 0.343750 0.800622
vt 0.313742 0.799131
vt 0.313691 0.808985
vt 0.351873 0.853986
vt 0.373543 0.832896
vt 0.383465 0.822387
vt 0.388778 0.816362
vt 0.371361 0.798964
vt 0.343750 0.800622
vt 0.343750 0.860134
vt 0.351455 0.854378
vt 0.343750 0.860134
s 0
usemtl Material.015
f 1192/1380/797 1195/1381/797 1194/1382/797 1193/1383/797
f 1196/1384/798 1197/1385/798 1195/1386/798 1192/1387/798
f 1197/1388/799 1196/1389/799 1199/1390/799 1198/1391/799
f 1210/1392/800 1193/1393/800 1194/1394/800 1212/1395/800
f 1175/1396/801 1198/1397/801 1199/1398/801 1176/1399/801
f 1180/1400/802 1175/1401/802 1176/1402/802 1179/1403/802 1203/1404/802 1202/1405/802
f 1201/1406/803 1202/1407/803 1203/1408/803 1204/1409/803 1200/1410/803
f 1200/1411/804 1204/1412/804 1206/1413/804 1205/1414/804
f 1208/1415/805 1209/1416/805 1207/1417/805
f 1210/1418/806 1212/1419/806 1207/1420/806 1209/1421/806 1205/1422/806 1206/1423/806 1211/1424/806
s 1
f 1182/1425/807 1165/1426/808 1164/1427/809 1215/1428/810 1185/1429/811
f 1165/1426/808 1182/1425/807 1181/1430/812 1186/1431/812 1188/1432/812 1190/1433/813
f 1164/1434/809 1165/1426/808 1168/1435/814 1172/1436/815 1174/1437/816
f 1177/1438/817 1167/1439/817 1168/1440/814 1165/1426/808 1190/1433/813 1189/1441/817
f 1213/1442/818 1164/1434/809 1174/1443/816
f 1213/1444/818 1215/1428/810 1164/1427/809
f 1183/1445/819 1216/1446/820 1166/1427/821 1191/1447/822 1187/1448/819 1184/1449/819
f 1166/1434/821 1173/1450/823 1171/1451/824 1169/1452/824 1170/1453/824 1178/1454/824 1191/1455/822
f 1214/1456/825 1173/1457/823 1166/1434/821
f 1214/1458/825 1166/1427/821 1216/1446/820
g Lamparas_cell.018_Lamparas_cell.017
v -0.141280 2.979784 -0.094401
v -0.132908 2.985747 -0.063357
v -0.123195 2.988445 -0.082317
v -0.138782 2.995563 -0.069350
v -0.129731 2.997856 -0.086683
v -0.112067 2.994254 -0.108188
v -0.144607 2.982321 -0.040813
v -0.152848 2.991807 -0.042791
v -0.148739 2.980787 -0.033392
v -0.157873 2.990113 -0.033995
v -0.159844 2.984667 -0.039965
v -0.150052 2.975898 -0.038356
v -0.166100 2.955739 -0.068616
v -0.156289 2.952111 -0.062879
v -0.161578 2.979784 -0.045398
v -0.142888 2.953599 -0.092756
v -0.153875 2.957143 -0.096137
v -0.105305 2.984540 -0.103724
v -0.127897 2.955654 -0.126323
v -0.119941 2.952085 -0.118314
v -0.118607 2.979784 -0.117074
v -0.151565 2.957453 -0.101273
v -0.132908 2.985747 -0.063357
v -0.123195 2.988445 -0.082317
v -0.112067 2.994254 -0.108188
v -0.118607 2.979784 -0.117074
v -0.129731 2.997856 -0.086683
v -0.138782 2.995563 -0.069350
v -0.152848 2.991807 -0.042791
v -0.144607 2.982321 -0.040813
v -0.157873 2.990113 -0.033995
v -0.148739 2.980787 -0.033392
v -0.150052 2.975898 -0.038356
v -0.159844 2.984667 -0.039965
v -0.156289 2.952111 -0.062879
v -0.161578 2.979784 -0.045398
v -0.166100 2.955739 -0.068616
v -0.153875 2.957143 -0.096137
v -0.142888 2.953599 -0.092756
v -0.105305 2.984540 -0.103724
v -0.127897 2.955654 -0.126323
v -0.119941 2.952085 -0.118314
v -0.151565 2.957453 -0.101273
vn 0.6363 0.6420 0.4278
vn 0.6141 0.6321 0.4726
vn -0.5631 -0.5094 0.6507
vn -0.5666 -0.5147 0.6434
vn -0.2571 -0.9526 -0.1628
vn 0.7033 0.0273 -0.7104
vn -0.2541 -0.9518 -0.1717
vn -0.5955 0.5393 -0.5955
vn -0.6975 0.5443 -0.4661
vn -0.6597 0.6094 -0.4399
vn -0.5646 0.6020 -0.5646
vn -0.6213 0.4774 -0.6213
vn -0.7274 0.4846 -0.4858
vn -0.7377 0.6020 -0.3056
vn -0.7619 0.5657 -0.3156
vn -0.8118 0.4774 -0.3363
vn 0.7003 -0.5403 0.4666
vn 0.7056 -0.5405 0.4582
vn 0.6087 -0.5300 0.5904
vn 0.7793 -0.5371 0.3228
vn 0.6424 0.6408 0.4202
vt 1.000000 0.705521
vt 1.000000 0.751798
vt 0.797572 0.797572
vt 0.760982 0.760982
vt 0.705521 0.705521
vt 1.000000 0.121145
vt 1.000000 0.260853
vt 0.751798 0.751798
vt 1.000000 0.721403
vt 0.260853 0.260853
vt 0.121145 0.121145
vt 1.000000 0.666446
vt 1.000000 0.687134
vt 0.721403 0.721403
vt 0.666446 0.666446
vt 0.725423 0.656878
vt 1.000000 0.632202
vt 0.608205 0.000000
vt 0.661608 0.000000
vt 0.687134 0.687134
vt 0.632202 0.632202
vt 0.275105 0.000000
vt 0.703754 0.592435
vt 0.962218 0.962218
vt 0.816931 0.816931
vt 0.235039 0.000000
vt 1.000000 0.338392
vt 1.000000 0.391795
vt 0.957875 0.339911
vt 0.724895 0.000000
vt 0.764961 0.000000
vt 0.126022 0.818357
vt 0.156250 0.818357
vt 0.156250 0.836429
vt 0.126135 0.832608
vt 0.125841 0.797015
vt 0.156250 0.798606
vt 0.216218 0.828686
vt 0.206636 0.830379
vt 0.176708 0.834135
vt 0.206252 0.818357
vt 0.210908 0.823239
vt 0.187772 0.797091
vt 0.156250 0.798606
vt 0.161241 0.798332
vt 0.156250 0.834275
vt 0.156250 0.800890
vt 0.125903 0.799315
vt 0.126012 0.830521
vt 0.156250 0.834275
vt 0.179651 0.831682
vt 0.206677 0.828388
vt 0.215011 0.826912
vt 0.210439 0.822212
vt 0.189541 0.799341
vt 0.578321 0.468108
vt 0.816930 0.000000
vt 0.034600 0.034600
vt 0.611933 0.458483
vt 1.000000 0.760982
vt 1.000000 0.797572
s 0
usemtl Material.015
f 1245/1459/826 1246/1460/826 1218/1461/826 1220/1462/826
f 1245/1463/827 1247/1464/827 1248/1465/827 1246/1466/827
f 1249/1467/828 1248/1468/828 1247/1469/828 1250/1470/828
f 1251/1471/829 1249/1472/829 1250/1473/829 1252/1474/829 1253/1475/829
f 1254/1476/830 1255/1477/830 1251/1478/830 1253/1479/830
f 1257/1480/831 1242/1481/831 1241/1482/831 1256/1483/831 1258/1484/831
f 1255/1485/832 1254/1486/832 1259/1487/832 1257/1488/832 1258/1489/832
s 1
f 1237/1490/833 1217/1491/834 1243/1492/835 1222/1493/836
f 1217/1491/834 1237/1490/833 1235/1494/837 1238/1495/838
f 1226/1496/839 1224/1497/839 1244/1498/839 1243/1492/835 1217/1491/834 1231/1499/840 1227/1500/839
f 1229/1501/841 1231/1499/840 1217/1491/834 1238/1502/838 1233/1503/841
f 1240/1504/842 1232/1505/843 1236/1506/844 1234/1507/844
f 1232/1505/843 1240/1508/842 1239/1509/845 1223/1510/845 1225/1511/845 1228/1512/845 1230/1513/845
s 0
f 1219/1514/846 1256/1515/846 1241/1516/846 1221/1517/846 1220/1518/846 1218/1519/846
g Lamparas_cell.019_Lamparas_cell.018
v -0.058434 2.994970 -0.143666
v -0.041981 3.043025 -0.104785
v -0.000441 3.042964 -0.113372
v -0.026257 3.009351 -0.132007
v 0.006142 3.041110 -0.116398
v 0.007804 3.028352 -0.128044
v -0.049493 3.009351 -0.122382
v -0.039318 3.038011 -0.098322
v -0.020772 3.039608 -0.104429
v -0.000434 3.037770 -0.106103
v 0.023000 3.034886 -0.122080
v 0.022530 3.029284 -0.113838
v 0.026253 3.009351 -0.132007
v 0.026806 3.015806 -0.139498
v 0.031433 2.974679 -0.153760
v 0.033410 2.975274 -0.169102
v 0.032787 2.979784 -0.166652
v 0.011154 3.015806 -0.139498
v -0.034955 2.963069 -0.175733
v -0.044937 2.971025 -0.166920
v -0.008208 2.979784 -0.166652
v -0.034112 2.947339 -0.171494
v -0.055412 2.985607 -0.136296
v -0.025890 2.934528 -0.191239
v -0.015556 2.909807 -0.188971
v -0.025267 2.930259 -0.182370
v -0.035898 2.954344 -0.180473
v 0.033025 2.969987 -0.171974
v 0.030682 2.961810 -0.162279
v 0.008725 2.930259 -0.182370
v -0.006478 2.905948 -0.190217
v 0.009092 2.934528 -0.191239
v -0.012897 2.904445 -0.190702
v -0.007884 2.908477 -0.201433
v -0.013274 2.908623 -0.201376
v 0.006142 3.041110 -0.116398
v 0.007804 3.028352 -0.128044
v -0.049493 3.009351 -0.122382
v -0.039318 3.038011 -0.098322
v -0.020772 3.039608 -0.104429
v -0.000434 3.037770 -0.106103
v 0.023000 3.034886 -0.122080
v 0.022530 3.029284 -0.113838
v 0.026253 3.009351 -0.132007
v 0.033410 2.975274 -0.169102
v 0.032787 2.979784 -0.166652
v 0.026806 3.015806 -0.139498
v 0.011154 3.015806 -0.139498
v -0.008208 2.979784 -0.166652
v -0.034955 2.963069 -0.175733
v -0.044937 2.971025 -0.166920
v -0.015556 2.909807 -0.188971
v -0.025267 2.930259 -0.182370
v -0.034112 2.947339 -0.171494
v -0.055412 2.985607 -0.136296
v -0.035898 2.954344 -0.180473
v -0.025890 2.934528 -0.191239
v 0.033025 2.969987 -0.171974
v 0.009092 2.934528 -0.191239
v 0.030682 2.961810 -0.162279
v 0.008725 2.930259 -0.182370
v -0.006478 2.905948 -0.190217
v -0.007884 2.908477 -0.201433
v -0.013274 2.908623 -0.201376
v -0.012897 2.904445 -0.190702
v 0.031433 2.974679 -0.153760
vn -0.1507 0.6627 -0.7336
vn -0.1538 0.6533 -0.7413
vn 0.1205 0.8078 0.5770
vn 0.4446 0.7289 0.5205
vn 0.9893 0.0700 0.1281
vn -0.9232 0.0050 0.3844
vn -0.9112 -0.3924 -0.1256
vn 0.9830 -0.1377 0.1214
vn 0.8578 -0.4744 -0.1976
vn -0.0289 -0.9312 -0.3634
vn -0.9044 -0.4073 -0.1275
vn 0.2386 -0.9405 -0.2420
vn -0.0000 -0.3072 0.9517
vn -0.0000 -0.4646 0.8855
vn -0.0000 -0.4563 0.8898
vn -0.1708 0.4846 -0.8579
vn -0.0000 0.5180 -0.8554
vn -0.0000 0.5361 -0.8442
vn -0.0000 0.4774 -0.8787
vn -0.0000 0.4412 -0.8974
vn -0.0000 0.4369 -0.8995
vn -0.0564 0.4813 -0.8747
vn -0.0000 0.3644 -0.9312
vn -0.3363 0.4774 -0.8118
vn -0.0000 0.6742 -0.7385
vn -0.0000 0.6356 -0.7721
vn -0.0000 0.6367 -0.7711
vn -0.0067 -0.5375 0.8432
vn -0.1380 -0.5411 0.8296
vn -0.0021 -0.6020 0.7985
vn 0.1546 -0.6098 0.7773
vn 0.0542 -0.5412 0.8391
vn 0.3040 -0.6074 0.7339
vn 0.3228 -0.5371 0.7793
vn 0.2828 -0.6736 0.6828
vn 0.1434 -0.6808 0.7183
vn -0.0000 -0.6736 0.7391
vn -0.1482 0.6448 -0.7498
vt 0.000000 0.000000
vt 1.000000 0.262319
vt 1.000000 1.000000
vt 0.262319 0.262319
vt 0.191052 0.000000
vt 1.000000 0.000000
vt 0.936074 0.936074
vt 0.956794 0.489549
vt 0.933739 0.000000
vt 1.000000 0.724435
vt 0.933739 0.933739
vt 0.909382 0.000000
vt 0.981149 0.000000
vt 0.978286 0.978286
vt 0.895612 0.895612
vt 0.897112 0.562978
vt 0.839283 0.000000
vt 0.938215 0.000000
vt 0.948147 0.073451
vt 0.980206 0.664772
vt 0.916127 0.916127
vt 0.394960 0.336335
vt 1.000000 0.936074
vt 0.354106 0.231123
vt 0.529347 0.435462
vt 1.000000 0.916127
vt 0.696641 0.696641
vt 0.504377 0.490897
vt 0.314412 0.257736
vt 0.123197 0.000000
vt 0.190543 0.000000
vt 1.000000 0.061785
vt 1.000000 0.160717
vt 0.854457 0.000000
vt 0.942088 0.000000
vt 0.953185 0.953185
vt 0.885531 0.885531
vt 0.874869 0.366002
vt 0.833413 0.000000
vt 0.891591 0.000000
vt 0.926769 0.384200
vt 1.000000 0.804270
vt 1.000000 0.874811
vt 0.129678 0.000000
vt 0.804270 0.804270
vt 1.000000 0.809457
vt 0.874812 0.874812
vt 0.891591 0.891591
vt 0.833413 0.833413
vt 1.000000 0.800089
vt 0.412479 0.656673
vt 0.428604 0.656673
vt 0.596154 0.656673
vt 0.221545 0.656673
vt 0.328565 0.656673
vt 0.031250 0.803573
vt 0.383931 0.818357
vt 0.963621 0.818357
vt 0.968750 0.816219
vt 0.966988 0.818357
vt 0.628570 0.818357
vt 0.133894 0.818357
vt 0.031250 0.795856
vt 0.315329 0.778329
vt 0.180963 0.778329
vt 0.612040 0.778329
vt 0.402845 0.778329
vt 0.041819 0.810610
vt 0.720869 0.923728
vt 0.673811 0.923728
vt 0.968750 0.882221
vt 0.968750 0.860217
vt 0.815660 0.923728
vt 0.967874 0.811590
vt 0.968003 0.821040
vt 0.968750 0.854173
vt 0.839235 0.778329
vt 0.031250 0.854378
vt 0.031250 0.794752
vt 0.173498 0.778329
vt 0.612744 0.778329
vt 0.913849 0.778329
vt 0.061182 0.854378
vt 0.060863 0.831547
vt 0.059951 0.886395
vt 0.061182 0.854378
vt 0.031250 0.888179
vt 0.880136 0.854378
vt 0.492255 0.854378
vt 0.031250 0.888179
vt 0.968659 0.854378
vt 0.688419 0.854378
vt 0.952841 0.854378
vt 0.968750 0.820776
vt 0.361337 0.854378
vt 0.785087 0.605550
vt 0.493026 0.424759
vt 0.933100 0.545331
vt 1.000000 0.696641
vt 1.000000 0.808948
s 0
usemtl Material.015
f 1262/1520/847 1295/1521/847 1261/1522/847
f 1261/1522/848 1295/1523/848 1296/1524/848 1260/1525/848
f 1262/1525/849 1261/1522/849 1298/1526/849 1299/1527/849 1300/1528/849
f 1295/1529/850 1262/1522/850 1300/1530/850 1302/1531/850 1301/1532/850
f 1301/1533/851 1302/1534/851 1303/1535/851 1325/1536/851 1304/1537/851 1305/1538/851 1306/1539/851
f 1260/1522/852 1314/1540/852 1297/1541/852 1298/1542/852 1261/1522/852
f 1312/1543/853 1313/1544/853 1314/1545/853 1260/1522/853 1310/1546/853 1315/1547/853 1316/1548/853 1323/1549/853 1311/1550/853
f 1304/1551/854 1325/1552/854 1319/1553/854 1317/1554/854
f 1317/1555/855 1319/1556/855 1320/1557/855 1321/1558/855 1322/1559/855 1318/1560/855
f 1324/1561/856 1323/1562/856 1322/1563/856
f 1324/1564/857 1311/1565/857 1323/1566/857
f 1322/1567/858 1321/1568/858 1324/1569/858
s 1
f 1292/1570/859 1290/1571/859 1289/1572/860 1285/1573/861 1284/1574/859
f 1309/1575/862 1308/1576/863 1276/1577/864 1275/1578/865 1287/1579/865 1291/1580/866 1283/1581/867 1286/1582/868
f 1294/1583/869 1283/1584/867 1291/1585/866 1293/1586/869
f 1286/1582/868 1279/1587/870 1309/1575/862
f 1265/1588/871 1264/1589/871 1270/1590/871 1273/1591/872 1307/1592/873
f 1288/1593/874 1274/1594/875 1272/1595/876
f 1272/1596/876 1263/1597/877 1281/1598/878 1285/1599/861 1289/1600/860 1288/1601/874
f 1281/1598/878 1263/1597/877 1266/1602/879 1282/1603/880
f 1267/1604/881 1266/1605/879 1263/1597/877 1268/1606/882
f 1271/1607/883 1269/1608/883 1268/1609/882 1263/1597/877 1272/1610/876
f 1307/1611/873 1273/1612/872 1276/1613/864 1308/1614/863
s 0
f 1277/1615/884 1280/1616/884 1278/1617/884 1310/1618/884 1260/1525/884 1296/1619/884
g Lamparas_cell.020_Lamparas_cell.019
v 0.038040 2.934528 -0.191239
v 0.108328 2.934528 -0.162124
v 0.036276 2.930259 -0.182370
v 0.103304 2.930259 -0.154606
v 0.038172 2.900722 -0.191903
v 0.040350 2.904855 -0.202851
v 0.107703 2.906199 -0.161189
v 0.113654 2.910504 -0.170094
v 0.132774 2.903872 -0.137180
v 0.141436 2.907995 -0.143700
v 0.131577 2.909698 -0.135719
v 0.004400 2.897849 -0.205592
v 0.003899 2.893941 -0.194092
v 0.127257 2.930259 -0.130653
v 0.120917 2.944114 -0.124516
v 0.134439 2.934528 -0.136014
v 0.129332 2.947828 -0.130901
v 0.033998 2.968497 -0.172784
v 0.031640 2.960366 -0.163199
v 0.034159 2.963599 -0.160267
v 0.110560 2.966618 -0.114608
v 0.119468 2.973353 -0.121154
v 0.102883 2.967598 -0.121402
v 0.111052 2.974483 -0.128702
v 0.095436 2.976422 -0.142829
v 0.089255 2.969209 -0.133579
v -0.004650 2.904455 -0.190698
v -0.005617 2.907117 -0.201966
v 0.011161 2.930259 -0.182370
v 0.011574 2.934528 -0.191239
v 0.107703 2.906199 -0.161189
v 0.132774 2.903872 -0.137180
v 0.038172 2.900722 -0.191903
v 0.040350 2.904855 -0.202851
v 0.113654 2.910504 -0.170094
v 0.141436 2.907995 -0.143700
v 0.131577 2.909698 -0.135719
v 0.134439 2.934528 -0.136014
v 0.129332 2.947828 -0.130901
v 0.127257 2.930259 -0.130653
v 0.120917 2.944114 -0.124516
v 0.119468 2.973353 -0.121154
v 0.110560 2.966618 -0.114608
v 0.102883 2.967598 -0.121402
v 0.111052 2.974483 -0.128702
v 0.095436 2.976422 -0.142829
v 0.034159 2.963599 -0.160267
v 0.089255 2.969209 -0.133579
v -0.004650 2.904455 -0.190698
v 0.011161 2.930259 -0.182370
v 0.031640 2.960366 -0.163199
v 0.033998 2.968497 -0.172784
v 0.011574 2.934528 -0.191239
v 0.003899 2.893941 -0.194092
v 0.004400 2.897849 -0.205592
v -0.005617 2.907117 -0.201966
vn 0.2081 -0.9282 -0.3086
vn 0.6206 -0.0684 0.7812
vn -0.7479 -0.6417 -0.1698
vn 0.6209 -0.0623 0.7814
vn 0.6198 -0.0593 0.7825
vn -0.2976 0.8380 0.4573
vn -0.2976 0.8608 0.4128
vn -0.8634 0.4692 0.1854
vn -0.0000 -0.3866 0.9222
vn -0.0000 -0.3072 0.9517
vn -0.1688 -0.3126 0.9348
vn -0.1772 -0.4261 0.8872
vn 0.2506 0.4838 -0.8385
vn 0.1768 0.4257 -0.8874
vn -0.0000 0.4027 -0.9154
vn 0.6213 0.4774 -0.6213
vn 0.6410 0.4220 -0.6410
vn 0.5025 0.4257 -0.7525
vn 0.4867 0.4852 -0.7264
vn 0.6585 0.3644 -0.6585
vn 0.5158 0.3706 -0.7724
vn 0.1649 0.3705 -0.9141
vn -0.5023 -0.4261 0.7524
vn -0.6397 -0.4262 0.6397
vn -0.5965 -0.5371 0.5965
vn -0.4654 -0.5447 0.6976
vn -0.5275 -0.3126 0.7900
vn -0.6729 -0.3072 0.6729
vn -0.3211 -0.5374 0.7798
vn -0.2564 -0.5421 0.8002
vn -0.8525 0.4829 0.1999
vn -0.0000 0.3644 -0.9312
vt 0.818362 0.098548
vt 0.466558 0.237137
vt 0.352634 0.352634
vt 0.304910 0.304910
vt 0.427129 0.184586
vt 0.799615 0.039997
vt 1.000000 0.041788
vt 1.000000 0.100935
vt 0.100935 0.100935
vt 0.054822 0.000000
vt 0.129909 0.000000
vt 0.679899 0.679899
vt 0.629776 0.629776
vt 0.621424 0.000000
vt 0.668992 0.000000
vt 0.587219 0.000000
vt 0.620373 0.000000
vt 0.774873 0.370384
vt 1.000000 0.870091
vt 1.000000 0.945178
vt 0.734735 0.345941
vt 1.000000 0.626768
vt 1.000000 0.661798
vt 0.620373 0.620373
vt 0.587219 0.587219
vt 1.000000 0.691970
vt 0.661798 0.661798
vt 0.626768 0.626768
vt 1.000000 0.659844
vt 0.731833 0.496226
vt 1.000000 0.071419
vt 1.000000 0.158667
vt 0.754735 0.550394
vt 0.691970 0.691970
vt 0.659844 0.659844
vt 1.000000 0.116428
vt 1.000000 0.174794
vt 0.614502 0.131598
vt 0.122184 0.122184
vt 0.055637 0.055637
vt 0.596826 0.080025
vt 0.622993 0.656673
vt 0.461435 0.656673
vt 0.558571 0.656673
vt 0.920671 0.656673
vt 0.899773 0.656673
vt 0.968750 0.808782
vt 0.968750 0.778329
vt 0.663660 0.818357
vt 0.876060 0.790093
vt 0.875915 0.778329
vt 0.906250 0.778329
vt 0.906250 0.815383
vt 0.886657 0.813669
vt 0.876170 0.812669
vt 0.876427 0.742731
vt 0.906250 0.746097
vt 0.967894 0.809730
vt 0.906250 0.815383
vt 0.968750 0.738517
vt 0.877068 0.778329
vt 0.877419 0.791651
vt 0.878087 0.813288
vt 0.888320 0.814232
vt 0.906250 0.815780
vt 0.906250 0.748306
vt 0.878011 0.745402
vt 0.877810 0.752671
vt 0.966747 0.810386
vt 0.968750 0.808216
vt 0.968750 0.741471
vt 0.908851 0.778329
vt 0.644214 0.778329
vt 0.055636 0.000000
vt 0.130738 0.041697
vt 0.158667 0.158667
vt 0.438173 0.778329
vt 0.642620 0.778329
vt 0.554217 0.778329
s 0
usemtl Material.015
f 1356/1620/885 1358/1621/885 1379/1622/885 1380/1623/885 1359/1624/885 1360/1625/885 1361/1626/885 1357/1627/885
f 1357/1628/886 1361/1629/886 1362/1630/886
f 1380/1631/887 1379/1632/887 1374/1633/887 1381/1634/887
f 1364/1635/888 1366/1636/888 1365/1637/888 1362/1638/888 1361/1639/888 1363/1640/888
f 1367/1641/889 1368/1642/889 1366/1643/889 1364/1644/889
f 1369/1645/890 1368/1646/890 1367/1647/890 1370/1648/890
f 1371/1649/891 1377/1650/891 1372/1651/891 1373/1652/891 1369/1653/891 1370/1654/891
f 1381/1655/892 1374/1656/892 1375/1657/892 1376/1658/892 1377/1659/892 1378/1660/892
s 1
f 1354/1661/893 1352/1662/894 1338/1663/894 1330/1664/895 1328/1665/896
f 1343/1666/897 1326/1667/898 1355/1668/899
f 1342/1669/900 1341/1670/901 1327/1671/902 1350/1672/903 1349/1673/900 1347/1674/900
f 1335/1675/904 1333/1676/905 1327/1671/902 1341/1670/901
f 1327/1671/902 1326/1667/898 1343/1677/897 1350/1678/903
f 1326/1667/898 1327/1671/902 1333/1676/905 1331/1679/906
f 1329/1671/907 1339/1680/908 1340/1681/909 1346/1682/909 1348/1683/909 1351/1684/910
f 1329/1671/907 1332/1685/911 1334/1686/912 1336/1687/912 1339/1680/908
f 1345/1688/913 1344/1689/914 1328/1667/896 1329/1671/907 1351/1684/910
f 1332/1685/911 1329/1671/907 1328/1667/896 1330/1690/895
f 1328/1667/896 1344/1691/914 1354/1692/893
s 0
f 1377/1693/915 1376/1694/915 1372/1695/915
s 1
f 1353/1696/916 1355/1697/899 1326/1667/898 1331/1679/906 1337/1698/916
g Lamparas_cell.021_Lamparas_cell.020
v 0.001333 3.698802 0.000471
v 0.011732 3.698948 0.006772
v 0.021902 3.997437 -0.006379
v 0.021882 4.243753 -0.006433
v 0.004327 4.243753 -0.002053
v 0.019651 3.938120 -0.011812
v 0.019586 4.243753 -0.011977
v 0.019728 3.699246 -0.011618
v 0.011317 4.243753 0.006093
v 0.021832 3.699245 -0.006539
v 0.021902 3.997437 -0.006379
v 0.021882 4.243753 -0.006433
v 0.004327 4.243753 -0.002053
v 0.011317 4.243753 0.006093
v 0.019586 4.243753 -0.011977
v 0.019651 3.938120 -0.011812
v 0.019728 3.699246 -0.011618
v 0.021832 3.699245 -0.006539
vn 0.7644 0.0002 0.6448
vn -0.5452 -0.0006 -0.8383
vn -0.5492 -0.0009 -0.8357
vn -0.7589 0.0072 0.6511
vn -0.5182 0.0007 0.8553
vn 0.7833 0.0007 0.6217
vn 0.0189 -0.9998 -0.0080
vn 0.5623 0.7935 -0.2329
vn 0.9239 -0.0000 -0.3827
vn 0.6925 0.6620 -0.2868
vn -0.0000 1.0000 -0.0000
vt 0.491600 0.407491
vt 0.084448 0.000000
vt 0.498830 0.000000
vt 0.915953 0.000000
vt 0.916154 0.507384
vt 0.401557 0.000000
vt 0.392491 0.000000
vt 1.000000 0.000000
vt 0.915953 0.915953
vt 0.401557 0.401557
vt 0.916056 0.916056
vt 0.000000 0.000000
vt 0.915656 0.000000
vt 0.915656 0.915656
vt 0.915635 0.915635
vt 0.508023 0.000000
vt 1.000000 0.501170
vt 0.508023 0.508023
vt 1.000000 0.607509
vt 0.795663 1.000000
vt 0.795262 1.000000
vt 0.796470 1.000000
vt 0.834568 1.000000
vt 0.836007 1.000000
vt 0.837232 1.000000
vt 0.538944 1.000000
vt 0.656250 1.000000
vt 0.781250 1.000000
s 0
usemtl Material.015
f 1393/1699/917 1395/1700/917 1392/1701/917
f 1394/1702/918 1396/1703/918 1397/1704/918
f 1398/1705/919 1382/1706/919 1394/1707/919 1397/1708/919
f 1394/1709/920 1382/1710/920 1395/1711/920
f 1395/1712/921 1382/1710/921 1383/1706/921
f 1395/1713/922 1383/1710/922 1399/1714/922 1392/1715/922
f 1399/1716/923 1383/1710/923 1382/1706/923 1398/1717/923
s 1
f 1385/1718/924 1384/1719/925 1391/1720/925 1389/1721/925 1387/1722/925 1388/1723/926
f 1386/1724/927 1390/1725/927 1385/1726/924 1388/1726/926
g Lamparas_cell.022_Lamparas_cell.021
v -0.189465 2.834534 0.126597
v -0.178693 2.884585 0.119399
v -0.181282 2.832768 0.121129
v -0.195546 2.881703 0.080623
v -0.185310 2.876528 0.074495
v -0.181413 2.884477 0.112903
v -0.174748 2.884585 0.123344
v -0.147642 2.877541 0.134331
v -0.168435 2.879719 0.112545
v -0.152113 2.882195 0.146837
v -0.209508 2.862740 0.059496
v -0.198783 2.859846 0.056038
v -0.210491 2.834534 0.075837
v -0.201414 2.832768 0.072525
v -0.208308 2.813280 0.086764
v -0.199524 2.814427 0.081952
v -0.191402 2.812102 0.127891
v -0.182959 2.813273 0.122250
v -0.180398 2.812397 0.138853
v -0.174589 2.813498 0.130588
v -0.143221 2.877020 0.138990
v -0.152687 2.869936 0.150664
v -0.145500 2.866292 0.141608
v -0.159226 2.814069 0.145868
v -0.165896 2.812937 0.153278
v -0.154388 2.814397 0.150659
v -0.160688 2.813290 0.158434
v -0.158962 2.834534 0.157101
v -0.152899 2.832768 0.149511
v -0.185310 2.876528 0.074495
v -0.168435 2.879719 0.112545
v -0.195546 2.881703 0.080623
v -0.181413 2.884477 0.112903
v -0.147642 2.877541 0.134331
v -0.198783 2.859846 0.056038
v -0.209508 2.862740 0.059496
v -0.210491 2.834534 0.075837
v -0.208308 2.813280 0.086764
v -0.201414 2.832768 0.072525
v -0.199524 2.814427 0.081952
v -0.182959 2.813273 0.122250
v -0.174589 2.813498 0.130588
v -0.191402 2.812102 0.127891
v -0.180398 2.812397 0.138853
v -0.143221 2.877020 0.138990
v -0.145500 2.866292 0.141608
v -0.165896 2.812937 0.153278
v -0.159226 2.814069 0.145868
v -0.160688 2.813290 0.158434
v -0.154388 2.814397 0.150659
v -0.152899 2.832768 0.149511
v -0.152687 2.869936 0.150664
v -0.158962 2.834534 0.157101
v -0.178693 2.884585 0.119399
v -0.174748 2.884585 0.123344
v -0.152113 2.882195 0.146837
vn -0.0153 0.7482 -0.6632
vn 0.0287 0.9992 -0.0287
vn 0.3296 0.9175 -0.2229
vn 0.0932 -0.9934 -0.0667
vn 0.3388 0.9149 -0.2193
vn 0.7451 0.0927 0.6604
vn 0.0991 -0.9931 -0.0625
vn 0.1150 -0.9922 -0.0481
vn 0.7784 -0.0239 0.6273
vn -0.8044 0.2506 0.5386
vn -0.8955 0.2461 0.3709
vn -0.9060 0.1959 0.3753
vn -0.8185 0.1758 0.5469
vn -0.8268 0.1033 0.5530
vn -0.9191 0.1013 0.3807
vn -0.6854 0.2461 0.6854
vn -0.6963 0.1744 0.6963
vn -0.7035 0.1013 0.7035
vn 0.8792 -0.3072 -0.3642
vn 0.7896 -0.3126 -0.5280
vn 0.8136 -0.2063 -0.5436
vn 0.8978 -0.2361 -0.3719
vn 0.9192 -0.1010 -0.3807
vn 0.8268 -0.1029 -0.5530
vn 0.6729 -0.3072 -0.6729
vn 0.6920 -0.2053 -0.6920
vn 0.7035 -0.1010 -0.7035
vn -0.3820 -0.4533 -0.8054
vt 0.523018 0.000000
vt 0.587697 0.000000
vt 0.939909 0.939909
vt 0.827220 0.827220
vt 1.000000 0.410493
vt 0.998091 0.559961
vt 0.992749 0.500514
vt 1.000000 0.827220
vt 1.000000 0.939909
vt 0.580308 0.580308
vt 0.410493 0.410493
vt 0.050063 0.000000
vt 0.151319 0.000000
vt 0.503973 0.400325
vt 0.454377 0.131926
vt 0.406857 0.000000
vt 0.440047 0.000000
vt 0.502517 0.173431
vt 0.598131 0.598131
vt 0.548066 0.548066
vt 0.151319 0.151319
vt 0.044578 0.000000
vt 0.134496 0.000000
vt 0.595455 0.000000
vt 1.000000 0.865504
vt 1.000000 0.955422
vt 0.556019 0.000000
vt 0.455481 0.000000
vt 1.000000 0.559953
vt 1.000000 0.593143
vt 0.423207 0.000000
vt 0.477845 0.000000
vt 0.455481 0.455481
vt 0.423207 0.423207
vt 0.443987 0.000000
vt 0.438979 0.293429
vt 0.404545 0.000000
vt 0.443981 0.000000
vt 0.472028 0.303726
vt 0.477845 0.477845
vt 0.443987 0.443987
vt 0.343750 0.711322
vt 0.338499 0.711204
vt 0.312231 0.708175
vt 0.294139 0.687470
vt 0.305128 0.656673
vt 0.343750 0.656673
vt 0.343750 0.632214
vt 0.312788 0.633499
vt 0.372178 0.708712
vt 0.347908 0.711322
vt 0.374075 0.656673
vt 0.373713 0.695327
vt 0.354499 0.632537
vt 0.368712 0.633125
vt 0.373813 0.633510
vt 0.374075 0.656673
vt 0.294601 0.691779
vt 0.310742 0.711279
vt 0.343750 0.715262
vt 0.305099 0.656673
vt 0.312012 0.636120
vt 0.343750 0.634827
vt 0.366842 0.712544
vt 0.371840 0.711894
vt 0.372149 0.698507
vt 0.373240 0.656673
vt 0.368043 0.635719
vt 0.352296 0.635079
vt 0.343750 0.634827
vt 0.373002 0.636087
vt 0.598131 0.000000
vt 0.611402 0.279151
vt 0.550869 0.550869
vt 0.480839 0.480839
vt 0.559551 0.240907
vt 0.548066 0.000000
s 0
usemtl Material.015
f 1434/1727/928 1435/1728/928 1431/1729/928 1429/1730/928
f 1454/1731/929 1432/1732/929 1401/1733/929
f 1429/1734/930 1431/1735/930 1432/1736/930 1454/1737/930 1455/1738/930 1433/1739/930 1430/1740/930
f 1440/1741/931 1441/1742/931 1443/1743/931 1442/1744/931 1437/1745/931 1439/1746/931
f 1433/1747/932 1455/1748/932 1444/1749/932
f 1445/1750/933 1444/1751/933 1455/1752/933 1451/1753/933
f 1446/1754/934 1443/1755/934 1441/1756/934 1447/1757/934
f 1448/1758/935 1446/1759/935 1447/1760/935 1449/1761/935
f 1450/1762/936 1445/1763/936 1451/1764/936 1452/1765/936 1448/1766/936 1449/1767/936
s 1
f 1453/1768/937 1405/1769/938 1403/1770/938 1410/1771/938 1436/1772/939 1400/1773/940
f 1416/1774/941 1400/1773/940 1436/1772/939 1414/1775/942
f 1409/1776/943 1406/1777/943 1453/1768/937 1400/1773/940 1427/1778/944 1421/1779/943
f 1400/1773/940 1416/1774/941 1418/1780/945 1424/1781/945 1426/1782/945 1427/1783/944
f 1411/1784/946 1404/1785/946 1408/1786/947 1402/1773/948 1438/1787/949
f 1415/1788/950 1438/1787/949 1402/1773/948 1417/1789/951
f 1402/1773/948 1408/1786/947 1407/1790/952 1420/1791/952 1422/1792/952 1428/1793/953
f 1423/1794/954 1419/1795/954 1417/1796/951 1402/1773/948 1428/1793/953 1425/1797/954
s 0
f 1437/1798/955 1412/1799/955 1435/1800/955 1434/1801/955 1413/1802/955 1439/1803/955
g Lamparas_cell.023_Lamparas_cell.022
v -0.027747 3.015806 -0.139498
v -0.033149 2.979784 -0.166652
v -0.037983 3.044052 -0.107348
v -0.022309 3.045753 -0.112159
v -0.053622 3.012541 -0.131444
v -0.049831 3.023507 -0.122741
v -0.051603 3.002408 -0.140548
v -0.004129 3.041255 -0.116266
v -0.046773 2.979784 -0.161008
v -0.034232 2.969759 -0.172098
v -0.017767 2.979784 -0.166652
v -0.001861 3.032439 -0.124314
v -0.005000 3.002570 -0.149475
v 0.001882 3.015806 -0.139498
v -0.037983 3.044052 -0.107348
v -0.022309 3.045753 -0.112159
v -0.053622 3.012541 -0.131444
v -0.049831 3.023507 -0.122741
v -0.051603 3.002408 -0.140548
v -0.004129 3.041255 -0.116266
v -0.001861 3.032439 -0.124314
v -0.046773 2.979784 -0.161008
v -0.034232 2.969759 -0.172098
v -0.017767 2.979784 -0.166652
v -0.005000 3.002570 -0.149475
v 0.001882 3.015806 -0.139498
vn 0.2653 0.2143 0.9400
vn 0.1443 -0.6453 0.7502
vn 0.1457 -0.6463 0.7490
vn 0.1594 -0.6458 0.7467
vn -0.1688 0.4846 -0.8583
vn -0.1637 0.5443 -0.8228
vn -0.0000 0.5740 -0.8188
vn -0.2958 0.6377 -0.7112
vn -0.1497 0.6439 -0.7503
vn -0.3136 0.5732 -0.7570
vn -0.3056 0.6020 -0.7377
vn -0.1535 0.6792 -0.7177
vn -0.2860 0.6701 -0.6849
vn -0.0000 0.6420 -0.7667
vn -0.0000 0.6742 -0.7385
vn -0.0000 0.6020 -0.7985
vt 0.498129 0.488339
vt 0.887196 0.887196
vt 0.101581 0.101581
vt 1.000000 0.101581
vt 1.000000 0.887196
vt 0.571568 0.571568
vt 0.342817 0.342817
vt 0.131241 0.000000
vt 1.000000 0.908215
vt 0.940441 0.940441
vt 0.131241 0.131241
vt 0.265651 0.037071
vt 0.519158 0.116095
vt 0.806563 0.373842
vt 1.000000 0.673401
vt 0.908215 0.908215
vt 0.673401 0.673401
vt 0.846000 0.716832
vt 0.031250 0.809490
vt 0.031250 0.818357
vt 0.248760 0.818357
vt 0.061590 0.854378
vt 0.031250 0.854378
vt 0.045152 0.818357
vt 0.055936 0.840980
vt 0.045152 0.818357
vt 0.031250 0.888094
vt 0.061590 0.854378
vt 0.061345 0.863048
vt 0.053659 0.886180
vt 0.553266 0.923728
vt 0.123115 0.854378
vt 0.383140 0.923728
vt 0.447312 0.923728
vt 0.531795 0.854378
vt 0.415531 0.854377
vt 0.199854 0.854378
s 0
usemtl Material.015
f 1471/1804/956 1470/1805/956 1475/1806/956
f 1475/1807/957 1470/1808/957 1473/1809/957 1472/1810/957 1474/1811/957
f 1476/1812/958 1475/1813/958 1474/1814/958 1477/1815/958 1478/1816/958 1479/1817/958 1480/1818/958
f 1476/1819/959 1480/1820/959 1481/1821/959
s 1
f 1465/1822/960 1457/1823/961 1466/1824/962
f 1460/1825/963 1456/1826/964 1457/1823/961 1464/1827/965 1462/1828/966
f 1465/1822/960 1464/1829/965 1457/1823/961
f 1459/1830/967 1456/1826/964 1460/1831/963 1461/1832/968 1458/1833/968
f 1469/1834/969 1456/1826/964 1459/1835/967 1463/1836/970 1467/1837/970
f 1456/1826/964 1469/1838/969 1468/1839/971 1466/1840/962 1457/1823/961
g Lamparas_cell.024_Lamparas_cell.023
v 0.045505 2.692958 0.228771
v 0.043555 2.692887 0.218964
v -0.043628 2.692958 0.228771
v -0.043446 2.738396 0.228448
v -0.040979 2.737405 0.218652
v -0.041156 2.692887 0.218964
v 0.032077 2.740001 0.228436
v 0.057771 2.740003 0.223328
v 0.045439 2.740075 0.228436
v 0.043490 2.739200 0.218639
v 0.081495 2.738333 0.202904
v 0.086258 2.736681 0.211554
v 0.081526 2.731483 0.202943
v 0.086326 2.692958 0.211863
v 0.081584 2.692887 0.203212
v -0.043628 2.692958 0.228771
v -0.041156 2.692887 0.218964
v -0.043446 2.738396 0.228448
v -0.040979 2.737405 0.218652
v 0.032077 2.740001 0.228436
v 0.045439 2.740075 0.228436
v 0.057771 2.740003 0.223328
v 0.043490 2.739200 0.218639
v 0.081495 2.738333 0.202904
v 0.081526 2.731483 0.202943
v 0.086326 2.692958 0.211863
v 0.081584 2.692887 0.203212
v 0.086258 2.736681 0.211554
vn -0.9697 0.0021 -0.2444
vn -0.0055 0.9996 -0.0273
vn 0.0009 0.9968 -0.0805
vn 0.8761 0.0013 -0.4822
vn 0.8769 -0.0020 -0.4807
vn 0.3827 0.0071 0.9239
vn 0.1951 0.0073 0.9808
vn 0.1465 -0.6607 0.7363
vn 0.2821 -0.6758 0.6810
vn -0.0000 0.0071 1.0000
vn -0.0000 -0.6399 0.7685
vn -0.2595 -0.7349 -0.6265
vn -0.1271 -0.7587 -0.6389
vn -0.1951 -0.0071 -0.9808
vn -0.3827 -0.0070 -0.9239
vn -0.0000 -0.7621 -0.6475
vn -0.0000 -0.0070 -1.0000
vt 0.618775 0.453397
vt 0.083529 0.000000
vt 0.135335 0.000000
vt 0.659773 0.444218
vt 0.315597 0.081008
vt 0.230519 0.000000
vt 0.418470 0.000000
vt 0.418470 0.418470
vt 0.230519 0.230519
vt 0.034120 0.000000
vt 0.087451 0.000000
vt 0.349581 0.307671
vt 1.000000 0.864665
vt 1.000000 0.916471
vt 0.087699 0.000000
vt 0.087451 0.087451
vt 0.034215 0.000000
vt 0.485477 0.081939
vt 0.087699 0.087699
vt 0.034215 0.034215
vt 0.484829 0.027662
vt 0.561643 0.551696
vt 0.540442 0.552420
vt 0.531250 0.552500
vt 0.531250 0.500000
vt 0.561593 0.500000
vt 0.470074 0.607494
vt 0.469949 0.607494
vt 0.531204 0.500000
vt 0.522094 0.607494
vt 0.560784 0.500000
vt 0.531250 0.551862
vt 0.560825 0.550891
vt 0.560835 0.543220
vt 0.470471 0.500000
vt 0.470598 0.500000
vt 0.531250 0.551862
vt 0.558090 0.500000
vt 0.470039 0.500000
vt 0.471737 0.500000
s 0
usemtl Material.015
f 1497/1841/972 1499/1842/972 1500/1843/972 1498/1844/972
f 1502/1845/973 1503/1846/973 1501/1847/973
f 1501/1848/974 1503/1849/974 1509/1850/974 1505/1851/974 1504/1852/974 1500/1853/974 1499/1854/974
f 1506/1855/975 1505/1856/975 1509/1857/975
f 1508/1858/976 1506/1859/976 1509/1860/976 1507/1861/976
s 1
f 1493/1862/977 1489/1863/977 1490/1864/978 1482/1865/979 1495/1866/980
f 1485/1867/981 1484/1868/982 1482/1865/979 1490/1869/978 1488/1870/981
f 1496/1871/983 1483/1865/984 1491/1872/985 1492/1873/986 1494/1874/986
f 1483/1865/984 1487/1875/987 1486/1876/988 1491/1877/985
f 1495/1866/980 1482/1865/979 1483/1865/984 1496/1878/983
f 1483/1865/984 1482/1865/979 1484/1879/982 1487/1880/987
g Lamparas_cell.025_Lamparas_cell.024
v -0.191239 2.934528 -0.038040
v -0.166651 2.979784 -0.033149
v -0.182369 2.930259 -0.036276
v -0.180529 2.954241 -0.000995
v -0.178010 2.958877 -0.004790
v -0.170560 2.948805 -0.000997
v -0.167420 2.953736 -0.005192
v -0.187033 2.942270 -0.000964
v -0.178574 2.936219 -0.000963
v -0.210670 2.884874 -0.000987
v -0.182369 2.930259 -0.000966
v -0.191239 2.934528 -0.000967
v -0.197926 2.882062 -0.000984
v -0.210041 2.886479 -0.041780
v -0.191636 2.882933 -0.053821
v -0.197433 2.883590 -0.039272
v -0.203405 2.885732 -0.058565
v -0.200620 2.885541 -0.065483
v -0.188400 2.882709 -0.061821
v -0.185266 2.912025 -0.075471
v -0.177030 2.934528 -0.072341
v -0.169340 2.930259 -0.067732
v -0.157506 2.950611 -0.062436
v -0.167198 2.954217 -0.068126
v -0.177140 2.904748 -0.070416
v -0.162352 2.979784 -0.043529
v -0.149528 2.981095 -0.030975
v -0.166651 2.979784 -0.022164
v -0.158799 2.990201 -0.031587
v -0.178688 2.899907 -0.070764
v -0.187432 2.906331 -0.076064
v -0.180529 2.954241 -0.000995
v -0.178010 2.958877 -0.004790
v -0.170560 2.948805 -0.000997
v -0.167420 2.953736 -0.005192
v -0.178574 2.936219 -0.000963
v -0.187033 2.942270 -0.000964
v -0.182369 2.930259 -0.000966
v -0.197926 2.882062 -0.000984
v -0.191239 2.934528 -0.000967
v -0.210670 2.884874 -0.000987
v -0.197433 2.883590 -0.039272
v -0.210041 2.886479 -0.041780
v -0.203405 2.885732 -0.058565
v -0.191636 2.882933 -0.053821
v -0.188400 2.882709 -0.061821
v -0.200620 2.885541 -0.065483
v -0.185266 2.912025 -0.075471
v -0.177030 2.934528 -0.072341
v -0.167198 2.954217 -0.068126
v -0.169340 2.930259 -0.067732
v -0.157506 2.950611 -0.062436
v -0.177140 2.904748 -0.070416
v -0.162352 2.979784 -0.043529
v -0.166651 2.979784 -0.022164
v -0.158799 2.990201 -0.031587
v -0.187432 2.906331 -0.076064
v -0.178688 2.899907 -0.070764
v -0.149528 2.981095 -0.030975
vn 0.2797 0.5126 0.8118
vn 0.0012 0.0019 1.0000
vn -0.0003 -0.0003 1.0000
vn -0.2152 -0.9757 -0.0417
vn -0.2091 -0.9762 -0.0572
vn 0.4893 -0.0581 -0.8702
vn 0.5707 0.5144 -0.6400
vn 0.1341 -0.5157 -0.8462
vn 0.4690 -0.0868 -0.8789
vn -0.7774 0.6094 -0.1560
vn -0.7915 0.5157 -0.3279
vn -0.8228 0.5443 -0.1637
vn -0.8377 0.4218 -0.3470
vn -0.8876 0.4254 -0.1766
vn -0.8118 0.4774 -0.3363
vn -0.8603 0.3644 -0.3564
vn -0.9109 0.3706 -0.1813
vn -0.8566 0.5160 -0.0000
vn -0.8787 0.4774 -0.0000
vn -0.9067 0.4217 -0.0000
vn -0.9312 0.3644 -0.0000
vn 0.8212 -0.5462 0.1651
vn 0.8869 -0.4269 0.1764
vn 0.8360 -0.4257 0.3463
vn 0.7793 -0.5371 0.3228
vn 0.8792 -0.3072 0.3642
vn 0.9316 -0.3126 0.1854
vn 0.8411 -0.5408 0.0039
vn 0.9040 -0.4276 0.0020
vn 0.9517 -0.3072 -0.0000
vn 0.3433 0.4961 0.7975
vt 0.522201 0.000000
vt 1.000000 0.441231
vt 1.000000 0.486198
vt 0.471770 0.000000
vt 0.457910 0.000000
vt 0.486198 0.486198
vt 0.441231 0.441231
vt 0.419087 0.000000
vt 0.520977 0.440780
vt 0.457910 0.457910
vt 0.419087 0.419087
vt 0.499526 0.400141
vt 1.000000 0.313080
vt 1.000000 0.371361
vt 0.371361 0.371361
vt 0.313080 0.313080
vt 0.779067 0.314331
vt 1.000000 0.344015
vt 1.000000 0.398028
vt 0.808297 0.372095
vt 0.398028 0.398028
vt 0.344015 0.344015
vt 0.561915 0.000000
vt 0.650238 0.000000
vt 0.326321 0.000000
vt 0.678438 0.317497
vt 1.000000 0.620305
vt 1.000000 0.674223
vt 0.659058 0.345330
vt 0.267735 0.000000
vt 1.000000 0.188282
vt 1.000000 0.313286
vt 0.674223 0.674223
vt 0.620305 0.620305
vt 0.891613 0.299487
vt 1.000000 0.659087
vt 1.000000 0.721947
vt 0.650238 0.650238
vt 0.561915 0.561915
vt 1.000000 0.732265
vt 0.721947 0.721947
vt 0.659087 0.659087
vt 1.000000 0.673679
vt 0.216869 0.827318
vt 0.208159 0.818357
vt 0.218750 0.818357
vt 0.188249 0.778329
vt 0.218750 0.778329
vt 0.188530 0.795744
vt 0.199647 0.712604
vt 0.205217 0.712861
vt 0.218750 0.713862
vt 0.188249 0.778329
vt 0.188427 0.748138
vt 0.188633 0.740497
vt 0.218750 0.828773
vt 0.229106 0.818357
vt 0.246018 0.799865
vt 0.249205 0.778329
vt 0.249330 0.785177
vt 0.249390 0.795765
vt 0.249266 0.711709
vt 0.218750 0.827837
vt 0.189419 0.778329
vt 0.190308 0.797898
vt 0.189929 0.740454
vt 0.189731 0.746495
vt 0.189419 0.778329
vt 0.218750 0.720092
vt 0.206259 0.719273
vt 0.199380 0.718993
vt 0.249361 0.784060
vt 0.249168 0.778329
vt 0.219054 0.827919
vt 0.245788 0.800903
vt 0.249625 0.796161
vt 0.249168 0.778329
vt 0.249337 0.718186
vt 0.087449 0.087449
vt 0.012287 0.000691
vt 0.344514 0.154076
vt 1.000000 0.477799
vt 1.000000 0.528230
s 0
usemtl Material.015
f 1542/1881/989 1541/1882/989 1543/1883/989 1544/1884/989
f 1545/1885/990 1543/1886/990 1541/1887/990 1546/1888/990
f 1547/1889/991 1545/1890/991 1546/1891/991 1549/1892/991 1550/1893/991 1548/1894/991
f 1548/1895/992 1550/1896/992 1552/1897/992 1553/1898/992 1554/1899/992 1551/1900/992
f 1554/1901/993 1553/1902/993 1556/1903/993 1555/1904/993
f 1557/1905/994 1558/1906/994 1559/1907/994 1561/1908/994 1560/1909/994 1562/1910/994
f 1538/1911/995 1568/1912/995 1561/1913/995 1559/1914/995 1563/1915/995
f 1566/1916/996 1567/1917/996 1555/1918/996 1556/1919/996
f 1562/1920/997 1567/1921/997 1566/1922/997 1557/1923/997
s 1
f 1565/1924/998 1535/1925/999 1511/1926/1000
f 1530/1927/1001 1510/1928/1002 1511/1926/1000 1535/1925/999 1533/1929/1003
f 1527/1930/1004 1526/1931/1004 1523/1932/1005 1510/1928/1002 1530/1933/1001 1529/1934/1004 1540/1935/1004
f 1565/1936/998 1511/1926/1000 1564/1937/1006
f 1514/1938/1007 1564/1937/1006 1511/1926/1000 1510/1928/1002 1521/1939/1008 1517/1940/1007 1513/1941/1007
f 1521/1939/1008 1510/1928/1002 1523/1932/1005 1519/1942/1009
f 1536/1943/1010 1512/1928/1011 1531/1944/1012 1532/1945/1013
f 1539/1946/1014 1534/1947/1014 1531/1948/1012 1512/1928/1011 1525/1949/1015 1524/1950/1014 1528/1951/1014
f 1518/1952/1016 1520/1953/1017 1512/1928/1011 1536/1954/1010 1516/1955/1016 1515/1956/1016
f 1525/1949/1015 1512/1928/1011 1520/1957/1017 1522/1958/1018
s 0
f 1568/1959/1019 1538/1960/1019 1537/1961/1019 1542/1962/1019 1544/1963/1019
g Lamparas_cell.026_Lamparas_cell.025
v 0.166652 2.979784 -0.033149
v 0.167655 2.953368 -0.023397
v 0.179117 2.956841 -0.021055
v 0.168322 2.952321 -0.000657
v 0.179640 2.955878 -0.000659
v 0.155632 2.994402 -0.000903
v 0.166652 2.979784 -0.000808
v 0.147539 2.984958 -0.000865
v 0.152825 2.998126 -0.030399
v 0.145112 2.988770 -0.028865
v 0.142409 2.987620 -0.037304
v 0.148867 2.996526 -0.043106
v 0.133925 2.983633 -0.064421
v 0.140991 2.992999 -0.069069
v 0.129381 2.980892 -0.079950
v 0.135791 2.989988 -0.087553
v 0.166187 2.955729 -0.068421
v 0.155763 2.952164 -0.064063
v 0.146368 2.979784 -0.082120
v 0.167326 2.953884 -0.033283
v 0.178695 2.957617 -0.035544
v 0.167655 2.953368 -0.023397
v 0.168322 2.952321 -0.000657
v 0.179117 2.956841 -0.021055
v 0.179640 2.955878 -0.000659
v 0.155632 2.994402 -0.000903
v 0.166652 2.979784 -0.000808
v 0.147539 2.984958 -0.000865
v 0.145112 2.988770 -0.028865
v 0.152825 2.998126 -0.030399
v 0.148867 2.996526 -0.043106
v 0.142409 2.987620 -0.037304
v 0.140991 2.992999 -0.069069
v 0.133925 2.983633 -0.064421
v 0.135791 2.989988 -0.087553
v 0.129381 2.980892 -0.079950
v 0.146368 2.979784 -0.082120
v 0.166187 2.955729 -0.068421
v 0.155763 2.952164 -0.064063
v 0.178695 2.957617 -0.035544
v 0.167326 2.953884 -0.033283
vn 0.2994 -0.9527 -0.0526
vn -0.0015 0.0054 1.0000
vn -0.7501 0.6434 0.1526
vn -0.7550 0.6401 0.1421
vn -0.7657 0.6334 0.1123
vn -0.1405 -0.5748 -0.8061
vn 0.3006 -0.9519 -0.0597
vn 0.7985 0.6020 -0.0000
vn 0.8411 0.5409 -0.0000
vn 0.8228 0.5443 -0.1637
vn 0.7776 0.6094 -0.1550
vn 0.8787 0.4774 -0.0000
vn 0.8579 0.4846 -0.1707
vn 0.7617 0.5660 -0.3155
vn 0.7377 0.6020 -0.3056
vn 0.8118 0.4774 -0.3363
vn -0.8226 -0.5445 0.1636
vn -0.8435 -0.5371 -0.0000
vn -0.8225 -0.5445 0.1640
vn -0.7793 -0.5371 0.3228
vt 1.000000 0.623614
vt 0.397341 0.000000
vt 0.459454 0.000000
vt 1.000000 0.559764
vt 1.000000 0.695039
vt 1.000000 0.740718
vt 0.623614 0.623614
vt 0.559764 0.559764
vt 0.818205 0.632936
vt 0.740718 0.740718
vt 0.695039 0.695039
vt 0.897277 0.710438
vt 1.000000 0.732586
vt 1.000000 0.769126
vt 0.931353 0.753996
vt 0.746447 0.000000
vt 0.784846 0.000000
vt 0.769126 0.769126
vt 0.732586 0.732586
vt 0.746447 0.746447
vt 1.000000 0.081244
vt 1.000000 0.223288
vt 0.784846 0.784846
vt 0.365621 0.238427
vt 1.000000 0.609575
vt 1.000000 0.666217
vt 0.223288 0.223288
vt 0.081244 0.081244
vt 0.874265 0.542496
vt 1.000000 0.540546
vt 1.000000 0.602659
vt 0.914283 0.604213
vt 0.666217 0.666217
vt 0.609575 0.609575
vt 0.750357 0.832975
vt 0.750761 0.818357
vt 0.781250 0.818357
vt 0.781250 0.836698
vt 0.750316 0.797213
vt 0.768308 0.798064
vt 0.781250 0.798751
vt 0.831219 0.818357
vt 0.840966 0.828561
vt 0.822044 0.831571
vt 0.794652 0.835098
vt 0.812041 0.797082
vt 0.781250 0.801046
vt 0.771465 0.800549
vt 0.750013 0.799542
vt 0.750234 0.830923
vt 0.781250 0.834588
vt 0.781250 0.834589
vt 0.790350 0.833483
vt 0.820886 0.829649
vt 0.837944 0.827014
vt 0.811653 0.799391
vt 0.781250 0.801046
s 0
usemtl Material.015
f 1591/1964/1020 1590/1965/1020 1592/1966/1020 1593/1967/1020
f 1594/1968/1021 1596/1969/1021 1591/1970/1021 1593/1971/1021 1595/1972/1021
f 1596/1973/1022 1594/1974/1022 1598/1975/1022 1599/1976/1022 1600/1977/1022 1597/1978/1022
f 1601/1979/1023 1602/1980/1023 1600/1981/1023 1599/1982/1023
f 1601/1983/1024 1603/1984/1024 1604/1985/1024 1602/1986/1024
f 1605/1987/1025 1606/1988/1025 1607/1989/1025 1604/1990/1025 1603/1991/1025
f 1608/1992/1026 1592/1993/1026 1590/1994/1026 1609/1995/1026 1607/1996/1026 1606/1997/1026
s 1
f 1574/1998/1027 1575/1999/1028 1569/2000/1029 1577/2001/1030
f 1573/2002/1031 1571/2003/1031 1589/2004/1032 1569/2000/1029 1575/1999/1028
f 1587/2005/1033 1584/2006/1034 1582/2007/1034 1580/2008/1034 1577/2001/1030 1569/2000/1029
f 1585/2009/1035 1587/2005/1033 1569/2000/1029 1589/2004/1032
f 1588/2010/1036 1570/2011/1037 1572/2012/1037 1576/2013/1037 1578/2014/1038
f 1578/2015/1038 1579/2016/1039 1581/2017/1039 1583/2018/1039 1586/2019/1039 1588/2020/1036
g Lamparas_cell.027_Lamparas_cell.026
v 0.079019 3.015806 -0.118260
v 0.074776 3.009351 -0.111910
v 0.110332 3.009351 -0.076354
v 0.132626 2.991721 -0.090330
v 0.117344 3.015806 -0.079935
v 0.122682 2.983459 -0.087320
v 0.115684 2.974624 -0.102274
v 0.125383 2.982238 -0.107683
v 0.110021 2.967767 -0.114112
v 0.123419 2.979784 -0.112262
v 0.119001 2.974564 -0.120691
v 0.034921 2.964995 -0.158990
v 0.036034 2.971525 -0.170313
v 0.095066 2.977622 -0.142276
v 0.088846 2.970342 -0.132968
v 0.056341 3.045056 -0.084321
v 0.063901 3.053182 -0.085126
v 0.059705 3.045935 -0.079823
v 0.029664 3.031658 -0.108589
v 0.030947 3.037534 -0.116703
v 0.060193 3.052213 -0.090085
v 0.067564 3.047949 -0.069368
v 0.072521 3.055390 -0.073656
v 0.082579 3.045084 -0.058046
v 0.088995 3.052249 -0.061237
v 0.033322 2.975792 -0.152211
v 0.035382 2.976347 -0.167748
v 0.028397 3.009351 -0.131121
v 0.024769 3.028989 -0.113249
v 0.025577 3.034607 -0.121820
v 0.029053 3.015806 -0.138957
v 0.075657 3.049813 -0.058872
v 0.081398 3.057433 -0.062141
v 0.075657 3.049813 -0.058872
v 0.082579 3.045084 -0.058046
v 0.132626 2.991721 -0.090330
v 0.125383 2.982238 -0.107683
v 0.035382 2.976347 -0.167748
v 0.029053 3.015806 -0.138957
v 0.088995 3.052249 -0.061237
v 0.081398 3.057433 -0.062141
v 0.117344 3.015806 -0.079935
v 0.110332 3.009351 -0.076354
v 0.122682 2.983459 -0.087320
v 0.115684 2.974624 -0.102274
v 0.123419 2.979784 -0.112262
v 0.110021 2.967767 -0.114112
v 0.119001 2.974564 -0.120691
v 0.088846 2.970342 -0.132968
v 0.034921 2.964995 -0.158990
v 0.036034 2.971525 -0.170313
v 0.095066 2.977622 -0.142276
v 0.056341 3.045056 -0.084321
v 0.029664 3.031658 -0.108589
v 0.059705 3.045935 -0.079823
v 0.063901 3.053182 -0.085126
v 0.060193 3.052213 -0.090085
v 0.030947 3.037534 -0.116703
v 0.067564 3.047949 -0.069368
v 0.072521 3.055390 -0.073656
v 0.033322 2.975792 -0.152211
v 0.028397 3.009351 -0.131121
v 0.024769 3.028989 -0.113249
v 0.025577 3.034607 -0.121820
vn 0.4787 -0.0869 0.8737
vn 0.6567 -0.7426 0.1316
vn 0.6536 -0.7472 0.1202
vn 0.3021 -0.8384 -0.4538
vn -0.6624 0.6526 0.3678
vn -0.6603 0.6533 0.3705
vn 0.1079 0.3222 0.9405
vn -0.9891 -0.0627 -0.1334
vn -0.9892 -0.0613 -0.1334
vn -0.6843 0.6377 0.3536
vn -0.6502 0.6550 0.3850
vn 0.4447 0.5952 -0.6693
vn 0.4253 0.6406 -0.6393
vn 0.5451 0.6348 -0.5476
vn 0.5635 0.5999 -0.5680
vn 0.5739 0.5805 -0.5777
vn 0.6213 0.4774 -0.6213
vn 0.2957 0.6320 -0.7163
vn 0.3231 0.5329 -0.7821
vn 0.3363 0.4774 -0.8118
vn -0.2828 -0.6736 0.6828
vn -0.3053 -0.6028 0.7372
vn -0.4403 -0.6098 0.6590
vn -0.4339 -0.6804 0.5906
vn 0.5222 0.6742 -0.5222
vn 0.4336 0.6809 -0.5902
vn -0.5965 -0.5371 0.5965
vn -0.5637 -0.6038 0.5637
vn -0.4661 -0.5445 0.6973
vn -0.3228 -0.5371 0.7793
vn -0.5226 -0.6736 0.5226
vn 0.2826 0.6742 -0.6823
vt 0.296775 0.296775
vt 0.473497 0.238615
vt 0.884269 0.000000
vt 0.964206 0.000000
vt 0.527125 0.244819
vt 0.325576 0.325576
vt 0.961582 0.961582
vt 0.875101 0.875101
vt 0.359111 0.000000
vt 0.397238 0.000000
vt 0.397238 0.397238
vt 0.359111 0.359111
vt 0.337233 0.000000
vt 0.372574 0.000000
vt 0.389665 0.262074
vt 0.337233 0.337233
vt 0.528779 0.239563
vt 0.840660 0.000000
vt 0.929081 0.000000
vt 0.591261 0.262060
vt 0.372574 0.372574
vt 0.670636 0.000000
vt 0.956819 0.190325
vt 1.000000 0.215742
vt 1.000000 0.236678
vt 0.952400 0.208661
vt 0.638597 0.000000
vt 0.215743 0.215743
vt 0.303670 0.000000
vt 0.333131 0.000000
vt 0.236678 0.236678
vt 1.000000 0.325576
vt 0.086837 0.000000
vt 0.167574 0.000000
vt 1.000000 0.296775
vt 0.924477 0.000000
vt 1.000000 0.070919
vt 1.000000 0.159340
vt 0.823734 0.000000
vt 0.924477 0.924477
vt 0.823734 0.823734
vt 0.883091 0.328002
vt 0.883093 0.000000
vt 0.969024 0.000000
vt 0.969190 0.314217
vt 0.329364 0.000000
vt 0.361403 0.000000
vt 0.969024 0.969024
vt 0.883093 0.883093
vt 1.000000 0.666869
vt 1.000000 0.696330
vt 0.564653 0.564653
vt 0.522426 0.522426
vt 0.906250 0.818357
vt 0.906250 0.854378
vt 0.845209 0.854378
vt 0.845767 0.829991
vt 0.863051 0.820810
vt 0.867563 0.818357
vt 0.876166 0.813740
vt 0.967159 0.854378
vt 0.966941 0.818357
vt 0.966931 0.811052
vt 0.966941 0.818357
vt 0.906250 0.816444
vt 0.958332 0.879297
vt 0.965848 0.876316
vt 0.965995 0.854378
vt 0.906250 0.894265
vt 0.845757 0.901866
vt 0.845653 0.895408
vt 0.906250 0.895368
vt 0.897290 0.896458
vt 0.875093 0.898944
vt 0.846392 0.830484
vt 0.846406 0.854378
vt 0.906250 0.816870
vt 0.878136 0.814394
vt 0.865379 0.820987
vt 0.965851 0.811729
vt 0.965995 0.854378
vt 0.966058 0.822110
vt 0.874480 0.897498
vt 0.896024 0.895248
vt 0.846406 0.854378
vt 0.847275 0.894297
vt 0.854186 0.899580
vt 0.967159 0.854378
vt 0.967182 0.875545
vt 0.959495 0.878840
s 0
usemtl Material.015
f 1644/2021/1040 1652/2022/1040 1653/2023/1040 1645/2024/1040 1651/2025/1040 1649/2026/1040
f 1645/2027/1041 1653/2028/1041 1654/2029/1041 1646/2030/1041
f 1646/2031/1042 1654/2032/1042 1656/2033/1042 1657/2034/1042 1655/2035/1042
f 1656/2036/1043 1658/2037/1043 1659/2038/1043 1660/2039/1043 1661/2040/1043 1657/2041/1043
f 1663/2042/1044 1662/2043/1044 1664/2044/1044 1665/2045/1044 1666/2046/1044 1667/2047/1044
f 1664/2048/1045 1668/2049/1045 1669/2050/1045 1665/2051/1045
f 1649/2052/1046 1650/2053/1046 1643/2054/1046 1644/2055/1046
f 1647/2056/1047 1660/2057/1047 1659/2058/1047 1670/2059/1047
f 1647/2060/1048 1670/2061/1048 1671/2062/1048 1672/2063/1048 1673/2064/1048 1648/2065/1048
f 1663/2066/1049 1667/2067/1049 1673/2068/1049 1672/2069/1049
f 1669/2070/1050 1668/2071/1050 1643/2072/1050 1650/2073/1050
s 1
f 1623/2074/1051 1610/2075/1052 1614/2076/1053 1613/2077/1054 1617/2078/1054 1619/2079/1055
f 1623/2074/1051 1619/2079/1055 1620/2080/1056
f 1640/2081/1057 1610/2075/1052 1623/2074/1051 1636/2082/1058
f 1622/2083/1059 1636/2084/1058 1623/2085/1051
f 1628/2086/1060 1638/2087/1060 1637/2088/1061 1611/2075/1062 1625/2089/1063
f 1642/2090/1064 1634/2091/1064 1614/2076/1053 1610/2075/1052 1630/2092/1065 1626/2093/1064 1632/2094/1064
f 1615/2095/1066 1612/2096/1067 1611/2075/1062 1624/2097/1068 1618/2098/1066 1616/2099/1066
f 1621/2100/1069 1624/2097/1068 1611/2075/1062 1637/2101/1061 1635/2102/1069
f 1631/2103/1070 1627/2104/1070 1625/2089/1063 1611/2075/1062 1612/2105/1067 1633/2106/1070 1641/2107/1070
f 1640/2108/1057 1639/2109/1071 1629/2110/1071 1630/2092/1065 1610/2075/1052
g Lamparas_cell.028_Lamparas_cell.027
v -0.162124 2.934528 0.108328
v -0.159848 2.910725 0.123778
v -0.145978 2.934528 0.124475
v -0.158062 2.954828 0.089315
v -0.166905 2.940760 0.087938
v -0.142966 2.954782 0.111924
v -0.152253 2.955961 0.101732
v -0.179857 2.886499 0.114630
v -0.174550 2.886520 0.122471
v -0.170739 2.934528 0.087530
v -0.158062 2.954828 0.089315
v -0.166905 2.940760 0.087938
v -0.145978 2.934528 0.124475
v -0.142966 2.954782 0.111924
v -0.159848 2.910725 0.123778
v -0.152253 2.955961 0.101732
v -0.179857 2.886499 0.114630
v -0.174550 2.886520 0.122471
v -0.170739 2.934528 0.087530
vn 0.7528 -0.4239 -0.5035
vn 0.4071 0.8726 -0.2700
vn 0.7491 -0.4277 -0.5059
vn -0.8262 0.4244 0.3706
vn -0.7475 0.4240 0.5114
vn -0.7274 0.4846 0.4858
vn -0.8118 0.4774 0.3363
vn -0.8042 0.3663 0.4681
vn -0.8382 0.3629 0.4072
vn -0.6404 0.4240 0.6404
vn -0.6213 0.4774 0.6213
vn -0.6585 0.3644 0.6585
vt 0.793391 0.000000
vt 1.000000 0.311299
vt 1.000000 0.697867
vt 0.702948 0.498734
vt 0.353407 0.000000
vt 0.527671 0.509814
vt 0.697866 0.697866
vt 0.311299 0.311299
vt 0.560259 0.560259
vt 0.445686 0.445686
vt 0.885725 0.183332
vt 1.000000 0.206609
vt 1.000000 0.646593
vt 0.325256 0.778329
vt 0.343750 0.778329
vt 0.343750 0.797286
vt 0.331674 0.796284
vt 0.326938 0.783842
vt 0.343750 0.714265
vt 0.340192 0.713890
vt 0.362509 0.778329
vt 0.355412 0.796244
vt 0.343750 0.797286
vt 0.347454 0.713918
vt 0.354687 0.746394
s 0
usemtl Material.015
f 1685/2111/1072 1684/2112/1072 1687/2113/1072 1686/2114/1072 1688/2115/1072
f 1689/2116/1073 1687/2117/1073 1684/2118/1073
f 1691/2119/1074 1690/2120/1074 1692/2121/1074 1685/2122/1074 1688/2123/1074
s 1
f 1683/2124/1075 1674/2125/1076 1680/2126/1077 1677/2127/1078 1678/2128/1078
f 1682/2129/1079 1674/2125/1076 1683/2124/1075 1681/2130/1080
f 1674/2125/1076 1676/2131/1081 1679/2132/1082 1680/2133/1077
f 1676/2131/1081 1674/2125/1076 1682/2134/1079 1675/2135/1083
g Lamparas_cell.029_Lamparas_cell.028
v -0.015769 3.699318 0.008142
v -0.001767 3.699580 0.002110
v -0.006319 3.698915 0.013924
v -0.017677 3.699250 0.014386
v -0.014980 4.124954 0.017089
v -0.017683 3.940400 0.014383
v -0.015744 4.243753 0.008004
v -0.002369 4.243753 0.002502
v -0.006831 4.243753 0.013475
v -0.015083 4.243753 0.016988
v -0.017677 3.699250 0.014386
v -0.014980 4.124954 0.017089
v -0.017683 3.940400 0.014383
v -0.015083 4.243753 0.016988
v -0.015083 4.243753 0.016988
v -0.015083 4.243753 0.016988
v -0.002369 4.243753 0.002502
v -0.006831 4.243753 0.013475
v -0.015744 4.243753 0.008004
vn -0.0303 -0.9993 -0.0201
vn 0.0405 -0.0066 0.9992
vn -0.9973 0.0079 0.0734
vn -0.9564 -0.0000 -0.2922
vn -0.0066 -0.9983 -0.0587
vn -0.3804 -0.0002 -0.9248
vn -0.3957 0.0002 -0.9184
vn 0.9331 0.0008 0.3596
vn 0.9263 0.0012 0.3767
vn 0.3917 0.0011 0.9201
vn -0.7071 -0.0000 0.7071
vn -0.0000 1.0000 -0.0000
vt 0.589046 0.589046
vt 0.000000 0.000000
vt 1.000000 0.000000
vt 0.716342 0.000000
vt 0.675149 0.675149
vt 1.000000 0.594529
vt 0.450206 0.084197
vt 1.000000 0.084569
vt 1.000000 0.589046
vt 0.594529 0.594529
vt 0.084585 0.000000
vt 1.000000 1.000000
vt 1.000000 0.084410
vt 0.084585 0.084585
vt 0.084448 0.000000
vt 1.000000 0.084353
vt 1.000000 0.084728
vt 0.084353 0.084353
vt 0.799702 0.084088
vt 1.000000 0.283658
vt 0.084728 0.084728
vt 0.386223 1.000000
vt 0.385332 1.000000
vt 0.360812 1.000000
vt 0.358827 1.000000
vt 0.281250 1.000000
vt 0.343750 1.000000
vt 0.451348 1.000000
vt 0.446160 1.000000
s 0
usemtl Material.015
f 1703/2136/1084 1693/2137/1084 1695/2138/1084
f 1704/2139/1085 1703/2140/1085 1695/2137/1085
f 1705/2141/1086 1706/2142/1086 1711/2143/1086
f 1693/2138/1087 1703/2144/1087 1705/2145/1087 1711/2146/1087
f 1693/2147/1088 1694/2137/1088 1695/2138/1088
f 1709/2148/1089 1693/2147/1089 1711/2149/1089
f 1694/2138/1090 1693/2147/1090 1709/2150/1090
f 1709/2151/1091 1695/2147/1091 1694/2137/1091
f 1710/2152/1092 1695/2147/1092 1709/2153/1092
f 1707/2154/1093 1704/2155/1093 1695/2147/1093 1710/2156/1093
s 1
f 1696/2157/1094 1697/2158/1094 1708/2159/1094 1698/2160/1094
f 1699/2161/1095 1702/2162/1095 1701/2163/1095 1700/2164/1095
g Lamparas_cell.030_Lamparas_cell.029
v 0.044455 2.834534 0.223490
v 0.041927 2.884586 0.210783
v 0.042535 2.832768 0.213836
v -0.042125 2.871552 0.214092
v -0.039384 2.874340 0.200419
v -0.039864 2.867160 0.202736
v -0.041712 2.879340 0.212114
v -0.044350 2.810747 0.225913
v -0.043916 2.834534 0.223490
v -0.042414 2.809824 0.216166
v -0.041998 2.832768 0.213836
v -0.002326 2.922286 0.184943
v -0.031880 2.886115 0.196618
v -0.003256 2.926543 0.194364
v -0.038698 2.884586 0.210783
v 0.086126 2.812133 0.208699
v 0.082382 2.811150 0.199707
v 0.042958 2.811831 0.215962
v 0.023653 2.812346 0.225750
v 0.063841 2.812518 0.217887
v 0.044877 2.813721 0.225610
v 0.096680 2.837162 0.201136
v 0.064843 2.884586 0.201291
v 0.056309 2.888642 0.188611
v 0.092913 2.836354 0.191717
v 0.057636 2.894477 0.200086
v 0.050352 2.904305 0.198941
v 0.048106 2.900159 0.187985
v 0.015400 2.925225 0.194880
v 0.015341 2.920465 0.185531
v 0.039805 2.911849 0.200114
v 0.037716 2.907831 0.189609
v 0.010388 2.927901 0.193832
v 0.009779 2.923524 0.184544
v 0.094909 2.832240 0.202844
v 0.091413 2.831789 0.193698
v -0.039384 2.874340 0.200419
v -0.039864 2.867160 0.202736
v -0.042125 2.871552 0.214092
v -0.041712 2.879340 0.212114
v -0.042414 2.809824 0.216166
v -0.041998 2.832768 0.213836
v -0.044350 2.810747 0.225913
v -0.043916 2.834534 0.223490
v -0.002326 2.922286 0.184943
v -0.031880 2.886115 0.196618
v 0.042958 2.811831 0.215962
v 0.082382 2.811150 0.199707
v 0.086126 2.812133 0.208699
v 0.063841 2.812518 0.217887
v 0.023653 2.812346 0.225750
v 0.044877 2.813721 0.225610
v 0.056309 2.888642 0.188611
v 0.092913 2.836354 0.191717
v 0.064843 2.884586 0.201291
v 0.057636 2.894477 0.200086
v 0.096680 2.837162 0.201136
v 0.050352 2.904305 0.198941
v 0.048106 2.900159 0.187985
v 0.015400 2.925225 0.194880
v 0.039805 2.911849 0.200114
v 0.037716 2.907831 0.189609
v 0.015341 2.920465 0.185531
v 0.010388 2.927901 0.193832
v 0.009779 2.923524 0.184544
v -0.003256 2.926543 0.194364
v -0.038698 2.884586 0.210783
v 0.091413 2.831789 0.193698
v 0.094909 2.832240 0.202844
vn -0.9806 0.0023 -0.1961
vn -0.9809 -0.0019 -0.1946
vn -0.7818 0.5358 -0.3188
vn -0.8399 0.4127 -0.3525
vn 0.0236 -0.9948 0.0989
vn 0.0636 -0.9505 0.3042
vn 0.7756 0.5219 -0.3550
vn 0.7697 0.5288 -0.3578
vn 0.5053 0.7677 -0.3941
vn 0.4954 0.7728 -0.3966
vn -0.1061 0.9022 -0.4181
vn 0.8566 -0.4148 -0.3070
vn 0.8393 -0.4540 -0.2991
vn -0.0000 0.3644 0.9312
vn -0.0000 0.2824 0.9593
vn 0.1857 0.3078 0.9331
vn 0.1116 0.3697 0.9224
vn -0.0000 0.2461 0.9693
vn -0.0000 0.1727 0.9850
vn 0.1921 0.1757 0.9655
vn 0.1937 0.1033 0.9756
vn -0.0000 0.1013 0.9949
vn 0.3672 0.2829 0.8861
vn 0.3564 0.3644 0.8603
vn 0.3758 0.1906 0.9069
vn 0.3715 0.2419 0.8964
vn 0.3807 0.1013 0.9191
vn -0.1909 -0.2064 -0.9597
vn -0.0000 -0.2026 -0.9793
vn -0.0000 -0.3072 -0.9517
vn -0.1139 -0.3111 -0.9435
vn -0.0000 -0.1010 -0.9949
vn -0.1936 -0.1029 -0.9757
vn -0.3646 -0.3050 -0.8798
vn -0.3723 -0.2326 -0.8985
vn -0.3807 -0.1010 -0.9192
vt 1.000000 0.726201
vt 1.000000 0.767300
vt 0.060848 0.000000
vt 0.113146 0.000000
vt 0.901386 0.000000
vt 0.942428 0.000000
vt 0.883611 0.297577
vt 0.767300 0.767300
vt 0.726201 0.726201
vt 0.844686 0.287035
vt 0.240931 0.000000
vt 0.326824 0.000000
vt 1.000000 0.746064
vt 1.000000 0.865972
vt 0.865972 0.865972
vt 0.746064 0.746064
vt 1.000000 0.882916
vt 1.000000 0.937450
vt 0.342611 0.026334
vt 0.063754 0.063754
vt 0.021152 0.021152
vt 0.178783 0.000000
vt 0.476356 0.000000
vt 1.000000 0.057572
vt 1.000000 0.098614
vt 0.476356 0.476356
vt 0.178783 0.178783
vt 0.389277 0.333917
vt 1.000000 0.579213
vt 1.000000 0.632668
vt 0.884294 0.522510
vt 0.362791 0.000000
vt 0.406643 0.000000
vt 0.632668 0.632668
vt 0.579213 0.579213
vt 1.000000 0.644490
vt 1.000000 0.687310
vt 0.672909 0.000000
vt 0.692361 0.479616
vt 0.687310 0.687310
vt 0.644490 0.644490
vt 0.651298 0.439812
vt 0.636290 0.000000
vt 0.672909 0.672909
vt 0.636290 0.636290
vt 1.000000 0.439006
vt 1.000000 0.494537
vt 0.494537 0.494537
vt 0.439006 0.439006
vt 0.673176 0.000000
vt 0.759069 0.000000
vt 0.873748 0.397674
vt 0.406643 0.406643
vt 0.362792 0.362792
vt 1.000000 0.353511
vt 1.000000 0.095698
vt 0.396180 0.396180
vt 0.353510 0.353510
vt 1.000000 0.031752
vt 0.512651 0.778329
vt 0.508534 0.778329
vt 0.497325 0.778329
vt 0.468750 0.766975
vt 0.531250 0.711322
vt 0.531250 0.747901
vt 0.468911 0.711322
vt 0.468750 0.707037
vt 0.468750 0.668314
vt 0.531250 0.656673
vt 0.471157 0.711322
vt 0.531250 0.633980
vt 0.469128 0.656673
vt 0.468824 0.656673
vt 0.516627 0.656673
vt 0.549737 0.711322
vt 0.545104 0.724594
vt 0.540000 0.737779
vt 0.549737 0.711322
vt 0.570315 0.656673
vt 0.571257 0.659543
vt 0.562687 0.633224
vt 0.545582 0.632668
vt 0.469144 0.656673
vt 0.470712 0.656673
vt 0.471220 0.656673
vt 0.472537 0.778329
vt 0.497996 0.778329
vt 0.508424 0.778329
vt 0.513215 0.778329
vt 0.531250 0.750342
vt 0.468838 0.656673
vt 0.469144 0.656673
vt 0.531250 0.633211
vt 0.547321 0.726397
vt 0.571825 0.661147
vt 0.570421 0.656673
vt 0.531250 0.750343
vt 0.540444 0.740769
vt 0.570091 0.655576
vt 0.562341 0.632448
s 0
usemtl Material.015
f 1749/2165/1096 1750/2166/1096 1751/2167/1096 1748/2168/1096
f 1752/2169/1097 1754/2170/1097 1755/2171/1097 1750/2172/1097 1749/2173/1097 1753/2174/1097
f 1777/2175/1098 1756/2176/1098 1757/2177/1098 1726/2178/1098
f 1726/2179/1099 1757/2180/1099 1748/2181/1099 1751/2182/1099
f 1758/2183/1100 1759/2184/1100 1760/2185/1100 1761/2186/1100 1762/2187/1100 1754/2188/1100 1752/2189/1100
f 1762/2190/1101 1761/2191/1101 1763/2192/1101
f 1764/2193/1102 1767/2194/1102 1766/2195/1102 1768/2196/1102 1765/2197/1102
f 1767/2198/1103 1764/2199/1103 1770/2200/1103 1769/2201/1103
f 1771/2202/1104 1772/2203/1104 1769/2204/1104 1770/2205/1104 1773/2206/1104 1774/2207/1104
f 1771/2208/1105 1774/2209/1105 1776/2210/1105 1775/2211/1105
f 1775/2212/1106 1776/2213/1106 1756/2214/1106 1777/2215/1106
f 1779/2216/1107 1765/2217/1107 1768/2218/1107 1780/2219/1107
f 1759/2220/1108 1779/2221/1108 1780/2222/1108 1760/2223/1108
s 1
f 1740/2224/1109 1744/2225/1109 1725/2226/1109 1778/2227/1110 1713/2228/1111 1742/2229/1112
f 1718/2230/1113 1715/2231/1113 1720/2232/1114 1712/2233/1115 1713/2228/1111 1778/2234/1110
f 1732/2235/1116 1712/2233/1115 1720/2236/1114 1719/2237/1117 1730/2238/1117
f 1742/2229/1112 1713/2228/1111 1734/2239/1118 1737/2240/1119 1738/2241/1119
f 1734/2242/1118 1713/2228/1111 1712/2233/1115 1746/2243/1120 1733/2244/1121
f 1727/2245/1122 1746/2243/1120 1712/2233/1115 1732/2235/1116 1731/2246/1122
f 1714/2233/1123 1722/2247/1124 1717/2248/1125 1716/2249/1125 1724/2250/1125 1723/2251/1125 1745/2252/1125 1741/2253/1125 1743/2254/1126
f 1721/2255/1127 1722/2256/1124 1714/2233/1123 1729/2257/1128
f 1735/2258/1129 1736/2259/1129 1747/2260/1130 1714/2233/1123 1743/2261/1126 1739/2262/1129
f 1714/2233/1123 1747/2263/1130 1728/2264/1131 1729/2257/1128
g Lamparas_cell.031_Lamparas_cell.030
v -0.075782 3.075404 0.039402
v -0.068548 3.067950 0.039887
v -0.067733 3.094420 0.013473
v -0.056468 3.092226 0.005107
v -0.059879 3.088484 0.011911
v -0.076744 3.064044 0.029404
v -0.082199 3.072349 0.031197
v -0.034175 3.099860 -0.035842
v -0.029165 3.098418 -0.042711
v -0.047208 3.107617 -0.031544
v -0.041197 3.100863 -0.027527
v -0.033413 3.105648 -0.047881
v -0.061535 3.101208 0.000794
v -0.057896 3.105196 -0.011516
v -0.050519 3.098752 -0.010049
v -0.052737 3.096319 -0.002539
v -0.099181 3.059970 0.005793
v -0.092185 3.067634 0.018337
v -0.086251 3.059550 0.017156
v -0.092441 3.052758 0.006049
v -0.106593 3.037233 -0.020103
v -0.114573 3.043108 -0.022631
v -0.094876 3.039580 -0.043898
v -0.101636 3.045483 -0.048358
v -0.097007 3.046390 -0.057370
v -0.090071 3.040522 -0.053254
v -0.048463 3.061347 -0.071199
v -0.052131 3.068822 -0.076704
v -0.087416 3.041049 -0.058409
v -0.094153 3.046956 -0.062911
v -0.074263 3.039423 -0.073660
v -0.079959 3.045202 -0.079371
v -0.075689 3.046878 -0.081475
v -0.056324 3.046474 -0.082510
v -0.061472 3.052632 -0.088265
v -0.075782 3.075404 0.039402
v -0.067733 3.094420 0.013473
v -0.068548 3.067950 0.039887
v -0.059879 3.088484 0.011911
v -0.056468 3.092226 0.005107
v -0.076744 3.064044 0.029404
v -0.082199 3.072349 0.031197
v -0.034175 3.099860 -0.035842
v -0.029165 3.098418 -0.042711
v -0.041197 3.100863 -0.027527
v -0.047208 3.107617 -0.031544
v -0.033413 3.105648 -0.047881
v -0.050519 3.098752 -0.010049
v -0.052737 3.096319 -0.002539
v -0.061535 3.101208 0.000794
v -0.057896 3.105196 -0.011516
v -0.086251 3.059550 0.017156
v -0.092185 3.067634 0.018337
v -0.099181 3.059970 0.005793
v -0.092441 3.052758 0.006049
v -0.106593 3.037233 -0.020103
v -0.114573 3.043108 -0.022631
v -0.094876 3.039580 -0.043898
v -0.090071 3.040522 -0.053254
v -0.101636 3.045483 -0.048358
v -0.097007 3.046390 -0.057370
v -0.094153 3.046956 -0.062911
v -0.079959 3.045202 -0.079371
v -0.087416 3.041049 -0.058409
v -0.074263 3.039423 -0.073660
v -0.056324 3.046474 -0.082510
v -0.075689 3.046878 -0.081475
v -0.048463 3.061347 -0.071199
v -0.061472 3.052632 -0.088265
v -0.052131 3.068822 -0.076704
vn 0.5560 0.5785 0.5969
vn -0.5724 -0.5139 0.6390
vn 0.6730 0.6491 0.3547
vn 0.5620 0.7308 0.3875
vn 0.5564 0.7281 0.4003
vn 0.5515 0.5928 0.5868
vn -0.5752 -0.5150 0.6355
vn -0.5817 -0.5214 0.6243
vn -0.4929 -0.8081 -0.3224
vn -0.4869 -0.8081 -0.3314
vn 0.8185 0.0240 -0.5739
vn -0.4860 -0.8081 -0.3330
vn -0.0521 -0.7187 -0.6934
vn 0.7929 0.0095 -0.6093
vn -0.6092 0.6813 -0.4059
vn -0.6083 0.6813 -0.4072
vn -0.5222 0.6742 -0.5222
vn -0.7298 0.6796 0.0738
vn -0.7267 0.6805 0.0943
vn -0.6823 0.6742 0.2826
vn -0.7128 0.6810 -0.1679
vn -0.7099 0.6807 -0.1808
vn -0.7385 0.6742 -0.0000
vn -0.6827 0.6741 -0.2821
vn 0.7272 -0.6799 -0.0944
vn 0.7304 -0.6791 -0.0735
vn 0.6828 -0.6736 -0.2828
vn 0.7119 -0.6796 0.1771
vn 0.7141 -0.6799 0.1668
vn 0.7391 -0.6736 -0.0000
vn 0.6852 -0.6730 0.2786
vn 0.6109 -0.6807 0.4044
vn 0.6100 -0.6807 0.4057
vn 0.5226 -0.6736 0.5226
vt 0.471052 0.009269
vt 1.000000 0.660923
vt 1.000000 0.844380
vt 0.429298 0.140891
vt 0.288752 0.000000
vt 0.844380 0.844380
vt 0.660923 0.660923
vt 0.225370 0.000000
vt 0.287953 0.000000
vt 1.000000 0.300846
vt 0.892468 0.000000
vt 1.000000 0.000000
vt 0.300846 0.300846
vt 0.003677 0.000000
vt 0.494237 0.444470
vt 1.000000 0.921723
vt 1.000000 0.951206
vt 0.550535 0.527072
vt 0.951206 0.951206
vt 0.931189 0.828194
vt 1.000000 0.268989
vt 1.000000 0.542801
vt 1.000000 0.711248
vt 0.542801 0.542801
vt 0.268989 0.268989
vt 1.000000 0.538199
vt 1.000000 0.712047
vt 1.000000 0.774630
vt 0.833560 0.384152
vt 0.680509 0.000000
vt 0.705990 0.000000
vt 0.841496 0.340157
vt 0.705990 0.705990
vt 0.680509 0.680509
vt 1.000000 0.622293
vt 1.000000 0.652466
vt 0.624227 0.622427
vt 1.000000 0.671218
vt 1.000000 0.696778
vt 0.652466 0.652466
vt 0.696778 0.696778
vt 0.671218 0.671218
vt 0.655956 0.000000
vt 0.680932 0.000000
vt 1.000000 1.000000
vt 0.934969 0.934969
vt 0.253175 0.000000
vt 0.272935 0.000000
vt 0.729902 0.505972
vt 1.000000 0.005864
vt 1.000000 0.078004
vt 0.749735 0.541378
vt 0.680932 0.680932
vt 0.655956 0.655956
vt 0.078004 0.078004
vt 0.005864 0.005864
vt 0.225244 0.000000
vt 1.000000 0.053306
vt 0.053306 0.053306
vt 0.007558 0.000000
vt 1.000000 0.727065
vt 1.000000 0.746825
vt 0.156250 0.889449
vt 0.156250 0.957745
vt 0.095265 0.955448
vt 0.094902 0.914067
vt 0.096872 0.895839
vt 0.120217 0.889361
vt 0.126824 0.887473
vt 0.281250 0.942886
vt 0.281250 0.912729
vt 0.307813 0.918038
vt 0.326381 0.921477
vt 0.218750 0.955019
vt 0.218991 0.885117
vt 0.260713 0.904100
vt 0.280380 0.943164
vt 0.253746 0.950530
vt 0.156250 0.889449
vt 0.166141 0.888812
vt 0.181472 0.887791
vt 0.218750 0.885161
vt 0.213836 0.955303
vt 0.281250 0.910458
vt 0.281250 0.942782
vt 0.333806 0.919842
vt 0.308442 0.915479
vt 0.218750 0.885827
vt 0.218750 0.954254
vt 0.244161 0.951535
vt 0.265661 0.946962
vt 0.261778 0.902871
vt 0.166922 0.889201
vt 0.156250 0.889790
vt 0.156250 0.956611
vt 0.183842 0.888149
vt 0.095507 0.953880
vt 0.124874 0.955491
vt 0.127691 0.887972
vt 0.095754 0.895849
vt 0.095424 0.912465
s 0
usemtl Material.015
f 1817/2265/1132 1816/2266/1132 1818/2267/1132 1819/2268/1132 1820/2269/1132
f 1818/2270/1133 1816/2271/1133 1822/2272/1133 1821/2273/1133
f 1823/2274/1134 1824/2275/1134 1827/2276/1134
f 1823/2277/1135 1827/2278/1135 1826/2279/1135 1831/2280/1135 1828/2281/1135 1825/2282/1135
f 1828/2283/1136 1831/2284/1136 1830/2285/1136 1829/2286/1136
f 1820/2287/1137 1829/2288/1137 1830/2289/1137 1817/2290/1137
f 1821/2291/1138 1822/2292/1138 1833/2293/1138 1834/2294/1138 1835/2295/1138 1832/2296/1138
f 1835/2297/1139 1834/2298/1139 1837/2299/1139 1836/2300/1139
f 1837/2301/1140 1840/2302/1140 1838/2303/1140 1836/2304/1140
f 1838/2305/1141 1840/2306/1141 1841/2307/1141 1839/2308/1141
f 1827/2309/1142 1824/2310/1142 1848/2311/1142 1850/2312/1142
f 1842/2313/1143 1843/2314/1143 1845/2315/1143 1844/2316/1143 1839/2317/1143 1841/2318/1143
f 1845/2319/1144 1843/2320/1144 1847/2321/1144 1849/2276/1144 1846/2322/1144
f 1846/2323/1145 1849/2324/1145 1850/2325/1145 1848/2326/1145
s 1
f 1810/2327/1146 1790/2328/1147 1792/2329/1148 1808/2330/1148 1815/2331/1148 1813/2332/1148 1812/2333/1148
f 1783/2334/1149 1798/2335/1150 1787/2336/1151 1781/2337/1151
f 1794/2338/1152 1802/2339/1153 1797/2340/1154 1798/2335/1150 1783/2341/1149 1793/2342/1154
f 1790/2328/1147 1810/2343/1146 1805/2344/1155 1804/2345/1155 1802/2346/1153 1794/2347/1152
f 1799/2348/1156 1785/2349/1157 1782/2350/1158 1786/2351/1158
f 1801/2352/1159 1795/2353/1160 1796/2354/1161 1784/2355/1161 1785/2349/1157 1799/2348/1156 1800/2356/1161
f 1806/2357/1162 1809/2358/1163 1791/2359/1164 1795/2353/1160 1801/2352/1159 1803/2360/1162
f 1789/2361/1165 1788/2362/1165 1791/2359/1164 1809/2358/1163 1811/2363/1165 1814/2364/1165 1807/2365/1165
g Lamparas_cell.032_Lamparas_cell.031
v -0.108328 2.934528 0.162124
v -0.121714 2.886243 0.175461
v -0.115605 2.886216 0.179574
v -0.122437 2.897573 0.168466
v -0.105251 2.903821 0.176405
v -0.124572 2.934528 0.145881
v -0.087379 2.934528 0.170802
v -0.089482 2.969086 0.149609
v -0.101473 2.973442 0.139080
v -0.089940 2.975616 0.145579
v -0.095487 2.976254 0.142906
v -0.121714 2.886243 0.175461
v -0.115605 2.886216 0.179574
v -0.122437 2.897573 0.168466
v -0.105251 2.903821 0.176405
v -0.087379 2.934528 0.170802
v -0.089482 2.969086 0.149609
v -0.124572 2.934528 0.145881
v -0.101473 2.973442 0.139080
v -0.089940 2.975616 0.145579
v -0.095487 2.976254 0.142906
vn 0.5028 -0.4306 -0.7495
vn 0.5027 -0.4295 -0.7502
vn 0.5036 -0.4279 -0.7506
vn 0.4437 0.2329 -0.8654
vn -0.6213 0.4774 0.6213
vn -0.6253 0.4253 0.6543
vn -0.4964 0.4245 0.7572
vn -0.4695 0.4845 0.7381
vn -0.5732 0.3673 0.7325
vn -0.6270 0.3640 0.6888
vn -0.3463 0.4254 0.8361
vn -0.3363 0.4774 0.8118
vn -0.3564 0.3644 0.8603
vt 0.293251 0.293251
vt 0.211361 0.000000
vt 0.329368 0.000000
vt 0.350106 0.350106
vt 1.000000 0.183649
vt 0.680768 0.348790
vt 0.329368 0.329368
vt 0.211361 0.211361
vt 0.553120 0.035736
vt 1.000000 0.064130
vt 0.183649 0.183649
vt 0.109845 0.000000
vt 0.253045 0.000000
vt 1.000000 0.890155
vt 0.989609 0.823724
vt 1.000000 0.746955
vt 0.399490 0.812748
vt 0.387378 0.778329
vt 0.406250 0.778330
vt 0.406250 0.815235
vt 0.406250 0.713638
vt 0.399595 0.728748
vt 0.403333 0.713546
vt 0.406250 0.815235
vt 0.424877 0.778329
vt 0.413683 0.808895
vt 0.411702 0.814671
vt 0.409020 0.713509
vt 0.414239 0.737131
s 0
usemtl Material.015
f 1862/2366/1166 1864/2367/1166 1865/2368/1166 1863/2369/1166
f 1867/2370/1167 1866/2371/1167 1865/2372/1167 1864/2373/1167 1868/2374/1167 1869/2375/1167
f 1867/2376/1168 1869/2377/1168 1870/2378/1168
f 1869/2379/1169 1871/2380/1169 1870/2381/1169
s 1
f 1859/2382/1170 1856/2383/1171 1851/2384/1172 1861/2385/1173
f 1853/2386/1174 1851/2384/1172 1856/2383/1171 1854/2387/1175 1852/2388/1175
f 1861/2389/1173 1851/2384/1172 1857/2390/1176 1858/2391/1177 1860/2392/1177
f 1851/2384/1172 1853/2393/1174 1855/2394/1178 1857/2390/1176
g Lamparas_cell.033_Lamparas_cell.032
v -0.038039 2.934528 0.191239
v -0.036275 2.930259 0.182370
v -0.103304 2.930259 0.154606
v -0.129477 2.885992 0.167836
v -0.130250 2.934528 0.140202
v -0.086918 2.920730 0.176837
v -0.105472 2.885952 0.183883
v -0.121015 2.949176 0.138183
v -0.119687 2.949172 0.121191
v -0.128151 2.930259 0.129758
v -0.134401 2.934528 0.136051
v -0.126873 2.954249 0.128427
v -0.139379 2.880534 0.141228
v -0.147645 2.884586 0.150447
v -0.111999 2.882703 0.167618
v -0.084094 2.884586 0.193317
v -0.042513 2.881828 0.211298
v -0.040056 2.878021 0.199054
v -0.081715 2.965630 0.154858
v -0.106298 2.973448 0.134251
v -0.079130 2.934528 0.174219
v -0.006644 2.920175 0.185624
v -0.006950 2.925359 0.194827
v -0.100051 2.968788 0.123162
v -0.035589 2.971261 0.170653
v -0.031745 2.962519 0.161828
v -0.082096 2.974971 0.149207
v -0.009812 2.934528 0.191239
v -0.008735 2.930259 0.182370
v -0.088970 2.969998 0.133153
v -0.035994 2.965927 0.157903
v -0.086918 2.920730 0.176837
v -0.105472 2.885952 0.183883
v -0.130250 2.934528 0.140202
v -0.121015 2.949176 0.138183
v -0.129477 2.885992 0.167836
v -0.119687 2.949172 0.121191
v -0.128151 2.930259 0.129758
v -0.134401 2.934528 0.136051
v -0.126873 2.954249 0.128427
v -0.084094 2.884586 0.193317
v -0.042513 2.881828 0.211298
v -0.147645 2.884586 0.150447
v -0.139379 2.880534 0.141228
v -0.111999 2.882703 0.167618
v -0.040056 2.878021 0.199054
v -0.106298 2.973448 0.134251
v -0.079130 2.934528 0.174219
v -0.081715 2.965630 0.154858
v -0.082096 2.974971 0.149207
v -0.031745 2.962519 0.161828
v -0.008735 2.930259 0.182370
v -0.088970 2.969998 0.133153
v -0.035994 2.965927 0.157903
v -0.100051 2.968788 0.123162
v -0.006644 2.920175 0.185624
v -0.006950 2.925359 0.194827
v -0.009812 2.934528 0.191239
v -0.035589 2.971261 0.170653
vn -0.5035 0.4214 0.7543
vn -0.7242 0.0009 -0.6896
vn -0.1754 -0.9495 0.2600
vn -0.4965 0.4286 0.7549
vn -0.5001 0.4254 0.7542
vn -0.4555 0.6034 -0.6546
vn 0.7893 -0.5233 0.3211
vn -0.4929 0.4355 0.7532
vn 0.8738 0.4693 -0.1271
vn 0.2251 0.9018 -0.3689
vn -0.3539 0.3622 0.8623
vn -0.2575 0.3656 0.8945
vn -0.1740 0.4257 0.8879
vn -0.3461 0.4187 0.8396
vn -0.2538 0.4857 0.8365
vn -0.0016 0.4049 0.9144
vn -0.0025 0.3571 0.9341
vn 0.4649 -0.5447 -0.6980
vn 0.5024 -0.4261 -0.7523
vn 0.6398 -0.4258 -0.6398
vn 0.5965 -0.5371 -0.5965
vn 0.6729 -0.3072 -0.6729
vn 0.5276 -0.3126 -0.7899
vn 0.3218 -0.5373 -0.7796
vn 0.2523 -0.5423 -0.8014
vn 0.1766 -0.4254 -0.8876
vn 0.2647 -0.3108 -0.9129
vn 0.0006 -0.3933 -0.9194
vn 0.7440 0.6077 -0.2779
vn -0.6213 0.4774 0.6213
vn -0.6410 0.4220 0.6410
vn -0.6415 0.4207 0.6415
vn -0.6585 0.3644 0.6585
vn -0.3363 0.4774 0.8118
vn 0.0009 -0.3047 -0.9524
vt 0.502393 0.000000
vt 0.912122 0.000000
vt 0.953198 0.252714
vt 0.794157 0.794157
vt 0.568199 0.568199
vt 0.067547 0.000000
vt 0.344866 0.291109
vt 1.000000 0.915377
vt 1.000000 0.976904
vt 0.298044 0.292830
vt 0.011374 0.000000
vt 0.941765 0.000000
vt 0.980721 0.375054
vt 1.000000 0.568199
vt 1.000000 0.794157
vt 0.978612 0.978612
vt 0.920658 0.920658
vt 0.952759 0.649457
vt 0.886647 0.000000
vt 0.742874 0.000000
vt 1.000000 0.016388
vt 1.000000 0.453056
vt 1.000000 0.087878
vt 1.000000 0.497607
vt 0.453056 0.453056
vt 0.016388 0.016388
vt 0.002927 0.000000
vt 0.098345 0.000000
vt 1.000000 0.899782
vt 1.000000 0.983308
vt 0.941765 0.941765
vt 0.886766 0.874031
vt 0.847194 0.000000
vt 0.889672 0.000000
vt 1.000000 0.015528
vt 1.000000 0.257126
vt 0.644190 0.000000
vt 0.895673 0.000000
vt 0.956703 0.008218
vt 0.891437 0.757885
vt 0.877063 0.877063
vt 0.831007 0.831007
vt 0.845760 0.723884
vt 0.823920 0.744524
vt 1.000000 0.901655
vt 0.973810 0.973810
vt 0.644190 0.644190
vt 0.060244 0.000000
vt 0.146755 0.000000
vt 0.434732 0.711322
vt 0.468750 0.711322
vt 0.468750 0.778329
vt 0.432212 0.778329
vt 0.426967 0.759817
vt 0.417243 0.713155
vt 0.468750 0.809325
vt 0.490750 0.818357
vt 0.491939 0.778329
vt 0.468750 0.736346
vt 0.495278 0.778329
vt 0.406250 0.816539
vt 0.406250 0.778330
vt 0.375978 0.778329
vt 0.374756 0.798280
vt 0.390156 0.815375
vt 0.375168 0.720902
vt 0.406250 0.718985
vt 0.465430 0.812479
vt 0.468750 0.809837
vt 0.406250 0.816539
vt 0.468354 0.713143
vt 0.489604 0.854378
vt 0.472653 0.778329
vt 0.103277 0.037325
vt 0.871125 0.000000
vt 0.043086 0.000000
vt 0.375090 0.795772
vt 0.375958 0.778329
vt 0.380781 0.778329
vt 0.384632 0.791285
vt 0.391491 0.813883
vt 0.395198 0.713208
vt 0.376476 0.711322
vt 0.422072 0.805838
vt 0.432212 0.778329
vt 0.466519 0.810876
vt 0.419737 0.814100
vt 0.492475 0.778329
vt 0.494276 0.778329
vt 0.470917 0.656673
s 0
usemtl Material.015
f 1903/2395/1179 1906/2396/1179 1905/2397/1179 1907/2398/1179 1904/2399/1179
f 1908/2400/1180 1909/2401/1180 1915/2402/1180 1914/2403/1180 1910/2404/1180 1911/2405/1180
f 1913/2406/1181 1912/2407/1181 1904/2408/1181 1907/2409/1181 1914/2410/1181 1915/2411/1181 1916/2412/1181 1917/2413/1181
f 1920/2414/1182 1918/2415/1182 1919/2416/1182
f 1906/2417/1183 1903/2418/1183 1919/2419/1183 1918/2420/1183
f 1918/2421/1184 1926/2422/1184 1908/2423/1184 1911/2424/1184
f 1913/2425/1185 1917/2426/1185 1927/2427/1185 1928/2428/1185
f 1918/2429/1186 1920/2430/1186 1921/2431/1186
f 1922/2432/1187 1930/2433/1187 1899/2434/1187 1928/2435/1187 1927/2436/1187 1923/2437/1187
f 1924/2438/1188 1926/2439/1188 1918/2440/1188 1921/2441/1188 1930/2442/1188 1925/2443/1188
s 1
f 1887/2444/1189 1888/2445/1190 1872/2446/1191 1892/2447/1192 1877/2448/1189 1878/2449/1189
f 1896/2450/1193 1872/2446/1191 1929/2451/1194
f 1929/2452/1194 1872/2446/1191 1888/2453/1190 1894/2454/1195
f 1901/2455/1196 1874/2456/1197 1881/2457/1198 1880/2458/1199 1895/2459/1199
f 1884/2460/1200 1881/2457/1198 1874/2456/1197 1886/2461/1201
f 1902/2462/1202 1897/2463/1203 1873/2446/1204 1874/2456/1197 1901/2464/1196
f 1889/2465/1205 1886/2461/1201 1874/2456/1197 1873/2446/1204
f 1900/2466/1206 1873/2446/1204 1897/2467/1203
s 0
f 1922/2468/1207 1925/2469/1207 1930/2470/1207
s 1
f 1883/2471/1208 1882/2472/1209 1876/2473/1210 1879/2474/1208 1891/2475/1208
f 1875/2476/1211 1876/2473/1210 1882/2472/1209 1885/2477/1211
f 1890/2478/1212 1892/2479/1192 1872/2446/1191 1896/2480/1193 1898/2481/1212
f 1900/2482/1206 1893/2483/1213 1889/2484/1205 1873/2446/1204
g Lamparas_cell.034_Lamparas_cell.033
v 0.013984 3.140119 -0.012964
v 0.012719 3.148113 -0.010742
v 0.022667 3.152761 -0.004509
v 0.020162 3.143142 -0.015403
v 0.022667 3.164189 -0.004509
v 0.022667 3.168148 0.000223
v 0.018858 3.152761 -0.013197
v 0.023378 3.145987 -0.005884
v 0.022667 3.164189 -0.004509
v 0.022667 3.168148 0.000223
v 0.020162 3.143142 -0.015403
v 0.023378 3.145987 -0.005884
v 0.018858 3.152761 -0.013197
v 0.022667 3.152761 -0.004509
vn 0.4698 -0.8767 0.1032
vn -0.4446 -0.3045 0.8424
vn -0.4472 0.1562 -0.8807
vn -0.6420 0.5880 -0.4921
vn -0.4261 -0.2530 0.8686
vn 1.0000 -0.0000 -0.0000
vn 0.9292 0.0851 -0.3597
vn 0.9954 -0.0000 -0.0954
vn 0.9124 0.1291 -0.3885
vn 0.9046 0.1941 -0.3794
vt 0.054302 0.000000
vt 1.000000 0.000000
vt 1.000000 0.047227
vt 1.000000 1.000000
vt 0.066059 0.000000
vt 1.000000 0.775153
vt 0.000000 0.000000
vt 0.224726 0.000000
vt 0.775274 0.000000
vt 1.000000 0.610143
vt 0.893102 0.473437
vt 0.821616 0.053955
vt 0.719577 0.218953
vt 0.610143 0.610143
vt 0.748455 1.000000
vt 0.781250 1.000000
vt 0.843750 1.000000
vt 0.789380 1.000000
vt 0.781250 1.000000
s 0
usemtl Material.015
f 1942/2485/1214 1931/2486/1214 1941/2487/1214
f 1932/2486/1215 1931/2488/1215 1942/2489/1215
f 1941/2490/1216 1931/2488/1216 1932/2491/1216 1943/2492/1216
f 1943/2493/1217 1932/2486/1217 1940/2494/1217 1939/2495/1217
f 1932/2491/1218 1942/2496/1218 1933/2497/1218 1940/2498/1218
s 1
f 1936/2499/1219 1944/2500/1220 1935/2500/1221
f 1935/2500/1221 1944/2500/1220 1937/2501/1222
f 1938/2502/1223 1934/2501/1223 1937/2501/1222 1944/2503/1220
g Lamparas_cell.035_Lamparas_cell.034
v -0.001286 3.155611 0.013871
v -0.012743 3.149484 0.012930
v -0.014311 3.156356 0.006731
v -0.000965 3.164166 0.000753
v -0.012389 3.160879 0.002909
v 0.012377 3.185324 0.009372
v -0.012889 3.185745 -0.007343
v -0.000227 3.697444 0.001146
v 0.012891 3.697123 0.009784
v -0.006082 3.697521 0.014238
v -0.012839 3.152761 0.019215
v -0.019591 3.693837 -0.011946
v 0.018440 3.697002 0.013623
v 0.017484 3.202159 0.014572
v -0.019568 3.269927 -0.011992
v -0.019624 3.206265 -0.011854
v -0.022666 3.193464 -0.004509
v -0.021688 3.167557 0.006871
v -0.022666 3.174197 0.004509
v 0.012843 3.697211 0.019220
v 0.003490 3.697356 0.022672
v 0.011859 3.191056 0.019622
v -0.004509 3.697446 0.022672
v 0.004509 3.175495 0.022667
v -0.001285 3.161599 0.022666
v -0.020656 3.161053 0.009362
v -0.019215 3.156530 0.012839
v -0.022672 3.697317 0.004510
v -0.022672 3.697219 -0.004510
v -0.012842 3.697536 0.019220
v -0.019220 3.697428 0.012843
v -0.004508 3.157472 0.022666
v -0.007523 3.152761 0.021417
v -0.014069 3.144080 0.020890
v -0.019591 3.693837 -0.011946
v -0.019568 3.269927 -0.011992
v -0.019624 3.206265 -0.011854
v -0.021688 3.167557 0.006871
v -0.022666 3.174197 0.004509
v -0.022666 3.193464 -0.004509
v 0.003490 3.697356 0.022672
v -0.004509 3.697446 0.022672
v 0.004509 3.175495 0.022667
v -0.001285 3.161599 0.022666
v 0.011859 3.191056 0.019622
v -0.020656 3.161053 0.009362
v -0.019215 3.156530 0.012839
v -0.012842 3.697536 0.019220
v -0.019220 3.697428 0.012843
v -0.022672 3.697317 0.004510
v -0.022672 3.697219 -0.004510
v -0.004508 3.157472 0.022666
v -0.007523 3.152761 0.021417
v 0.018440 3.697002 0.013623
v 0.012843 3.697211 0.019220
v 0.017484 3.202159 0.014572
v -0.014069 3.144080 0.020890
vn 0.5602 -0.1516 -0.8144
vn 0.0787 0.9934 -0.0830
vn 0.0291 0.9995 -0.0081
vn 0.5715 -0.0000 -0.8206
vn 0.5517 -0.0023 -0.8340
vn -0.4988 -0.3390 -0.7977
vn -0.5681 -0.3489 -0.7454
vn 0.5498 0.0694 -0.8324
vn 0.0161 0.9999 0.0013
vn 0.0289 0.9877 -0.1539
vn 0.9056 -0.3491 0.2410
vn 0.0094 0.9999 0.0071
vn 0.5516 -0.0081 -0.8340
vn 0.8929 -0.3722 0.2533
vn 0.8608 -0.4357 -0.2631
vn -0.0643 -0.3815 -0.9221
vn 0.0467 -0.6562 -0.7532
vn -0.5764 -0.3705 -0.7284
vn -0.6400 -0.5860 -0.4971
vn -0.0059 0.9999 -0.0109
vn 0.7264 -0.5691 0.3854
vn 0.4436 -0.7556 -0.4819
vn 0.0528 -0.6622 -0.7474
vn 0.4497 -0.7720 -0.4492
vn -0.6154 -0.6007 -0.5103
vn -0.0000 -0.0000 1.0000
vn 0.0538 -0.0000 0.9985
vn 0.1825 0.0002 0.9832
vn -0.1964 -0.0000 0.9805
vn -0.3072 -0.0000 0.9516
vn -0.9978 -0.0000 -0.0660
vn -0.9427 -0.0000 0.3335
vn -0.9805 -0.0000 0.1965
vn -0.9861 -0.0000 -0.1661
vn -0.7527 0.0403 0.6572
vn -0.5236 0.1333 0.8415
vn -0.5555 -0.0000 0.8315
vn -0.8306 -0.0000 0.5568
vn -0.9239 -0.0000 0.3827
vn -0.3818 0.0696 0.9216
vn 0.4265 0.0002 0.9045
vn 0.5334 -0.0000 0.8458
vn -0.5044 0.2319 0.8318
vn 0.6885 -0.0004 0.7253
vn -0.9239 -0.0000 -0.3827
vt 0.831451 0.000000
vt 1.000000 0.000000
vt 0.553697 0.553697
vt 0.033986 0.033986
vt 0.000000 0.000000
vt 0.093647 0.000000
vt 0.104517 0.104517
vt 0.037187 0.037187
vt 0.166209 0.000000
vt 1.000000 0.447320
vt 1.000000 0.553696
vt 1.000000 0.040347
vt 0.166209 0.166209
vt 1.000000 0.061240
vt 0.040347 0.040347
vt 0.034896 0.000000
vt 0.043909 0.014369
vt 0.061240 0.061240
vt 0.108041 0.108041
vt 0.108837 0.049260
vt 1.000000 0.906353
vt 1.000000 1.000000
vt 0.427830 0.427830
vt 0.432139 0.000000
vt 1.000000 0.033061
vt 0.962019 0.000000
vt 0.055346 0.055346
vt 0.020614 0.000000
vt 0.045090 0.031136
vt 0.966854 0.000000
vt 0.962019 0.962019
vt 0.959666 0.423994
vt 0.023984 0.000000
vt 1.000000 0.965104
vt 0.023984 0.023984
vt 0.884984 0.002309
vt 0.309080 0.019045
vt 0.020614 0.020614
vt 0.556990 0.003861
vt 0.428386 0.018598
vt 0.249300 0.025037
vt 1.000000 0.033146
vt 0.743439 0.026652
vt 0.503473 0.015871
vt 0.491094 1.000000
vt 0.531250 1.000000
vt 0.524180 1.000000
vt 0.468750 1.000000
vt 0.218750 1.000000
vt 0.281250 1.000000
vt 0.362790 1.000000
vt 0.406250 1.000000
vt 0.343750 1.000000
vt 0.298972 1.000000
vt 0.317663 1.000000
vt 0.343750 1.000000
vt 0.446129 1.000000
vt 0.593750 1.000000
vt 0.414037 1.000000
vt 0.406250 1.000000
vt 0.649718 1.000000
vt 0.648600 1.000000
vt 0.207144 1.000000
vt 0.162973 1.000000
vt 0.162614 1.000000
vt 0.163642 1.000000
s 0
usemtl Material.015
f 1979/2504/1224 1953/2505/1224 1998/2506/1224
f 1998/2507/1225 1953/2508/1225 1952/2505/1225
f 1952/2508/1226 1999/2509/1226 1998/2510/1226
f 2000/2511/1227 1950/2508/1227 1980/2512/1227 1979/2513/1227 1998/2514/1227
f 1950/2508/1228 1951/2505/1228 1981/2515/1228 1980/2516/1228
f 1951/2508/1229 1949/2505/1229 1984/2517/1229 1981/2518/1229
f 1949/2508/1230 1982/2519/1230 1983/2520/1230 1984/2521/1230
f 1979/2522/1231 1952/2508/1231 1953/2505/1231
f 1985/2523/1232 1999/2524/1232 1952/2525/1232 1954/2508/1232
f 1954/2505/1233 1952/2525/1233 1979/2526/1233 1995/2527/1233
f 1950/2505/1234 2000/2528/1234 1989/2529/1234
f 1985/2530/1235 1954/2508/1235 1992/2531/1235 1986/2532/1235
f 1948/2508/1236 1951/2505/1236 1950/2525/1236
f 1988/2533/1237 1945/2505/1237 1950/2525/1237 1989/2534/1237 1987/2535/1237
f 1945/2508/1238 1948/2505/1238 1950/2525/1238
f 1948/2508/1239 1949/2505/1239 1951/2525/1239
f 1948/2508/1240 1947/2505/1240 1949/2525/1240
f 1990/2536/1241 1982/2537/1241 1949/2525/1241 1947/2508/1241
f 1990/2538/1242 1947/2508/1242 2001/2539/1242 1991/2540/1242
f 1992/2541/1243 1954/2508/1243 1995/2542/1243 1994/2543/1243 1993/2544/1243
f 2001/2508/1244 1945/2505/1244 1988/2545/1244 1996/2546/1244 1997/2547/1244
f 1945/2508/1245 1946/2505/1245 1948/2525/1245
f 1947/2505/1246 1948/2525/1246 1946/2508/1246
f 1946/2505/1247 1945/2525/1247 2001/2508/1247
f 2001/2505/1248 1947/2525/1248 1946/2508/1248
s 1
f 1969/2548/1249 1968/2549/1250 1965/2550/1251 1967/2551/1252 1976/2551/1253
f 1961/2552/1254 1963/2553/1255 1972/2553/1256 1973/2552/1257
f 1971/2554/1258 1955/2555/1259 1974/2555/1260 1975/2556/1261
f 1963/2553/1255 1962/2557/1262 1970/2558/1262 1971/2559/1258 1975/2556/1261 1972/2553/1256
f 1976/2551/1253 1967/2551/1252 1974/2555/1260 1955/2555/1259 1977/2560/1263
f 1966/2561/1264 1964/2561/1265 1965/2549/1251 1968/2549/1250
f 1955/2555/1259 1978/2562/1266 1977/2560/1263
f 1978/2563/1266 1955/2555/1259 1971/2554/1258
f 1958/2564/1267 1957/2565/1267 1964/2561/1265 1966/2561/1264
f 1973/2566/1257 1956/2567/1268 1959/2568/1268 1960/2569/1268 1961/2552/1254
g Lamparas_cell.036_Lamparas_cell.035
v -0.162124 2.934528 -0.108328
v -0.154605 2.930259 -0.103304
v -0.186260 2.907165 -0.078040
v -0.166282 2.903499 -0.097684
v -0.172476 2.910418 -0.107991
v -0.120180 2.950357 -0.119630
v -0.123829 2.950655 -0.115714
v -0.128084 2.953902 -0.127482
v -0.132326 2.954255 -0.122969
v -0.117031 2.930259 -0.140879
v -0.124055 2.934528 -0.146397
v -0.108208 2.903435 -0.161945
v -0.104284 2.895248 -0.166431
v -0.114750 2.903022 -0.172809
v -0.130822 2.905354 -0.155776
v -0.109393 2.896957 -0.163718
v -0.122867 2.898885 -0.149364
v -0.161605 2.904677 -0.107981
v -0.169919 2.911032 -0.113536
v -0.184422 2.912333 -0.077192
v -0.178193 2.929683 -0.074488
v -0.170453 2.924617 -0.069805
v -0.176272 2.905155 -0.072169
v -0.166795 2.953722 -0.069802
v -0.157141 2.950109 -0.064152
v -0.152355 2.955738 -0.101801
v -0.142851 2.952034 -0.095450
v -0.176413 2.934528 -0.073832
v -0.169649 2.948029 -0.070994
v -0.168719 2.930259 -0.069230
v -0.160646 2.944103 -0.065684
v -0.186260 2.907165 -0.078040
v -0.172476 2.910418 -0.107991
v -0.120180 2.950357 -0.119630
v -0.123829 2.950655 -0.115714
v -0.128084 2.953902 -0.127482
v -0.132326 2.954255 -0.122969
v -0.124055 2.934528 -0.146397
v -0.117031 2.930259 -0.140879
v -0.108208 2.903435 -0.161945
v -0.104284 2.895248 -0.166431
v -0.109393 2.896957 -0.163718
v -0.122867 2.898885 -0.149364
v -0.161605 2.904677 -0.107981
v -0.166282 2.903499 -0.097684
v -0.169919 2.911032 -0.113536
v -0.130822 2.905354 -0.155776
v -0.184422 2.912333 -0.077192
v -0.178193 2.929683 -0.074488
v -0.170453 2.924617 -0.069805
v -0.176272 2.905155 -0.072169
v -0.114750 2.903022 -0.172809
v -0.152355 2.955738 -0.101801
v -0.166795 2.953722 -0.069802
v -0.157141 2.950109 -0.064152
v -0.142851 2.952034 -0.095450
v -0.176413 2.934528 -0.073832
v -0.169649 2.948029 -0.070994
v -0.168719 2.930259 -0.069230
v -0.160646 2.944103 -0.065684
vn -0.3387 -0.9251 -0.1718
vn 0.2588 0.9511 0.1689
vn 0.6927 0.5724 -0.4388
vn -0.4428 -0.8441 -0.3023
vn -0.4454 -0.8440 -0.2989
vn -0.4964 0.0431 0.8670
vn -0.5010 0.0362 0.8647
vn -0.4872 0.0610 0.8712
vn -0.4869 0.0618 0.8713
vn -0.6476 0.3987 -0.6493
vn -0.7522 0.4255 -0.5032
vn -0.7271 0.4846 -0.4863
vn -0.6213 0.4774 -0.6213
vn -0.7718 0.3707 -0.5166
vn -0.6572 0.3645 -0.6597
vn -0.8118 0.4774 -0.3363
vn -0.8378 0.4215 -0.3470
vn -0.8603 0.3644 -0.3564
vn 0.6197 -0.3105 0.7208
vn 0.5078 -0.3125 0.8028
vn 0.3642 -0.3072 0.8792
vn 0.6972 -0.5445 0.4663
vn 0.7522 -0.4260 0.5026
vn 0.6545 -0.3785 0.6545
vn 0.5965 -0.5371 0.5965
vn 0.7899 -0.3126 0.5276
vn 0.6729 -0.3072 0.6729
vn 0.7793 -0.5371 0.3228
vn 0.8362 -0.4252 0.3464
vn 0.8792 -0.3072 0.3642
vn 0.2542 0.9513 0.1743
vt 0.277516 0.277516
vt 0.230325 0.230325
vt 0.291842 0.000000
vt 0.352759 0.000000
vt 0.741770 0.000000
vt 1.000000 0.255079
vt 1.000000 0.295098
vt 0.701156 0.000000
vt 0.295098 0.295098
vt 0.255079 0.255079
vt 0.560592 0.219151
vt 0.909311 0.150025
vt 1.000000 0.123283
vt 0.990217 0.182188
vt 0.576918 0.255911
vt 1.000000 0.320723
vt 0.179567 0.179567
vt 0.123283 0.123283
vt 0.310156 0.162640
vt 1.000000 0.281130
vt 0.281130 0.281130
vt 0.895120 0.250363
vt 1.000000 0.230324
vt 1.000000 0.277516
vt 0.943148 0.288211
vt 0.320723 0.320723
vt 0.546689 0.000000
vt 1.000000 0.662018
vt 1.000000 0.718964
vt 0.511939 0.000000
vt 1.000000 0.647241
vt 0.718964 0.718964
vt 0.662018 0.662018
vt 0.494326 0.000000
vt 0.873058 0.337876
vt 1.000000 0.453311
vt 1.000000 0.488061
vt 0.856838 0.356646
vt 0.452757 0.000000
vt 0.452757 0.452757
vt 1.000000 0.328497
vt 1.000000 0.381617
vt 0.494326 0.494326
vt 0.112021 0.778329
vt 0.156250 0.778329
vt 0.156250 0.797089
vt 0.130645 0.795778
vt 0.125239 0.795466
vt 0.156250 0.746805
vt 0.112021 0.778329
vt 0.093750 0.736288
vt 0.111149 0.739188
vt 0.187030 0.790271
vt 0.187046 0.795307
vt 0.186924 0.778329
vt 0.186924 0.778329
vt 0.161050 0.745982
vt 0.186865 0.741617
vt 0.186921 0.748552
vt 0.186990 0.771830
vt 0.093750 0.744856
vt 0.093750 0.736772
vt 0.088777 0.734640
vt 0.156250 0.799266
vt 0.110474 0.778329
vt 0.125199 0.797654
vt 0.130167 0.797940
vt 0.093750 0.736772
vt 0.093750 0.744856
vt 0.110474 0.778329
vt 0.156250 0.746406
vt 0.109201 0.739179
vt 0.156250 0.799266
vt 0.188719 0.797416
vt 0.188524 0.791641
vt 0.188022 0.778329
vt 0.188075 0.741444
vt 0.165468 0.744936
vt 0.188022 0.778329
vt 0.188121 0.771288
vt 1.000000 0.298844
vt 0.401846 0.315540
vt 0.618383 0.000000
vt 0.671503 0.000000
vt 0.429428 0.273757
vt 1.000000 0.258230
s 0
usemtl Material.015
f 2034/2570/1269 2046/2571/1269 2052/2572/1269 2033/2573/1269
f 2036/2574/1270 2035/2575/1270 2037/2576/1270 2038/2577/1270
f 2037/2578/1271 2035/2579/1271 2040/2580/1271 2041/2581/1271 2042/2582/1271 2053/2583/1271 2039/2584/1271
f 2048/2585/1272 2053/2586/1272 2042/2587/1272 2043/2588/1272 2044/2589/1272
f 2044/2590/1273 2045/2591/1273 2046/2592/1273 2034/2593/1273 2047/2594/1273 2048/2595/1273
f 2050/2596/1274 2049/2597/1274 2052/2598/1274 2051/2599/1274
f 2033/2600/1275 2052/2601/1275 2049/2602/1275
f 2059/2603/1276 2058/2604/1276 2050/2605/1276 2051/2606/1276 2060/2607/1276 2061/2608/1276
f 2061/2609/1277 2056/2610/1277 2055/2611/1277 2059/2612/1277
s 1
f 2012/2613/1278 2002/2614/1279 2054/2615/1280 2010/2616/1281 2009/2617/1281
f 2020/2618/1282 2002/2614/1279 2012/2619/1278 2015/2620/1283 2016/2621/1283
f 2030/2622/1284 2025/2623/1284 2054/2615/1280 2002/2614/1279 2029/2624/1285
f 2029/2625/1285 2002/2614/1279 2020/2618/1282 2006/2626/1286 2004/2627/1286 2021/2628/1286 2022/2629/1286
f 2013/2630/1287 2017/2631/1288 2014/2632/1289
f 2057/2633/1290 2003/2614/1291 2011/2634/1292 2007/2635/1293 2008/2636/1293
f 2017/2637/1288 2013/2638/1287 2011/2639/1292 2003/2614/1291 2019/2640/1294 2018/2641/1295
f 2003/2614/1291 2057/2642/1290 2026/2643/1296 2032/2644/1296 2031/2645/1297
f 2024/2646/1298 2005/2647/1298 2019/2640/1294 2003/2614/1291 2031/2648/1297 2023/2649/1298
s 0
f 2038/2650/1299 2027/2651/1299 2055/2652/1299 2056/2653/1299 2028/2654/1299 2036/2655/1299
g Lamparas_cell.037_Lamparas_cell.036
v 0.129199 2.789430 0.193360
v 0.126597 2.834534 0.189466
v 0.123652 2.788881 0.185059
v 0.121129 2.832768 0.181282
v 0.087976 2.743035 0.210793
v 0.084211 2.744827 0.201730
v 0.088287 2.789430 0.210307
v 0.083901 2.809335 0.199277
v 0.084508 2.788881 0.201273
v 0.087660 2.810456 0.208248
v 0.140735 2.835179 0.160575
v 0.148760 2.834534 0.167303
v 0.153743 2.823484 0.163912
v 0.147097 2.821946 0.156868
v 0.168695 2.789430 0.153865
v 0.161607 2.788881 0.147104
v 0.178137 2.743951 0.131019
v 0.185747 2.743129 0.137279
v 0.088539 2.821088 0.196064
v 0.092487 2.822585 0.204912
v 0.096290 2.831294 0.202376
v 0.092801 2.830843 0.193227
v 0.105780 2.742312 0.203424
v 0.123837 2.742241 0.185336
v 0.147675 2.742268 0.175360
v 0.129387 2.742795 0.193642
v 0.098320 2.835726 0.200851
v 0.084211 2.744827 0.201730
v 0.084508 2.788881 0.201273
v 0.087976 2.743035 0.210793
v 0.088287 2.789430 0.210307
v 0.087660 2.810456 0.208248
v 0.083901 2.809335 0.199277
v 0.148760 2.834534 0.167303
v 0.153743 2.823484 0.163912
v 0.168695 2.789430 0.153865
v 0.147097 2.821946 0.156868
v 0.161607 2.788881 0.147104
v 0.088539 2.821088 0.196064
v 0.092801 2.830843 0.193227
v 0.092487 2.822585 0.204912
v 0.096290 2.831294 0.202376
v 0.140735 2.835179 0.160575
v 0.147675 2.742268 0.175360
v 0.129387 2.742795 0.193642
v 0.105780 2.742312 0.203424
v 0.126597 2.834534 0.189466
v 0.185747 2.743129 0.137279
v 0.178137 2.743951 0.131019
v 0.123837 2.742241 0.185336
v 0.098320 2.835726 0.200851
v 0.121129 2.832768 0.181282
vn -0.9227 0.0102 0.3853
vn 0.5896 0.4679 -0.6584
vn 0.5950 0.4562 -0.6617
vn -0.8530 0.4222 0.3068
vn -0.8399 0.4536 0.2979
vn -0.8276 0.4795 0.2920
vn 0.0551 -0.9950 0.0838
vn -0.1046 0.9816 -0.1596
vn 0.7071 0.0071 0.7071
vn 0.7065 0.0400 0.7065
vn 0.5547 0.0550 0.8302
vn 0.5556 0.0073 0.8314
vn 0.3821 0.0540 0.9225
vn 0.3827 0.0071 0.9239
vn 0.3748 0.1436 0.9159
vn 0.3790 0.1145 0.9183
vn 0.5503 0.1052 0.8283
vn 0.3807 0.1013 0.9191
vn 0.7035 0.1013 0.7035
vn -0.5550 -0.0561 -0.8300
vn -0.7069 -0.0415 -0.7061
vn -0.7071 -0.0070 -0.7071
vn -0.5576 -0.0071 -0.8301
vn -0.3827 -0.0070 -0.9239
vn -0.3821 -0.0538 -0.9225
vn -0.5607 -0.1056 -0.8212
vn -0.3807 -0.1010 -0.9192
vn -0.7042 -0.1060 -0.7020
vn -0.0492 -0.9964 -0.0689
vt 0.059180 0.059180
vt 0.016707 0.016707
vt 0.691050 0.014573
vt 1.000000 0.022253
vt 1.000000 0.064571
vt 0.699475 0.057131
vt 1.000000 0.442878
vt 0.442421 0.000000
vt 0.537301 0.048553
vt 1.000000 0.417213
vt 0.665359 0.251394
vt 1.000000 0.046356
vt 1.000000 0.088216
vt 0.683838 0.281910
vt 0.442878 0.442878
vt 0.417213 0.417213
vt 0.065685 0.065685
vt 0.022637 0.022637
vt 1.000000 0.268104
vt 1.000000 0.300327
vt 0.300327 0.300327
vt 0.268104 0.268104
vt 0.360112 0.000000
vt 0.403378 0.000000
vt 0.403378 0.403378
vt 0.826370 0.366248
vt 1.000000 0.369320
vt 0.642176 0.573821
vt 0.844123 0.844123
vt 0.444054 0.444054
vt 1.000000 0.524352
vt 1.000000 0.557579
vt 0.694332 0.464252
vt 0.413322 0.413322
vt 0.369320 0.369320
vt 0.671241 0.423899
vt 0.648156 0.557283
vt 0.632223 0.607494
vt 0.593750 0.607494
vt 0.593750 0.555531
vt 0.611547 0.554944
vt 0.593750 0.607494
vt 0.563248 0.607494
vt 0.562953 0.554970
vt 0.576191 0.554993
vt 0.593750 0.555531
vt 0.572358 0.657975
vt 0.571852 0.656673
vt 0.593750 0.658615
vt 0.563466 0.630420
vt 0.593750 0.656673
vt 0.570600 0.653141
vt 0.567467 0.643645
vt 0.615783 0.656673
vt 0.620022 0.644625
vt 0.632380 0.607494
vt 0.649483 0.555028
vt 0.593750 0.555267
vt 0.562952 0.558163
vt 0.563257 0.607494
vt 0.563514 0.630678
vt 0.567500 0.643584
vt 0.571945 0.656673
vt 0.632380 0.607494
vt 0.615664 0.656673
vt 0.620003 0.644546
vt 1.000000 0.059389
vt 0.653306 0.022100
vt 0.744665 0.000000
vt 0.865829 0.000000
vt 0.444054 0.000000
vt 0.844123 0.000000
vt 1.000000 0.016766
s 0
usemtl Material.015
f 2089/2656/1300 2091/2657/1300 2092/2658/1300 2093/2659/1300 2094/2660/1300 2090/2661/1300
f 2098/2662/1301 2104/2663/1301 2095/2664/1301 2096/2665/1301
f 2097/2666/1302 2109/2667/1302 2110/2668/1302 2099/2669/1302 2098/2670/1302 2096/2671/1302
f 2094/2672/1303 2093/2673/1303 2102/2674/1303 2100/2675/1303
f 2100/2676/1304 2102/2677/1304 2103/2678/1304 2101/2679/1304
f 2101/2680/1305 2103/2681/1305 2112/2682/1305
f 2106/2683/1306 2107/2684/1306 2105/2685/1306
f 2095/2686/1307 2104/2687/1307 2065/2688/1307 2101/2689/1307 2112/2690/1307 2063/2691/1307
s 1
f 2079/2692/1308 2076/2693/1309 2062/2694/1310 2087/2695/1311 2086/2696/1308
f 2062/2697/1310 2068/2698/1312 2066/2699/1313 2084/2700/1313 2087/2701/1311
f 2088/2702/1314 2082/2703/1315 2108/2704/1316
f 2071/2705/1317 2068/2698/1312 2062/2697/1310 2108/2706/1316 2082/2707/1315 2081/2708/1317
f 2073/2709/1318 2108/2706/1316 2062/2694/1310 2076/2693/1309 2074/2710/1318
f 2064/2694/1319 2077/2711/1320 2078/2712/1321 2111/2713/1322
f 2067/2714/1323 2070/2715/1324 2064/2697/1319 2111/2713/1322
f 2113/2706/1325 2064/2697/1319 2070/2715/1324 2069/2716/1326 2080/2717/1326 2083/2718/1326
f 2077/2719/1320 2064/2694/1319 2113/2706/1325 2072/2720/1327 2075/2721/1327
s 0
f 2089/2722/1328 2085/2723/1328 2110/2724/1328 2109/2725/1328 2105/2726/1328 2107/2727/1328 2091/2728/1328
g Lamparas_cell.038_Lamparas_cell.037
v 0.005101 3.139215 -0.021980
v 0.015315 3.139001 -0.022921
v 0.010674 3.133505 -0.015974
v 0.042749 3.101325 -0.044125
v 0.026226 3.112587 -0.027385
v 0.037044 3.095626 -0.038432
v 0.028930 3.122961 -0.030013
v 0.019206 3.108107 -0.051834
v 0.018621 3.101108 -0.044644
v 0.032607 3.105561 -0.048799
v 0.028357 3.099257 -0.042438
v 0.009578 3.141221 -0.024201
v 0.015171 3.129124 -0.017124
v 0.020674 3.135292 -0.022350
v 0.010716 3.102658 -0.046390
v 0.012079 3.109503 -0.053407
v 0.009454 3.108746 -0.040906
v 0.009982 3.119612 -0.044287
v 0.006172 3.125089 -0.026142
v 0.005151 3.132149 -0.019599
v 0.026226 3.112587 -0.027385
v 0.037044 3.095626 -0.038432
v 0.042749 3.101325 -0.044125
v 0.028930 3.122961 -0.030013
v 0.019206 3.108107 -0.051834
v 0.032607 3.105561 -0.048799
v 0.028357 3.099257 -0.042438
v 0.018621 3.101108 -0.044644
v 0.005101 3.139215 -0.021980
v 0.009578 3.141221 -0.024201
v 0.015171 3.129124 -0.017124
v 0.020674 3.135292 -0.022350
v 0.012079 3.109503 -0.053407
v 0.010716 3.102658 -0.046390
v 0.009982 3.119612 -0.044287
v 0.009454 3.108746 -0.040906
v 0.006172 3.125089 -0.026142
v 0.005151 3.132149 -0.019599
v 0.015315 3.139001 -0.022921
v 0.010674 3.133505 -0.015974
vn 0.7095 -0.0064 0.7046
vn 0.0214 -0.7173 -0.6965
vn 0.0777 0.7323 0.6765
vn 0.4196 0.4549 0.7855
vn 0.6851 0.0060 0.7284
vn 0.0134 -0.7170 -0.6969
vn -0.9783 -0.0167 -0.2064
vn -0.9794 -0.0150 -0.2011
vn -0.5737 0.2579 0.7774
vn -0.9932 -0.0435 -0.1080
vn 0.1620 0.3937 -0.9049
vn -0.0832 -0.6502 -0.7552
vn 0.2880 0.5859 -0.7575
vn -0.2828 -0.6736 0.6828
vn -0.4358 -0.6803 0.5893
vn -0.3490 -0.6792 0.6457
vn -0.5226 -0.6736 0.5226
vn 0.4102 0.6930 -0.5929
vn 0.2116 0.6969 -0.6852
vn 0.5222 0.6742 -0.5222
vt 1.000000 0.163438
vt 1.000000 0.208703
vt 0.388903 0.000000
vt 0.521207 0.000000
vt 0.279245 0.117843
vt 0.208703 0.208703
vt 0.163438 0.163438
vt 0.223890 0.085613
vt 0.268326 0.000000
vt 0.340390 0.000000
vt 1.000000 0.031853
vt 0.687656 0.242418
vt 0.140899 0.140899
vt 0.000000 0.000000
vt 0.272920 0.272920
vt 0.418275 0.098916
vt 1.000000 0.236608
vt 1.000000 0.430138
vt 1.000000 0.478793
vt 1.000000 0.611097
vt 0.430138 0.430138
vt 0.236608 0.236608
vt 0.215178 0.000000
vt 1.000000 0.659610
vt 1.000000 0.731674
vt 0.129449 0.000000
vt 0.448406 0.000000
vt 0.215178 0.215178
vt 0.129449 0.129449
vt 0.269871 0.000000
vt 0.698766 0.000000
vt 0.957436 0.127519
vt 0.448406 0.448406
vt 0.269871 0.269871
vt 1.000000 0.203089
vt 1.000000 1.000000
vt 0.440274 0.145751
vt 0.698766 0.698766
vt 1.000000 0.202114
vt 0.964496 0.994946
vt 0.940207 0.995278
vt 0.906250 0.993078
vt 0.966246 0.958617
vt 0.937436 0.956885
vt 0.906250 0.954817
vt 0.960177 0.991563
vt 0.966537 0.983676
vt 0.966429 0.965418
vt 0.874194 0.950761
vt 0.874921 0.969710
vt 0.883929 0.988184
vt 0.964320 0.993078
vt 0.906250 0.955430
vt 0.945146 0.958296
vt 0.965662 0.959868
vt 0.966165 0.971250
vt 0.875292 0.975020
vt 0.875102 0.950661
vt 0.906250 0.955430
vt 0.886120 0.993078
vt 0.880528 0.988903
s 0
usemtl Material.015
f 2135/2729/1329 2136/2730/1329 2137/2731/1329 2134/2732/1329
f 2139/2733/1330 2136/2734/1330 2135/2735/1330 2140/2736/1330 2141/2737/1330 2138/2738/1330
f 2116/2739/1331 2115/2740/1331 2143/2741/1331 2142/2742/1331
f 2115/2743/1332 2116/2744/1332 2144/2745/1332 2145/2746/1332
f 2134/2747/1333 2137/2748/1333 2145/2749/1333 2144/2750/1333
f 2146/2751/1334 2138/2752/1334 2141/2753/1334 2147/2754/1334
f 2148/2755/1335 2146/2756/1335 2147/2757/1335 2149/2758/1335
f 2150/2759/1336 2142/2760/1336 2148/2761/1336 2149/2762/1336
f 2116/2763/1337 2142/2764/1337 2151/2765/1337
f 2150/2766/1338 2151/2767/1338 2142/2764/1338
s 1
f 2114/2768/1339 2125/2769/1340 2152/2770/1341
f 2128/2771/1342 2122/2772/1342 2124/2773/1343 2153/2770/1344 2133/2774/1342 2132/2775/1342 2130/2776/1342
f 2153/2770/1344 2124/2773/1343 2119/2777/1345 2118/2778/1345 2126/2779/1345
f 2114/2780/1339 2152/2770/1341 2123/2781/1346 2121/2782/1347 2129/2783/1347 2131/2784/1347
f 2120/2785/1348 2117/2786/1348 2123/2787/1346 2152/2788/1341 2127/2789/1348
g Lamparas_cell.039_Lamparas_cell.038
v 0.000551 3.124713 0.037666
v 0.015315 3.139001 0.022921
v 0.016373 3.101605 0.045085
v 0.022937 3.107458 0.050931
v 0.016956 3.108630 0.052250
v 0.028319 3.099330 0.042382
v 0.032575 3.105623 0.048751
v 0.043429 3.101090 0.043749
v 0.037717 3.095402 0.038047
v 0.047513 3.106030 0.033287
v 0.020877 3.143152 0.014682
v 0.003329 3.102976 0.046670
v 0.000319 3.109826 0.053669
v 0.009277 3.103014 0.046635
v 0.010664 3.109891 0.053610
v 0.000073 3.122395 0.042196
v 0.003128 3.113077 0.037463
v 0.004378 3.130031 0.022010
v 0.015150 3.124310 0.023192
v 0.033080 3.101650 0.034630
v 0.006268 3.134099 0.031511
v 0.009143 3.139001 0.025477
v 0.013374 3.145987 0.020276
v 0.003998 3.130310 0.034970
v 0.022937 3.107458 0.050931
v 0.016956 3.108630 0.052250
v 0.016373 3.101605 0.045085
v 0.028319 3.099330 0.042382
v 0.037717 3.095402 0.038047
v 0.032575 3.105623 0.048751
v 0.043429 3.101090 0.043749
v 0.047513 3.106030 0.033287
v 0.003329 3.102976 0.046670
v 0.009277 3.103014 0.046635
v 0.010664 3.109891 0.053610
v 0.000319 3.109826 0.053669
v 0.003128 3.113077 0.037463
v 0.000073 3.122395 0.042196
v 0.004378 3.130031 0.022010
v 0.006268 3.134099 0.031511
v 0.003998 3.130310 0.034970
v 0.009143 3.139001 0.025477
v 0.013374 3.145987 0.020276
v 0.015150 3.124310 0.023192
v 0.033080 3.101650 0.034630
v 0.020877 3.143152 0.014682
vn 0.0125 -0.7145 0.6995
vn 0.0207 -0.7181 0.6957
vn 0.7255 -0.6870 -0.0412
vn 0.0086 -0.7128 0.7013
vn -0.9559 -0.2081 -0.2074
vn -0.1028 -0.3833 -0.9179
vn 0.0439 -0.4223 -0.9054
vn 0.0531 -0.4485 -0.8922
vn -0.5319 0.2107 -0.8202
vn -0.8699 0.4915 -0.0402
vn -0.7808 0.5857 0.2174
vn 0.3049 0.6044 0.7360
vn 0.4398 0.5808 0.6850
vn 0.5403 0.4251 0.7262
vn 0.5584 0.5783 0.5948
vn -0.5211 -0.6751 -0.5221
vn -0.4355 -0.6812 -0.5885
vn -0.3084 -0.6764 -0.6689
vn -0.2828 -0.6736 -0.6828
vn -0.1543 -0.6807 -0.7161
vn -0.2402 -0.6773 -0.6953
vn -0.0000 -0.6736 -0.7391
vn -0.0000 0.6742 0.7385
vn 0.1544 0.6813 0.7156
vn 0.2352 0.6782 0.6962
vn 0.2826 0.6742 0.6823
vn 0.4210 0.6728 0.6084
vn 0.5007 0.6637 0.5556
vn -0.9335 -0.2016 -0.2967
vt 1.000000 0.032907
vt 1.000000 0.057071
vt 0.937459 0.000000
vt 0.963937 0.000000
vt 0.532017 0.020148
vt 1.000000 0.000723
vt 1.000000 0.024366
vt 0.459669 0.046784
vt 0.057071 0.057071
vt 0.032907 0.032907
vt 0.029175 0.000000
vt 0.983350 0.000000
vt 0.024366 0.024366
vt 1.000000 0.036063
vt 1.000000 0.062541
vt 0.679313 0.040267
vt 0.213545 0.000000
vt 0.546279 0.000000
vt 0.546279 0.546279
vt 0.213545 0.213545
vt 0.778967 0.000000
vt 1.000000 0.000000
vt 1.000000 0.374436
vt 0.000000 0.000000
vt 1.000000 0.392896
vt 1.000000 0.362786
vt 0.392896 0.392896
vt 0.120519 0.046686
vt 1.000000 0.006226
vt 0.016650 0.000000
vt 0.970825 0.000000
vt 0.362786 0.362786
vt 1.000000 1.000000
vt 0.625895 0.322842
vt 0.449995 0.449995
vt 1.000000 0.137445
vt 0.878827 0.209380
vt 0.606438 0.282285
vt 0.095253 0.000000
vt 0.137445 0.137445
vt 0.554927 0.993078
vt 0.593750 0.993078
vt 0.592777 1.000000
vt 0.593750 1.000000
vt 0.652549 0.998728
vt 0.626363 0.950510
vt 0.593750 0.954899
vt 0.593750 0.982306
vt 0.623434 0.957491
vt 0.562195 0.957441
vt 0.531250 0.959014
vt 0.533361 0.990090
vt 0.531250 0.959014
vt 0.527753 0.993078
vt 0.526075 0.993078
vt 0.531250 0.989196
vt 0.500420 0.993078
vt 0.501854 0.993078
vt 0.531250 0.960305
vt 0.531250 0.987560
vt 0.523233 0.993078
vt 0.531250 0.960305
vt 0.556200 0.958884
vt 0.573530 0.957565
vt 0.593750 0.955500
vt 0.554927 0.993078
vt 0.531250 0.987560
vt 0.645262 0.993078
vt 0.593750 0.955500
vt 0.626445 0.950396
vt 0.653060 0.956076
vt 0.965091 0.040108
vt 0.374436 0.374436
s 0
usemtl Material.015
f 2180/2790/1349 2178/2791/1349 2179/2792/1349 2187/2793/1349
f 2181/2794/1350 2182/2795/1350 2184/2796/1350 2183/2797/1350 2178/2798/1350 2180/2799/1350
f 2182/2800/1351 2185/2801/1351 2184/2802/1351
f 2187/2803/1352 2179/2804/1352 2188/2805/1352 2189/2806/1352 2186/2807/1352
f 2186/2808/1353 2189/2809/1353 2191/2810/1353 2154/2811/1353 2190/2812/1353
f 2171/2813/1354 2199/2811/1354 2197/2814/1354
f 2198/2815/1355 2197/2816/1355 2199/2817/1355 2185/2818/1355
f 2185/2819/1356 2182/2820/1356 2198/2821/1356
f 2199/2822/1357 2171/2813/1357 2196/2823/1357
f 2196/2824/1358 2171/2813/1358 2154/2811/1358 2194/2825/1358 2193/2826/1358 2195/2827/1358
f 2154/2813/1359 2191/2828/1359 2194/2829/1359
s 1
f 2175/2830/1360 2155/2831/1361 2176/2832/1362
f 2176/2833/1362 2155/2831/1361 2164/2834/1363
f 2162/2835/1364 2159/2836/1365 2172/2837/1366 2173/2838/1364
f 2172/2837/1366 2159/2836/1365 2156/2839/1367 2167/2840/1368 2192/2841/1369
f 2167/2842/1368 2165/2843/1370 2170/2844/1370 2192/2845/1369
f 2169/2846/1371 2166/2847/1371 2168/2848/1372 2174/2849/1373 2177/2850/1371
f 2168/2851/1372 2158/2852/1374 2157/2853/1374 2160/2854/1375 2155/2831/1361 2175/2855/1360 2174/2856/1373
f 2164/2857/1363 2155/2831/1361 2160/2858/1375 2161/2859/1376 2163/2860/1376
s 0
f 2154/2813/1377 2171/2861/1377 2190/2862/1377
g Lamparas_cell.040_Lamparas_cell.039
v -0.013162 3.143022 -0.019894
v -0.013021 3.141588 -0.013386
v -0.031370 3.104924 -0.046992
v -0.010673 3.133505 -0.015974
v -0.032733 3.100644 -0.036273
v -0.028383 3.099255 -0.042414
v -0.020952 3.100506 -0.044273
v -0.008117 3.123198 -0.027202
v -0.004343 3.130221 -0.021836
v -0.016095 3.134674 -0.008978
v -0.003612 3.134995 -0.018158
v -0.018396 3.130370 -0.012292
v -0.032733 3.100644 -0.036273
v -0.028383 3.099255 -0.042414
v -0.020952 3.100506 -0.044273
v -0.008117 3.123198 -0.027202
v -0.013021 3.141588 -0.013386
v -0.016095 3.134674 -0.008978
v -0.018396 3.130370 -0.012292
v -0.004343 3.130221 -0.021836
v -0.003612 3.134995 -0.018158
vn -0.6881 -0.6395 -0.3428
vn -0.0793 -0.6513 -0.7547
vn 0.3876 0.4041 -0.8285
vn 0.4499 0.4288 -0.7834
vn 0.6187 0.7699 0.1562
vn -0.8941 0.4377 0.0945
vn 0.5992 -0.2652 0.7554
vn 0.4747 -0.4771 0.7396
vn 0.3113 -0.5250 0.7921
vn 0.7322 -0.2908 0.6159
vn 0.6193 -0.5371 0.5728
vn 0.5226 -0.6736 0.5226
vn 0.4079 -0.6786 0.6109
vn 0.2875 -0.6696 0.6848
vn -0.9134 0.4045 0.0449
vt 0.726579 0.000000
vt 1.000000 0.000000
vt 1.000000 0.099276
vt 0.000000 0.000000
vt 0.333057 0.000000
vt 0.099276 0.099276
vt 1.000000 0.385942
vt 0.333057 0.333057
vt 0.709490 0.001535
vt 0.516247 0.157083
vt 0.338184 0.338184
vt 0.290516 0.000000
vt 1.000000 0.323135
vt 0.492207 0.492207
vt 0.707344 0.587580
vt 0.093750 0.996940
vt 0.093750 0.993078
vt 0.031250 0.994176
vt 0.121829 0.997640
vt 0.156250 0.995180
vt 0.156250 0.993078
vt 0.120003 0.956367
vt 0.093750 0.954831
vt 0.156250 0.989576
vt 0.031250 0.989409
vt 0.031250 0.993078
vt 0.073942 0.956212
vt 0.036574 0.984439
vt 0.273421 0.000000
vt 0.667451 0.667451
s 0
usemtl Material.015
f 2212/2863/1378 2202/2864/1378 2213/2865/1378
f 2202/2866/1379 2214/2867/1379 2213/2868/1379
f 2202/2866/1380 2200/2864/1380 2215/2869/1380 2214/2870/1380
f 2220/2871/1381 2219/2872/1381 2215/2873/1381 2200/2866/1381
f 2220/2874/1382 2200/2864/1382 2216/2875/1382
f 2217/2876/1383 2216/2866/1383 2200/2864/1383 2211/2877/1383
s 1
f 2201/2878/1384 2203/2879/1385 2210/2880/1386
f 2201/2881/1384 2209/2882/1387 2218/2883/1388 2203/2879/1385
f 2204/2884/1389 2205/2885/1390 2203/2879/1385 2218/2886/1388
f 2208/2887/1391 2210/2888/1386 2203/2879/1385 2205/2885/1390 2206/2889/1391 2207/2890/1391
s 0
f 2202/2866/1392 2212/2891/1392 2211/2892/1392 2200/2866/1392
g Lamparas_cell.041_Lamparas_cell.040
v -0.000609 3.152745 0.015092
v -0.000527 3.138337 0.018971
v -0.004744 3.145987 0.023850
v -0.005377 3.139001 0.027037
v -0.000533 3.143011 0.025208
v -0.000683 3.133929 0.031666
v -0.000614 3.157923 0.022666
v -0.004508 3.153345 0.022666
v -0.012960 3.142926 0.021959
v -0.002145 3.126474 0.038472
v -0.010562 3.139001 0.024889
v -0.006744 3.131475 0.033907
v -0.002145 3.126474 0.038472
v -0.006744 3.131475 0.033907
v -0.010562 3.139001 0.024889
v -0.000533 3.143011 0.025208
v -0.005377 3.139001 0.027037
v -0.000683 3.133929 0.031666
v -0.004744 3.145987 0.023850
v -0.004508 3.153345 0.022666
v -0.012960 3.142926 0.021959
vn 0.8233 0.3199 0.4688
vn 0.9216 0.0698 0.3818
vn -0.6963 0.5923 -0.4054
vn 0.9622 -0.2606 -0.0787
vn -0.3514 -0.7866 -0.5077
vn -0.3433 -0.3675 -0.8643
vn -0.3317 0.4987 0.8008
vn -0.2190 0.5633 0.7967
vn -0.2375 0.3043 0.9225
vn -0.3301 0.3422 0.8797
vn -0.0000 0.4149 0.9098
vn -0.2781 0.1613 0.9469
vn -0.0461 0.6780 0.7336
vn -0.0000 0.6742 0.7385
vt 1.000000 0.000000
vt 1.000000 0.024015
vt 0.896601 0.012163
vt 0.732475 0.000000
vt 0.024015 0.024015
vt 0.000000 0.000000
vt 1.000000 0.028736
vt 0.697410 0.024283
vt 0.252882 0.022233
vt 0.028736 0.028736
vt 0.714579 0.004600
vt 0.310335 0.020520
vt 1.000000 0.267525
vt 0.028741 0.000000
vt 1.000000 0.057090
vt 1.000000 1.000000
vt 0.508945 0.508945
vt 0.657957 0.281566
vt 0.057090 0.057090
vt 0.081115 0.000000
vt 0.436140 0.993078
vt 0.468750 0.993078
vt 0.468750 1.000000
vt 0.414718 0.996967
vt 0.472433 0.993078
vt 0.496568 0.993078
vt 0.496899 0.993078
vt 0.430186 1.000000
vt 0.465745 1.000000
vt 0.468750 0.984605
vt 0.436140 0.993078
vt 0.493928 0.993078
vt 0.496032 0.993078
vt 0.468750 0.984605
s 0
usemtl Material.015
f 2222/2893/1393 2236/2894/1393 2224/2895/1393 2238/2896/1393
f 2236/2897/1394 2222/2898/1394 2221/2893/1394 2227/2899/1394 2240/2900/1394 2223/2901/1394
f 2227/2902/1395 2221/2898/1395 2241/2903/1395 2240/2904/1395
f 2238/2905/1396 2233/2906/1396 2222/2893/1396
f 2235/2907/1397 2222/2908/1397 2233/2909/1397 2234/2910/1397
f 2221/2893/1398 2222/2908/1398 2235/2911/1398 2241/2912/1398
s 1
f 2231/2913/1399 2237/2914/1400 2239/2915/1401 2229/2916/1402
f 2239/2917/1401 2237/2918/1400 2225/2919/1403
f 2229/2920/1402 2239/2915/1401 2228/2921/1404
f 2232/2922/1405 2237/2914/1400 2231/2923/1399
f 2230/2924/1406 2226/2925/1406 2237/2914/1400 2232/2926/1405
g Lamparas_cell.042_Lamparas_cell.041
v 0.014678 4.243753 0.016847
v 0.001087 3.708301 0.022672
v 0.001097 3.699608 0.022672
v 0.000773 4.243753 0.022678
v 0.012843 3.699222 0.019220
v 0.012843 3.699222 0.019220
v 0.014678 4.243753 0.016847
v 0.000773 4.243753 0.022678
v 0.000773 4.243753 0.022678
v 0.001097 3.699608 0.022672
v 0.001097 3.699608 0.022672
vn -0.3867 -0.0027 -0.9222
vn -0.0000 -0.0000 -1.0000
vn -0.2820 -0.0002 -0.9594
vn 0.3403 0.0016 0.9403
vt 0.000000 0.000000
vt 0.916103 0.000000
vt 0.915474 0.915474
vt 1.000000 0.000000
vt 1.000000 0.014613
vt 0.083963 0.000000
vt 1.000000 0.083897
vt 1.000000 1.000000
vt 0.593750 1.000000
vt 0.531250 1.000000
s 0
usemtl Material.015
f 2247/2927/1407 2250/2928/1407 2248/2929/1407
s 1
f 2251/2930/1408 2243/2931/1408 2249/2932/1408
s 0
f 2250/2933/1409 2247/2934/1409 2252/2927/1409
s 1
f 2246/2935/1410 2242/2935/1410 2245/2936/1410 2244/2936/1410
g Lamparas_cell.043_Lamparas_cell.042
v -0.178693 2.884586 -0.119399
v -0.119399 2.884586 -0.178693
v -0.200479 2.884395 -0.066928
v -0.178579 2.898782 -0.071974
v -0.188224 2.881551 -0.063222
v -0.187358 2.905289 -0.077307
v -0.183996 2.906265 -0.084426
v -0.174950 2.899891 -0.079802
v -0.162000 2.903233 -0.108245
v -0.166198 2.909027 -0.118367
v -0.170390 2.909613 -0.113851
v -0.189015 2.868212 -0.072564
v -0.200423 2.867690 -0.078146
v -0.200257 2.859519 -0.083969
v -0.189410 2.858880 -0.079480
v -0.175872 2.859258 -0.111846
v -0.188392 2.859852 -0.112392
v -0.133045 2.904171 -0.154207
v -0.124749 2.897631 -0.148054
v -0.103170 2.892639 -0.167804
v -0.115712 2.901215 -0.173176
v -0.109750 2.895000 -0.164253
v -0.141197 2.859570 -0.165876
v -0.136341 2.859605 -0.170720
v -0.132086 2.858889 -0.158402
v -0.127847 2.858919 -0.162627
v -0.183980 2.860021 -0.122931
v -0.120746 2.875215 -0.180710
v -0.105643 2.877823 -0.171956
v -0.113929 2.872148 -0.170506
v -0.095647 2.884687 -0.173698
v -0.102257 2.888146 -0.184285
v -0.107654 2.884586 -0.183558
v -0.178579 2.898782 -0.071974
v -0.188224 2.881551 -0.063222
v -0.187358 2.905289 -0.077307
v -0.183996 2.906265 -0.084426
v -0.174950 2.899891 -0.079802
v -0.162000 2.903233 -0.108245
v -0.166198 2.909027 -0.118367
v -0.170390 2.909613 -0.113851
v -0.200479 2.884395 -0.066928
v -0.200423 2.867690 -0.078146
v -0.189015 2.868212 -0.072564
v -0.189410 2.858880 -0.079480
v -0.200257 2.859519 -0.083969
v -0.188392 2.859852 -0.112392
v -0.175872 2.859258 -0.111846
v -0.133045 2.904171 -0.154207
v -0.115712 2.901215 -0.173176
v -0.124749 2.897631 -0.148054
v -0.109750 2.895000 -0.164253
v -0.132086 2.858889 -0.158402
v -0.127847 2.858919 -0.162627
v -0.141197 2.859570 -0.165876
v -0.136341 2.859605 -0.170720
v -0.183980 2.860021 -0.122931
v -0.105643 2.877823 -0.171956
v -0.113929 2.872148 -0.170506
v -0.120746 2.875215 -0.180710
v -0.095647 2.884687 -0.173698
v -0.102257 2.888146 -0.184285
v -0.107654 2.884586 -0.183558
v -0.103170 2.892639 -0.167804
vn -0.1387 0.5091 0.8495
vn 0.4313 0.8438 0.3194
vn 0.4419 0.8452 0.3005
vn -0.3556 -0.5219 0.7754
vn -0.3470 -0.5489 0.7604
vn -0.0460 -0.9985 -0.0309
vn 0.4455 0.8443 0.2979
vn 0.4549 0.8440 0.2840
vn -0.0377 -0.9983 -0.0450
vn -0.0458 -0.9983 -0.0351
vn 0.4242 -0.7492 -0.5086
vn 0.4248 -0.7482 -0.5097
vn 0.6235 0.7624 -0.1733
vn -0.5617 0.3700 -0.7400
vn -0.3564 0.3644 -0.8603
vn -0.3597 0.3410 -0.8685
vn -0.5284 0.3089 -0.7908
vn -0.6051 0.2497 -0.7560
vn -0.7908 0.3089 -0.5284
vn -0.7721 0.3704 -0.5164
vn -0.6585 0.3644 -0.6585
vn -0.6854 0.2461 -0.6854
vn -0.8052 0.2506 -0.5374
vn -0.8801 0.3044 -0.3644
vn -0.8606 0.3640 -0.3562
vn -0.8955 0.2461 -0.3709
vn 0.3642 -0.3072 0.8792
vn 0.5580 -0.3046 0.7719
vn 0.6034 -0.3015 0.7383
vn 0.6847 -0.2929 0.6674
vn 0.7883 -0.3045 0.5347
vn 0.8013 -0.3055 0.5143
vn 0.8792 -0.3072 0.3642
vt 1.000000 0.275666
vt 1.000000 0.338946
vt 0.565405 0.000000
vt 0.653959 0.000000
vt 1.000000 0.437258
vt 0.338946 0.338946
vt 0.275666 0.275666
vt 1.000000 0.383710
vt 0.295601 0.000000
vt 0.332519 0.000000
vt 0.357236 0.076163
vt 0.437258 0.437258
vt 0.383711 0.383711
vt 0.564849 0.000000
vt 0.647464 0.000000
vt 1.000000 0.346041
vt 1.000000 0.434595
vt 0.528887 0.000000
vt 0.647464 0.647464
vt 0.564849 0.564849
vt 0.464439 0.000000
vt 0.431328 0.000000
vt 0.491312 0.000000
vt 0.528887 0.528887
vt 0.464439 0.464439
vt 0.303011 0.000000
vt 1.000000 0.667481
vt 1.000000 0.704399
vt 0.263330 0.000000
vt 0.994264 0.158864
vt 0.303011 0.303011
vt 0.263330 0.263330
vt 0.856274 0.139006
vt 1.000000 0.099507
vt 1.000000 0.298852
vt 1.000000 0.342497
vt 0.629012 0.000000
vt 0.676296 0.000000
vt 0.547522 0.066180
vt 0.342497 0.342497
vt 0.298852 0.298852
vt 0.508688 0.000000
vt 0.568672 0.000000
vt 0.798032 0.000000
vt 0.874505 0.000000
vt 0.805514 0.199055
vt 0.676296 0.676296
vt 0.629012 0.629012
vt 1.000000 0.860436
vt 0.874505 0.874505
vt 0.798032 0.798032
vt 0.933754 0.779449
vt 1.000000 0.773600
vt 1.000000 0.903342
vt 0.860436 0.860436
vt 0.773601 0.773601
vt 1.000000 0.847001
vt 0.091912 0.732694
vt 0.080428 0.716100
vt 0.084275 0.711322
vt 0.093750 0.711322
vt 0.084275 0.711322
vt 0.093750 0.701091
vt 0.156250 0.711322
vt 0.156250 0.744902
vt 0.151341 0.744116
vt 0.113257 0.737600
vt 0.093750 0.733634
vt 0.107279 0.684047
vt 0.112232 0.684008
vt 0.156250 0.684501
vt 0.093750 0.701091
vt 0.198501 0.711322
vt 0.187718 0.739100
vt 0.181609 0.740409
vt 0.186788 0.683953
vt 0.190767 0.692874
vt 0.156250 0.684501
vt 0.164501 0.684317
vt 0.079406 0.721462
vt 0.088430 0.731900
vt 0.093750 0.734331
vt 0.093750 0.705814
vt 0.087180 0.712895
vt 0.093750 0.705814
vt 0.093750 0.734331
vt 0.111057 0.737613
vt 0.156250 0.744605
vt 0.156250 0.689817
vt 0.110516 0.689268
vt 0.106006 0.689306
vt 0.181869 0.740433
vt 0.188969 0.739051
vt 0.198270 0.717548
vt 0.191546 0.700902
vt 0.186741 0.689257
s 0
usemtl Material.015
f 2286/2937/1411 2288/2938/1411 2294/2939/1411 2287/2940/1411
f 2289/2941/1412 2288/2942/1412 2286/2943/1412 2290/2944/1412
f 2291/2945/1413 2292/2946/1413 2293/2947/1413 2289/2948/1413 2290/2949/1413
f 2295/2950/1414 2296/2951/1414 2287/2952/1414 2294/2953/1414
f 2297/2954/1415 2296/2955/1415 2295/2956/1415 2298/2957/1415
f 2299/2958/1416 2300/2959/1416 2297/2960/1416 2298/2961/1416
f 2301/2962/1417 2292/2963/1417 2291/2964/1417 2303/2965/1417
f 2302/2966/1418 2301/2967/1418 2303/2968/1418 2304/2969/1418 2316/2970/1418
f 2305/2971/1419 2307/2972/1419 2308/2973/1419 2306/2974/1419
f 2309/2975/1420 2307/2976/1420 2305/2977/1420 2300/2978/1420 2299/2979/1420
f 2312/2980/1421 2310/2981/1421 2311/2982/1421 2306/2983/1421 2308/2984/1421
f 2313/2985/1422 2310/2986/1422 2312/2987/1422 2315/2988/1422 2314/2989/1422
f 2316/2990/1423 2313/2991/1423 2314/2992/1423 2302/2993/1423
s 1
f 2273/2994/1424 2284/2995/1425 2285/2996/1426 2254/2997/1427
f 2254/2997/1427 2285/2998/1426 2280/2999/1428
f 2254/2997/1427 2253/3000/1429 2263/3001/1430 2262/3002/1431 2270/3003/1431 2273/3004/1424
f 2276/3005/1432 2275/3006/1432 2279/3007/1433 2253/3000/1429 2254/2997/1427 2280/3008/1428
f 2253/3000/1429 2255/3009/1434 2258/3010/1435 2259/3011/1435 2263/3001/1430
f 2266/3012/1436 2265/3013/1436 2255/3009/1434 2253/3000/1429 2279/3014/1433 2269/3015/1436
f 2283/3016/1437 2272/3017/1437 2274/3018/1438 2282/3019/1439 2281/3020/1437
f 2282/3021/1439 2274/3022/1438 2271/3023/1440 2261/3024/1441 2268/3025/1442 2277/3026/1440 2278/3027/1440
f 2260/3028/1443 2256/3029/1443 2257/3030/1443 2264/3031/1443 2267/3032/1443 2268/3025/1442 2261/3024/1441
g Lamparas_cell.044_Lamparas_cell.043
v 0.013559 3.138468 -0.012818
v 0.024749 3.140417 -0.006001
v 0.022921 3.139001 -0.015315
v 0.015974 3.133506 -0.010674
v 0.039083 3.094966 -0.037243
v 0.044765 3.100670 -0.042956
v 0.044290 3.092063 -0.035778
v 0.050229 3.097638 -0.041406
v 0.057640 3.094014 -0.038674
v 0.049628 3.096171 -0.018351
v 0.057240 3.100416 -0.024502
v 0.050080 3.089369 -0.033462
v 0.049232 3.099727 -0.010837
v 0.056593 3.106183 -0.012308
v 0.031640 3.133707 -0.006894
v 0.018707 3.141647 -0.017822
v 0.021154 3.130687 -0.004880
v 0.050229 3.097638 -0.041406
v 0.057640 3.094014 -0.038674
v 0.049628 3.096171 -0.018351
v 0.050080 3.089369 -0.033462
v 0.049232 3.099727 -0.010837
v 0.057240 3.100416 -0.024502
v 0.056593 3.106183 -0.012308
v 0.031640 3.133707 -0.006894
v 0.039083 3.094966 -0.037243
v 0.044290 3.092063 -0.035778
v 0.044765 3.100670 -0.042956
v 0.021154 3.130687 -0.004880
v 0.018707 3.141647 -0.017822
v 0.015974 3.133506 -0.010674
v 0.024749 3.140417 -0.006001
v 0.022921 3.139001 -0.015315
vn -0.1362 -0.6301 -0.7645
vn -0.1330 -0.6305 -0.7647
vn -0.0553 -0.6912 -0.7205
vn 0.6484 -0.6867 0.3285
vn 0.6561 -0.6682 0.3508
vn 0.1975 -0.0115 0.9802
vn -0.7772 -0.1067 -0.6202
vn -0.5879 0.2202 0.7784
vn 0.1205 0.7772 0.6177
vn -0.0914 0.9870 -0.1321
vn -0.5226 -0.6736 0.5226
vn -0.6080 -0.6808 0.4085
vn -0.6654 -0.6768 0.3150
vn -0.6828 -0.6736 0.2828
vn 0.6810 0.6761 -0.2814
vn 0.6246 0.6782 -0.3872
vn 0.6203 0.6780 -0.3944
vn 0.5586 0.6705 -0.4883
vn 0.1749 0.0487 0.9834
vt 1.000000 0.844475
vt 0.160432 0.000000
vt 1.000000 0.799880
vt 0.844475 0.844475
vt 0.799880 0.799880
vt 1.000000 0.833392
vt 1.000000 0.734725
vt 1.000000 0.793862
vt 0.870522 0.870522
vt 0.833392 0.833392
vt 0.793862 0.793862
vt 0.735560 0.726010
vt 0.826872 0.000000
vt 0.893312 0.000000
vt 1.000000 0.908005
vt 0.893312 0.893312
vt 0.826872 0.826872
vt 1.000000 0.850750
vt 0.920884 0.000000
vt 0.982668 0.000000
vt 0.908005 0.908005
vt 0.850750 0.850750
vt 0.078871 0.035412
vt 1.000000 0.795242
vt 1.000000 0.839568
vt 0.082814 0.082814
vt 0.000000 0.000000
vt 0.772980 0.772980
vt 1.000000 0.000000
vt 0.991769 0.467972
vt 0.973277 0.000000
vt 1.000000 0.055320
vt 0.055320 0.055320
vt 1.000000 0.007258
vt 0.855209 0.946781
vt 0.843750 0.943770
vt 0.869882 0.992688
vt 0.867178 0.950024
vt 0.843750 0.993078
vt 0.803222 0.951369
vt 0.783890 0.955342
vt 0.785039 0.989930
vt 0.811529 0.949637
vt 0.843750 0.942533
vt 0.786875 0.993078
vt 0.783534 0.987118
vt 0.783718 0.956130
vt 0.844047 0.942429
vt 0.858461 0.946509
vt 0.869451 0.949923
vt 0.871693 0.993078
vt 0.920884 0.920884
vt 0.982668 0.982668
s 0
usemtl Material.015
f 2343/3033/1444 2342/3034/1444 2344/3035/1444
f 2343/3036/1445 2344/3037/1445 2334/3038/1445
f 2335/3039/1446 2337/3040/1446 2343/3041/1446 2334/3042/1446
f 2337/3043/1447 2335/3044/1447 2339/3045/1447 2336/3046/1447
f 2338/3047/1448 2336/3048/1448 2339/3049/1448 2340/3050/1448
f 2341/3051/1449 2345/3052/1449 2338/3053/1449 2340/3054/1449
f 2346/3055/1450 2344/3056/1450 2342/3057/1450 2320/3058/1450 2317/3059/1450
f 2345/3060/1451 2348/3059/1451 2317/3061/1451 2320/3062/1451
f 2346/3063/1452 2317/3061/1452 2349/3064/1452
f 2349/3065/1453 2317/3059/1453 2348/3066/1453
s 1
f 2323/3067/1454 2328/3068/1455 2347/3069/1456 2321/3070/1454
f 2347/3071/1456 2328/3068/1455 2326/3072/1457 2329/3073/1457 2333/3074/1457
f 2327/3075/1458 2325/3076/1459 2319/3071/1460 2318/3077/1458 2331/3078/1458 2330/3079/1458
f 2325/3080/1459 2324/3081/1461 2322/3082/1461 2332/3083/1461 2319/3071/1460
s 0
f 2341/3084/1462 2348/3061/1462 2345/3085/1462
g Lamparas_cell.045_Lamparas_cell.044
v -0.108371 2.995630 -0.110230
v -0.059765 2.995434 -0.141825
v -0.079171 3.043588 -0.080749
v -0.043895 3.043438 -0.104122
v -0.058501 3.049491 -0.088398
v -0.074775 3.009351 -0.111910
v -0.041148 3.038229 -0.097349
v -0.073949 3.038272 -0.075457
v -0.056207 3.045315 -0.084120
v -0.092498 3.009351 -0.094187
v -0.099731 2.993217 -0.101484
v -0.102796 2.986367 -0.104588
v -0.042669 3.033727 -0.101160
v -0.051287 3.009351 -0.121639
v -0.056902 2.986653 -0.134957
v -0.081690 2.990182 -0.122258
v -0.073949 3.038272 -0.075457
v -0.056207 3.045315 -0.084120
v -0.092498 3.009351 -0.094187
v -0.099731 2.993217 -0.101484
v -0.102796 2.986367 -0.104588
v -0.042669 3.033727 -0.101160
v -0.051287 3.009351 -0.121639
v -0.056902 2.986653 -0.134957
v -0.081690 2.990182 -0.122258
v -0.041148 3.038229 -0.097349
vn 0.6262 0.7116 0.3187
vn 0.0459 0.7270 0.6851
vn -0.7113 0.0009 0.7029
vn -0.7114 -0.0001 0.7028
vn 0.9275 0.0030 -0.3738
vn -0.4157 0.6428 -0.6435
vn -0.4188 0.6463 -0.6379
vn 0.9224 -0.0015 -0.3863
vn -0.4202 0.6470 -0.6362
vn -0.4204 -0.6410 -0.6422
vn 0.4666 -0.5445 0.6970
vn 0.4403 -0.6098 0.6590
vn 0.5615 -0.6077 0.5615
vn 0.5965 -0.5371 0.5965
vn 0.3228 -0.5371 0.7793
vn 0.3039 -0.6078 0.7337
vn 0.4068 -0.6808 0.6092
vn 0.5226 -0.6736 0.5226
vn 0.2828 -0.6736 0.6828
vt 0.067495 0.067495
vt 0.000000 0.000000
vt 1.000000 0.000000
vt 1.000000 0.049293
vt 0.049292 0.049292
vt 1.000000 0.068742
vt 1.000000 0.082156
vt 0.676464 0.061101
vt 0.068742 0.068742
vt 0.082156 0.082156
vt 0.138060 0.000000
vt 1.000000 0.045207
vt 0.938430 0.000000
vt 1.000000 1.000000
vt 0.946186 0.412914
vt 0.919968 0.000000
vt 0.938430 0.938430
vt 0.080032 0.000000
vt 0.535680 0.486940
vt 1.000000 0.917668
vt 0.093750 0.835946
vt 0.093750 0.854378
vt 0.123578 0.854378
vt 0.123448 0.838864
vt 0.121437 0.832484
vt 0.062945 0.832553
vt 0.063493 0.854378
vt 0.093750 0.894555
vt 0.125484 0.886686
vt 0.063466 0.881610
vt 0.063602 0.886639
s 0
usemtl Material.015
f 2375/3086/1463 2353/3087/1463 2354/3088/1463 2367/3089/1463
f 2367/3090/1464 2354/3087/1464 2352/3088/1464 2366/3091/1464
f 2352/3087/1465 2350/3088/1465 2369/3092/1465 2368/3093/1465 2366/3094/1465
f 2369/3095/1466 2350/3087/1466 2370/3096/1466
f 2375/3097/1467 2371/3098/1467 2353/3088/1467
f 2350/3088/1468 2353/3099/1468 2351/3087/1468
f 2350/3087/1469 2354/3088/1469 2353/3099/1469
f 2372/3100/1470 2373/3101/1470 2351/3088/1470 2353/3099/1470 2371/3102/1470
f 2350/3087/1471 2352/3088/1471 2354/3099/1471
f 2350/3099/1472 2351/3087/1472 2373/3103/1472 2374/3104/1472 2370/3105/1472
s 1
f 2365/3106/1473 2355/3107/1474 2359/3108/1475 2360/3109/1476 2361/3110/1476
f 2364/3111/1477 2363/3112/1478 2355/3107/1474 2365/3106/1473
f 2355/3107/1474 2358/3113/1479 2357/3114/1480 2359/3108/1475
f 2358/3113/1479 2355/3107/1474 2363/3112/1478 2362/3115/1481 2356/3116/1481
g Lamparas_cell.046_Lamparas_cell.045
v -0.228084 2.789430 0.045369
v -0.223490 2.834534 0.044455
v -0.218291 2.788881 0.043421
v -0.213836 2.832768 0.042535
v -0.228426 2.741380 0.001226
v -0.228323 2.755915 0.001146
v -0.218503 2.758689 0.002217
v -0.218625 2.741298 0.002314
v -0.228084 2.789430 0.001240
v -0.216161 2.809862 0.002576
v -0.218291 2.788881 0.002302
v -0.225899 2.810885 0.001522
v -0.223490 2.834534 0.013452
v -0.208744 2.848544 0.022645
v -0.213836 2.832768 0.014130
v -0.218841 2.852845 0.023133
v -0.216409 2.862423 0.028240
v -0.205187 2.859565 0.028644
v -0.225242 2.692958 0.054026
v -0.228718 2.700504 0.045495
v -0.214126 2.692887 0.055235
v -0.218891 2.703231 0.043540
v -0.216260 2.863009 0.043017
v -0.199720 2.859247 0.054282
v -0.205034 2.860039 0.040784
v -0.210386 2.862128 0.057785
v -0.211439 2.834534 0.073547
v -0.202379 2.832768 0.070195
v -0.210002 2.820045 0.080873
v -0.201332 2.822246 0.075514
v -0.209182 2.811655 0.085088
v -0.200405 2.812803 0.080256
v -0.211976 2.692958 0.086053
v -0.211213 2.789430 0.086100
v -0.202584 2.788881 0.081341
v -0.203334 2.692887 0.081289
v -0.228426 2.741380 0.001226
v -0.228323 2.755915 0.001146
v -0.218503 2.758689 0.002217
v -0.218625 2.741298 0.002314
v -0.218291 2.788881 0.002302
v -0.228084 2.789430 0.001240
v -0.225899 2.810885 0.001522
v -0.216161 2.809862 0.002576
v -0.213836 2.832768 0.014130
v -0.223490 2.834534 0.013452
v -0.218841 2.852845 0.023133
v -0.208744 2.848544 0.022645
v -0.205187 2.859565 0.028644
v -0.216409 2.862423 0.028240
v -0.225242 2.692958 0.054026
v -0.214126 2.692887 0.055235
v -0.228718 2.700504 0.045495
v -0.218891 2.703231 0.043540
v -0.199720 2.859247 0.054282
v -0.205034 2.860039 0.040784
v -0.216260 2.863009 0.043017
v -0.210386 2.862128 0.057785
v -0.202379 2.832768 0.070195
v -0.211439 2.834534 0.073547
v -0.210002 2.820045 0.080873
v -0.201332 2.822246 0.075514
v -0.200405 2.812803 0.080256
v -0.209182 2.811655 0.085088
v -0.202584 2.788881 0.081341
v -0.211213 2.789430 0.086100
v -0.211976 2.692958 0.086053
v -0.203334 2.692887 0.081289
vn 0.1102 -0.0063 -0.9939
vn 0.1079 0.0020 -0.9942
vn 0.1420 0.4343 -0.8895
vn 0.1432 0.4371 -0.8879
vn 0.0689 -0.7332 -0.6765
vn 0.2480 0.9679 -0.0409
vn 0.3857 0.4465 0.8074
vn 0.3869 0.4439 0.8083
vn 0.4827 -0.0042 0.8758
vn -0.9225 0.0542 0.3821
vn -0.9793 0.0550 0.1948
vn -0.9586 0.0072 0.2846
vn -0.8496 -0.3929 0.3519
vn -0.6820 -0.6746 0.2825
vn -0.9985 0.0541 -0.0000
vn -1.0000 0.0071 -0.0000
vn -0.9693 0.2461 -0.0000
vn -0.9883 0.1524 -0.0000
vn -0.9655 0.1758 0.1921
vn -0.9497 0.2506 0.1879
vn -0.9949 0.1013 -0.0000
vn -0.9130 0.1528 0.3782
vn -0.8955 0.2461 0.3709
vn -0.9191 0.1013 0.3807
vn 0.6265 -0.7349 -0.2595
vn 0.7018 -0.6503 -0.2907
vn 0.9586 -0.0071 -0.2846
vn 0.9793 -0.0548 -0.1948
vn 0.9225 -0.0540 -0.3821
vn 1.0000 -0.0070 -0.0000
vn 0.9986 -0.0538 -0.0000
vn 0.9318 -0.3126 -0.1844
vn 0.9597 -0.2063 -0.1909
vn 0.9847 -0.1740 -0.0000
vn 0.9517 -0.3072 -0.0000
vn 0.9949 -0.1010 -0.0000
vn 0.9097 -0.1748 -0.3768
vn 0.8792 -0.3072 -0.3642
vn 0.9192 -0.1010 -0.3807
vt 1.000000 0.259644
vt 1.000000 0.310657
vt 0.688571 0.000000
vt 0.739719 0.000000
vt 0.310657 0.310657
vt 0.259644 0.259644
vt 0.709292 0.261315
vt 1.000000 0.272936
vt 1.000000 0.323470
vt 0.715720 0.312144
vt 0.323470 0.323470
vt 0.272936 0.272936
vt 0.671904 0.285156
vt 1.000000 0.309062
vt 1.000000 0.361499
vt 0.709856 0.335265
vt 0.361498 0.361498
vt 0.309062 0.309062
vt 0.417199 0.000000
vt 0.492785 0.000000
vt 0.511590 0.278531
vt 0.587444 0.260142
vt 1.000000 0.260281
vt 1.000000 0.311429
vt 0.615797 0.311323
vt 0.511811 0.336540
vt 0.775896 0.281833
vt 1.000000 0.507215
vt 1.000000 0.582801
vt 0.727206 0.308703
vt 0.458372 0.000000
vt 0.530134 0.000000
vt 0.530134 0.530134
vt 0.458372 0.458372
vt 0.809261 0.452626
vt 1.000000 0.462975
vt 1.000000 0.521090
vt 0.861470 0.513553
vt 0.453206 0.000000
vt 0.521090 0.521090
vt 0.462975 0.462975
vt 0.402646 0.000000
vt 0.453206 0.453206
vt 0.402646 0.402646
vt 0.491711 0.348030
vt 0.929554 0.155288
vt 0.984859 0.202726
vt 0.549121 0.394458
vt 0.311617 0.607494
vt 0.281250 0.607494
vt 0.281250 0.508407
vt 0.287583 0.500000
vt 0.311389 0.500000
vt 0.281250 0.607494
vt 0.250854 0.607494
vt 0.250788 0.570150
vt 0.250844 0.553954
vt 0.266609 0.676666
vt 0.259456 0.656673
vt 0.281250 0.656673
vt 0.281250 0.687764
vt 0.270533 0.687124
vt 0.250854 0.607494
vt 0.251060 0.630887
vt 0.303386 0.656673
vt 0.292766 0.686801
vt 0.311478 0.631727
vt 0.308536 0.640875
vt 0.311617 0.607494
vt 0.310555 0.500000
vt 0.290321 0.500000
vt 0.281250 0.511583
vt 0.310790 0.607494
vt 0.251594 0.573685
vt 0.251657 0.607494
vt 0.281250 0.511583
vt 0.251663 0.554211
vt 0.281250 0.690703
vt 0.260381 0.656673
vt 0.266987 0.676359
vt 0.271900 0.690112
vt 0.251874 0.631005
vt 0.303246 0.656673
vt 0.292409 0.689715
vt 0.307159 0.644882
vt 0.310627 0.634301
s 0
usemtl Material.015
f 2413/3117/1482 2414/3118/1482 2415/3119/1482 2412/3120/1482
f 2414/3121/1483 2413/3122/1483 2417/3123/1483 2418/3124/1483 2419/3125/1483 2416/3126/1483
f 2419/3127/1484 2418/3128/1484 2421/3129/1484 2422/3130/1484 2423/3131/1484 2420/3132/1484
f 2423/3133/1485 2422/3134/1485 2425/3135/1485 2424/3136/1485
f 2426/3137/1486 2428/3138/1486 2412/3139/1486 2415/3140/1486 2429/3141/1486 2427/3142/1486
f 2431/3143/1487 2424/3144/1487 2425/3145/1487 2432/3146/1487 2433/3147/1487 2430/3148/1487
f 2430/3149/1488 2433/3150/1488 2435/3151/1488 2436/3152/1488 2437/3153/1488 2434/3154/1488
f 2438/3155/1489 2437/3156/1489 2436/3157/1489 2439/3158/1489
f 2438/3159/1490 2439/3160/1490 2441/3161/1490 2442/3162/1490 2443/3163/1490 2440/3164/1490
s 1
f 2409/3165/1491 2376/3166/1492 2395/3167/1493 2394/3168/1494 2408/3169/1495
f 2376/3170/1492 2384/3171/1496 2381/3172/1497 2380/3173/1497 2395/3167/1493
f 2391/3174/1498 2388/3175/1499 2377/3176/1500 2398/3177/1501 2392/3178/1498
f 2384/3179/1496 2376/3170/1492 2377/3176/1500 2388/3175/1499 2387/3180/1502
f 2377/3176/1500 2402/3181/1503 2401/3182/1504 2398/3177/1501
f 2406/3183/1505 2404/3184/1505 2402/3181/1503 2377/3176/1500 2376/3166/1492 2409/3185/1491
f 2411/3186/1506 2396/3187/1507 2397/3188/1508 2378/3166/1509 2410/3189/1510
f 2382/3190/1511 2386/3191/1512 2378/3170/1509 2397/3192/1508 2383/3193/1511
f 2400/3194/1513 2379/3176/1514 2390/3195/1515 2389/3196/1516 2393/3197/1516
f 2390/3195/1515 2379/3176/1514 2378/3170/1509 2386/3191/1512 2385/3198/1517
f 2403/3199/1518 2379/3176/1514 2400/3194/1513 2399/3200/1519
f 2410/3189/1510 2378/3166/1509 2379/3176/1514 2403/3199/1518 2405/3201/1520 2407/3202/1520
f 2408/3169/1495 2394/3168/1494 2396/3187/1507 2411/3186/1506
g Lamparas_cell.047_Lamparas_cell.046
v 0.162125 2.934527 0.108328
v 0.108328 2.934527 0.162124
v 0.094401 2.979784 0.141281
v 0.038040 2.934527 0.191239
v 0.154606 2.930259 0.103304
v 0.103304 2.930259 0.154606
v 0.036276 2.930259 0.182370
v 0.147453 2.943509 0.098525
v 0.112577 2.984333 0.096638
v 0.131796 2.979784 0.103885
v 0.119201 2.992799 0.102606
v 0.164274 2.934527 0.103138
v 0.166942 2.928926 0.102426
v 0.158564 2.925807 0.097502
v 0.155692 2.948494 0.104030
v 0.051002 2.906060 0.197928
v 0.048813 2.901928 0.187074
v 0.140844 2.907731 0.144438
v 0.113671 2.910424 0.170121
v 0.107717 2.906122 0.161210
v 0.133134 2.903532 0.136976
v 0.163399 2.905901 0.122897
v 0.154209 2.901775 0.116703
v 0.160178 2.909894 0.107028
v 0.168980 2.913865 0.112908
v 0.169868 2.916369 0.108203
v 0.161399 2.913126 0.101355
v 0.170991 2.920211 0.101563
v 0.162428 2.916207 0.096272
v 0.109365 2.999848 0.104927
v 0.103436 2.991213 0.099584
v 0.106350 2.998394 0.109492
v 0.100532 2.989744 0.103810
v 0.097135 2.993920 0.123477
v 0.091684 2.985238 0.116717
v 0.017681 2.930259 0.182370
v 0.036291 2.950710 0.182447
v 0.018343 2.934527 0.191239
v 0.084756 2.981682 0.126846
v 0.074820 2.979784 0.149391
v 0.089881 2.990369 0.134516
v 0.034421 2.944903 0.173045
v 0.012183 2.928618 0.193551
v 0.011656 2.924330 0.184283
v 0.016638 2.925748 0.194675
v 0.016593 2.921054 0.185341
v 0.039652 2.913821 0.199342
v 0.037586 2.909850 0.188957
v 0.164274 2.934527 0.103138
v 0.155692 2.948494 0.104030
v 0.166942 2.928926 0.102426
v 0.147453 2.943509 0.098525
v 0.112577 2.984333 0.096638
v 0.131796 2.979784 0.103885
v 0.119201 2.992799 0.102606
v 0.140844 2.907731 0.144438
v 0.113671 2.910424 0.170121
v 0.051002 2.906060 0.197928
v 0.048813 2.901928 0.187074
v 0.107717 2.906122 0.161210
v 0.133134 2.903532 0.136976
v 0.154209 2.901775 0.116703
v 0.163399 2.905901 0.122897
v 0.168980 2.913865 0.112908
v 0.160178 2.909894 0.107028
v 0.169868 2.916369 0.108203
v 0.161399 2.913126 0.101355
v 0.162428 2.916207 0.096272
v 0.158564 2.925807 0.097502
v 0.170991 2.920211 0.101563
v 0.109365 2.999848 0.104927
v 0.106350 2.998394 0.109492
v 0.103436 2.991213 0.099584
v 0.100532 2.989744 0.103810
v 0.091684 2.985238 0.116717
v 0.097135 2.993920 0.123477
v 0.036291 2.950710 0.182447
v 0.018343 2.934527 0.191239
v 0.074820 2.979784 0.149391
v 0.089881 2.990369 0.134516
v 0.084756 2.981682 0.126846
v 0.034421 2.944903 0.173045
v 0.017681 2.930259 0.182370
v 0.016638 2.925748 0.194675
v 0.039652 2.913821 0.199342
v 0.016593 2.921054 0.185341
v 0.037586 2.909850 0.188957
v 0.011656 2.924330 0.184283
v 0.012183 2.928618 0.193551
vn 0.3979 0.2998 -0.8670
vn 0.1170 0.4867 -0.8657
vn 0.2032 -0.9280 0.3123
vn 0.2134 -0.9290 0.3023
vn 0.5543 -0.7736 -0.3071
vn 0.5530 -0.7694 -0.3196
vn 0.5632 -0.7527 -0.3410
vn 0.4086 0.2759 -0.8700
vn -0.7118 0.6513 -0.2627
vn -0.7127 0.6510 -0.2613
vn -0.7140 0.6502 -0.2597
vn -0.5672 -0.7347 0.3722
vn -0.4846 -0.7805 0.3949
vn 0.1766 0.4254 0.8876
vn 0.2461 0.4831 0.8403
vn -0.0000 0.3937 0.9192
vn 0.2474 0.3697 0.8956
vn -0.0000 0.3644 0.9312
vn 0.4661 0.5443 0.6975
vn 0.4789 0.6087 0.6325
vn 0.3310 0.5019 0.7991
vn 0.5028 0.4254 0.7525
vn 0.5164 0.3706 0.7720
vn 0.3564 0.3644 0.8603
vn 0.6026 0.5231 0.6026
vn 0.5646 0.6020 0.5646
vn 0.7525 0.4254 0.5028
vn 0.6461 0.4802 0.5933
vn 0.7318 0.3697 0.5725
vn 0.6585 0.3644 0.6585
vn 0.8417 0.4123 0.3486
vn 0.8603 0.3644 0.3564
vn -0.1765 -0.4260 -0.8873
vn -0.0000 -0.3682 -0.9297
vn -0.2358 -0.5430 -0.8059
vn -0.0000 -0.3072 -0.9517
vn -0.2526 -0.3119 -0.9159
vn -0.5026 -0.4260 -0.7522
vn -0.5072 -0.5439 -0.6686
vn -0.5282 -0.3126 -0.7895
vn -0.3642 -0.3072 -0.8792
vn -0.5965 -0.5371 -0.5965
vn -0.6317 -0.5412 -0.5550
vn -0.7709 -0.4463 -0.4545
vn -0.6729 -0.3072 -0.6729
vn -0.7480 -0.3118 -0.5860
vn -0.8760 -0.3585 -0.3226
vn -0.8792 -0.3072 -0.3642
vt 0.486788 0.029095
vt 0.446881 0.000000
vt 0.510636 0.022667
vt 0.621780 0.096351
vt 1.000000 0.333763
vt 1.000000 0.360237
vt 0.871060 0.282122
vt 0.597223 0.104815
vt 0.573577 0.000000
vt 0.360237 0.360237
vt 0.333763 0.333763
vt 0.533935 0.000000
vt 0.746713 0.322049
vt 0.315678 0.000000
vt 0.358244 0.000000
vt 0.762056 0.302442
vt 1.000000 0.445375
vt 1.000000 0.474646
vt 0.526449 0.000000
vt 0.561407 0.000000
vt 0.474646 0.474646
vt 0.445375 0.445375
vt 0.561407 0.561407
vt 0.526449 0.526449
vt 0.553038 0.000000
vt 0.586835 0.000000
vt 0.583228 0.159743
vt 0.586835 0.586835
vt 0.553038 0.553038
vt 1.000000 0.563410
vt 0.596214 0.596214
vt 0.563410 0.563410
vt 1.000000 0.459817
vt 1.000000 0.499728
vt 0.459817 0.459817
vt 1.000000 0.519508
vt 1.000000 0.553119
vt 0.499728 0.499728
vt 0.611128 0.611128
vt 0.574713 0.574713
vt 0.491152 0.000000
vt 0.522666 0.000000
vt 0.385203 0.000000
vt 0.410868 0.000000
vt 0.522666 0.522666
vt 0.491153 0.491153
vt 0.633966 0.106588
vt 0.508941 0.298700
vt 0.452663 0.374058
vt 0.410868 0.410868
vt 0.385203 0.385203
vt 0.423550 0.350106
vt 0.598311 0.098724
vt 0.633536 0.015923
vt 0.637366 0.000000
vt 0.672276 0.000000
vt 0.667163 0.017970
vt 1.000000 0.643105
vt 1.000000 0.678440
vt 0.522317 0.522317
vt 0.470532 0.470532
vt 0.669930 0.669930
vt 0.633413 0.633413
vt 0.648577 0.230675
vt 0.641756 0.000000
vt 0.684322 0.000000
vt 0.689303 0.231248
vt 0.531250 0.778329
vt 0.531250 0.792643
vt 0.517292 0.818357
vt 0.531250 0.750548
vt 0.515068 0.778329
vt 0.510009 0.778329
vt 0.513668 0.778329
vt 0.593750 0.818357
vt 0.593750 0.828942
vt 0.573770 0.818357
vt 0.593750 0.778329
vt 0.531250 0.792643
vt 0.593750 0.745990
vt 0.531250 0.750548
vt 0.540700 0.740134
vt 0.643606 0.818357
vt 0.637557 0.831372
vt 0.629525 0.838421
vt 0.623989 0.836967
vt 0.607092 0.832492
vt 0.656250 0.778329
vt 0.656250 0.790682
vt 0.656250 0.750607
vt 0.623581 0.742377
vt 0.647450 0.739921
vt 0.660865 0.778329
vt 0.662470 0.770814
vt 0.661181 0.755389
vt 0.664797 0.759121
vt 0.521042 0.854378
vt 0.531250 0.792410
vt 0.512440 0.778329
vt 0.515231 0.778329
vt 0.531250 0.752862
vt 0.512671 0.778329
vt 0.531250 0.792410
vt 0.593750 0.827773
vt 0.593750 0.748209
vt 0.541207 0.742976
vt 0.638269 0.830322
vt 0.656250 0.791069
vt 0.606911 0.831192
vt 0.623828 0.835525
vt 0.633584 0.837798
vt 0.623447 0.744977
vt 0.593750 0.748209
vt 0.656250 0.752916
vt 0.647210 0.742785
vt 0.661013 0.778329
vt 0.656250 0.791069
vt 0.662302 0.772775
vt 0.664908 0.760795
vt 0.660797 0.756950
s 0
usemtl Material.015
f 2492/3203/1521 2494/3204/1521 2512/3205/1521 2495/3206/1521 2496/3207/1521 2498/3208/1521 2497/3209/1521 2493/3210/1521
f 2514/3211/1522 2498/3212/1522 2496/3213/1522 2516/3214/1522
f 2500/3215/1523 2501/3216/1523 2502/3217/1523 2503/3218/1523 2504/3219/1523 2499/3220/1523
f 2505/3221/1524 2506/3222/1524 2499/3223/1524 2504/3224/1524
f 2506/3225/1525 2505/3226/1525 2508/3227/1525 2509/3228/1525 2507/3229/1525
f 2509/3230/1526 2508/3231/1526 2510/3232/1526
f 2509/3233/1527 2510/3234/1527 2511/3235/1527 2513/3236/1527
f 2511/3237/1528 2512/3238/1528 2494/3239/1528 2513/3240/1528
f 2514/3241/1529 2516/3242/1529 2517/3243/1529 2515/3244/1529
f 2518/3245/1530 2519/3246/1530 2515/3247/1530 2517/3248/1530
f 2520/3249/1531 2522/3250/1531 2523/3251/1531 2519/3252/1531 2518/3253/1531 2524/3254/1531 2525/3255/1531 2526/3256/1531 2531/3257/1531 2532/3258/1531 2521/3259/1531
f 2529/3260/1532 2527/3261/1532 2532/3262/1532 2531/3263/1532
f 2527/3264/1533 2529/3265/1533 2530/3266/1533 2502/3267/1533 2501/3268/1533 2528/3269/1533
s 1
f 2447/3270/1534 2480/3271/1535 2481/3272/1536
f 2490/3273/1537 2447/3270/1534 2481/3274/1536 2486/3275/1538 2488/3276/1538
f 2446/3277/1539 2484/3278/1540 2483/3279/1541
f 2447/3270/1534 2445/3280/1542 2446/3277/1539 2483/3279/1541 2480/3281/1535
f 2462/3282/1543 2445/3280/1542 2447/3270/1534 2490/3283/1537 2459/3284/1544
f 2484/3278/1540 2446/3277/1539 2453/3285/1545 2454/3286/1546 2473/3287/1546 2475/3288/1546 2477/3289/1546
f 2446/3277/1539 2445/3280/1542 2444/3290/1547 2458/3291/1548 2453/3285/1545
f 2468/3292/1549 2444/3290/1547 2445/3280/1542 2462/3282/1543 2461/3293/1550 2465/3294/1550
f 2458/3291/1548 2444/3290/1547 2455/3295/1551
f 2456/3296/1552 2455/3295/1551 2444/3290/1547 2468/3292/1549 2469/3297/1552 2471/3298/1552
f 2450/3270/1553 2479/3299/1554 2485/3300/1555
f 2487/3301/1556 2479/3302/1554 2450/3270/1553 2491/3303/1557 2489/3304/1556
f 2449/3280/1558 2450/3270/1553 2485/3305/1555 2482/3306/1559
f 2450/3270/1553 2449/3280/1558 2463/3307/1560 2460/3308/1561 2491/3303/1557
f 2452/3309/1562 2451/3310/1563 2448/3290/1564 2449/3280/1558 2482/3306/1559 2478/3311/1562 2476/3312/1562 2474/3313/1562
f 2464/3314/1565 2463/3315/1560 2449/3280/1558 2448/3290/1564 2467/3316/1566 2466/3317/1565
f 2457/3318/1567 2448/3290/1564 2451/3319/1563
f 2467/3316/1566 2448/3290/1564 2457/3320/1567 2472/3321/1568 2470/3322/1568
g Lamparas_cell.048_Lamparas_cell.047
v -0.157136 2.991161 -0.031879
v -0.118260 3.015806 -0.079019
v -0.111910 3.009351 -0.074776
v -0.109703 2.995751 -0.108956
v -0.103216 2.988277 -0.102447
v -0.089992 3.029976 -0.088993
v -0.077331 3.035053 -0.076224
v -0.093795 3.009351 -0.092890
v -0.105211 3.004233 -0.104406
v -0.107686 3.036033 -0.020920
v -0.115593 3.041817 -0.023408
v -0.136071 3.019458 -0.027306
v -0.132006 3.009351 -0.025655
v -0.148421 2.983554 -0.029554
v -0.145759 2.983072 -0.036785
v -0.128987 2.999020 -0.086187
v -0.117011 2.988558 -0.088399
v -0.122513 2.989710 -0.081860
v -0.124581 2.998157 -0.091513
v -0.110982 2.987392 -0.095478
v -0.117642 2.996902 -0.099789
v -0.099185 3.015806 -0.098094
v -0.081163 3.043832 -0.079935
v -0.090756 3.039444 -0.054169
v -0.088318 3.039881 -0.059013
v -0.097130 3.045422 -0.059384
v -0.077331 3.035053 -0.076224
v -0.093795 3.009351 -0.092890
v -0.103216 2.988277 -0.102447
v -0.115593 3.041817 -0.023408
v -0.136071 3.019458 -0.027306
v -0.145759 2.983072 -0.036785
v -0.122513 2.989710 -0.081860
v -0.128987 2.999020 -0.086187
v -0.124581 2.998157 -0.091513
v -0.117011 2.988558 -0.088399
v -0.117642 2.996902 -0.099789
v -0.110982 2.987392 -0.095478
v -0.109703 2.995751 -0.108956
v -0.089992 3.029976 -0.088993
v -0.099185 3.015806 -0.098094
v -0.105211 3.004233 -0.104406
v -0.090756 3.039444 -0.054169
v -0.088318 3.039881 -0.059013
v -0.097130 3.045422 -0.059384
v -0.081163 3.043832 -0.079935
v -0.132006 3.009351 -0.025655
v -0.107686 3.036033 -0.020920
v -0.148421 2.983554 -0.029554
v -0.157136 2.991161 -0.031879
vn 0.7094 0.0035 -0.7048
vn -0.2529 0.0610 0.9656
vn -0.2600 0.0290 0.9652
vn -0.6199 -0.7644 -0.1773
vn -0.6335 -0.6405 -0.4341
vn -0.5125 -0.7071 -0.4872
vn 0.5983 0.1206 -0.7922
vn 0.6347 0.6903 0.3474
vn 0.4871 0.8082 0.3310
vn -0.6378 0.6447 -0.4214
vn -0.5487 0.6451 -0.5318
vn -0.5646 0.6020 -0.5646
vn -0.6618 0.6092 -0.4370
vn -0.7419 0.6007 -0.2978
vn -0.7136 0.6374 -0.2907
vn -0.6174 0.6858 -0.3854
vn -0.6823 0.6742 -0.2826
vn -0.5308 0.6864 -0.4970
vn 0.5965 -0.5371 0.5965
vn 0.5617 -0.6075 0.5617
vn 0.6592 -0.6105 0.4391
vn 0.6968 -0.5461 0.4650
vn 0.7372 -0.6041 0.3026
vn 0.7783 -0.5401 0.3203
vn 0.6844 -0.6732 0.2800
vn 0.6157 -0.6806 0.3971
vn 0.5226 -0.6736 0.5226
vn -0.6391 -0.6416 -0.4242
vt 0.440184 0.045576
vt 0.062079 0.062079
vt 0.002814 0.002814
vt 0.167257 0.000000
vt 0.702757 0.000000
vt 1.000000 0.003731
vt 1.000000 0.052472
vt 1.000000 0.549639
vt 1.000000 0.576427
vt 0.353037 0.000000
vt 0.382881 0.000000
vt 0.576427 0.576427
vt 0.611744 0.471010
vt 1.000000 0.000000
vt 1.000000 0.069717
vt 1.000000 0.131266
vt 0.855343 0.000000
vt 1.000000 0.745530
vt 1.000000 0.781453
vt 0.776836 0.776836
vt 0.740544 0.740544
vt 0.745530 0.745530
vt 1.000000 0.006613
vt 1.000000 0.148021
vt 0.781453 0.781453
vt 1.000000 0.297243
vt 1.000000 0.832743
vt 0.996896 0.601693
vt 0.683074 0.000000
vt 0.749557 0.202278
vt 1.000000 0.920430
vt 1.000000 0.994341
vt 0.656704 0.000000
vt 0.683074 0.683074
vt 0.656704 0.656704
vt 1.000000 0.617119
vt 0.995781 0.647027
vt 0.156250 0.854378
vt 0.125869 0.854378
vt 0.125650 0.842805
vt 0.125589 0.834323
vt 0.138031 0.835475
vt 0.149193 0.836729
vt 0.156250 0.837592
vt 0.218089 0.830197
vt 0.218369 0.854377
vt 0.156250 0.888140
vt 0.218467 0.858490
vt 0.218239 0.883663
vt 0.127311 0.885682
vt 0.126647 0.870332
vt 0.156250 0.888140
vt 0.125416 0.834114
vt 0.125762 0.854378
vt 0.156250 0.835492
vt 0.147136 0.834384
vt 0.136885 0.833264
vt 0.156250 0.835492
vt 0.218750 0.854378
vt 0.216884 0.828357
vt 0.210992 0.829109
vt 0.218750 0.884327
vt 0.156250 0.888485
vt 0.166159 0.887997
vt 0.125762 0.854378
vt 0.129830 0.886569
vt 0.002902 0.000000
vt 0.912149 0.719508
vt 1.000000 0.740544
vt 1.000000 0.776836
vt 0.891686 0.750569
vt 0.131266 0.131266
s 0
usemtl Material.015
f 2560/3323/1569 2561/3324/1569 2571/3325/1569 2574/3326/1569 2572/3327/1569 2578/3328/1569 2559/3329/1569
f 2563/3330/1570 2579/3331/1570 2580/3332/1570 2562/3333/1570
f 2579/3334/1571 2563/3335/1571 2582/3336/1571 2581/3337/1571
f 2582/3336/1572 2564/3338/1572 2581/3339/1572
f 2569/3340/1573 2570/3341/1573 2568/3342/1573 2551/3343/1573
f 2569/3344/1574 2571/3345/1574 2561/3346/1574 2570/3347/1574
f 2572/3348/1575 2574/3349/1575 2573/3350/1575
f 2575/3351/1576 2576/3352/1576 2559/3353/1576 2578/3354/1576 2577/3355/1576
f 2575/3356/1577 2577/3357/1577 2562/3358/1577 2580/3359/1577
s 1
f 2534/3360/1578 2554/3361/1579 2541/3362/1580 2536/3363/1580 2553/3364/1580 2567/3365/1580 2566/3366/1581
f 2533/3367/1582 2544/3368/1583 2534/3360/1578 2566/3366/1581
f 2558/3369/1584 2534/3360/1578 2544/3370/1583 2543/3371/1585
f 2555/3372/1586 2538/3373/1586 2554/3361/1579 2534/3360/1578 2558/3374/1584
f 2537/3375/1587 2540/3376/1588 2535/3360/1589 2565/3377/1590 2549/3378/1587 2552/3379/1587
f 2565/3380/1590 2535/3360/1589 2545/3381/1591 2546/3382/1592 2547/3383/1592
f 2542/3384/1593 2545/3381/1591 2535/3360/1589 2557/3385/1594 2556/3386/1593
f 2535/3360/1589 2540/3387/1588 2539/3388/1595 2557/3385/1594
s 0
f 2582/3389/1596 2548/3390/1596 2551/3391/1596 2568/3392/1596 2550/3393/1596 2564/3394/1596
g Lamparas_cell.049_Lamparas_cell.048
v -0.001085 3.699433 -0.001930
v -0.004510 4.243753 -0.022678
v 0.003098 3.699589 -0.022672
v -0.004509 3.699471 -0.022672
v -0.000889 4.243753 -0.001638
v 0.003354 4.243753 -0.022678
v -0.015640 4.243753 -0.016431
v -0.015601 3.833304 -0.016464
v -0.015512 3.699300 -0.016550
v 0.003098 3.699589 -0.022672
v -0.004509 3.699471 -0.022672
v 0.003354 4.243753 -0.022678
v -0.000889 4.243753 -0.001638
v -0.015640 4.243753 -0.016431
v -0.015601 3.833304 -0.016464
v -0.015512 3.699300 -0.016550
vn 0.0142 -0.9999 -0.0041
vn 0.9803 -0.0005 0.1977
vn -0.7081 -0.0001 0.7061
vn -0.7118 -0.0009 0.7024
vn -0.3761 0.6371 -0.6728
vn -0.1906 0.6543 -0.7318
vn -0.2544 -0.0000 -0.9671
vn -0.4879 -0.0000 -0.8729
vn -0.0000 0.6579 -0.7531
vn -0.0000 -0.0000 -1.0000
vn -0.7071 -0.0000 -0.7071
vn -0.0000 1.0000 -0.0000
vt 0.075227 0.049783
vt 0.074839 0.074839
vt 0.000000 0.000000
vt 0.063162 0.012174
vt 1.000000 0.000000
vt 1.000000 0.074839
vt 0.084572 0.075915
vt 0.084306 0.000000
vt 1.000000 0.774594
vt 1.000000 1.000000
vt 0.084306 0.084306
vt 0.312403 0.084104
vt 1.000000 0.775367
vt 0.774594 0.774594
vt 0.093750 1.000000
vt 0.031250 1.000000
vt 0.848469 1.000000
vt 0.821973 1.000000
vt 0.120774 1.000000
vt 0.119914 1.000000
vt 0.337153 1.000000
vt 0.968750 1.000000
vt 0.121129 1.000000
s 0
usemtl Material.015
f 2593/3395/1597 2592/3396/1597 2583/3397/1597 2598/3398/1597
f 2583/3399/1598 2592/3400/1598 2594/3401/1598 2595/3402/1598
f 2597/3403/1599 2583/3404/1599 2595/3405/1599 2589/3406/1599
f 2598/3407/1600 2583/3404/1600 2597/3408/1600
s 1
f 2596/3409/1601 2584/3410/1602 2586/3410/1603 2591/3409/1604
f 2584/3410/1602 2588/3411/1605 2585/3412/1606 2586/3410/1603
f 2590/3413/1607 2596/3409/1601 2591/3414/1604
f 2587/3415/1608 2588/3416/1605 2584/3410/1602 2596/3417/1601
g Lamparas_cell.050_Lamparas_cell.049
v 0.049175 3.104578 0.032510
v 0.049466 3.099909 0.001084
v 0.050445 3.098834 -0.009797
v 0.057811 3.105289 -0.011238
v 0.045842 3.099457 0.019665
v 0.048797 3.100642 0.009706
v 0.055856 3.107431 0.011110
v 0.039866 3.093696 0.038097
v 0.045553 3.099405 0.043801
v 0.048814 3.094063 0.047436
v 0.043204 3.088221 0.041817
v 0.066859 3.051541 0.065444
v 0.071924 3.058283 0.070518
v 0.076518 3.036694 0.074922
v 0.082348 3.042286 0.080746
v 0.079818 3.031751 0.077994
v 0.085910 3.036958 0.084062
v 0.098845 3.016501 0.078625
v 0.104108 3.019448 0.069563
v 0.122582 3.029487 0.035950
v 0.110587 3.025721 0.073892
v 0.114292 3.022648 0.037356
v 0.104310 3.022207 0.084706
v 0.112497 3.030756 0.022377
v 0.121156 3.035899 0.024099
v 0.058068 3.103033 -0.016261
v 0.058717 3.097010 -0.029062
v 0.051283 3.091233 -0.026115
v 0.043651 3.097688 0.029166
v 0.078787 3.052818 -0.051212
v 0.084780 3.059655 -0.055249
v 0.098004 3.046657 -0.019494
v 0.105540 3.053005 -0.020993
v 0.106476 3.037362 0.004951
v 0.112368 3.045525 -0.001310
v 0.084902 3.027551 0.078324
v 0.091395 3.032432 0.084421
v 0.079096 3.066939 -0.051596
v 0.067282 3.067584 -0.043818
v 0.051710 3.087584 -0.033776
v 0.059263 3.092373 -0.038805
v 0.049466 3.099909 0.001084
v 0.050445 3.098834 -0.009797
v 0.048797 3.100642 0.009706
v 0.045842 3.099457 0.019665
v 0.045553 3.099405 0.043801
v 0.048814 3.094063 0.047436
v 0.039866 3.093696 0.038097
v 0.043204 3.088221 0.041817
v 0.066859 3.051541 0.065444
v 0.071924 3.058283 0.070518
v 0.082348 3.042286 0.080746
v 0.076518 3.036694 0.074922
v 0.085910 3.036958 0.084062
v 0.079818 3.031751 0.077994
v 0.098845 3.016501 0.078625
v 0.104108 3.019448 0.069563
v 0.114292 3.022648 0.037356
v 0.122582 3.029487 0.035950
v 0.110587 3.025721 0.073892
v 0.104310 3.022207 0.084706
v 0.121156 3.035899 0.024099
v 0.112497 3.030756 0.022377
v 0.051283 3.091233 -0.026115
v 0.058068 3.103033 -0.016261
v 0.058717 3.097010 -0.029062
v 0.055856 3.107431 0.011110
v 0.057811 3.105289 -0.011238
v 0.098004 3.046657 -0.019494
v 0.106476 3.037362 0.004951
v 0.078787 3.052818 -0.051212
v 0.084780 3.059655 -0.055249
v 0.105540 3.053005 -0.020993
v 0.112368 3.045525 -0.001310
v 0.084902 3.027551 0.078324
v 0.091395 3.032432 0.084421
v 0.079096 3.066939 -0.051596
v 0.067282 3.067584 -0.043818
v 0.051710 3.087584 -0.033776
v 0.059263 3.092373 -0.038805
v 0.049175 3.104578 0.032510
v 0.043651 3.097688 0.029166
vn -0.6656 0.7349 -0.1299
vn -0.6768 0.7272 -0.1143
vn -0.7223 0.0291 0.6910
vn -0.7072 -0.0007 0.7070
vn -0.7043 -0.0051 0.7099
vn -0.6970 -0.0199 0.7168
vn 0.6440 -0.7541 0.1287
vn -0.7403 0.6687 0.0689
vn -0.6589 0.6679 -0.3461
vn -0.7652 0.6413 -0.0571
vn -0.7696 0.6372 -0.0414
vn 0.6827 0.6744 -0.2813
vn 0.7247 0.6809 -0.1063
vn 0.7239 0.6810 -0.1106
vn -0.3898 -0.4703 0.7917
vn -0.4158 -0.4407 0.7956
vn -0.5503 -0.0107 -0.8349
vn -0.6570 0.6746 -0.3366
vn -0.6574 0.6654 -0.3536
vn -0.5502 -0.0092 -0.8350
vn 0.5200 -0.7235 -0.4540
vn 0.5190 -0.7236 -0.4550
vn 0.7166 0.6824 0.1444
vn 0.7038 0.6816 0.2002
vn 0.7385 0.6742 -0.0000
vn 0.6293 0.6818 0.3730
vn 0.5977 0.6823 0.4210
vn 0.6786 0.6757 0.2879
vn -0.6830 -0.6740 0.2816
vn -0.7244 -0.6805 0.1107
vn -0.7252 -0.6804 0.1057
vn -0.7066 -0.6797 -0.1966
vn -0.7188 -0.6808 -0.1411
vn -0.7391 -0.6736 -0.0000
vn -0.6828 -0.6736 -0.2828
vn -0.5959 -0.6806 -0.4264
vn -0.6291 -0.6803 -0.3761
vn -0.5226 -0.6736 -0.5226
vn 0.5305 0.6767 0.5106
vt 0.911655 0.000000
vt 1.000000 0.044401
vt 1.000000 0.072456
vt 0.855826 0.000000
vt 0.072456 0.072456
vt 0.044401 0.044401
vt 0.318471 0.029125
vt 0.679092 0.000000
vt 1.000000 0.001203
vt 0.027385 0.027385
vt 0.003633 0.003633
vt 1.000000 0.150767
vt 1.000000 0.171023
vt 0.150766 0.150766
vt 1.000000 0.234560
vt 1.000000 0.252886
vt 0.171023 0.171023
vt 0.252886 0.252886
vt 0.234560 0.234560
vt 0.268992 0.000000
vt 0.290043 0.000000
vt 0.437666 0.000000
vt 0.290043 0.290043
vt 0.268992 0.268992
vt 0.405884 0.000000
vt 0.709712 0.000000
vt 0.771075 0.055335
vt 1.000000 0.216828
vt 1.000000 0.256252
vt 0.730308 0.066016
vt 0.657082 0.000000
vt 0.000000 0.000000
vt 1.000000 0.003633
vt 1.000000 0.027385
vt 0.919541 0.919541
vt 0.863204 0.000000
vt 0.892411 0.000000
vt 0.950633 0.950633
vt 1.000000 0.000000
vt 1.000000 0.320908
vt 0.886009 0.000000
vt 1.000000 0.139101
vt 1.000000 1.000000
vt 0.891938 0.855977
vt 0.841934 0.911947
vt 0.841882 0.940582
vt 0.820394 0.945803
vt 0.792070 0.952584
vt 0.781250 0.955042
vt 0.781250 0.896258
vt 0.841777 0.903746
vt 0.290288 0.000000
vt 0.342918 0.000000
vt 1.000000 0.475902
vt 1.000000 0.513977
vt 0.475902 0.475902
vt 1.000000 0.562334
vt 1.000000 0.594116
vt 0.513977 0.513977
vt 0.827355 0.000000
vt 1.000000 0.065850
vt 1.000000 0.133496
vt 0.650273 0.000000
vt 0.995766 0.136987
vt 0.919541 0.000000
vt 1.000000 0.088345
vt 1.000000 0.107589
vt 1.000000 0.136796
vt 0.720611 0.000000
vt 0.780285 0.000000
vt 1.000000 0.172645
vt 1.000000 0.349728
vt 0.780285 0.780285
vt 0.720611 0.720611
vt 0.208488 0.107961
vt 0.774456 0.774456
vt 0.739275 0.739275
vt 0.249627 0.170085
vt 0.256252 0.256252
vt 0.216828 0.216828
vt 0.774456 0.000000
vt 0.709687 0.289764
vt 0.133496 0.133496
vt 0.065850 0.065850
vt 0.687137 0.233379
vt 0.739275 0.000000
vt 0.718750 0.957536
vt 0.718750 0.877000
vt 0.750232 0.887838
vt 0.780455 0.955124
vt 0.656250 0.954550
vt 0.656250 0.865541
vt 0.704237 0.869781
vt 0.841413 0.919433
vt 0.841214 0.902937
vt 0.781250 0.896054
vt 0.788236 0.952813
vt 0.822037 0.945853
vt 0.841708 0.941777
vt 0.718750 0.878291
vt 0.718750 0.956364
vt 0.744734 0.955545
vt 0.781250 0.954271
vt 0.781250 0.896054
vt 0.741254 0.885670
vt 0.699351 0.869232
vt 0.656250 0.865658
vt 0.657318 0.953140
vt 0.685372 0.955040
vt 0.634734 0.949456
vt 0.656250 0.953065
vt 0.656250 0.865658
vt 0.643391 0.862365
vt 0.633048 0.874709
vt 0.628740 0.879401
vt 0.628623 0.884924
vt 0.628691 0.901510
vt 0.629585 0.942488
vt 0.656250 0.865541
vt 0.630055 0.948499
vt 0.629204 0.942485
vt 0.628521 0.902201
vt 0.628488 0.884190
vt 0.628598 0.878193
vt 0.632876 0.873096
vt 0.641774 0.861584
s 0
usemtl Material.015
f 2641/3418/1609 2640/3419/1609 2665/3420/1609 2666/3421/1609
f 2665/3422/1610 2640/3423/1610 2642/3424/1610 2643/3425/1610 2679/3426/1610
f 2644/3427/1611 2646/3428/1611 2647/3429/1611 2645/3430/1611
f 2647/3431/1612 2648/3432/1612 2649/3433/1612 2645/3434/1612
f 2649/3435/1613 2648/3436/1613 2651/3437/1613 2650/3438/1613
f 2652/3439/1614 2650/3440/1614 2651/3441/1614 2653/3442/1614
f 2654/3443/1615 2655/3444/1615 2656/3445/1615 2657/3446/1615 2658/3447/1615 2659/3448/1615
f 2679/3449/1616 2646/3450/1616 2644/3451/1616
f 2663/3452/1617 2664/3453/1617 2662/3454/1617 2641/3455/1617
f 2679/3456/1618 2643/3457/1618 2680/3458/1618
f 2646/3459/1619 2679/3460/1619 2680/3461/1619
s 1
f 2636/3462/1620 2678/3463/1620 2625/3464/1620 2624/3465/1620 2602/3466/1621 2671/3467/1622 2629/3468/1620
s 0
f 2654/3469/1623 2659/3470/1623 2674/3471/1623 2673/3472/1623
f 2674/3473/1624 2652/3474/1624 2653/3475/1624 2673/3476/1624
f 2675/3477/1625 2670/3478/1625 2669/3479/1625 2676/3480/1625
f 2666/3481/1626 2663/3482/1626 2641/3483/1626
f 2662/3484/1627 2664/3485/1627 2639/3486/1627 2677/3487/1627
f 2675/3488/1628 2676/3489/1628 2677/3490/1628 2639/3491/1628
f 2661/3492/1629 2668/3493/1629 2672/3494/1629 2660/3495/1629 2657/3496/1629 2656/3497/1629
f 2668/3498/1630 2667/3499/1630 2669/3500/1630 2670/3501/1630 2631/3502/1630 2672/3503/1630
s 1
f 2605/3504/1631 2623/3505/1632 2633/3506/1633 2671/3467/1622 2602/3507/1621
f 2599/3508/1634 2619/3509/1635 2618/3510/1636 2623/3505/1632 2605/3504/1631
f 2637/3511/1637 2628/3512/1637 2630/3513/1638 2601/3514/1639 2626/3515/1637 2638/3516/1637
f 2622/3517/1640 2604/3518/1641 2600/3519/1642 2601/3520/1639 2630/3521/1638 2632/3522/1642
f 2620/3523/1643 2617/3524/1644 2627/3525/1645 2603/3526/1643 2604/3518/1641 2622/3517/1640
f 2606/3527/1646 2627/3528/1645 2617/3529/1644 2616/3530/1646 2634/3531/1646 2614/3532/1646 2612/3533/1646 2610/3534/1646 2609/3535/1646
f 2619/3536/1635 2599/3508/1634 2607/3537/1647 2608/3538/1647 2611/3539/1647 2613/3540/1647 2615/3541/1647 2635/3542/1647 2621/3543/1647
g Lamparas_cell.051_Lamparas_cell.050
v -0.129199 2.789430 0.193360
v -0.126597 2.834534 0.189466
v -0.123652 2.788881 0.185058
v -0.121128 2.832768 0.181282
v -0.159401 2.812327 0.159860
v -0.157720 2.834534 0.158342
v -0.144507 2.866147 0.142667
v -0.151670 2.832768 0.150740
v -0.153129 2.813446 0.152055
v -0.151686 2.869762 0.151728
v -0.150417 2.803972 0.156127
v -0.156859 2.803437 0.163683
v -0.141841 2.777141 0.166986
v -0.152773 2.789430 0.169786
v -0.148808 2.778265 0.173864
v -0.146012 2.788881 0.162699
v -0.143691 2.764162 0.179123
v -0.137001 2.763801 0.171958
v -0.129301 2.764212 0.193513
v -0.123751 2.763847 0.185207
v -0.126953 2.883799 0.171421
v -0.119442 2.884280 0.178759
v -0.109843 2.883868 0.182848
v -0.142061 2.876530 0.140374
v -0.149203 2.881920 0.149845
v -0.057017 2.766328 0.223437
v -0.054594 2.767306 0.213827
v -0.045212 2.822022 0.224556
v -0.045036 2.834534 0.223249
v -0.043262 2.821686 0.214753
v -0.040819 2.872248 0.200754
v -0.043107 2.832768 0.213599
v -0.043212 2.875718 0.212687
v -0.051148 2.789430 0.225690
v -0.045443 2.810169 0.225767
v -0.049114 2.788881 0.215933
v -0.043518 2.809231 0.216015
v -0.145210 2.882323 0.153693
v -0.097751 2.883187 0.188044
v -0.112421 2.880394 0.168250
v -0.159401 2.812327 0.159860
v -0.157720 2.834534 0.158342
v -0.151686 2.869762 0.151728
v -0.144507 2.866147 0.142667
v -0.151670 2.832768 0.150740
v -0.153129 2.813446 0.152055
v -0.150417 2.803972 0.156127
v -0.156859 2.803437 0.163683
v -0.152773 2.789430 0.169786
v -0.148808 2.778265 0.173864
v -0.146012 2.788881 0.162699
v -0.141841 2.777141 0.166986
v -0.137001 2.763801 0.171958
v -0.143691 2.764162 0.179123
v -0.129301 2.764212 0.193513
v -0.123751 2.763847 0.185207
v -0.126953 2.883799 0.171421
v -0.119442 2.884280 0.178759
v -0.109843 2.883868 0.182848
v -0.142061 2.876530 0.140374
v -0.043262 2.821686 0.214753
v -0.043107 2.832768 0.213599
v -0.040819 2.872248 0.200754
v -0.045036 2.834534 0.223249
v -0.043212 2.875718 0.212687
v -0.045212 2.822022 0.224556
v -0.051148 2.789430 0.225690
v -0.045443 2.810169 0.225767
v -0.057017 2.766328 0.223437
v -0.054594 2.767306 0.213827
v -0.049114 2.788881 0.215933
v -0.043518 2.809231 0.216015
v -0.145210 2.882323 0.153693
v -0.097751 2.883187 0.188044
v -0.149203 2.881920 0.149845
v -0.112421 2.880394 0.168250
vn -0.7805 0.0164 -0.6249
vn -0.6647 -0.4474 -0.5983
vn -0.6623 -0.4532 -0.5967
vn -0.6601 -0.4607 -0.5933
vn 0.0311 -0.9995 -0.0056
vn 0.1224 0.9743 -0.1892
vn -0.7773 0.0539 -0.6268
vn 0.9808 0.0065 0.1948
vn 0.9423 -0.2600 0.2111
vn 0.9809 0.0002 0.1944
vn 0.2235 0.9307 -0.2894
vn 0.1582 0.9571 -0.2426
vn -0.5547 0.0550 0.8302
vn -0.5571 0.0073 0.8304
vn -0.3827 0.0071 0.9239
vn -0.3819 0.0621 0.9221
vn -0.7054 0.0684 0.7054
vn -0.7071 0.0071 0.7071
vn -0.6854 0.2461 0.6854
vn -0.6963 0.1743 0.6963
vn -0.5469 0.1758 0.8185
vn -0.5375 0.2506 0.8052
vn -0.7035 0.1013 0.7035
vn -0.3770 0.1723 0.9101
vn -0.3709 0.2461 0.8955
vn -0.3807 0.1013 0.9191
vn 0.5581 -0.0071 -0.8297
vn 0.5547 -0.0548 -0.8302
vn 0.3820 -0.0618 -0.9221
vn 0.3827 -0.0070 -0.9239
vn 0.7055 -0.0682 -0.7055
vn 0.7071 -0.0070 -0.7071
vn 0.5282 -0.3126 -0.7895
vn 0.5436 -0.2063 -0.8136
vn 0.6920 -0.2056 -0.6920
vn 0.6729 -0.3072 -0.6729
vn 0.7035 -0.1010 -0.7035
vn 0.3642 -0.3072 -0.8792
vn 0.3748 -0.2021 -0.9048
vn 0.3807 -0.1010 -0.9192
vt 0.823953 0.303076
vt 0.549508 0.000000
vt 0.588852 0.000000
vt 0.846816 0.292932
vt 1.000000 0.451781
vt 1.000000 0.485661
vt 1.000000 0.539737
vt 1.000000 0.568191
vt 0.485661 0.485661
vt 0.451781 0.451781
vt 0.809623 0.559165
vt 0.568191 0.568191
vt 0.539737 0.539737
vt 0.799832 0.529998
vt 1.000000 0.519175
vt 1.000000 0.548876
vt 0.538534 0.000000
vt 0.569347 0.000000
vt 0.548876 0.548876
vt 0.519175 0.519175
vt 0.885925 0.000000
vt 0.659131 0.464983
vt 0.569347 0.569347
vt 0.538534 0.538534
vt 0.621199 0.442446
vt 0.837000 0.000000
vt 0.675233 0.012198
vt 0.596530 0.000000
vt 0.757014 0.000000
vt 1.000000 0.411148
vt 1.000000 0.450492
vt 0.040915 0.000000
vt 0.129508 0.000000
vt 0.391914 0.156495
vt 1.000000 0.718192
vt 1.000000 0.761237
vt 0.377274 0.176667
vt 0.195879 0.000000
vt 0.231244 0.000000
vt 0.939083 0.000000
vt 0.928501 0.431423
vt 0.907674 0.907674
vt 0.868080 0.868080
vt 0.887540 0.423319
vt 0.897952 0.000000
vt 1.000000 0.804121
vt 0.061180 0.000000
vt 0.102484 0.000000
vt 1.000000 0.768756
vt 0.938070 0.938070
vt 0.883949 0.883949
vt 0.964225 0.308769
vt 0.938185 0.000000
vt 0.996255 0.000000
vt 1.000000 0.043231
vt 1.000000 0.502059
vt 1.000000 0.242985
vt 1.000000 0.403470
vt 0.502059 0.502059
vt 0.043231 0.043231
vt 0.406250 0.607494
vt 0.406250 0.579395
vt 0.460091 0.581752
vt 0.464441 0.607494
vt 0.406250 0.579395
vt 0.383286 0.607494
vt 0.387197 0.595053
vt 0.392238 0.579339
vt 0.375113 0.707878
vt 0.374784 0.695137
vt 0.375309 0.656673
vt 0.406250 0.656673
vt 0.406250 0.710989
vt 0.398412 0.710463
vt 0.379420 0.708851
vt 0.378278 0.622767
vt 0.375149 0.632460
vt 0.406250 0.710989
vt 0.468308 0.656673
vt 0.467728 0.706102
vt 0.423817 0.709795
vt 0.414019 0.710539
vt 0.468308 0.656673
vt 0.464441 0.607494
vt 0.468387 0.631809
vt 0.468367 0.643031
vt 0.406250 0.579461
vt 0.464315 0.607494
vt 0.459196 0.578490
vt 0.383492 0.607494
vt 0.392770 0.579410
vt 0.387788 0.594348
vt 0.406250 0.716105
vt 0.374516 0.656673
vt 0.373259 0.698326
vt 0.374608 0.713173
vt 0.377855 0.624404
vt 0.374369 0.635021
vt 0.467991 0.705939
vt 0.468295 0.656673
vt 0.468349 0.644254
vt 0.468346 0.630298
vt 0.464315 0.607494
s 0
usemtl Material.015
f 2722/3544/1648 2723/3545/1648 2724/3546/1648 2725/3547/1648 2726/3548/1648 2721/3549/1648
f 2727/3550/1649 2728/3551/1649 2721/3552/1649 2726/3553/1649
f 2729/3554/1650 2728/3555/1650 2727/3556/1650 2731/3557/1650 2732/3558/1650 2730/3559/1650
f 2733/3560/1651 2734/3561/1651 2730/3562/1651 2732/3563/1651
f 2749/3564/1652 2735/3565/1652 2734/3566/1652 2733/3567/1652 2736/3568/1652 2750/3569/1652
f 2738/3570/1653 2739/3571/1653 2737/3572/1653
f 2724/3573/1654 2723/3574/1654 2755/3575/1654 2740/3576/1654
f 2742/3577/1655 2743/3578/1655 2745/3579/1655 2744/3580/1655 2746/3581/1655 2741/3582/1655
f 2748/3583/1656 2747/3584/1656 2749/3585/1656 2750/3586/1656 2751/3587/1656 2752/3588/1656
f 2746/3589/1657 2748/3590/1657 2752/3591/1657 2741/3592/1657
f 2745/3593/1658 2743/3594/1658 2720/3595/1658 2740/3596/1658 2755/3597/1658 2753/3598/1658 2754/3599/1658
f 2737/3600/1659 2739/3601/1659 2754/3602/1659 2753/3603/1659
s 1
f 2681/3604/1660 2699/3605/1661 2706/3606/1662 2714/3607/1663
f 2699/3608/1661 2681/3604/1660 2694/3609/1664 2695/3610/1665 2697/3611/1665
f 2705/3612/1666 2690/3613/1666 2686/3614/1667 2682/3615/1668 2702/3616/1669 2701/3617/1666 2718/3618/1666
f 2692/3619/1670 2694/3609/1664 2681/3604/1660 2682/3615/1668 2686/3614/1667 2685/3620/1670
f 2702/3621/1669 2682/3615/1668 2709/3622/1671 2713/3623/1672 2719/3624/1672 2703/3625/1672
f 2709/3626/1671 2682/3615/1668 2681/3604/1660 2714/3627/1663 2715/3628/1673 2708/3629/1673
f 2700/3630/1674 2683/3604/1675 2716/3631/1676 2707/3632/1677
f 2696/3633/1678 2683/3604/1675 2700/3630/1674 2698/3634/1679 2693/3635/1679
f 2756/3636/1680 2684/3615/1681 2688/3637/1682 2687/3638/1683 2704/3639/1683
f 2684/3615/1681 2683/3604/1675 2696/3633/1678 2691/3640/1684 2689/3641/1684 2688/3637/1682
f 2711/3642/1685 2712/3643/1686 2684/3615/1681 2756/3636/1680
f 2683/3604/1675 2684/3615/1681 2712/3643/1686 2710/3644/1687 2717/3645/1687 2716/3646/1676
g Lamparas_cell.052_Lamparas_cell.051
v 0.084090 3.057264 -0.055716
v 0.139498 3.015806 -0.027748
v 0.111910 3.009351 -0.074776
v 0.132007 3.009351 -0.026258
v 0.099184 3.045362 -0.019729
v 0.082654 3.050694 -0.046936
v 0.123766 3.029198 0.033782
v 0.122614 3.034301 0.024389
v 0.115471 3.022351 0.035215
v 0.113938 3.029175 0.022664
v 0.106723 3.051709 -0.021228
v 0.132007 3.009351 0.019547
v 0.126862 3.014996 0.025234
v 0.146862 2.986022 -0.000290
v 0.154864 2.995422 -0.000296
v 0.139498 3.015806 0.018402
v 0.132328 3.023660 0.026321
v 0.144635 2.989520 -0.027037
v 0.152564 2.998473 -0.025463
v 0.133119 2.984747 -0.064512
v 0.140133 2.994055 -0.069059
v 0.133822 2.992061 -0.088225
v 0.124787 2.985081 -0.083755
v 0.122022 2.990263 -0.081853
v 0.084037 3.045031 -0.056657
v 0.118582 3.015806 -0.078244
v 0.090384 3.052065 -0.059823
v 0.079292 3.051774 -0.052481
v 0.099184 3.045362 -0.019729
v 0.082654 3.050694 -0.046936
v 0.113938 3.029175 0.022664
v 0.115471 3.022351 0.035215
v 0.123766 3.029198 0.033782
v 0.122614 3.034301 0.024389
v 0.106723 3.051709 -0.021228
v 0.132007 3.009351 0.019547
v 0.126862 3.014996 0.025234
v 0.146862 2.986022 -0.000290
v 0.154864 2.995422 -0.000296
v 0.139498 3.015806 0.018402
v 0.132328 3.023660 0.026321
v 0.144635 2.989520 -0.027037
v 0.152564 2.998473 -0.025463
v 0.140133 2.994055 -0.069059
v 0.133822 2.992061 -0.088225
v 0.124787 2.985081 -0.083755
v 0.122022 2.990263 -0.081853
v 0.118582 3.015806 -0.078244
v 0.090384 3.052065 -0.059823
v 0.079292 3.051774 -0.052481
v 0.084090 3.057264 -0.055716
v 0.133119 2.984747 -0.064512
v 0.111910 3.009351 -0.074776
v 0.084037 3.045031 -0.056657
vn -0.5181 0.7233 0.4565
vn 0.4565 -0.3879 0.8007
vn 0.7532 -0.6413 -0.1466
vn 0.7531 -0.6406 -0.1498
vn 0.6357 -0.7428 -0.2103
vn -0.4817 0.0639 -0.8740
vn -0.4938 0.0546 -0.8679
vn -0.5519 0.0663 -0.8313
vn -0.5195 0.7227 0.4558
vn 0.7511 0.6413 -0.1567
vn 0.7571 0.6533 -0.0000
vn 0.7985 0.6020 -0.0000
vn 0.7877 0.6022 -0.1296
vn 0.7530 0.5870 -0.2975
vn 0.7172 0.6340 -0.2892
vn 0.6723 0.6860 -0.2783
vn 0.7050 0.6881 -0.1718
vn 0.7274 0.6803 0.0900
vn 0.7301 0.6796 0.0721
vn 0.6823 0.6742 0.2826
vn -0.8435 -0.5371 -0.0000
vn -0.7728 -0.6346 -0.0000
vn -0.7780 -0.6081 0.1576
vn -0.8263 -0.5415 0.1551
vn -0.7841 -0.5313 0.3209
vn -0.7844 -0.5312 0.3202
vn -0.7401 -0.5994 0.3050
vn -0.5965 -0.5370 0.5965
vn -0.6789 -0.6745 0.2902
vn -0.6009 -0.6815 0.4176
vn -0.7117 -0.6804 0.1746
vn -0.6828 -0.6736 0.2828
vn -0.7279 -0.6798 -0.0901
vn -0.7306 -0.6790 -0.0723
vn -0.6828 -0.6736 -0.2828
vt 0.000000 0.000000
vt 0.088550 0.000000
vt 0.400558 0.102390
vt 0.866985 0.208237
vt 1.000000 0.225738
vt 1.000000 0.265079
vt 0.900451 0.251960
vt 0.398512 0.137989
vt 0.279194 0.279194
vt 0.237751 0.237751
vt 0.415893 0.256114
vt 0.546020 0.262381
vt 1.000000 0.267072
vt 1.000000 0.311478
vt 0.572125 0.299482
vt 0.390921 0.290724
vt 1.000000 0.283256
vt 1.000000 0.325572
vt 0.311478 0.311478
vt 0.267072 0.267072
vt 0.282497 0.271922
vt 0.222144 0.000000
vt 0.259635 0.000000
vt 0.325572 0.325572
vt 0.846859 0.000000
vt 0.992139 0.000000
vt 0.259635 0.259635
vt 0.222144 0.222144
vt 0.995705 0.995705
vt 0.917002 0.917002
vt 1.000000 0.896722
vt 0.994441 0.994441
vt 0.896722 0.896722
vt 0.714970 0.615752
vt 0.292552 0.000000
vt 0.320112 0.000000
vt 0.748675 0.624972
vt 0.320112 0.320112
vt 0.292552 0.292552
vt 0.929848 0.000000
vt 1.000000 0.007870
vt 1.000000 0.911450
vt 1.000000 1.000000
vt 0.941771 0.941771
vt 0.781250 0.854377
vt 0.729275 0.854378
vt 0.749732 0.833994
vt 0.781250 0.837640
vt 0.822413 0.832628
vt 0.842917 0.831005
vt 0.842805 0.854378
vt 0.781250 0.854378
vt 0.842972 0.895201
vt 0.840189 0.902256
vt 0.781250 0.894800
vt 0.842805 0.854378
vt 0.718750 0.875201
vt 0.718750 0.863220
vt 0.718750 0.875201
vt 0.711307 0.867212
vt 0.749625 0.831946
vt 0.726736 0.854378
vt 0.779358 0.835310
vt 0.839743 0.828957
vt 0.821375 0.830720
vt 0.781250 0.835529
vt 0.843750 0.854378
vt 0.844025 0.836024
vt 0.843750 0.830938
vt 0.843834 0.854378
vt 0.844254 0.901093
vt 0.844373 0.894237
vt 0.843750 0.901435
vt 0.781250 0.894608
vt 0.829916 0.900564
vt 0.718750 0.876524
vt 0.781250 0.894608
vt 0.718750 0.860684
vt 0.702492 0.868901
s 0
usemtl Material.015
f 2807/3647/1688 2786/3648/1688 2785/3649/1688 2787/3650/1688 2788/3651/1688 2789/3652/1688 2790/3653/1688 2791/3654/1688
f 2789/3655/1689 2788/3656/1689 2793/3657/1689 2792/3658/1689 2794/3659/1689 2795/3660/1689 2796/3661/1689 2797/3662/1689
f 2798/3663/1690 2799/3664/1690 2795/3665/1690 2794/3666/1690
f 2798/3667/1691 2808/3668/1691 2800/3669/1691 2799/3670/1691
f 2802/3671/1692 2801/3672/1692 2800/3673/1692 2808/3674/1692
f 2801/3675/1693 2802/3676/1693 2803/3677/1693
f 2801/3678/1694 2803/3679/1694 2759/3680/1694 2810/3681/1694 2805/3682/1694 2804/3683/1694
f 2805/3684/1695 2810/3685/1695 2806/3686/1695 2807/3687/1695
f 2786/3688/1696 2807/3689/1696 2806/3690/1696
s 1
f 2758/3691/1697 2772/3692/1698 2771/3693/1699 2775/3694/1700
f 2777/3695/1701 2778/3696/1701 2782/3697/1702 2758/3698/1697 2775/3694/1700
f 2783/3699/1703 2757/3700/1703 2767/3701/1704 2758/3698/1697 2782/3702/1702
f 2758/3691/1697 2767/3701/1704 2764/3703/1705 2773/3704/1706 2772/3692/1698
f 2773/3704/1706 2764/3705/1705 2763/3706/1707
f 2770/3707/1708 2768/3708/1709 2760/3691/1710 2774/3709/1711
f 2779/3710/1712 2776/3711/1713 2774/3712/1711 2760/3698/1710 2809/3713/1714
f 2780/3714/1715 2779/3715/1712 2809/3716/1714
f 2784/3717/1716 2781/3718/1717 2809/3713/1714
f 2784/3719/1716 2809/3713/1714 2760/3698/1710 2761/3720/1718 2762/3721/1719
f 2766/3722/1720 2761/3723/1718 2760/3691/1710 2768/3708/1709 2769/3724/1721
f 2765/3725/1722 2766/3722/1720 2769/3724/1721
g Lamparas_cell.053_Lamparas_cell.052
v -0.223490 2.834534 -0.044455
v -0.213836 2.832768 -0.042535
v -0.204963 2.842430 -0.083945
v -0.190530 2.857477 -0.077961
v -0.194691 2.843461 -0.079737
v -0.201293 2.858173 -0.082360
v -0.207311 2.829787 -0.084776
v -0.198279 2.829121 -0.081060
v -0.207961 2.823341 -0.084924
v -0.199009 2.821858 -0.081225
v -0.200172 2.810815 -0.081346
v -0.201414 2.879098 -0.068185
v -0.189494 2.875655 -0.065129
v -0.201476 2.883271 -0.065268
v -0.189267 2.880398 -0.061678
v -0.210064 2.811835 -0.082908
v -0.202086 2.810902 -0.076701
v -0.225760 2.812247 0.000039
v -0.225692 2.812912 -0.044893
v -0.215959 2.811858 -0.042957
v -0.216025 2.811206 0.001109
v -0.211190 2.882981 -0.000483
v -0.210786 2.884573 -0.041928
v -0.198532 2.880184 -0.000463
v -0.192367 2.880981 -0.053703
v -0.198056 2.881658 -0.039396
v -0.204185 2.883782 -0.058389
v -0.223490 2.834534 0.011553
v -0.218723 2.853311 0.021719
v -0.208568 2.849089 0.021266
v -0.213836 2.832768 0.012246
v -0.214553 2.869734 0.017256
v -0.202421 2.868134 0.015904
v -0.216397 2.862472 0.026454
v -0.205165 2.859633 0.026828
v -0.204963 2.842430 -0.083945
v -0.201293 2.858173 -0.082360
v -0.190530 2.857477 -0.077961
v -0.194691 2.843461 -0.079737
v -0.207311 2.829787 -0.084776
v -0.207961 2.823341 -0.084924
v -0.198279 2.829121 -0.081060
v -0.199009 2.821858 -0.081225
v -0.200172 2.810815 -0.081346
v -0.189494 2.875655 -0.065129
v -0.201414 2.879098 -0.068185
v -0.189267 2.880398 -0.061678
v -0.201476 2.883271 -0.065268
v -0.202086 2.810902 -0.076701
v -0.225760 2.812247 0.000039
v -0.225692 2.812912 -0.044893
v -0.210064 2.811835 -0.082908
v -0.215959 2.811858 -0.042957
v -0.216025 2.811206 0.001109
v -0.198532 2.880184 -0.000463
v -0.198056 2.881658 -0.039396
v -0.192367 2.880981 -0.053703
v -0.210786 2.884573 -0.041928
v -0.204185 2.883782 -0.058389
v -0.211190 2.882981 -0.000483
v -0.223490 2.834534 0.011553
v -0.218723 2.853311 0.021719
v -0.213836 2.832768 0.012246
v -0.208568 2.849089 0.021266
v -0.214553 2.869734 0.017256
v -0.202421 2.868134 0.015904
v -0.216397 2.862472 0.026454
v -0.205165 2.859633 0.026828
vn 0.3787 0.0049 -0.9255
vn 0.3799 -0.0097 -0.9250
vn 0.3794 -0.0170 -0.9251
vn 0.2526 -0.1173 -0.9604
vn 0.3506 0.5267 -0.7744
vn 0.3519 0.5397 -0.7648
vn -0.0990 -0.9948 -0.0222
vn -0.1047 -0.9944 -0.0149
vn 0.2156 0.9757 0.0396
vn 0.2246 0.9743 0.0160
vn -0.1445 -0.4425 0.8851
vn 0.1701 0.7738 0.6101
vn 0.1702 0.7566 0.6314
vn -0.1377 -0.4270 0.8937
vn -0.8966 0.2388 -0.3729
vn -0.9108 0.1663 -0.3780
vn -0.9653 0.1765 -0.1924
vn -0.9503 0.2470 -0.1895
vn -0.9191 0.1013 -0.3807
vn -0.9754 0.1033 -0.1948
vn -0.9806 0.1962 -0.0000
vn -0.9693 0.2461 -0.0000
vn -0.9949 0.1013 -0.0000
vn 0.9594 -0.2072 0.1914
vn 0.9055 -0.1965 0.3762
vn 0.8807 -0.2992 0.3672
vn 0.9327 -0.3087 0.1865
vn 0.9192 -0.1010 0.3807
vn 0.9754 -0.1029 0.1948
vn 0.9517 -0.3072 -0.0000
vn 0.9716 -0.2366 -0.0000
vn 0.9949 -0.1010 -0.0000
vt 0.453921 0.000000
vt 0.516996 0.000000
vt 1.000000 0.507863
vt 1.000000 0.568116
vt 1.000000 0.709299
vt 0.838884 0.678617
vt 0.568116 0.568116
vt 0.507863 0.507863
vt 0.741994 0.741994
vt 0.709299 0.709299
vt 1.000000 0.711395
vt 1.000000 0.743861
vt 0.921841 0.000000
vt 0.963928 0.000000
vt 0.743861 0.743861
vt 0.711395 0.711395
vt 1.000000 0.483004
vt 1.000000 0.546079
vt 0.454469 0.000000
vt 0.524165 0.000000
vt 0.524165 0.524165
vt 0.454469 0.454469
vt 0.546582 0.000000
vt 0.632501 0.000000
vt 1.000000 0.036072
vt 1.000000 0.078159
vt 0.889072 0.000000
vt 0.730396 0.000000
vt 0.888692 0.503579
vt 0.948805 0.948805
vt 0.889072 0.889072
vt 0.835714 0.493867
vt 0.680471 0.000000
vt 0.810669 0.444857
vt 1.000000 0.608432
vt 1.000000 0.661760
vt 0.781920 0.473560
vt 0.306331 0.000000
vt 0.363473 0.000000
vt 0.608431 0.608431
vt 1.000000 0.367499
vt 1.000000 0.453418
vt 0.661760 0.661760
vt 0.693662 0.000000
vt 0.718407 0.344681
vt 0.730396 0.730396
vt 0.680471 0.680471
vt 0.668910 0.307350
vt 0.641635 0.000000
vt 1.000000 0.693669
vt 0.289431 0.000000
vt 0.344331 0.000000
vt 1.000000 0.636527
vt 0.434522 0.000000
vt 0.344331 0.344331
vt 0.289431 0.289431
vt 0.367678 0.000000
vt 0.595495 0.000000
vt 1.000000 0.306338
vt 1.000000 0.358365
vt 0.522351 0.000000
vt 0.200006 0.709887
vt 0.197934 0.705331
vt 0.188149 0.682484
vt 0.188109 0.665294
vt 0.188178 0.656673
vt 0.218750 0.656673
vt 0.218750 0.711308
vt 0.205520 0.710445
vt 0.188204 0.651497
vt 0.188274 0.644469
vt 0.190120 0.631923
vt 0.218750 0.633097
vt 0.258121 0.656673
vt 0.265605 0.677175
vt 0.268737 0.688059
vt 0.262682 0.695106
vt 0.249643 0.709570
vt 0.250029 0.632372
vt 0.188200 0.656673
vt 0.188103 0.670015
vt 0.188134 0.687507
vt 0.197142 0.710190
vt 0.199693 0.716109
vt 0.206498 0.716837
vt 0.218750 0.717681
vt 0.188303 0.644447
vt 0.218750 0.633241
vt 0.192189 0.632170
vt 0.188536 0.632073
vt 0.270515 0.690197
vt 0.265970 0.677039
vt 0.258997 0.656673
vt 0.218750 0.717681
vt 0.249751 0.715842
vt 0.262391 0.700804
vt 0.250808 0.632511
s 0
usemtl Material.015
f 2847/3726/1723 2848/3727/1723 2849/3728/1723 2846/3729/1723
f 2852/3730/1724 2850/3731/1724 2846/3732/1724 2849/3733/1724
f 2850/3734/1725 2852/3735/1725 2853/3736/1725 2851/3737/1725
f 2854/3738/1726 2862/3739/1726 2851/3740/1726 2853/3741/1726
f 2848/3742/1727 2847/3743/1727 2856/3744/1727 2855/3745/1727
f 2855/3746/1728 2856/3747/1728 2858/3748/1728 2857/3749/1728
f 2862/3750/1729 2854/3751/1729 2859/3752/1729
f 2860/3753/1730 2861/3754/1730 2862/3755/1730 2859/3756/1730 2863/3757/1730 2864/3758/1730
f 2866/3759/1731 2867/3760/1731 2869/3761/1731 2868/3762/1731 2870/3763/1731 2865/3764/1731
f 2867/3765/1732 2857/3766/1732 2858/3767/1732 2869/3768/1732
f 2872/3769/1733 2871/3770/1733 2860/3771/1733 2864/3772/1733 2873/3773/1733 2874/3774/1733
f 2870/3775/1734 2875/3776/1734 2876/3777/1734 2865/3778/1734
f 2878/3779/1735 2876/3780/1735 2875/3781/1735 2877/3782/1735
f 2877/3783/1736 2872/3784/1736 2874/3785/1736 2878/3786/1736
s 1
f 2824/3787/1737 2822/3788/1737 2816/3789/1737 2813/3790/1737 2817/3791/1738 2811/3792/1739 2833/3793/1740 2837/3794/1737
f 2811/3792/1739 2817/3795/1738 2819/3796/1741 2826/3797/1741 2829/3798/1742
f 2811/3792/1739 2838/3799/1743 2839/3800/1744 2844/3801/1744 2842/3802/1744 2832/3803/1744 2833/3793/1740
f 2838/3799/1743 2811/3792/1739 2829/3798/1742 2828/3804/1745
f 2812/3792/1746 2818/3805/1747 2815/3806/1748 2814/3807/1748 2823/3808/1748 2825/3809/1748 2835/3810/1748 2836/3811/1749
f 2820/3812/1750 2818/3805/1747 2812/3792/1746 2830/3813/1751 2827/3814/1750 2821/3815/1750
f 2845/3816/1752 2840/3817/1752 2841/3818/1753 2812/3792/1746 2836/3819/1749 2834/3820/1752 2843/3821/1752
f 2831/3822/1754 2830/3813/1751 2812/3792/1746 2841/3818/1753
g Lamparas_cell.054_Lamparas_cell.053
v 0.041927 2.884586 -0.210783
v 0.119399 2.884586 -0.178693
v 0.138683 2.885074 -0.139852
v 0.145120 2.855671 -0.146837
v 0.148409 2.884586 -0.149683
v 0.146781 2.890679 -0.147939
v 0.149926 2.858562 -0.157509
v 0.031650 2.852796 -0.207372
v 0.041169 2.854043 -0.206970
v 0.032819 2.855309 -0.218215
v 0.043335 2.856706 -0.217861
v 0.122865 2.860485 -0.183880
v 0.116594 2.857573 -0.174495
v 0.005655 2.892761 -0.194473
v 0.006173 2.896699 -0.206042
v 0.038261 2.899331 -0.192352
v 0.107975 2.904713 -0.161596
v 0.040457 2.903469 -0.203393
v 0.130549 2.907518 -0.154851
v 0.113982 2.909023 -0.170586
v 0.122283 2.903377 -0.147897
v 0.142423 2.906251 -0.143679
v 0.133675 2.902106 -0.137086
v 0.010255 2.885612 -0.196780
v 0.014218 2.884586 -0.210783
v 0.010135 2.890693 -0.208392
v 0.148409 2.884586 -0.149683
v 0.146781 2.890679 -0.147939
v 0.138683 2.885074 -0.139852
v 0.145120 2.855671 -0.146837
v 0.043335 2.856706 -0.217861
v 0.122865 2.860485 -0.183880
v 0.149926 2.858562 -0.157509
v 0.041169 2.854043 -0.206970
v 0.116594 2.857573 -0.174495
v 0.031650 2.852796 -0.207372
v 0.032819 2.855309 -0.218215
v 0.005655 2.892761 -0.194473
v 0.038261 2.899331 -0.192352
v 0.107975 2.904713 -0.161596
v 0.122283 2.903377 -0.147897
v 0.130549 2.907518 -0.154851
v 0.113982 2.909023 -0.170586
v 0.040457 2.903469 -0.203393
v 0.006173 2.896699 -0.206042
v 0.142423 2.906251 -0.143679
v 0.014218 2.884586 -0.210783
v 0.010255 2.885612 -0.196780
v 0.010135 2.890693 -0.208392
v 0.133675 2.902106 -0.137086
vn 0.8073 -0.0338 0.5891
vn 0.1352 -0.9686 -0.2088
vn -0.2071 0.9289 0.3070
vn -0.1988 0.9272 0.3175
vn 0.6493 0.0227 0.7602
vn -0.8489 -0.4874 -0.2045
vn -0.8520 -0.4828 -0.2025
vn -0.0000 -0.3072 0.9517
vn -0.1745 -0.3126 0.9337
vn -0.2020 -0.3126 0.9282
vn -0.0000 0.3644 -0.9312
vn 0.1974 0.3705 -0.9076
vn 0.1855 0.3089 -0.9328
vn -0.0000 0.3267 -0.9451
vn 0.1779 0.2506 -0.9516
vn -0.0000 0.2461 -0.9693
vn 0.6585 0.3644 -0.6585
vn 0.6724 0.3094 -0.6724
vn 0.5284 0.3089 -0.7908
vn 0.5162 0.3706 -0.7722
vn 0.6854 0.2461 -0.6854
vn 0.5382 0.2506 -0.8047
vn -0.6729 -0.3072 0.6729
vn -0.5279 -0.3126 0.7897
vn -0.5280 -0.3126 0.7896
vt 0.559927 0.000000
vt 0.594631 0.000000
vt 1.000000 0.433803
vt 1.000000 0.467064
vt 0.645271 0.092501
vt 0.624383 0.394601
vt 0.520476 0.520476
vt 0.490525 0.490525
vt 0.587411 0.372465
vt 0.715395 0.040250
vt 0.716985 0.000000
vt 0.759704 0.000000
vt 0.758301 0.044425
vt 0.358393 0.000000
vt 0.489432 0.122007
vt 0.885880 0.387243
vt 1.000000 0.442914
vt 1.000000 0.472594
vt 0.868423 0.408154
vt 0.448665 0.128358
vt 0.309021 0.000000
vt 0.472594 0.472594
vt 0.442914 0.442914
vt 0.934153 0.000000
vt 0.997201 0.000000
vt 1.000000 0.405369
vt 1.000000 0.440073
vt 0.003190 0.000000
vt 0.075963 0.000000
vt 1.000000 0.240296
vt 1.000000 0.283015
vt 0.322726 0.322726
vt 0.276842 0.276842
vt 0.404764 0.267806
vt 0.641607 0.000000
vt 0.690979 0.000000
vt 1.000000 0.276842
vt 1.000000 0.322726
vt 0.848793 0.656673
vt 0.953698 0.656673
vt 0.921655 0.656673
vt 0.562323 0.656673
vt 0.613012 0.656673
vt 0.624889 0.778329
vt 0.576065 0.778329
vt 0.968750 0.736658
vt 0.968750 0.711322
vt 0.675204 0.778329
vt 0.658958 0.711322
vt 0.968750 0.680882
vt 0.866920 0.711322
vt 0.875689 0.719497
vt 0.875672 0.711322
vt 0.906250 0.711322
vt 0.906250 0.744110
vt 0.888561 0.742091
vt 0.875797 0.740262
vt 0.879018 0.682909
vt 0.906250 0.685008
vt 0.968750 0.736658
vt 0.968750 0.680882
vt 0.877804 0.743267
vt 0.890392 0.744784
vt 0.906250 0.746451
vt 0.906250 0.687626
vt 0.876273 0.685252
vt 0.876197 0.721944
vt 0.968750 0.739735
vt 0.968750 0.683221
s 0
usemtl Material.015
f 2906/3823/1755 2907/3824/1755 2908/3825/1755 2911/3826/1755 2905/3827/1755
f 2910/3828/1756 2911/3829/1756 2908/3830/1756 2913/3831/1756 2912/3832/1756 2914/3833/1756 2915/3834/1756 2909/3835/1756
f 2916/3836/1757 2917/3837/1757 2918/3838/1757 2919/3839/1757 2920/3840/1757 2921/3841/1757 2922/3842/1757 2923/3843/1757
f 2920/3844/1758 2919/3845/1758 2928/3846/1758 2924/3847/1758
f 2907/3848/1759 2906/3849/1759 2924/3850/1759 2928/3851/1759
f 2915/3852/1760 2914/3853/1760 2926/3854/1760 2927/3855/1760 2925/3856/1760
f 2916/3857/1761 2923/3858/1761 2927/3859/1761 2926/3860/1761
s 1
f 2886/3861/1762 2887/3862/1763 2894/3863/1764 2892/3864/1762 2902/3865/1762
f 2904/3866/1765 2893/3867/1765 2896/3868/1766 2879/3869/1767 2903/3870/1768
f 2903/3871/1768 2879/3869/1767 2889/3872/1769 2888/3873/1770
f 2884/3874/1771 2883/3875/1772 2880/3876/1773 2898/3877/1774 2897/3878/1771 2900/3879/1771
f 2880/3876/1773 2883/3875/1772 2885/3880/1775 2890/3881/1776
f 2880/3876/1773 2879/3869/1767 2896/3882/1766 2898/3877/1774
f 2879/3869/1767 2880/3876/1773 2890/3881/1776 2889/3883/1769
f 2901/3884/1777 2899/3885/1777 2895/3886/1778 2891/3887/1779 2882/3888/1777 2881/3889/1777
f 2894/3890/1764 2887/3891/1763 2891/3887/1779 2895/3886/1778
g Lamparas_cell.055_Lamparas_cell.054
v -0.017922 3.138323 0.002411
v -0.012235 3.159853 0.000991
v -0.001956 3.162768 -0.000862
v -0.012870 3.182640 -0.008148
v -0.014521 3.142902 -0.002888
v -0.012310 3.142902 -0.008225
v -0.002441 3.142902 -0.000572
v -0.023220 3.145987 -0.006264
v -0.017504 3.184082 -0.014551
v -0.019215 3.174572 -0.012839
v -0.020330 3.151829 -0.010573
v -0.021405 3.130694 -0.003043
v -0.017715 3.133425 -0.006662
v -0.019215 3.156459 -0.012839
v -0.017504 3.184082 -0.014551
v -0.019215 3.174572 -0.012839
v -0.021405 3.130694 -0.003043
v -0.017922 3.138323 0.002411
v -0.014521 3.142902 -0.002888
v -0.002441 3.142902 -0.000572
v -0.020330 3.151829 -0.010573
v -0.017715 3.133425 -0.006662
v -0.012310 3.142902 -0.008225
v -0.019215 3.156459 -0.012839
vn 0.2556 -0.2567 0.9321
vn 0.1721 0.0195 0.9849
vn -0.9369 0.2627 0.2308
vn -0.8293 0.1880 0.5263
vn -0.7422 0.2024 0.6389
vn 0.6126 -0.0265 -0.7900
vn 0.0612 0.3730 0.9258
vn 0.5819 -0.0513 -0.8116
vn 0.8102 0.2507 -0.5299
vn -0.2172 -0.2665 -0.9391
vn -0.8972 -0.0000 -0.4415
vn -0.7155 -0.0000 -0.6987
vn -0.8926 -0.0000 -0.4508
vn -0.7071 -0.0000 -0.7071
vn -0.6340 -0.2307 -0.7381
vn 0.6205 -0.7466 0.2398
vn 0.4667 -0.8536 0.2314
vn -0.0000 -1.0000 -0.0000
vn 0.8392 -0.4601 0.2900
vn 0.8080 -0.4319 0.4007
vn 0.8627 -0.4882 0.1319
vt 0.367005 0.000000
vt 1.000000 0.000000
vt 0.929556 0.929556
vt 0.979198 0.785947
vt 1.000000 1.000000
vt 0.000000 0.000000
vt 1.000000 0.754659
vt 0.530344 0.000000
vt 0.676528 0.188521
vt 0.841003 0.612065
vt 1.000000 0.632995
vt 0.367537 0.000000
vt 1.000000 0.250539
vt 0.469656 0.000000
vt 0.367537 0.367537
vt 0.691022 0.000000
vt 1.000000 0.056759
vt 0.925546 0.402317
vt 0.199949 1.000000
vt 0.156250 1.000000
vt 0.156250 1.000000
vt 0.131438 1.000000
vt 0.745301 0.690797
vt 0.595551 0.000000
vt 0.218750 1.000000
vt 0.193666 1.000000
vt 0.452717 1.000000
vt 0.156250 1.000000
vt 0.218750 0.993078
vt 0.192182 0.993078
vt 0.268607 1.000000
vt 0.270796 0.996267
s 0
usemtl Material.015
f 2948/3892/1780 2931/3893/1780 2946/3894/1780 2933/3895/1780
f 2930/3893/1781 2946/3896/1781 2931/3897/1781
f 2930/3897/1782 2945/3893/1782 2946/3896/1782
f 2930/3897/1783 2932/3893/1783 2945/3896/1783
f 2936/3898/1784 2945/3896/1784 2932/3897/1784 2943/3899/1784 2944/3900/1784 2949/3901/1784
f 2934/3897/1785 2931/3893/1785 2948/3902/1785
f 2932/3897/1786 2930/3893/1786 2931/3896/1786
f 2942/3903/1787 2943/3904/1787 2931/3896/1787 2934/3897/1787
f 2943/3905/1788 2932/3893/1788 2931/3896/1788
f 2942/3906/1789 2934/3897/1789 2950/3907/1789 2945/3908/1789 2949/3909/1789
s 1
f 2939/3910/1790 2938/3911/1791 2952/3911/1792
f 2938/3912/1791 2937/3913/1793 2952/3911/1792
s 0
f 2945/3896/1794 2936/3914/1794 2949/3915/1794
s 1
f 2947/3916/1795 2951/3917/1796 2935/3918/1797
f 2951/3919/1796 2947/3916/1795 2940/3920/1798 2941/3921/1799
f 2940/3920/1798 2947/3922/1795 2929/3923/1800
g Lamparas_cell.056_Lamparas_cell.055
v -0.012779 3.148657 0.011489
v -0.003326 3.160188 0.001247
v -0.018675 3.140467 0.007587
v -0.013664 3.154528 0.005729
v -0.013431 3.142902 0.005519
v -0.002910 3.142902 0.001482
v -0.013723 3.139278 0.009170
vn -0.3309 -0.0854 -0.9398
vn 0.6415 -0.1915 0.7428
vn 0.9952 -0.0962 -0.0159
vn -0.3405 -0.1933 0.9202
vn -0.8042 0.3500 0.4803
vn -0.4092 0.0253 -0.9121
vn -0.0687 0.6934 0.7173
vt 0.000000 0.000000
vt 1.000000 0.000000
vt 1.000000 0.638311
vt 0.335110 0.154107
vt 0.220809 0.220809
vt 0.638311 0.638311
vt 1.000000 0.370093
vt 0.504671 0.231587
vt 0.370093 0.370093
vt 1.000000 1.000000
s 0
usemtl Material.015
f 2955/3924/1801 2954/3925/1801 2958/3926/1801 2957/3927/1801 2959/3928/1801
f 2958/3929/1802 2954/3924/1802 2953/3925/1802 2957/3930/1802
f 2959/3931/1803 2957/3932/1803 2953/3924/1803
f 2953/3925/1804 2955/3933/1804 2959/3924/1804
f 2953/3924/1805 2956/3925/1805 2955/3933/1805
f 2956/3924/1806 2954/3925/1806 2955/3933/1806
f 2956/3924/1807 2953/3925/1807 2954/3933/1807
g Lamparas_cell.057_Lamparas_cell.056
v -0.189465 2.834534 -0.126597
v -0.181282 2.832768 -0.121129
v -0.184396 2.858089 -0.123209
v -0.189466 2.857954 -0.111058
v -0.177198 2.857303 -0.110293
v -0.129274 2.856543 -0.162283
v -0.174549 2.857373 -0.116630
v -0.137631 2.857229 -0.170283
v -0.150151 2.834534 -0.165911
v -0.143607 2.832768 -0.158803
v -0.160809 2.811061 -0.158634
v -0.154826 2.807981 -0.151143
v -0.166522 2.811504 -0.152858
v -0.160152 2.808395 -0.145757
v -0.183207 2.810394 -0.122415
v -0.191269 2.813650 -0.127802
v -0.197145 2.808034 -0.089392
v -0.206207 2.811121 -0.092410
v -0.204237 2.842691 -0.085523
v -0.190035 2.856839 -0.079695
v -0.194007 2.843606 -0.081266
v -0.200723 2.857544 -0.084153
v -0.208391 2.810906 -0.087194
v -0.199291 2.810987 -0.083428
v -0.206154 2.834534 -0.086306
v -0.197243 2.832768 -0.082593
v -0.177198 2.857303 -0.110293
v -0.174549 2.857373 -0.116630
v -0.129274 2.856543 -0.162283
v -0.184396 2.858089 -0.123209
v -0.137631 2.857229 -0.170283
v -0.189466 2.857954 -0.111058
v -0.154826 2.807981 -0.151143
v -0.160152 2.808395 -0.145757
v -0.160809 2.811061 -0.158634
v -0.166522 2.811504 -0.152858
v -0.191269 2.813650 -0.127802
v -0.206207 2.811121 -0.092410
v -0.183207 2.810394 -0.122415
v -0.197145 2.808034 -0.089392
v -0.190035 2.856839 -0.079695
v -0.194007 2.843606 -0.081266
v -0.204237 2.842691 -0.085523
v -0.200723 2.857544 -0.084153
v -0.197243 2.832768 -0.082593
v -0.206154 2.834534 -0.086306
v -0.150151 2.834534 -0.165911
v -0.143607 2.832768 -0.158803
v -0.199291 2.810987 -0.083428
v -0.208391 2.810906 -0.087194
vn 0.0510 0.9982 0.0324
vn 0.5956 -0.4559 -0.6614
vn 0.5867 -0.4701 -0.6594
vn -0.2588 -0.9484 -0.1831
vn -0.2633 -0.9480 -0.1789
vn -0.3846 0.0058 0.9230
vn 0.0507 0.9980 0.0364
vn -0.2165 -0.9643 0.1523
vn -0.3837 0.0013 0.9235
vn -0.6933 0.1966 -0.6933
vn -0.8185 0.1758 -0.5469
vn -0.8050 0.2506 -0.5377
vn -0.6854 0.2461 -0.6854
vn -0.7035 0.1013 -0.7035
vn -0.8272 0.1033 -0.5523
vn -0.9098 0.1741 -0.3768
vn -0.8955 0.2461 -0.3709
vn 0.6729 -0.3072 0.6729
vn 0.7899 -0.3126 0.5276
vn 0.8136 -0.2063 0.5436
vn 0.6870 -0.2370 0.6870
vn 0.7035 -0.1010 0.7035
vn 0.8272 -0.1029 0.5524
vn 0.8792 -0.3072 0.3642
vn 0.9042 -0.2052 0.3745
vn 0.9192 -0.1010 0.3807
vn -0.9191 0.1013 -0.3807
vt 0.528022 0.039627
vt 1.000000 0.335073
vt 1.000000 0.380656
vt 0.512922 0.075987
vt 0.422735 0.000000
vt 0.480966 0.000000
vt 0.380656 0.380656
vt 0.335073 0.335073
vt 1.000000 0.567001
vt 1.000000 0.592954
vt 0.592954 0.592954
vt 0.587275 0.562317
vt 1.000000 0.452150
vt 1.000000 0.484929
vt 0.448328 0.448328
vt 0.424599 0.000000
vt 0.455384 0.000000
vt 0.480833 0.480833
vt 0.575002 0.249541
vt 0.455384 0.455384
vt 0.424599 0.424599
vt 0.536038 0.232838
vt 0.603413 0.000000
vt 0.647215 0.000000
vt 0.495347 0.000000
vt 1.000000 0.483448
vt 1.000000 0.545838
vt 0.435864 0.000000
vt 0.483448 0.483448
vt 1.000000 0.519034
vt 1.000000 0.577265
vt 0.545838 0.545838
vt 0.070889 0.070889
vt 0.003445 0.003445
vt 1.000000 0.352785
vt 1.000000 0.396587
vt 0.663803 0.324781
vt 1.000000 0.504653
vt 1.000000 0.564136
vt 0.745480 0.424864
vt 0.004745 0.000000
vt 0.097619 0.000000
vt 0.117166 0.656673
vt 0.156250 0.656673
vt 0.156250 0.682392
vt 0.108213 0.681453
vt 0.126012 0.631079
vt 0.131665 0.631563
vt 0.156250 0.633902
vt 0.186906 0.656673
vt 0.186879 0.665579
vt 0.186796 0.681797
vt 0.165744 0.682244
vt 0.107037 0.686341
vt 0.156250 0.687377
vt 0.116692 0.657904
vt 0.125373 0.632497
vt 0.117106 0.656673
vt 0.156250 0.631601
vt 0.132335 0.629361
vt 0.186859 0.670197
vt 0.186894 0.656673
vt 0.161552 0.687289
vt 0.186776 0.686710
vt 0.186088 0.628564
vt 0.182296 0.628956
vt 0.156250 0.631601
vt 0.186894 0.656673
vt 0.186921 0.631116
vt 0.156250 0.633903
vt 0.182987 0.631145
s 0
usemtl Material.015
f 2987/3934/1808 2988/3935/1808 2990/3936/1808 2989/3937/1808 2991/3938/1808 2986/3939/1808
f 2990/3940/1809 2988/3941/1809 2969/3942/1809 2968/3943/1809
f 2968/3944/1810 2969/3945/1810 2992/3946/1810 2994/3947/1810
f 2992/3948/1811 2993/3949/1811 2995/3950/1811 2994/3951/1811
f 2996/3952/1812 2995/3953/1812 2993/3954/1812 2998/3955/1812 2999/3956/1812 2997/3957/1812
f 3001/3958/1813 3000/3959/1813 3003/3960/1813 3002/3961/1813
f 3000/3962/1814 2986/3963/1814 2991/3964/1814 3003/3965/1814
f 3008/3966/1815 3009/3967/1815 2997/3968/1815 2999/3969/1815
f 3004/3970/1816 3001/3971/1816 3002/3972/1816 3005/3973/1816 3009/3974/1816 3008/3975/1816
s 1
f 3006/3976/1817 2960/3977/1818 2962/3978/1819 2967/3979/1820
f 2960/3977/1818 3006/3976/1817 2970/3980/1821 2972/3981/1821 2975/3982/1822
f 2960/3977/1818 2984/3983/1823 2978/3984/1824 2981/3985/1824 2963/3986/1824 2962/3978/1819
f 2965/3987/1825 2966/3988/1826 2961/3977/1827 3007/3989/1828
f 2971/3990/1829 3007/3991/1828 2961/3977/1827 2974/3992/1830 2973/3993/1829
f 2980/3994/1831 2985/3995/1832 2961/3977/1827 2966/3988/1826 2964/3996/1831 2979/3997/1831
f 2983/3998/1833 2976/3999/1833 2974/4000/1830 2961/3977/1827 2985/4001/1832
f 2982/4002/1834 2984/3983/1823 2960/3977/1818 2975/4003/1822 2977/4004/1834
g Lamparas_cell.058_Lamparas_cell.057
v 0.045505 2.692958 -0.228771
v 0.129588 2.692958 -0.193943
v 0.043555 2.692887 -0.218964
v 0.124033 2.692887 -0.185629
v 0.017166 2.692887 -0.218964
v 0.052889 2.756395 -0.214616
v 0.043491 2.738700 -0.218643
v 0.019142 2.692958 -0.228771
v 0.045441 2.738727 -0.228445
v 0.055242 2.757184 -0.224243
v 0.058552 2.763140 -0.222826
v 0.056785 2.763407 -0.212949
v 0.123757 2.762581 -0.185215
v 0.129309 2.762268 -0.193524
v 0.137681 2.762597 -0.171291
v 0.144148 2.762285 -0.178685
v 0.155310 2.692887 -0.154352
v 0.161488 2.696745 -0.162005
v 0.161296 2.740514 -0.161756
v 0.155111 2.740449 -0.154080
v 0.155852 2.747652 -0.167129
v 0.149309 2.748057 -0.159807
v 0.017166 2.692887 -0.218964
v 0.043491 2.738700 -0.218643
v 0.052889 2.756395 -0.214616
v 0.045441 2.738727 -0.228445
v 0.055242 2.757184 -0.224243
v 0.019142 2.692958 -0.228771
v 0.058552 2.763140 -0.222826
v 0.056785 2.763407 -0.212949
v 0.129309 2.762268 -0.193524
v 0.123757 2.762581 -0.185215
v 0.137681 2.762597 -0.171291
v 0.144148 2.762285 -0.178685
v 0.161488 2.696745 -0.162005
v 0.161296 2.740514 -0.161756
v 0.155310 2.692887 -0.154352
v 0.155111 2.740449 -0.154080
v 0.155852 2.747652 -0.167129
v 0.149309 2.748057 -0.159807
vn -0.8541 0.4920 -0.1685
vn -0.8450 0.5087 -0.1649
vn 0.0219 0.9995 -0.0230
vn 0.7784 -0.0002 0.6278
vn 0.5295 0.7296 0.4328
vn 0.4464 -0.6365 -0.6290
vn 0.1465 -0.6607 -0.7363
vn 0.3224 0.0072 -0.9466
vn 0.3827 0.0071 -0.9239
vn 0.5550 0.0073 -0.8318
vn 0.5706 -0.6249 -0.5328
vn 0.7071 0.0071 -0.7071
vn -0.0000 -0.8564 -0.5162
vn -0.3827 -0.0070 0.9239
vn -0.3224 -0.0071 0.9466
vn -0.1271 -0.7587 0.6389
vn -0.3144 -0.7898 0.5267
vn -0.5550 -0.0071 0.8318
vn -0.7071 -0.0070 0.7071
vn -0.4438 -0.7512 0.4886
vn -0.0000 -0.7987 0.6018
vn 0.5169 0.7456 0.4207
vt 0.785307 0.155224
vt 0.768761 0.000000
vt 0.803567 0.000000
vt 0.820833 0.161911
vt 0.827060 0.556286
vt 0.791520 0.549977
vt 1.000000 0.762040
vt 0.803567 0.803567
vt 0.768761 0.768761
vt 1.000000 0.719880
vt 0.762040 0.762040
vt 0.719880 0.719880
vt 0.601666 0.160150
vt 0.542269 0.000000
vt 0.573845 0.000000
vt 0.637146 0.170679
vt 0.482609 0.482609
vt 0.452790 0.452790
vt 0.453852 0.000000
vt 0.483725 0.000000
vt 1.000000 0.516275
vt 1.000000 0.546148
vt 0.590592 0.590592
vt 0.563647 0.563647
vt 0.906250 0.500000
vt 0.968750 0.500000
vt 0.968750 0.550998
vt 0.961442 0.571564
vt 0.958970 0.578201
vt 0.906250 0.577229
vt 0.875278 0.500000
vt 0.891819 0.577248
vt 0.880500 0.560943
vt 0.875238 0.552990
vt 0.697777 0.607494
vt 0.968750 0.551000
vt 0.958390 0.578968
vt 0.961430 0.571116
vt 0.968750 0.551302
vt 0.906250 0.578044
vt 0.892102 0.578062
vt 0.906250 0.578044
vt 0.874508 0.501019
vt 0.874491 0.553260
vt 0.880350 0.561779
vt 0.697184 0.500000
vt 0.948655 0.500000
vt 0.676827 0.500000
vt 0.684747 0.500000
vt 0.968063 0.500000
vt 0.910401 0.500000
vt 0.874514 0.500000
vt 0.590592 0.000000
vt 1.000000 0.426155
vt 1.000000 0.457731
vt 0.563646 0.000000
s 0
usemtl Material.015
f 3033/4005/1835 3034/4006/1835 3036/4007/1835 3035/4008/1835 3037/4009/1835 3032/4010/1835
f 3038/4011/1836 3036/4012/1836 3034/4013/1836 3039/4014/1836
f 3038/4015/1837 3039/4016/1837 3041/4017/1837 3042/4018/1837 3043/4019/1837 3040/4020/1837
f 3046/4021/1838 3044/4022/1838 3045/4023/1838 3047/4024/1838
f 3047/4025/1839 3045/4026/1839 3048/4027/1839 3049/4028/1839
s 1
f 3011/4029/1840 3010/4030/1841 3018/4031/1842 3019/4032/1843 3020/4033/1843 3023/4034/1844
f 3027/4035/1845 3011/4029/1840 3023/4034/1844 3025/4036/1846 3030/4037/1846 3028/4038/1846
f 3010/4030/1841 3017/4039/1847 3018/4040/1842
f 3021/4041/1848 3015/4042/1848 3016/4043/1849 3012/4030/1850 3013/4029/1851 3022/4044/1852
f 3024/4045/1853 3022/4046/1852 3013/4029/1851 3026/4047/1854 3029/4048/1853 3031/4049/1853
f 3017/4050/1847 3010/4030/1841 3012/4051/1850 3014/4052/1855
f 3014/4053/1855 3012/4030/1850 3016/4054/1849
f 3010/4030/1841 3011/4029/1840 3013/4055/1851 3012/4030/1850
f 3026/4056/1854 3013/4029/1851 3011/4029/1840 3027/4035/1845
s 0
f 3048/4057/1856 3043/4058/1856 3042/4059/1856 3049/4060/1856
g Lamparas_cell.059_Lamparas_cell.058
v -0.166015 2.953084 0.069549
v -0.154605 2.930259 0.103304
v -0.182240 2.885661 0.074204
v -0.158147 2.948288 0.064754
v -0.168615 2.930259 0.069482
v -0.180579 2.922794 0.075773
v -0.194571 2.883996 0.081457
v -0.183897 2.878721 0.076057
v -0.191292 2.884586 0.088982
v -0.184855 2.885664 0.103418
v -0.167951 2.881487 0.112221
v -0.158723 2.884586 0.139368
v -0.165623 2.885387 0.132025
v -0.150766 2.883621 0.147671
v -0.144719 2.878731 0.136711
v -0.138940 2.934528 0.131512
v -0.180882 2.903348 0.094926
v -0.137850 2.946464 0.123431
v -0.135123 2.954053 0.120327
v -0.143027 2.951708 0.095568
v -0.128842 2.953593 0.126963
v -0.121781 2.950182 0.118187
v -0.140220 2.884081 0.138768
v -0.129711 2.930259 0.128199
v -0.158147 2.948288 0.064754
v -0.168615 2.930259 0.069482
v -0.182240 2.885661 0.074204
v -0.158723 2.884586 0.139368
v -0.150766 2.883621 0.147671
v -0.165623 2.885387 0.132025
v -0.191292 2.884586 0.088982
v -0.184855 2.885664 0.103418
v -0.194571 2.883996 0.081457
v -0.183897 2.878721 0.076057
v -0.167951 2.881487 0.112221
v -0.144719 2.878731 0.136711
v -0.180882 2.903348 0.094926
v -0.138940 2.934528 0.131512
v -0.138940 2.934528 0.131512
v -0.138940 2.934528 0.131512
v -0.137850 2.946464 0.123431
v -0.135123 2.954053 0.120327
v -0.180579 2.922794 0.075773
v -0.128842 2.953593 0.126963
v -0.143027 2.951708 0.095568
v -0.121781 2.950182 0.118187
v -0.140220 2.884081 0.138768
v -0.129711 2.930259 0.128199
vn -0.4924 -0.1128 -0.8630
vn -0.4997 0.0589 -0.8642
vn -0.3404 -0.9142 0.2200
vn -0.7534 0.4144 0.5105
vn -0.7624 0.4601 0.4550
vn 0.2857 0.9366 -0.2029
vn 0.5085 -0.6463 0.5690
vn 0.5567 0.0818 0.8267
vn -0.8615 0.3639 0.3541
vn -0.6547 0.3636 0.6627
vn 0.6956 -0.5445 -0.4686
vn 0.7522 -0.4260 -0.5026
vn 0.8361 -0.4255 -0.3463
vn 0.7793 -0.5371 -0.3228
vn 0.8792 -0.3072 -0.3642
vn 0.7894 -0.3126 -0.5283
vn 0.5965 -0.5371 -0.5965
vn 0.6407 -0.4232 -0.6407
vn -0.6213 0.4774 0.6213
vn 0.6729 -0.3072 -0.6729
vt 1.000000 0.029118
vt 1.000000 0.110619
vt 0.846750 0.000000
vt 0.549433 0.000000
vt 1.000000 0.000000
vt 1.000000 0.069501
vt 0.719194 0.057208
vt 0.110619 0.110619
vt 0.029118 0.029118
vt 0.971913 0.000000
vt 0.987291 0.150962
vt 1.000000 0.282813
vt 1.000000 0.704428
vt 0.978827 0.877832
vt 0.967300 0.967300
vt 0.874665 0.874665
vt 0.928852 0.442412
vt 0.885030 0.000000
vt 0.704428 0.704428
vt 0.282812 0.282812
vt 0.766081 0.051792
vt 1.000000 0.113320
vt 1.000000 0.744111
vt 0.139385 0.000000
vt 1.000000 0.450567
vt 0.744110 0.744110
vt 0.113320 0.113320
vt 1.000000 0.925219
vt 1.000000 1.000000
vt 0.139384 0.139384
vt 0.014289 0.000000
vt 0.093213 0.000000
vt 0.518716 0.473143
vt 1.000000 0.018698
vt 1.000000 0.076893
vt 0.915892 0.000000
vt 0.946057 0.282717
vt 0.931397 0.000000
vt 0.989379 0.000000
vt 0.996302 0.280806
vt 0.979653 0.979653
vt 0.915892 0.915892
vt 0.313181 0.762586
vt 0.312872 0.711322
vt 0.319211 0.711322
vt 0.331004 0.712768
vt 0.326697 0.736496
vt 0.357256 0.712398
vt 0.364799 0.711322
vt 0.374200 0.711785
vt 0.370685 0.778329
vt 0.343750 0.798953
vt 0.343750 0.778329
vt 0.312213 0.778329
vt 0.313154 0.797250
vt 0.311352 0.714036
vt 0.311435 0.722676
vt 0.343750 0.717469
vt 0.372850 0.795928
vt 0.374079 0.778329
vt 0.373006 0.795192
vt 0.365176 0.795599
vt 0.365838 0.788887
vt 0.374100 0.778329
vt 0.369738 0.714029
vt 0.373351 0.720705
s 0
usemtl Material.015
f 3082/4061/1857 3076/4062/1857 3083/4063/1857
f 3092/4064/1858 3050/4065/1858 3074/4066/1858 3075/4067/1858 3076/4068/1858 3082/4069/1858
f 3078/4070/1859 3077/4071/1859 3079/4072/1859 3081/4073/1859 3080/4074/1859 3082/4075/1859 3083/4076/1859 3084/4077/1859 3085/4078/1859
f 3081/4079/1860 3079/4080/1860 3087/4081/1860 3090/4082/1860 3086/4083/1860
f 3091/4084/1861 3050/4065/1861 3092/4085/1861 3086/4086/1861 3090/4087/1861
f 3074/4088/1862 3050/4089/1862 3091/4090/1862 3093/4091/1862 3095/4092/1862 3094/4093/1862
f 3078/4094/1863 3085/4095/1863 3096/4096/1863
f 3097/4097/1864 3095/4098/1864 3093/4099/1864 3088/4100/1864 3078/4101/1864 3096/4102/1864
s 1
f 3055/4103/1865 3056/4104/1865 3058/4105/1865 3059/4106/1865 3066/4107/1865
f 3062/4108/1866 3061/4109/1866 3063/4110/1866 3089/4111/1866
f 3069/4112/1867 3051/4113/1868 3054/4114/1869 3053/4115/1870
f 3057/4116/1871 3052/4117/1871 3054/4114/1869 3051/4113/1868 3060/4118/1872
f 3071/4119/1873 3073/4120/1874 3051/4113/1868 3069/4112/1867
f 3070/4121/1875 3068/4122/1875 3067/4123/1875 3065/4124/1875
f 3064/4125/1876 3060/4118/1872 3051/4113/1868 3073/4120/1874 3072/4126/1876
g Lamparas_cell.060_Lamparas_cell.059
v -0.166030 2.954894 0.067570
v -0.166651 2.979784 0.033149
v -0.157873 2.949916 0.062706
v -0.169909 2.955934 0.059143
v -0.160839 2.950502 0.054573
v -0.178509 2.957958 0.035508
v -0.180149 2.954941 0.000555
v -0.168376 2.952235 0.033492
v -0.170118 2.949499 0.000562
v -0.154805 2.973547 -0.020018
v -0.166651 2.979784 -0.019905
v -0.162760 2.984947 -0.024436
v -0.148939 2.982760 -0.027540
v -0.158029 2.991222 -0.029772
v -0.160884 2.966771 0.065548
v -0.154345 2.979784 0.062860
v -0.135553 2.986852 0.055134
v -0.150265 2.961870 0.061182
v -0.145043 2.994389 0.056547
v -0.153599 2.997099 0.030553
v -0.156979 2.992615 -0.018414
v -0.147168 2.985540 -0.016242
v -0.144390 2.989903 0.028721
v -0.157873 2.949916 0.062706
v -0.160839 2.950502 0.054573
v -0.168376 2.952235 0.033492
v -0.169909 2.955934 0.059143
v -0.178509 2.957958 0.035508
v -0.180149 2.954941 0.000555
v -0.170118 2.949499 0.000562
v -0.154805 2.973547 -0.020018
v -0.166651 2.979784 -0.019905
v -0.162760 2.984947 -0.024436
v -0.158029 2.991222 -0.029772
v -0.135553 2.986852 0.055134
v -0.150265 2.961870 0.061182
v -0.160884 2.966771 0.065548
v -0.154345 2.979784 0.062860
v -0.153599 2.997099 0.030553
v -0.156979 2.992615 -0.018414
v -0.145043 2.994389 0.056547
v -0.147168 2.985540 -0.016242
v -0.144390 2.989903 0.028721
v -0.166030 2.954894 0.067570
v -0.148939 2.982760 -0.027540
vn -0.4700 -0.8760 0.1083
vn -0.4746 -0.8748 0.0978
vn -0.2792 -0.5155 -0.8101
vn -0.2754 -0.5084 -0.8159
vn -0.2643 -0.5025 -0.8232
vn 0.3607 0.0584 0.9308
vn 0.4050 -0.0812 0.9107
vn 0.5995 0.7923 -0.1137
vn 0.6495 0.7292 -0.2152
vn -0.7985 0.6020 -0.0000
vn -0.8247 0.5656 -0.0000
vn -0.8230 0.5434 0.1654
vn -0.7777 0.6094 0.1542
vn -0.8787 0.4774 -0.0000
vn -0.8583 0.4829 0.1734
vn -0.7784 0.5367 0.3256
vn -0.7377 0.6020 0.3056
vn -0.8115 0.4736 0.3423
vn 0.8228 -0.5445 -0.1628
vn 0.8227 -0.5445 -0.1633
vn 0.8435 -0.5371 -0.0000
vn 0.7793 -0.5371 -0.3228
vt 0.072666 0.072666
vt 0.005835 0.000000
vt 1.000000 0.484561
vt 1.000000 0.524821
vt 0.524822 0.524822
vt 0.484561 0.484561
vt 0.692473 0.446343
vt 1.000000 0.439005
vt 1.000000 0.483534
vt 0.710263 0.491324
vt 1.000000 0.505525
vt 1.000000 0.550170
vt 0.483534 0.483534
vt 0.439005 0.439005
vt 0.550170 0.550170
vt 0.505525 0.505525
vt 0.537423 0.000000
vt 0.583818 0.583818
vt 0.537423 0.537423
vt 1.000000 0.000738
vt 1.000000 0.096585
vt 0.614062 0.614062
vt 0.576255 0.576255
vt 0.805260 0.533560
vt 1.000000 0.505452
vt 1.000000 0.550861
vt 1.000000 0.000000
vt 1.000000 0.080051
vt 0.550860 0.550860
vt 0.505452 0.505452
vt 0.698061 0.186475
vt 0.547143 0.000000
vt 0.582932 0.000000
vt 0.722293 0.173117
vt 1.000000 0.463203
vt 1.000000 0.503344
vt 0.918846 0.000000
vt 0.999373 0.000000
vt 0.503344 0.503344
vt 0.463203 0.463203
vt 0.220486 0.829795
vt 0.226709 0.823519
vt 0.231235 0.818357
vt 0.281250 0.818357
vt 0.281250 0.835671
vt 0.232001 0.831187
vt 0.231235 0.818357
vt 0.250743 0.796384
vt 0.281250 0.799053
vt 0.311566 0.818357
vt 0.309269 0.832961
vt 0.281250 0.835671
vt 0.303393 0.797263
vt 0.311500 0.796686
vt 0.311555 0.806847
vt 0.281250 0.835678
vt 0.281250 0.799460
vt 0.251054 0.796829
vt 0.226958 0.823010
vt 0.221757 0.830190
vt 0.232948 0.831483
vt 0.311494 0.832744
vt 0.311564 0.808724
vt 0.310233 0.797230
vt 0.302274 0.797793
vt 0.281250 0.799460
vt 0.281250 0.835678
s 0
usemtl Material.015
f 3121/4127/1877 3141/4128/1877 3124/4129/1877 3122/4130/1877
f 3122/4131/1878 3124/4132/1878 3125/4133/1878 3126/4134/1878 3127/4135/1878 3123/4136/1878
f 3129/4137/1879 3128/4138/1879 3127/4139/1879 3126/4140/1879
f 3128/4141/1880 3129/4142/1880 3130/4143/1880
f 3128/4144/1881 3130/4145/1881 3131/4146/1881 3142/4147/1881
f 3132/4148/1882 3138/4149/1882 3135/4150/1882 3134/4151/1882 3133/4152/1882
f 3141/4153/1883 3121/4154/1883 3133/4155/1883 3134/4156/1883
f 3136/4157/1884 3138/4158/1884 3132/4159/1884 3140/4160/1884 3139/4161/1884 3137/4162/1884
f 3142/4163/1885 3131/4164/1885 3137/4165/1885 3139/4166/1885
s 1
f 3111/4167/1886 3109/4168/1886 3108/4169/1887 3099/4170/1888 3117/4171/1889 3118/4172/1886
f 3099/4170/1888 3108/4173/1887 3104/4174/1890 3103/4175/1891
f 3099/4170/1888 3113/4176/1892 3116/4177/1893 3117/4178/1889
f 3103/4175/1891 3101/4179/1894 3098/4180/1894 3112/4181/1894 3113/4176/1892 3099/4170/1888
f 3120/4182/1895 3105/4183/1896 3106/4184/1897 3107/4185/1897 3110/4186/1897 3119/4187/1897
f 3114/4188/1898 3115/4189/1898 3100/4190/1898 3102/4191/1898 3105/4192/1896 3120/4193/1895
g Lamparas_cell.061_Lamparas_cell.060
v -0.015771 3.154496 0.007643
v -0.014835 3.147831 0.013622
v -0.020219 3.145987 0.013510
v -0.025068 3.137899 0.012757
v -0.023372 3.142148 0.010473
v -0.020545 3.158029 0.009628
v -0.020581 3.152761 0.009542
v -0.019525 3.138522 0.019328
v -0.015778 3.142255 0.020358
v -0.023372 3.142148 0.010473
v -0.025068 3.137899 0.012757
v -0.020219 3.145987 0.013510
v -0.020581 3.152761 0.009542
v -0.015778 3.142255 0.020358
v -0.019525 3.138522 0.019328
vn -0.7882 0.1554 -0.5955
vn 0.6741 -0.5323 -0.5121
vn 0.6705 -0.5375 -0.5114
vn 0.0140 0.7203 0.6935
vn 0.3727 -0.0177 0.9278
vn 0.5718 0.5909 0.5691
vn -0.7488 0.4379 0.4976
vn -0.7145 0.3782 0.5886
vn -0.8375 0.4773 0.2661
vn -0.6851 0.4071 0.6041
vn -0.6878 0.3933 0.6101
vn -0.6971 0.3343 0.6343
vt 0.981829 0.000000
vt 1.000000 0.000000
vt 0.988345 0.988345
vt 0.989561 0.749340
vt 0.986704 0.307168
vt 1.000000 1.000000
vt 0.000000 0.000000
vt 1.000000 0.922252
vt 0.055334 0.000000
vt 0.173981 0.000000
vt 0.915239 0.042807
vt 0.049354 0.049354
vt 0.018171 0.000000
vt 0.199349 0.000000
vt 0.343750 0.993078
vt 0.317816 1.000000
vt 0.316930 0.996197
vt 0.379795 0.993623
vt 0.382899 1.000000
vt 0.343750 1.000000
vt 0.343750 1.000000
vt 0.382899 1.000000
s 0
usemtl Material.015
f 3148/4194/1899 3143/4195/1899 3152/4196/1899 3154/4197/1899 3155/4198/1899
f 3156/4195/1900 3152/4199/1900 3143/4200/1900
f 3153/4201/1901 3152/4199/1901 3156/4200/1901 3157/4202/1901
f 3156/4203/1902 3143/4195/1902 3155/4204/1902
f 3155/4205/1903 3143/4200/1903 3148/4206/1903
f 3144/4195/1904 3143/4199/1904 3156/4207/1904
s 1
f 3146/4208/1905 3145/4209/1906 3147/4210/1907
f 3150/4211/1908 3151/4212/1909 3145/4213/1906 3146/4208/1905
f 3149/4214/1910 3145/4213/1906 3151/4215/1909
g Lamparas_cell.062_Lamparas_cell.061
v -0.129199 2.789430 -0.193360
v -0.126597 2.834534 -0.189466
v -0.123652 2.788881 -0.185058
v -0.121128 2.832768 -0.181282
v -0.155255 2.748641 -0.153854
v -0.154926 2.741792 -0.154251
v -0.161417 2.749236 -0.161548
v -0.161064 2.741889 -0.161975
v -0.161409 2.760985 -0.161437
v -0.155248 2.761163 -0.153737
v -0.154893 2.788881 -0.153818
v -0.153599 2.806798 -0.152539
v -0.161042 2.789430 -0.161517
v -0.159561 2.809886 -0.160051
v -0.103556 2.741868 -0.204349
v -0.129389 2.742445 -0.193644
v -0.148368 2.741910 -0.174670
v -0.088042 2.741741 -0.200166
v -0.123839 2.741844 -0.185338
v -0.089217 2.741827 -0.210289
v -0.148883 2.834534 -0.167179
v -0.157595 2.814536 -0.161348
v -0.142380 2.832694 -0.160041
v -0.127671 2.856851 -0.163746
v -0.136029 2.857569 -0.171762
v -0.121118 2.872633 -0.181266
v -0.105583 2.875669 -0.172733
v -0.114399 2.869576 -0.171210
v -0.094152 2.883557 -0.174712
v -0.104514 2.884585 -0.184858
v -0.079597 2.856210 -0.190295
v -0.082488 2.832768 -0.197287
v -0.084188 2.788881 -0.201405
v -0.083508 2.862059 -0.199749
v -0.087931 2.789430 -0.210454
v -0.088044 2.746922 -0.210735
v -0.086178 2.834534 -0.206208
v -0.084298 2.746636 -0.201680
v -0.081697 2.881112 -0.195264
v -0.077063 2.877094 -0.184048
v -0.096187 2.887112 -0.187237
v -0.089013 2.883632 -0.176815
v -0.076493 2.882936 -0.182244
v -0.081237 2.886294 -0.193776
v -0.161417 2.749236 -0.161548
v -0.161064 2.741889 -0.161975
v -0.155255 2.748641 -0.153854
v -0.154926 2.741792 -0.154251
v -0.161409 2.760985 -0.161437
v -0.155248 2.761163 -0.153737
v -0.161042 2.789430 -0.161517
v -0.154893 2.788881 -0.153818
v -0.153599 2.806798 -0.152539
v -0.159561 2.809886 -0.160051
v -0.129389 2.742445 -0.193644
v -0.148368 2.741910 -0.174670
v -0.103556 2.741868 -0.204349
v -0.123839 2.741844 -0.185338
v -0.089217 2.741827 -0.210289
v -0.088042 2.741741 -0.200166
v -0.148883 2.834534 -0.167179
v -0.157595 2.814536 -0.161348
v -0.127671 2.856851 -0.163746
v -0.114399 2.869576 -0.171210
v -0.105583 2.875669 -0.172733
v -0.136029 2.857569 -0.171762
v -0.121118 2.872633 -0.181266
v -0.094152 2.883557 -0.174712
v -0.083508 2.862059 -0.199749
v -0.086178 2.834534 -0.206208
v -0.079597 2.856210 -0.190295
v -0.082488 2.832768 -0.197287
v -0.084188 2.788881 -0.201405
v -0.084298 2.746636 -0.201680
v -0.087931 2.789430 -0.210454
v -0.088044 2.746922 -0.210735
v -0.077063 2.877094 -0.184048
v -0.081697 2.881112 -0.195264
v -0.089013 2.883632 -0.176815
v -0.076493 2.882936 -0.182244
v -0.096187 2.887112 -0.187237
v -0.081237 2.886294 -0.193776
v -0.142380 2.832694 -0.160041
v -0.104514 2.884585 -0.184858
vn -0.7812 -0.0735 0.6199
vn -0.7808 -0.0053 0.6248
vn -0.7809 0.0118 0.6245
vn -0.0579 -0.9946 -0.0859
vn -0.0061 -1.0000 -0.0077
vn -0.5961 0.4517 0.6637
vn -0.6060 0.4409 0.6621
vn -0.5929 0.4621 0.6594
vn -0.4269 0.7455 0.5119
vn -0.4265 0.7462 0.5111
vn 0.9241 0.0001 -0.3822
vn 0.8550 -0.4657 -0.2283
vn 0.9245 0.0019 -0.3813
vn -0.0893 0.9543 0.2853
vn 0.1488 0.9642 0.2195
vn 0.9271 0.0251 -0.3740
vn -0.7071 0.0071 -0.7071
vn -0.7061 0.0541 -0.7061
vn -0.5547 0.0550 -0.8302
vn -0.5555 0.0073 -0.8315
vn -0.3827 0.0071 -0.9239
vn -0.3821 0.0543 -0.9225
vn -0.3697 0.2565 -0.8930
vn -0.3696 0.2572 -0.8929
vn -0.3564 0.3644 -0.8603
vn -0.3767 0.1748 -0.9097
vn -0.5469 0.1762 -0.8185
vn -0.4663 0.2507 -0.8484
vn -0.3706 0.2474 -0.8952
vn -0.6989 0.1521 -0.6989
vn -0.6854 0.2461 -0.6854
vn -0.7035 0.1013 -0.7035
vn 0.5555 -0.0071 0.8315
vn 0.5547 -0.0548 0.8302
vn 0.7061 -0.0539 0.7061
vn 0.7071 -0.0070 0.7071
vn 0.3827 -0.0070 0.9239
vn 0.3821 -0.0541 0.9225
vn 0.3642 -0.3072 0.8792
vn 0.4580 -0.3115 0.8326
vn 0.5437 -0.2063 0.8135
vn 0.3745 -0.2052 0.9042
vn 0.6964 -0.1737 0.6963
vn 0.6732 -0.3070 0.6728
vn 0.7035 -0.1010 0.7035
vt 0.024023 0.000000
vt 0.090079 0.000000
vt 1.000000 0.459116
vt 1.000000 0.492443
vt 0.492443 0.492443
vt 0.459116 0.459116
vt 1.000000 0.459546
vt 1.000000 0.492841
vt 0.492841 0.492841
vt 0.459546 0.459546
vt 0.459903 0.183737
vt 0.454380 0.000000
vt 0.486867 0.000000
vt 0.493196 0.209793
vt 0.923137 0.511996
vt 1.000000 0.189369
vt 1.000000 0.797444
vt 1.000000 0.909921
vt 1.000000 0.975977
vt 0.797444 0.797444
vt 0.189369 0.189369
vt 0.019931 0.000000
vt 0.081011 0.000000
vt 0.504004 0.472749
vt 0.570062 0.000000
vt 0.601087 0.006258
vt 1.000000 0.508232
vt 1.000000 0.541041
vt 0.541041 0.541041
vt 0.508232 0.508232
vt 1.000000 0.513133
vt 1.000000 0.334803
vt 1.000000 0.381049
vt 0.596017 0.596017
vt 0.571368 0.569411
vt 0.788367 0.214844
vt 1.000000 0.143075
vt 0.919816 0.243693
vt 0.381049 0.381049
vt 0.334803 0.334803
vt 0.217406 0.217406
vt 0.143075 0.143075
vt 0.159541 0.000000
vt 0.241438 0.045420
vt 0.287339 0.000000
vt 0.321599 0.000000
vt 0.467618 0.171267
vt 0.739253 0.457674
vt 1.000000 0.719279
vt 1.000000 0.752076
vt 0.737622 0.488818
vt 0.458457 0.194419
vt 0.719280 0.719280
vt 0.942970 0.000000
vt 0.985969 0.000000
vt 0.752076 0.752076
vt 0.321599 0.321599
vt 0.287339 0.287339
vt 0.364577 0.000000
vt 0.413383 0.000000
vt 1.000000 0.410589
vt 0.245591 0.245591
vt 0.159541 0.159541
vt 1.000000 0.343385
vt 0.343385 0.343385
vt 0.377423 0.000000
vt 0.451595 0.000000
vt 0.410589 0.410589
vt 0.451595 0.451595
vt 0.377423 0.377423
vt 1.000000 0.586617
vt 1.000000 0.635423
vt 0.124922 0.562707
vt 0.124974 0.575799
vt 0.124769 0.607494
vt 0.093750 0.607494
vt 0.093750 0.555141
vt 0.112196 0.554545
vt 0.124542 0.554521
vt 0.063824 0.554452
vt 0.074500 0.554498
vt 0.093750 0.607494
vt 0.062982 0.607494
vt 0.062962 0.560129
vt 0.063133 0.711322
vt 0.079091 0.714623
vt 0.075358 0.714711
vt 0.062996 0.656673
vt 0.093750 0.656673
vt 0.091451 0.700782
vt 0.081742 0.711322
vt 0.063133 0.711322
vt 0.063024 0.707529
vt 0.062880 0.686727
vt 0.115812 0.656937
vt 0.106639 0.681824
vt 0.093750 0.698271
vt 0.124769 0.607494
vt 0.124702 0.629799
vt 0.123094 0.634869
vt 0.115905 0.656673
vt 0.093750 0.554822
vt 0.125547 0.607494
vt 0.125756 0.576455
vt 0.125698 0.562434
vt 0.125328 0.554764
vt 0.062986 0.560189
vt 0.063007 0.607494
vt 0.063220 0.554740
vt 0.062548 0.685925
vt 0.062416 0.711987
vt 0.062547 0.719277
vt 0.073483 0.720144
vt 0.077944 0.720051
vt 0.086790 0.710209
vt 0.093750 0.702604
vt 0.063022 0.656673
vt 0.115796 0.656673
vt 0.105397 0.686726
vt 0.115825 0.656590
vt 0.125487 0.627572
s 0
usemtl Material.015
f 3203/4216/1911 3205/4217/1911 3204/4218/1911 3202/4219/1911
f 3202/4220/1912 3204/4221/1912 3207/4222/1912 3206/4223/1912
f 3206/4224/1913 3207/4225/1913 3209/4226/1913 3210/4227/1913 3211/4228/1913 3208/4229/1913
f 3212/4230/1914 3214/4231/1914 3213/4232/1914
f 3205/4233/1915 3203/4234/1915 3213/4235/1915 3214/4236/1915 3216/4237/1915 3217/4238/1915 3215/4239/1915
f 3240/4240/1916 3218/4241/1916 3219/4242/1916 3210/4243/1916
f 3210/4244/1917 3219/4245/1917 3211/4246/1917
f 3220/4247/1918 3223/4248/1918 3218/4249/1918 3240/4250/1918
f 3221/4251/1919 3222/4252/1919 3224/4253/1919 3223/4254/1919 3220/4255/1919
f 3224/4256/1920 3222/4257/1920 3225/4258/1920 3241/4259/1920
f 3226/4260/1921 3228/4261/1921 3229/4262/1921 3230/4263/1921 3231/4264/1921 3233/4265/1921 3232/4266/1921 3227/4267/1921
f 3231/4268/1922 3217/4269/1922 3216/4270/1922 3233/4271/1922
f 3228/4272/1923 3226/4273/1923 3235/4274/1923 3234/4275/1923
f 3238/4276/1924 3241/4277/1924 3225/4278/1924 3236/4279/1924
f 3236/4280/1925 3237/4281/1925 3239/4282/1925 3238/4283/1925
f 3239/4284/1926 3237/4285/1926 3234/4286/1926 3235/4287/1926
s 1
f 3164/4288/1927 3166/4289/1927 3170/4290/1928 3158/4291/1929 3173/4292/1930 3174/4293/1927 3165/4294/1927
f 3177/4295/1931 3172/4296/1931 3173/4292/1930 3158/4297/1929 3192/4298/1932 3193/4299/1931
f 3201/4300/1933 3187/4301/1934 3198/4302/1935
f 3194/4303/1936 3159/4304/1937 3183/4305/1938 3187/4306/1934 3201/4307/1933 3196/4308/1939 3191/4309/1939
f 3192/4298/1932 3158/4297/1929 3159/4304/1937 3194/4303/1936
f 3159/4304/1937 3178/4310/1940 3182/4311/1941 3183/4312/1938
f 3159/4304/1937 3158/4291/1929 3170/4313/1928 3171/4314/1942 3179/4315/1942 3178/4316/1940
f 3176/4317/1943 3160/4291/1944 3168/4318/1945 3167/4319/1946 3162/4320/1946 3163/4321/1946
f 3195/4322/1947 3190/4323/1948 3160/4297/1944 3176/4317/1943 3175/4324/1947
f 3188/4325/1949 3197/4326/1949 3200/4327/1949 3199/4328/1949 3186/4329/1949 3184/4330/1949 3185/4331/1950 3161/4304/1951 3189/4332/1952
f 3161/4304/1951 3160/4297/1944 3190/4323/1948 3189/4332/1952
f 3180/4333/1953 3161/4304/1951 3185/4331/1950 3181/4334/1954
f 3168/4318/1945 3160/4291/1944 3161/4304/1951 3180/4335/1953 3169/4336/1955
g Lamparas_cell.063_Lamparas_cell.062
v -0.045368 2.789430 0.228084
v 0.043421 2.788881 0.218291
v 0.024146 2.751368 0.228355
v 0.063907 2.742311 0.220769
v 0.025296 2.742221 0.228420
v 0.016142 2.787596 0.228097
v 0.073257 2.789430 0.216533
v 0.069108 2.804496 0.216590
v 0.067870 2.810240 0.216470
v 0.019664 2.810167 0.225972
v -0.045287 2.806506 0.226235
v -0.047598 2.788881 0.216561
v -0.043807 2.803823 0.216490
v -0.055231 2.761226 0.224216
v -0.052843 2.760301 0.214605
v -0.045199 2.741924 0.228423
v -0.043486 2.742265 0.218618
v 0.081608 2.740319 0.202842
v 0.043487 2.741270 0.218625
v 0.010594 2.741668 0.228424
v 0.086269 2.741501 0.211512
v 0.082767 2.745235 0.202325
v 0.086490 2.789430 0.211051
v 0.081988 2.808889 0.200118
v 0.082731 2.788881 0.202009
v 0.085728 2.809879 0.209112
v 0.043001 2.809677 0.216180
v 0.024146 2.751368 0.228355
v 0.025296 2.742221 0.228420
v 0.073257 2.789430 0.216533
v 0.069108 2.804496 0.216590
v 0.016142 2.787596 0.228097
v 0.067870 2.810240 0.216470
v -0.047598 2.788881 0.216561
v -0.043807 2.803823 0.216490
v -0.052843 2.760301 0.214605
v -0.043486 2.742265 0.218618
v 0.081608 2.740319 0.202842
v 0.043487 2.741270 0.218625
v 0.010594 2.741668 0.228424
v 0.063907 2.742311 0.220769
v 0.086269 2.741501 0.211512
v 0.082767 2.745235 0.202325
v 0.082731 2.788881 0.202009
v 0.081988 2.808889 0.200118
v 0.086490 2.789430 0.211051
v 0.085728 2.809879 0.209112
v 0.043001 2.809677 0.216180
v 0.019664 2.810167 0.225972
v -0.045368 2.789430 0.228084
v -0.055231 2.761226 0.224216
v -0.045287 2.806506 0.226235
v -0.045199 2.741924 0.228423
vn 0.1942 0.0314 0.9805
vn 0.1971 0.0498 0.9791
vn 0.1929 0.0621 0.9792
vn -0.9776 0.2102 -0.0103
vn -0.8595 -0.4831 -0.1670
vn 0.0016 -0.9996 0.0284
vn 0.0371 -0.9837 0.1757
vn 0.8667 -0.2497 -0.4319
vn 0.9271 -0.0041 -0.3748
vn -0.0473 0.9811 -0.1877
vn 0.3821 0.0544 0.9225
vn 0.3821 0.0547 0.9225
vn 0.3827 0.0071 0.9239
vn -0.0000 0.0071 1.0000
vn 0.0003 0.0518 0.9987
vn -0.0395 0.0495 0.9980
vn -0.0932 0.0068 0.9956
vn -0.3781 0.0052 0.9258
vn 0.0005 0.0997 0.9950
vn 0.3807 0.1013 0.9191
vn 0.0452 -0.0393 -0.9982
vn 0.0850 -0.0216 -0.9961
vn 0.3827 -0.0070 -0.9239
vn 0.0100 -0.0619 -0.9980
vn -0.1923 -0.0834 -0.9778
vn -0.1899 -0.0495 -0.9805
vn -0.3807 -0.1010 -0.9192
vn -0.3821 -0.0541 -0.9225
vn -0.3827 -0.0070 -0.9239
vn -0.1926 -0.0162 -0.9812
vt 0.537655 0.000000
vt 1.000000 0.162137
vt 1.000000 0.432070
vt 1.000000 0.122656
vt 1.000000 0.481692
vt 0.432070 0.432070
vt 0.162137 0.162137
vt 0.759986 0.096495
vt 0.481692 0.481692
vt 0.122656 0.122656
vt 0.143792 0.000000
vt 0.502324 0.000000
vt 1.000000 0.896024
vt 0.429519 0.353344
vt 0.066536 0.000000
vt 0.116698 0.000000
vt 0.434316 0.309157
vt 1.000000 0.847259
vt 0.898522 0.000000
vt 0.939223 0.019930
vt 0.915192 0.915192
vt 0.875416 0.875416
vt 0.990675 0.308358
vt 0.954857 0.000000
vt 1.000000 0.000000
vt 1.000000 0.560598
vt 0.923050 0.923050
vt 0.871184 0.871184
vt 0.560598 0.560598
vt 0.271320 0.000000
vt 1.000000 0.179487
vt 1.000000 0.462345
vt 0.978792 0.978792
vt 0.936285 0.936285
vt 1.000000 0.936065
vt 0.944507 0.296160
vt 0.940077 0.000000
vt 0.983054 0.000000
vt 0.987612 0.302702
vt 0.978718 0.978718
vt 0.936065 0.936065
vt 0.983054 0.983054
vt 0.940077 0.940077
vt 0.977074 0.663160
vt 0.903315 0.000000
vt 0.944649 0.000000
vt 1.000000 0.497676
vt 1.000000 0.856208
vt 0.561908 0.607494
vt 0.552042 0.607494
vt 0.545017 0.554991
vt 0.561863 0.556118
vt 0.517424 0.607494
vt 0.516632 0.607494
vt 0.510757 0.607494
vt 0.468750 0.607494
vt 0.469413 0.607494
vt 0.507297 0.607494
vt 0.468750 0.555029
vt 0.465580 0.607494
vt 0.461428 0.576068
vt 0.468750 0.627243
vt 0.510978 0.656673
vt 0.513823 0.656673
vt 0.549356 0.623922
vt 0.561995 0.629791
vt 0.548565 0.630185
vt 0.468750 0.607494
vt 0.468750 0.555294
vt 0.460681 0.577602
vt 0.469294 0.607494
vt 0.531250 0.630798
vt 0.531250 0.607494
vt 0.561962 0.629914
vt 0.561872 0.607494
vt 0.560918 0.553114
vt 0.531250 0.554179
vt 0.561829 0.558620
vt 0.468799 0.500000
vt 0.468846 0.500000
s 0
usemtl Material.015
f 3270/4337/1956 3282/4338/1956 3269/4339/1956
f 3272/4340/1957 3273/4341/1957 3269/4342/1957 3282/4343/1957 3271/4344/1957
f 3273/4345/1958 3272/4346/1958 3274/4347/1958 3290/4348/1958
f 3292/4349/1959 3291/4350/1959 3293/4351/1959 3276/4352/1959 3275/4353/1959 3277/4354/1959
f 3278/4355/1960 3294/4356/1960 3292/4357/1960 3277/4358/1960
f 3280/4359/1961 3279/4360/1961 3283/4361/1961 3281/4362/1961 3294/4363/1961 3278/4364/1961
f 3281/4365/1962 3283/4366/1962 3282/4367/1962 3270/4368/1962
f 3283/4369/1963 3279/4370/1963 3284/4371/1963
f 3285/4372/1964 3286/4373/1964 3288/4374/1964 3287/4375/1964 3283/4376/1964 3284/4377/1964
f 3288/4378/1965 3286/4379/1965 3289/4380/1965 3276/4381/1965 3293/4382/1965 3290/4383/1965 3274/4384/1965
s 1
f 3264/4385/1966 3248/4386/1967 3245/4387/1968 3262/4388/1968
f 3246/4389/1969 3244/4390/1969 3247/4391/1970 3242/4392/1971 3257/4393/1972 3261/4394/1969
f 3257/4395/1972 3242/4396/1971 3255/4397/1973
f 3252/4398/1974 3242/4392/1971 3247/4399/1970 3251/4400/1974
f 3249/4401/1975 3248/4386/1967 3264/4385/1966 3267/4402/1975 3250/4403/1975
f 3253/4404/1976 3258/4405/1977 3256/4406/1978
f 3254/4407/1979 3268/4408/1980 3243/4409/1981 3253/4392/1976
f 3265/4410/1982 3266/4411/1983 3243/4409/1981 3268/4408/1980
f 3259/4412/1984 3260/4413/1985 3243/4409/1981 3266/4411/1983 3263/4414/1984
f 3258/4415/1977 3253/4416/1976 3243/4409/1981 3260/4413/1985
g Lamparas_cell.064_Lamparas_cell.063
v -0.005672 3.698762 0.015658
v -0.012845 4.243753 0.019225
v -0.004509 3.698842 0.022672
v -0.005863 4.243753 0.015119
v -0.001427 4.243753 0.022678
v -0.012842 3.699011 0.019220
v -0.013708 3.946751 0.018358
v -0.004509 3.698842 0.022672
v -0.001427 4.243753 0.022678
v -0.005863 4.243753 0.015119
v -0.012842 3.699011 0.019220
v -0.013708 3.946751 0.018358
v -0.012845 4.243753 0.019225
vn 0.9865 0.0002 -0.1635
vn 0.8624 -0.0049 -0.5062
vn -0.0268 -0.9995 0.0158
vn -0.3772 -0.0021 -0.9261
vn -0.5069 0.0040 -0.8620
vn -0.3312 0.0009 0.9435
vn -0.2931 0.4649 0.8355
vn -0.7071 -0.0000 0.7071
vn -0.3300 0.0009 0.9440
vn -0.2977 0.4311 0.8518
vn -0.0000 1.0000 -0.0000
vt 1.000000 1.000000
vt 0.000000 0.000000
vt 1.000000 0.083692
vt 0.083692 0.083692
vt 1.000000 0.083499
vt 0.982616 0.000000
vt 1.000000 0.000000
vt 1.000000 0.025024
vt 1.000000 0.083635
vt 0.425075 0.425075
vt 0.416412 0.000000
vt 0.916284 0.916284
vt 0.416412 0.416412
vt 0.915998 0.435629
vt 0.406250 1.000000
vt 0.398783 1.000000
vt 0.397779 1.000000
vt 0.424643 1.000000
vt 0.468750 1.000000
vt 0.450055 1.000000
vt 0.490105 1.000000
s 0
usemtl Material.015
f 3302/4417/1986 3295/4418/1986 3304/4419/1986
f 3302/4417/1987 3304/4420/1987 3303/4421/1987
f 3300/4422/1988 3295/4423/1988 3302/4424/1988
f 3304/4425/1989 3295/4417/1989 3300/4426/1989 3306/4427/1989
f 3304/4428/1990 3306/4429/1990 3296/4430/1990
s 1
f 3305/4431/1991 3307/4432/1992 3301/4433/1993
f 3305/4434/1991 3297/4435/1994 3299/4435/1995 3307/4431/1992
f 3298/4436/1996 3307/4431/1992 3299/4437/1995
g Lamparas_cell.065_Lamparas_cell.064
v 0.007017 3.148185 -0.010864
v 0.001487 3.165201 -0.000055
v -0.012386 3.186871 -0.009544
v 0.014233 3.186134 0.008397
v 0.012764 3.697429 0.007499
v 0.012840 3.152761 -0.019215
v 0.019581 3.202517 0.011958
v 0.019906 3.196975 0.011174
v 0.020537 3.188230 0.009651
v 0.021806 3.180489 0.006586
v 0.022667 3.175587 0.003562
v 0.019216 3.158323 -0.012839
v 0.022667 3.168736 -0.004509
v 0.004510 3.697386 -0.022672
v -0.004509 3.697286 -0.022672
v 0.022672 3.697556 -0.002710
v 0.019221 3.697534 -0.012843
v 0.012843 3.697474 -0.019220
v -0.012842 3.697171 -0.019220
v 0.019561 3.697271 0.012021
v 0.022672 3.697403 0.004510
v 0.019572 3.218759 0.011982
v -0.018583 3.696947 -0.013479
v -0.018575 3.224001 -0.013480
v -0.018457 3.205354 -0.013599
v -0.016556 3.187666 -0.015499
v -0.013304 3.177530 -0.018751
v 0.000955 3.152761 -0.022666
v -0.004508 3.161587 -0.022666
v 0.019581 3.202517 0.011958
v 0.019906 3.196975 0.011174
v 0.020537 3.188230 0.009651
v 0.022667 3.175587 0.003562
v 0.022667 3.168736 -0.004509
v 0.019216 3.158323 -0.012839
v 0.019221 3.697534 -0.012843
v 0.012843 3.697474 -0.019220
v 0.004510 3.697386 -0.022672
v -0.004509 3.697286 -0.022672
v 0.022672 3.697556 -0.002710
v 0.022672 3.697403 0.004510
v 0.019561 3.697271 0.012021
v 0.019572 3.218759 0.011982
v -0.018583 3.696947 -0.013479
v -0.018575 3.224001 -0.013480
v -0.018457 3.205354 -0.013599
v 0.000955 3.152761 -0.022666
v -0.004508 3.161587 -0.022666
v -0.016556 3.187666 -0.015499
v 0.021806 3.180489 0.006586
v 0.012840 3.152761 -0.019215
v -0.012842 3.697171 -0.019220
v -0.013304 3.177530 -0.018751
vn -0.1909 -0.1486 0.9703
vn -0.1342 -0.1793 0.9746
vn -0.0762 -0.3331 0.9398
vn -0.0239 -0.3714 0.9282
vn 0.1037 -0.5091 0.8545
vn 0.6204 -0.6657 0.4146
vn 0.1195 -0.9035 -0.4116
vn -0.0116 0.9999 0.0019
vn -0.0249 0.9996 0.0142
vn 0.0091 0.9997 0.0213
vn -0.5539 -0.0001 0.8326
vn -0.5509 -0.0015 0.8345
vn -0.5562 -0.0000 0.8311
vn -0.5739 -0.0088 0.8189
vn -0.8027 -0.2844 0.5241
vn -0.8208 -0.4486 0.3536
vn -0.8282 -0.5126 0.2267
vn -0.8193 -0.1476 0.5540
vn 0.4861 -0.0007 -0.8739
vn 0.2404 -0.0008 -0.9707
vn 0.1655 -0.0006 -0.9862
vn 0.5298 -0.0005 -0.8481
vn -0.2003 -0.0001 -0.9797
vn -0.0694 -0.0001 -0.9976
vn -0.4432 -0.0002 -0.8964
vn -0.5591 -0.0001 -0.8291
vn 0.9765 -0.0001 0.2155
vn 0.9956 -0.0001 0.0936
vn 0.9989 -0.0001 0.0467
vn 0.9682 0.0004 -0.2503
vn 0.9878 0.0002 -0.1559
vn 0.8413 0.0003 -0.5406
vn 0.7781 0.0001 -0.6281
vn 0.9239 -0.0000 0.3827
vn -0.7071 -0.0000 -0.7071
vt 0.967714 0.000000
vt 1.000000 0.000000
vt 1.000000 0.021457
vt 0.021457 0.021457
vt 0.000000 0.000000
vt 0.424163 0.000000
vt 0.424163 0.424163
vt 0.713509 0.713509
vt 0.759972 0.000000
vt 1.000000 0.737964
vt 0.759972 0.759972
vt 0.737964 0.737964
vt 0.328712 0.078721
vt 0.474853 0.229308
vt 0.676684 0.526788
vt 0.264750 0.264750
vt 0.833131 0.047982
vt 0.095363 0.048345
vt 0.107003 0.070192
vt 0.106268 0.087058
vt 0.095080 0.095080
vt 0.043664 0.003266
vt 0.073121 0.024844
vt 0.971312 0.071832
vt 0.887199 0.000000
vt 0.037242 0.037242
vt 0.040669 0.000000
vt 0.046715 0.021238
vt 1.000000 0.101368
vt 0.040669 0.040669
vt 1.000000 0.032286
vt 0.101368 0.101368
vt 1.000000 0.888905
vt 1.000000 1.000000
vt 0.163383 0.000000
vt 0.963587 0.000000
vt 0.888905 0.888905
vt 1.000000 0.239378
vt 0.239378 0.239378
vt 0.271994 0.000000
vt 1.000000 0.123196
vt 0.297927 0.244959
vt 0.692516 0.090861
vt 0.036413 0.000000
vt 0.489989 0.489989
vt 0.906250 1.000000
vt 0.968750 1.000000
vt 0.031250 1.000000
vt 0.093750 1.000000
vt 0.085052 1.000000
vt 0.718750 1.000000
vt 0.725313 1.000000
vt 0.781250 1.000000
vt 0.768781 1.000000
vt 0.843750 1.000000
vt 0.662685 1.000000
vt 0.662861 1.000000
vt 0.668747 1.000000
vt 0.691918 1.000000
vt 0.718750 1.000000
vt 0.662412 1.000000
vt 0.098306 1.000000
vt 0.130181 1.000000
vt 0.148809 1.000000
vt 0.149969 1.000000
vt 0.117833 1.000000
vt 0.599283 1.000000
s 0
usemtl Material.015
f 3337/4438/1997 3311/4439/1997 3338/4440/1997
f 3338/4441/1998 3311/4442/1998 3339/4443/1998
f 3339/4444/1999 3311/4442/1999 3309/4439/1999
f 3339/4445/2000 3309/4442/2000 3357/4446/2000
f 3340/4447/2001 3357/4448/2001 3309/4442/2001 3308/4439/2001
f 3340/4449/2002 3308/4442/2002 3313/4450/2002 3342/4451/2002 3341/4452/2002
f 3313/4453/2003 3308/4442/2003 3354/4454/2003
f 3344/4455/2004 3345/4456/2004 3346/4457/2004 3359/4458/2004 3312/4442/2004 3347/4459/2004 3343/4460/2004
f 3312/4439/2005 3359/4461/2005 3351/4462/2005
f 3347/4463/2006 3312/4442/2006 3349/4464/2006 3348/4465/2006
f 3350/4466/2007 3349/4467/2007 3312/4442/2007 3309/4439/2007
f 3309/4442/2008 3311/4439/2008 3337/4468/2008 3350/4469/2008
f 3352/4470/2009 3309/4471/2009 3312/4442/2009 3351/4472/2009
f 3353/4473/2010 3310/4439/2010 3309/4471/2010 3352/4474/2010
f 3310/4442/2011 3356/4475/2011 3309/4471/2011
f 3309/4471/2012 3356/4476/2012 3360/4477/2012 3308/4439/2012
f 3354/4478/2013 3308/4471/2013 3360/4479/2013 3355/4480/2013
f 3353/4481/2014 3356/4482/2014 3310/4442/2014
s 1
f 3358/4483/2015 3335/4484/2016 3321/4484/2017 3325/4483/2018
f 3322/4485/2019 3336/4485/2020 3334/4486/2021 3326/4487/2022
f 3328/4488/2023 3317/4488/2024 3318/4489/2025 3320/4490/2026 3323/4491/2027
f 3358/4483/2015 3325/4483/2018 3324/4492/2028 3319/4492/2029
f 3329/4493/2030 3314/4494/2030 3315/4495/2030 3316/4496/2030 3317/4497/2024 3328/4488/2023 3327/4498/2030
f 3326/4486/2022 3334/4499/2021 3333/4500/2031 3332/4501/2031 3331/4502/2031 3330/4503/2031
f 3323/4490/2027 3320/4490/2026 3319/4492/2029 3324/4492/2028
f 3322/4485/2019 3321/4484/2017 3335/4504/2016 3336/4485/2020
g Lamparas_cell.066_Lamparas_cell.065
v -0.005078 3.699431 0.001383
v -0.016156 3.699238 0.005793
v -0.017312 4.243752 0.001597
v -0.005987 4.243752 0.001840
vn -0.0214 0.0077 0.9997
vn 0.3699 -0.0002 0.9291
vn 0.0214 0.0009 -0.9998
vn -0.3698 -0.0079 -0.9291
vt 1.000000 0.000000
vt 1.000000 0.915385
vt 0.084338 0.000000
vt 0.915385 0.915385
vt 0.000000 0.000000
vt 0.915634 0.000000
vt 0.915357 0.915357
vt 0.915634 0.915634
s 0
usemtl Material.015
f 3362/4505/2032 3364/4506/2032 3363/4507/2032
f 3364/4508/2033 3362/4509/2033 3361/4505/2033
f 3363/4510/2034 3364/4511/2034 3361/4509/2034
f 3363/4512/2035 3361/4509/2035 3362/4505/2035
g Lamparas_cell.067_Lamparas_cell.066
v 0.193361 2.789430 -0.129199
v 0.228084 2.789430 -0.045369
v 0.185059 2.788881 -0.123652
v 0.181282 2.832768 -0.121129
v 0.218292 2.788881 -0.043421
v 0.218411 2.771849 -0.028244
v 0.228237 2.767931 -0.031840
v 0.228205 2.772460 -0.029337
v 0.218449 2.766450 -0.031229
v 0.228171 2.777301 -0.026716
v 0.218370 2.777621 -0.025120
v 0.156480 2.749422 -0.166482
v 0.152197 2.755155 -0.170708
v 0.149945 2.749859 -0.159152
v 0.145382 2.755966 -0.163655
v 0.162263 2.741943 -0.160776
v 0.156104 2.741892 -0.153072
v 0.185338 2.741903 -0.123839
v 0.193647 2.741955 -0.129391
v 0.217905 2.741752 -0.045216
v 0.227909 2.741796 -0.046678
v 0.218292 2.788881 -0.037355
v 0.217726 2.794455 -0.043308
v 0.203299 2.822307 -0.070749
v 0.211578 2.825317 -0.075667
v 0.228084 2.789430 -0.039896
v 0.227572 2.794460 -0.045267
v 0.206160 2.835433 -0.085697
v 0.197841 2.832768 -0.081151
v 0.138988 2.764577 -0.169963
v 0.145436 2.764260 -0.177378
v 0.148379 2.773178 -0.174344
v 0.188967 2.836852 -0.126264
v 0.167351 2.835671 -0.148303
v 0.160189 2.833886 -0.141711
v 0.143438 2.777817 -0.165383
v 0.154104 2.789430 -0.168455
v 0.147339 2.788881 -0.161372
v 0.228237 2.767931 -0.031840
v 0.228205 2.772460 -0.029337
v 0.218411 2.771849 -0.028244
v 0.218449 2.766450 -0.031229
v 0.218370 2.777621 -0.025120
v 0.228171 2.777301 -0.026716
v 0.156480 2.749422 -0.166482
v 0.152197 2.755155 -0.170708
v 0.149945 2.749859 -0.159152
v 0.145382 2.755966 -0.163655
v 0.156104 2.741892 -0.153072
v 0.162263 2.741943 -0.160776
v 0.185338 2.741903 -0.123839
v 0.217905 2.741752 -0.045216
v 0.193647 2.741955 -0.129391
v 0.227909 2.741796 -0.046678
v 0.217726 2.794455 -0.043308
v 0.203299 2.822307 -0.070749
v 0.218292 2.788881 -0.037355
v 0.228084 2.789430 -0.039896
v 0.227572 2.794460 -0.045267
v 0.211578 2.825317 -0.075667
v 0.197841 2.832768 -0.081151
v 0.145436 2.764260 -0.177378
v 0.138988 2.764577 -0.169963
v 0.148379 2.773178 -0.174344
v 0.206160 2.835433 -0.085697
v 0.188967 2.836852 -0.126264
v 0.143438 2.777817 -0.165383
v 0.147339 2.788881 -0.161372
v 0.181282 2.832768 -0.121129
v 0.167351 2.835671 -0.148303
v 0.160189 2.833886 -0.141711
v 0.154104 2.789430 -0.168455
vn 0.1268 -0.4792 0.8685
vn 0.1268 -0.4715 0.8727
vn -0.5370 -0.7224 -0.4357
vn -0.5280 -0.7341 -0.4270
vn 0.0039 -1.0000 -0.0035
vn 0.1281 -0.4909 0.8618
vn 0.1331 0.7297 0.6707
vn 0.1306 0.7325 0.6682
vn -0.5385 -0.7202 -0.4374
vn -0.6744 0.4310 -0.5995
vn -0.2691 0.9476 0.1724
vn -0.6628 0.4505 -0.5982
vn 0.7071 0.0071 -0.7071
vn 0.7070 0.0420 -0.7060
vn 0.8301 0.0572 -0.5547
vn 0.8315 0.0073 -0.5555
vn 0.9541 0.0055 -0.2995
vn 0.9790 0.0541 -0.1965
vn 0.9999 -0.0000 -0.0113
vn 0.9997 0.0243 -0.0086
vn 0.9525 0.1055 -0.2858
vn 0.8268 0.1076 -0.5521
vn 0.9179 0.1049 -0.3826
vn 0.7045 0.1064 -0.7017
vn -0.7071 -0.0070 0.7071
vn -0.8315 -0.0071 0.5555
vn -0.8298 -0.0557 0.5553
vn -0.7058 -0.0412 0.7072
vn -0.9791 -0.0524 0.1967
vn -0.9531 -0.0050 0.3027
vn -0.9999 0.0021 0.0168
vn -0.9997 -0.0226 0.0128
vn -0.9532 -0.1025 0.2843
vn -0.9192 -0.1010 0.3807
vn -0.8248 -0.1048 0.5557
vn -0.7012 -0.1044 0.7053
vt 0.777464 0.000000
vt 1.000000 0.191310
vt 1.000000 0.228076
vt 0.734694 0.000000
vt 0.228076 0.228076
vt 0.191310 0.191310
vt 0.272141 0.000000
vt 0.324438 0.000000
vt 1.000000 0.410523
vt 1.000000 0.437331
vt 0.516647 0.000000
vt 0.546273 0.000000
vt 0.487035 0.000000
vt 0.437331 0.437331
vt 0.410523 0.410523
vt 0.457178 0.000000
vt 0.634076 0.373679
vt 0.487034 0.487034
vt 0.457178 0.457178
vt 0.615041 0.335480
vt 1.000000 0.223517
vt 1.000000 0.267252
vt 0.290231 0.221380
vt 1.000000 0.222536
vt 1.000000 0.265306
vt 0.267252 0.267252
vt 0.773297 0.445704
vt 0.848213 0.523544
vt 1.000000 0.675562
vt 1.000000 0.727859
vt 0.836499 0.564102
vt 0.768905 0.493859
vt 0.359881 0.000000
vt 0.404113 0.000000
vt 0.404113 0.404113
vt 0.359881 0.359881
vt 0.294460 0.000000
vt 0.336094 0.032868
vt 1.000000 0.453727
vt 1.000000 0.483353
vt 0.457273 0.457273
vt 0.426155 0.426155
vt 0.611328 0.000000
vt 1.000000 0.426155
vt 1.000000 0.457273
vt 0.582949 0.000000
vt 0.441778 0.000000
vt 0.470257 0.000000
vt 0.663120 0.266022
vt 1.000000 0.669203
vt 1.000000 0.705540
vt 0.647394 0.283881
vt 0.587362 0.465202
vt 0.591994 0.591994
vt 0.562206 0.562206
vt 0.558216 0.452882
vt 0.528504 0.000000
vt 0.558281 0.011752
vt 0.879880 0.562915
vt 0.884020 0.569303
vt 0.890557 0.579448
vt 0.886462 0.593197
vt 0.881990 0.607494
vt 0.843750 0.607494
vt 0.843750 0.554595
vt 0.874292 0.554582
vt 0.782175 0.554418
vt 0.781250 0.607494
vt 0.768397 0.593979
vt 0.770199 0.588585
vt 0.771919 0.583538
vt 0.781250 0.556999
vt 0.781250 0.607494
vt 0.777480 0.607494
vt 0.781250 0.612978
vt 0.781250 0.612978
vt 0.843750 0.656673
vt 0.811970 0.656673
vt 0.804764 0.646624
vt 0.865947 0.656673
vt 0.887502 0.590994
vt 0.890763 0.580279
vt 0.884303 0.570636
vt 0.879694 0.563797
vt 0.873474 0.554876
vt 0.843750 0.554888
vt 0.882142 0.607494
vt 0.781250 0.558331
vt 0.781250 0.558331
vt 0.772461 0.582376
vt 0.770319 0.588422
vt 0.768074 0.594885
vt 0.776885 0.607494
vt 0.781250 0.613741
vt 0.811958 0.656673
vt 0.781250 0.613741
vt 0.803415 0.644950
vt 0.882142 0.607494
vt 0.865830 0.656673
s 0
usemtl Material.015
f 3403/4513/2036 3404/4514/2036 3405/4515/2036 3406/4516/2036
f 3405/4517/2037 3404/4518/2037 3408/4519/2037 3407/4520/2037
f 3409/4521/2038 3411/4522/2038 3412/4523/2038 3410/4524/2038
f 3413/4525/2039 3411/4526/2039 3409/4527/2039 3414/4528/2039
f 3415/4529/2040 3413/4530/2040 3414/4531/2040 3417/4532/2040 3418/4533/2040 3416/4534/2040
f 3418/4535/2041 3403/4536/2041 3406/4537/2041 3416/4538/2041
f 3419/4539/2042 3421/4540/2042 3407/4541/2042 3408/4542/2042 3422/4543/2042 3423/4544/2042 3424/4545/2042 3420/4546/2042
f 3420/4547/2043 3424/4548/2043 3429/4549/2043 3425/4550/2043
f 3410/4551/2044 3412/4552/2044 3427/4553/2044 3426/4554/2044
f 3428/4555/2045 3426/4556/2045 3427/4557/2045 3431/4558/2045
f 3434/4559/2046 3435/4560/2046 3433/4561/2046 3425/4562/2046 3429/4563/2046 3430/4564/2046
f 3401/4565/2047 3428/4566/2047 3431/4567/2047 3432/4568/2047 3435/4569/2047 3434/4570/2047
s 1
f 3376/4571/2048 3377/4572/2048 3395/4573/2048 3396/4574/2048 3436/4575/2049 3365/4576/2050 3383/4577/2051 3380/4578/2048
f 3385/4579/2052 3383/4577/2051 3365/4576/2050 3366/4580/2053
f 3374/4581/2054 3372/4582/2054 3371/4583/2054 3385/4584/2052 3366/4585/2053 3390/4586/2055
f 3366/4585/2053 3391/4587/2056 3390/4586/2055
f 3391/4588/2056 3366/4580/2053 3365/4576/2050 3397/4589/2057 3392/4590/2058 3389/4591/2058
f 3397/4589/2057 3365/4576/2050 3436/4575/2049 3398/4592/2059
f 3400/4593/2060 3394/4594/2060 3379/4595/2060 3378/4596/2060 3381/4597/2060 3382/4598/2061 3367/4576/2062 3402/4599/2063
f 3369/4580/2064 3367/4576/2062 3382/4598/2061 3384/4600/2065
f 3369/4585/2064 3384/4601/2065 3373/4602/2066 3370/4603/2066 3375/4604/2066 3386/4605/2067
f 3369/4585/2064 3386/4605/2067 3387/4606/2068
f 3393/4607/2069 3368/4589/2070 3367/4576/2062 3369/4580/2064 3387/4608/2068 3388/4609/2069
f 3402/4610/2063 3367/4576/2062 3368/4589/2070 3399/4611/2071
g Lamparas_cell.068_Lamparas_cell.067
v 0.044455 2.834534 -0.223490
v 0.129199 2.789430 -0.193360
v 0.126597 2.834534 -0.189466
v 0.123652 2.788881 -0.185058
v 0.121129 2.832768 -0.181282
v 0.151228 2.857023 -0.156761
v 0.145836 2.853995 -0.146885
v 0.033242 2.850932 -0.207974
v 0.041299 2.852019 -0.207623
v 0.034410 2.853389 -0.218703
v 0.043441 2.854625 -0.218389
v 0.123103 2.858828 -0.184237
v 0.116891 2.855948 -0.174939
v 0.037480 2.843339 -0.221255
v 0.036903 2.839386 -0.211700
v 0.056975 2.765389 -0.212855
v 0.051056 2.788881 -0.215129
v 0.042800 2.819644 -0.215169
v 0.039046 2.832768 -0.213836
v 0.044777 2.818631 -0.225110
v 0.052615 2.789430 -0.225082
v 0.058744 2.765113 -0.222732
v 0.123748 2.764733 -0.185202
v 0.129300 2.764420 -0.193511
v 0.137442 2.764794 -0.171508
v 0.143889 2.764485 -0.178922
v 0.141160 2.775170 -0.167687
v 0.147350 2.774145 -0.175364
v 0.160147 2.815105 -0.158714
v 0.153311 2.814214 -0.151763
v 0.145989 2.788881 -0.162722
v 0.152732 2.789430 -0.169828
v 0.158632 2.832768 -0.143778
v 0.165715 2.834534 -0.150348
v 0.155949 2.852925 -0.153510
v 0.034410 2.853389 -0.218703
v 0.043441 2.854625 -0.218389
v 0.033242 2.850932 -0.207974
v 0.041299 2.852019 -0.207623
v 0.116891 2.855948 -0.174939
v 0.151228 2.857023 -0.156761
v 0.123103 2.858828 -0.184237
v 0.036903 2.839386 -0.211700
v 0.037480 2.843339 -0.221255
v 0.056975 2.765389 -0.212855
v 0.051056 2.788881 -0.215129
v 0.042800 2.819644 -0.215169
v 0.039046 2.832768 -0.213836
v 0.044777 2.818631 -0.225110
v 0.052615 2.789430 -0.225082
v 0.058744 2.765113 -0.222732
v 0.123748 2.764733 -0.185202
v 0.137442 2.764794 -0.171508
v 0.129300 2.764420 -0.193511
v 0.143889 2.764485 -0.178922
v 0.141160 2.775170 -0.167687
v 0.147350 2.774145 -0.175364
v 0.160147 2.815105 -0.158714
v 0.152732 2.789430 -0.169828
v 0.153311 2.814214 -0.151763
v 0.145989 2.788881 -0.162722
v 0.158632 2.832768 -0.143778
v 0.165715 2.834534 -0.150348
v 0.044455 2.834534 -0.223490
v 0.155949 2.852925 -0.153510
v 0.145836 2.853995 -0.146885
vn 0.3835 0.8033 0.4556
vn -0.1405 0.9680 0.2081
vn -0.9546 -0.2506 -0.1613
vn -0.9431 -0.2432 -0.2267
vn -0.0199 -0.9995 0.0244
vn 0.6620 -0.4562 0.5947
vn 0.6649 -0.4500 0.5962
vn 0.6655 -0.4478 0.5971
vn 0.5408 0.4230 0.7270
vn 0.3827 0.0071 -0.9239
vn 0.3819 0.0619 -0.9221
vn 0.5547 0.0550 -0.8302
vn 0.5559 0.0073 -0.8312
vn 0.7071 0.0071 -0.7071
vn 0.7055 0.0683 -0.7055
vn -0.0000 -0.3072 0.9517
vn -0.3246 -0.2151 0.9211
vn -0.2139 -0.2963 0.9308
vn -0.0000 0.2461 -0.9693
vn 0.2003 0.2506 -0.9472
vn 0.3187 0.1865 -0.9293
vn 0.5469 0.1758 -0.8185
vn 0.6962 0.1748 -0.6962
vn 0.7035 0.1013 -0.7035
vn 0.5380 0.2506 -0.8048
vn 0.3807 0.1013 -0.9191
vn -0.5559 -0.0071 0.8312
vn -0.5542 -0.0587 0.8303
vn -0.3805 -0.0706 0.9221
vn -0.3827 -0.0070 0.9239
vn -0.7071 -0.0070 0.7071
vn -0.7055 -0.0681 0.7055
vn -0.6729 -0.3072 0.6729
vn -0.5266 -0.2991 0.7958
vn -0.5419 -0.2034 0.8155
vn -0.6921 -0.2052 0.6921
vn -0.7035 -0.1010 0.7035
vn -0.3779 -0.1163 0.9185
vn 0.6854 0.2461 -0.6854
vt 1.000000 0.478818
vt 0.442595 0.000000
vt 0.475002 0.000000
vt 1.000000 0.235722
vt 1.000000 0.277786
vt 0.965854 0.279178
vt 0.631999 0.407476
vt 0.508425 0.508425
vt 0.478818 0.478818
vt 0.610065 0.371034
vt 0.961766 0.236970
vt 0.286162 0.000000
vt 0.277786 0.277786
vt 0.235722 0.235722
vt 0.245433 0.000000
vt 0.772666 0.272109
vt 0.475757 0.271607
vt 0.349453 0.277138
vt 0.286162 0.286162
vt 0.245433 0.245433
vt 0.329809 0.236009
vt 0.482854 0.229283
vt 0.764678 0.229717
vt 1.000000 0.239992
vt 1.000000 0.282047
vt 1.000000 0.457929
vt 0.842117 0.399650
vt 0.282047 0.282047
vt 0.239992 0.239992
vt 0.831799 0.364258
vt 1.000000 0.426346
vt 0.457929 0.457929
vt 0.426346 0.426346
vt 0.386297 0.000000
vt 0.414910 0.000000
vt 1.000000 0.448755
vt 1.000000 0.474643
vt 0.619231 0.433551
vt 0.414910 0.414910
vt 0.386297 0.386297
vt 0.614078 0.407083
vt 0.983659 0.454085
vt 0.474643 0.474643
vt 0.448755 0.448755
vt 1.000000 0.426779
vt 1.000000 0.488125
vt 1.000000 0.517540
vt 0.478051 0.478051
vt 0.449396 0.449396
vt 0.958825 0.580398
vt 0.963347 0.607494
vt 0.906250 0.607494
vt 0.906250 0.579626
vt 0.892061 0.579699
vt 0.906250 0.579626
vt 0.883326 0.607494
vt 0.888647 0.590462
vt 0.906679 0.656673
vt 0.968750 0.656673
vt 0.955130 0.656673
vt 0.866336 0.656673
vt 0.884705 0.711322
vt 0.968750 0.678609
vt 0.949750 0.711322
vt 0.919022 0.711322
vt 0.906250 0.656673
vt 0.867362 0.656673
vt 0.874351 0.635489
vt 0.906250 0.683199
vt 0.968750 0.639333
vt 0.906250 0.580454
vt 0.962803 0.607494
vt 0.958238 0.581188
vt 0.888502 0.592140
vt 0.883515 0.607494
vt 0.906250 0.580454
vt 0.892334 0.580522
vt 0.878441 0.683517
vt 0.906250 0.685599
vt 0.866835 0.658894
vt 0.883515 0.607494
vt 0.874260 0.635882
vt 0.867283 0.656673
vt 0.906250 0.685599
vt 0.968750 0.680695
vt 0.968750 0.641966
vt 0.867362 0.656673
vt 0.906250 0.683199
vt 0.877963 0.681228
vt 0.873892 0.676753
s 0
usemtl Material.015
f 3477/4612/2072 3502/4613/2072 3501/4614/2072
f 3472/4615/2073 3474/4616/2073 3475/4617/2073 3476/4618/2073 3502/4619/2073 3477/4620/2073 3478/4621/2073 3473/4622/2073
f 3479/4623/2074 3474/4624/2074 3472/4625/2074 3480/4626/2074
f 3482/4627/2075 3483/4628/2075 3484/4629/2075 3479/4630/2075 3480/4631/2075 3437/4632/2075 3485/4633/2075 3486/4634/2075 3487/4635/2075 3481/4636/2075
f 3489/4637/2076 3488/4638/2076 3481/4639/2076 3487/4640/2076 3490/4641/2076 3491/4642/2076
f 3489/4643/2077 3491/4644/2077 3493/4645/2077 3492/4646/2077
f 3494/4647/2078 3496/4648/2078 3497/4649/2078 3492/4650/2078 3493/4651/2078 3495/4652/2078
f 3498/4653/2079 3496/4654/2079 3494/4655/2079 3499/4656/2079
f 3501/4657/2080 3502/4658/2080 3498/4659/2080 3499/4660/2080
s 1
f 3458/4661/2081 3457/4662/2082 3438/4663/2083 3460/4664/2084
f 3462/4665/2085 3460/4666/2084 3438/4663/2083 3468/4667/2086 3464/4668/2085
f 3451/4669/2087 3455/4670/2088 3445/4671/2089 3444/4672/2087
f 3446/4673/2090 3447/4674/2091 3500/4675/2092 3450/4676/2090
f 3468/4667/2086 3438/4663/2083 3439/4677/2093 3470/4678/2094 3465/4679/2095
f 3439/4677/2093 3500/4670/2092 3447/4674/2091 3448/4680/2096
f 3500/4670/2092 3439/4677/2093 3438/4663/2083 3457/4662/2082 3456/4681/2097
f 3459/4682/2098 3440/4663/2099 3453/4683/2100 3452/4684/2101
f 3463/4685/2102 3467/4686/2103 3440/4663/2099 3459/4687/2098 3461/4688/2102
f 3443/4689/2104 3449/4690/2105 3441/4677/2106 3469/4691/2107
f 3441/4677/2106 3440/4663/2099 3467/4692/2103 3466/4693/2108 3469/4694/2107
f 3455/4670/2088 3441/4677/2106 3449/4695/2105 3445/4696/2089
f 3453/4683/2100 3440/4663/2099 3441/4677/2106 3455/4670/2088 3454/4697/2109
f 3470/4698/2094 3439/4677/2093 3448/4699/2096 3442/4700/2110 3471/4701/2110
g Lamparas_cell.069_Lamparas_cell.068
v 0.191239 2.934528 -0.038040
v 0.182370 2.930259 -0.036276
v 0.177525 2.901307 -0.072391
v 0.174249 2.912198 -0.071116
v 0.186832 2.907565 -0.076250
v 0.183333 2.917170 -0.074875
v 0.190577 2.904833 -0.037908
v 0.202529 2.905679 0.011785
v 0.192899 2.897636 0.027690
v 0.200387 2.911151 -0.039859
v 0.177058 2.934528 -0.072276
v 0.178985 2.929179 -0.073093
v 0.168864 2.930259 -0.068881
v 0.170726 2.923990 -0.069675
v 0.157120 2.950270 -0.063936
v 0.167416 2.953792 -0.068206
v 0.191808 2.894941 0.043279
v 0.193273 2.896478 0.038444
v 0.203697 2.902694 0.040477
v 0.201565 2.908141 0.036336
v 0.180823 2.932689 0.015099
v 0.191348 2.902444 0.038061
v 0.191239 2.934528 0.016059
v 0.168782 2.951597 -0.021960
v 0.180080 2.955067 -0.019712
v 0.169462 2.950531 -0.000512
v 0.180613 2.954086 -0.000473
v 0.168435 2.952143 -0.033504
v 0.179658 2.955844 -0.035736
v 0.186832 2.907565 -0.076250
v 0.183333 2.917170 -0.074875
v 0.177525 2.901307 -0.072391
v 0.174249 2.912198 -0.071116
v 0.200387 2.911151 -0.039859
v 0.202529 2.905679 0.011785
v 0.190577 2.904833 -0.037908
v 0.192899 2.897636 0.027690
v 0.168864 2.930259 -0.068881
v 0.170726 2.923990 -0.069675
v 0.157120 2.950270 -0.063936
v 0.177058 2.934528 -0.072276
v 0.167416 2.953792 -0.068206
v 0.178985 2.929179 -0.073093
v 0.191808 2.894941 0.043279
v 0.193273 2.896478 0.038444
v 0.203697 2.902694 0.040477
v 0.201565 2.908141 0.036336
v 0.191239 2.934528 0.016059
v 0.180080 2.955067 -0.019712
v 0.180613 2.954086 -0.000473
v 0.168782 2.951597 -0.021960
v 0.169462 2.950531 -0.000512
v 0.179658 2.955844 -0.035736
v 0.168435 2.952143 -0.033504
v 0.180823 2.932689 0.015099
v 0.191348 2.902444 0.038061
vn -0.3796 -0.0059 -0.9251
vn 0.5224 -0.8454 -0.1112
vn -0.3840 0.0029 -0.9233
vn -0.3818 -0.0011 -0.9242
vn 0.5247 -0.8442 -0.1092
vn -0.1689 0.5537 0.8154
vn -0.1730 0.5565 0.8126
vn -0.3034 0.9511 0.0569
vn -0.3030 0.9515 0.0541
vn -0.1813 0.5775 0.7960
vn 0.8787 0.4774 -0.0000
vn 0.9171 0.3988 -0.0000
vn 0.8876 0.4254 -0.1766
vn 0.8581 0.4846 -0.1700
vn 0.9312 0.3644 -0.0000
vn 0.9111 0.3706 -0.1804
vn 0.8378 0.4216 -0.3470
vn 0.8118 0.4774 -0.3363
vn 0.8603 0.3644 -0.3564
vn -0.8792 -0.3072 -0.3642
vn -0.9445 -0.3203 -0.0729
vn -0.9242 -0.3177 -0.2117
vn -0.8870 -0.4273 0.1751
vn -0.9205 -0.3908 -0.0035
vn -0.8435 -0.5371 -0.0000
vn -0.8227 -0.5445 0.1630
vn -0.9476 -0.3193 -0.0050
vn -0.9301 -0.3189 0.1820
vn -0.7793 -0.5371 0.3228
vn -0.8361 -0.4254 0.3463
vn -0.8792 -0.3072 0.3642
vt 1.000000 0.365713
vt 1.000000 0.402667
vt 0.623171 0.000000
vt 0.655871 0.000000
vt 0.527604 0.177082
vt 0.788834 0.000000
vt 0.888236 0.000000
vt 0.555691 0.222823
vt 0.402667 0.402667
vt 0.365713 0.365713
vt 0.860494 0.302323
vt 0.346807 0.000000
vt 0.402071 0.000000
vt 0.876982 0.283877
vt 1.000000 0.359467
vt 1.000000 0.389210
vt 1.000000 0.344129
vt 1.000000 0.376829
vt 0.389210 0.389210
vt 0.359467 0.359467
vt 0.917345 0.032724
vt 1.000000 0.111764
vt 1.000000 0.211166
vt 0.777435 0.000000
vt 0.899804 0.000000
vt 0.899805 0.899805
vt 0.777435 0.777435
vt 1.000000 0.797860
vt 0.490120 0.072898
vt 0.848082 0.802198
vt 0.901136 0.901136
vt 0.797860 0.797860
vt 0.416030 0.000000
vt 1.000000 0.529176
vt 1.000000 0.589921
vt 0.392066 0.000000
vt 0.454241 0.000000
vt 1.000000 0.597929
vt 1.000000 0.653193
vt 0.692307 0.591954
vt 0.589921 0.589921
vt 0.529176 0.529176
vt 0.671083 0.531674
vt 1.000000 0.542617
vt 1.000000 0.583970
vt 0.454241 0.454241
vt 0.392066 0.392066
vt 0.750156 0.795628
vt 0.736807 0.778329
vt 0.781250 0.778329
vt 0.781250 0.797183
vt 0.767008 0.796496
vt 0.721660 0.742926
vt 0.718782 0.735618
vt 0.740774 0.739623
vt 0.781250 0.746965
vt 0.811692 0.778329
vt 0.811464 0.795368
vt 0.781250 0.797183
vt 0.811714 0.755041
vt 0.811712 0.771153
vt 0.811677 0.742154
vt 0.716389 0.738266
vt 0.718750 0.743620
vt 0.718750 0.736174
vt 0.736869 0.780666
vt 0.749906 0.797821
vt 0.769927 0.798846
vt 0.781250 0.799371
vt 0.727323 0.737620
vt 0.718750 0.736174
vt 0.735275 0.778329
vt 0.781250 0.746601
vt 0.811103 0.797571
vt 0.811653 0.778329
vt 0.781250 0.799371
vt 0.811708 0.755791
vt 0.811674 0.742200
vt 0.781250 0.746601
vt 0.811688 0.770507
s 0
usemtl Material.015
f 3532/4702/2111 3534/4703/2111 3535/4704/2111 3533/4705/2111
f 3536/4706/2112 3537/4707/2112 3539/4708/2112 3538/4709/2112 3534/4710/2112 3532/4711/2112
f 3540/4712/2113 3542/4713/2113 3544/4714/2113 3543/4715/2113 3545/4716/2113 3541/4717/2113
f 3533/4718/2114 3535/4719/2114 3541/4720/2114 3545/4721/2114
f 3547/4722/2115 3539/4723/2115 3537/4724/2115 3548/4725/2115 3546/4726/2115
f 3546/4727/2116 3548/4728/2116 3549/4729/2116
f 3557/4730/2117 3524/4731/2117 3546/4732/2117 3549/4733/2117 3550/4734/2117
f 3551/4735/2118 3553/4736/2118 3554/4737/2118 3552/4738/2118
f 3544/4739/2119 3542/4740/2119 3556/4741/2119 3553/4742/2119 3551/4743/2119 3555/4744/2119
f 3557/4745/2120 3550/4746/2120 3552/4747/2120 3554/4748/2120
s 1
f 3529/4749/2121 3525/4750/2122 3503/4751/2123 3531/4752/2124 3527/4753/2121
f 3522/4754/2125 3521/4755/2125 3510/4756/2125 3512/4757/2126 3503/4751/2123 3525/4750/2122
f 3503/4751/2123 3513/4758/2127 3518/4759/2128 3531/4760/2124
f 3508/4761/2129 3514/4762/2129 3513/4758/2127 3503/4751/2123 3512/4757/2126 3507/4763/2129
f 3519/4764/2130 3558/4765/2131 3520/4766/2132
f 3504/4751/2133 3523/4767/2134 3528/4768/2135 3526/4769/2135 3530/4770/2136
f 3511/4771/2137 3520/4772/2132 3558/4765/2131 3523/4773/2134 3504/4751/2133 3509/4774/2138
f 3517/4775/2139 3515/4776/2140 3504/4751/2133 3530/4777/2136
f 3506/4778/2141 3505/4779/2141 3509/4780/2138 3504/4751/2133 3515/4776/2140 3516/4781/2141
g Lamparas_cell.070_Lamparas_cell.069
v 0.119399 2.884585 0.178693
v 0.094832 2.842674 0.200386
v 0.098402 2.837747 0.200261
v 0.090462 2.842482 0.190591
v 0.094619 2.836964 0.190797
v 0.066603 2.884585 0.200562
v 0.050183 2.899833 0.187239
v 0.052434 2.903969 0.198220
v 0.140734 2.906244 0.145372
v 0.114063 2.908658 0.170707
v 0.108045 2.904331 0.161700
v 0.132937 2.902016 0.137864
v 0.162905 2.904044 0.124418
v 0.153603 2.899908 0.118162
v 0.150596 2.884914 0.128012
v 0.160837 2.890563 0.133947
v 0.159845 2.884585 0.138247
v 0.142075 2.844863 0.154815
v 0.149909 2.846329 0.161919
v 0.147621 2.837954 0.167214
v 0.140330 2.837155 0.160078
v 0.120267 2.837482 0.179992
v 0.126054 2.838308 0.188653
v 0.090462 2.842482 0.190591
v 0.094619 2.836964 0.190797
v 0.094832 2.842674 0.200386
v 0.098402 2.837747 0.200261
v 0.066603 2.884585 0.200562
v 0.052434 2.903969 0.198220
v 0.050183 2.899833 0.187239
v 0.114063 2.908658 0.170707
v 0.140734 2.906244 0.145372
v 0.108045 2.904331 0.161700
v 0.132937 2.902016 0.137864
v 0.162905 2.904044 0.124418
v 0.153603 2.899908 0.118162
v 0.160837 2.890563 0.133947
v 0.150596 2.884914 0.128012
v 0.142075 2.844863 0.154815
v 0.159845 2.884585 0.138247
v 0.149909 2.846329 0.161919
v 0.147621 2.837954 0.167214
v 0.140330 2.837155 0.160078
v 0.120267 2.837482 0.179992
v 0.126054 2.838308 0.188653
vn -0.7550 -0.5559 0.3478
vn -0.7744 -0.5231 0.3558
vn -0.2078 0.9287 -0.3072
vn -0.2028 0.9282 -0.3121
vn 0.6244 -0.5125 -0.5895
vn 0.6246 -0.5218 -0.5811
vn 0.6210 -0.5330 -0.5748
vn 0.0470 -0.9969 0.0637
vn 0.3618 0.3261 0.8734
vn 0.5284 0.3089 0.7908
vn 0.5162 0.3706 0.7721
vn 0.3564 0.3644 0.8603
vn 0.5375 0.2506 0.8052
vn 0.3709 0.2461 0.8955
vn 0.6585 0.3644 0.6585
vn 0.6685 0.3260 0.6685
vn 0.6854 0.2461 0.6854
vn -0.3642 -0.3072 -0.8792
vn -0.5279 -0.3126 -0.7897
vn -0.5273 -0.3126 -0.7901
vn -0.6729 -0.3072 -0.6729
vt 0.586205 0.000000
vt 0.630971 0.000000
vt 1.000000 0.309315
vt 1.000000 0.348210
vt 1.000000 0.319851
vt 1.000000 0.363332
vt 0.348210 0.348210
vt 0.309315 0.309315
vt 0.774642 0.309940
vt 0.748327 0.427892
vt 1.000000 0.527781
vt 1.000000 0.557590
vt 0.764171 0.463610
vt 0.363332 0.363332
vt 0.319851 0.319851
vt 1.000000 0.442043
vt 1.000000 0.477672
vt 0.557590 0.557590
vt 0.527782 0.527782
vt 0.503703 0.000000
vt 0.547609 0.000000
vt 0.477672 0.477672
vt 0.442043 0.442043
vt 0.547609 0.547609
vt 0.503703 0.503703
vt 0.571834 0.508168
vt 1.000000 0.552037
vt 1.000000 0.585514
vt 0.552037 0.552037
vt 1.000000 0.527399
vt 1.000000 0.561002
vt 0.585514 0.585514
vt 0.773143 0.465889
vt 0.561002 0.561002
vt 0.527399 0.527399
vt 0.755538 0.425000
vt 1.000000 0.369029
vt 1.000000 0.413795
vt 0.551157 0.711322
vt 0.593750 0.711322
vt 0.593750 0.743620
vt 0.541740 0.737329
vt 0.593750 0.660794
vt 0.570394 0.665561
vt 0.572631 0.660181
vt 0.639442 0.719342
vt 0.646275 0.737430
vt 0.623006 0.740382
vt 0.593750 0.743619
vt 0.636382 0.711322
vt 0.615298 0.660407
vt 0.619159 0.669552
vt 0.636382 0.711322
vt 0.593750 0.660794
vt 0.573270 0.661909
vt 0.570752 0.668794
vt 0.542352 0.740361
vt 0.593750 0.745975
vt 0.593750 0.662555
vt 0.593750 0.745975
vt 0.622836 0.743086
vt 0.645992 0.740455
vt 0.638413 0.721745
vt 0.618671 0.671766
vt 0.614848 0.662147
vt 0.593750 0.662555
s 0
usemtl Material.015
f 3583/4782/2142 3585/4783/2142 3584/4784/2142 3582/4785/2142
f 3587/4786/2143 3588/4787/2143 3582/4788/2143 3584/4789/2143 3586/4790/2143
f 3589/4791/2144 3590/4792/2144 3592/4793/2144 3591/4794/2144 3588/4795/2144 3587/4796/2144
f 3593/4797/2145 3594/4798/2145 3592/4799/2145 3590/4800/2145
f 3595/4801/2146 3596/4802/2146 3594/4803/2146 3593/4804/2146
f 3596/4805/2147 3595/4806/2147 3598/4807/2147 3599/4808/2147 3597/4809/2147
f 3599/4810/2148 3600/4811/2148 3601/4812/2148 3597/4813/2148
f 3602/4814/2149 3601/4815/2149 3600/4816/2149 3603/4817/2149 3585/4818/2149 3583/4819/2149
s 1
f 3564/4820/2150 3559/4821/2151 3568/4822/2152 3566/4823/2153
f 3581/4824/2154 3559/4821/2151 3564/4820/2150 3560/4825/2155 3561/4826/2155
f 3574/4827/2156 3571/4828/2156 3567/4829/2156 3568/4830/2152 3559/4821/2151 3575/4831/2157
f 3578/4832/2158 3577/4833/2158 3575/4834/2157 3559/4821/2151 3581/4835/2154
f 3563/4836/2159 3562/4837/2159 3565/4838/2159 3569/4839/2160 3580/4840/2161
f 3569/4841/2160 3570/4842/2162 3572/4843/2162 3573/4844/2162 3576/4845/2162 3579/4846/2162 3580/4847/2161
g Lamparas_cell.071_Lamparas_cell.070
v -0.017815 3.699140 -0.000588
v -0.002318 3.698779 -0.000721
v -0.019225 4.243753 -0.012846
v -0.018354 4.243753 -0.000671
v -0.022110 4.238288 -0.005881
v -0.021933 3.699080 -0.006294
v -0.019381 3.698682 -0.012453
v -0.002183 4.243753 -0.000969
v -0.022108 4.243753 -0.005884
v -0.016676 4.140152 -0.015394
v -0.006886 4.243753 -0.005674
v -0.022110 4.238288 -0.005881
v -0.021933 3.699080 -0.006294
v -0.018354 4.243753 -0.000671
v -0.002183 4.243753 -0.000969
v -0.022108 4.243753 -0.005884
v -0.019381 3.698682 -0.012453
v -0.006886 4.243753 -0.005674
v -0.016676 4.140152 -0.015394
v -0.019225 4.243753 -0.012846
vn -0.8109 -0.0007 0.5852
vn -0.0273 -0.9987 0.0422
vn 0.0086 0.0002 1.0000
vn 0.0184 0.0005 0.9998
vn 0.5023 0.0336 -0.8641
vn 0.6486 -0.0042 -0.7611
vn -0.9239 -0.0000 -0.3827
vn -0.5494 0.8040 -0.2276
vn -0.6855 0.6675 -0.2907
vn -0.9231 -0.0000 -0.3846
vn -0.7130 -0.0003 -0.7012
vn -0.0000 1.0000 -0.0000
vt 0.083482 0.000000
vt 0.092669 0.000000
vt 1.000000 0.898538
vt 1.000000 1.000000
vt 0.083566 0.083566
vt 0.448076 0.000000
vt 1.000000 0.000000
vt 0.733047 0.733047
vt 1.000000 0.083565
vt 0.000000 0.000000
vt 0.916485 0.916485
vt 0.916100 0.000000
vt 1.000000 0.083868
vt 1.000000 0.257952
vt 0.823990 0.083842
vt 0.083868 0.083868
vt 0.083900 0.000000
vt 1.000000 0.258709
vt 0.257952 0.257952
vt 0.205370 1.000000
vt 0.208472 1.000000
vt 0.208450 1.000000
vt 0.156250 1.000000
vt 0.159171 1.000000
vt 0.131116 1.000000
vt 0.131283 1.000000
vt 0.218750 1.000000
vt 0.431218 1.000000
vt 0.116233 1.000000
vt 0.201819 1.000000
s 0
usemtl Material.015
f 3619/4848/2163 3615/4849/2163 3616/4850/2163 3604/4851/2163 3617/4852/2163
f 3620/4853/2164 3605/4854/2164 3604/4851/2164 3616/4855/2164
f 3617/4856/2165 3604/4851/2165 3605/4857/2165
f 3617/4858/2166 3605/4857/2166 3618/4859/2166
f 3621/4860/2167 3622/4861/2167 3606/4862/2167
f 3621/4863/2168 3618/4864/2168 3605/4854/2168 3620/4865/2168 3622/4866/2168
s 1
f 3609/4867/2169 3608/4868/2169 3612/4869/2170 3623/4870/2171 3610/4871/2172
f 3623/4872/2171 3613/4873/2173 3610/4870/2172
f 3607/4874/2174 3611/4875/2174 3614/4876/2174 3623/4870/2171 3612/4877/2170
g Lamparas_cell.072_Lamparas_cell.071
v -0.193943 2.692958 -0.129588
v -0.185629 2.692887 -0.124033
v -0.210987 2.692958 -0.088441
v -0.210913 2.708246 -0.088335
v -0.201470 2.703771 -0.085590
v -0.201521 2.692887 -0.085665
v -0.210655 2.740207 -0.088363
v -0.201180 2.740158 -0.085622
v -0.193656 2.740461 -0.129397
v -0.156468 2.740521 -0.152721
v -0.185346 2.740394 -0.123845
v -0.162646 2.740597 -0.160406
v -0.156745 2.692887 -0.152916
v -0.162926 2.692958 -0.160605
v -0.210987 2.692958 -0.088441
v -0.201521 2.692887 -0.085665
v -0.201470 2.703771 -0.085590
v -0.210913 2.708246 -0.088335
v -0.210655 2.740207 -0.088363
v -0.201180 2.740158 -0.085622
v -0.185346 2.740394 -0.123845
v -0.156468 2.740521 -0.152721
v -0.193656 2.740461 -0.129397
v -0.162646 2.740597 -0.160406
v -0.162926 2.692958 -0.160605
v -0.156745 2.692887 -0.152916
vn -0.2815 -0.0053 0.9596
vn -0.2778 0.0031 0.9606
vn 0.0030 1.0000 0.0074
vn 0.7794 -0.0020 -0.6265
vn -0.6242 -0.6607 -0.4171
vn -0.6814 -0.6753 -0.2822
vn -0.9239 0.0071 -0.3827
vn -0.8311 0.0073 -0.5560
vn -0.5212 -0.6759 -0.5212
vn -0.7071 0.0071 -0.7071
vn 0.6275 -0.7340 0.2599
vn 0.5416 -0.7587 0.3619
vn 0.8311 -0.0071 0.5560
vn 0.9239 -0.0070 0.3827
vn 0.7071 -0.0070 0.7071
vn 0.4796 -0.7349 0.4796
vt 0.887798 0.510762
vt 1.000000 0.622302
vt 1.000000 0.668247
vt 0.842391 0.511577
vt 1.000000 0.668475
vt 0.668247 0.668247
vt 0.622302 0.622302
vt 1.000000 0.622582
vt 0.813179 0.328746
vt 0.905791 0.000000
vt 0.972545 0.000000
vt 0.873095 0.353022
vt 0.668475 0.668475
vt 0.622582 0.622582
vt 1.000000 0.027455
vt 1.000000 0.094209
vt 0.514018 0.093647
vt 0.513972 0.026855
vt 0.156250 0.500000
vt 0.186836 0.500000
vt 0.186881 0.517035
vt 0.186793 0.552647
vt 0.156250 0.552930
vt 0.126127 0.500000
vt 0.126075 0.553082
vt 0.186047 0.500000
vt 0.156250 0.553199
vt 0.185976 0.552934
vt 0.186081 0.512188
vt 0.126889 0.553341
vt 0.126942 0.500000
vt 0.186047 0.500000
s 0
usemtl Material.015
f 3639/4878/2175 3640/4879/2175 3641/4880/2175 3638/4881/2175
f 3642/4882/2176 3641/4883/2176 3640/4884/2176 3643/4885/2176
f 3644/4886/2177 3645/4887/2177 3647/4888/2177 3646/4889/2177 3642/4890/2177 3643/4891/2177
f 3647/4892/2178 3645/4893/2178 3649/4894/2178 3648/4895/2178
s 1
f 3624/4896/2179 3626/4897/2180 3627/4898/2181 3630/4899/2181 3632/4900/2182
f 3637/4901/2183 3624/4896/2179 3632/4900/2182 3635/4902/2184
f 3629/4903/2185 3625/4896/2186 3634/4904/2187 3631/4905/2188 3628/4906/2188
f 3633/4907/2189 3634/4904/2187 3625/4896/2186 3636/4908/2190
f 3626/4897/2180 3624/4896/2179 3625/4896/2186 3629/4909/2185
f 3636/4908/2190 3625/4896/2186 3624/4896/2179 3637/4901/2183
g Lamparas_cell.073_Lamparas_cell.072
v -0.193360 2.789430 -0.129199
v -0.185058 2.788881 -0.123652
v -0.206412 2.809328 -0.092393
v -0.197322 2.806241 -0.089440
v -0.160275 2.806401 -0.145920
v -0.183370 2.808498 -0.122524
v -0.166638 2.809499 -0.153030
v -0.191433 2.811750 -0.127911
v -0.154892 2.805874 -0.151379
v -0.160859 2.808934 -0.158891
v -0.161597 2.797542 -0.159793
v -0.155674 2.793768 -0.152335
v -0.156508 2.741750 -0.152669
v -0.162166 2.789430 -0.160394
v -0.162668 2.741777 -0.160372
v -0.210473 2.742349 -0.088762
v -0.200782 2.788881 -0.085693
v -0.201007 2.742283 -0.086002
v -0.209912 2.792835 -0.088334
v -0.193646 2.742105 -0.129390
v -0.185337 2.742055 -0.123838
v -0.208383 2.807607 -0.088094
v -0.199312 2.803156 -0.085453
v -0.206412 2.809328 -0.092393
v -0.191433 2.811750 -0.127911
v -0.197322 2.806241 -0.089440
v -0.183370 2.808498 -0.122524
v -0.160275 2.806401 -0.145920
v -0.166638 2.809499 -0.153030
v -0.154892 2.805874 -0.151379
v -0.160859 2.808934 -0.158891
v -0.161597 2.797542 -0.159793
v -0.155674 2.793768 -0.152335
v -0.162166 2.789430 -0.160394
v -0.162668 2.741777 -0.160372
v -0.200782 2.788881 -0.085693
v -0.201007 2.742283 -0.086002
v -0.210473 2.742349 -0.088762
v -0.193646 2.742105 -0.129390
v -0.156508 2.741750 -0.152669
v -0.185337 2.742055 -0.123838
v -0.209912 2.792835 -0.088334
v -0.208383 2.807607 -0.088094
v -0.199312 2.803156 -0.085453
vn 0.2647 0.9481 0.1763
vn 0.2682 0.9477 0.1730
vn 0.7827 -0.0014 -0.6223
vn 0.7810 -0.0085 -0.6245
vn -0.2799 -0.0050 0.9600
vn -0.0078 -1.0000 0.0028
vn 0.1682 0.8157 0.5534
vn -0.2734 0.0123 0.9618
vn -0.9230 0.0579 -0.3805
vn -0.8307 0.0547 -0.5540
vn -0.8320 0.0089 -0.5548
vn -0.9252 0.0104 -0.3794
vn -0.7061 0.0544 -0.7061
vn -0.7071 0.0071 -0.7071
vn -0.8271 0.1033 -0.5525
vn -0.7035 0.1013 -0.7035
vn -0.9191 0.1013 -0.3807
vn 0.8295 -0.0095 0.5585
vn 0.8294 -0.0543 0.5560
vn 0.9225 -0.0538 0.3821
vn 0.9239 -0.0070 0.3827
vn 0.7032 -0.0117 0.7109
vn 0.7041 -0.0597 0.7076
vn 0.7035 -0.1010 0.7035
vn 0.8271 -0.1029 0.5526
vn 0.9192 -0.1010 0.3807
vt 0.351859 0.000000
vt 0.396299 0.000000
vt 0.696518 0.231064
vt 1.000000 0.420861
vt 1.000000 0.451842
vt 0.674179 0.248071
vt 0.444399 0.000000
vt 0.477113 0.000000
vt 0.451842 0.451842
vt 0.420861 0.420861
vt 1.000000 0.482200
vt 0.477113 0.477113
vt 0.444399 0.444399
vt 1.000000 0.449791
vt 0.550330 0.412040
vt 0.482200 0.482200
vt 0.490826 0.407522
vt 0.857558 0.000000
vt 0.921165 0.000000
vt 0.621361 0.000000
vt 0.667772 0.046555
vt 0.668921 0.668921
vt 0.622703 0.622703
vt 1.000000 0.668921
vt 0.509693 0.354954
vt 0.078835 0.000000
vt 0.142442 0.000000
vt 0.543392 0.330315
vt 1.000000 0.622703
vt 0.122334 0.000000
vt 1.000000 0.603701
vt 1.000000 0.648141
vt 0.057726 0.000000
vt 0.120079 0.120079
vt 0.056659 0.056659
vt 1.000000 0.333832
vt 1.000000 0.378639
vt 0.186632 0.607494
vt 0.156250 0.607494
vt 0.156250 0.554762
vt 0.186492 0.555034
vt 0.156250 0.607494
vt 0.125863 0.607494
vt 0.126102 0.554397
vt 0.156250 0.631831
vt 0.131631 0.629377
vt 0.125910 0.628760
vt 0.125849 0.616339
vt 0.186316 0.628675
vt 0.183057 0.629189
vt 0.186613 0.611206
vt 0.156250 0.555059
vt 0.185820 0.607494
vt 0.185676 0.555313
vt 0.126936 0.554717
vt 0.126690 0.607494
vt 0.126681 0.612971
vt 0.126746 0.626536
vt 0.132309 0.627126
vt 0.156250 0.629476
vt 0.156250 0.629476
vt 0.182319 0.626947
vt 0.185548 0.623490
s 0
usemtl Material.015
f 3673/4910/2191 3675/4911/2191 3676/4912/2191 3677/4913/2191 3678/4914/2191 3674/4915/2191
f 3679/4916/2192 3680/4917/2192 3678/4918/2192 3677/4919/2192
f 3681/4920/2193 3680/4921/2193 3679/4922/2193 3682/4923/2193
f 3683/4924/2194 3681/4925/2194 3682/4926/2194 3689/4927/2194 3684/4928/2194
f 3685/4929/2195 3691/4930/2195 3687/4931/2195 3686/4932/2195
f 3687/4933/2196 3688/4934/2196 3684/4935/2196 3689/4936/2196 3690/4937/2196 3686/4938/2196
f 3693/4939/2197 3675/4940/2197 3673/4941/2197 3692/4942/2197
f 3693/4943/2198 3692/4944/2198 3691/4945/2198 3685/4946/2198
s 1
f 3668/4947/2199 3650/4948/2200 3669/4949/2201 3665/4950/2202
f 3650/4951/2200 3663/4952/2203 3664/4953/2204 3669/4949/2201
f 3663/4952/2203 3650/4951/2200 3657/4954/2205 3656/4955/2206 3659/4956/2206 3660/4957/2206
f 3671/4958/2207 3652/4959/2207 3657/4954/2205 3650/4948/2200 3668/4960/2199
f 3670/4961/2208 3651/4948/2209 3666/4962/2210 3667/4963/2211
f 3662/4964/2212 3661/4965/2213 3651/4951/2209 3670/4961/2208
f 3661/4966/2213 3658/4967/2214 3654/4968/2214 3655/4969/2215 3651/4951/2209
f 3666/4962/2210 3651/4948/2209 3655/4970/2215 3653/4971/2216 3672/4972/2216
g Lamparas_cell.074_Lamparas_cell.073
v -0.015432 3.139175 0.014675
v -0.019133 3.137373 0.004386
v -0.025013 3.131628 -0.000352
v -0.015974 3.133506 0.010674
v -0.021713 3.135589 0.020927
v -0.048894 3.079267 0.047668
v -0.055336 3.083820 0.054138
v -0.064700 3.068183 0.046149
v -0.019448 3.132841 0.000883
v -0.032095 3.131957 0.009967
v -0.026344 3.134577 0.017602
v -0.072632 3.074765 0.048531
v -0.067725 3.075516 0.052469
v -0.074525 3.075759 0.041589
v -0.058013 3.090531 0.011540
v -0.065818 3.096517 0.013092
v -0.051587 3.097581 -0.001426
v -0.060278 3.102586 0.001923
v -0.026774 3.124803 -0.001918
v -0.048048 3.115984 0.001676
v -0.042728 3.121812 0.001885
v -0.037522 3.127514 0.007463
v -0.048894 3.079267 0.047668
v -0.064700 3.068183 0.046149
v -0.019133 3.137373 0.004386
v -0.019448 3.132841 0.000883
v -0.032095 3.131957 0.009967
v -0.026344 3.134577 0.017602
v -0.072632 3.074765 0.048531
v -0.067725 3.075516 0.052469
v -0.058013 3.090531 0.011540
v -0.051587 3.097581 -0.001426
v -0.074525 3.075759 0.041589
v -0.065818 3.096517 0.013092
v -0.060278 3.102586 0.001923
v -0.026774 3.124803 -0.001918
v -0.048048 3.115984 0.001676
v -0.042728 3.121812 0.001885
v -0.037522 3.127514 0.007463
v -0.015974 3.133506 0.010674
v -0.055336 3.083820 0.054138
v -0.021713 3.135589 0.020927
v -0.025013 3.131628 -0.000352
vn 0.7879 -0.1061 0.6066
vn 0.3078 -0.5726 0.7599
vn 0.9183 0.1659 -0.3594
vn -0.3376 0.9220 0.1897
vn -0.3927 0.9195 -0.0197
vn -0.3870 -0.6884 0.6135
vn -0.6267 -0.7769 0.0597
vn -0.5222 0.6742 0.5222
vn -0.5935 0.6811 0.4288
vn -0.6078 0.6813 0.4079
vn -0.2458 0.2069 -0.9470
vn 0.0430 0.6090 -0.7920
vn -0.2722 0.2814 -0.9202
vn -0.4865 0.7956 -0.3611
vn -0.4870 0.7963 -0.3589
vn -0.4678 -0.6639 -0.5834
vn 0.7935 -0.5078 -0.3353
vn 0.8345 -0.4817 -0.2677
vn 0.9193 0.1987 -0.3397
vn 0.5226 -0.6736 -0.5226
vn 0.6125 -0.6812 -0.4011
vn 0.7029 -0.6753 -0.2233
vn 0.7464 -0.6637 -0.0478
vn -0.7385 0.6742 -0.0000
vn -0.7024 0.6796 0.2117
vn -0.6999 0.6791 0.2212
vn -0.6823 0.6742 0.2826
vt 0.076162 0.076162
vt 0.000000 0.000000
vt 0.100254 0.000000
vt 1.000000 0.321831
vt 1.000000 0.407069
vt 0.874982 0.000000
vt 0.350068 0.350068
vt 0.256619 0.256619
vt 0.641212 0.000000
vt 1.000000 0.217056
vt 0.714690 0.149825
vt 0.899602 0.899602
vt 1.000000 0.899746
vt 1.000000 1.000000
vt 1.000000 0.876036
vt 0.158943 0.000000
vt 1.000000 0.289283
vt 0.710973 0.000000
vt 1.000000 0.100798
vt 1.000000 0.703679
vt 0.899198 0.899198
vt 0.710973 0.710973
vt 0.371638 0.932786
vt 0.370225 0.989237
vt 0.343750 0.988098
vt 0.343750 0.920758
vt 0.356072 0.921812
vt 0.857446 0.000000
vt 0.551594 0.551594
vt 0.271225 0.271225
vt 0.422229 0.000000
vt 1.000000 0.000000
vt 1.000000 0.468198
vt 0.594381 0.000000
vt 1.000000 0.507048
vt 0.857446 0.857446
vt 0.422229 0.422229
vt 1.000000 0.577407
vt 0.764560 0.682131
vt 1.000000 0.841057
vt 0.577407 0.577407
vt 0.703679 0.703679
vt 0.589493 0.516206
vt 1.000000 0.271225
vt 1.000000 0.551594
vt 0.723200 0.111898
vt 0.896646 0.896646
vt 0.343750 0.993078
vt 0.281250 0.994917
vt 0.286460 0.995323
vt 0.370977 0.932485
vt 0.343750 0.919736
vt 0.368979 0.991621
vt 0.281250 0.945069
vt 0.281250 0.993078
vt 0.338963 0.920130
vt 0.238839 0.988751
vt 0.281250 0.945069
vt 0.247458 0.952945
vt 0.240185 0.983357
vt 0.257236 0.967165
vt 0.256685 0.952080
vt 0.281250 0.945248
vt 0.281250 0.980146
vt 0.258677 0.973726
vt 0.298094 0.985148
vt 0.281250 0.945248
vt 0.331078 0.921877
s 0
usemtl Material.015
f 3733/4973/2217 3694/4974/2217 3735/4975/2217 3734/4976/2217 3716/4977/2217
f 3717/4978/2218 3716/4979/2218 3734/4980/2218 3723/4981/2218
f 3718/4974/2219 3694/4982/2219 3733/4983/2219
f 3721/4984/2220 3735/4985/2220 3694/4986/2220
f 3721/4987/2221 3694/4986/2221 3718/4974/2221 3720/4988/2221
f 3723/4989/2222 3722/4990/2222 3717/4991/2222
f 3726/4992/2223 3717/4993/2223 3722/4994/2223
s 1
f 3700/4995/2224 3698/4996/2224 3704/4997/2225 3705/4998/2226 3706/4999/2224
s 0
f 3729/5000/2227 3725/5001/2227 3728/5002/2227 3730/5003/2227
f 3736/4974/2228 3718/5004/2228 3719/5005/2228
f 3731/5006/2229 3736/5007/2229 3729/5008/2229 3730/5009/2229
f 3736/4974/2230 3731/5010/2230 3718/4986/2230
f 3732/5011/2231 3720/5012/2231 3718/4986/2231 3731/5013/2231
f 3726/5014/2232 3727/5015/2232 3728/5016/2232 3725/5017/2232 3724/5018/2232 3717/5019/2232
s 1
f 3697/5020/2233 3702/5021/2234 3695/5022/2235
f 3699/5023/2236 3701/5024/2237 3697/5025/2233
f 3708/5026/2238 3702/5027/2234 3697/5020/2233 3701/5028/2237
f 3696/5029/2239 3702/5027/2234 3708/5030/2238 3710/5031/2239 3712/5032/2239
f 3713/5033/2240 3711/5034/2240 3709/5035/2241 3715/5036/2242 3714/5037/2240
f 3705/4998/2226 3704/4997/2225 3703/5038/2243 3715/5036/2242 3709/5039/2241 3707/5040/2243
g Lamparas_cell.075_Lamparas_cell.074
v -0.019086 3.699169 0.000640
v -0.017881 3.699123 0.007124
v -0.022677 4.243753 0.004511
v -0.019157 3.973476 0.012910
v -0.019221 3.826806 0.012843
v -0.019265 3.699108 0.012735
v -0.019223 4.067795 0.012845
v -0.019325 4.243753 0.012604
v -0.018342 4.243753 0.007180
v -0.022672 3.699029 0.004510
v -0.022672 3.699125 -0.004252
v -0.019740 4.243753 0.000314
v -0.022672 3.744085 -0.004381
v -0.022677 4.243753 -0.003839
v -0.019157 3.973476 0.012910
v -0.019221 3.826806 0.012843
v -0.019265 3.699108 0.012735
v -0.019325 4.243753 0.012604
v -0.018342 4.243753 0.007180
v -0.019223 4.067795 0.012845
v -0.022672 3.699029 0.004510
v -0.022672 3.744085 -0.004381
v -0.022677 4.243753 -0.003839
v -0.019740 4.243753 0.000314
v -0.022672 3.699125 -0.004252
v -0.022677 4.243753 0.004511
vn 0.9709 -0.0005 0.2394
vn 0.9840 0.0008 0.1784
vn 0.0186 -0.9998 0.0018
vn 0.8555 0.0050 -0.5178
vn 0.0266 -0.9996 -0.0114
vn 0.8193 0.0013 0.5733
vn 0.8164 0.0006 -0.5774
vn 0.8065 -0.0017 -0.5912
vn -0.9238 -0.0000 0.3828
vn -0.7071 -0.0000 0.7071
vn -0.9239 -0.0000 0.3827
vn -0.8682 0.3419 0.3596
vn -0.9102 0.3725 0.1811
vn -0.9808 -0.0000 0.1952
vn -1.0000 -0.0000 -0.0000
vn -0.9311 0.3647 -0.0000
vn -0.0000 1.0000 -0.0000
vt 0.757677 0.214853
vt 0.550745 0.000000
vt 1.000000 0.000000
vt 1.000000 0.461625
vt 0.915450 0.000000
vt 0.915898 0.434848
vt 0.620157 0.455644
vt 0.461625 0.461625
vt 0.000000 0.000000
vt 0.029456 0.029456
vt 0.449255 0.000000
vt 1.000000 1.000000
vt 0.915443 0.000000
vt 1.000000 0.084550
vt 0.925616 0.000000
vt 0.903044 0.903044
vt 0.915443 0.915443
vt 0.915325 0.000000
vt 0.915350 0.852550
vt 0.915325 0.915325
vt 0.075523 0.000000
vt 1.000000 0.074384
vt 0.924477 0.000000
vt 0.343750 1.000000
vt 0.344392 1.000000
vt 0.342943 1.000000
vt 0.341933 1.000000
vt 0.281250 1.000000
vt 0.220538 1.000000
vt 0.223403 1.000000
vt 0.219642 1.000000
vt 0.218750 1.000000
s 0
usemtl Material.015
f 3752/5041/2244 3753/5042/2244 3738/5043/2244 3751/5044/2244
f 3755/5045/2245 3754/5046/2245 3756/5047/2245 3751/5048/2245 3738/5049/2245
f 3757/5050/2246 3738/5049/2246 3753/5051/2246
f 3738/5052/2247 3737/5049/2247 3739/5053/2247 3755/5054/2247
f 3761/5055/2248 3737/5043/2248 3738/5052/2248 3757/5056/2248
f 3739/5057/2249 3737/5049/2249 3760/5058/2249
f 3759/5059/2250 3760/5060/2250 3737/5049/2250 3758/5061/2250
f 3737/5043/2251 3761/5062/2251 3758/5063/2251
s 1
f 3743/5064/2252 3741/5064/2252 3740/5065/2253
f 3742/5066/2254 3741/5064/2252 3743/5064/2252 3744/5067/2255 3762/5068/2256 3746/5068/2257
f 3747/5069/2258 3746/5068/2257 3762/5068/2256 3750/5070/2259 3749/5071/2258
f 3762/5068/2256 3744/5068/2255 3745/5068/2260
f 3750/5072/2259 3762/5068/2256 3748/5072/2260
g Lamparas_cell.076_Lamparas_cell.075
v 0.083067 3.058194 -0.056760
v 0.000594 3.038810 -0.105155
v 0.000652 3.044534 -0.113272
v 0.077894 3.052376 -0.053332
v 0.071787 3.060282 -0.049247
v 0.000633 3.045008 -0.099506
v 0.024057 3.036132 -0.120942
v 0.022343 3.030944 -0.112325
v 0.001060 3.101397 -0.061363
v 0.001052 3.094677 -0.054234
v 0.029694 3.038531 -0.116236
v 0.028421 3.032644 -0.108131
v 0.059662 3.053240 -0.089290
v 0.055806 3.046092 -0.083519
v 0.058265 3.092300 -0.040261
v 0.047053 3.089475 -0.036351
v 0.001156 3.099820 -0.049546
v 0.001178 3.106493 -0.056712
v 0.040087 3.092968 -0.038814
v 0.044426 3.099352 -0.044996
v 0.018106 3.100144 -0.045809
v 0.033310 3.104202 -0.049851
v 0.029078 3.097860 -0.043518
v 0.025308 3.105866 -0.051521
v 0.006703 3.101349 -0.048152
v 0.006498 3.107896 -0.055431
v 0.077894 3.052376 -0.053332
v 0.071787 3.060282 -0.049247
v 0.000594 3.038810 -0.105155
v 0.000633 3.045008 -0.099506
v 0.000652 3.044534 -0.113272
v 0.024057 3.036132 -0.120942
v 0.001052 3.094677 -0.054234
v 0.028421 3.032644 -0.108131
v 0.055806 3.046092 -0.083519
v 0.029694 3.038531 -0.116236
v 0.059662 3.053240 -0.089290
v 0.001156 3.099820 -0.049546
v 0.047053 3.089475 -0.036351
v 0.040087 3.092968 -0.038814
v 0.044426 3.099352 -0.044996
v 0.033310 3.104202 -0.049851
v 0.025308 3.105866 -0.051521
v 0.018106 3.100144 -0.045809
v 0.029078 3.097860 -0.043518
v 0.001178 3.106493 -0.056712
v 0.006498 3.107896 -0.055431
v 0.022343 3.030944 -0.112325
v 0.001060 3.101397 -0.061363
v 0.083067 3.058194 -0.056760
v 0.058265 3.092300 -0.040261
v 0.006703 3.101349 -0.048152
vn 0.5541 -0.0021 0.8324
vn -1.0000 0.0078 -0.0017
vn -0.4359 -0.7321 -0.5235
vn -1.0000 0.0070 0.0008
vn 0.5533 -0.7366 -0.3890
vn 0.6494 -0.6709 -0.3581
vn 0.4536 -0.0580 0.8893
vn -0.9999 0.0127 0.0098
vn 0.0834 0.6688 0.7388
vn -0.0000 0.7035 0.7107
vn -0.0590 0.7414 0.6684
vn -0.3431 0.6908 0.6365
vn -0.1402 -0.6813 0.7185
vn -0.1489 -0.6813 0.7167
vn -0.2689 -0.6760 0.6861
vn -0.3711 -0.6825 0.6297
vn -0.3670 -0.6824 0.6322
vn -0.0000 0.6742 -0.7385
vn 0.1347 0.6825 -0.7184
vn 0.1397 0.6825 -0.7174
vn 0.3719 0.6819 -0.6299
vn 0.3773 0.6818 -0.6268
vn 0.2626 0.6784 -0.6862
vn -0.5226 -0.6736 0.5226
vn -0.0000 -0.6736 0.7391
vn 0.5428 0.6644 -0.5138
vt 0.185537 0.000000
vt 0.062846 0.062846
vt 0.000000 0.000000
vt 1.000000 0.004213
vt 1.000000 0.076772
vt 0.872411 0.000000
vt 1.000000 0.995043
vt 0.029644 0.000000
vt 0.158059 0.046568
vt 1.000000 0.909670
vt 0.992994 0.992994
vt 0.872411 0.872411
vt 0.187932 0.000000
vt 0.213755 0.000000
vt 1.000000 0.670348
vt 0.115160 0.115160
vt 0.029644 0.029644
vt 1.000000 0.638496
vt 1.000000 0.000000
vt 1.000000 0.076006
vt 0.830737 0.332433
vt 0.670348 0.670348
vt 0.638496 0.638496
vt 0.814071 0.268739
vt 0.714393 0.000000
vt 0.774310 0.000000
vt 1.000000 0.814463
vt 0.987949 0.987949
vt 1.000000 0.786245
vt 1.000000 0.812068
vt 0.040638 0.000000
vt 0.071128 0.000000
vt 0.820108 0.000000
vt 0.856915 0.000000
vt 1.000000 0.231137
vt 1.000000 0.290622
vt 0.831893 0.831893
vt 0.788654 0.788654
vt 0.833579 0.291483
vt 0.870430 0.000000
vt 0.921449 0.000000
vt 0.870920 0.399771
vt 1.000000 0.788534
vt 0.997214 0.873094
vt 0.921449 0.921449
vt 0.870431 0.870431
vt 0.913088 0.000000
vt 0.950345 0.000000
vt 0.943423 0.943423
vt 0.906444 0.906444
vt 0.968750 0.957680
vt 0.967365 0.877870
vt 0.959800 0.880399
vt 0.906250 0.895423
vt 0.906250 0.953256
vt 0.942122 0.955808
vt 0.516482 0.923728
vt 0.592360 0.993078
vt 0.602685 0.993078
vt 0.968750 0.958930
vt 0.968750 0.877262
vt 0.906250 0.953900
vt 0.906250 0.896524
vt 0.960926 0.879964
vt 0.925404 0.955773
vt 0.845385 0.902443
vt 0.845448 0.911276
vt 0.852378 0.943889
vt 0.872306 0.948545
vt 0.906250 0.895424
vt 0.520625 0.854378
vt 0.518783 0.854378
vt 0.511298 0.854378
vt 0.533989 0.854378
vt 0.898863 0.854378
vt 0.619649 0.854378
vt 0.846175 0.940500
vt 0.847400 0.903043
vt 0.906250 0.953900
vt 0.869856 0.947486
s 0
usemtl Material.015
f 3790/5073/2261 3789/5074/2261 3812/5075/2261
f 3793/5076/2262 3791/5077/2262 3792/5078/2262
f 3793/5079/2263 3794/5080/2263 3810/5081/2263 3791/5082/2263
f 3793/5083/2264 3792/5084/2264 3795/5085/2264 3811/5086/2264
f 3796/5087/2265 3810/5088/2265 3794/5089/2265 3798/5090/2265
f 3812/5091/2266 3789/5092/2266 3797/5093/2266 3796/5094/2266 3798/5095/2266 3799/5096/2266
f 3813/5097/2267 3801/5098/2267 3790/5099/2267 3812/5100/2267
f 3811/5101/2268 3795/5102/2268 3800/5103/2268 3808/5104/2268
f 3803/5105/2269 3802/5106/2269 3801/5107/2269 3813/5108/2269
f 3802/5109/2270 3803/5110/2270 3804/5111/2270 3805/5112/2270 3806/5113/2270 3807/5114/2270
f 3809/5115/2271 3814/5116/2271 3806/5117/2271 3805/5118/2271
f 3808/5119/2272 3800/5120/2272 3814/5121/2272 3809/5122/2272
s 1
f 3787/5123/2273 3770/5124/2274 3774/5125/2275 3776/5126/2276 3785/5127/2277 3783/5128/2275
f 3765/5129/2278 3771/5130/2278 3780/5131/2278 3788/5132/2279 3769/5133/2280
f 3784/5134/2281 3775/5135/2282 3773/5136/2283 3769/5133/2280 3788/5132/2279 3786/5137/2283
f 3766/5138/2284 3767/5139/2284 3778/5140/2284 3781/5141/2284 3785/5127/2277 3776/5142/2276
f 3779/5143/2285 3772/5144/2285 3768/5145/2285 3764/5146/2285 3770/5147/2274 3787/5148/2273
f 3777/5149/2286 3763/5150/2286 3775/5135/2282 3784/5151/2281 3782/5152/2286
g Lamparas_cell.077_Lamparas_cell.076
v 0.086741 2.739615 0.209619
v 0.124033 2.692887 0.185629
v 0.082792 2.735134 0.202391
v 0.123847 2.739868 0.185350
v 0.156712 2.740105 0.166345
v 0.185783 2.740252 0.137272
v 0.177777 2.740140 0.131417
v 0.087963 2.702168 0.211114
v 0.083299 2.692887 0.202501
v 0.090329 2.692958 0.210205
v 0.151558 2.700739 0.171895
v 0.143209 2.692944 0.177523
v 0.184578 2.735508 0.124662
v 0.192860 2.734750 0.130251
v 0.151201 2.692958 0.172330
v 0.184866 2.692887 0.124796
v 0.193146 2.692958 0.130385
v 0.156712 2.740105 0.166345
v 0.185783 2.740252 0.137272
v 0.123847 2.739868 0.185350
v 0.177777 2.740140 0.131417
v 0.082792 2.735134 0.202391
v 0.083299 2.692887 0.202501
v 0.151558 2.700739 0.171895
v 0.143209 2.692944 0.177523
v 0.151201 2.692958 0.172330
v 0.192860 2.734750 0.130251
v 0.193146 2.692958 0.130385
v 0.184866 2.692887 0.124796
v 0.184578 2.735508 0.124662
v 0.090329 2.692958 0.210205
v 0.124033 2.692887 0.185629
vn -0.0760 0.9915 -0.1059
vn -0.8610 -0.0379 0.5071
vn 0.5256 0.0236 0.8504
vn 0.2889 0.8866 -0.3611
vn 0.5447 0.0219 0.8384
vn 0.5595 0.0012 -0.8288
vn 0.7071 0.0071 0.7071
vn 0.3264 -0.8871 0.3264
vn 0.5343 -0.6550 0.5343
vn -0.4663 -0.7518 -0.4663
vn -0.5437 -0.2053 -0.8138
vn -0.5615 -0.0071 -0.8274
vn -0.7071 -0.0070 -0.7071
vn -0.3009 -0.6177 -0.7265
vn -0.3827 -0.0070 -0.9239
vn 0.0051 -1.0000 0.0051
vn 0.0028 -1.0000 0.0067
vt 0.000000 0.000000
vt 0.652343 0.000000
vt 1.000000 0.042617
vt 1.000000 0.084134
vt 0.355064 0.005076
vt 0.036644 0.036644
vt 0.611775 0.000000
vt 1.000000 0.000000
vt 1.000000 0.046173
vt 0.571886 0.055995
vt 0.518437 0.002135
vt 0.513055 0.163140
vt 0.512145 0.000000
vt 0.592338 0.000000
vt 1.000000 0.347658
vt 1.000000 1.000000
vt 0.611775 0.611775
vt 0.516138 0.496886
vt 0.312340 0.000000
vt 1.000000 0.711625
vt 1.000000 0.853928
vt 0.174820 0.000000
vt 0.512145 0.512145
vt 0.545148 0.059792
vt 0.592338 0.592338
vt 0.633470 0.173931
vt 0.780167 0.311504
vt 0.312340 0.312340
vt 0.174820 0.174820
vt 0.648597 0.552697
vt 0.620330 0.552534
vt 0.615127 0.508670
vt 0.614740 0.500000
vt 0.655476 0.500000
vt 0.655442 0.546567
vt 0.593750 0.500000
vt 0.593750 0.552610
vt 0.650150 0.552823
vt 0.655440 0.547727
vt 0.562116 0.500000
vt 0.562470 0.552246
vt 0.656250 0.500000
vt 0.606992 0.500000
vt 0.562892 0.500000
vt 0.559365 0.500000
s 0
usemtl Material.015
f 3815/5153/2287 3832/5154/2287 3833/5155/2287 3835/5156/2287 3834/5157/2287 3836/5158/2287
f 3822/5159/2288 3815/5160/2288 3836/5161/2288 3837/5162/2288 3845/5163/2288
f 3816/5164/2289 3839/5165/2289 3838/5166/2289 3832/5167/2289 3815/5168/2289 3822/5169/2289 3845/5170/2289
f 3844/5171/2290 3835/5172/2290 3833/5173/2290 3841/5174/2290
f 3839/5175/2291 3840/5176/2291 3838/5177/2291
f 3842/5178/2292 3843/5179/2292 3844/5180/2292 3841/5181/2292
s 1
f 3820/5182/2293 3819/5183/2293 3825/5184/2293 3829/5185/2294 3831/5186/2295 3828/5187/2293
f 3830/5186/2296 3846/5188/2297 3818/5189/2298 3821/5190/2299 3827/5191/2299
f 3846/5188/2297 3823/5192/2300 3817/5193/2301 3818/5189/2298
f 3846/5188/2297 3830/5186/2296 3831/5194/2295 3829/5185/2294 3826/5195/2302
f 3824/5196/2303 3823/5197/2300 3846/5188/2297
g Lamparas_cell.078_Lamparas_cell.077
v -0.139497 3.015806 0.027748
v -0.132006 3.009351 0.026258
v -0.077712 3.068570 0.051046
v -0.074003 3.073515 0.048203
v -0.072698 3.060472 0.047681
v -0.068057 3.066670 0.044122
v -0.093673 3.048048 0.061464
v -0.087342 3.041615 0.057239
v -0.107173 3.016124 0.070080
v -0.112863 3.023417 0.073891
v -0.143525 3.010463 -0.027551
v -0.139497 3.015806 -0.026727
v -0.112233 3.031045 -0.020008
v -0.132006 3.009351 -0.024301
v -0.135887 3.003258 -0.025044
v -0.120652 3.036450 -0.022633
v -0.107436 3.036308 -0.018805
v -0.115429 3.042172 -0.021324
v -0.093389 3.066315 0.018576
v -0.087454 3.058231 0.017396
v -0.077195 3.073893 0.039595
v -0.143107 2.995644 0.058748
v -0.134399 2.988523 0.055138
v -0.115159 3.009351 0.066931
v -0.121898 3.015806 0.070235
v -0.156987 2.992604 -0.029440
v -0.147100 2.985648 -0.026974
v -0.152586 2.998443 0.030351
v -0.143495 2.991310 0.028543
v -0.077712 3.068570 0.051046
v -0.074003 3.073515 0.048203
v -0.072698 3.060472 0.047681
v -0.068057 3.066670 0.044122
v -0.087342 3.041615 0.057239
v -0.093673 3.048048 0.061464
v -0.107173 3.016124 0.070080
v -0.112863 3.023417 0.073891
v -0.143525 3.010463 -0.027551
v -0.139497 3.015806 -0.026727
v -0.120652 3.036450 -0.022633
v -0.112233 3.031045 -0.020008
v -0.132006 3.009351 -0.024301
v -0.135887 3.003258 -0.025044
v -0.115429 3.042172 -0.021324
v -0.107436 3.036308 -0.018805
v -0.087454 3.058231 0.017396
v -0.093389 3.066315 0.018576
v -0.077195 3.073893 0.039595
v -0.134399 2.988523 0.055138
v -0.115159 3.009351 0.066931
v -0.143107 2.995644 0.058748
v -0.121898 3.015806 0.070235
v -0.147100 2.985648 -0.026974
v -0.143495 2.991310 0.028543
v -0.152586 2.998443 0.030351
v -0.156987 2.992604 -0.029440
vn 0.5860 0.0262 0.8099
vn 0.5514 -0.0053 0.8343
vn 0.5500 -0.0072 0.8351
vn 0.2665 -0.0524 -0.9624
vn 0.2777 -0.0338 -0.9601
vn 0.6828 -0.6736 -0.2828
vn 0.7143 -0.6342 -0.2959
vn 0.7773 -0.6098 -0.1546
vn 0.7081 -0.6799 -0.1906
vn 0.6692 0.7107 -0.2170
vn -0.0243 -0.4755 0.8794
vn 0.0191 -0.4459 0.8949
vn 0.2306 -0.0558 -0.9714
vn -0.5955 -0.7942 0.1208
vn -0.7777 0.6094 0.1544
vn -0.7510 0.6432 0.1494
vn -0.7720 0.6357 -0.0000
vn -0.7985 0.6020 -0.0000
vn -0.7377 0.6020 0.3056
vn -0.6997 0.6530 0.2898
vn -0.6823 0.6742 0.2826
vn -0.7073 0.6805 0.1917
vn -0.7385 0.6742 -0.0000
vn 0.8435 -0.5371 -0.0000
vn 0.7984 -0.6021 -0.0000
vn 0.8227 -0.5445 -0.1635
vn 0.7793 -0.5371 -0.3228
vn 0.7391 -0.6736 -0.0000
vn 0.5953 0.5006 -0.6285
vt 0.278239 0.000000
vt 1.000000 0.244577
vt 1.000000 0.306334
vt 0.096109 0.000000
vt 1.000000 0.729896
vt 0.306334 0.306334
vt 0.244577 0.244577
vt 1.000000 0.705798
vt 0.665576 0.000000
vt 0.729896 0.729896
vt 0.705798 0.705798
vt 0.643544 0.000000
vt 0.453455 0.000000
vt 0.559994 0.115732
vt 1.000000 0.602150
vt 1.000000 0.634275
vt 0.537884 0.123488
vt 0.422518 0.000000
vt 1.000000 0.622053
vt 1.000000 0.652554
vt 0.634275 0.634275
vt 0.602150 0.602150
vt 0.341512 0.918412
vt 0.342366 0.911487
vt 0.342296 0.890422
vt 0.342085 0.861944
vt 0.333645 0.854378
vt 0.281250 0.854378
vt 0.281250 0.908984
vt 0.899946 0.899946
vt 0.710360 0.710360
vt 1.000000 0.721761
vt 1.000000 0.305349
vt 0.947996 0.289352
vt 0.569547 0.000000
vt 0.606059 0.000000
vt 0.328356 0.328356
vt 0.305349 0.305349
vt 1.000000 0.334424
vt 1.000000 0.356456
vt 1.000000 0.577482
vt 0.134291 0.134291
vt 0.060046 0.060046
vt 1.000000 0.546545
vt 0.697607 0.274128
vt 1.000000 0.393941
vt 1.000000 0.430453
vt 0.678081 0.302046
vt 0.064485 0.000000
vt 0.144180 0.000000
vt 0.281250 0.837016
vt 0.219900 0.854378
vt 0.219830 0.849035
vt 0.220621 0.831177
vt 0.312059 0.834216
vt 0.333042 0.854378
vt 0.325551 0.919776
vt 0.281250 0.911245
vt 0.336147 0.857220
vt 0.342188 0.862947
vt 0.342401 0.890679
vt 0.342509 0.913783
vt 0.341921 0.919350
vt 0.220727 0.877620
vt 0.221205 0.884062
vt 0.221224 0.831586
vt 0.220991 0.848518
vt 0.221079 0.854378
vt 0.281250 0.837030
vt 0.333645 0.854378
vt 0.311971 0.834351
vt 0.222419 0.878613
vt 0.222976 0.884493
vt 0.768853 0.431305
vt 0.942563 0.000000
vt 0.980160 0.000000
vt 0.783874 0.487440
vt 0.652554 0.652554
vt 0.622053 0.622053
s 0
usemtl Material.015
f 3877/5198/2304 3876/5199/2304 3878/5200/2304 3879/5201/2304
f 3880/5202/2305 3878/5203/2305 3876/5204/2305 3881/5205/2305
f 3882/5206/2306 3880/5207/2306 3881/5208/2306 3883/5209/2306
f 3884/5210/2307 3885/5211/2307 3886/5212/2307 3887/5213/2307 3888/5214/2307 3889/5215/2307
f 3890/5216/2308 3891/5217/2308 3887/5218/2308 3886/5219/2308
s 1
f 3852/5220/2309 3851/5221/2309 3854/5222/2309 3855/5223/2309 3870/5224/2310 3848/5225/2311 3892/5226/2312
s 0
f 3879/5227/2313 3894/5228/2313 3877/5229/2313
f 3896/5230/2314 3898/5231/2314 3897/5232/2314 3895/5233/2314
f 3898/5234/2315 3896/5235/2315 3882/5236/2315 3883/5237/2315
f 3889/5238/2316 3899/5239/2316 3902/5240/2316 3884/5241/2316
f 3900/5242/2317 3895/5243/2317 3897/5244/2317 3901/5245/2317 3902/5246/2317 3899/5247/2317
s 1
f 3874/5248/2318 3847/5225/2319 3858/5249/2320 3857/5250/2321 3872/5251/2321
f 3868/5252/2322 3871/5253/2323 3847/5225/2319 3874/5248/2318
f 3867/5254/2324 3893/5255/2325 3847/5225/2319 3871/5256/2323 3856/5257/2324 3853/5258/2324 3849/5259/2324 3850/5260/2324
f 3862/5261/2326 3858/5249/2320 3847/5225/2319 3893/5255/2325 3864/5262/2326
f 3873/5263/2327 3861/5264/2327 3860/5265/2328 3848/5225/2311 3875/5266/2329
f 3875/5266/2329 3848/5225/2311 3870/5267/2310 3869/5268/2330
f 3892/5226/2312 3848/5225/2311 3860/5265/2328 3859/5269/2331 3863/5270/2331
s 0
f 3865/5271/2332 3894/5272/2332 3879/5273/2332 3866/5274/2332 3891/5275/2332 3890/5276/2332
g Lamparas_cell.079_Lamparas_cell.078
v 0.178693 2.884586 -0.119399
v 0.149631 2.850798 -0.144550
v 0.157019 2.853765 -0.152139
v 0.147008 2.855113 -0.145204
v 0.159765 2.835271 -0.141503
v 0.166988 2.837069 -0.148165
v 0.205472 2.837042 -0.086291
v 0.188654 2.838306 -0.126054
v 0.196405 2.835238 -0.082536
v 0.180280 2.836430 -0.120459
v 0.187040 2.905057 -0.078312
v 0.194405 2.884586 -0.081468
v 0.177598 2.898690 -0.074422
v 0.183233 2.906119 -0.086419
v 0.173464 2.899901 -0.083380
v 0.143778 2.905618 -0.142674
v 0.136614 2.899261 -0.135446
v 0.170491 2.909309 -0.113918
v 0.162095 2.902888 -0.108308
v 0.149751 2.884586 -0.148341
v 0.149631 2.850798 -0.144550
v 0.147008 2.855113 -0.145204
v 0.157019 2.853765 -0.152139
v 0.166988 2.837069 -0.148165
v 0.159765 2.835271 -0.141503
v 0.205472 2.837042 -0.086291
v 0.188654 2.838306 -0.126054
v 0.196405 2.835238 -0.082536
v 0.180280 2.836430 -0.120459
v 0.187040 2.905057 -0.078312
v 0.194405 2.884586 -0.081468
v 0.177598 2.898690 -0.074422
v 0.173464 2.899901 -0.083380
v 0.183233 2.906119 -0.086419
v 0.162095 2.902888 -0.108308
v 0.170491 2.909309 -0.113918
v 0.143778 2.905618 -0.142674
v 0.136614 2.899261 -0.135446
v 0.149751 2.884586 -0.148341
vn -0.5503 -0.4419 -0.7085
vn -0.5266 -0.4812 -0.7008
vn 0.1553 -0.9831 -0.0971
vn 0.3835 -0.0044 0.9235
vn -0.4376 0.8419 0.3158
vn -0.4429 0.8438 0.3031
vn -0.6686 -0.0169 -0.7434
vn 0.8603 0.3644 -0.3564
vn 0.8796 0.3060 -0.3643
vn 0.7908 0.3089 -0.5284
vn 0.7719 0.3706 -0.5166
vn 0.8955 0.2461 -0.3709
vn 0.8046 0.2506 -0.5384
vn 0.6728 0.3075 -0.6728
vn 0.6585 0.3644 -0.6585
vn 0.6854 0.2461 -0.6854
vn -0.7894 -0.3126 0.5283
vn -0.8792 -0.3072 0.3642
vn -0.6729 -0.3072 0.6729
vt 1.000000 0.522360
vt 0.434424 0.000000
vt 1.000000 0.492535
vt 0.492535 0.492535
vt 1.000000 0.451805
vt 1.000000 0.480987
vt 0.522360 0.522360
vt 0.479258 0.479258
vt 0.450153 0.450153
vt 0.652929 0.372186
vt 1.000000 0.303564
vt 1.000000 0.340883
vt 0.668723 0.406681
vt 1.000000 0.379064
vt 1.000000 0.417952
vt 0.340883 0.340883
vt 0.303564 0.303564
vt 0.779774 0.348864
vt 0.417952 0.417952
vt 0.379064 0.379064
vt 0.410528 0.000000
vt 0.452367 0.000000
vt 0.452367 0.452367
vt 0.410528 0.410528
vt 0.658157 0.218568
vt 1.000000 0.042555
vt 1.000000 0.112425
vt 0.675717 0.278024
vt 1.000000 0.532486
vt 1.000000 0.565576
vt 0.112425 0.112425
vt 0.042556 0.042556
vt 0.472218 0.257887
vt 0.813096 0.738789
vt 0.813149 0.711322
vt 0.843750 0.711322
vt 0.843750 0.744494
vt 0.820046 0.740214
vt 0.813275 0.659412
vt 0.843750 0.660791
vt 0.813149 0.711322
vt 0.874257 0.711322
vt 0.874567 0.739541
vt 0.874226 0.682185
vt 0.843750 0.660791
vt 0.865645 0.659441
vt 0.843750 0.661242
vt 0.813309 0.659755
vt 0.813201 0.738935
vt 0.821320 0.740446
vt 0.843750 0.744174
vt 0.874384 0.684556
vt 0.872593 0.679171
vt 0.862578 0.659984
vt 0.843750 0.661242
vt 0.874786 0.739648
s 0
usemtl Material.015
f 3923/5277/2333 3924/5278/2333 3925/5279/2333
f 3925/5280/2334 3926/5281/2334 3927/5282/2334 3923/5283/2334
f 3927/5284/2335 3926/5285/2335 3929/5286/2335 3928/5287/2335 3930/5288/2335 3931/5289/2335
f 3932/5290/2336 3934/5291/2336 3930/5292/2336 3928/5293/2336 3933/5294/2336
f 3934/5295/2337 3932/5296/2337 3936/5297/2337 3935/5298/2337
f 3935/5299/2338 3936/5300/2338 3938/5301/2338 3939/5302/2338 3940/5303/2338 3937/5304/2338
f 3925/5305/2339 3924/5306/2339 3940/5307/2339 3939/5308/2339 3941/5309/2339
s 1
f 3913/5310/2340 3914/5311/2341 3903/5312/2342 3920/5313/2343 3916/5314/2340
f 3909/5315/2344 3910/5316/2345 3903/5312/2342 3914/5317/2341
f 3922/5318/2346 3918/5319/2347 3920/5313/2343 3903/5312/2342
f 3905/5320/2348 3922/5318/2346 3903/5312/2342 3910/5321/2345 3908/5322/2348
f 3912/5323/2349 3911/5324/2350 3915/5325/2350 3917/5326/2350 3921/5327/2349
f 3906/5328/2351 3904/5329/2351 3907/5330/2351 3912/5331/2349 3921/5327/2349 3919/5332/2351
g Lamparas_cell.080_Lamparas_cell.079
v -0.129588 2.692958 0.193943
v -0.193943 2.692958 0.129588
v -0.043555 2.692887 0.218964
v -0.124033 2.692887 0.185629
v -0.185629 2.692887 0.124033
v -0.193909 2.698648 0.129565
v -0.196544 2.692958 0.123310
v -0.189044 2.692887 0.115787
v -0.142040 2.755616 0.167000
v -0.148400 2.756391 0.174493
v -0.185584 2.700360 0.124004
v -0.143638 2.762187 0.179196
v -0.136935 2.761830 0.172044
v -0.047330 2.742615 0.227633
v -0.045776 2.743326 0.217661
v -0.043340 2.738708 0.218643
v -0.045390 2.737088 0.228457
v -0.045553 2.692958 0.228752
v -0.045474 2.715070 0.228614
v -0.129308 2.762337 0.193524
v -0.123759 2.761968 0.185218
v -0.059020 2.761806 0.222643
v -0.056824 2.761462 0.212948
v -0.193909 2.698648 0.129565
v -0.196544 2.692958 0.123310
v -0.148400 2.756391 0.174493
v -0.142040 2.755616 0.167000
v -0.185584 2.700360 0.124004
v -0.189044 2.692887 0.115787
v -0.136935 2.761830 0.172044
v -0.143638 2.762187 0.179196
v -0.045390 2.737088 0.228457
v -0.045474 2.715070 0.228614
v -0.045553 2.692958 0.228752
v -0.123759 2.761968 0.185218
v -0.056824 2.761462 0.212948
v -0.129308 2.762337 0.193524
v -0.059020 2.761806 0.222643
v -0.045776 2.743326 0.217661
v -0.043340 2.738708 0.218643
v -0.047330 2.742615 0.227633
v -0.043555 2.692887 0.218964
vn -0.4711 0.7422 -0.4767
vn -0.4584 0.7559 -0.4673
vn 0.8836 0.4185 0.2102
vn 0.9794 -0.0027 0.2021
vn 0.0203 0.9993 -0.0308
vn 0.8222 0.5442 0.1669
vn -0.3826 0.0071 0.9239
vn -0.5555 0.0073 0.8315
vn -0.4170 -0.6607 0.6242
vn -0.2894 -0.6542 0.6987
vn -0.7071 0.0071 0.7071
vn -0.7786 0.0072 0.6275
vn -0.6242 -0.6607 0.4171
vn -0.3154 -0.9399 0.1307
vn 0.3824 -0.0070 -0.9240
vn 0.2526 -0.7509 -0.6102
vn 0.3618 -0.7587 -0.5417
vn 0.5554 -0.0072 -0.8315
vn 0.5416 -0.7587 -0.3619
vn 0.7786 -0.0071 -0.6275
vn 0.7071 -0.0070 -0.7071
vn 0.4655 -0.8638 -0.1928
vt 0.507087 0.255227
vt 1.000000 0.374934
vt 1.000000 0.401950
vt 0.528318 0.287417
vt 0.466828 0.281902
vt 0.460270 0.251026
vt 0.458338 0.000000
vt 0.401950 0.401950
vt 0.374934 0.374934
vt 0.427534 0.000000
vt 0.992440 0.126639
vt 0.864817 0.000000
vt 0.915132 0.000000
vt 1.000000 0.084213
vt 0.670283 0.224750
vt 0.702044 0.263893
vt 0.264603 0.264603
vt 0.221254 0.221254
vt 0.443581 0.220882
vt 0.845340 0.443723
vt 1.000000 0.541662
vt 1.000000 0.572466
vt 0.831804 0.465955
vt 0.240512 0.000000
vt 0.282260 0.000000
vt 1.000000 0.135182
vt 0.161939 0.161939
vt 0.113193 0.113193
vt 1.000000 0.084868
vt 0.468474 0.552104
vt 0.467338 0.555330
vt 0.458603 0.576714
vt 0.406250 0.577306
vt 0.406250 0.500000
vt 0.468715 0.500000
vt 0.468750 0.524637
vt 0.406250 0.577306
vt 0.392298 0.577138
vt 0.387686 0.570680
vt 0.343750 0.506340
vt 0.343750 0.500000
vt 0.339083 0.500000
vt 0.459385 0.576703
vt 0.466965 0.556482
vt 0.468750 0.551606
vt 0.468750 0.500000
vt 0.406250 0.577357
vt 0.343750 0.508369
vt 0.387679 0.570244
vt 0.392846 0.577202
vt 0.337346 0.500000
vt 0.468715 0.500000
vt 0.410357 0.500000
vt 0.339083 0.500000
s 0
usemtl Material.015
f 3965/5333/2352 3967/5334/2352 3968/5335/2352 3969/5336/2352 3970/5337/2352 3966/5338/2352
f 3971/5339/2353 3968/5340/2353 3967/5341/2353 3972/5342/2353
f 3981/5343/2354 3980/5344/2354 3982/5345/2354 3973/5346/2354
f 3975/5347/2355 3944/5348/2355 3981/5349/2355 3973/5350/2355 3974/5351/2355
f 3976/5352/2356 3971/5353/2356 3972/5354/2356 3978/5355/2356 3979/5356/2356 3977/5357/2356
f 3980/5358/2357 3977/5359/2357 3979/5360/2357 3982/5361/2357
s 1
f 3958/5362/2358 3955/5363/2358 3963/5364/2358 3961/5365/2359 3942/5366/2360 3959/5367/2361 3960/5368/2358
f 3961/5369/2359 3953/5370/2362 3951/5371/2362 3947/5372/2363 3943/5373/2364 3942/5366/2360
f 3948/5374/2365 3943/5373/2364 3947/5372/2363
f 3964/5375/2366 3956/5376/2366 3957/5377/2366 3983/5378/2367 3945/5366/2368 3962/5379/2369
f 3945/5366/2368 3946/5373/2370 3952/5380/2371 3950/5381/2372 3954/5382/2372 3962/5379/2369
f 3952/5380/2371 3946/5373/2370 3949/5383/2373
f 3959/5384/2361 3942/5366/2360 3945/5385/2368 3983/5378/2367
f 3942/5366/2360 3943/5373/2364 3946/5373/2370 3945/5366/2368
f 3946/5373/2370 3943/5373/2364 3948/5386/2365 3949/5383/2373
g Lamparas_cell.081_Lamparas_cell.080
v 0.005142 3.141165 -0.022372
v 0.008394 3.142257 -0.012562
v 0.003183 3.147749 -0.023542
v 0.008525 3.148195 -0.021867
v 0.014889 3.148187 -0.018296
v 0.016120 3.143284 -0.019353
v 0.005142 3.141165 -0.022372
v 0.003183 3.147749 -0.023542
v 0.008525 3.148195 -0.021867
v 0.014889 3.148187 -0.018296
v 0.016120 3.143284 -0.019353
vn -0.9196 -0.2152 0.3287
vn -0.2320 0.8214 0.5210
vn -0.2865 0.8095 0.5125
vn 0.1757 -0.9831 0.0513
vn 0.6599 0.0037 0.7513
vn 0.3329 0.0832 -0.9393
vn 0.3395 -0.0083 -0.9406
vn 0.3371 0.0289 -0.9410
vn 0.1779 -0.9309 -0.3191
vt 0.839093 0.839093
vt 0.000000 0.000000
vt 1.000000 0.089049
vt 0.963895 0.963895
vt 0.295023 0.000000
vt 0.295023 0.295023
vt 0.325069 0.095880
vt 1.000000 0.128475
vt 0.858189 0.858189
vt 0.668258 0.000000
vt 0.690447 0.000000
vt 0.973085 0.973085
vt 0.668258 0.668258
vt 0.968750 0.998032
vt 0.968750 1.000000
vt 0.906250 1.000000
vt 0.906250 0.997391
vt 0.940946 1.000000
s 0
usemtl Material.015
f 3991/5387/2374 3990/5388/2374 3985/5389/2374
f 3991/5390/2375 3985/5388/2375 3992/5391/2375
f 3992/5392/2376 3985/5388/2376 3993/5393/2376
f 3985/5394/2377 3990/5395/2377 3994/5396/2377
f 3993/5397/2378 3985/5398/2378 3994/5399/2378
s 1
f 3984/5400/2379 3986/5401/2380 3988/5402/2381 3989/5403/2379
f 3988/5402/2381 3986/5401/2380 3987/5404/2382
g Lamparas_cell.082_Lamparas_cell.081
v 0.000281 3.698758 0.017043
v 0.014468 3.698696 0.015043
v -0.004847 3.699009 0.013748
v 0.000005 3.699251 0.001945
v 0.012161 3.698762 0.009291
v 0.011803 4.243753 0.009052
v 0.013642 4.243753 0.014244
v 0.000567 4.243753 0.017190
v -0.004532 4.243753 0.014523
v 0.000173 4.243753 0.001723
v -0.004532 4.243753 0.014523
v 0.000567 4.243753 0.017190
v 0.013642 4.243753 0.014244
v 0.011803 4.243753 0.009052
v 0.000173 4.243753 0.001723
vn -0.0057 -0.9999 -0.0093
vn 0.9351 0.0007 -0.3543
vn 0.2198 0.0018 0.9755
vn 0.1396 -0.0003 0.9902
vn -0.4635 -0.0000 0.8861
vn -0.5406 -0.0009 0.8413
vn -0.0283 -0.9991 -0.0321
vn -0.0207 -0.9993 -0.0323
vn 0.5172 -0.0005 -0.8559
vn 0.5331 -0.0000 -0.8460
vn -0.0000 1.0000 -0.0000
vn -0.9322 0.0006 -0.3621
vt 1.000000 0.000000
vt 1.000000 1.000000
vt 0.000000 0.000000
vt 1.000000 0.084488
vt 0.915503 0.000000
vt 0.083893 0.083893
vt 1.000000 0.083880
vt 0.083889 0.000000
vt 0.083889 0.083889
vt 1.000000 0.083906
vt 0.083941 0.000000
vt 1.000000 0.083613
vt 0.083613 0.083613
vt 1.000000 0.084497
vt 0.502103 1.000000
vt 0.468585 1.000000
vt 0.512166 1.000000
vt 0.593750 1.000000
vt 1.000000 0.916058
vt 0.083682 0.000000
s 0
usemtl Material.015
f 3999/5405/2383 3996/5406/2383 3995/5407/2383
f 4007/5408/2384 3996/5406/2384 3999/5407/2384 4008/5409/2384
f 4007/5410/2385 4006/5411/2385 3996/5406/2385
f 4006/5412/2386 3995/5405/2386 3996/5406/2386
f 4006/5413/2387 4005/5414/2387 3995/5406/2387
f 4005/5415/2388 3997/5405/2388 3995/5406/2388
f 3997/5407/2389 3998/5405/2389 3995/5406/2389
f 3998/5407/2390 3999/5405/2390 3995/5406/2390
f 3999/5406/2391 3998/5407/2391 4009/5416/2391
f 3999/5406/2392 4009/5417/2392 4008/5418/2392
s 1
f 4004/5419/2393 4003/5420/2393 4002/5421/2393 4001/5422/2393 4000/5422/2393
s 0
f 3998/5405/2394 3997/5405/2394 4005/5423/2394 4009/5424/2394
g Lamparas_cell.083_Lamparas_cell.082
v -0.129588 2.692958 -0.193943
v -0.144101 2.740106 -0.178956
v -0.109973 2.740216 -0.201704
v -0.129396 2.740625 -0.193655
v -0.110981 2.692958 -0.201651
v -0.110456 2.713768 -0.201708
v -0.143783 2.692958 -0.179749
v -0.109973 2.740216 -0.201704
v -0.129396 2.740625 -0.193655
v -0.144101 2.740106 -0.178956
v -0.110981 2.692958 -0.201651
v -0.110456 2.713768 -0.201708
v -0.143783 2.692958 -0.179749
v -0.129588 2.692958 -0.193943
vn 0.0606 0.9936 0.0957
vn 0.3827 -0.0071 0.9239
vn 0.5737 -0.0565 0.8171
vn -0.5556 0.0073 -0.8314
vn -0.7071 0.0071 -0.7071
vn -0.5553 0.0073 -0.8316
vn -0.3827 0.0071 -0.9239
vt 0.731137 0.000000
vt 0.531048 0.028074
vt 0.268627 0.000000
vt 0.488521 0.000000
vt 0.487706 0.094315
vt 0.273539 0.000000
vt 0.488521 0.488521
vt 0.273539 0.273539
vt 0.268864 0.000000
vt 0.731373 0.000000
vt 0.723720 0.487669
vt 0.093750 0.500000
vt 0.107535 0.500000
vt 0.108040 0.552535
vt 0.093750 0.553113
vt 0.093750 0.553113
vt 0.079274 0.552657
vt 0.079570 0.523187
vt 0.079919 0.500000
s 0
usemtl Material.015
f 4017/5425/2395 4018/5426/2395 4019/5427/2395
f 4010/5428/2396 4020/5429/2396 4021/5430/2396
f 4010/5431/2397 4021/5432/2397 4017/5433/2397 4019/5434/2397 4022/5435/2397
s 1
f 4023/5436/2398 4016/5437/2399 4011/5438/2399 4013/5439/2400
f 4023/5436/2398 4013/5440/2400 4012/5441/2401 4015/5442/2401 4014/5443/2401
g Lamparas_cell.084_Lamparas_cell.083
v 0.045369 2.789430 0.228084
v 0.035262 2.741822 0.228423
v 0.055272 2.741801 0.224349
v 0.045436 2.741812 0.228423
v 0.032720 2.750152 0.228364
v 0.056668 2.746572 0.223734
v 0.023396 2.789430 0.228084
v 0.066191 2.789430 0.219459
v 0.062608 2.803214 0.219424
v 0.060494 2.811038 0.219437
v 0.028605 2.811022 0.225885
v 0.044910 2.812059 0.225779
v 0.055272 2.741801 0.224349
v 0.045436 2.741812 0.228423
v 0.035262 2.741822 0.228423
v 0.032720 2.750152 0.228364
v 0.056668 2.746572 0.223734
v 0.023396 2.789430 0.228084
v 0.066191 2.789430 0.219459
v 0.062608 2.803214 0.219424
v 0.060494 2.811038 0.219437
v 0.028605 2.811022 0.225885
v 0.044910 2.812059 0.225779
vn -0.0010 -1.0000 0.0002
vn -0.1991 -0.0677 -0.9776
vn -0.1973 -0.0538 -0.9789
vn -0.1979 -0.0519 -0.9788
vn -0.0624 0.9499 -0.3062
vn 0.1948 0.0550 0.9793
vn 0.1952 0.0073 0.9807
vn 0.3827 0.0071 0.9239
vn 0.3821 0.0544 0.9225
vn -0.0000 0.0071 1.0000
vn -0.0000 0.0542 0.9985
vn 0.1942 0.1033 0.9755
vn -0.0000 0.1013 0.9949
vn 0.3807 0.1013 0.9191
vt 0.934947 0.686879
vt 1.000000 0.608180
vt 1.000000 0.754549
vt 0.608180 0.608180
vt 1.000000 0.624860
vt 1.000000 0.784975
vt 0.754549 0.754549
vt 0.624860 0.624860
vt 0.570473 0.000000
vt 0.832989 0.000000
vt 0.855034 0.213868
vt 0.784976 0.784976
vt 1.000000 0.799741
vt 0.832989 0.832989
vt 0.570474 0.570474
vt 1.000000 0.561854
vt 0.777946 0.688725
vt 0.799741 0.799741
vt 0.561854 0.561854
vt 0.531250 0.607494
vt 0.531250 0.554435
vt 0.538582 0.554423
vt 0.539627 0.559739
vt 0.546774 0.607494
vt 0.524289 0.607494
vt 0.531202 0.500000
vt 0.516115 0.607494
vt 0.522538 0.607494
vt 0.516446 0.656673
vt 0.531250 0.632167
vt 0.520108 0.656673
vt 0.531250 0.632167
vt 0.544447 0.622523
vt 0.543029 0.631054
s 0
usemtl Material.015
f 4037/5444/2402 4038/5445/2402 4036/5446/2402
f 4038/5447/2403 4039/5448/2403 4040/5449/2403 4036/5450/2403
f 4039/5451/2404 4041/5452/2404 4043/5453/2404 4042/5454/2404 4040/5455/2404
f 4044/5456/2405 4043/5457/2405 4041/5458/2405 4045/5459/2405
f 4046/5460/2406 4044/5461/2406 4045/5462/2406
s 1
f 4024/5463/2407 4027/5464/2408 4026/5465/2409 4029/5466/2409 4031/5467/2410
f 4025/5468/2411 4027/5469/2408 4024/5463/2407 4030/5470/2412 4028/5471/2411
f 4030/5472/2412 4024/5463/2407 4035/5473/2413 4034/5474/2414
f 4035/5475/2413 4024/5463/2407 4031/5467/2410 4032/5476/2415 4033/5477/2415
g Lamparas_cell.085_Lamparas_cell.084
v 0.162125 2.934528 -0.108328
v 0.141281 2.979784 -0.094401
v 0.154606 2.930259 -0.103304
v 0.161596 2.904713 -0.107975
v 0.169910 2.911062 -0.113530
v 0.176626 2.901245 -0.074612
v 0.185929 2.907535 -0.078463
v 0.117519 2.953790 -0.119201
v 0.128445 2.930259 -0.129465
v 0.125443 2.960639 -0.124948
v 0.134228 2.903455 -0.135917
v 0.135634 2.934528 -0.134818
v 0.120771 2.973325 -0.119873
v 0.111876 2.966579 -0.113327
v 0.124126 2.977766 -0.113106
v 0.115169 2.971083 -0.105978
v 0.120893 2.978243 -0.093807
v 0.130114 2.985392 -0.099590
v 0.134267 2.990411 -0.090085
v 0.166080 2.954598 -0.070287
v 0.155701 2.951077 -0.066019
v 0.145427 2.979784 -0.084390
v 0.128148 2.981210 -0.082399
v 0.162695 2.939316 -0.068706
v 0.171727 2.943481 -0.072435
v 0.176240 2.934528 -0.074251
v 0.178492 2.928332 -0.075150
v 0.170219 2.923006 -0.071728
v 0.168043 2.930259 -0.070865
v 0.181972 2.918633 -0.076666
v 0.173446 2.912090 -0.073146
v 0.143123 2.906801 -0.142675
v 0.161596 2.904713 -0.107975
v 0.176626 2.901245 -0.074612
v 0.169910 2.911062 -0.113530
v 0.185929 2.907535 -0.078463
v 0.128445 2.930259 -0.129465
v 0.134228 2.903455 -0.135917
v 0.117519 2.953790 -0.119201
v 0.125443 2.960639 -0.124948
v 0.135634 2.934528 -0.134818
v 0.120771 2.973325 -0.119873
v 0.111876 2.966579 -0.113327
v 0.124126 2.977766 -0.113106
v 0.115169 2.971083 -0.105978
v 0.120893 2.978243 -0.093807
v 0.130114 2.985392 -0.099590
v 0.134267 2.990411 -0.090085
v 0.166080 2.954598 -0.070287
v 0.145427 2.979784 -0.084390
v 0.155701 2.951077 -0.066019
v 0.128148 2.981210 -0.082399
v 0.171727 2.943481 -0.072435
v 0.162695 2.939316 -0.068706
v 0.170219 2.923006 -0.071728
v 0.168043 2.930259 -0.070865
v 0.176240 2.934528 -0.074251
v 0.178492 2.928332 -0.075150
v 0.181972 2.918633 -0.076666
v 0.173446 2.912090 -0.073146
v 0.143123 2.906801 -0.142675
vn -0.6173 0.0557 -0.7848
vn -0.6287 0.0780 -0.7738
vn -0.6652 0.7314 -0.1502
vn -0.6567 0.7432 -0.1283
vn -0.6845 0.7225 0.0975
vn 0.1403 0.5704 0.8093
vn 0.3767 0.0124 0.9262
vn 0.3801 0.0040 0.9250
vn 0.3855 -0.0059 0.9227
vn 0.3886 -0.0106 0.9214
vn 0.6965 0.5453 -0.4664
vn 0.6377 0.6059 -0.4756
vn 0.7903 0.5180 -0.3273
vn 0.8378 0.4215 -0.3470
vn 0.7525 0.4254 -0.5028
vn 0.8118 0.4774 -0.3363
vn 0.8603 0.3644 -0.3564
vn 0.7717 0.3706 -0.5168
vn 0.6129 0.4966 -0.6145
vn 0.5646 0.5928 -0.5743
vn 0.6412 0.4217 -0.6412
vn 0.6213 0.4774 -0.6213
vn -0.7525 -0.4266 0.5017
vn -0.8362 -0.4252 0.3464
vn -0.7793 -0.5371 0.3228
vn -0.6764 -0.5456 0.4949
vn -0.7920 -0.3126 0.5245
vn -0.8792 -0.3072 0.3642
vn -0.6042 -0.5404 0.5856
vn -0.6440 -0.4274 0.6346
vn -0.6729 -0.3072 0.6729
vn 0.3968 -0.8791 -0.2642
vn 0.6585 0.3644 -0.6585
vt 0.063067 0.000000
vt 0.523066 0.214417
vt 1.000000 0.418959
vt 1.000000 0.447522
vt 0.494922 0.225940
vt 0.000396 0.000000
vt 0.447522 0.447522
vt 0.418959 0.418959
vt 1.000000 0.343373
vt 1.000000 0.378381
vt 1.000000 0.398506
vt 0.378381 0.378381
vt 0.343373 0.343373
vt 1.000000 0.363654
vt 0.398507 0.398507
vt 0.363654 0.363654
vt 0.385593 0.000000
vt 0.421442 0.000000
vt 0.421442 0.421442
vt 0.385593 0.385593
vt 0.911448 0.000000
vt 0.992901 0.000000
vt 1.000000 0.398213
vt 0.314610 0.128493
vt 0.011908 0.000000
vt 0.159451 0.000000
vt 1.000000 0.342687
vt 0.398213 0.398213
vt 0.342687 0.342687
vt 1.000000 0.582509
vt 1.000000 0.615054
vt 1.000000 0.609596
vt 1.000000 0.639407
vt 0.849107 0.631302
vt 0.615054 0.615054
vt 0.582509 0.582509
vt 0.829199 0.601764
vt 1.000000 0.609713
vt 0.639407 0.639407
vt 0.609596 0.609596
vt 1.000000 0.575258
vt 0.609713 0.609713
vt 0.575258 0.575258
vt 0.588501 0.000000
vt 0.626115 0.000000
vt 0.843750 0.818357
vt 0.843742 0.828886
vt 0.833535 0.818357
vt 0.813449 0.778329
vt 0.843750 0.778329
vt 0.813584 0.796081
vt 0.813440 0.786249
vt 0.813539 0.742113
vt 0.843750 0.746845
vt 0.813413 0.770017
vt 0.813449 0.757004
vt 0.843750 0.828889
vt 0.864412 0.818357
vt 0.854091 0.823964
vt 0.864412 0.818357
vt 0.874526 0.778329
vt 0.874821 0.801424
vt 0.874477 0.812644
vt 0.813502 0.778329
vt 0.813357 0.787037
vt 0.813355 0.798346
vt 0.843750 0.828688
vt 0.843750 0.746451
vt 0.813654 0.742124
vt 0.813547 0.755656
vt 0.813480 0.769278
vt 0.845241 0.829141
vt 0.855040 0.824466
vt 0.868592 0.817582
vt 0.876253 0.813251
vt 0.876301 0.800955
vt 0.875622 0.778329
vt 0.874617 0.741299
vt 0.875622 0.778329
vt 0.999629 0.000000
vt 0.773994 0.334292
vt 0.373885 0.000000
vt 0.411499 0.000000
vt 0.790611 0.317346
vt 0.939954 0.000000
vt 0.874930 0.741137
vt 0.874526 0.778329
s 0
usemtl Material.015
f 4084/5478/2416 4083/5479/2416 4085/5480/2416 4086/5481/2416 4087/5482/2416 4107/5483/2416
f 4086/5484/2417 4085/5485/2417 4089/5486/2417 4088/5487/2417
f 4090/5488/2418 4088/5489/2418 4089/5490/2418 4091/5491/2418
f 4090/5492/2419 4091/5493/2419 4092/5494/2419 4093/5495/2419
f 4093/5496/2420 4092/5497/2420 4098/5498/2420 4094/5499/2420
f 4095/5500/2421 4096/5501/2421 4094/5502/2421 4098/5503/2421 4097/5504/2421
f 4095/5505/2422 4097/5506/2422 4100/5507/2422 4099/5508/2422
f 4101/5509/2423 4104/5510/2423 4103/5511/2423 4099/5512/2423 4100/5513/2423 4102/5514/2423
f 4105/5515/2424 4104/5516/2424 4101/5517/2424 4106/5518/2424
f 4105/5519/2425 4106/5520/2425 4052/5521/2425 4053/5522/2425
s 1
f 4048/5523/2426 4065/5524/2427 4068/5525/2428
f 4072/5526/2429 4047/5527/2430 4048/5523/2426 4068/5525/2428 4066/5528/2431 4071/5529/2431
f 4082/5530/2432 4081/5531/2433 4047/5527/2430 4072/5526/2429 4073/5532/2432 4076/5533/2432
f 4065/5534/2427 4048/5523/2426 4061/5535/2434 4064/5536/2435
f 4061/5537/2434 4048/5523/2426 4047/5527/2430 4058/5538/2436 4056/5539/2437 4059/5540/2437
f 4049/5527/2438 4075/5541/2439 4070/5542/2440 4067/5543/2440 4069/5544/2441
f 4075/5541/2439 4049/5527/2438 4079/5545/2442 4080/5546/2443 4077/5547/2443 4074/5548/2443
f 4069/5549/2441 4063/5550/2444 4062/5551/2444 4060/5552/2444 4054/5553/2444 4055/5554/2445 4049/5527/2438
f 4057/5555/2446 4079/5545/2442 4049/5527/2438 4055/5556/2445
s 0
f 4107/5557/2447 4051/5558/2447 4053/5559/2447 4052/5560/2447 4050/5561/2447 4084/5562/2447
s 1
f 4078/5563/2448 4058/5564/2436 4047/5527/2430 4081/5531/2433
g Lamparas_cell.086_Lamparas_cell.085
v 0.001421 3.698737 -0.002172
v 0.012846 4.243753 -0.019225
v 0.018355 3.995774 -0.013713
v 0.018181 4.243753 -0.013891
v 0.018483 3.699204 -0.013581
v 0.001123 4.243753 -0.002374
v 0.005449 3.698919 -0.022283
v 0.012843 3.698941 -0.019220
v 0.005130 4.243753 -0.022421
v 0.018355 3.995774 -0.013713
v 0.018181 4.243753 -0.013891
v 0.012843 3.698941 -0.019220
v 0.018483 3.699204 -0.013581
v 0.005449 3.698919 -0.022283
v 0.001123 4.243753 -0.002374
v 0.005130 4.243753 -0.022421
vn 0.5596 0.0010 0.8288
vn 0.0351 -0.9993 0.0116
vn 0.5559 0.0006 0.8313
vn 0.0062 -1.0000 -0.0078
vn 0.3827 -0.0000 -0.9239
vn 0.2879 0.6589 -0.6950
vn 0.4146 0.6657 -0.6204
vn 0.5537 -0.0000 -0.8327
vn 0.5315 0.6596 -0.5315
vn 0.7071 -0.0000 -0.7071
vn -0.9806 -0.0006 -0.1962
vn -0.0000 1.0000 -0.0000
vt 0.507977 0.423892
vt 0.084077 0.000000
vt 0.501532 0.000000
vt 0.500532 0.500532
vt 0.000000 0.000000
vt 0.052401 0.000000
vt 0.083945 0.000000
vt 1.000000 0.000000
vt 1.000000 0.500532
vt 0.501532 0.501532
vt 0.052401 0.052401
vt 0.072653 0.000000
vt 0.961705 1.000000
vt 0.964108 1.000000
vt 0.906250 1.000000
vt 0.853989 1.000000
vt 0.852264 1.000000
vt 0.850982 1.000000
vt 0.916103 0.072552
vt 0.927347 0.000000
vt 0.916055 0.000000
vt 0.625664 1.000000
vt 0.843750 1.000000
s 0
usemtl Material.015
f 4118/5565/2449 4122/5566/2449 4117/5567/2449
f 4120/5568/2450 4108/5569/2450 4119/5570/2450
f 4122/5571/2451 4108/5572/2451 4120/5573/2451 4117/5574/2451
f 4119/5575/2452 4108/5569/2452 4121/5576/2452
s 1
f 4114/5577/2453 4123/5578/2454 4109/5579/2455 4115/5579/2456
f 4109/5579/2455 4111/5580/2457 4110/5581/2458 4112/5582/2458 4115/5579/2456
s 0
f 4116/5583/2459 4121/5584/2459 4108/5569/2459 4122/5585/2459
s 1
f 4123/5578/2454 4113/5586/2460 4111/5587/2457 4109/5579/2455
g Lamparas_cell.087_Lamparas_cell.086
v 0.019718 3.142683 0.012594
v 0.046291 3.105301 0.031365
v 0.015974 3.133505 0.010674
v 0.039165 3.096949 0.034605
v 0.042079 3.099723 0.028116
v 0.043788 3.100948 0.021069
v 0.019764 3.120897 0.023137
v 0.025199 3.125866 0.006600
v 0.021955 3.130091 0.004367
v 0.009094 3.133240 0.016890
v 0.013971 3.138644 0.009335
v 0.017678 3.136038 0.003516
v 0.039165 3.096949 0.034605
v 0.042079 3.099723 0.028116
v 0.043788 3.100948 0.021069
v 0.019764 3.120897 0.023137
v 0.025199 3.125866 0.006600
v 0.021955 3.130091 0.004367
v 0.017678 3.136038 0.003516
v 0.009094 3.133240 0.016890
v 0.013971 3.138644 0.009335
vn 0.7732 -0.6294 0.0781
vn -0.0501 0.3981 0.9160
vn 0.7762 0.4357 -0.4558
vn 0.8342 0.4052 -0.3740
vn -0.0231 0.4355 0.8999
vn -0.2656 0.8054 -0.5299
vn -0.6645 -0.5818 -0.4690
vn -0.5444 -0.6058 -0.5802
vn -0.7454 -0.4245 -0.5140
vn -0.7502 -0.5816 -0.3144
vn -0.6865 -0.6667 -0.2901
vn -0.5852 -0.6799 -0.4420
vn -0.5125 -0.6766 -0.5287
vn -0.6232 0.7681 0.1470
vt 1.000000 0.000000
vt 1.000000 0.682159
vt 0.876922 0.295028
vt 0.727511 0.000000
vt 0.682159 0.682159
vt 0.000000 0.000000
vt 0.642191 0.000000
vt 0.365403 0.000000
vt 1.000000 0.315193
vt 0.633208 0.124805
vt 0.315193 0.315193
vt 1.000000 0.272489
vt 0.762332 0.090545
vt 1.000000 0.357809
vt 1.000000 1.000000
vt 0.483991 0.483991
vt 0.656250 0.993078
vt 0.593750 0.993851
vt 0.656250 0.996863
vt 0.718750 0.993078
vt 0.684739 0.997664
vt 0.678571 0.956707
vt 0.656250 0.955338
vt 0.718750 0.989264
vt 0.709077 0.984543
vt 0.593750 0.993078
vt 0.636531 0.952239
vt 0.614385 0.978993
vt 0.721002 0.721002
vt 0.319379 0.028316
s 0
usemtl Material.015
f 4125/5588/2461 4136/5589/2461 4137/5590/2461 4138/5591/2461
f 4136/5592/2462 4125/5593/2462 4139/5594/2462
f 4142/5595/2463 4124/5588/2463 4140/5596/2463 4141/5597/2463
f 4140/5598/2464 4124/5593/2464 4125/5588/2464 4138/5599/2464
f 4124/5593/2465 4143/5600/2465 4139/5601/2465 4125/5602/2465
f 4134/5593/2466 4124/5588/2466 4142/5603/2466
s 1
f 4126/5604/2467 4133/5605/2468 4144/5606/2469
f 4135/5607/2470 4126/5604/2467 4144/5608/2469
f 4129/5609/2471 4128/5610/2472 4126/5604/2467 4135/5607/2470 4132/5611/2471 4131/5612/2471
f 4133/5613/2468 4126/5604/2467 4128/5610/2472 4127/5614/2473 4130/5615/2473
s 0
f 4143/5616/2474 4124/5593/2474 4134/5617/2474
g Lamparas_cell.088_Lamparas_cell.087
v 0.223490 2.834534 0.044455
v 0.193361 2.789430 0.129199
v 0.189466 2.834534 0.126597
v 0.178693 2.884586 0.119399
v 0.213837 2.832768 0.042535
v 0.185059 2.788881 0.123652
v 0.181282 2.832768 0.121129
v 0.145936 2.827302 0.157259
v 0.153185 2.827453 0.163898
v 0.162602 2.788881 0.146108
v 0.169689 2.789430 0.152871
v 0.173056 2.760123 0.135940
v 0.178925 2.764025 0.143890
v 0.143593 2.832768 0.158818
v 0.150148 2.834534 0.165915
v 0.143170 2.842655 0.154727
v 0.150876 2.844009 0.161785
v 0.161320 2.884586 0.136772
v 0.152094 2.885069 0.126443
v 0.162323 2.890715 0.132376
v 0.155421 2.899840 0.116374
v 0.164697 2.903983 0.122659
v 0.168967 2.910740 0.114650
v 0.160401 2.907293 0.107992
v 0.163478 2.914972 0.094777
v 0.172106 2.919018 0.100091
v 0.196207 2.898894 0.062484
v 0.188637 2.892467 0.053019
v 0.202406 2.893700 0.052830
v 0.213596 2.867437 0.046513
v 0.204019 2.860712 0.042669
v 0.207114 2.884586 0.050786
v 0.195539 2.753607 0.098996
v 0.203100 2.751533 0.106391
v 0.217102 2.788881 0.046292
v 0.226854 2.801507 0.028417
v 0.227789 2.792332 0.045310
v 0.226263 2.789430 0.049766
v 0.217152 2.800105 0.026206
v 0.206933 2.854156 0.041162
v 0.213837 2.832768 0.035767
v 0.223490 2.834534 0.038081
v 0.218359 2.854746 0.043434
v 0.185365 2.737350 0.123857
v 0.179995 2.741420 0.129185
v 0.193679 2.736661 0.129412
v 0.187281 2.741512 0.135762
v 0.145936 2.827302 0.157259
v 0.162602 2.788881 0.146108
v 0.173056 2.760123 0.135940
v 0.169689 2.789430 0.152871
v 0.178925 2.764025 0.143890
v 0.153185 2.827453 0.163898
v 0.143593 2.832768 0.158818
v 0.150148 2.834534 0.165915
v 0.143170 2.842655 0.154727
v 0.152094 2.885069 0.126443
v 0.150876 2.844009 0.161785
v 0.161320 2.884586 0.136772
v 0.162323 2.890715 0.132376
v 0.164697 2.903983 0.122659
v 0.155421 2.899840 0.116374
v 0.172106 2.919018 0.100091
v 0.196207 2.898894 0.062484
v 0.163478 2.914972 0.094777
v 0.188637 2.892467 0.053019
v 0.202406 2.893700 0.052830
v 0.207114 2.884586 0.050786
v 0.213596 2.867437 0.046513
v 0.203100 2.751533 0.106391
v 0.226263 2.789430 0.049766
v 0.195539 2.753607 0.098996
v 0.217102 2.788881 0.046292
v 0.226854 2.801507 0.028417
v 0.227789 2.792332 0.045310
v 0.223490 2.834534 0.038081
v 0.217152 2.800105 0.026206
v 0.213837 2.832768 0.035767
v 0.206933 2.854156 0.041162
v 0.204019 2.860712 0.042669
v 0.218359 2.854746 0.043434
v 0.193679 2.736661 0.129412
v 0.187281 2.741512 0.135762
v 0.185365 2.737350 0.123857
v 0.179995 2.741420 0.129185
v 0.168967 2.910740 0.114650
v 0.160401 2.907293 0.107992
vn -0.5975 -0.4515 0.6627
vn -0.5993 -0.4464 0.6646
vn -0.7058 0.2863 0.6480
vn -0.6248 0.5199 0.5825
vn -0.6250 0.5310 0.5723
vn -0.5643 0.7543 0.3355
vn -0.5557 0.7685 0.3171
vn -0.0854 0.8547 -0.5121
vn -0.0836 0.8542 -0.5132
vn 0.0517 0.2963 -0.9537
vn 0.2308 -0.8496 -0.4742
vn 0.1720 0.2928 -0.9406
vn -0.3120 -0.8801 0.3579
vn -0.5921 -0.4589 0.6624
vn -0.8302 -0.0548 -0.5547
vn -0.9572 -0.0800 -0.2782
vn -0.9239 -0.0070 -0.3827
vn -0.8288 -0.0071 -0.5595
vn 0.8302 0.0550 0.5547
vn 0.8291 0.0073 0.5591
vn 0.9239 0.0071 0.3827
vn 0.9206 0.0848 0.3813
vn 0.7055 0.0684 0.7055
vn 0.7071 0.0071 0.7071
vn 0.6585 0.3644 0.6585
vn 0.6776 0.2858 0.6776
vn 0.7916 0.3093 0.5270
vn 0.8052 0.3710 0.4626
vn 0.6958 0.1781 0.6958
vn 0.8185 0.1758 0.5469
vn 0.6854 0.2461 0.6854
vn 0.7035 0.1013 0.7035
vn 0.8825 0.2932 0.3678
vn 0.8575 0.3665 0.3611
vn 0.9655 0.1758 0.1921
vn 0.9081 0.2476 0.3376
vn 0.8955 0.2461 0.3709
vn 0.9605 0.1031 0.2583
vn 0.9868 0.1619 -0.0000
vn 0.9949 0.1013 -0.0000
vn -0.7071 -0.0070 -0.7071
vn -0.7055 -0.0681 -0.7055
vn -0.8136 -0.2064 -0.5436
vn -0.6906 -0.2146 -0.6906
vn -0.6729 -0.3072 -0.6729
vn -0.8278 -0.3120 -0.4663
vn -0.7035 -0.1010 -0.7035
vn -0.9595 -0.2013 -0.1968
vn -0.8784 -0.3075 -0.3659
vn -0.8906 -0.3093 -0.3335
vn -0.9838 -0.1779 -0.0213
vn -0.9959 -0.0829 -0.0365
vn 0.2288 -0.8563 -0.4631
vt 1.000000 0.563811
vt 0.550742 0.236270
vt 0.214970 0.000000
vt 0.258758 0.000000
vt 0.555389 0.208737
vt 1.000000 0.532933
vt 0.841318 0.556361
vt 0.563811 0.563811
vt 0.532933 0.532933
vt 1.000000 0.521430
vt 1.000000 0.544217
vt 1.000000 0.576939
vt 0.554293 0.554293
vt 0.521430 0.521430
vt 1.000000 0.537744
vt 0.576940 0.576940
vt 0.544217 0.544217
vt 0.937073 0.498632
vt 1.000000 0.494184
vt 0.494184 0.494184
vt 0.434247 0.000000
vt 0.469682 0.000000
vt 0.537744 0.537744
vt 0.516915 0.000000
vt 0.557389 0.000000
vt 0.458607 0.458607
vt 0.424232 0.424232
vt 1.000000 0.543943
vt 0.557389 0.557389
vt 0.567090 0.513714
vt 1.000000 0.503278
vt 0.879168 0.000000
vt 0.959665 0.000000
vt 0.543943 0.543943
vt 0.503278 0.503278
vt 0.959665 0.959665
vt 0.879168 0.879168
vt 1.000000 0.812412
vt 0.399142 0.000000
vt 0.938531 0.938531
vt 0.812412 0.812412
vt 0.639887 0.516690
vt 0.347793 0.000000
vt 1.000000 0.404917
vt 1.000000 0.445400
vt 0.444730 0.323691
vt 0.328569 0.328569
vt 0.276538 0.276538
vt 0.390763 0.271724
vt 0.433286 0.279964
vt 1.000000 0.276538
vt 1.000000 0.328569
vt 0.681400 0.346424
vt 0.466207 0.383496
vt 0.399142 0.399142
vt 0.347793 0.347793
vt 0.476403 0.322221
vt 0.677837 0.294653
vt 0.324451 0.324451
vt 0.209722 0.184985
vt 1.000000 0.156875
vt 1.000000 0.299584
vt 0.299584 0.299584
vt 0.156875 0.156875
vt 1.000000 0.741242
vt 1.000000 0.785030
vt 0.656250 0.607494
vt 0.716513 0.607494
vt 0.675546 0.567994
vt 0.656250 0.549789
vt 0.657331 0.549276
vt 0.673350 0.565267
vt 0.715471 0.607494
vt 0.656250 0.548696
vt 0.656250 0.607494
vt 0.633191 0.607494
vt 0.642062 0.579186
vt 0.650060 0.554101
vt 0.641066 0.719546
vt 0.637938 0.711322
vt 0.656250 0.711322
vt 0.655125 0.746414
vt 0.648170 0.737348
vt 0.617163 0.656673
vt 0.656250 0.656673
vt 0.637938 0.711322
vt 0.619695 0.667018
vt 0.619727 0.648953
vt 0.711604 0.711322
vt 0.709174 0.723551
vt 0.700788 0.730520
vt 0.666280 0.757520
vt 0.656250 0.747806
vt 0.718750 0.656673
vt 0.718750 0.678742
vt 0.715836 0.692598
vt 0.718750 0.610658
vt 0.718750 0.678742
vt 0.723230 0.656673
vt 0.730330 0.620662
vt 0.718750 0.610658
vt 0.650823 0.554347
vt 0.643882 0.575292
vt 0.633394 0.607494
vt 0.616004 0.660508
vt 0.619245 0.669011
vt 0.640101 0.721938
vt 0.649110 0.741981
vt 0.656250 0.750288
vt 0.619161 0.650547
vt 0.617090 0.656673
vt 0.633394 0.607494
vt 0.656250 0.750288
vt 0.666455 0.759253
vt 0.709297 0.728972
vt 0.717140 0.691543
vt 0.718750 0.683362
vt 0.716513 0.607494
vt 0.723722 0.656673
vt 0.731050 0.620072
vt 0.718750 0.609617
vt 0.404917 0.404917
vt 1.000000 0.627938
vt 1.000000 0.690729
vt 0.445400 0.445400
s 0
usemtl Material.015
f 4192/5618/2475 4193/5619/2475 4194/5620/2475 4196/5621/2475 4195/5622/2475 4197/5623/2475
f 4198/5624/2476 4192/5625/2476 4197/5626/2476 4199/5627/2476
f 4202/5628/2477 4200/5629/2477 4198/5630/2477 4199/5631/2477
f 4201/5632/2478 4200/5633/2478 4202/5634/2478 4203/5635/2478 4204/5636/2478
f 4204/5637/2479 4205/5638/2479 4206/5639/2479 4201/5640/2479
f 4230/5641/2480 4231/5642/2480 4206/5643/2480 4205/5644/2480
f 4209/5645/2481 4231/5646/2481 4230/5647/2481 4207/5648/2481
f 4208/5649/2482 4210/5650/2482 4209/5651/2482 4207/5652/2482
f 4210/5653/2483 4208/5654/2483 4211/5655/2483
f 4224/5656/2484 4210/5657/2484 4211/5658/2484 4212/5659/2484 4213/5660/2484
f 4214/5661/2485 4216/5662/2485 4217/5663/2485 4221/5664/2485 4218/5665/2485 4219/5666/2485 4215/5667/2485
f 4218/5668/2486 4221/5669/2486 4222/5670/2486 4223/5671/2486 4224/5672/2486 4213/5673/2486 4225/5674/2486 4220/5675/2486
f 4228/5676/2487 4226/5677/2487 4227/5678/2487 4229/5679/2487
f 4229/5680/2488 4227/5681/2488 4196/5682/2488 4194/5683/2488
s 1
f 4150/5684/2489 4179/5685/2490 4177/5686/2491 4188/5687/2492
f 4146/5684/2493 4190/5688/2494 4178/5689/2495 4182/5690/2496
f 4190/5691/2494 4146/5692/2493 4155/5693/2497 4157/5694/2498 4191/5695/2498
f 4164/5696/2499 4162/5697/2500 4148/5698/2501 4167/5699/2502 4166/5700/2499
f 4159/5701/2503 4147/5702/2504 4148/5698/2501 4162/5703/2500 4161/5704/2505
f 4155/5693/2497 4146/5692/2493 4147/5702/2504 4159/5701/2503 4153/5705/2506
f 4176/5706/2507 4173/5707/2508 4171/5708/2508 4170/5709/2508 4167/5710/2502 4148/5698/2501
f 4176/5706/2507 4148/5698/2501 4147/5702/2504 4145/5711/2509 4187/5712/2510 4174/5713/2511
f 4181/5714/2512 4145/5711/2509 4147/5702/2504 4146/5684/2493 4182/5690/2496
f 4187/5715/2510 4145/5711/2509 4186/5716/2513
f 4180/5717/2514 4186/5716/2513 4145/5711/2509 4181/5718/2512
f 4189/5719/2515 4156/5720/2515 4154/5721/2516 4150/5692/2489 4188/5687/2492
f 4151/5702/2517 4158/5722/2518 4160/5723/2519 4163/5724/2519 4165/5725/2519 4168/5726/2520
f 4152/5727/2521 4158/5728/2518 4151/5702/2517 4150/5692/2489 4154/5729/2516
f 4149/5711/2522 4151/5702/2517 4168/5730/2520 4169/5731/2523 4172/5732/2523 4175/5733/2523 4184/5734/2524
f 4151/5702/2517 4149/5711/2522 4179/5735/2490 4150/5684/2489
f 4185/5736/2525 4149/5711/2522 4184/5734/2524
f 4149/5711/2522 4185/5736/2525 4183/5737/2526 4179/5738/2490
s 0
f 4214/5739/2527 4226/5740/2527 4228/5741/2527 4216/5742/2527
g Lamparas_cell.089_Lamparas_cell.088
v 0.193943 2.692958 -0.129588
v 0.185629 2.692887 -0.124033
v 0.227655 2.739614 -0.047331
v 0.217646 2.739552 -0.045883
v 0.168608 2.740015 -0.154450
v 0.185350 2.739899 -0.123847
v 0.193659 2.739980 -0.129399
v 0.162101 2.739931 -0.147094
v 0.156490 2.739634 -0.152708
v 0.162668 2.739700 -0.160393
v 0.156419 2.692887 -0.153243
v 0.162599 2.692958 -0.160932
v 0.218065 2.692887 -0.045726
v 0.228080 2.692958 -0.047175
v 0.227655 2.739614 -0.047331
v 0.193659 2.739980 -0.129399
v 0.168608 2.740015 -0.154450
v 0.185350 2.739899 -0.123847
v 0.162101 2.739931 -0.147094
v 0.217646 2.739552 -0.045883
v 0.156490 2.739634 -0.152708
v 0.162668 2.739700 -0.160393
v 0.156419 2.692887 -0.153243
v 0.162599 2.692958 -0.160932
v 0.218065 2.692887 -0.045726
v 0.228080 2.692958 -0.047175
vn -0.0053 1.0000 0.0067
vn -0.0341 0.9992 -0.0188
vn -0.7794 0.0084 -0.6264
vn 0.7071 0.0071 -0.7071
vn 0.8313 0.0073 -0.5558
vn 0.6242 -0.6607 -0.4171
vn 0.5196 -0.6783 -0.5196
vn 0.9239 0.0071 -0.3827
vn 0.7099 -0.6399 -0.2941
vn -0.4778 -0.7371 0.4778
vn -0.5416 -0.7587 0.3619
vn -0.8313 -0.0071 0.5558
vn -0.7071 -0.0070 0.7071
vn -0.5972 -0.7630 0.2474
vn -0.9239 -0.0070 0.3827
vn 0.1432 0.0046 0.9897
vt 0.762290 0.374430
vt 1.000000 0.484279
vt 1.000000 0.512878
vt 0.779399 0.410935
vt 0.269540 0.269540
vt 0.225592 0.225592
vt 1.000000 0.489976
vt 0.512878 0.512878
vt 0.484279 0.484279
vt 1.000000 0.460033
vt 0.968385 0.488871
vt 0.489976 0.489976
vt 0.460033 0.460033
vt 0.938370 0.458912
vt 0.873909 0.552082
vt 0.868129 0.552433
vt 0.843750 0.552395
vt 0.843750 0.500000
vt 0.874191 0.500000
vt 0.782659 0.551986
vt 0.782491 0.500000
vt 0.873389 0.500000
vt 0.843750 0.552645
vt 0.867389 0.552680
vt 0.873093 0.552348
vt 0.782936 0.500000
vt 0.783112 0.552255
vt 0.873389 0.500000
vt 0.739622 0.223409
vt 1.000000 0.225592
vt 1.000000 0.269540
vt 0.783101 0.267530
s 0
usemtl Material.015
f 4247/5743/2528 4248/5744/2528 4250/5745/2528 4249/5746/2528 4251/5747/2528 4246/5748/2528
f 4252/5749/2529 4250/5750/2529 4248/5751/2529 4253/5752/2529
f 4254/5753/2530 4252/5754/2530 4253/5755/2530 4255/5756/2530
s 1
f 4241/5757/2531 4236/5758/2531 4238/5759/2532 4232/5760/2533 4243/5761/2534
f 4234/5762/2535 4257/5763/2536 4232/5760/2533 4238/5759/2532
f 4242/5764/2537 4233/5760/2538 4237/5765/2539 4239/5766/2540 4240/5767/2540
f 4237/5765/2539 4233/5760/2538 4256/5768/2541 4235/5769/2542
f 4232/5760/2533 4233/5760/2538 4242/5770/2537 4243/5761/2534
f 4256/5768/2541 4233/5760/2538 4232/5760/2533 4257/5763/2536
s 0
f 4245/5771/2543 4246/5772/2543 4251/5773/2543 4244/5774/2543
g Lamparas_cell.090_Lamparas_cell.089
v 0.109584 2.738532 0.201878
v 0.109856 2.723297 0.201883
v 0.143971 2.739696 0.179090
v 0.110612 2.692958 0.201803
v 0.144643 2.692958 0.178889
v 0.127323 2.692929 0.190552
v 0.129397 2.740304 0.193657
v 0.109584 2.738532 0.201878
v 0.109856 2.723297 0.201883
v 0.110612 2.692958 0.201803
v 0.144643 2.692958 0.178889
v 0.127323 2.692929 0.190552
v 0.143971 2.739696 0.179090
v 0.129397 2.740304 0.193657
vn -0.5536 -0.0058 -0.8328
vn -0.5585 -0.0118 -0.8294
vn -0.1753 0.9606 -0.2155
vn 0.5570 -0.0362 0.8297
vn 0.5555 -0.0362 0.8307
vn 0.6344 -0.0366 0.7722
vn 0.4713 -0.0354 0.8813
vt 0.530784 0.000000
vt 0.831896 0.000000
vt 1.000000 0.167052
vt 1.000000 0.475381
vt 1.000000 0.168104
vt 0.988554 0.469108
vt 0.837979 0.319390
vt 0.693296 0.174942
vt 0.430806 0.073772
vt 1.000000 0.489228
vt 1.000000 0.813012
vt 0.593750 0.552755
vt 0.593750 0.500000
vt 0.608390 0.501222
vt 0.607932 0.552077
vt 0.579012 0.550780
vt 0.579171 0.533805
vt 0.579645 0.500000
s 0
usemtl Material.015
f 4268/5775/2544 4266/5776/2544 4265/5777/2544 4270/5778/2544
f 4266/5779/2545 4268/5780/2545 4269/5781/2545 4267/5782/2545
f 4271/5783/2546 4270/5784/2546 4265/5785/2546
s 1
f 4264/5786/2547 4263/5787/2548 4262/5788/2549 4260/5789/2549
f 4258/5790/2550 4259/5791/2550 4261/5792/2550 4263/5787/2548 4264/5786/2547
g Lamparas_cell.091_Lamparas_cell.090
v 0.019123 3.143222 0.007915
v 0.020982 3.144047 0.012726
v 0.027037 3.139001 0.005378
v 0.025846 3.141613 -0.004148
v 0.023532 3.147808 0.001928
v 0.021073 3.151926 0.008738
v 0.030778 3.120412 -0.005387
v 0.048879 3.100553 -0.009085
v 0.056262 3.106987 -0.010509
v 0.020932 3.131214 -0.000476
v 0.044565 3.101528 0.017812
v 0.048090 3.107069 0.030723
v 0.023760 3.139001 0.013288
v 0.027234 3.124299 0.005417
v 0.047204 3.102390 0.009389
v 0.054327 3.109105 0.010806
v 0.030778 3.120412 -0.005387
v 0.048879 3.100553 -0.009085
v 0.048090 3.107069 0.030723
v 0.023760 3.139001 0.013288
v 0.020932 3.131214 -0.000476
v 0.027234 3.124299 0.005417
v 0.044565 3.101528 0.017812
v 0.047204 3.102390 0.009389
v 0.056262 3.106987 -0.010509
v 0.054327 3.109105 0.010806
v 0.025846 3.141613 -0.004148
v 0.023532 3.147808 0.001928
v 0.021073 3.151926 0.008738
v 0.020982 3.144047 0.012726
vn -0.8265 0.2055 -0.5242
vn -0.8576 0.2139 -0.4678
vn -0.9279 0.1768 0.3281
vn -0.5029 -0.0666 -0.8618
vn -0.1917 0.0105 -0.9814
vn -0.8312 -0.3971 0.3891
vn 0.6656 -0.7343 0.1334
vn 0.8683 0.3714 0.3288
vn 0.7520 0.5780 0.3168
vn 0.7918 0.5830 0.1818
vn 0.9198 0.3402 0.1958
vn 0.9549 0.1252 0.2692
vn -0.7391 -0.6736 -0.0000
vn -0.7185 -0.6808 -0.1428
vn -0.7363 -0.6761 -0.0273
vn -0.6828 -0.6736 -0.2828
vn 0.7200 0.6760 0.1569
vn 0.6823 0.6742 0.2826
vn 0.8404 0.5419 0.0089
vn 0.7453 0.6661 0.0286
vn -0.8212 -0.4078 0.3992
vt 0.000000 0.000000
vt 1.000000 0.037424
vt 0.821994 0.259578
vt 0.199119 0.000000
vt 1.000000 0.000000
vt 0.574988 0.319026
vt 0.329440 0.329440
vt 0.788852 0.049640
vt 0.200497 0.200497
vt 0.586360 0.586360
vt 1.000000 0.139467
vt 1.000000 1.000000
vt 0.913576 0.000000
vt 1.000000 0.586360
vt 0.995564 0.945887
vt 0.855956 0.000000
vt 0.837955 0.837955
vt 0.344261 0.000000
vt 0.543352 0.036611
vt 1.000000 0.086424
vt 1.000000 0.144044
vt 0.473146 0.086559
vt 0.002352 0.000000
vt 0.663070 0.996916
vt 0.668998 0.993078
vt 0.718750 0.993078
vt 0.718750 1.000000
vt 0.669332 1.000000
vt 0.687463 1.000000
vt 0.772985 0.989693
vt 0.777150 0.978451
vt 0.778976 0.956265
vt 0.718750 0.958317
vt 0.718750 0.982794
vt 0.689308 0.957355
vt 0.718750 0.959420
vt 0.659563 0.957128
vt 0.776379 0.993078
vt 0.718750 0.959420
vt 0.779125 0.957035
vt 0.958229 0.881716
vt 1.000000 0.837955
vt 0.628461 0.628401
vt 0.655739 0.000000
vt 0.997648 0.000000
vt 0.775121 0.995666
s 0
usemtl Material.015
f 4298/5793/2551 4292/5794/2551 4299/5795/2551
f 4292/5796/2552 4272/5797/2552 4300/5798/2552 4299/5799/2552
f 4272/5793/2553 4301/5800/2553 4300/5801/2553
f 4288/5802/2554 4292/5803/2554 4298/5804/2554
f 4289/5805/2555 4288/5806/2555 4298/5807/2555 4296/5808/2555
f 4272/5797/2556 4292/5809/2556 4301/5793/2556
f 4282/5810/2557 4295/5811/2557 4289/5812/2557 4296/5813/2557 4297/5814/2557 4283/5815/2557
s 1
f 4273/5816/2558 4291/5817/2559 4274/5818/2560 4276/5819/2561
f 4273/5820/2558 4276/5819/2561 4277/5821/2562
f 4281/5822/2563 4278/5823/2563 4279/5824/2563 4286/5825/2564 4293/5826/2565
f 4294/5827/2566 4293/5826/2565 4286/5825/2564
f 4287/5828/2567 4274/5818/2560 4291/5817/2559 4290/5829/2568
f 4275/5830/2569 4274/5818/2560 4287/5831/2567 4280/5832/2570
s 0
f 4284/5833/2571 4301/5797/2571 4292/5834/2571 4285/5835/2571 4282/5836/2571 4283/5837/2571
s 1
f 4274/5818/2560 4275/5838/2569 4276/5819/2561
g Lamparas_cell.092_Lamparas_cell.091
v -0.045505 2.692958 -0.228771
v -0.043555 2.692887 -0.218964
v -0.151955 2.739489 -0.171107
v -0.151838 2.692958 -0.171693
v -0.126216 2.692915 -0.188895
v -0.100569 2.739693 -0.205603
v -0.100753 2.724834 -0.205641
v -0.100753 2.692958 -0.205887
v -0.155091 2.731437 -0.154189
v -0.155313 2.692887 -0.154349
v -0.161462 2.692958 -0.162069
v -0.161200 2.737812 -0.161880
v -0.154997 2.739415 -0.154203
v -0.123848 2.739581 -0.185351
v -0.087720 2.739686 -0.200315
v -0.088955 2.739726 -0.210413
v -0.043545 2.699791 -0.218916
v -0.045498 2.698083 -0.228735
v -0.035253 2.692887 -0.218964
v -0.039343 2.692958 -0.228771
v -0.151838 2.692958 -0.171693
v -0.126216 2.692915 -0.188895
v -0.151955 2.739489 -0.171107
v -0.100569 2.739693 -0.205603
v -0.100753 2.724834 -0.205641
v -0.100753 2.692958 -0.205887
v -0.155313 2.692887 -0.154349
v -0.161462 2.692958 -0.162069
v -0.155091 2.731437 -0.154189
v -0.161200 2.737812 -0.161880
v -0.154997 2.739415 -0.154203
v -0.123848 2.739581 -0.185351
v -0.087720 2.739686 -0.200315
v -0.088955 2.739726 -0.210413
v -0.035253 2.692887 -0.218964
v -0.039343 2.692958 -0.228771
v -0.045498 2.698083 -0.228735
v -0.043545 2.699791 -0.218916
vn -0.5574 0.0091 -0.8302
vn -0.5551 0.0064 -0.8318
vn -0.7822 0.0019 0.6230
vn -0.7788 0.0102 0.6272
vn -0.0223 0.9998 0.0003
vn 0.6320 0.7546 -0.1765
vn -0.7071 0.0071 -0.7071
vn -0.3353 -0.8804 -0.3353
vn -0.4859 -0.7265 -0.4859
vn -0.1465 -0.6607 -0.7363
vn -0.1828 -0.8786 -0.4412
vn -0.3827 0.0071 -0.9239
vn -0.2811 0.0072 -0.9596
vn -0.0000 -0.9405 -0.3399
vn 0.7362 -0.0479 0.6751
vn 0.5401 -0.6807 0.4949
vn 0.5474 -0.2228 0.8067
vn 0.5604 -0.0557 0.8263
vn 0.1171 -0.7617 0.6373
vn 0.2597 -0.0461 0.9646
vn 0.3554 -0.0604 0.9328
vn -0.0000 -0.8647 0.5023
vt 0.987498 0.485422
vt 0.637240 0.483913
vt 0.147130 0.000000
vt 0.846523 0.000000
vt 1.000000 0.154518
vt 0.485443 0.485443
vt 0.154518 0.154518
vt 0.489124 0.336617
vt 0.916466 0.400280
vt 0.917085 0.000000
vt 0.983086 0.000000
vt 0.982401 0.465769
vt 1.000000 0.917128
vt 0.983086 0.983086
vt 0.917086 0.917086
vt 0.922418 0.000000
vt 0.983350 0.000000
vt 1.000000 0.153478
vt 1.000000 0.852870
vt 0.983094 0.983094
vt 0.917128 0.917128
vt 0.974213 0.477424
vt 0.933024 0.435449
vt 0.948242 0.505078
vt 0.988302 0.988302
vt 0.945494 0.945494
vt 0.907106 0.482675
vt 0.886604 0.388879
vt 0.124644 0.551792
vt 0.115673 0.551847
vt 0.115359 0.500000
vt 0.124705 0.500000
vt 0.031250 0.500000
vt 0.072316 0.500000
vt 0.072375 0.535518
vt 0.072271 0.552074
vt 0.063112 0.552108
vt 0.031250 0.505711
vt 0.031250 0.505709
vt 0.093507 0.607494
vt 0.125388 0.552102
vt 0.125444 0.543168
vt 0.125489 0.500000
vt 0.093750 0.500000
vt 0.093750 0.552288
vt 0.093750 0.552288
vt 0.031250 0.507731
vt 0.065633 0.552406
vt 0.136856 0.500000
vt 0.094730 0.500000
vt 0.031354 0.500000
vt 0.120591 0.500000
vt 0.115359 0.500000
vt 0.072316 0.500000
s 0
usemtl Material.015
f 4323/5839/2572 4322/5840/2572 4324/5841/2572 4325/5842/2572 4326/5843/2572
f 4323/5844/2573 4326/5845/2573 4327/5846/2573
f 4328/5847/2574 4330/5848/2574 4331/5849/2574 4329/5850/2574
f 4332/5851/2575 4331/5852/2575 4330/5853/2575
f 4334/5854/2576 4335/5855/2576 4325/5856/2576 4324/5857/2576 4331/5858/2576 4332/5859/2576 4333/5860/2576
f 4337/5861/2577 4338/5862/2577 4335/5863/2577 4334/5864/2577 4339/5865/2577 4336/5866/2577
s 1
f 4313/5867/2578 4304/5868/2578 4305/5869/2579 4312/5870/2580
f 4302/5871/2581 4309/5872/2582 4308/5873/2583 4307/5874/2583 4317/5875/2583 4319/5876/2584
f 4319/5877/2584 4321/5878/2585 4302/5871/2581
f 4314/5879/2586 4310/5880/2586 4311/5881/2587 4306/5882/2588 4315/5883/2589
f 4315/5884/2589 4306/5882/2588 4303/5871/2590 4318/5885/2591 4316/5886/2592
f 4320/5887/2593 4303/5871/2590 4302/5871/2581 4321/5888/2585
f 4318/5889/2591 4303/5871/2590 4320/5890/2593
f 4312/5870/2580 4305/5891/2579 4306/5882/2588 4311/5881/2587
f 4302/5871/2581 4303/5871/2590 4306/5882/2588 4309/5892/2582
g Lamparas_cell.093_Lamparas_cell.092
v -0.108328 2.934528 -0.162124
v -0.094400 2.979784 -0.141280
v -0.038039 2.934528 -0.191239
v -0.103304 2.930259 -0.154606
v -0.036275 2.930259 -0.182370
v -0.122396 2.934528 -0.148057
v -0.115404 2.930259 -0.142505
v -0.112377 2.920716 -0.149889
v -0.119846 2.925405 -0.155655
v -0.118507 2.951727 -0.120071
v -0.126465 2.955295 -0.128031
v -0.107638 2.906553 -0.161092
v -0.115951 2.912308 -0.166798
v -0.075634 2.884443 -0.182073
v -0.080340 2.887770 -0.193523
v -0.067792 2.887230 -0.184348
v -0.073360 2.890189 -0.195389
v -0.038316 2.898478 -0.192627
v -0.020001 2.907153 -0.201952
v -0.040541 2.902393 -0.203814
v -0.015310 2.904139 -0.190800
v -0.017953 2.909906 -0.188939
v -0.017408 2.912007 -0.200052
v -0.057342 2.984655 -0.136152
v -0.034581 2.943635 -0.173853
v -0.051051 2.977539 -0.160557
v -0.054779 2.984176 -0.154109
v -0.027655 2.930259 -0.182370
v -0.028345 2.934528 -0.191239
v -0.036332 2.950325 -0.182656
v -0.062036 2.985415 -0.133684
v -0.105319 2.994600 -0.114568
v -0.104072 2.984439 -0.105048
v -0.082364 2.988314 -0.123266
v -0.109907 2.993846 -0.110783
v -0.063942 2.994617 -0.141795
v -0.117272 2.979784 -0.118409
v -0.101211 2.894259 -0.168049
v -0.111417 2.901675 -0.174760
v -0.114331 2.907446 -0.171109
v -0.099902 2.889278 -0.184781
v -0.088339 2.885375 -0.176485
v -0.093296 2.885846 -0.174267
v -0.087054 2.996989 -0.130286
v -0.115404 2.930259 -0.142505
v -0.112377 2.920716 -0.149889
v -0.118507 2.951727 -0.120071
v -0.122396 2.934528 -0.148057
v -0.126465 2.955295 -0.128031
v -0.119846 2.925405 -0.155655
v -0.107638 2.906553 -0.161092
v -0.115951 2.912308 -0.166798
v -0.075634 2.884443 -0.182073
v -0.067792 2.887230 -0.184348
v -0.080340 2.887770 -0.193523
v -0.073360 2.890189 -0.195389
v -0.038316 2.898478 -0.192627
v -0.040541 2.902393 -0.203814
v -0.020001 2.907153 -0.201952
v -0.015310 2.904139 -0.190800
v -0.017953 2.909906 -0.188939
v -0.057342 2.984655 -0.136152
v -0.034581 2.943635 -0.173853
v -0.027655 2.930259 -0.182370
v -0.017408 2.912007 -0.200052
v -0.028345 2.934528 -0.191239
v -0.036332 2.950325 -0.182656
v -0.051051 2.977539 -0.160557
v -0.054779 2.984176 -0.154109
v -0.062036 2.985415 -0.133684
v -0.105319 2.994600 -0.114568
v -0.109907 2.993846 -0.110783
v -0.104072 2.984439 -0.105048
v -0.082364 2.988314 -0.123266
v -0.117272 2.979784 -0.118409
v -0.114331 2.907446 -0.171109
v -0.088339 2.885375 -0.176485
v -0.093296 2.885846 -0.174267
v -0.063942 2.994617 -0.141795
v -0.087054 2.996989 -0.130286
v -0.111417 2.901675 -0.174760
v -0.099902 2.889278 -0.184781
v -0.101211 2.894259 -0.168049
vn -0.6965 -0.5641 0.4435
vn -0.6947 -0.5746 0.4326
vn 0.2201 -0.9088 -0.3545
vn 0.2432 -0.9006 -0.3602
vn 0.9836 0.0643 -0.1684
vn 0.9027 0.4138 0.1178
vn 0.4350 0.6444 0.6288
vn 0.4186 0.6478 0.6365
vn -0.7095 -0.0105 0.7046
vn -0.6933 -0.5957 0.4056
vn -0.1811 -0.9628 -0.2005
vn -0.1678 -0.9623 -0.2140
vn 0.3353 0.7921 0.5100
vn -0.6510 -0.7400 0.1693
vn -0.0000 -0.3946 0.9189
vn 0.1765 -0.4260 0.8873
vn 0.2220 -0.3124 0.9237
vn -0.0000 -0.3072 0.9517
vn -0.2835 0.4813 -0.8295
vn -0.0000 0.4065 -0.9136
vn -0.1766 0.4254 -0.8876
vn -0.0000 0.3644 -0.9312
vn -0.2168 0.3703 -0.9032
vn -0.3067 0.5938 -0.7439
vn -0.3285 0.5113 -0.7942
vn -0.4660 0.5433 -0.6983
vn -0.4408 0.6054 -0.6627
vn -0.5028 0.4254 -0.7525
vn -0.3564 0.3644 -0.8603
vn -0.4198 0.3683 -0.8295
vn -0.5646 0.6020 -0.5646
vn -0.5944 0.5416 -0.5944
vn -0.6335 0.4443 -0.6335
vn -0.6213 0.4774 -0.6213
vn -0.6585 0.3644 -0.6585
vn 0.3642 -0.3072 0.8792
vn 0.5026 -0.4260 0.7522
vn 0.4276 -0.3105 0.8490
vn 0.5965 -0.5371 0.5965
vn 0.6236 -0.4713 0.6236
vn 0.4655 -0.5445 0.6977
vn 0.6729 -0.3072 0.6729
vn 0.2715 -0.5412 0.7959
vn 0.3228 -0.5371 0.7793
vt 0.786497 0.432050
vt 0.241168 0.000000
vt 0.281059 0.000000
vt 0.789875 0.407658
vt 1.000000 0.579365
vt 1.000000 0.608204
vt 0.741780 0.002212
vt 0.608204 0.608204
vt 0.579365 0.579365
vt 0.704164 0.000000
vt 1.000000 0.454766
vt 0.380813 0.000000
vt 0.454390 0.000000
vt 1.000000 0.401393
vt 1.000000 0.422522
vt 0.789053 0.415206
vt 0.454766 0.454766
vt 0.401393 0.401393
vt 0.772985 0.361178
vt 1.000000 0.370452
vt 0.199253 0.199253
vt 0.127544 0.127544
vt 0.125805 0.000000
vt 0.194267 0.000000
vt 1.000000 0.004234
vt 1.000000 0.091034
vt 0.494677 0.102237
vt 0.357214 0.125542
vt 0.194267 0.194267
vt 0.125805 0.125805
vt 0.317275 0.057796
vt 0.468945 0.022586
vt 0.783131 0.000000
vt 0.867402 0.000000
vt 0.006676 0.000000
vt 0.142745 0.000000
vt 0.091034 0.091034
vt 0.898356 0.000000
vt 1.000000 0.011666
vt 1.000000 0.157624
vt 0.515259 0.097652
vt 0.142745 0.142745
vt 0.066301 0.000000
vt 1.000000 0.718941
vt 1.000000 0.758832
vt 0.157624 0.157624
vt 0.011666 0.011666
vt 0.384943 0.273222
vt 0.569127 0.227916
vt 0.158175 0.158175
vt 0.102355 0.102355
vt 1.000000 0.257679
vt 1.000000 0.295836
vt 1.000000 0.589150
vt 1.000000 0.655366
vt 0.147295 0.000000
vt 0.655366 0.655366
vt 0.589150 0.589150
vt 1.000000 0.545610
vt 1.000000 0.619187
vt 1.000000 0.933699
vt 0.986693 0.513748
vt 1.000000 0.101644
vt 0.766734 0.000000
vt 0.852705 0.000000
vt 1.000000 0.097549
vt 1.000000 0.150860
vt 0.195232 0.656673
vt 0.031250 0.778329
vt 0.031250 0.738671
vt 0.331278 0.656673
vt 0.302147 0.656673
vt 0.031250 0.792302
vt 0.099174 0.818357
vt 0.285484 0.778329
vt 0.253525 0.778329
vt 0.031250 0.735214
vt 0.150707 0.778329
vt 0.063345 0.832727
vt 0.054383 0.822748
vt 0.050791 0.818357
vt 0.093750 0.818357
vt 0.093750 0.835561
vt 0.049088 0.816371
vt 0.031250 0.792302
vt 0.093750 0.778329
vt 0.078675 0.717618
vt 0.090458 0.734760
vt 0.093750 0.741995
vt 0.031250 0.735214
vt 0.057150 0.718840
vt 0.062579 0.715594
vt 0.124419 0.832418
vt 0.118400 0.833172
vt 0.124242 0.818357
vt 0.110094 0.778329
vt 0.123895 0.796697
vt 0.110094 0.778329
vt 0.096673 0.748516
vt 0.104430 0.766090
vt 0.061966 0.721157
vt 0.055441 0.724635
vt 0.093713 0.748672
vt 0.085593 0.733087
vt 0.077511 0.722907
vt 0.073122 0.722320
vt 0.123799 0.798971
vt 0.108492 0.778329
vt 0.093750 0.834150
vt 0.124045 0.830424
vt 0.093750 0.748747
vt 0.108492 0.778329
vt 0.102249 0.766421
vt 0.031250 0.791190
vt 0.031250 0.843771
vt 0.031250 0.791190
vt 0.062853 0.830632
vt 0.068630 0.831363
s 0
usemtl Material.015
f 4384/5893/2594 4386/5894/2594 4388/5895/2594 4387/5896/2594 4389/5897/2594 4385/5898/2594
f 4390/5899/2595 4385/5900/2595 4389/5901/2595 4391/5902/2595
f 4393/5903/2596 4392/5904/2596 4394/5905/2596 4395/5906/2596
f 4399/5907/2597 4396/5908/2597 4393/5909/2597 4395/5910/2597 4397/5911/2597 4398/5912/2597
f 4399/5913/2598 4398/5914/2598 4404/5915/2598 4400/5916/2598
f 4418/5917/2599 4401/5918/2599 4402/5919/2599 4403/5920/2599 4400/5921/2599 4404/5922/2599 4405/5923/2599 4406/5924/2599 4407/5925/2599 4408/5926/2599
f 4418/5927/2600 4409/5928/2600 4401/5929/2600
f 4410/5930/2601 4411/5931/2601 4412/5932/2601 4413/5933/2601 4409/5934/2601 4418/5935/2601
f 4388/5936/2602 4386/5937/2602 4412/5938/2602 4411/5939/2602 4414/5940/2602
f 4415/5941/2603 4420/5942/2603 4422/5943/2603 4390/5944/2603 4391/5945/2603
f 4421/5946/2604 4416/5947/2604 4417/5948/2604
f 4416/5949/2605 4421/5950/2605 4394/5951/2605 4392/5952/2605
f 4418/5953/2606 4419/5954/2606 4410/5955/2606
f 4421/5956/2607 4417/5957/2607 4422/5958/2607 4420/5959/2607
s 1
f 4367/5960/2608 4344/5961/2609 4357/5962/2610 4360/5963/2611 4361/5964/2611
f 4369/5965/2612 4368/5966/2613 4342/5961/2614
f 4362/5967/2615 4358/5968/2615 4359/5969/2616 4342/5961/2614 4368/5970/2613
f 4375/5971/2617 4366/5972/2617 4365/5973/2618 4341/5974/2619 4383/5975/2620
f 4341/5974/2619 4365/5976/2618 4369/5977/2612 4342/5961/2614 4340/5978/2621
f 4380/5979/2622 4378/5980/2622 4379/5981/2623 4340/5978/2621 4342/5961/2614 4359/5982/2616 4356/5983/2622 4354/5984/2622
f 4374/5985/2624 4371/5986/2624 4383/5975/2620 4341/5974/2619 4376/5987/2625
f 4376/5987/2625 4341/5974/2619 4340/5978/2621 4345/5988/2626 4350/5989/2627
f 4345/5990/2626 4340/5978/2621 4379/5981/2623 4352/5991/2628 4348/5992/2628
f 4353/5993/2629 4355/5994/2629 4357/5962/2610 4344/5961/2609 4343/5978/2630 4351/5995/2631 4377/5996/2629 4382/5997/2629 4381/5998/2629
f 4349/5999/2632 4346/6000/2633 4343/5978/2630 4373/6001/2634 4372/6002/2632
f 4351/6003/2631 4343/5978/2630 4346/6004/2633 4347/6005/2635
f 4364/6006/2636 4344/5961/2609 4367/6007/2608
f 4373/6001/2634 4343/5978/2630 4344/5961/2609 4364/6008/2636 4363/6009/2637 4370/6010/2637
g Lamparas_cell.094_Lamparas_cell.093
v 0.000620 3.154826 0.012709
v 0.012834 3.182755 0.008435
v 0.000983 3.162315 0.001735
v 0.008226 3.142902 0.012310
v 0.020124 3.183892 0.010647
v 0.016446 3.162645 0.015609
v 0.019216 3.175642 0.012839
v 0.014560 3.150415 0.018075
v 0.019625 3.148483 0.013487
v 0.006750 3.142902 0.005537
v 0.011811 3.142902 0.008725
v 0.001271 3.142902 0.002944
v 0.001041 3.142902 0.008043
v 0.002975 3.133144 0.019172
v 0.001730 3.142902 0.014521
v 0.009532 3.137887 0.014266
v 0.016446 3.162645 0.015609
v 0.019216 3.175642 0.012839
v 0.006750 3.142902 0.005537
v 0.011811 3.142902 0.008725
v 0.001271 3.142902 0.002944
v 0.001041 3.142902 0.008043
v 0.001730 3.142902 0.014521
v 0.014560 3.150415 0.018075
v 0.019625 3.148483 0.013487
v 0.002975 3.133144 0.019172
v 0.009532 3.137887 0.014266
vn -0.3171 0.2771 0.9070
vn -0.2924 0.2493 0.9232
vn -0.2515 0.2284 0.9405
vn 0.5295 -0.0132 -0.8482
vn 0.5077 -0.0179 -0.8614
vn 0.4988 -0.0863 -0.8624
vn -0.8701 0.4200 0.2578
vn -0.9988 -0.0176 -0.0451
vn -0.9915 -0.0763 0.1054
vn 0.7224 -0.6906 -0.0341
vn 0.5620 -0.3288 0.7589
vn 0.6575 0.0348 0.7526
vn -0.0000 -1.0000 -0.0000
vn -0.2768 -0.9202 -0.2768
vn -0.3121 -0.8123 -0.4928
vn -0.1957 -0.8164 -0.5433
vn -0.3971 -0.4350 -0.8081
vn -0.3056 -0.4322 -0.8484
vt 1.000000 0.719250
vt 0.529915 0.529915
vt 0.000000 0.000000
vt 1.000000 0.000000
vt 0.719250 0.719250
vt 1.000000 0.569663
vt 0.520839 0.143944
vt 0.569663 0.569663
vt 0.538330 0.100298
vt 1.000000 0.211186
vt 1.000000 0.747808
vt 0.747808 0.747808
vt 0.211186 0.211186
vt 0.366780 0.000000
vt 1.000000 0.529915
vt 0.758242 0.758242
vt 1.000000 1.000000
vt 0.633220 0.000000
vt 1.000000 0.485336
vt 0.485336 0.485336
vt 0.879773 0.457551
vt 0.662231 0.000000
vt 0.969541 0.920013
vt 0.855160 0.417868
vt 1.000000 0.464737
vt 0.192873 0.000000
vt 0.656250 1.000000
vt 0.629098 1.000000
vt 0.610395 1.000000
vt 0.514486 1.000000
vt 0.585674 1.000000
vt 0.649904 1.000000
vt 0.593750 1.000000
vt 0.518709 1.000000
vt 0.511259 1.000000
vt 0.531250 1.000000
vt 0.593750 0.996306
vt 0.531250 0.993217
vt 0.647133 0.997956
s 0
usemtl Material.015
f 4440/6011/2638 4427/6012/2638 4424/6013/2638 4423/6014/2638
f 4440/6015/2639 4423/6013/2639 4448/6014/2639 4439/6016/2639
f 4448/6013/2640 4446/6017/2640 4439/6018/2640
f 4447/6013/2641 4442/6019/2641 4441/6020/2641 4440/6021/2641
f 4425/6014/2642 4440/6022/2642 4441/6023/2642 4443/6024/2642
f 4424/6014/2643 4427/6025/2643 4440/6026/2643 4425/6013/2643
f 4425/6013/2644 4423/6014/2644 4424/6027/2644
f 4423/6027/2645 4425/6013/2645 4443/6028/2645 4444/6029/2645
f 4448/6014/2646 4423/6027/2646 4444/6030/2646 4445/6031/2646
f 4442/6032/2647 4447/6014/2647 4448/6033/2647 4438/6034/2647
f 4446/6035/2648 4448/6027/2648 4447/6036/2648
s 1
f 4431/6037/2649 4429/6037/2649 4428/6038/2649 4430/6039/2649
f 4434/6040/2650 4432/6041/2650 4433/6042/2651 4426/6043/2652 4437/6044/2653 4435/6045/2650
f 4437/6046/2653 4426/6043/2652 4449/6047/2654 4436/6048/2655
f 4426/6043/2652 4433/6049/2651 4449/6047/2654
g Lamparas_cell.095_Lamparas_cell.094
v -0.193360 2.789430 0.129199
v -0.185058 2.788881 0.123652
v -0.197418 2.692958 0.121199
v -0.193897 2.700605 0.129558
v -0.189903 2.692887 0.113713
v -0.138067 2.762832 0.170901
v -0.144774 2.763198 0.178050
v -0.185573 2.702293 0.123996
v -0.142755 2.776069 0.166083
v -0.149724 2.777180 0.172959
v -0.199827 2.812403 0.081758
v -0.208602 2.811217 0.086602
v -0.174532 2.810952 0.144927
v -0.169169 2.812039 0.136217
v -0.191557 2.810313 0.127994
v -0.183110 2.811517 0.122351
v -0.211279 2.713349 0.087355
v -0.210611 2.789430 0.087551
v -0.202566 2.722344 0.082603
v -0.201989 2.788881 0.082778
v -0.211418 2.692958 0.087399
v -0.202764 2.692887 0.082665
v -0.154131 2.789430 0.168429
v -0.147364 2.788881 0.161346
v -0.160563 2.811140 0.158870
v -0.154290 2.812240 0.151067
v -0.168736 2.811065 0.150707
v -0.162996 2.812160 0.142373
v -0.189903 2.692887 0.113713
v -0.185573 2.702293 0.123996
v -0.138067 2.762832 0.170901
v -0.193897 2.700605 0.129558
v -0.144774 2.763198 0.178050
v -0.197418 2.692958 0.121199
v -0.142755 2.776069 0.166083
v -0.149724 2.777180 0.172959
v -0.199827 2.812403 0.081758
v -0.183110 2.811517 0.122351
v -0.208602 2.811217 0.086602
v -0.191557 2.810313 0.127994
v -0.174532 2.810952 0.144927
v -0.169169 2.812039 0.136217
v -0.211279 2.713349 0.087355
v -0.210611 2.789430 0.087551
v -0.201989 2.788881 0.082778
v -0.202566 2.722344 0.082603
v -0.211418 2.692958 0.087399
v -0.202764 2.692887 0.082665
v -0.147364 2.788881 0.161346
v -0.154131 2.789430 0.168429
v -0.154290 2.812240 0.151067
v -0.160563 2.811140 0.158870
v -0.168736 2.811065 0.150707
v -0.162996 2.812160 0.142373
vn 0.4706 -0.7407 0.4794
vn 0.6619 0.4520 0.5979
vn -0.0996 0.9931 0.0627
vn -0.4840 0.0065 -0.8751
vn -0.4799 0.0014 -0.8773
vn -0.0826 0.9939 0.0737
vn -0.0887 0.9936 0.0695
vn -0.7065 0.0400 0.7065
vn -0.8302 0.0550 0.5547
vn -0.8789 0.0072 0.4769
vn -0.7071 0.0071 0.7071
vn -0.6360 -0.7254 0.2634
vn -0.8347 -0.4288 0.3457
vn -0.9225 0.0543 0.3821
vn -0.9239 0.0071 0.3827
vn -0.8268 0.1033 0.5529
vn -0.9191 0.1013 0.3807
vn -0.7035 0.1013 0.7035
vn 0.7071 -0.0070 -0.7071
vn 0.8789 -0.0071 -0.4769
vn 0.8302 -0.0548 -0.5547
vn 0.7065 -0.0398 -0.7065
vn 0.9225 -0.0540 -0.3821
vn 0.7160 -0.6319 -0.2966
vn 0.6714 -0.6869 -0.2781
vn 0.9239 -0.0070 -0.3827
vn 0.8268 -0.1029 -0.5529
vn 0.9192 -0.1010 -0.3807
vn 0.7035 -0.1010 -0.7035
vn 0.6603 0.4577 0.5954
vt 0.402364 0.225421
vt 1.000000 0.541208
vt 1.000000 0.571658
vt 0.382082 0.245178
vt 0.307875 0.195172
vt 0.311080 0.163905
vt 0.541208 0.541208
vt 0.520555 0.000000
vt 0.549839 0.000000
vt 0.571658 0.571658
vt 1.000000 0.552220
vt 1.000000 0.602057
vt 0.692873 0.236162
vt 0.533684 0.000000
vt 0.568446 0.000000
vt 0.698801 0.193385
vt 0.613180 0.477261
vt 0.602057 0.602057
vt 0.552220 0.552220
vt 0.564188 0.417437
vt 0.566581 0.000000
vt 0.615962 0.000000
vt 0.830199 0.637300
vt 0.615962 0.615962
vt 0.566581 0.566581
vt 0.876085 0.597391
vt 0.485062 0.485062
vt 0.451521 0.451521
vt 1.000000 0.461059
vt 1.000000 0.494016
vt 1.000000 0.431554
vt 1.000000 0.466316
vt 0.494016 0.494016
vt 0.461059 0.461059
vt 0.381964 0.607494
vt 0.343750 0.607494
vt 0.343750 0.508520
vt 0.391187 0.578265
vt 0.386308 0.593844
vt 0.312390 0.500000
vt 0.337514 0.500000
vt 0.312699 0.607494
vt 0.312396 0.522721
vt 0.343750 0.630264
vt 0.312606 0.631250
vt 0.343750 0.630264
vt 0.374090 0.631165
vt 0.366059 0.631084
vt 0.360373 0.630960
vt 0.391689 0.578325
vt 0.343750 0.510533
vt 0.382115 0.607494
vt 0.386863 0.593148
vt 0.311909 0.607494
vt 0.335736 0.500000
vt 0.311623 0.500000
vt 0.311633 0.532986
vt 0.343750 0.632859
vt 0.311797 0.633853
vt 0.364314 0.633581
vt 0.373262 0.633669
vt 0.382115 0.607494
vt 0.357980 0.633445
vt 1.000000 0.451521
vt 1.000000 0.485062
vt 0.764372 0.557337
vt 0.549839 0.549839
vt 0.520555 0.520555
vt 0.744918 0.528402
s 0
usemtl Material.015
f 4479/6050/2656 4480/6051/2656 4482/6052/2656 4481/6053/2656 4483/6054/2656 4478/6055/2656
f 4480/6056/2657 4484/6057/2657 4485/6058/2657 4482/6059/2657
f 4486/6060/2658 4488/6061/2658 4489/6062/2658 4490/6063/2658 4491/6064/2658 4487/6065/2658
f 4493/6066/2659 4488/6067/2659 4486/6068/2659 4494/6069/2659 4495/6070/2659 4492/6071/2659
f 4496/6072/2660 4492/6073/2660 4495/6074/2660 4497/6075/2660
f 4501/6076/2661 4475/6077/2661 4503/6078/2661 4502/6079/2661
f 4491/6080/2662 4490/6081/2662 4502/6082/2662 4503/6083/2662
s 1
f 4499/6084/2663 4450/6085/2664 4453/6086/2665 4456/6087/2666 4459/6088/2666
f 4470/6089/2667 4452/6090/2668 4453/6086/2665 4450/6085/2664 4467/6091/2669 4466/6092/2670
f 4464/6093/2671 4461/6094/2672 4467/6091/2669 4450/6085/2664
f 4464/6095/2671 4450/6085/2664 4499/6084/2663 4474/6096/2673 4476/6097/2673 4462/6098/2673
f 4455/6099/2674 4457/6100/2675 4451/6085/2676 4498/6101/2677 4458/6102/2674
f 4469/6103/2678 4451/6085/2676 4457/6100/2675 4454/6104/2679 4471/6105/2680 4468/6106/2681
f 4465/6107/2682 4451/6085/2676 4469/6103/2678 4460/6108/2683
f 4477/6109/2684 4500/6110/2684 4498/6111/2677 4451/6085/2676 4465/6107/2682 4463/6112/2684
f 4471/6105/2680 4454/6104/2679 4452/6090/2668 4470/6089/2667
s 0
f 4475/6113/2685 4501/6114/2685 4472/6115/2685 4485/6116/2685 4484/6117/2685 4473/6118/2685
g Lamparas_cell.096_Lamparas_cell.095
v 0.014052 3.699391 0.009693
v 0.022678 4.243753 0.004511
v 0.016863 3.698615 0.015200
v 0.016617 4.243753 0.015455
v 0.022672 3.699496 -0.003358
v 0.022672 3.698876 0.004510
v 0.013666 4.243753 0.008538
v 0.022676 4.053298 -0.004494
v 0.022678 4.243753 -0.004126
v 0.022672 3.699496 -0.003358
v 0.022676 4.053298 -0.004494
v 0.022678 4.243753 -0.004126
v 0.016863 3.698615 0.015200
v 0.016617 4.243753 0.015455
v 0.022672 3.698876 0.004510
v 0.013666 4.243753 0.008538
vn -0.1078 -0.9909 -0.0808
vn -0.8907 -0.0006 0.4546
vn -0.9198 0.0002 0.3923
vn -0.8344 -0.0018 -0.5512
vn -0.8147 0.0011 -0.5798
vn 0.9666 -0.0000 0.2563
vn 1.0000 -0.0000 -0.0000
vn 0.9306 0.3660 -0.0000
vn 0.7322 0.6547 0.1877
vn 0.8767 0.0001 0.4810
vn 0.7587 0.5011 0.4163
vn -0.0000 1.0000 -0.0000
vt 0.000000 0.000000
vt 0.392681 0.000000
vt 1.000000 0.684815
vt 1.000000 1.000000
vt 1.000000 0.000000
vt 0.084509 0.000000
vt 0.083398 0.000000
vt 1.000000 0.915490
vt 1.000000 0.607319
vt 0.083436 0.000000
vt 0.404270 0.000000
vt 0.404270 0.404270
vt 0.083436 0.083436
vt 0.400397 0.083611
vt 0.730835 1.000000
vt 0.773267 1.000000
vt 0.781133 1.000000
vt 0.778584 1.000000
vt 0.718750 1.000000
vt 0.667477 1.000000
vt 0.656250 1.000000
s 0
usemtl Material.015
f 4504/6119/2686 4513/6120/2686 4509/6121/2686 4516/6122/2686
f 4504/6123/2687 4516/6122/2687 4517/6124/2687
f 4519/6125/2688 4504/6123/2688 4517/6126/2688
f 4513/6127/2689 4504/6122/2689 4519/6128/2689 4514/6129/2689
f 4514/6130/2690 4519/6131/2690 4515/6132/2690
s 1
f 4518/6133/2691 4508/6134/2692 4511/6135/2692 4512/6136/2693 4505/6137/2694
f 4506/6138/2695 4518/6137/2691 4505/6137/2694 4507/6139/2696
f 4507/6139/2696 4505/6137/2694 4512/6137/2693 4510/6139/2697
g Lamparas_cell.097_Lamparas_cell.096
v 0.065299 3.051869 0.066580
v 0.070377 3.058604 0.071650
v 0.042011 3.087971 0.043332
v 0.047624 3.093822 0.048937
v 0.074838 3.036911 0.076324
v 0.080664 3.042495 0.082159
v 0.077852 3.032166 0.079425
v 0.083916 3.037385 0.085504
v 0.072835 3.040674 0.092340
v 0.067571 3.035220 0.085770
v 0.020508 3.041067 0.103098
v -0.015068 3.043841 0.113905
v -0.013991 3.038145 0.105762
v 0.064935 3.043044 0.097181
v 0.060292 3.037404 0.090233
v 0.022086 3.046986 0.111034
v -0.022006 3.037376 0.106119
v -0.022722 3.043250 0.114445
v 0.043529 3.099688 0.045459
v 0.037820 3.093984 0.039773
v -0.062951 3.067979 0.048161
v -0.048205 3.078519 0.049321
v -0.054636 3.083121 0.055740
v -0.038752 3.093675 0.057998
v -0.034282 3.087780 0.051307
v -0.010284 3.098598 0.050574
v -0.019049 3.102551 0.057389
v 0.017997 3.107129 0.053302
v 0.033396 3.104036 0.049980
v -0.048819 3.059625 0.073063
v -0.051414 3.061063 0.068615
v -0.052188 3.067693 0.078105
v -0.054734 3.069103 0.073739
v -0.064867 3.075100 0.055864
v -0.011404 3.105811 0.057335
v 0.002062 3.101279 0.048217
v -0.001190 3.107987 0.055348
v 0.010909 3.108543 0.054841
v 0.009529 3.101619 0.047906
v 0.029160 3.097701 0.043641
v 0.047624 3.093822 0.048937
v 0.070377 3.058604 0.071650
v 0.065299 3.051869 0.066580
v 0.042011 3.087971 0.043332
v 0.074838 3.036911 0.076324
v 0.080664 3.042495 0.082159
v 0.077852 3.032166 0.079425
v 0.083916 3.037385 0.085504
v 0.067571 3.035220 0.085770
v 0.072835 3.040674 0.092340
v -0.015068 3.043841 0.113905
v 0.022086 3.046986 0.111034
v 0.020508 3.041067 0.103098
v -0.013991 3.038145 0.105762
v 0.060292 3.037404 0.090233
v 0.064935 3.043044 0.097181
v -0.022722 3.043250 0.114445
v 0.043529 3.099688 0.045459
v 0.037820 3.093984 0.039773
v -0.062951 3.067979 0.048161
v -0.048205 3.078519 0.049321
v -0.034282 3.087780 0.051307
v -0.054636 3.083121 0.055740
v -0.038752 3.093675 0.057998
v 0.033396 3.104036 0.049980
v 0.017997 3.107129 0.053302
v -0.048819 3.059625 0.073063
v -0.051414 3.061063 0.068615
v -0.022006 3.037376 0.106119
v -0.052188 3.067693 0.078105
v -0.054734 3.069103 0.073739
v -0.064867 3.075100 0.055864
v -0.019049 3.102551 0.057389
v -0.011404 3.105811 0.057335
v -0.001190 3.107987 0.055348
v 0.010909 3.108543 0.054841
v 0.009529 3.101619 0.047906
v 0.029160 3.097701 0.043641
v -0.010284 3.098598 0.050574
v 0.002062 3.101279 0.048217
vn 0.7065 0.0001 -0.7077
vn 0.7103 -0.0056 -0.7039
vn 0.7112 -0.0076 -0.7030
vn 0.1164 -0.8080 0.5775
vn 0.1131 -0.8071 0.5795
vn 0.1034 -0.8086 0.5792
vn 0.6826 0.0439 -0.7295
vn -0.3985 0.5760 -0.7137
vn -0.2993 0.6078 -0.7356
vn -0.2971 0.6091 -0.7353
vn -0.0092 0.7104 -0.7037
vn -0.7999 -0.5206 0.2985
vn -0.8077 -0.5177 0.2822
vn -0.2756 0.6343 -0.7223
vn -0.0325 0.7106 -0.7028
vn -0.3511 0.6798 0.6439
vn -0.3662 0.6805 0.6347
vn -0.1035 0.6807 0.7252
vn -0.1043 0.6808 0.7250
vn -0.2825 0.6741 0.6824
vn 0.3765 0.6809 0.6282
vn 0.4246 0.6811 0.5965
vn 0.5222 0.6742 0.5222
vn 0.5226 -0.6736 -0.5226
vn 0.3514 -0.6793 -0.6443
vn 0.3665 -0.6800 -0.6351
vn -0.0000 0.6742 0.7385
vn 0.1430 0.6813 0.7179
vn 0.1335 0.6813 0.7197
vn 0.2826 0.6742 0.6823
vn -0.5226 -0.6736 -0.5226
vn -0.4249 -0.6806 -0.5969
vn -0.3768 -0.6803 -0.6286
vn -0.1406 -0.6812 -0.7185
vn -0.1309 -0.6812 -0.7203
vn 0.0051 -0.6740 -0.7387
vn 0.1078 -0.6802 -0.7250
vn 0.1052 -0.6802 -0.7255
vn -0.5222 0.6742 0.5222
vt 0.171783 0.000000
vt 1.000000 0.746090
vt 1.000000 0.764364
vt 0.151574 0.000000
vt 0.764364 0.764364
vt 0.746090 0.746090
vt 1.000000 0.708682
vt 1.000000 0.729681
vt 1.000000 0.599246
vt 0.729681 0.729681
vt 0.708682 0.708682
vt 1.000000 0.568098
vt 1.000000 0.695262
vt 0.599246 0.599246
vt 0.568098 0.568098
vt 1.000000 0.671585
vt 1.000000 0.593570
vt 1.000000 0.622938
vt 0.868146 0.632640
vt 0.721092 0.679147
vt 0.695262 0.695262
vt 0.671585 0.671585
vt 0.699619 0.654104
vt 0.858001 0.604028
vt 0.640404 0.068761
vt 0.622938 0.622938
vt 0.593570 0.593570
vt 0.612275 0.000000
vt 1.000000 0.828216
vt 1.000000 0.848426
vt 0.006114 0.000000
vt 0.029774 0.000000
vt 0.421231 0.000000
vt 1.000000 0.234022
vt 1.000000 0.324327
vt 0.197647 0.000000
vt 0.980492 0.421412
vt 0.324327 0.324327
vt 0.234022 0.234022
vt 1.000000 0.348214
vt 0.602244 0.000000
vt 0.735160 0.000000
vt 0.425152 0.425152
vt 0.348214 0.348214
vt 0.029774 0.029774
vt 0.006114 0.006114
vt 0.159608 0.000000
vt 0.510446 0.000000
vt 0.245373 0.021174
vt 0.502671 0.036370
vt 1.000000 0.356648
vt 0.999349 0.387343
vt 0.453434 0.035696
vt 0.404433 0.000000
vt 0.452738 0.000000
vt 0.913863 0.000000
vt 0.452739 0.452739
vt 0.404433 0.404433
vt 0.816419 0.000000
vt 0.781289 0.380680
vt 1.000000 0.194308
vt 1.000000 0.507362
vt 0.735160 0.735160
vt 0.602244 0.602244
vt 0.429634 0.169206
vt 0.489554 0.000000
vt 0.817404 0.021291
vt 0.651362 0.489762
vt 0.643236 0.643236
vt 0.416537 0.416537
vt 0.406250 0.942048
vt 0.406250 0.912796
vt 0.468750 0.885316
vt 0.468750 0.955711
vt 0.442618 0.952041
vt 0.593750 0.953713
vt 0.593750 0.885044
vt 0.607785 0.882376
vt 0.625459 0.878673
vt 0.625526 0.884427
vt 0.625558 0.902563
vt 0.624855 0.942213
vt 0.623606 0.948818
vt 0.353014 0.919875
vt 0.374752 0.931650
vt 0.406250 0.941995
vt 0.406250 0.910542
vt 0.396481 0.912148
vt 0.468750 0.955711
vt 0.468750 0.885539
vt 0.471570 0.923728
vt 0.531250 0.889482
vt 0.531250 0.958787
vt 0.493081 0.993078
vt 0.593750 0.885044
vt 0.593750 0.953713
vt 0.558298 0.957195
vt 0.624609 0.942209
vt 0.625505 0.901876
vt 0.625452 0.885166
vt 0.625397 0.879865
vt 0.607735 0.883277
vt 0.593750 0.885717
vt 0.599167 0.952386
vt 0.623072 0.948926
vt 0.593750 0.953079
vt 0.531250 0.889809
vt 0.531250 0.957456
vt 0.468750 0.929959
vt 0.468750 0.885928
vt 0.468750 0.954188
vt 0.531250 0.986836
vt 0.406903 0.942230
vt 0.466727 0.885686
vt 0.406250 0.910542
vt 0.375112 0.930166
vt 0.362421 0.921135
vt 0.397730 0.914383
vt 0.406250 0.912796
s 0
usemtl Material.015
f 4560/6140/2698 4561/6141/2698 4562/6142/2698 4563/6143/2698
f 4562/6144/2699 4561/6145/2699 4565/6146/2699 4564/6147/2699
f 4566/6148/2700 4564/6149/2700 4565/6150/2700 4567/6151/2700
f 4568/6152/2701 4566/6153/2701 4567/6154/2701 4569/6155/2701
f 4570/6156/2702 4573/6157/2702 4572/6158/2702 4574/6159/2702 4568/6160/2702 4569/6161/2702 4575/6162/2702 4571/6163/2702
f 4588/6164/2703 4573/6165/2703 4570/6166/2703 4576/6167/2703
f 4560/6168/2704 4563/6169/2704 4578/6170/2704 4577/6171/2704
f 4591/6172/2705 4582/6173/2705 4580/6174/2705 4579/6175/2705
f 4581/6176/2706 4580/6177/2706 4582/6178/2706 4583/6179/2706
f 4592/6180/2707 4598/6181/2707 4581/6182/2707 4583/6183/2707
f 4577/6184/2708 4578/6185/2708 4597/6186/2708 4585/6187/2708 4584/6188/2708
f 4586/6189/2709 4588/6190/2709 4576/6191/2709 4589/6192/2709 4590/6193/2709 4587/6194/2709
f 4579/6195/2710 4587/6196/2710 4590/6197/2710 4591/6198/2710
f 4593/6199/2711 4594/6200/2711 4599/6201/2711 4598/6202/2711 4592/6203/2711
f 4595/6204/2712 4585/6205/2712 4597/6206/2712 4596/6207/2712 4599/6208/2712 4594/6209/2712
s 1
f 4543/6210/2713 4551/6211/2714 4537/6212/2715 4554/6213/2716 4546/6214/2717
f 4548/6215/2718 4533/6216/2719 4528/6217/2720 4527/6218/2720 4525/6219/2720 4521/6220/2720 4523/6221/2720 4538/6222/2720
f 4540/6223/2721 4541/6224/2721 4544/6225/2722 4549/6226/2723 4550/6227/2721
f 4554/6228/2716 4537/6229/2715 4531/6230/2724 4535/6231/2725 4557/6232/2726 4556/6233/2724
f 4533/6234/2719 4548/6235/2718 4547/6236/2727 4557/6232/2726 4535/6231/2725
f 4522/6237/2728 4520/6238/2728 4524/6239/2728 4526/6240/2728 4529/6241/2728 4534/6242/2729 4559/6243/2730 4539/6244/2728
f 4559/6245/2730 4534/6242/2729 4530/6246/2731 4558/6247/2732
f 4558/6247/2732 4530/6246/2731 4532/6248/2733 4536/6249/2734 4545/6250/2735 4555/6251/2733
f 4544/6252/2722 4545/6250/2735 4536/6253/2734 4549/6254/2723
f 4542/6255/2736 4553/6256/2736 4552/6257/2736 4551/6258/2714 4543/6210/2713
g Lamparas_cell.098_Lamparas_cell.097
v -0.015090 3.138858 0.016374
v -0.000310 3.125466 0.034317
v -0.007684 3.126297 0.038633
v -0.011607 3.133223 0.030165
v -0.016945 3.135848 0.025361
v -0.003602 3.136662 0.017332
v -0.020564 3.135743 0.021877
v -0.052394 3.086416 0.053728
v -0.033315 3.089878 0.049569
v -0.037848 3.095703 0.056285
v -0.046063 3.081732 0.047322
v -0.010618 3.099785 0.049265
v -0.019490 3.103725 0.056046
v -0.011107 3.107449 0.055839
v 0.001223 3.102643 0.046973
v -0.002170 3.109469 0.053995
v 0.001618 3.115917 0.034874
v -0.001847 3.120191 0.044207
v 0.001177 3.133036 0.019270
v -0.011652 3.136659 0.012944
v -0.013958 3.131559 0.015198
v -0.007684 3.126297 0.038633
v -0.011607 3.133223 0.030165
v -0.016945 3.135848 0.025361
v -0.033315 3.089878 0.049569
v -0.046063 3.081732 0.047322
v -0.052394 3.086416 0.053728
v -0.037848 3.095703 0.056285
v -0.011107 3.107449 0.055839
v -0.002170 3.109469 0.053995
v -0.019490 3.103725 0.056046
v 0.001223 3.102643 0.046973
v 0.001618 3.115917 0.034874
v -0.001847 3.120191 0.044207
v -0.013958 3.131559 0.015198
v -0.020564 3.135743 0.021877
v 0.001177 3.133036 0.019270
v -0.003602 3.136662 0.017332
v -0.010618 3.099785 0.049265
v -0.011652 3.136659 0.012944
vn 0.3994 0.7936 0.4590
vn 0.1736 0.9114 0.3730
vn 0.2728 -0.6280 0.7288
vn 0.2816 -0.6226 0.7301
vn 0.2902 -0.6123 0.7354
vn 0.9444 0.2056 0.2564
vn -0.4369 0.8201 0.3695
vn 0.2041 0.9042 -0.3751
vn -0.7047 0.0051 -0.7095
vn -0.7100 0.0034 -0.7042
vn 0.9585 0.2051 0.1979
vn 0.3423 -0.3263 -0.8811
vn 0.2714 -0.5936 -0.7576
vn 0.3221 -0.5650 -0.7596
vn 0.4532 -0.6844 -0.5712
vn 0.1934 -0.6898 -0.6977
vn 0.5226 -0.6736 -0.5226
vn -0.5222 0.6742 0.5222
vn -0.4599 0.6798 0.5713
vn -0.4259 0.6810 0.5957
vn -0.1834 0.6807 0.7093
vn -0.2231 0.6789 0.6995
vn -0.2842 0.6739 0.6819
vn -0.0000 0.6742 0.7385
vn 0.0189 -0.6735 -0.7389
vt 1.000000 0.001177
vt 1.000000 0.187757
vt 0.640878 0.099472
vt 0.363708 0.000000
vt 1.000000 0.000000
vt 1.000000 0.080334
vt 0.751122 0.127129
vt 0.187757 0.187757
vt 0.001177 0.001177
vt 0.179180 0.000000
vt 1.000000 0.575633
vt 1.000000 0.656569
vt 0.317313 0.000000
vt 0.401540 0.000000
vt 1.000000 0.268084
vt 1.000000 0.407841
vt 0.656569 0.656569
vt 0.579677 0.573359
vt 0.660527 0.200946
vt 0.407841 0.407841
vt 0.292908 0.247768
vt 0.500909 0.000000
vt 0.829152 0.000000
vt 0.712725 0.000000
vt 1.000000 0.423880
vt 0.829152 0.829152
vt 0.500909 0.500909
vt 0.423880 0.423880
vt 0.000000 0.000000
vt 1.000000 0.002397
vt 0.762058 0.000000
vt 1.000000 0.820820
vt 1.000000 1.000000
vt 0.762058 0.762058
vt 1.000000 0.919269
vt 0.919269 0.919269
vt 0.598460 0.000000
vt 0.682687 0.000000
vt 1.000000 0.910496
vt 0.044917 0.000000
vt 1.000000 0.287275
vt 0.468750 0.995364
vt 0.468750 0.993078
vt 0.406250 0.993078
vt 0.406250 0.995607
vt 0.406250 0.944465
vt 0.464839 0.955407
vt 0.405749 0.944339
vt 0.375075 0.935239
vt 0.375155 0.933875
vt 0.406250 0.944488
vt 0.406250 0.989529
vt 0.378159 0.989411
vt 0.468750 0.957556
vt 0.468750 0.978776
vt 0.436382 0.986574
vt 0.440149 0.953363
vt 0.483132 0.993078
vt 0.487388 0.993078
vt 0.510194 0.993078
vt 0.468750 0.955816
vt 0.515340 0.993078
vt 0.513486 0.993078
s 0
usemtl Material.015
f 4636/6259/2737 4622/6260/2737 4621/6261/2737 4633/6262/2737
f 4600/6263/2738 4635/6264/2738 4623/6265/2738 4622/6266/2738 4636/6267/2738 4637/6268/2738
f 4624/6269/2739 4627/6270/2739 4626/6271/2739 4625/6272/2739
f 4638/6273/2740 4630/6274/2740 4627/6275/2740 4624/6276/2740
f 4628/6277/2741 4630/6278/2741 4638/6279/2741 4631/6280/2741 4629/6281/2741
f 4632/6282/2742 4601/6263/2742 4633/6283/2742 4629/6284/2742 4631/6285/2742
f 4633/6286/2743 4601/6287/2743 4636/6288/2743
f 4639/6289/2744 4600/6263/2744 4637/6290/2744
f 4600/6291/2745 4639/6292/2745 4634/6293/2745
f 4634/6294/2746 4625/6295/2746 4626/6296/2746 4635/6297/2746 4600/6291/2746
f 4636/6298/2747 4601/6263/2747 4632/6299/2747
s 1
f 4605/6300/2748 4618/6301/2749 4620/6302/2750 4619/6303/2748
f 4608/6304/2751 4620/6302/2750 4618/6301/2749 4611/6305/2752
f 4620/6302/2750 4608/6306/2751 4610/6307/2753
f 4607/6308/2754 4609/6309/2755 4604/6310/2756 4606/6311/2754
f 4613/6312/2757 4602/6313/2758 4603/6314/2759 4604/6310/2756 4609/6309/2755 4612/6315/2759
f 4617/6316/2760 4602/6313/2758 4613/6312/2757 4615/6317/2760
f 4614/6318/2761 4611/6319/2752 4618/6320/2749 4616/6321/2761
g Lamparas_cell.099_Lamparas_cell.098
v -0.228771 2.692958 0.045505
v -0.228771 2.692958 -0.045505
v -0.218964 2.692887 0.043555
v -0.218964 2.692887 -0.043555
v -0.211487 2.692958 -0.087233
v -0.211257 2.739835 -0.086915
v -0.201779 2.739785 -0.084185
v -0.202003 2.692887 -0.084501
v -0.228435 2.740155 -0.045438
v -0.228434 2.740306 -0.015013
v -0.218633 2.740099 -0.043489
v -0.218632 2.740231 -0.016958
v -0.218633 2.740158 -0.003848
v -0.228732 2.698431 0.045498
v -0.226232 2.692958 0.051635
v -0.228435 2.740150 0.000616
v -0.215132 2.692887 0.052805
v -0.218906 2.701145 0.043543
v -0.218633 2.740046 0.001694
v -0.211487 2.692958 -0.087233
v -0.211257 2.739835 -0.086915
v -0.201779 2.739785 -0.084185
v -0.202003 2.692887 -0.084501
v -0.228435 2.740155 -0.045438
v -0.228434 2.740306 -0.015013
v -0.218633 2.740099 -0.043489
v -0.218632 2.740231 -0.016958
v -0.218633 2.740158 -0.003848
v -0.228732 2.698431 0.045498
v -0.228435 2.740150 0.000616
v -0.226232 2.692958 0.051635
v -0.215132 2.692887 0.052805
v -0.218906 2.701145 0.043543
v -0.218633 2.740046 0.001694
vn 0.2768 0.0052 -0.9609
vn 0.0066 1.0000 -0.0050
vn 0.0060 0.9999 0.0080
vn -0.0669 0.7310 0.6791
vn 0.0084 0.9998 0.0202
vn -0.7363 -0.6607 0.1465
vn -0.2988 -0.9462 0.1238
vn -0.9942 0.0072 0.1070
vn -1.0000 0.0071 -0.0000
vn -0.9809 0.0073 -0.1943
vn -0.7363 -0.6607 -0.1465
vn -0.9239 0.0071 -0.3827
vn -0.6343 -0.7271 -0.2627
vn 0.6389 -0.7587 -0.1271
vn 0.9942 -0.0071 -0.1070
vn 0.4942 -0.8449 -0.2047
vn 0.6389 -0.7587 0.1271
vn 0.9809 -0.0071 0.1943
vn 1.0000 -0.0070 -0.0000
vn 0.6716 -0.6867 0.2782
vn 0.9239 -0.0070 0.3827
vt 0.325451 0.000000
vt 0.370865 0.000000
vt 0.847776 0.479855
vt 0.802110 0.479626
vt 0.542630 0.299640
vt 0.242890 0.000000
vt 0.289868 0.000000
vt 0.551241 0.261285
vt 1.000000 0.629135
vt 1.000000 0.674549
vt 0.218687 0.000000
vt 0.289868 0.289868
vt 0.242890 0.242890
vt 0.183245 0.000000
vt 0.739231 0.000000
vt 0.899307 0.510441
vt 0.907137 0.577063
vt 0.849840 0.576488
vt 0.838029 0.475947
vt 0.688794 0.000000
vt 1.000000 0.781313
vt 0.739231 0.739231
vt 0.688794 0.688794
vt 0.281250 0.500000
vt 0.285806 0.500000
vt 0.281250 0.506097
vt 0.247230 0.552688
vt 0.239675 0.552757
vt 0.218750 0.552589
vt 0.218750 0.500000
vt 0.281250 0.506097
vt 0.187871 0.552232
vt 0.187733 0.500000
vt 0.281250 0.509248
vt 0.288434 0.500000
vt 0.218750 0.552869
vt 0.237814 0.553016
vt 0.247235 0.552934
vt 0.251217 0.552809
vt 0.186951 0.500000
vt 0.187094 0.552517
s 0
usemtl Material.015
f 4660/6322/2762 4661/6323/2762 4662/6324/2762 4659/6325/2762
f 4663/6326/2763 4664/6327/2763 4666/6328/2763 4665/6329/2763 4661/6330/2763 4660/6331/2763
f 4667/6332/2764 4666/6333/2764 4664/6334/2764 4669/6335/2764
f 4669/6336/2765 4668/6337/2765 4670/6338/2765 4671/6339/2765 4672/6340/2765 4673/6341/2765
f 4667/6342/2766 4669/6343/2766 4673/6344/2766
s 1
f 4640/6345/2767 4654/6346/2768 4653/6347/2769
f 4655/6348/2770 4649/6349/2770 4648/6350/2771 4641/6351/2772 4640/6345/2767 4653/6352/2769
f 4645/6353/2773 4644/6354/2774 4641/6351/2772 4648/6350/2771
f 4642/6345/2775 4657/6355/2776 4656/6356/2777
f 4657/6355/2776 4642/6345/2775 4643/6351/2778 4650/6357/2779 4651/6358/2780 4652/6359/2780 4658/6360/2780
f 4643/6351/2778 4647/6361/2781 4646/6362/2782 4650/6357/2779
f 4640/6345/2767 4642/6345/2775 4656/6356/2777 4654/6346/2768
f 4640/6345/2767 4641/6351/2772 4643/6351/2778 4642/6345/2775
f 4647/6361/2781 4643/6351/2778 4641/6351/2772 4644/6354/2774
