# Blender 4.3.2
# www.blender.org
mtllib ToasterDestructable.mtl
g Lever_Cube.003
v 0.001568 0.001828 0.270051
v 0.000788 0.002608 0.270831
v 0.007236 0.001828 0.309247
v 0.006779 0.002608 0.308468
v -0.000785 0.002608 0.270831
v -0.001565 0.001828 0.270051
v -0.006776 0.002608 0.308468
v -0.007232 0.001828 0.309247
v 0.017981 0.001828 0.278407
v 0.017201 0.001828 0.277627
v 0.017201 0.002608 0.278407
v 0.017981 0.001828 0.301066
v 0.017201 0.002608 0.301066
v 0.017201 0.001828 0.301846
v -0.017978 0.001828 0.278407
v -0.017198 0.002608 0.278407
v -0.017198 0.001828 0.277627
v -0.017978 0.001828 0.301066
v -0.017198 0.001828 0.301846
v -0.017198 0.002608 0.301066
v 0.000788 0.002608 0.241124
v 0.001568 0.001828 0.241124
v -0.001565 0.001828 0.241124
v -0.000785 0.002608 0.241124
v 0.006779 -0.000603 0.308468
v 0.007236 0.000177 0.309247
v 0.000788 -0.000603 0.270831
v 0.001568 0.000177 0.270051
v -0.001565 0.000177 0.270051
v -0.000785 -0.000603 0.270831
v -0.007232 0.000177 0.309247
v -0.006776 -0.000603 0.308468
v 0.017981 0.000177 0.301066
v 0.017201 0.000177 0.301846
v 0.017201 -0.000603 0.301066
v 0.017981 0.000177 0.278407
v 0.017201 -0.000603 0.278407
v 0.017201 0.000177 0.277627
v -0.017978 0.000177 0.301066
v -0.017198 -0.000603 0.301066
v -0.017198 0.000177 0.301846
v -0.017978 0.000177 0.278407
v -0.017198 0.000177 0.277627
v -0.017198 -0.000603 0.278407
v 0.001568 0.000177 0.241124
v 0.000788 -0.000603 0.241124
v -0.000785 -0.000603 0.241124
v -0.001565 0.000177 0.241124
vn 0.4361 -0.0000 -0.8999
vn 0.5797 -0.0000 -0.8148
vn -1.0000 -0.0000 -0.0000
vn -0.0000 1.0000 -0.0000
vn 1.0000 -0.0000 -0.0000
vn -0.0000 -1.0000 -0.0000
vn -0.0000 -0.0000 1.0000
vn -0.0000 -0.0000 -1.0000
vn -0.5797 -0.0000 -0.8148
vn -0.4361 -0.0000 -0.8999
vn 0.6534 -0.0000 0.7570
vn 0.5962 -0.0000 0.8028
vn -0.5962 -0.0000 0.8028
vn -0.6534 -0.0000 0.7570
vn 0.5773 0.5773 -0.5774
vn 0.3947 0.6945 -0.6016
vn 0.4232 0.6791 -0.5998
vn 0.5774 0.5774 0.5773
vn 0.4972 0.6449 0.5804
vn 0.4757 0.6612 0.5801
vn -0.5774 0.5773 -0.5774
vn -0.4232 0.6791 -0.5998
vn -0.3947 0.6945 -0.6016
vn -0.5774 0.5773 0.5773
vn -0.4757 0.6612 0.5801
vn -0.4972 0.6449 0.5804
vn 0.5774 -0.5774 0.5773
vn 0.4757 -0.6612 0.5801
vn 0.4972 -0.6449 0.5804
vn 0.5773 -0.5773 -0.5774
vn 0.4232 -0.6791 -0.5998
vn 0.3947 -0.6945 -0.6016
vn -0.5774 -0.5773 0.5773
vn -0.4972 -0.6449 0.5804
vn -0.4757 -0.6612 0.5801
vn -0.5774 -0.5773 -0.5774
vn -0.3947 -0.6945 -0.6016
vn -0.4232 -0.6791 -0.5998
vn -0.2398 0.7207 0.6505
vn 0.2398 0.7207 0.6505
vn 0.1954 0.7215 0.6643
vn -0.1954 0.7215 0.6643
vn 0.7071 0.7071 -0.0000
vn -0.7071 0.7071 -0.0000
vn -0.2850 0.7453 -0.6028
vn 0.2850 0.7453 -0.6028
vn -0.1954 -0.7215 0.6643
vn 0.1954 -0.7215 0.6643
vn 0.2398 -0.7207 0.6505
vn -0.2398 -0.7207 0.6505
vn 0.7071 -0.7071 -0.0000
vn -0.7071 -0.7071 -0.0000
vn -0.2850 -0.7453 -0.6028
vn 0.2850 -0.7453 -0.6028
vn 0.7071 -0.0000 0.7071
vn 0.7071 -0.0000 -0.7071
vn -0.7071 -0.0000 -0.7071
vn -0.7071 -0.0000 0.7071
vt 0.252558 0.541987
vt 0.252558 0.458013
vt 0.264698 0.521085
vt 0.264698 0.478915
vt 0.735302 0.458013
vt 0.735302 0.541987
vt 0.252558 0.521085
vt 0.252558 0.478915
vt 0.252558 0.521085
vt 0.264698 0.521085
vt 0.735302 0.541987
vt 0.735302 0.458013
vt 0.264698 0.478915
vt 0.264698 0.458013
vt 0.735302 0.458013
vt 0.264698 0.458013
vt 0.264698 0.458013
vt 0.264698 0.458013
vt 0.747442 0.541987
vt 0.747442 0.458013
vt 0.747442 0.458013
vt 0.735302 0.458013
vt 0.252558 0.478915
vt 0.252558 0.521085
vt 0.252558 0.458013
vt 0.252558 0.458013
vt 0.747442 0.541987
vt 0.252558 0.521085
vt 0.252558 0.478915
vt 0.252558 0.478915
vt 0.264698 0.541987
vt 0.264698 0.541987
vt 0.735302 0.541987
vt 0.735302 0.541987
vt 0.264698 0.541987
vt 0.264698 0.541987
s 1
usemtl Material.027
f 1/1/1 10/1/2 38/1/2 28/1/1
f 6/2/3 23/2/3 48/2/3 29/2/3
f 2/3/4 5/4/4 7/5/4 4/6/4
f 22/1/5 1/1/5 28/1/5 45/1/5
f 27/7/6 30/8/6 47/8/6 46/9/6
f 27/10/6 25/11/6 32/12/6 30/13/6
f 30/14/6 32/5/6 40/15/6 44/16/6
f 18/15/3 15/17/3 42/18/3 39/5/3
f 3/19/7 8/20/7 31/21/7 26/19/7
f 5/14/4 16/18/4 20/22/4 7/12/4
f 23/2/8 24/23/8 21/24/8 22/1/8 45/1/8 46/9/8 47/8/8 48/2/8
f 17/25/9 6/2/10 29/2/10 43/26/9
f 14/27/11 3/27/12 26/19/12 34/19/11
f 2/28/4 21/24/4 24/29/4 5/30/4
f 8/21/13 19/21/14 41/21/14 31/21/13
f 25/6/6 27/31/6 37/32/6 35/33/6
f 9/32/5 12/34/5 33/34/5 36/35/5
f 9/32/15 10/1/16 11/36/17
f 12/34/18 13/33/19 14/27/20
f 15/17/21 16/18/22 17/25/23
f 18/15/24 19/21/25 20/22/26
f 33/34/27 34/19/28 35/33/29
f 36/35/30 37/32/31 38/1/32
f 39/5/33 40/15/34 41/21/35
f 42/18/36 43/26/37 44/16/38
f 8/20/39 3/19/40 4/6/41 7/5/42
f 12/34/43 9/32/43 11/36/43 13/33/43
f 20/22/44 16/18/44 15/17/44 18/15/44
f 16/18/22 5/14/45 6/2/45 17/25/23
f 7/12/42 20/22/26 19/21/25 8/21/39
f 13/33/19 4/11/41 3/27/40 14/27/20
f 2/32/46 11/36/17 10/1/16 1/1/46
f 21/24/43 2/28/43 1/1/43 22/1/43
f 5/30/44 24/29/44 23/2/44 6/2/44
f 32/12/47 25/11/48 26/19/49 31/21/50
f 35/33/51 37/32/51 36/35/51 33/34/51
f 39/5/52 42/18/52 44/16/52 40/15/52
f 43/26/37 29/2/53 30/14/53 44/16/38
f 31/21/50 41/21/35 40/15/34 32/5/47
f 34/19/28 26/19/49 25/6/48 35/33/29
f 28/1/54 38/1/32 37/32/31 27/31/54
f 45/1/51 28/1/51 27/7/51 46/9/51
f 29/2/52 48/2/52 47/8/52 30/8/52
f 14/27/11 34/19/11 33/34/55 12/34/55
f 38/1/2 10/1/2 9/32/56 36/35/56
f 17/25/9 43/26/9 42/18/57 15/17/57
f 41/21/14 19/21/14 18/15/58 39/5/58
f 4/11/4 13/33/4 11/36/4 2/32/4
g Button2_Cube.004
v -0.052882 -0.077662 0.259598
v -0.051423 -0.080995 0.259598
v -0.051351 -0.084632 0.259598
v -0.052676 -0.088020 0.259598
v -0.055197 -0.090643 0.259598
v -0.058529 -0.092101 0.259598
v -0.062167 -0.092174 0.259598
v -0.065554 -0.090848 0.259598
v -0.068177 -0.088328 0.259598
v -0.069636 -0.084995 0.259598
v -0.069708 -0.081358 0.259598
v -0.068383 -0.077970 0.259598
v -0.065862 -0.075347 0.259598
v -0.062530 -0.073889 0.259598
v -0.058893 -0.073816 0.259598
v -0.055505 -0.075142 0.259598
v -0.072016 -0.056750 0.250254
v -0.072839 -0.054870 0.250704
v -0.071683 -0.057203 0.258050
v -0.072839 -0.054870 0.257259
v -0.047289 -0.073762 0.250254
v -0.046913 -0.073500 0.250704
v -0.044316 -0.079434 0.250704
v -0.044763 -0.079532 0.250254
v -0.044760 -0.079531 0.259598
v -0.044316 -0.079434 0.259148
v -0.046913 -0.073500 0.259148
v -0.047289 -0.073762 0.259598
v -0.044187 -0.085910 0.250704
v -0.044638 -0.085829 0.250254
v -0.044631 -0.085830 0.259598
v -0.044187 -0.085910 0.259148
v -0.046546 -0.091942 0.250704
v -0.046933 -0.091695 0.250254
v -0.046923 -0.091701 0.259598
v -0.046546 -0.091942 0.259148
v -0.051035 -0.096612 0.250704
v -0.051297 -0.096236 0.250254
v -0.051287 -0.096250 0.259598
v -0.051035 -0.096612 0.259148
v -0.056968 -0.099209 0.250704
v -0.057067 -0.098761 0.250254
v -0.057062 -0.098784 0.259598
v -0.056968 -0.099209 0.259148
v -0.063444 -0.099338 0.250704
v -0.063364 -0.098886 0.250254
v -0.063369 -0.098917 0.259598
v -0.063444 -0.099338 0.259148
v -0.069476 -0.096978 0.250704
v -0.069229 -0.096592 0.250254
v -0.069252 -0.096628 0.259598
v -0.069476 -0.096978 0.259148
v -0.074147 -0.092490 0.250704
v -0.073770 -0.092228 0.250254
v -0.073817 -0.092260 0.259598
v -0.074147 -0.092490 0.259148
v -0.076744 -0.086556 0.250704
v -0.076296 -0.086458 0.250254
v -0.076370 -0.086474 0.259598
v -0.076744 -0.086556 0.259148
v -0.076872 -0.080080 0.250704
v -0.076421 -0.080161 0.250254
v -0.076521 -0.080143 0.259598
v -0.076872 -0.080080 0.259147
v -0.074513 -0.074048 0.250704
v -0.074127 -0.074295 0.250254
v -0.074240 -0.074223 0.259598
v -0.074513 -0.074048 0.259147
v -0.070025 -0.069378 0.250704
v -0.069539 -0.069521 0.250254
v -0.069367 -0.069090 0.259598
v -0.070025 -0.069378 0.259147
v -0.064315 -0.067235 0.250254
v -0.064091 -0.066781 0.250704
v -0.064091 -0.066781 0.259147
v -0.064854 -0.067115 0.259598
v -0.057615 -0.066652 0.250704
v -0.057695 -0.067104 0.250254
v -0.057697 -0.067111 0.259598
v -0.057615 -0.066652 0.259147
v -0.051583 -0.069012 0.250704
v -0.051830 -0.069398 0.250254
v -0.051832 -0.069401 0.259598
v -0.051583 -0.069012 0.259147
vn 0.5005 0.7822 -0.3710
vn 0.5002 0.7817 0.3724
vn 0.7618 0.5312 0.3708
vn 0.7617 0.5312 -0.3710
vn -0.0000 -0.0000 1.0000
vn -0.2375 0.0902 0.9672
vn 0.1070 0.2264 0.9681
vn -0.0703 0.2493 0.9659
vn -0.8500 0.2508 -0.4632
vn -0.8201 0.3763 0.4311
vn -0.3816 0.8038 0.4565
vn -0.3506 0.8010 -0.4852
vn 0.9077 0.1993 0.3692
vn 0.9070 0.1992 -0.3710
vn 0.4148 -0.0740 0.9069
vn 0.4095 0.0899 0.9078
vn 0.3424 0.2388 0.9087
vn 0.2240 0.3501 0.9095
vn 0.3569 -0.2284 0.9058
vn 0.7822 -0.5005 -0.3710
vn 0.7841 -0.5017 0.3653
vn 0.5330 -0.7644 0.3627
vn 0.5312 -0.7617 -0.3710
vn 0.2440 -0.3500 0.9044
vn 0.2001 -0.9115 0.3594
vn 0.1992 -0.9070 -0.3710
vn 0.0923 -0.4204 0.9027
vn -0.1643 -0.9203 0.3551
vn -0.1631 -0.9142 -0.3710
vn -0.0765 -0.4285 0.9003
vn -0.5051 -0.7892 0.3493
vn -0.5005 -0.7822 -0.3710
vn -0.2381 -0.3720 0.8972
vn -0.7711 -0.5374 0.3415
vn -0.7617 -0.5312 -0.3710
vn -0.3695 -0.2575 0.8928
vn -0.9218 -0.2022 0.3307
vn -0.9070 -0.1992 -0.3710
vn -0.4514 -0.0990 0.8868
vn -0.9341 0.1669 0.3156
vn -0.9142 0.1631 -0.3710
vn -0.4709 0.0842 0.8782
vn -0.8048 0.5154 0.2944
vn -0.7822 0.5005 -0.3710
vn -0.4214 0.2700 0.8658
vn 0.3924 0.7946 -0.4632
vn 0.2919 0.8328 0.4703
vn 0.1634 0.9200 0.3563
vn 0.1630 0.9142 -0.3710
vn 0.0753 0.4249 0.9021
vn 0.9156 -0.1633 0.3674
vn 0.9142 -0.1630 -0.3710
vn 0.6893 -0.1229 -0.7139
vn 0.6839 0.1502 -0.7139
vn 0.5898 -0.3774 -0.7139
vn 0.4005 -0.5744 -0.7139
vn 0.1502 -0.6839 -0.7139
vn -0.1229 -0.6893 -0.7139
vn -0.3774 -0.5898 -0.7139
vn -0.5744 -0.4005 -0.7139
vn -0.6839 -0.1502 -0.7139
vn -0.6893 0.1229 -0.7139
vn -0.5898 0.3774 -0.7139
vn -0.6367 0.1879 -0.7479
vn 0.1229 0.6893 -0.7139
vn 0.2940 0.5952 -0.7479
vn 0.3774 0.5898 -0.7139
vn 0.5744 0.4005 -0.7139
vn -0.0858 0.1961 -0.9768
vt 0.062500 0.524069
vt 0.062500 0.975906
vt 0.000000 0.975912
vt 0.000000 0.524069
vt 0.301583 0.374532
vt 0.250000 0.384792
vt 0.198417 0.374532
vt 0.154688 0.345312
vt 0.125468 0.301583
vt 0.115208 0.250000
vt 0.125468 0.198417
vt 0.154688 0.154688
vt 0.198417 0.125468
vt 0.250000 0.115208
vt 0.301583 0.125468
vt 0.345312 0.154688
vt 0.374532 0.198417
vt 0.384792 0.250000
vt 0.374532 0.301583
vt 0.345312 0.345312
vt 0.012024 0.260175
vt 0.025920 0.330036
vt 0.011996 0.260035
vt 0.250000 0.524069
vt 0.250000 0.975888
vt 0.250000 0.969776
vt 0.250000 0.530163
vt 1.000000 0.524069
vt 1.000000 0.975912
vt 0.937500 0.975916
vt 0.937500 0.524069
vt 0.415091 0.415091
vt 0.339326 0.465652
vt 0.339326 0.465652
vt 0.250000 0.483370
vt 0.250000 0.483370
vt 0.160712 0.465560
vt 0.465760 0.339371
vt 0.812500 0.524069
vt 0.812500 0.975920
vt 0.750000 0.975921
vt 0.750000 0.524069
vt 0.483613 0.250000
vt 0.465760 0.339371
vt 0.750000 0.524069
vt 0.687500 0.975921
vt 0.687500 0.524069
vt 0.465918 0.160564
vt 0.687500 0.524069
vt 0.687500 0.975921
vt 0.625000 0.975920
vt 0.625000 0.524069
vt 0.415343 0.084657
vt 0.625000 0.524069
vt 0.625000 0.975920
vt 0.562500 0.975918
vt 0.562500 0.524069
vt 0.339544 0.033822
vt 0.415343 0.084657
vt 0.562500 0.524069
vt 0.500000 0.975916
vt 0.500000 0.524069
vt 0.250000 0.015802
vt 0.339544 0.033822
vt 0.500000 0.524069
vt 0.437500 0.975912
vt 0.437500 0.524069
vt 0.160271 0.033375
vt 0.250000 0.015802
vt 0.437500 0.524069
vt 0.375000 0.975906
vt 0.375000 0.524069
vt 0.083946 0.083946
vt 0.160271 0.033375
vt 0.375000 0.524069
vt 0.312500 0.975899
vt 0.312500 0.524069
vt 0.032596 0.159948
vt 0.083946 0.083946
vt 0.312500 0.524069
vt 0.250000 0.975889
vt 0.250000 0.524069
vt 0.012024 0.260175
vt 0.032596 0.159948
vt 0.025920 0.330036
vt 0.187500 0.524069
vt 0.187500 0.975888
vt 0.125000 0.975899
vt 0.125000 0.524069
vt 0.085056 0.414944
vt 0.025920 0.330036
vt 0.125000 0.524069
vt 0.125000 0.975899
vt 0.062500 0.524069
vt 0.085056 0.414944
vt 0.937500 0.524069
vt 0.937500 0.975916
vt 0.875000 0.975918
vt 0.875000 0.524069
vt 0.875000 0.524069
vt 0.875000 0.975918
vt 0.812500 0.975920
vt 0.812500 0.524069
vt 0.915017 0.415017
vt 0.839307 0.465606
vt 0.965606 0.339307
vt 0.915017 0.415017
vt 0.983370 0.250000
vt 0.965606 0.160693
vt 0.915017 0.084983
vt 0.965606 0.160693
vt 0.839307 0.034394
vt 0.750000 0.016630
vt 0.660693 0.034394
vt 0.750000 0.016630
vt 0.584983 0.084983
vt 0.534394 0.160693
vt 0.515720 0.254577
vt 0.534394 0.160693
vt 0.584983 0.415017
vt 0.531801 0.335426
vt 0.660693 0.465606
vt 0.750000 0.483370
vt 0.187500 0.969776
vt 0.187500 0.975889
vt 0.526969 0.335307
vt 0.187500 0.530163
vt 0.187500 0.524069
vt 0.526969 0.335307
vt 0.510887 0.254459
s 1
usemtl Material.027
f 129/37/59 132/38/60 75/39/61 70/40/62
f 50/41/63 49/42/63 64/43/63 63/44/63 62/45/63 61/46/63 60/47/63 59/48/63 58/49/63 57/50/63 56/51/63 55/52/63 54/53/63 53/54/63 52/55/63 51/56/63
f 119/57/64 124/58/65 67/59/66
f 117/60/67 120/61/68 68/62/69 66/63/70
f 70/64/62 75/65/61 74/66/71 71/67/72
f 50/41/63 51/56/63 79/68/73 73/69/74
f 49/42/63 50/41/63 73/70/74 76/71/75
f 64/43/63 49/42/63 76/72/75 131/73/76
f 51/56/63 52/55/63 83/74/77 79/68/73
f 81/75/78 84/76/79 88/77/80 85/78/81
f 52/55/63 53/54/63 87/79/82 83/80/77
f 85/81/81 88/77/80 92/82/83 89/83/84
f 53/54/63 54/53/63 91/84/85 87/79/82
f 89/85/84 92/86/83 96/87/86 93/88/87
f 54/53/63 55/52/63 95/89/88 91/84/85
f 93/90/87 96/91/86 100/92/89 97/93/90
f 55/52/63 56/51/63 99/94/91 95/95/88
f 97/96/90 100/92/89 104/97/92 101/98/93
f 56/51/63 57/50/63 103/99/94 99/100/91
f 101/101/93 104/97/92 108/102/95 105/103/96
f 57/50/63 58/49/63 107/104/97 103/105/94
f 105/106/96 108/102/95 112/107/98 109/108/99
f 58/49/63 59/48/63 111/109/100 107/110/97
f 109/111/99 112/107/98 116/112/101 113/113/102
f 59/48/63 60/47/63 115/114/103 111/115/100
f 113/116/102 116/112/101 120/117/68 117/118/67
f 60/47/63 61/46/63 119/119/64 115/120/103
f 61/46/63 62/45/63 124/121/65 119/119/64
f 122/122/104 123/123/105 128/124/106 125/125/107
f 62/45/63 63/44/63 127/126/108 124/127/65
f 125/128/107 128/129/106 132/38/60 129/130/59
f 63/44/63 64/43/63 131/73/76 127/131/108
f 71/132/72 74/133/71 80/134/109 77/135/110
f 77/136/110 80/137/109 84/138/79 81/139/78
f 75/65/61 76/71/75 73/70/74 74/66/71
f 77/135/110 78/140/111 72/141/112 71/132/72
f 74/133/71 73/69/74 79/68/73 80/134/109
f 81/139/78 82/142/113 78/143/111 77/136/110
f 80/137/109 79/68/73 83/74/77 84/138/79
f 85/78/81 86/144/114 82/142/113 81/75/78
f 84/76/79 83/80/77 87/79/82 88/77/80
f 89/83/84 90/145/115 86/144/114 85/81/81
f 88/77/80 87/79/82 91/84/85 92/82/83
f 93/88/87 94/146/116 90/147/115 89/85/84
f 92/86/83 91/84/85 95/89/88 96/87/86
f 97/93/90 98/148/117 94/146/116 93/90/87
f 96/91/86 95/95/88 99/94/91 100/92/89
f 101/98/93 102/149/118 98/148/117 97/96/90
f 100/92/89 99/100/91 103/99/94 104/97/92
f 105/103/96 106/150/119 102/151/118 101/101/93
f 104/97/92 103/105/94 107/104/97 108/102/95
f 109/108/99 110/152/120 106/150/119 105/106/96
f 108/102/95 107/110/97 111/109/100 112/107/98
f 113/113/102 114/153/121 110/152/120 109/111/99
f 112/107/98 111/115/100 115/114/103 116/112/101
f 117/118/67 118/154/122 114/155/121 113/116/102
f 116/112/101 115/120/103 119/119/64 120/117/68
f 125/125/107 126/156/123 121/157/124 122/122/104
f 123/123/105 124/127/65 127/126/108 128/124/106
f 129/130/59 130/158/125 126/156/123 125/128/107
f 128/129/106 127/131/108 131/73/76 132/38/60
f 70/40/62 69/159/126 130/158/125 129/37/59
f 132/38/60 131/73/76 76/72/75 75/39/61
f 68/160/69 67/59/66 124/58/65 123/161/105
f 65/162/127 66/163/70 122/164/104 121/165/124
f 120/61/68 119/57/64 67/59/66 68/62/69
f 117/60/67 66/63/70 65/162/127 118/166/122
f 123/161/105 122/164/104 66/163/70 68/160/69
f 71/67/72 72/141/112 69/159/126 70/64/62
g Button32_Cube.005
v 0.071132 -0.083084 0.259598
v 0.070422 -0.086652 0.259598
v 0.068401 -0.089676 0.259598
v 0.065377 -0.091697 0.259598
v 0.061809 -0.092407 0.259598
v 0.058241 -0.091697 0.259598
v 0.055216 -0.089676 0.259598
v 0.053195 -0.086652 0.259598
v 0.052485 -0.083084 0.259598
v 0.053195 -0.079516 0.259598
v 0.055216 -0.076491 0.259598
v 0.058241 -0.074470 0.259598
v 0.061809 -0.073760 0.259598
v 0.065377 -0.074470 0.259598
v 0.068401 -0.076491 0.259598
v 0.070422 -0.079516 0.259598
v 0.067798 -0.052973 0.250704
v 0.067681 -0.053562 0.250386
v 0.067412 -0.055548 0.258050
v 0.067798 -0.052973 0.257259
v 0.067685 -0.053727 0.257678
v 0.078409 -0.083084 0.250704
v 0.078275 -0.083084 0.250386
v 0.077146 -0.089436 0.250704
v 0.077022 -0.089385 0.250386
v 0.076725 -0.089262 0.259598
v 0.077146 -0.089436 0.259148
v 0.077023 -0.089385 0.259466
v 0.078409 -0.083084 0.259148
v 0.077951 -0.083084 0.259598
v 0.078275 -0.083084 0.259466
v 0.073547 -0.094822 0.250704
v 0.073452 -0.094727 0.250386
v 0.073228 -0.094503 0.259598
v 0.073547 -0.094822 0.259148
v 0.073454 -0.094729 0.259466
v 0.068162 -0.098421 0.250704
v 0.068110 -0.098296 0.250386
v 0.067990 -0.098008 0.259598
v 0.068162 -0.098421 0.259148
v 0.068111 -0.098300 0.259466
v 0.061809 -0.099684 0.250704
v 0.061809 -0.099550 0.250386
v 0.061809 -0.099242 0.259598
v 0.061809 -0.099684 0.259148
v 0.061809 -0.099555 0.259466
v 0.055456 -0.098421 0.250704
v 0.055507 -0.098296 0.250386
v 0.055623 -0.098018 0.259598
v 0.055456 -0.098421 0.259148
v 0.055505 -0.098303 0.259466
v 0.050070 -0.094822 0.250704
v 0.050165 -0.094727 0.250386
v 0.050372 -0.094520 0.259598
v 0.050070 -0.094822 0.259148
v 0.050159 -0.094734 0.259466
v 0.046472 -0.089436 0.250704
v 0.046596 -0.089385 0.250386
v 0.046856 -0.089277 0.259598
v 0.046472 -0.089436 0.259148
v 0.046584 -0.089390 0.259466
v 0.045208 -0.083084 0.250704
v 0.045343 -0.083084 0.250386
v 0.045610 -0.083084 0.259598
v 0.045208 -0.083084 0.259148
v 0.045326 -0.083084 0.259466
v 0.046472 -0.076731 0.250704
v 0.046596 -0.076782 0.250386
v 0.046825 -0.076877 0.259598
v 0.046472 -0.076731 0.259148
v 0.046575 -0.076774 0.259466
v 0.050070 -0.071345 0.250704
v 0.050165 -0.071440 0.250386
v 0.050323 -0.071598 0.259598
v 0.050070 -0.071345 0.259147
v 0.050144 -0.071419 0.259466
v 0.055456 -0.067747 0.250704
v 0.055507 -0.067871 0.250386
v 0.055580 -0.068046 0.259598
v 0.055456 -0.067747 0.259147
v 0.055492 -0.067834 0.259466
v 0.061809 -0.066483 0.250704
v 0.061902 -0.066599 0.250386
v 0.062513 -0.066623 0.259598
v 0.061809 -0.066483 0.259147
v 0.062015 -0.066524 0.259466
v 0.068162 -0.067747 0.250704
v 0.068032 -0.067818 0.250386
v 0.068162 -0.067747 0.259147
v 0.067345 -0.067584 0.259598
v 0.067922 -0.067699 0.259466
v 0.073547 -0.071345 0.250704
v 0.073452 -0.071440 0.250386
v 0.073218 -0.071675 0.259598
v 0.073547 -0.071345 0.259147
v 0.073451 -0.071442 0.259466
v 0.077146 -0.076731 0.250704
v 0.077022 -0.076782 0.250386
v 0.076719 -0.076908 0.259598
v 0.077146 -0.076731 0.259147
v 0.077021 -0.076783 0.259466
vn 0.9064 0.3754 -0.1939
vn 0.9062 0.3753 0.1949
vn 0.9811 -0.0000 0.1937
vn 0.9810 -0.0000 -0.1939
vn -0.0000 -0.0000 1.0000
vn -0.0615 0.1306 0.9895
vn 0.1107 0.0889 0.9899
vn 0.0566 0.1762 0.9827
vn -0.6079 0.7596 -0.2314
vn -0.5416 0.8072 0.2346
vn 0.1540 0.8955 0.4175
vn 0.1779 0.8945 -0.4101
vn 0.9066 -0.3755 0.1924
vn 0.9064 -0.3754 -0.1939
vn 0.1540 -0.1541 0.9760
vn 0.1998 -0.0828 0.9763
vn 0.2148 -0.0000 0.9767
vn 0.1972 0.0816 0.9770
vn 0.0840 -0.2030 0.9756
vn 0.3754 -0.9064 -0.1939
vn 0.3757 -0.9072 0.1894
vn -0.0000 -0.9823 0.1875
vn -0.0000 -0.9810 -0.1939
vn -0.0001 -0.2220 0.9750
vn -0.3761 -0.9079 0.1850
vn -0.3754 -0.9064 -0.1939
vn -0.0862 -0.2078 0.9744
vn -0.6954 -0.6953 0.1817
vn -0.6937 -0.6937 -0.1939
vn -0.1620 -0.1618 0.9734
vn -0.9092 -0.3766 0.1775
vn -0.9064 -0.3754 -0.1939
vn -0.2166 -0.0894 0.9722
vn -0.9851 0.0001 0.1719
vn -0.9810 -0.0000 -0.1939
vn -0.2418 0.0004 0.9703
vn -0.9113 0.3775 0.1643
vn -0.9064 0.3754 -0.1939
vn -0.2328 0.0970 0.9677
vn -0.6986 0.6987 0.1543
vn -0.6937 0.6937 -0.1939
vn -0.1885 0.1897 0.9636
vn -0.3788 0.9147 0.1407
vn -0.3754 0.9064 -0.1939
vn -0.1097 0.2681 0.9571
vn 0.8523 0.4691 -0.2314
vn 0.8080 0.5331 0.2510
vn 0.6950 0.6954 0.1826
vn 0.6937 0.6937 -0.1939
vn 0.1592 0.1606 0.9741
vn 0.6941 -0.6941 0.1910
vn 0.6937 -0.6937 -0.1939
vn 0.8511 -0.3525 -0.3891
vn 0.9212 -0.0000 -0.3891
vn 0.7251 -0.0001 0.6886
vn 0.6715 -0.2782 0.6868
vn 0.6514 -0.6514 -0.3891
vn 0.5153 -0.5154 0.6847
vn 0.3525 -0.8511 -0.3891
vn 0.2797 -0.6755 0.6823
vn -0.0000 -0.9212 -0.3891
vn -0.0001 -0.7339 0.6793
vn -0.3525 -0.8511 -0.3891
vn -0.2824 -0.6812 0.6754
vn -0.6514 -0.6514 -0.3891
vn -0.5249 -0.5245 0.6703
vn -0.8511 -0.3525 -0.3891
vn -0.6913 -0.2860 0.6635
vn -0.9212 -0.0000 -0.3891
vn -0.7563 0.0004 0.6543
vn -0.8511 0.3525 -0.3891
vn -0.7086 0.2942 0.6413
vn -0.6514 0.6514 -0.3891
vn -0.5525 0.5538 0.6229
vn -0.3525 0.8511 -0.3891
vn -0.3060 0.7421 0.5963
vn -0.5662 0.7075 -0.4229
vn -0.3207 0.5472 0.7732
vn 0.6514 0.6514 -0.3891
vn 0.7939 0.4370 -0.4229
vn 0.4939 0.3330 0.8032
vn 0.5227 0.5246 0.6720
vn 0.8511 0.3525 -0.3891
vn 0.6683 0.2768 0.6905
vn 0.1041 0.3968 0.9120
vn 0.0912 0.4586 -0.8839
vt 0.062500 0.524069
vt 0.062500 0.975906
vt 0.000000 0.975912
vt 0.000000 0.524069
vt 0.301583 0.374532
vt 0.250000 0.384792
vt 0.198417 0.374532
vt 0.154688 0.345312
vt 0.125468 0.301583
vt 0.115208 0.250000
vt 0.125468 0.198417
vt 0.154688 0.154688
vt 0.198417 0.125468
vt 0.250000 0.115208
vt 0.301583 0.125468
vt 0.345312 0.154688
vt 0.374532 0.198417
vt 0.384792 0.250000
vt 0.374532 0.301583
vt 0.345312 0.345312
vt 0.012024 0.260175
vt 0.025920 0.330036
vt 0.011996 0.260035
vt 0.250000 0.524069
vt 0.250000 0.975888
vt 0.250000 0.969776
vt 0.250000 0.530163
vt 1.000000 0.524069
vt 1.000000 0.975912
vt 0.937500 0.975916
vt 0.937500 0.524069
vt 0.415091 0.415091
vt 0.339326 0.465652
vt 0.339326 0.465652
vt 0.250000 0.483370
vt 0.250000 0.483370
vt 0.160712 0.465560
vt 0.465760 0.339371
vt 0.812500 0.524069
vt 0.812500 0.975920
vt 0.750000 0.975921
vt 0.750000 0.524069
vt 0.483613 0.250000
vt 0.465760 0.339371
vt 0.750000 0.524069
vt 0.687500 0.975921
vt 0.687500 0.524069
vt 0.465918 0.160564
vt 0.687500 0.524069
vt 0.687500 0.975921
vt 0.625000 0.975920
vt 0.625000 0.524069
vt 0.415343 0.084657
vt 0.625000 0.524069
vt 0.625000 0.975920
vt 0.562500 0.975918
vt 0.562500 0.524069
vt 0.339544 0.033822
vt 0.415343 0.084657
vt 0.562500 0.524069
vt 0.500000 0.975916
vt 0.500000 0.524069
vt 0.250000 0.015802
vt 0.339544 0.033822
vt 0.500000 0.524069
vt 0.437500 0.975912
vt 0.437500 0.524069
vt 0.160271 0.033375
vt 0.250000 0.015802
vt 0.437500 0.524069
vt 0.375000 0.975906
vt 0.375000 0.524069
vt 0.083946 0.083946
vt 0.160271 0.033375
vt 0.375000 0.524069
vt 0.312500 0.975899
vt 0.312500 0.524069
vt 0.032596 0.159948
vt 0.083946 0.083946
vt 0.312500 0.524069
vt 0.250000 0.975889
vt 0.250000 0.524069
vt 0.012024 0.260175
vt 0.032596 0.159948
vt 0.025920 0.330036
vt 0.187500 0.524069
vt 0.187500 0.975888
vt 0.125000 0.975899
vt 0.125000 0.524069
vt 0.085056 0.414944
vt 0.025920 0.330036
vt 0.125000 0.524069
vt 0.125000 0.975899
vt 0.062500 0.524069
vt 0.085056 0.414944
vt 0.937500 0.524069
vt 0.937500 0.975916
vt 0.875000 0.975918
vt 0.875000 0.524069
vt 0.875000 0.524069
vt 0.875000 0.975918
vt 0.812500 0.975920
vt 0.812500 0.524069
vt 0.937753 0.500000
vt 0.999747 0.500000
vt 0.999747 1.000000
vt 0.937751 1.000000
vt 0.341475 0.471804
vt 0.250372 0.489926
vt 0.875253 0.500000
vt 0.937247 0.500000
vt 0.937249 1.000000
vt 0.875249 1.000000
vt 0.419396 0.419913
vt 0.342157 0.471522
vt 0.812753 0.500000
vt 0.874747 0.500000
vt 0.874751 1.000000
vt 0.812746 1.000000
vt 0.471526 0.342151
vt 0.419913 0.419396
vt 0.750253 0.500000
vt 0.812247 0.500000
vt 0.812254 1.000000
vt 0.750244 1.000000
vt 0.489929 0.250358
vt 0.471803 0.341482
vt 0.687753 0.500000
vt 0.749747 0.500000
vt 0.749756 1.000000
vt 0.687740 1.000000
vt 0.471801 0.158509
vt 0.489929 0.249642
vt 0.625253 0.500000
vt 0.687247 0.500000
vt 0.687260 1.000000
vt 0.625235 1.000000
vt 0.419901 0.080588
vt 0.471531 0.157857
vt 0.562753 0.500000
vt 0.624747 0.500000
vt 0.624765 1.000000
vt 0.562729 1.000000
vt 0.342130 0.028460
vt 0.419412 0.080099
vt 0.500253 0.500000
vt 0.562247 0.500000
vt 0.562271 1.000000
vt 0.500221 1.000000
vt 0.250325 0.010065
vt 0.341507 0.028202
vt 0.437753 0.500000
vt 0.499747 0.500000
vt 0.499779 1.000000
vt 0.437711 1.000000
vt 0.158466 0.028207
vt 0.249675 0.010065
vt 0.375253 0.500000
vt 0.437247 0.500000
vt 0.437289 1.000000
vt 0.375197 1.000000
vt 0.080540 0.080130
vt 0.157893 0.028444
vt 0.312753 0.500000
vt 0.374747 0.500000
vt 0.374803 1.000000
vt 0.312679 1.000000
vt 0.028418 0.157933
vt 0.080130 0.080540
vt 0.250000 0.500000
vt 0.312247 0.500000
vt 0.312321 1.000000
vt 0.250000 1.000000
vt 0.010000 0.250000
vt 0.028217 0.158418
vt 0.125253 0.500000
vt 0.187500 0.500000
vt 0.187500 1.000000
vt 0.125257 1.000000
vt 0.080081 0.419386
vt 0.028269 0.341844
vt 0.062753 0.500000
vt 0.124747 0.500000
vt 0.124743 1.000000
vt 0.062755 1.000000
vt 0.157839 0.471519
vt 0.080614 0.419919
vt 0.000253 0.500000
vt 0.062247 0.500000
vt 0.062245 1.000000
vt 0.000253 1.000000
vt 0.249628 0.489926
vt 0.158530 0.471806
vt 0.187500 0.975889
vt 0.187500 0.969776
vt 0.028183 0.341414
vt 0.010909 0.254569
vt 0.187500 0.530163
vt 0.187500 0.524069
s 1
usemtl Material.027
f 229/167/128 232/168/129 161/169/130 154/170/131
f 134/171/132 133/172/132 148/173/132 147/174/132 146/175/132 145/176/132 144/177/132 143/178/132 142/179/132 141/180/132 140/181/132 139/182/132 138/183/132 137/184/132 136/185/132 135/186/132
f 216/187/133 222/188/134 151/189/135
f 214/190/136 217/191/137 152/192/138 149/193/139
f 154/194/131 161/195/130 159/196/140 156/197/141
f 134/171/132 135/186/132 166/198/142 158/199/143
f 133/172/132 134/171/132 158/200/143 162/201/144
f 148/173/132 133/172/132 162/202/144 231/203/145
f 135/186/132 136/185/132 171/204/146 166/198/142
f 169/205/147 172/206/148 177/207/149 174/208/150
f 136/185/132 137/184/132 176/209/151 171/210/146
f 174/211/150 177/207/149 182/212/152 179/213/153
f 137/184/132 138/183/132 181/214/154 176/209/151
f 179/215/153 182/216/152 187/217/155 184/218/156
f 138/183/132 139/182/132 186/219/157 181/214/154
f 184/220/156 187/221/155 192/222/158 189/223/159
f 139/182/132 140/181/132 191/224/160 186/225/157
f 189/226/159 192/222/158 197/227/161 194/228/162
f 140/181/132 141/180/132 196/229/163 191/230/160
f 194/231/162 197/227/161 202/232/164 199/233/165
f 141/180/132 142/179/132 201/234/166 196/235/163
f 199/236/165 202/232/164 207/237/167 204/238/168
f 142/179/132 143/178/132 206/239/169 201/240/166
f 204/241/168 207/237/167 212/242/170 209/243/171
f 143/178/132 144/177/132 211/244/172 206/245/169
f 209/246/171 212/242/170 217/247/137 214/248/136
f 144/177/132 145/176/132 216/249/133 211/250/172
f 145/176/132 146/175/132 222/251/134 216/249/133
f 219/252/173 221/253/174 227/254/175 224/255/176
f 146/175/132 147/174/132 226/256/177 222/257/134
f 224/258/176 227/259/175 232/168/129 229/260/128
f 147/174/132 148/173/132 231/203/145 226/261/177
f 156/262/141 159/263/140 167/264/178 164/265/179
f 164/266/179 167/267/178 172/268/148 169/269/147
f 154/194/131 156/197/141 157/270/180 155/271/181
f 159/196/140 161/195/130 163/272/182 160/273/183
f 160/274/183 163/275/182 162/201/144 158/200/143
f 156/262/141 164/265/179 165/276/184 157/277/180
f 167/264/178 159/263/140 160/278/183 168/279/185
f 168/280/185 160/281/183 158/199/143 166/198/142
f 164/266/179 169/269/147 170/282/186 165/283/184
f 172/268/148 167/267/178 168/284/185 173/285/187
f 173/286/187 168/287/185 166/198/142 171/204/146
f 169/205/147 174/208/150 175/288/188 170/289/186
f 177/207/149 172/206/148 173/290/187 178/291/189
f 178/292/189 173/293/187 171/210/146 176/209/151
f 174/211/150 179/213/153 180/294/190 175/295/188
f 182/212/152 177/207/149 178/296/189 183/297/191
f 183/298/191 178/299/189 176/209/151 181/214/154
f 179/215/153 184/218/156 185/300/192 180/301/190
f 187/217/155 182/216/152 183/302/191 188/303/193
f 188/304/193 183/305/191 181/214/154 186/219/157
f 184/220/156 189/223/159 190/306/194 185/307/192
f 192/222/158 187/221/155 188/308/193 193/309/195
f 193/310/195 188/311/193 186/225/157 191/224/160
f 189/226/159 194/228/162 195/312/196 190/313/194
f 197/227/161 192/222/158 193/314/195 198/315/197
f 198/316/197 193/317/195 191/230/160 196/229/163
f 194/231/162 199/233/165 200/318/198 195/319/196
f 202/232/164 197/227/161 198/320/197 203/321/199
f 203/322/199 198/323/197 196/235/163 201/234/166
f 199/236/165 204/238/168 205/324/200 200/325/198
f 207/237/167 202/232/164 203/326/199 208/327/201
f 208/328/201 203/329/199 201/240/166 206/239/169
f 204/241/168 209/243/171 210/330/202 205/331/200
f 212/242/170 207/237/167 208/332/201 213/333/203
f 213/334/203 208/335/201 206/245/169 211/244/172
f 209/246/171 214/248/136 215/336/204 210/337/202
f 217/247/137 212/242/170 213/338/203 218/339/205
f 218/340/205 213/341/203 211/250/172 216/249/133
f 219/252/173 224/255/176 225/342/206 220/343/207
f 227/254/175 221/253/174 223/344/208 228/345/209
f 228/346/209 223/347/208 222/257/134 226/256/177
f 224/258/176 229/260/128 230/348/210 225/349/206
f 232/168/129 227/259/175 228/350/209 233/351/211
f 233/352/211 228/353/209 226/261/177 231/203/145
f 229/167/128 154/170/131 155/354/181 230/355/210
f 161/169/130 232/168/129 233/356/211 163/357/182
f 163/358/182 233/359/211 231/203/145 162/202/144
f 221/360/174 152/361/138 153/344/212 223/344/208
f 223/362/208 153/363/212 151/189/135 222/188/134
f 220/343/207 150/343/213 149/364/139 219/365/173
f 152/192/138 217/191/137 218/339/205 153/339/212
f 153/340/212 218/340/205 216/187/133 151/189/135
f 150/336/213 215/336/204 214/190/136 149/193/139
f 221/360/174 219/365/173 149/364/139 152/361/138
g Toaster_cell_Toaster_cell.100
v -0.106292 -0.122534 0.225237
v -0.099884 -0.125825 0.221470
v -0.117681 -0.138020 0.245610
v -0.098374 -0.140968 0.227081
v -0.100774 -0.140968 0.221654
v -0.105592 -0.140940 0.224433
v -0.095874 -0.139359 0.239603
v -0.113822 -0.131375 0.251188
v -0.102806 -0.138328 0.247630
v -0.123182 -0.136939 0.240712
v -0.109945 -0.140340 0.228458
v -0.125643 -0.131845 0.243225
v -0.120244 -0.132141 0.248801
v -0.095874 -0.139359 0.239603
v -0.102806 -0.138328 0.247630
v -0.105592 -0.140940 0.224433
v -0.109945 -0.140340 0.228458
v -0.123182 -0.136939 0.240712
v -0.125643 -0.131845 0.243225
v -0.113822 -0.131375 0.251188
v -0.120244 -0.132141 0.248801
v -0.098374 -0.140968 0.227081
v -0.100774 -0.140968 0.221654
vn 0.9647 -0.0014 -0.2633
vn -0.4995 0.0189 -0.8661
vn 0.5924 0.7029 0.3936
vn 0.5779 0.7066 0.4084
vn -0.6785 0.0063 -0.7346
vn -0.6873 0.0260 -0.7259
vn -0.2118 0.9424 0.2588
vn -0.0892 -0.9534 0.2883
vn -0.2621 -0.8356 0.4827
vn -0.4019 -0.8338 0.3784
vn -0.0833 -0.9919 0.0954
vn -0.0389 -0.9962 0.0774
vn -0.3967 -0.5945 0.6994
vn -0.1528 -0.5819 0.7988
vn -0.6067 -0.5673 0.5569
vn -0.0217 -0.9958 0.0887
vn -0.0282 -0.9922 0.1214
vn -0.0047 -1.0000 0.0021
vt 1.000000 0.719538
vt 1.000000 1.000000
vt 0.359900 0.359900
vt 0.778851 0.586745
vt 1.000000 0.000000
vt 0.766667 0.766667
vt 0.730075 0.000000
vt 0.000000 0.000000
vt 1.000000 0.359900
vt 0.622947 0.463135
vt 0.676722 0.676722
vt 0.330184 0.000000
vt 0.788693 0.000000
vt 1.000000 0.269925
vt 0.947532 0.208668
vt 1.000000 0.754965
vt 0.788693 0.788693
vt 1.000000 0.669816
vt 0.763361 0.763361
vt 0.874103 0.700303
vt 0.374189 0.722147
vt 0.368598 0.740731
vt 0.366988 0.742867
vt 0.349582 0.719106
vt 0.345403 0.711954
vt 0.380092 0.735728
vt 0.372695 0.733368
vt 0.374708 0.721214
vt 0.382077 0.729813
vt 0.378618 0.754795
vt 0.374196 0.755514
vt 0.375000 0.751875
vt 0.376312 0.751600
vt 0.344409 0.706985
vt 0.344026 0.705066
vt 0.345089 0.710386
vt 0.327141 0.708439
vt 0.326536 0.706765
vt 0.328456 0.712073
s 0
usemtl Material.027
f 256/366/214 235/367/214 247/368/214 255/369/214
f 234/370/215 235/367/215 256/371/215 249/372/215
f 235/367/216 234/373/216 247/374/216
f 248/375/217 247/376/217 234/373/217 253/377/217
f 251/378/218 234/370/218 249/379/218 250/380/218
f 252/381/219 234/367/219 251/382/219
f 253/383/220 234/367/220 252/384/220 254/385/220
s 1
usemtl Material.020
f 242/386/221 236/387/222 243/388/223 244/389/224 239/390/225
f 246/391/226 236/392/222 242/393/221 241/394/227
f 245/395/228 243/396/223 236/397/222 246/398/226
f 239/390/225 237/399/229 240/400/230 242/401/221
f 238/402/231 237/403/229 239/404/225
g Toaster_cell.001_Toaster_cell.101
v -0.076860 0.058306 -0.182843
v -0.030570 0.035173 -0.160454
v -0.030541 -0.025989 -0.230996
v -0.062679 0.036879 -0.157837
v -0.063817 -0.032361 -0.239329
v -0.106631 -0.023263 -0.228288
v -0.056296 -0.030920 -0.253836
v -0.030532 -0.025986 -0.253836
v -0.063666 -0.032280 -0.253836
v -0.032247 0.101711 -0.234006
v -0.031888 0.073058 -0.253836
v -0.030533 -0.004730 -0.253836
v -0.135742 -0.014140 -0.217594
v -0.135742 -0.010468 -0.213313
v -0.113518 -0.021969 -0.251629
v -0.078540 -0.029356 -0.253836
v -0.105952 -0.023578 -0.253836
v -0.132242 0.027595 -0.235652
v -0.069157 0.102631 -0.233370
v -0.120890 0.050960 -0.249492
v -0.106063 0.071974 -0.253836
v -0.060466 0.102784 -0.233264
v -0.047745 0.102920 -0.233170
v -0.131752 -0.016568 -0.237598
v -0.120849 -0.019888 -0.249485
v -0.134806 0.017073 -0.225200
v -0.135742 0.006777 -0.221377
v -0.056296 -0.030920 -0.253836
v -0.030532 -0.025986 -0.253836
v -0.063666 -0.032280 -0.253836
v -0.032247 0.101711 -0.234006
v -0.031888 0.073058 -0.253836
v -0.030533 -0.004730 -0.253836
v -0.135742 -0.014140 -0.217594
v -0.135742 -0.010468 -0.213313
v -0.113518 -0.021969 -0.251629
v -0.105952 -0.023578 -0.253836
v -0.078540 -0.029356 -0.253836
v -0.120890 0.050960 -0.249492
v -0.106063 0.071974 -0.253836
v -0.069157 0.102631 -0.233370
v -0.060466 0.102784 -0.233264
v -0.047745 0.102920 -0.233170
v -0.120849 -0.019888 -0.249485
v -0.131752 -0.016568 -0.237598
v -0.134806 0.017073 -0.225200
v -0.135742 0.006777 -0.221377
v -0.132242 0.027595 -0.235652
vn 0.1881 -0.9822 -0.0000
vn 0.1815 -0.9834 -0.0036
vn 0.9998 0.0174 -0.0070
vn 1.0000 0.0001 0.0004
vn -0.0046 -0.7670 0.6416
vn -0.0059 -0.7828 0.6222
vn 0.0133 -0.7555 0.6550
vn -0.0025 -0.7590 0.6511
vn -0.2062 -0.9785 0.0066
vn -0.1929 -0.9812 -0.0075
vn -0.7066 0.5818 0.4027
vn -0.0213 0.7532 0.6575
vn -0.0129 0.7532 0.6577
vn 0.0936 0.7394 0.6667
vn -0.2719 -0.9614 0.0423
vn -0.6932 0.3039 0.6535
vn -0.6939 0.3051 0.6523
vn -0.7081 0.5769 0.4071
vn -0.9912 -0.0076 -0.1320
vn -1.0000 -0.0000 -0.0000
vn -0.9789 -0.0118 -0.2040
vn -0.0000 -0.0000 -1.0000
vn -0.1232 -0.0001 -0.9924
vn -0.0636 0.1518 -0.9864
vn -0.0029 0.2953 -0.9554
vn -0.2806 -0.0003 -0.9598
vn -0.5053 0.0032 -0.8630
vn -0.3901 0.0014 -0.9208
vn -0.8330 0.0023 -0.5533
vn -0.8789 -0.0014 -0.4771
vn -0.9751 -0.0128 -0.2214
vn -0.0055 0.5644 -0.8255
vt 0.000000 0.000000
vt 1.000000 0.000000
vt 1.000000 0.225834
vt 0.314725 0.314725
vt 0.223621 0.000000
vt 0.225834 0.225834
vt 0.485343 0.000000
vt 1.000000 0.652500
vt 0.591354 0.244424
vt 1.000000 0.314725
vt 0.652500 0.652500
vt 1.000000 1.000000
vt 0.142240 0.000000
vt 0.938022 0.000000
vt 1.000000 0.043875
vt 0.311010 0.000000
vt 0.492541 0.178365
vt 1.000000 0.773350
vt 0.773350 0.773350
vt 1.000000 0.776379
vt 0.679521 0.310957
vt 0.566104 0.177754
vt 0.492107 0.000000
vt 1.000000 0.417080
vt 0.417080 0.417080
vt 1.000000 0.516090
vt 0.516090 0.516090
vt 0.517640 0.000000
vt 0.517640 0.517640
vt 1.000000 0.514657
vt 0.688990 0.000000
vt 0.966354 0.835807
vt 0.785500 0.600236
vt 0.685369 0.213648
vt 0.938022 0.938022
vt 0.638942 0.000000
vt 0.757097 0.362458
vt 0.924227 0.924227
vt 1.000000 0.507892
vt 0.361058 0.000000
vt 0.487435 0.982153
vt 0.492724 0.980576
vt 0.506009 0.984016
vt 0.564782 0.096884
vt 0.564782 0.073159
vt 0.383926 0.066372
vt 0.383926 0.052675
vt 0.479093 0.027433
vt 0.383926 0.028152
vt 0.564782 0.095636
vt 0.564782 0.096883
vt 0.479093 0.027433
vt 0.480544 0.020473
vt 0.482365 0.013715
vt 0.545188 0.013677
vt 0.563822 0.027331
vt 0.526186 0.000000
vt 0.545188 0.013677
vt 0.482364 0.013715
vt 0.485303 0.000000
vt 0.526194 0.992012
vt 0.485309 0.992004
vt 0.486661 0.984008
vt 0.506009 0.984016
vt 0.515139 0.985898
vt 0.606320 0.095307
vt 0.606320 0.095638
vt 0.606281 0.027849
vt 0.606315 0.061277
vt 0.606320 0.069323
vt 0.606320 0.081037
s 0
usemtl Material.027
f 259/405/232 261/406/232 284/407/232 285/408/232
f 286/409/233 284/410/233 261/405/233
f 287/411/234 258/406/234 289/412/234 288/413/234
f 258/405/235 259/406/235 285/414/235 289/415/235
f 262/406/236 259/416/236 290/417/236
f 262/405/237 261/406/237 259/416/237
f 258/405/238 260/406/238 259/416/238
f 259/416/239 260/405/239 291/418/239 290/419/239
f 261/416/240 262/405/240 292/420/240 293/421/240 294/422/240
f 261/416/241 294/423/241 286/424/241
f 296/425/242 295/426/242 304/427/242 257/406/242 297/428/242
f 297/429/243 257/405/243 260/406/243 298/430/243
f 298/431/244 260/405/244 299/432/244
f 299/433/245 260/405/245 258/406/245 287/434/245
f 292/435/246 262/406/246 290/436/246 301/437/246 300/438/246
f 291/439/247 260/405/247 257/406/247
f 257/405/248 302/440/248 303/441/248 291/442/248
f 257/406/249 304/443/249 302/444/249
s 1
f 264/448/253 263/449/253 265/450/253 272/451/253 273/452/254 277/453/255 267/454/256 268/455/253
f 273/456/254 271/457/257 281/458/258 276/459/259 277/460/255
f 274/461/260 276/462/259 281/463/258 280/464/261
f 266/470/263 267/471/256 277/472/255 275/473/263 278/474/263 279/475/263
usemtl Material.020
f 269/445/250 270/446/251 283/447/252
f 274/465/260 280/466/261 269/467/250 283/468/252 282/469/262
g Toaster_cell.002_Toaster_cell.001
v 0.048867 0.038287 0.152685
v 0.084365 0.106247 0.164237
v 0.074905 0.084222 0.165286
v 0.057514 0.030897 0.148423
v 0.081959 -0.009436 0.032191
v 0.102068 0.018130 0.008077
v 0.062673 0.065941 0.168862
v 0.091833 0.112096 0.001728
v 0.081230 0.030094 0.002746
v 0.068265 0.144835 0.140542
v 0.063962 0.142983 0.136286
v 0.121013 0.141751 0.007715
v 0.106284 0.145578 0.004479
v 0.091084 0.145281 0.001217
v 0.091548 0.140702 0.166958
v 0.105463 0.145562 0.135734
v 0.119814 0.142063 0.098514
v 0.129656 0.133370 0.068639
v 0.131796 0.131295 0.060242
v 0.135742 0.106940 0.019694
v 0.135742 0.117013 0.031851
v 0.135742 0.101146 0.012630
v 0.135742 0.117013 0.011969
v 0.131796 0.131295 0.010435
v 0.063296 0.085560 0.001611
v 0.077696 0.145020 0.000980
v 0.063296 0.140587 0.001163
v 0.068265 0.144835 0.001078
v 0.043105 0.134589 0.186018
v 0.050541 0.133679 0.188856
v 0.085599 0.139649 0.170240
v 0.043014 0.140968 0.166127
v 0.043137 0.144835 0.140542
v 0.043437 0.140587 0.135628
v 0.053120 0.009725 0.135628
v 0.063296 0.033062 0.135628
v 0.063296 0.001522 0.097422
v 0.063296 0.001641 0.026361
v 0.063296 0.010384 0.019634
v 0.063296 0.032188 0.003527
v 0.049315 0.034330 0.135628
v 0.106284 0.145578 0.004479
v 0.091084 0.145281 0.001217
v 0.129656 0.133370 0.068639
v 0.131796 0.131295 0.060242
v 0.135742 0.106940 0.019694
v 0.135742 0.117013 0.031851
v 0.135742 0.101146 0.012630
v 0.135742 0.117013 0.011969
v 0.131796 0.131295 0.010435
v 0.077696 0.145020 0.000980
v 0.068265 0.144835 0.001078
v 0.063296 0.085560 0.001611
v 0.063296 0.140587 0.001163
v 0.043105 0.134589 0.186018
v 0.050541 0.133679 0.188856
v 0.085599 0.139649 0.170240
v 0.043014 0.140968 0.166127
v 0.043137 0.144835 0.140542
v 0.091548 0.140702 0.166958
v 0.063296 0.033062 0.135628
v 0.063296 0.001522 0.097422
v 0.063296 0.001641 0.026361
v 0.063296 0.010384 0.019634
v 0.063296 0.032188 0.003527
v 0.043437 0.140587 0.135628
v 0.049315 0.034330 0.135628
v 0.121013 0.141751 0.007715
v 0.105463 0.145562 0.135734
v 0.119814 0.142063 0.098514
v 0.053120 0.009725 0.135628
vn 0.2234 -0.0231 -0.9744
vn 0.2109 -0.0107 -0.9774
vn 0.9037 -0.2175 0.3689
vn 0.9035 -0.2269 0.3637
vn 0.8779 -0.3621 0.3132
vn 0.8758 -0.3716 0.3080
vn 0.8765 -0.3723 0.3053
vn 0.2312 -0.0405 -0.9721
vn 0.2254 -0.0412 -0.9734
vn 0.0197 -0.0149 -0.9997
vn 0.0033 -0.0194 -0.9998
vn -0.0102 -0.0081 -0.9999
vn -0.3718 -0.3234 0.8702
vn 0.4844 -0.1667 0.8588
vn 0.4991 -0.1711 0.8495
vn 0.5166 -0.1820 0.8367
vn 0.7584 -0.4081 0.5083
vn 0.8520 -0.3888 0.3507
vn 0.8708 -0.3790 0.3130
vn -0.5100 -0.8601 -0.0014
vn -0.1137 -0.6059 -0.7874
vn -0.0999 -0.5449 -0.8325
vn -0.1202 -0.5899 -0.7985
vn -0.9882 -0.1528 0.0095
vn -0.0172 -0.5145 0.8573
vn -0.0043 -0.5033 0.8641
vn -0.9984 -0.0552 -0.0132
vn 0.0007 0.9735 0.2287
vn 0.0011 0.9826 0.1858
vn 0.0192 0.9985 0.0508
vn -0.0816 0.9964 0.0212
vn -0.0302 0.9678 -0.2497
vn 0.3050 0.9523 0.0013
vn 0.4537 0.8912 0.0021
vn 0.0965 0.9953 0.0004
vn 0.7385 0.6742 0.0029
vn 0.8428 0.5382 0.0019
vn 0.6838 0.7296 0.0034
vn 0.9771 0.2126 -0.0000
vn 0.9901 0.1405 -0.0000
vn -0.0255 0.4003 -0.9160
vn -0.5051 0.7373 -0.4487
vn -0.6306 0.0041 -0.7761
vn 0.0174 0.0032 -0.9998
vn -1.0000 0.0025 0.0020
vn -0.8801 0.4748 -0.0022
vn -0.2931 0.9561 -0.0031
vn -0.0195 0.9998 -0.0000
vn 1.0000 -0.0000 -0.0000
vn -0.0000 0.9522 0.3054
vt 0.900640 0.311097
vt 0.406499 0.000000
vt 1.000000 0.000000
vt 0.362149 0.362149
vt 0.000000 0.000000
vt 0.397388 0.000000
vt 0.400506 0.201352
vt 0.744559 0.205451
vt 0.614009 0.000000
vt 1.000000 0.445595
vt 0.445595 0.445595
vt 0.641559 0.000000
vt 0.904496 0.699355
vt 0.641559 0.641559
vt 0.714531 0.714531
vt 1.000000 0.736741
vt 0.907521 0.745677
vt 0.736741 0.736741
vt 1.000000 0.636658
vt 0.961339 0.626777
vt 0.795524 0.662414
vt 0.636658 0.636658
vt 1.000000 1.000000
vt 1.000000 0.602612
vt 0.695501 0.695501
vt 0.601479 0.000000
vt 1.000000 0.308370
vt 1.000000 0.682071
vt 0.682071 0.682071
vt 0.308369 0.308369
vt 0.679587 0.432096
vt 0.681345 0.484461
vt 1.000000 0.522526
vt 0.612263 0.612263
vt 0.522526 0.522526
vt 0.568865 0.000000
vt 1.000000 0.385991
vt 0.568865 0.568865
vt 1.000000 0.038895
vt 0.361967 0.000000
vt 0.038894 0.038894
vt 0.446935 0.352331
vt 1.000000 0.371278
vt 0.361967 0.361967
vt 0.221344 0.000000
vt 0.371278 0.371278
vt 0.398522 0.000000
vt 1.000000 0.234583
vt 0.221344 0.221344
vt 0.868559 0.868559
vt 1.000000 0.065740
vt 0.085762 0.000000
vt 0.745414 0.396326
vt 0.868559 0.000000
vt 1.000000 0.612263
vt 0.892767 0.545805
vt 0.744584 0.410732
vt 0.680791 0.585390
vt 0.668192 0.540325
vt 0.668192 0.527883
vt 0.680791 0.562137
vt 0.680791 0.585277
vt 0.703050 0.513563
vt 0.746486 0.515878
vt 0.747794 0.527127
vt 0.684144 0.527127
vt 0.612335 0.404666
vt 0.615267 0.379797
vt 0.625000 0.378799
vt 0.625000 0.421950
vt 0.614848 0.408801
vt 0.611335 0.403594
vt 0.599670 0.390685
vt 0.599670 0.380894
vt 0.612335 0.380139
vt 0.683211 0.585001
vt 0.683211 0.566713
vt 0.683211 0.576696
vt 0.683211 0.579588
vt 0.737018 0.566713
vt 0.702025 0.566713
vt 0.749427 0.566713
vt 0.749207 0.566713
vt 0.748263 0.566713
vt 0.740332 0.566713
vt 0.749455 0.564425
vt 0.681952 0.564425
vt 0.680791 0.562137
vt 0.749469 0.562137
vt 0.680791 0.564425
vt 0.683049 0.567010
vt 0.683049 0.585018
vt 0.683049 0.585146
vt 0.684144 0.527127
vt 0.749436 0.544615
vt 0.749518 0.553453
vt 0.590994 0.384698
vt 0.586004 0.381219
vt 0.668192 0.585390
vt 0.668192 0.585307
vt 0.668192 0.578459
vt 0.668192 0.546175
vt 0.668192 0.540325
s 0
usemtl Material.027
f 372/476/264 354/477/264 312/478/264
f 372/479/265 312/480/265 347/481/265 346/482/265
f 320/483/266 364/484/266 306/478/266 374/485/266
f 374/486/267 306/480/267 348/487/267
f 349/488/268 348/489/268 306/480/268 307/478/268
f 349/490/269 307/480/269 309/478/269 350/491/269 351/492/269
f 350/493/270 309/480/270 310/478/270 352/494/270
f 312/478/271 354/495/271 353/496/271 352/497/271 310/480/271
f 310/480/272 313/478/272 312/498/272
f 312/498/273 313/480/273 347/499/273
f 347/500/274 313/480/274 369/501/274 357/502/274 355/503/274
f 355/504/275 357/505/275 358/506/275 356/507/275
f 305/480/276 311/478/276 360/508/276 359/509/276
f 360/510/277 311/480/277 361/511/277
f 311/480/278 306/478/278 364/512/278 361/513/278
f 311/480/279 307/478/279 306/498/279
f 311/480/280 308/478/280 307/498/280
f 307/498/281 308/480/281 375/514/281
f 366/515/282 309/478/282 307/498/282 375/516/282 365/517/282
f 367/518/283 309/498/283 366/519/283
f 368/520/284 310/478/284 309/498/284 367/521/284
f 313/478/285 310/498/285 369/522/285
f 369/523/286 310/498/286 368/524/286
f 305/498/287 371/525/287 375/526/287
f 375/527/288 308/478/288 305/498/288
f 308/480/289 311/478/289 305/498/289
f 370/528/290 371/529/290 305/478/290 359/530/290 362/531/290 363/532/290
s 1
f 336/533/291 319/534/292 373/535/293 314/536/294 337/537/295
f 321/538/296 316/539/297 317/540/298 373/541/293
f 323/542/299 328/543/300 316/544/297 321/545/296 322/546/301
f 331/561/309 315/562/305 314/563/294 332/564/310
f 314/536/294 315/565/305 337/537/295
f 332/564/310 314/563/294 373/569/293 317/540/298 318/570/311 330/571/311
f 336/574/291 333/575/313 334/576/313 335/577/313 319/578/292
usemtl Material.020
f 323/547/299 325/548/302 327/549/303 328/550/300
f 338/551/304 315/552/305 340/552/306 339/553/307 345/554/307
f 342/555/308 341/556/308 340/552/306 315/552/305 331/557/309 329/558/308 344/559/308 343/560/308
f 315/566/305 338/567/304 337/568/295
f 324/572/312 326/573/312 327/549/303 325/548/302
g Toaster_cell.003_Toaster_cell.002
v -0.000592 0.070574 0.160811
v -0.008817 0.093412 0.171568
v 0.011862 0.119312 0.180338
v -0.000565 0.134031 0.187757
v -0.008970 0.133834 0.188371
v 0.011892 0.134386 0.186651
v -0.008935 0.140968 0.166127
v -0.008850 0.144835 0.127338
v -0.008883 0.144835 0.140542
v -0.005518 0.144835 0.114998
v 0.007761 0.144835 0.137334
v -0.000434 0.144835 0.096273
v 0.012774 0.140968 0.166127
v 0.012774 0.140968 0.166127
v 0.007761 0.144835 0.137334
v -0.000565 0.134031 0.187757
v -0.008970 0.133834 0.188371
v 0.011892 0.134386 0.186651
v -0.008850 0.144835 0.127338
v -0.008883 0.144835 0.140542
v -0.008935 0.140968 0.166127
v -0.005518 0.144835 0.114998
v -0.000434 0.144835 0.096273
vn 0.0762 -0.3825 0.9208
vn 0.0925 -0.3848 0.9183
vn -1.0000 -0.0028 -0.0025
vn -0.9419 -0.2194 -0.2544
vn 0.1044 -0.3928 0.9137
vn 0.9664 -0.1697 -0.1929
vn 0.9881 -0.1114 -0.1064
vn -0.9414 -0.2201 -0.2556
vn 0.0058 0.9975 0.0698
vn 0.0066 0.9969 0.0786
vn 0.0059 0.9747 0.2235
vn 0.0056 0.9739 0.2271
vn -0.0000 1.0000 -0.0000
vn -0.0000 0.9522 0.3054
vt 0.604320 0.000000
vt 1.000000 0.000000
vt 1.000000 0.396178
vt 0.396178 0.396178
vt 0.000000 0.000000
vt 1.000000 0.196718
vt 0.496638 0.000000
vt 1.000000 0.395680
vt 0.806581 0.272090
vt 0.597943 0.101306
vt 0.405898 0.000000
vt 1.000000 1.000000
vt 0.496638 0.496638
vt 0.596034 0.000000
vt 1.000000 0.663521
vt 0.684216 0.663585
vt 0.858215 0.714945
vt 1.000000 0.798462
vt 0.596034 0.596034
vt 0.594103 0.000000
vt 0.680791 0.617271
vt 0.680791 0.633180
vt 0.680791 0.633228
vt 0.680791 0.613237
vt 0.819209 0.633180
vt 0.819209 0.617853
vt 0.680791 0.625400
vt 0.819209 0.630081
vt 0.819209 0.633150
vt 0.668192 0.613237
vt 0.668192 0.633228
vt 0.668192 0.633260
vt 0.640865 0.625520
vt 0.668192 0.610657
s 0
usemtl Material.027
f 392/579/314 377/580/314 391/581/314
f 391/582/315 377/583/315 378/580/315 393/584/315
f 394/585/316 377/580/316 392/586/316 396/587/316 395/588/316
f 397/589/317 376/580/317 377/590/317 394/591/317
f 376/583/318 378/580/318 377/590/318
f 378/590/319 376/583/319 398/592/319 390/593/319
f 378/590/320 390/594/320 389/595/320 393/596/320
f 398/597/321 376/583/321 397/598/321
s 1
f 386/599/322 384/600/323 382/601/324 388/602/325
f 384/603/323 386/604/322 387/605/326 385/606/326 383/607/326
f 388/608/325 382/609/324 380/610/327 379/611/327 381/612/327
g Toaster_cell.004_Toaster_cell.003
v -0.101583 -0.065902 -0.207733
v -0.107943 -0.025048 -0.228482
v -0.135742 -0.130902 -0.221273
v -0.131734 -0.130902 -0.237555
v -0.120784 -0.130902 -0.249473
v -0.132794 -0.138020 -0.217047
v -0.128744 -0.138020 -0.233538
v -0.117681 -0.138020 -0.245610
v -0.135742 -0.130902 -0.182746
v -0.135742 -0.094245 -0.173888
v -0.106091 -0.140968 -0.220504
v -0.114317 -0.140250 -0.210530
v -0.132794 -0.138020 -0.187979
v -0.135742 -0.022738 -0.215324
v -0.107511 -0.140640 -0.227800
v -0.112175 -0.138020 -0.243976
v -0.114282 -0.122825 -0.251373
v -0.114295 -0.130902 -0.251366
v -0.114381 -0.045399 -0.251370
v -0.114559 -0.023720 -0.251324
v -0.135742 -0.016907 -0.218759
v -0.131752 -0.018376 -0.237597
v -0.127462 -0.019687 -0.242280
v -0.120848 -0.021820 -0.249484
v -0.106091 -0.140968 -0.220504
v -0.114317 -0.140250 -0.210530
v -0.135742 -0.130902 -0.182746
v -0.135742 -0.094245 -0.173888
v -0.132794 -0.138020 -0.187979
v -0.135742 -0.022738 -0.215324
v -0.107511 -0.140640 -0.227800
v -0.112175 -0.138020 -0.243976
v -0.114282 -0.122825 -0.251373
v -0.114295 -0.130902 -0.251366
v -0.114381 -0.045399 -0.251370
v -0.114559 -0.023720 -0.251324
v -0.135742 -0.016907 -0.218759
v -0.131752 -0.018376 -0.237597
v -0.127462 -0.019687 -0.242280
v -0.120848 -0.021820 -0.249484
v -0.117681 -0.138020 -0.245610
vn 0.7569 -0.1535 0.6353
vn 0.4037 0.4587 0.7916
vn 0.9619 -0.0183 -0.2726
vn 0.9597 0.0012 -0.2809
vn 0.9606 0.0085 -0.2777
vn 0.4104 0.4629 0.7857
vn 0.2757 0.9611 -0.0166
vn 0.2817 0.9591 -0.0257
vn -0.9907 -0.1364 -0.0000
vn -0.9658 -0.2252 -0.1284
vn -0.6083 -0.7919 -0.0538
vn -0.8091 -0.5877 -0.0000
vn -0.1160 -0.9931 -0.0152
vn -0.0676 -0.9919 -0.1073
vn -0.0984 -0.9938 -0.0524
vn -0.5199 -0.8149 -0.2562
vn -0.3294 -0.8380 -0.4350
vn -0.8436 -0.2714 -0.4633
vn -0.5096 -0.2849 -0.8119
vn -0.2731 -0.2254 -0.9352
vn -0.5658 -0.0004 -0.8246
vn -0.2805 -0.0003 -0.9599
vn -0.8966 0.0011 -0.4428
vn -0.7367 -0.0005 -0.6762
vn -0.9868 0.0017 -0.1622
vn -1.0000 -0.0000 -0.0000
vn -0.1136 -0.9932 -0.0248
vt 0.095551 0.000000
vt 1.000000 0.000000
vt 1.000000 0.405877
vt 0.536787 0.380278
vt 0.415933 0.338568
vt 0.194030 0.106762
vt 0.850455 0.000000
vt 0.405877 0.405877
vt 0.000000 0.000000
vt 1.000000 1.000000
vt 0.398797 0.398797
vt 0.462104 0.400990
vt 0.724832 0.423099
vt 0.768045 0.423296
vt 0.910445 0.480759
vt 1.000000 0.545636
vt 1.000000 0.546871
vt 0.545636 0.545636
vt 0.697667 0.000000
vt 0.546871 0.546871
vt 0.822320 0.000000
vt 1.000000 0.149545
vt 0.822320 0.822320
vt 0.252089 0.000000
vt 0.429179 0.215995
vt 1.000000 0.302333
vt 0.877108 0.155066
vt 0.780681 0.000000
vt 0.383926 0.964992
vt 0.383926 0.983965
vt 0.375000 0.981884
vt 0.375000 0.967569
vt 0.163998 0.723028
vt 0.157431 0.750000
vt 0.143116 0.750000
vt 0.211089 0.704175
vt 0.147493 0.717095
vt 0.131402 0.740730
vt 0.126933 0.729093
vt 0.382149 0.991982
vt 0.373205 0.990004
vt 0.375000 0.002715
vt 0.375005 0.002713
vt 0.381650 0.013774
vt 0.372695 0.016632
vt 0.382638 0.019750
vt 0.383926 0.019750
vt 0.383926 0.013774
vt 0.480652 0.013716
vt 0.478988 0.019513
vt 0.459769 0.019678
vt 0.391088 0.019762
vt 0.383926 0.000000
vt 0.483700 0.000000
vt 0.481824 0.008605
vt 0.383926 0.991982
vt 0.383926 0.983965
vt 0.484968 0.984007
vt 0.483705 0.992003
vt 0.416276 0.960630
vt 0.479796 0.981035
vt 0.484968 0.984007
vt 0.152415 0.715689
vt 0.160285 0.712796
vt 0.134996 0.745499
s 0
usemtl Material.027
f 423/613/328 399/614/328 426/615/328 425/616/328 427/617/328 424/618/328
f 428/619/329 426/620/329 399/621/329
f 399/622/330 423/623/330 429/624/330 430/625/330 406/626/330 432/627/330 431/628/330
f 433/629/331 399/622/331 431/630/331
f 434/631/332 400/614/332 399/622/332 433/632/332
f 399/622/333 400/621/333 435/633/333 428/634/333
f 435/635/334 400/621/334 437/636/334 436/637/334
f 400/614/335 434/638/335 438/639/335 437/640/335
s 1
f 416/659/347 403/660/346 422/661/348 418/662/349 417/663/349 415/664/349
f 403/660/346 402/665/345 420/666/350 421/667/351 422/661/348
usemtl Material.020
f 407/641/336 401/642/337 404/643/338 411/644/339
f 410/645/340 411/646/339 404/647/338
f 414/648/341 413/649/342 405/650/343 439/651/344
f 404/643/338 401/642/337 402/652/345 405/653/343
f 405/654/343 402/655/345 403/656/346 439/657/344
f 439/657/344 403/656/346 416/658/347
f 402/668/345 401/669/337 419/670/352 420/671/350
f 401/642/337 407/641/336 408/672/353 412/673/353 419/674/352
f 413/675/342 409/676/354 410/645/340 404/647/338 405/677/343
g Toaster_cell.005_Toaster_cell.004
v 0.081558 0.076350 -0.212411
v 0.108075 0.096098 -0.199395
v 0.090267 0.089282 -0.199550
v 0.106174 0.108326 -0.229428
v 0.131779 0.096422 -0.219571
v 0.120957 0.105127 -0.226788
v 0.133633 0.099117 -0.205099
v 0.131933 0.086071 -0.226809
v 0.133066 0.085901 -0.221511
v 0.106133 0.095196 -0.238515
v 0.115587 0.093564 -0.236541
v 0.085144 0.095450 -0.238339
v 0.128041 0.088394 -0.229855
v 0.120936 0.092740 -0.235559
v 0.131786 0.108389 -0.205218
v 0.120969 0.112111 -0.218410
v 0.093923 0.108326 -0.229428
v 0.133565 0.091081 -0.215126
v 0.131933 0.086071 -0.226809
v 0.133066 0.085901 -0.221511
v 0.106133 0.095196 -0.238515
v 0.085144 0.095450 -0.238339
v 0.115587 0.093564 -0.236541
v 0.120936 0.092740 -0.235559
v 0.128041 0.088394 -0.229855
v 0.131786 0.108389 -0.205218
v 0.120969 0.112111 -0.218410
v 0.133565 0.091081 -0.215126
v 0.106174 0.108326 -0.229428
v 0.093923 0.108326 -0.229428
v 0.133633 0.099117 -0.205099
vn 0.2114 0.0546 0.9759
vn 0.2386 -0.6401 0.7303
vn 0.2489 -0.7566 0.6046
vn 0.1703 -0.9831 -0.0679
vn -0.0147 -0.8041 -0.5944
vn -0.3974 0.8167 0.4183
vn -0.1998 0.8710 0.4488
vn 0.2471 -0.7619 0.5988
vn -0.8791 0.4389 0.1859
vn 0.9670 0.1555 -0.2017
vn 0.8389 0.3179 -0.4418
vn 0.8627 0.3430 -0.3716
vn 0.9682 0.1735 -0.1804
vn 0.5009 0.5860 -0.6370
vn 0.7087 0.4076 -0.5758
vn 0.5027 0.4957 -0.7082
vn 0.2557 0.5512 -0.7943
vn 0.1302 0.5647 -0.8149
vn 0.1513 0.5983 -0.7869
vn 0.8607 0.3908 -0.3263
vn 0.9685 0.1910 -0.1596
vn 0.5964 0.6163 -0.5143
vn -0.0000 0.5691 -0.8223
vt 0.692831 0.000000
vt 1.000000 0.000000
vt 1.000000 0.325794
vt 0.325794 0.325794
vt 0.000000 0.000000
vt 0.455512 0.000000
vt 0.451857 0.451857
vt 1.000000 0.482727
vt 0.503729 0.000000
vt 0.482727 0.482727
vt 0.283264 0.000000
vt 0.426195 0.209169
vt 0.470048 0.306210
vt 0.496215 0.360934
vt 0.486990 0.439693
vt 0.998707 0.306890
vt 0.850698 0.185212
vt 0.742786 0.000000
vt 0.710990 0.000000
vt 1.000000 1.000000
vt 0.742786 0.742786
vt 1.000000 0.544488
vt 0.496271 0.000000
vt 0.730156 0.000000
vt 0.710990 0.710990
vt 0.576153 0.265910
vt 0.576643 0.263069
vt 0.585500 0.266873
vt 0.580764 0.269062
vt 0.595298 0.261977
vt 0.578627 0.261238
vt 0.584130 0.257534
vt 0.587890 0.232146
vt 0.590831 0.222929
vt 0.606280 0.223083
vt 0.604567 0.236381
vt 0.590074 0.236363
vt 0.596055 0.274006
vt 0.587890 0.274000
vt 0.596111 0.273942
vt 0.601892 0.266369
vt 0.611071 0.236389
vt 0.608837 0.223345
vt 0.606292 0.211711
vt 0.606280 0.223045
vt 0.606299 0.204487
s 0
usemtl Material.027
f 465/678/355 441/679/355 470/680/355
f 470/681/356 441/682/356 442/679/356
f 467/683/357 470/684/357 442/682/357
f 458/685/358 459/686/358 440/679/358
f 458/687/359 440/682/359 461/688/359 460/689/359 462/690/359 463/691/359 464/692/359
f 441/679/360 465/693/360 466/694/360 443/695/360
f 469/696/361 442/679/361 441/697/361 443/698/361
f 467/699/362 442/697/362 440/682/362 459/700/362
f 461/701/363 440/679/363 442/697/363 469/702/363
s 1
f 445/707/368 444/705/366 447/704/365 452/708/369 453/709/370
f 450/710/371 449/711/372 468/712/373 445/713/368 453/714/370
f 454/717/374 444/705/366 445/707/368 455/718/376
f 455/719/376 445/713/368 468/720/373
f 456/721/377 468/712/373 449/722/372 451/723/377
usemtl Material.020
f 448/703/364 447/704/365 444/705/366 457/706/367
f 457/706/367 444/705/366 454/715/374 446/716/375
g Toaster_cell.006_Toaster_cell.005
v -0.063475 -0.065058 0.229399
v -0.041577 -0.129202 0.231545
v -0.068120 -0.139317 0.239935
v -0.050024 -0.139929 0.235166
v -0.043030 -0.130902 0.253836
v -0.048324 -0.115423 0.253836
v -0.040248 -0.138020 0.250028
v -0.038288 -0.139883 0.235527
v -0.063422 -0.071581 0.253836
v -0.073664 -0.101652 0.253836
v -0.083345 -0.130902 0.253836
v -0.086632 -0.138688 0.244825
v -0.086001 -0.138020 0.250028
v -0.068120 -0.139317 0.239935
v -0.050024 -0.139929 0.235166
v -0.040248 -0.138020 0.250028
v -0.038288 -0.139883 0.235527
v -0.043030 -0.130902 0.253836
v -0.048324 -0.115423 0.253836
v -0.063422 -0.071581 0.253836
v -0.073664 -0.101652 0.253836
v -0.083345 -0.130902 0.253836
v -0.086632 -0.138688 0.244825
v -0.086001 -0.138020 0.250028
vn -0.2568 -0.1214 -0.9588
vn 0.0302 -0.3409 -0.9396
vn 0.9427 0.3224 0.0860
vn 0.9421 0.3245 0.0846
vn -0.9430 0.3211 0.0877
vn -0.9467 0.3134 0.0745
vn -0.2574 -0.1199 -0.9588
vn -0.0000 -0.2939 0.9558
vn -0.0000 -0.2922 0.9564
vn -0.0000 -0.8642 0.5031
vn -0.0000 -0.8666 0.4989
vn -0.0000 -0.9918 0.1274
vn -0.0000 -0.0000 1.0000
vt 1.000000 0.174001
vt 0.444711 0.000000
vt 1.000000 0.000000
vt 0.179480 0.000000
vt 0.174001 0.174001
vt 0.000000 0.000000
vt 0.273957 0.273957
vt 0.310343 0.000000
vt 0.567716 0.322660
vt 0.593915 0.421968
vt 1.000000 0.330348
vt 0.310343 0.310343
vt 0.330348 0.330348
vt 0.328516 0.000000
vt 0.725985 0.208469
vt 0.328516 0.328516
vt 0.894012 0.000000
vt 0.849001 0.104662
vt 1.000000 0.555289
vt 0.894012 0.894012
vt 0.375000 0.664625
vt 0.375000 0.701750
vt 0.375000 0.704195
vt 0.375000 0.662063
vt 0.338464 0.663961
vt 0.342511 0.697490
vt 0.342608 0.697974
vt 0.348549 0.684555
vt 0.338977 0.670938
vt 0.338362 0.662562
vt 0.383926 0.701750
vt 0.390222 0.664625
vt 0.564782 0.669499
vt 0.390222 0.683403
vt 0.390222 0.692834
s 0
usemtl Material.027
f 485/724/378 484/725/378 472/726/378
f 487/727/379 485/728/379 472/729/379
f 487/730/380 472/729/380 489/731/380 488/732/380 486/733/380
f 472/729/381 471/726/381 490/734/381 489/735/381
f 490/736/382 471/729/382 491/737/382
f 492/738/383 491/739/383 471/729/383 493/740/383 494/741/383
f 484/742/384 493/743/384 471/729/384 472/726/384
s 1
f 481/754/386 475/755/385 476/756/390 479/757/390 480/758/390
usemtl Material.020
f 475/744/385 481/745/386 483/746/387 477/747/388
f 477/748/388 483/749/387 482/750/389 473/751/389 474/752/389 478/753/389
g Toaster_cell.007_Toaster_cell.006
v 0.081712 0.075314 -0.210818
v 0.102625 0.093107 -0.197831
v 0.090428 0.088289 -0.198359
v 0.061934 0.038567 -0.174790
v 0.090307 0.087387 -0.193436
v 0.066881 0.044544 -0.157380
v 0.064837 0.033964 -0.147945
v 0.057709 0.031376 -0.163727
v 0.061108 0.034194 -0.152366
v 0.135742 0.084568 -0.209707
v 0.135742 -0.004872 -0.116136
v 0.135742 0.077999 -0.185188
v 0.135742 0.093870 -0.198550
v 0.133975 0.099145 -0.202988
v 0.135742 -0.008931 -0.124132
v 0.133960 0.093559 -0.209763
v 0.133537 0.084767 -0.220126
v 0.133959 0.089901 -0.214144
v 0.135742 -0.005746 -0.131436
v 0.135742 0.079456 -0.214923
v 0.135742 -0.004872 -0.116136
v 0.135742 0.077999 -0.185188
v 0.135742 0.093870 -0.198550
v 0.133975 0.099145 -0.202988
v 0.133960 0.093559 -0.209763
v 0.133959 0.089901 -0.214144
v 0.133537 0.084767 -0.220126
v 0.135742 -0.005746 -0.131436
v 0.135742 0.079456 -0.214923
v 0.135742 -0.008931 -0.124132
vn -0.5758 -0.6826 0.4500
vn -0.5660 -0.7351 0.3732
vn 0.0060 0.6401 0.7682
vn 0.0018 0.6441 0.7650
vn -0.0373 0.6581 0.7520
vn -0.1038 0.6730 0.7323
vn -0.5993 0.5942 0.5365
vn -0.5647 -0.7456 0.3539
vn -0.8409 0.5275 0.1208
vn -0.2455 0.7482 -0.6164
vn -0.2472 0.7438 -0.6210
vn -0.2726 0.7554 -0.5959
vn -0.3687 0.9159 0.1588
vn -0.8435 0.5316 0.0768
vn -0.8377 0.5378 0.0948
vn -0.8516 0.5216 0.0526
vn -0.9084 0.4103 -0.0802
vn -0.1849 -0.8368 -0.5153
vn 0.9661 0.1851 -0.1799
vn 0.9910 0.0956 -0.0933
vn 0.9907 0.0905 -0.1011
vn 0.9632 0.1793 -0.2004
vn 0.9686 0.1908 -0.1593
vn 0.9922 0.0959 -0.0801
vn 1.0000 -0.0000 -0.0000
vn -0.0006 -0.6999 -0.7142
vt 0.587205 0.587205
vt 0.000000 0.000000
vt 1.000000 0.000000
vt 0.598941 0.000000
vt 0.599568 0.599568
vt 1.000000 0.587205
vt 0.414269 0.000000
vt 0.623494 0.000000
vt 1.000000 1.000000
vt 0.414269 0.414269
vt 0.553136 0.108279
vt 1.000000 0.401059
vt 0.623435 0.000000
vt 1.000000 0.376506
vt 0.623435 0.623435
vt 0.570888 0.361768
vt 0.502283 0.000000
vt 1.000000 0.373553
vt 0.613333 0.000000
vt 0.579717 0.269546
vt 0.574989 0.271731
vt 0.570456 0.269162
vt 0.575141 0.266589
vt 0.587915 0.275040
vt 0.583236 0.277225
vt 0.582961 0.271703
vt 0.583237 0.277225
vt 0.568931 0.283805
vt 0.494137 0.317267
vt 0.490893 0.312766
vt 0.494130 0.310275
vt 0.897057 0.528485
vt 0.827609 0.551638
vt 0.613333 0.613333
s 0
usemtl Material.027
f 515/759/391 501/760/391 503/761/391
f 503/760/392 524/762/392 515/763/392
f 501/761/393 515/764/393 516/765/393
f 518/766/394 496/761/394 501/767/394 516/768/394 517/769/394
f 496/760/395 499/761/395 501/767/395
f 499/760/396 500/761/396 501/767/396
f 500/760/397 503/761/397 501/767/397
f 524/770/398 503/767/398 502/760/398
f 500/760/399 502/761/399 503/767/399
f 519/771/400 496/761/400 518/772/400
f 495/761/401 496/767/401 519/773/401 520/774/401 521/775/401
f 495/760/402 497/761/402 496/767/402
f 497/760/403 499/761/403 496/767/403
f 497/760/404 502/761/404 499/767/404
f 502/760/405 500/761/405 499/767/405
f 497/760/406 495/761/406 502/767/406
f 495/760/407 498/761/407 502/767/407
f 524/776/408 502/767/408 498/760/408 522/777/408
f 498/760/416 495/761/416 521/790/416 514/791/416 522/792/416
s 1
usemtl Material.020
f 512/778/409 504/779/410 523/780/411 511/781/412
f 508/782/413 507/783/414 504/779/410 512/778/409 510/784/413
f 504/779/410 507/785/414 506/786/415 505/787/415 509/788/415 513/789/415 523/780/411
g Toaster_cell.008_Toaster_cell.007
v 0.102264 0.095362 -0.197801
v 0.090455 0.100884 -0.180768
v 0.090975 0.089565 -0.192802
v 0.091207 0.091309 -0.198238
v 0.106239 0.128384 -0.205366
v 0.120991 0.125227 -0.202677
v 0.106187 0.112352 -0.224599
v 0.093645 0.109542 -0.227970
v 0.120971 0.113445 -0.216811
v 0.093319 0.117667 -0.218223
v 0.093118 0.123871 -0.210780
v 0.092723 0.132212 -0.193427
v 0.093096 0.128384 -0.205366
v 0.120178 0.132034 -0.182154
v 0.106258 0.133767 -0.188582
v 0.125847 0.128046 -0.178513
v 0.131378 0.116914 -0.195665
v 0.129289 0.121341 -0.188489
v 0.130850 0.110169 -0.204613
v 0.127774 0.124443 -0.183624
v 0.106187 0.112352 -0.224599
v 0.120971 0.113445 -0.216811
v 0.093645 0.109542 -0.227970
v 0.093319 0.117667 -0.218223
v 0.093118 0.123871 -0.210780
v 0.092723 0.132212 -0.193427
v 0.093096 0.128384 -0.205366
v 0.106258 0.133767 -0.188582
v 0.120178 0.132034 -0.182154
v 0.131378 0.116914 -0.195665
v 0.129289 0.121341 -0.188489
v 0.125847 0.128046 -0.178513
v 0.127774 0.124443 -0.183624
v 0.130850 0.110169 -0.204613
vn 0.3132 -0.8213 -0.4769
vn -0.9976 0.0335 -0.0613
vn -0.9975 0.0385 -0.0590
vn -0.9974 0.0528 -0.0481
vn -0.3504 0.3726 0.8593
vn -0.3221 0.3465 0.8810
vn 0.5024 -0.6872 0.5248
vn 0.4635 -0.8859 0.0196
vn 0.3225 -0.8310 -0.4532
vn 0.3405 -0.8994 -0.2740
vn -0.9991 -0.0004 -0.0428
vn 0.4516 -0.6401 0.6216
vn 0.4842 -0.6616 0.5725
vn 0.7091 0.6212 -0.3336
vn 0.4946 0.7614 -0.4191
vn 0.5226 0.8128 -0.2572
vn 0.6809 0.6991 -0.2183
vn 0.1320 0.8671 -0.4803
vn 0.1560 0.9405 -0.3018
vn 0.7230 0.5303 -0.4428
vn 0.4464 0.6870 -0.5734
vn 0.1030 0.7639 -0.6370
vn -0.0000 0.8773 -0.4799
vn -0.0000 0.9522 -0.3054
vn -0.0000 0.7681 -0.6403
vt 0.695647 0.120154
vt 0.592768 0.000000
vt 1.000000 0.000000
vt 1.000000 0.282119
vt 0.861853 0.224675
vt 0.282119 0.282119
vt 0.000000 0.000000
vt 1.000000 0.304857
vt 0.243673 0.000000
vt 0.304857 0.304857
vt 0.291517 0.158579
vt 0.243673 0.243673
vt 0.332121 0.000000
vt 0.332121 0.332121
vt 0.328516 0.000000
vt 0.347760 0.187225
vt 0.328516 0.328516
vt 0.540298 0.000000
vt 1.000000 0.426908
vt 0.780918 0.208742
vt 0.593578 0.000000
vt 0.426908 0.426908
vt 0.343059 0.343059
vt 1.000000 1.000000
vt 0.566283 0.000000
vt 1.000000 0.459702
vt 0.406422 0.000000
vt 0.566283 0.566283
vt 0.603794 0.278624
vt 0.614273 0.274618
vt 0.620208 0.284895
vt 0.615321 0.286774
vt 0.611548 0.284360
vt 0.608344 0.282045
vt 0.843542 0.513572
vt 0.858076 0.513584
vt 0.859135 0.527169
vt 0.847446 0.527151
vt 0.598607 0.273337
vt 0.603150 0.267207
vt 0.624727 0.224973
vt 0.623287 0.236404
vt 0.612313 0.236390
vt 0.609983 0.223462
vt 0.831808 0.527151
vt 0.831808 0.527169
vt 0.831808 0.539271
vt 0.831808 0.539615
vt 0.625000 0.210728
vt 0.625000 0.210708
vt 0.625000 0.222807
vt 0.625000 0.222760
vt 0.625000 0.211213
vt 0.625000 0.210913
s 0
usemtl Material.027
f 546/793/417 558/794/417 528/795/417 547/796/417 545/797/417
f 547/798/418 528/799/418 526/795/418 548/800/418
f 549/801/419 548/802/419 526/799/419
f 551/803/420 549/804/420 526/799/420 550/805/420
f 550/806/421 526/799/421 553/807/421 552/808/421
f 553/809/422 526/799/422 556/810/422
f 527/795/423 558/811/423 554/812/423 555/813/423
f 525/795/424 558/814/424 527/799/424
f 558/815/425 525/799/425 528/795/425
f 525/799/426 527/795/426 528/816/426
f 527/799/427 526/795/427 528/816/427
f 527/799/428 557/817/428 556/818/428 526/816/428
f 527/799/429 555/819/429 557/820/429
s 1
f 541/821/430 530/822/431 538/823/432 540/824/433 544/825/433 542/826/433
f 538/827/432 530/828/431 529/829/434 539/830/435
f 543/831/436 533/832/437 530/822/431 541/821/430
f 529/833/434 530/834/431 533/835/437 531/836/438
f 539/837/435 529/838/434 537/839/439 536/840/440
f 535/841/441 537/842/439 529/843/434 531/844/438 532/845/441 534/846/441
g Toaster_cell.009_Toaster_cell.008
v 0.103118 -0.033202 -0.222597
v 0.069250 -0.042616 -0.231395
v 0.083465 -0.030807 -0.227353
v 0.067781 -0.033956 -0.238165
v 0.075017 -0.030246 -0.234466
v 0.105827 -0.130902 -0.253836
v 0.120784 -0.130902 -0.249473
v 0.102568 -0.138020 -0.250028
v 0.117681 -0.138020 -0.245610
v 0.126143 -0.076977 -0.243670
v 0.126068 -0.033699 -0.243776
v 0.110002 -0.140224 -0.229265
v 0.126023 -0.130902 -0.243771
v 0.122375 -0.138020 -0.240488
v 0.098260 -0.140327 -0.232070
v 0.104501 -0.140516 -0.230598
v 0.071148 -0.139451 -0.238892
v 0.068810 -0.138020 -0.250028
v 0.066781 -0.102899 -0.253836
v 0.067775 -0.130902 -0.253836
v 0.066389 -0.090566 -0.253836
v 0.074046 -0.031346 -0.253836
v 0.068666 -0.034017 -0.253836
v 0.066002 -0.075773 -0.253836
v 0.084019 -0.029851 -0.253836
v 0.105943 -0.031323 -0.253836
v 0.120842 -0.032680 -0.249483
v 0.126143 -0.076977 -0.243670
v 0.126068 -0.033699 -0.243776
v 0.126023 -0.130902 -0.243771
v 0.122375 -0.138020 -0.240488
v 0.098260 -0.140327 -0.232070
v 0.104501 -0.140516 -0.230598
v 0.110002 -0.140224 -0.229265
v 0.071148 -0.139451 -0.238892
v 0.068810 -0.138020 -0.250028
v 0.066781 -0.102899 -0.253836
v 0.067775 -0.130902 -0.253836
v 0.066389 -0.090566 -0.253836
v 0.074046 -0.031346 -0.253836
v 0.068666 -0.034017 -0.253836
v 0.066002 -0.075773 -0.253836
v 0.084019 -0.029851 -0.253836
v 0.105943 -0.031323 -0.253836
v 0.120842 -0.032680 -0.249483
vn 0.6782 0.0030 0.7348
vn 0.6721 -0.0029 0.7404
vn -0.2311 -0.0753 0.9700
vn -0.2456 -0.0796 0.9661
vn -0.9790 -0.0348 0.2010
vn -0.9810 -0.0312 0.1916
vn -0.4444 0.8954 -0.0286
vn -0.9964 0.0636 -0.0565
vn -0.0496 0.9988 -0.0027
vn 0.0716 0.9966 0.0414
vn 0.1002 0.9913 0.0853
vn -0.2400 -0.0431 0.9698
vn -0.5623 0.4365 0.7023
vn -0.5772 0.4399 0.6879
vn -0.9833 -0.0257 0.1803
vn 0.0701 -0.8160 -0.5737
vn -0.0000 -0.7902 -0.6128
vn -0.0000 -0.2301 -0.9732
vn 0.1479 -0.2626 -0.9535
vn 0.2902 -0.8225 -0.4892
vn 0.3663 -0.8542 -0.3690
vn 0.0594 -0.9916 -0.1146
vn 0.0360 -0.9922 -0.1197
vn 0.5097 -0.2847 -0.8119
vn 0.7037 -0.2965 -0.6456
vn 0.1346 -0.0001 -0.9909
vn 0.5113 -0.0004 -0.8594
vn 0.7369 -0.0004 -0.6760
vn -0.0000 -0.9918 -0.1274
vn -0.0000 -0.0000 -1.0000
vt 0.721680 0.000000
vt 1.000000 0.000000
vt 1.000000 0.277586
vt 0.619683 0.228285
vt 0.277586 0.277586
vt 0.000000 0.000000
vt 0.678901 0.000000
vt 0.664856 0.171889
vt 0.831318 0.671193
vt 0.678901 0.678901
vt 1.000000 0.659204
vt 0.659204 0.659204
vt 0.650719 0.000000
vt 0.650719 0.650719
vt 0.406357 0.000000
vt 0.594379 0.237582
vt 0.641901 0.384758
vt 0.446453 0.000000
vt 0.406357 0.406357
vt 0.236882 0.236882
vt 1.000000 0.277293
vt 1.000000 0.236882
vt 0.639705 0.000000
vt 0.279075 0.279075
vt 1.000000 0.346089
vt 0.346089 0.346089
vt 0.326655 0.000000
vt 0.360842 0.142952
vt 0.326655 0.326655
vt 1.000000 0.278320
vt 1.000000 1.000000
vt 1.000000 0.553547
vt 0.360295 0.000000
vt 0.375000 0.219451
vt 0.375000 0.188365
vt 0.375000 0.187412
vt 0.383926 0.222452
vt 0.125000 0.530549
vt 0.127790 0.516632
vt 0.141470 0.519334
vt 0.142965 0.529383
vt 0.145753 0.535051
vt 0.373673 0.239273
vt 0.372695 0.233368
vt 0.381650 0.236226
vt 0.378471 0.241517
vt 0.383926 0.236226
vt 0.383926 0.222452
vt 0.472225 0.222559
vt 0.471022 0.236279
vt 0.470111 0.246704
vt 0.431739 0.246871
vt 0.383926 0.246651
vt 0.125000 0.559483
vt 0.125000 0.561635
vt 0.125000 0.534516
vt 0.383926 0.187412
vt 0.383926 0.186496
vt 0.383926 0.186136
vt 0.383926 0.185779
vt 0.383926 0.188232
vt 0.383926 0.196663
vt 0.383926 0.202370
vt 0.564782 0.222559
s 0
usemtl Material.027
f 587/847/442 559/848/442 586/849/442
f 588/850/443 586/851/443 559/852/443 592/853/443 589/854/443
f 591/855/444 592/856/444 559/852/444 560/848/444 590/857/444
f 590/858/445 560/852/445 593/859/445
f 593/860/446 560/852/446 595/861/446 596/862/446 594/863/446
f 560/852/447 597/864/447 595/865/447
f 599/866/448 562/852/448 563/848/448 598/867/448
f 562/848/449 599/868/449 600/869/449
f 598/870/450 563/852/450 561/848/450 601/871/450
f 601/872/451 561/852/451 603/873/451 602/874/451
f 603/875/452 561/852/452 559/848/452 587/876/452
f 561/852/453 560/848/453 559/877/453
f 561/852/454 563/848/454 560/877/454
f 563/852/455 562/848/455 560/877/455
f 597/878/456 560/877/456 562/852/456 600/879/456
s 1
f 565/893/465 564/894/460 584/895/467 585/896/468
f 569/897/469 568/898/469 571/899/466 565/893/465 585/896/468
f 564/894/460 578/903/459 577/904/471 579/905/471 582/906/471 581/907/471 580/908/471 583/909/471 584/910/467
usemtl Material.020
f 566/880/457 576/881/458 578/882/459 564/883/460
f 566/884/457 567/885/461 572/886/462 570/887/463 574/888/464
f 572/889/462 567/890/461 565/891/465 571/892/466
f 565/891/465 567/890/461 566/880/457 564/883/460
f 575/900/470 576/901/458 566/884/457 574/888/464 573/902/470
g Toaster_cell.010_Toaster_cell.009
v -0.007574 -0.114831 -0.231627
v 0.000165 -0.119046 -0.225911
v -0.007515 -0.077090 -0.218303
v -0.008182 -0.059966 -0.214349
v -0.007527 -0.029640 -0.230679
v 0.000325 -0.097269 -0.217718
v 0.002746 -0.070325 -0.209568
v 0.061422 -0.034341 -0.238768
v 0.012239 -0.029902 -0.233729
v 0.061319 -0.075175 -0.253836
v 0.034833 -0.127064 -0.253836
v 0.063439 -0.034357 -0.253836
v 0.028936 -0.031203 -0.253836
v -0.007523 -0.029706 -0.253836
v -0.007888 -0.046736 -0.253836
v -0.001234 -0.029734 -0.253836
v 0.012275 -0.029911 -0.253836
v -0.008127 -0.100594 -0.253836
v -0.007721 -0.126347 -0.253836
v 0.029227 -0.133692 -0.252344
v -0.003068 -0.130902 -0.253836
v 0.061319 -0.075175 -0.253836
v 0.034833 -0.127064 -0.253836
v 0.063439 -0.034357 -0.253836
v 0.029227 -0.133692 -0.252344
v 0.028936 -0.031203 -0.253836
v -0.007523 -0.029706 -0.253836
v -0.007888 -0.046736 -0.253836
v 0.012275 -0.029911 -0.253836
v -0.001234 -0.029734 -0.253836
v -0.007721 -0.126347 -0.253836
v -0.003068 -0.130902 -0.253836
v -0.008127 -0.100594 -0.253836
vn 0.1344 0.4829 0.8653
vn 0.0629 0.4721 0.8793
vn -0.5441 -0.1977 0.8154
vn 0.5615 -0.2854 0.7767
vn 0.5630 -0.2874 0.7749
vn 0.9898 -0.0514 0.1326
vn 0.0910 0.9958 0.0111
vn 0.1342 0.5530 0.8223
vn -0.9998 0.0215 -0.0002
vn 0.0131 0.9999 -0.0005
vn 0.0044 1.0000 -0.0028
vn -1.0000 0.0044 -0.0059
vn -0.9998 -0.0157 0.0148
vn -0.9436 -0.1089 0.3127
vn -0.5840 -0.2041 0.7857
vn -0.6786 -0.2436 0.6929
vn -0.6613 -0.2599 0.7037
vn 0.5567 -0.2961 0.7761
vn -0.0972 -0.9120 0.3985
vn 0.0773 0.9970 -0.0003
vn -0.6549 -0.6691 0.3513
vn -0.6378 -0.6796 0.3624
vn 0.0005 -0.0046 -1.0000
vt 0.000000 0.000000
vt 1.000000 0.000000
vt 1.000000 1.000000
vt 1.000000 0.646234
vt 0.567512 0.000000
vt 0.646234 0.646234
vt 1.000000 0.766772
vt 0.711290 0.000000
vt 0.766772 0.766772
vt 0.685213 0.685213
vt 0.560735 0.000000
vt 1.000000 0.683646
vt 0.286634 0.000000
vt 1.000000 0.685213
vt 0.683646 0.683646
vt 0.560735 0.560735
vt 1.000000 0.560995
vt 0.694379 0.000000
vt 0.560995 0.560995
vt 0.744423 0.209812
vt 1.000000 0.432488
vt 0.476695 0.476695
vt 0.341013 0.000000
vt 0.713366 0.000000
vt 1.000000 0.288710
vt 1.000000 0.305621
vt 0.693106 0.000000
vt 0.658987 0.000000
vt 0.564782 0.118073
vt 0.383926 0.123864
vt 0.564782 0.136304
vt 0.564782 0.151646
vt 0.383926 0.183418
vt 0.564782 0.181466
vt 0.564782 0.157077
vt 0.564782 0.155197
vt 0.564782 0.120286
vt 0.564782 0.117890
vt 0.564782 0.117517
vt 0.564782 0.117736
s 0
usemtl Material.027
f 611/911/472 608/912/472 610/913/472
f 608/911/473 607/912/473 610/913/473
f 607/911/474 609/912/474 610/913/474
f 609/911/475 611/912/475 610/913/475
f 625/914/476 611/913/476 609/911/476 626/915/476
f 611/913/477 625/916/477 627/917/477
f 629/918/478 612/912/478 611/913/478 627/919/478
f 612/911/479 608/912/479 611/913/479
f 608/913/480 630/920/480 631/921/480 607/912/480
f 633/922/481 608/913/481 612/911/481 632/923/481
f 630/924/482 608/913/482 633/925/482
f 607/913/483 631/926/483 636/927/483
f 634/928/484 604/912/484 607/913/484 636/929/484
f 604/911/485 606/912/485 607/913/485
f 606/911/486 609/912/486 607/913/486
f 606/911/487 604/912/487 609/913/487
f 604/911/488 605/912/488 609/913/488
f 628/930/489 626/931/489 609/913/489 605/911/489
f 628/932/490 605/911/490 635/933/490
f 632/934/491 612/912/491 629/935/491
f 604/912/492 634/936/492 635/937/492
f 635/938/493 605/912/493 604/913/493
s 1
f 617/939/494 619/940/494 620/941/494 616/942/494 615/943/494 613/944/494 614/945/494 623/946/494 624/947/494 622/948/494 621/949/494 618/950/494
g Toaster_cell.011_Toaster_cell.010
v -0.000327 0.077666 0.248869
v 0.020498 -0.024025 0.248967
v 0.005173 0.050914 0.157189
v 0.010124 0.025065 0.142799
v 0.020687 -0.024140 0.197515
v 0.021254 -0.024171 0.226565
v 0.032420 -0.022218 0.248087
v 0.011723 0.052263 0.158707
v 0.043288 0.031281 0.151760
v 0.045427 0.011205 0.139300
v 0.039630 -0.022911 0.185100
v 0.039220 -0.023892 0.192007
v 0.034126 -0.024083 0.191970
v 0.031760 0.081090 0.248399
v 0.003158 0.072711 0.248859
v 0.017155 0.080765 0.248619
v 0.004568 0.081018 0.248806
v 0.003574 0.058618 0.248887
v 0.021099 0.086454 0.244767
v 0.012469 0.089925 0.242417
v -0.000173 0.090535 0.242233
v 0.017155 0.080765 0.248619
v 0.004568 0.081018 0.248806
v 0.021099 0.086454 0.244767
v 0.012469 0.089925 0.242417
v -0.000327 0.077666 0.248869
v 0.031760 0.081090 0.248399
v -0.000173 0.090535 0.242233
vn -0.1407 -0.9901 0.0017
vn 0.0267 -0.9996 0.0074
vn 0.0375 -0.9992 0.0100
vn 0.1531 -0.9870 0.0480
vn 0.0740 -0.0025 0.9973
vn 0.0149 0.0038 0.9999
vn 0.0060 0.0022 1.0000
vn -0.9796 -0.2006 0.0072
vn -0.9770 -0.2132 -0.0031
vn -0.3451 -0.7300 -0.5899
vn -0.3386 -0.7335 -0.5893
vn -0.0954 -0.9658 -0.2411
vn 0.0038 -1.0000 -0.0011
vn 0.0382 -0.9897 -0.1382
vn 0.9929 -0.1105 0.0434
vn 0.4590 0.8108 -0.3631
vn 0.4791 0.7966 -0.3687
vn 0.9944 0.0475 0.0942
vn 0.0500 0.9106 -0.4102
vn -0.0869 0.9009 -0.4252
vn -0.9983 -0.0165 -0.0551
vn -0.9826 -0.1855 -0.0048
vn 0.0971 0.4982 -0.8616
vn 0.1098 0.4970 -0.8608
vn 0.1717 0.5327 -0.8287
vn -0.0000 0.5606 0.8281
vn 0.0076 0.5647 0.8252
vn 0.0104 0.5662 0.8242
vn -0.0680 0.5404 0.8386
vn -0.1282 0.5170 0.8463
vn 0.0155 0.5690 0.8222
vn 0.9927 0.0058 0.1205
vn -0.2913 0.4412 0.8488
vt 0.000000 0.000000
vt 1.000000 0.000000
vt 1.000000 1.000000
vt 1.000000 0.012493
vt 1.000000 0.107589
vt 1.000000 0.197377
vt 0.012493 0.012493
vt 0.493485 0.061016
vt 0.904918 0.098008
vt 0.197377 0.197377
vt 1.000000 0.187311
vt 0.198455 0.176084
vt 0.045314 0.045314
vt 0.993196 0.993196
vt 0.960781 0.463098
vt 0.991889 0.991889
vt 0.935550 0.034215
vt 0.994323 0.994323
vt 0.682278 0.611824
vt 0.066329 0.000000
vt 0.926471 0.926471
vt 1.000000 0.205149
vt 0.927958 0.927958
vt 0.609462 0.595773
vt 0.609462 0.605571
vt 0.587393 0.621123
vt 0.574999 0.620794
vt 0.574950 0.605571
vt 0.582257 0.605571
vt 0.754945 0.612543
vt 0.012553 0.000000
vt 0.566014 0.625159
vt 0.566014 0.623452
vt 0.566014 0.620794
s 0
usemtl Material.027
f 641/951/495 642/952/495 638/953/495
f 642/951/496 649/952/496 638/953/496
f 649/951/497 648/952/497 638/953/497
f 648/951/498 643/952/498 638/953/498
f 663/954/499 638/953/499 643/951/499
f 662/955/500 651/956/500 638/953/500 663/957/500 658/958/500 659/959/500
f 651/960/501 654/961/501 638/953/501
f 662/951/502 640/952/502 638/953/502 654/962/502 651/963/502
f 640/951/503 641/952/503 638/953/503
f 640/951/504 646/952/504 641/953/504
f 646/951/505 647/952/505 641/953/505
f 647/951/506 649/952/506 641/953/506
f 649/951/507 642/952/507 641/953/507
f 647/951/508 648/952/508 649/953/508
f 647/951/509 646/952/509 648/953/509
f 663/964/510 645/951/510 644/952/510
f 660/965/511 663/966/511 644/951/511 661/967/511
f 646/951/512 645/952/512 663/968/512
f 644/952/513 664/969/513 661/970/513
f 639/952/514 664/971/514 644/951/514
f 639/951/515 662/972/515 664/973/515
f 639/951/516 640/952/516 662/953/516
f 639/951/517 644/952/517 640/953/517
f 644/951/518 646/952/518 640/953/518
f 644/951/519 645/952/519 646/953/519
s 1
f 650/974/520 655/975/521 652/975/522
f 657/976/523 653/977/524 652/978/522 655/979/521 656/980/525
s 0
f 643/952/526 648/953/526 646/951/526 663/981/526
s 1
f 657/982/523 637/983/527 653/984/524
g Toaster_cell.012_Toaster_cell.011
v 0.029063 0.065091 -0.177091
v -0.003114 0.038867 -0.148879
v 0.012275 0.042370 -0.159433
v 0.008493 0.038453 -0.155252
v -0.032345 0.048626 -0.158143
v -0.029221 0.036271 -0.159084
v -0.021389 0.034823 -0.155416
v -0.010341 0.137888 -0.175731
v -0.015095 0.138660 -0.173325
v -0.024565 0.137964 -0.175495
v -0.032280 0.106848 -0.230451
v -0.030752 0.102736 -0.233297
v -0.032445 0.134599 -0.185987
v -0.032385 0.128384 -0.205366
v 0.029082 0.130722 -0.198076
v 0.020785 0.132285 -0.193200
v -0.008021 0.103514 -0.232759
v 0.012327 0.105286 -0.231533
v 0.020507 0.107482 -0.230012
v 0.029092 0.109497 -0.228024
v 0.029085 0.128384 -0.205366
v -0.032385 0.128384 -0.205366
v -0.032280 0.106848 -0.230451
v -0.015095 0.138660 -0.173325
v -0.024565 0.137964 -0.175495
v -0.030752 0.102736 -0.233297
v -0.032445 0.134599 -0.185987
v -0.010341 0.137888 -0.175731
v 0.029082 0.130722 -0.198076
v 0.020785 0.132285 -0.193200
v 0.020507 0.107482 -0.230012
v 0.029092 0.109497 -0.228024
v -0.008021 0.103514 -0.232759
v 0.012327 0.105286 -0.231533
v 0.029085 0.128384 -0.205366
vn -0.3224 -0.0694 0.9441
vn 0.1146 -0.9558 0.2708
vn 0.4709 0.2627 0.8422
vn -0.2329 0.2049 0.9507
vn -0.9561 -0.2277 -0.1842
vn -0.4442 -0.1791 0.8778
vn -0.8134 0.1784 0.5537
vn -1.0000 -0.0020 -0.0025
vn 0.1038 -0.8294 -0.5490
vn 0.1083 -0.7724 -0.6258
vn 0.7839 -0.1034 0.6122
vn 0.5252 0.2590 0.8106
vn 0.5078 0.2650 0.8197
vn 0.0413 -0.7439 -0.6670
vn 0.1046 -0.7494 -0.6538
vn 0.3087 -0.7168 -0.6253
vn 0.3126 -0.7161 -0.6241
vn 1.0000 -0.0002 0.0004
vn -0.0020 0.6800 -0.7332
vn -0.0033 0.7450 -0.6670
vn -0.0000 0.5691 -0.8223
vn -0.0019 0.8737 -0.4864
vn -0.0019 0.8739 -0.4860
vn -0.0000 0.9522 -0.3054
vn -0.0037 0.7613 -0.6484
vt 0.000000 0.000000
vt 1.000000 0.000000
vt 1.000000 1.000000
vt 0.634467 0.000000
vt 1.000000 0.362001
vt 0.340477 0.000000
vt 0.312802 0.312802
vt 0.504755 0.504755
vt 0.488408 0.000000
vt 0.391548 0.391548
vt 1.000000 0.414791
vt 1.000000 0.504755
vt 0.414791 0.414791
vt 0.615708 0.417503
vt 1.000000 0.403514
vt 0.502260 0.000000
vt 1.000000 0.365533
vt 0.403513 0.403513
vt 0.490389 0.000000
vt 1.000000 0.511592
vt 0.490389 0.490389
vt 0.500077 0.000000
vt 0.500076 0.500076
vt 1.000000 0.511740
vt 0.542052 0.326992
vt 0.598625 0.000000
vt 1.000000 0.497740
vt 0.598625 0.598625
vt 0.912171 0.502167
vt 0.606320 0.095272
vt 0.606320 0.143883
vt 0.606320 0.136351
vt 0.606320 0.117614
vt 0.606320 0.096683
vt 0.831808 0.598217
vt 0.831808 0.654822
vt 0.831808 0.654877
vt 0.831808 0.647621
vt 0.831808 0.638489
vt 0.831808 0.634523
vt 0.831808 0.605859
vt 0.831808 0.598219
vt 0.625000 0.095186
vt 0.625000 0.151777
vt 0.625000 0.151783
vt 0.625000 0.146733
vt 0.625000 0.095277
s 0
usemtl Material.027
f 669/985/528 671/986/528 666/987/528
f 671/985/529 668/986/529 666/987/529
f 666/987/530 668/985/530 692/988/530 688/989/530
f 689/990/531 669/986/531 666/987/531 688/991/531
f 669/987/532 687/992/532 690/993/532 670/986/532
f 670/985/533 671/986/533 669/987/533
f 689/994/534 691/995/534 669/987/534
f 687/996/535 669/987/535 691/997/535 686/998/535
f 670/985/536 668/986/536 671/987/536
f 670/985/537 667/986/537 668/987/537
f 667/985/538 665/986/538 668/987/538
f 694/999/539 668/987/539 665/985/539 693/1000/539
f 692/1001/540 668/987/540 694/1002/540
f 697/1003/541 670/986/541 690/1004/541
f 667/986/542 670/987/542 697/1005/542 698/1006/542
f 698/1007/543 683/1008/543 667/987/543
f 683/1009/544 696/1010/544 665/986/544 667/987/544
f 693/1011/545 665/987/545 696/1012/545 699/1013/545
s 1
f 675/1014/546 695/1015/547 682/1016/548 681/1017/548 676/1018/548
f 685/1019/549 678/1020/550 677/1021/551 674/1022/551 673/1023/551 672/1024/551 680/1025/551 679/1026/551
f 678/1027/550 685/1028/549 684/1029/552 695/1030/547 675/1031/546
g Toaster_cell.013_Toaster_cell.012
v -0.091488 0.089946 -0.143172
v -0.107737 0.114127 -0.176637
v -0.087771 0.082741 -0.148525
v -0.085444 0.094113 -0.171886
v -0.092391 0.103790 -0.182624
v -0.106284 0.140968 -0.166127
v -0.098849 0.145433 -0.132414
v -0.120120 0.139552 -0.151275
v -0.106284 0.145148 -0.138474
v -0.095560 0.145369 -0.137014
v -0.118466 0.132400 -0.182469
v -0.119403 0.135377 -0.172396
v -0.120016 0.137400 -0.165569
v -0.086548 0.143455 -0.149677
v -0.085472 0.141604 -0.161921
v -0.085660 0.134877 -0.185120
v -0.100904 0.130938 -0.197401
v -0.111900 0.132154 -0.188817
v -0.106252 0.132122 -0.193710
v -0.120120 0.139552 -0.151275
v -0.106284 0.145148 -0.138474
v -0.098849 0.145433 -0.132414
v -0.095560 0.145369 -0.137014
v -0.118466 0.132400 -0.182469
v -0.119403 0.135377 -0.172396
v -0.120016 0.137400 -0.165569
v -0.086548 0.143455 -0.149677
v -0.085472 0.141604 -0.161921
v -0.100904 0.130938 -0.197401
v -0.106252 0.132122 -0.193710
v -0.111900 0.132154 -0.188817
v -0.085660 0.134877 -0.185120
vn -0.6099 -0.2281 0.7590
vn 0.8141 -0.0047 0.5806
vn -0.8694 -0.4900 0.0639
vn -0.8688 -0.4905 0.0675
vn -0.8669 -0.4945 0.0636
vn 0.8179 -0.0056 0.5754
vn 0.9957 -0.0183 0.0903
vn 1.0000 0.0024 -0.0088
vn -0.5591 -0.5247 -0.6419
vn -0.5956 -0.5396 -0.5950
vn -0.6135 -0.7064 -0.3529
vn -0.4385 -0.7901 -0.4283
vn 0.6459 -0.2326 -0.7271
vn 0.8120 -0.0613 -0.5805
vn -0.1238 0.9658 -0.2280
vn -0.0653 0.9526 -0.2970
vn -0.2513 0.9216 -0.2958
vn -0.2532 0.9421 -0.2196
vn 0.0050 0.9766 -0.2149
vn -0.0708 0.9893 -0.1272
vn -0.0059 0.9943 -0.1069
vn -0.0000 0.9888 -0.1495
vn -0.0170 0.9995 -0.0261
vn -0.2535 0.9564 -0.1450
vn 0.0110 0.9556 -0.2945
vt 0.529833 0.000000
vt 1.000000 0.000000
vt 1.000000 0.525708
vt 0.840669 0.363738
vt 0.525445 0.361069
vt 0.525708 0.525708
vt 0.000000 0.000000
vt 0.511867 0.000000
vt 1.000000 0.261292
vt 0.776606 0.000000
vt 1.000000 0.470167
vt 0.503806 0.336053
vt 0.261292 0.261292
vt 1.000000 1.000000
vt 1.000000 0.488133
vt 0.539532 0.539532
vt 1.000000 0.469473
vt 0.469473 0.469473
vt 0.403442 0.000000
vt 0.294300 0.294300
vt 0.307848 0.000000
vt 0.307306 0.162956
vt 1.000000 0.223394
vt 0.307848 0.307848
vt 0.403442 0.403442
vt 0.712262 0.000000
vt 1.000000 0.287738
vt 0.831808 0.722873
vt 0.851018 0.722844
vt 0.847921 0.728044
vt 0.843862 0.734091
vt 0.836899 0.734954
vt 0.832178 0.735518
vt 0.818111 0.703741
vt 0.816789 0.722873
vt 0.816976 0.720174
vt 0.817472 0.712998
vt 0.818045 0.704699
vt 0.816976 0.720174
vt 0.815206 0.716026
vt 0.818191 0.722873
vt 0.831533 0.735518
vt 0.824495 0.735614
vt 0.831808 0.703881
vt 0.831808 0.717919
vt 0.851018 0.722844
vt 0.831808 0.703741
s 0
usemtl Material.027
f 719/1032/553 700/1033/553 721/1034/553 720/1035/553
f 722/1036/554 721/1037/554 700/1038/554 726/1039/554
f 701/1033/555 724/1040/555 723/1041/555
f 701/1038/556 700/1033/556 719/1042/556 725/1043/556 724/1044/556
f 701/1038/557 702/1033/557 700/1045/557
f 726/1046/558 700/1045/558 702/1038/558
f 726/1047/559 702/1038/559 703/1033/559 727/1048/559
f 727/1049/560 703/1038/560 731/1050/560
f 728/1051/561 704/1038/561 730/1052/561 729/1053/561
f 701/1033/562 723/1054/562 730/1055/562 704/1038/562
f 704/1038/563 702/1033/563 701/1045/563
f 704/1038/564 703/1033/564 702/1045/564
f 731/1056/565 703/1038/565 728/1057/565
f 703/1045/566 704/1038/566 728/1058/566
s 1
f 705/1059/567 718/1060/568 717/1061/569 710/1062/569 711/1063/569 712/1064/570
f 714/1065/571 705/1066/567 708/1067/572 709/1068/573 713/1069/574
f 708/1070/572 706/1071/575 709/1068/573
f 708/1072/572 705/1059/567 712/1073/570 707/1074/576
f 715/1075/577 716/1076/577 718/1077/568 705/1059/567 714/1078/571
g Toaster_cell.014_Toaster_cell.013
v 0.080393 0.074461 -0.217613
v 0.072934 0.064810 -0.215932
v 0.073349 -0.012560 -0.215632
v 0.089833 -0.028866 -0.219399
v 0.105407 -0.031204 -0.224092
v 0.099411 -0.030770 -0.221591
v 0.075732 -0.028061 -0.233671
v 0.083939 -0.029358 -0.225647
v 0.106064 0.073058 -0.253836
v 0.131766 0.073070 -0.237632
v 0.120903 0.073061 -0.249494
v 0.125683 -0.031636 -0.244197
v 0.105944 -0.029877 -0.253836
v 0.098063 -0.029351 -0.253836
v 0.120843 -0.031071 -0.249483
v 0.133428 -0.031713 -0.230753
v 0.131750 -0.031748 -0.237592
v 0.133610 0.019411 -0.230060
v 0.084604 -0.028235 -0.253836
v 0.078639 0.073058 -0.253836
v 0.078488 0.025432 -0.253836
v 0.077260 0.086777 -0.244342
v 0.078629 -0.027539 -0.253836
v 0.133555 0.073075 -0.230342
v 0.131772 0.082978 -0.229969
v 0.083689 0.092328 -0.240500
v 0.106125 0.092480 -0.240395
v 0.127131 0.086438 -0.232360
v 0.120932 0.090244 -0.237327
v 0.114466 0.091150 -0.238577
v 0.105944 -0.029877 -0.253836
v 0.120843 -0.031071 -0.249483
v 0.125683 -0.031636 -0.244197
v 0.098063 -0.029351 -0.253836
v 0.133428 -0.031713 -0.230753
v 0.131750 -0.031748 -0.237592
v 0.084604 -0.028235 -0.253836
v 0.078639 0.073058 -0.253836
v 0.077260 0.086777 -0.244342
v 0.078488 0.025432 -0.253836
v 0.078629 -0.027539 -0.253836
v 0.133610 0.019411 -0.230060
v 0.133555 0.073075 -0.230342
v 0.083689 0.092328 -0.240500
v 0.106125 0.092480 -0.240395
v 0.127131 0.086438 -0.232360
v 0.120932 0.090244 -0.237327
v 0.114466 0.091150 -0.238577
v 0.131772 0.082978 -0.229969
vn -0.0665 -0.9967 -0.0457
vn 0.0514 -0.9559 0.2891
vn -0.0182 -0.9998 0.0048
vn 0.2597 -0.0140 0.9656
vn -0.0836 -0.9961 -0.0276
vn -0.0826 -0.9957 -0.0416
vn -0.9890 0.0031 -0.1482
vn -0.1156 -0.9924 -0.0423
vn -0.9898 -0.0026 -0.1423
vn -0.1437 -0.9667 0.2117
vn 0.2296 0.0267 0.9729
vn 0.2255 0.0039 0.9742
vn 0.2232 0.0004 0.9748
vn -0.0082 0.7888 0.6146
vn -0.5232 -0.6549 0.5452
vn -0.5788 -0.6547 0.4861
vn -0.7136 0.6007 0.3604
vn -0.9920 -0.0058 -0.1261
vn 0.2138 0.0049 0.9769
vn 0.9672 0.0904 -0.2374
vn 0.8513 0.1839 -0.4915
vn 0.7702 0.3832 -0.5098
vn 0.6749 0.4423 -0.5906
vn 0.4978 0.2627 -0.8265
vn 0.4705 0.5166 -0.7154
vn 0.1346 0.2900 -0.9475
vn 0.1215 0.5677 -0.8142
vn 0.2407 0.5580 -0.7942
vn 0.5400 -0.0004 -0.8417
vn 0.1481 -0.0002 -0.9890
vn 0.7372 -0.0005 -0.6757
vn 0.8821 -0.0004 -0.4711
vn 0.9712 -0.0002 -0.2383
vn -0.0000 -0.0000 -1.0000
vn -0.0000 0.3054 -0.9522
vn -0.0000 0.5691 -0.8223
vt 0.318125 0.216194
vt 0.251410 0.251410
vt 0.000000 0.000000
vt 0.374169 0.000000
vt 0.373700 0.078504
vt 1.000000 0.000000
vt 0.395490 0.395490
vt 0.328303 0.193812
vt 0.348534 0.348534
vt 0.263704 0.000000
vt 1.000000 0.395490
vt 0.601703 0.000000
vt 1.000000 1.000000
vt 0.361684 0.000000
vt 1.000000 0.625831
vt 0.324165 0.000000
vt 0.432474 0.132586
vt 0.432431 0.432431
vt 1.000000 0.288421
vt 0.361684 0.361684
vt 0.288421 0.288421
vt 1.000000 0.432431
vt 0.518385 0.000000
vt 0.601703 0.601703
vt 0.514548 0.079843
vt 0.512877 0.015159
vt 0.733068 0.000000
vt 0.957725 0.440645
vt 0.879689 0.372354
vt 0.845791 0.306713
vt 0.799572 0.221742
vt 0.266932 0.000000
vt 1.000000 0.689425
vt 0.564798 0.261570
vt 0.564793 0.257980
vt 0.573579 0.261753
vt 0.574951 0.261719
vt 0.566386 0.250476
vt 0.581879 0.256639
vt 0.567050 0.236335
vt 0.564782 0.222671
vt 0.587635 0.222898
vt 0.584679 0.231180
vt 0.587153 0.236360
vt 0.564785 0.236335
vt 0.472449 0.236279
vt 0.473507 0.222560
vt 0.564782 0.222671
vt 0.471941 0.245936
vt 0.472449 0.236279
vt 0.471848 0.257999
vt 0.517212 0.261708
vt 0.471879 0.261367
vt 0.471848 0.257999
vt 0.564782 0.222560
vt 0.383926 0.215302
vt 0.383926 0.202909
vt 0.383926 0.197407
vt 0.383926 0.197277
vt 0.383926 0.197416
vt 0.606280 0.222981
vt 0.606306 0.197524
vt 0.606305 0.197939
vt 0.606301 0.202212
vt 0.606280 0.223037
s 0
usemtl Material.027
f 763/1079/578 764/1080/578 736/1081/578 765/1082/578 762/1083/578
f 736/1084/579 766/1085/579 737/1081/579
f 767/1086/580 766/1087/580 736/1081/580 764/1088/580
f 737/1084/581 766/1089/581 773/1090/581
f 737/1081/582 739/1084/582 736/1091/582
f 736/1091/583 739/1081/583 768/1092/583 765/1093/583
f 733/1081/584 770/1094/584 769/1095/584 771/1096/584
f 739/1081/585 738/1084/585 772/1097/585 768/1098/585
f 772/1099/586 738/1081/586 733/1084/586 771/1100/586
f 735/1081/587 739/1084/587 737/1091/587
f 777/1101/588 732/1084/588 737/1091/588 773/1102/588 774/1103/588 756/1104/588
f 732/1081/589 734/1084/589 737/1091/589
f 734/1081/590 735/1084/590 737/1091/590
f 775/1105/591 732/1084/591 777/1106/591 778/1107/591 779/1108/591 776/1109/591
f 735/1081/592 734/1084/592 739/1091/592
f 734/1081/593 738/1084/593 739/1091/593
f 732/1081/594 775/1110/594 770/1111/594 733/1091/594
f 738/1081/595 734/1084/595 733/1091/595
f 734/1081/596 732/1084/596 733/1091/596
s 1
f 759/1115/600 780/1114/599 741/1113/598 742/1116/601 760/1117/602
f 742/1118/601 740/1119/603 758/1120/604 761/1121/605 760/1122/602
f 742/1123/601 746/1124/606 744/1125/607 740/1126/603
f 743/1127/608 746/1128/606 742/1123/601 741/1113/598 748/1129/609
f 740/1126/603 744/1133/607 745/1134/611 750/1135/611 754/1136/611 752/1137/611 751/1138/612
f 740/1139/603 751/1140/612 753/1141/613 757/1142/613 758/1143/604
usemtl Material.020
f 755/1112/597 741/1113/598 780/1114/599
f 749/1130/610 747/1131/610 748/1132/609 741/1113/598 755/1112/597
g Toaster_cell.015_Toaster_cell.014
v 0.105827 -0.130902 0.253836
v 0.120784 -0.130902 0.249473
v 0.102568 -0.138020 0.250028
v 0.111080 -0.118899 0.225811
v 0.088134 -0.026118 0.193092
v 0.092836 -0.116297 0.253836
v 0.092806 -0.134555 0.251882
v 0.092123 -0.139375 0.239477
v 0.129586 -0.014994 0.239963
v 0.135742 -0.013132 0.221362
v 0.105953 -0.022243 0.253836
v 0.093233 -0.025978 0.253836
v 0.120850 -0.017772 0.249485
v 0.098972 -0.139600 0.237733
v 0.135742 -0.015515 0.212400
v 0.103586 -0.139335 0.239791
v 0.117647 -0.138020 0.245619
v 0.126126 -0.130902 0.243659
v 0.131736 -0.120645 0.237558
v 0.133812 -0.085664 0.229161
v 0.135742 -0.050802 0.221334
v 0.135742 -0.013132 0.221362
v 0.135742 -0.015515 0.212400
v 0.105953 -0.022243 0.253836
v 0.120850 -0.017772 0.249485
v 0.129586 -0.014994 0.239963
v 0.093233 -0.025978 0.253836
v 0.092836 -0.116297 0.253836
v 0.092123 -0.139375 0.239477
v 0.098972 -0.139600 0.237733
v 0.092806 -0.134555 0.251882
v 0.126126 -0.130902 0.243659
v 0.131736 -0.120645 0.237558
v 0.103586 -0.139335 0.239791
v 0.117647 -0.138020 0.245619
v 0.135742 -0.050802 0.221334
v 0.133812 -0.085664 0.229161
vn -0.9976 -0.0057 0.0687
vn -0.9982 -0.0109 0.0592
vn -0.2245 0.9721 -0.0685
vn -0.2817 0.9593 0.0214
vn -0.9965 0.0044 0.0836
vn -0.2402 -0.3751 -0.8953
vn 0.4075 -0.2124 -0.8882
vn 0.3508 -0.6129 -0.7080
vn 0.4659 -0.2326 -0.8537
vn 0.4484 -0.2194 -0.8665
vn 0.5097 -0.2850 0.8118
vn 0.5653 -0.0004 0.8249
vn 0.1630 -0.0039 0.9866
vn 0.1456 -0.2422 0.9592
vn -0.0597 -0.9777 0.2015
vn 0.3050 -0.6924 0.6539
vn 0.0230 -0.8218 0.5693
vn 0.7264 -0.1659 0.6670
vn 0.9615 0.0085 0.2748
vn 0.9872 0.0049 0.1593
vn 0.8757 0.0049 0.4829
vn 0.7650 0.0005 0.6440
vn 0.9548 0.0092 0.2973
vn -0.0651 -0.5874 0.8067
vn -0.1248 -0.9609 0.2470
vn 1.0000 -0.0000 -0.0000
vn -0.0102 -0.0091 0.9999
vt 0.818556 0.454909
vt 0.453425 0.000000
vt 1.000000 0.000000
vt 0.659057 0.659057
vt 0.000000 0.000000
vt 0.909604 0.000000
vt 0.864684 0.379305
vt 0.281483 0.132424
vt 0.013026 0.000000
vt 0.510342 0.316165
vt 0.423904 0.423904
vt 0.550291 0.000000
vt 0.550050 0.143719
vt 0.449709 0.000000
vt 1.000000 0.546575
vt 1.000000 1.000000
vt 0.652354 0.000000
vt 1.000000 0.090396
vt 0.024845 0.000000
vt 0.312215 0.027411
vt 0.640074 0.350148
vt 0.813178 0.579956
vt 0.696935 0.638341
vt 0.652354 0.652354
vt 0.302980 0.000000
vt 0.280219 0.280219
vt 0.975155 0.000000
vt 0.636343 0.172283
vt 0.302979 0.302979
vt 0.383926 0.513774
vt 0.484241 0.513713
vt 0.480277 0.527432
vt 0.383926 0.527548
vt 0.361796 0.533894
vt 0.372216 0.516663
vt 0.375000 0.530549
vt 0.372723 0.516623
vt 0.381650 0.513774
vt 0.375000 0.530549
vt 0.376588 0.498459
vt 0.375005 0.498126
vt 0.379301 0.495299
vt 0.454953 0.483994
vt 0.488355 0.484008
vt 0.487255 0.492004
vt 0.393805 0.491648
vt 0.424039 0.487849
vt 0.383926 0.503143
vt 0.393021 0.491984
vt 0.486702 0.496323
vt 0.375000 0.539605
vt 0.344501 0.542557
vt 0.345209 0.539016
vt 0.345053 0.539798
vt 0.343544 0.547343
vt 0.343450 0.547812
vt 0.488357 0.479305
vt 0.488355 0.484008
vt 0.454953 0.483994
vt 0.383926 0.539434
vt 0.480277 0.527432
vt 0.390222 0.539145
vt 0.390222 0.539511
s 0
usemtl Material.027
f 811/1144/614 808/1145/614 785/1146/614
f 811/1147/615 785/1148/615 809/1149/615
f 806/1150/616 802/1151/616 803/1152/616 785/1146/616
f 805/1153/617 806/1154/617 785/1148/617 807/1155/617 804/1156/617
f 807/1157/618 785/1146/618 808/1158/618
f 785/1159/619 784/1148/619 810/1160/619 809/1161/619
f 785/1159/620 803/1162/620 784/1146/620
f 813/1163/621 812/1164/621 815/1165/621 814/1166/621 810/1167/621 784/1148/621
f 784/1148/622 817/1168/622 813/1169/622
f 784/1148/623 803/1170/623 816/1171/623 817/1172/623
s 1
f 782/1173/624 793/1174/625 791/1175/626 781/1176/627
f 793/1174/625 782/1173/624 798/1191/631 799/1192/635 789/1193/634
f 787/1203/637 781/1176/627 791/1204/626 792/1205/640 786/1206/640
usemtl Material.020
f 796/1177/628 797/1178/629 783/1179/630
f 797/1180/629 782/1181/624 781/1176/627 783/1182/630
f 782/1183/624 797/1184/629 798/1185/631
f 801/1186/632 790/1187/633 789/1188/634 799/1189/635 800/1190/636
f 787/1194/637 783/1182/630 781/1176/627
f 794/1195/638 796/1196/628 783/1197/630 787/1198/637 788/1199/638
f 795/1200/639 790/1201/633 801/1202/632
g Toaster_cell.016_Toaster_cell.015
v -0.002537 0.072969 0.252583
v -0.004913 0.079893 0.249583
l 818 819
g Toaster_cell.017_Toaster_cell.016
v -0.092756 0.088909 -0.141484
v -0.090378 0.074626 -0.139422
v -0.084932 0.038631 -0.121764
v -0.083501 0.038600 -0.005775
v -0.094396 0.119457 -0.001313
v -0.121013 0.141751 -0.135329
v -0.131796 0.131295 -0.134511
v -0.135742 0.117013 -0.133394
v -0.121013 0.141751 -0.001009
v -0.125066 0.137821 -0.000718
v -0.106284 0.145578 -0.001719
v -0.135742 0.117013 -0.001915
v -0.131796 0.131295 -0.001132
v -0.135742 0.067088 -0.004493
v -0.135742 0.020614 -0.007095
v -0.097790 0.145412 -0.004211
v -0.099264 0.145441 -0.121051
v -0.135742 0.020748 -0.051667
v -0.135742 0.021005 -0.108388
v -0.135742 0.114997 -0.145755
v -0.132169 0.127826 -0.147804
v -0.135742 0.084432 -0.140890
v -0.123289 0.137360 -0.149296
v -0.135742 0.067149 -0.132213
v -0.099520 0.145446 -0.128462
v -0.106350 0.145561 -0.135627
v -0.121013 0.141751 -0.001009
v -0.106284 0.145578 -0.001719
v -0.125066 0.137821 -0.000718
v -0.135742 0.117013 -0.001915
v -0.131796 0.131295 -0.001132
v -0.135742 0.067088 -0.004493
v -0.135742 0.020614 -0.007095
v -0.097790 0.145412 -0.004211
v -0.099264 0.145441 -0.121051
v -0.135742 0.020748 -0.051667
v -0.135742 0.021005 -0.108388
v -0.135742 0.114997 -0.145755
v -0.135742 0.084432 -0.140890
v -0.132169 0.127826 -0.147804
v -0.135742 0.067149 -0.132213
v -0.099520 0.145446 -0.128462
v -0.123289 0.137360 -0.149296
v -0.106350 0.145561 -0.135627
vn 0.1055 0.0634 0.9924
vn -0.0115 -0.0516 0.9986
vn -0.0060 -0.0559 0.9984
vn 0.9909 0.1322 0.0236
vn -0.4761 0.8732 -0.1042
vn -0.6022 0.7803 -0.1688
vn -0.8746 0.4773 -0.0856
vn -0.8547 0.5170 -0.0465
vn 0.3256 -0.9455 -0.0028
vn 0.3267 -0.9451 -0.0043
vn -0.0020 -0.1572 -0.9876
vn 0.0006 -0.1552 -0.9879
vn -0.0746 -0.4575 -0.8861
vn -0.0679 -0.4477 -0.8916
vn 0.9905 0.1331 -0.0341
vn 0.9817 0.1457 -0.1227
vn 0.5985 0.2232 -0.7694
vn 0.0361 -0.1369 -0.9899
vn -0.1843 0.9812 -0.0579
vn -0.4972 0.8677 -0.0000
vn -0.1332 0.9911 -0.0000
vn -0.6961 0.7179 -0.0000
vn -0.8559 0.5172 -0.0000
vn -0.9901 0.1402 -0.0112
vn -0.9903 0.1388 -0.0000
vn 0.0184 0.9998 -0.0001
vn -0.9910 0.1321 -0.0212
vn -1.0000 -0.0000 -0.0000
vn 0.9911 0.1329 -0.0123
vt 0.373074 0.282687
vt 0.337350 0.337350
vt 0.000000 0.000000
vt 0.339729 0.000000
vt 0.370817 0.100619
vt 0.841043 0.294388
vt 0.549287 0.000000
vt 1.000000 0.000000
vt 1.000000 0.337350
vt 0.938319 0.349131
vt 1.000000 1.000000
vt 0.549287 0.549287
vt 0.490980 0.000000
vt 1.000000 0.660271
vt 0.625000 0.941642
vt 0.622317 0.948524
vt 0.612335 0.947890
vt 0.612335 0.941239
vt 0.487436 0.000000
vt 1.000000 0.509020
vt 0.487436 0.487436
vt 0.494376 0.000000
vt 0.475876 0.303589
vt 0.438687 0.438687
vt 0.475309 0.000000
vt 0.954522 0.404496
vt 0.481010 0.000000
vt 1.000000 0.496366
vt 0.494376 0.494376
vt 0.496366 0.496366
vt 0.524691 0.000000
vt 0.585913 0.000000
vt 1.000000 0.319100
vt 0.585913 0.585913
vt 0.530470 0.530470
vt 0.476268 0.016976
vt 0.531657 0.395761
vt 0.529055 0.000000
vt 0.816789 0.722934
vt 0.816642 0.736437
vt 0.750497 0.736437
vt 0.750847 0.722873
vt 0.620239 0.875353
vt 0.625000 0.875497
vt 0.612335 0.875557
vt 0.599670 0.940689
vt 0.599670 0.875943
vt 0.816789 0.722872
vt 0.750847 0.722873
vt 0.752074 0.715051
vt 0.809610 0.716409
vt 0.814248 0.716876
vt 0.823336 0.736437
vt 0.599670 0.946776
vt 0.611130 0.947786
vt 0.516667 0.900443
vt 0.516443 0.878494
vt 0.556653 0.877212
vt 0.573168 0.944380
vt 0.557898 0.940107
vt 0.517330 0.928375
vt 0.680900 0.000000
vt 0.679207 0.679207
s 0
usemtl Material.027
f 846/1207/641 848/1208/641 824/1209/641 853/1210/641 847/1211/641
f 849/1212/642 851/1213/642 824/1214/642 848/1215/642 850/1216/642
f 823/1214/643 824/1217/643 851/1218/643 852/1219/643
f 853/1220/644 824/1217/644 823/1209/644
s 1
f 825/1221/645 842/1222/646 840/1223/647 826/1224/648
s 0
f 855/1225/649 823/1214/649 852/1226/649
f 822/1214/650 823/1217/650 855/1227/650 856/1228/650
f 857/1229/651 859/1230/651 821/1209/651 858/1231/651
f 821/1214/652 859/1232/652 862/1233/652
f 860/1234/653 822/1217/653 856/1235/653
f 821/1214/654 822/1217/654 860/1236/654 858/1237/654
f 822/1217/655 821/1209/655 861/1238/655 836/1239/655
f 821/1209/656 820/1214/656 861/1240/656
f 861/1241/657 820/1209/657 862/1242/657 845/1243/657
f 820/1214/658 821/1217/658 862/1244/658
s 1
f 863/1245/659 825/1246/645 828/1247/660 830/1248/661
f 829/1249/662 828/1250/660 825/1221/645 826/1224/648 832/1251/663
f 863/1254/659 830/1255/661 835/1256/666 854/1257/666 844/1258/666
f 842/1259/646 825/1246/645 863/1245/659
s 0
f 822/1209/669 836/1268/669 853/1269/669 823/1209/669
s 1
usemtl Material.020
f 832/1251/663 826/1224/648 827/1252/664 831/1253/665
f 839/1260/667 827/1252/664 826/1224/648 840/1261/647
f 837/1262/668 834/1263/668 833/1264/668 831/1253/665 827/1252/664 839/1260/667 841/1265/668 843/1266/668 838/1267/668
g Toaster_cell.018_Toaster_cell.017
v -0.068599 0.064836 0.188441
v -0.060604 0.040631 0.181210
v -0.061358 0.024171 0.181430
v -0.105308 -0.024976 0.221437
v -0.066977 0.061370 0.180321
v -0.058328 0.038262 0.160562
v -0.058009 0.035368 0.166500
v -0.135742 0.073082 0.221427
v -0.131766 0.073070 0.237632
v -0.135742 0.083545 0.210935
v -0.131778 0.095400 0.220797
v -0.135742 -0.027131 0.221352
v -0.131751 -0.024602 0.237595
v -0.127602 -0.023685 0.242111
v -0.135742 -0.028879 0.208728
v -0.127328 0.008128 0.242430
v -0.127340 0.073066 0.242465
v -0.124540 0.080531 0.239898
v -0.120934 0.091704 0.236594
v -0.135742 -0.018588 0.185545
v -0.135742 -0.029445 0.203655
v -0.135742 0.009943 0.140160
v -0.117719 0.097361 0.233623
v -0.115298 0.101878 0.231356
v -0.121136 0.103963 0.227890
v -0.126790 0.104110 0.218501
v -0.135742 0.088704 0.204746
v -0.131781 0.100214 0.215023
v -0.131751 -0.024602 0.237595
v -0.127602 -0.023685 0.242111
v -0.135742 -0.027131 0.221352
v -0.135742 -0.028879 0.208728
v -0.127328 0.008128 0.242430
v -0.127340 0.073066 0.242465
v -0.124540 0.080531 0.239898
v -0.120934 0.091704 0.236594
v -0.135742 -0.029445 0.203655
v -0.135742 -0.018588 0.185545
v -0.135742 0.009943 0.140160
v -0.117719 0.097361 0.233623
v -0.115298 0.101878 0.231356
v -0.135742 0.088704 0.204746
v -0.131781 0.100214 0.215023
v -0.126790 0.104110 0.218501
v -0.121136 0.103963 0.227890
vn 0.0696 -0.9882 0.1368
vn 0.6795 -0.0132 0.7336
vn 0.6761 -0.0003 0.7368
vn 0.3922 -0.7890 -0.4730
vn 0.0809 -0.9906 0.1106
vn 0.4103 -0.7721 -0.4853
vn 0.4469 -0.7701 -0.4552
vn 0.6862 -0.0217 0.7271
vn 0.9533 0.2935 0.0714
vn 0.6782 0.0039 0.7349
vn 0.9812 -0.0424 0.1883
vn 0.9620 0.2621 0.0760
vn 0.4489 0.8572 -0.2524
vn 0.4341 0.8566 -0.2789
vn -0.0180 0.6406 -0.7676
vn 0.9506 0.3045 0.0599
vn 0.6392 -0.6772 -0.3645
vn -0.0332 0.6423 -0.7657
vn -0.5772 0.5058 0.6411
vn -0.6316 0.4500 0.6313
vn -0.2611 0.5523 0.7917
vn -0.9907 0.0952 0.0968
vn -0.9879 0.0664 0.1404
vn -0.8559 0.1758 0.4864
vn -0.8576 0.3508 0.3761
vn -0.7299 0.2162 0.6484
vn -0.6881 0.4227 0.5898
vn -0.9922 0.0955 0.0797
vn -0.8763 0.3698 0.3088
vn -0.7225 0.5306 0.4432
vn -0.7369 -0.0004 0.6760
vn -0.8928 -0.0003 0.4504
vn -0.9940 -0.0001 0.1090
vn -1.0000 -0.0000 -0.0000
vt 1.000000 0.000000
vt 1.000000 0.277236
vt 0.922946 0.251493
vt 0.739194 0.116717
vt 0.622894 0.000000
vt 0.277236 0.277236
vt 0.000000 0.000000
vt 1.000000 0.533277
vt 0.533671 0.168670
vt 0.533277 0.533277
vt 0.482547 0.030334
vt 0.511320 0.112031
vt 0.619539 0.000000
vt 1.000000 0.376244
vt 0.553858 0.000000
vt 1.000000 0.377106
vt 1.000000 1.000000
vt 0.619539 0.619539
vt 0.390309 0.000000
vt 0.399056 0.000000
vt 0.804760 0.360391
vt 1.000000 0.533518
vt 0.447102 0.239320
vt 0.399056 0.399056
vt 0.484684 0.000000
vt 0.484684 0.484684
vt 0.579577 0.503358
vt 0.505477 0.505477
vt 0.999875 0.000000
vt 0.674394 0.451704
vt 0.000125 0.000000
vt 0.608192 0.736383
vt 0.596323 0.734523
vt 0.599352 0.733501
vt 0.604373 0.731187
vt 0.574081 0.771127
vt 0.564803 0.765960
vt 0.564793 0.757980
vt 0.584594 0.766270
vt 0.565442 0.754922
vt 0.572684 0.755907
vt 0.583170 0.756997
vt 0.594174 0.761418
vt 0.578656 0.774174
vt 0.588863 0.769113
vt 0.588862 0.769113
vt 0.594174 0.761418
vt 0.593317 0.766807
vt 0.507212 0.749185
vt 0.564790 0.749160
vt 0.478185 0.757998
vt 0.479003 0.749749
vt 0.475942 0.765997
vt 0.478185 0.757998
vt 0.508011 0.805979
vt 0.483256 0.783629
vt 0.473771 0.774711
vt 0.474308 0.772213
vt 0.475942 0.765997
vt 0.578656 0.774174
s 0
usemtl Material.027
f 867/1270/670 893/1271/670 892/1272/670 894/1273/670 895/1274/670
f 893/1275/671 867/1276/671 865/1270/671 896/1277/671
f 897/1278/672 896/1279/672 865/1276/672 899/1280/672 898/1281/672
f 901/1282/673 867/1270/673 900/1283/673
f 900/1284/674 867/1270/674 895/1285/674
f 869/1270/675 867/1286/675 901/1287/675 902/1288/675
f 869/1276/676 866/1270/676 867/1286/676
f 866/1276/677 865/1270/677 867/1286/677
f 869/1276/678 864/1270/678 865/1286/678
f 865/1286/679 864/1276/679 904/1289/679 903/1290/679 899/1291/679
f 866/1276/680 870/1270/680 865/1286/680
f 870/1276/681 869/1270/681 865/1286/681
f 888/1292/682 904/1293/682 864/1276/682 907/1294/682
f 907/1295/683 864/1276/683 868/1270/683
f 906/1296/684 907/1297/684 868/1276/684 902/1298/684 905/1299/684
f 868/1276/685 864/1270/685 869/1286/685
f 870/1276/686 866/1270/686 869/1286/686
f 868/1270/687 869/1286/687 902/1300/687
s 1
f 908/1301/688 882/1302/689 886/1303/690 887/1304/690
f 874/1308/694 872/1307/693 880/1309/695 881/1310/696 882/1311/689 908/1312/688
f 891/1315/698 874/1308/694 908/1316/688 889/1317/699
f 879/1318/700 880/1319/695 872/1307/693 876/1320/701 877/1321/700
usemtl Material.020
f 873/1305/691 871/1306/692 872/1307/693 874/1308/694
f 890/1313/697 873/1305/691 874/1308/694 891/1314/698
f 872/1307/693 871/1306/692 875/1322/702 876/1323/701
f 885/1324/703 883/1325/703 884/1326/703 878/1327/703 875/1328/702 871/1306/692 873/1305/691 890/1329/697
g Toaster_cell.019_Toaster_cell.018
v 0.063675 0.074590 0.182967
v 0.045954 0.030930 0.151091
v 0.062038 0.064794 0.170681
v 0.067046 0.066058 0.175971
v 0.040342 -0.024464 0.192174
v 0.041576 -0.022085 0.183080
v 0.057498 0.027917 0.148658
v 0.061339 -0.002300 0.138988
v 0.131924 -0.011495 0.208888
v 0.098906 -0.017288 0.171724
v 0.073186 -0.016750 0.143783
v 0.049695 0.009374 0.137466
v 0.086936 -0.024140 0.192787
v 0.066129 -0.024319 0.171657
v 0.092591 -0.023151 0.190021
v 0.066241 -0.021232 0.155264
v 0.106060 0.069907 0.253836
v 0.120889 0.048572 0.249492
v 0.135271 0.013118 0.223302
v 0.131759 0.027094 0.237614
v 0.065405 0.105600 0.231805
v 0.033704 0.079039 0.249787
v 0.033654 -0.022350 0.253836
v 0.033614 0.073058 0.253836
v 0.041308 -0.024309 0.253836
v 0.071010 -0.024590 0.253836
v 0.105955 -0.020642 0.253836
v 0.131753 -0.012772 0.237599
v 0.120851 -0.016207 0.249485
v 0.135742 -0.010817 0.221364
v 0.135742 -0.007663 0.214095
v 0.135742 0.007933 0.221378
v 0.084586 -0.024551 0.253836
v 0.091799 -0.024444 0.253836
v 0.106060 0.069907 0.253836
v 0.120889 0.048572 0.249492
v 0.131759 0.027094 0.237614
v 0.135271 0.013118 0.223302
v 0.033704 0.079039 0.249787
v 0.033614 0.073058 0.253836
v 0.033654 -0.022350 0.253836
v 0.041308 -0.024309 0.253836
v 0.071010 -0.024590 0.253836
v 0.131753 -0.012772 0.237599
v 0.120851 -0.016207 0.249485
v 0.105955 -0.020642 0.253836
v 0.135742 0.007933 0.221378
v 0.135742 -0.007663 0.214095
v 0.084586 -0.024551 0.253836
v 0.091799 -0.024444 0.253836
v 0.065405 0.105600 0.231805
v 0.135742 -0.010817 0.221364
vn 0.7178 0.5780 -0.3882
vn 0.6835 0.6050 -0.4084
vn -0.8212 0.4944 -0.2848
vn -0.7108 0.6025 -0.3631
vn -0.7402 0.5637 -0.3666
vn -0.9920 0.0068 -0.1264
vn -0.9942 -0.0038 -0.1077
vn -0.9997 -0.0004 -0.0227
vn -0.2480 -0.9688 0.0063
vn -0.0095 -1.0000 0.0027
vn 0.2734 -0.9617 -0.0194
vn 0.3255 -0.9443 -0.0483
vn 0.7220 0.1860 -0.6664
vn 0.6914 0.3057 -0.6546
vn 0.4564 0.6651 -0.5911
vn 0.6753 0.3102 -0.6692
vn 0.6440 0.3323 -0.6891
vn -0.0701 0.5243 -0.8487
vn 0.0183 0.5110 -0.8594
vn -0.9783 -0.0416 -0.2028
vn -0.9909 0.0008 -0.1343
vn 0.0029 -1.0000 -0.0035
vn -0.2823 -0.9180 -0.2785
vn -0.1410 -0.9727 -0.1841
vn 0.0149 -0.9999 -0.0062
vn 0.1636 -0.9864 -0.0180
vn 0.1192 -0.9869 -0.1090
vn 0.1685 -0.9689 -0.1813
vn 0.2278 -0.9474 -0.2250
vn 0.3549 -0.9190 -0.1720
vn 0.7304 0.1341 -0.6698
vn 0.2301 -0.9456 -0.2300
vn -0.5342 -0.6264 -0.5677
vn 0.6527 0.3049 -0.6936
vn 0.4348 0.3241 -0.8402
vn -0.5504 -0.6216 -0.5573
vn -0.5771 -0.6207 -0.5308
vn 0.9784 -0.0002 0.2069
vn 0.9898 -0.0001 0.1422
vn 1.0000 -0.0000 -0.0000
vn 0.0667 0.1441 0.9873
vn 0.0117 0.2908 0.9567
vn -0.0000 -0.0000 1.0000
vn 0.1171 -0.0001 0.9931
vn 0.9711 -0.0002 0.2386
vn 0.8132 -0.0004 0.5819
vn 0.8692 -0.0004 0.4944
vn 0.3827 -0.0003 0.9239
vn 0.4918 -0.0004 0.8707
vn 0.0220 0.5456 0.8377
vt 0.554494 0.390632
vt 0.395925 0.278118
vt 0.282442 0.128795
vt 0.249095 0.000000
vt 1.000000 0.000000
vt 1.000000 0.438105
vt 0.000000 0.000000
vt 0.438105 0.438105
vt 0.397278 0.397278
vt 0.455842 0.455842
vt 0.970111 0.000000
vt 0.970111 0.970111
vt 0.979594 0.979594
vt 0.979034 0.979034
vt 0.961902 0.961902
vt 0.081431 0.000000
vt 0.979801 0.904917
vt 0.550210 0.000000
vt 0.552512 0.552512
vt 0.553367 0.000000
vt 0.550210 0.550210
vt 0.770844 0.294612
vt 0.566339 0.128277
vt 0.438167 0.000000
vt 0.999806 0.419032
vt 1.000000 0.070552
vt 0.883767 0.155021
vt 0.419082 0.419082
vt 0.146983 0.146983
vt 1.000000 0.750905
vt 0.938244 0.751917
vt 0.738415 0.738415
vt 1.000000 1.000000
vt 0.622813 0.000000
vt 1.000000 0.446633
vt 1.000000 0.550897
vt 0.622813 0.622813
vt 0.550897 0.550897
vt 0.507034 0.484016
vt 0.490408 0.484009
vt 0.493152 0.480430
vt 0.390222 0.529669
vt 0.564782 0.594046
vt 0.564782 0.591832
vt 0.564782 0.586961
vt 0.390222 0.559609
vt 0.390222 0.547108
vt 0.390222 0.538095
vt 0.481697 0.527430
vt 0.511632 0.484964
vt 0.524025 0.492012
vt 0.488676 0.491996
vt 0.488674 0.492004
vt 0.524025 0.492012
vt 0.543070 0.513678
vt 0.485629 0.513713
vt 0.561988 0.527333
vt 0.481696 0.527430
vt 0.609462 0.567341
vt 0.609462 0.593964
vt 0.609462 0.594046
vt 0.609462 0.529669
s 0
usemtl Material.027
f 943/1330/704 944/1331/704 945/1332/704 946/1333/704 912/1334/704 959/1335/704
f 912/1336/705 909/1334/705 959/1337/705
f 959/1338/706 909/1336/706 911/1334/706
f 959/1339/707 911/1336/707 947/1340/707
f 911/1336/708 910/1334/708 947/1341/708
f 910/1336/709 913/1334/709 947/1342/709
f 913/1336/710 949/1334/710 947/1343/710
f 947/1344/711 949/1345/711 948/1346/711
f 950/1347/712 949/1348/712 913/1336/712
f 913/1336/713 951/1349/713 950/1350/713
f 953/1351/714 954/1352/714 958/1353/714 923/1334/714 952/1354/714
f 923/1336/715 917/1334/715 956/1355/715 938/1356/715 952/1357/715
f 956/1358/716 917/1336/716 919/1334/716
f 912/1334/717 946/1359/717 955/1360/717 956/1361/717 919/1336/717
f 911/1336/718 909/1334/718 912/1362/718
f 919/1336/719 915/1334/719 912/1362/719
f 915/1336/720 911/1334/720 912/1362/720
f 920/1336/721 910/1334/721 911/1362/721
f 915/1336/722 920/1334/722 911/1362/722
f 920/1336/723 914/1334/723 910/1362/723
f 914/1336/724 913/1334/724 910/1362/724
f 922/1336/725 957/1363/725 951/1364/725 913/1362/725
f 914/1336/726 924/1334/726 913/1362/726
f 924/1336/727 922/1334/727 913/1362/727
f 922/1336/728 921/1334/728 958/1365/728 957/1366/728
f 921/1336/729 923/1334/729 958/1367/729
f 921/1336/730 922/1334/730 923/1362/730
f 922/1336/731 924/1334/731 923/1362/731
f 924/1336/732 918/1334/732 923/1362/732
f 918/1336/733 917/1334/733 923/1362/733
f 918/1336/734 919/1334/734 917/1362/734
f 918/1336/735 924/1334/735 919/1362/735
f 924/1336/736 916/1334/736 919/1362/736
f 916/1336/737 915/1334/737 919/1362/737
f 916/1336/738 920/1334/738 915/1362/738
f 916/1336/739 924/1334/739 920/1362/739
f 924/1336/740 914/1334/740 920/1362/740
s 1
f 925/1371/744 932/1372/745 931/1373/746 933/1374/746 934/1375/746 941/1376/746 942/1377/746 935/1378/747
f 936/1382/750 928/1383/749 926/1384/751 937/1385/752
f 937/1385/752 926/1384/751 925/1386/744 935/1387/747
f 929/1388/753 930/1389/753 932/1390/745 925/1391/744
usemtl Material.020
f 940/1368/741 960/1369/742 939/1370/743
f 927/1379/748 928/1380/749 936/1381/750 960/1369/742 940/1368/741
g Toaster_cell.020_Toaster_cell.019
v 0.104123 -0.032478 -0.221208
v 0.131734 -0.130902 -0.237555
v 0.132794 -0.138020 -0.217047
v 0.128744 -0.138020 -0.233538
v 0.135742 -0.130902 -0.221273
v 0.135742 -0.035009 -0.195730
v 0.135742 -0.033727 -0.221347
v 0.133915 -0.033283 -0.228770
v 0.135742 -0.093909 -0.202690
v 0.127358 -0.077631 -0.242347
v 0.127371 -0.033185 -0.242357
v 0.131749 -0.033273 -0.237591
v 0.111973 -0.140115 -0.228094
v 0.127417 -0.130902 -0.242254
v 0.122330 -0.138020 -0.237578
v 0.127408 -0.138670 -0.215148
v 0.135742 -0.130902 -0.207289
v 0.132794 -0.138020 -0.210612
v 0.135742 -0.033727 -0.221347
v 0.133915 -0.033283 -0.228770
v 0.135742 -0.035009 -0.195730
v 0.135742 -0.093909 -0.202690
v 0.127358 -0.077631 -0.242347
v 0.127371 -0.033185 -0.242357
v 0.131749 -0.033273 -0.237591
v 0.127417 -0.130902 -0.242254
v 0.135742 -0.130902 -0.207289
v 0.132794 -0.138020 -0.210612
v 0.111973 -0.140115 -0.228094
v 0.127408 -0.138670 -0.215148
v 0.122330 -0.138020 -0.237578
vn 0.0396 0.9980 0.0500
vn -0.6292 -0.0912 0.7718
vn -0.6729 -0.0000 -0.7397
vn 0.0257 0.9997 -0.0052
vn -0.6751 -0.0020 -0.7377
vn -0.6345 -0.0953 0.7671
vn 0.7653 -0.6437 -0.0000
vn 0.6084 -0.7918 -0.0544
vn 0.9652 -0.2259 -0.1320
vn 0.9873 -0.1587 -0.0000
vn 0.2728 -0.8951 -0.3528
vn 0.5059 -0.8134 -0.2871
vn 0.1046 -0.9929 -0.0573
vn 0.8201 -0.2986 -0.4882
vn 0.6512 -0.3407 -0.6782
vn 0.1160 -0.9931 -0.0180
vn 0.8807 -0.0003 -0.4736
vn 0.7364 -0.0004 -0.6765
vn 0.9922 -0.0001 -0.1245
vn 0.9711 -0.0002 -0.2389
vn 1.0000 -0.0000 -0.0000
vt 0.635535 0.000000
vt 1.000000 0.000000
vt 1.000000 0.387717
vt 0.704241 0.091272
vt 0.387717 0.387717
vt 0.000000 0.000000
vt 0.388339 0.000000
vt 1.000000 0.283634
vt 0.714758 0.000000
vt 0.337495 0.174319
vt 0.283634 0.283634
vt 0.364465 0.000000
vt 1.000000 0.322512
vt 1.000000 1.000000
vt 0.714758 0.714758
vt 0.769483 0.379660
vt 0.849672 0.335152
vt 0.728721 0.378987
vt 1.000000 0.611661
vt 0.322512 0.322512
vt 0.553021 0.330647
vt 0.634520 0.334401
vt 0.375000 0.271285
vt 0.375000 0.268116
vt 0.383926 0.266035
vt 0.383926 0.272922
vt 0.129789 0.512557
vt 0.131402 0.509269
vt 0.143041 0.526366
vt 0.373205 0.259996
vt 0.382149 0.258018
vt 0.375005 0.247287
vt 0.375000 0.247285
vt 0.373971 0.241071
vt 0.377625 0.242926
vt 0.146285 0.500000
vt 0.149203 0.507862
vt 0.143116 0.500000
vt 0.470496 0.258000
vt 0.383926 0.258018
vt 0.383926 0.249426
vt 0.431159 0.249288
vt 0.470568 0.249295
vt 0.470093 0.265999
vt 0.383926 0.266035
vt 0.470496 0.258000
vt 0.470487 0.262344
vt 0.147596 0.526064
vt 0.134996 0.504501
vt 0.149203 0.507862
vt 0.470093 0.265999
vt 0.468789 0.278614
vt 0.416649 0.275186
s 0
usemtl Material.027
f 980/1392/754 961/1393/754 981/1394/754 979/1395/754
f 981/1396/755 961/1397/755 982/1398/755
f 961/1393/756 984/1399/756 983/1400/756
f 985/1401/757 984/1402/757 961/1397/757 980/1403/757
f 989/1404/758 961/1405/758 983/1406/758 986/1407/758 991/1408/758
f 987/1409/759 982/1410/759 961/1405/759 989/1411/759 990/1412/759 988/1413/759
s 1
f 972/1430/770 962/1431/767 974/1432/768 970/1433/771 971/1434/771
usemtl Material.020
f 978/1414/760 963/1415/761 965/1416/762 977/1417/763
f 975/1418/764 964/1419/765 973/1420/766
f 965/1416/762 963/1415/761 964/1421/765 962/1422/767
f 962/1423/767 964/1424/765 975/1425/764 974/1426/768
f 978/1427/760 976/1428/769 963/1429/761
f 967/1435/772 965/1436/762 962/1431/767 972/1437/770 968/1438/773
f 973/1439/766 964/1440/765 963/1429/761 976/1441/769
f 977/1417/763 965/1416/762 967/1442/772 966/1443/774 969/1444/774
g Toaster_cell.021_Toaster_cell.020
v -0.097141 -0.126614 0.222491
v -0.068459 -0.060055 0.218835
v -0.048207 -0.088424 0.215729
v -0.058833 -0.062199 0.217168
v -0.063379 -0.063120 0.226802
v -0.042881 -0.123552 0.229391
v -0.063425 -0.055352 0.222252
v -0.048272 -0.140968 0.215929
v -0.043781 -0.140968 0.227081
v -0.054511 -0.140017 0.234481
v -0.075141 -0.139324 0.239879
v -0.092203 -0.139684 0.237078
v -0.095676 -0.140774 0.228594
v -0.098011 -0.140968 0.222558
v -0.075306 -0.140968 0.219353
v -0.084671 -0.140968 0.220612
v -0.087837 -0.139002 0.242385
v -0.043781 -0.140968 0.227081
v -0.048272 -0.140968 0.215929
v -0.054511 -0.140017 0.234481
v -0.075141 -0.139324 0.239879
v -0.092203 -0.139684 0.237078
v -0.095676 -0.140774 0.228594
v -0.075306 -0.140968 0.219353
v -0.084671 -0.140968 0.220612
v -0.098011 -0.140968 0.222558
v -0.087837 -0.139002 0.242385
vn 0.9276 -0.0026 -0.3735
vn 0.9317 -0.0000 -0.3631
vn 0.5540 -0.1375 0.8211
vn 0.2551 0.1165 0.9599
vn -0.9264 0.0641 0.3710
vn -0.9317 0.0581 0.3585
vn -0.1257 -0.0036 -0.9921
vn 0.8782 0.3373 0.3391
vn 0.8439 0.3007 0.4443
vn -0.1333 0.0004 -0.9911
vn 0.8137 0.2974 0.4995
vn 0.2341 0.1292 0.9636
vn -0.1444 0.0041 -0.9895
vn -0.7082 0.3537 0.6111
vn -0.7286 0.3538 0.5865
vn -0.7445 0.3520 0.5673
vn -0.1668 0.0177 -0.9858
vn -0.0074 0.5930 -0.8052
vn -0.0006 -0.9984 0.0567
vn -0.0007 -0.9988 0.0490
vn -0.0000 -0.9918 0.1274
vn -0.0010 -0.9999 0.0116
vt 0.486897 0.000000
vt 1.000000 0.000000
vt 1.000000 0.513580
vt 0.513580 0.513580
vt 0.000000 0.000000
vt 0.251482 0.251482
vt 0.244300 0.000000
vt 0.689649 0.000000
vt 0.244300 0.244300
vt 0.340168 0.000000
vt 1.000000 0.220084
vt 0.220084 0.220084
vt 0.223446 0.000000
vt 0.487022 0.000000
vt 1.000000 0.513103
vt 1.000000 1.000000
vt 0.487022 0.487022
vt 0.387748 0.000000
vt 0.909986 0.000000
vt 1.000000 0.310351
vt 1.000000 0.612252
vt 0.223446 0.223446
vt 0.909986 0.909986
vt 0.917989 0.917989
vt 1.000000 0.659832
vt 0.914090 0.914090
vt 0.344087 0.705370
vt 0.338567 0.665353
vt 0.339212 0.674140
vt 0.340845 0.689157
vt 0.342793 0.698899
vt 0.343463 0.702250
vt 0.316444 0.667721
vt 0.325959 0.705170
vt 0.326437 0.706490
vt 0.322778 0.696376
vt 0.320211 0.689275
vt 0.316899 0.670753
s 0
usemtl Material.027
f 1010/1445/775 994/1446/775 1009/1447/775
f 1009/1448/776 994/1449/776 997/1446/776
f 1009/1450/777 997/1449/777 1011/1451/777
f 1012/1452/778 1011/1453/778 997/1449/778
f 1013/1454/779 992/1446/779 1014/1455/779
f 1014/1456/780 992/1449/780 1017/1457/780
f 1015/1458/781 994/1446/781 1010/1459/781
f 995/1449/782 998/1446/782 994/1460/782
f 998/1449/783 997/1446/783 994/1460/783
f 994/1460/784 1015/1461/784 1016/1462/784 995/1446/784
f 998/1449/785 996/1446/785 997/1460/785
f 996/1449/786 1018/1463/786 1012/1464/786 997/1460/786
f 992/1449/787 995/1446/787 1016/1465/787 1017/1466/787
f 1018/1467/788 996/1449/788 998/1446/788
f 993/1446/789 1018/1468/789 998/1449/789
f 992/1446/790 1013/1469/790 1018/1470/790 993/1449/790
f 993/1449/791 995/1446/791 992/1460/791
f 993/1449/792 998/1446/792 995/1460/792
s 1
usemtl Material.020
f 1004/1471/793 1000/1472/794 1001/1473/795 1002/1474/795 1008/1475/795 1003/1476/795
f 1000/1477/794 1004/1478/793 1005/1479/796 1007/1480/796 1006/1481/796 999/1482/796
g Toaster_cell.022_Toaster_cell.021
v -0.069262 0.066029 0.190899
v -0.060995 0.041750 0.184065
v -0.061072 0.021886 0.184140
v -0.105802 -0.024456 0.225001
v -0.056209 0.072248 0.246972
v -0.057928 -0.021700 0.236420
v -0.063845 -0.024260 0.237662
v -0.106064 0.073058 0.253836
v -0.120903 0.073061 0.249494
v -0.063854 -0.024198 0.253836
v -0.057284 -0.021591 0.253836
v -0.056035 0.032656 0.253836
v -0.056116 0.060937 0.253836
v -0.056158 0.073058 0.253836
v -0.079618 -0.024274 0.253836
v -0.105951 -0.024375 0.253836
v -0.113463 -0.024410 0.251638
v -0.056419 -0.015878 0.253836
v -0.058194 0.079166 0.249701
v -0.068659 0.096660 0.237858
v -0.072594 0.103046 0.233535
v -0.106158 0.103129 0.233478
v -0.126111 -0.023370 0.243736
v -0.120847 -0.023848 0.249484
v -0.113912 0.101600 0.231994
v -0.126334 0.073066 0.243564
v -0.117002 0.095865 0.234867
v -0.120930 0.088923 0.238518
v -0.123982 0.079385 0.241370
v -0.056035 0.032656 0.253836
v -0.056116 0.060937 0.253836
v -0.056158 0.073058 0.253836
v -0.063854 -0.024198 0.253836
v -0.079618 -0.024274 0.253836
v -0.105951 -0.024375 0.253836
v -0.113463 -0.024410 0.251638
v -0.056419 -0.015878 0.253836
v -0.057284 -0.021591 0.253836
v -0.058194 0.079166 0.249701
v -0.068659 0.096660 0.237858
v -0.072594 0.103046 0.233535
v -0.106158 0.103129 0.233478
v -0.120847 -0.023848 0.249484
v -0.126111 -0.023370 0.243736
v -0.113912 0.101600 0.231994
v -0.117002 0.095865 0.234867
v -0.126334 0.073066 0.243564
v -0.123982 0.079385 0.241370
v -0.120930 0.088923 0.238518
vn 0.3822 -0.9241 -0.0025
vn 1.0000 0.0029 -0.0089
vn 1.0000 0.0035 -0.0078
vn 0.0048 -1.0000 0.0038
vn 0.1935 -0.7525 -0.6295
vn 0.0038 -1.0000 0.0029
vn 0.1945 -0.7476 -0.6350
vn 0.9966 -0.0336 -0.0751
vn 0.9975 -0.0079 -0.0709
vn 0.9973 -0.0041 -0.0739
vn 0.9115 0.3480 -0.2193
vn 0.8961 0.3681 -0.2481
vn 0.8907 0.3754 -0.2563
vn -0.0018 0.7532 -0.6578
vn -0.0704 -0.9973 -0.0185
vn -0.6686 -0.0102 -0.7435
vn -0.6379 -0.0004 -0.7701
vn -0.5020 0.2550 0.8265
vn -0.1358 0.2847 0.9489
vn -0.1223 0.5583 0.8206
vn -0.2463 0.5472 0.7999
vn -0.3127 0.5381 0.7827
vn -0.6885 0.4222 0.5896
vn -0.7304 0.2166 0.6478
vn -0.0000 0.2653 0.9642
vn -0.0000 0.5606 0.8281
vn -0.6783 -0.0029 -0.7348
vn -0.2806 -0.0003 0.9598
vn -0.1420 -0.0002 0.9899
vn -0.5184 -0.0004 0.8552
vn -0.7375 -0.0005 0.6754
vn -0.0000 -0.0000 1.0000
vt 0.000000 0.000000
vt 1.000000 0.000000
vt 1.000000 0.258758
vt 0.244822 0.244822
vt 1.000000 0.120934
vt 0.574997 0.000000
vt 0.121330 0.028596
vt 0.120934 0.120934
vt 1.000000 0.243764
vt 0.756104 0.000000
vt 1.000000 1.000000
vt 0.662728 0.000000
vt 0.756104 0.756104
vt 0.663529 0.178606
vt 0.882430 0.000000
vt 1.000000 0.347757
vt 1.000000 0.425003
vt 0.882430 0.882430
vt 0.549621 0.000000
vt 1.000000 0.909555
vt 0.447275 0.000000
vt 0.549621 0.549621
vt 1.000000 0.375860
vt 0.447275 0.447275
vt 0.375860 0.375860
vt 0.366086 0.000000
vt 0.376591 0.065940
vt 0.863076 0.182755
vt 0.744737 0.000000
vt 1.000000 0.337272
vt 0.567050 0.736335
vt 0.564782 0.722671
vt 0.604009 0.722757
vt 0.603695 0.729906
vt 0.597311 0.732856
vt 0.588187 0.736360
vt 0.566386 0.750476
vt 0.580666 0.756025
vt 0.571730 0.755083
vt 0.565590 0.754227
vt 0.609462 0.722671
vt 0.609462 0.676735
vt 0.609462 0.678589
vt 0.609462 0.688225
vt 0.609462 0.691850
vt 0.609462 0.722757
vt 1.000000 0.617618
vt 0.744737 0.744737
vt 0.784972 0.510011
vt 0.830815 0.530413
vt 0.897789 0.556934
vt 0.954138 0.590895
vt 0.478381 0.729491
vt 0.478386 0.722566
vt 0.564785 0.736335
vt 0.478853 0.736283
vt 0.479283 0.746781
vt 0.478853 0.736283
vt 0.564789 0.747155
vt 0.564782 0.676714
vt 0.564782 0.722566
vt 0.390222 0.698317
vt 0.564782 0.681897
vt 0.564782 0.677065
vt 0.564782 0.676954
vt 0.564782 0.676601
vt 0.564782 0.676675
s 0
usemtl Material.027
f 1025/1483/797 1024/1484/797 1056/1485/797 1051/1486/797
f 1023/1484/798 1049/1487/798 1048/1488/798
f 1023/1483/799 1050/1489/799 1049/1490/799
f 1051/1491/800 1052/1492/800 1025/1484/800
f 1022/1483/801 1024/1484/801 1025/1493/801
f 1054/1494/802 1022/1484/802 1025/1493/802 1052/1495/802 1053/1496/802
f 1022/1483/803 1021/1484/803 1024/1493/803
f 1024/1493/804 1021/1483/804 1055/1497/804 1056/1498/804
f 1021/1483/805 1023/1484/805 1048/1499/805 1055/1500/805
f 1021/1483/806 1020/1484/806 1023/1493/806
f 1023/1493/807 1020/1483/807 1057/1501/807 1050/1502/807
f 1020/1483/808 1058/1503/808 1057/1504/808
f 1020/1483/809 1019/1484/809 1059/1505/809 1058/1506/809
f 1059/1507/810 1019/1483/810 1063/1508/810 1060/1509/810
f 1061/1510/811 1062/1511/811 1022/1484/811 1054/1512/811
f 1019/1483/812 1021/1484/812 1022/1493/812
f 1019/1483/813 1020/1484/813 1021/1493/813
s 1
f 1027/1513/814 1026/1514/815 1040/1515/816 1043/1516/817 1064/1517/817 1067/1518/818
f 1027/1519/814 1067/1520/818 1066/1521/819 1044/1522/820
f 1026/1523/815 1032/1524/821 1037/1525/822 1038/1526/822 1039/1527/822 1040/1528/816
s 0
f 1063/1529/823 1019/1484/823 1022/1493/823 1062/1530/823 1065/1531/823 1047/1532/823 1046/1533/823 1045/1534/823
s 1
f 1035/1535/824 1034/1536/825 1026/1514/815 1027/1537/814 1042/1538/826
f 1041/1539/827 1042/1540/826 1027/1537/814 1044/1541/820
f 1032/1542/821 1026/1514/815 1034/1543/825 1033/1544/828 1028/1545/828 1029/1546/828 1036/1547/828 1030/1548/828 1031/1549/828
g Toaster_cell.023_Toaster_cell.022
v 0.098656 0.106952 0.172188
v 0.085612 0.104755 0.164071
v 0.077873 0.086301 0.165303
v 0.058968 0.026258 0.146133
v 0.062514 -0.002233 0.136700
v 0.120133 -0.023433 0.129842
v 0.077166 -0.018193 0.131586
v 0.082872 -0.010343 0.032655
v 0.104255 0.017922 0.008651
v 0.107637 -0.038692 0.039796
v 0.135742 0.112403 0.161658
v 0.135742 0.117013 0.133394
v 0.134066 0.118468 0.162607
v 0.134089 0.122994 0.133862
v 0.132520 0.128672 0.094980
v 0.133584 0.116259 0.175209
v 0.135742 0.108823 0.172819
v 0.131078 0.131991 0.069896
v 0.131796 0.131295 0.075962
v 0.135742 0.000054 0.006961
v 0.135742 0.095264 0.013132
v 0.055935 0.010507 0.135628
v 0.135742 0.102226 0.020894
v 0.135742 0.117013 0.038761
v 0.063296 0.028056 0.135628
v 0.063296 0.001312 0.103255
v 0.135742 -0.003981 0.136511
v 0.135742 -0.021146 0.130864
v 0.135742 -0.028890 0.107804
v 0.135742 -0.030673 0.099879
v 0.135742 -0.032523 0.025383
v 0.058846 0.001824 0.135628
v 0.135742 -0.043263 0.031691
v 0.134089 0.122994 0.133862
v 0.132520 0.128672 0.094980
v 0.134066 0.118468 0.162607
v 0.133584 0.116259 0.175209
v 0.135742 0.108823 0.172819
v 0.131078 0.131991 0.069896
v 0.131796 0.131295 0.075962
v 0.135742 0.000054 0.006961
v 0.135742 0.095264 0.013132
v 0.135742 0.102226 0.020894
v 0.135742 0.117013 0.038761
v 0.063296 0.028056 0.135628
v 0.063296 0.001312 0.103255
v 0.055935 0.010507 0.135628
v 0.135742 -0.003981 0.136511
v 0.135742 -0.021146 0.130864
v 0.135742 -0.028890 0.107804
v 0.135742 -0.030673 0.099879
v 0.135742 -0.032523 0.025383
v 0.062514 -0.002233 0.136700
v 0.058846 0.001824 0.135628
v 0.135742 -0.043263 0.031691
vn -0.2650 0.9524 0.1508
vn -0.2676 0.9478 0.1734
vn -0.2760 0.9506 0.1417
vn -0.0012 -0.3065 0.9519
vn -0.8821 0.3669 -0.2955
vn -0.9001 0.3612 -0.2437
vn -0.5408 0.2798 0.7933
vn -0.8721 0.3770 -0.3120
vn -0.8784 0.3685 -0.3044
vn -0.0195 -0.2985 0.9542
vn -0.0071 -0.3675 0.9300
vn 0.1172 -0.9414 0.3162
vn -0.0040 -0.3125 0.9499
vn -0.8662 0.3720 -0.3336
vn -0.0312 -0.9751 0.2193
vn -0.0168 0.0647 -0.9978
vn -0.6720 -0.2897 0.6816
vn -0.7422 -0.6636 -0.0935
vn -0.0128 -0.3157 0.9488
vn -0.3143 -0.4807 -0.8186
vn -0.7376 -0.6684 -0.0956
vn -0.1118 -0.9771 0.1811
vn -0.1069 -0.9777 0.1805
vn 0.9902 0.1359 0.0331
vn 0.9643 0.2576 0.0618
vn 0.9639 0.2536 0.0814
vn 0.9909 0.1280 0.0411
vn 0.9612 0.2759 -0.0040
vn 0.9629 0.2691 0.0181
vn 0.9897 0.1425 0.0102
vn 0.9990 0.0444 -0.0006
vn 0.1217 -0.0206 -0.9924
vn -0.9128 0.0160 -0.4081
vn -0.8591 0.0128 -0.5117
vn -0.9995 0.0251 -0.0207
vn 1.0000 -0.0000 -0.0000
vn -0.3101 -0.4680 -0.8275
vt 0.532782 0.000000
vt 1.000000 0.000000
vt 1.000000 0.482619
vt 0.944667 0.430488
vt 0.768942 0.253676
vt 0.000000 0.000000
vt 0.482619 0.482619
vt 0.363303 0.000000
vt 1.000000 0.467218
vt 0.529974 0.125690
vt 1.000000 1.000000
vt 0.605723 0.000000
vt 0.427940 0.375858
vt 0.403290 0.403290
vt 0.104287 0.000000
vt 0.352877 0.342958
vt 0.291978 0.135334
vt 0.286976 0.000000
vt 0.693862 0.000000
vt 0.945224 0.229106
vt 1.000000 0.041227
vt 0.539626 0.539626
vt 0.236426 0.000000
vt 0.238012 0.238012
vt 1.000000 0.539626
vt 0.605723 0.605723
vt 1.000000 0.713024
vt 0.596729 0.596729
vt 0.271870 0.000000
vt 0.236426 0.236426
vt 0.596729 0.000000
vt 0.614916 0.000000
vt 1.000000 0.895712
vt 0.466968 0.466968
vt 0.693862 0.693862
vt 1.000000 0.616250
vt 0.597984 0.000000
vt 0.441567 0.441567
vt 1.000000 0.728130
vt 0.402016 0.000000
vt 0.599670 0.454608
vt 0.605049 0.455075
vt 0.603090 0.461281
vt 0.596496 0.460104
vt 0.612335 0.408019
vt 0.612335 0.412407
vt 0.610009 0.421772
vt 0.604975 0.440919
vt 0.599670 0.440689
vt 0.599670 0.394088
vt 0.683211 0.570811
vt 0.683211 0.573491
vt 0.683211 0.566713
vt 0.605049 0.455075
vt 0.699152 0.566713
vt 0.498571 0.378428
vt 0.580939 0.381467
vt 0.586936 0.385289
vt 0.495728 0.442224
vt 0.478515 0.438987
vt 0.473631 0.428088
vt 0.472025 0.424185
vt 0.460791 0.390606
vt 0.470174 0.387500
vt 0.441567 0.000000
vt 1.000000 0.385084
s 0
usemtl Material.027
f 1102/1550/829 1069/1551/829 1104/1552/829 1103/1553/829 1101/1554/829
f 1069/1555/830 1068/1551/830 1104/1556/830
f 1106/1557/831 1069/1551/831 1102/1558/831 1107/1559/831
f 1068/1560/832 1071/1555/832 1115/1561/832 1105/1562/832 1104/1563/832
f 1114/1564/833 1071/1551/833 1069/1560/833
f 1071/1555/834 1070/1551/834 1069/1560/834
f 1070/1555/835 1068/1551/835 1069/1560/835
f 1075/1551/836 1069/1560/836 1106/1565/836 1111/1566/836 1110/1567/836
f 1069/1560/837 1075/1555/837 1113/1568/837 1112/1569/837 1114/1570/837
f 1070/1555/838 1071/1551/838 1068/1560/838
f 1074/1555/839 1073/1551/839 1116/1571/839
f 1117/1572/840 1116/1573/840 1073/1555/840
f 1071/1555/841 1074/1551/841 1116/1574/841 1115/1575/841
f 1076/1555/842 1075/1551/842 1110/1576/842 1109/1577/842
f 1118/1578/843 1117/1579/843 1073/1555/843
f 1076/1555/844 1109/1580/844 1108/1581/844
f 1071/1551/845 1114/1582/845 1121/1583/845 1120/1555/845
f 1113/1584/846 1075/1555/846 1074/1551/846 1120/1585/846
f 1071/1560/847 1120/1555/847 1074/1551/847
f 1122/1586/848 1077/1551/848 1075/1560/848 1098/1587/848
f 1077/1555/849 1074/1551/849 1075/1560/849
f 1077/1555/850 1073/1551/850 1074/1560/850
f 1118/1588/851 1073/1560/851 1077/1555/851 1122/1589/851
f 1098/1614/865 1075/1551/865 1076/1551/865 1108/1615/865
s 1
usemtl Material.020
f 1078/1590/852 1080/1591/853 1083/1592/854 1084/1593/855
f 1085/1594/856 1086/1595/856 1082/1596/856 1081/1597/857 1079/1598/858 1091/1599/859
f 1099/1600/860 1089/1601/860 1092/1602/861 1072/1602/862
f 1078/1590/852 1079/1598/858 1081/1597/857 1080/1603/853
f 1092/1602/861 1093/1604/863 1072/1602/862
f 1087/1605/864 1088/1606/864 1090/1607/864 1091/1599/859 1079/1598/858 1078/1590/852 1084/1593/855 1094/1608/864 1095/1609/864 1096/1610/864 1097/1611/864 1100/1612/864 1119/1613/864
g Toaster_cell.024_Toaster_cell.023
v -0.009821 -0.115039 -0.233209
v -0.009863 -0.076281 -0.218208
v -0.009919 -0.058551 -0.214377
v -0.010036 -0.029554 -0.230646
v -0.046027 -0.073006 -0.219343
v -0.047138 -0.062353 -0.217390
v -0.021259 -0.052790 -0.213379
v -0.062882 -0.038149 -0.236724
v -0.020894 -0.028621 -0.227436
v -0.030275 -0.027611 -0.230711
v -0.049061 -0.138020 -0.250028
v -0.045754 -0.138760 -0.244264
v -0.052646 -0.130902 -0.253836
v -0.029355 -0.138893 -0.243236
v -0.062700 -0.083288 -0.253836
v -0.022944 -0.138942 -0.242848
v -0.017385 -0.138962 -0.242692
v -0.009787 -0.108214 -0.253836
v -0.009780 -0.126166 -0.253836
v -0.009847 -0.056887 -0.253836
v -0.009877 -0.045832 -0.253836
v -0.009968 -0.029627 -0.253836
v -0.016192 -0.028895 -0.253836
v -0.029987 -0.027571 -0.253836
v -0.040451 -0.029623 -0.253836
v -0.062807 -0.037095 -0.253836
v -0.062783 -0.077363 -0.253836
v -0.015394 -0.138020 -0.250028
v -0.011688 -0.130902 -0.253836
v -0.049061 -0.138020 -0.250028
v -0.052646 -0.130902 -0.253836
v -0.045754 -0.138760 -0.244264
v -0.029355 -0.138893 -0.243236
v -0.062700 -0.083288 -0.253836
v -0.022944 -0.138942 -0.242848
v -0.017385 -0.138962 -0.242692
v -0.009787 -0.108214 -0.253836
v -0.009780 -0.126166 -0.253836
v -0.009847 -0.056887 -0.253836
v -0.009877 -0.045832 -0.253836
v -0.009968 -0.029627 -0.253836
v -0.016192 -0.028895 -0.253836
v -0.029987 -0.027571 -0.253836
v -0.040451 -0.029623 -0.253836
v -0.062807 -0.037095 -0.253836
v -0.062783 -0.077363 -0.253836
v -0.015394 -0.138020 -0.250028
v -0.011688 -0.130902 -0.253836
vn -0.0822 -0.1880 0.9787
vn -0.0509 -0.2247 0.9731
vn -0.0213 -0.2112 0.9772
vn 0.3097 0.4662 0.8287
vn 0.2865 0.4785 0.8301
vn -0.2396 0.4908 0.8377
vn -0.3009 0.4653 0.8324
vn -0.3038 0.4661 0.8309
vn -0.8601 -0.1774 0.4783
vn -0.0613 -0.3539 0.9333
vn -0.0591 -0.3546 0.9331
vn -0.0276 -0.3608 0.9322
vn 1.0000 0.0004 0.0018
vn 1.0000 0.0012 0.0011
vn 1.0000 0.0027 0.0019
vn 1.0000 0.0057 0.0029
vn 0.1169 0.9931 -0.0028
vn 0.0956 0.9954 0.0029
vn 0.0954 0.9949 0.0337
vn -0.1925 0.9813 -0.0007
vn -0.3165 0.9469 0.0569
vn -1.0000 -0.0006 -0.0044
vn -0.9996 -0.0140 0.0263
vn -0.8629 -0.1822 0.4714
vn 0.9088 -0.3664 0.1995
vn -0.0000 -0.7243 -0.6895
vn -0.0000 -0.7575 -0.6528
vn -0.0000 -0.9918 -0.1274
vn -0.0000 -0.1910 -0.9816
vn -0.0000 -0.1788 -0.9839
vn -0.0000 -0.0000 -1.0000
vt 0.000000 0.000000
vt 1.000000 0.000000
vt 1.000000 1.000000
vt 0.453616 0.000000
vt 0.442131 0.442131
vt 0.453616 0.453616
vt 1.000000 0.452543
vt 0.683972 0.000000
vt 0.452543 0.452543
vt 0.290788 0.000000
vt 1.000000 0.585420
vt 0.585420 0.585420
vt 1.000000 0.582878
vt 0.582878 0.582878
vt 0.557854 0.000000
vt 0.557854 0.557854
vt 0.682218 0.000000
vt 1.000000 0.681622
vt 0.682218 0.682218
vt 0.682236 0.000000
vt 0.681622 0.681622
vt 0.682236 0.682236
vt 1.000000 0.685063
vt 0.746166 0.000000
vt 0.685063 0.685063
vt 0.746166 0.746166
vt 1.000000 0.743715
vt 0.743716 0.743716
vt 1.000000 0.704253
vt 0.295747 0.000000
vt 0.589940 0.508466
vt 0.802487 0.448253
vt 1.000000 0.442131
vt 0.808742 0.111566
vt 0.875382 0.708335
vt 1.000000 0.709212
vt 1.000000 0.316028
vt 0.125000 0.670179
vt 0.159472 0.644166
vt 0.159348 0.646271
vt 0.125000 0.646128
vt 0.125000 0.652032
vt 0.125000 0.667133
vt 0.375000 0.076520
vt 0.375000 0.114237
vt 0.375000 0.110825
vt 0.375000 0.079821
vt 0.564782 0.097386
vt 0.564782 0.110090
vt 0.564782 0.115820
vt 0.564782 0.115905
vt 0.564782 0.115933
vt 0.564782 0.115988
vt 0.564782 0.115994
vt 0.564782 0.114237
vt 0.564782 0.076520
vt 0.564782 0.067262
vt 0.564782 0.067186
vt 0.564782 0.067163
vt 0.564782 0.087750
s 0
usemtl Material.027
f 1128/1616/866 1127/1617/866 1129/1618/866
f 1127/1616/867 1124/1617/867 1129/1618/867
f 1124/1616/868 1125/1617/868 1129/1618/868
f 1125/1616/869 1126/1617/869 1129/1618/869
f 1126/1616/870 1131/1617/870 1129/1618/870
f 1131/1616/871 1132/1617/871 1129/1618/871
f 1132/1616/872 1128/1617/872 1129/1618/872
f 1132/1616/873 1130/1617/873 1128/1618/873
f 1130/1616/874 1127/1617/874 1128/1618/874
f 1155/1619/875 1124/1617/875 1127/1618/875 1154/1620/875
f 1155/1621/876 1157/1622/876 1124/1618/876
f 1158/1623/877 1123/1617/877 1124/1618/877 1157/1624/877
f 1124/1618/878 1123/1616/878 1160/1625/878 1159/1626/878
f 1124/1618/879 1159/1627/879 1161/1628/879
f 1161/1629/880 1162/1630/880 1125/1617/880 1124/1618/880
f 1162/1631/881 1163/1632/881 1126/1617/881 1125/1618/881
f 1164/1633/882 1126/1618/882 1163/1634/882
f 1165/1635/883 1132/1617/883 1126/1618/883 1164/1636/883
f 1132/1616/884 1131/1617/884 1126/1618/884
f 1132/1618/885 1165/1637/885 1166/1638/885
f 1167/1639/886 1130/1617/886 1132/1618/886 1166/1640/886
f 1130/1618/887 1167/1641/887 1168/1642/887
f 1130/1618/888 1168/1643/888 1156/1644/888
f 1127/1618/889 1130/1616/889 1156/1645/889 1153/1646/889 1152/1647/889 1154/1648/889
f 1169/1649/890 1170/1650/890 1160/1651/890 1123/1617/890 1158/1652/890
s 1
f 1146/1663/896 1145/1664/896 1144/1665/896 1143/1666/896 1142/1667/896 1140/1668/896 1141/1669/896 1151/1670/895 1135/1671/894 1137/1672/896 1149/1673/896 1148/1674/896 1147/1675/896
usemtl Material.020
f 1133/1653/891 1150/1654/892 1139/1655/893 1138/1656/893 1136/1657/893 1134/1658/893
f 1135/1659/894 1151/1660/895 1150/1661/892 1133/1662/891
g Toaster_cell.025_Toaster_cell.024
v -0.006590 0.080936 -0.157434
v -0.000920 0.039934 -0.148308
v 0.040781 0.038240 -0.154659
v 0.030141 0.063256 -0.175023
v 0.011502 0.038150 -0.155636
v 0.021099 0.041940 -0.133642
v 0.028923 0.041494 -0.135628
v 0.029751 0.081482 -0.135628
v 0.041199 0.143125 -0.151861
v 0.029648 0.093662 -0.135628
v 0.033530 0.144812 -0.140700
v 0.021099 0.056088 -0.135628
v 0.021099 0.047916 -0.134412
v 0.017388 0.143251 -0.151025
v -0.013334 0.139006 -0.172246
v -0.008984 0.138201 -0.174754
v 0.022326 0.132568 -0.192320
v 0.029828 0.131233 -0.196481
v 0.040937 0.134814 -0.185316
v 0.035874 0.133100 -0.190659
v 0.041092 0.140968 -0.166127
v -0.004861 0.140968 -0.166127
v 0.028923 0.041494 -0.135628
v 0.029751 0.081482 -0.135628
v 0.029648 0.093662 -0.135628
v 0.021099 0.056088 -0.135628
v 0.021099 0.047916 -0.134412
v 0.033530 0.144812 -0.140700
v 0.017388 0.143251 -0.151025
v 0.021099 0.041940 -0.133642
v -0.013334 0.139006 -0.172246
v -0.008984 0.138201 -0.174754
v 0.022326 0.132568 -0.192320
v 0.029828 0.131233 -0.196481
v 0.040937 0.134814 -0.185316
v 0.035874 0.133100 -0.190659
v 0.041199 0.143125 -0.151861
v 0.041092 0.140968 -0.166127
v -0.004861 0.140968 -0.166127
vn -0.0049 -0.9856 0.1690
vn 0.8423 -0.0145 0.5388
vn 0.7616 0.0064 0.6480
vn -0.5431 0.1236 0.8305
vn -0.5579 0.1061 0.8231
vn -0.8033 -0.2331 -0.5481
vn -0.5180 -0.2617 -0.8144
vn -0.5076 -0.2608 -0.8211
vn -0.5033 -0.2622 -0.8234
vn 0.0280 -0.6239 -0.7810
vn 0.7423 -0.2038 -0.6383
vn 1.0000 -0.0038 -0.0069
vn -0.5757 0.1334 0.8067
vn 0.7111 -0.2087 -0.6714
vn 1.0000 -0.0000 -0.0000
vn 0.0603 0.0285 0.9978
vn 0.0561 0.0285 0.9980
vn -0.0000 0.9613 -0.2756
vn -0.0000 0.9737 -0.2278
vn -0.0000 0.9522 -0.3054
vn 0.0532 0.0285 0.9982
vn -0.0328 -0.9825 0.1836
vn -0.0000 0.9888 -0.1495
vt 0.000000 0.000000
vt 1.000000 0.000000
vt 1.000000 0.789094
vt 0.797302 0.797302
vt 1.000000 0.744653
vt 0.789094 0.789094
vt 0.666706 0.000000
vt 1.000000 0.334317
vt 1.000000 0.664206
vt 0.744653 0.744653
vt 1.000000 0.329379
vt 0.454302 0.000000
vt 1.000000 0.856074
vt 0.950947 0.789435
vt 0.664206 0.664206
vt 0.329379 0.329379
vt 1.000000 0.825481
vt 0.856074 0.856074
vt 1.000000 0.347106
vt 1.000000 1.000000
vt 0.348314 0.000000
vt 0.347106 0.347106
vt 1.000000 0.399672
vt 0.348314 0.348314
vt 0.399672 0.399672
vt 0.485683 0.000000
vt 0.526157 0.000000
vt 1.000000 0.387845
vt 1.000000 0.333294
vt 0.387845 0.387845
vt 0.738280 0.347739
vt 1.000000 0.545698
vt 0.618082 0.155336
vt 0.474627 0.000000
vt 0.473843 0.000000
vt 1.000000 0.514317
vt 0.816190 0.605571
vt 0.816789 0.605571
vt 0.831808 0.629476
vt 0.831808 0.587159
vt 0.831808 0.587302
vt 0.831808 0.591965
vt 0.831808 0.597532
vt 0.831808 0.604440
vt 0.831808 0.633273
vt 0.831808 0.637524
vt 0.816789 0.603945
vt 0.816789 0.598366
vt 0.816789 0.597604
vt 0.816789 0.597699
vt 0.825481 0.825481
vt 0.831808 0.608988
vt 0.831808 0.591689
vt 0.831808 0.587062
s 0
usemtl Material.027
f 1175/1676/897 1173/1677/897 1193/1678/897 1200/1679/897
f 1194/1680/898 1193/1681/898 1173/1676/898 1207/1682/898 1198/1683/898
f 1195/1684/899 1194/1685/899 1198/1686/899
f 1199/1687/900 1171/1677/900 1197/1688/900 1196/1689/900 1195/1690/900 1198/1691/900
f 1171/1676/901 1172/1677/901 1200/1692/901 1197/1693/901
f 1171/1676/902 1201/1694/902 1172/1695/902
f 1202/1696/903 1175/1677/903 1172/1695/903 1201/1697/903
f 1203/1698/904 1175/1695/904 1202/1699/904
f 1174/1677/905 1175/1695/905 1203/1700/905 1204/1701/905
f 1174/1676/906 1173/1677/906 1175/1695/906
f 1173/1695/907 1174/1676/907 1206/1702/907 1205/1703/907
f 1207/1704/908 1173/1695/908 1205/1705/908 1208/1706/908
f 1171/1677/909 1199/1707/909 1209/1708/909 1201/1709/909
f 1206/1710/910 1174/1677/910 1204/1711/910
s 1
f 1192/1714/914 1191/1715/915 1189/1716/916 1190/1717/916 1188/1718/916 1187/1719/916 1186/1720/916 1185/1721/916
s 0
f 1172/1676/918 1175/1677/918 1200/1726/918
s 1
f 1191/1715/915 1192/1714/914 1184/1727/919 1181/1728/919 1179/1729/919
usemtl Material.020
f 1183/1712/911 1176/1713/912 1182/1713/913
f 1182/1713/913 1176/1722/912 1177/1723/917 1178/1724/917 1180/1725/917
g Toaster_cell.026_Toaster_cell.025
v -0.048221 -0.069442 0.208678
v -0.056830 -0.061598 0.215654
v -0.069651 -0.058469 0.216700
v -0.110882 -0.079655 0.189348
v -0.097742 -0.070724 0.200373
v -0.000532 -0.063476 0.188465
v -0.023622 -0.061416 0.203434
v -0.063875 -0.053434 0.221993
v 0.031288 -0.025650 0.190005
v 0.040760 -0.022863 0.181777
v 0.065418 -0.021624 0.153139
v -0.063491 -0.026030 0.235111
v -0.021041 -0.041704 0.212376
v -0.021514 -0.026166 0.220324
v -0.057040 -0.022678 0.235104
v -0.103587 -0.025718 0.221287
v -0.014022 -0.026741 0.216682
v 0.019749 -0.025189 0.197110
v -0.060322 0.021794 0.182071
v -0.056679 0.034291 0.164272
v -0.131199 0.012224 0.136652
v -0.057872 0.037968 0.158819
v 0.008957 0.024813 0.141236
v -0.041019 0.036776 0.152861
v -0.000475 0.028318 0.141053
v 0.045974 0.009269 0.137638
v -0.065534 0.038841 0.142256
v -0.064352 0.038094 0.000894
v -0.051718 0.038762 0.153251
v 0.072051 -0.017951 0.141554
v 0.074862 -0.019184 0.132276
v 0.105663 -0.039693 0.040047
v 0.000015 0.028905 0.007208
v 0.080960 -0.011323 0.033335
v 0.021099 -0.064461 0.135628
v -0.063296 -0.064461 0.135628
v -0.021099 -0.064461 0.135628
v -0.135742 0.006434 0.000698
v -0.063296 0.031473 0.000687
v -0.021099 0.033014 0.015538
v -0.021099 0.032191 0.001107
v -0.026319 -0.140968 0.000991
v -0.021020 -0.140968 0.001059
v -0.021226 -0.064461 0.001031
v -0.034574 -0.064461 0.000860
v -0.063296 -0.064461 0.000847
v -0.135742 0.010348 0.074222
v -0.135742 -0.130902 0.000957
v -0.108366 -0.140968 0.000976
v -0.132794 -0.138020 0.000971
v -0.135742 0.010848 0.132273
v -0.063296 0.038522 0.006499
v -0.063296 0.039342 0.105139
v -0.043520 0.037279 0.135628
v -0.052732 0.038990 0.135628
v -0.021099 0.032955 0.082153
v -0.036164 0.035845 0.135628
v -0.063296 0.038940 0.135628
v -0.016106 -0.140968 0.002479
v -0.021099 0.032680 0.135628
v 0.021099 0.019725 0.135628
v 0.021099 0.019897 0.067043
v 0.063296 -0.000620 0.027879
v 0.021099 0.015216 0.013761
v 0.063296 -0.012184 0.026878
v 0.021099 -0.025474 0.013704
v 0.063296 -0.064461 0.026804
v 0.036215 -0.064461 0.018361
v 0.021099 -0.064461 0.013741
v -0.135742 -0.125017 0.138860
v -0.135742 -0.062117 0.185919
v -0.135742 0.009318 0.138297
v -0.135742 -0.012765 0.173873
v 0.050752 0.006698 0.135628
v 0.063296 -0.000704 0.097285
v 0.063296 -0.003355 0.116138
v 0.048250 -0.058129 0.135628
v 0.063296 -0.040741 0.135628
v 0.063296 -0.064461 0.110705
v 0.049595 -0.064461 0.127341
v 0.042681 -0.064461 0.135628
v -0.000484 -0.140968 0.106519
v 0.065545 -0.140968 0.027580
v -0.119681 -0.139602 0.125982
v -0.108366 -0.140968 0.125812
v -0.047924 -0.140968 0.132658
v -0.020000 -0.140968 0.117372
v -0.125616 -0.138886 0.125915
v -0.135742 -0.130902 0.132763
v -0.132794 -0.138020 0.125803
v -0.135742 -0.030759 0.202338
v 0.055549 0.002329 0.135628
v 0.063296 -0.006591 0.135628
v -0.021099 0.032191 0.001107
v -0.021226 -0.064461 0.001031
v -0.021020 -0.140968 0.001059
v -0.026319 -0.140968 0.000991
v -0.034574 -0.064461 0.000860
v -0.063296 -0.064461 0.000847
v -0.064352 0.038094 0.000894
v -0.063296 0.031473 0.000687
v -0.108366 -0.140968 0.000976
v -0.132794 -0.138020 0.000971
v -0.135742 -0.130902 0.000957
v -0.135742 0.006434 0.000698
v -0.021099 0.033014 0.015538
v -0.135742 0.010348 0.074222
v -0.135742 0.010848 0.132273
v -0.063296 0.038522 0.006499
v -0.063296 0.039342 0.105139
v -0.043520 0.037279 0.135628
v -0.052732 0.038990 0.135628
v -0.036164 0.035845 0.135628
v -0.021099 0.032955 0.082153
v -0.063296 0.038940 0.135628
v -0.016106 -0.140968 0.002479
v -0.021099 0.032680 0.135628
v 0.021099 0.019725 0.135628
v 0.021099 0.019897 0.067043
v 0.021099 0.015216 0.013761
v 0.021099 -0.025474 0.013704
v 0.063296 -0.064461 0.026804
v 0.036215 -0.064461 0.018361
v 0.063296 -0.012184 0.026878
v 0.021099 -0.064461 0.013741
v -0.135742 0.009318 0.138297
v 0.063296 -0.000620 0.027879
v -0.135742 -0.012765 0.173873
v 0.045974 0.009269 0.137638
v 0.050752 0.006698 0.135628
v 0.063296 -0.000704 0.097285
v 0.063296 -0.003355 0.116138
v 0.048250 -0.058129 0.135628
v 0.063296 -0.040741 0.135628
v 0.063296 -0.064461 0.110705
v 0.049595 -0.064461 0.127341
v 0.042681 -0.064461 0.135628
v -0.000484 -0.140968 0.106519
v 0.065545 -0.140968 0.027580
v -0.119681 -0.139602 0.125982
v -0.108366 -0.140968 0.125812
v -0.047924 -0.140968 0.132658
v -0.135742 -0.062117 0.185919
v -0.135742 -0.125017 0.138860
v -0.020000 -0.140968 0.117372
v -0.125616 -0.138886 0.125915
v -0.132794 -0.138020 0.125803
v -0.135742 -0.130902 0.132763
v -0.135742 -0.030759 0.202338
v 0.055549 0.002329 0.135628
v 0.063296 -0.006591 0.135628
vn -0.0104 0.0296 -0.9995
vn 0.1693 0.9840 -0.0561
vn 0.0128 -0.0003 -0.9999
vn 0.2928 -0.0018 -0.9562
vn -0.4048 0.9131 -0.0486
vn -0.3694 0.9292 -0.0080
vn -0.3399 0.9404 -0.0078
vn 0.1826 0.9832 0.0022
vn 0.1914 0.9815 0.0009
vn -0.0048 0.9999 0.0132
vn 0.2777 0.0004 -0.9607
vn 0.2056 0.9786 0.0050
vn 0.3483 0.9374 0.0054
vn 0.3874 0.9219 0.0023
vn 0.5589 0.8260 -0.0726
vn 0.3391 0.0757 -0.9377
vn 0.2976 0.0014 -0.9547
vn 0.2982 -0.0003 -0.9545
vn -0.4704 -0.5287 0.7066
vn -0.3906 0.9129 0.1183
vn -0.4116 0.7743 0.4807
vn -0.4046 0.8389 0.3642
vn -0.3825 0.8964 0.2242
vn -0.0571 0.9952 0.0789
vn 0.1838 0.9241 0.3349
vn 0.3048 0.8433 0.4427
vn 0.2378 0.8286 0.5068
vn 0.3099 0.7471 0.5880
vn 0.3152 0.7436 0.5897
vn 0.3475 0.7311 0.5871
vn 0.3635 0.7322 0.5760
vn 0.0003 -0.0018 -1.0000
vn 0.5638 0.6346 0.5286
vn 0.5180 0.8554 0.0010
vn 0.7398 0.6663 0.0937
vn 0.7488 0.6544 0.1053
vn 0.9184 0.3174 0.2361
vn 0.8501 -0.3814 0.3632
vn 0.8488 -0.3827 0.3647
vn 0.6419 -0.5555 0.5286
vn 0.6364 -0.5596 0.5309
vn 0.6349 -0.5612 0.5310
vn -0.0774 -0.7263 0.6830
vn 0.3516 -0.6811 0.6422
vn -0.0944 -0.7174 0.6902
vn -0.0972 -0.7161 0.6912
vn -0.4084 0.7716 0.4877
vn -0.4099 -0.4231 0.8081
vn -0.3914 -0.4291 0.8141
vn -0.1018 -0.7102 0.6966
vn -0.0538 0.8224 0.5664
vn -0.3991 0.7719 0.4949
vn -0.2360 0.7373 0.6329
vn 0.4580 0.5363 0.7090
vn 0.3232 0.7276 0.6051
vn 0.3977 0.5554 0.7303
vn 0.4831 -0.3403 0.8067
vn 0.5840 0.6154 0.5294
vn 0.5769 0.6249 0.5260
vn 0.6328 -0.5543 0.5407
vn 0.7475 0.6492 0.1402
vn 0.4653 -0.4254 0.7762
vn 0.3578 -0.6754 0.6448
vn 0.3570 -0.6786 0.6419
vn 0.4670 -0.4244 0.7758
vn 0.3042 -0.4245 0.8528
vn 0.3194 -0.4258 0.8466
vn 0.3175 -0.4242 0.8481
vn 0.3126 -0.4220 0.8510
vn 0.2775 -0.4283 0.8600
vn -0.1014 -0.6632 0.7415
vn -0.1112 -0.6935 0.7118
vn -0.2732 0.5275 0.8044
vn -0.3173 -0.4332 0.8436
vn -0.3003 -0.4084 0.8620
vn -0.1910 -0.5987 0.7779
vn 0.2210 -0.4236 0.8785
vn 0.3722 -0.4137 0.8309
vn 0.3992 -0.4216 0.8142
vn -0.9949 -0.1012 -0.0000
vn -0.9808 -0.1949 -0.0000
vn -0.6048 -0.7964 -0.0000
vn -0.6865 -0.7271 -0.0000
vn -0.0600 -0.9982 -0.0000
vn -0.0582 -0.9983 -0.0000
vn -0.1198 -0.9928 -0.0000
vn 0.3196 0.7358 0.5970
vn -0.0000 -1.0000 -0.0000
vn 0.7089 0.0002 -0.7053
vn 0.5773 0.5774 -0.5774
vn 0.7075 0.7067 -0.0002
vn 1.0000 0.0002 -0.0003
vn 1.0000 -0.0000 -0.0000
vn 0.8024 0.0062 -0.5967
vn 0.5771 0.5804 -0.5745
vn 0.7768 0.6297 -0.0000
vn -1.0000 0.0007 0.0005
vn -0.7036 0.7106 0.0003
vn -0.5774 0.5775 -0.5772
vn -0.6635 0.0004 -0.7482
vn 0.0045 0.0103 -0.9999
vn -0.5793 0.0084 -0.8151
vn -0.6909 0.0075 -0.7229
vn 0.0032 0.7068 -0.7074
vn -0.0000 1.0000 -0.0000
vn -0.6965 0.7175 -0.0000
vn -0.6422 0.7665 -0.0000
vn -1.0000 -0.0000 -0.0000
vn -0.0000 -0.0000 -1.0000
vt 0.411007 0.000000
vt 1.000000 0.056293
vt 0.873482 0.873482
vt 1.000000 0.000000
vt 1.000000 0.463002
vt 0.640949 0.000000
vt 0.774762 0.000000
vt 1.000000 0.219982
vt 1.000000 0.554190
vt 0.432568 0.000000
vt 1.000000 0.228660
vt 1.000000 1.000000
vt 0.679520 0.679520
vt 0.805532 0.531114
vt 0.449749 0.449749
vt 0.003842 0.000000
vt 1.000000 0.588993
vt 0.410170 0.000000
vt 0.410170 0.410170
vt 0.414215 0.000000
vt 0.331862 0.000000
vt 1.000000 0.810103
vt 0.000000 0.000000
vt 1.000000 0.140734
vt 0.143461 0.143461
vt 0.118317 0.000000
vt 0.140734 0.140734
vt 1.000000 0.359051
vt 0.485459 0.000000
vt 1.000000 0.143461
vt 0.198727 0.071745
vt 0.331863 0.331863
vt 0.225238 0.000000
vt 0.567520 0.005925
vt 1.000000 0.018023
vt 0.228660 0.228660
vt 0.118316 0.118316
vt 0.485459 0.485459
vt 0.490291 0.085499
vt 1.000000 0.015410
vt 0.368751 0.032823
vt 1.000000 0.541252
vt 1.000000 0.585442
vt 0.541252 0.541252
vt 0.218221 0.218221
vt 1.000000 0.401021
vt 0.800437 0.800437
vt 1.000000 0.679520
vt 0.657420 0.245667
vt 0.401021 0.401021
vt 1.000000 0.449749
vt 0.591623 0.000000
vt 1.000000 0.329950
vt 1.000000 0.585785
vt 0.083848 0.083848
vt 1.000000 0.610675
vt 0.318360 0.000000
vt 0.610675 0.610675
vt 0.678843 0.294959
vt 0.696788 0.334400
vt 1.000000 0.355906
vt 1.000000 0.873482
vt 0.595995 0.398178
vt 0.554190 0.554190
vt 0.219982 0.219982
vt 0.530756 0.278732
vt 1.000000 0.316140
vt 1.000000 0.587089
vt 0.369108 0.000000
vt 0.369108 0.369108
vt 0.196093 0.000000
vt 0.196093 0.196093
vt 0.471872 0.000000
vt 1.000000 0.299084
vt 0.248063 0.159527
vt 0.450208 0.358569
vt 1.000000 0.352791
vt 0.352791 0.352791
vt 0.443586 0.305087
vt 0.299084 0.299084
vt 0.610024 0.000000
vt 0.578451 0.000000
vt 0.589654 0.102377
vt 0.589386 0.589386
vt 0.409194 0.000000
vt 1.000000 0.589386
vt 0.578451 0.578451
vt 1.000000 0.598512
vt 0.598512 0.598512
vt 1.000000 0.408377
vt 0.926950 0.473238
vt 0.771832 0.562535
vt 0.469251 0.469251
vt 1.000000 0.681640
vt 1.000000 0.469251
vt 0.406019 0.406019
vt 1.000000 0.019737
vt 0.864459 0.000000
vt 0.768891 0.498458
vt 0.864459 0.864459
vt 1.000000 0.389976
vt 0.590806 0.000000
vt 0.383926 0.809622
vt 0.383926 0.874529
vt 0.375000 0.874522
vt 0.375000 0.813049
vt 0.250478 0.750000
vt 0.250371 0.714341
vt 0.297852 0.714341
vt 0.309081 0.730858
vt 0.312535 0.739522
vt 0.311951 0.750000
vt 0.170724 0.714341
vt 0.185328 0.655933
vt 0.185872 0.651173
vt 0.186381 0.645907
vt 0.181348 0.567588
vt 0.187628 0.625953
vt 0.185977 0.650080
vt 0.183136 0.670518
vt 0.683211 0.683287
vt 0.683211 0.683287
vt 0.749583 0.683287
vt 0.749662 0.683287
vt 0.749437 0.683287
vt 0.746800 0.683287
vt 0.698225 0.683287
vt 0.743014 0.605571
vt 0.716985 0.605571
vt 0.683211 0.605571
vt 0.743234 0.605571
vt 0.743252 0.605571
vt 0.749455 0.644429
vt 0.749474 0.644429
vt 0.683211 0.644429
vt 0.709544 0.644429
vt 0.742348 0.644429
vt 0.683211 0.576451
vt 0.683211 0.573847
vt 0.683211 0.566713
vt 0.683211 0.580569
vt 0.683211 0.585697
vt 0.683211 0.582585
vt 0.683211 0.644546
vt 0.683211 0.656838
vt 0.816789 0.683287
vt 0.816789 0.566713
vt 0.816789 0.591651
vt 0.816789 0.605571
vt 0.816789 0.585697
vt 0.816789 0.579330
vt 0.736392 0.566713
vt 0.736764 0.566713
vt 0.736801 0.566713
vt 0.695484 0.566713
vt 0.684231 0.566713
vt 0.692808 0.566713
vt 0.702093 0.566713
vt 0.683211 0.673559
vt 0.683211 0.665076
vt 0.683211 0.658302
vt 0.508404 0.808179
vt 0.508715 0.809863
vt 0.507744 0.838450
vt 0.504120 0.874656
vt 0.383926 0.874529
vt 0.389107 0.806619
vt 0.444731 0.783445
vt 0.472598 0.775360
vt 0.488314 0.789377
s 0
usemtl Material.027
f 1314/1730/920 1309/1731/920 1310/1732/920
f 1242/1733/921 1303/1734/921 1315/1735/921
f 1305/1736/922 1306/1737/922 1307/1738/922 1304/1739/922
f 1325/1740/923 1242/1741/923 1330/1742/923 1334/1743/923 1332/1744/923 1348/1745/923
f 1314/1746/924 1316/1747/924 1309/1733/924
f 1236/1733/925 1309/1741/925 1316/1748/925 1317/1749/925
f 1319/1750/926 1318/1751/926 1309/1741/926 1236/1752/926
f 1238/1752/927 1233/1733/927 1320/1753/927 1321/1754/927
f 1233/1752/928 1322/1755/928 1320/1756/928
f 1242/1733/928 1315/1757/928 1323/1758/928
f 1236/1752/929 1238/1733/929 1321/1759/929 1324/1760/929 1319/1761/929
f 1305/1762/930 1304/1763/930 1303/1764/930 1242/1741/930 1325/1765/930
f 1322/1766/931 1233/1752/931 1234/1733/931 1242/1741/931 1323/1767/931 1326/1768/931
f 1234/1752/932 1232/1733/932 1242/1741/932
f 1242/1741/933 1232/1752/933 1338/1769/933 1327/1770/933 1328/1771/933
f 1329/1772/934 1242/1741/934 1328/1773/934
f 1336/1774/935 1243/1752/935 1241/1733/935 1333/1775/935
f 1329/1776/936 1330/1777/936 1242/1741/936
f 1331/1778/937 1333/1779/937 1241/1752/937 1348/1733/937 1332/1780/937
f 1353/1781/938 1213/1733/938 1352/1782/938
f 1230/1752/939 1236/1733/939 1317/1783/939 1335/1784/939
f 1335/1785/940 1337/1786/940 1231/1733/940
f 1231/1752/941 1230/1733/941 1335/1787/941
f 1230/1752/942 1231/1733/942 1236/1741/942
f 1231/1752/943 1238/1733/943 1236/1741/943
f 1231/1752/944 1233/1733/944 1238/1741/944
f 1232/1752/945 1234/1733/945 1233/1741/945
f 1231/1752/946 1229/1733/946 1233/1741/946
f 1229/1752/947 1228/1733/947 1233/1741/947
f 1228/1752/948 1232/1733/948 1233/1741/948
f 1227/1752/949 1219/1733/949 1232/1741/949
f 1219/1752/950 1338/1733/950 1232/1741/950
f 1312/1788/951 1313/1789/951 1314/1790/951 1310/1791/951 1308/1792/951 1307/1793/951 1306/1794/951 1311/1795/951
f 1339/1796/952 1338/1741/952 1219/1752/952
f 1243/1733/953 1336/1797/953 1340/1798/953
f 1241/1733/954 1243/1741/954 1340/1799/954 1341/1800/954
f 1240/1733/955 1241/1741/955 1341/1801/955 1360/1802/955
f 1240/1752/956 1239/1733/956 1241/1741/956
f 1239/1752/957 1348/1733/957 1241/1741/957
f 1239/1752/958 1220/1733/958 1348/1741/958
f 1348/1741/959 1220/1752/959 1219/1733/959 1342/1803/959 1343/1804/959 1344/1805/959 1345/1806/959
f 1219/1752/960 1215/1733/960 1348/1741/960 1345/1807/960 1346/1808/960 1342/1809/960
f 1348/1741/961 1215/1752/961 1347/1810/961
f 1210/1752/962 1349/1811/962 1350/1812/962 1351/1813/962
f 1354/1814/963 1210/1733/963 1351/1815/963
f 1349/1816/964 1210/1752/964 1211/1733/964 1355/1817/964
f 1355/1818/965 1211/1752/965 1213/1733/965 1353/1819/965 1357/1820/965 1356/1821/965
f 1358/1822/966 1225/1752/966 1231/1733/966 1337/1823/966
f 1213/1752/967 1225/1733/967 1358/1824/967 1352/1825/967
f 1214/1752/968 1225/1733/968 1213/1741/968
f 1211/1752/969 1214/1733/969 1213/1741/969
f 1228/1752/970 1229/1733/970 1231/1741/970
f 1225/1752/971 1228/1733/971 1231/1741/971
f 1225/1752/972 1224/1733/972 1228/1741/972
f 1218/1752/973 1219/1733/973 1227/1741/973
f 1224/1752/974 1223/1733/974 1227/1741/974
f 1223/1752/975 1226/1733/975 1227/1741/975
f 1226/1752/976 1218/1733/976 1227/1741/976
f 1220/1752/977 1239/1733/977 1219/1741/977
f 1339/1826/978 1219/1741/978 1239/1752/978 1359/1827/978
f 1218/1752/979 1215/1733/979 1219/1741/979
f 1239/1752/980 1240/1733/980 1360/1828/980 1359/1829/980
f 1226/1752/981 1216/1733/981 1215/1741/981
f 1216/1752/982 1210/1733/982 1215/1741/982
f 1347/1830/983 1215/1741/983 1210/1752/983 1354/1831/983
f 1218/1752/984 1226/1733/984 1215/1741/984
f 1224/1752/985 1211/1733/985 1210/1741/985
f 1216/1752/986 1222/1733/986 1210/1741/986
f 1222/1752/987 1223/1733/987 1210/1741/987
f 1223/1752/988 1224/1733/988 1210/1741/988
f 1224/1752/989 1217/1733/989 1211/1741/989
f 1217/1752/990 1212/1733/990 1211/1741/990
f 1212/1752/991 1214/1733/991 1211/1741/991
f 1221/1752/992 1224/1733/992 1225/1741/992
f 1214/1752/993 1217/1733/993 1225/1741/993
f 1217/1752/994 1221/1733/994 1225/1741/994
f 1212/1752/995 1217/1733/995 1214/1741/995
f 1221/1752/996 1217/1733/996 1224/1741/996
f 1222/1752/997 1226/1733/997 1223/1741/997
f 1222/1752/998 1216/1733/998 1226/1741/998
f 1224/1752/1006 1227/1733/1006 1232/1741/1006 1228/1741/1006
s 1
usemtl Material.020
f 1298/1832/999 1257/1833/1000 1259/1834/1001 1299/1835/1002
f 1259/1836/1001 1258/1837/1003 1294/1838/1004 1293/1839/1005 1297/1840/1005 1299/1841/1002
f 1258/1842/1003 1251/1843/1007 1252/1844/1007 1268/1845/1007 1292/1846/1007 1291/1847/1007 1296/1848/1007 1295/1849/1007 1294/1842/1004
f 1267/1850/1008 1245/1851/1009 1255/1852/1010 1248/1853/1011 1237/1854/1011 1261/1855/1011 1262/1856/1011
f 1273/1857/1012 1271/1858/1012 1270/1859/1013 1244/1859/1014 1278/1860/1015 1275/1861/1012
f 1250/1862/1016 1253/1863/1017 1246/1864/1018 1269/1864/1019 1265/1865/1016 1249/1866/1016
f 1283/1867/1020 1301/1868/1020 1302/1869/1021 1287/1869/1022 1286/1870/1020 1290/1871/1023 1244/1859/1014 1270/1859/1013 1235/1872/1020
f 1253/1873/1017 1254/1874/1024 1255/1875/1010 1245/1875/1009 1246/1864/1018
f 1288/1876/1025 1276/1876/1026 1277/1877/1024 1278/1878/1015 1244/1878/1014 1290/1879/1023 1289/1880/1024
f 1272/1881/1027 1274/1882/1027 1276/1883/1026 1288/1884/1025 1287/1869/1022 1302/1885/1021 1285/1886/1027 1284/1887/1027
f 1246/1864/1018 1245/1851/1009 1267/1851/1008 1264/1888/1028 1263/1889/1028 1266/1890/1028 1269/1864/1019
f 1281/1891/1027 1260/1892/1027 1256/1893/1027 1247/1894/1027 1257/1895/1000 1298/1832/999 1279/1896/1027 1280/1897/1027 1300/1898/1027 1282/1899/1027
g Toaster_cell.027_Toaster_cell.026
v -0.020314 -0.051964 -0.211753
v -0.019681 -0.027317 -0.225523
v -0.020119 0.032483 -0.155394
v -0.020214 0.033443 -0.000924
v 0.003798 -0.069820 -0.208143
v -0.008722 -0.058456 -0.212380
v 0.068593 -0.042255 -0.229477
v 0.066599 -0.033201 -0.236886
v -0.008430 -0.029030 -0.229100
v 0.012178 -0.028875 -0.232061
v 0.081696 -0.030884 -0.224928
v 0.088922 -0.030208 -0.217749
v 0.074100 -0.029408 -0.232209
v 0.071440 -0.013071 -0.213506
v 0.056275 0.030292 -0.163026
v 0.041216 0.036356 -0.155675
v 0.010037 0.036265 -0.155310
v 0.064844 0.032859 -0.146287
v 0.059252 0.033679 -0.152404
v -0.002082 0.038212 -0.147121
v 0.082412 0.028295 -0.117727
v 0.017664 0.042525 -0.004410
v 0.080708 0.029360 0.001171
v 0.000015 0.039097 -0.001449
v 0.102773 0.017068 0.007180
v -0.000010 0.028859 0.005328
v 0.081914 -0.011404 0.030780
v 0.106334 -0.039390 0.038883
v 0.021099 -0.064461 -0.135628
v 0.063296 -0.064461 -0.135628
v 0.021099 0.037544 -0.000548
v 0.063296 0.032841 0.000906
v 0.021099 0.041821 -0.014738
v 0.061299 0.033585 -0.135628
v 0.021099 0.041644 -0.057905
v 0.041108 0.037472 -0.135628
v 0.021099 0.040107 -0.131705
v 0.021099 0.026247 0.007935
v 0.063296 0.016387 0.013331
v 0.063296 0.009816 0.018229
v 0.135742 -0.003872 -0.107111
v 0.135742 -0.001683 -0.098019
v 0.135742 -0.006007 -0.113944
v 0.135742 -0.009067 -0.120476
v 0.135742 -0.011747 -0.125257
v 0.035483 0.038487 -0.135628
v 0.029650 0.039418 -0.135628
v -0.020227 -0.140968 -0.000972
v 0.021100 -0.140968 0.012098
v 0.021099 -0.064461 0.012085
v 0.021099 0.009666 0.012072
v 0.057141 -0.140968 0.023432
v 0.063296 -0.014620 0.025345
v 0.063296 -0.064461 0.025354
v 0.021099 0.018611 0.011982
v -0.020260 -0.140968 -0.076396
v 0.063296 0.000304 0.025086
v 0.135742 -0.001590 0.005468
v 0.135742 -0.035971 0.025605
v 0.135742 -0.001552 -0.027464
v 0.135742 -0.032441 -0.158880
v 0.135742 -0.025908 -0.148373
v 0.132794 -0.138020 -0.051785
v 0.135742 -0.130902 -0.055685
v 0.116136 -0.140030 -0.069789
v -0.020141 -0.140968 -0.118349
v 0.066517 -0.140968 0.025839
v 0.079288 -0.140968 0.023071
v 0.108366 -0.140968 0.015727
v 0.121157 -0.139424 0.012841
v 0.132794 -0.138020 0.010147
v 0.135742 -0.130902 0.010966
v 0.135742 -0.044046 0.030236
v -0.015764 -0.140968 -0.121161
v 0.108366 -0.140968 -0.078122
v 0.051054 -0.140968 -0.146676
v 0.023891 -0.140968 -0.146257
v 0.017664 0.042525 -0.004410
v 0.021099 0.041821 -0.014738
v 0.021099 0.041644 -0.057905
v 0.061299 0.033585 -0.135628
v 0.041108 0.037472 -0.135628
v 0.021099 0.040107 -0.131705
v 0.021099 0.037544 -0.000548
v 0.021099 0.026247 0.007935
v 0.063296 0.032841 0.000906
v 0.063296 0.016387 0.013331
v 0.063296 0.009816 0.018229
v 0.135742 -0.003872 -0.107111
v 0.135742 -0.001683 -0.098019
v 0.135742 -0.006007 -0.113944
v 0.135742 -0.009067 -0.120476
v 0.135742 -0.011747 -0.125257
v 0.035483 0.038487 -0.135628
v 0.029650 0.039418 -0.135628
v 0.021099 0.018611 0.011982
v -0.020227 -0.140968 -0.000972
v 0.021100 -0.140968 0.012098
v 0.057141 -0.140968 0.023432
v 0.063296 -0.014620 0.025345
v 0.063296 -0.064461 0.025354
v 0.021099 -0.064461 0.012085
v 0.021099 0.009666 0.012072
v -0.020260 -0.140968 -0.076396
v 0.063296 0.000304 0.025086
v 0.135742 -0.001590 0.005468
v 0.135742 -0.035971 0.025605
v 0.135742 -0.001552 -0.027464
v 0.135742 -0.032441 -0.158880
v 0.135742 -0.025908 -0.148373
v 0.132794 -0.138020 -0.051785
v 0.116136 -0.140030 -0.069789
v 0.135742 -0.130902 -0.055685
v -0.020141 -0.140968 -0.118349
v 0.066517 -0.140968 0.025839
v 0.079288 -0.140968 0.023071
v 0.108366 -0.140968 0.015727
v 0.121157 -0.139424 0.012841
v 0.132794 -0.138020 0.010147
v 0.135742 -0.130902 0.010966
v 0.023891 -0.140968 -0.146257
v 0.051054 -0.140968 -0.146676
v 0.135742 -0.044046 0.030236
v -0.015764 -0.140968 -0.121161
v 0.108366 -0.140968 -0.078122
vn 0.0119 0.6178 0.7862
vn 0.1979 0.9802 0.0022
vn 0.1891 0.9820 -0.0040
vn -0.0677 0.9975 -0.0208
vn -0.1912 0.9816 -0.0032
vn -0.1315 0.5474 0.8265
vn -0.0415 0.5176 0.8546
vn 0.0101 0.6005 0.7996
vn -0.2692 0.9631 -0.0020
vn 0.1077 0.5991 0.7934
vn 0.1139 0.5938 0.7965
vn 0.4869 0.8735 -0.0009
vn 0.2589 0.9659 -0.0049
vn 0.5348 0.8215 -0.1977
vn 0.5504 0.7969 -0.2490
vn 0.5679 0.7453 -0.3492
vn 0.5701 0.7167 -0.4017
vn 0.5355 0.7496 -0.3891
vn 0.1775 0.9836 -0.0304
vn 0.1572 0.9858 -0.0598
vn 0.0142 0.9896 -0.1429
vn -0.0056 0.9710 -0.2391
vn -0.1137 0.9155 -0.3859
vn -0.3001 0.9539 -0.0061
vn -0.3016 -0.0002 0.9534
vn -0.3000 0.0002 0.9539
vn -0.2950 0.0096 0.9554
vn -0.2913 0.0166 0.9565
vn -0.2911 0.0214 0.9565
vn -1.0000 0.0027 -0.0006
vn -1.0000 0.0001 0.0004
vn -0.2641 0.0485 0.9633
vn 0.1188 0.5806 0.8055
vn 0.2788 0.4835 0.8298
vn 0.3141 0.4798 0.8192
vn 0.4926 0.8703 0.0010
vn 0.4905 0.8715 -0.0016
vn 0.5759 0.6943 -0.4317
vn 0.5731 0.6988 -0.4281
vn 0.6402 -0.5558 -0.5303
vn 0.1991 0.9162 -0.3479
vn 0.0016 0.7588 -0.6513
vn 0.2449 -0.2101 0.9465
vn -0.0932 0.7578 -0.6458
vn -0.0956 0.7571 -0.6462
vn -0.9997 0.0150 -0.0191
vn -1.0000 -0.0049 -0.0028
vn -0.2486 -0.0269 0.9682
vn 0.2073 -0.2041 0.9567
vn 0.2393 -0.2112 0.9477
vn 0.3167 0.4719 0.8228
vn -0.3321 -0.4535 -0.8271
vn -0.3068 -0.4679 -0.8288
vn -0.4050 -0.6623 -0.6304
vn 0.6353 -0.4950 -0.5928
vn 0.6981 0.0867 -0.7107
vn 0.5351 0.6725 -0.5113
vn 0.6373 -0.5581 -0.5314
vn 0.0271 0.7548 -0.6555
vn 0.0023 0.7576 -0.6528
vn 0.6361 -0.5591 -0.5318
vn -0.1154 -0.4833 -0.8678
vn -0.1210 -0.4821 -0.8677
vn -0.1021 0.7331 -0.6724
vn -0.3998 -0.6642 -0.6317
vn -0.1511 -0.4872 -0.8601
vn -0.3873 -0.6649 -0.6386
vn 0.6018 -0.4223 -0.6779
vn 0.0142 -0.6483 -0.7613
vn 0.0134 -0.6315 -0.7753
vn 0.6154 -0.3403 -0.7110
vn 0.5883 -0.8087 -0.0000
vn 0.5669 -0.8238 -0.0000
vn 0.9924 -0.1232 -0.0000
vn 0.9845 -0.1756 -0.0000
vn 0.1198 -0.9928 -0.0000
vn 0.0512 -0.9987 -0.0000
vn 0.0283 -0.9996 -0.0000
vn -0.0000 -1.0000 -0.0000
vn -0.0095 0.7622 -0.6473
vn 1.0000 0.0016 0.0005
vn 0.6415 0.7671 0.0003
vn 0.5874 0.5718 0.5728
vn 0.7542 -0.0015 0.6567
vn -0.5624 0.5832 0.5862
vn -0.6370 -0.0091 0.7708
vn 0.0486 -0.0040 0.9988
vn -0.7819 0.6234 0.0050
vn -0.9999 -0.0089 0.0063
vn 1.0000 -0.0000 -0.0000
vt 1.000000 1.000000
vt 0.000000 0.000000
vt 0.416362 0.000000
vt 1.000000 0.000000
vt 0.969238 0.043156
vt 0.276195 0.276195
vt 0.927201 0.927201
vt 1.000000 0.569536
vt 0.075128 0.075128
vt 0.605489 0.000000
vt 0.569536 0.569536
vt 0.163905 0.000000
vt 0.409096 0.000000
vt 1.000000 0.591191
vt 0.591191 0.591191
vt 1.000000 0.583638
vt 1.000000 0.579355
vt 0.402033 0.000000
vt 0.402033 0.402033
vt 0.228723 0.000000
vt 0.517742 0.000000
vt 1.000000 0.411991
vt 0.411991 0.411991
vt 1.000000 0.411570
vt 0.411570 0.411570
vt 1.000000 0.377500
vt 0.377500 0.377500
vt 0.351085 0.000000
vt 0.707218 0.000000
vt 1.000000 0.394511
vt 1.000000 0.742699
vt 0.707218 0.707218
vt 0.742699 0.742699
vt 0.894966 0.672064
vt 1.000000 0.222723
vt 0.221367 0.221367
vt 0.222723 0.222723
vt 0.329758 0.000000
vt 1.000000 0.340094
vt 0.742817 0.190931
vt 0.617500 0.451696
vt 1.000000 0.673540
vt 0.673540 0.673540
vt 1.000000 0.424635
vt 0.786156 0.000000
vt 0.340094 0.340094
vt 0.590904 0.000000
vt 0.642213 0.000000
vt 1.000000 0.221367
vt 0.786156 0.786156
vt 1.000000 0.771277
vt 0.613955 0.613955
vt 0.368482 0.000000
vt 1.000000 0.604541
vt 0.604541 0.604541
vt 1.000000 0.601072
vt 0.601072 0.601072
vt 0.482258 0.000000
vt 1.000000 0.599292
vt 0.521300 0.521300
vt 1.000000 0.648915
vt 0.599292 0.599292
vt 0.318398 0.000000
vt 1.000000 0.521300
vt 0.381603 0.246392
vt 0.336016 0.193300
vt 1.000000 0.590957
vt 0.341629 0.341629
vt 0.452437 0.274011
vt 0.533607 0.294881
vt 0.642213 0.642213
vt 0.639655 0.000000
vt 0.017582 0.000000
vt 1.000000 0.670242
vt 0.017582 0.017582
vt 1.000000 0.331631
vt 1.000000 0.341629
vt 0.331631 0.331631
vt 0.793288 0.331519
vt 0.590957 0.590957
vt 1.000000 0.631518
vt 0.622020 0.000000
vt 1.000000 0.360345
vt 0.318398 0.318398
vt 0.337936 0.000000
vt 0.337062 0.000000
vt 0.998548 0.660711
vt 0.622020 0.622020
vt 0.646623 0.000000
vt 1.000000 0.353377
vt 0.313565 0.313565
vt 0.387923 0.000000
vt 0.375000 0.379997
vt 0.375000 0.349499
vt 0.383926 0.347578
vt 0.383926 0.380400
vt 0.225868 0.524317
vt 0.224499 0.500000
vt 0.254997 0.500000
vt 0.261273 0.516987
vt 0.255982 0.535659
vt 0.220403 0.535484
vt 0.170724 0.535659
vt 0.178697 0.557705
vt 0.181250 0.566931
vt 0.182201 0.573260
vt 0.185864 0.598742
vt 0.185954 0.650323
vt 0.185950 0.650359
vt 0.185963 0.650231
vt 0.186416 0.645541
vt 0.185258 0.593603
vt 0.182819 0.577369
vt 0.751909 0.605571
vt 0.750270 0.605571
vt 0.746092 0.605571
vt 0.744100 0.605571
vt 0.744055 0.605571
vt 0.744049 0.605571
vt 0.816789 0.605571
vt 0.814857 0.605571
vt 0.778515 0.605571
vt 0.757258 0.605571
vt 0.816789 0.566713
vt 0.816789 0.568552
vt 0.816789 0.587145
vt 0.816789 0.592325
vt 0.816789 0.597697
vt 0.737647 0.566713
vt 0.741023 0.566713
vt 0.743435 0.566713
vt 0.750182 0.566713
vt 0.737515 0.566713
vt 0.737519 0.566713
vt 0.491119 0.315673
vt 0.493751 0.318889
vt 0.495566 0.322254
vt 0.497411 0.326731
vt 0.497197 0.361476
vt 0.497139 0.377692
vt 0.467160 0.387609
vt 0.460104 0.389889
vt 0.383926 0.347578
vt 0.470819 0.296760
vt 0.476512 0.301935
vt 0.488804 0.313318
s 0
usemtl Material.027
f 1438/1900/1029 1384/1901/1029 1444/1902/1029
f 1383/1901/1030 1378/1903/1030 1441/1904/1030 1446/1905/1030
f 1438/1900/1031 1439/1906/1031 1440/1907/1031
f 1441/1908/1031 1378/1901/1031 1442/1909/1031
f 1440/1910/1032 1443/1911/1032 1380/1903/1032 1438/1900/1032
f 1380/1901/1033 1384/1903/1033 1438/1900/1033
f 1364/1901/1034 1386/1903/1034 1384/1900/1034
f 1384/1900/1035 1386/1901/1035 1456/1912/1035 1445/1913/1035
f 1384/1900/1036 1445/1914/1036 1444/1915/1036
f 1380/1901/1037 1364/1903/1037 1384/1900/1037
f 1446/1916/1038 1447/1917/1038 1383/1903/1038
f 1385/1903/1039 1383/1900/1039 1447/1918/1039 1448/1919/1039
f 1385/1901/1040 1381/1903/1040 1383/1900/1040
f 1381/1901/1041 1378/1903/1041 1383/1900/1041
f 1378/1900/1042 1381/1901/1042 1450/1920/1042 1449/1921/1042
f 1378/1900/1043 1449/1922/1043 1451/1923/1043
f 1378/1900/1044 1451/1924/1044 1452/1925/1044
f 1375/1903/1045 1378/1900/1045 1452/1926/1045 1453/1927/1045
f 1375/1901/1046 1379/1903/1046 1378/1900/1046
f 1379/1901/1047 1454/1928/1047 1442/1929/1047 1378/1900/1047
f 1376/1903/1048 1455/1930/1048 1454/1931/1048 1379/1901/1048
f 1455/1932/1049 1376/1901/1049 1380/1903/1049 1443/1933/1049
f 1376/1901/1050 1377/1903/1050 1380/1900/1050
f 1377/1901/1051 1363/1903/1051 1380/1900/1051
f 1363/1901/1052 1364/1903/1052 1380/1900/1052
f 1458/1934/1053 1364/1900/1053 1457/1935/1053
f 1364/1900/1054 1458/1936/1054 1459/1937/1054 1388/1903/1054 1460/1938/1054 1461/1939/1054 1462/1940/1054 1463/1941/1054
f 1364/1900/1055 1463/1942/1055 1456/1943/1055
f 1388/1901/1056 1465/1944/1056 1460/1945/1056
f 1456/1946/1057 1386/1903/1057 1364/1900/1057
f 1363/1901/1058 1361/1903/1058 1364/1900/1058
f 1364/1900/1059 1361/1901/1059 1464/1947/1059 1457/1948/1059
f 1388/1901/1060 1387/1903/1060 1465/1949/1060
f 1387/1901/1061 1385/1903/1061 1448/1950/1061 1465/1951/1061
f 1387/1901/1062 1388/1903/1062 1385/1900/1062
f 1385/1900/1063 1388/1901/1063 1467/1952/1063 1466/1953/1063
f 1385/1900/1064 1466/1954/1064 1468/1955/1064
f 1468/1956/1065 1450/1957/1065 1381/1903/1065 1385/1900/1065
f 1372/1901/1066 1374/1903/1066 1470/1958/1066 1469/1959/1066
f 1374/1901/1067 1375/1903/1067 1453/1960/1067 1470/1961/1067
f 1472/1962/1068 1372/1903/1068 1469/1963/1068 1473/1964/1068 1471/1965/1068
f 1376/1901/1069 1379/1903/1069 1375/1900/1069
f 1374/1901/1070 1370/1903/1070 1375/1900/1070
f 1483/1966/1071 1388/1900/1071 1478/1967/1071 1479/1968/1071 1480/1969/1071
f 1370/1901/1072 1363/1903/1072 1377/1900/1072
f 1370/1901/1073 1362/1903/1073 1363/1900/1073
f 1362/1901/1074 1361/1903/1074 1363/1900/1074
f 1464/1970/1075 1361/1901/1075 1474/1971/1075
f 1475/1972/1076 1388/1903/1076 1459/1973/1076
f 1475/1974/1077 1476/1975/1077 1388/1900/1077
f 1478/1976/1078 1388/1900/1078 1476/1977/1078 1477/1978/1078
f 1388/1900/1079 1483/1979/1079 1467/1980/1079
f 1362/1901/1080 1369/1903/1080 1361/1900/1080
f 1369/1901/1081 1366/1903/1081 1361/1900/1081
f 1361/1900/1082 1366/1901/1082 1484/1981/1082 1474/1982/1082
f 1367/1901/1083 1371/1903/1083 1372/1900/1083
f 1371/1901/1084 1373/1903/1084 1372/1900/1084
f 1373/1901/1085 1374/1903/1085 1372/1900/1085
f 1372/1900/1086 1472/1983/1086 1485/1984/1086 1367/1903/1086
f 1373/1901/1087 1368/1903/1087 1374/1900/1087
f 1368/1901/1088 1370/1903/1088 1374/1900/1088
f 1482/1985/1089 1367/1903/1089 1485/1986/1089
f 1368/1901/1090 1365/1903/1090 1370/1900/1090
f 1365/1901/1091 1369/1903/1091 1370/1900/1091
f 1369/1901/1092 1362/1903/1092 1370/1900/1092
f 1484/1987/1093 1366/1901/1093 1481/1988/1093
f 1365/1901/1094 1366/1903/1094 1369/1900/1094
f 1365/1901/1095 1481/1989/1095 1366/1900/1095
f 1368/1901/1096 1371/1903/1096 1367/1900/1096
f 1365/1903/1097 1367/1900/1097 1482/1990/1097 1481/1991/1097
f 1365/1901/1098 1368/1903/1098 1367/1900/1098
f 1368/1901/1099 1373/1903/1099 1371/1900/1099
f 1370/1901/1108 1377/1903/1108 1376/1903/1108 1375/1900/1108
s 1
usemtl Material.020
f 1431/1992/1100 1423/1993/1101 1424/1994/1102 1432/1995/1103
f 1425/1996/1104 1423/1997/1101 1431/1998/1100 1430/1999/1104 1429/2000/1105 1435/2001/1106
f 1429/2002/1105 1428/2003/1107 1427/2004/1107 1412/2005/1107 1409/2006/1107 1408/2007/1107 1416/2008/1107 1426/2009/1107 1434/2010/1107 1437/2011/1107 1436/2012/1107 1435/2002/1106
f 1382/2013/1109 1391/2014/1109 1398/2015/1109 1415/2016/1109 1411/2017/1109 1410/2018/1110 1389/2019/1111 1397/2020/1112 1395/2021/1109 1393/2022/1109
f 1397/2019/1112 1389/2019/1111 1390/2023/1113 1394/2024/1114 1396/2025/1115 1406/2026/1115 1407/2027/1115
f 1414/2023/1116 1390/2023/1113 1389/2019/1111 1410/2019/1110
f 1417/2028/1117 1400/2029/1117 1399/2030/1117 1392/2031/1117 1394/2023/1114 1390/2023/1113 1414/2032/1116 1413/2033/1117
f 1404/2034/1118 1403/2035/1118 1401/2036/1118 1402/2037/1118 1420/2038/1118 1418/2039/1118 1419/2040/1118 1433/2041/1118 1432/1995/1103 1424/2042/1102 1421/2043/1118 1422/2044/1118 1405/2045/1118
g Toaster_cell.028_Toaster_cell.027
v 0.010987 -0.117243 0.248963
v 0.001192 -0.123801 0.251247
v 0.011233 -0.068118 0.253752
v 0.004805 -0.120037 0.253825
v 0.010904 -0.115382 0.253822
v 0.004722 -0.101645 0.253782
v 0.003574 -0.109078 0.252583
v 0.011233 -0.068118 0.253752
v 0.010904 -0.115382 0.253822
v 0.004805 -0.120037 0.253825
v 0.001192 -0.123801 0.251247
v 0.004722 -0.101645 0.253782
v 0.003574 -0.109078 0.252583
vn 0.5784 -0.7588 0.2994
vn 0.9998 -0.0069 0.0197
vn -0.9546 0.1852 -0.2335
vn -0.3419 0.1037 -0.9340
vn -0.0487 0.0027 0.9988
vn -0.4809 0.0115 0.8767
vn -0.0027 0.0017 1.0000
vn -0.6424 0.0147 0.7662
vt 0.242746 0.000000
vt 1.000000 0.000000
vt 1.000000 0.089067
vt 0.374782 0.066328
vt 0.000000 0.000000
vt 1.000000 0.077091
vt 0.089067 0.089067
vt 0.772130 0.053134
vt 0.691495 0.061584
vt 1.000000 0.757254
vt 0.765509 0.765509
vt 0.410420 0.620555
vt 0.393576 0.620555
vt 0.407026 0.615047
vt 0.532667 0.615548
vt 0.405657 0.621709
vt 0.392850 0.621709
vt 0.393576 0.620555
vt 0.409704 0.620620
s 0
usemtl Material.027
f 1496/2046/1119 1486/2047/1119 1494/2048/1119 1495/2049/1119
f 1486/2050/1120 1493/2051/1120 1494/2052/1120
f 1498/2053/1121 1497/2054/1121 1493/2050/1121
f 1486/2047/1122 1496/2055/1122 1498/2056/1122 1493/2050/1122
s 1
f 1491/2057/1123 1489/2058/1124 1490/2059/1125 1488/2060/1125
f 1492/2061/1126 1487/2062/1126 1489/2063/1124 1491/2064/1123
g Toaster_cell.029_Toaster_cell.028
v -0.012487 -0.130180 0.239961
v -0.007011 -0.128656 0.253836
v -0.012724 -0.130902 0.253836
v -0.001391 -0.128964 0.253836
v -0.001123 -0.138748 0.244362
v -0.000941 -0.138020 0.250028
v -0.015726 -0.138020 0.250028
v -0.016162 -0.139354 0.239643
v -0.014075 -0.140160 0.233371
v -0.001123 -0.138748 0.244362
v -0.000941 -0.138020 0.250028
v -0.015726 -0.138020 0.250028
v -0.012724 -0.130902 0.253836
v -0.016162 -0.139354 0.239643
v -0.001391 -0.128964 0.253836
v -0.007011 -0.128656 0.253836
v -0.014075 -0.140160 0.233371
vn -0.3656 0.9298 0.0422
vn -0.9222 0.3866 0.0044
vn 0.9970 0.0666 -0.0406
vn 0.0543 0.9900 -0.1302
vn -0.9176 0.3724 -0.1388
vn 0.7354 0.2880 -0.6133
vn 0.4661 0.6220 -0.6292
vn -0.0000 -0.9918 0.1274
vn 0.0181 -0.8112 0.5845
vn 0.0156 -0.8523 0.5229
vn 0.0280 -0.3770 0.9258
vn 0.0293 -0.3944 0.9185
vn -0.0000 -0.0000 1.0000
vt 0.527570 0.000000
vt 1.000000 0.000000
vt 1.000000 0.218454
vt 0.218454 0.218454
vt 0.000000 0.000000
vt 0.162786 0.000000
vt 0.589535 0.366196
vt 0.583499 0.000000
vt 0.894607 0.138512
vt 1.000000 0.472430
vt 0.028894 0.000000
vt 0.162786 0.162786
vt 1.000000 0.101068
vt 1.000000 1.000000
vt 0.018962 0.000000
vt 1.000000 0.017392
vt 1.000000 0.416501
vt 0.375000 0.626034
vt 0.375000 0.625867
vt 0.337185 0.644053
vt 0.337207 0.644504
vt 0.336918 0.638714
vt 0.383926 0.626162
vt 0.375000 0.636717
vt 0.375000 0.639481
vt 0.383926 0.625867
vt 0.389650 0.636717
vt 0.383926 0.626587
vt 0.389260 0.631456
s 0
usemtl Material.027
f 1514/2065/1127 1499/2066/1127 1511/2067/1127
f 1511/2068/1128 1499/2069/1128 1510/2070/1128
f 1509/2071/1129 1508/2072/1129 1513/2073/1129
f 1499/2066/1130 1514/2074/1130 1513/2075/1130
f 1510/2076/1131 1499/2069/1131 1515/2066/1131 1512/2077/1131
f 1515/2066/1132 1499/2078/1132 1513/2079/1132
f 1515/2069/1133 1513/2080/1133 1508/2081/1133
s 1
f 1501/2091/1138 1502/2092/1137 1500/2093/1139
usemtl Material.020
f 1503/2082/1134 1504/2083/1135 1505/2084/1136 1506/2085/1134 1507/2086/1134
f 1502/2087/1137 1501/2088/1138 1505/2089/1136 1504/2090/1135
g Toaster_cell.030_Toaster_cell.029
v 0.001227 0.066164 0.160269
v 0.012494 0.112142 0.178330
v 0.001399 0.030548 0.140973
v 0.000663 0.030472 0.007048
v 0.001337 0.040404 -0.000209
v 0.012348 0.052548 0.157095
v 0.044882 0.032192 0.149929
v 0.004134 0.052247 0.155659
v 0.009217 0.026575 0.140187
v 0.019209 0.098206 -0.002133
v 0.017138 0.043933 -0.002671
v 0.016129 0.144835 0.140542
v 0.020433 0.142983 0.136286
v 0.008026 0.144835 0.127583
v 0.001125 0.144835 0.092420
v 0.015111 0.140968 0.166127
v 0.018013 0.134550 0.186139
v 0.010637 0.144835 0.140542
v 0.000965 0.144835 0.002872
v 0.000937 0.144835 0.035689
v 0.037365 0.134608 0.185958
v 0.037732 0.140968 0.166127
v 0.038444 0.144835 0.140542
v 0.046519 0.014732 0.135628
v 0.038884 0.140587 0.135628
v 0.021099 0.127407 -0.001862
v 0.021099 0.115655 -0.001990
v 0.020433 0.142983 -0.001608
v 0.021099 0.069489 -0.002126
v 0.006467 0.144835 -0.000216
v 0.013976 0.144835 -0.001140
v 0.021099 0.021811 0.106526
v 0.021099 0.022088 0.013366
v 0.021099 0.038827 0.000798
v 0.021099 0.033050 0.005017
v 0.021099 0.021848 0.135628
v 0.008026 0.144835 0.127583
v 0.001125 0.144835 0.092420
v 0.010637 0.144835 0.140542
v 0.015111 0.140968 0.166127
v 0.018013 0.134550 0.186139
v 0.000965 0.144835 0.002872
v 0.000937 0.144835 0.035689
v 0.037365 0.134608 0.185958
v 0.037732 0.140968 0.166127
v 0.038444 0.144835 0.140542
v 0.046519 0.014732 0.135628
v 0.038884 0.140587 0.135628
v 0.021099 0.127407 -0.001862
v 0.021099 0.115655 -0.001990
v 0.021099 0.069489 -0.002126
v 0.017138 0.043933 -0.002671
v 0.006467 0.144835 -0.000216
v 0.013976 0.144835 -0.001140
v 0.021099 0.021811 0.106526
v 0.021099 0.022088 0.013366
v 0.021099 0.038827 0.000798
v 0.021099 0.033050 0.005017
v 0.021099 0.021848 0.135628
v 0.020433 0.142983 -0.001608
vn -0.9682 0.1626 0.1900
vn -0.9660 0.1701 0.1946
vn -1.0000 0.0026 -0.0009
vn -1.0000 0.0016 0.0033
vn -0.1501 -0.3390 0.9287
vn -0.1404 -0.3320 0.9328
vn -1.0000 -0.0078 0.0055
vn -0.6711 -0.3557 0.6505
vn -0.0025 -0.3356 0.9420
vn 0.0098 -0.3312 0.9435
vn 0.9974 0.0579 0.0434
vn 0.9975 0.0604 0.0373
vn -0.0246 0.0109 -0.9996
vn -0.0679 0.0136 -0.9976
vn 0.1177 0.0029 -0.9930
vn -0.1221 0.0112 -0.9925
vn -0.2540 0.0124 -0.9671
vn -0.9956 -0.0008 -0.0935
vn -0.3788 -0.9255 -0.0028
vn -0.4528 -0.8916 0.0030
vn -0.0059 -0.5897 -0.8076
vn -0.0026 -0.6059 -0.7955
vn -0.1885 -0.5340 0.8242
vn -0.0626 -0.5242 0.8493
vn -0.2057 -0.6316 0.7475
vn -0.1304 -0.5081 0.8514
vn -0.3443 -0.9360 0.0731
vn -0.0029 -0.5635 -0.8261
vn -0.0753 0.0128 -0.9971
vn 1.0000 0.0052 -0.0015
vn 0.8236 0.5671 -0.0025
vn 0.4590 0.7998 -0.3869
vn 0.6421 0.0051 -0.7666
vn -0.0018 0.3886 -0.9214
vn -0.0145 0.0022 -0.9999
vn 0.1732 0.9849 -0.0013
vn 0.0544 0.9983 0.0189
vn -0.0000 0.9739 0.2270
vn -0.0000 0.9754 0.2206
vn -0.0000 0.9522 0.3054
vn -0.0000 0.9567 -0.2910
vn -0.0000 1.0000 -0.0000
vn -0.0000 0.9978 0.0662
vt 0.606810 0.606810
vt 0.000000 0.000000
vt 1.000000 0.000000
vt 1.000000 0.390742
vt 0.390741 0.390741
vt 0.270090 0.000000
vt 0.346259 0.139899
vt 0.391434 0.309256
vt 1.000000 0.691687
vt 0.307398 0.000000
vt 0.691687 0.691687
vt 1.000000 0.606810
vt 1.000000 1.000000
vt 1.000000 0.729910
vt 0.628649 0.000000
vt 0.628649 0.628649
vt 0.724178 0.482137
vt 0.725804 0.495104
vt 0.704762 0.604910
vt 0.672606 0.672606
vt 0.016457 0.000000
vt 1.000000 0.299575
vt 0.472639 0.472639
vt 0.476361 0.202034
vt 0.435029 0.369911
vt 0.299575 0.299575
vt 1.000000 0.472639
vt 0.831019 0.000000
vt 1.000000 0.665319
vt 0.333441 0.000000
vt 0.665319 0.665319
vt 1.000000 0.672930
vt 0.672930 0.672930
vt 0.591970 0.591970
vt 0.713897 0.000000
vt 0.413205 0.000000
vt 1.000000 0.578639
vt 0.578639 0.578639
vt 1.000000 0.591970
vt 0.286103 0.000000
vt 0.314012 0.280751
vt 0.876337 0.876337
vt 0.586795 0.000000
vt 0.519806 0.000000
vt 0.751017 0.605571
vt 0.751047 0.605571
vt 0.750980 0.605571
vt 0.750917 0.605571
vt 0.750829 0.605571
vt 0.683211 0.605571
vt 0.697542 0.605571
vt 0.743418 0.605571
vt 0.747530 0.605571
vt 0.749607 0.605571
vt 0.683211 0.589193
vt 0.683211 0.581996
vt 0.750723 0.607859
vt 0.681952 0.607859
vt 0.683049 0.605878
vt 0.750790 0.605878
vt 0.668192 0.590254
vt 0.668192 0.611085
vt 0.668192 0.608413
vt 0.668192 0.590552
vt 0.680791 0.589498
vt 0.680791 0.610147
vt 0.680791 0.589598
vt 0.681952 0.589350
vt 0.680791 0.624111
vt 0.680791 0.624137
vt 0.680791 0.623964
vt 0.819209 0.617609
vt 0.819209 0.615205
vt 0.819209 0.610147
vt 0.819209 0.612130
vt 0.819209 0.619044
vt 0.680791 0.611085
vt 0.680791 0.590254
vt 0.680791 0.610147
vt 0.680791 0.615205
s 0
usemtl Material.027
f 1553/2094/1140 1516/2095/1140 1517/2096/1140 1552/2097/1140
f 1552/2098/1141 1517/2095/1141 1556/2099/1141 1555/2100/1141 1554/2101/1141
f 1519/2096/1142 1558/2102/1142 1557/2103/1142
f 1558/2104/1143 1519/2095/1143 1516/2096/1143 1553/2105/1143
f 1523/2095/1144 1521/2096/1144 1516/2106/1144
f 1521/2095/1145 1517/2096/1145 1516/2106/1145
f 1519/2095/1146 1518/2096/1146 1516/2106/1146
f 1518/2095/1147 1523/2096/1147 1516/2106/1147
f 1521/2095/1148 1522/2096/1148 1517/2106/1148
f 1556/2107/1149 1517/2106/1149 1522/2095/1149 1559/2108/1149
f 1522/2095/1150 1562/2096/1150 1559/2109/1150
f 1563/2110/1151 1561/2111/1151 1560/2112/1151 1559/2113/1151 1562/2114/1151
f 1525/2096/1152 1564/2115/1152 1565/2116/1152 1567/2095/1152
f 1569/2117/1153 1543/2118/1153 1564/2119/1153 1525/2095/1153
f 1565/2120/1154 1566/2121/1154 1567/2096/1154
f 1567/2096/1155 1568/2122/1155 1569/2123/1155
f 1568/2124/1156 1567/2095/1156 1520/2096/1156 1557/2125/1156
f 1520/2095/1157 1519/2096/1157 1557/2126/1157
f 1519/2106/1158 1571/2127/1158 1570/2128/1158 1524/2096/1158
f 1524/2095/1159 1518/2096/1159 1519/2106/1159
f 1519/2106/1160 1520/2095/1160 1572/2129/1160 1573/2130/1160
f 1519/2106/1161 1573/2131/1161 1571/2132/1161
f 1518/2095/1162 1524/2096/1162 1523/2106/1162
f 1524/2095/1163 1562/2096/1163 1523/2106/1163
f 1562/2095/1164 1522/2096/1164 1523/2106/1164
f 1522/2095/1165 1521/2096/1165 1523/2106/1165
f 1562/2106/1166 1524/2095/1166 1570/2133/1166 1574/2134/1166
f 1567/2135/1167 1572/2136/1167 1520/2096/1167
f 1525/2096/1168 1567/2106/1168 1569/2137/1168
s 1
f 1537/2154/1177 1531/2155/1178 1532/2156/1179 1536/2157/1179
f 1540/2158/1173 1527/2159/1176 1538/2160/1180
f 1534/2162/1181 1535/2163/1181 1530/2164/1181 1529/2165/1181 1533/2166/1182 1527/2167/1176 1546/2168/1175 1545/2169/1181
f 1531/2170/1178 1537/2171/1177 1538/2160/1180 1527/2172/1176 1533/2173/1182
usemtl Material.020
f 1526/2138/1169 1544/2139/1169 1542/2140/1169 1541/2141/1169 1575/2142/1170 1528/2143/1171 1551/2143/1172 1547/2144/1169 1548/2145/1169 1550/2146/1169 1549/2147/1169
f 1528/2143/1171 1540/2148/1173 1539/2149/1174 1551/2143/1172
f 1546/2150/1175 1527/2151/1176 1528/2152/1171 1575/2153/1170
f 1540/2161/1173 1528/2152/1171 1527/2151/1176
g Toaster_cell.031_Toaster_cell.030
v 0.094305 0.103872 -0.138901
v 0.093408 0.114447 0.000138
v 0.106284 0.145578 -0.135628
v 0.121013 0.141751 -0.135329
v 0.119695 0.142094 0.005310
v 0.106284 0.145578 0.002410
v 0.092804 0.145315 -0.000449
v 0.092998 0.145319 -0.053060
v 0.093421 0.144981 -0.139576
v 0.123734 0.139113 -0.080024
v 0.121013 0.141751 -0.014192
v 0.125868 0.137043 -0.134961
v 0.106284 0.144037 -0.145823
v 0.125133 0.134736 -0.154766
v 0.121013 0.139073 -0.152873
v 0.106284 0.145578 0.002410
v 0.092804 0.145315 -0.000449
v 0.119695 0.142094 0.005310
v 0.092998 0.145319 -0.053060
v 0.123734 0.139113 -0.080024
v 0.121013 0.141751 -0.014192
v 0.125868 0.137043 -0.134961
v 0.106284 0.144037 -0.145823
v 0.121013 0.139073 -0.152873
v 0.125133 0.134736 -0.154766
v 0.093421 0.144981 -0.139576
vn -0.2077 0.0145 0.9781
vn -0.9998 -0.0196 -0.0037
vn -0.9998 -0.0216 -0.0048
vn 0.7170 -0.6946 0.0577
vn 0.7202 -0.6917 0.0540
vn -0.4382 -0.0242 -0.8985
vn 0.1643 0.9752 -0.1480
vn 0.1185 0.9906 -0.0678
vn 0.4860 0.8715 -0.0660
vn 0.5547 0.8225 -0.1254
vn 0.6964 0.7094 -0.1084
vn 0.6973 0.7147 -0.0543
vn 0.2603 0.9655 -0.0000
vn 0.1318 0.9913 -0.0005
vn 0.2515 0.9679 -0.0000
vn 0.6961 0.7179 -0.0000
vn -0.0172 0.9983 -0.0566
vn -0.0273 0.9996 -0.0013
vt 0.381109 0.381109
vt 0.000000 0.000000
vt 0.362131 0.000000
vt 0.394811 0.212783
vt 1.000000 0.381109
vt 0.621505 0.000000
vt 1.000000 0.000000
vt 1.000000 1.000000
vt 0.621505 0.621505
vt 0.553828 0.000000
vt 1.000000 0.659972
vt 0.383834 0.000000
vt 0.860362 0.506090
vt 0.360633 0.096760
vt 0.383834 0.383834
vt 0.337743 0.000000
vt 0.673695 0.089898
vt 0.625853 0.000000
vt 1.000000 0.446172
vt 0.847420 0.299315
vt 0.821810 0.527127
vt 0.816789 0.527127
vt 0.816642 0.513563
vt 0.825281 0.513563
vt 0.620201 0.298804
vt 0.625000 0.299719
vt 0.625000 0.308358
vt 0.619297 0.308539
vt 0.756989 0.513563
vt 0.748813 0.527127
vt 0.747529 0.514696
vt 0.621805 0.335593
vt 0.625000 0.368011
vt 0.817609 0.538989
vt 0.776129 0.539362
vt 0.750221 0.539540
vt 0.748813 0.527127
vt 0.817609 0.538989
s 0
usemtl Material.027
f 1592/2174/1183 1577/2175/1183 1593/2176/1183 1591/2177/1183
f 1592/2178/1184 1594/2179/1184 1577/2180/1184
f 1576/2180/1185 1577/2181/1185 1594/2182/1185 1601/2183/1185
f 1593/2184/1186 1577/2181/1186 1576/2175/1186 1595/2185/1186 1596/2186/1186
f 1597/2187/1187 1595/2188/1187 1576/2175/1187 1600/2189/1187
f 1599/2190/1188 1600/2191/1188 1576/2180/1188 1601/2192/1188 1598/2193/1188
s 1
f 1588/2194/1189 1578/2195/1190 1579/2196/1191 1590/2197/1192
f 1589/2198/1193 1590/2199/1192 1579/2200/1191 1587/2201/1194
f 1586/2202/1195 1579/2196/1191 1578/2195/1190 1581/2203/1196 1580/2204/1197
f 1585/2205/1198 1587/2201/1194 1579/2200/1191 1586/2206/1195
f 1584/2207/1199 1578/2195/1190 1588/2195/1189
f 1583/2208/1200 1582/2209/1200 1581/2210/1196 1578/2195/1190 1584/2211/1199
g Toaster_cell.032_Toaster_cell.031
v 0.117985 -0.130251 0.221054
v 0.132794 -0.138020 0.217047
v 0.121648 -0.139365 0.213116
v 0.118885 -0.139451 0.221230
v 0.135742 -0.101357 0.160239
v 0.135742 -0.130902 0.169269
v 0.132794 -0.138020 0.180076
v 0.135742 -0.130902 0.209784
v 0.131009 -0.138020 0.224317
v 0.135742 -0.130902 0.169269
v 0.132794 -0.138020 0.180076
v 0.121648 -0.139365 0.213116
v 0.118885 -0.139451 0.221230
v 0.135742 -0.101357 0.160239
v 0.135742 -0.130902 0.209784
v 0.131009 -0.138020 0.224317
v 0.132794 -0.138020 0.217047
vn -0.9417 -0.0983 -0.3217
vn 0.3716 0.7892 0.4890
vn -0.2462 -0.0056 0.9692
vn 0.3215 -0.9468 0.0134
vn 0.8782 -0.4783 -0.0000
vn 0.9953 -0.0967 -0.0000
vn 0.9493 -0.3145 -0.0000
vn 0.1151 -0.9933 0.0135
vn 0.1104 -0.9935 0.0271
vn 1.0000 -0.0000 -0.0000
vt 0.550554 0.234469
vt 0.787379 0.046249
vt 0.849578 0.000000
vt 1.000000 0.000000
vt 1.000000 0.343563
vt 0.583282 0.295302
vt 0.343563 0.343563
vt 0.000000 0.000000
vt 0.195217 0.000000
vt 0.243224 0.033861
vt 0.282242 0.082761
vt 1.000000 0.150422
vt 0.804783 0.000000
vt 0.375000 0.481884
vt 0.375000 0.463677
vt 0.383926 0.458356
vt 0.383926 0.478307
vt 0.344287 0.516270
vt 0.356884 0.500000
vt 0.360464 0.501984
vt 0.350155 0.518953
vt 0.338677 0.500000
vt 0.409973 0.453909
vt 0.383926 0.478307
s 0
usemtl Material.027
f 1612/2212/1201 1613/2213/1201 1614/2214/1201 1602/2215/1201 1615/2216/1201 1611/2217/1201
f 1615/2218/1202 1602/2219/1202 1617/2220/1202 1603/2221/1202 1616/2222/1202
f 1602/2215/1203 1614/2223/1203 1617/2224/1203
s 1
usemtl Material.020
f 1618/2225/1204 1608/2226/1205 1607/2227/1206 1609/2228/1207
f 1604/2229/1208 1618/2230/1204 1610/2231/1209 1605/2232/1209
f 1618/2230/1204 1604/2229/1208 1608/2233/1205
f 1607/2227/1206 1606/2234/1210 1609/2235/1207
g Toaster_cell.033_Toaster_cell.032
v -0.081568 0.091847 0.164245
v -0.085995 0.087275 0.154947
v -0.066185 0.061780 0.178268
v -0.063045 0.064345 0.169046
v -0.126020 0.016292 0.138582
v -0.058069 0.038984 0.158064
v -0.066385 0.040756 0.144317
v -0.135742 0.104760 0.185488
v -0.131790 0.116585 0.195388
v -0.135742 0.052056 0.146876
v -0.135742 0.016347 0.138610
v -0.135742 0.037700 0.157426
v -0.135742 0.089920 0.203288
v -0.131782 0.101519 0.213458
v -0.127034 0.105262 0.216724
v -0.127195 0.116065 0.203520
v -0.135276 0.114091 0.161922
v -0.134255 0.116611 0.166150
v -0.127290 0.120186 0.198425
v -0.125050 0.125901 0.187714
v -0.131793 0.122405 0.177239
v -0.135742 0.052056 0.146876
v -0.135742 0.016347 0.138610
v -0.135742 0.089920 0.203288
v -0.131782 0.101519 0.213458
v -0.135742 0.037700 0.157426
v -0.127034 0.105262 0.216724
v -0.127195 0.116065 0.203520
v -0.135276 0.114091 0.161922
v -0.134255 0.116611 0.166150
v -0.127290 0.120186 0.198425
v -0.125050 0.125901 0.187714
v -0.131793 0.122405 0.177239
vn 0.3846 -0.8570 -0.3431
vn 0.8193 0.3555 -0.4498
vn 0.9423 0.0410 0.3323
vn 0.0062 -0.6620 0.7494
vn -0.0016 0.2255 -0.9742
vn 0.0020 0.2236 -0.9747
vn 0.0033 -0.6599 0.7514
vn -0.0015 -0.6611 0.7503
vn 0.7162 0.4279 -0.5514
vn 0.7549 0.4206 -0.5032
vn 0.7252 0.5587 0.4024
vn 0.6899 0.5644 0.4534
vn -0.0093 0.2358 -0.9718
vn 0.3418 0.7687 -0.5407
vn 0.6885 0.5702 0.4482
vn 0.3552 0.7938 -0.4937
vn -0.9192 0.3749 0.1203
vn -0.8571 0.4541 0.2434
vn -0.7162 0.6117 0.3359
vn -0.6956 0.6840 0.2195
vn -0.9942 0.1034 0.0294
vn -0.9900 0.1265 0.0625
vn -0.9638 0.2538 0.0815
vn -0.8726 0.3750 0.3129
vn -0.9919 0.0995 0.0790
vn -0.7230 0.5304 0.4426
vn -1.0000 0.0037 -0.0051
vt 0.000000 0.000000
vt 1.000000 0.000000
vt 1.000000 1.000000
vt 0.501452 0.000000
vt 0.837311 0.837311
vt 0.705382 0.244375
vt 1.000000 0.836129
vt 0.510639 0.000000
vt 0.590736 0.080858
vt 0.836129 0.836129
vt 1.000000 0.837311
vt 1.000000 0.489361
vt 0.439646 0.000000
vt 0.502531 0.000000
vt 1.000000 0.498548
vt 0.501300 0.450863
vt 0.491891 0.000000
vt 0.415447 0.000000
vt 0.439256 0.285180
vt 0.439646 0.439646
vt 1.000000 0.584553
vt 0.491891 0.491891
vt 0.729700 0.517618
vt 0.608540 0.787720
vt 0.603379 0.778783
vt 0.607918 0.777047
vt 0.613658 0.782203
vt 0.599670 0.795392
vt 0.592894 0.783658
vt 0.608540 0.787720
vt 0.603402 0.793181
vt 0.590020 0.769884
vt 0.579734 0.774892
vt 0.594314 0.767727
vt 0.604129 0.774425
vt 0.579734 0.774892
vt 0.599670 0.795652
vt 0.545109 0.802672
vt 0.513620 0.806742
vt 0.532683 0.797476
s 0
usemtl Material.027
f 1623/2236/1211 1625/2237/1211 1624/2238/1211
f 1625/2236/1212 1622/2237/1212 1624/2238/1212
f 1622/2236/1213 1621/2237/1213 1624/2238/1213
f 1621/2236/1214 1623/2237/1214 1624/2238/1214
f 1640/2239/1215 1620/2237/1215 1623/2238/1215 1641/2240/1215
f 1620/2236/1216 1625/2237/1216 1623/2238/1216
f 1642/2241/1217 1644/2242/1217 1623/2238/1217 1621/2236/1217 1645/2243/1217 1643/2244/1217
f 1644/2245/1218 1641/2246/1218 1623/2238/1218
f 1620/2236/1219 1619/2237/1219 1625/2238/1219
f 1619/2236/1220 1622/2237/1220 1625/2238/1220
f 1619/2236/1221 1621/2237/1221 1622/2238/1221
f 1645/2247/1222 1621/2238/1222 1619/2236/1222 1646/2248/1222
f 1647/2249/1223 1620/2237/1223 1640/2250/1223
f 1620/2238/1224 1647/2251/1224 1648/2252/1224 1619/2237/1224
f 1619/2236/1225 1650/2253/1225 1649/2254/1225 1646/2255/1225
f 1650/2256/1226 1619/2238/1226 1648/2257/1226 1651/2258/1226
s 1
f 1639/2259/1227 1627/2260/1228 1637/2261/1229 1638/2262/1230
f 1627/2260/1228 1632/2267/1234 1633/2269/1236 1634/2270/1236 1637/2261/1229
usemtl Material.020
f 1635/2263/1231 1626/2264/1232 1627/2260/1228 1639/2265/1227 1636/2266/1233
f 1632/2267/1234 1627/2260/1228 1626/2264/1232 1631/2268/1235
f 1631/2271/1235 1626/2264/1232 1635/2272/1231 1628/2273/1237 1629/2274/1237 1630/2275/1237
g Toaster_cell.034_Toaster_cell.033
v -0.108821 0.112366 -0.177249
v -0.092475 0.101516 -0.183242
v -0.092521 0.098232 -0.187724
v -0.089942 0.073235 -0.141441
v -0.085701 0.090007 -0.171418
v -0.085485 0.079741 -0.152282
v -0.078145 0.059015 -0.181202
v -0.084897 0.038445 -0.123182
v -0.064455 0.038363 -0.152539
v -0.135742 0.104760 -0.185488
v -0.135742 0.084568 -0.209707
v -0.133983 0.089829 -0.214085
v -0.133412 0.113409 -0.186107
v -0.133917 0.110221 -0.190060
v -0.135742 0.101735 -0.161820
v -0.135742 0.083066 -0.143185
v -0.135742 0.109771 -0.169864
v -0.132593 0.118689 -0.179350
v -0.135742 0.067278 -0.219580
v -0.135742 0.075560 -0.218899
v -0.135742 0.043882 -0.221405
v -0.135742 -0.008791 -0.210277
v -0.135742 0.017488 -0.119924
v -0.135742 0.020505 -0.109975
v -0.135742 0.066378 -0.134240
v -0.135742 0.013217 -0.221382
v -0.133412 0.113409 -0.186107
v -0.133917 0.110221 -0.190060
v -0.133983 0.089829 -0.214085
v -0.135742 0.101735 -0.161820
v -0.135742 0.083066 -0.143185
v -0.135742 0.109771 -0.169864
v -0.132593 0.118689 -0.179350
v -0.135742 0.067278 -0.219580
v -0.135742 0.075560 -0.218899
v -0.135742 0.043882 -0.221405
v -0.135742 -0.008791 -0.210277
v -0.135742 0.017488 -0.119924
v -0.135742 0.020505 -0.109975
v -0.135742 0.066378 -0.134240
v -0.135742 0.013217 -0.221382
vn 0.2491 0.7380 -0.6271
vn 0.1237 0.7010 0.7023
vn 0.1247 0.7019 0.7013
vn 0.2531 0.7472 -0.6145
vn 0.3022 0.7675 -0.5654
vn 0.9236 0.3047 -0.2326
vn 0.9245 0.2997 -0.2355
vn 0.5483 0.0969 -0.8307
vn 0.5673 0.0274 -0.8231
vn 0.3785 -0.8888 0.2585
vn 0.3817 -0.8845 0.2683
vn 0.0645 0.4666 0.8821
vn 0.0677 0.4713 0.8793
vn 0.7440 0.3919 0.5411
vn 0.3768 0.7177 0.5856
vn 0.5937 0.7118 0.3752
vn 0.6038 0.7158 0.3508
vn 0.9269 0.2980 -0.2280
vn 0.8689 0.4402 0.2264
vn 0.7188 -0.3540 -0.5984
vn 0.7003 -0.3216 -0.6373
vn 0.7588 0.3824 0.5273
vn -0.9638 0.2538 -0.0815
vn -0.9674 0.2228 -0.1203
vn -0.9897 0.1276 -0.0657
vn -0.9957 0.0884 -0.0284
vn -0.9685 0.1860 -0.1653
vn -0.9991 0.0297 -0.0291
vn -0.9917 0.0953 -0.0864
vn -1.0000 -0.0000 -0.0000
vt 0.438934 0.438934
vt 0.000000 0.000000
vt 0.446322 0.038229
vt 0.444534 0.386634
vt 1.000000 0.478384
vt 0.521199 0.000000
vt 1.000000 0.000000
vt 0.713992 0.420512
vt 0.478384 0.478384
vt 1.000000 0.309289
vt 0.309289 0.309289
vt 1.000000 0.438934
vt 1.000000 1.000000
vt 1.000000 0.554190
vt 0.537037 0.000000
vt 0.730054 0.222893
vt 0.582734 0.284811
vt 0.537037 0.537037
vt 0.629571 0.000000
vt 0.083125 0.000000
vt 1.000000 0.586291
vt 0.586291 0.586291
vt 1.000000 0.502678
vt 0.504913 0.000000
vt 0.502678 0.502678
vt 1.000000 0.478801
vt 0.504913 0.504913
vt 1.000000 0.100890
vt 1.000000 0.370429
vt 0.100890 0.100890
vt 0.600563 0.966647
vt 0.597736 0.968594
vt 0.592894 0.966342
vt 0.597337 0.958648
vt 0.605245 0.963320
vt 0.577698 0.981694
vt 0.567001 0.982795
vt 0.574989 0.978269
vt 0.579654 0.980425
vt 0.559646 0.983131
vt 0.538911 0.984030
vt 0.511720 0.984018
vt 0.492124 0.978550
vt 0.514390 0.934056
vt 0.516912 0.929157
vt 0.557288 0.941106
vt 0.572095 0.945511
vt 0.589758 0.954687
s 0
usemtl Material.027
f 1678/2276/1238 1654/2277/1238 1680/2278/1238 1679/2279/1238
f 1681/2280/1239 1682/2281/1239 1655/2282/1239
f 1683/2283/1240 1681/2284/1240 1655/2277/1240 1652/2282/1240 1684/2285/1240
f 1684/2286/1241 1652/2277/1241 1654/2282/1241 1678/2287/1241
f 1652/2277/1242 1653/2282/1242 1654/2288/1242
f 1653/2277/1243 1656/2282/1243 1654/2288/1243
f 1656/2277/1244 1658/2282/1244 1654/2288/1244
f 1680/2289/1245 1654/2288/1245 1658/2277/1245 1685/2290/1245 1686/2291/1245
f 1687/2292/1246 1685/2293/1246 1658/2277/1246 1692/2294/1246
f 1688/2295/1247 1660/2282/1247 1689/2296/1247
f 1689/2297/1248 1660/2277/1248 1659/2282/1248 1690/2298/1248
f 1659/2277/1249 1691/2299/1249 1690/2300/1249
f 1659/2277/1250 1655/2282/1250 1682/2301/1250 1691/2302/1250
f 1659/2277/1251 1657/2282/1251 1655/2288/1251
f 1657/2277/1252 1652/2282/1252 1655/2288/1252
f 1657/2277/1253 1656/2282/1253 1652/2288/1253
f 1656/2277/1254 1653/2282/1254 1652/2288/1254
f 1660/2277/1255 1658/2282/1255 1656/2288/1255
f 1657/2277/1256 1660/2282/1256 1656/2288/1256
f 1658/2288/1257 1660/2277/1257 1688/2303/1257
f 1692/2304/1258 1658/2288/1258 1688/2305/1258
f 1657/2277/1259 1659/2282/1259 1660/2288/1259
s 1
usemtl Material.020
f 1664/2306/1260 1665/2307/1261 1661/2308/1262 1668/2309/1263 1669/2310/1260
f 1663/2311/1264 1671/2312/1265 1662/2313/1266
f 1662/2313/1266 1661/2308/1262 1665/2307/1261 1663/2314/1264
f 1668/2309/1263 1661/2308/1262 1662/2313/1266 1671/2312/1265 1670/2315/1267 1672/2316/1267 1677/2317/1267 1673/2318/1267 1674/2319/1267 1675/2320/1267 1676/2321/1267 1667/2322/1267 1666/2323/1267
g Toaster_cell.035_Toaster_cell.034
v 0.093940 0.101486 -0.139190
v 0.092646 0.111391 0.000092
v 0.091420 0.082198 -0.143594
v 0.084217 0.029898 -0.117138
v 0.081654 0.030835 0.000943
v 0.103143 0.018776 0.006738
v 0.131796 0.131295 -0.134511
v 0.135742 0.117013 -0.133394
v 0.124371 0.138495 -0.069732
v 0.121381 0.141394 0.005245
v 0.135742 0.117013 0.010487
v 0.129754 0.133275 0.008289
v 0.135742 0.098421 0.011292
v 0.135742 0.000342 0.005065
v 0.130340 0.128650 -0.160591
v 0.126250 0.133510 -0.155510
v 0.126998 0.135948 -0.134875
v 0.135742 0.000550 -0.056556
v 0.135742 0.001042 -0.097868
v 0.135166 0.115229 -0.157448
v 0.124371 0.138495 -0.069732
v 0.121381 0.141394 0.005245
v 0.135742 0.098421 0.011292
v 0.135742 0.000342 0.005065
v 0.130340 0.128650 -0.160591
v 0.126250 0.133510 -0.155510
v 0.126998 0.135948 -0.134875
v 0.135742 0.000550 -0.056556
v 0.135742 0.001042 -0.097868
v 0.135742 0.117013 0.010487
v 0.129754 0.133275 0.008289
v 0.135166 0.115229 -0.157448
vn -0.7163 0.6956 -0.0555
vn -0.2396 0.0429 0.9699
vn -0.2381 0.0420 0.9703
vn 0.0154 -0.0634 0.9979
vn -0.2640 0.0878 0.9605
vn -0.6228 0.2506 -0.7412
vn -0.7170 0.6948 -0.0561
vn -0.4856 -0.8741 -0.0104
vn 0.0725 -0.4611 -0.8844
vn -0.9907 0.1350 -0.0188
vn -0.9919 0.1252 -0.0225
vn -0.4914 -0.8710 -0.0035
vn -0.4917 -0.8707 0.0117
vn -0.9908 0.1339 -0.0194
vn 0.0219 -0.4112 -0.9113
vn 0.6984 0.7136 -0.0550
vn 0.8497 0.5255 -0.0437
vn 0.8834 0.4611 -0.0839
vn 0.6985 0.7071 -0.1099
vn 0.8630 0.5052 0.0027
vn 0.6961 0.7179 -0.0000
vn 0.9877 0.1556 -0.0161
vn 0.9890 0.1478 0.0011
vn 0.9835 0.1762 -0.0398
vn 1.0000 -0.0006 -0.0021
vt 1.000000 0.000000
vt 1.000000 0.355022
vt 0.611922 0.000000
vt 0.581563 0.581563
vt 0.000000 0.000000
vt 0.988670 0.721448
vt 1.000000 0.611503
vt 0.723113 0.723113
vt 0.393633 0.000000
vt 0.611503 0.611503
vt 0.603154 0.000000
vt 1.000000 0.581563
vt 1.000000 0.401580
vt 0.469050 0.469050
vt 0.401580 0.401580
vt 1.000000 0.388078
vt 0.564899 0.413318
vt 1.000000 0.505644
vt 0.493572 0.000000
vt 0.707641 0.012865
vt 0.505644 0.505644
vt 1.000000 1.000000
vt 1.000000 0.481444
vt 0.506428 0.000000
vt 0.606367 0.000000
vt 1.000000 0.626932
vt 0.704939 0.704939
vt 0.617970 0.308582
vt 0.612335 0.308761
vt 0.614053 0.295921
vt 0.618883 0.298434
vt 0.612335 0.379373
vt 0.621056 0.340661
vt 0.624356 0.377782
vt 0.599670 0.309311
vt 0.599670 0.380164
vt 0.612335 0.295168
vt 0.601525 0.297466
vt 0.599053 0.380180
vt 0.583657 0.380561
vt 0.498782 0.375859
vt 0.499116 0.347150
vt 0.499793 0.326806
vt 0.599670 0.297993
s 0
usemtl Material.027
f 1694/2324/1268 1714/2325/1268 1713/2326/1268
f 1723/2327/1269 1694/2328/1269 1697/2324/1269 1703/2329/1269
f 1715/2330/1270 1703/2331/1270 1697/2328/1270 1698/2324/1270
f 1698/2328/1271 1716/2332/1271 1715/2333/1271
f 1714/2334/1272 1694/2324/1272 1723/2335/1272
f 1693/2324/1273 1718/2336/1273 1717/2337/1273 1695/2328/1273
f 1718/2338/1274 1693/2328/1274 1694/2324/1274 1713/2339/1274 1719/2340/1274
f 1696/2324/1275 1721/2341/1275 1720/2342/1275
f 1724/2343/1276 1721/2344/1276 1696/2328/1276
f 1693/2328/1277 1697/2324/1277 1694/2345/1277
f 1695/2328/1278 1696/2324/1278 1697/2345/1278
f 1716/2346/1279 1697/2345/1279 1696/2328/1279 1720/2347/1279
f 1716/2348/1280 1698/2324/1280 1697/2345/1280
f 1693/2328/1281 1695/2324/1281 1697/2345/1281
f 1695/2324/1282 1717/2349/1282 1724/2350/1282 1696/2328/1282
s 1
f 1709/2351/1283 1699/2352/1284 1707/2353/1285 1708/2354/1286
f 1704/2355/1287 1699/2352/1284 1709/2351/1283 1701/2356/1288 1702/2357/1288
usemtl Material.020
f 1700/2358/1289 1699/2352/1284 1704/2355/1287 1722/2359/1290
f 1707/2360/1285 1699/2352/1284 1700/2358/1289 1712/2361/1291
f 1700/2358/1289 1722/2362/1290 1705/2363/1292 1706/2364/1292 1710/2365/1292 1711/2366/1292 1712/2367/1291
g Toaster_cell.036_Toaster_cell.035
v 0.080792 0.073700 -0.212144
v 0.063244 0.043244 -0.181623
v 0.059243 0.028342 -0.167909
v 0.073101 0.064338 -0.213124
v 0.072166 -0.011139 -0.213354
v 0.091240 -0.028804 -0.217529
v 0.103527 -0.031037 -0.221384
v 0.135742 0.073082 -0.221427
v 0.133901 -0.031664 -0.228827
v 0.133967 0.015202 -0.228605
v 0.133145 0.077058 -0.227946
v 0.132440 0.083594 -0.226290
v 0.134457 0.080852 -0.218732
v 0.135742 0.072960 -0.210754
v 0.135742 -0.002808 -0.136693
v 0.135742 -0.033573 -0.195381
v 0.135742 -0.032140 -0.221348
v 0.135742 -0.032321 -0.172968
v 0.135742 -0.031452 -0.161850
v 0.135742 -0.011233 -0.129037
v 0.135742 -0.024677 -0.150357
v 0.133901 -0.031664 -0.228827
v 0.133967 0.015202 -0.228605
v 0.135742 0.072960 -0.210754
v 0.135742 -0.002808 -0.136693
v 0.135742 -0.032140 -0.221348
v 0.135742 -0.033573 -0.195381
v 0.135742 -0.032321 -0.172968
v 0.135742 -0.031452 -0.161850
v 0.135742 -0.024677 -0.150357
v 0.135742 -0.011233 -0.129037
v 0.133145 0.077058 -0.227946
v 0.132440 0.083594 -0.226290
v 0.134457 0.080852 -0.218732
vn -0.2379 0.0049 -0.9713
vn -0.2411 0.0071 -0.9705
vn -0.2938 0.2806 -0.9137
vn -0.0177 0.7461 0.6656
vn 0.0008 0.6990 0.7151
vn -0.0341 -0.9979 -0.0551
vn -0.2445 0.0060 -0.9696
vn -0.1227 -0.9909 0.0554
vn -0.1549 -0.9849 0.0769
vn -0.3170 -0.1200 -0.9408
vn -0.7700 0.6148 0.1707
vn -0.9567 0.0127 -0.2908
vn -0.9610 0.0036 -0.2765
vn -0.0241 0.6775 0.7351
vn -0.5661 -0.7102 0.4187
vn -0.5782 -0.6902 0.4352
vn 0.9842 0.1199 -0.1307
vn 0.9891 0.0450 -0.1404
vn 0.9623 0.1298 -0.2390
vn 0.9554 0.1992 -0.2181
vn 0.9620 0.0043 -0.2731
vn 0.9912 0.0027 -0.1327
vn 1.0000 0.0011 -0.0000
vt 1.000000 0.000000
vt 1.000000 0.370394
vt 0.629584 0.000000
vt 0.930184 0.522639
vt 0.370394 0.370394
vt 0.000000 0.000000
vt 1.000000 0.492270
vt 0.529349 0.529349
vt 0.638099 0.529052
vt 0.501036 0.501036
vt 1.000000 0.591333
vt 0.592050 0.000000
vt 0.591333 0.591333
vt 1.000000 0.370416
vt 0.908479 0.300954
vt 0.608809 0.000000
vt 1.000000 1.000000
vt 0.608809 0.608809
vt 1.000000 0.578213
vt 0.498089 0.000000
vt 0.578213 0.578213
vt 0.604959 0.000000
vt 1.000000 0.407950
vt 1.000000 0.409907
vt 0.501911 0.000000
vt 0.366005 0.000000
vt 0.409907 0.409907
vt 0.569413 0.268572
vt 0.564803 0.265960
vt 0.570854 0.262802
vt 0.574120 0.265894
vt 0.471922 0.262316
vt 0.513479 0.262425
vt 0.564799 0.262621
vt 0.471501 0.265999
vt 0.477612 0.300958
vt 0.471711 0.295298
vt 0.471018 0.289823
vt 0.470058 0.278786
vt 0.471501 0.265999
vt 0.564650 0.271216
vt 0.496762 0.307687
vt 0.489286 0.311457
s 0
usemtl Material.027
f 1731/2368/1293 1747/2369/1293 1746/2370/1293
f 1728/2368/1294 1756/2371/1294 1747/2372/1294 1731/2373/1294
f 1725/2368/1295 1757/2374/1295 1756/2375/1295 1728/2373/1295
f 1758/2376/1296 1757/2377/1296 1725/2373/1296 1726/2368/1296 1748/2378/1296
f 1726/2373/1297 1749/2379/1297 1748/2380/1297
f 1731/2368/1298 1746/2381/1298 1750/2382/1298 1751/2383/1298
f 1729/2373/1299 1728/2368/1299 1731/2384/1299
f 1731/2384/1300 1751/2385/1300 1752/2386/1300
f 1753/2387/1301 1730/2368/1301 1731/2384/1301 1752/2388/1301
f 1730/2373/1302 1729/2368/1302 1731/2384/1302
f 1726/2373/1303 1725/2368/1303 1728/2384/1303
f 1729/2373/1304 1726/2368/1304 1728/2384/1304
f 1729/2373/1305 1727/2368/1305 1726/2384/1305
f 1726/2384/1306 1727/2373/1306 1755/2389/1306 1749/2390/1306
f 1754/2391/1307 1729/2384/1307 1730/2373/1307 1753/2392/1307
f 1755/2393/1308 1727/2368/1308 1729/2384/1308 1754/2394/1308
s 1
usemtl Material.020
f 1737/2395/1309 1732/2396/1310 1735/2397/1311 1736/2398/1312
f 1733/2399/1313 1734/2400/1313 1735/2401/1311 1732/2396/1310 1741/2402/1314
f 1745/2403/1315 1743/2404/1315 1742/2405/1315 1740/2406/1315 1741/2407/1314 1732/2396/1310 1737/2395/1309 1738/2408/1315 1739/2409/1315 1744/2410/1315
g Toaster_cell.037_Toaster_cell.036
v 0.102722 -0.033261 -0.220458
v 0.068901 -0.044428 -0.229293
v 0.085469 -0.030966 -0.224297
v 0.108366 -0.140968 -0.208431
v 0.104851 -0.140968 -0.227081
v 0.135742 -0.033569 -0.161220
v 0.135742 -0.039396 -0.154794
v 0.135742 -0.035120 -0.188691
v 0.135742 -0.035644 -0.193740
v 0.125267 -0.138928 -0.214392
v 0.109918 -0.140384 -0.227001
v 0.135742 -0.130902 -0.204974
v 0.132794 -0.138020 -0.208186
v 0.135742 -0.095935 -0.200935
v 0.082111 -0.140056 -0.234179
v 0.071085 -0.139729 -0.236728
v 0.068976 -0.140968 -0.227081
v 0.051817 -0.140968 -0.148852
v 0.108366 -0.140968 -0.081053
v 0.132794 -0.138020 -0.054858
v 0.135742 -0.130902 -0.058767
v 0.135742 -0.092777 -0.098631
v 0.135742 -0.033569 -0.161220
v 0.135742 -0.039396 -0.154794
v 0.135742 -0.035120 -0.188691
v 0.135742 -0.035644 -0.193740
v 0.135742 -0.130902 -0.204974
v 0.132794 -0.138020 -0.208186
v 0.125267 -0.138928 -0.214392
v 0.109918 -0.140384 -0.227001
v 0.135742 -0.095935 -0.200935
v 0.082111 -0.140056 -0.234179
v 0.071085 -0.139729 -0.236728
v 0.104851 -0.140968 -0.227081
v 0.068976 -0.140968 -0.227081
v 0.051817 -0.140968 -0.148852
v 0.108366 -0.140968 -0.081053
v 0.132794 -0.138020 -0.054858
v 0.135742 -0.130902 -0.058767
v 0.135742 -0.092777 -0.098631
vn -0.6268 0.5772 0.5234
vn 0.1215 0.9910 -0.0560
vn 0.1535 0.9829 -0.1020
vn 0.6271 0.0894 -0.7738
vn 0.2501 0.0644 -0.9661
vn 0.6304 0.0920 -0.7708
vn -0.9768 -0.0057 -0.2142
vn -0.6352 0.5598 0.5321
vn 0.6875 -0.7262 -0.0000
vn 0.4503 -0.8929 -0.0000
vn 0.9746 -0.2241 -0.0000
vn 0.9592 -0.2828 -0.0000
vn 0.0620 -0.9981 -0.0049
vn 0.1175 -0.9930 -0.0071
vn 0.0929 -0.9957 -0.0000
vn 0.2268 0.0809 -0.9706
vn -0.0000 -1.0000 -0.0000
vn -0.0000 -0.9985 -0.0551
vn 0.0451 -0.9988 -0.0201
vn -0.6380 0.5565 0.5322
vn 0.1128 -0.9934 -0.0218
vn 1.0000 -0.0000 -0.0000
vn -0.0000 -0.9918 -0.1274
vt 1.000000 1.000000
vt 0.000000 0.000000
vt 0.593061 0.000000
vt 1.000000 0.477070
vt 0.477070 0.477070
vt 1.000000 0.498805
vt 0.498805 0.498805
vt 0.602423 0.000000
vt 1.000000 0.000000
vt 0.681320 0.334765
vt 0.786300 0.329299
vt 1.000000 0.320668
vt 0.601422 0.601422
vt 0.633917 0.379770
vt 0.320668 0.320668
vt 0.445354 0.318135
vt 1.000000 0.323345
vt 1.000000 0.601422
vt 0.602423 0.602423
vt 1.000000 0.341716
vt 0.350199 0.350199
vt 0.414653 0.341744
vt 0.427654 0.427654
vt 1.000000 0.406939
vt 0.375000 0.347985
vt 0.375000 0.272480
vt 0.383926 0.274062
vt 0.383926 0.346060
vt 0.170724 0.535659
vt 0.151623 0.510988
vt 0.147480 0.500000
vt 0.222985 0.500000
vt 0.219172 0.535659
vt 0.323345 0.323345
vt 0.350199 0.000000
vt 0.182741 0.576854
vt 0.160030 0.565536
vt 0.154597 0.538046
vt 0.624841 0.252397
vt 1.000000 0.427654
vt 0.341716 0.341716
vt 0.982952 0.341638
vt 0.533816 0.235120
vt 0.152652 0.534716
vt 0.151332 0.531127
vt 0.468214 0.279594
vt 0.468645 0.282080
vt 0.469838 0.295608
vt 0.464653 0.298773
vt 0.417453 0.326430
vt 0.383926 0.274062
vt 0.414848 0.276051
vt 0.156081 0.564335
vt 0.125000 0.559541
vt 0.125000 0.549387
vt 0.149509 0.535866
s 0
usemtl Material.027
f 1761/2411/1316 1760/2412/1316 1782/2413/1316 1781/2414/1316
f 1761/2411/1317 1781/2415/1317 1783/2416/1317
f 1783/2417/1318 1784/2418/1318 1759/2419/1318 1761/2411/1318
f 1786/2420/1319 1787/2421/1319 1788/2422/1319 1759/2411/1319 1789/2423/1319 1785/2424/1319
f 1759/2411/1320 1788/2425/1320 1792/2426/1320 1790/2427/1320
f 1789/2428/1321 1759/2411/1321 1784/2429/1321
f 1794/2430/1322 1760/2411/1322 1791/2431/1322 1793/2432/1322
f 1760/2411/1323 1798/2433/1323 1782/2434/1323
f 1759/2411/1331 1790/2444/1331 1791/2445/1331 1760/2419/1331 1761/2411/1331
f 1779/2449/1335 1798/2450/1335 1760/2411/1335 1794/2451/1335 1777/2452/1335 1778/2453/1335
s 1
usemtl Material.020
f 1796/2435/1324 1771/2436/1325 1770/2437/1326 1797/2438/1327
f 1762/2439/1328 1768/2440/1329 1771/2441/1325 1796/2442/1324 1795/2443/1330
f 1762/2439/1328 1795/2439/1330 1776/2446/1332 1775/2447/1333 1763/2448/1334
f 1768/2440/1329 1762/2439/1328 1763/2454/1334 1769/2455/1336
f 1767/2456/1337 1766/2457/1337 1764/2458/1337 1765/2459/1337 1780/2460/1337 1797/2438/1327 1770/2461/1326 1772/2462/1337
f 1775/2463/1333 1774/2464/1338 1773/2465/1338 1763/2466/1334
g Toaster_cell.038_Toaster_cell.037
v -0.047066 -0.087306 0.214831
v -0.046722 -0.071261 0.208779
v -0.000982 -0.065731 0.189251
v -0.040810 -0.128550 0.229406
v -0.015909 -0.134553 0.230115
v -0.023588 -0.063973 0.203835
v -0.028430 -0.140968 0.125120
v -0.000730 -0.140968 0.110615
v -0.046745 -0.140968 0.135275
v -0.011070 -0.140660 0.229482
v -0.000662 -0.140968 0.222428
v -0.018128 -0.140274 0.232487
v -0.046909 -0.140968 0.146384
v -0.047131 -0.140968 0.215007
v -0.042083 -0.140968 0.226567
v -0.037352 -0.140120 0.233684
v -0.028430 -0.140968 0.125120
v -0.000730 -0.140968 0.110615
v -0.046745 -0.140968 0.135275
v -0.037352 -0.140120 0.233684
v -0.018128 -0.140274 0.232487
v -0.042083 -0.140968 0.226567
v -0.000662 -0.140968 0.222428
v -0.011070 -0.140660 0.229482
v -0.046909 -0.140968 0.146384
v -0.047131 -0.140968 0.215007
vn -0.3526 0.6920 -0.6299
vn 0.0867 0.3559 0.9305
vn 0.5274 0.3463 0.7758
vn -0.3407 0.6788 -0.6505
vn -0.3564 0.6780 -0.6429
vn 0.5340 0.3430 0.7728
vn 1.0000 0.0040 -0.0006
vn 0.0916 0.3497 0.9324
vn 0.0652 0.3483 0.9351
vn -0.9998 0.0159 -0.0147
vn 0.3923 0.2183 0.8935
vn -1.0000 0.0012 -0.0032
vn -0.9164 0.0024 0.4002
vn -0.1048 0.3172 0.9426
vn -0.8297 -0.0422 0.5566
vn 0.0001 -1.0000 0.0013
vn -0.0001 -0.9998 0.0216
vn -0.0002 -0.9993 0.0373
vn -0.0011 -0.9927 0.1208
vt 0.000000 0.000000
vt 1.000000 0.000000
vt 1.000000 1.000000
vt 0.400465 0.400465
vt 1.000000 0.400444
vt 0.400445 0.400445
vt 0.418904 0.000000
vt 1.000000 0.146335
vt 0.557485 0.049369
vt 0.146335 0.146335
vt 1.000000 0.400465
vt 1.000000 0.289828
vt 0.289828 0.289828
vt 0.829948 0.000000
vt 0.418904 0.418904
vt 0.483588 0.000000
vt 1.000000 0.683791
vt 0.829948 0.829948
vt 1.000000 0.516412
vt 0.481574 0.000000
vt 0.481574 0.481574
vt 0.800566 0.000000
vt 1.000000 0.347430
vt 0.291837 0.291837
vt 0.191855 0.000000
vt 0.183256 0.669722
vt 0.185114 0.657358
vt 0.187627 0.626437
vt 0.312373 0.626304
vt 0.312717 0.636576
vt 0.316271 0.666574
vt 0.316783 0.669983
vt 0.183239 0.669833
vt 0.338549 0.665107
vt 0.336945 0.639237
vt 0.337309 0.646538
vt 0.338313 0.661893
s 0
usemtl Material.027
f 1801/2467/1339 1800/2468/1339 1804/2469/1339
f 1800/2467/1340 1803/2468/1340 1804/2469/1340
f 1803/2467/1341 1801/2468/1341 1804/2469/1341
f 1816/2470/1342 1815/2471/1342 1801/2469/1342
f 1800/2468/1343 1801/2469/1343 1815/2472/1343 1817/2473/1343
f 1821/2474/1344 1801/2469/1344 1803/2467/1344 1822/2475/1344
f 1801/2469/1345 1821/2476/1345 1816/2477/1345
f 1800/2469/1346 1799/2467/1346 1818/2478/1346
f 1818/2479/1347 1819/2480/1347 1803/2468/1347 1800/2469/1347
f 1800/2469/1348 1817/2481/1348 1823/2482/1348 1799/2468/1348
f 1822/2483/1349 1803/2469/1349 1819/2484/1349
f 1799/2468/1350 1823/2485/1350 1824/2486/1350
f 1802/2468/1351 1799/2469/1351 1824/2487/1351 1820/2488/1351
f 1799/2469/1352 1802/2467/1352 1818/2489/1352
f 1818/2490/1353 1802/2467/1353 1820/2491/1353
s 1
usemtl Material.020
f 1807/2492/1354 1805/2493/1354 1806/2494/1354 1809/2495/1354 1808/2496/1355 1813/2497/1356 1812/2498/1354 1811/2499/1354
f 1813/2500/1356 1808/2501/1355 1810/2502/1357 1814/2503/1357
g Toaster_cell.039_Toaster_cell.038
v -0.084028 0.081076 -0.153119
v -0.036784 0.039370 -0.152948
v -0.062755 0.038792 -0.153190
v -0.084272 0.090767 -0.170389
v -0.034409 0.052682 -0.158573
v -0.026756 0.138261 -0.174569
v -0.034319 0.134889 -0.185082
v -0.042425 0.143149 -0.151699
v -0.032367 0.140968 -0.166127
v -0.067835 0.143165 -0.151591
v -0.076560 0.143153 -0.151670
v -0.063174 0.134967 -0.184838
v -0.084190 0.135041 -0.184608
v -0.083731 0.143116 -0.151920
v -0.083886 0.141758 -0.160901
v -0.083949 0.140968 -0.166127
v -0.026756 0.138261 -0.174569
v -0.034319 0.134889 -0.185082
v -0.042425 0.143149 -0.151699
v -0.032367 0.140968 -0.166127
v -0.067835 0.143165 -0.151591
v -0.076560 0.143153 -0.151670
v -0.063174 0.134967 -0.184838
v -0.084190 0.135041 -0.184608
v -0.083731 0.143116 -0.151920
v -0.083886 0.141758 -0.160901
v -0.083949 0.140968 -0.166127
vn 0.9354 -0.0177 0.3531
vn 0.8250 -0.1743 -0.5376
vn 0.8280 0.0366 0.5595
vn 0.0173 -0.3918 -0.9199
vn 0.0042 -0.0118 0.9999
vn -0.0090 -0.0157 0.9998
vn -0.0218 -0.3222 -0.9464
vn -0.0089 -0.3069 -0.9517
vn -0.0115 -0.3057 -0.9520
vn -0.0348 -0.0192 0.9992
vn -0.8689 -0.4368 -0.2328
vn -0.9999 0.0055 0.0113
vn -0.9999 0.0045 0.0166
vn -0.0000 0.9522 -0.3054
vn -0.0000 0.9735 -0.2288
vn -0.0000 0.9663 -0.2575
vn -0.0000 0.9888 -0.1495
vt 0.000000 0.000000
vt 1.000000 0.000000
vt 0.654946 0.654946
vt 0.619334 0.619334
vt 0.575363 0.000000
vt 1.000000 0.654946
vt 0.769278 0.432801
vt 0.335491 0.000000
vt 1.000000 1.000000
vt 0.335491 0.335491
vt 1.000000 0.335022
vt 0.335021 0.335021
vt 0.333862 0.000000
vt 0.421782 0.000000
vt 1.000000 0.424637
vt 0.421782 0.421782
vt 0.421425 0.000000
vt 0.457612 0.000000
vt 0.333862 0.333862
vt 1.000000 0.487061
vt 0.904684 0.383865
vt 0.578575 0.000000
vt 1.000000 0.542388
vt 0.487061 0.487061
vt 0.831808 0.649639
vt 0.831808 0.656603
vt 0.831808 0.683175
vt 0.831808 0.702528
vt 0.831808 0.702306
vt 0.831808 0.654805
vt 0.818215 0.702248
vt 0.818225 0.702104
vt 0.818681 0.695502
vt 0.820299 0.687467
vt 0.831808 0.664068
vt 0.831808 0.654805
vt 0.818211 0.702306
s 0
usemtl Material.027
f 1826/2504/1358 1829/2505/1358 1841/2506/1358
f 1841/2507/1359 1829/2504/1359 1842/2508/1359
f 1826/2505/1360 1841/2509/1360 1844/2510/1360 1843/2511/1360
f 1827/2504/1361 1829/2505/1361 1826/2512/1361
f 1843/2513/1362 1845/2514/1362 1826/2512/1362
f 1827/2505/1363 1826/2512/1363 1845/2515/1363 1846/2516/1363
f 1827/2504/1364 1828/2505/1364 1829/2512/1364
f 1829/2512/1365 1828/2504/1365 1847/2517/1365 1842/2518/1365
f 1847/2519/1366 1828/2504/1366 1848/2520/1366
f 1849/2521/1367 1825/2505/1367 1827/2512/1367 1846/2522/1367
f 1825/2504/1368 1828/2505/1368 1827/2512/1368
f 1828/2505/1369 1850/2523/1369 1851/2524/1369 1848/2525/1369
f 1828/2504/1370 1825/2505/1370 1849/2526/1370 1850/2527/1370
s 1
f 1830/2528/1371 1831/2529/1371 1836/2530/1371 1837/2531/1371 1840/2532/1372 1833/2533/1373
f 1839/2534/1374 1838/2535/1374 1835/2536/1374 1834/2537/1374 1832/2538/1374 1833/2539/1373 1840/2540/1372
g Toaster_cell.040_Toaster_cell.039
v 0.019114 -0.023778 0.249008
v 0.007960 0.026655 0.142759
v 0.018768 -0.024503 0.199172
v 0.019126 -0.024295 0.231711
v -0.054529 0.071392 0.246911
v -0.008914 0.055465 0.159686
v -0.000195 0.051746 0.156185
v -0.058980 0.039778 0.182459
v -0.038354 0.037088 0.153602
v -0.056623 0.034261 0.166815
v -0.058875 0.023518 0.182544
v -0.055533 -0.021249 0.235550
v -0.000387 0.029415 0.142888
v -0.021412 -0.025436 0.222282
v -0.021099 0.084424 0.246142
v -0.021099 0.039378 0.253836
v -0.033566 0.036198 0.253836
v -0.026130 0.084857 0.245848
v -0.004827 0.045007 0.253584
v -0.007505 0.083938 0.246790
v -0.003574 0.050949 0.252583
v -0.003574 0.067132 0.249779
v -0.012623 0.090044 0.242572
v -0.040601 0.034129 0.253836
v -0.054339 0.029244 0.253836
v -0.054617 -0.014776 0.253836
v -0.013077 -0.024603 0.253836
v -0.019432 -0.024614 0.253836
v -0.004385 -0.024597 0.253505
v -0.003574 -0.024735 0.246513
v 0.003574 -0.024656 0.246513
v 0.003941 -0.024508 0.253425
v 0.003574 0.037861 0.251401
v 0.003574 0.032303 0.252583
v 0.004827 0.021555 0.253618
v 0.003941 0.026728 0.253402
v -0.001484 0.070510 0.246513
v 0.003574 0.047353 0.246513
v -0.054555 -0.021145 0.253836
v -0.047320 -0.021999 0.253836
v 0.013435 -0.024386 0.253697
v -0.021099 0.039378 0.253836
v -0.033566 0.036198 0.253836
v -0.003574 0.050949 0.252583
v -0.003574 0.067132 0.249779
v -0.040601 0.034129 0.253836
v -0.054339 0.029244 0.253836
v -0.054617 -0.014776 0.253836
v -0.013077 -0.024603 0.253836
v -0.019432 -0.024614 0.253836
v -0.003574 -0.024735 0.246513
v 0.003574 -0.024656 0.246513
v 0.003574 0.037861 0.251401
v 0.003574 0.032303 0.252583
v 0.003941 0.026728 0.253402
v -0.001484 0.070510 0.246513
v 0.003574 0.047353 0.246513
v -0.054555 -0.021145 0.253836
v -0.047320 -0.021999 0.253836
v -0.021099 0.084424 0.246142
v -0.007505 0.083938 0.246790
v -0.004827 0.045007 0.253584
v -0.012623 0.090044 0.242572
v -0.004385 -0.024597 0.253505
v 0.013435 -0.024386 0.253697
v 0.003941 -0.024508 0.253425
v 0.004827 0.021555 0.253618
vn -0.0426 0.1683 0.9848
vn -0.0204 0.1706 0.9851
vn 0.6525 0.2780 0.7050
vn 0.8729 0.4777 -0.0993
vn 0.2374 0.9002 -0.3650
vn -0.4092 0.8389 -0.3588
vn -0.0575 0.1616 0.9852
vn -0.0485 0.1650 0.9851
vn -0.4228 0.8263 -0.3720
vn -0.4969 0.7922 -0.3543
vn -0.9978 0.0063 0.0658
vn 0.0017 -0.9997 0.0259
vn 0.6576 0.1318 0.7417
vn 0.8901 0.2087 0.4053
vn 0.9770 0.2134 -0.0013
vn 0.9403 0.3357 -0.0563
vn 0.1536 0.5045 -0.8496
vn -0.1253 0.5084 -0.8520
vn -0.1386 0.5043 -0.8524
vn -0.4210 0.8097 -0.4088
vn -0.9984 -0.0072 0.0557
vn -0.9985 -0.0112 0.0535
vn -0.1172 -0.9930 0.0119
vn -0.0933 -0.9951 0.0318
vn -0.9892 -0.0072 -0.1465
vn -0.3221 -0.7390 -0.5917
vn -0.5227 -0.6673 -0.5306
vn 0.0259 -0.9997 0.0047
vn -0.3188 -0.7461 -0.5845
vn 0.1307 -0.9910 0.0297
vn 0.0389 -0.9992 0.0060
vn 0.9787 0.2050 -0.0054
vn 0.9809 0.1939 -0.0121
vn -0.2544 -0.7401 -0.6225
vn 0.0118 -0.9997 0.0202
vn 0.6358 -0.0058 0.7719
vn 0.4546 0.0024 0.8907
vn 0.0109 0.0004 0.9999
vn 0.0098 0.0004 1.0000
vn 0.0187 0.0007 0.9998
vn 0.6296 -0.0064 0.7769
vn 0.8914 -0.0091 0.4531
vn 0.9765 -0.0100 0.2152
vn 0.9646 -0.0091 0.2634
vn -0.0000 -0.0000 1.0000
vn -0.8931 0.0002 0.4498
vn -0.7151 -0.0043 0.6990
vn -0.2214 0.0002 0.9752
vn -0.6911 -0.0018 0.7228
vn -0.9991 -0.0025 0.0427
vn -0.9997 -0.0026 0.0247
vn -0.1597 -0.0004 0.9872
vn -0.3176 -0.7365 -0.5973
vn -0.0197 0.5570 0.8303
vn -0.0286 -0.0036 0.9996
vt 0.978382 0.908408
vt 0.737229 0.714251
vt 0.631481 0.631481
vt 0.000000 0.000000
vt 0.367909 0.000000
vt 0.698142 0.303137
vt 1.000000 0.595164
vt 0.925349 0.925349
vt 0.657644 0.489585
vt 0.753473 0.416059
vt 1.000000 0.332213
vt 1.000000 0.076169
vt 0.770899 0.770899
vt 0.663760 0.286438
vt 0.023721 0.000000
vt 1.000000 0.000000
vt 1.000000 0.961645
vt 0.598726 0.598726
vt 0.961645 0.961645
vt 0.959553 0.959553
vt 1.000000 0.631481
vt 0.987139 0.730319
vt 1.000000 0.610729
vt 1.000000 1.000000
vt 0.544292 0.544292
vt 0.610729 0.610729
vt 1.000000 0.632091
vt 0.896153 0.000000
vt 1.000000 0.544292
vt 0.967935 0.691449
vt 0.564118 0.300662
vt 0.256135 0.000000
vt 0.281389 0.281389
vt 0.788397 0.000000
vt 0.801303 0.083477
vt 0.782768 0.153935
vt 0.751140 0.170241
vt 0.747192 0.000000
vt 0.788397 0.788397
vt 0.747192 0.747192
vt 1.000000 0.979285
vt 0.979285 0.979285
vt 0.896153 0.896153
vt 1.000000 0.896042
vt 0.896042 0.896042
vt 1.000000 0.792309
vt 0.688550 0.688550
vt 0.792309 0.792309
vt 0.746760 0.047343
vt 1.000000 0.020253
vt 0.971795 0.971795
vt 0.988399 0.988399
vt 0.718110 0.718110
vt 0.979747 0.000000
vt 0.824747 0.339009
vt 0.735945 0.056200
vt 0.626827 0.363097
vt 0.478193 0.629445
vt 0.539908 0.629445
vt 0.534918 0.644429
vt 0.518750 0.642511
vt -0.534481 0.646598
vt 0.478067 0.628291
vt 0.563671 0.628291
vt 0.559527 0.628291
vt 0.545178 0.628291
vt 0.478179 0.628291
vt 0.564782 0.644429
vt 0.564782 0.655909
vt 0.564782 0.662388
vt 0.564782 0.675039
vt 0.564782 0.675295
vt 0.564782 0.675237
vt 0.564782 0.668576
vt 0.523701 0.621709
vt 0.478282 0.620555
vt 0.519113 0.620555
vt 0.478179 0.628291
vt 0.540990 0.628291
vt 0.478137 0.621709
vt 0.478249 0.621709
vt 0.528643 0.621709
vt 0.533572 0.621709
vt 0.541989 0.621709
vt 0.391333 0.621709
vt 0.579608 0.644429
vt 0.572257 0.630826
vt -0.075360 0.630274
vt -0.399847 0.603426
vt 0.519113 0.620555
vt 0.478268 0.621709
s 0
usemtl Material.027
f 1912/2541/1375 1911/2542/1375 1869/2543/1375 1856/2544/1375 1894/2545/1375 1893/2546/1375 1913/2547/1375
f 1912/2548/1376 1913/2549/1376 1895/2550/1376 1896/2551/1376
f 1907/2552/1377 1912/2553/1377 1896/2554/1377
f 1907/2555/1378 1858/2556/1378 1914/2557/1378 1912/2558/1378
f 1857/2556/1379 1914/2559/1379 1858/2544/1379
f 1914/2560/1380 1857/2544/1380 1856/2556/1380 1869/2561/1380 1911/2562/1380
f 1897/2563/1381 1856/2564/1381 1898/2565/1381
f 1856/2564/1382 1897/2566/1382 1894/2567/1382
f 1857/2544/1383 1861/2556/1383 1856/2564/1383
f 1861/2544/1384 1859/2556/1384 1856/2564/1384
f 1856/2564/1385 1859/2544/1385 1899/2568/1385 1898/2569/1385
f 1915/2570/1386 1900/2571/1386 1901/2572/1386 1865/2556/1386
f 1916/2573/1387 1852/2544/1387 1904/2574/1387 1905/2575/1387 1906/2576/1387 1918/2577/1387
f 1852/2544/1388 1908/2578/1388 1904/2579/1388
f 1908/2580/1389 1852/2544/1389 1853/2556/1389 1907/2581/1389
f 1853/2544/1390 1858/2556/1390 1907/2582/1390
f 1853/2544/1391 1864/2556/1391 1858/2564/1391
f 1864/2544/1392 1857/2556/1392 1858/2564/1392
f 1864/2544/1393 1860/2556/1393 1857/2564/1393
f 1860/2544/1394 1861/2556/1394 1857/2564/1394
f 1899/2583/1395 1859/2544/1395 1862/2556/1395 1909/2584/1395
f 1909/2585/1396 1862/2544/1396 1863/2556/1396
f 1863/2544/1397 1865/2556/1397 1910/2586/1397 1909/2587/1397
f 1910/2588/1398 1865/2544/1398 1901/2589/1398
f 1862/2544/1399 1859/2556/1399 1861/2564/1399
f 1854/2544/1400 1863/2556/1400 1861/2564/1400
f 1863/2544/1401 1862/2556/1401 1861/2564/1401
f 1865/2564/1402 1854/2544/1402 1916/2590/1402
f 1863/2544/1403 1854/2556/1403 1865/2564/1403
f 1852/2556/1404 1916/2591/1404 1855/2544/1404
f 1855/2556/1405 1916/2592/1405 1854/2544/1405
f 1855/2544/1406 1853/2556/1406 1852/2564/1406
f 1855/2544/1407 1854/2556/1407 1853/2564/1407
f 1854/2544/1408 1864/2556/1408 1853/2564/1408
f 1915/2593/1409 1865/2544/1409 1916/2594/1409 1883/2595/1409 1903/2596/1409 1902/2597/1409
s 1
f 1880/2598/1410 1870/2599/1411 1867/2600/1412 1879/2601/1413 1878/2602/1414
f 1879/2608/1413 1867/2608/1412 1868/2609/1419 1875/2610/1419 1876/2611/1419 1877/2612/1419 1890/2613/1419 1891/2614/1419
f 1887/2615/1420 1917/2616/1421 1886/2617/1422
s 0
f 1860/2556/1427 1864/2564/1427 1854/2556/1427 1861/2564/1427
s 1
f 1866/2626/1428 1871/2627/1428 1874/2628/1428
f 1892/2629/1429 1886/2630/1422 1917/2616/1421
usemtl Material.020
f 1881/2603/1415 1888/2604/1416 1873/2605/1417 1872/2606/1418 1880/2607/1410
f 1880/2618/1410 1872/2606/1418 1870/2619/1411
f 1882/2620/1423 1917/2621/1421 1885/2622/1424 1884/2623/1425 1889/2624/1426
f 1888/2604/1416 1881/2604/1415 1882/2625/1423 1889/2625/1426
f 1885/2622/1424 1917/2631/1421 1887/2615/1420
g Toaster_cell.041_Toaster_cell.040
v 0.105231 0.094542 0.199460
v 0.069331 0.067995 0.177074
v 0.064904 0.080081 0.188000
v 0.135742 0.073082 0.221427
v 0.131766 0.073070 0.237632
v 0.120903 0.073061 0.249494
v 0.106171 0.107310 0.230648
v 0.120955 0.104108 0.228011
v 0.064731 0.114283 0.222283
v 0.064951 0.108163 0.229624
v 0.067653 0.117390 0.218555
v 0.112909 0.115934 0.217358
v 0.106203 0.117379 0.218568
v 0.134410 0.019640 0.226815
v 0.131759 0.030045 0.237615
v 0.126497 0.040353 0.243367
v 0.120891 0.051488 0.249492
v 0.106064 0.073006 0.253836
v 0.120810 0.114206 0.215969
v 0.133543 0.088002 0.218533
v 0.132451 0.093390 0.219124
v 0.135742 0.060833 0.221418
v 0.064731 0.114283 0.222283
v 0.064951 0.108163 0.229624
v 0.112909 0.115934 0.217358
v 0.106203 0.117379 0.218568
v 0.067653 0.117390 0.218555
v 0.134410 0.019640 0.226815
v 0.131759 0.030045 0.237615
v 0.126497 0.040353 0.243367
v 0.120891 0.051488 0.249492
v 0.106064 0.073006 0.253836
v 0.133543 0.088002 0.218533
v 0.132451 0.093390 0.219124
v 0.120810 0.114206 0.215969
v 0.135742 0.073082 0.221427
v 0.135742 0.060833 0.221418
vn -0.9997 -0.0191 0.0140
vn -0.5635 0.5479 -0.6183
vn 0.0004 0.6431 -0.7658
vn -0.7186 -0.5924 0.3642
vn -0.7186 -0.5805 0.3829
vn -0.7202 -0.5749 0.3884
vn 0.5789 0.2041 -0.7894
vn 0.0050 0.6406 -0.7678
vn 0.5454 -0.0975 -0.8325
vn 0.5547 -0.0608 -0.8298
vn 0.5093 0.2557 0.8217
vn 0.5168 0.5821 0.6277
vn 0.1279 0.6660 0.7349
vn 0.2028 0.4005 0.8936
vn 0.8587 0.1788 0.4803
vn 0.8108 0.3809 0.4443
vn -0.0029 0.7072 0.7070
vn 0.9712 -0.0002 0.2384
vn 0.9673 0.0950 0.2353
vn 0.9401 -0.0002 0.3408
vn 0.6618 -0.0004 0.7497
vn 0.7374 -0.0004 0.6754
vn 0.4641 0.6814 0.5659
vn 0.1366 0.7608 0.6344
vn 0.2702 0.7393 0.6168
vn 0.9561 0.1811 0.2305
vn -0.0000 0.7681 0.6403
vt 0.295025 0.295025
vt 0.000000 0.000000
vt 0.358872 0.000000
vt 1.000000 0.000000
vt 1.000000 0.320359
vt 0.386693 0.386693
vt 0.623516 0.000000
vt 1.000000 0.386693
vt 0.678950 0.066573
vt 1.000000 0.279521
vt 1.000000 1.000000
vt 0.680879 0.381617
vt 1.000000 0.488965
vt 0.279521 0.279521
vt 0.504797 0.504797
vt 0.536235 0.469196
vt 0.659585 0.431912
vt 1.000000 0.641128
vt 0.705301 0.043072
vt 0.649143 0.000000
vt 0.997215 0.194324
vt 0.195104 0.195104
vt 1.000000 0.376484
vt 0.430412 0.430412
vt 0.548398 0.398943
vt 1.000000 0.284048
vt 0.350857 0.000000
vt 1.000000 0.430412
vt 0.567050 0.513665
vt 0.608421 0.513617
vt 0.609462 0.527231
vt 0.564782 0.527329
vt 0.564793 0.492020
vt 0.584594 0.483730
vt 0.594337 0.488664
vt 0.566386 0.499524
vt 0.609462 0.564054
vt 0.553943 0.484036
vt 0.564803 0.484040
vt 0.526642 0.492012
vt 0.514708 0.485045
vt 0.564785 0.513665
vt 0.545656 0.513676
vt 0.535779 0.502506
vt 0.545656 0.513676
vt 0.564737 0.527330
vt 0.585595 0.483064
vt 0.603746 0.482396
vt 0.624467 0.527201
vt 0.624396 0.513751
vt 0.624739 0.521024
vt 0.578018 0.482622
vt 0.565427 0.483693
vt 0.609462 0.565391
vt 0.609462 0.564054
vt 0.609462 0.562701
s 0
usemtl Material.027
f 1941/2632/1430 1921/2633/1430 1942/2634/1430
f 1920/2633/1431 1921/2635/1431 1941/2636/1431 1945/2637/1431
f 1943/2638/1432 1920/2635/1432 1945/2639/1432 1944/2640/1432
f 1920/2633/1433 1946/2641/1433 1921/2642/1433
f 1947/2643/1434 1948/2644/1434 1921/2642/1434 1946/2645/1434
f 1921/2642/1435 1948/2646/1435 1949/2647/1435 1950/2648/1435 1942/2649/1435
f 1952/2650/1436 1951/2651/1436 1919/2635/1436 1953/2652/1436
f 1953/2653/1437 1919/2633/1437 1920/2635/1437 1943/2654/1437
f 1920/2642/1438 1954/2655/1438 1955/2656/1438 1946/2657/1438
f 1919/2633/1439 1951/2658/1439 1954/2659/1439 1920/2642/1439
s 1
f 1924/2660/1440 1926/2661/1441 1925/2662/1442 1936/2663/1443
f 1923/2664/1444 1939/2665/1445 1926/2666/1441 1924/2667/1440
f 1936/2663/1443 1925/2662/1442 1928/2668/1446
f 1923/2664/1444 1924/2673/1440 1935/2674/1450 1934/2675/1451 1933/2671/1449
f 1935/2676/1450 1924/2673/1440 1936/2677/1443
f 1926/2666/1441 1939/2678/1445 1937/2679/1452
f 1931/2680/1453 1925/2662/1442 1926/2661/1441 1937/2681/1452 1930/2682/1454
f 1927/2685/1456 1928/2686/1446 1925/2662/1442 1931/2680/1453 1929/2687/1456
usemtl Material.020
f 1940/2669/1447 1922/2670/1448 1923/2664/1444 1933/2671/1449 1932/2672/1447
f 1938/2683/1455 1939/2665/1445 1923/2664/1444 1922/2684/1448
g Toaster_cell.042_Toaster_cell.041
v -0.099904 -0.064823 -0.208290
v -0.105518 -0.025097 -0.228995
v -0.082693 -0.057003 -0.219857
v -0.064785 -0.037968 -0.237179
v -0.105827 -0.130902 -0.253836
v -0.102568 -0.138020 -0.250028
v -0.112237 -0.023728 -0.252003
v -0.112452 -0.044607 -0.251933
v -0.112568 -0.122366 -0.251873
v -0.104987 -0.140968 -0.226359
v -0.110501 -0.138020 -0.245031
v -0.112542 -0.130902 -0.251877
v -0.099846 -0.140968 -0.227081
v -0.064735 -0.082399 -0.253836
v -0.077812 -0.130902 -0.253836
v -0.082480 -0.138020 -0.250028
v -0.064632 -0.037129 -0.253836
v -0.091724 -0.028278 -0.253836
v -0.105950 -0.025129 -0.253836
v -0.112237 -0.023728 -0.252003
v -0.112452 -0.044607 -0.251933
v -0.112568 -0.122366 -0.251873
v -0.112542 -0.130902 -0.251877
v -0.099846 -0.140968 -0.227081
v -0.082480 -0.138020 -0.250028
v -0.077812 -0.130902 -0.253836
v -0.064735 -0.082399 -0.253836
v -0.064632 -0.037129 -0.253836
v -0.091724 -0.028278 -0.253836
v -0.105950 -0.025129 -0.253836
v -0.104987 -0.140968 -0.226359
v -0.110501 -0.138020 -0.245031
vn 0.3765 0.4043 0.8335
vn 0.3148 0.4733 0.8227
vn -0.9597 0.0108 0.2809
vn -0.9609 0.0016 0.2770
vn -0.9592 -0.0031 0.2828
vn 0.6112 -0.2211 0.7600
vn 0.7983 -0.2542 0.5459
vn 0.7473 -0.1920 0.6361
vn 1.0000 -0.0023 0.0091
vn 0.3102 0.9493 0.0507
vn 0.2161 0.9764 -0.0050
vn -0.0215 -0.9915 -0.1281
vn -0.1051 -0.8163 -0.5680
vn -0.0012 -0.6966 -0.7175
vn -0.0036 -0.9919 -0.1270
vn -0.0000 -0.0000 -1.0000
vn -0.0000 -0.1762 -0.9843
vn -0.1803 -0.2997 -0.9368
vn -0.1608 -0.0002 -0.9870
vn -0.2009 -0.8957 -0.3968
vn -0.3248 -0.3414 -0.8820
vn -0.2800 -0.0003 -0.9600
vt 0.000000 0.000000
vt 1.000000 0.000000
vt 1.000000 1.000000
vt 0.308226 0.000000
vt 1.000000 0.542286
vt 0.542286 0.542286
vt 1.000000 0.545456
vt 0.695636 0.419886
vt 1.000000 0.394298
vt 0.545456 0.545456
vt 0.572640 0.477368
vt 0.004162 0.000000
vt 0.003395 0.000000
vt 0.540150 0.196252
vt 0.660917 0.281903
vt 1.000000 0.709103
vt 0.003395 0.003395
vt 0.091635 0.031927
vt 0.709103 0.709103
vt 1.000000 0.748630
vt 0.666337 0.000000
vt 0.748630 0.748630
vt 0.891848 0.666930
vt 1.000000 0.691774
vt 0.666337 0.666337
vt 0.149509 0.714134
vt 0.125000 0.719451
vt 0.125000 0.700953
vt 0.125000 0.716944
vt 0.383926 0.065388
vt 0.383926 0.053346
vt 0.383926 0.027548
vt 0.477717 0.027435
vt 0.383926 0.040535
vt 0.383926 0.065483
vt 0.126599 0.727425
vt 0.149221 0.714556
vt 0.382904 0.021364
vt 0.383926 0.027548
vt 0.375000 0.030549
vt 0.373679 0.022575
vt 0.383926 0.021364
vt 0.391495 0.021341
vt 0.460464 0.021453
vt 0.478983 0.021652
vt 0.477717 0.027435
vt 0.375000 0.049047
vt 0.375000 0.053346
s 0
usemtl Material.027
f 1958/2688/1457 1959/2689/1457 1956/2690/1457
f 1959/2688/1458 1957/2689/1458 1956/2690/1458
f 1957/2688/1459 1975/2691/1459 1976/2692/1459 1956/2690/1459
f 1956/2690/1460 1976/2693/1460 1977/2694/1460
f 1987/2695/1461 1986/2696/1461 1956/2690/1461 1977/2697/1461 1978/2698/1461
f 1956/2690/1462 1986/2699/1462 1958/2689/1462
f 1986/2700/1463 1959/2689/1463 1958/2690/1463
f 1980/2701/1464 1981/2702/1464 1982/2703/1464 1959/2690/1464 1986/2704/1464 1979/2705/1464
f 1959/2690/1465 1982/2706/1465 1983/2707/1465
f 1984/2708/1466 1957/2689/1466 1959/2690/1466 1983/2709/1466
f 1985/2710/1467 1975/2711/1467 1957/2690/1467 1984/2712/1467
s 1
f 1969/2717/1472 1970/2718/1473 1960/2719/1474 1974/2720/1475 1973/2721/1472 1972/2722/1472
f 1960/2719/1474 1967/2729/1477 1964/2730/1478 1963/2731/1478 1962/2732/1478 1974/2733/1475
usemtl Material.020
f 1965/2713/1468 1961/2714/1469 1971/2715/1470 1968/2716/1471
f 1966/2723/1476 1961/2714/1469 1965/2724/1468
f 1967/2725/1477 1960/2726/1474 1961/2727/1469 1966/2728/1476
f 1971/2734/1470 1961/2727/1469 1960/2726/1474 1970/2735/1473
g Toaster_cell.043_Toaster_cell.042
v -0.106649 -0.121365 0.225152
v -0.103398 -0.109940 0.212747
v -0.099762 -0.072548 0.201839
v -0.105339 -0.026802 0.221628
v -0.111753 -0.080048 0.191282
v -0.120784 -0.130902 0.249473
v -0.120845 -0.026009 0.249484
v -0.114163 -0.026550 0.251433
v -0.127405 -0.025504 0.242325
v -0.114130 -0.070517 0.251431
v -0.114292 -0.130153 0.251367
v -0.135742 -0.062964 0.187859
v -0.135742 -0.031447 0.203902
v -0.135742 -0.030621 0.209550
v -0.135742 -0.028991 0.221350
v -0.131751 -0.026465 0.237594
v -0.126453 -0.130424 0.243303
v -0.135742 -0.075647 0.198598
v -0.135742 -0.081415 0.203670
v -0.135742 -0.101035 0.221296
v -0.131736 -0.121420 0.237558
v -0.120845 -0.026009 0.249484
v -0.114163 -0.026550 0.251433
v -0.114130 -0.070517 0.251431
v -0.126453 -0.130424 0.243303
v -0.120784 -0.130902 0.249473
v -0.114292 -0.130153 0.251367
v -0.135742 -0.062964 0.187859
v -0.135742 -0.031447 0.203902
v -0.135742 -0.030621 0.209550
v -0.135742 -0.028991 0.221350
v -0.131751 -0.026465 0.237594
v -0.127405 -0.025504 0.242325
v -0.135742 -0.075647 0.198598
v -0.135742 -0.081415 0.203670
v -0.135742 -0.101035 0.221296
v -0.131736 -0.121420 0.237558
vn 0.0711 0.9974 0.0112
vn 0.9589 0.0007 0.2839
vn 0.9603 -0.0029 0.2790
vn 0.9607 -0.0030 0.2776
vn 0.4519 0.4000 -0.7974
vn 0.4106 0.4137 -0.8126
vn -0.0666 0.9873 -0.1445
vn -0.0699 0.9882 -0.1365
vn 0.1928 -0.9464 -0.2590
vn -0.3381 -0.6436 -0.6866
vn 0.9729 -0.0276 0.2295
vn 0.7242 -0.2571 -0.6399
vn -0.3314 -0.6097 -0.7200
vn -0.3484 -0.6190 -0.7039
vn -0.3557 -0.6246 -0.6953
vn -0.5320 -0.0004 0.8468
vn -0.5377 -0.0004 0.8432
vn -0.7367 -0.0004 0.6762
vn -0.8697 -0.0003 0.4936
vn -0.8057 -0.0004 0.5923
vn -0.9913 -0.0001 0.1313
vn -0.9828 -0.0002 0.1848
vn -1.0000 -0.0000 -0.0000
vn -0.2800 -0.0003 0.9600
vt 0.636681 0.000000
vt 1.000000 0.000000
vt 1.000000 0.262541
vt 0.790755 0.129388
vt 1.000000 0.363319
vt 0.638864 0.000000
vt 0.668168 0.000000
vt 1.000000 1.000000
vt 0.638864 0.638864
vt 0.000000 0.000000
vt 1.000000 0.545146
vt 0.396994 0.000000
vt 0.545146 0.545146
vt 1.000000 0.623815
vt 0.918390 0.673142
vt 1.000000 0.726900
vt 0.623815 0.623815
vt 0.733163 0.623787
vt 0.289465 0.156514
vt 0.240222 0.240222
vt 0.331832 0.000000
vt 0.750861 0.750861
vt 0.682560 0.000000
vt 0.470239 0.000000
vt 1.000000 0.603006
vt 0.470239 0.470239
vt 0.390817 0.000000
vt 0.342478 0.040455
vt 0.390855 0.228379
vt 0.390817 0.390817
vt 0.383926 0.736226
vt 0.476937 0.736282
vt 0.477390 0.749358
vt 0.476533 0.757998
vt 0.389062 0.753893
vt 0.384195 0.746065
vt 0.474293 0.765997
vt 0.410409 0.766024
vt 0.392334 0.758016
vt 0.443991 0.782490
vt 0.432809 0.777202
vt 0.427721 0.774704
vt 0.474293 0.765997
vt 0.472769 0.771808
vt 0.471999 0.774590
vt 0.437479 0.730101
vt 0.476479 0.730135
vt 0.383926 0.735430
vt 0.384590 0.730247
s 0
usemtl Material.027
f 2010/2736/1479 1991/2737/1479 2020/2738/1479 2009/2739/1479
f 2010/2740/1480 2011/2741/1480 1991/2737/1480
f 2014/2742/1481 1988/2737/1481 1991/2743/1481 2011/2744/1481
f 1988/2745/1482 1990/2737/1482 1991/2743/1482
f 1990/2745/1483 1992/2737/1483 1991/2743/1483
f 2016/2746/1484 1991/2743/1484 1992/2745/1484 2015/2747/1484
f 2016/2748/1485 2017/2749/1485 1991/2743/1485
f 2019/2750/1486 2020/2751/1486 1991/2743/1486 2017/2752/1486 2018/2753/1486
f 2013/2754/1487 2012/2755/1487 1988/2745/1487 2014/2756/1487
f 1988/2743/1488 2012/2757/1488 2024/2758/1488 1989/2737/1488
f 1989/2745/1489 1990/2737/1489 1988/2743/1489
f 1989/2745/1490 1992/2737/1490 1990/2743/1490
f 1992/2743/1491 1989/2745/1491 2021/2759/1491 2015/2760/1491
f 2021/2761/1492 1989/2745/1492 2022/2762/1492
f 1989/2745/1493 2024/2763/1493 2023/2764/1493 2022/2765/1493
s 1
f 1993/2766/1494 1994/2767/1495 1996/2768/1496 2003/2769/1497 2008/2770/1498 2004/2771/1496
f 1997/2781/1502 1995/2782/1502 1994/2767/1495 1993/2783/1494 1998/2784/1502
usemtl Material.020
f 2003/2769/1497 2002/2772/1499 2007/2773/1500 2008/2774/1498
f 1999/2775/1501 2005/2776/1501 2006/2777/1501 2007/2773/1500 2002/2778/1499 2001/2779/1501 2000/2780/1501
g Toaster_cell.044_Toaster_cell.043
v 0.117437 -0.127521 0.221758
v 0.112879 -0.119148 0.223641
v 0.093853 -0.024485 0.190315
v 0.100766 -0.018572 0.171421
v 0.121902 -0.025364 0.131538
v 0.132757 -0.013183 0.208245
v 0.135742 -0.013867 0.203910
v 0.135742 -0.019366 0.211358
v 0.135742 -0.059828 0.221327
v 0.135264 -0.068748 0.223270
v 0.132525 -0.120037 0.234355
v 0.133251 -0.126339 0.231398
v 0.132061 -0.135742 0.225213
v 0.133828 -0.130902 0.229050
v 0.134645 -0.133550 0.219701
v 0.135742 -0.106123 0.172852
v 0.135742 -0.130902 0.214476
v 0.135742 -0.031219 0.106715
v 0.135742 -0.025357 0.131488
v 0.135742 -0.021353 0.154909
v 0.135742 -0.036063 0.110452
v 0.135742 -0.088902 0.151586
v 0.135742 -0.098169 0.159616
v 0.132757 -0.013183 0.208245
v 0.135742 -0.013867 0.203910
v 0.135742 -0.019366 0.211358
v 0.135742 -0.059828 0.221327
v 0.135264 -0.068748 0.223270
v 0.132525 -0.120037 0.234355
v 0.133251 -0.126339 0.231398
v 0.133828 -0.130902 0.229050
v 0.132061 -0.135742 0.225213
v 0.135742 -0.106123 0.172852
v 0.135742 -0.130902 0.214476
v 0.134645 -0.133550 0.219701
v 0.135742 -0.031219 0.106715
v 0.135742 -0.025357 0.131488
v 0.135742 -0.021353 0.154909
v 0.135742 -0.036063 0.110452
v 0.135742 -0.088902 0.151586
v 0.135742 -0.098169 0.159616
vn -0.4593 0.2125 0.8625
vn -0.4606 0.2109 0.8622
vn -0.4488 -0.4215 0.7880
vn -0.4386 -0.4544 0.7753
vn -0.3405 -0.8079 -0.4810
vn -0.0014 0.9731 -0.2303
vn -0.0012 0.9857 -0.1685
vn 0.0073 0.9885 -0.1510
vn -0.3440 0.9246 0.1635
vn -0.8645 -0.2935 -0.4081
vn -0.8591 -0.3126 -0.4053
vn -0.8585 -0.3150 -0.4046
vn -0.8347 -0.3607 -0.4162
vn -0.3505 -0.8028 -0.4824
vn 0.9866 -0.1157 0.1153
vn 0.9778 -0.1229 0.1697
vn 0.8530 -0.4778 0.2099
vn 1.0000 0.0009 0.0059
vn 0.9999 0.0001 0.0172
vn 0.9883 -0.0101 0.1524
vt 0.000000 0.000000
vt 1.000000 0.000000
vt 1.000000 0.451891
vt 0.821681 0.381408
vt 0.056602 0.056602
vt 0.451891 0.451891
vt 1.000000 0.270550
vt 1.000000 0.232377
vt 0.270550 0.270550
vt 0.232376 0.232376
vt 0.213892 0.000000
vt 0.240359 0.134586
vt 0.267686 0.000000
vt 0.267723 0.209356
vt 0.251686 0.220895
vt 0.213892 0.213892
vt 0.704757 0.000000
vt 1.000000 0.216840
vt 1.000000 0.411659
vt 0.216840 0.216840
vt 0.411659 0.411659
vt 1.000000 0.056347
vt 1.000000 1.000000
vt 0.295243 0.000000
vt 1.000000 0.440936
vt 0.440936 0.440936
vt 0.591010 0.000000
vt 0.591010 0.591010
vt 0.643469 0.000000
vt 0.643469 0.643469
vt 1.000000 0.732314
vt 0.383926 0.483965
vt 0.383077 0.487794
vt 0.377114 0.485906
vt 0.467345 0.429391
vt 0.471580 0.427551
vt 0.476882 0.439751
vt 0.480578 0.451284
vt 0.487577 0.475414
vt 0.488407 0.478300
vt 0.482757 0.479082
vt 0.446949 0.483991
vt 0.383926 0.483965
vt 0.383926 0.480618
vt 0.405782 0.460120
vt 0.412785 0.453602
vt 0.420948 0.449648
vt 0.383926 0.487794
vt 0.439040 0.484948
vt 0.393560 0.490407
vt 0.387972 0.488950
s 0
usemtl Material.027
f 2048/2785/1503 2027/2786/1503 2052/2787/1503 2051/2788/1503 2050/2789/1503
f 2052/2790/1504 2027/2785/1504 2026/2786/1504 2053/2791/1504
f 2026/2785/1505 2025/2786/1505 2054/2792/1505 2053/2793/1505
f 2054/2794/1506 2025/2785/1506 2056/2795/1506 2038/2796/1506
f 2025/2785/1507 2057/2797/1507 2058/2798/1507 2039/2799/1507 2056/2800/1507
f 2060/2801/1508 2029/2786/1508 2061/2802/1508
f 2062/2803/1509 2061/2804/1509 2029/2785/1509 2028/2786/1509
f 2062/2805/1510 2028/2785/1510 2048/2786/1510 2049/2806/1510
f 2028/2785/1511 2027/2786/1511 2048/2807/1511
f 2028/2785/1512 2029/2786/1512 2027/2807/1512
f 2029/2785/1513 2060/2808/1513 2063/2809/1513 2027/2807/1513
f 2027/2807/1514 2063/2810/1514 2064/2811/1514 2026/2786/1514
f 2026/2807/1515 2064/2812/1515 2065/2813/1515 2025/2786/1515
f 2025/2807/1516 2065/2814/1516 2057/2815/1516
s 1
usemtl Material.020
f 2059/2816/1517 2055/2817/1518 2037/2818/1519
f 2045/2819/1520 2042/2820/1520 2043/2821/1520 2044/2822/1520 2031/2823/1520 2030/2824/1520 2032/2825/1520 2033/2826/1521 2059/2827/1517 2041/2828/1520 2040/2829/1520 2047/2830/1520 2046/2831/1520
f 2055/2832/1518 2059/2827/1517 2033/2826/1521 2034/2833/1522 2035/2834/1522 2036/2835/1522
g Toaster_cell.045_Toaster_cell.044
v 0.020710 -0.124632 0.227411
v 0.041826 -0.125593 0.228574
v 0.001018 -0.064863 0.189172
v 0.034720 -0.026465 0.191143
v 0.040141 -0.025525 0.191009
v 0.064733 -0.026458 0.171096
v 0.064776 -0.023491 0.155784
v 0.040822 -0.024290 0.183749
v 0.063296 -0.064461 0.135628
v 0.045730 -0.064461 0.135628
v 0.051922 -0.057376 0.135628
v 0.020214 -0.140968 0.085904
v 0.013091 -0.140968 0.094470
v 0.049235 -0.064461 0.131413
v 0.065413 -0.140968 0.033284
v 0.057119 -0.064461 0.122017
v 0.060205 -0.047946 0.135628
v 0.063296 -0.064461 0.114811
v 0.042820 -0.140968 0.058961
v 0.000748 -0.140968 0.214008
v 0.001090 -0.140968 0.108981
v 0.065249 -0.140968 0.063846
v 0.046791 -0.140598 0.229965
v 0.063946 -0.140968 0.215236
v 0.031033 -0.140701 0.229160
v 0.015774 -0.140836 0.228107
v 0.001381 -0.140968 0.223400
v 0.007672 -0.140968 0.227081
v 0.045730 -0.064461 0.135628
v 0.049235 -0.064461 0.131413
v 0.020214 -0.140968 0.085904
v 0.013091 -0.140968 0.094470
v 0.051922 -0.057376 0.135628
v 0.057119 -0.064461 0.122017
v 0.063296 -0.064461 0.114811
v 0.060205 -0.047946 0.135628
v 0.065413 -0.140968 0.033284
v 0.042820 -0.140968 0.058961
v 0.015774 -0.140836 0.228107
v 0.007672 -0.140968 0.227081
v 0.000748 -0.140968 0.214008
v 0.001090 -0.140968 0.108981
v 0.065249 -0.140968 0.063846
v 0.063946 -0.140968 0.215236
v 0.046791 -0.140598 0.229965
v 0.031033 -0.140701 0.229160
v 0.001381 -0.140968 0.223400
vn -0.6382 0.5578 -0.5307
vn 0.1794 0.9669 0.1813
vn 0.1883 0.9641 0.1874
vn 1.0000 0.0021 0.0032
vn -0.6191 0.5651 -0.5453
vn -0.6356 0.5583 -0.5332
vn -1.0000 0.0025 -0.0033
vn -0.6400 0.5571 -0.5293
vn -0.6846 0.6205 -0.3825
vn -0.1652 0.9747 0.1503
vn -0.0377 0.3510 0.9356
vn -0.0356 0.3507 0.9358
vn 0.6093 0.2877 0.7390
vn 1.0000 -0.0005 0.0054
vn 0.6296 0.2757 0.7264
vn 1.0000 -0.0036 0.0086
vn -0.0514 0.0753 0.9958
vn -0.0692 0.0639 0.9956
vn -0.1265 0.0810 0.9887
vn -0.9974 0.0255 0.0672
vn -0.4713 0.3599 0.8052
vn -0.4627 0.3646 0.8081
vn -0.0000 -0.9918 0.1274
vn 0.0002 -1.0000 0.0035
vn 0.0002 -1.0000 0.0023
vn 0.0002 -1.0000 0.0011
vn -0.6331 0.5256 -0.5682
vn -0.0000 0.7171 -0.6970
vn -0.0000 -0.0000 -1.0000
vn -0.6896 -0.1291 -0.7126
vn -0.7527 0.6584 -0.0000
vn -0.0000 1.0000 -0.0000
vt 0.755793 0.755793
vt 0.299771 0.299771
vt 0.301206 0.000000
vt 1.000000 0.000000
vt 1.000000 1.000000
vt 0.798026 0.798026
vt 0.756499 0.608300
vt 0.000000 0.000000
vt 1.000000 0.035955
vt 0.035955 0.035955
vt 1.000000 0.299264
vt 1.000000 0.755616
vt 0.736436 0.683628
vt 1.000000 0.854124
vt 0.854124 0.854124
vt 1.000000 0.798026
vt 1.000000 0.299771
vt 1.000000 0.755793
vt 0.755616 0.755616
vt 0.299264 0.299264
vt 0.395433 0.000000
vt 1.000000 0.602108
vt 1.000000 0.698794
vt 0.602108 0.602108
vt 0.301874 0.301874
vt 1.000000 0.036852
vt 1.000000 0.305753
vt 0.385136 0.060442
vt 0.305753 0.305753
vt 1.000000 0.301874
vt 0.228008 0.228008
vt 1.000000 0.240677
vt 0.240676 0.240676
vt 0.245097 0.000000
vt 0.628356 0.000000
vt 0.245097 0.245097
vt 0.111576 0.000000
vt 1.000000 0.604567
vt 0.371644 0.000000
vt 0.111576 0.111576
vt 0.337187 0.605896
vt 0.336769 0.614278
vt 0.375000 0.581912
vt 0.375000 0.596423
vt 0.183654 0.582928
vt 0.181362 0.567676
vt 0.181378 0.567787
vt 0.318489 0.568666
vt 0.317103 0.577891
vt 0.312746 0.613130
vt 0.312373 0.622280
vt 0.312373 0.623527
vt 0.187627 0.622853
vt 0.186693 0.607323
vt 0.185955 0.599690
vt 0.683211 0.566713
vt 0.683211 0.582889
vt 0.683211 0.577186
vt 0.816789 0.566713
vt 0.816789 0.572402
vt 0.816789 0.579662
vt 0.816789 0.582889
vt 0.693462 0.566713
s 0
usemtl Material.027
f 2095/2836/1523 2096/2837/1523 2097/2838/1523 2073/2839/1523 2072/2840/1523 2098/2841/1523 2094/2842/1523
f 2073/2843/1524 2070/2839/1524 2072/2840/1524
f 2070/2843/1525 2071/2839/1525 2072/2840/1525
f 2102/2844/1526 2072/2840/1526 2071/2843/1526
f 2072/2840/1527 2102/2845/1527 2103/2846/1527 2099/2847/1527 2100/2848/1527 2101/2849/1527
f 2072/2840/1528 2101/2850/1528 2098/2851/1528
f 2096/2852/1528 2095/2853/1528 2099/2854/1528 2103/2855/1528
f 2106/2856/1529 2068/2839/1529 2107/2857/1529
f 2068/2843/1530 2073/2839/1530 2097/2858/1530 2107/2859/1530
f 2068/2843/1531 2069/2839/1531 2073/2840/1531
f 2069/2843/1532 2070/2839/1532 2073/2840/1532
f 2069/2843/1533 2066/2839/1533 2070/2840/1533
f 2066/2843/1534 2067/2839/1534 2070/2840/1534
f 2067/2843/1535 2071/2839/1535 2070/2840/1535
f 2071/2840/1536 2108/2860/1536 2102/2861/1536
f 2109/2862/1537 2071/2840/1537 2067/2843/1537 2110/2863/1537
f 2071/2840/1538 2109/2864/1538 2108/2865/1538
f 2110/2866/1539 2067/2843/1539 2066/2839/1539 2111/2867/1539
f 2111/2868/1540 2066/2843/1540 2104/2869/1540
f 2105/2870/1541 2104/2871/1541 2066/2843/1541
f 2112/2872/1542 2068/2839/1542 2106/2873/1542
f 2105/2874/1543 2066/2839/1543 2068/2840/1543 2112/2875/1543
f 2066/2843/1544 2069/2839/1544 2068/2840/1544
s 1
usemtl Material.020
f 2091/2876/1545 2093/2877/1546 2088/2878/1547 2090/2879/1545
f 2084/2880/1548 2080/2881/1548 2087/2882/1548 2089/2883/1548 2088/2884/1547 2093/2885/1546 2092/2886/1548 2085/2887/1548 2086/2888/1548 2078/2889/1548 2077/2890/1548
f 2074/2891/1549 2075/2892/1550 2076/2893/1551 2082/2891/1552
f 2074/2894/1549 2083/2894/1553 2081/2895/1554 2079/2896/1554 2075/2897/1550
f 2083/2898/1553 2074/2891/1549 2082/2891/1552
g Toaster_cell.046_Toaster_cell.045
v 0.012028 -0.131024 0.247108
v 0.009307 -0.129904 0.253836
v 0.000899 -0.130902 0.253836
v 0.007064 -0.139365 0.239562
v 0.001097 -0.139268 0.240310
v 0.009783 -0.138020 0.250028
v 0.000973 -0.138020 0.250028
v 0.007064 -0.139365 0.239562
v 0.001097 -0.139268 0.240310
v 0.009783 -0.138020 0.250028
v 0.000973 -0.138020 0.250028
v 0.009307 -0.129904 0.253836
v 0.000899 -0.130902 0.253836
vn -0.1153 0.9712 -0.2084
vn -0.2390 0.7865 -0.5695
vn 0.9115 -0.1296 0.3903
vn 0.9094 -0.3706 -0.1886
vn -0.9999 -0.0039 -0.0122
vn 0.0157 -0.7928 0.6093
vn 0.0148 -0.8129 0.5822
vn -0.0000 -0.9918 0.1274
vn 0.0259 -0.4463 0.8945
vt 1.000000 0.000000
vt 1.000000 0.628081
vt 0.000000 0.000000
vt 1.000000 1.000000
vt 0.537429 0.537429
vt 0.488065 0.000000
vt 1.000000 0.923717
vt 0.895599 0.895599
vt 0.914565 0.794683
vt 1.000000 0.537429
vt 0.488065 0.488065
vt 0.774490 0.697794
vt 0.336878 0.612094
vt 0.375000 0.624104
vt 0.375000 0.623990
vt 0.336738 0.614907
vt 0.383926 0.624104
vt 0.375000 0.614712
vt 0.375000 0.612934
vt 0.383926 0.624187
s 0
usemtl Material.027
f 2113/2899/1555 2125/2900/1555 2124/2901/1555
f 2125/2899/1556 2113/2902/1556 2120/2903/1556 2121/2904/1556
f 2122/2905/1557 2113/2902/1557 2124/2906/1557
f 2113/2902/1558 2122/2907/1558 2120/2908/1558
f 2125/2902/1559 2121/2909/1559 2123/2910/1559
s 1
usemtl Material.020
f 2118/2911/1560 2119/2912/1561 2117/2913/1562 2116/2914/1562
f 2119/2915/1561 2118/2916/1560 2114/2917/1563 2115/2918/1563
g Toaster_cell.047_Toaster_cell.046
v -0.092213 0.107816 0.146679
v -0.086460 0.089790 0.154428
v -0.082015 0.094560 0.164383
v -0.106284 0.140968 0.166127
v -0.131796 0.126685 0.163893
v -0.121013 0.137141 0.165528
v -0.082883 0.138372 0.174223
v -0.087104 0.140968 0.166127
v -0.123771 0.127373 0.187189
v -0.106265 0.135739 0.182432
v -0.127404 0.125374 0.181899
v -0.131794 0.123135 0.174963
v -0.134566 0.116660 0.162324
v -0.132998 0.123748 0.154535
v -0.131796 0.128664 0.151280
v -0.123349 0.137075 0.150948
v -0.094614 0.143080 0.152155
v -0.106284 0.143096 0.152048
v -0.082883 0.138372 0.174223
v -0.087104 0.140968 0.166127
v -0.106265 0.135739 0.182432
v -0.123771 0.127373 0.187189
v -0.127404 0.125374 0.181899
v -0.131794 0.123135 0.174963
v -0.134566 0.116660 0.162324
v -0.132998 0.123748 0.154535
v -0.131796 0.128664 0.151280
v -0.094614 0.143080 0.152155
v -0.106284 0.143096 0.152048
v -0.123349 0.137075 0.150948
vn 0.8915 0.0941 -0.4431
vn 0.8955 0.1144 -0.4302
vn 0.3445 -0.1992 0.9174
vn -0.3308 -0.7850 0.5238
vn -0.3638 -0.7943 0.4867
vn -0.4494 -0.6139 -0.6490
vn -0.3380 -0.4607 -0.8207
vn -0.0892 0.0503 -0.9947
vn 0.0093 0.1541 -0.9880
vn 0.8814 0.1305 -0.4540
vn -0.1523 0.9807 0.1224
vn -0.1504 0.9631 0.2231
vn -0.0000 0.9677 0.2519
vn -0.0000 0.9888 0.1495
vn -0.9643 0.2575 0.0612
vn -0.8560 0.5028 0.1201
vn -0.8126 0.5758 0.0900
vn -0.9644 0.2612 0.0420
vn -0.5053 0.8145 0.2852
vn -0.4849 0.8519 0.1976
vn -0.7852 0.5895 0.1894
vn -0.6960 0.6836 0.2196
vn -0.1834 0.9276 0.3255
vn -0.5342 0.8388 0.1050
vn -0.0000 0.9522 0.3054
vt 0.000000 0.000000
vt 1.000000 0.000000
vt 1.000000 1.000000
vt 0.580337 0.177762
vt 1.000000 0.568187
vt 1.000000 0.597308
vt 0.568187 0.568187
vt 0.778510 0.548934
vt 0.587451 0.000000
vt 0.597308 0.597308
vt 1.000000 0.514397
vt 0.587451 0.587451
vt 0.726455 0.544092
vt 1.000000 0.529464
vt 0.514397 0.514397
vt 0.529464 0.529464
vt 0.588380 0.000000
vt 1.000000 0.668448
vt 0.588380 0.588380
vt 0.696754 0.642677
vt 0.867248 0.598035
vt 1.000000 0.597139
vt 0.597139 0.597139
vt 1.000000 0.617364
vt 0.668192 0.722873
vt 0.668192 0.707031
vt 0.668192 0.712126
vt 0.603446 0.795064
vt 0.612335 0.794292
vt 0.612335 0.800503
vt 0.608506 0.798899
vt 0.618792 0.782441
vt 0.624838 0.792911
vt 0.609187 0.788840
vt 0.612486 0.785192
vt 0.656837 0.722856
vt 0.667795 0.736437
vt 0.652988 0.736425
vt 0.675484 0.736437
vt 0.668487 0.736437
vt 0.675125 0.722873
vt 0.612335 0.800503
vt 0.625000 0.793487
vt 0.622266 0.800662
vt 0.668192 0.701324
vt 0.668192 0.705211
vt 0.668192 0.722856
s 0
usemtl Material.027
f 2127/2919/1564 2126/2920/1564 2128/2921/1564
f 2128/2921/1565 2126/2919/1565 2145/2922/1565 2144/2923/1565
f 2147/2924/1566 2128/2921/1566 2144/2925/1566 2146/2926/1566
f 2148/2927/1567 2127/2920/1567 2128/2921/1567 2147/2928/1567
f 2150/2929/1568 2127/2921/1568 2148/2930/1568 2149/2931/1568
f 2151/2932/1569 2127/2921/1569 2150/2933/1569
f 2126/2920/1570 2127/2921/1570 2151/2934/1570 2152/2935/1570
f 2155/2936/1571 2126/2921/1571 2152/2937/1571
f 2126/2921/1572 2155/2938/1572 2154/2939/1572 2153/2940/1572
f 2126/2921/1573 2153/2941/1573 2145/2942/1573
s 1
f 2143/2943/1574 2129/2943/1575 2133/2944/1576 2142/2945/1577
f 2134/2950/1582 2131/2951/1583 2130/2947/1579 2137/2952/1584 2136/2953/1585
f 2135/2954/1586 2129/2943/1575 2131/2955/1583 2134/2956/1582
f 2141/2957/1587 2131/2958/1583 2129/2943/1575 2143/2959/1574
f 2140/2960/1580 2130/2947/1579 2131/2961/1583 2141/2962/1587
f 2132/2963/1588 2133/2964/1576 2129/2943/1575 2135/2965/1586
usemtl Material.020
f 2138/2946/1578 2130/2947/1579 2140/2948/1580 2139/2949/1581
f 2138/2946/1578 2137/2952/1584 2130/2947/1579
g Toaster_cell.048_Toaster_cell.047
v 0.084679 0.091715 -0.173224
v 0.066505 0.049540 -0.159435
v 0.058675 0.035410 -0.154646
v 0.088557 0.098839 -0.179736
v 0.088773 0.089695 -0.198063
v 0.088048 0.088389 -0.192201
v 0.031033 0.065072 -0.177097
v 0.042475 0.037937 -0.156823
v 0.078385 0.075770 -0.216164
v 0.062857 0.044129 -0.180847
v 0.056741 0.032707 -0.163177
v 0.071370 0.066322 -0.214096
v 0.074641 0.134348 -0.186768
v 0.084581 0.134297 -0.186926
v 0.048918 0.134441 -0.186478
v 0.042734 0.134287 -0.186959
v 0.066324 0.092855 -0.240136
v 0.072359 0.090011 -0.242103
v 0.091063 0.108326 -0.229428
v 0.083227 0.095668 -0.238189
v 0.091470 0.116772 -0.219297
v 0.090929 0.132270 -0.193250
v 0.030942 0.130701 -0.198139
v 0.037178 0.132631 -0.192124
v 0.036706 0.106881 -0.230429
v 0.031005 0.109497 -0.228024
v 0.080115 0.092218 -0.240576
v 0.091348 0.128384 -0.205366
v 0.030953 0.128384 -0.205366
v 0.084581 0.134297 -0.186926
v 0.090929 0.132270 -0.193250
v 0.074641 0.134348 -0.186768
v 0.048918 0.134441 -0.186478
v 0.042734 0.134287 -0.186959
v 0.066324 0.092855 -0.240136
v 0.072359 0.090011 -0.242103
v 0.091063 0.108326 -0.229428
v 0.083227 0.095668 -0.238189
v 0.030942 0.130701 -0.198139
v 0.037178 0.132631 -0.192124
v 0.036706 0.106881 -0.230429
v 0.091348 0.128384 -0.205366
v 0.091470 0.116772 -0.219297
v 0.031005 0.109497 -0.228024
v 0.030953 0.128384 -0.205366
v 0.080115 0.092218 -0.240576
vn 0.8591 -0.5108 -0.0329
vn 0.8641 -0.5025 -0.0293
vn 0.0929 0.2730 0.9575
vn 0.0168 0.3063 0.9518
vn 0.0118 0.3071 0.9516
vn -0.0814 0.2977 0.9512
vn -0.1890 -0.9230 0.3353
vn -0.4947 -0.6538 -0.5726
vn -0.4855 -0.6590 -0.5745
vn -0.1852 -0.7948 -0.5779
vn 0.7614 -0.6121 -0.2136
vn 0.8507 -0.5178 -0.0899
vn 0.8878 -0.4213 -0.1854
vn 0.9968 -0.0704 0.0368
vn 0.9844 -0.1526 0.0877
vn 0.9270 -0.3053 0.2181
vn 0.9199 -0.3244 0.2202
vn 0.7177 0.2148 0.6624
vn 0.7229 0.2143 0.6569
vn -0.7117 0.2136 0.6692
vn -0.6985 0.2153 0.6824
vn -0.5289 -0.6397 -0.5577
vn -0.4966 -0.6526 -0.5723
vn 0.5251 -0.6886 -0.5001
vn 0.8019 -0.5202 -0.2937
vn 0.9974 -0.0503 0.0507
vn -1.0000 -0.0017 -0.0009
vn -0.0002 0.7324 -0.6808
vn -0.0001 0.6923 -0.7216
vn -0.0000 0.5691 -0.8223
vn -0.0000 0.9522 -0.3054
vn -0.0001 0.8733 -0.4871
vn -0.0001 0.8747 -0.4847
vn 0.8747 -0.4847 0.0004
vn -0.0002 0.7634 -0.6459
vt 0.000000 0.000000
vt 1.000000 0.000000
vt 1.000000 1.000000
vt 1.000000 0.380381
vt 0.411938 0.000000
vt 1.000000 0.381534
vt 0.380381 0.380381
vt 0.388630 0.000000
vt 0.381534 0.381534
vt 1.000000 0.439582
vt 0.566028 0.000000
vt 0.676884 0.000000
vt 0.250453 0.000000
vt 1.000000 0.709077
vt 0.709077 0.709077
vt 0.681904 0.000000
vt 1.000000 0.588062
vt 0.360259 0.360259
vt 0.347358 0.000000
vt 1.000000 0.517840
vt 0.498525 0.000000
vt 0.517840 0.517840
vt 1.000000 0.611370
vt 1.000000 0.498835
vt 0.402282 0.000000
vt 1.000000 0.433973
vt 0.498835 0.498835
vt 1.000000 0.323116
vt 0.277886 0.277886
vt 1.000000 0.749547
vt 0.733533 0.733533
vt 0.652642 0.000000
vt 1.000000 0.318096
vt 0.771951 0.134750
vt 0.597718 0.000000
vt 1.000000 0.501475
vt 0.912595 0.410011
vt 0.606320 0.156217
vt 0.606294 0.209056
vt 0.606302 0.201783
vt 0.606305 0.198894
vt 0.606312 0.191695
vt 0.606317 0.186094
vt 0.831808 0.585648
vt 0.831808 0.579953
vt 0.831808 0.556266
vt 0.831808 0.544816
vt 0.831808 0.541267
vt 0.831808 0.540881
vt 0.831808 0.596497
vt 0.831808 0.596506
vt 0.831808 0.590764
vt 0.625000 0.153496
vt 0.625000 0.209098
vt 0.625000 0.209211
vt 0.625000 0.208836
vt 0.625000 0.156212
vt 0.625000 0.153545
s 0
usemtl Material.027
f 2166/2966/1589 2165/2967/1589 2158/2968/1589
f 2165/2966/1590 2160/2967/1590 2158/2968/1590
f 2157/2966/1591 2156/2967/1591 2158/2968/1591
f 2187/2969/1592 2158/2968/1592 2156/2966/1592 2185/2970/1592
f 2188/2971/1593 2158/2968/1593 2187/2972/1593
f 2189/2973/1594 2163/2967/1594 2158/2968/1594 2188/2974/1594
f 2163/2966/1595 2166/2967/1595 2158/2968/1595
f 2191/2975/1596 2166/2968/1596 2163/2966/1596 2190/2976/1596
f 2191/2977/1597 2167/2967/1597 2166/2968/1597
f 2167/2966/1598 2165/2967/1598 2166/2968/1598
f 2167/2966/1599 2164/2967/1599 2165/2968/1599
f 2164/2966/1600 2160/2967/1600 2165/2968/1600
f 2160/2968/1601 2164/2966/1601 2193/2978/1601 2192/2979/1601
f 2159/2967/1602 2160/2968/1602 2192/2980/1602 2198/2981/1602
f 2159/2966/1603 2161/2967/1603 2160/2968/1603
f 2159/2966/1604 2156/2967/1604 2161/2968/1604
f 2156/2966/1605 2157/2967/1605 2161/2968/1605
f 2156/2968/1606 2159/2966/1606 2185/2982/1606
f 2185/2983/1607 2159/2966/1607 2186/2984/1607
f 2195/2985/1608 2194/2986/1608 2162/2967/1608
f 2195/2987/1609 2162/2966/1609 2163/2967/1609 2189/2988/1609
f 2196/2989/1610 2163/2968/1610 2162/2966/1610 2199/2990/1610
f 2190/2991/1611 2163/2968/1611 2196/2992/1611
f 2191/2993/1612 2201/2994/1612 2164/2966/1612 2167/2967/1612
f 2193/2995/1613 2164/2968/1613 2201/2996/1613
f 2186/2997/1614 2159/2967/1614 2198/2998/1614 2197/2999/1614
f 2199/3000/1615 2162/2967/1615 2194/3001/1615 2200/3002/1615
s 1
f 2180/3003/1616 2174/3004/1617 2175/3005/1618 2182/3006/1618 2173/3007/1618 2172/3008/1618
f 2171/3009/1619 2170/3010/1619 2168/3011/1619 2169/3012/1619 2177/3013/1619 2183/3014/1620 2184/3015/1621 2178/3016/1619 2179/3017/1619
s 0
f 2161/2966/1622 2157/2967/1622 2158/2968/1622 2160/2966/1622
s 1
f 2184/3018/1621 2183/3019/1620 2176/3020/1623 2174/3021/1617 2180/3022/1616 2181/3023/1623
g Toaster_cell.049_Toaster_cell.048
v 0.013397 0.054411 0.160039
v 0.012841 0.118268 0.182445
v 0.043812 0.033596 0.152744
v 0.062528 0.078661 0.185218
v 0.060833 0.067666 0.170967
v 0.048127 0.039814 0.154329
v 0.013023 0.121368 0.213782
v 0.012951 0.128384 0.205366
v 0.013297 0.107310 0.230648
v 0.013646 0.092110 0.240938
v 0.036188 0.086355 0.244834
v 0.056038 0.103081 0.233511
v 0.012951 0.133673 0.188875
v 0.023754 0.134104 0.187529
v 0.031925 0.084062 0.246387
v 0.038240 0.134181 0.187289
v 0.060956 0.107310 0.230648
v 0.062445 0.117903 0.217939
v 0.049450 0.133106 0.190641
v 0.051738 0.131347 0.196126
v 0.055531 0.128384 0.205366
v 0.013023 0.121368 0.213782
v 0.012951 0.128384 0.205366
v 0.013297 0.107310 0.230648
v 0.036188 0.086355 0.244834
v 0.031925 0.084062 0.246387
v 0.013646 0.092110 0.240938
v 0.023754 0.134104 0.187529
v 0.038240 0.134181 0.187289
v 0.056038 0.103081 0.233511
v 0.060956 0.107310 0.230648
v 0.051738 0.131347 0.196126
v 0.055531 0.128384 0.205366
v 0.062445 0.117903 0.217939
v 0.049450 0.133106 0.190641
v 0.012951 0.133673 0.188875
vn -1.0000 -0.0029 0.0061
vn -0.9999 -0.0126 0.0080
vn 0.5446 -0.7075 0.4504
vn 0.7040 -0.5896 0.3960
vn 0.7132 -0.5806 0.3927
vn -1.0000 0.0063 0.0021
vn -0.0578 0.3410 -0.9383
vn -0.0426 0.2745 -0.9606
vn -0.4606 -0.8045 0.3751
vn -0.4649 -0.8019 0.3751
vn -0.0174 0.3281 -0.9445
vn 0.7203 -0.5753 0.3877
vn 0.9960 -0.0561 0.0699
vn 0.3549 0.3347 -0.8729
vn 0.7676 -0.5484 0.3318
vn 0.9212 0.2503 -0.2979
vn 0.9193 0.2510 -0.3030
vn -0.0000 0.6720 0.7405
vn -0.0000 0.7065 0.7077
vn -0.0000 0.7681 0.6403
vn -0.0000 0.8525 0.5227
vn -0.0000 0.8765 0.4814
vn -0.0000 0.5606 0.8281
vn -0.0000 0.9522 0.3054
vt 0.849508 0.000000
vt 1.000000 0.000000
vt 1.000000 0.257940
vt 0.257940 0.257940
vt 0.000000 0.000000
vt 1.000000 0.545012
vt 0.698962 0.443819
vt 1.000000 0.610398
vt 0.021613 0.000000
vt 0.610398 0.610398
vt 0.531071 0.000000
vt 0.599308 0.599308
vt 0.801542 0.000000
vt 1.000000 0.150492
vt 1.000000 1.000000
vt 0.797008 0.797008
vt 0.436561 0.000000
vt 1.000000 0.025844
vt 0.025844 0.025844
vt 1.000000 0.090900
vt 0.436561 0.436561
vt 0.395229 0.000000
vt 0.876509 0.416591
vt 0.531071 0.531071
vt 0.335877 0.000000
vt 0.371983 0.371983
vt 0.394970 0.394970
vt 0.488432 0.000000
vt 0.450596 0.000000
vt 0.425354 0.134562
vt 0.335877 0.335877
vt 1.000000 0.549404
vt 0.511568 0.000000
vt 0.609462 0.612755
vt 0.609462 0.567251
vt 0.609462 0.567497
vt 0.609462 0.573863
vt 0.609462 0.613074
vt 0.609462 0.613007
vt 0.609462 0.568868
vt 0.384021 0.614405
vt 0.609462 0.594922
vt 0.609462 0.589956
vt 0.609462 0.573396
vt 0.668192 0.613074
vt 0.668192 0.573863
vt 0.668192 0.577357
vt 0.668192 0.579463
vt 0.668192 0.589786
vt 0.668192 0.603126
vt 0.668192 0.613074
s 0
usemtl Material.027
f 2224/3024/1624 2203/3025/1624 2223/3026/1624
f 2223/3027/1625 2203/3028/1625 2202/3025/1625 2228/3029/1625 2225/3030/1625
f 2226/3031/1626 2227/3032/1626 2204/3025/1626
f 2204/3028/1627 2207/3025/1627 2226/3033/1627
f 2207/3028/1628 2231/3034/1628 2226/3035/1628
f 2237/3036/1629 2203/3025/1629 2224/3037/1629
f 2203/3038/1630 2237/3039/1630 2229/3040/1630 2202/3025/1630
f 2207/3028/1631 2204/3025/1631 2202/3038/1631
f 2202/3038/1632 2204/3028/1632 2227/3041/1632
f 2202/3038/1633 2227/3042/1633 2228/3043/1633
f 2207/3025/1634 2202/3038/1634 2229/3044/1634 2230/3045/1634
f 2232/3046/1635 2231/3047/1635 2207/3028/1635 2205/3025/1635
f 2235/3048/1636 2232/3049/1636 2205/3028/1636
f 2206/3025/1637 2207/3038/1637 2230/3050/1637 2236/3051/1637
f 2206/3028/1638 2205/3025/1638 2207/3038/1638
f 2205/3028/1639 2233/3052/1639 2234/3053/1639 2235/3054/1639
f 2233/3055/1640 2205/3038/1640 2206/3028/1640 2236/3056/1640
s 1
f 2210/3057/1641 2218/3058/1642 2219/3059/1643 2222/3060/1644 2209/3061/1645 2208/3062/1643
f 2218/3063/1642 2210/3057/1641 2211/3064/1646 2216/3065/1646 2212/3066/1646 2213/3067/1646
f 2209/3068/1645 2222/3069/1644 2221/3070/1647 2220/3071/1647 2217/3072/1647 2215/3073/1647 2214/3074/1647
g Toaster_cell.050_Toaster_cell.049
v -0.022136 -0.052062 -0.211535
v -0.021919 -0.027141 -0.226024
v -0.021790 0.034113 -0.151944
v -0.048569 -0.063577 -0.214280
v -0.080836 -0.055990 -0.217995
v -0.099523 -0.065367 -0.206286
v -0.063158 -0.036622 -0.235136
v -0.029850 -0.026183 -0.228872
v -0.106271 -0.024326 -0.226804
v -0.030168 0.034247 -0.158807
v -0.083672 0.037546 -0.122223
v -0.063566 0.037386 -0.152501
v -0.082222 0.037258 -0.005031
v -0.036676 0.037413 -0.152271
v -0.067105 0.037499 -0.000955
v -0.063296 -0.064461 -0.135628
v -0.135742 0.018546 -0.051869
v -0.135742 0.018936 -0.108717
v -0.063296 0.037488 -0.019896
v -0.040023 0.037422 -0.135628
v -0.063296 0.037488 -0.135251
v -0.135742 0.000284 -0.172319
v -0.135742 0.018162 -0.006789
v -0.135742 0.010096 -0.000875
v -0.135742 -0.065337 -0.000886
v -0.031845 -0.140968 -0.001022
v -0.046961 -0.064461 -0.000994
v -0.063296 -0.064461 -0.000974
v -0.063296 0.018220 -0.000962
v -0.067430 -0.140968 -0.000979
v -0.031572 -0.064461 -0.001121
v -0.135742 -0.011877 -0.211592
v -0.135742 -0.016163 -0.216769
v -0.135742 -0.094623 -0.171053
v -0.135742 -0.130902 -0.000955
v -0.108366 -0.140968 -0.000971
v -0.132794 -0.138020 -0.000963
v -0.021894 -0.140968 -0.070113
v -0.021862 -0.140968 -0.034786
v -0.021831 -0.064461 -0.085982
v -0.021800 0.009730 -0.135628
v -0.021875 -0.064461 -0.135628
v -0.021795 0.034063 -0.135628
v -0.021871 -0.140968 -0.001132
v -0.021853 -0.064461 -0.001269
v -0.135742 -0.130902 -0.133090
v -0.135742 -0.118226 -0.146407
v -0.132794 -0.138020 -0.125966
v -0.032598 -0.140968 -0.124818
v -0.048028 -0.140968 -0.132528
v -0.022177 -0.140968 -0.119010
v -0.108366 -0.140968 -0.125656
v -0.135742 0.018546 -0.051869
v -0.135742 0.018936 -0.108717
v -0.067105 0.037499 -0.000955
v -0.063296 0.037488 -0.019896
v -0.063296 0.037488 -0.135251
v -0.040023 0.037422 -0.135628
v -0.021795 0.034063 -0.135628
v -0.135742 0.000284 -0.172319
v -0.135742 0.018162 -0.006789
v -0.063296 -0.064461 -0.000974
v -0.063296 0.018220 -0.000962
v -0.135742 0.010096 -0.000875
v -0.135742 -0.065337 -0.000886
v -0.031845 -0.140968 -0.001022
v -0.067430 -0.140968 -0.000979
v -0.046961 -0.064461 -0.000994
v -0.031572 -0.064461 -0.001121
v -0.135742 -0.011877 -0.211592
v -0.021894 -0.140968 -0.070113
v -0.022177 -0.140968 -0.119010
v -0.135742 -0.016163 -0.216769
v -0.135742 -0.094623 -0.171053
v -0.108366 -0.140968 -0.000971
v -0.135742 -0.130902 -0.000955
v -0.132794 -0.138020 -0.000963
v -0.021862 -0.140968 -0.034786
v -0.021800 0.009730 -0.135628
v -0.021875 -0.064461 -0.135628
v -0.021831 -0.064461 -0.085982
v -0.021853 -0.064461 -0.001269
v -0.021871 -0.140968 -0.001132
v -0.135742 -0.130902 -0.133090
v -0.132794 -0.138020 -0.125966
v -0.135742 -0.118226 -0.146407
v -0.032598 -0.140968 -0.124818
v -0.048028 -0.140968 -0.132528
v -0.108366 -0.140968 -0.125656
vn -0.3351 0.9422 0.0065
vn -0.0167 0.9999 0.0027
vn 0.0028 1.0000 -0.0000
vn -0.0010 1.0000 -0.0059
vn -0.3980 -0.4618 -0.7927
vn -0.3363 0.9417 0.0080
vn -0.2236 0.5624 0.7960
vn -0.2310 0.5753 0.7846
vn 0.0012 -0.0001 1.0000
vn 0.0093 0.0012 1.0000
vn 0.2150 0.9456 -0.2440
vn 0.0028 0.9011 -0.4337
vn 0.1969 0.9802 0.0212
vn -0.0408 0.7914 -0.6099
vn -0.3792 0.8839 -0.2737
vn 0.0002 -0.0010 1.0000
vn 1.0000 -0.0077 -0.0058
vn 1.0000 -0.0010 -0.0009
vn 1.0000 -0.0002 0.0003
vn 0.0153 0.0018 0.9999
vn 0.4715 0.6792 -0.5624
vn 0.3098 0.7207 -0.6202
vn 0.0007 0.7573 -0.6531
vn -0.0104 0.7639 -0.6453
vn -0.0098 0.5372 -0.8434
vn -0.2941 -0.4656 -0.8347
vn -0.2799 -0.4802 -0.8313
vn -0.0853 -0.7068 -0.7022
vn -0.0824 -0.7219 -0.6871
vn -0.0891 -0.7193 -0.6889
vn 0.3254 -0.6856 -0.6512
vn 0.3602 -0.6727 -0.6463
vn 0.9997 -0.0191 -0.0179
vn 0.2931 -0.4808 -0.8264
vn 0.2784 -0.3522 -0.8935
vn 0.2956 -0.4821 -0.8248
vn -0.0592 -0.6307 -0.7737
vn -0.0782 -0.7242 -0.6852
vn -0.6047 -0.7965 -0.0000
vn -0.9808 -0.1950 -0.0000
vn -0.9950 -0.0999 -0.0000
vn -0.6911 -0.7227 -0.0000
vn -0.0600 -0.9982 -0.0000
vn -0.0582 -0.9983 -0.0000
vn -0.3841 0.8860 -0.2598
vn -0.0000 -1.0000 -0.0000
vn 1.0000 0.0026 0.0027
vn 0.7065 0.7077 0.0019
vn 0.5774 0.5770 0.5776
vn 0.7092 0.0011 0.7050
vn 0.0046 -0.0010 1.0000
vn 0.0032 0.7067 0.7075
vn -0.0000 1.0000 -0.0000
vn -1.0000 -0.0000 -0.0000
vt 1.000000 0.000000
vt 1.000000 1.000000
vt 0.490391 0.490391
vt 0.483529 0.000000
vt 0.000000 0.000000
vt 0.890013 0.000000
vt 1.000000 0.553868
vt 0.125176 0.000000
vt 1.000000 0.566427
vt 0.553868 0.553868
vt 0.417818 0.000000
vt 0.131596 0.000000
vt 1.000000 0.516471
vt 0.480653 0.000000
vt 0.421822 0.000000
vt 0.480653 0.480653
vt 1.000000 0.483376
vt 1.000000 0.915774
vt 0.421822 0.421822
vt 0.305460 0.000000
vt 0.722161 0.000000
vt 1.000000 0.220308
vt 1.000000 0.554553
vt 0.872457 0.453419
vt 0.220308 0.220308
vt 0.221184 0.000000
vt 0.556758 0.000000
vt 0.554553 0.554553
vt 0.891057 0.000000
vt 0.889119 0.889119
vt 1.000000 0.058270
vt 0.058270 0.058270
vt 1.000000 0.410373
vt 0.749602 0.277252
vt 1.000000 0.277839
vt 1.000000 0.694540
vt 0.637763 0.332451
vt 0.616472 0.293184
vt 1.000000 0.692992
vt 0.306851 0.000000
vt 0.692992 0.692992
vt 1.000000 0.108124
vt 0.568548 0.319926
vt 1.000000 0.437121
vt 1.000000 0.776384
vt 0.108413 0.000000
vt 0.108124 0.108124
vt 1.000000 0.435958
vt 1.000000 0.775922
vt 0.776384 0.776384
vt 0.437121 0.437121
vt 0.775922 0.775922
vt 0.435958 0.435958
vt 1.000000 0.443242
vt 0.868404 0.000000
vt 1.000000 0.040585
vt 0.825337 0.300694
vt 1.000000 0.578842
vt 0.667971 0.084372
vt 1.000000 0.582182
vt 0.578843 0.578843
vt 1.000000 0.605653
vt 0.392075 0.000000
vt 1.000000 0.638253
vt 0.605653 0.605653
vt 0.638253 0.638253
vt 1.000000 0.411743
vt 0.392075 0.392075
vt 0.829792 0.392060
vt 0.375000 0.875474
vt 0.383926 0.875470
vt 0.383926 0.940539
vt 0.375000 0.937031
vt 0.249631 0.714341
vt 0.249526 0.750000
vt 0.191468 0.744655
vt 0.202207 0.714341
vt 0.589627 0.000000
vt 1.000000 0.490391
vt 0.170724 0.714341
vt 0.183126 0.670588
vt 0.184691 0.660172
vt 0.185759 0.652345
vt 0.185781 0.652109
vt 0.185785 0.652075
vt 0.185387 0.655537
vt 0.184767 0.659664
vt 0.181157 0.683685
vt 0.750486 0.683287
vt 0.750474 0.683287
vt 0.750480 0.683287
vt 0.816789 0.683287
vt 0.816603 0.683287
vt 0.759798 0.683287
vt 0.816789 0.645075
vt 0.816789 0.646326
vt 0.816789 0.661856
vt 0.816789 0.683287
vt 0.816789 0.645144
vt 0.683211 0.645144
vt 0.683211 0.668244
vt 0.683211 0.654074
vt 0.683211 0.645123
vt 0.683211 0.645103
vt 0.509739 0.876406
vt 0.514314 0.878344
vt 0.514755 0.900543
vt 0.515528 0.928537
vt 0.499837 0.959857
vt 0.488475 0.979870
vt 0.485636 0.981747
vt 0.415936 0.959234
vt 0.395089 0.947097
vt 0.383926 0.940539
vt 0.441448 0.875436
s 0
usemtl Material.027
f 2250/3075/1648 2248/3076/1648 2291/3077/1648 2290/3078/1648
f 2250/3079/1649 2292/3075/1649 2248/3076/1649
f 2295/3080/1650 2251/3075/1650 2294/3081/1650
f 2248/3076/1650 2292/3079/1650 2293/3082/1650 2294/3083/1650
f 2294/3084/1651 2251/3079/1651 2249/3075/1651 2248/3076/1651
f 2243/3079/1652 2311/3085/1652 2310/3086/1652 2246/3079/1652
f 2250/3075/1653 2290/3087/1653 2298/3088/1653
f 2292/3075/1654 2250/3076/1654 2301/3089/1654
f 2298/3090/1655 2301/3091/1655 2250/3076/1655
f 2300/3092/1656 2292/3076/1656 2301/3093/1656 2302/3094/1656 2304/3095/1656 2303/3096/1656 2305/3097/1656 2299/3098/1656
f 2303/3099/1657 2320/3100/1657 2306/3101/1657 2305/3102/1657
f 2240/3079/1658 2247/3075/1658 2251/3076/1658
f 2247/3079/1659 2249/3075/1659 2251/3076/1659
f 2296/3103/1660 2240/3075/1660 2251/3076/1660 2295/3104/1660
f 2249/3076/1661 2247/3079/1661 2307/3105/1661
f 2307/3106/1662 2297/3107/1662 2249/3076/1662
f 2312/3108/1663 2304/3109/1663 2302/3110/1663 2313/3111/1663 2314/3112/1663
f 2308/3113/1664 2309/3114/1664 2239/3075/1664
f 2308/3115/1665 2239/3079/1665 2240/3075/1665 2316/3116/1665 2317/3117/1665 2318/3118/1665 2315/3119/1665
f 2296/3120/1666 2316/3121/1666 2240/3079/1666
f 2319/3122/1666 2320/3123/1666 2315/3124/1666 2318/3125/1666
f 2320/3126/1667 2319/3127/1667 2306/3128/1667
f 2239/3079/1668 2247/3075/1668 2240/3076/1668
f 2239/3079/1669 2245/3075/1669 2247/3076/1669
f 2245/3079/1670 2246/3075/1670 2247/3076/1670
f 2247/3076/1671 2246/3079/1671 2310/3129/1671 2307/3130/1671
f 2245/3079/1672 2244/3075/1672 2246/3076/1672
f 2244/3079/1673 2243/3075/1673 2246/3076/1673
f 2244/3079/1674 2242/3075/1674 2243/3076/1674
f 2242/3079/1675 2241/3075/1675 2243/3076/1675
f 2321/3131/1676 2323/3132/1676 2243/3076/1676 2241/3079/1676 2322/3133/1676
f 2311/3134/1677 2243/3076/1677 2323/3135/1677
f 2241/3075/1678 2324/3136/1678 2325/3137/1678
f 2241/3079/1679 2238/3075/1679 2309/3138/1679 2324/3139/1679
f 2309/3140/1680 2238/3079/1680 2239/3075/1680
f 2241/3079/1681 2244/3075/1681 2239/3076/1681
f 2244/3079/1682 2245/3075/1682 2239/3076/1682
f 2238/3079/1683 2241/3075/1683 2239/3076/1683
f 2241/3079/1684 2242/3075/1684 2244/3076/1684
f 2322/3141/1685 2241/3076/1685 2325/3142/1685 2326/3143/1685
f 2297/3152/1692 2291/3153/1692 2248/3076/1692 2249/3079/1692
s 1
usemtl Material.020
f 2274/3144/1686 2272/3145/1687 2283/3146/1688 2285/3147/1689
f 2273/3148/1690 2274/3149/1686 2285/3150/1689 2289/3151/1691
f 2273/3154/1690 2289/3154/1691 2287/3155/1693 2286/3156/1693 2288/3157/1693 2275/3158/1693 2276/3159/1693 2281/3160/1693 2263/3161/1693 2267/3162/1693
f 2252/3163/1694 2266/3164/1694 2265/3165/1695 2253/3166/1696 2258/3167/1697 2256/3168/1694
f 2278/3169/1698 2280/3170/1698 2257/3171/1698 2258/3172/1697 2253/3172/1696 2279/3173/1699
f 2279/3174/1699 2253/3166/1696 2265/3166/1695 2264/3175/1700 2268/3176/1700 2282/3177/1700 2277/3178/1700
f 2261/3179/1701 2260/3180/1701 2254/3181/1701 2255/3182/1701 2259/3183/1701 2269/3184/1701 2270/3185/1701 2271/3186/1701 2284/3187/1701 2283/3188/1688 2272/3145/1687 2262/3189/1701
g Toaster_cell.051_Toaster_cell.050
v -0.093245 0.106172 0.144733
v -0.086164 0.113289 0.001938
v -0.093440 0.117199 0.000798
v -0.086385 0.088503 0.152977
v -0.066294 0.040225 0.142062
v -0.067887 0.038222 0.000192
v -0.081835 0.038005 -0.003762
v -0.135742 0.117013 0.133394
v -0.133316 0.122768 0.153306
v -0.135291 0.114443 0.159416
v -0.135742 0.013360 0.135854
v -0.135742 0.098990 0.156025
v -0.131809 0.129058 0.148455
v -0.132063 0.130327 0.134435
v -0.131796 0.131295 0.120262
v -0.129109 0.133901 0.067277
v -0.135742 0.011838 0.072396
v -0.063296 0.041054 0.084072
v -0.063296 0.043476 0.076912
v -0.063296 0.055645 0.003358
v -0.126081 0.136837 0.001470
v -0.063296 0.041436 0.001750
v -0.135742 0.107791 -0.000417
v -0.135742 0.117013 0.000135
v -0.131796 0.131295 0.001050
v -0.135742 0.019281 -0.005256
v -0.135742 0.011272 0.000398
v -0.133316 0.122768 0.153306
v -0.135291 0.114443 0.159416
v -0.131809 0.129058 0.148455
v -0.132063 0.130327 0.134435
v -0.131796 0.131295 0.120262
v -0.129109 0.133901 0.067277
v -0.063296 0.043476 0.076912
v -0.063296 0.055645 0.003358
v -0.135742 0.107791 -0.000417
v -0.135742 0.117013 0.000135
v -0.131796 0.131295 0.001050
v -0.126081 0.136837 0.001470
v -0.135742 0.019281 -0.005256
v -0.135742 0.011838 0.072396
v -0.135742 0.011272 0.000398
v -0.135742 0.013360 0.135854
v -0.135742 0.098990 0.156025
v -0.063296 0.041054 0.084072
v -0.063296 0.041436 0.001750
vn 0.3654 0.4929 0.7897
vn 0.0017 -0.2293 0.9734
vn 0.0147 -0.2147 0.9766
vn 0.9196 0.3874 0.0649
vn 0.3761 0.5077 0.7751
vn 0.9264 0.3714 0.0623
vn 0.5140 0.8551 0.0681
vn 0.5066 0.8600 0.0617
vn 0.3670 -0.9301 0.0131
vn 0.4866 -0.8736 0.0029
vn 0.9861 0.1573 0.0532
vn 0.9273 0.3694 0.0611
vn 0.4877 0.8207 -0.2976
vn 0.2799 0.0916 -0.9557
vn 0.1987 0.0853 -0.9763
vn 0.0154 0.0597 -0.9981
vn 0.0087 0.0546 -0.9985
vn 0.2176 -0.5629 -0.7973
vn 0.2297 -0.5843 -0.7784
vn 0.3691 -0.9293 0.0073
vn 0.2707 0.0786 -0.9594
vn -0.9950 0.0984 0.0158
vn -0.9642 0.2619 0.0417
vn -0.9642 0.2642 0.0209
vn -0.9904 0.1375 0.0108
vn -0.8652 0.5015 -0.0000
vn -0.9608 0.2773 -0.0000
vn -0.6961 0.7179 -0.0000
vn -0.9916 0.1294 0.0001
vn 1.0000 -0.0000 -0.0000
vn -1.0000 0.0003 0.0003
vt 0.471627 0.000000
vt 0.493721 0.493721
vt 0.000000 0.000000
vt 1.000000 0.000000
vt 1.000000 0.582876
vt 0.950632 0.508289
vt 0.582876 0.582876
vt 1.000000 1.000000
vt 0.416234 0.000000
vt 1.000000 0.528372
vt 0.525354 0.426528
vt 0.416234 0.416234
vt 1.000000 0.430610
vt 0.629627 0.431250
vt 0.397830 0.000000
vt 0.430610 0.430610
vt 0.417401 0.417401
vt 0.423052 0.000000
vt 0.522700 0.000000
vt 1.000000 0.582998
vt 0.528500 0.528500
vt 1.000000 0.529589
vt 0.128625 0.000000
vt 0.529589 0.529589
vt 1.000000 0.602170
vt 0.184412 0.000000
vt 0.154913 0.154913
vt 1.000000 0.517266
vt 0.856288 0.501264
vt 0.554097 0.429743
vt 0.352454 0.352454
vt 0.517266 0.517266
vt 0.519013 0.000000
vt 0.480987 0.000000
vt 1.000000 0.518855
vt 0.518855 0.518855
vt 0.575806 0.575806
vt 0.576948 0.000000
vt 1.000000 0.477301
vt 0.601121 0.796496
vt 0.607486 0.799504
vt 0.612292 0.801894
vt 0.611477 0.808798
vt 0.599670 0.809311
vt 0.612335 0.874483
vt 0.612335 0.815778
vt 0.615491 0.841870
vt 0.619048 0.874276
vt 0.599670 0.874934
vt 0.612335 0.815778
vt 0.612335 0.874483
vt 0.708600 0.683287
vt 0.749138 0.683287
vt 0.748347 0.683287
vt 0.712125 0.683287
vt 0.512720 0.807864
vt 0.586879 0.798166
vt 0.599670 0.796668
vt 0.591725 0.875205
vt 0.515285 0.877588
vt 0.508327 0.874804
vt 0.509031 0.839349
s 0
usemtl Material.027
f 2354/3190/1702 2355/3191/1702 2330/3192/1702
f 2369/3192/1703 2331/3193/1703 2370/3194/1703
f 2331/3192/1704 2330/3193/1704 2355/3195/1704 2370/3196/1704
f 2328/3192/1705 2327/3193/1705 2330/3197/1705
f 2330/3197/1706 2327/3192/1706 2356/3198/1706 2354/3199/1706
f 2331/3192/1707 2328/3193/1707 2330/3197/1707
f 2357/3200/1708 2356/3201/1708 2327/3192/1708 2328/3193/1708 2359/3202/1708 2358/3203/1708
f 2365/3204/1709 2359/3205/1709 2328/3192/1709
f 2332/3193/1710 2331/3197/1710 2369/3206/1710 2367/3207/1710
f 2332/3192/1711 2372/3208/1711 2371/3209/1711 2331/3197/1711
f 2331/3197/1712 2371/3210/1712 2360/3211/1712
f 2361/3212/1713 2328/3193/1713 2331/3197/1713 2360/3213/1713
f 2329/3192/1714 2365/3214/1714 2328/3197/1714
f 2372/3215/1715 2333/3193/1715 2328/3197/1715 2361/3216/1715
f 2333/3192/1716 2329/3193/1716 2328/3197/1716
f 2329/3192/1717 2333/3193/1717 2362/3217/1717 2363/3218/1717 2364/3219/1717 2365/3220/1717
f 2362/3221/1718 2333/3192/1718 2366/3222/1718
f 2366/3223/1719 2333/3193/1719 2368/3224/1719
f 2333/3192/1720 2332/3193/1720 2368/3225/1720
f 2368/3226/1721 2332/3192/1721 2367/3227/1721
f 2372/3228/1722 2332/3197/1722 2333/3192/1722
s 1
f 2351/3234/1727 2341/3235/1728 2342/3236/1729 2347/3237/1729
usemtl Material.020
f 2336/3229/1723 2335/3230/1724 2339/3231/1724 2340/3232/1725 2334/3233/1726
f 2350/3238/1730 2334/3233/1726 2340/3232/1725 2341/3239/1728 2351/3240/1727
f 2344/3241/1731 2348/3242/1731 2346/3243/1731 2345/3244/1731
f 2337/3245/1732 2338/3246/1732 2336/3247/1723 2334/3233/1726 2350/3238/1730 2349/3248/1732 2352/3249/1732 2353/3250/1732 2343/3251/1732
g Toaster_cell.052_Toaster_cell.051
v 0.131734 -0.130902 0.237555
v 0.116066 -0.129018 0.222714
v 0.128744 -0.138020 0.233538
v 0.112602 -0.121219 0.225199
v 0.105597 -0.140248 0.232305
v 0.117250 -0.139603 0.222992
v 0.110326 -0.140292 0.228561
v 0.101186 -0.139817 0.236038
v 0.132159 -0.133853 0.229111
v 0.130529 -0.138020 0.226268
v 0.108072 -0.139248 0.239141
v 0.115291 -0.138569 0.242159
v 0.127854 -0.131008 0.241670
v 0.131735 -0.124268 0.237557
v 0.117250 -0.139603 0.222992
v 0.110326 -0.140292 0.228561
v 0.130529 -0.138020 0.226268
v 0.132159 -0.133853 0.229111
v 0.108072 -0.139248 0.239141
v 0.115291 -0.138569 0.242159
v 0.105597 -0.140248 0.232305
v 0.101186 -0.139817 0.236038
v 0.127854 -0.131008 0.241670
v 0.131735 -0.124268 0.237557
vn -0.6188 -0.0897 -0.7804
vn -0.6479 -0.0455 -0.7604
vn 0.4414 0.4206 -0.7926
vn 0.2394 0.0013 -0.9709
vn -0.3630 0.6254 0.6907
vn 0.5042 0.5834 -0.6367
vn 0.0778 -0.9918 0.1014
vn 0.0888 -0.9930 0.0784
vn 0.5018 -0.8163 0.2860
vn 0.1837 -0.9538 0.2378
vn 0.1145 -0.9931 0.0243
vn 0.4711 -0.8748 0.1132
vn 0.8532 -0.2734 0.4442
vn 0.5689 -0.4899 0.6606
vn 0.8968 -0.4016 0.1855
vn -0.3500 0.6265 0.6964
vn 0.9223 -0.0003 0.3865
vt 1.000000 0.566607
vt 1.000000 1.000000
vt 0.827881 0.827881
vt 0.925700 0.666925
vt 0.448301 0.000000
vt 1.000000 0.000000
vt 0.566607 0.566607
vt 1.000000 0.786665
vt 0.000000 0.000000
vt 0.268582 0.000000
vt 0.792863 0.778651
vt 1.000000 0.827881
vt 0.899213 0.338206
vt 0.741779 0.000000
vt 1.000000 0.731419
vt 0.733940 0.733940
vt 0.353652 0.535956
vt 0.344490 0.535751
vt 0.349894 0.530359
vt 0.365004 0.504501
vt 0.401379 0.509580
vt 0.358415 0.530582
vt 0.350035 0.521188
vt 0.361425 0.502517
vt 0.374721 0.496861
vt 0.373205 0.490004
vt 0.382149 0.491982
vt 0.380113 0.494231
vt 0.382817 0.488968
vt 0.374819 0.486465
vt 1.000000 0.733940
vt 0.741780 0.741780
vt 0.846608 0.716740
vt 0.793874 0.789584
vt 0.383926 0.499451
vt 0.383926 0.491982
vt 0.389809 0.491984
vt 0.389809 0.491984
vt 0.383926 0.488968
s 0
usemtl Material.027
f 2393/3252/1733 2374/3253/1733 2387/3254/1733 2388/3255/1733
f 2394/3256/1734 2376/3257/1734 2374/3253/1734 2393/3258/1734
f 2389/3259/1735 2374/3253/1735 2376/3260/1735 2390/3261/1735
f 2374/3253/1736 2389/3262/1736 2387/3263/1736
f 2394/3264/1737 2391/3265/1737 2376/3257/1737
f 2390/3266/1738 2376/3253/1738 2386/3267/1738
f 2386/3282/1748 2376/3253/1748 2391/3283/1748 2384/3284/1748 2385/3285/1748
s 1
f 2395/3286/1746 2373/3287/1745 2396/3288/1749
usemtl Material.020
f 2380/3268/1739 2377/3269/1739 2379/3270/1740 2375/3271/1741 2392/3272/1742 2383/3273/1739
f 2375/3271/1741 2379/3270/1740 2378/3274/1743 2382/3275/1744
f 2392/3276/1742 2375/3277/1741 2373/3278/1745 2395/3279/1746
f 2381/3280/1747 2373/3278/1745 2375/3277/1741 2382/3281/1744
f 2396/3289/1749 2373/3287/1745 2381/3290/1747
g Toaster_cell.053_Toaster_cell.052
v 0.107178 0.113229 0.178072
v 0.107567 0.095654 0.198789
v 0.131790 0.116585 0.195388
v 0.122112 0.114061 0.214210
v 0.121927 0.124478 0.202045
v 0.120995 0.127127 0.196752
v 0.131780 0.098324 0.217290
v 0.133564 0.089954 0.216458
v 0.121002 0.131244 0.183916
v 0.132181 0.119978 0.180209
v 0.133575 0.108559 0.194127
v 0.122112 0.114061 0.214210
v 0.121927 0.124478 0.202045
v 0.120995 0.127127 0.196752
v 0.131780 0.098324 0.217290
v 0.121002 0.131244 0.183916
v 0.133564 0.089954 0.216458
v 0.132181 0.119978 0.180209
v 0.133575 0.108559 0.194127
vn -0.8077 0.5616 0.1796
vn -0.8552 0.3872 0.3445
vn -0.5804 -0.2022 0.7888
vn -0.0025 0.3103 -0.9506
vn 0.2523 -0.7356 -0.6287
vn 0.2575 -0.7424 -0.6184
vn 0.7106 0.6759 0.1955
vn 0.7243 0.6084 0.3244
vn 0.8627 0.4511 0.2287
vn 0.7982 0.5779 0.1701
vn 0.9720 0.1958 0.1303
vn 0.9237 0.2941 0.2456
vn 0.9687 0.1906 0.1593
vn 0.7229 0.5304 0.4428
vt 0.773080 0.000000
vt 1.000000 0.000000
vt 1.000000 0.172965
vt 0.000000 0.000000
vt 1.000000 0.185095
vt 0.410514 0.185660
vt 0.172965 0.172965
vt 0.185095 0.185095
vt 0.333823 0.002159
vt 0.310808 0.068382
vt 0.681621 0.000000
vt 0.951015 0.205884
vt 0.667170 0.000000
vt 1.000000 1.000000
vt 0.681621 0.681621
vt 0.667170 0.667170
vt 1.000000 0.665467
vt 0.615958 0.472465
vt 0.613329 0.475021
vt 0.603379 0.471217
vt 0.607571 0.463958
vt 0.619609 0.466144
vt 0.607571 0.463958
vt 0.598672 0.469029
vt 0.587187 0.482003
vt 0.579849 0.481538
vt 0.613329 0.475021
vt 0.603481 0.481368
s 0
usemtl Material.027
f 2412/3291/1750 2397/3292/1750 2410/3293/1750
f 2397/3294/1751 2398/3292/1751 2408/3295/1751 2409/3296/1751 2410/3297/1751
f 2408/3298/1752 2398/3294/1752 2413/3299/1752 2411/3300/1752
f 2414/3301/1753 2397/3292/1753 2412/3302/1753
f 2415/3303/1754 2398/3292/1754 2397/3304/1754 2414/3305/1754
f 2398/3304/1755 2415/3306/1755 2413/3307/1755
s 1
f 2402/3308/1756 2401/3309/1757 2399/3310/1758 2406/3311/1759 2405/3312/1756
f 2403/3315/1761 2399/3310/1758 2401/3317/1757 2400/3318/1763
usemtl Material.020
f 2406/3313/1759 2399/3310/1758 2407/3314/1760
f 2399/3310/1758 2403/3315/1761 2404/3316/1762 2407/3314/1760
g Toaster_cell.054_Toaster_cell.053
v 0.043362 -0.125117 0.230071
v 0.043259 -0.025885 0.192812
v 0.086917 -0.025933 0.193486
v 0.066222 -0.026832 0.172541
v 0.071777 -0.025949 0.253836
v 0.043385 -0.026056 0.253836
v 0.043303 -0.091344 0.253836
v 0.091462 -0.025971 0.253836
v 0.091262 -0.130902 0.253836
v 0.090962 -0.138020 0.250028
v 0.090167 -0.139371 0.239514
v 0.043355 -0.131384 0.253578
v 0.045905 -0.138020 0.250028
v 0.048385 -0.140414 0.231395
v 0.065411 -0.140968 0.216466
v 0.076870 -0.140968 0.227081
v 0.053473 -0.140968 0.227081
v 0.043303 -0.091344 0.253836
v 0.043355 -0.131384 0.253578
v 0.071777 -0.025949 0.253836
v 0.043385 -0.026056 0.253836
v 0.091462 -0.025971 0.253836
v 0.090962 -0.138020 0.250028
v 0.090167 -0.139371 0.239514
v 0.091262 -0.130902 0.253836
v 0.045905 -0.138020 0.250028
v 0.048385 -0.140414 0.231395
v 0.065411 -0.140968 0.216466
v 0.076870 -0.140968 0.227081
v 0.053473 -0.140968 0.227081
vn -0.0038 1.0000 0.0028
vn -1.0000 0.0013 0.0021
vn 0.0011 1.0000 0.0005
vn 0.9972 -0.0019 -0.0751
vn 0.0018 0.9990 -0.0447
vn -0.6435 -0.2696 -0.7164
vn -1.0000 -0.0013 -0.0007
vn -0.9445 -0.3175 -0.0849
vn 0.6935 -0.2537 -0.6743
vn 0.6753 -0.2658 -0.6880
vn 0.6532 -0.2760 -0.7051
vn -0.6394 -0.2722 -0.7191
vn -0.0000 -0.9953 0.0972
vn -0.0000 -0.9952 0.0983
vn -0.0000 -1.0000 -0.0000
vn -0.0010 -0.0012 1.0000
vn -0.0006 -0.2173 0.9761
vn -0.0005 -0.2390 0.9710
vn -0.0000 -0.7812 0.6243
vn -0.0000 -0.8126 0.5829
vn -0.0000 -0.9918 0.1274
vt 1.000000 0.547593
vt 0.451425 0.000000
vt 1.000000 0.000000
vt 0.547593 0.547593
vt 0.000000 0.000000
vt 0.550839 0.000000
vt 0.545826 0.545826
vt 1.000000 0.548575
vt 0.109381 0.000000
vt 1.000000 0.545826
vt 0.175957 0.160647
vt 0.120041 0.100071
vt 1.000000 1.000000
vt 0.332515 0.006167
vt 1.000000 0.449161
vt 0.319716 0.319716
vt 0.231560 0.000000
vt 0.379783 0.262295
vt 0.107938 0.000000
vt 1.000000 0.892062
vt 0.306209 0.000000
vt 0.422234 0.304770
vt 1.000000 0.305513
vt 0.305513 0.305513
vt 0.627665 0.088981
vt 0.768440 0.000000
vt 0.320640 0.559538
vt 0.317427 0.575737
vt 0.318638 0.567678
vt 0.564782 0.585049
vt 0.564782 0.585124
vt 0.390222 0.585077
vt 0.383926 0.540960
vt 0.390222 0.540776
vt 0.390222 0.558903
vt 0.375000 0.582728
vt 0.375000 0.541237
vt 0.375000 0.540960
vt 0.375000 0.585076
vt 0.343272 0.548704
vt 0.375000 0.580444
vt 0.375000 0.575759
vt 0.341464 0.557749
vt 0.343150 0.549313
s 0
usemtl Material.027
f 2436/3319/1764 2435/3320/1764 2417/3321/1764
f 2436/3322/1765 2417/3323/1765 2433/3324/1765
f 2437/3325/1766 2418/3323/1766 2417/3321/1766 2435/3326/1766
f 2439/3327/1767 2418/3321/1767 2437/3328/1767 2440/3329/1767 2438/3330/1767
f 2418/3323/1768 2419/3321/1768 2417/3331/1768
f 2419/3323/1769 2416/3321/1769 2417/3331/1769
f 2434/3332/1770 2433/3333/1770 2417/3331/1770 2416/3323/1770
f 2434/3334/1771 2416/3323/1771 2442/3335/1771 2441/3336/1771
f 2418/3331/1772 2439/3337/1772 2419/3321/1772
f 2419/3321/1773 2439/3338/1773 2444/3339/1773
f 2444/3340/1774 2443/3341/1774 2419/3331/1774
f 2416/3321/1775 2419/3331/1775 2443/3342/1775 2445/3343/1775 2442/3344/1775
s 1
f 2421/3348/1779 2422/3349/1779 2427/3350/1780 2424/3351/1781 2423/3352/1779 2420/3353/1779
usemtl Material.020
f 2431/3345/1776 2432/3346/1777 2430/3347/1778
f 2428/3354/1782 2425/3355/1783 2424/3356/1781 2427/3357/1780
f 2425/3358/1783 2428/3354/1782 2429/3359/1784 2432/3360/1777 2431/3361/1776 2426/3362/1784
g Toaster_cell.055_Toaster_cell.054
v -0.011499 -0.125097 0.244999
v 0.011078 -0.054788 0.248530
v -0.019786 -0.040312 0.214714
v 0.013523 -0.027034 0.244296
v -0.014337 -0.026954 0.218308
v -0.020153 -0.027228 0.221234
v 0.012978 -0.027879 0.253693
v -0.004827 -0.026224 0.253689
v -0.012946 -0.026199 0.253836
v -0.003574 -0.026380 0.246513
v 0.003574 -0.026399 0.246513
v 0.004385 -0.026250 0.253609
v -0.018333 -0.029283 0.253836
v -0.014225 -0.082805 0.253836
v -0.011277 -0.118879 0.253836
v -0.005157 -0.121042 0.253836
v 0.003941 -0.095381 0.253456
v 0.004827 -0.089857 0.253784
v 0.010983 -0.052686 0.253729
v 0.003574 -0.099357 0.250041
v 0.003574 -0.083743 0.246513
v -0.003574 -0.122011 0.248973
v -0.003574 -0.113724 0.246513
v -0.004827 -0.026224 0.253689
v -0.012946 -0.026199 0.253836
v -0.003574 -0.026380 0.246513
v 0.003574 -0.026399 0.246513
v -0.018333 -0.029283 0.253836
v -0.014225 -0.082805 0.253836
v -0.011277 -0.118879 0.253836
v -0.005157 -0.121042 0.253836
v 0.004827 -0.089857 0.253784
v 0.010983 -0.052686 0.253729
v 0.012978 -0.027879 0.253693
v -0.003574 -0.122011 0.248973
v -0.003574 -0.113724 0.246513
v 0.004385 -0.026250 0.253609
v 0.003941 -0.095381 0.253456
v 0.003574 -0.083743 0.246513
vn -0.0763 0.9935 0.0849
vn -0.0149 0.9979 0.0637
vn -0.9972 -0.0540 0.0523
vn -0.9954 -0.0764 0.0585
vn -0.9933 -0.0812 0.0820
vn 0.9831 -0.1627 0.0837
vn 0.9955 -0.0800 0.0505
vn -0.7378 0.0480 -0.6733
vn 0.7128 -0.1566 -0.6836
vn 0.6797 -0.0812 -0.7290
vn -0.4279 0.3935 -0.8137
vn 0.5092 -0.2449 -0.8251
vn 0.2330 -0.9364 0.2624
vn 0.9809 0.0012 0.1945
vn 0.9625 0.0012 0.2713
vn 0.6395 0.0008 0.7688
vn 0.6337 0.0012 0.7736
vn 0.7395 0.0013 0.6732
vn -0.0080 0.0025 1.0000
vn -0.0115 0.0025 0.9999
vn -0.3299 0.0003 0.9440
vn -0.3474 0.0002 0.9377
vn -0.0000 -0.0000 1.0000
vn -0.0510 0.9976 -0.0472
vn -0.2766 -0.7826 0.5576
vn 0.0075 0.0006 1.0000
vt 0.723886 0.723886
vt 0.000000 0.000000
vt 1.000000 0.000000
vt 0.749343 0.749343
vt 0.732857 0.732857
vt 1.000000 0.426487
vt 0.767005 0.767005
vt 0.426486 0.426486
vt 0.150366 0.000000
vt 0.323008 0.000000
vt 1.000000 0.093855
vt 0.442687 0.072377
vt 0.327218 0.046044
vt 1.000000 0.157581
vt 0.093855 0.093855
vt 0.676992 0.000000
vt 1.000000 0.264634
vt 1.000000 1.000000
vt 0.264634 0.264634
vt 0.401968 0.346187
vt 0.117882 0.000000
vt 0.310419 0.000000
vt 0.242513 0.094161
vt 1.000000 0.276296
vt 0.310419 0.310419
vt 0.391809 0.628291
vt 0.399158 0.628291
vt 0.476608 0.628291
vt 0.476723 0.628291
vt 0.391668 0.628291
vt 0.554397 0.615841
vt 0.565327 0.616763
vt 0.476724 0.620555
vt 0.420321 0.620555
vt 0.420321 0.620555
vt 0.476721 0.621709
vt 0.419254 0.620653
vt 0.564782 0.627160
vt 0.391333 0.621709
vt 0.563671 0.628291
vt 0.715570 0.677423
vt 0.877724 0.738015
vt 0.908023 0.908023
vt 0.749343 0.000000
vt 0.773775 0.137148
vt 0.803258 0.451024
vt 0.672496 0.435631
vt 0.624998 0.042344
vt 0.150366 0.150366
vt 0.392562 0.629445
vt 0.476747 0.629445
vt -0.377289 0.644981
vt 0.544484 0.641217
vt -1.441140 0.655723
vt 0.377569 0.635545
s 0
usemtl Material.027
f 2479/3363/1785 2449/3364/1785 2450/3365/1785
f 2473/3366/1786 2450/3364/1786 2451/3365/1786
f 2451/3364/1787 2448/3365/1787 2473/3367/1787
f 2448/3364/1788 2446/3365/1788 2474/3368/1788 2473/3369/1788
f 2474/3370/1789 2446/3364/1789 2475/3371/1789
f 2465/3372/1790 2447/3365/1790 2478/3373/1790 2477/3374/1790 2483/3375/1790
f 2447/3364/1791 2449/3365/1791 2479/3376/1791 2478/3377/1791
f 2447/3364/1792 2465/3378/1792 2483/3379/1792 2449/3380/1792
f 2448/3365/1793 2449/3380/1793 2483/3381/1793 2466/3382/1793 2481/3383/1793
f 2448/3364/1794 2450/3365/1794 2449/3380/1794
f 2448/3364/1795 2451/3365/1795 2450/3380/1795
f 2480/3384/1796 2446/3365/1796 2448/3380/1796 2481/3385/1796
f 2476/3386/1797 2446/3380/1797 2480/3387/1797
s 1
f 2464/3393/1803 2452/3394/1803 2482/3395/1804 2463/3396/1805
f 2463/3397/1805 2482/3398/1804 2462/3399/1806
s 0
f 2456/3403/1808 2457/3404/1808 2479/3405/1808 2450/3364/1808 2473/3406/1808 2470/3407/1808 2469/3408/1808 2455/3409/1808
f 2476/3410/1809 2475/3411/1809 2446/3364/1809
s 1
f 2461/3412/1802 2453/3413/1801 2454/3414/1810 2458/3415/1810 2459/3416/1810 2460/3417/1810
usemtl Material.020
f 2467/3388/1798 2468/3389/1799 2471/3390/1800 2453/3391/1801 2461/3392/1802
f 2468/3400/1799 2484/3401/1807 2472/3401/1807 2471/3402/1800
g Toaster_cell.056_Toaster_cell.055
v -0.011794 -0.126858 0.246555
v -0.011685 -0.126570 0.253836
v -0.004839 -0.124907 0.253836
vn -0.2359 0.9711 -0.0349
vt 0.141930 0.000000
vt 1.000000 0.000000
vt 1.000000 0.127603
s 0
usemtl Material.027
f 2487/3418/1811 2485/3419/1811 2486/3420/1811
g Toaster_cell.057_Toaster_cell.056
v -0.037165 0.039466 -0.151051
v -0.063150 0.039537 -0.151271
v -0.090454 0.086942 -0.142320
v -0.087053 0.080822 -0.146829
v -0.088716 0.074999 -0.140572
v -0.083009 0.039276 -0.122764
v -0.081218 0.038937 -0.005281
v -0.091956 0.118736 -0.000582
v -0.064364 0.038695 -0.000657
v -0.085527 0.114021 -0.000029
v -0.063296 0.140587 -0.135628
v -0.065781 0.144538 -0.138085
v -0.063296 0.047101 0.000757
v -0.079128 0.145048 0.000063
v -0.065781 0.144538 0.000350
v -0.063296 0.066586 0.001616
v -0.063296 0.057840 0.001691
v -0.086978 0.145201 -0.000377
v -0.095602 0.145369 -0.001653
v -0.096917 0.145395 -0.067468
v -0.063296 0.038914 -0.057722
v -0.063296 0.039358 -0.134928
v -0.038057 0.039377 -0.135628
v -0.097770 0.145412 -0.130849
v -0.093243 0.145323 -0.137313
v -0.085400 0.143657 -0.148335
v -0.051600 0.143379 -0.150178
v -0.042931 0.143390 -0.150104
v -0.042583 0.140587 -0.135628
v -0.042885 0.144835 -0.140542
v -0.077058 0.143384 -0.150143
v -0.079128 0.145048 0.000063
v -0.086978 0.145201 -0.000377
v -0.063296 0.066586 0.001616
v -0.063296 0.057840 0.001691
v -0.063296 0.038914 -0.057722
v -0.063296 0.039358 -0.134928
v -0.096917 0.145395 -0.067468
v -0.097770 0.145412 -0.130849
v -0.093243 0.145323 -0.137313
v -0.051600 0.143379 -0.150178
v -0.042931 0.143390 -0.150104
v -0.042885 0.144835 -0.140542
v -0.077058 0.143384 -0.150143
v -0.085400 0.143657 -0.148335
v -0.063296 0.047101 0.000757
v -0.064364 0.038695 -0.000657
v -0.065781 0.144538 0.000350
v -0.095602 0.145369 -0.001653
v -0.038057 0.039377 -0.135628
v -0.042583 0.140587 -0.135628
vn -0.2641 -0.1272 0.9561
vn -0.0557 0.0085 0.9984
vn -0.0891 -0.0048 0.9960
vn -0.2751 -0.0922 0.9570
vn -0.0136 -0.9999 -0.0027
vn -0.9906 -0.1347 0.0234
vn -0.9907 -0.1346 0.0197
vn -0.9898 -0.1415 0.0171
vn -0.9885 -0.1506 0.0146
vn -0.0054 -1.0000 -0.0039
vn 0.0006 -1.0000 -0.0057
vn -0.1161 0.0141 0.9931
vn -0.7556 -0.3849 -0.5299
vn -0.9918 -0.1267 0.0133
vn -0.8158 0.0106 -0.5782
vn -0.7941 0.0063 -0.6077
vn -0.8904 -0.1901 -0.4137
vn -0.7484 -0.3744 -0.5475
vn 0.0085 0.0096 -0.9999
vn -0.0014 0.0107 -0.9999
vn -0.2124 -0.0178 -0.9770
vn -0.0209 0.0156 0.9997
vn -0.0026 -0.9999 -0.0110
vn 0.7130 0.0096 0.7011
vn 0.6410 0.4210 0.6418
vn 0.7173 0.6967 0.0044
vn 0.9999 0.0099 0.0068
vn 0.0276 0.9996 -0.0004
vn 0.1659 0.9815 0.0958
vn 0.0201 0.9992 -0.0353
vn 0.0364 0.3892 0.9204
vn 0.0152 0.0038 0.9999
vn 0.0325 0.9617 0.2723
vn 0.0020 0.9930 -0.1182
vn 0.9985 0.0501 0.0224
vt 1.000000 0.228792
vt 0.832706 0.832706
vt 0.000000 0.000000
vt 0.617642 0.000000
vt 1.000000 0.000000
vt 1.000000 0.860614
vt 0.878465 0.878465
vt 0.344079 0.344079
vt 0.860614 0.860614
vt 1.000000 0.832706
vt 0.888389 0.888389
vt 1.000000 1.000000
vt 1.000000 0.318987
vt 0.460180 0.000000
vt 0.318987 0.318987
vt 0.530914 0.000000
vt 0.430006 0.000000
vt 0.530914 0.530914
vt 0.454771 0.000000
vt 1.000000 0.102279
vt 0.345486 0.345486
vt 1.000000 0.382358
vt 1.000000 0.539820
vt 0.459749 0.000000
vt 0.459749 0.459749
vt 0.687028 0.461241
vt 1.000000 0.474457
vt 0.452035 0.000000
vt 0.666305 0.000000
vt 1.000000 0.333472
vt 0.665876 0.000000
vt 0.666305 0.666305
vt 1.000000 0.547965
vt 0.665876 0.665876
vt 0.748719 0.345380
vt 1.000000 0.344080
vt 1.000000 0.878465
vt 1.000000 0.569994
vt 0.816789 0.683287
vt 0.749772 0.683287
vt 0.749204 0.683287
vt 0.749170 0.683287
vt 0.749628 0.683287
vt 0.750312 0.683287
vt 0.778425 0.683287
vt 0.783224 0.714248
vt 0.750347 0.708841
vt 0.750186 0.705095
vt 0.749969 0.697866
vt 0.749856 0.687863
vt 0.819209 0.687863
vt 0.817619 0.710864
vt 0.814436 0.715033
vt 0.816789 0.664213
vt 0.816789 0.683287
vt 0.816789 0.682241
vt 0.816789 0.659035
vt 0.816951 0.683593
vt 0.816789 0.664344
vt 0.818048 0.685575
vt 0.818048 0.664446
vt 0.818048 0.664491
vt 0.818011 0.705190
vt 0.819209 0.687863
vt 0.831808 0.664491
vt 0.831808 0.664533
vt 0.831808 0.672516
vt 0.818649 0.695960
vt 0.351265 0.253918
vt 1.000000 0.896466
vt 0.333472 0.333472
vt 0.324079 0.259975
s 0
usemtl Material.027
f 2534/3421/1812 2533/3422/1812 2494/3423/1812
f 2520/3424/1813 2497/3425/1813 2522/3426/1813 2521/3427/1813 2519/3428/1813
f 2497/3423/1814 2495/3425/1814 2522/3429/1814
f 2495/3423/1815 2494/3425/1815 2533/3430/1815 2522/3431/1815
f 2493/3423/1816 2534/3425/1816 2494/3432/1816
f 2494/3432/1817 2495/3423/1817 2536/3433/1817
f 2525/3434/1818 2490/3425/1818 2494/3432/1818 2536/3435/1818
f 2490/3423/1819 2492/3425/1819 2494/3432/1819
f 2492/3423/1820 2493/3425/1820 2494/3432/1820
f 2534/3432/1821 2493/3423/1821 2523/3436/1821
f 2493/3423/1822 2524/3437/1822 2523/3438/1822
f 2524/3439/1822 2488/3425/1822 2537/3440/1822
f 2536/3441/1823 2495/3423/1823 2497/3425/1823 2520/3442/1823
f 2492/3423/1824 2489/3425/1824 2493/3432/1824
f 2490/3425/1825 2525/3443/1825 2526/3444/1825
f 2490/3432/1826 2526/3445/1826 2527/3446/1826 2532/3447/1826
f 2491/3425/1827 2490/3432/1827 2532/3448/1827
f 2491/3423/1828 2492/3425/1828 2490/3432/1828
f 2491/3423/1829 2489/3425/1829 2492/3432/1829
f 2488/3432/1830 2489/3423/1830 2528/3449/1830 2529/3450/1830
f 2489/3423/1831 2531/3451/1831 2528/3452/1831
f 2489/3423/1832 2491/3425/1832 2532/3453/1832 2531/3454/1832
f 2502/3455/1833 2519/3456/1833 2521/3457/1833
f 2493/3432/1834 2489/3423/1834 2488/3425/1834 2524/3458/1834
s 1
f 2507/3466/1839 2506/3467/1839 2505/3468/1839 2501/3469/1839 2535/3470/1837 2499/3471/1840 2512/3472/1841 2511/3473/1839
f 2499/3480/1840 2538/3481/1842 2530/3482/1844
f 2513/3483/1845 2512/3472/1841 2499/3484/1840 2530/3485/1844 2515/3486/1845 2514/3487/1845 2518/3488/1845
s 0
f 2516/3489/1846 2537/3490/1846 2488/3432/1846 2529/3491/1846 2517/3492/1846
s 1
usemtl Material.020
f 2509/3459/1835 2498/3459/1836 2535/3460/1837 2503/3461/1838 2504/3462/1838 2500/3463/1838 2496/3464/1838 2508/3465/1838
f 2538/3474/1842 2498/3475/1836 2509/3476/1835 2510/3477/1843
f 2499/3478/1840 2498/3475/1836 2538/3479/1842
f 2535/3460/1837 2498/3459/1836 2499/3478/1840
g Toaster_cell.058_Toaster_cell.057
v -0.009399 0.056851 0.160447
v -0.009688 0.092221 0.173166
v -0.054812 0.073998 0.246778
v -0.059260 0.041878 0.182022
v -0.041916 0.038710 0.153817
v -0.055900 0.036000 0.164659
v -0.067010 0.065459 0.189420
v -0.061105 0.065178 0.169634
v -0.065310 0.061429 0.179501
v -0.042947 0.119937 0.182758
v -0.051774 0.040862 0.155429
v -0.057039 0.038985 0.159941
v -0.021099 0.107310 0.230648
v -0.036907 0.133674 0.188872
v -0.043272 0.133768 0.188576
v -0.052826 0.131325 0.196194
v -0.056311 0.128384 0.205366
v -0.070594 0.103786 0.233033
v -0.060977 0.087346 0.244163
v -0.054780 0.076903 0.251233
v -0.033374 0.084082 0.246373
v -0.009433 0.097838 0.237190
v -0.009486 0.107310 0.230648
v -0.009670 0.132946 0.191141
v -0.009624 0.128384 0.205366
v -0.013324 0.091472 0.241586
v -0.021099 0.088560 0.243342
v -0.052826 0.131325 0.196194
v -0.056311 0.128384 0.205366
v -0.070594 0.103786 0.233033
v -0.060977 0.087346 0.244163
v -0.054780 0.076903 0.251233
v -0.033374 0.084082 0.246373
v -0.009486 0.107310 0.230648
v -0.009624 0.128384 0.205366
v -0.009433 0.097838 0.237190
v -0.009670 0.132946 0.191141
v -0.013324 0.091472 0.241586
v -0.021099 0.088560 0.243342
v -0.036907 0.133674 0.188872
v -0.043272 0.133768 0.188576
vn 0.0485 0.3883 -0.9203
vn -0.9326 0.2321 -0.2763
vn -0.9546 0.1804 -0.2370
vn -0.9000 -0.3615 0.2437
vn -0.8975 -0.3664 0.2454
vn 0.3753 -0.7776 0.5045
vn 0.8922 -0.3982 0.2130
vn 1.0000 0.0043 -0.0019
vn 0.0756 0.3963 -0.9150
vn 0.9935 0.0457 -0.1046
vn -0.0807 0.3336 -0.9392
vn -0.4083 0.3386 -0.8477
vn -0.5850 0.3537 -0.7299
vn 0.0107 0.3384 -0.9409
vn 0.0048 0.3357 -0.9420
vn -0.9229 0.2372 -0.3031
vn -0.9202 0.0020 -0.3914
vn -0.9517 -0.3018 -0.0562
vn -0.9530 -0.3002 -0.0414
vn -0.8954 -0.3714 0.2457
vn 0.3987 -0.8322 0.3854
vn 0.4115 -0.8309 0.3744
vn 0.4085 -0.8376 0.3626
vn 0.4118 -0.8542 0.3176
vn -0.2120 -0.8482 -0.4855
vn -0.2628 -0.7428 -0.6157
vn -0.6748 0.1618 -0.7201
vn -0.9120 -0.4084 -0.0382
vn -0.0034 0.5623 0.8269
vn -0.0077 0.6678 0.7443
vn -0.0051 0.6630 0.7486
vn -0.0000 0.5606 0.8281
vn -0.0054 0.8734 0.4870
vn -0.0066 0.8506 0.5257
vn -0.0099 0.6686 0.7436
vn -0.0000 0.9522 0.3054
vn -0.0091 0.5652 0.8249
vt 0.817284 0.000000
vt 1.000000 0.000000
vt 1.000000 0.183167
vt 0.404839 0.000000
vt 0.969465 0.405442
vt 0.518379 0.099624
vt 0.422313 0.422313
vt 0.000000 0.000000
vt 0.478676 0.000000
vt 0.382174 0.382174
vt 0.478676 0.478676
vt 1.000000 0.078142
vt 0.472634 0.000000
vt 0.078141 0.078141
vt 1.000000 0.536263
vt 0.062488 0.000000
vt 0.563492 0.443971
vt 0.536263 0.536263
vt 0.550348 0.000000
vt 0.581344 0.143088
vt 1.000000 0.182716
vt 0.398354 0.398354
vt 0.550347 0.550347
vt 1.000000 1.000000
vt 0.593282 0.000000
vt 1.000000 0.765301
vt 0.593282 0.593282
vt 0.989320 0.921339
vt 0.790673 0.747499
vt 0.472634 0.472634
vt 0.930550 0.930550
vt 0.609462 0.644429
vt 0.609462 0.690008
vt 0.609462 0.681151
vt 0.609462 0.675445
vt 0.609462 0.655733
vt 0.609462 0.633862
vt 0.609462 0.676855
vt 0.609462 0.688688
vt 0.609462 0.633735
vt 0.668192 0.673645
vt 0.668192 0.676855
vt 0.668192 0.633862
vt 0.668192 0.633996
vt 0.668192 0.658986
vt 0.668192 0.664848
vt 0.566592 0.633472
vt 0.581895 0.633541
vt 0.585003 0.644429
s 0
usemtl Material.027
f 2578/3493/1847 2548/3494/1847 2579/3495/1847
f 2566/3496/1848 2547/3494/1848 2568/3497/1848 2567/3498/1848
f 2568/3499/1849 2547/3500/1849 2545/3494/1849
f 2545/3500/1850 2569/3501/1850 2568/3502/1850
f 2569/3503/1851 2545/3500/1851 2541/3494/1851 2570/3504/1851
f 2541/3500/1852 2571/3505/1852 2570/3506/1852
f 2574/3507/1853 2576/3508/1853 2539/3494/1853
f 2572/3509/1854 2574/3510/1854 2539/3500/1854 2575/3511/1854 2573/3512/1854
f 2540/3500/1855 2548/3494/1855 2578/3513/1855 2575/3514/1855
f 2539/3500/1856 2540/3494/1856 2575/3515/1856
f 2543/3500/1857 2549/3494/1857 2548/3516/1857
f 2549/3500/1858 2546/3494/1858 2548/3516/1858
f 2548/3516/1859 2546/3500/1859 2566/3517/1859 2579/3518/1859
f 2540/3500/1860 2539/3494/1860 2548/3516/1860
f 2539/3500/1861 2543/3494/1861 2548/3516/1861
f 2546/3500/1862 2547/3494/1862 2566/3519/1862
f 2546/3500/1863 2550/3494/1863 2547/3516/1863
f 2550/3500/1864 2542/3494/1864 2547/3516/1864
f 2542/3500/1865 2545/3494/1865 2547/3516/1865
f 2545/3516/1866 2542/3500/1866 2541/3494/1866
f 2542/3494/1867 2576/3520/1867 2577/3521/1867 2571/3522/1867 2541/3500/1867
f 2542/3500/1868 2539/3494/1868 2576/3523/1868
f 2542/3500/1869 2544/3494/1869 2539/3516/1869
f 2544/3500/1870 2543/3494/1870 2539/3516/1870
f 2544/3500/1871 2550/3494/1871 2543/3516/1871
f 2550/3500/1872 2549/3494/1872 2543/3516/1872
f 2550/3500/1873 2546/3494/1873 2549/3516/1873
f 2544/3500/1874 2542/3494/1874 2550/3516/1874
s 1
f 2565/3524/1875 2551/3524/1876 2556/3525/1877 2557/3526/1878 2558/3527/1878 2559/3528/1878
f 2563/3529/1879 2555/3530/1880 2556/3531/1877 2551/3524/1876 2561/3532/1881
f 2554/3533/1882 2555/3534/1880 2563/3535/1879 2562/3536/1882 2552/3537/1882 2553/3538/1882
f 2564/3539/1883 2560/3540/1883 2561/3532/1881 2551/3524/1876 2565/3541/1875
g Toaster_cell.059_Toaster_cell.058
v -0.045479 -0.072853 -0.217270
v -0.009561 -0.076955 -0.216594
v -0.000933 -0.097759 -0.216032
v -0.008989 -0.061097 -0.212553
v -0.021035 -0.054445 -0.212310
v -0.046797 -0.065306 -0.214687
v 0.002332 -0.071583 -0.207908
v -0.046841 -0.140968 -0.134932
v -0.037400 -0.140968 -0.129865
v -0.020828 -0.140968 -0.121218
v -0.011043 -0.140968 -0.126940
v 0.024731 -0.140968 -0.151170
v 0.018418 -0.140968 -0.167083
v -0.000961 -0.140968 -0.215786
v -0.019794 -0.140968 -0.216249
v -0.046564 -0.140968 -0.215999
v -0.046841 -0.140968 -0.134932
v -0.037400 -0.140968 -0.129865
v -0.020828 -0.140968 -0.121218
v -0.011043 -0.140968 -0.126940
v -0.046564 -0.140968 -0.215999
v 0.024731 -0.140968 -0.151170
v -0.000961 -0.140968 -0.215786
v -0.019794 -0.140968 -0.216249
v 0.018418 -0.140968 -0.167083
vn 0.3951 0.6935 0.6025
vn 0.1139 0.2415 -0.9637
vn 0.0421 0.2075 -0.9773
vn -0.0459 0.3163 -0.9475
vn -0.3465 0.6806 0.6455
vn -0.3384 0.6819 0.6485
vn 0.3734 0.6731 0.6384
vn 0.4256 0.6512 0.6283
vn 0.9295 -0.0015 -0.3688
vn 0.0512 -0.0057 -0.9987
vn 0.0202 -0.0086 -0.9998
vn -0.0094 -0.0185 -0.9998
vn -0.8844 0.0054 -0.4667
vn -1.0000 -0.0030 -0.0034
vn 0.9291 -0.0027 -0.3697
vn 0.5202 0.1933 -0.8319
vn -0.0000 -1.0000 -0.0000
vt 0.000000 0.000000
vt 1.000000 0.000000
vt 1.000000 1.000000
vt 1.000000 0.366550
vt 0.601786 0.000000
vt 0.366550 0.366550
vt 1.000000 0.366887
vt 0.419492 0.000000
vt 0.366887 0.366887
vt 1.000000 0.421198
vt 0.419492 0.419492
vt 0.421198 0.421198
vt 0.538866 0.000000
vt 1.000000 0.437837
vt 0.437837 0.437837
vt 0.422612 0.000000
vt 0.422612 0.422612
vt 1.000000 0.422516
vt 0.397109 0.000000
vt 1.000000 0.398214
vt 0.397109 0.397109
vt 0.535715 0.000000
vt 1.000000 0.461134
vt 0.185489 0.595139
vt 0.186905 0.640483
vt 0.185892 0.650968
vt 0.184204 0.663413
vt 0.183246 0.669786
vt 0.161204 0.668468
vt 0.162605 0.648262
vt 0.163424 0.626674
vt 0.186141 0.601615
s 0
usemtl Material.027
f 2586/3542/1884 2583/3543/1884 2584/3544/1884
f 2583/3542/1885 2581/3543/1885 2584/3544/1885
f 2581/3542/1886 2580/3543/1886 2584/3544/1886
f 2580/3542/1887 2585/3543/1887 2584/3544/1887
f 2597/3545/1888 2584/3544/1888 2585/3542/1888 2596/3546/1888
f 2584/3544/1889 2597/3547/1889 2598/3548/1889
f 2599/3549/1890 2586/3543/1890 2584/3544/1890 2598/3550/1890
f 2601/3551/1891 2586/3544/1891 2599/3552/1891
f 2582/3543/1892 2586/3544/1892 2601/3553/1892 2604/3554/1892
f 2581/3544/1893 2582/3542/1893 2602/3555/1893
f 2580/3543/1894 2581/3544/1894 2602/3556/1894 2603/3557/1894
f 2580/3544/1895 2603/3558/1895 2600/3559/1895
f 2585/3543/1896 2580/3544/1896 2600/3560/1896
f 2596/3561/1897 2585/3544/1897 2600/3562/1897
f 2602/3563/1898 2582/3543/1898 2604/3564/1898
f 2582/3542/1899 2581/3543/1899 2583/3543/1899 2586/3544/1899
s 1
usemtl Material.020
f 2591/3565/1900 2590/3566/1900 2589/3567/1900 2588/3568/1900 2587/3569/1900 2595/3570/1900 2594/3571/1900 2593/3572/1900 2592/3573/1900
g Toaster_cell.060_Toaster_cell.059
v -0.044186 0.121120 0.181334
v -0.090953 0.106975 0.145339
v -0.084349 0.114180 0.001981
v -0.084350 0.088480 0.153875
v -0.079973 0.092409 0.163528
v -0.065202 0.040530 0.142771
v -0.062445 0.066681 0.168474
v -0.056138 0.041350 0.154812
v -0.068265 0.144835 0.140542
v -0.063962 0.142983 0.136286
v -0.085661 0.145175 0.001690
v -0.088965 0.145240 0.062132
v -0.043570 0.140968 0.166127
v -0.044895 0.139982 0.135628
v -0.044242 0.144835 0.140542
v -0.048958 0.095095 0.135628
v -0.065781 0.144538 0.001852
v -0.063296 0.060224 0.003156
v -0.063296 0.044714 0.091327
v -0.092640 0.145312 0.137391
v -0.093191 0.143261 0.150958
v -0.085325 0.140968 0.166127
v -0.090437 0.142428 0.156470
v -0.044580 0.134330 0.186824
v -0.073078 0.136883 0.178866
v -0.053863 0.133443 0.189590
v -0.056577 0.041435 0.135628
v -0.063296 0.040917 0.113175
v -0.063296 0.040767 0.135628
v -0.080832 0.138363 0.174249
v -0.085661 0.145175 0.001690
v -0.088965 0.145240 0.062132
v -0.044895 0.139982 0.135628
v -0.048958 0.095095 0.135628
v -0.063296 0.060224 0.003156
v -0.063296 0.044714 0.091327
v -0.092640 0.145312 0.137391
v -0.093191 0.143261 0.150958
v -0.085325 0.140968 0.166127
v -0.090437 0.142428 0.156470
v -0.053863 0.133443 0.189590
v -0.073078 0.136883 0.178866
v -0.056577 0.041435 0.135628
v -0.063296 0.040917 0.113175
v -0.063296 0.040767 0.135628
v -0.080832 0.138363 0.174249
v -0.065781 0.144538 0.001852
v -0.044580 0.134330 0.186824
v -0.043570 0.140968 0.166127
v -0.044242 0.144835 0.140542
vn 0.0079 -0.0091 -0.9999
vn -0.9976 -0.0427 -0.0545
vn 0.9986 0.0084 0.0514
vn 0.9946 -0.0900 -0.0526
vn -0.9292 -0.3640 -0.0640
vn -0.9315 -0.3586 -0.0609
vn -0.9974 -0.0540 -0.0487
vn 0.9968 -0.0683 -0.0411
vn -0.8952 -0.1216 0.4288
vn -0.5046 -0.2007 0.8397
vn 0.3355 -0.3281 0.8830
vn 0.4327 -0.3422 0.8341
vn 0.9898 -0.1406 -0.0233
vn -0.9263 -0.3713 -0.0645
vn 0.0989 -0.9951 -0.0067
vn -0.6899 -0.4691 0.5513
vn -0.7539 -0.4184 0.5065
vn -0.9317 -0.3589 -0.0569
vn -0.7532 -0.4150 0.5104
vn -0.5293 -0.2021 0.8240
vn -0.0000 0.9522 0.3054
vn -0.0000 0.9737 0.2276
vn -0.0000 0.9790 0.2040
vn -0.8846 -0.1216 0.4503
vn 0.9998 0.0166 -0.0054
vn 0.7024 0.7118 -0.0041
vn 0.4484 0.7736 -0.4477
vn 0.7183 0.0153 -0.6956
vn 0.0175 -0.0149 -0.9997
vn 0.0252 0.9997 -0.0007
vn 0.0133 0.9974 0.0705
vn 0.0610 0.9979 0.0210
vn 0.0317 0.3703 -0.9284
vn -0.0240 0.0044 -0.9997
vn 0.0391 0.9627 -0.2675
vn -0.0000 0.9888 0.1495
vt 1.000000 0.000000
vt 1.000000 0.379297
vt 0.621945 0.000000
vt 0.000000 0.000000
vt 0.383051 0.000000
vt 0.379297 0.379297
vt 0.819420 0.000000
vt 0.969477 0.236891
vt 0.328302 0.000000
vt 0.254044 0.254044
vt 1.000000 1.000000
vt 0.134071 0.134071
vt 0.631054 0.000000
vt 0.410985 0.000000
vt 0.522472 0.096103
vt 1.000000 0.616949
vt 0.262188 0.013065
vt 0.319404 0.148675
vt 0.274181 0.274181
vt 1.000000 0.505200
vt 0.410985 0.410985
vt 1.000000 0.519794
vt 0.453262 0.000000
vt 0.398661 0.000000
vt 0.765054 0.765054
vt 1.000000 0.671698
vt 0.170226 0.000000
vt 0.368946 0.000000
vt 0.294024 0.294024
vt 1.000000 0.294024
vt 0.853056 0.088538
vt 0.170226 0.170226
vt 0.447577 0.447577
vt 1.000000 0.546738
vt 0.668192 0.673321
vt 0.668192 0.665980
vt 0.668192 0.665122
vt 0.668192 0.703572
vt 0.668192 0.699435
vt 0.668192 0.692295
vt 0.447577 0.000000
vt 0.492115 0.150555
vt 0.505200 0.505200
vt 0.748446 0.683287
vt 0.749038 0.683287
vt 0.683211 0.683287
vt 0.683211 0.683287
vt 0.694268 0.683287
vt 0.705026 0.683287
vt 0.832112 0.454105
vt 0.134071 0.000000
vt 0.749129 0.689663
vt 0.749168 0.703882
vt 0.719403 0.706924
vt 0.682342 0.710309
vt 0.680791 0.687863
vt 0.683211 0.683287
vt 0.683211 0.666342
vt 0.683211 0.670083
vt 0.683211 0.677100
vt 0.681952 0.666080
vt 0.683049 0.683594
vt 0.681952 0.685575
vt 0.683049 0.666258
vt 0.683049 0.666046
vt 0.749088 0.685575
vt 0.680791 0.665741
vt 0.668192 0.687863
vt 0.668192 0.710309
vt 0.668192 0.710816
vt 0.668192 0.708280
vt 0.680791 0.664976
s 0
usemtl Material.027
f 2607/3574/1901 2635/3575/1901 2651/3576/1901
f 2607/3577/1902 2636/3578/1902 2635/3579/1902
f 2652/3580/1903 2605/3574/1903 2653/3581/1903
f 2605/3577/1904 2638/3582/1904 2637/3583/1904
f 2610/3574/1905 2607/3584/1905 2639/3585/1905 2640/3586/1905
f 2610/3577/1906 2606/3574/1906 2607/3584/1906
f 2607/3584/1907 2606/3577/1907 2642/3587/1907 2641/3588/1907 2636/3589/1907
f 2637/3590/1908 2619/3591/1908 2653/3592/1908 2605/3577/1908
f 2606/3577/1909 2608/3574/1909 2644/3593/1909 2642/3594/1909
f 2645/3595/1910 2646/3596/1910 2611/3574/1910
f 2645/3597/1911 2611/3574/1911 2605/3584/1911 2652/3598/1911
f 2611/3577/1912 2612/3574/1912 2605/3584/1912
f 2638/3599/1913 2605/3584/1913 2612/3577/1913 2647/3600/1913
f 2610/3577/1914 2640/3601/1914 2648/3602/1914
f 2612/3577/1915 2610/3574/1915 2648/3603/1915 2649/3604/1915 2647/3605/1915
f 2612/3577/1916 2611/3574/1916 2610/3584/1916
f 2611/3577/1917 2608/3574/1917 2610/3584/1917
f 2608/3577/1918 2606/3574/1918 2610/3584/1918
f 2611/3577/1919 2609/3574/1919 2608/3584/1919
f 2634/3606/1920 2609/3577/1920 2611/3574/1920 2646/3607/1920
s 1
f 2630/3608/1921 2628/3609/1921 2617/3610/1922 2626/3611/1923 2650/3612/1921 2629/3613/1921
s 0
f 2608/3584/1924 2609/3577/1924 2634/3614/1924 2643/3615/1924 2644/3616/1924
f 2651/3623/1929 2639/3624/1929 2607/3574/1929
s 1
f 2621/3625/1926 2615/3626/1930 2616/3627/1930 2624/3628/1931 2613/3629/1932
f 2654/3640/1935 2613/3641/1932 2624/3642/1931 2625/3643/1936 2627/3644/1936 2626/3611/1923 2617/3645/1922
usemtl Material.020
f 2622/3617/1925 2621/3618/1926 2614/3619/1927 2633/3620/1928 2632/3621/1925 2623/3622/1925
f 2614/3630/1927 2618/3631/1933 2620/3632/1934 2631/3633/1934 2633/3630/1928
f 2654/3634/1935 2614/3635/1927 2613/3636/1932
f 2618/3637/1933 2614/3635/1927 2654/3638/1935
f 2621/3639/1926 2613/3636/1932 2614/3635/1927
g Toaster_cell.061_Toaster_cell.060
v 0.105805 0.111718 0.176660
v 0.105404 0.093556 0.197955
v 0.101700 0.108576 0.174109
v 0.075211 0.082906 0.166539
v 0.059737 0.033481 0.150413
v 0.065391 -0.006227 0.137764
v 0.119544 -0.023139 0.132172
v 0.076335 -0.017542 0.134337
v 0.068614 0.066634 0.174829
v 0.064219 0.065189 0.169541
v 0.100007 -0.016978 0.169881
v 0.073531 -0.017139 0.141907
v 0.135742 0.104760 0.185488
v 0.135742 0.083545 0.210935
v 0.134122 0.109608 0.189546
v 0.134027 0.099111 0.202682
v 0.132826 0.118102 0.178420
v 0.134017 0.087269 0.216666
v 0.135742 0.076089 0.218412
v 0.135742 0.037950 0.220594
v 0.135742 0.055608 0.157169
v 0.135742 0.108354 0.174282
v 0.135742 0.020649 0.221388
v 0.135742 -0.008417 0.211748
v 0.135742 0.012741 0.221382
v 0.135742 0.003994 0.217414
v 0.135742 -0.019259 0.157487
v 0.135742 -0.022964 0.132182
v 0.134122 0.109608 0.189546
v 0.132826 0.118102 0.178420
v 0.134027 0.099111 0.202682
v 0.134017 0.087269 0.216666
v 0.135742 0.076089 0.218412
v 0.135742 0.037950 0.220594
v 0.135742 0.055608 0.157169
v 0.135742 0.108354 0.174282
v 0.135742 0.020649 0.221388
v 0.135742 -0.008417 0.211748
v 0.135742 0.003994 0.217414
v 0.135742 -0.019259 0.157487
v 0.135742 -0.022964 0.132182
v 0.135742 0.012741 0.221382
vn -0.2199 0.7629 0.6080
vn -0.2469 0.7396 0.6261
vn -0.5392 0.0481 0.8408
vn -0.1254 0.7190 -0.6836
vn 0.0069 0.3222 -0.9466
vn -0.6987 0.6115 0.3712
vn -0.6833 0.5618 0.4663
vn -0.6941 0.5298 0.4875
vn -0.5539 0.0336 0.8319
vn -0.6869 -0.3212 0.6519
vn -0.6933 -0.2961 0.6570
vn -0.6937 -0.2976 0.6559
vn -0.6937 -0.2991 0.6552
vn 0.0106 -0.9894 0.1449
vn -0.0027 0.3031 -0.9530
vn -0.0413 0.3216 -0.9460
vn -0.7785 0.4012 -0.4827
vn -0.7200 0.5238 0.4552
vn -0.7213 -0.3014 0.6236
vn -0.7332 -0.6371 -0.2377
vn -0.1282 -0.9917 0.0053
vn -0.1064 -0.9886 0.1064
vn 0.0295 -0.9839 0.1760
vn -0.0712 -0.9781 0.1954
vn -0.0119 0.2792 -0.9601
vn 0.9638 0.2538 0.0815
vn 0.9673 0.2226 0.1219
vn 0.9896 0.1278 0.0661
vn 0.9915 0.1242 0.0399
vn 0.9683 0.1849 0.1681
vn 0.9916 0.0961 0.0868
vn 0.9682 0.1918 0.1609
vn 0.9986 0.0376 0.0375
vn 1.0000 -0.0000 -0.0000
vn -0.0039 0.3029 -0.9530
vt 0.662808 0.000000
vt 1.000000 0.000000
vt 1.000000 0.350988
vt 0.807443 0.160258
vt 0.000000 0.000000
vt 0.927432 0.354214
vt 0.350988 0.350988
vt 0.354080 0.354080
vt 0.563510 0.000000
vt 0.416937 0.292567
vt 0.374806 0.374806
vt 0.595653 0.000000
vt 1.000000 0.374806
vt 0.940264 0.344399
vt 1.000000 1.000000
vt 0.739931 0.000000
vt 0.816645 0.127838
vt 1.000000 0.436490
vt 0.725828 0.725828
vt 0.739931 0.739931
vt 1.000000 0.763835
vt 0.752695 0.752695
vt 1.000000 0.725828
vt 0.763835 0.763835
vt 1.000000 0.244151
vt 0.755476 0.000000
vt 1.000000 0.404347
vt 0.244151 0.244151
vt 1.000000 0.008456
vt 0.244524 0.000000
vt 0.981534 0.981534
vt 0.604724 0.462862
vt 0.597192 0.468341
vt 0.592894 0.466342
vt 0.596080 0.460824
vt 0.578550 0.480938
vt 0.574081 0.478873
vt 0.587885 0.474809
vt 0.577374 0.481700
vt 0.567470 0.482556
vt 0.533645 0.483630
vt 0.518310 0.484021
vt 0.510875 0.483913
vt 0.503512 0.482064
vt 0.489680 0.477933
vt 0.482445 0.452553
vt 0.478992 0.440092
vt 0.548468 0.452397
s 0
usemtl Material.027
f 2684/3646/1937 2655/3647/1937 2685/3648/1937 2683/3649/1937
f 2655/3650/1938 2656/3647/1938 2686/3651/1938 2685/3652/1938
f 2686/3653/1939 2656/3650/1939 2688/3654/1939 2687/3655/1939
f 2657/3650/1940 2655/3647/1940 2684/3656/1940
f 2689/3657/1941 2657/3647/1941 2684/3658/1941 2690/3659/1941
f 2657/3650/1942 2658/3647/1942 2655/3660/1942
f 2658/3650/1943 2656/3647/1943 2655/3660/1943
f 2658/3650/1944 2663/3647/1944 2656/3660/1944
f 2656/3660/1945 2663/3650/1945 2696/3661/1945 2691/3662/1945 2688/3663/1945
f 2665/3647/1946 2692/3664/1946 2666/3650/1946
f 2696/3665/1947 2663/3650/1947 2664/3647/1947
f 2659/3647/1948 2693/3666/1948 2696/3667/1948 2664/3650/1948
f 2692/3668/1949 2693/3669/1949 2659/3650/1949 2666/3647/1949
f 2695/3670/1950 2694/3671/1950 2661/3647/1950
f 2661/3650/1951 2657/3647/1951 2689/3672/1951 2695/3673/1951
f 2659/3650/1952 2658/3647/1952 2657/3660/1952
f 2659/3650/1953 2664/3647/1953 2658/3660/1953
f 2664/3650/1954 2663/3647/1954 2658/3660/1954
f 2659/3650/1955 2660/3647/1955 2666/3660/1955
f 2660/3650/1956 2662/3647/1956 2666/3660/1956
f 2662/3650/1957 2661/3647/1957 2666/3660/1957
f 2661/3650/1958 2665/3647/1958 2666/3660/1958
f 2692/3674/1959 2665/3660/1959 2661/3650/1959
f 2661/3650/1960 2694/3675/1960 2692/3676/1960
f 2662/3650/1961 2660/3647/1961 2661/3660/1961
f 2660/3650/1971 2659/3647/1971 2657/3660/1971 2661/3650/1971
s 1
usemtl Material.020
f 2671/3677/1962 2669/3678/1963 2667/3679/1964 2676/3680/1965
f 2672/3681/1966 2668/3682/1967 2667/3679/1964 2669/3678/1963 2670/3683/1968
f 2668/3682/1967 2672/3684/1966 2673/3685/1969
f 2676/3680/1965 2667/3679/1964 2668/3682/1967 2673/3685/1969 2674/3686/1970 2677/3687/1970 2679/3688/1970 2680/3689/1970 2678/3690/1970 2681/3691/1970 2682/3692/1970 2675/3693/1970
g Toaster_cell.062_Toaster_cell.061
v -0.105581 -0.121740 0.222003
v -0.101955 -0.122676 0.218185
v -0.103205 -0.113910 0.214350
v -0.111836 -0.081882 0.189730
v -0.135742 -0.130902 0.221273
v -0.131734 -0.130902 0.237555
v -0.132794 -0.138020 0.217047
v -0.128744 -0.138020 0.233538
v -0.135742 -0.067677 0.189030
v -0.135742 -0.103661 0.221294
v -0.131735 -0.124182 0.237557
v -0.135742 -0.084027 0.203842
v -0.108366 -0.140968 0.204809
v -0.132794 -0.138020 0.149322
v -0.135742 -0.125570 0.141141
v -0.135742 -0.130902 0.141795
v -0.135742 -0.117115 0.147425
v -0.123934 -0.138020 0.238787
v -0.105744 -0.140968 0.222341
v -0.113600 -0.139889 0.229445
v -0.128117 -0.130902 0.241492
v -0.135742 -0.103661 0.221294
v -0.135742 -0.084027 0.203842
v -0.131735 -0.124182 0.237557
v -0.135742 -0.067677 0.189030
v -0.108366 -0.140968 0.204809
v -0.132794 -0.138020 0.149322
v -0.135742 -0.130902 0.141795
v -0.135742 -0.125570 0.141141
v -0.135742 -0.117115 0.147425
v -0.123934 -0.138020 0.238787
v -0.113600 -0.139889 0.229445
v -0.105744 -0.140968 0.222341
v -0.131734 -0.130902 0.237555
v -0.128117 -0.130902 0.241492
vn 0.3903 0.5626 0.7288
vn 0.3529 0.6282 0.6934
vn 0.9336 -0.0233 -0.3576
vn 0.9393 -0.0864 -0.3320
vn 0.9131 -0.0496 -0.4046
vn 0.4760 0.5246 -0.7059
vn 0.3754 0.5968 -0.7092
vn 0.6585 0.0327 0.7518
vn 0.0401 0.8300 0.5564
vn 0.7186 0.3622 0.5937
vn 0.7258 0.0059 0.6878
vn -0.9652 -0.2259 0.1320
vn -0.9922 -0.1246 -0.0000
vn -0.8606 -0.5093 -0.0000
vn -0.6080 -0.7921 0.0534
vn -0.1168 -0.9931 0.0097
vn -0.5248 -0.8133 0.2512
vn -0.1107 -0.9933 0.0322
vn -0.3757 -0.8602 0.3447
vn -0.1129 -0.9934 0.0221
vn -0.8529 -0.3650 0.3734
vn -0.6064 -0.5682 0.5563
vn -0.9710 -0.0002 0.2390
vn -0.9986 -0.0000 0.0531
vn -1.0000 -0.0000 -0.0000
vt 0.698435 0.043190
vt 0.682391 0.000000
vt 1.000000 0.000000
vt 1.000000 0.392172
vt 0.837669 0.230314
vt 0.000000 0.000000
vt 1.000000 0.321595
vt 0.392172 0.392172
vt 1.000000 1.000000
vt 1.000000 0.456232
vt 0.269534 0.000000
vt 0.855299 0.486157
vt 0.956747 0.551932
vt 1.000000 0.600958
vt 0.469250 0.456330
vt 1.000000 0.676779
vt 0.600958 0.600958
vt 1.000000 0.616103
vt 0.676779 0.676779
vt 0.720534 0.000000
vt 1.000000 0.268866
vt 0.888012 0.230843
vt 0.792533 0.104298
vt 0.268866 0.268866
vt 1.000000 0.317609
vt 1.000000 0.730466
vt 0.383926 0.766035
vt 0.383926 0.805174
vt 0.375000 0.801467
vt 0.375000 0.768116
vt 0.329276 0.714341
vt 0.356884 0.750000
vt 0.323533 0.750000
vt 0.365004 0.745499
vt 0.352580 0.724237
vt 0.366567 0.743425
vt 0.341304 0.712561
vt 0.352580 0.724237
vt 0.382149 0.758018
vt 0.373205 0.759996
vt 0.373985 0.756465
vt 0.380312 0.755878
vt 0.389885 0.758016
vt 0.408081 0.766025
vt 0.383926 0.758018
vt 0.388620 0.805496
vt 0.408081 0.766025
vt 0.425407 0.774620
vt 0.442152 0.783184
vt 0.396068 0.802402
s 0
usemtl Material.027
f 2720/3694/1972 2730/3695/1972 2699/3696/1972 2719/3697/1972 2718/3698/1972
f 2699/3699/1973 2700/3696/1973 2721/3700/1973 2719/3701/1973
f 2699/3699/1974 2698/3696/1974 2700/3702/1974
f 2722/3703/1975 2700/3702/1975 2698/3699/1975 2729/3704/1975
f 2723/3705/1976 2724/3706/1976 2725/3707/1976 2700/3702/1976 2722/3708/1976
f 2726/3709/1977 2700/3702/1977 2725/3710/1977
f 2721/3711/1978 2700/3702/1978 2726/3712/1978
f 2729/3713/1979 2697/3696/1979 2731/3714/1979 2727/3715/1979 2728/3716/1979
f 2731/3717/1980 2697/3699/1980 2699/3696/1980 2730/3718/1980
f 2697/3699/1981 2698/3696/1981 2699/3702/1981
f 2729/3719/1982 2698/3702/1982 2697/3699/1982
s 1
usemtl Material.020
f 2701/3720/1983 2712/3721/1984 2710/3722/1985 2703/3723/1986
f 2709/3724/1987 2703/3725/1986 2710/3726/1985
f 2704/3727/1988 2716/3728/1989 2714/3729/1990
f 2704/3727/1988 2703/3725/1986 2709/3724/1987 2715/3730/1991 2716/3731/1989
f 2702/3732/1992 2704/3733/1988 2714/3734/1990 2717/3735/1993
f 2704/3733/1988 2702/3732/1992 2701/3720/1983 2703/3723/1986
f 2707/3736/1994 2706/3737/1995 2701/3720/1983 2702/3738/1992
f 2711/3739/1996 2712/3721/1984 2701/3720/1983 2706/3740/1995 2708/3741/1996 2705/3742/1996 2713/3743/1996
g Toaster_cell.063_Toaster_cell.062
v -0.001269 -0.121836 -0.226496
v -0.008175 -0.116944 -0.233234
v -0.015192 -0.139067 -0.241880
v -0.009172 -0.139851 -0.235775
v -0.013096 -0.138020 -0.250028
v -0.009481 -0.130902 -0.253836
v -0.001184 -0.140726 -0.228965
v -0.001071 -0.138020 -0.250028
v -0.015192 -0.139067 -0.241880
v -0.009172 -0.139851 -0.235775
v -0.013096 -0.138020 -0.250028
v -0.009481 -0.130902 -0.253836
v -0.001184 -0.140726 -0.228965
v -0.001071 -0.138020 -0.250028
vn -0.7142 -0.0464 0.6984
vn 0.7203 0.5643 -0.4035
vn -0.9126 0.3629 -0.1881
vn -0.6518 -0.1012 0.7516
vn 1.0000 0.0037 0.0059
vn -0.0000 -0.8834 -0.4687
vn -0.0000 -0.9096 -0.4155
vn -0.0000 -0.9918 -0.1274
vn -0.0000 -0.4717 -0.8817
vt 1.000000 0.000000
vt 1.000000 1.000000
vt 0.703012 0.703012
vt 0.741160 0.000000
vt 0.000000 0.000000
vt 0.325581 0.000000
vt 1.000000 0.707295
vt 0.846767 0.642403
vt 1.000000 0.703012
vt 0.728775 0.680461
vt 1.000000 0.258840
vt 0.726385 0.000000
vt 1.000000 0.674420
vt 0.726385 0.726385
vt 0.159616 0.641737
vt 0.125000 0.625986
vt 0.125000 0.626091
vt 0.159861 0.637590
vt 0.159485 0.643952
vt 0.383926 0.124014
vt 0.375000 0.112940
vt 0.375000 0.119972
s 0
usemtl Material.027
f 2732/3744/1997 2733/3745/1997 2740/3746/1997 2741/3747/1997
f 2733/3745/1998 2732/3748/1998 2745/3749/1998 2743/3750/1998
f 2742/3751/1999 2740/3752/1999 2733/3745/1999 2743/3753/1999
f 2732/3744/2000 2741/3754/2000 2744/3755/2000
f 2745/3756/2001 2732/3745/2001 2744/3757/2001
s 1
usemtl Material.020
f 2736/3758/2002 2739/3759/2003 2738/3760/2004 2735/3761/2004 2734/3762/2004
f 2739/3763/2003 2736/3764/2002 2737/3765/2005
g Toaster_cell.064_Toaster_cell.063
v -0.091605 0.098065 -0.190026
v -0.078035 0.060670 -0.183351
v -0.135742 0.073082 -0.221427
v -0.131766 0.073070 -0.237632
v -0.120903 0.073061 -0.249494
v -0.106174 0.108326 -0.229428
v -0.120957 0.105127 -0.226788
v -0.096907 0.128384 -0.205366
v -0.070494 0.103550 -0.232734
v -0.074497 0.108326 -0.229428
v -0.128983 0.037819 -0.240651
v -0.107219 0.073058 -0.253498
v -0.120892 0.053695 -0.249492
v -0.106233 0.126459 -0.207675
v -0.113405 0.120563 -0.211593
v -0.135687 0.068060 -0.221650
v -0.135044 0.026724 -0.224238
v -0.134939 0.020223 -0.224661
v -0.131760 0.032524 -0.237616
v -0.133529 0.087561 -0.218918
v -0.131779 0.096311 -0.219657
v -0.120972 0.114299 -0.215786
v -0.096907 0.128384 -0.205366
v -0.074497 0.108326 -0.229428
v -0.070494 0.103550 -0.232734
v -0.128983 0.037819 -0.240651
v -0.120892 0.053695 -0.249492
v -0.107219 0.073058 -0.253498
v -0.106233 0.126459 -0.207675
v -0.113405 0.120563 -0.211593
v -0.135687 0.068060 -0.221650
v -0.135044 0.026724 -0.224238
v -0.134939 0.020223 -0.224661
v -0.131760 0.032524 -0.237616
v -0.133529 0.087561 -0.218918
v -0.131779 0.096311 -0.219657
v -0.120972 0.114299 -0.215786
v -0.135742 0.073082 -0.221427
vn 0.8133 0.3721 0.4473
vn 0.7087 -0.5827 -0.3978
vn -0.4550 0.2892 0.8423
vn 0.8042 0.3743 0.4617
vn -0.5577 -0.0605 0.8278
vn -0.5566 -0.0630 0.8284
vn 0.7045 -0.5929 -0.3900
vn -0.5576 -0.0543 0.8283
vn -0.5886 0.1842 0.7871
vn -0.5024 0.2592 -0.8249
vn -0.4932 0.5914 -0.6380
vn -0.1296 0.6698 -0.7312
vn -0.2066 0.4086 -0.8890
vn -0.7782 0.4038 -0.4811
vn -0.8543 0.1792 -0.4880
vn -0.0007 0.6314 -0.7755
vn -0.0009 0.5643 -0.8256
vn -0.9673 0.0956 -0.2349
vn -0.9563 0.1807 -0.2300
vn -0.6604 -0.0004 -0.7509
vn -0.7374 -0.0004 -0.6754
vn -0.9395 -0.0003 -0.3427
vn -0.9712 -0.0002 -0.2384
vn -0.4004 0.7035 -0.5871
vn -0.0837 0.7654 -0.6381
vn -0.2703 0.7393 -0.6168
vn -0.0000 0.7681 -0.6403
vt 0.203860 0.000000
vt 1.000000 0.000000
vt 1.000000 0.409352
vt 0.877807 0.355252
vt 0.547864 0.126924
vt 0.577624 0.270175
vt 0.409352 0.409352
vt 0.000000 0.000000
vt 0.474526 0.000000
vt 0.887672 0.362514
vt 0.769570 0.000000
vt 1.000000 0.647939
vt 0.647939 0.647939
vt 0.464763 0.464763
vt 1.000000 0.472916
vt 1.000000 1.000000
vt 0.472916 0.472916
vt 1.000000 0.391630
vt 0.834896 0.478345
vt 1.000000 0.525474
vt 0.391630 0.391630
vt 1.000000 0.464763
vt 0.445320 0.000000
vt 0.888813 0.367068
vt 0.642102 0.068499
vt 0.554680 0.000000
vt 1.000000 0.230430
vt 0.883440 0.194429
vt 0.567050 0.013665
vt 0.604567 0.013619
vt 0.606280 0.026917
vt 0.564959 0.026266
vt 0.585583 0.983168
vt 0.595298 0.988023
vt 0.566386 0.999524
vt 0.564793 0.992020
vt 0.606310 0.056320
vt 0.606313 0.060036
vt 0.566086 0.027317
vt 0.564868 0.984004
vt 0.577666 0.982794
vt 0.585401 0.983169
vt 0.564785 0.013665
vt 0.564783 0.026266
vt 0.547613 0.013675
vt 0.564782 0.000000
vt 0.547613 0.013675
vt 0.533530 0.003495
vt 0.528831 0.000000
vt 0.523697 0.985425
vt 0.560351 0.984150
vt 0.564803 0.984040
vt 0.528840 0.992013
vt 0.517933 0.985633
vt 0.603957 0.982255
vt 0.585583 0.983168
vt 0.622957 0.025208
vt 0.613109 0.013609
vt 0.618170 0.019555
vt 0.625000 0.030630
vt 0.625000 0.035784
vt 0.625000 0.056415
s 0
usemtl Material.027
f 2768/3766/2006 2747/3767/2006 2770/3768/2006 2769/3769/2006
f 2772/3770/2007 2773/3771/2007 2770/3772/2007 2747/3773/2007 2771/3774/2007
f 2774/3775/2008 2775/3776/2008 2746/3767/2008 2768/3777/2008
f 2768/3778/2009 2746/3773/2009 2747/3767/2009
f 2776/3779/2010 2777/3780/2010 2747/3781/2010
f 2777/3782/2011 2778/3783/2011 2747/3781/2011
f 2779/3784/2012 2771/3785/2012 2747/3781/2012 2778/3786/2012
f 2776/3787/2013 2747/3781/2013 2746/3773/2013 2780/3788/2013 2748/3789/2013
f 2781/3790/2014 2780/3791/2014 2746/3767/2014 2775/3792/2014 2782/3793/2014
s 1
f 2750/3794/2015 2752/3795/2016 2751/3796/2017 2757/3797/2018
f 2766/3798/2019 2752/3799/2016 2750/3800/2015 2749/3801/2020
f 2751/3796/2017 2755/3802/2021 2754/3803/2022 2757/3804/2018
f 2750/3808/2015 2757/3809/2018 2758/3810/2025
f 2749/3811/2020 2750/3808/2015 2758/3812/2025 2756/3813/2026 2764/3814/2027
f 2767/3820/2029 2752/3799/2016 2766/3821/2019
f 2759/3822/2030 2751/3796/2017 2752/3795/2016 2767/3823/2029 2760/3824/2031
f 2759/3825/2030 2753/3826/2032 2755/3827/2021 2751/3796/2017
usemtl Material.020
f 2749/3801/2020 2783/3805/2023 2765/3806/2024 2766/3807/2019
f 2762/3815/2028 2761/3816/2028 2783/3817/2023 2749/3801/2020 2764/3818/2027 2763/3819/2028
g Toaster_cell.065_Toaster_cell.064
v -0.079592 -0.057228 -0.219398
v -0.048362 -0.064111 -0.216470
v -0.063730 -0.039740 -0.235653
v -0.047473 -0.074097 -0.218872
v -0.047289 -0.138925 -0.242981
v -0.047718 -0.140968 -0.227081
v -0.048362 -0.140968 -0.215872
v -0.060021 -0.140968 -0.216946
v -0.101180 -0.140968 -0.222576
v -0.053407 -0.133852 -0.252258
v -0.063706 -0.088865 -0.253836
v -0.051329 -0.138020 -0.250028
v -0.097959 -0.140968 -0.227081
v -0.075270 -0.130902 -0.253836
v -0.080064 -0.138020 -0.250028
v -0.047289 -0.138925 -0.242981
v -0.047718 -0.140968 -0.227081
v -0.048362 -0.140968 -0.215872
v -0.060021 -0.140968 -0.216946
v -0.051329 -0.138020 -0.250028
v -0.053407 -0.133852 -0.252258
v -0.075270 -0.130902 -0.253836
v -0.080064 -0.138020 -0.250028
v -0.097959 -0.140968 -0.227081
v -0.063706 -0.088865 -0.253836
v -0.101180 -0.140968 -0.222576
vn 0.9992 -0.0084 0.0389
vn 0.9413 0.0026 0.3375
vn -0.0917 0.0077 0.9958
vn -0.1355 -0.0027 0.9908
vn 0.8570 0.1792 -0.4831
vn 0.8634 0.1780 -0.4721
vn 0.8690 0.1876 -0.4579
vn 0.0705 0.6440 0.7617
vn -0.8083 0.2290 -0.5425
vn -0.7844 0.2160 -0.5814
vn -0.0000 -0.9142 -0.4053
vn -0.0000 -0.8975 -0.4411
vn -0.0000 -0.9918 -0.1274
vn -0.0000 -0.9978 -0.0656
vn -0.0000 -0.9993 -0.0375
vn 0.0258 -0.3163 -0.9483
vn 0.0302 -0.2879 -0.9572
vn 0.0694 -0.0191 -0.9974
vn -0.0000 -1.0000 -0.0000
vt 0.445331 0.000000
vt 1.000000 0.000000
vt 1.000000 0.572725
vt 0.783389 0.355895
vt 0.572725 0.572725
vt 0.000000 0.000000
vt 0.606386 0.606386
vt 1.000000 0.626663
vt 0.624467 0.000000
vt 0.626663 0.626663
vt 0.928446 0.531144
vt 0.675564 0.000000
vt 1.000000 0.554669
vt 0.750165 0.620360
vt 0.622290 0.622290
vt 1.000000 1.000000
vt 1.000000 0.127595
vt 0.597134 0.347154
vt 0.156998 0.036772
vt 0.107932 0.000000
vt 1.000000 0.324436
vt 0.715096 0.388551
vt 0.125000 0.698728
vt 0.125000 0.672267
vt 0.125000 0.668547
vt 0.125000 0.668941
vt 0.125000 0.715207
vt 0.564782 0.074432
vt 0.383926 0.055686
vt 0.383926 0.066336
vt 0.375000 0.077733
vt 0.375000 0.051272
vt 0.375000 0.055686
vt 0.375000 0.075819
vt 0.155348 0.708197
vt 0.155654 0.706666
vt 0.161144 0.669292
vt 0.161110 0.669752
vt 0.160499 0.678073
s 0
usemtl Material.027
f 2799/3828/2033 2787/3829/2033 2801/3830/2033 2800/3831/2033
f 2801/3832/2034 2787/3833/2034 2785/3829/2034
f 2801/3834/2035 2785/3833/2035 2784/3829/2035 2802/3835/2035
f 2784/3833/2036 2809/3836/2036 2802/3837/2036
f 2804/3838/2037 2808/3839/2037 2786/3829/2037
f 2786/3833/2038 2787/3829/2038 2799/3840/2038 2803/3841/2038 2804/3842/2038
f 2786/3833/2039 2785/3829/2039 2787/3843/2039
f 2786/3833/2040 2784/3829/2040 2785/3843/2040
f 2784/3843/2041 2786/3833/2041 2809/3844/2041
f 2806/3845/2042 2807/3846/2042 2809/3847/2042 2786/3829/2042 2808/3848/2042 2805/3849/2042
s 1
f 2793/3855/2048 2797/3856/2049 2794/3857/2050
usemtl Material.020
f 2798/3850/2043 2795/3851/2044 2788/3852/2045 2789/3853/2046 2796/3854/2047
f 2795/3858/2044 2798/3859/2043 2797/3860/2049 2793/3861/2048
f 2792/3862/2051 2796/3863/2047 2789/3864/2046 2790/3865/2051 2791/3866/2051
g Toaster_cell.066_Toaster_cell.065
v -0.010695 0.093467 0.171639
v -0.041898 0.119572 0.180399
v -0.000968 0.066620 0.159988
v -0.008495 0.088124 0.169925
v -0.001382 0.053032 0.155611
v -0.000941 0.030857 0.141247
v -0.000839 0.030527 0.006379
v -0.000550 0.039571 0.000014
v -0.050267 0.040955 0.152704
v -0.008569 0.056405 0.158055
v -0.039744 0.038632 0.151992
v -0.021099 0.140587 0.135628
v -0.024939 0.144678 0.141584
v -0.010916 0.144835 0.126969
v -0.016129 0.144835 0.132352
v -0.004780 0.144835 0.105223
v -0.041065 0.141857 0.160249
v -0.042607 0.140587 0.135628
v -0.041941 0.144835 0.140542
v -0.001279 0.144835 0.091719
v -0.001041 0.144835 0.063662
v -0.021099 0.100327 0.000172
v -0.000914 0.144835 0.000925
v -0.021099 0.140587 0.000711
v -0.016129 0.144835 0.000747
v -0.046449 0.097279 0.135628
v -0.051260 0.041120 0.135628
v -0.042057 0.039090 0.135628
v -0.021099 0.034682 0.013010
v -0.021099 0.034748 0.082206
v -0.035372 0.037721 0.135628
v -0.021099 0.034870 0.135628
v -0.021099 0.034767 0.001011
v -0.010916 0.144835 0.126969
v -0.016129 0.144835 0.132352
v -0.024939 0.144678 0.141584
v -0.041065 0.141857 0.160249
v -0.041941 0.144835 0.140542
v -0.004780 0.144835 0.105223
v -0.001279 0.144835 0.091719
v -0.001041 0.144835 0.063662
v -0.021099 0.100327 0.000172
v -0.021099 0.140587 0.000711
v -0.000914 0.144835 0.000925
v -0.046449 0.097279 0.135628
v -0.051260 0.041120 0.135628
v -0.042057 0.039090 0.135628
v -0.021099 0.034682 0.013010
v -0.021099 0.034748 0.082206
v -0.035372 0.037721 0.135628
v -0.021099 0.034870 0.135628
v -0.021099 0.034767 0.001011
v -0.021099 0.140587 0.135628
v -0.042607 0.140587 0.135628
v -0.016129 0.144835 0.000747
vn 0.9097 0.2747 0.3114
vn 0.9344 0.2396 0.2637
vn 0.6051 0.5214 0.6016
vn 0.0181 -0.2986 0.9542
vn -0.0155 -0.3307 0.9436
vn -0.0102 -0.3349 0.9422
vn 0.0177 -0.3505 0.9364
vn 0.1520 -0.3467 0.9256
vn 0.3298 -0.2985 0.8956
vn 0.9448 0.2175 0.2449
vn 0.9999 0.0114 0.0085
vn -0.0035 0.0022 -1.0000
vn -0.0041 0.0134 -0.9999
vn 1.0000 0.0034 0.0020
vn -0.9945 0.0882 0.0572
vn -0.9946 0.0852 0.0587
vn -0.2154 -0.9765 0.0031
vn -0.2006 -0.9797 0.0009
vn -0.1959 -0.9806 0.0023
vn 0.1232 -0.5378 0.8340
vn 0.0874 -0.4556 0.8859
vn 0.9852 -0.0791 0.1523
vn 1.0000 -0.0007 0.0027
vn 0.0950 -0.5750 -0.8127
vn 0.9995 -0.0314 0.0008
vn -0.2031 -0.9791 -0.0069
vn 0.5996 0.5499 0.5815
vn -0.0000 0.9888 0.1495
vn 0.0059 0.9267 -0.3757
vn 0.0281 0.9489 -0.3143
vn 0.0181 0.4012 -0.9158
vn -0.6347 0.4804 -0.6053
vn -0.7532 -0.0000 -0.6577
vn -0.0000 -0.0000 -1.0000
vn -0.9094 0.4159 -0.0000
vn -0.4958 0.8684 -0.0000
vn -0.3483 0.9374 -0.0000
vn -0.9943 0.0893 0.0577
vn -0.0000 1.0000 -0.0000
vn -1.0000 -0.0000 -0.0000
vt 0.000000 0.000000
vt 1.000000 0.000000
vt 0.501026 0.501026
vt 0.525744 0.525744
vt 0.529584 0.000000
vt 0.293645 0.293645
vt 1.000000 0.502096
vt 1.000000 1.000000
vt 0.608248 0.000000
vt 1.000000 0.470416
vt 0.608248 0.608248
vt 0.607254 0.000000
vt 0.610543 0.000000
vt 1.000000 0.395796
vt 1.000000 0.678590
vt 0.675419 0.675419
vt 0.678590 0.678590
vt 0.395796 0.395796
vt 0.676148 0.522716
vt 0.607254 0.607254
vt 1.000000 0.675419
vt 1.000000 0.250329
vt 0.711920 0.000000
vt 0.711920 0.711920
vt 0.866297 0.000000
vt 0.871151 0.000000
vt 0.866298 0.866298
vt 1.000000 0.520744
vt 0.643673 0.000000
vt 0.871151 0.871151
vt 1.000000 0.887619
vt 0.520744 0.520744
vt 0.887619 0.887619
vt 0.916933 0.519701
vt 1.000000 0.008721
vt 0.008845 0.000000
vt 1.000000 0.356327
vt 0.686579 0.177570
vt 0.497904 0.000000
vt 1.000000 0.501026
vt 0.813335 0.315330
vt 0.680791 0.662816
vt 0.680791 0.647159
vt 0.680791 0.663622
vt 0.683211 0.664235
vt 0.683211 0.644429
vt 0.683211 0.657573
vt 0.683211 0.663729
vt 0.683211 0.672204
vt 0.683211 0.667773
vt 0.680791 0.663622
vt 0.680791 0.644735
vt 0.680791 0.663777
vt 0.681952 0.643816
vt 0.681952 0.663777
vt 0.681952 0.644735
vt 0.749629 0.642141
vt 0.683385 0.642141
vt 0.684824 0.639853
vt 0.749632 0.639853
vt 0.844977 0.176798
vt 0.749671 0.000000
vt 1.000000 0.293645
vt 0.680791 0.626178
vt 0.680791 0.625959
vt 0.680791 0.625841
vt 0.819209 0.639853
vt 0.819209 0.634101
vt 0.819209 0.629401
vt 0.709518 0.644429
vt 0.683211 0.644429
vt 0.749650 0.644429
vt 0.749916 0.644429
vt 0.749502 0.644429
vt 0.743593 0.644429
s 0
usemtl Material.027
f 2810/3867/2052 2813/3868/2052 2843/3869/2052
f 2843/3870/2053 2813/3867/2053 2848/3871/2053
f 2846/3872/2054 2811/3867/2054 2810/3868/2054 2845/3873/2054
f 2811/3867/2055 2813/3868/2055 2810/3874/2055
f 2811/3867/2056 2818/3868/2056 2813/3874/2056
f 2818/3867/2057 2820/3868/2057 2813/3874/2057
f 2820/3867/2058 2819/3868/2058 2813/3874/2058
f 2819/3867/2059 2814/3868/2059 2813/3874/2059
f 2814/3867/2060 2812/3868/2060 2813/3874/2060
f 2813/3874/2061 2812/3867/2061 2849/3875/2061 2848/3876/2061
f 2849/3877/2062 2812/3867/2062 2850/3878/2062
f 2817/3867/2063 2861/3879/2063 2851/3880/2063 2834/3881/2063 2853/3882/2063
f 2834/3883/2064 2851/3884/2064 2852/3885/2064
f 2850/3886/2065 2812/3867/2065 2817/3868/2065 2853/3887/2065
f 2811/3868/2066 2827/3888/2066 2854/3889/2066
f 2818/3868/2067 2811/3874/2067 2854/3890/2067 2855/3891/2067
f 2856/3892/2068 2820/3868/2068 2818/3874/2068 2855/3893/2068
f 2816/3868/2069 2858/3894/2069 2857/3895/2069
f 2856/3896/2069 2859/3897/2069 2820/3874/2069
f 2858/3898/2070 2816/3867/2070 2815/3868/2070 2820/3874/2070 2859/3899/2070 2860/3900/2070
f 2815/3867/2071 2814/3868/2071 2820/3874/2071
f 2814/3867/2072 2819/3868/2072 2820/3874/2072
f 2815/3867/2073 2812/3868/2073 2814/3874/2073
f 2815/3867/2074 2817/3868/2074 2812/3874/2074
f 2861/3901/2075 2817/3874/2075 2816/3867/2075
f 2815/3867/2076 2816/3868/2076 2817/3874/2076
f 2861/3902/2077 2816/3868/2077 2857/3903/2077
f 2821/3904/2078 2845/3905/2078 2810/3868/2078 2843/3906/2078 2844/3907/2078
s 1
f 2826/3908/2079 2822/3909/2080 2847/3910/2081
f 2847/3917/2081 2822/3918/2080 2863/3919/2082
f 2833/3923/2086 2862/3924/2083 2824/3925/2087 2864/3926/2088
s 0
f 2828/3927/2089 2827/3928/2089 2811/3868/2089 2846/3929/2089
s 1
f 2829/3930/2090 2830/3931/2090 2832/3932/2090 2864/3933/2088 2824/3933/2087 2823/3934/2090 2825/3935/2090
usemtl Material.020
f 2863/3911/2082 2862/3912/2083 2841/3912/2084 2840/3913/2085 2837/3914/2085 2836/3915/2085 2835/3916/2085
f 2862/3920/2083 2863/3921/2082 2822/3922/2080
f 2839/3936/2091 2841/3937/2084 2862/3912/2083 2833/3938/2086 2831/3939/2091 2842/3940/2091 2838/3941/2091
g Toaster_cell.067_Toaster_cell.066
v -0.104326 -0.120797 0.223411
v -0.101509 -0.113876 0.215938
v -0.098190 -0.071093 0.202547
v -0.104101 -0.026319 0.222741
v -0.098784 -0.123778 0.221582
v -0.064895 -0.060882 0.227894
v -0.070942 -0.058962 0.218658
v -0.064208 -0.053738 0.223674
v -0.064809 -0.026528 0.237298
v -0.105827 -0.130902 0.253836
v -0.085907 -0.130902 0.253836
v -0.089446 -0.138708 0.244673
v -0.088683 -0.138020 0.250028
v -0.064713 -0.067985 0.253836
v -0.064406 -0.043394 0.253836
v -0.111761 -0.130902 0.252105
v -0.102797 -0.137519 0.250296
v -0.112515 -0.087379 0.251897
v -0.094124 -0.139187 0.240940
v -0.064791 -0.026444 0.253836
v -0.089039 -0.026268 0.253836
v -0.112500 -0.026255 0.251919
v -0.105948 -0.026256 0.253836
v -0.085907 -0.130902 0.253836
v -0.088683 -0.138020 0.250028
v -0.089446 -0.138708 0.244673
v -0.064713 -0.067985 0.253836
v -0.064406 -0.043394 0.253836
v -0.111761 -0.130902 0.252105
v -0.102797 -0.137519 0.250296
v -0.064791 -0.026444 0.253836
v -0.089039 -0.026268 0.253836
v -0.105948 -0.026256 0.253836
v -0.112500 -0.026255 0.251919
v -0.112515 -0.087379 0.251897
v -0.094124 -0.139187 0.240940
vn 0.9435 -0.3178 -0.0936
vn 0.9921 -0.1188 -0.0395
vn 0.9999 -0.0125 0.0108
vn -0.9663 -0.0180 -0.2567
vn -0.5762 -0.7083 -0.4078
vn -0.5337 -0.7196 -0.4443
vn 0.7510 -0.3730 -0.5449
vn 0.8067 -0.3561 -0.4715
vn 0.3292 0.3978 -0.8564
vn 0.3117 0.4245 -0.8501
vn 0.3156 0.4304 -0.8457
vn 0.9997 0.0227 -0.0012
vn 0.7161 -0.3352 -0.6122
vn 0.0072 1.0000 -0.0051
vn 0.0007 1.0000 -0.0020
vn -0.9610 0.0003 -0.2766
vn -0.5084 -0.5278 -0.6804
vn -0.9596 0.0003 -0.2815
vn -0.9176 -0.0522 -0.3942
vn 0.5642 -0.2862 -0.7745
vn 0.5784 -0.2830 -0.7651
vn -0.0498 -0.6586 0.7508
vn -0.1479 -0.2625 0.9535
vn -0.2756 -0.1831 0.9437
vn -0.5952 -0.6971 -0.3997
vn -0.1418 -0.0002 0.9899
vn -0.2804 -0.0003 0.9599
vn -0.0135 -0.7812 0.6241
vn -0.0000 -0.1920 0.9814
vn -0.0276 -0.9892 0.1436
vn -0.0000 -0.0000 1.0000
vt 0.095449 0.076538
vt 0.068032 0.000000
vt 1.000000 0.000000
vt 1.000000 0.339484
vt 0.199301 0.150836
vt 0.000000 0.000000
vt 0.339484 0.339484
vt 0.375450 0.000000
vt 0.374052 0.374052
vt 1.000000 0.352386
vt 0.646952 0.000000
vt 0.779525 0.000000
vt 0.323442 0.323442
vt 0.779525 0.779525
vt 0.754011 0.754011
vt 1.000000 0.937560
vt 0.937560 0.937560
vt 1.000000 1.000000
vt 0.247895 0.000000
vt 1.000000 0.624550
vt 0.247895 0.247895
vt 1.000000 0.382618
vt 0.382618 0.382618
vt 0.358644 0.000000
vt 0.382330 0.113192
vt 0.358644 0.358644
vt 1.000000 0.353048
vt 0.375628 0.719662
vt 0.383926 0.722452
vt 0.383023 0.727917
vt 0.352386 0.352386
vt 0.333139 0.040413
vt 0.476718 0.722564
vt 0.476741 0.728604
vt 0.422524 0.728613
vt 0.383926 0.727917
vt 0.375000 0.706665
vt 0.375000 0.704109
vt 0.375000 0.718956
vt 0.343040 0.700134
vt 0.342923 0.699548
vt 0.344905 0.709462
vt 0.343599 0.702933
vt 0.383926 0.704108
vt 0.390222 0.684179
vt 0.390222 0.684309
vt 0.390222 0.684663
vt 0.390222 0.706993
vt 0.564782 0.722564
s 0
usemtl Material.027
f 2889/3942/2092 2890/3943/2092 2870/3944/2092 2891/3945/2092 2888/3946/2092
f 2870/3947/2093 2872/3944/2093 2891/3948/2093
f 2892/3949/2094 2891/3950/2094 2872/3947/2094
f 2880/3951/2095 2899/3952/2095 2865/3944/2095
f 2865/3947/2096 2900/3953/2096 2881/3954/2096
f 2900/3955/2097 2865/3947/2097 2869/3944/2097
f 2900/3956/2098 2869/3947/2098 2872/3944/2098 2890/3957/2098
f 2870/3944/2099 2890/3958/2099 2872/3947/2099
f 2871/3947/2100 2867/3944/2100 2872/3959/2100
f 2867/3947/2101 2868/3944/2101 2872/3959/2101
f 2868/3947/2102 2873/3944/2102 2872/3959/2102
f 2872/3959/2103 2873/3947/2103 2895/3960/2103 2892/3961/2103
f 2869/3947/2104 2871/3944/2104 2872/3959/2104
f 2895/3962/2105 2873/3947/2105 2868/3944/2105 2896/3963/2105
f 2896/3964/2106 2868/3947/2106 2898/3965/2106 2897/3966/2106
f 2898/3967/2107 2868/3947/2107 2865/3944/2107 2899/3968/2107
f 2866/3947/2108 2869/3944/2108 2865/3959/2108
f 2868/3947/2109 2867/3944/2109 2865/3959/2109
f 2867/3947/2110 2866/3944/2110 2865/3959/2110
f 2866/3947/2111 2867/3944/2111 2869/3959/2111
f 2867/3947/2112 2871/3944/2112 2869/3959/2112
f 2880/3972/2116 2865/3947/2116 2881/3973/2116
s 1
f 2874/3970/2114 2887/3974/2117 2886/3975/2118 2882/3976/2118 2893/3977/2115
f 2874/3970/2114 2875/3985/2120 2878/3986/2122 2879/3987/2122 2884/3988/2122 2885/3989/2122 2887/3990/2117
usemtl Material.020
f 2894/3969/2113 2874/3970/2114 2893/3971/2115
f 2877/3978/2119 2875/3979/2120 2874/3970/2114 2894/3980/2113
f 2876/3981/2121 2877/3982/2119 2894/3983/2113 2883/3984/2121
g Toaster_cell.068_Toaster_cell.067
v 0.000840 -0.126593 0.253836
g Toaster_cell.069_Toaster_cell.068
v 0.104212 0.095489 0.197638
v 0.104655 0.112404 0.177033
v 0.067544 0.068470 0.175029
v 0.064414 0.076823 0.182181
v 0.099213 0.108996 0.174456
v 0.076280 0.086573 0.167067
v 0.085115 0.106106 0.165671
v 0.063558 0.067467 0.170697
v 0.106239 0.128384 0.205366
v 0.052983 0.132953 0.191117
v 0.106346 0.118527 0.217130
v 0.120211 0.115615 0.214542
v 0.064419 0.118747 0.216927
v 0.058397 0.128384 0.205366
v 0.091999 0.140144 0.168696
v 0.116490 0.132581 0.183585
v 0.106271 0.137401 0.177249
v 0.119246 0.127736 0.196342
v 0.120490 0.125334 0.202768
v 0.091999 0.140144 0.168696
v 0.106271 0.137401 0.177249
v 0.052983 0.132953 0.191117
v 0.058397 0.128384 0.205366
v 0.106346 0.118527 0.217130
v 0.120211 0.115615 0.214542
v 0.064419 0.118747 0.216927
v 0.116490 0.132581 0.183585
v 0.119246 0.127736 0.196342
v 0.120490 0.125334 0.202768
vn -0.9375 -0.2322 0.2591
vn -0.4793 0.1550 -0.8638
vn 0.6714 -0.5429 -0.5045
vn 0.6751 -0.5477 -0.4943
vn -0.4623 -0.6703 0.5805
vn 0.0085 -0.6485 0.7612
vn 0.0067 -0.6462 0.7631
vn -0.0071 -0.6381 0.7699
vn -0.9299 -0.2355 0.2824
vn 0.5094 -0.0261 -0.8602
vn 0.5484 -0.2803 -0.7878
vn 0.5480 -0.3036 -0.7795
vn 0.5635 -0.3262 -0.7590
vn 0.6927 -0.5647 -0.4486
vn 0.5179 -0.0261 -0.8551
vn 0.8563 -0.3936 -0.3345
vn 0.8540 -0.4110 -0.3190
vn 0.2512 0.9216 0.2958
vn 0.0782 0.9493 0.3045
vn 0.1317 0.8670 0.4806
vn 0.2656 0.8432 0.4675
vn -0.5149 0.1784 -0.8385
vn 0.1373 0.7603 0.6349
vn 0.2705 0.7392 0.6168
vn 0.0002 0.8972 0.4417
vn -0.0000 0.9522 0.3054
vn 0.0004 0.7674 0.6412
vt 1.000000 0.488358
vt 1.000000 1.000000
vt 0.000000 0.000000
vt 1.000000 0.000000
vt 0.201459 0.000000
vt 1.000000 0.648266
vt 1.000000 0.648214
vt 0.649428 0.648016
vt 0.648214 0.648214
vt 0.845747 0.566091
vt 1.000000 0.538201
vt 0.620935 0.620935
vt 0.695841 0.000000
vt 1.000000 0.757251
vt 0.740914 0.700440
vt 0.757252 0.757252
vt 1.000000 0.815243
vt 0.798219 0.572701
vt 0.798541 0.000000
vt 0.815243 0.815243
vt 0.655453 0.517734
vt 0.660446 0.527139
vt 0.640865 0.527169
vt 0.641888 0.514045
vt 0.646426 0.515193
vt 0.488358 0.488358
vt 0.620935 0.000000
vt 0.641888 0.514045
vt 0.626231 0.527070
vt 0.626464 0.514302
vt 0.668192 0.571225
vt 0.668192 0.529013
vt 0.668192 0.540282
vt 0.668192 0.574837
vt 0.609462 0.571225
vt 0.609462 0.565679
vt 0.626223 0.527198
s 0
usemtl Material.027
f 2923/3991/2123 2909/3992/2123 2905/3993/2123
f 2908/3993/2124 2907/3994/2124 2909/3992/2124
f 2907/3993/2125 2903/3994/2125 2909/3992/2125
f 2903/3993/2126 2904/3994/2126 2909/3992/2126
f 2904/3993/2127 2905/3994/2127 2909/3992/2127
f 2904/3993/2128 2902/3994/2128 2905/3992/2128
f 2905/3992/2129 2902/3993/2129 2926/3995/2129 2925/3996/2129
f 2927/3997/2130 2905/3992/2130 2925/3998/2130
f 2905/3992/2131 2927/3999/2131 2924/4000/2131 2923/4001/2131
f 2903/3994/2132 2908/3992/2132 2921/4002/2132 2922/4003/2132
f 2903/3993/2133 2906/3994/2133 2908/3992/2133
f 2906/3993/2134 2907/3994/2134 2908/3992/2134
f 2906/3993/2135 2903/3994/2135 2907/3992/2135
f 2902/3993/2136 2904/3994/2136 2903/3992/2136
f 2928/4004/2137 2903/3992/2137 2922/4005/2137
f 2928/4006/2138 2929/4007/2138 2903/3992/2138
f 2930/4008/2139 2926/4009/2139 2902/3994/2139 2903/3992/2139 2929/4010/2139
s 1
f 2917/4011/2140 2918/4012/2141 2910/4013/2142 2920/4014/2143 2919/4015/2140
s 0
f 2923/4016/2144 2921/4017/2144 2908/3994/2144 2909/3992/2144
s 1
f 2920/4018/2143 2910/4013/2142 2912/4019/2145 2913/4020/2146
f 2915/4021/2147 2910/4013/2142 2918/4022/2141 2916/4023/2148 2911/4024/2148
f 2910/4013/2142 2915/4025/2147 2914/4026/2149 2912/4027/2145
g Toaster_cell.070_Toaster_cell.069
v -0.011334 0.095500 0.172096
v -0.042347 0.121716 0.181706
v -0.024923 0.144272 0.144272
v -0.042632 0.134298 0.186923
v -0.041634 0.140968 0.166127
v -0.018762 0.144412 0.137939
v -0.011022 0.144835 0.129773
v -0.011034 0.140968 0.166127
v -0.011073 0.133865 0.188273
v -0.011018 0.144835 0.140542
v -0.036971 0.134204 0.187217
v -0.042632 0.134298 0.186923
v -0.041634 0.140968 0.166127
v -0.011022 0.144835 0.129773
v -0.011018 0.144835 0.140542
v -0.011034 0.140968 0.166127
v -0.011073 0.133865 0.188273
v -0.036971 0.134204 0.187217
v -0.024923 0.144272 0.144272
v -0.018762 0.144412 0.137939
vn -0.6311 -0.4986 -0.5942
vn -0.9988 -0.0024 -0.0487
vn -0.6090 -0.5142 -0.6039
vn 1.0000 -0.0066 -0.0004
vn -0.0426 -0.3879 0.9207
vn -0.0542 -0.3835 0.9219
vn -0.0235 0.9962 0.0841
vn -0.0546 0.9985 -0.0000
vn -0.0215 0.9958 0.0894
vn -0.0014 0.9748 0.2231
vn -0.0010 0.9693 0.2458
vn -0.0000 0.9522 0.3054
vn -0.0028 0.9902 0.1394
vt 0.486469 0.486469
vt 0.000000 0.000000
vt 1.000000 0.000000
vt 1.000000 0.264256
vt 0.264256 0.264256
vt 0.194999 0.000000
vt 0.685424 0.178768
vt 0.505943 0.000000
vt 0.881207 0.373773
vt 1.000000 1.000000
vt 0.505943 0.505943
vt 0.590226 0.505920
vt 0.803232 0.544603
vt 1.000000 0.615697
vt 0.830358 0.000000
vt 0.615697 0.615697
vt 1.000000 0.805001
vt 0.830358 0.830358
vt 0.819209 0.635146
vt 0.819209 0.635150
vt 0.819209 0.639853
vt 0.668192 0.635161
vt 0.668192 0.663339
vt 0.668192 0.664258
vt 0.668192 0.659045
vt 0.668192 0.635197
vt 0.680791 0.639853
vt 0.680791 0.647951
vt 0.680791 0.663339
vt 0.680791 0.635161
vt 0.680791 0.635146
s 0
usemtl Material.027
f 2949/4028/2150 2931/4029/2150 2932/4030/2150 2943/4031/2150
f 2943/4032/2151 2932/4029/2151 2942/4033/2151
f 2950/4034/2152 2944/4035/2152 2931/4030/2152 2949/4036/2152
f 2931/4037/2153 2944/4038/2153 2945/4039/2153 2946/4040/2153 2947/4041/2153
f 2948/4042/2154 2932/4030/2154 2931/4037/2154 2947/4043/2154
f 2942/4044/2155 2932/4037/2155 2948/4045/2155
s 1
f 2940/4046/2156 2937/4047/2157 2936/4048/2158
f 2938/4049/2159 2935/4050/2160 2934/4051/2161 2941/4052/2161 2939/4053/2161
f 2936/4054/2158 2933/4055/2162 2935/4056/2160 2938/4057/2159 2940/4058/2156
g Toaster_cell.071_Toaster_cell.070
v 0.093318 0.102698 -0.141148
v 0.091172 0.083572 -0.144946
v 0.089895 0.100271 -0.179188
v 0.085701 0.083261 -0.152259
v 0.085400 0.093812 -0.171780
v 0.106284 0.140968 -0.166127
v 0.121013 0.137141 -0.165528
v 0.092304 0.144626 -0.141925
v 0.121013 0.138724 -0.155157
v 0.106284 0.143644 -0.148425
v 0.125294 0.134163 -0.157397
v 0.085861 0.143219 -0.151234
v 0.131303 0.127163 -0.163967
v 0.128541 0.130392 -0.160872
v 0.122034 0.131524 -0.179775
v 0.126070 0.128560 -0.176207
v 0.092270 0.132670 -0.192001
v 0.106260 0.134228 -0.187144
v 0.088619 0.133849 -0.188323
v 0.085682 0.141630 -0.161751
v 0.121013 0.138724 -0.155157
v 0.106284 0.143644 -0.148425
v 0.092304 0.144626 -0.141925
v 0.131303 0.127163 -0.163967
v 0.128541 0.130392 -0.160872
v 0.125294 0.134163 -0.157397
v 0.122034 0.131524 -0.179775
v 0.126070 0.128560 -0.176207
v 0.092270 0.132670 -0.192001
v 0.106260 0.134228 -0.187144
v 0.088619 0.133849 -0.188323
v 0.085861 0.143219 -0.151234
v 0.085682 0.141630 -0.161751
vn 0.4296 0.0208 0.9028
vn -0.8197 -0.0083 0.5728
vn -0.7997 -0.0294 0.5996
vn 0.6025 -0.2199 0.7672
vn 0.5953 -0.2037 0.7772
vn 0.4014 -0.4280 -0.8097
vn 0.3413 -0.3672 -0.8653
vn -0.7266 -0.2059 -0.6554
vn -0.9925 0.0307 -0.1187
vn -0.9999 0.0024 0.0167
vn 0.4231 -0.7944 -0.4359
vn 0.5525 -0.7409 -0.3819
vn 0.5977 -0.7153 -0.3622
vn -0.7507 -0.1999 -0.6297
vn 0.4585 0.8427 -0.2823
vn 0.4869 0.8491 -0.2048
vn 0.6985 0.6937 -0.1757
vn 0.6961 0.6835 -0.2196
vn 0.1287 0.9641 -0.2321
vn 0.0978 0.9478 -0.3035
vn 0.4255 0.8946 -0.1367
vn 0.0914 0.9846 -0.1490
vn 0.6995 0.7062 -0.1097
vn -0.0162 0.9558 -0.2937
vn -0.0067 0.9777 -0.2100
vn -0.0000 0.9888 -0.1495
vt 1.000000 0.000000
vt 1.000000 0.357486
vt 0.938617 0.326805
vt 0.719826 0.159663
vt 0.550659 0.000000
vt 0.000000 0.000000
vt 1.000000 0.449341
vt 0.537175 0.537175
vt 1.000000 1.000000
vt 1.000000 0.400739
vt 0.690290 0.032733
vt 1.000000 0.588879
vt 0.400739 0.400739
vt 1.000000 0.395794
vt 0.418416 0.000000
vt 0.395794 0.395794
vt 0.341137 0.000000
vt 0.388557 0.183991
vt 0.352968 0.000000
vt 0.341137 0.341137
vt 0.922387 0.384021
vt 0.596119 0.000000
vt 1.000000 0.531479
vt 0.467594 0.467594
vt 1.000000 0.337633
vt 0.581584 0.000000
vt 1.000000 0.647032
vt 0.620573 0.285527
vt 0.624838 0.292911
vt 0.612562 0.294111
vt 0.615710 0.287921
vt 0.831808 0.527127
vt 0.832205 0.513563
vt 0.842648 0.513572
vt 0.846445 0.527149
vt 0.826406 0.513563
vt 0.831513 0.513563
vt 0.823091 0.527127
vt 0.616169 0.295784
vt 0.612913 0.294255
vt 0.625000 0.293487
vt 0.625000 0.298594
vt 0.620001 0.297504
vt 0.831808 0.546031
vt 0.831808 0.546082
vt 0.831808 0.527149
vt 0.831808 0.540032
vt 0.817916 0.543430
vt 0.817679 0.540001
vt 0.816789 0.527127
vt 0.818100 0.546098
s 0
usemtl Material.027
f 2951/4059/2163 2976/4060/2163 2971/4061/2163 2972/4062/2163 2973/4063/2163
f 2954/4064/2164 2951/4059/2164 2973/4065/2164 2982/4066/2164
f 2954/4064/2165 2952/4059/2165 2951/4067/2165
f 2975/4068/2166 2951/4067/2166 2952/4064/2166 2974/4069/2166
f 2976/4070/2167 2951/4067/2167 2975/4071/2167
f 2977/4072/2168 2978/4073/2168 2953/4059/2168
f 2977/4074/2169 2953/4064/2169 2979/4075/2169 2980/4076/2169
f 2981/4077/2170 2979/4078/2170 2953/4064/2170
f 2955/4059/2171 2983/4079/2171 2981/4080/2171
f 2955/4064/2172 2954/4059/2172 2982/4081/2172 2983/4082/2172
f 2955/4064/2173 2953/4059/2173 2954/4067/2173
f 2953/4064/2174 2952/4059/2174 2954/4067/2174
f 2974/4083/2175 2952/4067/2175 2953/4064/2175 2978/4084/2175
f 2981/4085/2176 2953/4067/2176 2955/4064/2176
s 1
f 2965/4086/2177 2957/4087/2178 2963/4088/2179 2966/4089/2180
f 2956/4090/2181 2957/4091/2178 2965/4092/2177 2968/4093/2182
f 2959/4094/2183 2957/4095/2178 2956/4090/2181 2960/4096/2184
f 2964/4097/2185 2963/4098/2179 2957/4099/2178 2959/4100/2183 2961/4101/2185
f 2969/4102/2186 2970/4103/2187 2956/4090/2181 2968/4104/2182 2967/4105/2186
f 2962/4106/2188 2958/4107/2188 2960/4108/2184 2956/4108/2181 2970/4109/2187
g Toaster_cell.072_Toaster_cell.071
v -0.091930 0.086351 -0.143608
v -0.110124 0.114154 -0.176031
v -0.088875 0.081392 -0.146231
v -0.090517 0.077689 -0.142090
v -0.135742 0.112403 -0.161658
v -0.131796 0.126685 -0.163893
v -0.135742 0.087136 -0.143673
v -0.121048 0.134851 -0.172544
v -0.121535 0.136635 -0.165449
v -0.122924 0.137359 -0.151672
v -0.131814 0.128753 -0.150273
v -0.135742 0.114624 -0.148037
v -0.135742 0.110492 -0.167615
v -0.132346 0.120108 -0.177854
v -0.121003 0.131921 -0.181805
v -0.121048 0.134851 -0.172544
v -0.121535 0.136635 -0.165449
v -0.131814 0.128753 -0.150273
v -0.135742 0.114624 -0.148037
v -0.135742 0.087136 -0.143673
v -0.135742 0.110492 -0.167615
v -0.132346 0.120108 -0.177854
v -0.121003 0.131921 -0.181805
v -0.122924 0.137359 -0.151672
vn -0.1251 -0.7145 -0.6884
vn -0.1252 -0.7105 -0.6924
vn 0.8716 0.4782 -0.1079
vn 0.8583 0.5128 0.0155
vn 0.8538 0.5205 0.0104
vn 0.8194 0.2260 0.5268
vn 0.0380 0.1785 0.9832
vn 0.0012 0.1592 0.9872
vn -0.0018 0.1568 0.9876
vn -0.1302 -0.7008 -0.7013
vn -0.0057 -0.3122 -0.9500
vn -0.8562 0.4863 -0.1745
vn -0.8554 0.5018 -0.1288
vn -0.7116 0.6796 -0.1783
vn -0.7183 0.6523 -0.2421
vn -0.9844 0.1676 -0.0538
vn -0.9902 0.1357 -0.0330
vn -0.8629 0.4994 -0.0773
vn -0.7003 0.7056 -0.1079
vn -0.9910 0.1319 -0.0211
vn -1.0000 -0.0000 -0.0000
vt 1.000000 0.517745
vt 1.000000 1.000000
vt 0.000000 0.000000
vt 0.662627 0.000000
vt 1.000000 0.000000
vt 0.517745 0.517745
vt 1.000000 0.533606
vt 0.218398 0.000000
vt 1.000000 0.501038
vt 0.533606 0.533606
vt 0.709825 0.517243
vt 0.522898 0.000000
vt 1.000000 0.493685
vt 0.493685 0.493685
vt 1.000000 0.567853
vt 0.720079 0.526706
vt 1.000000 0.526641
vt 0.567853 0.567853
vt 0.948087 0.285608
vt 0.706513 0.000000
vt 1.000000 0.781602
vt 0.732502 0.702866
vt 0.608186 0.962892
vt 0.612335 0.955708
vt 0.624233 0.957022
vt 0.622564 0.961027
vt 0.620209 0.965104
vt 0.597976 0.957541
vt 0.599670 0.954608
vt 0.606503 0.962583
vt 0.612335 0.949006
vt 0.624273 0.950644
vt 0.624387 0.956474
vt 0.599670 0.947900
vt 0.596231 0.956602
vt 0.575650 0.945751
s 0
usemtl Material.027
f 3003/4110/2189 2986/4111/2189 2987/4112/2189
f 3004/4113/2190 2985/4114/2190 2986/4111/2190 3003/4115/2190
f 2999/4116/2191 2986/4111/2191 2985/4112/2191 3006/4117/2191
f 3007/4118/2192 2986/4111/2192 2999/4119/2192 3000/4120/2192
f 3007/4121/2193 2984/4114/2193 2986/4111/2193
f 2984/4112/2194 2987/4114/2194 2986/4111/2194
f 2987/4111/2195 2984/4112/2195 3007/4122/2195
f 2987/4111/2196 3007/4123/2196 3001/4124/2196
f 3002/4125/2197 3003/4126/2197 2987/4111/2197 3001/4127/2197
f 2985/4114/2198 3004/4128/2198 3005/4129/2198
f 3006/4130/2199 2985/4111/2199 3005/4131/2199
s 1
f 2997/4132/2200 2989/4133/2201 2992/4134/2202 2991/4135/2203 2998/4136/2203
f 2994/4140/2206 2993/4141/2207 2992/4142/2202 2989/4133/2201
usemtl Material.020
f 2996/4137/2204 2988/4138/2205 2989/4133/2201 2997/4139/2200
f 2989/4133/2201 2988/4138/2205 2995/4143/2208 2994/4140/2206
f 2995/4143/2208 2988/4138/2205 2996/4144/2204 2990/4145/2209
g Toaster_cell.073_Toaster_cell.072
v 0.013639 0.038070 -0.157441
v 0.013438 -0.028240 -0.233555
v 0.029258 0.061722 -0.176523
v 0.039907 0.037605 -0.157692
v 0.071221 0.063702 -0.214124
v 0.060810 0.040113 -0.178009
v 0.056204 0.031201 -0.164693
v 0.070706 -0.010890 -0.213986
v 0.073515 -0.029034 -0.234533
v 0.066492 -0.032336 -0.238460
v 0.022436 0.106306 -0.230827
v 0.013472 0.103832 -0.232538
v 0.013413 0.073058 -0.253836
v 0.013402 0.028106 -0.253836
v 0.034606 0.105737 -0.231221
v 0.046597 0.100286 -0.234993
v 0.029295 0.108111 -0.229577
v 0.013531 -0.028027 -0.253836
v 0.029857 -0.029488 -0.253836
v 0.067354 -0.032387 -0.253836
v 0.075510 0.086769 -0.244347
v 0.076307 -0.028382 -0.253836
v 0.076397 -0.017909 -0.253836
v 0.076673 0.023636 -0.253836
v 0.076802 0.073058 -0.253836
v 0.013472 0.103832 -0.232538
v 0.022436 0.106306 -0.230827
v 0.013413 0.073058 -0.253836
v 0.013402 0.028106 -0.253836
v 0.034606 0.105737 -0.231221
v 0.046597 0.100286 -0.234993
v 0.029295 0.108111 -0.229577
v 0.013531 -0.028027 -0.253836
v 0.029857 -0.029488 -0.253836
v 0.067354 -0.032387 -0.253836
v 0.076307 -0.028382 -0.253836
v 0.075510 0.086769 -0.244347
v 0.076397 -0.017909 -0.253836
v 0.076673 0.023636 -0.253836
v 0.076802 0.073058 -0.253836
vn 0.0185 0.6204 0.7841
vn -0.3162 0.7134 0.6254
vn -1.0000 0.0002 0.0024
vn -0.0098 -0.7540 0.6569
vn -0.0068 -0.7457 0.6662
vn 0.5021 0.6283 0.5942
vn 0.4814 0.6599 0.5768
vn 0.4753 0.6622 0.5793
vn -0.3031 0.7175 0.6272
vn -1.0000 -0.0023 -0.0046
vn 0.0006 -0.7572 0.6532
vn -0.0891 -0.9960 -0.0108
vn -0.0771 -0.9970 -0.0010
vn 0.0004 -0.7657 0.6432
vn 0.1360 -0.7333 0.6662
vn 0.9511 -0.0322 0.3073
vn 0.9619 -0.0061 0.2733
vn 0.4102 -0.9116 0.0274
vn 0.9897 -0.0085 0.1428
vn 0.9898 -0.0066 0.1425
vn 0.9904 -0.0026 0.1386
vn 0.4921 0.6570 0.5711
vn -0.0000 -0.0000 -1.0000
vn -0.0000 0.2979 -0.9546
vn -0.0000 0.2908 -0.9568
vn -0.0000 0.5691 -0.8223
vt 0.000000 0.000000
vt 1.000000 0.000000
vt 1.000000 1.000000
vt 1.000000 0.485640
vt 0.427858 0.000000
vt 0.485640 0.485640
vt 0.533554 0.161833
vt 0.709803 0.000000
vt 0.451724 0.000000
vt 1.000000 0.497976
vt 0.584322 0.000000
vt 0.497976 0.497976
vt 0.584322 0.584322
vt 1.000000 0.572142
vt 1.000000 0.290197
vt 0.709993 0.000000
vt 1.000000 0.710437
vt 0.709993 0.709993
vt 0.710437 0.710437
vt 0.763940 0.000000
vt 0.235597 0.000000
vt 1.000000 0.721022
vt 0.721022 0.721022
vt 0.555932 0.000000
vt 0.555932 0.555932
vt 0.556784 0.000000
vt 1.000000 0.662786
vt 0.556784 0.556784
vt 0.868035 0.556874
vt 0.337213 0.000000
vt 1.000000 0.548276
vt 0.564782 0.137341
vt 0.564782 0.137351
vt 0.383926 0.195724
vt 0.383926 0.195605
vt 0.383926 0.195351
vt 0.383926 0.195268
vt 0.383926 0.187023
vt 0.564782 0.152494
vt 0.564782 0.137460
vt 0.606308 0.195819
vt 0.606320 0.137350
vt 0.606320 0.137405
vt 0.606320 0.145659
vt 0.606320 0.151975
vt 0.606320 0.156865
vt 0.606320 0.167907
vt 0.606309 0.194620
s 0
usemtl Material.027
f 3011/4146/2210 3010/4147/2210 3008/4148/2210
f 3033/4149/2211 3008/4148/2211 3010/4146/2211 3034/4150/2211
f 3008/4148/2212 3033/4151/2212 3035/4152/2212 3036/4153/2212 3009/4147/2212
f 3009/4146/2213 3014/4147/2213 3008/4148/2213
f 3014/4146/2214 3011/4147/2214 3008/4148/2214
f 3014/4146/2215 3013/4147/2215 3011/4148/2215
f 3011/4148/2216 3013/4146/2216 3038/4154/2216 3037/4155/2216
f 3039/4156/2217 3010/4147/2217 3011/4148/2217 3037/4157/2217
f 3010/4148/2218 3039/4158/2218 3034/4159/2218
f 3009/4147/2219 3036/4160/2219 3040/4161/2219
f 3016/4146/2220 3014/4147/2220 3009/4148/2220
f 3041/4162/2221 3009/4148/2221 3040/4163/2221
f 3041/4164/2222 3042/4165/2222 3017/4147/2222 3009/4148/2222
f 3017/4146/2223 3016/4147/2223 3009/4148/2223
f 3016/4146/2224 3015/4147/2224 3014/4148/2224
f 3015/4146/2225 3013/4147/2225 3014/4148/2225
f 3015/4146/2226 3012/4147/2226 3013/4148/2226
f 3016/4148/2227 3017/4146/2227 3042/4166/2227 3043/4167/2227
f 3015/4147/2228 3016/4148/2228 3043/4168/2228 3045/4169/2228
f 3012/4147/2229 3015/4148/2229 3045/4170/2229 3046/4171/2229
f 3044/4172/2230 3012/4148/2230 3046/4173/2230 3047/4174/2230
f 3044/4175/2231 3038/4176/2231 3013/4148/2231 3012/4146/2231
s 1
f 3021/4177/2232 3020/4178/2233 3032/4179/2234 3031/4180/2232 3030/4181/2232 3029/4182/2232 3027/4183/2232 3026/4184/2232 3025/4185/2232
f 3032/4186/2234 3020/4187/2233 3019/4188/2235 3018/4189/2235 3024/4190/2235 3022/4191/2235 3023/4192/2235 3028/4193/2235
g Toaster_cell.074_Toaster_cell.073
v 0.017226 0.043614 -0.033939
v 0.017869 0.094873 -0.004934
v -0.035307 0.038440 -0.152299
v -0.002643 0.039767 -0.147354
v -0.020959 0.035879 -0.150796
v 0.016351 0.043572 -0.004341
v -0.000278 0.040792 -0.001891
v -0.021099 0.140587 -0.135628
v -0.018614 0.144538 -0.138085
v -0.021099 0.140587 -0.001100
v -0.021099 0.118559 -0.001252
v -0.000111 0.144835 -0.001172
v -0.016129 0.144835 -0.001094
v 0.005437 0.144835 -0.001996
v 0.012340 0.144835 -0.003124
v -0.021099 0.036371 -0.002103
v 0.012632 0.144835 -0.012997
v -0.008515 0.144835 -0.133206
v -0.041395 0.143328 -0.150517
v -0.026399 0.139109 -0.171923
v -0.030492 0.140968 -0.166127
v -0.009820 0.144835 -0.140542
v -0.014678 0.139673 -0.170166
v -0.040966 0.140587 -0.135628
v -0.041303 0.144835 -0.140542
v -0.033752 0.038206 -0.135628
v -0.021099 0.035943 -0.135628
v -0.021099 0.036060 -0.090718
v -0.021028 0.138845 -0.172747
v -0.021099 0.140587 -0.001100
v -0.021099 0.118559 -0.001252
v -0.000111 0.144835 -0.001172
v -0.016129 0.144835 -0.001094
v 0.005437 0.144835 -0.001996
v 0.012340 0.144835 -0.003124
v -0.021099 0.036371 -0.002103
v 0.012632 0.144835 -0.012997
v -0.008515 0.144835 -0.133206
v -0.026399 0.139109 -0.171923
v -0.030492 0.140968 -0.166127
v -0.041395 0.143328 -0.150517
v -0.009820 0.144835 -0.140542
v -0.041303 0.144835 -0.140542
v -0.021099 0.035943 -0.135628
v -0.021099 0.036060 -0.090718
v -0.033752 0.038206 -0.135628
v -0.014678 0.139673 -0.170166
v -0.040966 0.140587 -0.135628
v -0.021028 0.138845 -0.172747
vn 0.1469 -0.0071 0.9891
vn 0.1612 -0.0055 0.9869
vn -0.0080 -0.0104 0.9999
vn 0.1973 -0.9424 0.2702
vn 0.3225 0.0014 0.9466
vn 0.1891 -0.9820 0.0042
vn 0.9991 -0.0292 0.0295
vn 0.9892 0.0843 -0.1201
vn 0.9817 0.0803 -0.1727
vn -0.8219 -0.0381 -0.5683
vn 0.9815 0.0784 -0.1746
vn -0.9964 -0.0643 0.0560
vn -0.1760 -0.9844 0.0026
vn 0.1885 -0.9821 0.0034
vn 0.2082 -0.9781 -0.0033
vn 0.0050 -0.2002 -0.9797
vn 0.2673 -0.1924 -0.9442
vn 0.0091 0.9833 -0.1819
vn 0.0081 0.9807 -0.1955
vn -0.0000 0.9522 -0.3054
vn -0.0076 1.0000 -0.0003
vn 0.0027 0.9970 -0.0774
vn -0.1554 0.9838 0.0896
vn -0.3467 0.9380 0.0052
vn 0.0048 -0.0069 1.0000
vn -0.7474 -0.0000 0.6643
vn -0.6401 0.4219 0.6421
vn -0.0304 0.4126 0.9104
vn -0.0000 -0.0000 1.0000
vn 0.0117 0.9894 -0.1449
vn -0.0239 0.9693 0.2446
vn -0.9091 0.4165 0.0055
vn -1.0000 -0.0000 -0.0000
vt 0.672334 0.672334
vt 0.000000 0.000000
vt 1.000000 0.000000
vt 1.000000 0.666340
vt 0.666340 0.666340
vt 0.666519 0.000000
vt 1.000000 0.503947
vt 0.356432 0.000000
vt 0.005455 0.000000
vt 1.000000 1.000000
vt 1.000000 0.333481
vt 0.005332 0.000000
vt 1.000000 0.666426
vt 0.496509 0.496509
vt 0.666302 0.000000
vt 0.666426 0.666426
vt 0.640840 0.640840
vt 0.668843 0.000000
vt 0.652991 0.467693
vt 0.666302 0.666302
vt 0.962069 0.648778
vt 0.730488 0.667887
vt 0.331157 0.000000
vt 1.000000 0.111033
vt 0.323785 0.082672
vt 0.321820 0.066274
vt 1.000000 0.404048
vt 0.992745 0.102084
vt 0.110997 0.110997
vt 1.000000 0.994668
vt 0.404048 0.404048
vt 0.306411 0.306411
vt 0.300480 0.000000
vt 0.699520 0.000000
vt 1.000000 0.305896
vt 0.831808 0.653079
vt 0.831808 0.639204
vt 0.831808 0.644364
vt 0.831808 0.649310
vt 0.680791 0.625102
vt 0.819209 0.619994
vt 0.819209 0.611991
vt 0.819209 0.613368
vt 0.819209 0.632841
vt 0.819209 0.634043
vt 0.819209 0.639853
vt 0.495199 0.141494
vt 0.496053 0.000000
vt 1.000000 0.672334
vt 0.614593 0.288008
vt 0.816789 0.644429
vt 0.816789 0.662724
vt 0.816789 0.656081
vt 0.831808 0.637950
vt 0.831808 0.653079
vt 0.831808 0.663119
vt 0.831808 0.663034
vt 0.831808 0.639853
vt 0.831808 0.634043
vt 0.750534 0.642141
vt 0.818048 0.642141
vt 0.816951 0.644122
vt 0.816951 0.662879
vt 0.818048 0.662977
vt 0.819209 0.639853
vt 0.818048 0.663034
vt 0.750539 0.639853
vt 0.750534 0.642141
vt 0.751014 0.644429
vt 0.750617 0.644429
vt 0.750542 0.644429
vt 0.794674 0.644429
s 0
usemtl Material.027
f 3079/4194/2236 3054/4195/2236 3053/4196/2236 3081/4197/2236
f 3081/4198/2237 3053/4195/2237 3082/4199/2237
f 3078/4200/2238 3083/4201/2238 3054/4196/2238
f 3083/4202/2239 3053/4196/2239 3054/4203/2239
f 3053/4203/2240 3049/4195/2240 3082/4204/2240
f 3083/4205/2241 3048/4196/2241 3053/4203/2241
f 3048/4195/2242 3049/4196/2242 3053/4203/2242
f 3049/4195/2243 3048/4196/2243 3084/4206/2243 3082/4207/2243
f 3048/4195/2244 3085/4208/2244 3084/4209/2244
f 3086/4210/2245 3050/4195/2245 3088/4211/2245 3087/4212/2245
f 3085/4213/2246 3048/4195/2246 3051/4196/2246 3094/4214/2246 3089/4215/2246
f 3088/4216/2247 3050/4196/2247 3093/4217/2247 3071/4218/2247 3090/4219/2247
f 3050/4195/2248 3052/4196/2248 3092/4220/2248 3091/4221/2248 3093/4222/2248
f 3052/4195/2249 3048/4196/2249 3083/4223/2249 3092/4224/2249
f 3052/4195/2250 3051/4196/2250 3048/4203/2250
f 3052/4196/2251 3050/4203/2251 3086/4225/2251 3096/4226/2251
f 3051/4203/2252 3052/4195/2252 3096/4227/2252 3094/4228/2252
s 1
f 3068/4229/2253 3070/4230/2254 3076/4231/2255 3067/4232/2255
f 3059/4233/2256 3061/4234/2256 3062/4235/2256 3064/4236/2256 3065/4237/2256 3069/4238/2257 3056/4239/2258 3080/4239/2259
s 0
f 3077/4240/2260 3078/4241/2260 3054/4196/2260 3079/4242/2260 3060/4243/2260
s 1
f 3070/4247/2254 3068/4248/2253 3066/4249/2265 3072/4250/2266 3056/4251/2258 3069/4252/2257
f 3095/4257/2263 3056/4258/2258 3072/4259/2266
f 3080/4260/2259 3056/4254/2258 3057/4261/2267
usemtl Material.020
f 3074/4244/2261 3055/4244/2262 3095/4245/2263 3073/4246/2264
f 3057/4253/2267 3056/4254/2258 3055/4255/2262
f 3095/4256/2263 3055/4255/2262 3056/4254/2258
f 3063/4262/2268 3058/4263/2268 3057/4264/2267 3055/4244/2262 3074/4244/2261 3075/4265/2268
g Toaster_cell.076_Toaster_cell.074
v 0.043022 0.039191 -0.151419
v 0.084134 0.080560 -0.150495
v 0.063689 0.040104 -0.150844
v 0.060627 0.035108 -0.151281
v 0.092448 0.101528 -0.139271
v 0.088964 0.081026 -0.143401
v 0.091254 0.111965 -0.000440
v 0.081835 0.030677 -0.118430
v 0.080360 0.031598 0.000474
v 0.064677 0.034310 -0.146999
v 0.063296 0.140587 -0.135628
v 0.065781 0.144538 -0.138085
v 0.063296 0.034370 -0.048224
v 0.063296 0.034638 0.000223
v 0.086486 0.145191 -0.000631
v 0.063296 0.103410 -0.000211
v 0.063296 0.140587 -0.000571
v 0.068265 0.144835 -0.000616
v 0.063296 0.034486 -0.122063
v 0.036768 0.039958 -0.135628
v 0.063296 0.034521 -0.135628
v 0.091342 0.145286 -0.137559
v 0.090957 0.145279 -0.075313
v 0.087441 0.144092 -0.145462
v 0.031607 0.041154 -0.135628
v 0.032017 0.108352 -0.135628
v 0.034217 0.140587 -0.135628
v 0.034788 0.144667 -0.139151
v 0.031840 0.090417 -0.135628
v 0.042611 0.143380 -0.150169
v 0.061246 0.143409 -0.149976
v 0.084001 0.143458 -0.149655
v 0.063296 0.034370 -0.048224
v 0.063296 0.034638 0.000223
v 0.063296 0.103410 -0.000211
v 0.063296 0.140587 -0.000571
v 0.086486 0.145191 -0.000631
v 0.068265 0.144835 -0.000616
v 0.063296 0.034486 -0.122063
v 0.036768 0.039958 -0.135628
v 0.063296 0.034521 -0.135628
v 0.091342 0.145286 -0.137559
v 0.090957 0.145279 -0.075313
v 0.031607 0.041154 -0.135628
v 0.032017 0.108352 -0.135628
v 0.034217 0.140587 -0.135628
v 0.031840 0.090417 -0.135628
v 0.042611 0.143380 -0.150169
v 0.061246 0.143409 -0.149976
v 0.084001 0.143458 -0.149655
v 0.087441 0.144092 -0.145462
v 0.034788 0.144667 -0.139151
vn -0.1755 -0.9845 0.0054
vn 0.9894 -0.1443 0.0134
vn 0.9908 -0.1341 0.0186
vn 0.0202 0.0086 0.9998
vn -0.0136 0.0063 0.9999
vn -0.2010 -0.9796 -0.0015
vn -0.2008 -0.9796 -0.0025
vn -0.1690 -0.9853 -0.0238
vn 0.7767 -0.3655 -0.5129
vn 0.7813 -0.3626 -0.5081
vn 0.9864 -0.1596 -0.0401
vn 0.9997 0.0250 0.0062
vn 0.9978 0.0617 0.0235
vn 0.8271 -0.0275 -0.5613
vn 0.8332 0.0177 -0.5526
vn -0.2254 -0.9734 -0.0420
vn -0.9943 0.0679 -0.0825
vn -0.8250 0.0081 -0.5651
vn -0.8112 0.0044 -0.5848
vn -0.0048 0.9939 -0.1102
vn -0.0183 0.8759 0.4822
vn -0.1651 0.9814 0.0976
vn -0.0168 0.9988 -0.0456
vn 0.5678 -0.2803 -0.7739
vn 0.6509 -0.3396 -0.6790
vn 0.6655 -0.3306 -0.6692
vn 0.0141 0.0134 -0.9998
vn 0.7724 0.0101 -0.6351
vn 0.0006 0.0097 1.0000
vn -0.0000 -0.0000 1.0000
vn -0.7545 -0.0000 0.6563
vn -0.6401 0.4219 0.6421
vn -0.0105 0.3231 0.9463
vn -0.9106 0.4133 0.0054
vn -1.0000 -0.0000 -0.0000
vn -0.3553 0.9347 0.0048
vn -0.0250 0.9997 -0.0009
vn 0.0104 0.0120 -0.9999
vt 0.407373 0.000000
vt 1.000000 0.000000
vt 1.000000 1.000000
vt 0.427526 0.427526
vt 0.000000 0.000000
vt 1.000000 0.309168
vt 0.563180 0.563180
vt 1.000000 0.427526
vt 0.662225 0.000000
vt 1.000000 0.592627
vt 0.291552 0.000000
vt 0.662225 0.662225
vt 0.844890 0.372156
vt 0.553160 0.533888
vt 1.000000 0.537026
vt 0.603822 0.000000
vt 0.537026 0.537026
vt 1.000000 0.538095
vt 0.553313 0.000000
vt 1.000000 0.708448
vt 0.710251 0.710251
vt 1.000000 0.567356
vt 0.988980 0.320691
vt 1.000000 0.330728
vt 0.567356 0.567356
vt 1.000000 0.330636
vt 1.000000 0.683634
vt 1.000000 0.710251
vt 0.683634 0.683634
vt 0.330636 0.330636
vt 0.331905 0.000000
vt 0.831808 0.585761
vt 0.831808 0.592087
vt 0.819209 0.562137
vt 0.817739 0.540862
vt 0.817989 0.544479
vt 0.818207 0.547646
vt 0.831808 0.568601
vt 0.451481 0.451481
vt 1.000000 0.452443
vt 0.452443 0.452443
vt 1.000000 0.446687
vt 0.815723 0.337075
vt 1.000000 0.563180
vt 0.309168 0.309168
vt 0.691005 0.311256
vt 0.816789 0.595680
vt 0.816789 0.595895
vt 0.816789 0.591141
vt 0.816789 0.566713
vt 0.816789 0.593491
vt 0.816789 0.595517
vt 0.750281 0.566713
vt 0.810109 0.566713
vt 0.773748 0.566713
vt 0.749890 0.566713
vt 0.750104 0.566713
vt 0.750303 0.562137
vt 0.818048 0.564425
vt 0.750301 0.564425
vt 0.816951 0.566407
vt 0.816951 0.593181
vt 0.818048 0.592965
vt 0.818048 0.593055
vt 0.819209 0.562137
vt 0.750301 0.564425
vt 0.787087 0.541241
vt 0.817740 0.540887
vt 0.819209 0.562137
vt 0.750350 0.541707
vt 1.000000 0.451481
vt 0.668095 0.000000
s 0
usemtl Material.027
f 3129/4266/2269 3104/4267/2269 3105/4268/2269 3130/4269/2269
f 3104/4270/2270 3101/4267/2270 3105/4268/2270
f 3101/4270/2271 3103/4267/2271 3105/4268/2271
f 3133/4271/2272 3105/4268/2272 3103/4270/2272
f 3105/4268/2273 3131/4272/2273 3130/4273/2273
f 3135/4274/2274 3104/4267/2274 3129/4275/2274
f 3136/4276/2275 3100/4267/2275 3104/4268/2275 3135/4277/2275 3137/4278/2275
f 3106/4267/2276 3104/4268/2276 3100/4270/2276
f 3106/4270/2277 3098/4267/2277 3104/4268/2277
f 3098/4270/2278 3102/4267/2278 3104/4268/2278
f 3102/4270/2279 3101/4267/2279 3104/4268/2279
f 3138/4279/2280 3139/4280/2280 3101/4268/2280
f 3133/4281/2281 3103/4267/2281 3101/4268/2281 3139/4282/2281
f 3102/4270/2282 3098/4267/2282 3101/4268/2282
f 3138/4283/2283 3101/4268/2283 3098/4270/2283 3147/4284/2283
f 3136/4285/2284 3140/4286/2284 3097/4270/2284 3100/4267/2284
f 3141/4287/2285 3142/4288/2285 3148/4289/2285
f 3141/4290/2286 3148/4291/2286 3143/4292/2286
f 3097/4267/2287 3140/4293/2287 3143/4294/2287 3148/4295/2287 3144/4296/2287
s 1
f 3126/4297/2288 3124/4298/2289 3108/4299/2290 3118/4300/2291 3120/4301/2288 3128/4302/2288 3145/4303/2288
s 0
f 3098/4270/2292 3099/4267/2292 3100/4268/2292
f 3099/4270/2293 3106/4267/2293 3100/4268/2293
f 3099/4270/2294 3098/4267/2294 3106/4268/2294
f 3098/4268/2295 3127/4304/2295 3146/4305/2295
f 3098/4268/2296 3146/4306/2296 3147/4307/2296
f 3132/4308/2297 3131/4309/2297 3105/4268/2297 3133/4310/2297 3134/4311/2297
s 1
f 3114/4323/2304 3108/4324/2290 3113/4325/2302
f 3124/4328/2289 3123/4329/2301 3108/4330/2290
f 3119/4332/2305 3118/4333/2291 3108/4334/2290 3114/4323/2304 3111/4335/2305
s 0
f 3127/4336/2306 3098/4267/2306 3100/4268/2306 3097/4270/2306 3144/4337/2306
s 1
usemtl Material.020
f 3125/4312/2298 3121/4313/2298 3116/4314/2298 3117/4315/2299 3107/4315/2300 3123/4316/2301 3122/4317/2298
f 3113/4318/2302 3107/4315/2300 3117/4315/2299 3115/4319/2303 3109/4320/2303 3110/4321/2303 3112/4322/2303
f 3107/4326/2300 3108/4324/2290 3123/4327/2301
f 3113/4331/2302 3108/4324/2290 3107/4326/2300
g Toaster_cell.077_Toaster_cell.075
v 0.010940 0.054364 0.159199
v 0.010942 0.110480 0.179280
v -0.008157 0.057021 0.160598
v -0.008015 0.087219 0.170573
v 0.000359 0.054626 0.157453
v 0.003574 0.107310 0.230648
v 0.000361 0.133507 0.189392
v -0.007986 0.133013 0.190930
v -0.008147 0.093081 0.240475
v -0.008098 0.107310 0.230648
v -0.008014 0.128384 0.205366
v 0.011421 0.107310 0.230648
v 0.011394 0.128384 0.205366
v 0.011350 0.133257 0.190170
v -0.001006 0.092248 0.241050
v 0.004145 0.092191 0.241090
v 0.011331 0.092148 0.240912
v 0.000361 0.133507 0.189392
v -0.007986 0.133013 0.190930
v -0.008014 0.128384 0.205366
v -0.008147 0.093081 0.240475
v -0.008098 0.107310 0.230648
v 0.011421 0.107310 0.230648
v 0.011394 0.128384 0.205366
v 0.011350 0.133257 0.190170
v 0.011331 0.092148 0.240912
v 0.004145 0.092191 0.241090
v -0.001006 0.092248 0.241050
vn -0.1889 0.3990 -0.8973
vn -0.9992 0.0165 -0.0357
vn -1.0000 0.0027 -0.0011
vn 1.0000 -0.0045 -0.0034
vn 0.9877 0.0526 -0.1470
vn -0.0141 0.3966 -0.9179
vn -0.0245 0.3679 -0.9295
vn -0.2535 0.3045 -0.9182
vn -0.1049 -0.9075 0.4067
vn -0.1382 -0.9027 0.4075
vn -0.0027 -0.9079 0.4192
vn 0.1616 0.3325 -0.9292
vn -0.0898 -0.9088 0.4075
vn 0.0058 0.5664 0.8241
vn 0.0028 0.6736 0.7391
vn -0.0000 0.6742 0.7385
vn -0.0000 0.5683 0.8228
vn -0.0000 0.8762 0.4820
vn -0.0000 0.8762 0.4819
vn -0.0000 0.9522 0.3054
vn 0.0057 0.6729 0.7397
vn 0.0113 0.5645 0.8253
vt 0.574656 0.000000
vt 1.000000 0.000000
vt 1.000000 0.423849
vt 0.000000 0.000000
vt 0.423849 0.423849
vt 0.546531 0.546531
vt 0.940099 0.000000
vt 0.881230 0.163742
vt 0.682521 0.448741
vt 0.309321 0.171676
vt 0.088255 0.000000
vt 1.000000 0.556846
vt 0.766751 0.454220
vt 0.556846 0.556846
vt 1.000000 0.425344
vt 0.270931 0.270931
vt 1.000000 1.000000
vt 1.000000 0.094767
vt 0.094767 0.094767
vt 1.000000 0.059901
vt 0.092191 0.000000
vt 0.993874 0.905580
vt 0.423458 0.333343
vt 0.090994 0.000000
vt 0.566014 0.621183
vt 0.609462 0.621709
vt 0.609462 0.632457
vt 0.578699 0.632386
vt 0.609462 0.625026
vt 0.668192 0.632380
vt 0.668192 0.614507
vt 0.668192 0.614741
vt 0.640865 0.624668
vt 0.668192 0.632354
vt 0.609462 0.614482
vt 0.609462 0.614507
vt 0.609462 0.632380
vt 0.718597 0.613258
vt 0.589645 0.621183
s 0
usemtl Material.027
f 3166/4338/2307 3152/4339/2307 3167/4340/2307
f 3152/4341/2308 3151/4339/2308 3167/4342/2308
f 3167/4343/2309 3151/4341/2309 3169/4344/2309 3170/4345/2309 3168/4346/2309
f 3171/4347/2310 3174/4348/2310 3149/4339/2310 3173/4349/2310 3172/4350/2310
f 3149/4341/2311 3150/4339/2311 3173/4351/2311
f 3166/4352/2312 3173/4353/2312 3150/4341/2312 3152/4339/2312
f 3150/4341/2313 3153/4339/2313 3152/4354/2313
f 3153/4341/2314 3151/4339/2314 3152/4354/2314
f 3151/4354/2315 3153/4341/2315 3176/4355/2315
f 3151/4354/2316 3176/4356/2316 3169/4357/2316
f 3176/4358/2317 3149/4339/2317 3174/4359/2317 3175/4360/2317
f 3153/4341/2318 3150/4339/2318 3149/4354/2318
f 3149/4354/2319 3176/4361/2319 3153/4339/2319
s 1
f 3164/4362/2320 3154/4363/2321 3158/4364/2322 3157/4365/2323 3163/4366/2323
f 3159/4367/2324 3161/4368/2325 3162/4369/2326 3155/4370/2326 3156/4371/2326
f 3158/4364/2322 3154/4363/2321 3160/4372/2327 3161/4373/2325 3159/4374/2324
f 3165/4375/2328 3160/4372/2327 3154/4363/2321 3164/4376/2320
g Toaster_cell.078_Toaster_cell.076
v 0.001459 -0.122464 -0.226576
v 0.001220 -0.140716 -0.229043
v 0.026378 -0.138020 -0.250028
v 0.020936 -0.135529 -0.251360
v 0.001350 -0.138020 -0.250028
v 0.026378 -0.138020 -0.250028
v 0.001220 -0.140716 -0.229043
v 0.020936 -0.135529 -0.251360
v 0.001350 -0.138020 -0.250028
vn 0.6436 -0.1108 0.7573
vn 0.4380 0.8902 -0.1250
vn -0.1421 0.8252 -0.5467
vn -0.9999 0.0137 -0.0045
vn -0.0000 -0.9805 -0.1966
vn -0.0000 -0.8740 -0.4860
vn -0.0000 -0.9918 -0.1274
vn -0.0000 -0.4717 -0.8817
vt 0.732013 0.732013
vt 1.000000 0.551336
vt 1.000000 1.000000
vt 1.000000 0.679767
vt 0.551336 0.551336
vt 1.000000 0.678712
vt 0.679767 0.679767
vt 0.700354 0.653462
vt 1.000000 0.732014
vt 0.125000 0.623756
vt 0.158783 0.595267
vt 0.125000 0.623877
vt 0.383926 0.126278
vt 0.375000 0.144280
vt 0.375000 0.149290
s 0
usemtl Material.027
f 3183/4377/2329 3182/4378/2329 3177/4379/2329
f 3184/4380/2330 3177/4379/2330 3182/4381/2330
f 3185/4382/2331 3177/4379/2331 3184/4383/2331
f 3177/4379/2332 3185/4384/2332 3183/4385/2332
s 1
usemtl Material.020
f 3181/4386/2333 3179/4387/2334 3178/4388/2335
f 3181/4389/2333 3180/4390/2336 3179/4391/2334
g Toaster_cell.079_Toaster_cell.077
v 0.101383 0.110508 0.173296
v 0.086561 0.107735 0.163808
v 0.105366 0.113228 0.175731
v 0.106284 0.140968 0.166127
v 0.131796 0.126685 0.163893
v 0.121013 0.137141 0.165528
v 0.121013 0.141751 0.135329
v 0.131796 0.131295 0.134511
v 0.129546 0.133476 0.074102
v 0.118756 0.142337 0.105548
v 0.121013 0.141751 0.099709
v 0.133126 0.119173 0.171550
v 0.131796 0.131295 0.091913
v 0.133472 0.120617 0.162943
v 0.133492 0.125154 0.134031
v 0.093357 0.140688 0.166999
v 0.102453 0.138778 0.172954
v 0.106284 0.145226 0.137956
v 0.132526 0.119606 0.177286
v 0.121003 0.131932 0.181770
v 0.118756 0.142337 0.105548
v 0.121013 0.141751 0.099709
v 0.129546 0.133476 0.074102
v 0.133126 0.119173 0.171550
v 0.133472 0.120617 0.162943
v 0.131796 0.131295 0.091913
v 0.133492 0.125154 0.134031
v 0.093357 0.140688 0.166999
v 0.102453 0.138778 0.172954
v 0.132526 0.119606 0.177286
v 0.106284 0.145226 0.137956
v 0.121003 0.131932 0.181770
vn -0.9032 0.2161 -0.3708
vn 0.2592 -0.9542 -0.1496
vn 0.2610 -0.9645 -0.0408
vn -0.5430 0.0307 0.8392
vn -0.9032 0.2218 -0.3674
vn 0.0219 -0.3237 0.9459
vn 0.1450 -0.7692 0.6223
vn -0.5364 0.0305 0.8434
vn -0.4130 0.0517 0.9093
vn 0.5385 0.7894 0.2947
vn 0.4868 0.8459 0.2178
vn 0.1310 0.9632 0.2346
vn 0.1120 0.9407 0.3203
vn 0.8135 0.5440 0.2057
vn 0.8548 0.5019 0.1322
vn 0.9638 0.2537 0.0815
vn 0.9643 0.2577 0.0614
vn -0.0070 0.9777 0.2097
vn 0.2332 0.9724 0.0015
vn 0.2131 0.9719 0.0997
vn 0.4822 0.8738 0.0631
vn 0.6490 0.7608 0.0002
vn 0.6961 0.7179 -0.0000
vn 0.8557 0.5160 0.0398
vn 0.7136 0.7006 -0.0000
vn 0.9643 0.2639 0.0217
vt 0.654184 0.564610
vt 1.000000 0.391582
vt 1.000000 1.000000
vt 0.604117 0.604117
vt 1.000000 0.531992
vt 0.391582 0.391582
vt 0.501119 0.400733
vt 0.763927 0.459868
vt 0.945573 0.512730
vt 0.627628 0.000000
vt 1.000000 0.000000
vt 0.531992 0.531992
vt 1.000000 0.622998
vt 0.000000 0.000000
vt 0.334026 0.000000
vt 1.000000 0.604117
vt 0.625577 0.619796
vt 0.774546 0.569959
vt 0.958023 0.285584
vt 0.788913 0.000000
vt 0.336602 0.336602
vt 1.000000 0.665974
vt 0.305171 0.305171
vt 0.239523 0.000000
vt 0.656484 0.513572
vt 0.667795 0.513563
vt 0.668192 0.527127
vt 0.661753 0.527137
vt 0.608273 0.462741
vt 0.612335 0.455708
vt 0.624838 0.457089
vt 0.618675 0.464828
vt 0.605145 0.461632
vt 0.605674 0.459479
vt 0.606954 0.455240
vt 0.661752 0.527137
vt 0.668192 0.539031
vt 0.698024 0.515642
vt 0.683221 0.526225
vt 0.683358 0.513563
vt 0.700899 0.513563
vt 0.614977 0.411491
vt 0.625000 0.424101
vt 0.625000 0.441642
vt 0.612335 0.441239
vt 0.612335 0.420262
vt 0.606890 0.441003
vt 0.625000 0.456513
vt 0.682064 0.527127
vt 0.668487 0.513563
vt 0.606890 0.441003
vt 0.606954 0.455240
vt 0.668192 0.538641
s 0
usemtl Material.027
f 3207/4392/2337 3208/4393/2337 3187/4394/2337 3206/4395/2337
f 3209/4396/2338 3187/4394/2338 3208/4397/2338 3211/4398/2338 3212/4399/2338 3210/4400/2338
f 3215/4401/2339 3186/4402/2339 3187/4394/2339 3209/4403/2339
f 3213/4404/2340 3187/4394/2340 3186/4405/2340 3214/4406/2340
f 3206/4407/2341 3187/4394/2341 3213/4408/2341 3203/4409/2341
f 3215/4410/2342 3205/4411/2342 3188/4402/2342
f 3215/4412/2343 3188/4405/2343 3186/4402/2343
f 3214/4413/2344 3186/4394/2344 3188/4405/2344
f 3214/4414/2345 3188/4405/2345 3205/4415/2345
s 1
f 3217/4416/2346 3191/4417/2347 3189/4418/2348 3202/4419/2349
f 3204/4420/2350 3190/4421/2351 3191/4422/2347 3217/4423/2346
f 3202/4427/2349 3189/4418/2348 3201/4428/2354
f 3195/4429/2355 3216/4430/2356 3192/4431/2357 3196/4432/2358
f 3194/4433/2359 3196/4434/2358 3192/4435/2357 3193/4436/2360 3198/4437/2361
f 3190/4421/2351 3193/4436/2360 3192/4435/2357 3191/4439/2347
f 3216/4440/2356 3189/4418/2348 3191/4441/2347 3192/4431/2357
f 3201/4444/2354 3189/4418/2348 3216/4418/2356
usemtl Material.020
f 3204/4424/2350 3197/4425/2352 3199/4426/2353 3190/4421/2351
f 3193/4436/2360 3200/4438/2362 3198/4437/2361
f 3200/4442/2362 3193/4436/2360 3190/4421/2351 3199/4443/2353
g Toaster_cell.080_Toaster_cell.078
v 0.021099 0.073058 0.253836
v 0.003574 0.071805 0.252583
v 0.017162 -0.023668 0.253764
v 0.003923 0.039516 0.253358
v 0.004827 0.034162 0.253600
v 0.003574 0.053574 0.250708
v 0.003574 0.044783 0.252583
v -0.000157 0.078480 0.250559
v 0.031551 -0.022110 0.253836
v 0.031732 0.073058 0.253836
v 0.031816 0.078233 0.250332
v 0.018411 0.078311 0.250280
v 0.003923 0.039516 0.253358
v 0.003574 0.044783 0.252583
v 0.003574 0.053574 0.250708
v 0.031551 -0.022110 0.253836
v 0.031732 0.073058 0.253836
v 0.031816 0.078233 0.250332
v 0.017162 -0.023668 0.253764
v 0.004827 0.034162 0.253600
v 0.003574 0.071805 0.252583
v -0.000157 0.078480 0.250559
v 0.018411 0.078311 0.250280
vn -0.6941 -0.1499 -0.7041
vn 0.6457 0.1013 0.7569
vn 0.0082 -0.0300 -0.9995
vn 0.9998 -0.0019 0.0211
vn -0.0074 -0.0364 -0.9993
vn -0.0233 0.4658 0.8846
vn -0.0161 0.2665 0.9637
vn -0.0015 0.2945 0.9557
vn -0.0000 0.5606 0.8281
vn -0.0716 0.2322 0.9700
vn -0.0369 0.4071 0.9126
vn -0.0073 0.0009 1.0000
vn -0.0028 -0.0003 1.0000
vn -0.0372 0.0083 0.9993
vn -0.1693 0.0218 0.9853
vn -0.9227 -0.0000 0.3856
vn -1.0000 -0.0000 -0.0000
vn -0.6822 -0.1476 -0.7161
vt 0.420620 0.169641
vt 1.000000 0.184427
vt 1.000000 1.000000
vt 0.180710 0.180710
vt 0.086545 0.000000
vt 1.000000 0.131599
vt 0.184427 0.184427
vt 0.132718 0.000000
vt 1.000000 0.000000
vt 0.000000 0.000000
vt 0.949236 0.000000
vt 0.966206 0.065797
vt 0.419698 0.335173
vt 0.050764 0.000000
vt 0.980704 0.849752
vt 0.609462 0.605571
vt 0.609462 0.595779
vt 0.609462 0.595702
vt 0.566014 0.620555
vt 0.564782 0.605571
vt 0.553535 0.608220
vt 0.572304 0.620722
vt 0.564782 0.595945
vt 0.564782 0.595779
vt 0.479153 0.605571
vt 0.565762 0.620555
vt 0.530292 0.620555
vt 0.564701 0.621709
vt 0.533498 0.621335
vt 0.563671 0.621709
vt 0.539710 0.621709
vt 0.534805 0.621709
vt 0.547505 0.621709
vt 1.000000 0.180710
vt 0.812649 0.812649
vt 0.971580 0.221807
s 0
usemtl Material.027
f 3231/4445/2363 3232/4446/2363 3236/4447/2363 3230/4448/2363
f 3219/4449/2364 3239/4450/2364 3236/4447/2364 3232/4451/2364
f 3239/4452/2365 3233/4453/2365 3236/4447/2365
f 3233/4454/2366 3235/4455/2366 3234/4456/2366
f 3240/4457/2367 3235/4458/2367 3233/4453/2367 3239/4459/2367
s 1
f 3229/4460/2368 3218/4460/2369 3227/4461/2370 3228/4462/2371
f 3238/4463/2372 3218/4464/2369 3229/4465/2368 3225/4466/2373
f 3218/4464/2369 3220/4464/2374 3226/4467/2375 3227/4468/2370
f 3220/4469/2374 3218/4464/2369 3238/4470/2372 3237/4471/2376
f 3237/4471/2376 3238/4472/2372 3221/4473/2377
s 0
f 3230/4478/2380 3236/4479/2380 3222/4480/2380
s 1
usemtl Material.020
f 3238/4474/2372 3224/4475/2378 3221/4476/2377
f 3238/4474/2372 3223/4477/2379 3224/4475/2378
g Toaster_cell.081_Toaster_cell.079
v 0.013853 -0.129938 0.246185
v 0.020783 -0.126250 0.228640
v 0.041757 -0.125989 0.230217
v 0.014675 -0.131869 0.253319
v 0.011458 -0.138020 0.250028
v 0.008383 -0.139532 0.238258
v 0.010755 -0.140708 0.229109
v 0.016258 -0.140662 0.229467
v 0.029974 -0.140537 0.230438
v 0.046351 -0.140378 0.231673
v 0.043977 -0.138020 0.250028
v 0.041770 -0.132129 0.253180
v 0.011458 -0.138020 0.250028
v 0.008383 -0.139532 0.238258
v 0.010755 -0.140708 0.229109
v 0.016258 -0.140662 0.229467
v 0.029974 -0.140537 0.230438
v 0.046351 -0.140378 0.231673
v 0.043977 -0.138020 0.250028
v 0.041770 -0.132129 0.253180
v 0.014675 -0.131869 0.253319
vn -0.9081 0.3659 0.2037
vn -0.9124 0.3616 0.1919
vn 0.0654 -0.0777 -0.9948
vn 0.0711 -0.0794 -0.9943
vn 0.0757 -0.0764 -0.9942
vn 0.9469 0.3107 0.0825
vn 0.0110 0.9659 0.2587
vn -0.0269 0.9803 0.1955
vn -0.7875 0.5757 -0.2202
vn -0.0000 -0.8649 0.5019
vn -0.0000 -0.8847 0.4662
vn -0.0000 -0.9918 0.1274
vn -0.0000 -0.4717 0.8817
vt 0.877274 0.000000
vt 1.000000 0.000000
vt 1.000000 0.090727
vt 0.090727 0.090727
vt 0.000000 0.000000
vt 0.489416 0.000000
vt 0.500550 0.500550
vt 0.223396 0.000000
vt 0.223396 0.223396
vt 0.219883 0.000000
vt 1.000000 0.220562
vt 0.219883 0.219883
vt 0.220562 0.220562
vt 0.309820 0.000000
vt 0.363937 0.106086
vt 1.000000 1.000000
vt 0.877441 0.877441
vt 0.690180 0.000000
vt 0.618715 0.000000
vt 1.000000 0.510584
vt 0.375000 0.584503
vt 0.336965 0.610361
vt 0.336806 0.613542
vt 0.336928 0.611088
vt 0.337212 0.605396
vt 0.375000 0.597398
vt 0.375000 0.582317
vt 0.375000 0.611486
vt 0.375000 0.614448
vt 0.375000 0.586535
s 0
usemtl Material.027
f 3261/4481/2381 3241/4482/2381 3253/4483/2381
f 3253/4484/2382 3241/4485/2382 3254/4486/2382
f 3255/4487/2383 3242/4485/2383 3256/4488/2383
f 3256/4489/2384 3242/4485/2384 3257/4490/2384
f 3242/4485/2385 3243/4482/2385 3258/4491/2385 3257/4492/2385
f 3258/4493/2386 3243/4485/2386 3260/4494/2386 3259/4495/2386
f 3243/4482/2387 3241/4496/2387 3261/4497/2387 3260/4498/2387
f 3243/4485/2388 3242/4482/2388 3241/4496/2388
f 3241/4496/2389 3242/4485/2389 3255/4499/2389 3254/4500/2389
s 1
usemtl Material.020
f 3251/4501/2390 3245/4502/2391 3246/4503/2392 3247/4504/2392 3248/4505/2392 3249/4506/2392 3250/4507/2392
f 3244/4508/2393 3245/4509/2391 3251/4501/2390 3252/4510/2393
g Toaster_cell.082_Toaster_cell.080
v -0.109326 0.114054 -0.178493
v -0.092951 0.100052 -0.188113
v -0.093241 0.103363 -0.184320
v -0.106239 0.128384 -0.205366
v -0.131790 0.116585 -0.195388
v -0.120991 0.125227 -0.202677
v -0.132163 0.119959 -0.180478
v -0.101950 0.130418 -0.199023
v -0.106250 0.131418 -0.195905
v -0.112247 0.131526 -0.190477
v -0.123433 0.128989 -0.183236
v -0.133574 0.091053 -0.215104
v -0.133032 0.114614 -0.186851
v -0.133550 0.111319 -0.190979
v -0.131780 0.098325 -0.217289
v -0.120976 0.116171 -0.213540
v -0.106250 0.131418 -0.195905
v -0.112247 0.131526 -0.190477
v -0.101950 0.130418 -0.199023
v -0.133032 0.114614 -0.186851
v -0.133550 0.111319 -0.190979
v -0.133574 0.091053 -0.215104
v -0.131780 0.098325 -0.217289
v -0.120976 0.116171 -0.213540
v -0.132163 0.119959 -0.180478
v -0.123433 0.128989 -0.183236
v -0.106239 0.128384 -0.205366
vn -0.2447 -0.7234 0.6456
vn 0.5761 0.5256 0.6259
vn 0.3522 0.5687 0.7433
vn -0.0061 0.2975 0.9547
vn -0.2497 -0.7413 0.6230
vn -0.2488 -0.7390 0.6261
vn 0.9622 0.2373 -0.1334
vn 0.6236 -0.1988 -0.7560
vn -0.5002 0.7636 -0.4084
vn -0.8573 0.4562 -0.2385
vn -0.7929 0.5841 -0.1737
vn -0.5805 0.7818 -0.2275
vn -0.9674 0.2225 -0.1207
vn -0.9638 0.2538 -0.0816
vn -0.2945 0.9187 -0.2633
vn -0.2116 0.9370 -0.2780
vn -0.2327 0.8973 -0.3750
vn -0.9686 0.1908 -0.1594
vn -0.9205 0.2999 -0.2504
vn -0.6207 0.6020 -0.5024
vn -0.0000 0.9522 -0.3054
vt 1.000000 1.000000
vt 0.702993 0.702993
vt 0.574996 0.000000
vt 1.000000 0.000000
vt 1.000000 0.786159
vt 0.000000 0.000000
vt 0.292808 0.000000
vt 0.581834 0.314606
vt 0.786159 0.786159
vt 1.000000 0.784591
vt 1.000000 0.702993
vt 0.816515 0.816515
vt 1.000000 0.429751
vt 0.938805 0.374508
vt 0.561975 0.000000
vt 0.429751 0.429751
vt 1.000000 0.166475
vt 0.157803 0.000000
vt 0.917547 0.423215
vt 0.785761 0.398941
vt 0.381326 0.244417
vt 0.153880 0.063933
vt 0.614273 0.975382
vt 0.603379 0.971217
vt 0.607506 0.964070
vt 0.619584 0.966186
vt 0.598710 0.969047
vt 0.603177 0.965946
vt 0.845082 0.735308
vt 0.849096 0.728364
vt 0.852547 0.722842
vt 0.859135 0.722831
vt 0.858076 0.736416
vt 0.580739 0.980927
vt 0.598710 0.969047
vt 0.587187 0.982003
vt 0.605724 0.981078
vt 0.614853 0.013607
vt 0.623287 0.013596
vt 0.624722 0.025027
vt 0.852547 0.722842
vt 0.831808 0.717334
s 0
usemtl Material.027
f 3262/4511/2394 3286/4512/2394 3281/4513/2394 3264/4514/2394
f 3279/4515/2395 3262/4511/2395 3264/4516/2395 3280/4517/2395 3278/4518/2395
f 3262/4511/2396 3279/4519/2396 3287/4520/2396
f 3286/4521/2397 3262/4511/2397 3287/4522/2397
f 3263/4514/2398 3281/4523/2398 3282/4524/2398 3283/4525/2398
f 3281/4526/2399 3263/4516/2399 3264/4514/2399
f 3280/4527/2400 3264/4511/2400 3263/4516/2400
f 3280/4528/2401 3263/4514/2401 3283/4529/2401 3284/4530/2401 3285/4531/2401 3265/4532/2401
s 1
f 3267/4533/2402 3266/4534/2403 3268/4535/2404 3272/4536/2405
f 3272/4539/2405 3271/4540/2408 3270/4541/2409 3288/4542/2410 3267/4543/2402
f 3276/4546/2412 3266/4534/2403 3267/4533/2402 3277/4547/2413
f 3277/4548/2413 3267/4549/2402 3288/4550/2410
f 3288/4542/2410 3270/4551/2409 3269/4552/2414
usemtl Material.020
f 3268/4535/2404 3266/4534/2403 3275/4537/2406 3274/4538/2407
f 3273/4544/2411 3275/4545/2406 3266/4534/2403 3276/4546/2412
g Toaster_cell.083_Toaster_cell.081
v -0.093469 0.108867 0.144675
v -0.086763 0.115862 0.002197
v -0.093297 0.119697 0.000736
v -0.121013 0.141751 0.135329
v -0.106284 0.145578 0.135628
v -0.124415 0.138452 0.001127
v -0.096742 0.145392 -0.000239
v -0.106284 0.145578 0.000120
v -0.088220 0.145225 0.001938
v -0.127319 0.135636 0.056924
v -0.130412 0.130559 0.147968
v -0.121013 0.139603 0.149398
v -0.106284 0.143402 0.150024
v -0.095327 0.143398 0.150048
v -0.131090 0.131980 0.134565
v -0.090953 0.145279 0.059603
v -0.094780 0.145353 0.137115
v -0.096742 0.145392 -0.000239
v -0.106284 0.145578 0.000120
v -0.124415 0.138452 0.001127
v -0.127319 0.135636 0.056924
v -0.121013 0.139603 0.149398
v -0.106284 0.143402 0.150024
v -0.130412 0.130559 0.147968
v -0.095327 0.143398 0.150048
v -0.131090 0.131980 0.134565
v -0.094780 0.145353 0.137115
v -0.090953 0.145279 0.059603
v -0.088220 0.145225 0.001938
vn -0.0385 -0.0431 -0.9983
vn 0.2346 -0.0009 -0.9721
vn -0.5156 -0.8540 -0.0699
vn -0.0023 -0.1539 0.9881
vn -0.5096 -0.8580 -0.0652
vn 0.9977 0.0460 0.0492
vn 0.9976 0.0499 0.0472
vn -0.4941 -0.8669 -0.0658
vn -0.1380 0.9880 0.0697
vn -0.1269 0.9807 0.1486
vn -0.0000 0.9888 0.1495
vn 0.0093 0.9968 0.0789
vn -0.4993 0.8641 0.0639
vn -0.4904 0.8615 0.1317
vn -0.6970 0.7087 0.1093
vn -0.6976 0.7144 0.0546
vn -0.3425 0.9395 -0.0072
vn -0.1457 0.9893 -0.0038
vn -0.6961 0.7179 -0.0000
vn 0.0195 0.9998 -0.0000
vt 0.370624 0.258710
vt 0.338451 0.338451
vt 0.000000 0.000000
vt 0.367810 0.076657
vt 0.369329 0.369329
vt 1.000000 0.000000
vt 1.000000 0.338451
vt 0.336360 0.336360
vt 0.369330 0.000000
vt 0.463742 0.290765
vt 0.401785 0.401785
vt 0.397195 0.000000
vt 0.443874 0.123050
vt 1.000000 0.401785
vt 0.906449 0.409337
vt 0.369330 0.369330
vt 0.397195 0.397195
vt 1.000000 0.367972
vt 0.504468 0.412263
vt 0.368856 0.000000
vt 0.367972 0.367972
vt 1.000000 1.000000
vt 0.668192 0.722873
vt 0.668192 0.712784
vt 0.668192 0.712279
vt 0.676122 0.722873
vt 0.683211 0.722873
vt 0.683358 0.736437
vt 0.676430 0.736437
vt 0.613967 0.802131
vt 0.625000 0.801430
vt 0.625000 0.808358
vt 0.613164 0.808734
vt 0.749580 0.736437
vt 0.749941 0.722873
vt 0.617593 0.846968
vt 0.613164 0.808734
vt 0.621004 0.874445
vt 0.750118 0.714086
vt 0.682479 0.712279
vt 0.720649 0.708755
vt 0.749708 0.710581
s 0
usemtl Material.027
f 3307/4553/2415 3306/4554/2415 3291/4555/2415 3308/4556/2415
f 3317/4557/2416 3290/4555/2416 3291/4558/2416 3306/4559/2416
f 3308/4560/2417 3291/4555/2417 3309/4561/2417
f 3310/4562/2418 3312/4563/2418 3289/4555/2418 3313/4564/2418 3311/4565/2418
f 3289/4558/2419 3312/4566/2419 3314/4567/2419 3309/4568/2419 3291/4555/2419
f 3313/4569/2420 3289/4555/2420 3290/4558/2420 3316/4570/2420 3315/4571/2420
f 3290/4555/2421 3317/4572/2421 3316/4573/2421
f 3290/4555/2422 3289/4558/2422 3291/4574/2422
s 1
f 3293/4575/2423 3301/4575/2424 3302/4576/2425 3305/4577/2426
f 3301/4578/2424 3293/4579/2423 3292/4580/2427 3300/4581/2428
f 3299/4582/2429 3300/4583/2428 3292/4584/2427 3303/4585/2430
f 3294/4586/2431 3292/4580/2427 3293/4579/2423 3296/4587/2432
f 3298/4588/2433 3303/4589/2430 3292/4584/2427 3294/4590/2431
f 3295/4591/2434 3296/4587/2432 3293/4579/2423 3305/4592/2426 3304/4593/2434 3297/4594/2434
g Toaster_cell.084_Toaster_cell.082
v -0.081042 0.093225 0.165836
v -0.067034 0.063653 0.180354
v -0.062767 0.067700 0.169791
v -0.069289 0.067069 0.189805
v -0.106171 0.107310 0.230648
v -0.106239 0.128384 0.205366
v -0.120991 0.125227 0.202677
v -0.125851 0.121338 0.199396
v -0.123498 0.127088 0.188938
v -0.119286 0.130381 0.188061
v -0.081829 0.137778 0.176072
v -0.106263 0.135116 0.184376
v -0.073561 0.136422 0.180303
v -0.124109 0.105635 0.221044
v -0.120957 0.105512 0.226327
v -0.113986 0.103144 0.230926
v -0.052856 0.132748 0.191757
v -0.069280 0.110214 0.227164
v -0.058076 0.128384 0.205366
v -0.072545 0.104528 0.232531
v -0.113986 0.103144 0.230926
v -0.120957 0.105512 0.226327
v -0.125851 0.121338 0.199396
v -0.123498 0.127088 0.188938
v -0.119286 0.130381 0.188061
v -0.106263 0.135116 0.184376
v -0.081829 0.137778 0.176072
v -0.073561 0.136422 0.180303
v -0.124109 0.105635 0.221044
v -0.069280 0.110214 0.227164
v -0.058076 0.128384 0.205366
v -0.052856 0.132748 0.191757
v -0.072545 0.104528 0.232531
v -0.106171 0.107310 0.230648
vn -0.3440 0.1953 -0.9184
vn -0.3349 0.2054 -0.9196
vn 0.4723 0.2053 -0.8572
vn -0.6734 -0.5574 -0.4856
vn -0.4898 -0.8507 0.1907
vn -0.4564 -0.8532 0.2525
vn 0.5014 0.2072 -0.8400
vn 0.9301 -0.2366 0.2809
vn 0.9258 -0.2450 0.2881
vn 0.9041 -0.2848 0.3186
vn -0.0033 -0.7138 0.7003
vn -0.1482 0.7387 0.6576
vn -0.4102 0.6792 0.6087
vn -0.2911 0.5961 0.7483
vn -0.7154 0.6155 0.3306
vn -0.4900 0.7639 0.4201
vn -0.3972 0.8750 0.2768
vn -0.1422 0.8647 0.4818
vn -0.1154 0.9464 0.3016
vn -0.2934 0.9118 0.2874
vn -0.7228 0.5304 0.4430
vn -0.0000 0.9522 0.3054
vn 0.0006 0.8952 0.4456
vn -0.7004 -0.5743 -0.4237
vn 0.0015 0.7604 0.6495
vt 1.000000 1.000000
vt 0.873533 0.618382
vt 1.000000 0.635471
vt 0.635471 0.635471
vt 0.762581 0.589723
vt 1.000000 0.564655
vt 1.000000 0.000000
vt 0.564655 0.564655
vt 0.462547 0.000000
vt 0.000000 0.000000
vt 0.496520 0.496520
vt 0.471986 0.471986
vt 0.383732 0.000000
vt 0.444354 0.270796
vt 1.000000 0.537453
vt 0.489019 0.000000
vt 0.611046 0.460884
vt 1.000000 0.571756
vt 0.447293 0.447293
vt 0.571756 0.571756
vt 0.587038 0.000000
vt 0.625067 0.000000
vt 1.000000 0.616268
vt 0.625067 0.625067
vt 0.917003 0.606626
vt 0.609462 0.722769
vt 0.608613 0.733878
vt 0.605707 0.729970
vt 0.609371 0.776492
vt 0.614273 0.774618
vt 0.615175 0.781517
vt 0.651749 0.736424
vt 0.641924 0.736416
vt 0.640865 0.722831
vt 0.655483 0.722854
vt 0.652197 0.734846
vt 0.595206 0.765237
vt 0.595662 0.762219
vt 0.668192 0.674612
vt 0.668192 0.692740
vt 0.668192 0.700354
vt 0.668192 0.722854
vt 0.668192 0.722831
vt 0.668192 0.678480
vt 0.496520 0.000000
vt 0.724795 0.570613
vt 1.000000 0.592880
vt 0.609462 0.678480
vt 0.640865 0.722831
vt 0.609462 0.690467
vt 0.609462 0.688797
s 0
usemtl Material.027
f 3318/4595/2435 3341/4596/2435 3342/4597/2435
f 3318/4595/2436 3342/4598/2436 3343/4599/2436 3344/4600/2436
f 3320/4601/2437 3318/4595/2437 3344/4602/2437 3345/4603/2437
f 3320/4604/2438 3319/4601/2438 3318/4595/2438
f 3321/4601/2439 3346/4605/2439 3319/4604/2439
f 3346/4606/2440 3321/4604/2440 3338/4607/2440 3339/4608/2440
f 3320/4601/2441 3345/4609/2441 3349/4610/2441
f 3348/4611/2442 3347/4612/2442 3320/4595/2442 3349/4613/2442
f 3319/4601/2443 3320/4595/2443 3347/4614/2443 3350/4615/2443
f 3321/4601/2444 3319/4595/2444 3350/4616/2444
f 3338/4617/2445 3321/4595/2445 3350/4618/2445 3322/4619/2445
s 1
f 3351/4620/2446 3332/4621/2447 3333/4622/2448
f 3340/4623/2449 3324/4624/2450 3326/4625/2451
f 3326/4626/2451 3324/4627/2450 3323/4628/2452 3329/4629/2453 3327/4630/2454
f 3331/4631/2455 3332/4632/2447 3324/4624/2450 3340/4623/2449
f 3323/4628/2452 3324/4627/2450 3332/4621/2447 3351/4620/2446
f 3334/4633/2456 3330/4634/2456 3328/4635/2456 3329/4636/2453 3323/4637/2452 3336/4638/2457
s 0
f 3318/4595/2458 3319/4604/2458 3346/4639/2458 3325/4640/2458 3341/4641/2458
s 1
f 3336/4642/2457 3323/4643/2452 3351/4620/2446 3337/4644/2459 3335/4645/2459
g Toaster_cell.085_Toaster_cell.083
v 0.012004 -0.119215 0.247593
v 0.011519 -0.060314 0.247442
v 0.000085 -0.127733 0.249705
v 0.012449 -0.129169 0.244993
v -0.011879 -0.128471 0.237951
v 0.013298 -0.026502 0.241752
v -0.020440 -0.043873 0.212746
v -0.012046 -0.027645 0.217613
v -0.014505 -0.133345 0.231777
v 0.019500 -0.124568 0.228104
v 0.033299 -0.026582 0.192134
v 0.019840 -0.025953 0.226045
v -0.022777 -0.061632 0.204689
v -0.000310 -0.063843 0.190508
v 0.020394 -0.026256 0.199121
v -0.002321 -0.123801 0.246513
v -0.007774 -0.140541 0.230405
v -0.000013 -0.139571 0.237955
v 0.005649 -0.139792 0.236231
v 0.003207 -0.123434 0.249143
v 0.003574 -0.107160 0.249014
v 0.003574 -0.094668 0.246513
v -0.002697 -0.140968 0.227081
v 0.003285 -0.140968 0.227081
v -0.007774 -0.140541 0.230405
v -0.000013 -0.139571 0.237955
v 0.005649 -0.139792 0.236231
v 0.003574 -0.107160 0.249014
v 0.003574 -0.094668 0.246513
v -0.002697 -0.140968 0.227081
v 0.003285 -0.140968 0.227081
v 0.000085 -0.127733 0.249705
v -0.002321 -0.123801 0.246513
v 0.003207 -0.123434 0.249143
vn -0.5968 -0.4866 0.6380
vn -0.5178 -0.6005 0.6093
vn 0.1850 -0.6931 0.6967
vn 0.3239 -0.2255 0.9188
vn -0.6942 0.1410 0.7058
vn -0.6976 0.1391 0.7029
vn -0.9254 0.0191 0.3785
vn -0.9586 -0.0030 0.2847
vn -0.5332 -0.3521 -0.7693
vn -0.5242 -0.3516 -0.7756
vn 0.3292 -0.3920 -0.8590
vn 0.7516 -0.6578 0.0488
vn 0.9267 -0.0556 0.3717
vn 0.9334 0.0003 0.3589
vn 0.9295 0.0071 0.3688
vn 0.9272 0.0086 0.3744
vn 0.9228 0.0162 0.3849
vn -0.6849 0.1558 0.7118
vn -0.6922 0.1460 0.7068
vn -0.4538 0.4631 -0.7613
vn -0.4464 0.4262 -0.7868
vn -0.4555 0.4168 -0.7866
vn -0.4244 0.4179 -0.8033
vn 0.4424 -0.3633 -0.8199
vn 0.0193 0.9998 -0.0109
vn -0.0498 0.9987 -0.0123
vn -0.0561 0.9984 0.0116
vn 0.1717 0.0039 0.9851
vn -0.0000 -0.9918 0.1274
vn -0.4554 0.2111 0.8649
vn -0.4309 0.2230 0.8744
vn -0.4143 0.4073 0.8139
vn -0.9929 0.0233 0.1165
vn -0.7006 0.0738 0.7097
vt 0.000000 0.000000
vt 1.000000 0.000000
vt 1.000000 1.000000
vt 1.000000 0.436916
vt 0.466929 0.000000
vt 0.457634 0.000000
vt 0.436916 0.436916
vt 0.585402 0.524428
vt 0.694850 0.694850
vt 1.000000 0.913644
vt 0.913644 0.913644
vt 0.920467 0.055752
vt 1.000000 0.533071
vt 0.910605 0.910605
vt 0.957473 0.784774
vt 0.908278 0.908278
vt 0.669966 0.669966
vt 1.000000 0.542366
vt 1.000000 0.694850
vt 0.771523 0.736630
vt 0.375000 0.625012
vt 0.336774 0.635827
vt 0.375000 0.627484
vt 0.336702 0.615619
vt 0.336665 0.616371
vt 0.390222 0.621709
vt 0.390222 0.622863
vt 0.390222 0.622863
vt 0.391333 0.621709
vt 0.404979 0.621709
vt 0.416056 0.621709
s 0
usemtl Material.027
f 3356/4646/2460 3360/4647/2460 3383/4648/2460
f 3377/4649/2461 3383/4648/2461 3360/4646/2461 3376/4650/2461
f 3378/4651/2462 3355/4647/2462 3383/4648/2462 3377/4652/2462
f 3352/4647/2463 3383/4648/2463 3355/4646/2463
f 3380/4653/2464 3379/4654/2464 3353/4646/2464 3358/4647/2464 3384/4655/2464
f 3358/4646/2465 3356/4647/2465 3383/4648/2465 3384/4656/2465
f 3358/4646/2466 3360/4647/2466 3356/4648/2466
f 3358/4646/2467 3364/4647/2467 3360/4648/2467
f 3381/4657/2468 3376/4658/2468 3360/4648/2468 3364/4646/2468
f 3364/4646/2469 3365/4647/2469 3381/4659/2469
f 3365/4646/2470 3361/4647/2470 3382/4660/2470 3381/4661/2470
f 3382/4662/2471 3361/4646/2471 3355/4647/2471 3378/4663/2471
f 3361/4646/2472 3352/4647/2472 3355/4648/2472
f 3361/4646/2473 3362/4647/2473 3352/4648/2473
f 3362/4646/2474 3363/4647/2474 3352/4648/2474
f 3363/4646/2475 3353/4647/2475 3352/4648/2475
f 3363/4646/2476 3357/4647/2476 3353/4648/2476
f 3359/4647/2477 3353/4648/2477 3357/4646/2477
f 3359/4646/2478 3358/4647/2478 3353/4648/2478
f 3359/4646/2479 3366/4647/2479 3358/4648/2479
f 3366/4646/2480 3365/4647/2480 3358/4648/2480
f 3365/4646/2481 3364/4647/2481 3358/4648/2481
f 3366/4646/2482 3362/4647/2482 3365/4648/2482
f 3362/4646/2483 3361/4647/2483 3365/4648/2483
f 3366/4646/2484 3363/4647/2484 3362/4648/2484
f 3366/4646/2485 3359/4647/2485 3363/4648/2485
f 3359/4646/2486 3357/4647/2486 3363/4648/2486
f 3383/4648/2487 3352/4646/2487 3353/4647/2487 3379/4664/2487 3385/4665/2487
s 1
usemtl Material.020
f 3369/4666/2488 3368/4667/2488 3374/4668/2488 3375/4669/2488 3370/4670/2488
f 3371/4671/2489 3367/4672/2490 3354/4673/2491
f 3371/4674/2489 3372/4675/2492 3373/4676/2493
f 3367/4672/2490 3371/4674/2489 3373/4674/2493
g Toaster_cell.086_Toaster_cell.084
v 0.107422 0.095894 -0.197087
v 0.090512 0.088903 -0.190712
v 0.089858 0.098241 -0.179890
v 0.068354 0.049732 -0.158227
v 0.066233 0.042363 -0.152009
v 0.067551 0.033443 -0.145332
v 0.091170 0.080426 -0.144282
v 0.085769 0.090838 -0.171457
v 0.085919 0.079962 -0.151722
v 0.083467 0.030126 -0.119647
v 0.135742 0.104760 -0.185488
v 0.135742 0.112403 -0.161658
v 0.135742 0.000616 -0.099979
v 0.135742 -0.001151 -0.105175
v 0.135742 0.029485 -0.114524
v 0.135742 -0.003783 -0.114201
v 0.135742 0.078088 -0.182600
v 0.131790 0.117380 -0.192906
v 0.126969 0.127385 -0.177013
v 0.131795 0.125841 -0.166524
v 0.135742 0.095322 -0.196808
v 0.133881 0.100933 -0.201421
v 0.132081 0.108556 -0.203227
v 0.135742 0.000616 -0.099979
v 0.135742 -0.001151 -0.105175
v 0.135742 0.029485 -0.114524
v 0.135742 -0.003783 -0.114201
v 0.135742 0.078088 -0.182600
v 0.135742 0.095322 -0.196808
v 0.133881 0.100933 -0.201421
v 0.132081 0.108556 -0.203227
v 0.135742 0.112403 -0.161658
v 0.131795 0.125841 -0.166524
v 0.126969 0.127385 -0.177013
v 0.131790 0.117380 -0.192906
vn -0.5483 -0.7918 0.2693
vn 0.0023 0.4750 0.8800
vn -0.0817 0.4484 0.8901
vn -0.5461 -0.8042 0.2346
vn -0.7489 0.3804 0.5427
vn -0.7995 0.2798 0.5315
vn 0.0003 -0.6411 -0.7674
vn -0.4812 0.6687 -0.5669
vn -0.5957 0.7243 0.3471
vn -0.5844 0.7141 0.3853
vn -0.7620 0.3950 0.5131
vn -0.6088 0.6929 0.3864
vn -0.1697 -0.6065 -0.7767
vn -0.0572 -0.6179 -0.7841
vn -0.0364 -0.6238 -0.7808
vn -0.0052 -0.6361 -0.7716
vn -0.8579 0.4472 0.2530
vn -0.8687 0.4408 0.2261
vn -0.1092 -0.2535 -0.9612
vn -0.4809 0.6582 -0.5792
vn -0.4883 0.6459 -0.5868
vn -0.9157 0.2752 -0.2928
vn -0.9269 0.3458 -0.1459
vn 0.9498 0.2832 -0.1331
vn 0.6957 0.6839 -0.2195
vn 0.9153 0.3835 -0.1231
vn 0.9922 0.1187 -0.0381
vn 0.9894 0.1286 -0.0670
vn 0.9918 0.1006 -0.0787
vn 0.9671 0.2004 -0.1567
vn 1.0000 -0.0000 -0.0000
vt 0.000000 0.000000
vt 0.509991 0.000000
vt 0.511563 0.511563
vt 0.399821 0.075364
vt 0.342694 0.000000
vt 1.000000 0.000000
vt 1.000000 0.471743
vt 1.000000 0.511563
vt 0.471743 0.471743
vt 1.000000 0.490009
vt 1.000000 1.000000
vt 0.575852 0.000000
vt 0.577102 0.000000
vt 0.575852 0.575852
vt 0.561237 0.000000
vt 1.000000 0.399301
vt 0.582475 0.582475
vt 0.629188 0.629188
vt 0.923703 0.657641
vt 1.000000 0.422898
vt 0.337953 0.000000
vt 0.525853 0.108743
vt 0.337953 0.337953
vt 0.314023 0.000000
vt 0.314023 0.314023
vt 1.000000 0.438763
vt 0.604084 0.280004
vt 0.613600 0.289304
vt 0.611587 0.292996
vt 0.609008 0.294581
vt 0.599670 0.295392
vt 0.592894 0.283658
vt 0.602782 0.279060
vt 0.584525 0.278083
vt 0.589500 0.275812
vt 0.596259 0.274922
vt 0.584525 0.278083
vt 0.599670 0.297226
vt 0.524803 0.318604
vt 0.499438 0.325766
vt 0.497933 0.323207
vt 0.495702 0.318762
vt 0.568974 0.285080
s 0
usemtl Material.027
f 3395/4677/2494 3410/4678/2494 3409/4679/2494
f 3397/4680/2495 3405/4681/2495 3392/4682/2495 3411/4683/2495
f 3392/4677/2496 3395/4682/2496 3409/4684/2496 3411/4685/2496
f 3410/4686/2497 3395/4687/2497 3391/4677/2497 3412/4688/2497
f 3392/4677/2498 3390/4682/2498 3395/4687/2498
f 3390/4677/2499 3391/4682/2499 3395/4687/2499
f 3391/4677/2500 3413/4689/2500 3412/4690/2500
f 3403/4691/2501 3388/4682/2501 3419/4692/2501
f 3419/4693/2502 3388/4677/2502 3393/4682/2502
f 3419/4694/2503 3393/4677/2503 3392/4682/2503 3405/4695/2503
f 3394/4677/2504 3390/4682/2504 3392/4687/2504
f 3393/4677/2505 3394/4682/2505 3392/4687/2505
f 3390/4677/2506 3389/4682/2506 3391/4687/2506
f 3389/4677/2507 3387/4682/2507 3391/4687/2507
f 3387/4677/2508 3386/4682/2508 3391/4687/2508
f 3413/4696/2509 3391/4687/2509 3386/4677/2509 3415/4697/2509 3414/4698/2509
f 3394/4677/2510 3393/4682/2510 3390/4687/2510
f 3393/4677/2511 3389/4682/2511 3390/4687/2511
f 3415/4699/2512 3386/4677/2512 3416/4700/2512
f 3416/4701/2513 3386/4677/2513 3388/4682/2513 3403/4702/2513
f 3386/4677/2514 3387/4682/2514 3388/4687/2514
f 3387/4677/2515 3389/4682/2515 3388/4687/2515
f 3389/4677/2516 3393/4682/2516 3388/4687/2516
s 1
f 3420/4703/2517 3404/4704/2518 3418/4705/2519
usemtl Material.020
f 3418/4706/2519 3417/4707/2520 3396/4708/2521 3420/4703/2517
f 3420/4709/2517 3396/4708/2521 3406/4710/2522 3407/4711/2523 3408/4712/2523
f 3406/4713/2522 3396/4708/2521 3417/4714/2520 3400/4715/2524 3398/4716/2524 3399/4717/2524 3401/4718/2524 3402/4719/2524
g Toaster_cell.087_Toaster_cell.085
v -0.048776 -0.066359 -0.213628
v -0.082044 -0.058338 -0.218479
v -0.100144 -0.067547 -0.206326
v -0.135742 -0.097226 -0.170950
v -0.135742 -0.118943 -0.147984
v -0.135742 -0.130902 -0.179315
v -0.106841 -0.140968 -0.216522
v -0.112319 -0.140491 -0.209825
v -0.132794 -0.138020 -0.184623
v -0.128194 -0.138575 -0.128191
v -0.049072 -0.140968 -0.135504
v -0.108366 -0.140968 -0.128147
v -0.135742 -0.130902 -0.135386
v -0.102774 -0.140968 -0.221029
v -0.061153 -0.140968 -0.215623
v -0.048637 -0.140968 -0.213791
v -0.135742 -0.097226 -0.170950
v -0.135742 -0.118943 -0.147984
v -0.135742 -0.130902 -0.179315
v -0.106841 -0.140968 -0.216522
v -0.112319 -0.140491 -0.209825
v -0.132794 -0.138020 -0.184623
v -0.102774 -0.140968 -0.221029
v -0.128194 -0.138575 -0.128191
v -0.108366 -0.140968 -0.128147
v -0.049072 -0.140968 -0.135504
v -0.135742 -0.130902 -0.135386
v -0.048637 -0.140968 -0.213791
v -0.061153 -0.140968 -0.215623
vn 0.0768 0.7244 0.6851
vn -0.7589 0.1570 -0.6320
vn 0.0854 0.7204 0.6883
vn 0.0808 0.7229 0.6862
vn 0.0788 0.7345 0.6740
vn -0.6367 0.1733 -0.7514
vn 0.1288 -0.0017 -0.9917
vn 1.0000 0.0018 0.0056
vn 0.1448 0.0024 -0.9895
vn -0.3532 -0.9355 0.0110
vn -0.4003 -0.9163 0.0133
vn -0.8968 -0.4416 0.0263
vn -0.9272 -0.3738 0.0223
vn -0.0311 -0.9995 -0.0001
vn -0.0625 -0.9980 -0.0000
vn -0.0040 -1.0000 -0.0001
vn -1.0000 -0.0000 -0.0000
vt 1.000000 0.416526
vt 0.582021 0.000000
vt 1.000000 0.000000
vt 0.416526 0.416526
vt 0.000000 0.000000
vt 0.945481 0.038456
vt 0.945101 0.105517
vt 0.934888 0.356587
vt 0.846985 0.396718
vt 0.402929 0.000000
vt 1.000000 0.581670
vt 0.835970 0.435851
vt 0.581670 0.581670
vt 1.000000 0.417979
vt 0.836138 0.516813
vt 1.000000 1.000000
vt 0.948297 0.000000
vt 1.000000 0.057812
vt 0.621463 0.621463
vt 0.623620 0.000000
vt 0.400632 0.000000
vt 1.000000 0.597071
vt 0.400632 0.400632
vt 0.376380 0.000000
vt 0.375000 0.965917
vt 0.375000 0.938148
vt 0.383926 0.941670
vt 0.383926 0.963302
vt 0.170724 0.714341
vt 0.201260 0.714341
vt 0.186852 0.750000
vt 0.159083 0.750000
vt 0.154776 0.711061
vt 0.155209 0.708895
vt 0.160440 0.678881
vt 0.161096 0.669948
vt 0.183020 0.671293
vt 0.394458 0.947874
vt 0.413637 0.959183
vt 0.383926 0.963302
s 0
usemtl Material.027
f 3437/4720/2525 3438/4721/2525 3423/4722/2525
f 3437/4723/2526 3423/4724/2526 3440/4725/2526 3441/4726/2526 3442/4727/2526 3439/4728/2526
f 3446/4729/2527 3421/4722/2527 3444/4730/2527 3445/4731/2527
f 3444/4732/2528 3421/4724/2528 3423/4722/2528 3438/4733/2528 3447/4734/2528
f 3421/4724/2529 3422/4722/2529 3423/4735/2529
f 3443/4736/2530 3440/4737/2530 3423/4735/2530 3422/4724/2530
f 3443/4738/2531 3422/4724/2531 3449/4739/2531
f 3448/4740/2532 3421/4722/2532 3446/4741/2532
f 3422/4722/2533 3421/4735/2533 3448/4742/2533 3449/4743/2533
s 1
usemtl Material.020
f 3429/4744/2534 3430/4745/2535 3433/4746/2536 3426/4747/2537
f 3428/4748/2538 3432/4749/2539 3430/4750/2535 3429/4751/2534
f 3428/4748/2538 3427/4752/2540 3434/4753/2540 3435/4754/2540 3436/4755/2540 3431/4756/2540 3432/4748/2539
f 3425/4757/2541 3424/4758/2541 3426/4759/2537 3433/4746/2536
g Toaster_cell.088_Toaster_cell.086
v -0.084315 0.092018 -0.172807
v -0.062344 0.038761 -0.155422
v -0.090924 0.098422 -0.188747
v -0.076306 0.060416 -0.181467
v -0.090213 0.102878 -0.183060
v -0.033999 0.037789 -0.155993
v -0.045577 0.134417 -0.186554
v -0.034543 0.134317 -0.186866
v -0.075751 0.134516 -0.186245
v -0.084301 0.134475 -0.186374
v -0.071942 0.108326 -0.229428
v -0.068530 0.104552 -0.232040
v -0.082031 0.116719 -0.219360
v -0.059092 0.104385 -0.232156
v -0.034342 0.104224 -0.232267
v -0.034149 0.111766 -0.225302
v -0.034390 0.128384 -0.205366
v -0.096128 0.130587 -0.198496
v -0.095416 0.128384 -0.205366
v -0.086362 0.120453 -0.214880
v -0.045577 0.134417 -0.186554
v -0.034543 0.134317 -0.186866
v -0.075751 0.134516 -0.186245
v -0.084301 0.134475 -0.186374
v -0.071942 0.108326 -0.229428
v -0.082031 0.116719 -0.219360
v -0.068530 0.104552 -0.232040
v -0.059092 0.104385 -0.232156
v -0.034342 0.104224 -0.232267
v -0.034149 0.111766 -0.225302
v -0.034390 0.128384 -0.205366
v -0.095416 0.128384 -0.205366
v -0.086362 0.120453 -0.214880
v -0.096128 0.130587 -0.198496
vn -0.0393 -0.7786 -0.6263
vn 0.0296 0.3046 0.9520
vn 0.0108 0.3078 0.9514
vn -0.0159 0.3043 0.9524
vn -0.9191 -0.2932 0.2632
vn -0.9211 -0.3089 0.2370
vn -0.7924 -0.3940 -0.4657
vn -0.0214 -0.7516 -0.6592
vn -0.0078 -0.7541 -0.6568
vn 0.9998 -0.0119 -0.0149
vn 1.0000 0.0075 0.0059
vn -0.7326 0.2074 0.6483
vn -0.9285 -0.2269 0.2938
vn -0.7466 0.1950 0.6361
vn -0.9753 -0.0977 0.1983
vn -0.9838 -0.1732 -0.0463
vn -0.8073 -0.3742 -0.4564
vn -0.8028 -0.3793 -0.4599
vn 0.0020 0.7452 -0.6669
vn 0.0016 0.7146 -0.6995
vn 0.0022 0.7582 -0.6520
vn 0.0008 0.8988 -0.4383
vn 0.0011 0.8721 -0.4894
vn -0.0000 0.9522 -0.3054
vn -0.0000 0.5691 -0.8223
vt 0.000000 0.000000
vt 1.000000 0.000000
vt 1.000000 1.000000
vt 1.000000 0.389352
vt 0.612415 0.000000
vt 0.389352 0.389352
vt 1.000000 0.388830
vt 0.589466 0.000000
vt 0.388830 0.388830
vt 0.265994 0.000000
vt 0.808739 0.428178
vt 1.000000 0.586714
vt 0.586714 0.586714
vt 1.000000 0.586620
vt 0.586620 0.586620
vt 0.484964 0.000000
vt 1.000000 0.531396
vt 0.730247 0.503844
vt 0.790603 0.425559
vt 1.000000 0.387585
vt 0.531396 0.531396
vt 1.000000 0.410534
vt 0.619549 0.000000
vt 0.700054 0.000000
vt 1.000000 0.191592
vt 0.191592 0.191592
vt 1.000000 0.683531
vt 0.726142 0.690753
vt 1.000000 0.773505
vt 1.000000 0.734006
vt 0.773505 0.773505
vt 0.625000 0.093467
vt 0.625000 0.058768
vt 0.625000 0.049479
vt 0.625000 0.045492
vt 0.625000 0.037156
vt 0.625000 0.093339
vt 0.625000 0.093562
vt 0.831808 0.666970
vt 0.831808 0.656809
vt 0.831808 0.656668
vt 0.831808 0.714268
vt 0.831808 0.711617
vt 0.831808 0.702630
vt 0.831808 0.694756
vt 0.606312 0.058692
vt 0.606320 0.093378
vt 0.606320 0.070588
vt 0.606315 0.061859
s 0
usemtl Material.027
f 3453/4760/2542 3455/4761/2542 3451/4762/2542
f 3470/4763/2543 3451/4762/2543 3455/4760/2543 3471/4764/2543
f 3470/4765/2544 3472/4766/2544 3451/4762/2544
f 3473/4767/2545 3450/4761/2545 3451/4762/2545 3472/4768/2545
f 3450/4760/2546 3452/4761/2546 3451/4762/2546
f 3452/4760/2547 3453/4761/2547 3451/4762/2547
f 3452/4760/2548 3475/4769/2548 3474/4770/2548 3476/4771/2548 3453/4762/2548
f 3476/4772/2549 3477/4773/2549 3453/4762/2549
f 3455/4761/2550 3453/4762/2550 3477/4774/2550 3478/4775/2550
f 3479/4776/2551 3455/4762/2551 3478/4777/2551
f 3480/4778/2552 3471/4779/2552 3455/4762/2552 3479/4780/2552
f 3473/4781/2553 3483/4782/2553 3450/4761/2553
f 3454/4760/2554 3452/4761/2554 3450/4762/2554
f 3483/4783/2555 3454/4761/2555 3450/4762/2555
f 3454/4760/2556 3483/4784/2556 3452/4762/2556
f 3483/4785/2557 3481/4786/2557 3452/4762/2557
f 3481/4787/2558 3482/4788/2558 3452/4762/2558
f 3475/4789/2559 3452/4762/2559 3482/4790/2559
s 1
f 3464/4791/2560 3460/4792/2561 3462/4793/2562 3469/4794/2562 3468/4795/2563 3466/4796/2564 3465/4797/2562
f 3456/4798/2565 3457/4799/2565 3466/4800/2564 3468/4801/2563 3467/4802/2565 3459/4803/2565 3458/4804/2565
f 3460/4805/2561 3464/4806/2560 3463/4807/2566 3461/4808/2566
g Toaster_cell.089_Toaster_cell.087
v -0.009370 -0.082716 -0.217874
v -0.045395 -0.078723 -0.219491
v -0.001206 -0.102838 -0.218208
v -0.009266 -0.114963 -0.230633
v -0.001206 -0.120167 -0.223737
v -0.001064 -0.140968 -0.222130
v -0.004702 -0.140968 -0.218102
v -0.028621 -0.140968 -0.218813
v -0.045243 -0.140968 -0.219562
v -0.045618 -0.138986 -0.242505
v -0.045364 -0.140968 -0.227081
v -0.017102 -0.139250 -0.240453
v -0.006517 -0.140412 -0.231407
v -0.001841 -0.140968 -0.227081
v -0.001064 -0.140968 -0.222130
v -0.001841 -0.140968 -0.227081
v -0.004702 -0.140968 -0.218102
v -0.028621 -0.140968 -0.218813
v -0.045243 -0.140968 -0.219562
v -0.045618 -0.138986 -0.242505
v -0.045364 -0.140968 -0.227081
v -0.017102 -0.139250 -0.240453
v -0.006517 -0.140412 -0.231407
vn 0.9998 0.0055 -0.0173
vn 0.3079 -0.0256 0.9511
vn -0.0297 -0.0063 0.9995
vn -0.0450 -0.0012 0.9990
vn -0.9999 -0.0025 0.0162
vn 0.6528 0.0934 -0.7518
vn 0.7733 0.0776 -0.6292
vn 0.7111 0.2137 -0.6698
vn 0.6584 0.2787 -0.6991
vn 0.0823 0.3669 -0.9266
vn 0.0696 0.3554 -0.9321
vn -0.0000 -0.9979 -0.0645
vn -0.0000 -0.9918 -0.1274
vn -0.0000 -0.9993 -0.0387
vn -0.0000 -1.0000 -0.0000
vt 0.295334 0.295334
vt 0.000000 0.000000
vt 1.000000 0.000000
vt 0.434472 0.434472
vt 1.000000 0.539951
vt 0.538496 0.000000
vt 0.539951 0.539951
vt 0.538496 0.538496
vt 1.000000 0.554925
vt 0.538952 0.000000
vt 0.555480 0.378859
vt 0.554925 0.554925
vt 0.319139 0.319139
vt 0.336349 0.000000
vt 1.000000 0.295220
vt 0.916909 0.301357
vt 0.336349 0.336349
vt 1.000000 1.000000
vt 1.000000 0.320843
vt 0.538952 0.538952
vt 0.125000 0.666774
vt 0.125000 0.667008
vt 0.159366 0.645971
vt 0.160027 0.634783
vt 0.125000 0.626696
vt 0.161274 0.667525
vt 0.161267 0.667612
vt 0.163424 0.628209
vt 0.163424 0.626737
vt 0.163384 0.632649
vt 0.162145 0.655663
s 0
usemtl Material.027
f 3498/4809/2567 3488/4810/2567 3486/4811/2567
f 3498/4812/2568 3486/4810/2568 3484/4811/2568 3500/4813/2568
f 3484/4810/2569 3501/4814/2569 3500/4815/2569
f 3501/4816/2570 3484/4810/2570 3485/4811/2570 3502/4817/2570
f 3485/4810/2571 3503/4818/2571 3504/4819/2571 3502/4820/2571
f 3505/4821/2572 3487/4810/2572 3506/4822/2572
f 3487/4810/2573 3488/4811/2573 3498/4823/2573 3499/4824/2573 3506/4825/2573
f 3487/4810/2574 3486/4811/2574 3488/4826/2574
f 3487/4810/2575 3484/4811/2575 3486/4826/2575
f 3487/4810/2576 3485/4811/2576 3484/4826/2576
f 3485/4810/2577 3487/4811/2577 3505/4827/2577 3503/4828/2577
s 1
usemtl Material.020
f 3494/4829/2578 3493/4830/2579 3495/4831/2579 3496/4832/2579 3497/4833/2580
f 3492/4834/2581 3494/4835/2578 3497/4836/2580 3489/4837/2581 3490/4838/2581 3491/4839/2581
g Toaster_cell.090_Toaster_cell.088
v 0.054383 0.036658 -0.153224
v 0.043541 0.038843 -0.153265
v 0.083789 0.080934 -0.152285
v 0.064506 0.042578 -0.153152
v 0.084214 0.091231 -0.170784
v 0.083974 0.143146 -0.151718
v 0.061677 0.143109 -0.151963
v 0.084173 0.141694 -0.161324
v 0.083988 0.135000 -0.184735
v 0.067151 0.134999 -0.184739
v 0.047616 0.135017 -0.184684
v 0.043330 0.140968 -0.166127
v 0.043228 0.143070 -0.152218
v 0.083974 0.143146 -0.151718
v 0.061677 0.143109 -0.151963
v 0.084173 0.141694 -0.161324
v 0.083988 0.135000 -0.184735
v 0.067151 0.134999 -0.184739
v 0.047616 0.135017 -0.184684
v 0.043330 0.140968 -0.166127
v 0.043228 0.143070 -0.152218
vn -0.0110 -0.0091 0.9999
vn 0.9998 -0.0032 0.0212
vn 1.0000 0.0024 -0.0086
vn 0.0002 -0.3037 -0.9528
vn -0.0030 -0.3048 -0.9524
vn -0.0584 -0.3078 -0.9497
vn -0.9914 -0.0184 -0.1294
vn -0.0138 -0.0101 0.9999
vn 0.8733 -0.4340 -0.2215
vn -0.0071 -0.0165 0.9998
vn 0.0086 -0.0269 0.9996
vn 0.2507 -0.4180 -0.8732
vn 0.0089 0.9577 -0.2877
vn 0.0045 0.9756 -0.2194
vn 0.0041 0.9768 -0.2142
vn -0.0000 0.9888 -0.1495
vt 1.000000 0.543113
vt 0.456959 0.000000
vt 1.000000 0.000000
vt 0.000000 0.000000
vt 1.000000 0.484058
vt 0.543113 0.543113
vt 0.484058 0.484058
vt 0.418648 0.000000
vt 1.000000 0.418391
vt 0.581352 0.000000
vt 0.418391 0.418391
vt 1.000000 0.617898
vt 0.617898 0.617898
vt 0.613051 0.613051
vt 0.665629 0.000000
vt 0.651505 0.264774
vt 0.665630 0.665630
vt 1.000000 0.543041
vt 1.000000 1.000000
vt 0.831808 0.563163
vt 0.831808 0.584967
vt 0.831808 0.585099
vt 0.831808 0.547525
vt 0.831808 0.547659
vt 0.818199 0.547525
vt 0.831808 0.585193
vt 0.831808 0.568204
vt 0.818209 0.547671
s 0
usemtl Material.027
f 3520/4840/2582 3521/4841/2582 3509/4842/2582
f 3509/4843/2583 3511/4842/2583 3522/4844/2583 3520/4845/2583
f 3522/4846/2584 3511/4843/2584 3523/4847/2584
f 3511/4842/2585 3524/4848/2585 3523/4849/2585
f 3524/4850/2586 3511/4843/2586 3507/4842/2586 3525/4851/2586
f 3507/4843/2587 3508/4842/2587 3525/4852/2587
f 3525/4853/2588 3508/4843/2588 3527/4854/2588 3526/4855/2588
f 3527/4856/2589 3508/4843/2589 3509/4842/2589 3521/4857/2589
f 3510/4843/2590 3511/4842/2590 3509/4858/2590
f 3508/4843/2591 3507/4842/2591 3509/4858/2591
f 3507/4843/2592 3510/4842/2592 3509/4858/2592
f 3510/4843/2593 3507/4842/2593 3511/4858/2593
s 1
f 3516/4859/2594 3517/4860/2594 3518/4861/2595 3514/4862/2596 3515/4863/2594
f 3514/4864/2596 3518/4861/2595 3519/4865/2597 3513/4866/2597 3512/4867/2597
g Toaster_cell.091_Toaster_cell.089
v 0.012276 -0.128392 0.247731
v 0.012273 -0.128374 0.253836
v 0.011351 -0.118948 0.253828
v 0.005479 -0.127473 0.253836
v 0.012273 -0.128374 0.253836
v 0.005479 -0.127473 0.253836
v 0.011351 -0.118948 0.253828
vn 0.9952 0.0974 0.0001
vn -0.1315 -0.9913 0.0029
vn -0.5818 0.4001 -0.7081
vn 0.0001 0.0009 1.0000
vt 0.108055 0.108055
vt 0.000000 0.000000
vt 1.000000 0.082986
vt 1.000000 0.000000
vt 1.000000 0.108087
vt 1.000000 1.000000
vt 0.389594 0.614036
vt 0.401520 0.614613
vt 0.389179 0.619644
s 0
usemtl Material.027
f 3532/4868/2598 3528/4869/2598 3534/4870/2598
f 3533/4869/2599 3528/4871/2599 3532/4872/2599
f 3533/4869/2600 3534/4871/2600 3528/4873/2600
s 1
f 3529/4874/2601 3530/4875/2601 3531/4876/2601
g Toaster_cell.092_Toaster_cell.090
v 0.014725 -0.128773 0.246679
v 0.020635 -0.123368 0.229259
v 0.041390 -0.124007 0.230442
v 0.013804 -0.118265 0.248342
v 0.013743 -0.054237 0.248004
v 0.014671 -0.026748 0.244112
v 0.034814 -0.026454 0.193094
v 0.020053 -0.026160 0.230589
v 0.040009 -0.026172 0.192589
v 0.021099 -0.123801 0.253836
v 0.013875 -0.128448 0.253836
v 0.013613 -0.116099 0.253824
v 0.041203 -0.130455 0.253836
v 0.041246 -0.092710 0.253836
v 0.040522 -0.026184 0.253836
v 0.013564 -0.051952 0.253729
v 0.013551 -0.058617 0.253738
v 0.032790 -0.024753 0.253836
v 0.021099 -0.025568 0.253836
v 0.014939 -0.026014 0.253724
v 0.041203 -0.130455 0.253836
v 0.041246 -0.092710 0.253836
v 0.040522 -0.026184 0.253836
v 0.013564 -0.051952 0.253729
v 0.013551 -0.058617 0.253738
v 0.013613 -0.116099 0.253824
v 0.032790 -0.024753 0.253836
v 0.021099 -0.025568 0.253836
v 0.013875 -0.128448 0.253836
v 0.014939 -0.026014 0.253724
vn -0.9994 -0.0212 -0.0264
vn -0.9910 -0.0687 -0.1145
vn -0.0091 -0.9804 -0.1968
vn 1.0000 -0.0011 0.0077
vn 0.9999 0.0109 -0.0084
vn 0.1820 0.9833 -0.0013
vn -0.9991 0.0429 -0.0027
vn -0.9995 0.0019 -0.0320
vn -0.9994 -0.0011 -0.0344
vn -0.9690 -0.0022 -0.2470
vn -0.9420 -0.0066 -0.3355
vn -0.9436 -0.0305 -0.3296
vn -0.0123 -0.9538 -0.3001
vn 0.0420 -0.3600 -0.9320
vn -0.0726 -0.3394 -0.9379
vn -0.0572 0.9979 -0.0299
vn -0.0687 0.9859 -0.1527
vn -0.2702 0.9605 -0.0658
vn -0.9274 0.0782 -0.3657
vn -0.9301 -0.0010 -0.3672
vn -0.0703 0.9973 -0.0218
vn -0.0558 0.9980 -0.0298
vn -0.0046 0.0003 1.0000
vn -0.0057 0.0004 1.0000
vn -0.0000 -0.0000 1.0000
vn -0.0044 0.0003 1.0000
vn -0.0092 0.0007 1.0000
vt 0.900374 0.000000
vt 1.000000 0.000000
vt 0.938149 0.640579
vt 0.000000 0.000000
vt 1.000000 1.000000
vt 1.000000 0.320481
vt 0.126099 0.126099
vt 0.319965 0.000000
vt 0.320482 0.320482
vt 1.000000 0.551935
vt 0.319965 0.319965
vt 0.551935 0.551935
vt 0.552072 0.000000
vt 0.159613 0.159613
vt 1.000000 0.101773
vt 0.101773 0.101773
vt 0.103581 0.000000
vt 0.103581 0.103581
vt 1.000000 0.099626
vt 0.760611 0.000000
vt 0.657467 0.012716
vt 0.057574 0.000000
vt 0.760611 0.760611
vt 0.390222 0.605571
vt 0.390011 0.608412
vt 0.390222 0.587058
vt 0.564782 0.587018
vt 0.564782 0.587685
vt 0.564782 0.594805
vt 0.564782 0.605571
vt -1.047566 0.597513
vt 1.340610 0.620876
vt 1.150652 0.619152
vt 0.444758 0.612914
vt 0.389723 0.612303
vt 0.477328 0.605571
s 0
usemtl Material.027
f 3560/4877/2602 3538/4878/2602 3563/4879/2602
f 3538/4880/2603 3535/4878/2603 3563/4881/2603
f 3535/4880/2604 3537/4878/2604 3555/4882/2604 3563/4883/2604
f 3537/4880/2605 3556/4884/2605 3555/4885/2605
f 3537/4880/2606 3543/4878/2606 3557/4886/2606 3556/4887/2606
f 3557/4888/2607 3543/4880/2607 3561/4889/2607
f 3564/4890/2608 3540/4880/2608 3539/4878/2608 3558/4891/2608
f 3558/4892/2609 3539/4880/2609 3559/4893/2609
f 3559/4894/2610 3539/4880/2610 3538/4878/2610 3560/4895/2610
f 3539/4880/2611 3540/4878/2611 3538/4881/2611
f 3540/4880/2612 3536/4878/2612 3538/4881/2612
f 3536/4880/2613 3535/4878/2613 3538/4881/2613
f 3536/4880/2614 3537/4878/2614 3535/4881/2614
f 3536/4880/2615 3543/4878/2615 3537/4881/2615
f 3536/4880/2616 3541/4878/2616 3543/4881/2616
f 3541/4880/2617 3561/4878/2617 3543/4881/2617
f 3561/4880/2618 3564/4896/2618 3562/4897/2618
f 3540/4881/2619 3564/4898/2619 3542/4878/2619
f 3542/4880/2620 3541/4878/2620 3540/4881/2620
f 3541/4880/2621 3536/4878/2621 3540/4881/2621
f 3542/4878/2622 3564/4899/2622 3561/4880/2622
f 3542/4880/2623 3561/4878/2623 3541/4881/2623
s 1
f 3544/4900/2624 3545/4901/2625 3547/4902/2626 3548/4903/2626 3549/4904/2626 3552/4905/2626 3553/4906/2627
f 3554/4907/2628 3550/4908/2628 3551/4909/2628 3546/4910/2628 3545/4911/2625 3544/4900/2624 3553/4912/2627
g Toaster_cell.093_Toaster_cell.091
v -0.021970 -0.044544 0.213532
v -0.022221 -0.027442 0.222517
v -0.013689 -0.129423 0.238845
v -0.016475 -0.134112 0.232585
v -0.024281 -0.061580 0.205552
v -0.041216 -0.123885 0.230209
v -0.062844 -0.061198 0.228039
v -0.047190 -0.083582 0.215575
v -0.047295 -0.069842 0.210435
v -0.055710 -0.062490 0.216587
v -0.062835 -0.053977 0.223388
v -0.062739 -0.025846 0.237067
v -0.056309 -0.023479 0.236606
v -0.055860 -0.023279 0.253836
v -0.060690 -0.025057 0.253836
v -0.034562 -0.024789 0.253836
v -0.020206 -0.026182 0.253836
v -0.062721 -0.039777 0.253836
v -0.062784 -0.068028 0.253836
v -0.052220 -0.099420 0.253836
v -0.016920 -0.137251 0.250440
v -0.017838 -0.139254 0.240426
v -0.014509 -0.130902 0.253836
v -0.041572 -0.130902 0.253836
v -0.037554 -0.139248 0.240466
v -0.038824 -0.138020 0.250028
v -0.013358 -0.119195 0.253836
v -0.018381 -0.049666 0.253836
v -0.018799 -0.139973 0.234830
v -0.027826 -0.139950 0.235005
v -0.034709 -0.139883 0.235530
v -0.055860 -0.023279 0.253836
v -0.060690 -0.025057 0.253836
v -0.034562 -0.024789 0.253836
v -0.020206 -0.026182 0.253836
v -0.062721 -0.039777 0.253836
v -0.062784 -0.068028 0.253836
v -0.052220 -0.099420 0.253836
v -0.016920 -0.137251 0.250440
v -0.014509 -0.130902 0.253836
v -0.018381 -0.049666 0.253836
v -0.041572 -0.130902 0.253836
v -0.037554 -0.139248 0.240466
v -0.038824 -0.138020 0.250028
v -0.017838 -0.139254 0.240426
v -0.013358 -0.119195 0.253836
v -0.018799 -0.139973 0.234830
v -0.027826 -0.139950 0.235005
v -0.034709 -0.139883 0.235530
vn -0.3455 0.9384 -0.0019
vn 0.0707 0.9974 -0.0134
vn 0.0965 0.9943 -0.0462
vn -0.2613 0.5564 -0.7887
vn -0.2877 0.4421 -0.8496
vn -0.2903 0.4379 -0.8508
vn -0.3118 0.4173 -0.8536
vn -0.3172 0.4156 -0.8525
vn -1.0000 0.0025 0.0018
vn -1.0000 0.0022 0.0029
vn -0.9842 0.1358 0.1139
vn -0.9446 -0.3179 -0.0819
vn 0.9209 -0.3897 -0.0065
vn 0.9320 -0.3621 0.0153
vn -0.9439 -0.3193 -0.0843
vn 0.9942 -0.0977 0.0448
vn 0.9947 0.0773 -0.0671
vn 0.9949 0.0719 -0.0710
vn 0.9927 0.0671 -0.1000
vn 0.9567 0.0066 -0.2910
vn -0.0190 -0.3510 -0.9362
vn -0.0737 -0.3480 -0.9346
vn -0.3175 0.3679 -0.8740
vn 0.9241 -0.0421 -0.3799
vn -0.7053 -0.2531 -0.6622
vn -0.8093 -0.3027 -0.5034
vn -0.8218 -0.3013 -0.4837
vn -0.8287 -0.3022 -0.4711
vn -0.9319 -0.3270 -0.1571
vn -0.3971 -0.4310 -0.8103
vn -0.0854 -0.3496 -0.9330
vn 0.9101 -0.4009 -0.1048
vn -0.0000 -0.2079 0.9781
vn -0.0000 -0.0000 1.0000
vn -0.0000 -0.1922 0.9814
vn 0.0054 -0.7735 0.6337
vn 0.0056 -0.7804 0.6253
vn 0.0114 -0.9883 0.1518
vt 0.255469 0.255469
vt 0.000000 0.000000
vt 1.000000 0.000000
vt 1.000000 0.250345
vt 0.410223 0.000000
vt 1.000000 0.639187
vt 0.410223 0.410223
vt 0.276756 0.000000
vt 1.000000 1.000000
vt 0.340752 0.000000
vt 1.000000 0.748508
vt 1.000000 0.747303
vt 0.748507 0.748507
vt 0.340752 0.340752
vt 0.341470 0.000000
vt 0.728853 0.000000
vt 0.967605 0.169816
vt 0.179089 0.179089
vt 0.230994 0.053581
vt 0.648980 0.254636
vt 0.341470 0.341470
vt 0.747028 0.000000
vt 0.723211 0.169040
vt 0.230824 0.000000
vt 0.230827 0.230827
vt 1.000000 0.384330
vt 0.614642 0.000000
vt 0.614642 0.614642
vt 0.769176 0.000000
vt 0.185664 0.000000
vt 1.000000 0.247160
vt 0.247160 0.247160
vt 0.269079 0.000000
vt 1.000000 0.252972
vt 0.382132 0.382132
vt 1.000000 0.685777
vt 0.685777 0.685777
vt 0.185664 0.185664
vt 1.000000 0.271148
vt 0.389703 0.637430
vt 0.362001 0.637606
vt 0.515132 0.641368
vt 0.501130 0.643377
vt 0.564782 0.656827
vt 0.564782 0.676440
vt 0.564782 0.682599
vt 0.564782 0.682758
vt 0.564782 0.682815
vt 0.564782 0.673087
vt 0.390222 0.663282
vt 0.337263 0.645628
vt 0.338390 0.662944
vt 0.338270 0.661317
vt 0.338133 0.659441
vt 0.337813 0.655095
vt 0.337344 0.647233
vt 0.337294 0.646238
vt 0.375000 0.660752
vt 0.375000 0.640581
vt 0.375000 0.638361
vt 0.375000 0.663282
s 0
usemtl Material.027
f 3596/4913/2629 3577/4914/2629 3576/4915/2629 3597/4916/2629
f 3598/4917/2630 3577/4915/2630 3596/4918/2630
f 3598/4919/2631 3599/4920/2631 3566/4915/2631 3577/4921/2631
f 3566/4914/2632 3576/4915/2632 3577/4921/2632
f 3566/4914/2633 3565/4915/2633 3576/4921/2633
f 3565/4914/2634 3569/4915/2634 3576/4921/2634
f 3569/4914/2635 3574/4915/2635 3576/4921/2635
f 3574/4914/2636 3575/4915/2636 3576/4921/2636
f 3575/4914/2637 3571/4915/2637 3576/4921/2637
f 3576/4921/2638 3571/4914/2638 3601/4922/2638 3600/4923/2638
f 3597/4924/2639 3576/4921/2639 3600/4925/2639
f 3601/4926/2640 3571/4914/2640 3602/4927/2640
f 3609/4928/2641 3567/4915/2641 3603/4929/2641
f 3603/4930/2642 3567/4914/2642 3604/4931/2642
f 3606/4932/2643 3602/4933/2643 3571/4914/2643 3607/4934/2643 3608/4935/2643
f 3567/4914/2644 3610/4936/2644 3604/4937/2644
f 3599/4938/2645 3605/4939/2645 3566/4915/2645
f 3567/4915/2646 3566/4921/2646 3605/4940/2646 3610/4941/2646
f 3567/4914/2647 3565/4915/2647 3566/4921/2647
f 3567/4914/2648 3569/4915/2648 3565/4921/2648
f 3569/4921/2649 3568/4914/2649 3611/4942/2649 3612/4943/2649
f 3573/4915/2650 3569/4921/2650 3612/4944/2650 3613/4945/2650
f 3573/4914/2651 3574/4915/2651 3569/4921/2651
f 3567/4914/2652 3568/4915/2652 3569/4921/2652
f 3573/4914/2653 3572/4915/2653 3574/4921/2653
f 3572/4914/2654 3570/4915/2654 3574/4921/2654
f 3570/4914/2655 3575/4915/2655 3574/4921/2655
f 3570/4914/2656 3571/4915/2656 3575/4921/2656
f 3570/4914/2657 3607/4946/2657 3571/4921/2657
f 3607/4947/2658 3570/4914/2658 3572/4915/2658 3613/4948/2658
f 3613/4949/2659 3572/4914/2659 3573/4915/2659
f 3611/4950/2660 3568/4914/2660 3567/4915/2660 3609/4951/2660
s 1
f 3587/4952/2661 3591/4953/2662 3592/4954/2662 3581/4955/2662 3580/4956/2662 3578/4957/2662 3579/4958/2662 3582/4959/2662 3583/4960/2662 3584/4961/2662 3588/4962/2663
usemtl Material.020
f 3585/4963/2664 3590/4964/2665 3589/4965/2666 3595/4966/2666 3594/4967/2666 3593/4968/2666 3586/4969/2666
f 3590/4970/2665 3585/4971/2664 3587/4972/2661 3588/4973/2663
g Toaster_cell.094_Toaster_cell.092
v 0.115086 -0.128106 0.221461
v 0.108366 -0.140968 0.208431
v 0.110883 -0.119604 0.223505
v 0.099428 -0.018956 0.169674
v 0.118905 -0.025096 0.130856
v 0.088055 -0.026045 0.191705
v 0.067006 -0.026065 0.171465
v 0.067512 -0.022738 0.154184
v 0.073729 -0.018312 0.142163
v 0.077372 -0.020269 0.132291
v 0.107350 -0.040195 0.040082
v 0.067110 -0.140968 0.029454
v 0.067075 -0.140968 0.214363
v 0.079424 -0.140968 0.227081
v 0.086411 -0.140140 0.233530
v 0.091627 -0.139613 0.237629
v 0.099041 -0.139887 0.235493
v 0.135742 -0.095383 0.151736
v 0.135742 -0.033227 0.103183
v 0.135742 -0.036721 0.075959
v 0.135742 -0.038449 0.066351
v 0.135742 -0.044695 0.031940
v 0.132794 -0.138020 0.011956
v 0.122867 -0.139218 0.014187
v 0.135742 -0.130902 0.012795
v 0.080690 -0.140968 0.024527
v 0.108366 -0.140968 0.017487
v 0.106623 -0.140561 0.229640
v 0.116377 -0.139733 0.221748
v 0.119668 -0.139604 0.212418
v 0.135742 -0.117709 0.159647
v 0.135742 -0.130902 0.164109
v 0.132794 -0.138020 0.174837
v 0.067110 -0.140968 0.029454
v 0.067075 -0.140968 0.214363
v 0.079424 -0.140968 0.227081
v 0.086411 -0.140140 0.233530
v 0.091627 -0.139613 0.237629
v 0.099041 -0.139887 0.235493
v 0.135742 -0.095383 0.151736
v 0.135742 -0.033227 0.103183
v 0.135742 -0.036721 0.075959
v 0.135742 -0.038449 0.066351
v 0.135742 -0.044695 0.031940
v 0.132794 -0.138020 0.011956
v 0.122867 -0.139218 0.014187
v 0.135742 -0.130902 0.012795
v 0.080690 -0.140968 0.024527
v 0.108366 -0.140968 0.017487
v 0.135742 -0.130902 0.164109
v 0.132794 -0.138020 0.174837
v 0.135742 -0.117709 0.159647
v 0.116377 -0.139733 0.221748
v 0.119668 -0.139604 0.212418
v 0.106623 -0.140561 0.229640
vn -0.3337 0.9274 0.1688
vn -0.2003 0.9575 0.2074
vn -0.1972 0.9584 0.2066
vn 0.1249 0.9877 -0.0936
vn 0.1088 0.9820 -0.1545
vn -0.3590 0.8814 -0.3072
vn -0.8520 0.3784 -0.3617
vn -0.8789 0.3476 -0.3266
vn -0.9993 0.0285 -0.0238
vn -1.0000 -0.0007 -0.0002
vn -0.6944 0.2513 0.6742
vn -0.6692 0.2641 0.6946
vn -0.6105 0.2803 0.7407
vn 0.2699 0.3683 0.8897
vn 0.7743 0.3647 0.5171
vn 0.8505 0.3201 0.4175
vn 0.8599 0.3142 0.4022
vn 0.7536 0.5926 0.2844
vn 0.1343 0.9770 -0.1657
vn 0.1060 0.9787 -0.1760
vn 0.1041 0.9786 -0.1776
vn -0.2385 0.2105 -0.9480
vn -0.2410 0.2100 -0.9475
vn -0.3320 0.2291 -0.9150
vn 0.6093 0.1062 0.7858
vn 0.9366 0.1122 0.3319
vn 0.9357 0.1178 0.3325
vn 0.2888 -0.9574 -0.0000
vn 0.6227 -0.7825 -0.0000
vn 0.9764 -0.2161 -0.0000
vn 0.9655 -0.2606 -0.0000
vn 0.0290 -0.9989 0.0370
vn 0.0594 -0.9982 0.0060
vn 0.1142 -0.9934 0.0135
vn 0.1085 -0.9937 0.0269
vn 0.0693 -0.9976 0.0003
vn 0.1198 -0.9928 -0.0000
vn 0.6220 0.0883 0.7780
vn 0.0005 -1.0000 0.0007
vn 0.0008 -0.9996 0.0265
vn 0.0023 -0.9925 0.1222
vn 1.0000 -0.0000 -0.0000
vt 0.000000 0.000000
vt 1.000000 0.000000
vt 1.000000 1.000000
vt 1.000000 0.009458
vt 0.009809 0.000000
vt 0.010090 0.000000
vt 1.000000 0.302986
vt 0.010090 0.010090
vt 1.000000 0.302405
vt 0.302986 0.302986
vt 0.306932 0.000000
vt 0.302405 0.302405
vt 1.000000 0.097795
vt 0.306932 0.306932
vt 0.372406 0.000000
vt 0.097795 0.097795
vt 1.000000 0.464010
vt 0.396523 0.000000
vt 0.651228 0.000000
vt 0.651228 0.651228
vt 0.350053 0.000000
vt 0.350053 0.350053
vt 1.000000 0.411551
vt 0.411551 0.411551
vt 0.589796 0.000000
vt 1.000000 0.343328
vt 0.589796 0.589796
vt 0.789940 0.203695
vt 0.850146 0.212320
vt 1.000000 0.332887
vt 0.343328 0.343328
vt 0.564313 0.332127
vt 0.332887 0.332887
vt 1.000000 0.011488
vt 1.000000 0.627594
vt 0.511961 0.511961
vt 0.801492 0.529897
vt 1.000000 0.708842
vt 0.815273 0.815273
vt 0.792290 0.748172
vt 0.716723 0.495039
vt 0.708842 0.708842
vt 1.000000 0.603477
vt 0.375000 0.461097
vt 0.375000 0.380888
vt 0.383926 0.381301
vt 0.383926 0.455814
vt 0.345403 0.538046
vt 0.329276 0.535659
vt 0.342049 0.519161
vt 0.348395 0.522531
vt 0.256651 0.535659
vt 0.261789 0.514491
vt 0.255888 0.500000
vt 0.336097 0.500000
vt 0.919189 0.307261
vt 0.815273 0.000000
vt 0.318807 0.566554
vt 0.181143 0.566218
vt 0.178313 0.556642
vt 0.170724 0.535659
vt 0.328312 0.538324
vt 0.321340 0.557603
vt 0.343374 0.548193
vt 0.342574 0.552195
vt 0.341502 0.557557
vt 0.345161 0.539256
vt 0.344512 0.542504
vt 0.469799 0.425812
vt 0.415231 0.449722
vt 0.395551 0.453617
vt 0.383926 0.455814
vt 0.459538 0.390729
vt 0.465076 0.407674
vt 0.466621 0.412406
s 0
usemtl Material.027
f 3621/4974/2667 3620/4975/2667 3622/4976/2667
f 3620/4974/2668 3619/4975/2668 3622/4976/2668
f 3619/4974/2669 3617/4975/2669 3622/4976/2669
f 3617/4974/2670 3618/4975/2670 3622/4976/2670
f 3618/4974/2671 3623/4975/2671 3622/4976/2671
f 3623/4974/2672 3624/4975/2672 3622/4976/2672
f 3624/4974/2673 3647/4977/2673 3622/4976/2673
f 3622/4976/2674 3647/4978/2674 3621/4975/2674
f 3621/4976/2675 3647/4979/2675 3620/4975/2675
f 3648/4980/2676 3620/4976/2676 3647/4981/2676
f 3649/4982/2677 3620/4976/2677 3648/4983/2677
f 3650/4984/2678 3619/4975/2678 3620/4976/2678 3649/4985/2678
f 3651/4986/2679 3619/4976/2679 3650/4987/2679
f 3652/4988/2680 3616/4975/2680 3619/4976/2680 3651/4989/2680
f 3616/4974/2681 3617/4975/2681 3619/4976/2681
f 3616/4974/2682 3614/4975/2682 3617/4976/2682
f 3654/4990/2683 3617/4976/2683 3614/4974/2683 3653/4991/2683
f 3654/4992/2684 3618/4975/2684 3617/4976/2684
f 3623/4975/2685 3618/4976/2685 3654/4993/2685 3655/4994/2685
f 3623/4976/2686 3655/4995/2686 3656/4996/2686
f 3656/4997/2687 3657/4998/2687 3624/4975/2687 3623/4976/2687
f 3659/4999/2688 3624/4976/2688 3657/5000/2688 3660/5001/2688 3658/5002/2688
f 3661/5003/2689 3624/4976/2689 3659/5004/2689 3662/5005/2689
f 3661/5006/2690 3647/5007/2690 3624/4976/2690
f 3616/4975/2691 3652/5008/2691 3668/5009/2691 3614/4974/2691
f 3663/5010/2692 3665/5011/2692 3614/4976/2692 3666/5012/2692 3667/5013/2692 3664/5014/2692
f 3614/4976/2693 3665/5015/2693 3653/5016/2693
f 3614/4975/2704 3668/5029/2704 3666/5030/2704
s 1
usemtl Material.020
f 3646/5017/2694 3636/5018/2695 3638/5019/2696 3645/5020/2697
f 3641/5021/2698 3615/5022/2699 3643/5023/2700 3642/5024/2701
f 3643/5023/2700 3615/5022/2699 3640/5025/2702 3637/5026/2703 3636/5027/2695 3646/5028/2694
f 3626/5031/2705 3625/5032/2705 3639/5033/2705 3640/5034/2702 3615/5022/2699 3641/5035/2698 3627/5036/2706
f 3629/5037/2707 3628/5038/2707 3627/5039/2706 3641/5040/2698 3630/5041/2707
f 3632/5042/2708 3631/5043/2708 3644/5044/2708 3645/5045/2697 3638/5019/2696 3635/5046/2708 3634/5047/2708 3633/5048/2708
g Toaster_cell.095_Toaster_cell.093
v -0.054227 0.072168 0.248747
v -0.021099 0.073058 0.253836
v -0.043960 0.044754 0.253836
v -0.054180 0.042169 0.253836
v -0.038994 0.046146 0.253836
v -0.021099 0.051234 0.253836
v -0.008361 0.056078 0.253631
v -0.054197 0.073058 0.253836
v -0.043171 0.078670 0.250037
v -0.034959 0.081432 0.248167
v -0.021099 0.080111 0.249061
v -0.007472 0.079552 0.249819
v -0.003941 0.058872 0.253388
v -0.004824 0.073526 0.253540
v -0.003941 0.066956 0.253385
v -0.043960 0.044754 0.253836
v -0.054180 0.042169 0.253836
v -0.038994 0.046146 0.253836
v -0.021099 0.051234 0.253836
v -0.054197 0.073058 0.253836
v -0.043171 0.078670 0.250037
v -0.034959 0.081432 0.248167
v -0.021099 0.080111 0.249061
v -0.007472 0.079552 0.249819
v -0.004824 0.073526 0.253540
v -0.003941 0.066956 0.253385
v -0.003941 0.058872 0.253388
v -0.008361 0.056078 0.253631
vn 0.0423 -0.1670 -0.9850
vn 0.0482 -0.1619 -0.9856
vn 0.7988 0.0544 -0.5991
vn -1.0000 -0.0005 0.0060
vn -0.4886 0.8600 -0.1476
vn -0.3761 0.7480 -0.5469
vn -0.0000 0.1507 0.9886
vn 0.0017 0.2855 0.9584
vn -0.0053 0.5524 0.8336
vn -0.0000 0.5606 0.8281
vn -0.0113 0.5431 0.8396
vn 0.0116 0.2410 0.9704
vn 0.0068 0.0003 1.0000
vn 0.0318 -0.0011 0.9995
vn -0.0000 -0.0000 1.0000
vn 0.0706 -0.0061 0.9975
vn 0.0469 -0.1652 -0.9851
vt 1.000000 0.000000
vt 1.000000 0.284558
vt 0.676038 0.000000
vt 1.000000 0.127232
vt 1.000000 1.000000
vt 0.564066 0.564066
vt 0.467724 0.285008
vt 0.350302 0.000000
vt 0.881802 0.024328
vt 0.350302 0.350302
vt 0.895934 0.551311
vt 0.867658 0.692284
vt 0.765276 0.765276
vt 0.928777 0.000000
vt 1.000000 0.323962
vt 0.928777 0.928777
vt 1.000000 0.759314
vt 0.759314 0.759314
vt 1.000000 0.564066
vt 0.609462 0.674908
vt 0.609462 0.644429
vt 0.609462 0.657192
vt 0.609462 0.664754
vt 0.555077 0.631708
vt 0.573983 0.644429
vt 0.564782 0.644429
vt 0.566007 0.629525
vt 0.565757 0.629525
vt 0.595277 0.642350
vt 0.551014 0.629445
vt 0.564782 0.674893
vt 0.564782 0.665481
vt 0.564782 0.660908
vt 0.564782 0.674908
vt 0.565218 0.629445
vt 0.551441 0.629244
vt 0.552203 0.628291
vt 0.559371 0.628291
vt 0.000000 0.000000
vt 0.872768 0.000000
vt 0.622061 0.122212
vt 0.271375 0.000000
vt 0.284558 0.284558
s 0
usemtl Material.027
f 3669/5049/2709 3684/5050/2709 3685/5051/2709
f 3696/5052/2710 3669/5053/2710 3690/5054/2710 3691/5055/2710 3692/5056/2710 3695/5057/2710
f 3692/5058/2711 3693/5059/2711 3694/5060/2711 3695/5061/2711
f 3688/5062/2712 3669/5049/2712 3685/5063/2712
f 3669/5053/2713 3688/5064/2713 3689/5065/2713
f 3669/5053/2714 3689/5066/2714 3690/5067/2714
s 1
f 3676/5068/2715 3670/5069/2716 3679/5069/2717 3678/5070/2718 3677/5071/2718
f 3680/5072/2719 3679/5073/2717 3670/5074/2716 3682/5075/2720
f 3682/5076/2720 3670/5074/2716 3687/5077/2721 3675/5078/2722
f 3672/5079/2723 3671/5080/2723 3686/5081/2723 3687/5074/2721 3670/5074/2716 3676/5082/2715
f 3682/5083/2720 3675/5084/2722 3681/5085/2724 3683/5086/2724
s 0
f 3669/5087/2725 3696/5088/2725 3674/5089/2725 3673/5090/2725 3684/5091/2725
g Toaster_cell.096_Toaster_cell.094
v 0.001450 -0.119724 -0.224271
v 0.001416 -0.101096 -0.217404
v 0.004079 -0.072424 -0.208585
v 0.064834 -0.034725 -0.239184
v 0.067279 -0.044068 -0.230324
v 0.063792 -0.084274 -0.253836
v 0.064831 -0.106776 -0.253836
v 0.063368 -0.076834 -0.253836
v 0.066484 -0.138020 -0.250028
v 0.068775 -0.139577 -0.237906
v 0.065563 -0.130902 -0.253836
v 0.049618 -0.140968 -0.149740
v 0.026832 -0.140968 -0.150464
v 0.066484 -0.140968 -0.227081
v 0.017913 -0.139180 -0.240995
v 0.028597 -0.138020 -0.250028
v 0.035878 -0.130902 -0.253836
v 0.001252 -0.140968 -0.217368
v 0.001223 -0.140968 -0.224384
v 0.063792 -0.084274 -0.253836
v 0.064831 -0.106776 -0.253836
v 0.063368 -0.076834 -0.253836
v 0.066484 -0.138020 -0.250028
v 0.065563 -0.130902 -0.253836
v 0.068775 -0.139577 -0.237906
v 0.049618 -0.140968 -0.149740
v 0.026832 -0.140968 -0.150464
v 0.028597 -0.138020 -0.250028
v 0.035878 -0.130902 -0.253836
v 0.066484 -0.140968 -0.227081
v 0.017913 -0.139180 -0.240995
v 0.001252 -0.140968 -0.217368
v 0.001223 -0.140968 -0.224384
vn 0.9742 0.0450 -0.2213
vn 0.9654 0.0550 -0.2548
vn -0.5668 0.2882 -0.7718
vn -0.5678 0.2897 -0.7705
vn -0.0534 0.6797 0.7315
vn 0.9829 0.0298 -0.1819
vn -0.0243 0.6418 0.7665
vn 0.9772 -0.0009 0.2123
vn -0.7060 0.0113 -0.7082
vn -0.6488 0.0995 -0.7545
vn -0.5809 0.2553 -0.7729
vn -0.9610 0.0042 0.2765
vn -0.9993 0.0109 -0.0344
vn -1.0000 0.0041 0.0042
vn -0.9340 -0.0072 0.3571
vn -0.0012 -0.8514 -0.5245
vn -0.0015 -0.9387 -0.3447
vn -0.0000 -0.3279 -0.9447
vn -0.0000 -0.2540 -0.9672
vn -0.0011 -0.9975 -0.0703
vn -0.0006 -0.9993 -0.0384
vn -0.0019 -0.9927 -0.1210
vn -0.0000 -1.0000 -0.0000
vn -0.0000 -0.0000 -1.0000
vt 1.000000 1.000000
vt 0.000000 0.000000
vt 0.427494 0.000000
vt 1.000000 0.682440
vt 0.682440 0.682440
vt 1.000000 0.634999
vt 1.000000 0.000000
vt 0.634999 0.634999
vt 0.411660 0.000000
vt 0.791706 0.408390
vt 1.000000 0.572506
vt 0.350011 0.350011
vt 0.642577 0.360124
vt 1.000000 0.313812
vt 0.607343 0.000000
vt 0.915266 0.340258
vt 1.000000 0.350011
vt 0.338299 0.338299
vt 0.699822 0.000000
vt 1.000000 0.273921
vt 0.455912 0.109469
vt 0.273921 0.273921
vt 0.925707 0.580102
vt 0.498518 0.498518
vt 0.421549 0.000000
vt 1.000000 0.554008
vt 0.554008 0.554008
vt 1.000000 0.556110
vt 1.000000 0.392657
vt 0.421549 0.421549
vt 0.375000 0.186223
vt 0.375000 0.153589
vt 0.375000 0.158038
vt 0.375000 0.185375
vt 0.156239 0.566144
vt 0.125000 0.623609
vt 0.159315 0.603171
vt 0.158642 0.593656
vt 0.125000 0.563777
vt 0.125000 0.561668
vt 0.160160 0.567315
vt 0.182964 0.578338
vt 0.185276 0.593720
vt 0.163424 0.622818
vt 0.163424 0.622367
vt 0.383926 0.185375
vt 0.564782 0.158487
vt 0.383926 0.183354
vt 0.383926 0.183744
vt 0.383926 0.184700
s 0
usemtl Material.027
f 3700/5092/2726 3701/5093/2726 3717/5094/2726 3716/5095/2726
f 3700/5092/2727 3716/5096/2727 3718/5097/2727
f 3698/5098/2728 3700/5092/2728 3718/5099/2728 3725/5100/2728
f 3698/5093/2729 3699/5098/2729 3700/5092/2729
f 3699/5093/2730 3701/5098/2730 3700/5092/2730
f 3720/5101/2731 3717/5102/2731 3701/5092/2731 3721/5103/2731 3719/5104/2731
f 3722/5105/2732 3701/5092/2732 3699/5093/2732 3723/5106/2732
f 3726/5107/2733 3721/5108/2733 3701/5092/2733 3722/5109/2733
f 3715/5110/2734 3697/5098/2734 3727/5111/2734
f 3724/5112/2735 3727/5113/2735 3697/5093/2735
f 3697/5093/2736 3698/5098/2736 3725/5114/2736 3724/5115/2736
f 3699/5098/2737 3698/5092/2737 3728/5116/2737
f 3697/5093/2738 3715/5117/2738 3698/5092/2738
f 3698/5092/2739 3715/5118/2739 3728/5119/2739
f 3723/5120/2740 3699/5092/2740 3728/5121/2740
s 1
f 3707/5137/2744 3713/5138/2743 3704/5139/2749 3702/5140/2749 3703/5141/2749
usemtl Material.020
f 3705/5122/2741 3712/5123/2742 3713/5124/2743 3707/5125/2744
f 3710/5126/2745 3729/5127/2746 3711/5128/2747 3712/5129/2742 3705/5130/2741 3706/5131/2747
f 3710/5132/2745 3708/5133/2748 3709/5134/2748 3714/5135/2748 3729/5136/2746
g Toaster_cell.097_Toaster_cell.095
v -0.048692 -0.084414 0.214223
v -0.070808 -0.061404 0.217042
v -0.055936 -0.064761 0.214880
v -0.049200 -0.071111 0.209303
v -0.099572 -0.123169 0.218546
v -0.101238 -0.112461 0.212785
v -0.098238 -0.073811 0.200348
v -0.110220 -0.081807 0.189870
v -0.089846 -0.140968 0.219413
v -0.057285 -0.140968 0.215482
v -0.048742 -0.140968 0.214371
v -0.100182 -0.140968 0.219164
v -0.105733 -0.140968 0.206632
v -0.108366 -0.140968 0.200664
v -0.132794 -0.138020 0.144976
v -0.135742 -0.130902 0.137501
v -0.048811 -0.140968 0.144321
v -0.051694 -0.140968 0.134966
v -0.076970 -0.140968 0.131701
v -0.132794 -0.138020 0.128246
v -0.108366 -0.140968 0.128018
v -0.048811 -0.140968 0.144321
v -0.051694 -0.140968 0.134966
v -0.089846 -0.140968 0.219413
v -0.057285 -0.140968 0.215482
v -0.048742 -0.140968 0.214371
v -0.100182 -0.140968 0.219164
v -0.105733 -0.140968 0.206632
v -0.132794 -0.138020 0.144976
v -0.135742 -0.130902 0.137501
v -0.108366 -0.140968 0.200664
v -0.132794 -0.138020 0.128246
v -0.076970 -0.140968 0.131701
v -0.108366 -0.140968 0.128018
vn 0.1198 0.0009 0.9928
vn 0.1290 0.0025 0.9916
vn 0.1487 0.0218 0.9887
vn 0.0717 0.7449 -0.6633
vn 0.0310 0.7772 -0.6285
vn -0.5903 0.2932 0.7520
vn -0.0240 0.0355 0.9991
vn -0.9134 0.0454 0.4046
vn -0.9140 0.0449 0.4033
vn 1.0000 -0.0009 -0.0010
vn 0.9852 0.1196 -0.1227
vn 0.7479 0.2552 0.6128
vn 0.1157 0.7219 -0.6823
vn 0.0885 0.7232 -0.6850
vn 0.0576 0.7270 -0.6842
vn -0.8250 0.1628 0.5412
vn -0.7282 0.2605 0.6339
vn -0.6533 0.2774 0.7044
vn -0.4125 -0.9109 -0.0000
vn -0.3337 -0.9427 -0.0000
vn -0.9239 -0.3827 -0.0000
vn -0.0159 -0.9999 -0.0000
vn -0.0622 -0.9981 -0.0000
vn -0.0000 -1.0000 -0.0000
vt 1.000000 0.385939
vt 1.000000 1.000000
vt 0.387859 0.387859
vt 0.469278 0.000000
vt 1.000000 0.000000
vt 0.385939 0.385939
vt 0.000000 0.000000
vt 1.000000 0.387859
vt 0.260940 0.000000
vt 1.000000 0.539921
vt 0.260940 0.260940
vt 0.451101 0.014713
vt 0.515809 0.115358
vt 0.540196 0.500900
vt 0.539921 0.539921
vt 1.000000 0.530722
vt 0.468829 0.000000
vt 0.468829 0.468829
vt 0.416756 0.000000
vt 1.000000 0.395773
vt 0.457621 0.000000
vt 0.395773 0.395773
vt 1.000000 0.565693
vt 0.457621 0.457621
vt 0.718790 0.456977
vt 0.935237 0.483540
vt 0.375000 0.811846
vt 0.375000 0.803607
vt 0.383926 0.808339
vt 0.326322 0.714341
vt 0.321393 0.750000
vt 0.313154 0.750000
vt 0.298691 0.714341
vt 0.171446 0.712345
vt 0.170724 0.714341
vt 0.170724 0.714341
vt 0.179333 0.690537
vt 0.183023 0.671268
vt 0.183046 0.671117
vt 0.316947 0.671070
vt 0.317814 0.676837
vt 0.324198 0.700300
vt 0.327032 0.708136
s 0
usemtl Material.027
f 3754/5142/2750 3731/5143/2750 3753/5144/2750
f 3755/5145/2751 3730/5146/2751 3731/5143/2751 3754/5147/2751
f 3730/5148/2752 3732/5146/2752 3731/5143/2752
f 3732/5148/2753 3737/5146/2753 3731/5143/2753
f 3737/5148/2754 3736/5146/2754 3731/5143/2754
f 3736/5148/2755 3734/5146/2755 3731/5143/2755
f 3753/5149/2756 3731/5143/2756 3734/5148/2756 3756/5150/2756
f 3734/5148/2757 3737/5146/2757 3757/5151/2757 3756/5152/2757
f 3759/5153/2758 3758/5154/2758 3760/5155/2758 3757/5156/2758 3737/5148/2758
f 3755/5157/2759 3751/5158/2759 3730/5146/2759
f 3751/5159/2760 3752/5160/2760 3733/5146/2760 3730/5143/2760
f 3733/5148/2761 3732/5146/2761 3730/5143/2761
f 3752/5161/2762 3732/5143/2762 3733/5148/2762
f 3762/5162/2763 3737/5146/2763 3732/5143/2763 3752/5163/2763
f 3759/5164/2764 3737/5143/2764 3762/5165/2764 3763/5166/2764 3761/5167/2764
f 3734/5148/2765 3735/5146/2765 3737/5143/2765
f 3735/5148/2766 3736/5146/2766 3737/5143/2766
f 3735/5148/2767 3734/5146/2767 3736/5143/2767
s 1
usemtl Material.020
f 3749/5168/2768 3744/5169/2769 3745/5170/2770
f 3743/5171/2771 3744/5172/2769 3749/5173/2768 3750/5174/2772
f 3742/5175/2773 3743/5176/2771 3750/5177/2772 3748/5178/2773 3747/5179/2773 3746/5180/2773 3740/5181/2773 3739/5182/2773 3738/5183/2773 3741/5184/2773
g Toaster_cell.098_Toaster_cell.096
v -0.000439 0.039714 -0.145218
v 0.017486 0.044127 -0.042016
v 0.018667 0.108595 -0.004653
v 0.021099 0.140587 -0.135628
v 0.018614 0.144538 -0.138085
v -0.003382 0.141454 -0.162911
v 0.030511 0.114374 -0.135628
v 0.021099 0.070074 -0.135628
v 0.029842 0.144835 -0.140542
v 0.021099 0.055936 -0.133561
v 0.032381 0.140587 -0.135628
v 0.021099 0.043473 -0.084651
v 0.021099 0.113338 -0.024249
v 0.021099 0.042334 -0.131455
v -0.012291 0.140183 -0.168575
v -0.007776 0.144835 -0.140542
v 0.020433 0.142983 -0.004046
v 0.030511 0.114374 -0.135628
v 0.021099 0.070074 -0.135628
v 0.021099 0.055936 -0.133561
v 0.029842 0.144835 -0.140542
v -0.003382 0.141454 -0.162911
v 0.032381 0.140587 -0.135628
v 0.021099 0.043473 -0.084651
v 0.021099 0.113338 -0.024249
v 0.021099 0.042334 -0.131455
v -0.012291 0.140183 -0.168575
v -0.007776 0.144835 -0.140542
v 0.020433 0.142983 -0.004046
vn 0.5762 -0.1178 -0.8088
vn 0.9936 -0.0738 0.0853
vn 0.1055 -0.9941 0.0242
vn 0.5451 -0.1283 -0.8285
vn 0.9919 -0.0703 0.1061
vn -0.9813 -0.0828 0.1740
vn 0.1612 0.9819 0.0991
vn -0.0005 0.9974 -0.0718
vn 0.9775 0.2108 0.0029
vn 1.0000 0.0041 0.0010
vn 0.9975 0.0041 0.0707
vn 0.6419 0.4208 0.6410
vn -0.0000 -0.0000 1.0000
vn 0.0409 0.3489 0.9363
vn -0.9828 -0.0500 0.1779
vn 0.0812 0.9089 0.4090
vn -0.0079 0.9915 -0.1299
vt 0.467856 0.467856
vt 0.178669 0.072437
vt 0.086195 0.000000
vt 0.647005 0.000000
vt 0.667131 0.611959
vt 0.665255 0.665255
vt 0.543178 0.000000
vt 1.000000 0.000000
vt 1.000000 0.489871
vt 1.000000 0.851283
vt 0.489871 0.489871
vt 0.000000 0.000000
vt 0.803592 0.155811
vt 1.000000 0.352995
vt 1.000000 0.913805
vt 0.851283 0.851283
vt 1.000000 0.456822
vt 0.361420 0.361420
vt 1.000000 1.000000
vt 0.819209 0.610147
vt 0.819209 0.632161
vt 0.752019 0.605571
vt 0.761941 0.605571
vt 0.791686 0.605571
vt 0.814734 0.605571
vt 0.815771 0.605571
vt 0.816789 0.605571
vt 0.816789 0.596904
vt 0.816789 0.595182
vt 0.418572 0.000000
vt 0.779338 0.593393
vt 0.645817 0.645817
vt 0.816951 0.605878
vt 0.816789 0.594974
vt 0.818048 0.597519
vt 0.818048 0.607859
vt 0.818048 0.594709
vt 0.752014 0.605571
vt 0.831808 0.632161
vt 0.819209 0.610147
vt 0.831808 0.597519
vt 0.819209 0.628114
vt 0.831808 0.635982
s 0
usemtl Material.027
f 3781/5185/2774 3782/5186/2774 3783/5187/2774 3785/5188/2774 3784/5189/2774 3786/5190/2774
f 3788/5191/2775 3765/5192/2775 3787/5193/2775
f 3764/5192/2776 3789/5194/2776 3787/5195/2776 3765/5196/2776
f 3790/5197/2777 3785/5198/2777 3783/5199/2777 3789/5200/2777 3764/5196/2777
f 3766/5196/2778 3765/5192/2778 3788/5201/2778 3780/5202/2778
f 3766/5196/2779 3764/5192/2779 3765/5203/2779
s 1
f 3768/5204/2780 3779/5205/2781 3792/5204/2782
s 0
f 3766/5196/2788 3780/5214/2788 3791/5215/2788 3790/5216/2788 3764/5196/2788
s 1
f 3772/5219/2789 3768/5220/2780 3774/5221/2787
f 3779/5223/2781 3768/5224/2780 3772/5225/2789 3769/5226/2790 3778/5227/2790
usemtl Material.020
f 3792/5206/2782 3776/5207/2783 3775/5208/2783 3777/5209/2783 3773/5210/2783 3771/5211/2784 3767/5211/2785
f 3770/5212/2786 3774/5213/2787 3767/5211/2785 3771/5211/2784
f 3768/5217/2780 3767/5211/2785 3774/5218/2787
f 3792/5222/2782 3767/5211/2785 3768/5217/2780
g Toaster_cell.099_Toaster_cell.097
v 0.011007 0.037429 -0.157256
v 0.011271 -0.027506 -0.233861
v -0.028992 0.035075 -0.159826
v -0.028845 -0.024989 -0.230279
v -0.021435 0.033324 -0.157594
v -0.020934 -0.025992 -0.226610
v -0.008909 -0.027472 -0.230204
v -0.008410 0.102113 -0.233729
v 0.011030 0.103506 -0.232764
v 0.011126 0.073058 -0.253836
v 0.011208 0.027769 -0.253836
v -0.028952 0.100489 -0.234852
v 0.011225 -0.027567 -0.253836
v -0.028868 0.034500 -0.253836
v -0.028902 0.073058 -0.253836
v -0.016686 -0.026792 -0.253836
v -0.008923 -0.027723 -0.253836
v -0.022436 -0.026039 -0.253836
v 0.005462 -0.027719 -0.253836
v -0.028712 -0.025147 -0.253836
v -0.008410 0.102113 -0.233729
v 0.011030 0.103506 -0.232764
v 0.011126 0.073058 -0.253836
v 0.011208 0.027769 -0.253836
v -0.028952 0.100489 -0.234852
v 0.011225 -0.027567 -0.253836
v -0.028902 0.073058 -0.253836
v -0.028868 0.034500 -0.253836
v -0.016686 -0.026792 -0.253836
v -0.008923 -0.027723 -0.253836
v -0.022436 -0.026039 -0.253836
v 0.005462 -0.027719 -0.253836
v -0.028712 -0.025147 -0.253836
vn -0.0863 0.7497 0.6561
vn -0.0866 0.6202 0.7796
vn 0.0888 -0.7551 0.6496
vn 0.0999 -0.7568 0.6460
vn 0.1152 -0.7575 0.6425
vn 1.0000 0.0018 0.0019
vn -0.0951 0.7503 0.6542
vn 1.0000 0.0003 -0.0023
vn -1.0000 -0.0009 -0.0013
vn -0.3691 -0.7076 0.6025
vn -0.3455 -0.7129 0.6102
vn -0.1191 -0.9928 0.0106
vn -0.1297 -0.9915 0.0089
vn 0.0003 -0.9999 0.0106
vn 0.0264 -0.9996 0.0030
vn -1.0000 -0.0026 -0.0056
vn -0.1407 -0.9900 0.0058
vn -0.0000 0.2977 -0.9547
vn -0.0000 0.2983 -0.9545
vn -0.0000 0.5691 -0.8223
vn -0.0000 -0.0000 -1.0000
vt 0.486023 0.000000
vt 1.000000 0.000000
vt 1.000000 1.000000
vt 0.484078 0.484078
vt 0.000000 0.000000
vt 1.000000 0.484078
vt 0.286381 0.000000
vt 0.629555 0.163551
vt 0.478739 0.000000
vt 1.000000 0.513977
vt 0.284742 0.000000
vt 0.286381 0.286381
vt 0.478739 0.478739
vt 0.524051 0.162023
vt 0.679400 0.000000
vt 0.645450 0.645450
vt 0.677145 0.000000
vt 0.322167 0.000000
vt 1.000000 0.645450
vt 0.677145 0.677145
vt 0.712748 0.000000
vt 0.712748 0.712748
vt 1.000000 0.715258
vt 1.000000 0.320600
vt 0.681553 0.000000
vt 1.000000 0.318447
vt 0.677833 0.000000
vt 0.606320 0.135245
vt 0.606320 0.098387
vt 0.606320 0.098341
vt 0.606320 0.117256
vt 0.606320 0.135157
vt 0.564782 0.109634
vt 0.564782 0.104339
vt 0.564782 0.098560
vt 0.564782 0.098417
vt 0.564782 0.098385
vt 0.564782 0.135246
vt 0.564782 0.135321
vt 0.564782 0.135337
vt 0.564782 0.130029
vt 0.564782 0.116783
s 0
usemtl Material.027
f 3813/5228/2791 3795/5229/2791 3793/5230/2791 3814/5231/2791
f 3795/5232/2792 3797/5229/2792 3793/5230/2792
f 3797/5232/2793 3798/5229/2793 3793/5230/2793
f 3798/5232/2794 3799/5229/2794 3793/5230/2794
f 3799/5232/2795 3794/5229/2795 3793/5230/2795
f 3814/5233/2796 3793/5230/2796 3794/5232/2796 3816/5234/2796 3815/5235/2796
f 3817/5236/2797 3795/5229/2797 3813/5237/2797
f 3794/5232/2798 3818/5238/2798 3816/5239/2798
f 3795/5230/2799 3817/5240/2799 3819/5241/2799 3820/5242/2799 3796/5229/2799
f 3796/5232/2800 3798/5229/2800 3795/5230/2800
f 3798/5232/2801 3797/5229/2801 3795/5230/2801
f 3799/5229/2802 3798/5230/2802 3821/5243/2802 3822/5244/2802
f 3798/5230/2803 3796/5232/2803 3823/5245/2803 3821/5246/2803
f 3794/5229/2804 3799/5230/2804 3822/5247/2804 3824/5248/2804
f 3794/5230/2805 3824/5249/2805 3818/5250/2805
f 3796/5229/2806 3820/5251/2806 3825/5252/2806
f 3825/5253/2807 3823/5254/2807 3796/5229/2807
s 1
f 3802/5255/2808 3807/5256/2809 3804/5257/2810 3800/5258/2810 3801/5259/2810
f 3808/5260/2811 3810/5261/2811 3812/5262/2811 3806/5263/2811 3807/5264/2809 3802/5265/2808 3803/5266/2811 3805/5267/2811 3811/5268/2811 3809/5269/2811
g Toaster_cell.075_Toaster_cell.098
v 0.019161 0.043940 -0.033742
v 0.021099 0.043446 -0.057484
v 0.021099 0.058991 -0.044704
v 0.021099 0.079753 -0.026547
v 0.021099 0.043312 -0.004746
v 0.021099 0.097746 -0.004292
v 0.021099 0.103908 -0.004284
v 0.021099 0.043288 -0.040295
v 0.021099 0.097746 -0.004292
v 0.021099 0.103908 -0.004284
v 0.021099 0.043312 -0.004746
v 0.021099 0.079753 -0.026547
v 0.021099 0.043288 -0.040295
v 0.021099 0.043446 -0.057484
v 0.021099 0.058991 -0.044704
vn -0.9943 0.0679 -0.0825
vn -0.3262 -0.9453 -0.0024
vn -0.9944 0.0698 -0.0799
vn -0.9976 0.0535 -0.0432
vn -0.9978 -0.0006 0.0667
vn 1.0000 -0.0000 -0.0000
vt 0.099355 0.000000
vt 0.248752 0.248752
vt 0.000000 0.000000
vt 0.248752 0.000000
vt 1.000000 0.716492
vt 1.000000 1.000000
vt 0.099355 0.099355
vt 0.235628 0.000000
vt 0.764372 0.000000
vt 1.000000 0.000000
vt 0.908865 0.908865
vt 0.752110 0.605571
vt 0.752117 0.605571
vt 0.752337 0.605571
vt 0.769843 0.605571
vt 0.778308 0.605571
vt 0.772014 0.605571
vt 0.763073 0.605571
s 0
usemtl Material.027
f 3840/5270/2812 3839/5271/2812 3826/5272/2812
f 3826/5272/2813 3839/5273/2813 3838/5274/2813 3836/5275/2813
f 3840/5276/2814 3826/5272/2814 3837/5277/2814
f 3837/5278/2815 3826/5279/2815 3834/5275/2815 3835/5280/2815
f 3834/5272/2816 3826/5279/2816 3836/5275/2816
s 1
usemtl Material.020
f 3832/5281/2817 3831/5282/2817 3830/5283/2817 3833/5284/2817 3827/5285/2817 3828/5286/2817 3829/5287/2817
