# Blender 4.3.2
# www.blender.org
mtllib VineBootleDestructable.mtl
g Bottle_cell_Bottle_cell.089
v -0.014170 0.033159 -0.057743
v -0.000483 0.018841 -0.061533
v 0.029825 0.048123 -0.053456
v -0.000000 0.023896 -0.024672
v -0.000738 0.010755 -0.032093
v -0.006308 0.015769 -0.027695
v 0.004985 0.026482 -0.016783
v 0.032417 0.130677 -0.060905
v -0.016240 0.165647 -0.065299
v -0.000000 0.169462 -0.069657
v -0.003149 0.027152 -0.015571
v -0.005281 0.023734 -0.023353
v -0.016481 0.075002 -0.065082
v -0.016188 0.046091 -0.065112
v -0.004058 0.033224 -0.068340
v -0.000406 0.029628 -0.069313
v 0.025729 0.055184 -0.062570
v 0.011596 0.023902 -0.021565
v 0.033950 0.091851 -0.060429
v 0.033837 0.063370 -0.060412
v -0.000738 0.010755 -0.032093
v -0.006308 0.015769 -0.027695
v 0.032417 0.130677 -0.060905
v -0.000000 0.169462 -0.069657
v -0.016240 0.165647 -0.065299
v -0.016481 0.075002 -0.065082
v -0.005281 0.023734 -0.023353
v -0.016188 0.046091 -0.065112
v -0.004058 0.033224 -0.068340
v -0.000406 0.029628 -0.069313
v 0.033950 0.091851 -0.060429
v 0.033837 0.063370 -0.060412
v 0.004985 0.026482 -0.016783
v -0.003149 0.027152 -0.015571
v 0.025729 0.055184 -0.062570
v 0.011596 0.023902 -0.021565
vn -0.7344 -0.6528 -0.1857
vn 0.1661 0.3471 0.9230
vn -0.9648 0.0032 0.2629
vn -0.9688 -0.0101 0.2477
vn -0.6439 -0.4522 -0.6172
vn -0.6193 -0.4563 -0.6389
vn 0.6170 -0.4632 -0.6362
vn 0.7278 -0.6724 -0.1348
vn 0.8692 -0.0032 0.4944
vn 0.7670 0.0847 0.6360
vn 0.6269 -0.4538 -0.6333
vn 0.2556 -0.0024 -0.9668
vn -0.0022 -0.0021 -1.0000
vn -0.0826 -0.0020 -0.9966
vn -0.2588 -0.0016 -0.9659
vn -0.0014 -0.9341 0.3570
vn 0.1842 -0.7409 0.6458
vn -0.0026 -0.7325 0.6807
vn -0.0649 -0.9354 0.3475
vn -0.1500 -0.7695 0.6208
vn 0.2256 -0.4886 0.8429
vn 0.0268 -0.4926 0.8698
vt 1.000000 0.542160
vt 0.594873 0.594873
vt 0.000000 0.000000
vt 1.000000 0.000000
vt 0.744067 0.111673
vt 1.000000 0.141594
vt 0.951322 0.874379
vt 0.875575 0.875575
vt 0.300798 0.300798
vt 0.997392 0.856922
vt 0.876715 0.876715
vt 0.141594 0.141594
vt 1.000000 0.487512
vt 1.000000 0.594873
vt 0.857178 0.857178
vt 0.487512 0.487512
vt 0.881859 0.000000
vt 1.000000 1.000000
vt 0.881859 0.881859
vt 0.883797 0.000000
vt 0.883797 0.883797
vt 1.000000 0.866060
vt 0.862320 0.849012
vt 0.862248 0.000000
vt 1.000000 0.398366
vt 0.694214 0.000000
vt 0.694214 0.694214
vt 0.115839 0.000000
vt 1.000000 0.512727
vt 0.512727 0.512727
vt 1.000000 0.316170
vt 1.000000 0.900968
vt 0.904607 0.904607
vt 1.000000 0.137752
vt 0.891726 0.000000
vt 0.549434 0.111235
vt 0.561353 0.097619
vt 0.604179 0.050402
vt 0.604184 0.310437
vt 0.548334 0.236318
vt 0.547670 0.166384
vt 0.604958 0.049111
vt 0.611979 0.055827
vt 0.635292 0.079862
vt 0.635856 0.133893
vt 0.635396 0.303292
vt 0.604184 0.310437
vt 0.070493 0.794020
vt 0.083288 0.786543
vt 0.088338 0.795290
vt 0.076578 0.808023
vt 0.073086 0.799377
vt 0.084829 0.816669
vt 0.386992 0.808957
vt 0.395318 0.822357
vt 0.372187 0.818809
vt 0.372488 0.808706
vt 0.372536 0.838112
vt 0.393008 0.826635
s 0
f 21/1/1 22/2/1 1/3/1 2/4/1
f 24/5/2 25/6/2 34/7/2 33/8/2 23/9/2
f 27/10/3 34/11/3 25/12/3 26/13/3
f 1/4/4 22/14/4 27/15/4 26/16/4 28/17/4
f 1/18/5 28/19/5 29/20/5 2/4/5
f 2/18/6 29/21/6 30/22/6
f 3/4/7 2/18/7 30/23/7 35/24/7
f 21/25/8 2/18/8 3/3/8 18/26/8
f 18/27/9 3/3/9 32/28/9 31/29/9
f 31/30/10 23/31/10 33/32/10 18/33/10
f 3/4/11 35/34/11 32/35/11
s 1
f 20/36/12 17/37/12 16/38/13 10/39/14 8/40/12 19/41/12
f 16/42/13 15/43/15 14/44/15 13/45/15 9/46/15 10/47/14
f 11/48/16 12/49/17 4/50/18
f 7/51/19 11/52/16 4/50/18 36/53/20
f 6/54/21 5/55/22 4/56/18 12/57/17
f 36/58/20 4/56/18 5/59/22
g Bottle_cell.001_Bottle_cell.090
v -0.043195 0.033705 -0.041903
v -0.047388 0.024692 -0.000173
v -0.062818 0.073952 0.021529
v -0.024631 0.023939 -0.000042
v -0.021331 0.023918 -0.012357
v -0.065577 0.058554 -0.014260
v -0.061604 0.040250 -0.029060
v -0.029247 0.016007 -0.000028
v -0.023385 0.023573 0.005425
v -0.067250 0.115169 0.007705
v -0.019847 0.025701 0.001057
v -0.069370 0.076079 -0.000129
v -0.060079 0.040960 -0.034754
v -0.053138 0.039060 -0.041691
v -0.049660 0.043133 -0.045177
v -0.024841 0.016950 -0.014371
v -0.020410 0.016056 -0.019505
v -0.013543 0.027656 -0.005950
v -0.069366 0.137802 -0.000238
v -0.061190 0.188978 -0.030828
v -0.051771 0.189207 -0.043307
v -0.047796 0.080705 -0.047103
v -0.017188 0.023911 -0.016499
v -0.048164 0.189350 -0.046914
v -0.065577 0.058554 -0.014260
v -0.061604 0.040250 -0.029060
v -0.029247 0.016007 -0.000028
v -0.023385 0.023573 0.005425
v -0.069370 0.076079 -0.000129
v -0.060079 0.040960 -0.034754
v -0.053138 0.039060 -0.041691
v -0.049660 0.043133 -0.045177
v -0.024841 0.016950 -0.014371
v -0.020410 0.016056 -0.019505
v -0.069366 0.137802 -0.000238
v -0.061190 0.188978 -0.030828
v -0.067250 0.115169 0.007705
v -0.017188 0.023911 -0.016499
v -0.047796 0.080705 -0.047103
v -0.048164 0.189350 -0.046914
v -0.051771 0.189207 -0.043307
v -0.062818 0.073952 0.021529
v -0.019847 0.025701 0.001057
v -0.013543 0.027656 -0.005950
vn -0.8938 -0.3829 0.2336
vn -0.2226 -0.4506 0.8645
vn 0.6640 0.3010 0.6844
vn -0.8945 -0.3816 0.2331
vn -0.4652 -0.8545 -0.2313
vn -0.2754 -0.4783 -0.8339
vn -0.4394 -0.8700 -0.2234
vn 0.6876 0.3047 0.6590
vn -0.0862 0.9952 -0.0468
vn 0.6616 -0.0182 -0.7497
vn 0.7901 0.0354 -0.6120
vn -0.7467 0.0035 -0.6651
vn -0.8760 0.0017 -0.4822
vn -0.8238 0.0025 -0.5669
vn -0.9659 -0.0004 -0.2588
vn -0.9991 -0.0018 -0.0426
vn -0.9801 -0.0008 -0.1984
vn -0.9605 -0.0037 0.2782
vn 0.3290 -0.9357 0.1275
vn 0.5822 -0.7390 0.3391
vn 0.4887 -0.7219 0.4900
vn 0.6750 -0.7378 -0.0039
vn 0.3637 -0.9315 0.0083
vn 0.6474 -0.7363 -0.1969
vn 0.7457 -0.5022 0.4379
vn 0.6164 -0.4890 0.6172
vn 0.8599 -0.5003 0.1017
vt 0.299007 0.000000
vt 1.000000 0.000000
vt 1.000000 1.000000
vt 0.431113 0.431113
vt 0.000000 0.000000
vt 0.490444 0.013244
vt 1.000000 0.268031
vt 0.258046 0.248653
vt 0.113098 0.000000
vt 0.604878 0.000000
vt 1.000000 0.431113
vt 0.984299 0.984299
vt 0.898738 0.558613
vt 0.406281 0.406281
vt 1.000000 0.700993
vt 0.824996 0.661951
vt 0.915537 0.000000
vt 1.000000 0.406281
vt 1.000000 0.563453
vt 0.596671 0.000000
vt 0.710315 0.206954
vt 0.877876 0.877876
vt 0.248448 0.000000
vt 0.835674 0.273031
vt 1.000000 0.395122
vt 0.980567 0.884573
vt 0.071306 0.000000
vt 0.248448 0.248448
vt 1.000000 0.403330
vt 0.919303 0.919303
vt 0.564630 0.000000
vt 0.896260 0.051985
vt 1.000000 0.871987
vt 0.884768 0.884768
vt 0.564630 0.564630
vt 0.712802 0.067403
vt 0.728583 0.071216
vt 0.728568 0.347593
vt 0.709700 0.347951
vt 0.701499 0.348082
vt 0.700657 0.145029
vt 0.704893 0.074884
vt 0.512271 0.659538
vt 0.488699 0.627258
vt 0.488697 0.511910
vt 0.546422 0.415359
vt 0.546436 0.691735
vt 0.536960 0.693253
vt 0.447375 0.627369
vt 0.473509 0.554233
vt 0.488697 0.511910
vt 0.488699 0.627259
vt 0.051095 0.781279
vt 0.056004 0.762956
vt 0.064356 0.770325
vt 0.032334 0.762956
vt 0.048245 0.780003
vt 0.035074 0.773180
vt 0.032657 0.772065
vt 0.023732 0.767922
vt 0.372388 0.784059
vt 0.372558 0.774640
vt 0.385313 0.769319
vt 0.386735 0.779732
vt 0.413705 0.844628
vt 0.400949 0.839308
vt 0.400578 0.818809
vt 0.415627 0.824396
vt 0.415038 0.821027
vt 0.401263 0.808407
s 0
f 62/60/23 38/61/23 78/62/23 61/63/23
f 78/62/24 38/64/24 63/65/24 64/66/24
f 78/62/25 64/67/25 79/68/25 73/69/25
f 61/70/26 78/71/26 65/72/26
f 67/73/27 37/64/27 38/61/27 62/74/27 66/75/27
f 68/76/28 37/61/28 67/77/28
f 63/78/29 38/62/29 37/64/29 70/79/29 69/80/29
f 80/81/30 76/64/30 72/82/30 71/83/30 73/84/30 79/85/30
f 77/86/31 72/87/31 76/64/31
f 70/88/32 37/62/32 68/89/32 75/90/32 74/91/32
f 76/61/33 80/92/33 74/93/33 75/94/33
s 1
f 50/95/34 49/96/35 56/97/36 57/98/34 60/99/34 58/100/34 51/101/34
f 42/102/37 48/103/38 55/104/39 56/105/36 49/106/35 43/107/37
f 39/108/40 46/109/40 55/110/39 48/111/38
f 54/112/41 41/113/42 59/114/43
f 40/115/44 41/113/42 54/116/41 47/117/45
f 40/115/44 47/118/45 45/119/46
f 59/120/43 41/121/42 52/122/47 53/123/48
f 52/124/47 41/125/42 40/126/44 44/127/49
f 44/128/49 40/126/44 45/129/46
g Bottle_cell.002_Bottle_cell.001
v -0.016664 0.573415 0.008540
v -0.023559 0.564659 0.012616
v -0.023559 0.573288 0.012601
v -0.028365 0.562972 0.015394
v -0.017459 0.573299 0.018702
v -0.016070 0.564287 0.009300
v -0.011975 0.573423 0.013230
v -0.025118 0.573278 0.006786
v -0.017700 0.568970 0.004877
v -0.016070 0.564287 0.009300
v -0.011975 0.573423 0.013230
v -0.023559 0.564659 0.012616
v -0.023559 0.564659 0.012616
v -0.017459 0.573299 0.018702
vn 0.4328 -0.6180 0.6563
vn -0.8486 0.0009 0.5290
vn -0.6910 0.6744 0.2600
vn -0.4830 0.8351 -0.2634
vn -0.3248 0.8888 0.3233
vn 0.3784 0.8441 -0.3798
vn 0.4370 0.7707 -0.4637
vn 0.7316 0.5016 -0.4616
vn 0.8544 0.0124 -0.5195
vt 0.345493 0.000000
vt 0.683158 0.215487
vt 0.336170 0.336170
vt 0.000000 0.000000
vt 0.887856 0.462608
vt 0.871843 0.462608
vt 0.879866 0.451525
vt 0.871592 0.476479
vt 0.887762 0.467804
vt 0.284237 0.826375
vt 0.290393 0.837037
vt 0.279798 0.847450
vt 0.273147 0.832784
vt 0.296609 0.840626
vt 0.289477 0.853039
vt 0.926763 0.265581
vt 0.926703 0.248817
vt 0.937365 0.249010
vt 0.919526 0.248817
vt 0.924352 0.264420
s 0
f 90/130/50 91/131/50 85/132/50 82/133/50
s 1
f 92/134/51 83/135/52 88/136/53
f 94/137/54 83/135/52 92/138/51
f 87/139/55 81/140/56 83/141/52 94/142/54
f 83/141/52 81/140/56 89/143/57 88/144/53
f 86/145/58 81/146/56 87/147/55
f 89/148/57 81/146/56 86/149/58
l 93 84
g Bottle_cell.003_Bottle_cell.002
v -0.009339 0.560148 -0.022311
v 0.007563 0.559413 -0.023034
v -0.000001 0.564587 -0.028189
v -0.000001 0.563260 -0.033736
v 0.007226 0.556143 -0.031788
v 0.008821 0.563709 -0.029517
v -0.006516 0.565726 -0.026445
v -0.011571 0.564554 -0.025249
v -0.015158 0.557332 -0.029665
v -0.000001 0.555475 -0.033723
v -0.015129 0.563267 -0.029683
v -0.011571 0.564554 -0.025249
v -0.015129 0.563267 -0.029683
v 0.008821 0.563709 -0.029517
v 0.007226 0.556143 -0.031788
v -0.000001 0.555475 -0.033723
v -0.000001 0.564587 -0.028189
v -0.006516 0.565726 -0.026445
v -0.015158 0.557332 -0.029665
vn 0.9748 -0.2187 0.0441
vn -0.0071 -0.9367 0.3501
vn 0.2128 0.8280 0.5188
vn 0.0599 0.5747 0.8162
vn -0.0243 -0.9270 0.3742
vn -0.0187 -0.9338 0.3573
vn -0.7843 0.0103 0.6203
vn -0.0206 0.9600 -0.2792
vn -0.0855 0.9415 -0.3261
vn -0.2458 0.0738 -0.9665
vn 0.0336 0.5759 -0.8168
vn -0.2208 0.5201 -0.8251
vn 0.3025 0.4660 -0.8315
vn 0.3502 0.1006 -0.9313
vn 0.0512 0.0525 -0.9973
vn -0.2588 -0.0017 -0.9659
vt 0.920649 0.000000
vt 1.000000 0.000000
vt 1.000000 0.090090
vt 0.000000 0.000000
vt 0.107074 0.000000
vt 0.090090 0.090090
vt 0.925974 0.880271
vt 0.922621 0.624998
vt 1.000000 0.341696
vt 1.000000 1.000000
vt 0.502361 0.000000
vt 0.341696 0.341696
vt 1.000000 0.107201
vt 1.000000 0.892926
vt 0.107201 0.107201
vt 0.819071 0.188312
vt 0.787206 0.000000
vt 1.000000 0.497639
vt 0.089091 0.883164
vt 0.089091 0.862775
vt 0.091198 0.870641
vt 0.533611 0.803633
vt 0.523417 0.785975
vt 0.530702 0.778690
vt 0.545240 0.803871
vt 0.874948 0.565184
vt 0.884921 0.571903
vt 0.886373 0.583931
vt 0.871925 0.583931
vt 0.874545 0.613059
vt 0.871925 0.613008
vt 0.513801 0.768933
s 0
f 108/150/59 96/151/59 109/152/59
f 96/153/60 104/154/60 109/155/60
f 108/156/61 97/157/61 112/158/61 96/159/61
f 106/160/62 95/151/62 96/159/62 112/161/62
f 113/162/63 96/159/63 95/153/63
f 104/163/64 96/159/64 113/164/64
f 107/165/65 113/166/65 95/151/65 106/167/65
s 1
f 111/168/66 102/169/67 101/170/68
f 102/171/67 111/172/66 98/173/69 105/174/70
f 100/175/71 99/176/72 110/177/73 98/178/69
f 103/179/74 105/180/70 98/178/69 110/177/73
f 111/172/66 100/181/71 98/173/69
g Bottle_cell.004_Bottle_cell.003
v 0.015366 0.549357 0.025656
v 0.021206 0.549858 0.022576
v 0.016376 0.555359 0.027396
v 0.021861 0.555234 0.021912
v 0.009077 0.554030 0.029354
v 0.015366 0.549357 0.025656
v 0.021206 0.549858 0.022576
v 0.016376 0.555359 0.027396
v 0.021861 0.555234 0.021912
v 0.009077 0.554030 0.029354
vn -0.4910 -0.0123 -0.8711
vn -0.2403 0.9348 -0.2615
vn 0.5987 -0.1618 0.7845
vn 0.4642 -0.2365 0.8536
vn 0.4831 -0.2268 0.8457
vn 0.2987 -0.3118 0.9020
vt 1.000000 0.000000
vt 1.000000 1.000000
vt 0.921228 0.850388
vt 0.912469 0.367342
vt 0.016965 0.000000
vt 0.417093 0.390793
vt 0.166805 0.777745
vt 0.166793 0.790215
vt 0.156602 0.790215
vt 0.165531 0.777248
vt 0.156602 0.804156
s 0
f 123/182/75 122/183/75 120/184/75 119/185/75
f 122/183/76 123/186/76 121/187/76
s 1
f 117/188/77 116/189/78 114/190/79 115/191/77
f 114/190/79 116/189/78 118/192/80
g Bottle_cell.005_Bottle_cell.004
v 0.006645 0.394152 0.014147
v 0.023559 0.423493 0.012863
v 0.005033 0.373426 0.005366
v 0.039013 0.411013 0.021807
v 0.018116 0.427778 0.009721
v 0.040628 0.411003 0.015779
v 0.039642 0.407214 0.025573
v 0.020985 0.414463 0.033138
v 0.031472 0.411027 0.029348
v 0.016043 0.417685 0.030515
v 0.012619 0.427788 0.015218
v 0.016424 0.441066 0.019967
v 0.014234 0.423509 0.022188
v 0.010088 0.426185 0.008441
v 0.013696 0.436725 0.013973
v 0.014666 0.444398 0.012858
v 0.018109 0.453968 0.018260
v 0.017709 0.465685 0.009414
v 0.018530 0.475492 0.005879
v 0.022681 0.485090 0.013633
v 0.025045 0.470801 0.007235
v 0.024601 0.485339 0.008866
v 0.020985 0.414463 0.033138
v 0.031472 0.411027 0.029348
v 0.039642 0.407214 0.025573
v 0.016424 0.441066 0.019967
v 0.014234 0.423509 0.022188
v 0.012619 0.427788 0.015218
v 0.013696 0.436725 0.013973
v 0.010088 0.426185 0.008441
v 0.014666 0.444398 0.012858
v 0.018109 0.453968 0.018260
v 0.022681 0.485090 0.013633
v 0.017709 0.465685 0.009414
v 0.018116 0.427778 0.009721
v 0.023559 0.423493 0.012863
v 0.040628 0.411003 0.015779
v 0.025045 0.470801 0.007235
v 0.016043 0.417685 0.030515
v 0.024601 0.485339 0.008866
vn -0.9940 0.0981 -0.0491
vn 0.2179 0.0148 -0.9759
vn 0.7386 -0.6505 -0.1773
vn 0.0998 -0.5840 0.8056
vn -0.5874 -0.2844 0.7577
vn -0.9368 0.1564 0.3130
vn -0.9372 0.1632 0.3082
vn -0.9473 0.2272 0.2259
vn 0.1480 -0.0794 -0.9858
vn 0.4059 0.8116 0.4203
vn 0.4317 0.7854 0.4436
vn 0.6816 0.6515 0.3333
vn 0.6359 0.5067 0.5821
vn 0.5910 0.5386 0.6006
vn 0.6520 0.7381 0.1734
vn -0.6303 0.4522 -0.6311
vn -0.5889 0.5526 -0.5898
vn -0.7071 -0.0133 -0.7070
vn 0.6480 0.5876 0.4845
vn -0.1661 0.9717 -0.1678
vn -0.6229 -0.2636 0.7366
vn 0.9229 0.0053 0.3850
vn 0.9421 0.0058 0.3352
vn 0.7071 0.0012 0.7071
vt 1.000000 1.000000
vt 0.000000 0.000000
vt 1.000000 0.068479
vt 1.000000 0.648768
vt 0.438322 0.427678
vt 0.505468 0.423644
vt 0.026689 0.000000
vt 0.097701 0.000000
vt 0.639031 0.484012
vt 1.000000 0.686369
vt 0.717703 0.653775
vt 1.000000 0.617027
vt 0.696738 0.696738
vt 0.833050 0.655737
vt 1.000000 0.604365
vt 0.617027 0.617027
vt 0.780368 0.000000
vt 0.866967 0.000000
vt 0.880214 0.230425
vt 1.000000 0.107962
vt 0.726462 0.726462
vt 0.809126 0.448825
vt 0.866967 0.866967
vt 0.780368 0.780368
vt 1.000000 0.559236
vt 1.000000 0.735637
vt 0.559236 0.559236
vt 0.743277 0.000000
vt 1.000000 0.000000
vt 1.000000 0.178449
vt 0.871090 0.353311
vt 0.735637 0.735637
vt 0.458254 0.458254
vt 0.166193 0.000000
vt 1.000000 0.723481
vt 1.000000 0.924847
vt 0.878296 0.311252
vt 0.881370 0.312698
vt 0.890153 0.331447
vt 0.890153 0.351246
vt 0.858154 0.342672
vt 0.862779 0.315289
vt 0.880689 0.363924
vt 1.000000 0.519279
vt 0.987502 0.519054
vt 0.990023 0.502518
vt 0.992291 0.488323
vt 0.999386 0.448957
vt 0.332357 0.000000
vt 0.335635 0.005591
vt 0.322324 0.000181
vt 0.153489 0.757365
vt 0.150211 0.762956
vt 0.133064 0.762646
vt 0.233593 0.837982
vt 0.219161 0.837982
vt 0.228016 0.825758
vt 0.726462 0.000000
vt 0.800011 0.525361
vt 0.806844 0.410670
vt 0.809240 0.498429
vt 0.806483 0.525451
vt 0.798014 0.525054
vt 0.787618 0.467101
vt 0.783786 0.443085
vt 0.778807 0.410410
vt 0.800010 0.410794
s 0
f 126/193/81 124/194/81 153/195/81
f 129/196/82 126/193/82 153/197/82 158/198/82 157/199/82 161/200/82 125/201/82
f 148/202/83 126/193/83 129/203/83
f 146/204/84 126/193/84 148/205/84 147/206/84
f 162/207/85 126/193/85 146/208/85
f 149/209/86 152/210/86 151/211/86 153/212/86 124/193/86 162/213/86 150/214/86
f 152/215/87 149/216/87 155/217/87 154/218/87
f 155/219/88 156/220/88 163/221/88 142/222/88 157/223/88 154/224/88
f 142/225/89 163/226/89 161/227/89 157/228/89
s 1
f 133/229/90 131/230/90 132/231/91 127/232/92 159/233/93 136/234/94
f 159/233/93 127/232/92 160/235/95
f 128/236/96 134/237/97 138/238/98 139/239/98 141/240/98
f 127/241/92 130/242/99 160/243/95
f 130/244/99 127/245/92 132/246/91
f 134/247/97 128/248/96 137/249/100
s 0
f 162/250/101 124/221/101 126/193/101
s 1
f 143/251/102 159/252/93 144/253/103 145/254/103
f 143/255/102 140/256/104 135/257/104 136/258/94 159/259/93
g Bottle_cell.006_Bottle_cell.005
v -0.032754 0.549817 -0.000960
v -0.030878 0.549805 -0.007957
v -0.030879 0.556220 -0.007968
v -0.032754 0.557205 -0.000973
v -0.030893 0.549829 0.005986
v -0.030884 0.556625 0.006004
v -0.030893 0.549829 0.005986
v -0.030884 0.556625 0.006004
v -0.032754 0.549817 -0.000960
v -0.030878 0.549805 -0.007957
v -0.030879 0.556220 -0.007968
v -0.032754 0.557205 -0.000973
vn 0.3852 0.9224 -0.0266
vn 0.9901 -0.1404 0.0010
vn -0.9659 0.0005 0.2588
vn -1.0000 -0.0000 0.0047
vn -1.0000 -0.0000 -0.0000
vn -0.9659 -0.0005 -0.2588
vt 0.886599 0.309981
vt 1.000000 0.000000
vt 0.944776 0.944776
vt 1.000000 0.909553
vt 1.000000 1.000000
vt 0.000000 0.000000
vt 0.091442 0.000000
vt 0.628337 0.532120
vt 0.118115 0.799660
vt 0.117349 0.790215
vt 0.131058 0.790215
vt 0.131058 0.803564
vt 0.126008 0.778552
vt 0.130848 0.778567
vt 0.117349 0.790215
s 0
f 167/260/105 171/261/105 174/262/105
f 173/263/106 174/264/106 171/265/106 170/266/106 164/267/106
s 1
f 169/268/107 175/269/108 172/270/109 168/271/107
f 166/272/110 165/273/110 172/270/109 175/274/108
g Bottle_cell.007_Bottle_cell.006
v 0.008660 0.557744 0.026947
v 0.011354 0.559823 0.016995
v 0.016376 0.563367 0.027382
v 0.010551 0.564677 0.023391
v 0.009181 0.563579 0.028423
v 0.016294 0.567009 0.019877
v 0.020219 0.557571 0.023550
v 0.016376 0.557627 0.027392
v 0.021708 0.563358 0.022050
v 0.008660 0.557744 0.026947
v 0.009181 0.563579 0.028423
v 0.010551 0.564677 0.023391
v 0.020219 0.557571 0.023550
v 0.016376 0.557627 0.027392
v 0.016294 0.567009 0.019877
v 0.021708 0.563358 0.022050
vn -0.9623 0.1443 -0.2304
vn -0.5782 0.6132 -0.5381
vn 0.4730 -0.1417 -0.8696
vn -0.0805 -0.9711 -0.2247
vn -0.0151 -0.9999 -0.0007
vn 0.0632 0.4529 0.8893
vn 0.3358 0.4708 0.8158
vn 0.1108 0.9363 0.3332
vn 0.5122 0.5310 0.6750
vn 0.1568 0.8892 0.4298
vn 0.4031 -0.0672 0.9127
vn 0.0368 -0.1272 0.9912
vn 0.7071 0.0012 0.7071
vt 1.000000 1.000000
vt 0.000000 0.000000
vt 0.308299 0.000000
vt 1.000000 0.573141
vt 0.721932 0.508592
vt 1.000000 0.582853
vt 0.688387 0.000000
vt 1.000000 0.000000
vt 0.694716 0.511295
vt 0.035099 0.000000
vt 0.410651 0.362077
vt 0.435717 0.849113
vt 0.428970 0.837425
vt 0.441853 0.839837
vt 0.431173 0.823530
vt 0.438921 0.827121
vt 0.438921 0.834759
vt 0.171002 0.790215
vt 0.181653 0.790215
vt 0.181653 0.803711
vt 0.171192 0.803870
vt 0.179414 0.778035
vt 0.181873 0.778092
vt 0.171002 0.790215
s 0
f 177/275/111 185/276/111 186/277/111 187/278/111
f 187/279/112 190/280/112 177/275/112
f 184/281/113 188/282/113 177/275/113 190/283/113
f 177/275/114 188/276/114 185/282/114
f 185/275/115 188/284/115 189/285/115
s 1
f 180/286/116 178/287/117 179/288/118
f 191/289/119 181/290/120 179/291/118 178/287/117
f 183/292/121 178/293/117 180/294/116 176/295/122
f 182/296/123 191/297/119 178/293/117 183/298/121
g Bottle_cell.008_Bottle_cell.007
v -0.014050 0.017907 0.049214
v -0.021945 0.019113 0.042662
v -0.048862 0.070232 0.045781
v -0.034685 0.071716 0.059955
v -0.018163 0.051528 0.064419
v -0.018121 0.005600 0.064515
v -0.024750 0.004032 0.062741
v -0.058533 0.008923 0.036224
v -0.040350 0.003565 0.054417
v -0.034282 0.002550 0.059377
v -0.050966 0.062673 0.043691
v -0.048862 0.070232 0.045781
v -0.034685 0.071716 0.059955
v -0.018163 0.051528 0.064419
v -0.018121 0.005600 0.064515
v -0.024750 0.004032 0.062741
v -0.058533 0.008923 0.036224
v -0.040350 0.003565 0.054417
v -0.034282 0.002550 0.059377
v -0.050966 0.062673 0.043691
vn 0.6259 0.3714 -0.6858
vn 0.6345 0.3779 -0.6742
vn 0.6433 0.3794 -0.6650
vn 0.9661 0.0014 0.2582
vn 0.3276 -0.7769 -0.5377
vn 0.3126 -0.7800 -0.5421
vn 0.1405 0.1168 -0.9832
vn 0.2538 0.1915 -0.9481
vn -0.6966 -0.0004 0.7175
vn -0.5064 -0.0014 0.8623
vn -0.5798 -0.0011 0.8147
vn -0.2849 -0.0024 0.9586
vt 1.000000 0.100881
vt 1.000000 1.000000
vt 0.000000 0.000000
vt 0.100881 0.100881
vt 1.000000 0.697213
vt 1.000000 0.787065
vt 0.697213 0.697213
vt 0.782228 0.782228
vt 1.000000 0.780488
vt 0.780489 0.780489
vt 0.736681 0.000000
vt 1.000000 0.000000
vt 1.000000 0.052282
vt 0.739153 0.683855
vt 0.758274 0.505405
vt 0.808094 0.384304
vt 1.000000 0.461669
vt 0.052282 0.052282
vt 1.000000 0.104912
vt 0.461669 0.461669
vt 0.418513 0.752816
vt 0.377168 0.762143
vt 0.364293 0.761911
vt 0.364300 0.634568
vt 0.398063 0.638104
vt 0.401316 0.652081
vt 0.027576 0.004315
vt 0.025448 0.093052
vt 0.000007 0.128387
vt 0.000000 0.001045
vt 0.016542 0.001590
s 0
f 203/299/124 192/300/124 193/301/124
f 192/300/125 203/302/125 204/303/125
f 205/304/126 192/300/126 204/305/126
f 205/306/127 206/307/127 192/300/127
f 192/300/128 206/308/128 207/309/128 193/310/128
f 208/311/129 193/300/129 207/312/129 210/313/129 209/314/129
f 211/315/130 193/300/130 208/316/130
f 203/317/131 193/300/131 211/318/131
s 1
f 199/319/132 200/320/132 201/321/133 195/322/134 194/323/132 202/324/132
f 197/325/135 196/326/135 195/327/134 201/328/133 198/329/135
g Bottle_cell.009_Bottle_cell.008
v 0.057124 0.032590 -0.014459
v 0.060538 0.018410 0.000185
v 0.024630 0.023939 -0.000042
v 0.064970 0.046342 -0.016506
v 0.040608 0.005862 0.013663
v 0.035409 0.006822 0.019479
v 0.067573 0.040756 0.006649
v 0.060358 0.074441 0.033507
v 0.045031 0.005064 0.008427
v 0.069373 0.033131 -0.000054
v 0.039736 0.006658 0.005327
v 0.033081 0.008645 0.001673
v 0.027763 0.015638 -0.006342
v 0.016476 0.026799 -0.003213
v 0.023276 0.023931 -0.005096
v 0.064991 0.150300 -0.016581
v 0.064959 0.083946 -0.016603
v 0.064955 0.052459 -0.016573
v 0.060311 0.109941 0.033609
v 0.029257 0.008669 0.015945
v 0.016454 0.026269 0.008441
v 0.021560 0.023959 0.011417
v 0.060322 0.137145 0.033514
v 0.067590 0.157947 -0.006894
v 0.069364 0.162125 -0.000280
v 0.067573 0.040756 0.006649
v 0.060358 0.074441 0.033507
v 0.040608 0.005862 0.013663
v 0.035409 0.006822 0.019479
v 0.045031 0.005064 0.008427
v 0.069373 0.033131 -0.000054
v 0.039736 0.006658 0.005327
v 0.033081 0.008645 0.001673
v 0.027763 0.015638 -0.006342
v 0.023276 0.023931 -0.005096
v 0.016476 0.026799 -0.003213
v 0.064991 0.150300 -0.016581
v 0.064959 0.083946 -0.016603
v 0.064955 0.052459 -0.016573
v 0.064970 0.046342 -0.016506
v 0.060311 0.109941 0.033609
v 0.060322 0.137145 0.033514
v 0.016454 0.026269 0.008441
v 0.021560 0.023959 0.011417
v 0.029257 0.008669 0.015945
v 0.067590 0.157947 -0.006894
v 0.069364 0.162125 -0.000280
vn 0.6584 -0.3780 0.6509
vn 0.6720 -0.3931 0.6276
vn 0.6889 -0.4493 -0.5689
vn 0.2086 -0.6778 -0.7050
vn 0.1912 -0.6732 -0.7143
vn -0.2667 0.0004 -0.9638
vn -0.2586 -0.0009 -0.9660
vn -0.2340 -0.0112 -0.9722
vn -0.4836 -0.0031 0.8753
vn -0.5015 0.0029 0.8652
vn -0.9315 0.3620 -0.0359
vn -0.9313 0.3638 0.0187
vn 0.9659 0.0005 0.2588
vn 0.9996 -0.0000 -0.0275
vn 0.9999 0.0001 -0.0103
vn 0.9659 -0.0004 -0.2588
vn -0.2521 -0.9655 -0.0659
vn -0.5549 -0.8188 -0.1472
vn -0.6792 -0.7276 -0.0958
vn -0.3460 -0.9382 -0.0107
vn -0.6805 -0.7327 -0.0062
vn -0.6612 -0.7318 -0.1653
vn -0.3358 -0.9396 -0.0657
vn -0.8625 -0.4693 0.1895
vn -0.6533 -0.7414 0.1537
vt 0.573644 0.000000
vt 0.923813 0.000000
vt 1.000000 0.118522
vt 1.000000 0.419271
vt 0.492540 0.000000
vt 1.000000 0.000000
vt 0.934856 0.183169
vt 0.419271 0.419271
vt 0.118522 0.118522
vt 0.145878 0.145878
vt 0.000000 0.000000
vt 1.000000 0.138753
vt 0.507460 0.000000
vt 1.000000 0.359383
vt 1.000000 1.000000
vt 1.000000 0.408405
vt 0.359383 0.359383
vt 0.672692 0.356991
vt 0.408405 0.408405
vt 0.281306 0.206579
vt 0.121378 0.000000
vt 0.777037 0.000000
vt 1.000000 0.678439
vt 0.678439 0.678439
vt 1.000000 0.873502
vt 0.873503 0.873503
vt 1.000000 0.874065
vt 1.000000 0.076187
vt 1.000000 0.426356
vt 0.397619 0.000000
vt 0.922461 0.922461
vt 0.397619 0.397619
vt 0.269710 0.000000
vt 0.861002 0.000000
vt 0.863707 0.222620
vt 0.923304 0.730953
vt 1.000000 0.222963
vt 0.879409 0.879409
vt 0.193467 0.193467
vt 1.000000 0.193467
vt 0.969515 0.877543
vt 0.876560 0.876560
vt 0.271212 0.271212
vt 0.872144 0.166790
vt 0.362728 0.512236
vt 0.362808 0.563073
vt 0.362536 0.629421
vt 0.317733 0.693095
vt 0.306554 0.707525
vt 0.306549 0.466458
vt 0.305022 0.710573
vt 0.274976 0.682782
vt 0.274867 0.671350
vt 0.274915 0.612507
vt 0.275179 0.488503
vt 0.293824 0.474243
vt 0.888353 0.195666
vt 0.872993 0.193376
vt 0.870451 0.183768
vt 0.894207 0.170053
vt 0.898150 0.183581
vt 0.901036 0.194599
vt 0.052130 0.836836
vt 0.056004 0.851294
vt 0.033981 0.851294
vt 0.043217 0.839066
vt 0.583069 0.837881
vt 0.582725 0.818808
vt 0.610664 0.825896
vt 0.611092 0.849652
vt 0.597838 0.808990
vt 0.607600 0.822624
vt 0.582725 0.809093
vt 0.057764 0.835149
vt 0.064417 0.846437
s 0
f 238/330/136 240/331/136 239/332/136 237/333/136
f 241/334/137 213/335/137 242/336/137 237/337/137 239/338/137
f 242/339/138 213/340/138 212/335/138 251/341/138
f 213/340/139 241/342/139 243/343/139 212/344/139
f 245/345/140 212/344/140 243/346/140 244/347/140
f 212/344/141 245/348/141 246/349/141 247/350/141 248/351/141 249/352/141
f 212/344/142 249/353/142 250/354/142
f 250/355/143 251/356/143 212/344/143
f 240/357/144 238/358/144 252/359/144
f 240/360/145 252/361/145 253/362/145 254/363/145 255/364/145 256/365/145
f 248/366/146 247/367/146 257/368/146
f 257/369/147 247/370/147 254/371/147 253/372/147 258/373/147
s 1
f 234/374/148 230/375/148 219/376/148 218/377/148 221/378/149 236/379/150
f 221/380/149 215/381/151 229/382/151 228/383/151 227/384/151 235/385/151 236/379/150
f 216/386/152 217/387/152 231/388/153 223/389/154 222/390/152 220/391/152
f 225/392/155 214/393/156 233/394/157 232/395/158
f 233/396/157 214/397/156 223/398/154 231/399/153
f 224/400/159 223/401/154 214/397/156 226/402/160
f 225/403/155 226/404/160 214/393/156
g Bottle_cell.010_Bottle_cell.009
v -0.027279 0.555078 -0.007345
v -0.026968 0.555427 0.005810
v -0.027204 0.548427 -0.000957
v -0.027204 0.488909 -0.000853
v -0.025549 0.489042 -0.007029
v -0.020208 0.489245 -0.000869
v -0.017503 0.489286 0.009222
v -0.025573 0.524038 -0.007000
v -0.018540 0.537312 -0.005120
v -0.025131 0.545793 0.006783
v -0.017123 0.527476 0.008913
v -0.017422 0.552527 0.006661
v -0.023814 0.489121 0.011797
v -0.018368 0.555421 -0.005016
v -0.025604 0.548417 -0.006929
v -0.018631 0.555594 0.002007
v -0.027204 0.488909 -0.000853
v -0.025549 0.489042 -0.007029
v -0.020208 0.489245 -0.000869
v -0.017503 0.489286 0.009222
v -0.025573 0.524038 -0.007000
v -0.017123 0.527476 0.008913
v -0.017422 0.552527 0.006661
v -0.025131 0.545793 0.006783
v -0.023814 0.489121 0.011797
v -0.018540 0.537312 -0.005120
v -0.018368 0.555421 -0.005016
v -0.025604 0.548417 -0.006929
v -0.027204 0.548427 -0.000957
v -0.018631 0.555594 0.002007
vn 0.0479 -0.9988 -0.0088
vn 0.5838 -0.0527 -0.8102
vn 0.3742 0.0904 0.9229
vn 0.0297 -0.9995 0.0088
vn 0.2528 0.0031 -0.9675
vn -0.0317 0.9992 -0.0258
vn 0.2109 0.8405 0.4991
vn -0.9936 -0.1078 0.0325
vn -0.9659 0.0005 0.2588
vn -0.9995 -0.0001 -0.0303
vn -1.0000 -0.0000 0.0007
vn -0.9659 -0.0005 -0.2588
vn 0.9882 -0.0158 -0.1521
vn 0.9864 -0.0160 -0.1637
vn 0.9659 -0.0106 0.2588
vn 0.9852 -0.0160 -0.1704
vn -0.1546 0.0472 0.9869
vt 0.000000 0.000000
vt 0.600082 0.124254
vt 1.000000 0.446194
vt 0.713371 0.368520
vt 0.599286 0.599286
vt 0.446194 0.446194
vt 0.530399 0.000000
vt 0.726702 0.000000
vt 1.000000 0.689338
vt 1.000000 1.000000
vt 0.145935 0.145935
vt 1.000000 0.608363
vt 0.689338 0.689338
vt 0.086863 0.086863
vt 0.480845 0.000000
vt 1.000000 0.273298
vt 1.000000 0.469601
vt 1.000000 0.000000
vt 1.000000 0.457542
vt 0.480845 0.480845
vt 0.457542 0.457542
vt 0.777728 0.000000
vt 0.089021 0.000000
vt 0.452959 0.357349
vt 1.000000 0.908043
vt 0.762954 0.643075
vt 0.777370 0.643075
vt 0.770235 0.753502
vt 0.753055 0.753165
vt 0.787649 0.753064
vt 0.777370 0.753518
vt 0.787310 0.642895
vt 0.787499 0.688129
vt 0.908186 0.282036
vt 0.900497 0.404860
vt 0.901193 0.315868
vt 0.913987 0.281854
vt 0.922904 0.287558
vt 0.927007 0.334034
vt 0.927260 0.404876
vt 0.907863 0.404919
vt 0.908186 0.282036
vt 1.000000 0.145935
vt 0.984867 0.984867
vt 0.728753 0.401306
vt 0.460056 0.000000
s 0
f 278/405/161 275/406/161 276/407/161 277/408/161
f 277/409/162 276/410/162 279/411/162 284/412/162
f 283/413/163 278/414/163 282/415/163
f 275/416/164 278/414/164 283/417/164
f 286/418/165 259/405/165 285/419/165 284/420/165 279/421/165
f 259/405/166 260/422/166 288/423/166 285/424/166
f 288/425/167 260/405/167 281/426/167
f 260/414/168 259/405/168 286/427/168 261/428/168 282/429/168
s 1
f 268/430/169 287/431/170 262/432/171 271/433/169
f 263/434/172 262/435/171 287/431/170 273/436/172 266/437/172
f 272/438/173 264/439/174 267/440/175
f 274/441/176 270/442/176 280/443/176 265/444/176 264/445/174 272/446/173
s 0
f 260/422/177 282/447/177 278/448/177 269/449/177 281/450/177
g Bottle_cell.011_Bottle_cell.010
v -0.015848 0.033709 -0.056107
v -0.040713 0.033749 -0.041696
v -0.012315 0.023902 -0.021372
v -0.008990 0.016494 -0.026557
v -0.014278 0.017152 -0.024760
v -0.019324 0.016387 -0.020327
v -0.006072 0.027602 -0.013650
v -0.018388 0.167457 -0.064726
v -0.018144 0.110929 -0.064696
v -0.016309 0.023909 -0.017379
v -0.046888 0.048496 -0.047958
v -0.018179 0.048423 -0.064582
v -0.034686 0.056171 -0.060172
v -0.046567 0.189945 -0.048512
v -0.018143 0.054179 -0.064601
v -0.034681 0.190927 -0.060400
v -0.008990 0.016494 -0.026557
v -0.014278 0.017152 -0.024760
v -0.019324 0.016387 -0.020327
v -0.018388 0.167457 -0.064726
v -0.018144 0.110929 -0.064696
v -0.016309 0.023909 -0.017379
v -0.012315 0.023902 -0.021372
v -0.046888 0.048496 -0.047958
v -0.034686 0.056171 -0.060172
v -0.018179 0.048423 -0.064582
v -0.046567 0.189945 -0.048512
v -0.018143 0.054179 -0.064601
v -0.006072 0.027602 -0.013650
v -0.034681 0.190927 -0.060400
vn -0.2571 -0.8598 -0.4412
vn 0.9762 -0.0044 -0.2168
vn -0.6288 0.0311 0.7769
vn 0.6486 0.3123 0.6941
vn -0.7069 0.0044 0.7073
vn 0.9611 -0.0068 -0.2762
vn 0.9651 -0.0004 -0.2618
vn -0.2588 -0.0016 -0.9659
vn -0.4997 -0.0014 -0.8662
vn -0.5929 -0.0013 -0.8053
vn -0.7071 -0.0012 -0.7071
vn 0.4392 -0.7111 0.5491
vn 0.2472 -0.9365 0.2488
vn 0.4889 -0.7216 0.4902
vn 0.2256 -0.4886 0.8429
vn 0.4320 -0.5017 0.7495
vn 0.6164 -0.4890 0.6172
vn -0.4349 -0.5002 -0.7488
vt 0.000000 0.000000
vt 1.000000 0.000000
vt 1.000000 0.578282
vt 0.797755 0.556420
vt 0.582428 0.582428
vt 0.578282 0.578282
vt 0.487536 0.000000
vt 1.000000 0.130952
vt 1.000000 0.874237
vt 0.746266 0.680323
vt 1.000000 0.582428
vt 0.934894 0.671906
vt 0.871125 0.871125
vt 0.468176 0.000000
vt 0.874237 0.874237
vt 0.130952 0.130952
vt 1.000000 1.000000
vt 0.029600 0.000000
vt 1.000000 0.898928
vt 0.867387 0.867387
vt 1.000000 0.866153
vt 0.866153 0.866153
vt 1.000000 0.512464
vt 0.639119 0.084220
vt 0.670846 0.098684
vt 0.665585 0.351101
vt 0.639525 0.306673
vt 0.639055 0.201032
vt 0.639051 0.094977
vt 0.670846 0.098684
vt 0.698590 0.084801
vt 0.696351 0.349262
vt 0.670842 0.350521
vt 0.076503 0.774791
vt 0.058278 0.785550
vt 0.067423 0.769549
vt 0.385676 0.803600
vt 0.372187 0.795139
vt 0.384480 0.793253
vt 0.386089 0.782076
vt 0.372351 0.786058
vt 0.898928 0.898928
vt 0.797783 0.614672
vt 0.867387 0.000000
s 0
f 290/451/178 289/452/178 305/453/178 306/454/178 307/455/178
f 305/456/179 289/451/179 309/457/179 308/458/179 317/459/179 311/460/179
f 315/451/180 290/452/180 307/461/180 310/462/180 317/463/180
f 304/464/181 315/452/181 317/465/181 308/466/181
f 290/467/182 315/468/182 312/469/182
f 289/467/183 314/470/183 316/471/183
f 289/467/184 316/472/184 309/473/184
s 1
f 300/474/185 313/475/186 318/476/187 296/477/185 297/478/185 303/479/185
f 313/480/186 299/481/188 302/482/188 318/483/187
f 291/484/189 295/485/190 298/486/191
f 292/487/192 291/488/189 293/489/193
f 294/490/194 293/489/193 291/488/189 298/491/191
s 0
f 289/452/195 290/467/195 312/492/195 301/493/195 314/494/195
g Bottle_cell.012_Bottle_cell.011
v -0.023774 0.569890 -0.008474
v -0.023560 0.573241 -0.014602
v -0.016238 0.573228 -0.021924
vn -0.4433 -0.7798 -0.4420
vt 0.153104 0.000000
vt 1.000000 0.036054
vt 0.662784 0.076186
s 0
f 321/495/196 319/496/196 320/497/196
g Bottle_cell.013_Bottle_cell.012
v 0.021260 0.555884 0.019091
v 0.026136 0.555268 0.005983
v 0.028365 0.549846 0.015417
v 0.023559 0.548451 0.012645
v 0.026921 0.487928 0.000203
v 0.019671 0.508119 0.000048
v 0.019283 0.537997 0.000054
v 0.025614 0.548437 0.004975
v 0.018765 0.553102 0.001261
v 0.030194 0.553536 0.008586
v 0.017501 0.555239 0.005876
v 0.013681 0.555511 0.011749
v 0.024970 0.486762 0.007484
v 0.014215 0.488407 0.012480
v 0.019023 0.487918 0.017287
v 0.018761 0.486744 0.004473
v 0.023559 0.486767 0.012752
v 0.013823 0.530197 0.012084
v 0.019005 0.509730 0.017266
v 0.019124 0.548459 0.017079
v 0.023199 0.549855 0.020583
v 0.019671 0.508119 0.000048
v 0.019283 0.537997 0.000054
v 0.018765 0.553102 0.001261
v 0.014215 0.488407 0.012480
v 0.013823 0.530197 0.012084
v 0.019023 0.487918 0.017287
v 0.019005 0.509730 0.017266
v 0.013681 0.555511 0.011749
v 0.019124 0.548459 0.017079
v 0.030194 0.553536 0.008586
v 0.025614 0.548437 0.004975
v 0.024970 0.486762 0.007484
v 0.026921 0.487928 0.000203
v 0.018761 0.486744 0.004473
v 0.017501 0.555239 0.005876
v 0.028365 0.549846 0.015417
v 0.021260 0.555884 0.019091
v 0.023559 0.486767 0.012752
v 0.023199 0.549855 0.020583
vn 0.5617 0.0786 -0.8236
vn 0.0704 -0.9877 -0.1393
vn -0.4385 -0.1643 -0.8836
vn 0.0228 0.0005 -0.9997
vn 0.5260 0.0802 -0.8467
vn 0.0022 0.9076 -0.4198
vn -0.0027 0.9988 -0.0479
vn 0.5633 0.7668 0.3077
vn 0.0021 -1.0000 0.0015
vn -0.1928 -0.9768 0.0935
vn -0.1563 -0.9833 0.0933
vn -0.7070 0.0001 0.7072
vn -0.6959 0.0056 0.7181
vn -0.6480 -0.0199 0.7614
vn -0.9029 -0.0102 -0.4296
vn -0.9031 -0.0102 -0.4293
vn -0.7071 -0.0133 -0.7070
vn 0.9659 0.0005 0.2588
vn 0.9074 -0.3953 0.1428
vn 0.7381 -0.5927 0.3224
vn 0.8739 0.0008 0.4862
vn 0.7071 0.0012 0.7071
vn 0.5675 -0.5956 0.5685
vn 0.5646 -0.7931 0.2285
vn 0.5896 -0.8064 -0.0466
vn 0.6563 0.3734 0.6556
vn 0.6286 -0.4569 0.6294
vn -0.9033 -0.0102 -0.4290
vt 0.000000 0.000000
vt 0.080381 0.036218
vt 0.098698 0.098698
vt 1.000000 0.054054
vt 1.000000 0.942954
vt 0.716228 0.000000
vt 0.699629 0.699629
vt 1.000000 0.691868
vt 0.981937 0.981937
vt 0.982056 0.982056
vt 0.691868 0.691868
vt 1.000000 0.225531
vt 0.200946 0.000000
vt 1.000000 0.000000
vt 0.929547 0.098705
vt 0.956967 0.956967
vt 0.225531 0.225531
vt 0.200946 0.200946
vt 1.000000 0.573705
vt 1.000000 1.000000
vt 0.449578 0.000000
vt 0.536855 0.536855
vt 1.000000 0.956394
vt 0.023686 0.000000
vt 0.507357 0.457588
vt 0.677721 0.000000
vt 1.000000 0.003680
vt 1.000000 0.064077
vt 0.252908 0.000000
vt 0.683522 0.498443
vt 0.962139 0.962139
vt 0.981489 0.981489
vt 0.680398 0.674919
vt 1.000000 0.445926
vt 0.468136 0.468136
vt 0.252909 0.252909
vt 0.329880 0.000000
vt 0.631475 0.000000
vt 0.904678 0.000000
vt 1.000000 0.550422
vt 0.631475 0.631475
vt 0.329880 0.329880
vt 0.909635 0.909635
vt 0.922115 0.912565
vt 0.997934 0.282576
vt 0.991627 0.406682
vt 0.991080 0.329159
vt 0.811619 0.528215
vt 0.821238 0.535307
vt 0.812776 0.642435
vt 0.800011 0.642666
vt 0.800061 0.528198
vt 0.796313 0.528687
vt 0.800010 0.528205
vt 0.800010 0.642666
vt 0.789927 0.642484
vt 0.789655 0.570614
vt 0.728586 0.805948
vt 0.718635 0.808615
vt 0.712665 0.795543
vt 0.721693 0.794008
vt 0.164052 0.762956
vt 0.165227 0.774106
vt 0.156883 0.774703
vt 0.718635 0.820257
vt 0.728586 0.819512
vt 0.942705 0.763787
vt 0.935274 0.803582
vt 0.927346 0.802424
vt 0.928471 0.676426
vt 0.936971 0.677307
vt 0.940825 0.680391
vt 0.942787 0.708367
s 0
f 323/498/197 352/499/197 329/500/197
f 356/501/198 355/502/198 354/503/198
f 356/504/199 343/505/199 355/506/199
f 355/507/200 343/508/200 344/509/200
f 345/510/201 323/511/201 329/512/201 355/513/201 344/514/201
f 345/515/202 357/516/202 323/517/202
f 350/518/203 359/511/203 323/517/203 357/519/203
f 352/520/204 323/517/204 359/521/204 324/522/204
f 338/523/205 356/524/205 354/525/205
f 348/526/206 346/527/206 356/528/206
f 356/529/207 338/530/207 348/531/207
f 346/532/208 348/533/208 349/534/208 347/535/208
f 351/536/209 359/511/209 350/537/209 347/538/209 349/539/209
f 359/517/210 351/540/210 342/541/210
s 1
f 333/542/211 335/543/212 339/544/213
f 334/545/214 326/546/214 353/547/215 325/548/216 360/549/217
f 336/550/218 360/551/217 325/552/216 341/553/219 340/554/218
f 358/555/220 325/556/216 353/557/215 331/558/221
f 358/559/220 322/560/222 361/561/223
f 341/562/219 325/556/216 358/555/220 361/563/223
f 327/564/224 337/565/224 335/566/212 333/567/211 332/568/224 330/569/224 328/570/224
g Bottle_cell.014_Bottle_cell.013
v -0.005124 0.403303 0.022147
v -0.000813 0.363069 0.007488
v 0.004770 0.393683 0.016050
v 0.003718 0.373231 0.006269
v -0.000001 0.397359 0.055931
v -0.000001 0.411053 0.044331
v -0.008833 0.415155 0.036078
v -0.010770 0.408669 0.043460
v 0.009203 0.397355 0.053465
v 0.013947 0.404974 0.045738
v 0.017577 0.411044 0.039621
v -0.000001 0.418977 0.032971
v -0.013694 0.390789 0.055423
v -0.012992 0.397353 0.052450
v 0.014253 0.416994 0.031986
v -0.000001 0.389564 0.059685
v 0.019522 0.414293 0.034442
v 0.009203 0.397355 0.053465
v 0.013947 0.404974 0.045738
v 0.017577 0.411044 0.039621
v -0.010770 0.408669 0.043460
v -0.012992 0.397353 0.052450
v -0.013694 0.390789 0.055423
v -0.008833 0.415155 0.036078
v -0.000001 0.389564 0.059685
v -0.000001 0.418977 0.032971
v 0.014253 0.416994 0.031986
v 0.019522 0.414293 0.034442
vn -0.9668 -0.0021 -0.2556
vn 0.8144 -0.5360 0.2223
vn 0.8993 -0.4218 0.1151
vn -0.4837 0.5989 -0.6383
vn -0.1285 0.4332 -0.8921
vn -0.6456 0.1994 -0.7372
vn -0.9673 -0.0113 -0.2534
vn 0.0256 0.5592 -0.8287
vn -0.2162 -0.8693 0.4446
vn 0.9118 -0.4031 0.0781
vn 0.5073 0.3426 -0.7908
vn 0.1519 0.8106 0.5655
vn 0.0144 0.8127 0.5825
vn -0.0058 0.7311 0.6822
vn 0.1688 0.7591 0.6287
vn -0.1826 0.7884 0.5874
vn -0.1943 0.7017 0.6855
vn -0.0000 0.5352 0.8447
vn -0.2193 0.5325 0.8176
vn -0.2349 0.4217 0.8758
vn -0.0668 0.4329 0.8990
vn 0.2101 0.5856 0.7829
vn 0.2006 0.6332 0.7475
vt 0.142661 0.142661
vt 0.000000 0.000000
vt 0.199574 0.048770
vt 0.540431 0.000000
vt 1.000000 0.000000
vt 1.000000 0.341371
vt 0.755273 0.166714
vt 0.405078 0.070373
vt 0.341371 0.341371
vt 0.803351 0.000000
vt 1.000000 0.184117
vt 1.000000 1.000000
vt 1.000000 0.780875
vt 0.428283 0.000000
vt 0.628382 0.260816
vt 0.731832 0.000000
vt 0.803351 0.803351
vt 0.858250 0.326289
vt 0.551778 0.000000
vt 0.382454 0.000000
vt 1.000000 0.582030
vt 1.000000 0.268168
vt 0.391907 0.391907
vt 0.877772 0.308430
vt 0.871027 0.305366
vt 0.853614 0.285357
vt 0.868507 0.270463
vt 0.883988 0.303169
vt 0.846088 0.269694
vt 0.851402 0.260587
vt 0.063865 0.736180
vt 0.042241 0.736571
vt 0.045062 0.719948
vt 0.062068 0.721492
vt 0.070517 0.720478
vt 0.081555 0.736180
vt 0.069428 0.762278
vt 0.050536 0.758069
vt 0.081555 0.736180
vt 0.093768 0.750704
vt 0.103213 0.762278
s 0
f 385/571/225 362/572/225 382/573/225
f 377/574/226 363/575/226 380/576/226 379/577/226
f 381/578/227 380/579/227 363/572/227
f 373/580/228 362/575/228 385/581/228
f 364/572/229 365/575/229 362/582/229
f 365/572/230 363/575/230 362/582/230
f 382/583/231 362/582/231 363/572/231 384/584/231 383/585/231
f 388/586/232 364/575/232 362/582/232 373/587/232
f 363/575/233 377/588/233 384/589/233
f 363/582/234 365/572/234 389/590/234 381/591/234
f 364/575/235 388/592/235 389/593/235 365/572/235
s 1
f 378/594/236 376/595/236 387/596/237 367/597/238 372/598/239
f 368/599/240 369/600/241 367/597/238 387/596/237
f 366/601/242 375/602/243 374/603/244 386/604/245
f 366/601/242 386/605/245 370/606/246
f 375/602/243 366/601/242 367/607/238 369/608/241
f 367/607/238 366/601/242 370/609/246 371/610/247 372/611/239
g Bottle_cell.015_Bottle_cell.014
v 0.028225 0.555259 0.005072
v 0.028435 0.555145 -0.007759
v 0.019518 0.551751 -0.001030
v 0.032753 0.549817 -0.000960
v 0.026032 0.548419 -0.005331
v 0.026377 0.536518 0.002147
v 0.027204 0.503875 -0.000879
v 0.026112 0.548434 0.003117
v 0.030787 0.549830 0.006377
v 0.030674 0.549804 -0.008718
v 0.032753 0.555261 -0.000969
v 0.026377 0.536518 0.002147
v 0.027204 0.503875 -0.000879
v 0.026112 0.548434 0.003117
v 0.026032 0.548419 -0.005331
v 0.030787 0.549830 0.006377
v 0.028225 0.555259 0.005072
v 0.028435 0.555145 -0.007759
v 0.030674 0.549804 -0.008718
v 0.032753 0.555261 -0.000969
vn -0.5817 -0.0944 -0.8079
vn -0.5760 -0.0899 0.8125
vn -0.5591 -0.0796 0.8252
vn -0.5558 -0.0652 0.8287
vn -0.3651 0.9309 -0.0143
vn -0.5689 -0.0919 -0.8173
vn -0.0126 0.9999 -0.0091
vn 0.9997 0.0250 -0.0052
vn 0.6929 -0.7209 0.0121
vn 0.9659 0.0005 0.2588
vn 0.6841 -0.7289 -0.0260
vn 0.9652 0.2608 0.0168
vn 0.8805 -0.4738 0.0115
vn 0.8365 -0.4406 -0.3258
vn 0.8923 0.2200 -0.3943
vn 0.8697 0.2559 0.4220
vn 0.8262 -0.4265 0.3680
vt 1.000000 0.215741
vt 1.000000 1.000000
vt 0.000000 0.000000
vt 0.363217 0.277075
vt 1.000000 0.765387
vt 0.270318 0.249505
vt 0.765387 0.765387
vt 1.000000 0.919342
vt 0.914954 0.599679
vt 1.000000 0.000000
vt 0.919342 0.919342
vt 0.975808 0.921077
vt 1.000000 0.910874
vt 0.976297 0.976297
vt 0.041247 0.000000
vt 0.236359 0.186572
vt 0.822651 0.559584
vt 0.815869 0.642379
vt 0.817518 0.620241
vt 0.823219 0.555636
vt 0.831057 0.642257
vt 0.822651 0.642257
vt 0.146500 0.790215
vt 0.156602 0.790215
vt 0.156602 0.805126
vt 0.146664 0.806000
vt 0.148269 0.777525
vt 0.156381 0.778004
vt 0.705563 0.785974
vt 0.712849 0.778689
vt 0.719899 0.790900
vt 0.699935 0.771233
vt 0.699110 0.776105
s 0
f 402/612/248 392/613/248 407/614/248 404/615/248
f 401/616/249 392/613/249 402/617/249
f 392/613/250 401/618/250 403/619/250
f 398/620/251 406/621/251 392/613/251 403/622/251
f 392/613/252 406/614/252 407/621/252
f 399/623/253 404/624/253 407/625/253
f 407/613/254 406/626/254 400/627/254
s 1
f 396/628/255 397/629/256 395/630/257
f 396/631/255 394/632/258 397/633/256
f 409/634/259 393/635/260 408/636/261 391/637/262
f 390/638/263 405/639/264 393/635/260 409/634/259
f 397/640/256 393/641/260 405/642/264
f 408/643/261 393/641/260 397/640/256 394/644/258
g Bottle_cell.016_Bottle_cell.015
v -0.000174 0.354200 -0.006237
v 0.001534 0.360171 -0.006460
v -0.000000 0.362434 -0.069981
v -0.000000 0.378602 -0.066175
v -0.000000 0.370290 -0.068908
v -0.016483 0.220705 -0.065326
v -0.011195 0.385103 -0.060075
v -0.013900 0.378608 -0.062451
v -0.015886 0.373006 -0.063761
v -0.016397 0.362442 -0.065588
v 0.019335 0.386680 -0.057144
v 0.018454 0.378610 -0.061230
v 0.017276 0.370298 -0.064279
v -0.000000 0.288465 -0.069857
v 0.015832 0.362441 -0.065739
v -0.000000 0.395892 -0.057924
v -0.013900 0.378608 -0.062451
v -0.015886 0.373006 -0.063761
v -0.016483 0.220705 -0.065326
v -0.016397 0.362442 -0.065588
v 0.017276 0.370298 -0.064279
v 0.015832 0.362441 -0.065739
v 0.018454 0.378610 -0.061230
v 0.019335 0.386680 -0.057144
v -0.000000 0.288465 -0.069857
v -0.011195 0.385103 -0.060075
v -0.000000 0.395892 -0.057924
vn 0.9163 -0.2503 0.3126
vn -0.9047 0.2622 0.3357
vn -0.9115 0.2461 0.3294
vn -0.9646 0.0011 0.2638
vn 0.9509 -0.2161 0.2214
vn 0.3480 0.7750 0.5276
vn -0.6659 0.6034 0.4387
vn -0.0029 0.0731 -0.9973
vn 0.2581 0.0740 -0.9633
vn -0.2245 -0.0016 -0.9745
vn -0.2588 -0.0016 -0.9659
vn -0.2641 0.0779 -0.9613
vn -0.2422 0.3514 -0.9044
vn -0.0000 0.3687 -0.9296
vn -0.0035 0.2246 -0.9744
vn -0.2576 0.2324 -0.9379
vn 0.2404 0.3693 -0.8977
vn 0.2518 0.2297 -0.9401
vn -0.2349 0.4186 -0.8773
vn 0.0438 0.4303 -0.9016
vn 0.2349 0.4186 -0.8773
vt 1.000000 0.000000
vt 1.000000 1.000000
vt 0.165371 0.000000
vt 0.000000 0.000000
vt 0.470500 0.000000
vt 1.000000 0.520210
vt 1.000000 0.492821
vt 0.721239 0.506234
vt 1.000000 0.165900
vt 0.495670 0.479405
vt 0.514764 0.453840
vt 0.551723 0.099107
vt 0.548205 0.050291
vt 0.552926 0.000000
vt 1.000000 0.834630
vt 0.762642 0.516692
vt 0.565298 0.141579
vt 1.000000 0.553068
vt 0.552926 0.552926
vt 0.596196 0.546411
vt 1.000000 0.529500
vt 0.604191 0.671068
vt 0.577837 0.671543
vt 0.604188 0.532833
vt 0.635865 0.406187
vt 0.635706 0.671068
vt 0.632748 0.701272
vt 0.606033 0.701272
vt 0.604713 0.685703
vt 0.635675 0.690777
vt 0.575316 0.701825
vt 0.575957 0.686221
vt 0.630633 0.708572
vt 0.629045 0.713490
vt 0.610012 0.733793
vt 0.575706 0.717028
vt 0.608010 0.735515
vt 0.577837 0.671543
vt 0.635687 0.685703
s 0
f 411/645/265 410/646/265 428/647/265
f 411/648/266 435/649/266 426/650/266 410/646/266
f 427/651/267 410/646/267 426/652/267
f 428/653/268 410/646/268 427/654/268 429/655/268
f 430/656/269 432/657/269 433/658/269 411/645/269 428/659/269 434/660/269 431/661/269
f 436/662/270 411/646/270 433/663/270
f 436/664/271 435/665/271 411/646/271
s 1
f 412/666/272 424/667/273 423/668/274
f 415/669/275 419/670/276 412/666/272 423/668/274
f 417/671/277 413/672/278 414/673/279 418/674/280
f 414/673/279 413/672/278 421/675/281 422/676/282
f 413/672/278 417/677/277 416/678/283 425/679/284
f 420/680/285 421/675/281 413/672/278 425/681/284
f 412/666/272 414/673/279 422/676/282 424/682/273
f 418/683/280 414/673/279 412/666/272 419/670/276
g Bottle_cell.017_Bottle_cell.016
v -0.034595 0.362500 -0.009201
v -0.004310 0.353065 0.000339
v -0.045961 0.200131 0.024970
v -0.069349 0.362555 -0.000633
v -0.068262 0.370409 -0.000646
v -0.060418 0.362613 0.032698
v -0.060342 0.269329 0.033170
v -0.059483 0.370466 0.032115
v -0.060335 0.197663 0.033345
v -0.069355 0.288024 -0.000502
v -0.067093 0.252871 0.008011
v -0.065121 0.362528 -0.016413
v -0.063795 0.369619 -0.017709
v -0.063498 0.197182 0.021539
v -0.060418 0.362613 0.032698
v -0.059483 0.370466 0.032115
v -0.060342 0.269329 0.033170
v -0.060335 0.197663 0.033345
v -0.065121 0.362528 -0.016413
v -0.063795 0.369619 -0.017709
v -0.069355 0.288024 -0.000502
v -0.067093 0.252871 0.008011
v -0.063498 0.197182 0.021539
v -0.068262 0.370409 -0.000646
vn -0.1913 0.3232 0.9268
vn 0.2621 0.9642 -0.0391
vn 0.5002 0.0048 0.8659
vn 0.5031 0.0022 0.8642
vn 0.2316 -0.2158 -0.9486
vn 0.2243 -0.2157 -0.9503
vn 0.1667 -0.9860 -0.0045
vn 0.2224 -0.2166 -0.9506
vn -0.9632 0.0752 -0.2582
vn -0.9744 0.0005 0.2249
vn -0.9977 0.0680 -0.0001
vn -0.9659 0.0005 0.2588
vn -0.9638 0.0660 0.2581
vn -0.9574 0.1330 0.2563
vn -0.9905 0.1371 0.0034
vn -0.9574 0.1321 -0.2568
vt 1.000000 1.000000
vt 0.000000 0.000000
vt 1.000000 0.485928
vt 1.000000 0.523988
vt 0.485928 0.485928
vt 0.620467 0.454309
vt 0.525610 0.522365
vt 0.556281 0.512400
vt 1.000000 0.491605
vt 0.790357 0.000000
vt 1.000000 0.000000
vt 0.491605 0.491605
vt 1.000000 0.655252
vt 0.288168 0.000000
vt 0.497697 0.154707
vt 0.955101 0.600721
vt 0.705031 0.000000
vt 1.000000 0.209643
vt 1.000000 0.711832
vt 0.745806 0.745806
vt 0.514955 0.091411
vt 0.488692 0.231170
vt 0.488689 0.091884
vt 0.446469 0.401635
vt 0.423947 0.400150
vt 0.424038 0.266217
vt 0.424626 0.091884
vt 0.488692 0.231170
vt 0.472450 0.296893
vt 0.425199 0.077250
vt 0.488166 0.077250
vt 0.516621 0.078154
s 0
f 438/684/286 437/685/286 456/686/286
f 452/687/287 438/684/287 456/688/287 460/689/287
f 452/690/288 451/691/288 453/692/288 438/684/288
f 454/693/289 439/694/289 438/684/289 453/695/289
f 439/685/290 437/694/290 438/684/290
f 456/696/291 437/684/291 439/685/291 458/697/291 457/698/291 455/699/291
f 459/700/292 439/694/292 454/701/292
f 458/702/293 439/684/293 459/703/293
s 1
f 448/704/294 446/705/295 440/706/296
f 450/707/297 445/708/297 443/709/297 442/710/298 440/706/296 446/711/295 447/712/297
f 444/713/299 441/714/300 440/706/296 442/710/298
f 449/715/301 448/704/294 440/706/296 441/714/300
g Bottle_cell.018_Bottle_cell.017
v -0.030401 0.556331 -0.009749
v -0.018524 0.555937 -0.027188
v -0.028365 0.557268 -0.017349
v -0.026571 0.549272 -0.016300
v -0.022613 0.549779 -0.023089
v -0.030186 0.549745 -0.009701
v -0.018524 0.555937 -0.027188
v -0.028365 0.557268 -0.017349
v -0.022613 0.549779 -0.023089
v -0.026571 0.549272 -0.016300
v -0.030401 0.556331 -0.009749
v -0.030186 0.549745 -0.009701
vn 0.3261 0.9237 0.2012
vn 0.8429 -0.0866 0.5310
vn -0.7678 -0.1054 -0.6320
vn -0.8523 -0.1314 -0.5064
vn -0.8514 -0.1311 -0.5079
vn -0.9163 -0.1541 -0.3696
vt 0.000000 0.000000
vt 0.901480 0.000000
vt 0.469607 0.113510
vt 0.901480 0.901480
vt 0.093882 0.000000
vt 0.268832 0.170947
vt 0.616426 0.525457
vt 0.896721 0.629587
vt 0.896486 0.642666
vt 0.882608 0.642666
vt 0.885449 0.620290
vt 0.130566 0.762956
vt 0.123917 0.775606
vt 0.118370 0.775602
vt 0.116688 0.762956
s 0
f 471/716/302 467/717/302 468/718/302
f 467/719/303 471/716/303 472/720/303 470/721/303 469/722/303
s 1
f 465/723/304 464/724/305 463/725/306 462/726/304
f 464/727/305 466/728/307 461/729/307 463/730/306
g Bottle_cell.019_Bottle_cell.018
v -0.003947 0.392474 -0.018344
v -0.000001 0.423422 -0.027943
v -0.004451 0.397353 -0.027638
v 0.009563 0.487305 -0.018503
v -0.006180 0.486949 -0.026398
v -0.004463 0.487276 -0.019883
v -0.000001 0.486846 -0.028054
v 0.013601 0.486992 -0.024409
v -0.002861 0.426146 -0.014072
v -0.004541 0.427725 -0.020441
v -0.006083 0.423425 -0.026313
v 0.005859 0.427726 -0.020087
v 0.017819 0.482044 -0.020182
v 0.010278 0.456162 -0.018621
v 0.012801 0.484051 -0.015692
v -0.008245 0.412961 -0.040623
v -0.001770 0.414456 -0.040226
v 0.013601 0.451972 -0.024348
v -0.000001 0.417411 -0.036495
v -0.000001 0.486846 -0.028054
v 0.013601 0.486992 -0.024409
v -0.006180 0.486949 -0.026398
v -0.002861 0.426146 -0.014072
v -0.004541 0.427725 -0.020441
v -0.004463 0.487276 -0.019883
v -0.006083 0.423425 -0.026313
v 0.010278 0.456162 -0.018621
v 0.012801 0.484051 -0.015692
v 0.005859 0.427726 -0.020087
v -0.000001 0.423422 -0.027943
v -0.000001 0.417411 -0.036495
v 0.009563 0.487305 -0.018503
v -0.008245 0.412961 -0.040623
v 0.017819 0.482044 -0.020182
v 0.013601 0.451972 -0.024348
v -0.001770 0.414456 -0.040226
vn 0.5225 0.7922 0.3153
vn 0.0030 0.9987 -0.0509
vn -0.9735 -0.0083 0.2286
vn 0.7195 -0.1599 0.6759
vn 0.5778 0.7558 0.3081
vn -0.9364 -0.3291 -0.1220
vn 0.9316 -0.2985 -0.2072
vn 0.9101 -0.2400 -0.3377
vn 0.1864 -0.6012 -0.7771
vn 0.4338 -0.0016 -0.9010
vn 0.7071 -0.0012 -0.7071
vn 0.2918 -0.0017 -0.9565
vn -0.2588 -0.0017 -0.9659
vn -0.0005 -0.0017 -1.0000
vn -0.1668 0.4296 -0.8875
vn -0.2323 0.4391 -0.8679
vn -0.1351 -0.0155 0.9907
vn -0.0993 0.5456 0.8321
vn -0.1206 0.3063 0.9443
vn -0.1519 0.8086 -0.5683
vn -0.0083 0.9700 0.2428
vt 0.632174 0.000000
vt 1.000000 0.009310
vt 1.000000 0.298839
vt 0.660518 0.482774
vt 1.000000 0.767463
vt 0.756052 0.631622
vt 0.298839 0.298839
vt 0.011753 0.010551
vt 0.756291 0.000000
vt 1.000000 0.000000
vt 0.993036 0.345664
vt 0.922884 0.295532
vt 0.836205 0.836205
vt 0.767463 0.767463
vt 0.867160 0.197588
vt 0.724405 0.000000
vt 1.000000 0.251478
vt 1.000000 0.519641
vt 0.705946 0.238482
vt 0.398612 0.039875
vt 0.353893 0.353893
vt 0.000000 0.000000
vt 0.306066 0.306066
vt 1.000000 0.011899
vt 0.555775 0.555775
vt 0.181608 0.181608
vt 1.000000 1.000000
vt 1.000000 0.734908
vt 1.000000 0.275595
vt 0.734908 0.734908
vt 0.752153 0.724512
vt 0.903596 0.650508
vt 0.198976 0.198976
vt 0.173470 0.000000
vt 0.871258 0.528741
vt 0.861843 0.519374
vt 0.871434 0.463759
vt 0.834527 0.760543
vt 0.822651 0.760357
vt 0.822651 0.642666
vt 0.834342 0.642666
vt 0.822651 0.760357
vt 0.800010 0.761024
vt 0.800011 0.696040
vt 0.872398 0.802745
vt 0.873260 0.802599
vt 0.889216 0.802492
vt 0.888844 0.912821
vt 0.879091 0.912997
vt 0.871895 0.860389
vt 0.748365 0.366555
vt 0.767813 0.355188
vt 0.773659 0.365312
vt 0.762418 0.376553
vt 0.755190 0.379136
vt 0.196120 0.782760
vt 0.201751 0.773007
vt 0.209804 0.781060
s 0
f 500/731/308 493/732/308 504/733/308
f 492/734/309 494/735/309 497/736/309 504/737/309 493/738/309
f 505/739/310 473/740/310 495/741/310 496/742/310 497/743/310 494/744/310 498/745/310
f 490/746/311 506/747/311 500/748/311 499/749/311 501/750/311 495/751/311 473/752/311
f 506/753/312 493/754/312 500/755/312
f 505/756/313 475/752/313 473/740/313
f 473/757/314 475/752/314 508/758/314
f 490/759/315 473/757/315 508/760/315 503/761/315 502/762/315
f 508/763/316 475/752/316 505/764/316
s 1
f 480/765/317 485/766/318 507/767/319
f 477/768/320 479/769/321 474/770/322 483/771/323
f 474/770/322 479/772/321 480/773/317 507/774/319
f 487/775/324 476/776/324 478/777/324 482/778/325 484/779/326 486/780/324
f 488/781/327 483/782/323 474/783/322 491/784/327 489/785/327
f 484/786/326 482/787/325 481/788/328
g Bottle_cell.020_Bottle_cell.019
v -0.002260 0.361075 0.006025
v -0.002552 0.352949 0.002302
v -0.045199 0.200732 0.026592
v -0.034675 0.362660 0.059425
v -0.032757 0.378815 0.056076
v -0.034131 0.370512 0.058470
v -0.039420 0.389789 0.042192
v -0.015394 0.389455 0.055609
v -0.029766 0.391285 0.050874
v -0.012349 0.384239 0.058937
v -0.016762 0.370520 0.063123
v -0.018741 0.362667 0.063694
v -0.041131 0.251647 0.053175
v -0.034677 0.288020 0.059561
v -0.014227 0.378824 0.061041
v -0.052003 0.384952 0.032774
v -0.055127 0.378776 0.033706
v -0.059437 0.237529 0.034895
v -0.059116 0.362617 0.034984
v -0.058154 0.370470 0.034446
v -0.050931 0.197426 0.043476
v -0.059450 0.198114 0.034956
v -0.015394 0.389455 0.055609
v -0.029766 0.391285 0.050874
v -0.039420 0.389789 0.042192
v -0.016762 0.370520 0.063123
v -0.014227 0.378824 0.061041
v -0.018741 0.362667 0.063694
v -0.034677 0.288020 0.059561
v -0.041131 0.251647 0.053175
v -0.012349 0.384239 0.058937
v -0.052003 0.384952 0.032774
v -0.055127 0.378776 0.033706
v -0.059116 0.362617 0.034984
v -0.058154 0.370470 0.034446
v -0.059437 0.237529 0.034895
v -0.050931 0.197426 0.043476
v -0.059450 0.198114 0.034956
vn 0.2520 0.8672 -0.4296
vn 0.0980 0.8260 -0.5551
vn 0.9576 -0.1476 0.2472
vn 0.8749 0.4823 -0.0443
vn 0.9353 -0.2152 0.2807
vn -0.2721 0.4089 -0.8711
vn -0.4735 0.1001 -0.8751
vn -0.5000 0.0019 -0.8660
vn 0.9363 -0.2184 0.2751
vn 0.0845 -0.9829 -0.1638
vn -0.5060 -0.0012 -0.8625
vn -0.7071 0.0013 0.7071
vn -0.6818 0.0014 0.7316
vn -0.4988 0.0695 0.8639
vn -0.7056 0.0668 0.7055
vn -0.2581 0.0774 0.9630
vn -0.4874 0.2247 0.8438
vn -0.4645 0.3717 0.8038
vn -0.6610 0.3564 0.6604
vn -0.6909 0.2140 0.6905
vn -0.2518 0.2329 0.9393
vn -0.2404 0.3724 0.8964
vn -0.6417 0.4213 0.6409
vn -0.4514 0.4336 0.7799
vn -0.2349 0.4217 0.8758
vt 0.563726 0.000000
vt 1.000000 0.000000
vt 1.000000 0.317861
vt 0.785698 0.180101
vt 0.317861 0.317861
vt 0.000000 0.000000
vt 0.402127 0.000000
vt 0.482468 0.482468
vt 0.436274 0.000000
vt 0.455770 0.455770
vt 0.923264 0.464441
vt 0.884167 0.441950
vt 0.537796 0.164396
vt 0.380580 0.000000
vt 1.000000 0.482468
vt 0.968517 0.478363
vt 1.000000 1.000000
vt 1.000000 0.597873
vt 0.474781 0.000000
vt 0.450994 0.227203
vt 0.424149 0.424149
vt 1.000000 0.525218
vt 0.192633 0.000000
vt 0.944943 0.479821
vt 0.708093 0.000000
vt 0.380580 0.380580
vt 0.792279 0.000000
vt 1.000000 0.291907
vt 0.192633 0.192633
vt 0.207721 0.000000
vt 0.378988 0.298550
vt 0.364321 0.230332
vt 0.364329 0.090843
vt 0.419901 0.091846
vt 0.420610 0.325626
vt 0.420631 0.399287
vt 0.401260 0.400250
vt 0.000036 0.672110
vt 0.000028 0.532622
vt 0.026558 0.671630
vt 0.365756 0.076226
vt 0.369363 0.060698
vt 0.420226 0.061615
vt 0.420379 0.077211
vt 0.005070 0.702256
vt 0.001463 0.686728
vt 0.030373 0.686205
vt 0.035914 0.701698
vt 0.420378 0.049963
vt 0.420226 0.061615
vt 0.377215 0.037297
vt 0.397427 0.040455
vt 0.042074 0.716890
vt 0.036423 0.721764
vt 0.012922 0.725658
vt 0.026558 0.671630
s 0
f 531/789/329 509/790/329 533/791/329 532/792/329
f 533/793/330 509/794/330 540/795/330
f 510/794/331 509/790/331 539/796/331
f 531/797/332 539/798/332 509/794/332
f 534/799/333 536/800/333 537/801/333 538/802/333 510/790/333 539/803/333 535/804/333
f 509/805/334 510/794/334 540/806/334
f 510/794/335 543/807/335 541/808/335 540/809/335
f 543/810/336 510/805/336 511/794/336 544/811/336 542/812/336
f 545/813/337 511/790/337 510/805/337 538/814/337
f 546/815/338 511/790/338 545/816/338
f 544/817/339 511/794/339 546/818/339
s 1
f 521/819/340 522/820/341 512/821/342 527/822/343 526/823/340 530/824/340 529/825/340
f 512/826/342 522/827/341 520/828/344
f 514/829/345 513/830/346 525/831/347 528/832/348
f 513/833/346 514/834/345 519/835/349 523/836/350
f 524/837/351 525/838/347 513/830/346 517/839/352 515/840/351
f 518/841/353 516/842/353 517/843/352 513/833/346 523/836/350
f 514/834/345 512/826/342 520/844/344 519/835/349
f 512/821/342 514/829/345 528/832/348 527/822/343
g Bottle_cell.021_Bottle_cell.020
v 0.013602 0.573223 -0.024560
v 0.023559 0.573241 -0.014602
v 0.010397 0.559905 -0.016989
v 0.019824 0.562810 -0.025900
v 0.022482 0.564078 -0.018692
v 0.014503 0.563297 -0.012834
v 0.006571 0.572189 -0.026442
v 0.011563 0.564593 -0.025091
v 0.015511 0.563268 -0.029580
v 0.009283 0.573369 -0.017724
v 0.016572 0.571540 -0.010644
v 0.022674 0.568067 -0.015478
v 0.011563 0.564593 -0.025091
v 0.015511 0.563268 -0.029580
v 0.006571 0.572189 -0.026442
v 0.019824 0.562810 -0.025900
v 0.022482 0.564078 -0.018692
v 0.010397 0.559905 -0.016989
v 0.014503 0.563297 -0.012834
v 0.022674 0.568067 -0.015478
v 0.009283 0.573369 -0.017724
v 0.016572 0.571540 -0.010644
v 0.023559 0.573241 -0.014602
vn 0.0877 -0.9707 -0.2236
vn 0.3316 -0.9424 0.0435
vn 0.4375 -0.7500 0.4961
vn -0.9506 -0.0621 0.3041
vn -0.7095 -0.5609 -0.4267
vn 0.5214 -0.2283 0.8222
vn 0.4610 -0.3341 0.8221
vn 0.6437 0.2445 -0.7252
vn 0.4826 0.4225 -0.7672
vn 0.3652 0.6683 -0.6481
vn 0.5241 0.7075 -0.4740
vn 0.1098 0.6389 -0.7614
vn 0.3061 0.8599 -0.4085
vn 0.3017 0.8535 -0.4248
vn 0.3361 0.8986 -0.2820
vn -0.3491 0.8675 0.3543
vn -0.4264 0.7443 0.5140
vn -0.7008 -0.0170 0.7132
vt 0.092852 0.092852
vt 0.010130 0.000000
vt 0.126493 0.013775
vt 1.000000 0.027852
vt 1.000000 0.363692
vt 0.350455 0.000000
vt 0.417284 0.000000
vt 0.816939 0.000000
vt 0.935605 0.935605
vt 0.350455 0.350455
vt 1.000000 0.803797
vt 1.000000 0.968593
vt 0.175995 0.000000
vt 1.000000 0.871439
vt 0.968593 0.968593
vt 0.803798 0.803798
vt 0.947833 0.888598
vt 1.000000 0.213981
vt 0.903884 0.502322
vt 0.870997 0.457655
vt 0.600376 0.600376
vt 0.213981 0.213981
vt 1.000000 0.183061
vt 0.871518 0.503283
vt 0.871844 0.485248
vt 0.887857 0.485248
vt 0.887448 0.507889
vt 0.105302 0.894109
vt 0.105513 0.905804
vt 0.089438 0.902411
vt 0.503443 0.762952
vt 0.500776 0.772904
vt 0.479951 0.772904
vt 0.483871 0.762952
vt 0.131058 0.848950
vt 0.131364 0.832000
vt 0.132061 0.841112
vt 0.349959 0.802646
vt 0.364293 0.798667
vt 0.364293 0.812172
vt 0.340744 0.786685
vt 0.351222 0.776027
vt 0.976422 0.667519
vt 0.968116 0.661453
vt 0.963161 0.642666
vt 0.979122 0.642954
s 0
f 562/845/354 564/846/354 560/847/354
f 564/848/355 562/849/355 563/850/355
f 566/851/356 565/852/356 564/853/356 563/854/356
f 561/855/357 564/856/357 567/857/357
f 560/858/358 564/859/358 561/860/358 559/861/358
f 568/862/359 566/863/359 548/864/359
f 566/865/360 568/866/360 565/867/360
s 1
f 558/868/361 554/869/362 547/870/363 569/871/364
f 553/872/365 547/873/363 554/874/362
f 555/875/366 554/876/362 558/877/361 551/878/367
f 555/879/366 551/880/367 550/881/368
f 556/882/369 547/883/363 553/884/365
f 556/882/369 557/885/370 569/886/364 547/883/363
f 549/887/371 552/888/371 557/889/370 556/890/369
g Bottle_cell.022_Bottle_cell.021
v -0.007903 0.560744 -0.020237
v -0.000056 0.573365 -0.020226
v -0.000000 0.573217 -0.028204
v -0.008602 0.573369 -0.017936
v -0.008658 0.565370 -0.017999
v 0.005890 0.559709 -0.018769
v 0.007279 0.571305 -0.018282
v 0.004408 0.569171 -0.027016
v -0.012418 0.570181 -0.024872
v -0.000125 0.560430 -0.020334
v -0.008602 0.573369 -0.017936
v -0.008658 0.565370 -0.017999
v -0.007903 0.560744 -0.020237
v -0.000125 0.560430 -0.020334
v -0.012418 0.570181 -0.024872
v 0.005890 0.559709 -0.018769
v 0.007279 0.571305 -0.018282
v -0.000000 0.573217 -0.028204
vn -0.8766 0.0024 0.4813
vn -0.9103 -0.2910 0.2944
vn 0.9248 0.1631 -0.3438
vn -0.4065 -0.6356 -0.6563
vn -0.0325 0.9921 -0.1215
vn 0.0378 0.8082 0.5877
vn -0.1424 0.3556 0.9237
vn -0.1855 0.9679 -0.1697
vn 0.0037 0.7935 0.6085
vn -0.0313 -0.0469 0.9984
vn -0.2559 -0.0082 0.9667
vn 0.2161 -0.0864 0.9726
vn -0.0189 -0.5080 -0.8612
vt 1.000000 0.000000
vt 1.000000 0.289580
vt 0.880958 0.176390
vt 0.289580 0.289580
vt 0.000000 0.000000
vt 0.530587 0.000000
vt 0.175536 0.175536
vt 0.142328 0.000000
vt 0.206156 0.050668
vt 1.000000 0.857672
vt 1.000000 1.000000
vt 0.842362 0.842362
vt 0.364293 0.824810
vt 0.349959 0.821076
vt 0.349959 0.806916
vt 0.349212 0.842721
vt 0.341747 0.835301
vt 0.882018 0.667869
vt 0.877932 0.665219
vt 0.877491 0.642888
vt 0.889754 0.642666
vt 0.889673 0.666620
vt 0.906180 0.642666
vt 0.906243 0.657503
vt 0.903638 0.667168
vt 1.000000 0.842362
vt 0.541631 0.541631
vt 0.115749 0.000000
s 0
f 584/891/372 581/892/372 580/893/372
f 581/894/373 584/895/373 570/896/373
f 586/897/374 575/895/374 577/898/374 572/899/374
f 577/900/375 575/901/375 572/902/375
s 1
f 587/903/376 571/904/377 576/905/378
f 578/906/379 573/907/380 571/904/377 587/903/376
f 583/908/381 585/909/382 576/910/378 571/911/377
f 583/912/381 571/911/377 573/913/380 574/914/383 582/915/383
s 0
f 572/916/384 575/901/384 579/917/384 570/895/384 584/918/384
g Bottle_cell.023_Bottle_cell.022
v -0.009321 0.357987 -0.011476
v -0.002235 0.354931 -0.004138
v -0.033290 0.375394 -0.058315
v -0.020126 0.374507 -0.062132
v -0.045053 0.374030 -0.047174
v -0.042714 0.383035 -0.044571
v -0.014571 0.383286 -0.060039
v -0.016247 0.378609 -0.061822
v -0.031248 0.384919 -0.054795
v -0.033290 0.375394 -0.058315
v -0.020126 0.374507 -0.062132
v -0.014571 0.383286 -0.060039
v -0.016247 0.378609 -0.061822
v -0.031248 0.384919 -0.054795
v -0.042714 0.383035 -0.044571
v -0.045053 0.374030 -0.047174
vn -0.1481 -0.9494 -0.2770
vn -0.6435 -0.6884 0.3347
vn -0.7127 -0.0176 0.7013
vn 0.9259 -0.2128 -0.3123
vn 0.3567 -0.8463 -0.3957
vn 0.2140 0.8894 0.4039
vn -0.2465 0.3027 -0.9206
vn -0.4666 0.3868 -0.7954
vn -0.2479 0.3721 -0.8945
vn -0.2481 0.3952 -0.8844
vn -0.4627 0.3947 -0.7938
vn -0.6560 0.3721 -0.6567
vt 1.000000 0.000000
vt 1.000000 0.328560
vt 0.732466 0.163751
vt 0.532700 0.000000
vt 0.000000 0.000000
vt 0.328560 0.328560
vt 0.370134 0.370134
vt 0.350324 0.000000
vt 0.516593 0.000000
vt 0.776347 0.274934
vt 0.507277 0.507277
vt 1.000000 0.467300
vt 0.759543 0.561556
vt 1.000000 0.649676
vt 1.000000 1.000000
vt 0.516593 0.516593
vt 0.644063 0.693584
vt 0.668993 0.701272
vt 0.639113 0.693413
vt 0.635115 0.710070
vt 0.637260 0.701272
vt 0.667542 0.713125
vt 0.694745 0.701736
vt 0.693015 0.709997
s 0
f 588/919/385 603/920/385 597/921/385 598/922/385
f 588/923/386 589/919/386 603/924/386
f 603/925/387 589/923/387 602/926/387
f 599/927/388 589/919/388 600/928/388
f 600/929/389 589/923/389 588/919/389 598/930/389
f 601/931/390 602/932/390 589/933/390 599/934/390
s 1
f 591/935/391 590/936/392 595/937/393
f 594/938/394 595/939/393 590/936/392 596/940/395
f 590/936/392 592/941/396 593/942/396 596/940/395
g Bottle_cell.024_Bottle_cell.023
v -0.012253 0.016777 0.049450
v 0.012197 0.017078 0.049542
v -0.000000 0.003591 0.069374
v 0.006555 0.005534 0.043964
v 0.013635 0.052588 0.065631
v -0.010593 0.054666 0.066442
v -0.000000 0.060681 0.069269
v -0.002033 0.005828 0.044048
v 0.016273 0.003584 0.065014
v -0.009256 0.005295 0.044155
v -0.016364 0.050661 0.064903
v -0.016363 0.004624 0.064988
v -0.015126 0.000109 0.062574
v -0.010593 0.054666 0.066442
v -0.000000 0.060681 0.069269
v 0.013635 0.052588 0.065631
v -0.016364 0.050661 0.064903
v -0.016363 0.004624 0.064988
v -0.009256 0.005295 0.044155
v -0.015126 0.000109 0.062574
v 0.006555 0.005534 0.043964
v -0.002033 0.005828 0.044048
v 0.016273 0.003584 0.065014
vn 0.0611 0.4099 -0.9101
vn 0.0054 0.4176 -0.9086
vn 0.9763 0.0552 -0.2091
vn 0.8770 -0.2230 -0.4255
vn -0.0421 0.4102 -0.9110
vn -0.9667 -0.0005 -0.2561
vn -0.9414 -0.0929 -0.3241
vn -0.2654 -0.2437 0.9328
vn 0.0352 -0.6602 0.7502
vn -0.0024 0.0018 1.0000
vn -0.2588 0.0018 0.9659
vn 0.1799 -0.7070 0.6839
vn 0.2588 0.0018 0.9659
vn -0.0026 -0.9262 0.3770
vn 0.1009 -0.9881 -0.1162
vn -0.0270 -0.9962 -0.0831
vn 0.2168 -0.9654 -0.1448
vt 0.218777 0.218777
vt 0.000000 0.000000
vt 1.000000 0.137383
vt 0.425773 0.187436
vt 0.384042 0.384042
vt 0.137383 0.137383
vt 0.138524 0.000000
vt 0.393787 0.000000
vt 1.000000 0.218777
vt 0.779854 0.000000
vt 1.000000 0.000000
vt 0.782241 0.655325
vt 1.000000 0.688698
vt 1.000000 1.000000
vt 0.303527 0.303527
vt 0.220209 0.000000
vt 1.000000 0.606213
vt 1.000000 0.861476
vt 0.220209 0.220209
vt 0.221733 0.000000
vt 0.787625 0.000000
vt 1.000000 0.453609
vt 0.793278 0.109678
vt 0.030630 0.000491
vt 0.057738 0.000000
vt 0.057740 0.106691
vt 0.040109 0.095777
vt 0.030503 0.088472
vt 0.089208 0.002212
vt 0.083947 0.091578
vt 0.057740 0.106691
vt 0.750994 0.186696
vt 0.761922 0.215482
vt 0.747715 0.187815
vt 0.790683 0.226395
vt 0.765530 0.211873
vt 0.795066 0.182337
vt 0.807254 0.194339
vt 0.784900 0.172181
vt 0.795066 0.182337
s 0
f 619/943/397 605/944/397 624/945/397
f 618/946/398 619/947/398 624/948/398 625/949/398 617/950/398
f 619/951/399 612/952/399 605/953/399
f 612/954/400 624/955/400 605/956/400
f 622/957/401 604/944/401 620/958/401 617/959/401 625/960/401
f 620/961/402 604/944/402 621/962/402
f 621/963/403 604/953/403 622/964/403 623/965/403
s 1
f 615/966/404 606/967/405 610/968/406 609/969/407 614/970/407
f 606/967/405 626/971/408 608/972/409 610/973/406
f 616/974/410 606/975/405 615/976/404
f 626/977/408 606/978/405 611/979/411 607/980/412
f 613/981/413 611/982/411 606/978/405 616/974/410
g Bottle_cell.025_Bottle_cell.024
v -0.019647 0.558769 0.010495
v -0.028365 0.549846 0.015417
v -0.023559 0.548451 0.012645
v -0.019462 0.489108 0.016846
v -0.013803 0.550187 0.011822
v -0.014243 0.519335 0.011939
v -0.019099 0.547284 0.017108
v -0.022895 0.549855 0.020887
v -0.030406 0.556936 0.007788
v -0.030385 0.549833 0.007878
v -0.023559 0.500367 0.012729
v -0.024367 0.533091 0.009656
v -0.015505 0.554994 0.010033
v -0.025606 0.560852 0.018157
v -0.022979 0.557058 0.020791
v -0.029346 0.560968 0.011737
v -0.023559 0.500367 0.012729
v -0.024367 0.533091 0.009656
v -0.025606 0.560852 0.018157
v -0.022979 0.557058 0.020791
v -0.019462 0.489108 0.016846
v -0.019099 0.547284 0.017108
v -0.022895 0.549855 0.020887
v -0.030406 0.556936 0.007788
v -0.030385 0.549833 0.007878
v -0.023559 0.548451 0.012645
v -0.029346 0.560968 0.011737
vn 0.7082 -0.0075 0.7060
vn 0.7058 0.0133 0.7083
vn 0.6242 -0.0577 -0.7791
vn 0.0881 -0.0879 -0.9922
vn 0.1416 -0.0563 -0.9883
vn 0.7094 0.5944 0.3788
vn 0.2074 0.9728 -0.1033
vn 0.0641 0.6897 -0.7212
vn -0.7192 0.0012 0.6948
vn -0.5313 -0.7537 0.3868
vn -0.9659 0.0005 0.2588
vn -0.7071 0.0012 0.7071
vn -0.6309 -0.5271 0.5693
vn -0.7325 -0.5394 0.4153
vn -0.6104 -0.5767 0.5430
vn -0.8437 0.0213 0.5363
vn -0.9308 0.0382 0.3635
vn -0.8802 -0.3381 0.3330
vt 0.000000 0.000000
vt 0.480882 0.000000
vt 1.000000 0.020636
vt 1.000000 0.069603
vt 0.069603 0.069603
vt 0.020546 0.000000
vt 0.105041 0.000000
vt 0.104852 0.058379
vt 1.000000 0.349100
vt 0.794927 0.794927
vt 0.826219 0.659833
vt 0.697360 0.000000
vt 1.000000 0.519118
vt 1.000000 1.000000
vt 0.349100 0.349100
vt 0.255444 0.108197
vt 0.110308 0.110308
vt 1.000000 0.000000
vt 1.000000 0.512963
vt 0.697360 0.697360
vt 0.512963 0.512963
vt 0.258023 0.000000
vt 1.000000 0.634030
vt 1.000000 0.928487
vt 0.066041 0.066041
vt 0.257733 0.000000
vt 0.742267 0.000000
vt 0.932956 0.932956
vt 0.751227 0.732300
vt 0.759482 0.643075
vt 0.757023 0.671567
vt 0.741884 0.751958
vt 0.741085 0.642892
vt 0.751227 0.643074
vt 0.751227 0.732301
vt 0.131058 0.821691
vt 0.130833 0.834129
vt 0.117470 0.833938
vt 0.110004 0.821691
vt 0.117875 0.807051
vt 0.131058 0.807202
vt 0.110004 0.821691
vt 0.110407 0.814656
vt 0.656780 0.870470
vt 0.654113 0.880421
vt 0.645967 0.869146
vt 0.668475 0.880421
vt 0.668491 0.870470
s 0
f 647/983/414 632/984/414 631/985/414 648/986/414
f 648/987/415 631/988/415 646/989/415 634/990/415
f 644/991/416 647/992/416 643/993/416
f 650/983/417 631/994/417 632/995/417 647/996/417 644/997/417 629/998/417 636/999/417
f 627/1000/418 639/1001/418 631/1002/418 650/983/418
f 639/1003/419 627/983/419 645/1004/419 646/1005/419 631/1006/419
f 645/1007/420 627/983/420 653/1008/420
f 653/1009/421 627/1000/421 650/1010/421
s 1
f 637/1011/422 652/1012/423 638/1013/424
f 630/1014/425 633/1015/426 652/1016/423 637/1017/422
f 628/1018/427 649/1019/428 641/1020/425 640/1021/429
f 635/1022/430 651/1023/431 628/1018/427 640/1024/429 642/1025/430
f 652/1026/423 628/1027/427 651/1028/431
f 649/1029/428 628/1027/427 652/1026/423 633/1030/426
g Bottle_cell.026_Bottle_cell.025
v 0.008129 0.383505 -0.009305
v -0.004142 0.386324 -0.016108
v 0.024586 0.484730 -0.008180
v 0.006143 0.371340 -0.003482
v -0.006378 0.406907 -0.005329
v 0.004213 0.368530 0.000191
v -0.003055 0.373636 -0.003347
v -0.000922 0.363940 -0.002505
v 0.007051 0.426148 -0.012949
v 0.012213 0.426157 -0.007787
v 0.023129 0.478071 -0.014866
v 0.023559 0.485237 -0.014449
v 0.020224 0.484064 -0.000858
v 0.013578 0.426165 -0.002693
v 0.019207 0.454052 -0.005970
v 0.018579 0.447782 -0.008591
v 0.015009 0.427736 -0.014306
v 0.013698 0.477021 -0.014897
v 0.018558 0.473140 -0.019429
v 0.019949 0.485933 -0.018060
v 0.010097 0.427560 -0.018227
v 0.016863 0.455414 -0.021093
v 0.002069 0.426145 -0.014284
v -0.002532 0.426152 -0.010617
v 0.010389 0.438781 -0.018764
v 0.017491 0.485966 -0.010974
v 0.007364 0.426175 0.002695
v -0.004871 0.426162 -0.004560
v 0.024586 0.484730 -0.008180
v 0.023129 0.478071 -0.014866
v 0.020224 0.484064 -0.000858
v 0.019207 0.454052 -0.005970
v 0.018558 0.473140 -0.019429
v 0.019949 0.485933 -0.018060
v 0.002069 0.426145 -0.014284
v -0.002532 0.426152 -0.010617
v 0.016863 0.455414 -0.021093
v 0.013698 0.477021 -0.014897
v 0.010389 0.438781 -0.018764
v -0.004871 0.426162 -0.004560
v 0.012213 0.426157 -0.007787
v 0.013578 0.426165 -0.002693
v 0.023559 0.485237 -0.014449
v 0.018579 0.447782 -0.008591
v 0.015009 0.427736 -0.014306
v 0.017491 0.485966 -0.010974
v 0.010097 0.427560 -0.018227
v 0.007364 0.426175 0.002695
vn 0.0493 0.9940 0.0979
vn 0.8580 -0.1144 0.5008
vn 0.9151 -0.1296 0.3818
vn 0.9757 -0.1603 0.1496
vn 0.9907 -0.1154 -0.0722
vn 0.9805 -0.1572 -0.1180
vn -0.7494 0.3198 -0.5797
vn 0.4404 -0.1971 -0.8759
vn -0.5222 0.1201 -0.8443
vn -0.5661 0.1059 -0.8175
vn 0.2967 0.9499 0.0984
vn 0.6535 -0.0685 0.7538
vn -0.4497 -0.0214 0.8929
vn 0.7033 -0.6926 -0.1602
vn -0.4459 -0.0145 0.8950
vn 0.3582 -0.4500 -0.8181
vn 0.3524 -0.4485 -0.8214
vn -0.9292 0.0871 -0.3591
vn -0.5100 0.0056 0.8601
vn -0.9643 -0.2244 -0.1410
vn -0.9948 -0.1003 -0.0150
vn -0.5052 0.0009 0.8630
vn 0.7880 -0.0114 -0.6156
vn 0.7071 -0.0012 -0.7071
vn 0.8855 -0.0261 -0.4639
vn 0.9850 -0.0495 -0.1654
vn -0.5166 0.6995 0.4938
vn -0.5948 0.6062 0.5279
vn -0.7969 -0.0016 0.6041
vn -0.9196 -0.0079 0.3927
vn -0.7560 0.0001 0.6546
vn -0.9659 -0.0114 0.2588
vn -0.0000 1.0000 -0.0017
vn -0.0525 0.9973 0.0508
vn -0.0666 0.9913 0.1136
vn -0.0152 0.9984 0.0551
vt 1.000000 0.259325
vt 0.773570 0.773570
vt 0.432021 0.321639
vt 0.248132 0.000000
vt 1.000000 0.735990
vt 1.000000 1.000000
vt 0.312712 0.303867
vt 0.000000 0.000000
vt 1.000000 0.000000
vt 0.498255 0.498255
vt 1.000000 0.698996
vt 0.735990 0.735990
vt 0.488404 0.488404
vt 1.000000 0.428829
vt 0.629397 0.448546
vt 0.491599 0.095495
vt 0.428829 0.428829
vt 0.780136 0.000000
vt 1.000000 0.523120
vt 0.862149 0.862149
vt 0.636777 0.636777
vt 0.611521 0.000000
vt 0.832798 0.000000
vt 1.000000 0.511964
vt 0.780136 0.780136
vt 0.489463 0.489463
vt 0.391765 0.000000
vt 0.426713 0.206697
vt 0.818187 0.818187
vt 0.511964 0.511964
vt 0.610438 0.557553
vt 1.000000 0.636777
vt 1.000000 0.862149
vt 1.000000 0.218106
vt 0.832798 0.832798
vt 0.790853 0.525010
vt 1.000000 0.493824
vt 0.446965 0.000000
vt 0.127453 0.000000
vt 1.000000 0.237488
vt 0.391765 0.391765
vt 0.237488 0.237488
vt 0.715052 0.000000
vt 0.284948 0.000000
vt 0.849772 0.511767
vt 0.864020 0.470001
vt 0.860166 0.502819
vt 0.850961 0.525492
vt 0.848794 0.525045
vt 0.848794 0.516421
vt 0.848794 0.525045
vt 0.842442 0.524426
vt 0.977755 0.913066
vt 0.970937 0.912943
vt 0.963788 0.881377
vt 0.970056 0.803972
vt 0.972473 0.821554
vt 0.981117 0.892625
vt 0.947854 0.806050
vt 0.963587 0.804814
vt 0.955411 0.870431
vt 0.953890 0.864029
vt 0.226389 0.825758
vt 0.213958 0.820863
vt 0.222437 0.825758
vt 0.235989 0.825758
vt 0.244282 0.820970
vt 0.250159 0.814768
vt 0.252407 0.810874
vt 0.192998 0.790765
vt 0.203923 0.793692
vt 0.197834 0.808877
vt 0.191700 0.802361
vt 0.208711 0.785399
vt 0.194062 0.787435
s 0
f 684/1031/432 682/1032/432 696/1033/432 687/1034/432
f 685/1035/433 682/1036/433 684/1037/433
f 659/1038/434 657/1039/434 695/1040/434
f 697/1041/435 682/1036/435 685/1042/435
f 695/1043/436 657/1038/436 654/1039/436 694/1044/436
f 697/1045/437 698/1046/437 694/1047/437 654/1038/437 690/1048/437 683/1049/437 682/1036/437
f 686/1050/438 691/1051/438 699/1052/438 687/1053/438
f 674/1054/439 690/1055/439 654/1038/439 655/1039/439
f 674/1056/440 655/1038/440 689/1057/440 688/1058/440
f 690/1059/441 674/1060/441 692/1061/441 691/1062/441 686/1063/441
f 684/1064/442 687/1065/442 699/1066/442
f 695/1067/443 701/1068/443 659/1039/443
f 660/1038/444 661/1039/444 659/1036/444
f 661/1038/445 657/1039/445 659/1036/445
f 701/1069/446 660/1039/446 659/1036/446
f 661/1038/447 654/1039/447 657/1036/447
f 661/1038/448 655/1039/448 654/1036/448
f 655/1038/449 658/1039/449 693/1070/449 689/1071/449
f 693/1072/450 658/1038/450 701/1073/450
f 661/1038/451 660/1039/451 655/1036/451
f 660/1038/452 658/1039/452 655/1036/452
f 701/1074/453 658/1039/453 660/1036/453
s 1
f 664/1075/454 675/1076/455 672/1077/455 673/1078/455 665/1079/456
f 664/1080/454 665/1081/456 656/1082/457
f 700/1083/458 670/1084/459 669/1085/460 679/1086/461 671/1087/462 678/1088/462
f 666/1089/463 679/1090/461 669/1091/460 668/1092/463
f 680/1093/464 667/1094/464 663/1095/465 662/1096/466 676/1097/467 677/1098/464 681/1099/464
f 700/1100/458 662/1101/466 663/1102/465 670/1103/459
f 676/1104/467 662/1101/466 700/1105/458
g Bottle_cell.027_Bottle_cell.026
v -0.013602 0.564594 -0.024545
v -0.017675 0.557412 -0.028040
v -0.030364 0.558645 -0.009892
v -0.028365 0.559227 -0.017353
v -0.025161 0.564622 -0.008610
v -0.023559 0.568094 -0.014593
v -0.017536 0.568093 -0.020617
v -0.017805 0.563653 -0.006779
v -0.013004 0.562362 -0.014450
v -0.016820 0.563269 -0.028905
v -0.010417 0.557425 -0.017105
v -0.017888 0.557676 -0.006718
v -0.030364 0.558645 -0.009892
v -0.028365 0.559227 -0.017353
v -0.017675 0.557412 -0.028040
v -0.023559 0.568094 -0.014593
v -0.017536 0.568093 -0.020617
v -0.017805 0.563653 -0.006779
v -0.017888 0.557676 -0.006718
v -0.025161 0.564622 -0.008610
v -0.013004 0.562362 -0.014450
v -0.013602 0.564594 -0.024545
v -0.010417 0.557425 -0.017105
v -0.016820 0.563269 -0.028905
vn -0.3166 -0.9354 -0.1578
vn 0.5277 0.6657 0.5276
vn 0.3101 0.9035 0.2959
vn 0.8173 0.5710 0.0778
vn 0.8165 -0.1993 -0.5418
vn -0.0568 -0.9983 0.0118
vn -0.2439 0.0089 0.9698
vn -0.8219 0.5675 -0.0489
vn -0.6924 0.6384 -0.3361
vn -0.7296 0.6051 -0.3186
vn -0.6378 0.4479 -0.6265
vn -0.5511 0.6404 -0.5349
vn 0.8280 0.0575 0.5578
vn -0.7071 -0.0012 -0.7071
vt 0.000000 0.000000
vt 1.000000 0.119555
vt 0.640550 0.181070
vt 0.684499 0.000000
vt 0.407159 0.098278
vt 1.000000 0.437733
vt 0.684499 0.684499
vt 0.594854 0.204801
vt 1.000000 0.839173
vt 0.865042 0.865042
vt 0.437733 0.437733
vt 1.000000 0.330942
vt 0.278524 0.000000
vt 0.558280 0.500197
vt 0.710668 0.710668
vt 1.000000 1.000000
vt 0.285324 0.285324
vt 0.452831 0.000000
vt 1.000000 0.000000
vt 0.416117 0.416117
vt 0.564311 0.000000
vt 0.530744 0.844708
vt 0.536488 0.834759
vt 0.546440 0.837425
vt 0.539380 0.849654
vt 0.546440 0.807113
vt 0.536488 0.808616
vt 0.909542 0.665580
vt 0.915739 0.663231
vt 0.924286 0.660141
vt 0.923803 0.672485
vt 0.089091 0.857021
vt 0.095962 0.834380
vt 0.093069 0.854729
vt 0.882743 0.618358
vt 0.871434 0.642666
vt 0.871907 0.616415
s 0
f 716/1106/468 714/1107/468 715/1108/468
f 721/1106/469 718/1109/469 717/1110/469
f 722/1111/470 718/1112/470 721/1106/470 719/1113/470
f 723/1114/471 718/1115/471 722/1116/471 724/1117/471
f 716/1118/472 725/1119/472 723/1120/472 724/1106/472
f 716/1121/473 724/1122/473 720/1123/473 714/1124/473
f 721/1124/474 714/1121/474 720/1125/474 719/1126/474
s 1
f 706/1127/475 707/1128/476 705/1129/477 704/1130/475
f 711/1131/478 705/1129/477 707/1128/476 702/1132/479
f 712/1133/480 710/1134/480 709/1135/480 713/1136/480
f 702/1137/479 707/1138/476 708/1139/481
f 703/1140/481 705/1141/477 711/1142/478
g Bottle_cell.028_Bottle_cell.027
v 0.007190 0.373033 0.000193
v 0.020028 0.484718 0.003051
v 0.027204 0.423469 -0.000739
v 0.041464 0.411644 0.009180
v 0.042487 0.412767 -0.000720
v 0.041560 0.411698 -0.009796
v 0.025615 0.429987 0.005178
v 0.025625 0.423480 0.005153
v 0.013298 0.426173 0.001553
v 0.019294 0.478338 0.002887
v 0.019792 0.427767 0.003467
v 0.025708 0.484767 0.004737
v 0.025714 0.482478 -0.006402
v 0.016294 0.426821 -0.003048
v 0.019742 0.447196 -0.004276
v 0.020411 0.468937 -0.000826
v 0.025889 0.423461 -0.005643
v 0.027204 0.485821 -0.000848
v 0.041464 0.411644 0.009180
v 0.042487 0.412767 -0.000720
v 0.041560 0.411698 -0.009796
v 0.025615 0.429987 0.005178
v 0.025625 0.423480 0.005153
v 0.025708 0.484767 0.004737
v 0.019294 0.478338 0.002887
v 0.019792 0.427767 0.003467
v 0.019742 0.447196 -0.004276
v 0.020411 0.468937 -0.000826
v 0.025889 0.423461 -0.005643
v 0.025714 0.482478 -0.006402
v 0.027204 0.485821 -0.000848
v 0.013298 0.426173 0.001553
v 0.016294 0.426821 -0.003048
vn 0.7476 -0.6641 0.0019
vn -0.2493 -0.0041 0.9684
vn -0.2846 0.0082 0.9586
vn -0.8400 0.1101 -0.5313
vn -0.2654 -0.0132 -0.9641
vn -0.3527 0.8405 -0.4113
vn -0.0590 0.9837 0.1698
vn 0.8683 0.4960 -0.0009
vn 0.5736 0.8191 -0.0015
vn 0.5669 0.8094 -0.1533
vn 0.8613 0.4522 -0.2316
vn 0.5669 0.8099 0.1505
vn 0.8616 0.4524 0.2301
vn 0.9659 0.0005 0.2588
vn 0.9993 0.0001 0.0377
vn -0.8893 0.4320 0.1503
vn -0.9659 -0.0125 -0.2588
vn -0.9759 -0.0039 -0.2182
vn -0.8022 0.5799 0.1421
vn -0.9728 0.0837 0.2162
vn -0.2341 0.9721 -0.0155
vn 0.9659 -0.0005 -0.2588
vt 0.352530 0.352530
vt 0.000000 0.000000
vt 0.353543 0.000000
vt 0.363067 0.173859
vt 0.490972 0.000000
vt 1.000000 0.000000
vt 1.000000 0.352529
vt 0.582639 0.034229
vt 1.000000 0.524200
vt 1.000000 1.000000
vt 0.490972 0.490972
vt 0.756847 0.000000
vt 1.000000 0.057126
vt 0.729582 0.510417
vt 1.000000 0.521837
vt 0.761975 0.524557
vt 0.503538 0.143890
vt 0.057126 0.057126
vt 1.000000 0.027050
vt 1.000000 0.340704
vt 1.000000 0.646457
vt 0.557641 0.512282
vt 0.340704 0.340704
vt 0.027050 0.027050
vt 0.677263 0.548118
vt 0.064072 0.000000
vt 0.989578 0.989578
vt 0.243153 0.000000
vt 0.845083 0.365312
vt 0.865146 0.385376
vt 0.852013 0.396075
vt 0.836920 0.370025
vt 0.876797 0.371038
vt 0.850744 0.355506
vt 0.812784 0.422638
vt 0.812844 0.410561
vt 0.822651 0.410384
vt 0.822651 0.526084
vt 0.813358 0.524279
vt 0.936767 0.912942
vt 0.937888 0.819121
vt 0.944040 0.836436
vt 0.950203 0.912816
vt 0.943768 0.912816
vt 0.950616 0.876752
vt 0.204789 0.818824
vt 0.209829 0.819853
vt 0.201751 0.827930
vt 0.832493 0.525449
vt 0.832077 0.410384
s 0
f 744/1143/482 726/1144/482 746/1145/482 745/1146/482
f 747/1147/483 726/1148/483 744/1149/483 748/1150/483
f 757/1151/484 726/1152/484 747/1153/484 749/1154/484 727/1148/484 750/1155/484 751/1156/484
f 758/1157/485 726/1152/485 757/1158/485
f 753/1159/485 750/1160/485 727/1144/485 755/1161/485 752/1162/485
f 746/1163/486 726/1152/486 758/1164/486 752/1165/486 755/1166/486 754/1167/486
f 755/1168/487 727/1148/487 756/1169/487
f 749/1170/488 756/1152/488 727/1144/488
s 1
f 728/1171/489 730/1172/490 731/1173/491 742/1174/492
f 729/1175/493 730/1172/490 728/1171/489 733/1176/494
f 732/1177/495 733/1178/494 728/1179/489 743/1180/496 737/1181/495
f 736/1182/497 735/1183/498 741/1184/499
f 739/1185/500 736/1186/497 741/1184/499 740/1187/501
f 739/1188/500 734/1189/502 736/1190/497
f 738/1191/503 743/1180/496 728/1179/489 742/1192/492
g Bottle_cell.029_Bottle_cell.028
v -0.048899 0.023044 -0.000483
v -0.067326 0.003484 0.007649
v -0.068538 0.002413 -0.000001
v -0.061218 0.008659 0.030433
v -0.061010 0.007974 -0.031231
v -0.067080 0.003455 -0.008569
v -0.062007 0.037828 -0.027553
v -0.063755 0.070877 0.020839
v -0.067118 0.061282 -0.008512
v -0.069371 0.071565 -0.000121
v -0.065966 0.071168 0.012586
v -0.067326 0.003484 0.007649
v -0.061218 0.008659 0.030433
v -0.068538 0.002413 -0.000001
v -0.067080 0.003455 -0.008569
v -0.061010 0.007974 -0.031231
v -0.067118 0.061282 -0.008512
v -0.069371 0.071565 -0.000121
v -0.065966 0.071168 0.012586
v -0.063755 0.070877 0.020839
v -0.062007 0.037828 -0.027553
vn 0.6227 -0.7824 0.0108
vn 0.9136 0.0796 -0.3988
vn 0.7697 -0.6383 0.0097
vn 0.9075 0.0999 0.4081
vn 0.8955 0.3822 -0.2280
vn 0.8969 0.3797 -0.2269
vn -0.9706 -0.0028 -0.2408
vn -1.0000 -0.0021 0.0002
vn -0.9955 -0.0018 0.0944
vn -0.9699 -0.0013 0.2437
vt 0.944699 0.000000
vt 0.561616 0.105767
vt 0.440073 0.126943
vt 0.327715 0.102503
vt 0.049194 0.000000
vt 0.345978 0.000000
vt 1.000000 0.000000
vt 1.000000 0.957827
vt 0.000000 0.000000
vt 1.000000 0.055301
vt 0.957827 0.957827
vt 0.900999 0.000000
vt 0.952227 0.952227
vt 1.000000 0.487177
vt 0.942995 0.355919
vt 1.000000 0.162865
vt 0.162865 0.162865
vt 0.099001 0.000000
vt 1.000000 0.654022
vt 0.487177 0.487177
vt 0.534460 0.697828
vt 0.540669 0.753497
vt 0.502961 0.762695
vt 0.488702 0.762952
vt 0.488699 0.635695
vt 0.502696 0.654633
vt 0.473998 0.762952
vt 0.426056 0.752002
vt 0.448416 0.637050
vt 0.464276 0.636479
s 0
f 771/1193/504 770/1194/504 772/1195/504 773/1196/504 774/1197/504
f 779/1198/505 759/1199/505 774/1200/505
f 759/1201/506 771/1202/506 774/1203/506
f 759/1201/507 778/1204/507 771/1205/507
f 775/1206/508 776/1207/508 777/1208/508
f 777/1209/509 778/1210/509 759/1199/509 779/1211/509 775/1212/509
s 1
f 765/1213/510 763/1214/510 764/1215/510 761/1216/511 768/1217/512 767/1218/510
f 761/1216/511 760/1219/513 762/1220/513 766/1221/513 769/1222/513 768/1217/512
g Bottle_cell.030_Bottle_cell.029
v 0.002060 0.203031 0.000053
v 0.017608 0.190954 0.060056
v 0.050375 0.198718 -0.000721
v 0.013194 0.027441 0.008256
v 0.006091 0.028839 0.010500
v 0.040462 0.189926 0.053959
v 0.060072 0.144873 0.034432
v 0.057361 0.191414 0.037057
v 0.064074 0.193939 0.019397
v 0.002505 0.030893 0.006197
v 0.001237 0.030885 0.001329
v 0.064226 0.153077 0.018914
v 0.014479 0.027742 0.001672
v 0.069361 0.195893 -0.000340
v 0.065905 0.194966 0.012560
v 0.064700 0.153994 -0.017673
v 0.069363 0.165863 -0.000287
v 0.060348 0.191614 -0.033971
v 0.060340 0.175903 -0.033976
v 0.006263 0.030878 -0.002512
v 0.012716 0.027945 -0.006280
v 0.067785 0.196349 -0.006222
v 0.040462 0.189926 0.053959
v 0.060072 0.144873 0.034432
v 0.013194 0.027441 0.008256
v 0.006091 0.028839 0.010500
v 0.057361 0.191414 0.037057
v 0.002505 0.030893 0.006197
v 0.001237 0.030885 0.001329
v 0.069361 0.195893 -0.000340
v 0.065905 0.194966 0.012560
v 0.064074 0.193939 0.019397
v 0.064700 0.153994 -0.017673
v 0.069363 0.165863 -0.000287
v 0.064226 0.153077 0.018914
v 0.060348 0.191614 -0.033971
v 0.060340 0.175903 -0.033976
v 0.006263 0.030878 -0.002512
v 0.012716 0.027945 -0.006280
v 0.067785 0.196349 -0.006222
v 0.014479 0.027742 0.001672
vn 0.2334 -0.2994 0.9252
vn 0.0914 0.9798 0.1777
vn 0.0894 0.9806 0.1742
vn -0.9594 -0.0043 0.2819
vn -0.6072 -0.0030 -0.7945
vn 0.9211 -0.3809 0.0801
vn 0.1441 0.9835 0.1093
vn 0.0903 0.9810 0.1715
vn 0.9269 -0.3738 -0.0333
vn -0.5040 0.0006 -0.8637
vn 0.1044 0.9899 -0.0957
vn 0.0815 0.9786 -0.1888
vn 0.6865 -0.3412 -0.6421
vn 0.9078 0.0081 0.4193
vn 0.8597 0.0062 0.5108
vn 0.7071 0.0013 0.7071
vn 0.9999 0.0053 0.0152
vn 1.0000 0.0050 0.0024
vn 0.9572 0.0105 0.2891
vn 0.9659 -0.0004 -0.2588
vn -0.2850 -0.9478 -0.1431
vn -0.2581 -0.9377 -0.2327
vn -0.2144 -0.9699 -0.1156
vn -0.2742 -0.9609 -0.0392
vn -0.3243 -0.9443 -0.0565
vn -0.3831 -0.9217 0.0614
vn -0.0000 -1.0000 0.0017
vt 0.772706 0.006906
vt 1.000000 0.621362
vt 1.000000 1.000000
vt 0.163145 0.124743
vt 0.157595 0.000000
vt 0.621362 0.621362
vt 1.000000 0.358162
vt 1.000000 0.000000
vt 0.310283 0.293736
vt 0.199651 0.000000
vt 0.000000 0.000000
vt 0.836992 0.000000
vt 0.913429 0.081249
vt 1.000000 0.162677
vt 0.862231 0.000000
vt 0.836992 0.836992
vt 0.795040 0.000000
vt 0.760570 0.760570
vt 0.130606 0.130606
vt 0.129414 0.000000
vt 0.404682 0.000000
vt 1.000000 0.532435
vt 0.532435 0.532435
vt 1.000000 0.800348
vt 0.798960 0.000000
vt 0.862399 0.406265
vt 0.795040 0.795040
vt 0.130176 0.092284
vt 0.127988 0.000000
vt 1.000000 0.137769
vt 0.075346 0.075346
vt 0.078909 0.000000
vt 0.868818 0.000000
vt 0.595318 0.000000
vt 1.000000 0.159976
vt 1.000000 0.075346
vt 0.159976 0.159976
vt 1.000000 0.201040
vt 0.868818 0.868818
vt 0.078909 0.078909
vt 0.182133 0.265188
vt 0.175971 0.352044
vt 0.137547 0.348514
vt 0.306549 0.459473
vt 0.306548 0.403351
vt 0.328017 0.404738
vt 0.339395 0.406474
vt 0.364275 0.410354
vt 0.361937 0.499478
vt 0.338472 0.482852
vt 0.306549 0.459473
vt 0.273094 0.481597
vt 0.241832 0.440598
vt 0.241895 0.411238
vt 0.295244 0.402480
vt 0.035618 0.834775
vt 0.028177 0.823118
vt 0.040843 0.819539
vt 0.047496 0.819539
vt 0.048042 0.833917
vt 0.036733 0.834877
vt 0.058611 0.830936
vt 0.051158 0.833208
vt 0.051588 0.817176
vt 0.056583 0.808613
vt 0.056583 0.806176
s 0
f 803/1223/514 802/1224/514 781/1225/514 805/1226/514 804/1227/514
f 781/1225/515 802/1228/515 806/1229/515
f 780/1230/516 781/1225/516 806/1231/516 811/1232/516
f 781/1225/517 780/1233/517 808/1234/517 807/1235/517 805/1236/517
f 817/1237/518 808/1238/518 780/1233/518
f 814/1239/519 803/1240/519 804/1241/519 820/1242/519
f 809/1243/520 782/1230/520 810/1244/520
f 810/1245/521 782/1233/521 780/1230/521 811/1246/521
f 812/1247/522 813/1248/522 814/1249/522 820/1250/522 818/1251/522
f 817/1252/523 780/1225/523 815/1253/523 816/1254/523 818/1255/523
f 780/1225/524 782/1233/524 809/1256/524 819/1257/524
f 815/1258/525 780/1225/525 819/1259/525
f 812/1260/526 818/1261/526 816/1262/526
s 1
f 786/1263/527 787/1264/528 785/1265/529
f 796/1266/530 793/1267/531 794/1268/532 788/1269/532 787/1270/528 786/1271/527 791/1272/532
f 793/1267/531 796/1273/530 795/1274/533 798/1275/533 797/1276/533 801/1277/533
f 783/1278/534 784/1279/535 789/1280/536
f 789/1280/536 799/1281/537 792/1282/538 783/1283/534
f 800/1284/539 792/1285/538 799/1286/537
f 799/1281/537 789/1287/536 790/1288/540
g Bottle_cell.031_Bottle_cell.030
v 0.036870 0.016897 0.035607
v 0.061526 0.016393 0.000683
v 0.057700 0.000058 0.033313
v 0.047966 0.050170 0.046715
v 0.048025 0.004893 0.046740
v 0.033312 0.005373 0.029856
v 0.046602 0.000078 0.044411
v 0.054706 0.002871 0.003535
v 0.069142 0.007533 0.000863
v 0.066252 0.000002 0.001397
v 0.069324 0.028381 -0.000229
v 0.067475 0.037544 0.007024
v 0.050008 0.054693 0.044664
v 0.035066 0.006266 0.023373
v 0.058705 0.069662 0.035939
v 0.047315 0.004474 0.008325
v 0.061031 0.066912 0.031011
v 0.033312 0.005373 0.029856
v 0.046602 0.000078 0.044411
v 0.050008 0.054693 0.044664
v 0.058705 0.069662 0.035939
v 0.047966 0.050170 0.046715
v 0.067475 0.037544 0.007024
v 0.061031 0.066912 0.031011
v 0.048025 0.004893 0.046740
v 0.047315 0.004474 0.008325
v 0.054706 0.002871 0.003535
v 0.066252 0.000002 0.001397
v 0.069142 0.007533 0.000863
v 0.069324 0.028381 -0.000229
v 0.035066 0.006266 0.023373
vn -0.7067 -0.0005 0.7075
vn -0.7519 -0.0935 0.6526
vn -0.5282 0.0883 -0.8445
vn -0.1540 -0.0873 -0.9842
vn -0.0369 -0.0520 -0.9980
vn -0.6599 0.3799 -0.6482
vn -0.8987 0.3763 -0.2251
vn -0.9247 0.3547 -0.1387
vn -0.6790 0.3779 -0.6295
vn -0.7333 0.3846 -0.5607
vn 0.8900 -0.0471 0.4534
vn 0.5886 -0.7398 0.3259
vn 0.7280 -0.6373 0.2526
vn 0.9466 -0.0495 0.3186
vn -0.2438 -0.9673 -0.0696
vn -0.2134 -0.9684 -0.1288
vn 0.5030 -0.7672 0.3979
vn -0.1845 -0.9657 -0.1829
vn 0.7671 -0.0415 0.6402
vt 0.798312 0.000000
vt 1.000000 0.000000
vt 1.000000 0.134904
vt 0.213709 0.185966
vt 0.179858 0.179858
vt 0.000000 0.000000
vt 0.342304 0.000000
vt 0.632207 0.000000
vt 1.000000 0.201995
vt 0.874272 0.119834
vt 0.786635 0.000000
vt 1.000000 0.132452
vt 0.135928 0.024266
vt 0.132452 0.132452
vt 0.134948 0.134948
vt 0.124663 0.000000
vt 1.000000 0.113639
vt 1.000000 0.359757
vt 0.571723 0.000000
vt 0.885861 0.000000
vt 1.000000 0.201688
vt 0.359757 0.359757
vt 0.657696 0.000000
vt 0.392867 0.000000
vt 1.000000 0.875337
vt 1.000000 1.000000
vt 0.551580 0.551580
vt 0.084744 0.000000
vt 0.392867 0.392867
vt 0.085449 0.000000
vt 0.416654 0.038321
vt 0.364287 0.635459
vt 0.364293 0.761911
vt 0.308372 0.762922
vt 0.308006 0.755339
vt 0.306554 0.715656
vt 0.318347 0.699088
vt 0.358359 0.643558
vt 0.907184 0.197912
vt 0.926814 0.202486
vt 0.938134 0.213216
vt 0.885009 0.243888
vt 0.873948 0.199453
vt 0.855872 0.243888
vt 0.862087 0.204348
vt 0.873119 0.199513
vt 0.182147 0.001045
vt 0.179022 0.124570
vt 0.159246 0.096211
vt 0.154602 0.087668
vt 0.154733 0.003056
vt 0.154939 0.000552
s 0
f 842/1289/541 821/1290/541 845/1291/541
f 839/1292/542 845/1293/542 821/1294/542 838/1295/542
f 846/1296/543 822/1290/543 847/1297/543
f 830/1298/544 847/1299/544 822/1290/544 849/1300/544
f 822/1294/545 850/1301/545 849/1302/545
f 850/1303/546 822/1294/546 843/1304/546
f 838/1305/547 840/1306/547 841/1307/547 851/1308/547
f 821/1290/548 842/1309/548 840/1310/548 838/1311/548
f 844/1312/549 843/1313/549 822/1314/549 846/1315/549 851/1316/549
f 844/1317/550 851/1318/550 841/1319/550
s 1
f 835/1320/551 823/1321/552 848/1322/553 829/1323/554 831/1324/554 832/1325/554 837/1326/554
f 836/1327/555 828/1328/555 848/1329/553 823/1330/552 834/1331/556
f 823/1330/552 827/1332/557 826/1333/558 834/1334/556
f 823/1335/552 835/1336/551 833/1337/559 824/1338/559 825/1339/559 827/1340/557
g Bottle_cell.032_Bottle_cell.031
v -0.008761 0.410352 -0.004144
v -0.021345 0.388999 0.004467
v -0.023559 0.423493 0.012863
v -0.020919 0.427760 -0.000738
v -0.028159 0.422065 -0.004618
v -0.024059 0.445547 -0.012514
v -0.018520 0.432805 -0.009484
v -0.019015 0.427747 -0.007846
v -0.022261 0.434367 0.014142
v -0.041323 0.410998 0.013186
v -0.030290 0.418058 0.016758
v -0.045297 0.407030 0.010852
v -0.039438 0.414774 -0.000031
v -0.043298 0.410985 0.005818
v -0.033755 0.418562 -0.002421
v -0.024015 0.486201 -0.012749
v -0.012613 0.426159 -0.006296
v -0.007466 0.426164 -0.003555
v -0.025376 0.486939 -0.007671
v -0.018892 0.487286 -0.005858
v -0.019679 0.476220 0.016651
v -0.018031 0.436425 0.009651
v -0.015047 0.479421 0.011857
v -0.018342 0.427777 0.008882
v -0.013147 0.426175 0.002834
v -0.019393 0.483604 0.016924
v -0.023559 0.487136 0.012752
v -0.025448 0.487265 0.005705
v -0.017522 0.487418 0.009238
v -0.018989 0.487519 0.003758
v -0.027204 0.487021 -0.000850
v -0.018520 0.432805 -0.009484
v -0.019015 0.427747 -0.007846
v -0.041323 0.410998 0.013186
v -0.030290 0.418058 0.016758
v -0.039438 0.414774 -0.000031
v -0.043298 0.410985 0.005818
v -0.028159 0.422065 -0.004618
v -0.033755 0.418562 -0.002421
v -0.012613 0.426159 -0.006296
v -0.007466 0.426164 -0.003555
v -0.024059 0.445547 -0.012514
v -0.024015 0.486201 -0.012749
v -0.025376 0.486939 -0.007671
v -0.022261 0.434367 0.014142
v -0.019679 0.476220 0.016651
v -0.013147 0.426175 0.002834
v -0.018342 0.427777 0.008882
v -0.018031 0.436425 0.009651
v -0.015047 0.479421 0.011857
v -0.019393 0.483604 0.016924
v -0.023559 0.487136 0.012752
v -0.025448 0.487265 0.005705
v -0.017522 0.487418 0.009238
v -0.018989 0.487519 0.003758
v -0.027204 0.487021 -0.000850
v -0.023559 0.423493 0.012863
v -0.045297 0.407030 0.010852
v -0.018892 0.487286 -0.005858
vn -0.1526 -0.2910 -0.9445
vn 0.6672 -0.1420 0.7312
vn -0.0558 -0.4113 0.9098
vn -0.5516 -0.5101 -0.6600
vn -0.1936 -0.2990 -0.9344
vn -0.1833 -0.2954 -0.9376
vn 0.3426 -0.0442 -0.9384
vn 0.6971 0.0279 -0.7164
vn -0.0120 0.9891 -0.1468
vn 0.7445 -0.0856 0.6621
vn 0.8190 0.1987 0.5384
vn -0.0467 0.9986 -0.0246
vn 0.2384 0.8456 0.4776
vn -0.5489 0.8267 0.1237
vn -0.6119 0.7778 0.1433
vn -0.6211 0.7698 0.1469
vn -0.5506 0.8262 0.1194
vn -0.8546 0.4607 0.2396
vn -0.8905 0.4309 0.1462
vn -0.7486 0.6323 0.1995
vn -0.8939 0.0004 0.4483
vn -0.9666 -0.0001 0.2564
vn -0.9997 0.0097 -0.0207
vn -0.7071 0.0012 0.7071
vn -0.9455 0.0197 -0.3251
vn 0.9971 -0.0171 -0.0745
vn 0.8213 0.5692 -0.0389
vn 0.8194 0.5624 0.1111
vn 0.9908 -0.0223 0.1332
vn 0.9324 -0.0122 -0.3612
vn 0.7071 -0.0128 -0.7070
vn 0.9623 -0.0118 -0.2717
vn 0.8660 0.4426 -0.2328
vn 0.1266 0.9918 0.0173
vn 0.1722 0.9850 -0.0143
vn -0.0000 1.0000 -0.0017
vn -0.0313 0.9992 0.0267
vn -0.0290 0.5640 0.8253
vt 1.000000 0.000000
vt 1.000000 1.000000
vt 0.672473 0.525682
vt 0.526295 0.000000
vt 0.697800 0.000000
vt 0.775036 0.000000
vt 0.000000 0.000000
vt 0.454223 0.000000
vt 0.657609 0.291365
vt 1.000000 0.597453
vt 0.934876 0.742096
vt 1.000000 0.775683
vt 0.643182 0.614261
vt 0.769645 0.769645
vt 0.816277 0.757234
vt 1.000000 0.724163
vt 1.000000 0.691305
vt 0.800594 0.713592
vt 1.000000 0.654297
vt 0.691305 0.691305
vt 1.000000 0.224964
vt 0.924906 0.134099
vt 0.796816 0.000000
vt 1.000000 0.473705
vt 0.559289 0.559289
vt 0.401665 0.401665
vt 1.000000 0.302200
vt 1.000000 0.401665
vt 1.000000 0.559289
vt 0.469713 0.000000
vt 0.479022 0.000000
vt 1.000000 0.545777
vt 0.796816 0.796816
vt 0.910027 0.743178
vt 0.995714 0.672449
vt 0.892506 0.557581
vt 0.350695 0.000000
vt 1.000000 0.155549
vt 0.479022 0.479022
vt 0.350695 0.350695
vt 0.619293 0.619293
vt 0.469713 0.469713
vt 0.718694 0.424637
vt 1.000000 0.462751
vt 0.801557 0.586311
vt 0.254033 0.000000
vt 0.119033 0.119033
vt 0.758508 0.276919
vt 0.761110 0.264182
vt 0.773374 0.257102
vt 0.792564 0.266880
vt 0.796299 0.280817
vt 0.773659 0.293889
vt 0.452986 0.004527
vt 0.450291 0.000676
vt 0.464452 0.000676
vt 0.777370 0.874948
vt 0.751227 0.874948
vt 0.751227 0.756852
vt 0.764771 0.756590
vt 0.777370 0.757021
vt 0.750667 0.874938
vt 0.748275 0.854722
vt 0.742404 0.776961
vt 0.741691 0.757456
vt 0.788724 0.756947
vt 0.797178 0.758146
vt 0.796906 0.833590
vt 0.777370 0.757021
vt 0.907854 0.408439
vt 0.907563 0.518970
vt 0.895732 0.519184
vt 0.893049 0.509847
vt 0.899542 0.408686
vt 0.933746 0.408441
vt 0.933133 0.423286
vt 0.927609 0.502931
vt 0.926054 0.518970
vt 0.916741 0.408135
vt 0.927272 0.408339
vt 0.238471 0.776611
vt 0.241785 0.778525
vt 0.223525 0.775179
vt 0.244844 0.766176
vt 0.256675 0.773007
vt 0.247726 0.781955
vt 0.238471 0.776611
vt 0.265920 0.789021
vt 0.462750 0.462750
vt 0.745967 0.000000
vt 0.823483 0.263209
vt 0.613238 0.613238
vt 0.762840 0.287508
vt 0.759588 0.279818
vt 0.767309 0.297730
s 0
f 852/1341/560 853/1342/560 889/1343/560 893/1344/560 883/1345/560 884/1346/560
f 853/1342/561 852/1347/561 896/1348/561 908/1349/561 886/1350/561
f 885/1351/562 909/1352/562 853/1342/562 886/1353/562
f 853/1342/563 909/1354/563 888/1355/563 887/1356/563
f 890/1357/564 853/1342/564 887/1358/564
f 889/1359/565 853/1342/565 890/1360/565
f 852/1341/566 884/1361/566 891/1362/566 892/1363/566
f 893/1364/567 894/1365/567 910/1366/567 883/1367/567
f 910/1368/568 894/1369/568 895/1370/568
f 897/1371/569 896/1372/569 852/1342/569 892/1373/569 898/1374/569 899/1375/569 900/1376/569 901/1377/569
f 902/1378/570 897/1379/570 901/1380/570 880/1341/570
f 910/1381/571 895/1382/571 907/1383/571 904/1384/571 906/1385/571
f 878/1386/572 902/1387/572 880/1347/572
s 1
f 864/1388/573 865/1389/574 861/1390/575 862/1391/576 854/1392/577 856/1393/578
f 863/1394/579 861/1395/575 865/1396/574
f 856/1397/578 854/1398/577 903/1399/580 879/1400/581 882/1401/582
f 854/1402/577 860/1403/583 872/1404/583 877/1405/583 903/1399/580
f 870/1406/584 867/1407/584 857/1408/584 856/1397/578 882/1409/582
f 881/1410/585 855/1411/586 859/1412/587 858/1413/588 871/1414/588
f 905/1415/589 874/1416/590 873/1417/591
f 875/1418/592 855/1411/586 881/1419/585 905/1420/589 873/1417/591
f 868/1421/593 876/1422/594 869/1423/595
f 859/1424/587 855/1425/586 876/1426/594 868/1427/593
f 876/1426/594 855/1425/586 875/1428/592
s 0
f 904/1429/596 878/1430/596 880/1431/596 906/1432/596
s 1
f 866/1433/597 864/1434/573 856/1435/578
g Bottle_cell.033_Bottle_cell.032
v -0.047495 0.016273 0.000317
v -0.066627 -0.000000 -0.000000
v -0.046790 0.004880 0.004384
v -0.060443 0.003528 0.033336
v -0.046728 0.004918 -0.003883
v -0.058164 -0.000055 -0.031582
v -0.060546 0.006204 -0.032957
v -0.064191 0.003504 0.019347
v -0.064097 0.003436 -0.019701
v -0.046728 0.004918 -0.003883
v -0.058164 -0.000055 -0.031582
v -0.060546 0.006204 -0.032957
v -0.064097 0.003436 -0.019701
v -0.060443 0.003528 0.033336
v -0.064191 0.003504 0.019347
v -0.046790 0.004880 0.004384
v -0.066627 -0.000000 -0.000000
vn 0.8813 0.2063 0.4252
vn 0.9979 0.0645 0.0078
vn 0.8841 0.2239 -0.4103
vn -0.6594 0.7512 0.0313
vn -0.5075 0.8615 0.0162
vn -0.8108 -0.5296 -0.2493
vn -0.6013 -0.7755 -0.1926
vn 0.1402 -0.9892 0.0420
vn 0.2495 -0.9669 0.0538
vn 0.2377 -0.9696 0.0574
vn 0.0651 -0.9935 0.0931
vn -0.7670 -0.6075 0.2066
vt 0.969821 0.116855
vt 0.171370 0.171370
vt 0.000000 0.000000
vt 0.986816 0.146778
vt 0.828431 0.000000
vt 1.000000 0.000000
vt 0.883740 0.026361
vt 1.000000 0.007363
vt 1.000000 1.000000
vt 0.828431 0.828431
vt 1.000000 0.010399
vt 0.009131 0.000000
vt 0.674793 0.559484
vt 0.881509 0.820703
vt 0.987316 0.987316
vt 0.009131 0.009131
vt 0.297725 0.237506
vt 0.794712 0.014404
vt 0.818474 0.003823
vt 0.818099 0.006593
vt 0.764571 0.035985
vt 0.796739 0.057980
vt 0.793616 0.065029
vt 0.765530 0.036944
vt 0.818099 0.006593
vt 0.729884 0.088826
vt 0.743327 0.065542
vt 0.785806 0.068751
vt 0.735425 0.089087
s 0
f 924/1436/598 926/1437/598 911/1438/598
f 926/1439/599 920/1440/599 911/1441/599
f 921/1442/600 922/1443/600 911/1444/600 920/1445/600
f 924/1446/601 911/1444/601 922/1447/601
f 912/1448/602 925/1449/602 924/1450/602 922/1451/602 923/1452/602
s 1
f 919/1453/603 917/1454/603 916/1455/604 927/1456/605
f 915/1457/606 913/1458/607 927/1459/605 916/1460/604
f 927/1459/605 914/1461/608 918/1462/609
f 927/1459/605 913/1463/607 914/1464/608
g Bottle_cell.034_Bottle_cell.033
v -0.017501 0.559470 0.010831
v -0.013602 0.564676 0.022574
v -0.022011 0.558364 0.021756
v -0.012732 0.553696 0.012829
v -0.017779 0.558886 0.025987
v -0.009755 0.560013 0.029162
v -0.015900 0.573302 0.020261
v -0.010325 0.573426 0.014880
v -0.013146 0.566953 0.012176
v -0.023796 0.563354 0.019963
v -0.019479 0.564666 0.016697
v -0.005923 0.556408 0.016795
v -0.007775 0.564679 0.024135
v -0.006208 0.573410 0.017734
v -0.007796 0.573308 0.024114
v -0.022011 0.558364 0.021756
v -0.017779 0.558886 0.025987
v -0.015900 0.573302 0.020261
v -0.010325 0.573426 0.014880
v -0.013146 0.566953 0.012176
v -0.023796 0.563354 0.019963
v -0.019479 0.564666 0.016697
v -0.006208 0.573410 0.017734
v -0.007796 0.573308 0.024114
v -0.007775 0.564679 0.024135
v -0.009755 0.560013 0.029162
v -0.005923 0.556408 0.016795
v -0.012732 0.553696 0.012829
v -0.017501 0.559470 0.010831
vn -0.1835 -0.9365 0.2990
vn 0.0744 -0.9346 0.3479
vn -0.6086 0.5100 -0.6079
vn -0.7882 0.1346 -0.6005
vn -0.6633 -0.6660 -0.3413
vn 0.9644 -0.0183 0.2639
vn -0.4710 0.5609 0.6808
vn -0.4108 0.4566 0.7891
vn -0.4389 0.5295 0.7260
vn -0.2654 0.6842 0.6793
vn -0.3433 0.4031 0.8484
vn -0.3705 0.6523 0.6612
vn -0.4139 0.6356 0.6517
vn -0.2821 0.6977 0.6585
vn 0.3298 0.7872 -0.5212
vn 0.4193 0.6458 -0.6380
vn 0.4857 0.0563 -0.8723
vn 0.5212 0.0206 -0.8532
vn -0.7071 0.0012 0.7071
vn 0.5473 -0.0066 -0.8369
vt 1.000000 0.152699
vt 0.580156 0.000000
vt 1.000000 0.044821
vt 1.000000 0.024188
vt 0.152699 0.152699
vt 0.286939 0.017056
vt 0.391714 0.000000
vt 0.790570 0.078226
vt 1.000000 0.188381
vt 1.000000 0.351270
vt 0.798160 0.246635
vt 0.351270 0.351270
vt 0.188381 0.188381
vt 1.000000 0.000000
vt 1.000000 0.302233
vt 0.851194 0.347533
vt 1.000000 0.123276
vt 0.378613 0.378613
vt 0.059819 0.059819
vt 1.000000 1.000000
vt 0.569938 0.569938
vt 0.434970 0.000000
vt 0.717627 0.309824
vt 0.808071 0.622946
vt 0.887689 0.471885
vt 0.887448 0.485248
vt 0.871529 0.480024
vt 0.105340 0.824715
vt 0.105514 0.834380
vt 0.089501 0.834380
vt 0.089325 0.824680
vt 0.471967 0.880422
vt 0.474633 0.870471
vt 0.490063 0.870471
vt 0.491445 0.880422
vt 0.464933 0.864870
vt 0.460881 0.871597
vt 0.266726 0.813650
vt 0.281178 0.821076
vt 0.266726 0.824810
vt 0.282070 0.822622
vt 0.948741 0.284803
vt 0.946997 0.284748
vt 0.953486 0.251866
vt 0.105514 0.848950
vt 0.105819 0.832082
vt 0.115010 0.836139
vt 0.929673 0.272198
vt 0.934893 0.260964
vt 0.941119 0.249078
vt 0.942664 0.249106
vt 0.936222 0.285578
s 0
f 944/1465/610 943/1466/610 955/1467/610
f 953/1468/611 944/1469/611 955/1470/611 954/1471/611
f 946/1472/612 947/1473/612 949/1474/612 945/1475/612
f 949/1476/613 947/1477/613 956/1478/613 943/1479/613 948/1480/613
f 955/1481/614 943/1482/614 956/1483/614
f 953/1484/615 954/1485/615 950/1486/615 951/1487/615 952/1488/615
s 1
f 938/1489/616 929/1490/617 934/1491/618
f 942/1492/619 934/1493/618 929/1494/617 940/1495/620
f 932/1496/621 929/1497/617 938/1498/616 937/1499/622
f 940/1500/620 929/1497/617 932/1496/621 933/1501/623
f 942/1502/619 941/1503/624 934/1504/618
f 934/1504/618 941/1503/624 935/1505/625
f 939/1506/626 931/1507/627 941/1508/624
f 932/1509/621 937/1510/622 930/1511/628
f 928/1512/629 936/1513/629 935/1514/625 941/1515/624 931/1516/627
g Bottle_cell.035_Bottle_cell.034
v 0.005023 0.367237 0.001099
v 0.007938 0.371142 -0.002937
v 0.001495 0.358671 -0.000906
v 0.065514 0.378716 -0.000661
v 0.056625 0.397260 -0.000693
v 0.045048 0.410974 -0.000717
v 0.047345 0.399949 0.025608
v 0.065173 0.344562 -0.016189
v 0.062445 0.378736 0.010794
v 0.067025 0.370417 0.003966
v 0.068895 0.362552 -0.002326
v 0.043895 0.404704 0.023481
v 0.043486 0.406685 0.018740
v 0.042901 0.409877 0.010816
v 0.049762 0.390623 -0.032580
v 0.050816 0.385603 -0.034803
v 0.056853 0.378660 -0.032985
v 0.062630 0.362511 -0.025708
v 0.060529 0.370358 -0.029505
v 0.043565 0.406005 -0.021783
v 0.048223 0.398327 -0.028537
v 0.043530 0.410984 0.004950
v 0.043511 0.410964 -0.006455
v 0.042722 0.410081 -0.012147
v 0.065173 0.344562 -0.016189
v 0.068895 0.362552 -0.002326
v 0.062445 0.378736 0.010794
v 0.067025 0.370417 0.003966
v 0.047345 0.399949 0.025608
v 0.043895 0.404704 0.023481
v 0.043486 0.406685 0.018740
v 0.042901 0.409877 0.010816
v 0.049762 0.390623 -0.032580
v 0.050816 0.385603 -0.034803
v 0.062630 0.362511 -0.025708
v 0.056853 0.378660 -0.032985
v 0.060529 0.370358 -0.029505
v 0.043565 0.406005 -0.021783
v 0.048223 0.398327 -0.028537
v 0.043511 0.410964 -0.006455
v 0.042722 0.410081 -0.012147
v 0.045048 0.410974 -0.000717
v 0.043530 0.410984 0.004950
vn -0.5044 0.0056 0.8635
vn 0.0416 -0.5946 0.8030
vn -0.5098 0.0151 0.8602
vn -0.7463 0.5888 0.3104
vn -0.7467 0.5960 0.2952
vn -0.7544 0.6509 0.0848
vn -0.8791 0.4164 -0.2321
vn -0.6271 0.2015 -0.7524
vn -0.3038 -0.4796 -0.8232
vn -0.6354 0.2555 -0.7287
vn -0.7399 0.6726 0.0115
vn -0.7437 0.5899 -0.3146
vn 0.9546 0.1926 -0.2271
vn 0.9659 -0.0004 -0.2588
vn 0.9566 0.1796 -0.2295
vn 0.9633 0.2640 -0.0479
vn 0.9413 0.3363 -0.0279
vn 0.8833 0.3958 0.2514
vn 0.9511 0.2194 -0.2175
vn 0.8897 0.3490 -0.2944
vn 0.8460 0.5331 0.0038
vn 0.7948 0.5658 0.2194
vn 0.8180 0.5091 -0.2676
vn 0.6892 0.4283 -0.5845
vn 0.7486 0.6323 0.1995
vn 0.7641 0.6450 -0.0011
vn 0.7486 0.6316 -0.2017
vt 0.369891 0.369891
vt 0.000000 0.000000
vt 1.000000 0.000000
vt 0.402535 0.402535
vt 0.540140 0.000000
vt 0.572940 0.170672
vt 0.555757 0.213301
vt 0.516875 0.272621
vt 0.659688 0.000000
vt 1.000000 0.369891
vt 1.000000 0.663522
vt 1.000000 1.000000
vt 0.659688 0.659688
vt 1.000000 0.628671
vt 0.663522 0.663522
vt 0.644752 0.000000
vt 0.374910 0.000000
vt 1.000000 0.582030
vt 1.000000 0.459860
vt 0.582030 0.582030
vt 0.643915 0.530765
vt 0.726570 0.499508
vt 0.808061 0.481612
vt 0.758409 0.123578
vt 0.625090 0.000000
vt 1.000000 0.318792
vt 0.650759 0.000000
vt 1.000000 0.355248
vt 0.947798 0.306708
vt 0.844770 0.208993
vt 0.746868 0.104562
vt 0.650759 0.650759
vt 1.000000 0.681619
vt 0.303288 0.091889
vt 0.276584 0.125464
vt 0.258346 0.091889
vt 0.306020 0.077255
vt 0.304700 0.061685
vt 0.323766 0.061340
vt 0.250553 0.077255
vt 0.242572 0.061685
vt 0.323766 0.061340
vt 0.300428 0.026775
vt 0.345228 0.025965
vt 0.241904 0.060343
vt 0.246011 0.026775
vt 0.241904 0.060343
vt 0.236434 0.048484
vt 0.239929 0.039082
vt 0.328994 0.008320
vt 0.337686 0.011962
vt 0.294866 0.000678
vt 0.304299 0.000507
vt 0.314512 0.002457
vt 0.246464 0.024653
vt 0.260573 0.008049
vt 0.273248 0.002339
vt 0.283839 0.000678
vt 0.303288 0.091889
s 0
f 985/1517/630 957/1518/630 959/1519/630
f 985/1520/631 959/1518/631 981/1521/631 982/1522/631 984/1523/631 983/1524/631
f 986/1525/632 957/1519/632 985/1526/632
f 987/1527/633 957/1528/633 986/1529/633
f 988/1530/634 957/1528/634 987/1531/634
f 958/1519/635 957/1528/635 988/1532/635
f 958/1518/636 959/1519/636 957/1528/636
f 958/1518/637 989/1533/637 990/1534/637 959/1528/637
f 981/1535/638 959/1528/638 990/1536/638 992/1537/638 993/1538/638 991/1539/638
f 995/1540/639 989/1541/639 958/1519/639 994/1542/639
f 997/1543/640 958/1519/640 988/1544/640 999/1545/640 998/1546/640 996/1547/640
f 997/1548/641 994/1549/641 958/1528/641
s 1
f 967/1550/642 964/1551/643 974/1552/644
f 966/1553/645 960/1554/646 965/1555/647
f 960/1554/646 966/1553/645 975/1556/648 973/1557/649
f 965/1558/647 960/1554/646 961/1559/650 963/1560/651
f 973/1561/649 977/1562/652 961/1559/650 960/1554/646
f 977/1562/652 973/1563/649 972/1564/653 971/1565/653
f 969/1566/654 968/1567/654 963/1560/651 961/1559/650 962/1568/655 978/1569/654 970/1570/654
f 962/1568/655 961/1559/650 977/1571/652 976/1572/656 980/1573/656 979/1574/656
f 966/1553/645 967/1575/642 974/1552/644 975/1556/648
g Bottle_cell.036_Bottle_cell.035
v 0.009874 0.384830 -0.009212
v 0.023559 0.423446 -0.014341
v 0.008881 0.374288 -0.004108
v 0.041496 0.411123 -0.013067
v 0.042264 0.407734 -0.021198
v 0.038857 0.411061 -0.023152
v 0.016844 0.427314 -0.009055
v 0.019043 0.446187 -0.018897
v 0.023559 0.471294 -0.014424
v 0.018581 0.437903 -0.009015
v 0.025050 0.477328 -0.008869
v 0.026182 0.422663 -0.008769
v 0.026059 0.416421 -0.025494
v 0.019144 0.423438 -0.018756
v 0.023559 0.471294 -0.014424
v 0.025050 0.477328 -0.008869
v 0.019043 0.446187 -0.018897
v 0.041496 0.411123 -0.013067
v 0.026182 0.422663 -0.008769
v 0.026059 0.416421 -0.025494
v 0.019144 0.423438 -0.018756
v 0.042264 0.407734 -0.021198
v 0.038857 0.411061 -0.023152
vn 0.7474 -0.5853 0.3145
vn 0.0330 -0.4807 -0.8763
vn -0.0226 -0.4452 -0.8952
vn -0.9829 0.1609 0.0891
vn -0.9772 0.1598 0.1400
vn -0.0070 0.0473 0.9989
vn 0.2681 -0.0031 0.9634
vn -0.0673 -0.4296 -0.9005
vn -0.7018 -0.0075 -0.7123
vn 0.7491 0.4715 -0.4654
vn 0.6019 0.7652 -0.2286
vn 0.4150 0.8089 -0.4164
vn 0.6307 0.4510 -0.6315
vn 0.6129 0.7727 -0.1651
vn 0.8189 0.5064 -0.2702
vn 0.7071 -0.0012 -0.7071
vn 0.9218 0.0087 -0.3876
vn 0.7406 0.6422 -0.1977
vn 0.9364 0.0097 -0.3509
vt 0.659734 0.000000
vt 1.000000 0.000000
vt 1.000000 0.301899
vt 0.331475 0.105882
vt 0.301899 0.301899
vt 0.000000 0.000000
vt 0.377668 0.000000
vt 0.340310 0.340310
vt 1.000000 0.919709
vt 0.636460 0.519186
vt 0.348702 0.000000
vt 0.758152 0.200100
vt 1.000000 0.527702
vt 0.422421 0.422421
vt 0.586173 0.586173
vt 0.476530 0.476530
vt 0.445026 0.060149
vt 0.929817 0.929817
vt 0.438246 0.438246
vt 0.340266 0.000000
vt 1.000000 0.622332
vt 1.000000 1.000000
vt 0.321055 0.321055
vt 0.651298 0.000000
vt 0.405456 0.098047
vt 0.822442 0.378384
vt 0.827462 0.407973
vt 0.811065 0.396323
vt 0.810851 0.378384
vt 0.847039 0.401133
vt 0.830930 0.410061
vt 0.833199 0.374515
vt 0.848794 0.410384
vt 0.858832 0.410565
vt 0.859063 0.452784
vt 0.848794 0.499172
vt 0.270075 0.000678
vt 0.256790 0.006776
vt 0.251894 0.000678
vt 0.837400 0.510863
vt 0.837541 0.410384
s 0
f 1017/1576/657 1002/1577/657 1021/1578/657
f 1005/1579/658 1021/1580/658 1002/1581/658
f 1019/1582/659 1005/1583/659 1002/1581/659
f 1015/1584/660 1014/1585/660 1016/1586/660 1000/1577/660 1006/1587/660 1009/1588/660
f 1000/1581/661 1002/1577/661 1006/1589/661
f 1009/1590/662 1006/1591/662 1002/1581/662 1018/1592/662 1015/1593/662
f 1018/1594/663 1002/1581/663 1017/1595/663
f 1000/1581/664 1019/1596/664 1002/1597/664
f 1019/1598/665 1000/1581/665 1016/1599/665 1020/1600/665
s 1
f 1001/1601/666 1022/1602/667 1012/1603/668 1013/1604/669
f 1003/1605/670 1022/1606/667 1001/1601/666 1011/1607/671
f 1001/1608/666 1013/1609/669 1007/1610/672 1008/1611/673
f 1003/1612/670 1004/1613/674 1022/1614/667
f 1001/1608/666 1008/1611/673 1010/1615/675 1011/1616/671
g Bottle_cell.037_Bottle_cell.036
v -0.046187 0.018178 0.000858
v -0.022503 0.018685 0.039910
v -0.058925 0.008715 0.033842
v -0.029041 0.008671 0.016752
v -0.015391 0.013418 0.026634
v -0.013702 0.008694 0.029847
v -0.017831 0.022793 0.016710
v -0.043510 0.005978 0.000855
v -0.033291 0.008643 0.000891
v -0.023581 0.022443 0.007154
v -0.021446 0.023732 0.012341
v -0.053119 0.064714 0.041534
v -0.052106 0.074149 0.042530
v -0.015266 0.006411 0.038228
v -0.060076 0.077176 0.034554
v -0.063067 0.073283 0.023401
v -0.026041 0.005432 0.036886
v -0.056301 0.000479 0.032504
v -0.060113 0.015655 0.034542
v -0.015391 0.013418 0.026634
v -0.013702 0.008694 0.029847
v -0.017831 0.022793 0.016710
v -0.021446 0.023732 0.012341
v -0.053119 0.064714 0.041534
v -0.052106 0.074149 0.042530
v -0.060076 0.077176 0.034554
v -0.063067 0.073283 0.023401
v -0.026041 0.005432 0.036886
v -0.056301 0.000479 0.032504
v -0.060113 0.015655 0.034542
v -0.015266 0.006411 0.038228
v -0.043510 0.005978 0.000855
v -0.033291 0.008643 0.000891
v -0.023581 0.022443 0.007154
vn 0.8562 0.4550 0.2446
vn 0.0033 0.0010 -1.0000
vn 0.6526 0.6390 -0.4072
vn -0.0901 -0.0950 0.9914
vn 0.7802 0.3934 0.4863
vn 0.6469 0.6492 -0.4001
vn -0.1038 -0.1948 0.9753
vn -0.8931 -0.2054 -0.4003
vn -0.1095 -0.1932 0.9750
vn -0.9138 -0.1213 -0.3877
vn 0.1765 0.3952 -0.9015
vn -0.9193 -0.1196 -0.3749
vn -0.1306 -0.1216 0.9839
vn -0.8629 0.0005 0.5053
vn -0.9659 0.0005 0.2588
vn -0.8661 0.0005 0.4999
vn -0.7079 0.0004 0.7063
vn 0.2141 -0.9689 -0.1243
vn 0.4834 -0.8278 -0.2848
vn 0.3272 -0.8672 -0.3753
vn 0.1634 -0.9673 -0.1940
vn 0.2521 -0.9655 -0.0659
vn 0.5071 -0.8514 -0.1344
vn 0.8420 -0.4904 -0.2248
vn 0.7510 -0.4801 -0.4533
vn 0.6217 -0.4430 -0.6460
vn 0.1176 -0.9635 -0.2404
vt 0.852261 0.559862
vt 0.722880 0.404999
vt 0.346037 0.000000
vt 1.000000 0.000000
vt 1.000000 0.691877
vt 0.160340 0.160340
vt 0.000000 0.000000
vt 0.322640 0.086612
vt 0.748027 0.639457
vt 0.644978 0.644978
vt 1.000000 0.653963
vt 0.968522 0.968522
vt 0.403728 0.000000
vt 1.000000 1.000000
vt 1.000000 0.188765
vt 0.024754 0.000000
vt 0.592524 0.412812
vt 0.288769 0.177696
vt 0.445569 0.445569
vt 1.000000 0.178112
vt 0.131507 0.131507
vt 0.192779 0.192779
vt 0.997682 0.140522
vt 0.720208 0.000000
vt 1.000000 0.604973
vt 0.079615 0.000000
vt 1.000000 0.596272
vt 0.079615 0.079615
vt 0.422034 0.625321
vt 0.443484 0.632561
vt 0.422032 0.738535
vt 0.406213 0.648349
vt 0.403910 0.630677
vt 0.736414 0.093171
vt 0.792860 0.108295
vt 0.792860 0.140521
vt 0.770376 0.138658
vt 0.741704 0.090579
vt 0.800876 0.074535
vt 0.808103 0.081895
vt 0.401906 0.799520
vt 0.400996 0.795075
vt 0.428465 0.790861
vt 0.422075 0.820285
vt 0.402889 0.785505
vt 0.420305 0.766566
vt 0.428970 0.762952
vt 0.400996 0.795075
vt 0.795806 0.145623
vt 0.782755 0.154567
vt 0.775329 0.145219
s 0
f 1043/1617/676 1042/1618/676 1044/1619/676 1047/1620/676 1053/1621/676
f 1054/1622/677 1023/1623/677 1031/1624/677
f 1045/1625/678 1056/1626/678 1049/1623/678 1047/1620/678 1044/1627/678
f 1024/1620/679 1047/1628/679 1046/1629/679
f 1047/1630/680 1024/1623/680 1053/1631/680
f 1047/1630/681 1049/1632/681 1048/1633/681
f 1050/1634/682 1053/1635/682 1024/1623/682
f 1025/1623/683 1023/1620/683 1054/1636/683 1051/1637/683
f 1050/1638/684 1024/1623/684 1025/1620/684 1051/1639/684
f 1049/1620/685 1023/1630/685 1025/1623/685
f 1023/1630/686 1049/1623/686 1056/1640/686 1031/1641/686
f 1049/1630/687 1025/1623/687 1052/1642/687
f 1025/1623/688 1024/1620/688 1046/1643/688 1052/1644/688
s 1
f 1037/1645/689 1038/1646/690 1041/1647/691
f 1041/1647/691 1034/1648/692 1035/1649/692 1037/1645/689
f 1040/1650/693 1026/1651/694 1028/1652/695 1039/1653/696
f 1026/1651/694 1040/1654/693 1030/1655/697 1055/1656/698
f 1032/1657/699 1033/1658/700 1026/1659/694 1055/1660/698
f 1029/1661/701 1027/1662/701 1028/1663/695 1026/1659/694 1033/1664/700
f 1028/1665/695 1036/1666/702 1039/1667/696
g Bottle_cell.038_Bottle_cell.037
v -0.004837 0.376663 -0.009687
v -0.020923 0.386583 0.003429
v -0.005107 0.372306 -0.003408
v -0.016611 0.381665 0.002225
v -0.003141 0.362684 -0.001331
v -0.037100 0.397790 0.008154
v -0.006471 0.366613 -0.000155
v -0.045049 0.410974 -0.000717
v -0.039013 0.410935 -0.023241
v -0.033303 0.404887 -0.035889
v -0.020889 0.413822 -0.035696
v -0.026052 0.410912 -0.036202
v -0.038618 0.400551 -0.035567
v -0.043853 0.395962 -0.035000
v -0.031897 0.416696 -0.019143
v -0.037504 0.415029 -0.007207
v -0.049168 0.396899 -0.029080
v -0.053925 0.394850 -0.015032
v -0.051633 0.403174 -0.000704
v -0.048083 0.405189 0.006234
v -0.044800 0.409154 0.005985
v -0.040918 0.413866 -0.000722
v -0.033303 0.404887 -0.035889
v -0.026052 0.410912 -0.036202
v -0.020889 0.413822 -0.035696
v -0.038618 0.400551 -0.035567
v -0.049168 0.396899 -0.029080
v -0.053925 0.394850 -0.015032
v -0.043853 0.395962 -0.035000
v -0.051633 0.403174 -0.000704
v -0.048083 0.405189 0.006234
v -0.045049 0.410974 -0.000717
v -0.040918 0.413866 -0.000722
v -0.031897 0.416696 -0.019143
v -0.037504 0.415029 -0.007207
v -0.044800 0.409154 0.005985
vn 0.3305 -0.4412 -0.8343
vn 0.3185 -0.4522 -0.8331
vn 0.9491 0.2383 0.2061
vn 0.3125 -0.4591 -0.8316
vn 0.7160 0.5769 0.3932
vn 0.7023 0.5704 0.4259
vn -0.4591 -0.8436 -0.2786
vn -0.5580 -0.6757 0.4818
vn -0.5370 -0.6610 0.5242
vn 0.6938 0.5693 0.4411
vn 0.6485 0.4119 0.6402
vn 0.5983 0.2846 0.7490
vn 0.5995 0.2839 0.7483
vn -0.2122 -0.4409 0.8721
vn 0.4654 0.5748 0.6731
vn 0.3182 0.0605 0.9461
vn 0.3655 0.4073 0.8370
vn 0.3898 0.1182 0.9133
vn -0.5669 0.8094 -0.1533
vn -0.4974 0.8186 -0.2871
vn -0.6000 0.7214 -0.3457
vn -0.7158 0.6953 -0.0640
vn -0.4150 0.8089 -0.4164
vn -0.4611 0.7574 -0.4623
vn -0.5521 0.6240 -0.5531
vn -0.6724 0.6328 -0.3840
vn -0.7719 0.6324 -0.0649
vn -0.7626 0.6148 -0.2014
vn -0.7486 0.6323 0.1995
vt 1.000000 0.000000
vt 1.000000 0.248874
vt 0.388641 0.098189
vt 0.017134 0.000000
vt 0.248874 0.248874
vt 0.000000 0.000000
vt 0.295814 0.000000
vt 1.000000 1.000000
vt 0.508192 0.168735
vt 1.000000 0.704186
vt 1.000000 0.628783
vt 0.642500 0.642500
vt 0.861325 0.620277
vt 0.608858 0.000000
vt 0.396845 0.237407
vt 0.351287 0.351287
vt 0.437370 0.000000
vt 0.437370 0.437370
vt 0.385568 0.000000
vt 0.416596 0.148123
vt 0.385568 0.385568
vt 0.709871 0.000000
vt 0.608858 0.608858
vt 0.977356 0.265227
vt 0.825771 0.086782
vt 0.756635 0.000000
vt 0.243365 0.000000
vt 1.000000 0.890242
vt 0.749088 0.296193
vt 0.743322 0.311903
vt 0.728586 0.307955
vt 0.750232 0.270463
vt 0.755528 0.277464
vt 0.736037 0.348090
vt 0.728587 0.341984
vt 0.697590 0.736772
vt 0.711848 0.737029
vt 0.696651 0.762951
vt 0.667180 0.762420
vt 0.680328 0.751147
vt 0.690011 0.743038
vt 0.480176 0.015519
vt 0.477012 0.000676
vt 0.514504 0.000000
vt 0.529701 0.025922
vt 0.500500 0.026449
vt 0.480176 0.015519
vt 0.460482 0.008766
vt 0.464879 0.004161
s 0
f 1057/1668/703 1079/1669/703 1080/1670/703 1081/1671/703
f 1079/1672/704 1057/1673/704 1082/1674/704
f 1059/1673/705 1061/1668/705 1057/1675/705
f 1085/1676/706 1082/1677/706 1057/1675/706 1061/1673/706
f 1091/1678/707 1057/1675/707 1081/1679/707 1071/1680/707
f 1091/1681/708 1059/1668/708 1057/1675/708
f 1083/1682/709 1085/1683/709 1061/1673/709 1084/1684/709
f 1084/1685/710 1061/1673/710 1087/1686/710 1086/1687/710
f 1062/1668/711 1087/1688/711 1061/1673/711
f 1089/1689/712 1058/1668/712 1059/1675/712 1091/1690/712
f 1058/1673/713 1060/1668/713 1059/1675/713
f 1060/1673/714 1063/1668/714 1059/1675/714
f 1063/1673/715 1061/1668/715 1059/1675/715
f 1063/1673/716 1062/1668/716 1061/1675/716
f 1058/1668/717 1089/1691/717 1088/1692/717 1092/1693/717
f 1063/1673/718 1058/1668/718 1062/1675/718
f 1062/1675/719 1058/1673/719 1092/1694/719 1087/1695/719
f 1063/1673/720 1060/1668/720 1058/1675/720
s 1
f 1072/1696/721 1090/1697/722 1065/1698/723 1064/1699/724 1078/1700/721
f 1067/1701/725 1068/1702/726 1065/1698/723 1090/1697/722
f 1070/1703/727 1073/1704/728 1065/1705/723 1068/1706/726 1066/1707/727 1069/1708/727
f 1075/1709/729 1064/1710/724 1065/1711/723 1073/1712/728 1074/1713/730
f 1064/1710/724 1075/1714/729 1076/1715/731 1077/1716/731
g Bottle_cell.039_Bottle_cell.038
v 0.014128 0.017728 0.047319
v 0.035082 0.018047 0.034942
v 0.012315 0.023977 0.021289
v 0.016767 0.008692 0.029026
v 0.034681 0.189336 0.059741
v 0.017962 0.189787 0.064220
v 0.018701 0.055210 0.064268
v 0.035492 0.064030 0.059162
v 0.047454 0.055041 0.047218
v 0.032422 0.006223 0.026267
v 0.050653 0.060545 0.044008
v 0.034058 0.006888 0.021104
v 0.059249 0.075638 0.035384
v 0.059441 0.113026 0.035123
v 0.014055 0.026710 0.009954
v 0.004281 0.028070 0.012957
v 0.059403 0.139924 0.035111
v 0.020231 0.023963 0.013374
v 0.028078 0.008673 0.017715
v 0.006990 0.023979 0.022716
v 0.018411 0.064281 0.064329
v 0.009333 0.008696 0.031018
v 0.012232 0.005995 0.040654
v 0.020773 0.006612 0.035969
v 0.028882 0.006055 0.030729
v 0.035492 0.064030 0.059162
v 0.047454 0.055041 0.047218
v 0.050653 0.060545 0.044008
v 0.059249 0.075638 0.035384
v 0.059441 0.113026 0.035123
v 0.059403 0.139924 0.035111
v 0.020231 0.023963 0.013374
v 0.028078 0.008673 0.017715
v 0.014055 0.026710 0.009954
v 0.004281 0.028070 0.012957
v 0.006990 0.023979 0.022716
v 0.017962 0.189787 0.064220
v 0.018411 0.064281 0.064329
v 0.020773 0.006612 0.035969
v 0.028882 0.006055 0.030729
v 0.034681 0.189336 0.059741
v 0.018701 0.055210 0.064268
v 0.032422 0.006223 0.026267
v 0.034058 0.006888 0.021104
v 0.009333 0.008696 0.031018
v 0.012232 0.005995 0.040654
vn 0.4563 -0.4123 0.7886
vn 0.4673 -0.4153 0.7805
vn 0.8420 -0.4292 0.3268
vn 0.8935 -0.3787 0.2412
vn 0.8961 -0.3771 0.2341
vn 0.5108 -0.0086 -0.8597
vn -0.2601 0.3127 -0.9136
vn 0.4859 -0.0003 -0.8740
vn -0.9638 -0.0029 0.2665
vn -0.9628 -0.0046 0.2701
vn -0.9450 -0.0320 0.3256
vn 0.4472 -0.4940 0.7456
vn 0.4038 0.0001 0.9148
vn 0.5093 0.0005 0.8606
vn 0.7071 0.0013 0.7071
vn 0.2750 -0.0003 0.9615
vn -0.0675 -0.9658 -0.2504
vn -0.1600 -0.7872 -0.5956
vn -0.2806 -0.8285 -0.4846
vn -0.1258 -0.9679 -0.2174
vn -0.1845 -0.9657 -0.1829
vn -0.4048 -0.8206 -0.4034
vn -0.4792 -0.7273 -0.4913
vn -0.3388 -0.7376 -0.5841
vn -0.1938 -0.9364 -0.2926
vn -0.2343 -0.9363 -0.2617
vn -0.1707 -0.7526 -0.6359
vt 0.285865 0.021297
vt 0.230565 0.230565
vt 0.000000 0.000000
vt 1.000000 0.000000
vt 1.000000 0.225793
vt 0.282054 0.282054
vt 0.225793 0.225793
vt 0.356332 0.000000
vt 1.000000 0.112781
vt 1.000000 0.369150
vt 0.377678 0.377678
vt 1.000000 0.088351
vt 0.088598 0.000000
vt 0.439710 0.000000
vt 0.369150 0.369150
vt 0.088351 0.088351
vt 0.439710 0.439710
vt 0.089948 0.000000
vt 0.621095 0.000000
vt 0.166464 0.000000
vt 1.000000 0.323738
vt 0.748555 0.748555
vt 0.160823 0.160823
vt 0.621095 0.621095
vt 0.089948 0.089948
vt 0.255395 0.091116
vt 0.745027 0.154758
vt 1.000000 0.160823
vt 1.000000 0.748556
vt 1.000000 1.000000
vt 0.166465 0.166465
vt 0.602512 0.187776
vt 1.000000 0.162950
vt 0.154100 0.128083
vt 0.149316 0.000000
vt 0.426899 0.000000
vt 1.000000 0.236368
vt 0.426899 0.426899
vt 0.719604 0.000000
vt 0.768352 0.403903
vt 0.754295 0.000000
vt 0.759152 0.759152
vt 0.124402 0.347153
vt 0.126241 0.113014
vt 0.158262 0.103625
vt 0.160712 0.107175
vt 0.180259 0.135764
vt 0.180696 0.205643
vt 0.180611 0.255910
vt 0.095662 0.097508
vt 0.124406 0.114179
vt 0.124402 0.347153
vt 0.092269 0.347981
vt 0.093128 0.113433
vt 0.818083 0.188802
vt 0.824509 0.177399
vt 0.836882 0.184543
vt 0.833032 0.198912
vt 0.861061 0.201467
vt 0.850557 0.202677
vt 0.866579 0.184543
vt 0.869985 0.196839
vt 0.029833 0.849850
vt 0.011835 0.839459
vt 0.025570 0.825725
vt 0.032989 0.837135
vt 0.006718 0.830596
vt 0.025570 0.825725
vt 0.582685 0.765142
vt 0.582222 0.790860
vt 0.554333 0.795138
vt 0.554658 0.777140
vt 0.554333 0.805372
vt 0.578429 0.805182
s 0
f 1118/1717/732 1134/1718/732 1093/1719/732
f 1093/1719/733 1094/1720/733 1119/1721/733 1118/1722/733
f 1119/1723/734 1094/1719/734 1132/1724/734 1135/1725/734
f 1120/1726/735 1119/1727/735 1135/1728/735
f 1136/1729/736 1121/1730/736 1120/1731/736 1135/1732/736
f 1121/1733/737 1136/1734/737 1122/1735/737
f 1127/1736/738 1129/1720/738 1133/1737/738 1123/1738/738 1126/1739/738
f 1122/1740/739 1136/1741/739 1125/1742/739 1124/1743/739 1126/1744/739 1123/1745/739
f 1129/1746/740 1127/1747/740 1128/1748/740 1114/1749/740
f 1129/1746/741 1114/1750/741 1138/1751/741 1130/1752/741
f 1093/1720/742 1134/1753/742 1130/1754/742 1138/1755/742
f 1131/1756/743 1132/1757/743 1094/1720/743 1093/1746/743 1138/1758/743
s 1
f 1097/1759/744 1100/1760/745 1101/1761/746 1103/1762/746 1105/1763/746 1106/1764/746 1109/1765/746
f 1099/1766/747 1100/1767/745 1097/1768/744 1098/1769/747 1113/1770/747
f 1115/1771/748 1137/1772/749 1096/1773/750 1116/1774/751
f 1102/1775/752 1117/1776/752 1116/1774/751 1096/1773/750 1111/1777/753 1104/1778/752
f 1110/1779/754 1095/1780/755 1108/1781/756 1107/1782/757
f 1112/1783/758 1108/1784/756 1095/1780/755
f 1111/1785/753 1096/1786/750 1095/1787/755 1110/1788/754
f 1112/1789/758 1095/1787/755 1096/1786/750 1137/1790/749
g Bottle_cell.040_Bottle_cell.039
v 0.040026 0.031672 -0.041147
v 0.030404 0.045499 -0.051579
v 0.000570 0.015770 -0.059389
v 0.016767 0.008591 -0.029056
v 0.028021 0.006447 -0.029014
v 0.034884 0.003779 -0.036039
v 0.022322 0.008601 -0.023501
v 0.018653 0.016154 -0.021182
v 0.002680 0.010453 -0.031748
v 0.000612 0.002750 -0.055566
v 0.017543 0.003934 -0.046556
v 0.028029 0.004206 -0.040617
v 0.013520 0.019759 -0.023452
v 0.028021 0.006447 -0.029014
v 0.034884 0.003779 -0.036039
v 0.022322 0.008601 -0.023501
v 0.000612 0.002750 -0.055566
v 0.017543 0.003934 -0.046556
v 0.028029 0.004206 -0.040617
v 0.002680 0.010453 -0.031748
v 0.013520 0.019759 -0.023452
v 0.018653 0.016154 -0.021182
vn 0.7146 -0.0036 0.6996
vn 0.6710 0.0508 0.7397
vn -0.9966 0.0203 0.0800
vn 0.4686 -0.2475 -0.8480
vn 0.4820 -0.2506 -0.8396
vn 0.5277 -0.2462 -0.8130
vn 0.1769 0.6730 0.7181
vn -0.7176 0.6718 0.1840
vn -0.1598 -0.9608 0.2267
vn -0.2926 -0.8256 0.4824
vn -0.1687 -0.8548 0.4908
vn -0.1265 -0.9518 0.2795
vn -0.1845 -0.9650 0.1862
vn -0.4247 -0.7988 0.4261
vn -0.6164 -0.4890 0.6172
vn -0.4353 -0.5017 0.7476
vt 0.660409 0.000000
vt 1.000000 0.000000
vt 1.000000 0.310109
vt 0.455458 0.155934
vt 0.310109 0.310109
vt 0.000000 0.000000
vt 0.510899 0.000000
vt 0.197264 0.000000
vt 0.487203 0.487203
vt 1.000000 0.434175
vt 0.197264 0.197264
vt 0.434175 0.434175
vt 0.427934 0.141976
vt 1.000000 0.339591
vt 0.430293 0.430293
vt 1.000000 0.398441
vt 1.000000 1.000000
vt 0.648071 0.000000
vt 0.648071 0.648071
vt 1.000000 0.537435
vt 0.941297 0.100748
vt 0.913130 0.108295
vt 0.897901 0.081358
vt 0.926737 0.052274
vt 0.937133 0.086331
vt 0.946091 0.122902
vt 0.927854 0.123120
vt 0.913130 0.122880
vt 0.943102 0.107893
vt 0.611116 0.762951
vt 0.610888 0.775581
vt 0.597120 0.778002
vt 0.590677 0.771476
vt 0.400097 0.824388
vt 0.400578 0.850995
vt 0.380140 0.842470
s 0
f 1153/1791/759 1139/1792/759 1152/1793/759
f 1154/1794/760 1152/1795/760 1139/1796/760 1160/1797/760
f 1155/1798/761 1158/1799/761 1141/1796/761
f 1141/1796/762 1140/1792/762 1156/1800/762 1155/1801/762
f 1156/1802/763 1140/1796/763 1157/1803/763
f 1140/1796/764 1139/1792/764 1153/1804/764 1157/1805/764
f 1160/1806/765 1139/1807/765 1140/1796/765 1159/1808/765
f 1159/1809/766 1140/1796/766 1141/1792/766 1158/1810/766
s 1
f 1150/1811/767 1142/1812/768 1147/1813/769 1148/1814/770 1149/1815/770
f 1144/1816/771 1143/1817/771 1145/1818/772 1142/1812/768 1150/1819/767
f 1142/1820/768 1145/1821/772 1146/1822/773 1151/1823/774
f 1147/1824/769 1142/1825/768 1151/1826/774
g Bottle_cell.041_Bottle_cell.040
v -0.001166 0.203198 0.000150
v 0.015397 0.190701 0.061028
v -0.045724 0.190052 -0.044119
v -0.044194 0.198750 0.025375
v -0.003461 0.030893 0.005941
v -0.052492 0.195442 0.041918
v -0.060042 0.195938 0.034368
v -0.050558 0.080515 0.044067
v -0.034683 0.142897 0.059825
v -0.007036 0.189736 0.067148
v -0.034681 0.191604 0.059737
v -0.066980 0.193104 0.008554
v -0.062804 0.195275 0.024133
v -0.054135 0.077614 0.040495
v -0.062063 0.077491 0.027140
v -0.060076 0.080105 0.034549
v -0.017929 0.024306 0.014486
v -0.021820 0.024222 0.007892
v -0.007161 0.028003 0.012354
v -0.000000 0.029444 0.010587
v -0.001208 0.030883 0.000283
v -0.005514 0.030876 -0.003996
v -0.069362 0.191577 -0.000332
v -0.061985 0.189119 -0.027858
v -0.069365 0.142756 -0.000246
v -0.063624 0.081108 0.021308
v -0.011444 0.028478 -0.005959
v -0.016870 0.026982 -0.000047
v -0.052492 0.195442 0.041918
v -0.060042 0.195938 0.034368
v -0.050558 0.080515 0.044067
v -0.034683 0.142897 0.059825
v -0.007036 0.189736 0.067148
v -0.034681 0.191604 0.059737
v -0.062063 0.077491 0.027140
v -0.060076 0.080105 0.034549
v -0.054135 0.077614 0.040495
v -0.017929 0.024306 0.014486
v -0.007161 0.028003 0.012354
v -0.000000 0.029444 0.010587
v -0.001208 0.030883 0.000283
v -0.005514 0.030876 -0.003996
v -0.066980 0.193104 0.008554
v -0.069362 0.191577 -0.000332
v -0.069365 0.142756 -0.000246
v -0.063624 0.081108 0.021308
v -0.061985 0.189119 -0.027858
v -0.011444 0.028478 -0.005959
v -0.016870 0.026982 -0.000047
v -0.062804 0.195275 0.024133
v -0.021820 0.024222 0.007892
vn -0.0880 0.9843 0.1527
vn 0.2631 -0.2987 0.9174
vn 0.0121 0.9796 0.2004
vn 0.0143 0.9802 0.1973
vn -0.1664 0.9806 -0.1037
vn -0.1826 0.9831 -0.0144
vn -0.6652 -0.6301 0.4007
vn -0.6579 -0.6403 0.3965
vn 0.2685 -0.3219 0.9079
vn 0.9698 -0.0081 -0.2437
vn 0.6799 -0.0131 -0.7332
vn -0.1683 0.9778 -0.1249
vn -0.6657 -0.3008 -0.6830
vn -0.6778 -0.3211 -0.6614
vn -0.9998 0.0001 0.0207
vn -0.9659 -0.0004 -0.2588
vn -0.9842 0.0004 0.1772
vn -0.7071 0.0013 0.7071
vn -0.6455 0.0014 0.7637
vn -0.5156 0.0016 0.8568
vn -0.8653 0.0010 0.5012
vn -0.8673 0.0010 0.4978
vn -0.2588 0.0018 0.9659
vn 0.3493 -0.9332 0.0844
vn 0.2312 -0.9719 -0.0431
vn 0.3231 -0.9442 -0.0642
vn 0.0850 -0.9861 -0.1429
vn 0.3092 -0.9378 -0.1580
vn 0.2523 -0.9358 -0.2463
vn 0.3026 -0.9308 -0.2052
vn 0.0311 -0.9614 -0.2732
vn -0.1275 -0.9906 -0.0490
vn -0.9658 0.0006 0.2591
vt 0.228627 0.000000
vt 0.276381 0.276381
vt 0.000000 0.000000
vt 0.025404 0.000000
vt 1.000000 0.000000
vt 1.000000 0.283762
vt 0.585555 0.278698
vt 0.283762 0.283762
vt 1.000000 0.323965
vt 0.704373 0.416330
vt 1.000000 1.000000
vt 1.000000 0.671342
vt 0.645778 0.000000
vt 1.000000 0.771373
vt 0.720491 0.720491
vt 1.000000 0.180869
vt 1.000000 0.844486
vt 0.891862 0.445039
vt 0.017115 0.000000
vt 0.843504 0.174492
vt 1.000000 0.327312
vt 0.844486 0.844486
vt 0.161760 0.000000
vt 1.000000 0.974596
vt 0.986546 0.986546
vt 0.327312 0.327312
vt 0.240478 0.146879
vt 0.158801 0.000000
vt 0.165310 0.105792
vt 0.158801 0.158801
vt 0.164967 0.068324
vt 0.161056 0.000000
vt 0.816046 0.227322
vt 1.000000 0.354222
vt 0.283392 0.000000
vt 0.967572 0.000000
vt 0.658174 0.246288
vt 0.249973 0.249973
vt 1.000000 0.279551
vt 1.000000 0.981603
vt 0.967572 0.967572
vt 0.865911 0.000000
vt 0.927661 0.135488
vt 0.488695 0.411412
vt 0.534520 0.415091
vt 0.488697 0.502651
vt 0.400391 0.618723
vt 0.364307 0.501542
vt 0.364312 0.410517
vt 0.404811 0.404018
vt 0.422038 0.403387
vt 0.422034 0.619848
vt 0.402737 0.626123
vt 0.000019 0.352438
vt 0.000014 0.261413
vt 0.046034 0.348090
vt 0.050088 0.785036
vt 0.040843 0.794712
vt 0.036063 0.776873
vt 0.035082 0.798038
vt 0.021626 0.770162
vt 0.036063 0.776873
vt 0.013874 0.776829
vt 0.031756 0.803799
vt 0.018487 0.800244
vt 0.009501 0.781955
vt 0.018487 0.800244
vt 0.025092 0.812237
vt 0.031756 0.810451
vt 0.034450 0.799132
vt 0.055422 0.801788
vt 0.436282 0.624710
vt 0.422034 0.619848
vt 0.446988 0.404948
vt 0.471611 0.408589
vt 0.488695 0.411412
vt 0.488697 0.502651
vt 0.447480 0.617930
s 0
f 1190/1827/775 1189/1828/775 1164/1829/775
f 1191/1830/776 1162/1831/776 1193/1832/776 1192/1833/776
f 1193/1834/777 1162/1829/777 1164/1831/777 1189/1835/777 1194/1836/777
f 1161/1831/778 1164/1837/778 1162/1829/778
f 1210/1838/779 1164/1837/779 1161/1829/779 1203/1839/779
f 1190/1840/780 1164/1837/780 1210/1841/780
f 1195/1842/781 1197/1843/781 1196/1844/781
f 1195/1845/782 1211/1846/782 1198/1847/782 1197/1848/782
f 1200/1849/783 1162/1831/783 1191/1850/783 1197/1851/783 1198/1852/783 1199/1853/783
f 1201/1854/784 1161/1831/784 1162/1837/784 1200/1855/784
f 1163/1831/785 1161/1837/785 1201/1856/785 1202/1857/785 1208/1858/785
f 1204/1859/786 1203/1860/786 1161/1837/786 1163/1829/786 1207/1861/786
f 1163/1829/787 1206/1862/787 1205/1863/787 1207/1864/787
f 1211/1865/788 1195/1866/788 1206/1867/788 1163/1829/788 1208/1868/788 1209/1869/788
s 1
f 1183/1870/789 1184/1871/790 1185/1872/791
f 1168/1873/792 1169/1874/793 1171/1875/794 1166/1876/792 1167/1877/795 1176/1878/796 1174/1879/792
f 1171/1880/794 1169/1881/793 1170/1882/797
f 1187/1883/798 1182/1884/799 1188/1885/800
f 1182/1884/799 1165/1886/801 1178/1887/802 1188/1888/800
f 1178/1889/802 1165/1890/801 1179/1891/803 1177/1892/804
f 1179/1893/803 1165/1890/801 1180/1894/805
f 1180/1895/805 1165/1886/801 1182/1896/799 1181/1897/806
f 1175/1898/807 1176/1899/796 1167/1877/795 1173/1900/807 1172/1901/807 1183/1902/789 1185/1903/791 1186/1904/807
g Bottle_cell.042_Bottle_cell.041
v -0.040237 0.030783 -0.041056
v -0.015784 0.030746 -0.055747
v -0.000667 0.016155 -0.059444
v -0.016767 0.008591 -0.029056
v -0.000803 0.004411 -0.049199
v -0.000828 0.002752 -0.055499
v -0.001705 0.008989 -0.032857
v -0.028460 0.006331 -0.029178
v -0.022376 0.008601 -0.023448
v -0.019802 0.014729 -0.021163
v -0.034939 0.003776 -0.035999
v -0.027599 0.004282 -0.040654
v -0.010964 0.003388 -0.050385
v -0.008669 0.014644 -0.027715
v -0.014776 0.015437 -0.025620
v -0.000803 0.004411 -0.049199
v -0.000828 0.002752 -0.055499
v -0.028460 0.006331 -0.029178
v -0.022376 0.008601 -0.023448
v -0.019802 0.014729 -0.021163
v -0.034939 0.003776 -0.035999
v -0.027599 0.004282 -0.040654
v -0.010964 0.003388 -0.050385
v -0.001705 0.008989 -0.032857
v -0.008669 0.014644 -0.027715
v -0.014776 0.015437 -0.025620
vn 0.9999 -0.0123 -0.0008
vn 0.9985 0.0294 0.0469
vn -0.6894 0.0197 0.7241
vn -0.7227 -0.0124 0.6911
vn -0.5056 -0.2536 -0.8247
vn -0.4988 -0.2505 -0.8297
vn -0.4488 -0.2473 -0.8587
vn 0.7051 0.6773 0.2101
vn 0.2599 0.8643 0.4305
vn 0.2821 -0.8253 0.4891
vn 0.4301 -0.7930 0.4314
vn 0.1845 -0.9650 0.1862
vn 0.1425 -0.9651 0.2199
vn 0.0877 -0.9610 0.2625
vn 0.1337 -0.8832 0.4494
vn 0.4333 -0.5017 0.7487
vn 0.2256 -0.4886 0.8429
vn 0.6164 -0.4890 0.6172
vt 1.000000 0.178105
vt 0.798936 0.000000
vt 1.000000 0.000000
vt 0.480108 0.009325
vt 0.178105 0.178105
vt 0.000000 0.000000
vt 1.000000 0.303493
vt 0.691514 0.162740
vt 0.454017 0.000000
vt 0.303493 0.303493
vt 0.333647 0.000000
vt 0.326019 0.000000
vt 0.333647 0.333647
vt 1.000000 0.336718
vt 0.326019 0.326019
vt 1.000000 0.201064
vt 0.336718 0.336718
vt 0.548301 0.000000
vt 1.000000 0.515033
vt 1.000000 1.000000
vt 0.548301 0.548301
vt 1.000000 0.545983
vt 0.757147 0.521580
vt 0.869108 0.064273
vt 0.854383 0.064273
vt 0.853924 0.048758
vt 0.854378 0.031294
vt 0.876597 0.036325
vt 0.916517 0.058779
vt 0.894217 0.078770
vt 0.876597 0.036325
vt 0.904737 0.043880
vt 0.924758 0.050471
vt 0.387604 0.792774
vt 0.400073 0.790861
vt 0.399335 0.819696
vt 0.389043 0.804733
vt 0.389108 0.781621
vt 0.400304 0.778108
vt 0.387604 0.792774
s 0
f 1227/1905/808 1228/1906/808 1214/1907/808
f 1235/1908/809 1227/1909/809 1214/1910/809
f 1212/1907/810 1229/1911/810 1230/1912/810 1231/1913/810
f 1229/1914/811 1212/1910/811 1232/1915/811
f 1212/1910/812 1233/1916/812 1232/1917/812
f 1212/1910/813 1213/1907/813 1234/1918/813 1233/1919/813
f 1213/1910/814 1214/1907/814 1228/1920/814 1234/1921/814
f 1213/1910/815 1236/1922/815 1235/1923/815 1214/1924/815
f 1236/1925/816 1213/1910/816 1212/1907/816 1231/1926/816 1237/1927/816
s 1
f 1215/1928/817 1220/1929/818 1219/1930/819 1222/1931/819 1223/1932/820
f 1216/1933/821 1218/1934/822 1215/1928/817 1223/1935/820 1224/1936/821 1217/1937/821
f 1226/1938/823 1215/1939/817 1218/1940/822 1225/1941/824
f 1221/1942/825 1220/1943/818 1215/1939/817 1226/1944/823
g Bottle_cell.043_Bottle_cell.042
v -0.027848 0.557176 0.005901
v -0.019139 0.559608 0.008915
v -0.027204 0.564635 -0.000985
v -0.032754 0.563317 -0.000983
v -0.018746 0.568414 0.000997
v -0.025502 0.568215 0.005359
v -0.030817 0.558636 -0.008204
v -0.025588 0.564624 -0.007017
v -0.031689 0.558699 0.003000
v -0.029755 0.561920 0.010210
v -0.018290 0.563959 -0.004957
v -0.019420 0.557346 -0.001014
v -0.018093 0.557300 0.003939
v -0.019420 0.557346 -0.001014
v -0.018093 0.557300 0.003939
v -0.027204 0.564635 -0.000985
v -0.025588 0.564624 -0.007017
v -0.025502 0.568215 0.005359
v -0.030817 0.558636 -0.008204
v -0.031689 0.558699 0.003000
v -0.018746 0.568414 0.000997
v -0.019139 0.559608 0.008915
v -0.029755 0.561920 0.010210
v -0.018290 0.563959 -0.004957
vn -0.2902 0.8647 -0.4100
vn -0.3851 0.9169 -0.1048
vn -0.3538 -0.9350 -0.0223
vn 0.3180 0.5532 0.7700
vn -0.2602 -0.7044 0.6603
vn 0.2330 0.7871 -0.5711
vn 0.3790 -0.3761 -0.8455
vn -0.0376 -0.9968 -0.0703
vn 0.0990 -0.8946 0.4359
vn -0.7745 0.5208 -0.3589
vn -0.9023 0.4175 -0.1074
vn -0.5554 0.8136 -0.1724
vn -0.4823 0.7771 -0.4044
vn -0.5938 0.8024 0.0593
vn -0.7920 0.5946 0.1383
vn -0.9835 -0.0928 0.1554
vn 0.9990 -0.0125 0.0421
vn 0.9998 0.0028 0.0217
vn 0.9866 -0.0854 0.1394
vn 0.9981 0.0483 -0.0392
vt 0.742796 0.000000
vt 1.000000 0.090922
vt 0.940717 0.241188
vt 0.528734 0.000000
vt 1.000000 0.093171
vt 0.290771 0.290771
vt 0.000000 0.000000
vt 1.000000 0.000000
vt 0.764894 0.181557
vt 0.291188 0.291188
vt 0.426405 0.000000
vt 1.000000 0.074623
vt 0.591088 0.203045
vt 1.000000 0.291188
vt 0.102985 0.102985
vt 1.000000 0.471266
vt 0.744818 0.000000
vt 0.425771 0.000000
vt 1.000000 1.000000
vt 0.609256 0.609256
vt 0.539800 0.000000
vt 0.609863 0.398297
vt 0.539800 0.539800
vt 0.537766 0.852448
vt 0.530702 0.864684
vt 0.523417 0.857399
vt 0.529213 0.847360
vt 0.509521 0.865422
vt 0.513395 0.874677
vt 0.115445 0.804907
vt 0.106006 0.810200
vt 0.106006 0.790215
vt 0.113653 0.790215
vt 0.114453 0.778183
vt 0.908248 0.258277
vt 0.902004 0.278420
vt 0.902820 0.263870
vt 0.908195 0.278594
vt 0.916762 0.258143
vt 0.924968 0.275094
vt 0.917715 0.278696
s 0
f 1255/1945/826 1258/1946/826 1253/1947/826
f 1258/1948/827 1254/1949/827 1253/1950/827
f 1256/1951/828 1238/1952/828 1257/1953/828
f 1260/1954/829 1259/1955/829 1258/1956/829 1255/1957/829
f 1238/1951/830 1259/1952/830 1260/1958/830 1257/1959/830
f 1258/1960/831 1261/1961/831 1254/1952/831
f 1251/1962/832 1256/1952/832 1254/1963/832 1261/1964/832
f 1252/1965/833 1238/1952/833 1256/1963/833 1251/1966/833
f 1259/1952/834 1238/1963/834 1252/1967/834
s 1
f 1244/1968/835 1241/1969/836 1240/1970/837 1245/1971/838
f 1243/1972/839 1240/1970/837 1241/1969/836 1247/1973/840
f 1246/1974/841 1247/1975/840 1241/1976/836
f 1246/1977/841 1241/1976/836 1244/1978/835
f 1242/1979/842 1249/1980/843 1248/1981/844
f 1249/1982/843 1242/1983/842 1239/1984/845 1250/1985/845
g Bottle_cell.044_Bottle_cell.043
v 0.028443 0.555867 -0.009104
v 0.014141 0.489155 -0.023358
v 0.028365 0.549789 -0.017336
v 0.023559 0.548403 -0.014559
v 0.026377 0.487214 -0.003936
v 0.023559 0.487048 -0.014452
v 0.029730 0.549610 -0.009370
v 0.019048 0.548553 -0.002414
v 0.025676 0.548417 -0.006659
v 0.026039 0.530329 -0.005270
v 0.019505 0.524023 -0.001786
v 0.019778 0.487508 -0.002373
v 0.017471 0.487860 -0.010967
v 0.012877 0.488531 -0.015550
v 0.010608 0.541944 -0.017040
v 0.011084 0.552419 -0.016412
v 0.016950 0.533229 -0.021142
v 0.017947 0.548394 -0.020171
v 0.011375 0.557742 -0.016043
v 0.023121 0.549779 -0.022580
v 0.023823 0.560464 -0.021897
v 0.029130 0.559906 -0.014497
v 0.017722 0.556399 -0.007020
v 0.010650 0.506946 -0.017509
v 0.014916 0.560990 -0.012455
v 0.026873 0.563362 -0.018422
v 0.028443 0.555867 -0.009104
v 0.029730 0.549610 -0.009370
v 0.025676 0.548417 -0.006659
v 0.026039 0.530329 -0.005270
v 0.026377 0.487214 -0.003936
v 0.019048 0.548553 -0.002414
v 0.019505 0.524023 -0.001786
v 0.019778 0.487508 -0.002373
v 0.017471 0.487860 -0.010967
v 0.012877 0.488531 -0.015550
v 0.010608 0.541944 -0.017040
v 0.011084 0.552419 -0.016412
v 0.017947 0.548394 -0.020171
v 0.023121 0.549779 -0.022580
v 0.016950 0.533229 -0.021142
v 0.011375 0.557742 -0.016043
v 0.023823 0.560464 -0.021897
v 0.029130 0.559906 -0.014497
v 0.010650 0.506946 -0.017509
v 0.023559 0.487048 -0.014452
v 0.014141 0.489155 -0.023358
v 0.017722 0.556399 -0.007020
v 0.014916 0.560990 -0.012455
v 0.026873 0.563362 -0.018422
vn -0.0382 -0.9989 0.0260
vn 0.5389 0.0752 0.8390
vn 0.3772 0.0163 0.9260
vn -0.1317 -0.9901 -0.0480
vn -0.4677 0.0741 -0.8808
vn -0.4394 0.0861 -0.8942
vn 0.1490 0.7859 0.6001
vn 0.1878 0.5207 0.8329
vn -0.9762 -0.1361 -0.1688
vn -0.8505 0.0060 -0.5260
vn -0.3700 0.8405 -0.3958
vn -0.3620 0.8473 -0.3886
vn 0.6407 -0.6711 -0.3731
vn 0.8696 -0.0022 -0.4938
vn 0.6977 -0.0039 -0.7164
vn 0.5978 -0.5196 -0.6104
vn 0.9659 -0.0005 -0.2588
vn 0.8217 -0.5261 -0.2192
vn 0.9985 0.0390 -0.0383
vn 0.7365 -0.6731 -0.0670
vn 0.7572 -0.5505 -0.3516
vn 0.9037 0.0324 -0.4270
vn 0.5569 -0.6801 -0.4768
vn 0.7744 0.0257 -0.6322
vn -0.9477 -0.0149 0.3187
vn -0.8405 -0.0128 0.5417
vn -0.8582 -0.0131 0.5131
vn -0.7071 -0.0103 0.7071
vt 0.043451 0.043451
vt 0.000000 0.000000
vt 0.469859 0.004299
vt 0.091286 0.091286
vt 1.000000 0.058907
vt 1.000000 0.338993
vt 0.461055 0.089829
vt 0.338993 0.338993
vt 0.058907 0.058907
vt 0.435007 0.000000
vt 1.000000 0.000000
vt 1.000000 0.212803
vt 1.000000 0.510794
vt 0.870394 0.870394
vt 0.695234 0.404746
vt 0.411228 0.000000
vt 0.641917 0.000000
vt 0.774109 0.000000
vt 1.000000 0.070347
vt 1.000000 0.344215
vt 0.291030 0.144275
vt 0.344215 0.344215
vt 0.070347 0.070347
vt 0.049991 0.000000
vt 0.396016 0.000000
vt 0.433490 0.140875
vt 0.632148 0.087126
vt 1.000000 0.522873
vt 1.000000 1.000000
vt 0.213949 0.162363
vt 0.102175 0.000000
vt 0.522873 0.522873
vt 1.000000 0.123348
vt 0.723275 0.000000
vt 1.000000 0.263579
vt 1.000000 0.225892
vt 0.723275 0.723275
vt 0.396016 0.396016
vt 0.049991 0.049991
vt 1.000000 0.106284
vt 0.805576 0.054385
vt 0.432355 0.432355
vt 0.211085 0.000000
vt 0.848794 0.642257
vt 0.849612 0.528414
vt 0.869447 0.532648
vt 0.863821 0.614392
vt 0.861555 0.642487
vt 0.829657 0.528580
vt 0.848794 0.528406
vt 0.833609 0.642257
vt 0.831002 0.608688
vt 0.145856 0.808169
vt 0.156602 0.807264
vt 0.156602 0.821691
vt 0.137838 0.816200
vt 0.671821 0.762951
vt 0.685590 0.762951
vt 0.682923 0.772903
vt 0.668188 0.772903
vt 0.131608 0.823926
vt 0.133432 0.821691
vt 0.156387 0.833615
vt 0.133150 0.827302
vt 0.697839 0.771617
vt 0.696073 0.780495
vt 0.946025 0.734252
vt 0.947877 0.680842
vt 0.956165 0.674179
vt 0.963229 0.668514
vt 0.963578 0.801302
vt 0.945833 0.801928
vt 0.967953 0.666209
vt 0.975391 0.671879
vt 0.976209 0.681765
vt 0.977598 0.701217
vt 0.978528 0.766148
vt 0.974002 0.800230
s 0
f 1292/1986/846 1295/1987/846 1267/1988/846
f 1289/1989/847 1288/1987/847 1293/1990/847 1291/1991/847 1290/1992/847
f 1291/1993/848 1293/1994/848 1294/1995/848 1295/1996/848 1292/1997/848
f 1267/1998/849 1295/1999/849 1296/2000/849 1297/2001/849 1308/2002/849
f 1308/1987/850 1298/2003/850 1299/2004/850 1302/2005/850
f 1300/2006/851 1302/2007/851 1299/2008/851 1303/2009/851 1304/2010/851 1301/2011/851
f 1310/2012/852 1309/2013/852 1288/2014/852 1305/2015/852 1311/2016/852
f 1309/2017/853 1293/2018/853 1288/2014/853
f 1306/2019/854 1308/1996/854 1297/2020/854
f 1298/2021/855 1308/2014/855 1306/2022/855
f 1304/2023/856 1303/2024/856 1310/2025/856
f 1311/2026/857 1304/2027/857 1310/2028/857
s 1
f 1265/2029/858 1307/2030/859 1263/2031/860 1278/2032/860 1279/2033/861
f 1266/2034/862 1307/2035/859 1265/2029/858 1270/2036/863 1271/2037/862
f 1262/2038/864 1268/2039/865 1264/2040/866 1283/2041/867
f 1281/2042/868 1264/2043/866 1265/2044/858 1279/2045/861
f 1287/2046/869 1283/2047/867 1264/2040/866 1281/2048/868 1282/2049/869
f 1265/2044/858 1264/2043/866 1268/2050/865 1270/2051/863
f 1272/2052/870 1269/2053/870 1284/2054/870 1286/2055/871 1274/2056/872 1273/2057/870
f 1286/2058/871 1280/2059/873 1277/2060/873 1276/2061/873 1285/2062/873 1275/2063/873 1274/2056/872
g Bottle_cell.045_Bottle_cell.044
v 0.028354 0.563505 0.012872
v 0.025096 0.563352 0.018662
v 0.022735 0.556920 0.021035
v 0.030134 0.556851 0.008802
v 0.028365 0.555937 0.015406
v 0.030134 0.556851 0.008802
v 0.028365 0.555937 0.015406
v 0.028354 0.563505 0.012872
v 0.022735 0.556920 0.021035
v 0.025096 0.563352 0.018662
vn -0.8563 0.1037 -0.5059
vn -0.3829 -0.8956 -0.2266
vn 0.9150 0.1293 0.3823
vn 0.8295 0.0674 0.5544
vn 0.8646 0.0903 0.4942
vn 0.7071 0.0012 0.7071
vt 0.000000 0.000000
vt 1.000000 0.121460
vt 0.451707 0.309114
vt 0.299145 0.299145
vt 1.000000 0.000000
vt 0.991181 0.991181
vt 0.975342 0.521339
vt 0.135292 0.774501
vt 0.131209 0.771338
vt 0.131058 0.762956
vt 0.144807 0.762956
vt 0.168397 0.762956
vt 0.182012 0.770388
vt 0.169022 0.775459
s 0
f 1317/2064/874 1320/2065/874 1321/2066/874 1319/2067/874
f 1320/2068/875 1317/2069/875 1318/2070/875
s 1
f 1315/2071/876 1312/2072/876 1313/2073/877 1316/2074/878
f 1316/2075/878 1313/2076/877 1314/2077/879
g Bottle_cell.046_Bottle_cell.045
v -0.013935 0.489838 0.014403
v -0.016377 0.549867 0.027406
v -0.013602 0.548468 0.022602
v -0.016377 0.557107 0.027393
v -0.021162 0.556322 0.022609
v -0.007105 0.551867 0.016542
v -0.011800 0.551751 0.013797
v -0.007921 0.525985 0.024163
v -0.008359 0.548471 0.024007
v -0.006147 0.496750 0.017569
v -0.006333 0.490331 0.017609
v -0.012951 0.496702 0.013641
v -0.021243 0.549858 0.022540
v -0.017943 0.499519 0.018347
v -0.017333 0.548462 0.018871
v -0.009487 0.555573 0.029242
v -0.009446 0.549870 0.029263
v -0.007663 0.489691 0.024296
v -0.017898 0.489098 0.018410
v -0.013602 0.489152 0.022705
v -0.016377 0.557107 0.027393
v -0.021162 0.556322 0.022609
v -0.007105 0.551867 0.016542
v -0.006147 0.496750 0.017569
v -0.007921 0.525985 0.024163
v -0.008359 0.548471 0.024007
v -0.006333 0.490331 0.017609
v -0.013935 0.489838 0.014403
v -0.012951 0.496702 0.013641
v -0.021243 0.549858 0.022540
v -0.017333 0.548462 0.018871
v -0.011800 0.551751 0.013797
v -0.017943 0.499519 0.018347
v -0.007663 0.489691 0.024296
v -0.009487 0.555573 0.029242
v -0.009446 0.549870 0.029263
v -0.017898 0.489098 0.018410
v -0.013602 0.489152 0.022705
vn 0.2000 0.9383 -0.2822
vn 0.9820 0.0175 0.1882
vn -0.6810 0.0163 -0.7321
vn -0.7104 -0.0073 -0.7038
vn 0.9806 0.0077 0.1959
vn 0.1095 -0.9913 -0.0731
vn 0.0997 -0.9913 -0.0858
vn -0.5071 0.0015 0.8619
vn -0.3714 -0.6684 0.6445
vn -0.5579 -0.6135 0.5590
vn -0.7071 0.0012 0.7071
vn -0.2588 0.0017 0.9659
vn -0.2033 -0.6174 0.7599
vn -0.5081 0.0015 0.8613
vn -0.4107 -0.5690 0.7124
vn -0.2066 -0.6009 0.7721
vn -0.5606 -0.6084 0.5617
vn 0.4425 -0.0172 -0.8966
vn 0.4329 -0.0169 -0.9013
vn 0.5166 -0.0192 -0.8560
vn 0.6810 -0.0163 0.7321
vt 0.785952 0.246798
vt 1.000000 0.000000
vt 1.000000 0.584195
vt 0.846725 0.846725
vt 0.618882 0.618882
vt 0.584195 0.584195
vt 0.000000 0.000000
vt 0.104415 0.000000
vt 0.277773 0.179443
vt 0.459189 0.000000
vt 1.000000 0.111662
vt 0.896709 0.534831
vt 1.000000 0.618882
vt 1.000000 0.846725
vt 0.116656 0.116656
vt 0.122710 0.000000
vt 0.904843 0.636444
vt 0.122710 0.122710
vt 0.038081 0.000000
vt 1.000000 0.540811
vt 0.904101 0.000000
vt 1.000000 0.842402
vt 1.000000 1.000000
vt 0.904101 0.904101
vt 0.834623 0.709361
vt 0.872350 0.000000
vt 1.000000 0.505717
vt 0.728586 0.752734
vt 0.728586 0.642666
vt 0.737069 0.642819
vt 0.738456 0.733660
vt 0.738353 0.752997
vt 0.738042 0.600770
vt 0.737314 0.642508
vt 0.728586 0.642666
vt 0.730695 0.532739
vt 0.738472 0.533415
vt 0.169383 0.838489
vt 0.170531 0.848950
vt 0.157095 0.848950
vt 0.156887 0.837414
vt 0.130766 0.837886
vt 0.130566 0.848950
vt 0.117130 0.848950
vt 0.118769 0.838069
vt 0.682923 0.870470
vt 0.685589 0.880421
vt 0.672814 0.880421
vt 0.673128 0.870470
vt 0.691651 0.865431
vt 0.697125 0.873761
vt 0.946965 0.288700
vt 0.951390 0.289024
vt 0.952660 0.391237
vt 0.952314 0.403150
vt 0.946022 0.403824
vt 0.938048 0.403742
vt 0.937393 0.391317
vt 0.943017 0.288702
s 0
f 1342/2078/880 1356/2079/880 1344/2080/880 1353/2081/880 1343/2082/880
f 1344/2083/881 1356/2084/881 1357/2085/881 1347/2086/881 1346/2087/881 1348/2079/881 1345/2088/881
f 1351/2089/882 1343/2090/882 1353/2091/882 1350/2092/882 1349/2084/882 1354/2093/882 1352/2094/882
f 1354/2095/883 1349/2084/883 1358/2096/883
f 1346/2097/884 1355/2098/884 1348/2079/884
f 1359/2099/885 1348/2100/885 1355/2101/885
f 1348/2100/886 1359/2102/886 1358/2103/886 1349/2104/886
s 1
f 1341/2105/887 1324/2106/888 1336/2107/889 1335/2108/890 1340/2109/890
f 1329/2110/891 1330/2111/892 1324/2112/888 1341/2113/887 1339/2114/891
f 1337/2115/891 1325/2116/893 1323/2117/894 1338/2118/895
f 1334/2119/896 1323/2120/894 1325/2121/893 1326/2122/890
f 1324/2123/888 1323/2124/894 1334/2125/896 1336/2126/889
f 1323/2124/894 1324/2123/888 1330/2127/892 1338/2128/895
f 1328/2129/897 1327/2130/898 1331/2131/898 1332/2132/898 1322/2133/899
f 1322/2134/899 1333/2135/900 1328/2136/897
g Bottle_cell.047_Bottle_cell.046
v 0.027287 0.557154 0.007285
v 0.019519 0.557711 0.018510
v 0.015728 0.563645 0.009549
v 0.017739 0.563114 0.004608
v 0.025137 0.569990 0.006717
v 0.023559 0.571282 0.012605
v 0.028618 0.563763 0.007681
v 0.016963 0.557290 0.007785
v 0.011687 0.559942 0.013660
v 0.018033 0.568033 0.018136
v 0.025639 0.564154 0.012796
v 0.020864 0.563952 0.019449
v 0.025137 0.569990 0.006717
v 0.023559 0.571282 0.012605
v 0.028618 0.563763 0.007681
v 0.025639 0.564154 0.012796
v 0.011687 0.559942 0.013660
v 0.015728 0.563645 0.009549
v 0.017739 0.563114 0.004608
v 0.018033 0.568033 0.018136
v 0.016963 0.557290 0.007785
v 0.020864 0.563952 0.019449
vn -0.7412 0.6571 -0.1368
vn -0.6137 0.7397 -0.2760
vn 0.1761 -0.1545 -0.9722
vn -0.1463 -0.9865 0.0735
vn 0.8401 -0.1994 0.5044
vn -0.5192 -0.0438 0.8535
vn 0.7894 -0.2542 0.5588
vn -0.7328 0.0460 -0.6789
vn -0.8386 -0.0118 -0.5446
vn -0.8398 -0.0126 -0.5427
vn 0.8708 0.3886 0.3012
vn 0.7774 0.3062 0.5494
vn 0.7896 0.3817 0.4805
vn 0.6553 0.4294 0.6214
vn 0.6417 0.5991 0.4788
vn -0.9263 -0.0777 -0.3687
vt 1.000000 0.629957
vt 0.290716 0.000000
vt 1.000000 0.267984
vt 0.629957 0.629957
vt 0.267984 0.267984
vt 0.574719 0.208568
vt 1.000000 0.297109
vt 1.000000 0.674459
vt 0.637859 0.000000
vt 1.000000 0.000000
vt 1.000000 0.594606
vt 0.674459 0.674459
vt 0.297109 0.297109
vt 0.000000 0.000000
vt 1.000000 0.616834
vt 0.576899 0.576899
vt 0.400119 0.400119
vt 0.362141 0.000000
vt 0.533490 0.533490
vt 1.000000 0.368468
vt 0.368468 0.368468
vt 0.937127 0.402265
vt 0.990375 0.269402
vt 0.997794 0.266599
vt 0.997902 0.278945
vt 0.881579 0.546868
vt 0.884134 0.556672
vt 0.871844 0.556672
vt 0.871666 0.546829
vt 0.438921 0.808616
vt 0.438921 0.822890
vt 0.433491 0.821122
vt 0.928614 0.660448
vt 0.935284 0.661931
vt 0.928504 0.672794
vt 0.089277 0.775318
vt 0.089501 0.762956
vt 0.101792 0.762956
s 0
f 1377/2137/901 1376/2138/901 1379/2139/901
f 1377/2140/902 1379/2141/902 1373/2142/902 1372/2143/902 1378/2144/902
f 1374/2145/903 1360/2146/903 1380/2147/903 1378/2148/903 1372/2149/903
f 1360/2150/904 1361/2146/904 1376/2151/904 1380/2152/904
f 1375/2153/905 1360/2150/905 1374/2154/905
f 1379/2155/906 1376/2150/906 1361/2146/906 1381/2156/906
f 1381/2157/907 1361/2150/907 1360/2146/907 1375/2158/907
s 1
f 1368/2159/908 1362/2160/909 1367/2161/910
f 1364/2162/911 1365/2163/912 1370/2164/913 1366/2165/911
f 1370/2166/913 1369/2167/914 1371/2168/915
f 1362/2169/909 1363/2170/916 1367/2171/910
f 1369/2172/914 1370/2173/913 1365/2174/912
g Bottle_cell.048_Bottle_cell.047
v -0.013759 0.358227 -0.003698
v -0.001455 0.359081 0.000442
v -0.056625 0.397260 -0.000693
v -0.057791 0.375245 0.032523
v -0.059790 0.373352 0.027392
v -0.066579 0.375496 -0.000655
v -0.062699 0.374185 -0.016716
v -0.056659 0.389125 -0.015061
v -0.054536 0.397247 -0.008489
v -0.052777 0.401818 -0.000701
v -0.047235 0.405131 0.009598
v -0.047551 0.403091 0.014878
v -0.050394 0.397301 0.022560
v -0.051738 0.390809 0.029189
v -0.057791 0.375245 0.032523
v -0.059790 0.373352 0.027392
v -0.066579 0.375496 -0.000655
v -0.062699 0.374185 -0.016716
v -0.054536 0.397247 -0.008489
v -0.052777 0.401818 -0.000701
v -0.047235 0.405131 0.009598
v -0.047551 0.403091 0.014878
v -0.050394 0.397301 0.022560
v -0.051738 0.390809 0.029189
v -0.056659 0.389125 -0.015061
vn -0.0584 -0.9290 0.3654
vn -0.3106 -0.9505 0.0025
vn 0.2579 0.0027 -0.9662
vn 0.3124 0.0857 -0.9461
vn 0.5916 0.6441 -0.4850
vn 0.6434 0.4777 0.5982
vn -0.9201 0.3047 0.2460
vn -0.8923 0.3843 0.2370
vn -0.9118 0.4106 -0.0002
vn -0.8861 0.3993 -0.2354
vn -0.8518 0.5239 -0.0007
vn -0.8584 0.4592 -0.2287
vn -0.8845 0.4032 0.2346
vn -0.8538 0.4686 0.2267
vn -0.7624 0.6437 0.0672
vn -0.7486 0.6323 0.1995
vn 0.4936 -0.0057 0.8697
vt 0.479342 0.000000
vt 1.000000 0.562541
vt 1.000000 1.000000
vt 0.000000 0.000000
vt 0.562541 0.562541
vt 0.827448 0.500710
vt 1.000000 0.538690
vt 0.670234 0.551287
vt 1.000000 0.594077
vt 0.546574 0.000000
vt 1.000000 0.000000
vt 0.776607 0.201793
vt 0.968487 0.000000
vt 0.546574 0.546574
vt 0.641221 0.393717
vt 0.608930 0.608930
vt 0.782633 0.584982
vt 1.000000 0.575018
vt 0.433807 0.071825
vt 0.423887 0.061681
vt 0.487358 0.067716
vt 0.508382 0.041607
vt 0.512934 0.061210
vt 0.486846 0.061681
vt 0.482575 0.026772
vt 0.495550 0.026538
vt 0.426660 0.039014
vt 0.437882 0.026772
vt 0.480726 0.018098
vt 0.459583 0.011829
vt 0.480726 0.018098
vt 0.456425 0.010993
vt 1.000000 0.520658
vt 0.575018 0.575018
s 0
f 1396/2175/917 1397/2176/917 1382/2177/917 1383/2178/917
f 1382/2177/918 1397/2179/918 1398/2180/918 1399/2181/918
f 1382/2177/919 1399/2182/919 1406/2183/919
f 1406/2184/920 1383/2185/920 1382/2177/920
f 1401/2186/921 1402/2187/921 1403/2185/921 1383/2177/921 1406/2188/921 1400/2189/921
f 1383/2177/922 1403/2190/922 1404/2191/922 1405/2192/922
s 1
f 1386/2193/923 1385/2194/924 1387/2195/925
f 1389/2196/926 1388/2197/926 1387/2198/925 1384/2199/927 1390/2200/928
f 1385/2194/924 1395/2201/929 1394/2202/930 1384/2199/927 1387/2198/925
f 1390/2200/928 1384/2199/927 1391/2203/931
f 1392/2204/932 1391/2205/931 1384/2199/927 1394/2202/930 1393/2206/932
s 0
f 1396/2207/933 1383/2177/933 1405/2208/933
g Bottle_cell.049_Bottle_cell.048
v -0.000163 0.359754 0.002726
v 0.003694 0.367561 0.002756
v 0.028312 0.397346 0.048345
v 0.040752 0.380964 0.046659
v 0.046939 0.397313 0.029718
v 0.042892 0.404820 0.025087
v 0.021368 0.413608 0.034429
v 0.029352 0.411030 0.031467
v 0.015748 0.380695 0.059732
v 0.031996 0.381987 0.054752
v 0.005511 0.388007 0.058956
v 0.010853 0.397354 0.053023
v 0.019410 0.411044 0.039130
v 0.040752 0.380964 0.046659
v 0.046939 0.397313 0.029718
v 0.021368 0.413608 0.034429
v 0.029352 0.411030 0.031467
v 0.042892 0.404820 0.025087
v 0.031996 0.381987 0.054752
v 0.015748 0.380695 0.059732
v 0.005511 0.388007 0.058956
v 0.010853 0.397354 0.053023
v 0.019410 0.411044 0.039130
vn 0.6983 -0.6253 -0.3484
vn 0.6495 -0.3182 -0.6906
vn 0.5994 -0.1606 -0.7842
vn -0.1059 0.5908 -0.7998
vn 0.1663 -0.9397 0.2988
vn -0.5486 -0.7236 0.4189
vn -0.8937 0.4306 -0.1262
vn -0.8891 0.4365 -0.1376
vn 0.4357 0.7015 0.5640
vn 0.4120 0.6641 0.6239
vn 0.5096 0.6548 0.5581
vn 0.2349 0.4217 0.8758
vn 0.4515 0.4336 0.7798
vn 0.4249 0.5380 0.7280
vn 0.2256 0.4913 0.8412
vn 0.6417 0.4213 0.6409
vn 0.5666 0.5748 0.5904
vn 0.5207 0.6472 0.5568
vt 1.000000 0.000000
vt 0.986309 0.380768
vt 0.622253 0.000000
vt 0.394058 0.394058
vt 0.000000 0.000000
vt 0.338282 0.000000
vt 0.366631 0.366631
vt 0.388663 0.121927
vt 0.338282 0.338282
vt 0.408867 0.000000
vt 1.000000 0.377746
vt 0.785680 0.232531
vt 0.510952 0.000000
vt 1.000000 1.000000
vt 0.510952 0.510952
vt 1.000000 0.518373
vt 1.000000 0.561657
vt 0.518373 0.518373
vt 0.669601 0.518323
vt 0.575732 0.273975
vt 0.591133 0.000000
vt 0.883566 0.311508
vt 0.890153 0.307954
vt 0.890153 0.325882
vt 0.090294 0.704796
vt 0.121822 0.707246
vt 0.118282 0.736180
vt 0.084725 0.736180
vt 0.072304 0.718565
vt 0.106735 0.762278
vt 0.141413 0.705696
vt 0.160635 0.736946
vt 0.128246 0.762559
vt 0.112720 0.762278
vt 0.160526 0.742321
vt 0.155596 0.751211
s 0
f 1407/2209/934 1421/2210/934 1420/2211/934
f 1408/2209/935 1421/2212/935 1407/2213/935
f 1424/2214/936 1421/2215/936 1408/2213/936
f 1423/2216/937 1424/2217/937 1408/2213/937 1422/2218/937
f 1407/2209/938 1420/2219/938 1425/2220/938 1426/2221/938
f 1407/2222/939 1426/2223/939 1427/2224/939
f 1429/2225/940 1407/2222/940 1427/2226/940 1428/2227/940
f 1429/2228/941 1422/2229/941 1408/2209/941 1407/2222/941
s 1
f 1413/2230/942 1419/2231/943 1414/2232/944
f 1415/2233/945 1416/2234/946 1409/2235/947 1418/2236/948 1417/2237/945
f 1418/2236/948 1409/2235/947 1419/2238/943
f 1409/2235/947 1416/2234/946 1410/2239/949 1411/2240/950
f 1414/2241/944 1419/2242/943 1409/2235/947 1411/2243/950 1412/2244/951
g Bottle_cell.050_Bottle_cell.049
v -0.015980 0.357754 -0.005402
v -0.012531 0.357204 -0.011724
v -0.043754 0.200274 0.023699
v -0.001071 0.352405 -0.000623
v -0.001062 0.204701 -0.001186
v -0.060058 0.362495 -0.035307
v -0.067965 0.259454 0.004742
v -0.063985 0.196517 0.019724
v -0.069362 0.193364 -0.000335
v -0.061220 0.191248 -0.030716
v -0.018346 0.195566 -0.064785
v -0.018370 0.212096 -0.064806
v -0.063704 0.367938 -0.018911
v -0.069355 0.281029 -0.000489
v -0.064717 0.362525 -0.017920
v -0.047347 0.191740 -0.047735
v -0.034681 0.192953 -0.060404
v -0.047744 0.362473 -0.047621
v -0.034678 0.279292 -0.060550
v -0.051328 0.369390 -0.042743
v -0.059168 0.369922 -0.034806
v -0.063985 0.196517 0.019724
v -0.069362 0.193364 -0.000335
v -0.061220 0.191248 -0.030716
v -0.018346 0.195566 -0.064785
v -0.018370 0.212096 -0.064806
v -0.069355 0.281029 -0.000489
v -0.064717 0.362525 -0.017920
v -0.067965 0.259454 0.004742
v -0.063704 0.367938 -0.018911
v -0.047744 0.362473 -0.047621
v -0.034678 0.279292 -0.060550
v -0.051328 0.369390 -0.042743
v -0.059168 0.369922 -0.034806
v -0.047347 0.191740 -0.047735
v -0.034681 0.192953 -0.060404
vn 0.5038 -0.0033 0.8638
vn -0.2222 0.2138 0.9513
vn 0.1636 -0.9804 0.1101
vn 0.1651 -0.9803 0.1088
vn 0.1825 -0.9790 0.0907
vn 0.9650 0.0011 -0.2624
vn 0.7242 0.2110 -0.6565
vn 0.3114 0.9462 0.0876
vn -0.2157 0.2434 0.9456
vn -0.2239 0.2160 0.9504
vn 0.7106 0.2395 -0.6615
vn 0.2577 0.9646 0.0566
vn 0.1728 0.9736 0.1491
vn -0.2588 -0.0016 -0.9659
vn -0.5321 -0.0034 -0.8467
vn -0.7013 -0.0045 -0.7128
vn -0.8673 0.0661 -0.4933
vn -0.8746 -0.0026 -0.4849
vn -0.9998 -0.0000 -0.0188
vn -0.9753 -0.0003 -0.2211
vn -0.9643 0.0568 -0.2585
vn -0.9659 0.0005 0.2588
vn -0.9574 0.1321 -0.2568
vn -0.8545 0.1363 -0.5012
vn -0.7009 0.1313 -0.7011
vn -0.7223 0.0396 -0.6904
vn -0.7303 -0.0046 -0.6831
vt 0.000000 0.000000
vt 1.000000 0.000000
vt 1.000000 1.000000
vt 1.000000 0.733510
vt 0.564163 0.000000
vt 0.664815 0.664815
vt 0.583376 0.310869
vt 0.731113 0.000000
vt 0.561469 0.000000
vt 1.000000 0.113172
vt 0.113172 0.113172
vt 0.111995 0.000000
vt 0.136934 0.000000
vt 1.000000 0.472330
vt 0.879064 0.424242
vt 1.000000 0.435837
vt 0.472329 0.472329
vt 0.492938 0.463766
vt 0.666715 0.000000
vt 1.000000 0.863066
vt 0.831408 0.514391
vt 0.673346 0.037060
vt 0.658284 0.000000
vt 0.658284 0.658284
vt 0.786514 0.583176
vt 1.000000 0.541784
vt 0.639446 0.359204
vt 0.670841 0.354306
vt 0.670838 0.515661
vt 0.639493 0.390096
vt 0.546405 0.090843
vt 0.539270 0.411017
vt 0.488695 0.408074
vt 0.488692 0.244243
vt 0.517463 0.091365
vt 0.450076 0.401514
vt 0.478711 0.284580
vt 0.488692 0.244243
vt 0.488695 0.408074
vt 0.518981 0.079650
vt 0.545055 0.077021
vt 0.702057 0.683303
vt 0.700552 0.671604
vt 0.728551 0.672108
vt 0.727201 0.685931
vt 0.670841 0.354306
vt 0.699642 0.352517
vt 0.728568 0.351800
vt 0.670838 0.515661
s 0
f 1434/2245/952 1433/2246/952 1432/2247/952
f 1451/2248/953 1432/2247/953 1433/2245/953 1458/2249/953
f 1464/2246/954 1432/2247/954 1451/2250/954 1452/2251/954 1453/2252/954
f 1464/2245/955 1434/2246/955 1432/2247/955
f 1434/2247/956 1464/2245/956 1446/2253/956 1454/2254/956
f 1433/2246/957 1434/2247/957 1454/2255/957 1455/2256/957
f 1431/2246/958 1433/2247/958 1455/2257/958
f 1431/2245/959 1430/2246/959 1433/2247/959
f 1433/2247/960 1430/2245/960 1459/2258/960
f 1456/2259/961 1458/2260/961 1433/2247/961 1459/2261/961 1457/2262/961
f 1462/2263/962 1431/2246/962 1455/2264/962 1461/2265/962 1460/2266/962
f 1430/2246/963 1431/2247/963 1462/2267/963
f 1430/2247/964 1462/2268/964 1463/2269/964 1459/2270/964
s 1
f 1440/2271/965 1465/2272/966 1448/2273/967 1441/2274/965
f 1435/2275/968 1439/2276/969 1438/2277/970 1443/2278/971 1444/2279/972
f 1437/2280/973 1436/2281/973 1443/2282/971 1438/2283/970
f 1435/2275/968 1444/2279/972 1442/2284/974 1450/2285/975
f 1449/2286/976 1447/2287/977 1435/2288/968 1450/2289/975
f 1465/2290/966 1445/2291/978 1439/2292/969 1435/2288/968 1447/2287/977 1448/2293/967
g Bottle_cell.051_Bottle_cell.050
v 0.004326 0.394395 0.013838
v -0.005454 0.404246 0.020621
v -0.006600 0.406464 -0.004004
v -0.016105 0.386521 0.004987
v -0.003730 0.373630 -0.001981
v -0.000903 0.362799 -0.000237
v 0.002526 0.369302 0.003108
v -0.012853 0.380581 0.002986
v -0.010460 0.427791 0.017378
v -0.007052 0.426190 0.011478
v 0.007092 0.426181 0.006082
v -0.005185 0.426165 -0.002992
v -0.001373 0.426193 0.012999
v -0.013602 0.426806 0.022814
v -0.014966 0.421746 0.024909
v -0.010379 0.442172 0.017198
v -0.018660 0.474074 0.017673
v -0.013988 0.479001 0.012924
v -0.024734 0.420005 0.018519
v -0.020954 0.432816 0.015452
v -0.012544 0.426179 0.005084
v -0.017227 0.427780 0.010611
v -0.021410 0.423497 0.015012
v 0.007092 0.426181 0.006082
v -0.001373 0.426193 0.012999
v -0.010379 0.442172 0.017198
v -0.013988 0.479001 0.012924
v -0.013602 0.426806 0.022814
v -0.018660 0.474074 0.017673
v -0.014966 0.421746 0.024909
v -0.024734 0.420005 0.018519
v -0.020954 0.432816 0.015452
v -0.017227 0.427780 0.010611
v -0.021410 0.423497 0.015012
v -0.010460 0.427791 0.017378
v -0.007052 0.426190 0.011478
v -0.005185 0.426165 -0.002992
v -0.012544 0.426179 0.005084
vn 0.6484 0.1268 0.7507
vn 0.9964 -0.0812 0.0226
vn 0.7187 -0.0214 -0.6950
vn 0.5868 0.0067 -0.8097
vn 0.5944 -0.0014 -0.8042
vn 0.3453 0.2500 0.9046
vn -0.4387 -0.4316 0.7882
vn -0.4214 -0.4442 0.7907
vn -0.0156 -0.4508 0.8925
vn 0.2186 -0.3969 0.8915
vn -0.6581 -0.5378 0.5269
vn -0.6145 -0.2792 -0.7379
vn 0.4969 -0.0100 -0.8678
vn -0.7466 0.0794 -0.6605
vn -0.5326 -0.0984 -0.8406
vn -0.6084 -0.0666 -0.7909
vn -0.7569 0.0677 -0.6500
vn -0.4150 0.8104 0.4136
vn -0.6844 0.2888 0.6694
vn -0.6469 0.4230 0.6345
vn -0.7157 0.0456 0.6969
vn 0.7071 -0.0128 -0.7070
vn 0.5886 0.5601 -0.5830
vn 0.5418 0.6480 -0.5353
vn 0.0758 0.9945 -0.0724
vn 0.0712 0.9951 -0.0680
vn -0.0000 1.0000 -0.0017
vn 0.7242 0.1693 0.6684
vt 0.911397 0.911397
vt 0.000000 0.000000
vt 1.000000 0.000000
vt 0.937087 0.937087
vt 0.963820 0.963820
vt 0.967409 0.967409
vt 0.902220 0.902220
vt 0.239431 0.000000
vt 0.732182 0.000000
vt 1.000000 0.911397
vt 0.805542 0.229167
vt 1.000000 1.000000
vt 0.671306 0.671306
vt 0.528173 0.000000
vt 0.483523 0.483523
vt 0.535756 0.000000
vt 0.694871 0.000000
vt 0.616439 0.595153
vt 0.780278 0.676550
vt 1.000000 0.759681
vt 1.000000 0.483523
vt 0.471827 0.000000
vt 0.728400 0.288416
vt 0.802175 0.271858
vt 0.822442 0.280817
vt 0.801943 0.280817
vt 0.728586 0.874540
vt 0.728586 0.868424
vt 0.740088 0.780904
vt 0.745303 0.857550
vt 0.746339 0.874860
vt 0.944838 0.492606
vt 0.945077 0.519285
vt 0.929691 0.519007
vt 0.935554 0.424114
vt 0.235989 0.775179
vt 0.222437 0.775179
vt 0.249046 0.816697
vt 0.236318 0.825568
vt 0.253706 0.808625
vt 0.266726 0.810520
vt 0.254503 0.807245
vt 0.260098 0.792193
vt 0.266726 0.792754
vt 0.305129 0.000000
vt 0.464244 0.000000
vt 0.910928 0.628055
vt 1.000000 0.671306
vt 0.727888 0.727888
vt 0.777160 0.687319
vt 0.660353 0.485159
s 0
f 1489/2294/979 1467/2295/979 1466/2296/979
f 1489/2297/980 1466/2295/980 1472/2296/980
f 1472/2295/981 1471/2296/981 1489/2298/981
f 1468/2296/982 1489/2299/982 1471/2295/982
f 1489/2300/983 1468/2295/983 1502/2301/983
f 1501/2302/984 1467/2296/984 1489/2303/984 1490/2304/984
f 1469/2296/985 1467/2305/985 1495/2306/985 1496/2307/985
f 1469/2295/986 1471/2296/986 1467/2305/986
f 1471/2295/987 1472/2296/987 1467/2305/987
f 1472/2295/988 1466/2296/988 1467/2305/988
f 1469/2295/989 1473/2296/989 1471/2305/989
f 1473/2295/990 1470/2296/990 1471/2305/990
f 1470/2295/991 1468/2296/991 1471/2305/991
f 1468/2305/992 1497/2308/992 1494/2309/992 1483/2310/992 1498/2311/992 1503/2312/992 1502/2313/992
f 1470/2295/993 1473/2296/993 1468/2305/993
f 1473/2295/994 1469/2296/994 1468/2305/994
f 1497/2314/995 1468/2305/995 1469/2295/995 1496/2315/995 1499/2316/995
s 1
f 1484/2317/996 1480/2318/997 1488/2319/998
f 1480/2320/997 1493/2321/999 1482/2322/999 1485/2323/999 1488/2324/998
f 1491/2325/1000 1500/2326/1001 1487/2327/1002 1492/2328/1000
f 1486/2329/1003 1475/2330/1004 1478/2331/1005 1476/2332/1005 1477/2333/1005
f 1500/2334/1001 1475/2335/1004 1486/2336/1003 1487/2337/1002
s 0
f 1483/2338/1006 1494/2339/1006 1479/2340/1006 1495/2341/1006 1467/2305/1006 1501/2342/1006 1474/2343/1006 1481/2344/1006
g Bottle_cell.052_Bottle_cell.051
v -0.002062 0.353120 -0.005887
v -0.024311 0.362769 -0.026519
v -0.034675 0.362450 -0.060690
v -0.034131 0.370306 -0.059763
v -0.046463 0.367985 -0.047870
v -0.046117 0.362470 -0.049249
v -0.034677 0.288965 -0.060566
v -0.018201 0.220873 -0.064866
v -0.017842 0.371970 -0.063577
v -0.018256 0.362443 -0.065090
v -0.027611 0.372869 -0.060666
v -0.034677 0.288965 -0.060566
v -0.018201 0.220873 -0.064866
v -0.046117 0.362470 -0.049249
v -0.018256 0.362443 -0.065090
v -0.017842 0.371970 -0.063577
v -0.027611 0.372869 -0.060666
v -0.046463 0.367985 -0.047870
v -0.034131 0.370306 -0.059763
vn -0.7037 -0.1287 0.6987
vn -0.7079 -0.2138 0.6731
vn 0.9646 -0.0000 -0.2639
vn 0.1663 0.9498 0.2649
vn -0.0846 0.9661 0.2440
vn -0.2926 -0.0016 -0.9562
vn -0.4971 0.0710 -0.8648
vn -0.2541 0.0734 -0.9644
vn -0.2588 -0.0016 -0.9659
vn -0.7051 0.0744 -0.7052
vn -0.2481 0.1665 -0.9543
vn -0.4556 0.1592 -0.8758
vn -0.2465 0.3027 -0.9206
vn -0.7009 0.1313 -0.7011
vt 0.000000 0.000000
vt 1.000000 0.621529
vt 1.000000 1.000000
vt 1.000000 0.168672
vt 0.623199 0.623199
vt 0.626615 0.613267
vt 0.795228 0.352384
vt 1.000000 0.496146
vt 0.168672 0.168672
vt 0.945015 0.462022
vt 0.636221 0.000000
vt 1.000000 0.000000
vt 0.496146 0.496146
vt 0.727844 0.654892
vt 1.000000 0.774629
vt 0.636221 0.636221
vt 0.670838 0.533737
vt 0.670835 0.671068
vt 0.639279 0.671068
vt 0.639168 0.406499
vt 0.696851 0.671537
vt 0.639274 0.685703
vt 0.669820 0.691512
vt 0.658188 0.690510
vt 0.670313 0.685703
vt 0.696851 0.671537
vt 0.697924 0.686200
s 0
f 1505/2345/1007 1521/2346/1007 1504/2347/1007
f 1516/2348/1008 1504/2347/1008 1521/2349/1008 1517/2350/1008 1515/2351/1008
f 1519/2352/1009 1504/2347/1009 1516/2353/1009 1518/2354/1009
f 1520/2355/1010 1505/2356/1010 1504/2347/1010 1519/2357/1010
f 1507/2358/1011 1521/2359/1011 1505/2347/1011 1520/2360/1011
s 1
f 1510/2361/1012 1506/2362/1013 1513/2363/1014 1511/2364/1015
f 1509/2365/1016 1506/2362/1013 1510/2361/1012
f 1512/2366/1017 1522/2367/1018 1514/2368/1019
f 1522/2369/1018 1506/2362/1013 1509/2370/1016 1508/2371/1020
f 1506/2362/1013 1522/2369/1018 1512/2366/1017 1513/2363/1014
g Bottle_cell.053_Bottle_cell.052
v -0.008511 0.406449 -0.005071
v -0.012009 0.398106 -0.023872
v -0.005997 0.388239 -0.017299
v -0.017164 0.386843 0.003287
v -0.005607 0.376318 -0.004157
v -0.005407 0.383844 -0.013457
v -0.023559 0.423446 -0.014341
v -0.035520 0.416268 -0.008004
v -0.037755 0.415828 -0.002063
v -0.030745 0.417629 -0.018479
v -0.027229 0.416818 -0.023559
v -0.020590 0.415397 -0.032933
v -0.018306 0.423492 -0.019595
v -0.023654 0.444503 -0.014025
v -0.025611 0.423452 -0.006720
v -0.018509 0.427744 -0.009734
v -0.033207 0.418685 -0.003802
v -0.035520 0.416268 -0.008004
v -0.037755 0.415828 -0.002063
v -0.030745 0.417629 -0.018479
v -0.027229 0.416818 -0.023559
v -0.020590 0.415397 -0.032933
v -0.025611 0.423452 -0.006720
v -0.033207 0.418685 -0.003802
v -0.018306 0.423492 -0.019595
v -0.023654 0.444503 -0.014025
vn -0.5499 -0.6434 -0.5325
vn -0.3053 -0.6497 -0.6962
vn 0.9908 0.1351 0.0026
vn 0.9900 0.0985 0.1009
vn 0.5910 0.0813 0.8026
vn -0.7425 -0.5870 -0.3227
vn -0.7140 -0.5736 -0.4015
vn -0.7090 -0.5697 -0.4157
vn 0.7808 0.0617 -0.6217
vn 0.8974 0.2918 -0.3308
vn 0.9255 0.3211 -0.2007
vn 0.2115 0.3028 0.9293
vn 0.1743 0.2969 0.9389
vn 0.1731 0.2964 0.9393
vn -0.7942 0.5686 -0.2143
vn -0.7505 0.4972 -0.4354
vn -0.4977 0.8178 -0.2888
vn -0.5669 0.8094 -0.1533
vn -0.4179 0.8075 -0.4163
vn -0.5827 0.5678 -0.5815
vn -0.8700 0.0035 -0.4931
vt 0.000000 0.000000
vt 1.000000 0.000000
vt 1.000000 1.000000
vt 0.302498 0.000000
vt 1.000000 0.624334
vt 0.623143 0.623143
vt 0.706479 0.252296
vt 0.780484 0.000000
vt 0.780484 0.780484
vt 1.000000 0.797454
vt 0.708515 0.000000
vt 1.000000 0.636682
vt 0.708515 0.708515
vt 0.734587 0.000000
vt 0.636682 0.636682
vt 0.517209 0.000000
vt 0.691368 0.691368
vt 0.517209 0.517209
vt 0.628061 0.000000
vt 0.628061 0.628061
vt 1.000000 0.673841
vt 0.673841 0.673841
vt 1.000000 0.697502
vt 0.767907 0.303851
vt 0.760587 0.316529
vt 0.745709 0.312542
vt 0.753187 0.292525
vt 0.758053 0.281793
vt 0.761746 0.290041
vt 0.740059 0.344852
vt 0.743654 0.323827
vt 0.760587 0.330358
vt 0.859458 0.642858
vt 0.871434 0.643074
vt 0.871434 0.681052
vt 0.800010 0.836562
vt 0.800010 0.874540
vt 0.787333 0.874768
s 0
f 1527/2372/1021 1524/2373/1021 1528/2374/1021
f 1524/2372/1022 1525/2373/1022 1528/2374/1022
f 1525/2372/1023 1523/2373/1023 1528/2374/1023
f 1523/2372/1024 1527/2373/1024 1528/2374/1024
f 1523/2372/1025 1526/2373/1025 1527/2374/1025
f 1526/2372/1026 1541/2375/1026 1540/2376/1026 1527/2374/1026
f 1524/2373/1027 1527/2374/1027 1540/2377/1027 1542/2378/1027 1543/2379/1027
f 1524/2374/1028 1543/2380/1028 1544/2381/1028
f 1525/2373/1029 1524/2374/1029 1544/2382/1029
f 1547/2383/1030 1525/2374/1030 1544/2384/1030
f 1538/2385/1031 1523/2373/1031 1525/2374/1031 1547/2386/1031 1548/2387/1031
f 1538/2388/1032 1548/2389/1032 1545/2390/1032 1526/2373/1032 1523/2374/1032
f 1545/2391/1033 1546/2392/1033 1526/2374/1033
f 1546/2393/1034 1541/2394/1034 1526/2374/1034
s 1
f 1537/2395/1035 1529/2396/1036 1532/2397/1037 1530/2398/1038 1531/2399/1038 1539/2400/1038
f 1534/2401/1039 1533/2402/1039 1532/2397/1037 1529/2396/1036 1535/2403/1040
f 1535/2404/1040 1529/2405/1036 1536/2406/1041
f 1536/2407/1041 1529/2408/1036 1537/2409/1035
g Bottle_cell.054_Bottle_cell.053
v 0.029674 0.557557 0.005981
v 0.029786 0.557842 -0.008691
v 0.032753 0.563317 -0.000983
v 0.030793 0.562935 0.006331
v 0.030851 0.563305 -0.008081
v 0.032753 0.557630 -0.000973
v 0.029674 0.557557 0.005981
v 0.030793 0.562935 0.006331
v 0.032753 0.563317 -0.000983
v 0.030851 0.563305 -0.008081
v 0.029786 0.557842 -0.008691
v 0.032753 0.557630 -0.000973
vn -0.9375 0.3480 0.0029
vn -0.0207 -0.9996 -0.0195
vn 0.9471 -0.0737 -0.3123
vn 0.9956 -0.0941 0.0027
vn 0.9954 -0.0946 0.0125
vn 0.9388 -0.1051 0.3282
vt 1.000000 0.402984
vt 1.000000 1.000000
vt 0.735344 0.722319
vt 0.816742 0.527485
vt 0.938512 0.371768
vt 0.009017 0.000000
vt 0.702584 0.666554
vt 0.133553 0.805478
vt 0.131551 0.803857
vt 0.131551 0.790215
vt 0.142105 0.790215
vt 0.142105 0.790215
vt 0.132065 0.778041
vt 0.142100 0.780870
s 0
f 1559/2410/1042 1555/2411/1042 1556/2412/1042 1557/2413/1042 1558/2414/1042
f 1555/2411/1043 1559/2415/1043 1554/2416/1043
s 1
f 1550/2417/1044 1553/2418/1044 1551/2419/1045 1560/2420/1046
f 1560/2421/1046 1551/2419/1045 1552/2422/1047 1549/2423/1047
g Bottle_cell.055_Bottle_cell.054
v 0.013824 0.572902 0.011279
v 0.018688 0.573310 0.016152
v 0.013921 0.565732 0.011316
v 0.017311 0.565809 0.006074
v 0.024339 0.573283 0.009689
v 0.019097 0.573098 -0.001155
v 0.018688 0.573310 0.016152
v 0.013824 0.572902 0.011279
v 0.013921 0.565732 0.011316
v 0.017311 0.565809 0.006074
v 0.024339 0.573283 0.009689
v 0.019097 0.573098 -0.001155
vn 0.5714 -0.6938 0.4384
vn 0.7604 -0.5417 -0.3583
vn -0.6537 0.6914 -0.3076
vn -0.6140 0.7291 -0.3024
vn -0.0384 0.9992 -0.0145
vn -0.0425 0.9982 -0.0414
vn -0.8911 -0.1164 -0.4386
vn -0.7075 -0.0060 0.7067
vt 0.822553 0.247774
vt 1.000000 0.393756
vt 0.630834 0.369543
vt 0.285854 0.000000
vt 1.000000 0.393112
vt 0.766828 0.766828
vt 0.529432 0.529432
vt 0.324784 0.777470
vt 0.306354 0.777470
vt 0.315352 0.763293
vt 0.299667 0.780255
vt 0.296091 0.766620
vt 0.302859 0.764514
vt 0.928656 0.655722
vt 0.928770 0.642954
vt 0.944729 0.643340
vt 0.932852 0.656980
vt 1.000000 0.240722
vt 1.000000 0.455524
vt 0.385191 0.000000
s 0
f 1569/2424/1048 1570/2425/1048 1571/2426/1048 1562/2427/1048
f 1572/2428/1049 1571/2429/1049 1570/2430/1049
s 1
f 1566/2431/1050 1568/2432/1051 1565/2433/1052
f 1568/2434/1051 1567/2435/1053 1565/2436/1052
f 1563/2437/1054 1568/2438/1051 1566/2439/1050 1564/2440/1054
s 0
f 1562/2441/1055 1561/2442/1055 1569/2443/1055
g Bottle_cell.056_Bottle_cell.055
v -0.000001 0.549760 -0.033713
v -0.000001 0.548380 -0.028161
v -0.008982 0.555883 -0.018005
v -0.015733 0.555602 -0.029508
v -0.003996 0.557961 -0.019320
v -0.007598 0.554251 -0.031685
v 0.007155 0.556237 -0.018464
v 0.006634 0.551575 -0.031938
v -0.009075 0.525622 -0.018274
v -0.009023 0.489484 -0.018640
v -0.012502 0.489365 -0.024708
v -0.012882 0.542427 -0.024699
v -0.015694 0.549767 -0.029508
v -0.012898 0.548386 -0.024705
v 0.008540 0.541394 -0.018240
v 0.009032 0.508054 -0.018440
v 0.007334 0.548383 -0.026196
v -0.006844 0.488634 -0.026223
v 0.000545 0.488881 -0.020904
v -0.000001 0.488502 -0.028056
v 0.008748 0.489613 -0.018699
v 0.012814 0.489551 -0.024625
v -0.009075 0.525622 -0.018274
v -0.009023 0.489484 -0.018640
v -0.012502 0.489365 -0.024708
v -0.012882 0.542427 -0.024699
v -0.008982 0.555883 -0.018005
v -0.012898 0.548386 -0.024705
v 0.008540 0.541394 -0.018240
v 0.009032 0.508054 -0.018440
v 0.007155 0.556237 -0.018464
v -0.006844 0.488634 -0.026223
v -0.000001 0.488502 -0.028056
v 0.000545 0.488881 -0.020904
v 0.008748 0.489613 -0.018699
v -0.003996 0.557961 -0.019320
v 0.006634 0.551575 -0.031938
v -0.000001 0.549760 -0.033713
v -0.007598 0.554251 -0.031685
v -0.015733 0.555602 -0.029508
v -0.015694 0.549767 -0.029508
v 0.007334 0.548383 -0.026196
v 0.012814 0.489551 -0.024625
vn 0.0728 0.9246 -0.3740
vn 0.1359 0.9853 -0.1038
vn -0.8674 -0.0063 0.4975
vn -0.8650 -0.0058 0.5017
vn -0.8624 -0.0018 0.5062
vn 0.8659 0.0098 0.5002
vn 0.9933 0.0909 -0.0708
vn -0.1064 -0.9911 0.0806
vn -0.0246 -0.9965 0.0804
vn 0.0703 -0.9961 0.0526
vn 0.8243 -0.0207 0.5658
vn -0.1950 -0.6590 -0.7265
vn 0.0519 -0.6332 -0.7722
vn -0.0053 -0.0017 -1.0000
vn -0.2588 -0.0017 -0.9659
vn 0.0292 -0.8826 -0.4691
vn -0.2154 -0.5560 -0.8028
vn 0.2851 -0.4537 -0.8443
vn 0.2183 -0.8998 -0.3778
vn -0.1637 -0.0197 0.9863
vn 0.0311 -0.0143 0.9994
vn 0.0318 -0.0143 0.9994
vn 0.2397 -0.0079 0.9708
vn 0.2588 -0.0017 -0.9659
vt 0.465675 0.444822
vt 0.021002 0.000000
vt 0.151526 0.000000
vt 0.561034 0.409579
vt 1.000000 0.888459
vt 1.000000 1.000000
vt 0.888459 0.888459
vt 1.000000 0.023985
vt 1.000000 0.544707
vt 1.000000 0.799957
vt 0.521928 0.000000
vt 0.665945 0.000000
vt 1.000000 0.990974
vt 0.952833 0.912049
vt 1.000000 0.901639
vt 0.544707 0.544707
vt 1.000000 0.321371
vt 0.990974 0.990974
vt 0.889633 0.759385
vt 0.799957 0.799957
vt 0.706783 0.000000
vt 1.000000 0.009400
vt 1.000000 0.768772
vt 1.000000 0.848474
vt 1.000000 0.978998
vt 0.768772 0.768772
vt 0.009400 0.009400
vt 0.919737 0.830378
vt 1.000000 0.773970
vt 0.837595 0.837595
vt 0.767618 0.767618
vt 1.000000 0.745541
vt 0.983275 0.819807
vt 0.842004 0.842004
vt 0.773970 0.773970
vt 1.000000 0.298167
vt 0.820612 0.820612
vt 0.745541 0.745541
vt 1.000000 0.003956
vt 0.003776 0.000000
vt 0.293217 0.000000
vt 0.298167 0.298167
vt 0.847441 0.874540
vt 0.822651 0.874540
vt 0.822651 0.763429
vt 0.835804 0.763669
vt 0.846679 0.765020
vt 0.847409 0.863483
vt 0.886035 0.614105
vt 0.888651 0.598534
vt 0.896977 0.583931
vt 0.896977 0.614093
vt 0.611773 0.804810
vt 0.626854 0.778689
vt 0.634139 0.785974
vt 0.616426 0.806063
vt 0.646348 0.778926
vt 0.638181 0.772149
vt 0.877655 0.674660
vt 0.889651 0.673269
vt 0.888279 0.799395
vt 0.874630 0.798292
vt 0.874260 0.764094
vt 0.875265 0.702236
vt 0.897242 0.671243
vt 0.906813 0.675102
vt 0.906825 0.731233
vt 0.898926 0.799211
vt 0.889226 0.799388
vt 0.810443 0.874760
vt 0.801322 0.765750
s 0
f 1608/2444/1056 1603/2445/1056 1609/2446/1056 1573/2447/1056 1611/2448/1056 1599/2449/1056
f 1599/2449/1057 1611/2450/1057 1612/2451/1057
f 1595/2452/1058 1598/2453/1058 1597/2454/1058 1596/2455/1058
f 1612/2456/1059 1585/2457/1059 1600/2458/1059
f 1595/2459/1060 1599/2460/1060 1612/2461/1060 1600/2462/1060 1598/2463/1060
f 1602/2464/1061 1615/2465/1061 1601/2466/1061
f 1609/2467/1062 1603/2468/1062 1601/2469/1062 1615/2470/1062 1589/2471/1062
f 1604/2472/1063 1596/2473/1063 1597/2474/1063
f 1605/2475/1064 1606/2476/1064 1596/2477/1064 1604/2478/1064
f 1607/2479/1065 1606/2480/1065 1605/2481/1065 1615/2482/1065
f 1615/2483/1066 1602/2484/1066 1607/2485/1066
s 1
f 1586/2486/1067 1574/2487/1068 1592/2488/1069 1590/2489/1070 1583/2490/1070 1584/2491/1070
f 1576/2492/1070 1578/2493/1070 1610/2494/1071 1613/2495/1072
f 1613/2496/1072 1610/2497/1071 1574/2498/1068 1586/2499/1067
f 1614/2500/1073 1574/2498/1068 1610/2497/1071 1580/2501/1074
f 1579/2502/1075 1577/2503/1076 1591/2504/1077 1593/2505/1075 1588/2506/1075 1587/2507/1075
f 1577/2508/1076 1575/2509/1078 1581/2510/1078 1582/2511/1078 1591/2512/1077
f 1574/2487/1068 1614/2513/1073 1594/2514/1079 1592/2488/1069
g Bottle_cell.057_Bottle_cell.056
v 0.035451 0.017015 0.037433
v 0.013976 0.017235 0.049309
v 0.033539 0.059254 0.060285
v 0.046375 0.049668 0.048306
v 0.046439 0.005202 0.048325
v 0.018040 0.050657 0.064454
v 0.018202 0.005142 0.064494
v 0.025669 0.003579 0.062496
v 0.032043 0.002715 0.060107
v 0.040949 0.003564 0.053818
v 0.046375 0.049668 0.048306
v 0.046439 0.005202 0.048325
v 0.018040 0.050657 0.064454
v 0.018202 0.005142 0.064494
v 0.025669 0.003579 0.062496
v 0.032043 0.002715 0.060107
v 0.040949 0.003564 0.053818
v 0.033539 0.059254 0.060285
vn -0.4435 0.4141 -0.7949
vn 0.7043 0.0007 -0.7099
vn -0.4376 0.4125 -0.7990
vn -0.9640 -0.0032 0.2658
vn -0.3082 -0.7841 -0.5387
vn -0.3068 -0.7836 -0.5403
vn 0.4822 -0.0022 0.8760
vn 0.4795 -0.0022 0.8775
vn 0.6550 -0.0026 0.7556
vn 0.2815 -0.0017 0.9596
vt 0.255476 0.255476
vt 0.000000 0.000000
vt 0.209725 0.000000
vt 1.000000 0.198267
vt 0.825037 0.000000
vt 1.000000 0.000000
vt 0.960212 0.259295
vt 0.198267 0.198267
vt 0.216792 0.216792
vt 0.217770 0.000000
vt 1.000000 0.214367
vt 0.893369 0.114186
vt 0.782230 0.000000
vt 0.214367 0.214367
vt 1.000000 0.174963
vt 0.670196 0.200303
vt 0.124406 0.105211
vt 0.124408 0.000000
vt 0.138644 0.000258
vt 0.151129 0.003563
vt 0.150985 0.086659
vt 0.107075 0.000000
vt 0.122202 0.104053
vt 0.092413 0.087974
vt 0.092724 0.002914
s 0
f 1633/2515/1080 1617/2516/1080 1628/2517/1080
f 1626/2518/1081 1627/2519/1081 1616/2520/1081
f 1616/2516/1082 1617/2520/1082 1633/2521/1082 1626/2522/1082
f 1628/2523/1083 1617/2516/1083 1629/2524/1083
f 1617/2520/1084 1631/2525/1084 1630/2526/1084 1629/2527/1084
f 1631/2528/1085 1617/2516/1085 1616/2520/1085 1627/2529/1085 1632/2530/1085
s 1
f 1618/2531/1086 1624/2532/1087 1625/2533/1088 1620/2534/1088 1619/2535/1088
f 1623/2536/1089 1624/2532/1087 1618/2537/1086 1621/2538/1089 1622/2539/1089
g Bottle_cell.058_Bottle_cell.057
v -0.000392 0.357942 0.003628
v -0.000399 0.351193 0.001214
v -0.000247 0.204966 0.000704
v -0.000549 0.361972 0.010001
v -0.042762 0.200461 0.025628
v -0.000001 0.362676 0.068716
v -0.000001 0.378830 0.064853
v -0.000001 0.370528 0.067615
v -0.000001 0.387498 0.060680
v -0.010350 0.386189 0.058535
v -0.017349 0.362668 0.064067
v -0.015391 0.370521 0.063491
v -0.012880 0.378824 0.061402
v -0.034678 0.280557 0.059575
v -0.049385 0.196714 0.045024
v 0.016621 0.191580 0.064576
v 0.016632 0.199365 0.064559
v 0.016613 0.309838 0.064361
v 0.016491 0.362668 0.064297
v 0.015718 0.376203 0.061513
v 0.016201 0.370520 0.063274
v -0.004205 0.191170 0.067904
v -0.034681 0.193454 0.059733
v -0.010350 0.386189 0.058535
v -0.012880 0.378824 0.061402
v -0.017349 0.362668 0.064067
v -0.034678 0.280557 0.059575
v -0.015391 0.370521 0.063491
v -0.049385 0.196714 0.045024
v 0.016621 0.191580 0.064576
v 0.016632 0.199365 0.064559
v 0.015718 0.376203 0.061513
v 0.016201 0.370520 0.063274
v 0.016491 0.362668 0.064297
v 0.016613 0.309838 0.064361
v -0.034681 0.193454 0.059733
v -0.004205 0.191170 0.067904
v -0.000001 0.387498 0.060680
vn 0.5530 0.7417 -0.3795
vn -0.0198 0.8930 -0.4496
vn -0.5333 0.7090 -0.4615
vn 0.9659 0.0019 -0.2590
vn 0.9489 0.1054 -0.2974
vn 0.6666 0.6373 -0.3866
vn 0.9668 -0.0004 -0.2556
vn -0.8677 0.1681 -0.4677
vn -0.0176 -0.9798 -0.1993
vn -0.5059 0.0025 -0.8626
vn -0.0143 -0.9794 -0.2015
vn -0.2960 0.0018 0.9552
vn -0.7071 0.0013 0.7071
vn -0.4825 0.0016 0.8759
vn -0.0281 -0.0011 0.9996
vn -0.0127 0.0680 0.9976
vn -0.2584 0.0590 0.9642
vn 0.2306 0.0652 0.9709
vn 0.2034 -0.0039 0.9791
vn -0.2532 0.2091 0.9445
vn -0.0000 0.2250 0.9744
vn 0.0051 0.3750 0.9270
vn -0.2419 0.3567 0.9023
vn 0.2489 0.3324 0.9097
vn 0.2525 0.2208 0.9421
vn -0.0443 0.4334 0.9001
vn -0.2349 0.4217 0.8758
vn -0.9363 0.2129 -0.2793
vt 1.000000 0.000000
vt 1.000000 0.453913
vt 0.535962 0.000000
vt 0.453913 0.453913
vt 0.000000 0.000000
vt 0.444870 0.000000
vt 0.444870 0.444870
vt 0.956079 0.526368
vt 0.899399 0.535290
vt 0.537402 0.537402
vt 1.000000 0.511249
vt 0.511249 0.511249
vt 0.494744 0.494744
vt 1.000000 0.537402
vt 0.036222 0.036222
vt 1.000000 1.000000
vt 1.000000 0.664308
vt 0.258241 0.000000
vt 0.723886 0.309844
vt 0.364320 0.244279
vt 0.397745 0.401522
vt 0.364312 0.407059
vt 0.057745 0.350220
vt 0.057751 0.671065
vt 0.028875 0.671588
vt 0.000028 0.518675
vt 0.000019 0.355895
vt 0.089449 0.671065
vt 0.057745 0.350220
vt 0.089691 0.351332
vt 0.089713 0.365881
vt 0.089681 0.572335
vt 0.032656 0.686163
vt 0.058274 0.685700
vt 0.059594 0.701270
vt 0.038156 0.701657
vt 0.088773 0.701269
vt 0.089414 0.685700
vt 0.038156 0.701657
vt 0.061592 0.717599
vt 0.044064 0.715454
vt 0.061592 0.717599
vt 0.086985 0.702865
vt 0.089449 0.671065
vt 0.028875 0.671588
vt 0.032656 0.686163
vt 0.335692 0.000000
vt 0.993917 0.364968
vt 0.650254 0.494051
vt 0.606185 0.498260
vt 0.543114 0.490748
vt 0.475881 0.475881
s 0
f 1637/2540/1090 1642/2541/1090 1665/2542/1090
f 1642/2543/1091 1637/2544/1091 1657/2545/1091
f 1657/2546/1092 1637/2544/1092 1634/2540/1092
f 1666/2547/1093 1667/2548/1093 1668/2549/1093 1636/2544/1093 1635/2540/1093 1665/2550/1093
f 1635/2544/1094 1634/2540/1094 1665/2551/1094
f 1634/2544/1095 1637/2540/1095 1665/2552/1095
f 1663/2544/1096 1636/2540/1096 1668/2553/1096 1664/2554/1096
f 1635/2544/1097 1638/2540/1097 1634/2555/1097
f 1648/2556/1098 1638/2555/1098 1663/2544/1098 1670/2557/1098 1669/2558/1098
f 1635/2544/1099 1636/2540/1099 1638/2555/1099
f 1636/2544/1100 1663/2540/1100 1638/2555/1100
s 1
f 1660/2559/1101 1662/2560/1102 1656/2561/1103
f 1655/2562/1104 1639/2563/1105 1659/2564/1106 1660/2565/1101 1656/2566/1103
f 1652/2567/1107 1639/2563/1105 1655/2568/1104 1649/2569/1108 1650/2570/1108 1651/2571/1108
f 1661/2572/1109 1641/2573/1110 1640/2574/1111 1658/2575/1112
f 1653/2576/1113 1640/2574/1111 1641/2573/1110 1654/2577/1114
f 1658/2578/1112 1640/2574/1111 1671/2579/1115 1643/2580/1116
f 1671/2581/1115 1640/2574/1111 1653/2582/1113
f 1654/2577/1114 1641/2573/1110 1639/2563/1105 1652/2583/1107
f 1659/2584/1106 1639/2563/1105 1641/2573/1110 1661/2585/1109
s 0
f 1638/2544/1117 1648/2586/1117 1647/2587/1117 1644/2588/1117 1645/2589/1117 1646/2590/1117 1657/2591/1117 1634/2544/1117
g Bottle_cell.059_Bottle_cell.058
v 0.003254 0.357526 0.001145
v 0.052664 0.200393 0.000301
v 0.060058 0.362616 0.034042
v 0.056737 0.378773 0.032096
v 0.059116 0.370468 0.033484
v 0.065531 0.343545 -0.014851
v 0.067861 0.224493 -0.005982
v 0.061820 0.378740 0.013124
v 0.066423 0.370421 0.006212
v 0.069232 0.362556 -0.000198
v 0.043127 0.379232 0.045420
v 0.049532 0.396122 0.027906
v 0.046569 0.370490 0.046031
v 0.060062 0.289110 0.034174
v 0.048561 0.362636 0.045538
v 0.069361 0.197583 -0.000343
v 0.066064 0.196986 0.011961
v 0.065531 0.343545 -0.014851
v 0.067861 0.224493 -0.005982
v 0.061820 0.378740 0.013124
v 0.066423 0.370421 0.006212
v 0.069232 0.362556 -0.000198
v 0.043127 0.379232 0.045420
v 0.049532 0.396122 0.027906
v 0.060062 0.289110 0.034174
v 0.048561 0.362636 0.045538
v 0.046569 0.370490 0.046031
v 0.069361 0.197583 -0.000343
v 0.066064 0.196986 0.011961
vn -0.2642 -0.0768 -0.9614
vn -0.0635 0.6179 -0.7837
vn -0.7103 0.6183 0.3365
vn -0.1687 -0.9813 -0.0928
vn -0.2493 -0.0941 -0.9638
vn 0.9562 0.0006 0.2927
vn 0.8640 0.0689 0.4987
vn 0.7051 0.0769 0.7049
vn 0.9877 0.0379 0.1519
vn 0.9659 0.0005 0.2588
vn 0.9793 0.0006 0.2022
vn 0.9688 0.0008 -0.2480
vn 0.9100 0.3359 0.2432
vn 0.8041 0.3714 0.4641
vn 0.8439 0.2249 0.4872
vn 0.9503 0.1795 0.2543
vn 0.6870 0.2341 0.6879
vn 0.6611 0.3533 0.6619
vn 0.7813 0.4330 0.4496
vn -0.6712 -0.2148 0.7094
vt 0.175630 0.000000
vt 1.000000 0.000000
vt 1.000000 0.534222
vt 0.534222 0.534222
vt 0.000000 0.000000
vt 0.399463 0.000000
vt 0.504129 0.224190
vt 0.543247 0.322666
vt 0.567947 0.410485
vt 0.374084 0.000000
vt 0.399463 0.399463
vt 0.880014 0.459754
vt 0.524575 0.000000
vt 0.543278 0.543278
vt 1.000000 0.824370
vt 0.182119 0.534742
vt 0.182112 0.672110
vt 0.155971 0.671637
vt 0.307266 0.091876
vt 0.364258 0.090846
vt 0.364265 0.228214
vt 0.327027 0.400978
vt 0.306548 0.400193
vt 0.299641 0.399237
vt 0.295800 0.349884
vt 0.279151 0.127369
vt 0.306542 0.092896
vt 0.327645 0.061270
vt 0.359224 0.060699
vt 0.362831 0.076228
vt 0.317436 0.077049
vt 0.152157 0.686211
vt 0.180684 0.686728
vt 0.177078 0.702256
vt 0.146621 0.701705
vt 0.348302 0.028152
vt 0.166156 0.734804
vt 1.000000 1.000000
vt 0.475425 0.000000
vt 0.663798 0.182821
vt 0.450816 0.356141
vt 0.420360 0.368962
vt 0.374084 0.374084
s 0
f 1690/2592/1118 1672/2593/1118 1689/2594/1118
f 1689/2595/1119 1672/2596/1119 1695/2597/1119 1691/2598/1119 1692/2599/1119 1693/2600/1119
f 1672/2596/1120 1694/2601/1120 1695/2602/1120
f 1673/2593/1121 1699/2603/1121 1700/2604/1121
f 1699/2605/1122 1673/2596/1122 1672/2593/1122 1690/2606/1122
s 1
f 1696/2607/1123 1674/2608/1124 1697/2609/1125
f 1681/2610/1126 1674/2611/1124 1696/2612/1123 1688/2613/1127 1687/2614/1128
f 1687/2615/1128 1678/2616/1129 1677/2617/1129 1681/2618/1126
f 1679/2619/1130 1675/2620/1131 1676/2621/1132 1680/2622/1133
f 1698/2623/1134 1676/2624/1132 1675/2625/1131 1682/2626/1135
f 1683/2627/1136 1675/2620/1131 1679/2619/1130
f 1675/2625/1131 1683/2628/1136 1682/2626/1135
f 1680/2622/1133 1676/2621/1132 1674/2611/1124 1681/2610/1126
f 1697/2609/1125 1674/2608/1124 1676/2624/1132 1698/2623/1134
s 0
f 1672/2629/1137 1673/2596/1137 1700/2630/1137 1685/2631/1137 1686/2632/1137 1684/2633/1137 1694/2634/1137
g Bottle_cell.060_Bottle_cell.059
v -0.000686 0.362328 -0.006720
v -0.001264 0.361006 -0.001884
v -0.014994 0.404874 -0.030982
v -0.005235 0.379194 -0.013679
v -0.004985 0.391939 -0.024789
v -0.003973 0.382682 -0.017183
v -0.028313 0.397175 -0.049732
v -0.002524 0.403250 -0.051521
v -0.012590 0.386910 -0.058840
v -0.001606 0.397162 -0.056888
v -0.009833 0.411936 -0.041657
v -0.019140 0.413413 -0.037068
v -0.043112 0.394726 -0.036547
v -0.024734 0.410910 -0.037520
v -0.041695 0.387425 -0.042725
v -0.030330 0.388751 -0.053211
v -0.012590 0.386910 -0.058840
v -0.001606 0.397162 -0.056888
v -0.043112 0.394726 -0.036547
v -0.041695 0.387425 -0.042725
v -0.030330 0.388751 -0.053211
v -0.009833 0.411936 -0.041657
v -0.002524 0.403250 -0.051521
v -0.019140 0.413413 -0.037068
v -0.024734 0.410910 -0.037520
vn 0.8641 0.4301 0.2615
vn 0.9426 0.2673 0.1999
vn 0.9779 0.1709 0.1206
vn 0.9321 0.3053 0.1949
vn 0.6533 -0.6162 -0.4398
vn 0.3617 0.6152 0.7005
vn 0.4283 0.6445 0.6334
vn 0.3226 0.6102 0.7236
vn 0.4352 0.5548 0.7091
vn -0.1322 0.5188 0.8446
vn -0.2717 0.4708 0.8393
vn -0.3395 0.4356 0.8336
vn -0.7545 -0.5030 0.4215
vn -0.3058 -0.9085 -0.2849
vn -0.2215 -0.9017 -0.3713
vn -0.4222 0.5424 -0.7263
vn -0.2252 0.5684 -0.7913
vn -0.2349 0.4186 -0.8773
vn -0.4500 0.4309 -0.7822
vn -0.6177 0.5101 -0.5986
vn -0.6417 0.4190 -0.6424
vn -0.3349 0.6595 -0.6730
vn -0.2182 0.6583 -0.7205
vn -0.2416 0.6672 -0.7047
vn -0.2153 0.6571 -0.7224
vt 0.793827 0.000000
vt 1.000000 0.000000
vt 1.000000 0.258856
vt 0.258856 0.258856
vt 0.000000 0.000000
vt 1.000000 0.456281
vt 0.334659 0.334659
vt 0.456281 0.456281
vt 0.438938 0.438938
vt 0.461893 0.000000
vt 1.000000 1.000000
vt 0.780556 0.780556
vt 0.895527 0.000000
vt 0.108635 0.000000
vt 1.000000 0.583796
vt 1.000000 0.646023
vt 0.615746 0.585873
vt 1.000000 0.654856
vt 0.646023 0.646023
vt 0.666825 0.000000
vt 0.666825 0.666825
vt 0.792747 0.589186
vt 1.000000 0.538107
vt 0.664721 0.736180
vt 0.613390 0.736180
vt 0.632141 0.716887
vt 0.666660 0.720335
vt 0.693676 0.736702
vt 0.692078 0.718256
vt 0.659159 0.762275
vt 0.693676 0.736702
vt 0.743637 0.377314
vt 0.733577 0.349909
vt 0.738612 0.357677
vt 0.617621 0.747747
vt 0.613390 0.736180
vt 0.627629 0.761692
s 0
f 1722/2635/1138 1705/2636/1138 1723/2637/1138
f 1723/2638/1139 1705/2639/1139 1706/2636/1139
f 1718/2640/1140 1723/2641/1140 1706/2639/1140 1702/2636/1140
f 1702/2639/1141 1701/2636/1141 1718/2642/1141
f 1718/2643/1142 1701/2639/1142 1717/2644/1142
f 1703/2639/1143 1706/2636/1143 1705/2645/1143
f 1703/2636/1144 1705/2645/1144 1722/2646/1144 1724/2647/1144
f 1703/2639/1145 1704/2636/1145 1706/2645/1145
f 1704/2639/1146 1702/2636/1146 1706/2645/1146
f 1704/2639/1147 1703/2636/1147 1702/2645/1147
f 1702/2645/1148 1703/2639/1148 1724/2648/1148 1725/2649/1148
f 1719/2650/1149 1702/2645/1149 1725/2651/1149
f 1720/2652/1150 1702/2645/1150 1719/2653/1150
f 1701/2636/1151 1702/2645/1151 1720/2654/1151
f 1701/2645/1152 1720/2655/1152 1721/2656/1152 1717/2657/1152
s 1
f 1707/2658/1153 1710/2659/1154 1709/2660/1155 1716/2661/1156
f 1713/2662/1157 1707/2658/1153 1716/2661/1156 1715/2663/1158
f 1714/2664/1159 1707/2658/1153 1713/2665/1157
f 1711/2666/1160 1714/2667/1159 1712/2668/1161
f 1708/2669/1162 1710/2670/1154 1707/2658/1153 1714/2664/1159 1711/2671/1160
g Bottle_cell.061_Bottle_cell.060
v 0.009533 0.573427 0.015560
v 0.013602 0.573306 0.022559
v 0.008739 0.570329 0.023867
v 0.016753 0.570073 0.019413
v -0.000056 0.572599 0.018141
v 0.003770 0.573352 0.022357
v 0.008460 0.560696 0.016028
v 0.012839 0.564468 0.012423
v -0.000056 0.572599 0.018141
v 0.008460 0.560696 0.016028
v 0.008739 0.570329 0.023867
v 0.016753 0.570073 0.019413
v 0.003770 0.573352 0.022357
v 0.012839 0.564468 0.012423
v 0.009533 0.573427 0.015560
vn 0.3774 -0.5911 0.7129
vn -0.5243 -0.5282 0.6679
vn 0.7132 -0.6848 0.1498
vn 0.5742 0.4511 -0.6832
vn -0.4863 0.0089 -0.8737
vn -0.1595 0.8111 -0.5627
vn -0.6490 0.0268 -0.7603
vn 0.0977 0.8828 0.4594
vn 0.7884 0.5857 0.1880
vn 0.5579 0.6450 0.5222
vn -0.2307 0.7857 -0.5739
vn -0.0421 0.9797 0.1961
vn -0.5809 -0.5259 0.6212
vt 0.418033 0.098650
vt 0.153518 0.153518
vt 0.000000 0.000000
vt 0.480423 0.127370
vt 0.278624 0.278624
vt 1.000000 0.371851
vt 0.899310 0.810931
vt 0.376028 0.000000
vt 0.760798 0.760798
vt 0.376028 0.376028
vt 0.553435 0.431769
vt 0.981753 0.270450
vt 0.988939 0.248948
vt 0.989124 0.265559
vt 0.099542 0.792670
vt 0.102000 0.785597
vt 0.105105 0.785597
vt 0.290393 0.786685
vt 0.281185 0.802633
vt 0.274958 0.793628
vt 0.272972 0.787849
vt 0.279798 0.776027
vt 0.290339 0.769941
vt 0.660534 0.307855
vt 1.000000 0.000000
vt 1.000000 0.278624
vt 0.963250 0.248817
vt 0.981680 0.248817
vt 0.979541 0.272434
s 0
f 1737/2672/1163 1736/2673/1163 1735/2674/1163
f 1735/2674/1164 1736/2675/1164 1738/2676/1164
f 1737/2677/1165 1735/2678/1165 1739/2679/1165
f 1737/2680/1166 1739/2681/1166 1726/2682/1166
s 1
f 1732/2683/1167 1740/2684/1168 1733/2685/1169
f 1728/2686/1170 1729/2687/1171 1727/2688/1172
f 1740/2689/1168 1730/2690/1173 1731/2691/1174 1728/2692/1170 1727/2693/1172
f 1740/2689/1168 1727/2693/1172 1729/2694/1171
s 0
f 1734/2695/1175 1735/2696/1175 1738/2697/1175
s 1
f 1730/2698/1173 1740/2699/1168 1732/2700/1167
g Bottle_cell.062_Bottle_cell.061
v 0.056242 0.033849 -0.016093
v 0.041489 0.033876 -0.040881
v 0.031693 0.048835 -0.052191
v 0.021331 0.023918 -0.012357
v 0.064456 0.086235 -0.018486
v 0.064471 0.054057 -0.018379
v 0.064471 0.048197 -0.018371
v 0.015891 0.026692 -0.006351
v 0.060157 0.169464 -0.034651
v 0.064351 0.149546 -0.018970
v 0.026721 0.016262 -0.008866
v 0.024825 0.016982 -0.014362
v 0.047725 0.048580 -0.047120
v 0.060078 0.055964 -0.034780
v 0.062160 0.052194 -0.027002
v 0.011920 0.024789 -0.018694
v 0.035343 0.129541 -0.059636
v 0.035459 0.091705 -0.059458
v 0.012252 0.026639 -0.011963
v 0.018539 0.017650 -0.020110
v 0.013974 0.020984 -0.022028
v 0.038133 0.060590 -0.056732
v 0.064456 0.086235 -0.018486
v 0.064471 0.054057 -0.018379
v 0.064471 0.048197 -0.018371
v 0.060157 0.169464 -0.034651
v 0.064351 0.149546 -0.018970
v 0.026721 0.016262 -0.008866
v 0.024825 0.016982 -0.014362
v 0.060078 0.055964 -0.034780
v 0.062160 0.052194 -0.027002
v 0.047725 0.048580 -0.047120
v 0.035343 0.129541 -0.059636
v 0.035459 0.091705 -0.059458
v 0.018539 0.017650 -0.020110
v 0.013974 0.020984 -0.022028
v 0.038133 0.060590 -0.056732
v 0.012252 0.026639 -0.011963
v 0.015891 0.026692 -0.006351
v 0.021331 0.023918 -0.012357
v 0.011920 0.024789 -0.018694
vn 0.2601 0.0033 0.9656
vn 0.2646 0.0013 0.9644
vn -0.7311 0.3435 0.5895
vn 0.2253 -0.0010 0.9743
vn 0.4094 -0.8640 -0.2931
vn 0.7426 -0.5027 -0.4425
vn 0.7509 -0.4993 -0.4323
vn -0.9289 0.0652 -0.3645
vn -0.8812 0.3466 0.3214
vn -0.1831 -0.6664 -0.7228
vn 0.2597 -0.4684 -0.8445
vn -0.8168 -0.0259 -0.5763
vn 0.8630 -0.0003 -0.5052
vn 0.9659 -0.0004 -0.2588
vn 0.8677 -0.0003 -0.4971
vn 0.7084 -0.0003 -0.7058
vn -0.3240 -0.8900 0.3207
vn -0.5443 -0.7151 0.4386
vn -0.2746 -0.9432 0.1871
vn -0.3546 -0.8398 0.4111
vn -0.4890 -0.6996 0.5210
vn -0.7576 -0.5022 0.4169
vn -0.8420 -0.4896 0.2265
vn -0.6164 -0.4890 0.6172
vt 0.668237 0.000000
vt 1.000000 0.000000
vt 1.000000 0.130229
vt 0.000000 0.000000
vt 0.130238 0.000000
vt 0.130229 0.130229
vt 0.111684 0.000000
vt 0.879020 0.000000
vt 1.000000 0.117928
vt 1.000000 0.774449
vt 0.276719 0.071017
vt 0.398214 0.000000
vt 1.000000 0.331763
vt 0.774449 0.774449
vt 0.117927 0.117927
vt 0.399900 0.000000
vt 1.000000 1.000000
vt 0.398214 0.398214
vt 0.422660 0.212802
vt 1.000000 0.873872
vt 0.101111 0.000000
vt 0.776520 0.624511
vt 1.000000 0.869762
vt 0.873872 0.873872
vt 1.000000 0.096030
vt 1.000000 0.685450
vt 0.515167 0.000000
vt 0.907714 0.000000
vt 0.685450 0.685450
vt 0.097063 0.000000
vt 0.885706 0.000000
vt 0.346203 0.346203
vt 0.299825 0.000000
vt 0.090103 0.000000
vt 1.000000 0.898889
vt 0.869904 0.056733
vt 1.000000 0.092286
vt 1.000000 0.484833
vt 0.115130 0.115130
vt 0.240514 0.452631
vt 0.270585 0.489905
vt 0.271305 0.608222
vt 0.271403 0.668359
vt 0.271399 0.679310
vt 0.254824 0.671811
vt 0.239887 0.664740
vt 0.184422 0.648863
vt 0.183916 0.596855
vt 0.183659 0.526140
vt 0.239891 0.452251
vt 0.239887 0.664740
vt 0.211799 0.677992
vt 0.065932 0.828889
vt 0.069117 0.843724
vt 0.063111 0.832593
vt 0.078138 0.818095
vt 0.083343 0.819540
vt 0.087333 0.820701
vt 0.076503 0.839459
vt 0.582725 0.795138
vt 0.595362 0.793199
vt 0.596692 0.803963
vt 0.588405 0.774252
vt 0.596725 0.783356
s 0
f 1763/2701/1176 1741/2702/1176 1764/2703/1176
f 1741/2704/1177 1765/2705/1177 1764/2706/1177
f 1766/2707/1178 1778/2708/1178 1779/2709/1178 1767/2710/1178
f 1744/2711/1179 1768/2712/1179 1741/2702/1179 1763/2713/1179 1767/2714/1179 1779/2715/1179
f 1775/2716/1180 1742/2702/1180 1741/2717/1180 1768/2718/1180 1769/2719/1180
f 1771/2720/1181 1741/2717/1181 1742/2704/1181 1772/2721/1181 1770/2722/1181
f 1765/2723/1182 1741/2717/1182 1771/2724/1182
f 1778/2725/1183 1773/2726/1183 1774/2727/1183 1781/2728/1183
f 1773/2729/1184 1778/2730/1184 1766/2731/1184
f 1742/2717/1185 1775/2732/1185 1776/2733/1185 1743/2702/1185
f 1742/2717/1186 1743/2704/1186 1777/2734/1186 1772/2735/1186
f 1743/2704/1187 1776/2736/1187 1781/2737/1187 1774/2738/1187 1777/2739/1187
s 1
f 1749/2740/1188 1750/2741/1189 1745/2742/1189 1746/2743/1189 1747/2744/1189 1755/2745/1189 1754/2746/1190
f 1762/2747/1191 1758/2748/1191 1757/2749/1191 1749/2750/1188 1754/2751/1190 1753/2752/1191
f 1759/2753/1192 1780/2754/1193 1748/2755/1194
f 1759/2756/1192 1756/2757/1195 1761/2758/1196 1780/2759/1193
f 1780/2760/1193 1752/2761/1197 1751/2762/1198
f 1752/2761/1197 1780/2760/1193 1761/2763/1196 1760/2764/1199
g Bottle_cell.063_Bottle_cell.062
v 0.027320 0.557619 -0.007357
v 0.026433 0.557074 0.004755
v 0.027203 0.573265 -0.001001
v 0.017133 0.573386 -0.008473
v 0.024176 0.573245 -0.012299
v 0.018463 0.571589 -0.003588
v 0.025681 0.571220 0.004684
v 0.018284 0.564757 0.002494
v 0.018403 0.556588 0.002445
v 0.028265 0.563991 0.005352
v 0.028729 0.564273 -0.000985
v 0.023308 0.564611 -0.014838
v 0.019021 0.554055 -0.002276
v 0.028839 0.563292 -0.015592
v 0.016673 0.562206 -0.010680
v 0.017133 0.573386 -0.008473
v 0.024176 0.573245 -0.012299
v 0.018284 0.564757 0.002494
v 0.018403 0.556588 0.002445
v 0.028265 0.563991 0.005352
v 0.028729 0.564273 -0.000985
v 0.023308 0.564611 -0.014838
v 0.016673 0.562206 -0.010680
v 0.025681 0.571220 0.004684
v 0.018463 0.571589 -0.003588
v 0.028839 0.563292 -0.015592
v 0.019021 0.554055 -0.002276
vn -0.5187 0.2319 -0.8229
vn -0.2759 -0.0098 0.9611
vn 0.9637 -0.2604 0.0589
vn 0.9734 -0.2278 0.0226
vn -0.1438 -0.7603 -0.6334
vn -0.1524 -0.7304 -0.6658
vn -0.0798 -0.8827 0.4631
vn 0.9468 0.2485 0.2045
vn 0.9569 0.2855 -0.0531
vn 0.6130 0.7860 0.0800
vn 0.7024 0.6454 0.3001
vn 0.7351 0.6522 -0.1852
vn 0.7148 0.6596 -0.2323
vn 0.2233 0.9727 -0.0636
vn -0.7378 0.6365 0.2247
vn -0.6387 0.7271 0.2518
vn -0.9959 -0.0304 -0.0855
vn -0.9985 -0.0233 0.0498
vn -0.6290 0.5260 0.5724
vn 0.3878 -0.9216 -0.0131
vn -0.9659 -0.0114 0.2588
vt 0.599286 0.201580
vt 0.343587 0.000000
vt 0.729558 0.000000
vt 0.963848 0.180558
vt 0.748779 0.748779
vt 0.431425 0.431425
vt 0.558913 0.000000
vt 1.000000 0.000000
vt 0.847152 0.401776
vt 0.359077 0.359077
vt 0.000000 0.000000
vt 0.882077 0.358911
vt 0.349215 0.349215
vt 0.729826 0.019361
vt 0.712382 0.712382
vt 1.000000 0.103653
vt 1.000000 0.861677
vt 1.000000 0.255969
vt 0.861677 0.861677
vt 0.103653 0.103653
vt 0.182331 0.000000
vt 1.000000 0.441087
vt 0.871603 0.543366
vt 0.871434 0.534032
vt 0.887448 0.534032
vt 0.883807 0.543487
vt 0.887448 0.512316
vt 0.874140 0.507889
vt 0.474633 0.772904
vt 0.451957 0.781839
vt 0.469023 0.764652
vt 0.326258 0.771834
vt 0.328581 0.762955
vt 0.347388 0.773813
vt 0.337142 0.784605
vt 0.320457 0.762955
vt 0.938865 0.673964
vt 0.938808 0.658812
vt 0.944706 0.649600
vt 0.943343 0.678519
vt 0.741957 0.089014
vt 0.412531 0.214870
vt 0.431425 0.000000
vt 0.151832 0.000000
vt 1.000000 1.000000
vt 0.959001 0.642666
vt 0.963216 0.663397
vt 0.944604 0.678316
vt 0.955210 0.642666
s 0
f 1798/2765/1200 1803/2766/1200 1804/2767/1200 1797/2768/1200
f 1805/2769/1201 1799/2770/1201 1800/2771/1201 1783/2772/1201 1801/2773/1201
f 1801/2774/1202 1783/2775/1202 1782/2772/1202 1802/2776/1202
f 1802/2777/1203 1782/2775/1203 1807/2778/1203
f 1807/2779/1204 1782/2775/1204 1808/2780/1204 1803/2781/1204
f 1804/2782/1205 1803/2783/1205 1808/2784/1205
f 1808/2785/1206 1783/2772/1206 1800/2786/1206
s 1
f 1791/2787/1207 1792/2788/1208 1784/2789/1209 1788/2790/1210
f 1786/2791/1211 1784/2789/1209 1792/2788/1208 1793/2792/1212
f 1793/2793/1212 1792/2794/1208 1795/2795/1213
f 1806/2796/1214 1784/2797/1209 1786/2798/1211 1785/2799/1215
f 1788/2800/1210 1784/2797/1209 1806/2796/1214
f 1790/2801/1216 1789/2802/1216 1806/2803/1214 1794/2804/1217
s 0
f 1805/2805/1218 1787/2806/1218 1799/2807/1218
f 1808/2808/1219 1782/2772/1219 1783/2809/1219
s 1
f 1785/2810/1215 1796/2811/1220 1794/2812/1217 1806/2813/1214
g Bottle_cell.064_Bottle_cell.063
v 0.006254 0.555625 0.026968
v -0.000001 0.549874 0.031794
v -0.000001 0.548475 0.026247
v 0.006742 0.549521 0.028598
v -0.000001 0.555786 0.031783
v -0.007763 0.555855 0.029703
v -0.006192 0.530585 0.024619
v -0.006830 0.548974 0.026409
v -0.005864 0.490340 0.024777
v -0.000001 0.499169 0.026333
v 0.002627 0.527178 0.025580
v -0.004013 0.515423 0.017880
v -0.000718 0.541560 0.018398
v -0.000047 0.547971 0.018488
v -0.004003 0.552175 0.017369
v 0.006254 0.555625 0.026968
v 0.006742 0.549521 0.028598
v -0.000001 0.499169 0.026333
v 0.002627 0.527178 0.025580
v -0.004013 0.515423 0.017880
v -0.000718 0.541560 0.018398
v -0.000047 0.547971 0.018488
v -0.004003 0.552175 0.017369
v -0.007763 0.555855 0.029703
v -0.000001 0.555786 0.031783
v -0.006830 0.548974 0.026409
v -0.006192 0.530585 0.024619
v -0.005864 0.490340 0.024777
vn 0.0132 0.9998 -0.0161
vn 0.7702 -0.1341 -0.6235
vn 0.8075 -0.0113 -0.5898
vn -0.9553 -0.0043 -0.2956
vn -0.0530 -0.0378 0.9979
vn 0.2783 -0.2090 0.9375
vn -0.0939 -0.5644 0.8202
vn -0.2042 -0.0171 0.9788
vn 0.0365 -0.5481 0.8356
vn 0.5237 0.1360 0.8410
vn 0.0502 -0.0708 0.9962
vn -0.4290 -0.2539 0.8669
vn -0.2978 -0.3407 0.8917
vn 0.2588 -0.0135 -0.9658
vn -0.0424 0.9538 -0.2975
vn -0.2099 -0.0163 0.9776
vt 0.000000 0.000000
vt 1.000000 0.034387
vt 0.618887 0.051555
vt 0.425397 0.275037
vt 0.410822 0.000000
vt 1.000000 0.148557
vt 1.000000 0.379480
vt 0.148557 0.148557
vt 0.273011 0.061930
vt 0.345552 0.000000
vt 1.000000 0.000000
vt 0.737991 0.087812
vt 0.379480 0.379480
vt 1.000000 1.000000
vt 0.269995 0.269995
vt 0.589178 0.000000
vt 1.000000 0.611815
vt 1.000000 0.894220
vt 0.756278 0.602741
vt 0.759559 0.642256
vt 0.751227 0.642256
vt 0.751227 0.550765
vt 0.156602 0.821691
vt 0.156602 0.808053
vt 0.167310 0.808127
vt 0.167572 0.821691
vt 0.167572 0.821691
vt 0.167940 0.834612
vt 0.156834 0.834534
vt 0.705563 0.857398
vt 0.712848 0.864683
vt 0.695160 0.863404
vt 0.719667 0.852873
vt 0.963117 0.296046
vt 0.961962 0.307958
vt 0.956324 0.356537
vt 0.963141 0.287621
vt 0.269994 0.000000
vt 0.740824 0.642445
vt 0.740922 0.609253
vt 0.749204 0.534275
s 0
f 1824/2814/1221 1832/2815/1221 1813/2816/1221
f 1826/2817/1222 1836/2814/1222 1828/2818/1222 1829/2819/1222 1827/2820/1222
f 1829/2821/1223 1830/2822/1223 1831/2823/1223 1824/2824/1223 1825/2825/1223 1827/2826/1223
f 1832/2827/1224 1831/2828/1224 1828/2829/1224 1836/2824/1224 1835/2830/1224 1834/2831/1224
s 1
f 1819/2832/1225 1812/2833/1226 1811/2834/1227 1818/2835/1228
f 1810/2836/1229 1812/2837/1226 1809/2838/1230 1833/2839/1231
f 1810/2836/1229 1833/2840/1231 1814/2841/1232 1816/2842/1233
f 1811/2843/1227 1810/2844/1229 1816/2845/1233
f 1812/2846/1226 1810/2844/1229 1811/2843/1227
f 1822/2847/1234 1821/2848/1234 1820/2849/1234 1823/2850/1234
s 0
f 1831/2851/1235 1832/2824/1235 1824/2827/1235
s 1
f 1818/2835/1228 1811/2834/1227 1816/2852/1233 1815/2853/1236 1817/2854/1236
g Bottle_cell.065_Bottle_cell.064
v -0.042449 0.031455 -0.040825
v -0.046275 0.017983 -0.000682
v -0.059291 0.007840 -0.034208
v -0.029041 0.008612 -0.016782
v -0.033343 0.008640 -0.000727
v -0.043606 0.005965 -0.000652
v -0.037192 0.003427 -0.035575
v -0.021635 0.013697 -0.020151
v -0.023664 0.008603 -0.022159
v -0.058886 0.037960 -0.035942
v -0.053889 0.037077 -0.040937
v -0.026123 0.015039 -0.013737
v -0.061199 0.036680 -0.030569
v -0.056882 0.000190 -0.032839
v -0.058867 0.015401 -0.035923
v -0.057344 0.021574 -0.037456
v -0.048908 0.001469 -0.034113
v -0.021635 0.013697 -0.020151
v -0.023664 0.008603 -0.022159
v -0.037192 0.003427 -0.035575
v -0.058886 0.037960 -0.035942
v -0.053889 0.037077 -0.040937
v -0.058867 0.015401 -0.035923
v -0.057344 0.021574 -0.037456
v -0.048908 0.001469 -0.034113
v -0.043606 0.005965 -0.000652
v -0.033343 0.008640 -0.000727
v -0.026123 0.015039 -0.013737
v -0.061199 0.036680 -0.030569
v -0.059291 0.007840 -0.034208
v -0.056882 0.000190 -0.032839
vn 0.0063 0.0039 1.0000
vn 0.7044 -0.0009 -0.7099
vn 0.4517 0.8572 0.2473
vn 0.3825 0.8314 0.4030
vn -0.8916 -0.2014 0.4055
vn -0.1203 -0.2120 -0.9698
vn -0.0885 -0.1994 -0.9759
vn -0.8503 -0.0056 -0.5263
vn 0.2182 -0.9673 0.1292
vn 0.4786 -0.8321 0.2804
vn 0.3927 -0.9134 0.1068
vn 0.2521 -0.9652 0.0692
vn 0.4350 -0.8000 0.4133
vn 0.1845 -0.9650 0.1862
vn 0.7520 -0.5172 0.4086
vn 0.6233 -0.5228 0.5815
vn -0.9150 -0.1095 0.3884
vn -0.1254 -0.2129 -0.9690
vt 1.000000 0.160645
vt 0.620970 0.000000
vt 1.000000 0.000000
vt 0.900978 0.432880
vt 0.658449 0.000000
vt 1.000000 0.522010
vt 0.911906 0.651651
vt 0.563154 0.563154
vt 0.000000 0.000000
vt 0.476930 0.000000
vt 1.000000 0.127475
vt 1.000000 0.379030
vt 0.680575 0.680575
vt 0.127475 0.127475
vt 0.259821 0.000000
vt 1.000000 1.000000
vt 0.122989 0.000000
vt 1.000000 0.824493
vt 0.540790 0.000000
vt 0.700745 0.000000
vt 1.000000 0.230896
vt 1.000000 0.445127
vt 0.523070 0.000000
vt 1.000000 0.341551
vt 0.445127 0.445127
vt 0.230896 0.230896
vt 0.728586 0.018350
vt 0.728583 0.065607
vt 0.725870 0.065565
vt 0.714510 0.063725
vt 0.722365 0.034883
vt 0.725827 0.023404
vt 0.821437 0.006631
vt 0.836882 0.064274
vt 0.810159 0.079702
vt 0.796594 0.066322
vt 0.850999 0.064273
vt 0.824581 0.008889
vt 0.833569 0.015425
vt 0.850865 0.028891
vt 0.388519 0.767982
vt 0.400578 0.762952
vt 0.400357 0.775178
vt 0.389183 0.775252
vt 0.428486 0.824272
vt 0.428970 0.850996
vt 0.417172 0.844113
vt 0.259821 0.259821
vt 0.867259 0.000000
vt 1.000000 0.091780
vt 0.700745 0.700745
s 0
f 1862/2855/1237 1841/2856/1237 1838/2857/1237
f 1855/2858/1238 1856/2859/1238 1837/2857/1238 1854/2860/1238
f 1864/2861/1239 1854/2862/1239 1837/2863/1239 1858/2864/1239 1857/2865/1239
f 1838/2857/1240 1841/2866/1240 1864/2867/1240 1857/2868/1240 1865/2869/1240
f 1838/2870/1241 1866/2863/1241 1867/2871/1241 1862/2872/1241
f 1867/2873/1242 1859/2874/1242 1860/2875/1242 1861/2876/1242
f 1858/2877/1243 1837/2857/1243 1856/2878/1243 1861/2879/1243 1860/2880/1243
s 1
f 1839/2881/1244 1849/2882/1244 1846/2883/1244 1847/2884/1244 1852/2885/1244 1851/2886/1244
f 1850/2887/1245 1840/2888/1246 1863/2889/1247 1842/2890/1248
f 1845/2891/1249 1840/2888/1246 1850/2892/1245 1853/2893/1250 1843/2894/1250
f 1848/2895/1251 1840/2896/1246 1845/2897/1249 1844/2898/1252
f 1863/2899/1247 1840/2900/1246 1848/2901/1251
s 0
f 1866/2857/1253 1838/2870/1253 1865/2902/1253
f 1867/2903/1254 1866/2904/1254 1859/2905/1254
g Bottle_cell.066_Bottle_cell.065
v 0.034611 0.016103 0.036692
v 0.012927 0.011987 0.046900
v 0.033313 0.000101 0.057700
v 0.016411 0.000629 0.060221
v 0.011538 0.004888 0.045111
v 0.029390 0.005594 0.032651
v 0.021722 0.006119 0.037613
v 0.046313 0.003431 0.048320
v 0.039287 0.002276 0.054087
v 0.016411 0.000629 0.060221
v 0.011538 0.004888 0.045111
v 0.029390 0.005594 0.032651
v 0.021722 0.006119 0.037613
v 0.046313 0.003431 0.048320
v 0.039287 0.002276 0.054087
v 0.033313 0.000101 0.057700
vn -0.9383 0.1002 0.3309
vn -0.4785 0.4633 -0.7459
vn 0.1297 0.7794 0.6129
vn 0.6749 -0.0523 -0.7361
vn 0.0793 0.7906 0.6071
vn 0.3130 0.7827 0.5380
vn -0.0118 -0.9800 -0.1986
vn -0.0675 -0.9658 -0.2504
vn -0.0396 -0.9723 -0.2303
vn -0.0145 -0.9772 -0.2120
vn 0.0246 -0.9858 -0.1660
vn 0.5613 -0.6071 0.5624
vt 1.000000 0.114554
vt 0.816851 0.000000
vt 1.000000 0.000000
vt 0.146955 0.146955
vt 0.000000 0.000000
vt 1.000000 0.216330
vt 0.596277 0.171302
vt 0.738084 0.000000
vt 1.000000 1.000000
vt 0.783679 0.783679
vt 0.290794 0.104316
vt 0.298651 0.298651
vt 1.000000 0.790630
vt 0.738084 0.738084
vt 0.790630 0.790630
vt 1.000000 0.807711
vt 0.820981 0.243887
vt 0.795482 0.225009
vt 0.813486 0.196911
vt 0.832120 0.202315
vt 0.853385 0.207072
vt 0.851451 0.243887
vt 0.850358 0.248641
vt 0.833566 0.246987
s 0
f 1878/2906/1255 1877/2907/1255 1869/2908/1255
f 1878/2909/1256 1869/2910/1256 1868/2908/1256 1879/2911/1256 1880/2912/1256
f 1870/2913/1257 1868/2908/1257 1869/2914/1257 1877/2915/1257
f 1881/2916/1258 1879/2917/1258 1868/2910/1258
f 1882/2918/1259 1868/2914/1259 1870/2919/1259
f 1868/2914/1260 1882/2920/1260 1881/2921/1260
s 1
f 1883/2922/1261 1871/2923/1262 1872/2924/1262 1874/2925/1263
f 1883/2922/1261 1874/2925/1263 1873/2926/1264 1875/2927/1265
f 1883/2922/1261 1875/2928/1265 1876/2929/1266
g Bottle_cell.067_Bottle_cell.066
v -0.013505 0.015955 0.048526
v -0.021191 0.016886 0.042092
v -0.042799 0.002314 0.036439
v -0.056369 0.000060 0.034645
v -0.036451 0.001670 0.056262
v -0.048645 0.003551 0.046122
v -0.059078 0.006329 0.035684
v -0.022696 0.005614 0.039301
v -0.014806 0.005933 0.040197
v -0.011312 0.004757 0.045676
v -0.016587 0.000109 0.062182
v -0.042799 0.002314 0.036439
v -0.056369 0.000060 0.034645
v -0.036451 0.001670 0.056262
v -0.048645 0.003551 0.046122
v -0.022696 0.005614 0.039301
v -0.014806 0.005933 0.040197
v -0.011312 0.004757 0.045676
v -0.016587 0.000109 0.062182
v -0.059078 0.006329 0.035684
vn 0.0952 0.2028 -0.9746
vn -0.3099 0.8159 0.4882
vn 0.1008 0.2264 -0.9688
vn 0.7029 0.3984 -0.5892
vn 0.9392 0.1003 0.3284
vn -0.1658 0.6621 0.7309
vn 0.0710 -0.9789 -0.1914
vn 0.0217 -0.9707 -0.2393
vn 0.0510 -0.9931 -0.1060
vn -0.4653 -0.7612 0.4517
vn 0.1739 -0.9809 -0.0876
vn -0.3150 0.7905 0.5253
vn -0.6339 -0.5097 0.5816
vt 0.010035 0.000000
vt 0.327006 0.000000
vt 0.132398 0.103021
vt 1.000000 0.000000
vt 0.985192 0.985192
vt 0.000000 0.000000
vt 0.984611 0.984611
vt 0.486880 0.000000
vt 0.595595 0.180567
vt 1.000000 0.672994
vt 1.000000 0.491049
vt 0.486880 0.486880
vt 0.270908 0.064130
vt 0.169436 0.169436
vt 0.776240 0.000000
vt 0.952020 0.183494
vt 0.771595 0.146220
vt 0.780777 0.157754
vt 0.778173 0.169531
vt 0.749590 0.184264
vt 0.733516 0.156423
vt 0.771595 0.146220
vt 0.733516 0.095890
vt 0.748969 0.116066
vt 0.573685 0.144750
vt 0.782325 0.000000
vt 0.985192 0.000000
vt 0.728586 0.121098
vt 0.730482 0.093487
vt 0.731284 0.150416
s 0
f 1903/2930/1267 1895/2931/1267 1896/2932/1267
f 1885/2933/1268 1903/2934/1268 1884/2935/1268
f 1903/2936/1269 1885/2935/1269 1900/2937/1269 1899/2938/1269 1895/2939/1269
f 1885/2935/1270 1884/2933/1270 1901/2940/1270 1900/2941/1270
f 1902/2942/1271 1901/2943/1271 1884/2935/1271
f 1902/2944/1272 1884/2933/1272 1897/2945/1272
s 1
f 1891/2946/1273 1892/2947/1274 1893/2948/1274 1894/2949/1274 1888/2950/1275
f 1891/2951/1273 1888/2950/1275 1887/2952/1276 1886/2953/1277
s 0
f 1898/2954/1278 1897/2955/1278 1884/2935/1278 1903/2956/1278
s 1
f 1889/2957/1279 1890/2958/1279 1887/2952/1276 1888/2959/1275
g Bottle_cell.068_Bottle_cell.067
v 0.002424 0.358445 -0.004208
v 0.000428 0.353290 -0.001922
v 0.049714 0.200750 -0.001478
v 0.000643 0.204885 -0.001312
v 0.034674 0.362450 -0.060690
v 0.060058 0.362495 -0.035307
v 0.032757 0.378617 -0.057398
v 0.034131 0.370306 -0.059763
v 0.042096 0.385716 -0.043439
v 0.049852 0.384444 -0.036520
v 0.057711 0.375256 -0.033975
v 0.062000 0.362507 -0.028059
v 0.059889 0.370354 -0.031891
v 0.064856 0.341346 -0.017367
v 0.067364 0.223644 -0.007834
v 0.067383 0.197578 -0.007725
v 0.060069 0.193624 -0.035017
v -0.000000 0.193392 -0.069697
v -0.005105 0.194091 -0.068330
v 0.050175 0.192877 -0.044909
v 0.034681 0.191731 -0.060401
v 0.030643 0.387444 -0.053752
v 0.020764 0.384800 -0.057658
v 0.020117 0.378611 -0.060785
v 0.018972 0.370298 -0.063824
v -0.000000 0.279494 -0.069842
v -0.015992 0.212978 -0.065445
v 0.017553 0.362442 -0.065278
v -0.015979 0.195601 -0.065419
v 0.042096 0.385716 -0.043439
v 0.049852 0.384444 -0.036520
v 0.062000 0.362507 -0.028059
v 0.059889 0.370354 -0.031891
v 0.057711 0.375256 -0.033975
v 0.064856 0.341346 -0.017367
v 0.067364 0.223644 -0.007834
v 0.067383 0.197578 -0.007725
v 0.060069 0.193624 -0.035017
v -0.000000 0.193392 -0.069697
v 0.034681 0.191731 -0.060401
v 0.050175 0.192877 -0.044909
v -0.005105 0.194091 -0.068330
v 0.030643 0.387444 -0.053752
v -0.000000 0.279494 -0.069842
v -0.015992 0.212978 -0.065445
v 0.020764 0.384800 -0.057658
v 0.020117 0.378611 -0.060785
v 0.018972 0.370298 -0.063824
v 0.017553 0.362442 -0.065278
v -0.015979 0.195601 -0.065419
vn -0.2135 0.8900 0.4028
vn 0.2995 0.4729 0.8287
vn 0.2745 0.2990 0.9139
vn 0.2469 0.0835 0.9654
vn 0.2530 0.0728 0.9647
vn -0.0802 -0.9618 0.2616
vn -0.0908 -0.9824 0.1635
vn -0.2792 0.8895 0.3616
vn -0.9414 0.2832 -0.1834
vn -0.9504 0.2136 -0.2260
vn -0.9680 -0.0004 0.2510
vn 0.0037 0.0041 1.0000
vn 0.5013 0.0892 -0.8607
vn 0.4997 -0.0014 -0.8662
vn 0.0156 -0.0017 -0.9999
vn 0.2211 -0.0016 -0.9752
vn 0.2584 0.0556 -0.9644
vn -0.2588 -0.0016 -0.9659
vn 0.8576 -0.0008 -0.5143
vn 0.8512 0.0937 -0.5164
vn 0.9649 0.0454 -0.2586
vn 0.9659 -0.0004 -0.2588
vn 0.7071 -0.0012 -0.7071
vn 0.7936 0.1948 -0.5765
vn 0.4954 0.2206 -0.8402
vn 0.4758 0.3417 -0.8105
vn 0.6917 0.2580 -0.6745
vn 0.2419 0.3536 -0.9036
vn 0.2532 0.2058 -0.9453
vn 0.6512 0.4000 -0.6449
vn 0.4666 0.4210 -0.7779
vn 0.2349 0.4186 -0.8773
vn -0.0918 -0.9818 0.1662
vt 0.660970 0.000000
vt 1.000000 0.000000
vt 1.000000 0.404518
vt 0.490585 0.276107
vt 0.449672 0.354681
vt 0.404518 0.404518
vt 0.000000 0.000000
vt 0.531823 0.000000
vt 0.508798 0.195754
vt 0.531823 0.531823
vt 0.541459 0.541459
vt 0.824345 0.000000
vt 1.000000 0.569686
vt 0.824345 0.824345
vt 0.569686 0.569686
vt 0.556573 0.238548
vt 0.185077 0.000000
vt 0.844226 0.000000
vt 0.857183 0.094303
vt 0.545046 0.000000
vt 1.000000 0.339030
vt 0.711628 0.140074
vt 1.000000 1.000000
vt 0.527193 0.000000
vt 1.000000 0.117045
vt 0.527193 0.527193
vt 0.525000 0.485135
vt 0.529888 0.439763
vt 0.544091 0.410485
vt 0.766908 0.204769
vt 0.117045 0.117045
vt 0.116416 0.000000
vt 0.546475 0.672108
vt 0.546458 0.353064
vt 0.604185 0.355157
vt 0.604188 0.516067
vt 0.574973 0.671595
vt 0.634922 0.391746
vt 0.604188 0.516067
vt 0.613996 0.356460
vt 0.634896 0.359272
vt 0.239892 0.407479
vt 0.239898 0.091889
vt 0.253829 0.091889
vt 0.274307 0.131471
vt 0.292236 0.351466
vt 0.292358 0.400179
vt 0.182165 0.409889
vt 0.182182 0.090846
vt 0.239892 0.407479
vt 0.217396 0.408435
vt 0.240420 0.077255
vt 0.183609 0.076228
vt 0.187216 0.060699
vt 0.241199 0.068062
vt 0.572547 0.701875
vt 0.551509 0.702254
vt 0.547902 0.686726
vt 0.573133 0.686272
vt 0.216757 0.047887
vt 0.232887 0.050600
vt 0.238070 0.061619
vt 0.192766 0.044158
vt 0.557059 0.718795
vt 0.572735 0.716590
vt 0.245968 0.077255
vt 0.814923 0.000000
vt 0.912763 0.002953
vt 0.824113 0.824113
vt 0.116416 0.116416
vt 0.155774 0.000000
s 0
f 1933/2960/1280 1904/2961/1280 1934/2962/1280
f 1936/2963/1281 1937/2964/1281 1934/2965/1281 1904/2966/1281 1938/2967/1281 1935/2968/1281
f 1904/2966/1282 1905/2961/1282 1938/2969/1282
f 1938/2970/1283 1905/2966/1283 1939/2971/1283
f 1905/2966/1284 1906/2961/1284 1940/2972/1284 1939/2973/1284
f 1940/2974/1285 1906/2966/1285 1907/2961/1285
f 1943/2975/1286 1944/2976/1286 1945/2977/1286 1942/2978/1286
f 1949/2979/1287 1904/2961/1287 1933/2980/1287 1946/2981/1287
f 1904/2982/1288 1949/2983/1288 1905/2961/1288
f 1948/2984/1289 1905/2982/1289 1949/2985/1289 1950/2986/1289 1951/2987/1289 1952/2988/1289 1947/2989/1289
f 1907/2961/1290 1905/2982/1290 1948/2990/1290 1953/2991/1290
f 1907/2966/1291 1906/2961/1291 1905/2982/1291
s 1
f 1908/2992/1292 1924/2993/1293 1921/2994/1294 1929/2995/1295 1931/2996/1296
f 1930/2997/1297 1929/2998/1295 1921/2994/1294 1922/2999/1297 1932/3000/1297
f 1941/3001/1298 1909/3002/1299 1915/3003/1300 1917/3004/1301 1918/3005/1301 1919/3006/1301
f 1924/3007/1293 1908/3008/1292 1909/3002/1299 1941/3009/1298 1923/3010/1302
f 1916/3011/1303 1911/3012/1304 1910/3013/1305 1914/3014/1306
f 1927/3015/1307 1910/3016/1305 1911/3017/1304 1928/3018/1308
f 1912/3019/1309 1913/3020/1309 1914/3021/1306 1910/3013/1305 1925/3022/1310
f 1925/3023/1310 1910/3016/1305 1927/3015/1307 1926/3024/1311
f 1928/3018/1308 1911/3017/1304 1908/2992/1292 1931/2996/1296
f 1908/3008/1292 1911/3012/1304 1916/3011/1303 1909/3002/1299
f 1915/3003/1300 1909/3002/1299 1916/3025/1303
s 0
f 1944/3026/1312 1920/3027/1312 1940/3028/1312 1907/2982/1312 1953/3029/1312 1945/3030/1312
g Bottle_cell.069_Bottle_cell.068
v 0.041866 0.033460 -0.043438
v 0.031687 0.047674 -0.054057
v 0.001369 0.016706 -0.061897
v 0.033313 -0.000101 -0.057700
v 0.006611 0.002608 -0.054508
v 0.001303 0.002195 -0.057492
v 0.036160 0.003256 -0.037483
v 0.044969 -0.000080 -0.046045
v 0.046629 0.042590 -0.048206
v 0.025400 0.004056 -0.044001
v 0.001044 0.003350 -0.069097
v 0.001315 0.026555 -0.069064
v 0.007994 0.033371 -0.067286
v 0.034686 0.060348 -0.060179
v 0.044284 0.048079 -0.050560
v 0.006611 0.002608 -0.054508
v 0.001303 0.002195 -0.057492
v 0.036160 0.003256 -0.037483
v 0.044969 -0.000080 -0.046045
v 0.025400 0.004056 -0.044001
v 0.001044 0.003350 -0.069097
v 0.001315 0.026555 -0.069064
v 0.007994 0.033371 -0.067286
v 0.034686 0.060348 -0.060179
v 0.046629 0.042590 -0.048206
v 0.044284 0.048079 -0.050560
vn -0.4888 0.2554 0.8342
vn 0.6987 0.0090 0.7153
vn -0.4868 0.2566 0.8350
vn -0.9997 0.0116 0.0235
vn -0.6310 0.4542 0.6289
vn -0.4894 0.2692 0.8294
vn -0.6273 0.4540 0.6327
vn 0.0886 0.4244 0.9011
vn -0.2510 0.4625 0.8504
vn 0.3242 -0.7432 -0.5853
vn 0.2175 -0.6343 -0.7418
vn 0.3093 -0.0338 -0.9504
vn 0.5151 -0.0441 -0.8560
vn 0.6869 -0.0518 -0.7249
vn 0.4015 -0.8084 -0.4305
vn -0.0706 -0.9928 0.0965
vn -0.1280 -0.9816 0.1419
vn -0.1845 -0.9650 0.1862
vt 0.211788 0.211788
vt 0.000000 0.000000
vt 0.217082 0.000000
vt 0.780786 0.745414
vt 0.937532 0.000000
vt 1.000000 0.000000
vt 1.000000 0.362494
vt 0.362494 0.362494
vt 1.000000 0.211788
vt 0.586399 0.294127
vt 0.217082 0.217082
vt 0.124326 0.000000
vt 0.872657 0.588436
vt 0.124326 0.124326
vt 0.102573 0.000000
vt 1.000000 1.000000
vt 1.000000 0.897427
vt 0.113340 0.013724
vt 1.000000 0.899671
vt 0.922805 0.922805
vt 0.903644 0.000000
vt 0.899671 0.899671
vt 0.546440 0.001040
vt 0.602440 0.000031
vt 0.601990 0.043405
vt 0.590872 0.056338
vt 0.546445 0.107530
vt 0.203974 0.678775
vt 0.209306 0.689138
vt 0.209794 0.762411
vt 0.182147 0.761911
vt 0.182844 0.655442
vt 0.933225 0.061537
vt 0.930174 0.050651
vt 0.941487 0.038723
vt 0.972474 0.092394
vt 0.944092 0.099999
vt 0.972474 0.122996
vt 0.949662 0.122679
s 0
f 1969/3031/1313 1956/3032/1313 1970/3033/1313
f 1972/3034/1314 1978/3035/1314 1954/3036/1314 1971/3037/1314
f 1971/3038/1315 1954/3032/1315 1956/3036/1315 1969/3039/1315 1973/3040/1315
f 1970/3041/1316 1956/3032/1316 1975/3042/1316 1974/3043/1316
f 1975/3044/1317 1956/3032/1317 1976/3045/1317
f 1955/3036/1318 1956/3046/1318 1954/3032/1318
f 1976/3047/1319 1956/3046/1319 1955/3032/1319 1977/3048/1319
f 1979/3049/1320 1954/3046/1320 1978/3050/1320
f 1977/3051/1321 1955/3036/1321 1954/3046/1321 1979/3052/1321
s 1
f 1957/3053/1322 1964/3054/1323 1965/3055/1324 1966/3056/1324 1967/3057/1325
f 1968/3058/1326 1962/3059/1326 1961/3060/1327 1957/3061/1322 1967/3062/1325
f 1958/3063/1328 1959/3064/1328 1964/3065/1323 1957/3066/1322 1963/3067/1329
f 1963/3067/1329 1957/3066/1322 1961/3068/1327 1960/3069/1330
g Bottle_cell.070_Bottle_cell.069
v 0.043785 0.032651 -0.041785
v 0.057950 0.032466 -0.016071
v 0.062751 0.017252 -0.001474
v 0.057700 -0.000058 -0.033313
v 0.058559 0.002073 -0.000470
v 0.066471 -0.000001 -0.000582
v 0.052998 0.002895 -0.009263
v 0.047440 0.003613 -0.019484
v 0.044216 0.004021 -0.025535
v 0.038111 0.003150 -0.036103
v 0.046384 -0.000078 -0.044630
v 0.048374 0.041579 -0.046459
v 0.068795 0.026677 -0.002202
v 0.065336 0.041249 -0.015133
v 0.062711 0.047377 -0.024938
v 0.060078 0.051733 -0.034772
v 0.066471 -0.000001 -0.000582
v 0.068795 0.026677 -0.002202
v 0.058559 0.002073 -0.000470
v 0.046384 -0.000078 -0.044630
v 0.048374 0.041579 -0.046459
v 0.052998 0.002895 -0.009263
v 0.047440 0.003613 -0.019484
v 0.044216 0.004021 -0.025535
v 0.038111 0.003150 -0.036103
v 0.065336 0.041249 -0.015133
v 0.062711 0.047377 -0.024938
v 0.060078 0.051733 -0.034772
vn -0.8055 0.2577 0.5336
vn -0.8429 0.2508 0.4760
vn -0.8466 0.2530 0.4682
vn -0.7170 0.0037 -0.6970
vn -0.6083 0.4411 0.6598
vn -0.6847 0.5214 0.5092
vn -0.7648 0.5067 0.3980
vn 0.9576 -0.0642 -0.2810
vn 0.6232 -0.7595 -0.1864
vn 0.5709 -0.7512 -0.3313
vn 0.8709 -0.0631 -0.4874
vn 0.4261 -0.8091 -0.4047
vn 0.7184 -0.0580 -0.6932
vn -0.2521 -0.9652 0.0692
vn -0.2192 -0.9673 0.1274
vn -0.1845 -0.9650 0.1862
vn 0.0295 0.0580 0.9979
vt 1.000000 0.357062
vt 0.224528 0.224528
vt 0.000000 0.000000
vt 1.000000 0.000000
vt 0.349325 0.000000
vt 0.357062 0.357062
vt 1.000000 0.356381
vt 0.581916 0.344915
vt 0.349325 0.349325
vt 0.356381 0.356381
vt 0.060798 0.000000
vt 0.917578 0.729311
vt 0.893061 0.893061
vt 0.879550 0.000000
vt 1.000000 1.000000
vt 0.891670 0.891670
vt 1.000000 0.898870
vt 0.924789 0.000000
vt 0.898870 0.898870
vt 0.869681 0.586774
vt 0.277598 0.692304
vt 0.302402 0.719579
vt 0.304903 0.762955
vt 0.239885 0.762955
vt 0.239886 0.672648
vt 0.258773 0.680820
vt 0.239886 0.672648
vt 0.212971 0.762469
vt 0.213313 0.687092
vt 0.940842 0.161117
vt 0.944552 0.148941
vt 0.972474 0.156423
vt 0.941019 0.210905
vt 0.930482 0.200670
vt 0.934722 0.181828
vt 0.944552 0.148941
vt 0.950413 0.127052
vt 0.972474 0.126710
vt 0.893061 0.000000
vt 1.000000 0.224527
vt 0.865063 0.070161
s 0
f 2001/3070/1331 1998/3071/1331 1982/3072/1331 1981/3073/1331
f 1981/3072/1332 2002/3074/1332 2001/3075/1332
f 1981/3072/1333 1980/3073/1333 2004/3076/1333 2003/3077/1333 2002/3078/1333
f 2004/3079/1334 1980/3072/1334 2000/3080/1334 1999/3081/1334
f 1992/3082/1335 2005/3083/1335 1981/3073/1335 1982/3084/1335
f 2005/3085/1336 2006/3086/1336 1981/3084/1336
f 2000/3087/1337 1980/3073/1337 1981/3084/1337 2006/3088/1337 2007/3089/1337
s 1
f 1993/3090/1338 1997/3091/1338 1996/3092/1339 1983/3093/1340 1995/3094/1341 1994/3095/1338
f 1995/3096/1341 1983/3093/1340 1990/3097/1342 1991/3098/1343
f 1987/3099/1344 1988/3100/1345 1983/3101/1340 1996/3102/1339 1984/3103/1344 1986/3104/1344
f 1983/3101/1340 1988/3105/1345 1989/3106/1346 1990/3107/1342
s 0
f 1992/3108/1347 1982/3073/1347 1998/3109/1347 1985/3110/1347
g Bottle_cell.071_Bottle_cell.070
v -0.007371 0.405280 0.022976
v -0.002114 0.361479 0.001479
v -0.005261 0.366340 0.002331
v -0.018644 0.385285 0.005617
v -0.038866 0.399263 0.010899
v -0.022524 0.411042 0.038296
v -0.039013 0.411013 0.021807
v -0.009686 0.418038 0.031716
v -0.012451 0.409823 0.042032
v -0.015413 0.420356 0.026855
v -0.016027 0.391477 0.054466
v -0.029326 0.393123 0.050107
v -0.015249 0.397352 0.051846
v -0.028098 0.417957 0.019154
v -0.040683 0.411002 0.015577
v -0.032691 0.416119 0.018148
v -0.023102 0.419163 0.021806
v -0.046682 0.403917 0.015523
v -0.050603 0.393544 0.028529
v -0.049857 0.397304 0.024564
v -0.009686 0.418038 0.031716
v -0.015413 0.420356 0.026855
v -0.016027 0.391477 0.054466
v -0.029326 0.393123 0.050107
v -0.012451 0.409823 0.042032
v -0.015249 0.397352 0.051846
v -0.040683 0.411002 0.015577
v -0.032691 0.416119 0.018148
v -0.028098 0.417957 0.019154
v -0.050603 0.393544 0.028529
v -0.049857 0.397304 0.024564
v -0.046682 0.403917 0.015523
v -0.023102 0.419163 0.021806
vn 0.9662 -0.0014 0.2579
vn 0.6693 0.4987 -0.5507
vn -0.3336 -0.8645 0.3759
vn 0.9655 -0.0118 0.2602
vn -0.0547 0.3195 -0.9460
vn 0.4623 0.4348 -0.7728
vn 0.4448 0.4382 -0.7811
vn 0.3948 0.4379 -0.8077
vn 0.5931 0.7734 0.2240
vn -0.6398 -0.4709 -0.6074
vn -0.6485 -0.4876 -0.5845
vn -0.2617 -0.0139 -0.9651
vn 0.0313 0.1922 -0.9809
vn -0.2895 0.8175 0.4979
vn -0.3570 0.7157 0.6002
vn -0.1989 0.7049 0.6808
vn -0.1378 0.8009 0.5827
vn -0.4109 0.8121 0.4143
vn -0.4491 0.8182 0.3589
vn -0.5928 0.7168 0.3670
vn -0.6728 0.7054 0.2231
vn -0.4063 0.5875 0.6998
vn -0.2349 0.4217 0.8758
vn -0.2435 0.5403 0.8055
vn -0.6230 0.6120 0.4871
vn -0.7295 0.6304 0.2653
vt 1.000000 0.000000
vt 1.000000 0.163181
vt 0.802573 0.000000
vt 0.267102 0.000000
vt 0.163181 0.163181
vt 0.000000 0.000000
vt 0.590711 0.000000
vt 1.000000 0.448983
vt 0.853516 0.321691
vt 1.000000 0.197427
vt 0.617032 0.384408
vt 0.448983 0.448983
vt 0.252487 0.000000
vt 0.283454 0.089778
vt 0.324842 0.256843
vt 0.337630 0.337630
vt 1.000000 1.000000
vt 0.553785 0.000000
vt 1.000000 0.732898
vt 0.553786 0.553786
vt 1.000000 0.434006
vt 0.252487 0.252487
vt 0.086295 0.086295
vt 0.412188 0.082536
vt 0.406164 0.180978
vt 0.379810 0.379810
vt 0.824569 0.272877
vt 0.831016 0.248817
vt 0.848216 0.258747
vt 0.839249 0.274292
vt 0.798586 0.266612
vt 0.791232 0.261908
vt 0.787724 0.248817
vt 0.808630 0.269687
vt 0.777354 0.254804
vt 0.014080 0.729107
vt 0.035834 0.725595
vt 0.038484 0.736639
vt 0.381032 0.025922
vt 0.396229 0.000000
vt 0.433721 0.000676
vt 0.428158 0.026772
vt 0.031936 0.762956
vt 0.016739 0.737032
vt 0.049136 0.762645
vt 0.445695 0.000676
vt 0.448696 0.014159
vt 0.434030 0.026772
s 0
f 2008/3111/1348 2028/3112/1348 2032/3113/1348
f 2029/3114/1349 2028/3115/1349 2008/3116/1349
f 2037/3117/1350 2009/3111/1350 2030/3118/1350 2031/3119/1350
f 2009/3116/1351 2008/3111/1351 2032/3120/1351 2033/3121/1351 2030/3122/1351
f 2011/3116/1352 2039/3123/1352 2034/3124/1352 2035/3125/1352 2036/3126/1352
f 2009/3116/1353 2010/3111/1353 2008/3127/1353
f 2008/3127/1354 2010/3116/1354 2040/3128/1354 2029/3129/1354
f 2040/3130/1355 2010/3116/1355 2011/3111/1355 2036/3131/1355
f 2039/3132/1356 2011/3116/1356 2012/3111/1356
f 2012/3116/1357 2009/3111/1357 2039/3133/1357
f 2009/3116/1358 2037/3134/1358 2038/3135/1358 2039/3136/1358
f 2012/3116/1359 2011/3111/1359 2009/3127/1359
f 2011/3116/1360 2010/3111/1360 2009/3127/1360
s 1
f 2017/3137/1361 2013/3138/1362 2016/3139/1363 2015/3140/1364
f 2021/3141/1365 2023/3142/1366 2014/3143/1367 2013/3138/1362 2017/3137/1361 2024/3144/1365
f 2014/3143/1367 2023/3142/1366 2022/3145/1368
f 2019/3146/1369 2018/3147/1370 2020/3148/1371
f 2019/3149/1369 2013/3150/1362 2014/3151/1367 2026/3152/1372
f 2013/3153/1362 2019/3154/1369 2020/3148/1371 2016/3155/1363
f 2026/3152/1372 2014/3151/1367 2022/3156/1368 2025/3157/1373 2027/3158/1373
g Bottle_cell.072_Bottle_cell.071
v -0.000000 0.030870 -0.006976
v -0.044223 0.190235 -0.046141
v -0.000827 0.202638 -0.002670
v 0.000079 0.030880 -0.001339
v 0.059420 0.191306 -0.035662
v 0.059504 0.176709 -0.035553
v 0.005301 0.030875 -0.004209
v 0.011825 0.027745 -0.008559
v 0.034248 0.189501 -0.060514
v -0.028700 0.191600 -0.062004
v -0.016787 0.193526 -0.065199
v -0.000000 0.191177 -0.069693
v -0.007922 0.028537 -0.009697
v 0.008222 0.027125 -0.014288
v 0.033743 0.136009 -0.060559
v -0.016874 0.172576 -0.065141
v -0.000000 0.176475 -0.069668
v -0.000000 0.028161 -0.013852
v 0.059420 0.191306 -0.035662
v 0.059504 0.176709 -0.035553
v 0.000079 0.030880 -0.001339
v 0.005301 0.030875 -0.004209
v -0.028700 0.191600 -0.062004
v -0.016787 0.193526 -0.065199
v 0.034248 0.189501 -0.060514
v -0.000000 0.191177 -0.069693
v 0.033743 0.136009 -0.060559
v -0.000000 0.176475 -0.069668
v -0.016874 0.172576 -0.065141
v 0.011825 0.027745 -0.008559
v 0.008222 0.027125 -0.014288
v -0.007922 0.028537 -0.009697
v -0.000000 0.030870 -0.006976
v -0.000000 0.028161 -0.013852
vn 0.4876 0.0064 0.8730
vn 0.8659 -0.3479 -0.3595
vn 0.0937 0.9816 -0.1662
vn -0.1838 0.9783 -0.0957
vn -0.7096 -0.0030 0.7046
vn 0.0927 0.9816 -0.1667
vn -0.0957 -0.3702 -0.9240
vn -0.2093 -0.3489 -0.9135
vn -0.0151 -0.0017 -0.9999
vn 0.4981 -0.0034 -0.8671
vn 0.4957 -0.0034 -0.8685
vn 0.0405 -0.0017 -0.9992
vn -0.2588 -0.0016 -0.9659
vn 0.7016 -0.0050 -0.7125
vn -0.0387 -0.9660 0.2558
vn 0.1465 -0.9203 0.3627
vn -0.0000 -0.9304 0.3667
vn -0.1721 -0.9338 0.3137
vn -0.2086 -0.9348 0.2874
vn -0.1426 -0.9700 0.1971
vn -0.6679 -0.3031 -0.6797
vn -0.0000 -1.0000 0.0017
vt 1.000000 0.928492
vt 0.928373 0.928373
vt 0.000000 0.000000
vt 0.841509 0.000000
vt 0.917268 0.080552
vt 1.000000 0.157032
vt 0.923469 0.923469
vt 0.131841 0.131841
vt 0.130712 0.000000
vt 0.724184 0.000000
vt 0.264270 0.000000
vt 1.000000 0.000000
vt 1.000000 0.928373
vt 0.394086 0.000000
vt 1.000000 1.000000
vt 0.102246 0.102246
vt 0.839811 0.000000
vt 0.905200 0.069417
vt 1.000000 0.158491
vt 0.264270 0.264270
vt 0.735259 0.071818
vt 1.000000 0.102246
vt 1.000000 0.275816
vt 0.768562 0.635476
vt 0.136438 0.000000
vt 0.732282 0.732282
vt 0.137317 0.066706
vt 0.133944 0.000000
vt 0.895135 0.000000
vt 0.926455 0.265702
vt 0.604185 0.351018
vt 0.546458 0.348855
vt 0.548017 0.248900
vt 0.604184 0.323543
vt 0.659347 0.351784
vt 0.636449 0.355393
vt 0.604185 0.351018
vt 0.604184 0.323543
vt 0.636615 0.316241
vt 0.238415 0.411781
vt 0.238510 0.440219
vt 0.182160 0.515152
vt 0.182165 0.414098
vt 0.053257 0.798038
vt 0.065361 0.793162
vt 0.068921 0.800493
vt 0.074032 0.817395
vt 0.061419 0.822244
vt 0.054168 0.814635
vt 0.056583 0.810451
vt 0.073657 0.815027
vt 0.056583 0.803799
vt 0.072137 0.808431
vt 0.138230 0.000000
vt 1.000000 0.605914
vt 0.895135 0.895135
vt 0.056583 0.803951
s 0
f 2060/3159/1374 2059/3160/1374 2043/3161/1374 2061/3162/1374 2062/3163/1374 2070/3164/1374
f 2060/3165/1375 2070/3166/1375 2071/3167/1375 2067/3168/1375
f 2065/3169/1376 2043/3170/1376 2059/3171/1376
f 2063/3172/1377 2042/3170/1377 2043/3173/1377 2064/3174/1377
f 2043/3173/1378 2042/3161/1378 2072/3175/1378 2041/3176/1378 2061/3177/1378
f 2043/3173/1379 2065/3178/1379 2066/3179/1379 2064/3180/1379
f 2067/3181/1380 2071/3182/1380 2058/3183/1380
f 2067/3184/1381 2058/3185/1381 2072/3186/1381 2069/3187/1381 2068/3188/1381
s 1
f 2052/3189/1382 2049/3190/1383 2055/3191/1384 2057/3192/1385
f 2050/3193/1386 2051/3194/1386 2052/3195/1382 2057/3196/1385 2056/3197/1386
f 2045/3198/1387 2046/3199/1387 2055/3200/1384 2049/3201/1383
f 2073/3202/1388 2053/3203/1389 2074/3204/1390
f 2054/3205/1391 2048/3206/1392 2047/3207/1393 2073/3208/1388
f 2054/3209/1391 2073/3210/1388 2074/3211/1390
s 0
f 2072/3212/1394 2042/3170/1394 2063/3213/1394 2069/3214/1394
s 1
f 2044/3215/1395 2073/3208/1388 2047/3207/1393
g Bottle_cell.073_Bottle_cell.072
v 0.041507 0.030520 -0.039696
v 0.055760 0.030937 -0.015640
v 0.060149 0.015681 -0.000663
v 0.029041 0.008612 -0.016782
v 0.048617 0.004356 0.005082
v 0.053589 0.003260 0.002106
v 0.053617 0.003020 -0.005269
v 0.042615 0.004506 -0.024612
v 0.036472 0.003751 -0.034609
v 0.021581 0.013956 -0.019999
v 0.025932 0.014785 -0.014997
v 0.028114 0.014018 -0.008541
v 0.023732 0.008603 -0.022091
v 0.035976 0.008004 -0.000014
v 0.048617 0.004356 0.005082
v 0.053589 0.003260 0.002106
v 0.042615 0.004506 -0.024612
v 0.036472 0.003751 -0.034609
v 0.053617 0.003020 -0.005269
v 0.025932 0.014785 -0.014997
v 0.028114 0.014018 -0.008541
v 0.021581 0.013956 -0.019999
v 0.023732 0.008603 -0.022091
v 0.035976 0.008004 -0.000014
vn 0.8366 -0.2418 -0.4915
vn -0.1813 0.6345 0.7514
vn 0.5005 -0.0720 0.8627
vn 0.8858 -0.4637 0.0185
vn 0.8331 -0.2504 -0.4931
vn -0.4561 0.8525 0.2555
vn -0.7016 -0.0034 -0.7126
vn -0.2362 0.6780 0.6960
vn -0.4783 -0.8275 0.2941
vn -0.2200 -0.9675 0.1245
vn -0.2539 -0.9652 0.0630
vn -0.2538 -0.9670 0.0237
vn -0.3717 -0.9233 0.0967
vn -0.4353 -0.7873 0.4367
vn -0.1845 -0.9650 0.1862
vn -0.7852 -0.5546 0.2754
vn -0.7146 -0.5319 0.4543
vn -0.6164 -0.4890 0.6172
vn -0.2521 -0.9655 -0.0659
vt 1.000000 0.000000
vt 1.000000 1.000000
vt 0.000000 0.000000
vt 1.000000 0.585555
vt 0.578428 0.000000
vt 0.669242 0.669242
vt 1.000000 0.811362
vt 1.000000 0.806357
vt 0.809719 0.800931
vt 0.666332 0.000000
vt 0.806357 0.806357
vt 0.727529 0.280028
vt 0.469693 0.000000
vt 0.473945 0.473945
vt 0.497045 0.253185
vt 1.000000 0.473945
vt 0.666332 0.666332
vt 0.894493 0.467264
vt 1.000000 0.421572
vt 0.504261 0.504261
vt 0.913130 0.140521
vt 0.941238 0.148053
vt 0.930292 0.187884
vt 0.927012 0.198426
vt 0.898358 0.166107
vt 0.941238 0.148053
vt 0.913130 0.126583
vt 0.946299 0.126862
vt 0.600785 0.805210
vt 0.599366 0.792585
vt 0.610613 0.790860
vt 0.610613 0.820404
vt 0.599366 0.792585
vt 0.601057 0.781523
vt 0.610831 0.778788
vt 0.920572 0.197530
vt 0.906950 0.194101
vt 0.900223 0.171636
s 0
f 2076/3216/1396 2077/3217/1396 2075/3218/1396
f 2089/3219/1397 2077/3217/1397 2076/3218/1397 2098/3220/1397
f 2089/3221/1398 2090/3222/1398 2077/3217/1398
f 2093/3223/1399 2077/3217/1399 2090/3224/1399
f 2092/3225/1400 2075/3216/1400 2077/3217/1400 2093/3226/1400 2091/3227/1400
f 2095/3228/1401 2076/3216/1401 2075/3217/1401 2096/3229/1401 2094/3230/1401
f 2096/3231/1402 2075/3217/1402 2092/3232/1402 2097/3233/1402
f 2098/3234/1403 2076/3217/1403 2095/3235/1403
s 1
f 2078/3236/1404 2082/3237/1405 2081/3238/1406 2080/3239/1407 2088/3240/1408
f 2082/3241/1405 2078/3236/1404 2087/3242/1409 2083/3243/1410
f 2086/3244/1411 2085/3245/1412 2078/3246/1404 2088/3247/1408
f 2085/3248/1412 2084/3249/1413 2087/3250/1409 2078/3246/1404
f 2080/3251/1407 2079/3252/1414 2088/3253/1408
g Bottle_cell.074_Bottle_cell.073
v -0.000001 0.563375 0.031770
v 0.007019 0.563371 0.029889
v 0.006111 0.557575 0.030143
v -0.000001 0.557773 0.031780
v -0.007858 0.558061 0.029674
v -0.005982 0.563372 0.030167
v 0.006111 0.557575 0.030143
v -0.000001 0.557773 0.031780
v -0.007858 0.558061 0.029674
v -0.000001 0.563375 0.031770
v -0.005982 0.563372 0.030167
v 0.007019 0.563371 0.029889
vn 0.0073 0.1669 -0.9860
vn -0.0345 -0.9994 -0.0077
vn 0.2588 0.0017 0.9659
vn -0.0000 0.0017 1.0000
vn 0.0057 0.0017 1.0000
vn -0.2588 0.0017 0.9659
vt 1.000000 0.730544
vt 1.000000 1.000000
vt 0.000000 0.000000
vt 0.261296 0.000000
vt 0.511200 0.233094
vt 1.000000 0.000000
vt 0.983360 0.983360
vt 0.967043 0.587903
vt 0.174921 0.808024
vt 0.181653 0.808199
vt 0.181653 0.821691
vt 0.171259 0.821691
vt 0.181833 0.831648
vt 0.172036 0.834771
s 0
f 2110/3254/1415 2105/3255/1415 2107/3256/1415 2109/3257/1415 2108/3258/1415
f 2107/3259/1416 2105/3260/1416 2106/3261/1416
s 1
f 2101/3262/1417 2100/3263/1417 2099/3264/1418 2102/3265/1419
f 2104/3266/1420 2103/3267/1420 2102/3265/1419 2099/3264/1418
g Bottle_cell.075_Bottle_cell.074
v -0.006741 0.557307 0.025946
v 0.006869 0.557015 0.026877
v 0.007970 0.568648 0.024076
v 0.004222 0.573310 0.025072
v -0.004362 0.573403 0.018763
v 0.007238 0.560049 0.016365
v -0.000055 0.568837 0.018194
v -0.000030 0.573376 0.021928
v -0.007135 0.563898 0.027623
v -0.006084 0.573309 0.024573
v -0.000001 0.564208 0.028231
v 0.007249 0.563782 0.028085
v 0.003250 0.556251 0.017487
v -0.004061 0.554239 0.017325
v 0.007970 0.568648 0.024076
v 0.004222 0.573310 0.025072
v 0.007238 0.560049 0.016365
v -0.000055 0.568837 0.018194
v -0.004362 0.573403 0.018763
v -0.004362 0.573403 0.018763
v -0.004362 0.573403 0.018763
v -0.000030 0.573376 0.021928
v -0.006084 0.573309 0.024573
v -0.007135 0.563898 0.027623
v -0.000001 0.564208 0.028231
v 0.003250 0.556251 0.017487
v -0.004061 0.554239 0.017325
v 0.007249 0.563782 0.028085
vn 0.5042 0.5512 -0.6648
vn 0.4947 0.5505 -0.6724
vn -0.9562 0.0108 -0.2925
vn -0.0714 -0.2500 0.9656
vn 0.0095 -0.1763 0.9843
vn 0.9958 -0.0877 0.0271
vn 0.6484 -0.7372 -0.1900
vn 0.2658 -0.9637 -0.0240
vn -0.0424 -0.9454 0.3233
vn 0.0536 0.4426 0.8951
vn 0.0454 0.6866 0.7256
vn 0.0948 0.7146 0.6931
vn 0.1247 0.4407 0.8889
vn -0.0153 0.4423 0.8968
vn -0.0045 0.9999 0.0149
vn -0.0898 0.0392 -0.9952
vn -0.0532 0.0739 -0.9958
vn -0.0677 0.0601 -0.9959
vn -0.0998 0.0297 -0.9946
vt 0.727265 0.217752
vt 0.477656 0.000000
vt 1.000000 0.000000
vt 1.000000 0.326902
vt 0.326902 0.326902
vt 0.084844 0.000000
vt 0.652819 0.263232
vt 1.000000 0.406009
vt 0.352090 0.352090
vt 0.554335 0.000000
vt 0.827869 0.181362
vt 0.713229 0.389675
vt 0.155059 0.155059
vt 0.000000 0.000000
vt 0.692187 0.165983
vt 0.160453 0.160453
vt 0.354285 0.000000
vt 0.354285 0.354285
vt 1.000000 0.522344
vt 1.000000 1.000000
vt 0.459868 0.000000
vt 0.459868 0.459868
vt 0.643228 0.000000
vt 0.356772 0.000000
vt 0.089091 0.811740
vt 0.105105 0.811740
vt 0.105288 0.821866
vt 0.089278 0.822081
vt 0.105105 0.803623
vt 0.089091 0.796989
vt 0.096458 0.796421
vt 0.274379 0.800774
vt 0.278423 0.810187
vt 0.266726 0.810360
vt 0.956281 0.280462
vt 0.956811 0.253429
vt 0.963226 0.257340
vt 0.963226 0.257340
vt 0.977191 0.273636
vt 0.969502 0.280684
vt 0.963151 0.284073
s 0
f 2126/3268/1421 2125/3269/1421 2127/3270/1421 2132/3271/1421
f 2132/3272/1422 2127/3273/1422 2128/3274/1422 2129/3275/1422
f 2130/3276/1423 2137/3277/1423 2111/3270/1423 2134/3278/1423 2133/3279/1423
f 2134/3280/1424 2111/3281/1424 2112/3270/1424 2135/3282/1424
f 2135/3283/1425 2112/3281/1425 2138/3284/1425
f 2138/3285/1426 2112/3281/1426 2127/3270/1426 2125/3286/1426
f 2127/3287/1427 2112/3281/1427 2136/3288/1427
f 2136/3289/1428 2112/3281/1428 2137/3290/1428
f 2137/3291/1429 2112/3270/1429 2111/3287/1429
s 1
f 2121/3292/1430 2118/3293/1431 2120/3294/1432 2119/3295/1433
f 2114/3296/1434 2118/3293/1431 2121/3292/1430 2122/3297/1434 2113/3298/1434
f 2118/3299/1431 2115/3300/1435 2120/3301/1432
f 2124/3302/1436 2131/3303/1437 2117/3304/1438
f 2117/3305/1438 2116/3306/1439 2123/3307/1439 2124/3308/1436
g Bottle_cell.076_Bottle_cell.075
v 0.007564 0.555521 0.026254
v 0.018648 0.555938 0.019009
v 0.013602 0.548468 0.022602
v 0.006550 0.488655 0.024596
v 0.001024 0.489220 0.026076
v -0.000024 0.489497 0.019312
v 0.017493 0.487900 0.018817
v 0.013602 0.488111 0.022707
v 0.010072 0.488603 0.016619
v 0.007990 0.549394 0.027762
v -0.003881 0.493347 0.018224
v 0.005474 0.544167 0.024787
v 0.002507 0.552530 0.017739
v -0.000037 0.524595 0.018817
v 0.017820 0.516477 0.018440
v 0.012632 0.535702 0.013171
v 0.019366 0.549000 0.019766
v 0.012506 0.555903 0.012917
v 0.008612 0.558713 0.016016
v 0.006550 0.488655 0.024596
v 0.001024 0.489220 0.026076
v 0.017493 0.487900 0.018817
v 0.013602 0.488111 0.022707
v 0.005474 0.544167 0.024787
v 0.002507 0.552530 0.017739
v -0.000037 0.524595 0.018817
v -0.003881 0.493347 0.018224
v 0.017820 0.516477 0.018440
v 0.012632 0.535702 0.013171
v 0.012506 0.555903 0.012917
v -0.000024 0.489497 0.019312
v 0.010072 0.488603 0.016619
v 0.007990 0.549394 0.027762
v 0.019366 0.549000 0.019766
v 0.013602 0.548468 0.022602
v 0.008612 0.558713 0.016016
vn -0.1080 -0.9939 -0.0239
vn -0.0909 -0.9953 -0.0337
vn -0.8259 0.0800 0.5580
vn -0.8405 0.0303 0.5410
vn -0.8704 0.0979 0.4825
vn 0.4342 -0.0620 -0.8987
vn 0.7042 -0.0045 -0.7100
vn 0.5571 0.1079 0.8234
vn 0.1667 0.9364 0.3090
vn -0.6815 0.7156 0.1533
vn 0.3457 0.8692 -0.3536
vn -0.6462 -0.0186 -0.7630
vn -0.2849 -0.0141 -0.9585
vn -0.4880 -0.0169 -0.8727
vn 0.3485 -0.1925 0.9173
vn 0.2588 0.0017 0.9659
vn 0.4664 -0.0076 0.8845
vn 0.5137 -0.1428 0.8460
vn 0.6388 -0.0159 0.7692
vn 0.4873 -0.5972 0.6370
vn -0.0926 -0.0141 -0.9956
vn 0.2588 -0.0135 -0.9658
vn -0.2393 -0.0138 -0.9708
vn -0.2588 -0.0137 -0.9658
vt 1.000000 0.550159
vt 0.328790 0.328790
vt 1.000000 0.391222
vt 0.494341 0.000000
vt 0.684086 0.000000
vt 0.669001 0.258918
vt 0.550159 0.550159
vt 0.391222 0.391222
vt 0.090197 0.090197
vt 0.000000 0.000000
vt 0.104490 0.000000
vt 1.000000 0.015113
vt 1.000000 0.328790
vt 0.173338 0.000000
vt 0.949193 0.000000
vt 0.445449 0.000000
vt 0.641454 0.452803
vt 0.949193 0.949193
vt 0.104490 0.104490
vt 0.571584 0.000000
vt 1.000000 0.315914
vt 1.000000 0.505659
vt 0.292655 0.000000
vt 0.866763 0.108261
vt 0.571584 0.571584
vt 0.292655 0.292655
vt 0.463970 0.000000
vt 1.000000 0.000000
vt 1.000000 0.090690
vt 0.568127 0.099686
vt 0.097941 0.097941
vt 1.000000 1.000000
vt 0.025431 0.000000
vt 1.000000 0.598156
vt 1.000000 0.536030
vt 0.988418 0.318904
vt 0.982210 0.406162
vt 0.981775 0.276929
vt 0.988296 0.281432
vt 0.761748 0.634268
vt 0.753196 0.532304
vt 0.763817 0.531260
vt 0.777370 0.530257
vt 0.777370 0.642256
vt 0.786961 0.583080
vt 0.787130 0.642433
vt 0.777370 0.530257
vt 0.786217 0.530038
vt 0.718047 0.848903
vt 0.711226 0.847591
vt 0.721387 0.835495
vt 0.955795 0.403735
vt 0.956412 0.397483
vt 0.962994 0.339408
vt 0.982210 0.406162
vt 0.962810 0.404513
vt 0.971339 0.283143
vt 0.981775 0.276929
s 0
f 2158/3309/1440 2159/3310/1440 2144/3311/1440
f 2170/3312/1441 2160/3313/1441 2161/3314/1441 2158/3315/1441 2144/3316/1441
f 2171/3317/1442 2139/3318/1442 2162/3319/1442
f 2144/3320/1443 2159/3321/1443 2162/3322/1443 2165/3323/1443
f 2139/3318/1444 2163/3324/1444 2164/3325/1444 2165/3326/1444 2162/3327/1444
f 2166/3328/1445 2160/3329/1445 2170/3330/1445 2167/3331/1445
f 2172/3332/1446 2166/3333/1446 2167/3334/1446 2168/3335/1446 2140/3336/1446
f 2140/3318/1447 2139/3336/1447 2171/3337/1447 2141/3338/1447 2172/3339/1447
f 2174/3336/1448 2139/3340/1448 2140/3318/1448
f 2139/3340/1449 2174/3341/1449 2163/3342/1449
f 2174/3318/1450 2140/3336/1450 2168/3343/1450
s 1
f 2154/3344/1451 2147/3345/1452 2157/3346/1453 2156/3347/1451
f 2150/3348/1454 2143/3349/1455 2142/3350/1455 2146/3351/1456 2173/3352/1457
f 2153/3353/1458 2155/3354/1458 2173/3352/1457 2146/3355/1456 2145/3356/1458
f 2148/3357/1459 2150/3358/1454 2173/3359/1457
f 2169/3360/1460 2149/3361/1461 2152/3362/1462
f 2147/3363/1452 2169/3364/1460 2152/3362/1462 2151/3365/1463 2157/3366/1453
g Bottle_cell.077_Bottle_cell.076
v 0.008971 0.382028 -0.010662
v -0.002517 0.395304 -0.028268
v -0.001592 0.382379 -0.016474
v 0.008137 0.372165 -0.005155
v 0.001755 0.360506 -0.003806
v 0.028312 0.397175 -0.049732
v 0.022524 0.410906 -0.039730
v 0.037715 0.410378 -0.025176
v 0.042836 0.406343 -0.023432
v 0.045120 0.402574 -0.026753
v 0.048346 0.391362 -0.033513
v 0.047407 0.397208 -0.030637
v 0.049077 0.386565 -0.035912
v 0.025922 0.415343 -0.027725
v 0.041383 0.387494 -0.042991
v 0.020427 0.388189 -0.056131
v 0.030221 0.389206 -0.053024
v 0.018454 0.416618 -0.032691
v -0.002436 0.407999 -0.047550
v -0.000000 0.403068 -0.052350
v 0.002135 0.398219 -0.055857
v -0.000000 0.413613 -0.041899
v 0.048346 0.391362 -0.033513
v 0.047407 0.397208 -0.030637
v 0.045120 0.402574 -0.026753
v 0.042836 0.406343 -0.023432
v 0.049077 0.386565 -0.035912
v 0.041383 0.387494 -0.042991
v 0.030221 0.389206 -0.053024
v 0.020427 0.388189 -0.056131
v -0.000000 0.403068 -0.052350
v 0.002135 0.398219 -0.055857
v -0.002436 0.407999 -0.047550
v 0.037715 0.410378 -0.025176
v 0.025922 0.415343 -0.027725
v -0.000000 0.413613 -0.041899
v 0.018454 0.416618 -0.032691
vn 0.0403 0.4391 0.8975
vn 0.6358 -0.2561 0.7281
vn 0.0030 0.4623 0.8867
vn 0.6370 -0.2649 0.7239
vn -0.0941 0.4913 0.8659
vn -0.4134 0.4702 0.7797
vn -0.5126 0.3702 0.7747
vn 0.2379 -0.8955 -0.3762
vn 0.2178 -0.8927 -0.3946
vn -0.4372 0.5811 0.6865
vn -0.3837 0.5686 0.7277
vn -0.9513 -0.2500 -0.1803
vn -0.9418 -0.2689 -0.2017
vn -0.4118 -0.7365 -0.5366
vn -0.5213 0.5546 0.6486
vn -0.9749 -0.1840 -0.1253
vn -0.9543 0.2514 0.1615
vn 0.2913 0.8164 -0.4987
vn 0.3416 0.7288 -0.5935
vn 0.1579 0.6943 -0.7022
vn 0.4233 0.8043 -0.4171
vn 0.5275 0.6732 -0.5183
vn 0.4184 0.5399 -0.7304
vn 0.5962 0.5435 -0.5909
vn 0.6417 0.4190 -0.6424
vn 0.4476 0.4352 -0.7812
vn 0.1942 0.6070 -0.7706
vn 0.2252 0.4263 -0.8761
vn 0.0255 0.7037 -0.7100
vn 0.1666 0.6602 -0.7324
vn 0.5521 0.6334 -0.5422
vt 0.854561 0.179272
vt 0.662475 0.000000
vt 1.000000 0.000000
vt 0.352648 0.111051
vt 0.331622 0.224984
vt 0.310726 0.310726
vt 0.000000 0.000000
vt 0.361542 0.000000
vt 0.618515 0.000000
vt 0.960761 0.303884
vt 0.402408 0.000000
vt 1.000000 0.638458
vt 1.000000 1.000000
vt 0.671084 0.000000
vt 0.337045 0.000000
vt 0.402408 0.402408
vt 0.337044 0.337044
vt 0.451050 0.000000
vt 0.423956 0.143285
vt 0.680628 0.000000
vt 0.978640 0.317968
vt 1.000000 0.328916
vt 0.337818 0.337818
vt 1.000000 0.610643
vt 1.000000 0.550161
vt 0.610643 0.610643
vt 0.817887 0.575181
vt 1.000000 0.548950
vt 0.603473 0.547850
vt 0.787783 0.000000
vt 1.000000 0.715649
vt 0.207038 0.000000
vt 0.182570 0.182570
vt 0.791636 0.395786
vt 0.787724 0.410384
vt 0.761695 0.384874
vt 0.811724 0.401066
vt 0.825263 0.410384
vt 0.793719 0.396152
vt 0.198885 0.025923
vt 0.242302 0.026708
vt 0.237577 0.037643
vt 0.233612 0.046614
vt 0.217224 0.044541
vt 0.193874 0.040857
vt 0.602993 0.736312
vt 0.563178 0.737029
vt 0.558167 0.722096
vt 0.574236 0.719899
vt 0.622982 0.762275
vt 0.615867 0.762275
vt 0.612697 0.747402
vt 0.214082 0.000000
vt 0.247479 0.001660
vt 0.250526 0.005593
vt 0.248185 0.016577
vt 0.612697 0.747402
vt 0.578375 0.762951
vt 0.607179 0.738252
s 0
f 2200/3367/1464 2208/3368/1464 2178/3369/1464
f 2198/3370/1465 2199/3371/1465 2200/3372/1465 2178/3373/1465 2197/3374/1465
f 2209/3375/1466 2178/3369/1466 2208/3376/1466
f 2201/3377/1467 2197/3378/1467 2178/3379/1467 2179/3373/1467
f 2209/3380/1468 2175/3369/1468 2178/3379/1468
f 2175/3373/1469 2177/3369/1469 2178/3379/1469
f 2177/3373/1470 2179/3369/1470 2178/3379/1470
f 2202/3381/1471 2201/3382/1471 2179/3373/1471
f 2202/3383/1472 2179/3373/1472 2204/3384/1472 2203/3385/1472
f 2210/3386/1473 2177/3369/1473 2192/3387/1473
f 2177/3373/1474 2175/3369/1474 2209/3388/1474 2192/3389/1474
f 2177/3373/1475 2207/3390/1475 2179/3379/1475
f 2206/3391/1476 2179/3379/1476 2207/3392/1476 2205/3393/1476
f 2204/3394/1477 2179/3379/1477 2206/3395/1477
f 2210/3396/1478 2176/3369/1478 2177/3379/1478
f 2207/3397/1479 2177/3379/1479 2176/3373/1479
f 2210/3398/1480 2207/3399/1480 2176/3373/1480
s 1
f 2211/3400/1481 2181/3401/1482 2196/3402/1483
f 2188/3403/1484 2182/3404/1485 2181/3401/1482 2211/3405/1481
f 2180/3406/1486 2186/3407/1487 2185/3408/1488 2187/3409/1488 2189/3410/1488 2191/3411/1489
f 2195/3412/1490 2180/3413/1486 2191/3414/1489 2190/3415/1491
f 2193/3416/1492 2196/3417/1483 2194/3418/1493
f 2180/3406/1486 2181/3419/1482 2182/3420/1485 2183/3421/1494 2184/3422/1494 2186/3407/1487
f 2194/3423/1493 2196/3417/1483 2181/3424/1482 2180/3413/1486 2195/3425/1490
g Bottle_cell.078_Bottle_cell.077
v -0.013044 0.569468 -0.022112
v -0.021357 0.569234 -0.007669
v -0.010334 0.573371 -0.016968
v -0.018445 0.573393 -0.003991
v -0.017870 0.565764 -0.006452
v -0.011733 0.565234 -0.015681
v -0.018996 0.573334 -0.011978
v -0.013044 0.569468 -0.022112
v -0.010334 0.573371 -0.016968
v -0.011733 0.565234 -0.015681
v -0.018445 0.573393 -0.003991
v -0.021357 0.569234 -0.007669
v -0.017870 0.565764 -0.006452
v -0.018996 0.573334 -0.011978
vn 0.9216 -0.2101 -0.3262
vn -0.5610 -0.2921 0.7746
vn -0.5947 -0.7218 -0.3540
vn -0.8662 -0.0257 -0.4990
vn 0.6296 0.7754 -0.0492
vn 0.5573 0.7196 0.4142
vn -0.8398 0.5402 0.0539
vn 0.2527 0.9638 0.0850
vn -0.2810 0.8301 -0.4817
vn 0.8949 0.2228 0.3867
vn 0.6688 0.2860 0.6862
vt 0.618599 0.000000
vt 1.000000 0.000000
vt 0.798726 0.116487
vt 0.074995 0.074995
vt 0.000000 0.000000
vt 0.363719 0.000000
vt 1.000000 1.000000
vt 0.655595 0.655595
vt 0.712271 0.000000
vt 0.075202 0.000000
vt 0.293992 0.219537
vt 0.312009 0.846252
vt 0.326068 0.851078
vt 0.319514 0.852819
vt 0.324784 0.846252
vt 0.344794 0.843119
vt 0.347169 0.845443
vt 0.892216 0.261151
vt 0.892312 0.249106
vt 0.903375 0.248906
vt 0.909824 0.658272
vt 0.909751 0.642695
vt 0.924145 0.642955
vt 0.924244 0.655000
s 0
f 2221/3426/1495 2219/3427/1495 2220/3428/1495
f 2222/3429/1496 2223/3430/1496 2224/3431/1496
f 2223/3427/1497 2219/3432/1497 2221/3433/1497 2224/3434/1497
f 2219/3432/1498 2223/3435/1498 2225/3436/1498
s 1
f 2215/3437/1499 2218/3438/1500 2213/3439/1501
f 2218/3440/1500 2214/3441/1502 2212/3442/1503
f 2216/3443/1504 2218/3444/1500 2215/3445/1499
f 2217/3446/1505 2214/3447/1502 2218/3448/1500 2216/3449/1504
g Bottle_cell.079_Bottle_cell.078
v -0.025594 0.570084 -0.007005
v -0.025660 0.570317 0.004767
v -0.018206 0.573405 0.002787
v -0.027204 0.570183 -0.000995
v -0.019270 0.570247 -0.001042
v -0.025660 0.570317 0.004767
v -0.027204 0.570183 -0.000995
v -0.018206 0.573405 0.002787
v -0.019270 0.570247 -0.001042
v -0.025594 0.570084 -0.007005
vn 0.4415 -0.7485 0.4948
vn 0.0082 -0.9998 0.0198
vn -0.2266 0.9385 -0.2606
vn -0.1631 0.9681 -0.1903
vn -0.1195 0.9826 -0.1421
vn -0.0082 0.9998 -0.0186
vt 0.093294 0.093294
vt 0.021816 0.021816
vt 0.073938 0.021278
vt 0.050324 0.000000
vt 0.214896 0.000000
vt 1.000000 0.949859
vt 1.000000 1.000000
vt 0.299970 0.842566
vt 0.306354 0.846252
vt 0.302438 0.860522
vt 0.292785 0.854949
vt 0.314030 0.860522
vt 0.306787 0.846252
s 0
f 2231/3450/1506 2234/3451/1506 2233/3452/1506
f 2234/3453/1507 2231/3454/1507 2232/3455/1507 2235/3456/1507
s 1
f 2228/3457/1508 2230/3458/1509 2229/3459/1510 2227/3460/1508
f 2226/3461/1511 2229/3459/1510 2230/3462/1509
g Bottle_cell.080_Bottle_cell.079
v 0.005684 0.396943 0.015730
v -0.005890 0.407640 0.022575
v -0.000001 0.423517 0.026465
v -0.000001 0.427796 0.020181
v 0.010459 0.427791 0.017378
v 0.013601 0.429046 0.022810
v 0.012685 0.423511 0.023066
v 0.015870 0.445565 0.020513
v 0.008570 0.426184 0.007949
v 0.013252 0.441455 0.014328
v 0.017603 0.475508 0.009334
v 0.009282 0.418731 0.030832
v -0.000001 0.426430 0.014371
v 0.004470 0.426189 0.011011
v -0.000001 0.419875 0.031684
v -0.008072 0.419093 0.030638
v 0.017496 0.485485 0.009253
v 0.013710 0.486343 0.013023
v 0.018463 0.485662 0.017850
v 0.007625 0.486921 0.024311
v 0.006007 0.487236 0.017728
v 0.013601 0.486193 0.022711
v -0.000024 0.487912 0.019334
v -0.004891 0.488448 0.018022
v -0.000001 0.487691 0.026353
v -0.006244 0.487856 0.024680
v -0.012859 0.421066 0.026523
v -0.013602 0.439808 0.022792
v -0.012822 0.481662 0.014042
v -0.017593 0.477997 0.018735
v -0.005824 0.427794 0.018620
v -0.010306 0.455334 0.017034
v -0.017698 0.486022 0.018616
v -0.012847 0.486832 0.013923
v -0.013602 0.487299 0.022709
v 0.013601 0.429046 0.022810
v 0.015870 0.445565 0.020513
v 0.012685 0.423511 0.023066
v 0.013252 0.441455 0.014328
v 0.017603 0.475508 0.009334
v 0.009282 0.418731 0.030832
v -0.000001 0.419875 0.031684
v 0.017496 0.485485 0.009253
v 0.013710 0.486343 0.013023
v 0.007625 0.486921 0.024311
v 0.013601 0.486193 0.022711
v 0.018463 0.485662 0.017850
v 0.006007 0.487236 0.017728
v -0.000024 0.487912 0.019334
v -0.000001 0.487691 0.026353
v -0.006244 0.487856 0.024680
v -0.008072 0.419093 0.030638
v -0.012859 0.421066 0.026523
v -0.012822 0.481662 0.014042
v -0.010306 0.455334 0.017034
v -0.005824 0.427794 0.018620
v -0.013602 0.439808 0.022792
v -0.017593 0.477997 0.018735
v -0.012847 0.486832 0.013923
v -0.017698 0.486022 0.018616
v -0.013602 0.487299 0.022709
v 0.010459 0.427791 0.017378
v 0.004470 0.426189 0.011011
v -0.000001 0.426430 0.014371
v -0.004891 0.488448 0.018022
vn 0.9696 -0.1578 -0.1871
vn 0.9875 -0.0915 -0.1283
vn -0.6042 -0.1521 -0.7822
vn -0.5991 -0.1517 -0.7862
vn -0.5914 -0.1523 -0.7918
vn 0.0051 -0.5702 0.8215
vn -0.0528 -0.5799 0.8130
vn 0.1822 0.9824 -0.0408
vn 0.1252 0.9920 0.0168
vn 0.1121 0.9934 0.0257
vn 0.0180 0.9993 0.0315
vn -0.6723 -0.5075 0.5390
vn -0.6472 -0.1501 -0.7474
vn -0.6934 -0.0198 -0.7202
vn -0.0901 0.9958 0.0142
vn -0.2311 0.9703 -0.0715
vn 0.1519 0.8106 0.5655
vn 0.2445 0.3292 0.9120
vn 0.0092 0.4680 0.8837
vn 0.0023 0.8201 0.5722
vn -0.6144 -0.0245 -0.7886
vn -0.2943 0.4478 -0.8443
vn -0.4254 -0.0189 -0.9048
vn -0.7071 0.0012 0.7071
vn -0.2537 0.0268 0.9669
vn -0.4627 0.0165 0.8863
vn -0.2216 0.3572 0.9074
vn 0.0052 0.0158 0.9999
vn -0.2293 0.0279 0.9730
vn 0.0454 -0.0188 -0.9988
vn 0.0151 0.5742 -0.8186
vn 0.2772 0.3959 -0.8755
vn 0.3102 -0.0218 -0.9504
vn 0.3339 -0.0214 -0.9424
vn 0.3072 -0.0219 -0.9514
vn 0.7071 -0.0128 -0.7070
vn -0.0304 0.9768 -0.2119
vn -0.0684 0.9765 -0.2044
vn -0.1519 0.8106 0.5655
vn 0.2882 0.0017 0.9576
vn 0.4859 0.0015 0.8740
vn 0.2588 0.0017 0.9659
vn 0.7071 0.0012 0.7071
vt 1.000000 0.221118
vt 0.602928 0.194936
vt 0.477388 0.179741
vt 0.253194 0.253194
vt 0.000000 0.000000
vt 0.757236 0.000000
vt 0.734773 0.019229
vt 0.668894 0.110871
vt 1.000000 0.130294
vt 0.810119 0.065615
vt 1.000000 0.022739
vt 1.000000 0.154481
vt 0.221118 0.221118
vt 0.130294 0.130294
vt 1.000000 1.000000
vt 0.248869 0.000000
vt 1.000000 0.679739
vt 1.000000 0.678935
vt 0.679739 0.679739
vt 0.678935 0.678935
vt 1.000000 0.242764
vt 1.000000 0.735200
vt 0.746316 0.746316
vt 1.000000 0.000000
vt 0.735200 0.735200
vt 0.847963 0.000000
vt 1.000000 0.412214
vt 0.883773 0.606335
vt 0.552698 0.000000
vt 0.602630 0.302653
vt 0.224849 0.000000
vt 0.447302 0.000000
vt 1.000000 0.387010
vt 1.000000 0.539592
vt 1.000000 0.260126
vt 1.000000 0.459917
vt 0.539592 0.539592
vt 0.387010 0.387010
vt 0.288265 0.288265
vt 0.099790 0.000000
vt 1.000000 0.818429
vt 0.847963 0.847963
vt 0.828919 0.356168
vt 1.000000 0.751131
vt 0.835104 0.752720
vt 0.734740 0.519920
vt 0.583367 0.000000
vt 0.731981 0.000000
vt 0.731982 0.731982
vt 0.583367 0.583367
vt 1.000000 0.663492
vt 1.000000 0.784597
vt 0.099790 0.099790
vt 0.357836 0.000000
vt 0.956151 0.135875
vt 0.149491 0.000000
vt 0.133708 0.133708
vt 0.868509 0.307082
vt 0.857273 0.315003
vt 0.845082 0.293888
vt 0.851926 0.287044
vt 0.999227 0.430734
vt 0.989052 0.493729
vt 0.982590 0.518965
vt 0.982222 0.409619
vt 0.990464 0.410491
vt 0.999065 0.412226
vt 0.737898 0.758697
vt 0.737659 0.773585
vt 0.728586 0.844298
vt 0.729377 0.756202
vt 0.733301 0.410708
vt 0.751227 0.410384
vt 0.751227 0.529466
vt 0.740835 0.529966
vt 0.728587 0.529160
vt 0.728587 0.441035
vt 0.962802 0.407452
vt 0.962487 0.518965
vt 0.952793 0.519140
vt 0.945495 0.468183
vt 0.945992 0.407485
vt 0.954703 0.406601
vt 0.944078 0.407489
vt 0.944620 0.468188
vt 0.938127 0.419227
vt 0.982222 0.409619
vt 0.249045 0.820300
vt 0.256675 0.827930
vt 0.239265 0.837982
vt 0.235989 0.825758
vt 0.262271 0.818236
vt 0.249045 0.820300
vt 0.828274 0.276937
vt 0.839955 0.277825
vt 0.851926 0.287044
vt 0.751227 0.529466
vt 0.775608 0.410384
vt 0.777370 0.420656
vt 0.777370 0.526699
vt 0.765882 0.528043
vt 0.777370 0.526699
vt 0.777370 0.420656
vt 0.782528 0.451408
vt 0.788424 0.525928
s 0
f 2272/3463/1512 2271/3464/1512 2273/3465/1512 2276/3466/1512 2236/3467/1512 2244/3468/1512 2298/3469/1512 2240/3470/1512 2274/3471/1512
f 2275/3472/1513 2278/3473/1513 2282/3474/1513 2272/3475/1513 2274/3476/1513
f 2236/3477/1514 2237/3467/1514 2291/3478/1514 2248/3479/1514
f 2298/3480/1515 2236/3477/1515 2248/3481/1515
f 2236/3477/1516 2298/3482/1516 2244/3483/1516
f 2277/3484/1517 2236/3477/1517 2276/3485/1517
f 2237/3486/1518 2236/3477/1518 2277/3487/1518 2287/3488/1518
f 2282/3489/1519 2278/3490/1519 2279/3491/1519
f 2281/3492/1520 2282/3493/1520 2279/3494/1520 2283/3495/1520 2280/3496/1520
f 2284/3497/1521 2285/3498/1521 2280/3499/1521 2283/3500/1521
f 2285/3501/1522 2284/3467/1522 2286/3502/1522
f 2288/3503/1523 2237/3477/1523 2287/3504/1523
f 2290/3505/1524 2291/3506/1524 2237/3477/1524 2288/3507/1524 2292/3508/1524 2293/3509/1524 2289/3510/1524
f 2289/3511/1525 2293/3512/1525 2295/3513/1525 2294/3514/1525
f 2286/3515/1526 2284/3467/1526 2300/3516/1526 2294/3486/1526 2296/3517/1526
f 2295/3518/1527 2296/3519/1527 2294/3467/1527
s 1
f 2247/3520/1528 2242/3521/1529 2238/3522/1530 2250/3523/1531
f 2246/3524/1532 2245/3525/1532 2297/3526/1533 2256/3527/1534 2253/3528/1532 2252/3529/1532
f 2268/3530/1535 2265/3531/1535 2263/3532/1536 2270/3533/1537
f 2262/3534/1538 2238/3535/1530 2260/3536/1539 2261/3537/1540 2270/3538/1537 2263/3539/1536
f 2258/3540/1541 2239/3541/1542 2266/3542/1543 2267/3543/1544 2269/3544/1545 2259/3545/1546
f 2269/3546/1545 2267/3547/1544 2264/3548/1547
f 2297/3526/1533 2239/3541/1542 2258/3540/1541 2256/3549/1534
f 2299/3550/1548 2239/3551/1542 2297/3552/1533 2249/3553/1549
f 2266/3554/1543 2239/3551/1542 2299/3555/1548
f 2262/3556/1538 2251/3557/1550 2250/3558/1531 2238/3522/1530
f 2260/3559/1539 2238/3535/1530 2242/3560/1529 2241/3561/1551 2257/3562/1552 2255/3563/1553
f 2257/3564/1552 2241/3565/1551 2243/3566/1554 2254/3567/1554
g Bottle_cell.081_Bottle_cell.080
v -0.006189 0.392033 -0.019921
v -0.007053 0.411255 -0.006678
v -0.007052 0.426148 -0.012949
v -0.022884 0.486086 -0.015125
v -0.022530 0.447999 -0.015413
v -0.016953 0.434758 -0.012265
v -0.016929 0.486592 -0.011573
v -0.011105 0.426155 -0.008896
v -0.006065 0.426160 -0.005895
v -0.006297 0.427726 -0.019970
v -0.007808 0.423426 -0.025851
v -0.007994 0.486623 -0.025911
v -0.011121 0.413739 -0.038748
v -0.013968 0.487490 -0.024044
v -0.010547 0.487596 -0.017941
v -0.015359 0.427737 -0.013955
v -0.016845 0.423434 -0.021055
v -0.018390 0.414627 -0.035541
v -0.016953 0.434758 -0.012265
v -0.016929 0.486592 -0.011573
v -0.022884 0.486086 -0.015125
v -0.022530 0.447999 -0.015413
v -0.011105 0.426155 -0.008896
v -0.006065 0.426160 -0.005895
v -0.007808 0.423426 -0.025851
v -0.011121 0.413739 -0.038748
v -0.007994 0.486623 -0.025911
v -0.010547 0.487596 -0.017941
v -0.013968 0.487490 -0.024044
v -0.015359 0.427737 -0.013955
v -0.016845 0.423434 -0.021055
v -0.007052 0.426148 -0.012949
v -0.006297 0.427726 -0.019970
v -0.018390 0.414627 -0.035541
vn -0.5116 -0.0112 0.8592
vn -0.6602 -0.0682 0.7479
vn 1.0000 -0.0019 -0.0043
vn 0.9984 0.0182 -0.0533
vn 0.1176 0.9896 -0.0832
vn -0.1113 0.9928 0.0450
vn -0.8872 -0.2881 0.3603
vn -0.9123 -0.2995 0.2794
vn -0.3705 -0.6552 -0.6583
vn -0.3435 0.4896 -0.8014
vn -0.4148 0.3661 -0.8330
vn -0.5612 -0.0076 -0.8277
vn -0.4063 -0.0133 -0.9136
vn -0.7071 -0.0012 -0.7071
vn 0.6332 0.0006 0.7740
vn 0.5343 0.5290 0.6593
vn 0.5632 0.4491 0.6936
vn 0.1165 0.9818 0.1501
vn 0.0853 0.9903 0.1093
vn -0.0000 1.0000 -0.0017
vn -0.2103 0.8271 -0.5213
vt 0.585292 0.585292
vt 0.420112 0.420112
vt 0.500380 0.000000
vt 0.680426 0.000000
vt 1.000000 0.000000
vt 1.000000 0.194555
vt 0.859437 0.059548
vt 0.788162 0.000000
vt 0.000000 0.000000
vt 0.979403 0.351845
vt 0.194555 0.194555
vt 1.000000 0.825547
vt 0.376104 0.307902
vt 0.356421 0.356421
vt 0.239282 0.000000
vt 0.334097 0.212166
vt 1.000000 0.757596
vt 0.757596 0.757596
vt 1.000000 0.748426
vt 0.825547 0.825547
vt 0.644400 0.644400
vt 0.502433 0.502433
vt 1.000000 0.420112
vt 1.000000 0.585292
vt 0.811401 0.273400
vt 1.000000 0.319574
vt 1.000000 0.499620
vt 0.336542 0.336542
vt 0.737098 0.000000
vt 1.000000 0.336542
vt 1.000000 1.000000
vt 0.030865 0.000000
vt 1.000000 0.760718
vt 0.837658 0.642666
vt 0.848794 0.642666
vt 0.846199 0.761176
vt 0.838014 0.759936
vt 0.848794 0.761436
vt 0.856168 0.642799
vt 0.869095 0.688597
vt 0.869899 0.759285
vt 0.923764 0.900071
vt 0.920088 0.913023
vt 0.908948 0.912821
vt 0.909593 0.801788
vt 0.924096 0.803934
vt 0.222437 0.775179
vt 0.233079 0.775179
vt 0.253555 0.808887
vt 0.219161 0.762955
vt 0.234425 0.769934
vt 0.742409 0.347543
vt 0.760587 0.342672
vt 0.766155 0.352316
vt 0.744853 0.364920
s 0
f 2320/3568/1555 2321/3569/1555 2322/3570/1555 2319/3571/1555
f 2302/3572/1556 2324/3573/1556 2323/3574/1556 2330/3575/1556
f 2302/3576/1557 2301/3572/1557 2303/3577/1557 2324/3578/1557
f 2328/3579/1558 2333/3580/1558 2303/3581/1558 2301/3576/1558 2326/3582/1558 2325/3583/1558 2327/3584/1558
f 2327/3585/1559 2329/3586/1559 2328/3587/1559
f 2328/3588/1560 2329/3589/1560 2321/3590/1560 2320/3591/1560
f 2301/3576/1561 2302/3572/1561 2330/3592/1561 2319/3593/1561 2322/3594/1561 2331/3595/1561
f 2334/3596/1562 2301/3572/1562 2331/3597/1562
f 2301/3598/1563 2334/3599/1563 2326/3600/1563
s 1
f 2311/3601/1564 2317/3602/1565 2314/3603/1566 2312/3604/1567
f 2314/3605/1566 2317/3606/1565 2305/3607/1568 2304/3608/1568
f 2306/3609/1569 2316/3610/1570 2310/3611/1571 2315/3612/1569 2307/3613/1569
f 2332/3614/1572 2308/3615/1573 2309/3616/1574
f 2308/3615/1573 2332/3614/1572 2310/3617/1571 2316/3618/1570
f 2318/3619/1575 2317/3620/1565 2311/3621/1564 2313/3622/1575
g Bottle_cell.082_Bottle_cell.081
v 0.016376 0.549768 -0.029325
v 0.021534 0.560871 -0.024186
v 0.009988 0.552764 -0.017503
v 0.013602 0.498540 -0.024429
v 0.022094 0.549778 -0.023607
v 0.016883 0.548392 -0.021235
v 0.012755 0.508684 -0.024674
v 0.009635 0.548384 -0.025579
v 0.008683 0.555118 -0.031395
v 0.009104 0.549764 -0.031273
v 0.013031 0.560607 -0.030240
v 0.009630 0.558080 -0.017783
v 0.022094 0.549778 -0.023607
v 0.016883 0.548392 -0.021235
v 0.013602 0.498540 -0.024429
v 0.008683 0.555118 -0.031395
v 0.009104 0.549764 -0.031273
v 0.009635 0.548384 -0.025579
v 0.012755 0.508684 -0.024674
v 0.013031 0.560607 -0.030240
v 0.021534 0.560871 -0.024186
vn 0.4429 -0.0325 0.8960
vn -0.9943 -0.0748 0.0763
vn -0.9932 -0.0740 0.0901
vn -0.7726 0.6294 -0.0833
vn 0.3405 -0.7235 -0.6005
vn 0.3707 -0.7271 -0.5779
vn 0.5086 0.0206 -0.8608
vn 0.2588 -0.0017 -0.9659
vn 0.4112 -0.5603 -0.7190
vn 0.2214 -0.5196 -0.8253
vn 0.4837 0.0345 -0.8745
vn 0.5380 -0.5287 -0.6565
vn 0.6358 0.0608 -0.7695
vn -0.1435 0.9768 0.1590
vt 0.433970 0.281850
vt 0.315604 0.315604
vt 0.015232 0.015232
vt 0.075077 0.000000
vt 0.858873 0.000792
vt 0.313378 0.156351
vt 1.000000 0.000000
vt 1.000000 0.713724
vt 0.860448 0.860448
vt 0.075077 0.075077
vt 0.000000 0.000000
vt 0.094034 0.000000
vt 0.168776 0.078785
vt 0.159449 0.129473
vt 0.713724 0.713724
vt 0.094034 0.094034
vt 0.082649 0.000000
vt 0.871434 0.642666
vt 0.863973 0.642531
vt 0.871434 0.550171
vt 0.800011 0.874948
vt 0.800047 0.782136
vt 0.801419 0.801252
vt 0.896486 0.556672
vt 0.896704 0.568777
vt 0.886782 0.569477
vt 0.875157 0.556672
vt 0.665395 0.772903
vt 0.656780 0.772903
vt 0.654113 0.762951
vt 0.669126 0.762951
vt 0.156344 0.835949
vt 0.156109 0.848950
vt 0.134780 0.848950
vt 0.136303 0.834330
vt 0.642009 0.769940
vt 0.650177 0.776715
vt 0.108811 0.000000
vt 0.875827 0.000000
vt 0.005250 0.000000
s 0
f 2347/3623/1576 2355/3624/1576 2346/3625/1576 2337/3626/1576 2349/3627/1576 2348/3628/1576
f 2346/3629/1577 2353/3630/1577 2349/3631/1577 2337/3632/1577
f 2346/3633/1578 2350/3634/1578 2351/3635/1578 2352/3636/1578 2353/3637/1578
f 2350/3638/1579 2346/3633/1579 2354/3639/1579
s 1
f 2342/3640/1580 2340/3641/1581 2338/3642/1582
f 2342/3643/1580 2338/3644/1582 2341/3645/1583
f 2335/3646/1584 2344/3647/1585 2343/3648/1583 2345/3649/1586
f 2340/3650/1581 2342/3651/1580 2335/3652/1584 2339/3653/1587
f 2339/3654/1587 2335/3655/1584 2345/3656/1586 2336/3657/1588
f 2344/3658/1585 2335/3652/1584 2342/3659/1580
s 0
f 2355/3660/1589 2354/3661/1589 2346/3662/1589
g Bottle_cell.083_Bottle_cell.082
v -0.026833 0.555967 -0.009561
v -0.016358 0.555978 -0.027547
v -0.023559 0.548403 -0.014559
v -0.017868 0.555053 -0.006900
v -0.018225 0.527869 -0.006684
v -0.025063 0.548413 -0.008948
v -0.025142 0.516857 -0.008598
v -0.025153 0.488483 -0.008509
v -0.018656 0.488824 -0.006678
v -0.014424 0.520434 -0.023646
v -0.014820 0.489121 -0.023195
v -0.011463 0.489269 -0.017001
v -0.010718 0.530408 -0.017178
v -0.010481 0.554933 -0.017075
v -0.014312 0.548387 -0.023807
v -0.018183 0.549771 -0.027518
v -0.023626 0.487907 -0.014205
v -0.025063 0.548413 -0.008948
v -0.025142 0.516857 -0.008598
v -0.017868 0.555053 -0.006900
v -0.018225 0.527869 -0.006684
v -0.018656 0.488824 -0.006678
v -0.025153 0.488483 -0.008509
v -0.014424 0.520434 -0.023646
v -0.014820 0.489121 -0.023195
v -0.011463 0.489269 -0.017001
v -0.010718 0.530408 -0.017178
v -0.010481 0.554933 -0.017075
v -0.014312 0.548387 -0.023807
v -0.023626 0.487907 -0.014205
v -0.023559 0.548403 -0.014559
v -0.018183 0.549771 -0.027518
vn -0.2835 0.0114 0.9589
vn -0.2714 0.0031 0.9625
vn 0.8792 -0.0180 -0.4761
vn 0.8602 -0.0192 -0.5097
vn 0.0863 0.9950 0.0509
vn -0.9051 0.0214 -0.4247
vn 0.0222 -0.9941 0.1064
vn 0.1131 -0.9935 0.0084
vn -0.8560 -0.1251 -0.5016
vn -0.5628 -0.6104 -0.5573
vn -0.7106 -0.0023 -0.7036
vn -0.8677 -0.0014 -0.4971
vn -0.1775 -0.9683 -0.1758
vn -0.9659 -0.0005 -0.2588
vn 0.8142 -0.0096 0.5804
vn 0.8149 -0.0096 0.5796
vn 0.8147 -0.0096 0.5798
vn 0.9659 -0.0106 0.2588
vt 1.000000 0.445001
vt 1.000000 0.612006
vt 0.363280 0.363280
vt 0.000000 0.000000
vt 0.248104 0.143013
vt 0.612006 0.612006
vt 0.445001 0.445001
vt 0.460387 0.000000
vt 0.622758 0.000000
vt 0.496272 0.000000
vt 1.000000 0.490743
vt 1.000000 0.644582
vt 0.348284 0.000000
vt 0.932384 0.000000
vt 1.000000 0.000000
vt 1.000000 0.413722
vt 0.644582 0.644582
vt 0.490743 0.490743
vt 0.895447 0.216867
vt 0.805743 0.442894
vt 0.531408 0.531408
vt 1.000000 1.000000
vt 0.179414 0.087281
vt 0.865905 0.761320
vt 1.000000 0.898232
vt 1.000000 0.377242
vt 1.000000 0.539613
vt 0.430972 0.000000
vt 0.602082 0.602082
vt 0.439352 0.429264
vt 1.000000 0.503728
vt 1.000000 0.651716
vt 0.871434 0.874948
vt 0.850407 0.874569
vt 0.850663 0.822703
vt 0.851563 0.764613
vt 0.871434 0.762718
vt 0.621068 0.810477
vt 0.617325 0.835761
vt 0.611116 0.807671
vt 0.790180 0.701401
vt 0.790671 0.642835
vt 0.800010 0.642666
vt 0.799596 0.754932
vt 0.790114 0.754053
vt 0.911689 0.798727
vt 0.910302 0.722394
vt 0.914261 0.675424
vt 0.924412 0.675566
vt 0.925435 0.800533
vt 0.898379 0.283006
vt 0.898510 0.333427
vt 0.891053 0.406683
s 0
f 2374/3663/1590 2376/3664/1590 2375/3665/1590 2356/3666/1590 2373/3667/1590
f 2376/3668/1591 2374/3669/1591 2378/3670/1591 2377/3671/1591
f 2380/3672/1592 2379/3673/1592 2382/3674/1592 2381/3675/1592
f 2387/3676/1593 2357/3677/1593 2383/3678/1593 2382/3679/1593 2379/3680/1593 2384/3681/1593
f 2357/3666/1594 2356/3677/1594 2375/3682/1594 2383/3683/1594
f 2356/3684/1595 2357/3666/1595 2387/3685/1595 2358/3686/1595 2373/3687/1595
f 2377/3688/1596 2378/3689/1596 2385/3690/1596
f 2377/3691/1597 2385/3692/1597 2380/3693/1597 2381/3694/1597
s 1
f 2386/3695/1598 2370/3696/1599 2365/3697/1600 2366/3698/1600 2372/3699/1601
f 2370/3700/1599 2386/3701/1598 2371/3702/1602
f 2362/3703/1603 2361/3704/1603 2386/3705/1598 2372/3706/1601 2363/3707/1603
f 2367/3708/1604 2368/3709/1604 2369/3710/1604 2359/3711/1605 2364/3712/1606
f 2359/3713/1605 2360/3714/1607 2364/3715/1606
g Bottle_cell.084_Bottle_cell.083
v 0.001966 0.357211 0.002798
v 0.001118 0.351235 -0.000094
v 0.001743 0.204979 0.000340
v 0.017776 0.191951 0.061810
v 0.049703 0.200619 0.000482
v 0.034674 0.362660 0.059425
v 0.034131 0.370512 0.058470
v 0.045351 0.370492 0.047249
v 0.063536 0.227205 0.021335
v 0.060063 0.280909 0.034188
v 0.047339 0.362638 0.046760
v 0.021480 0.378820 0.059097
v 0.041421 0.378800 0.047412
v 0.032525 0.379782 0.055672
v 0.017280 0.376278 0.061069
v 0.018104 0.261543 0.064050
v 0.018029 0.362668 0.063885
v 0.017755 0.370520 0.062857
v 0.034681 0.191113 0.059738
v 0.063548 0.195633 0.021354
v 0.065489 0.196817 0.014111
v 0.060069 0.193526 0.034345
v 0.063536 0.227205 0.021335
v 0.060063 0.280909 0.034188
v 0.045351 0.370492 0.047249
v 0.047339 0.362638 0.046760
v 0.021480 0.378820 0.059097
v 0.032525 0.379782 0.055672
v 0.041421 0.378800 0.047412
v 0.018029 0.362668 0.063885
v 0.017755 0.370520 0.062857
v 0.017280 0.376278 0.061069
v 0.018104 0.261543 0.064050
v 0.063548 0.195633 0.021354
v 0.065489 0.196817 0.014111
v 0.060069 0.193526 0.034345
v 0.017776 0.191951 0.061810
v 0.034681 0.191113 0.059738
vn 0.6668 0.2193 -0.7122
vn 0.6631 0.2479 -0.7063
vn -0.2473 0.9302 -0.2713
vn -0.9684 0.0168 0.2490
vn -0.9668 -0.0003 0.2556
vn -0.0793 -0.9802 -0.1816
vn 0.6674 0.2126 -0.7137
vn 0.0027 -0.0030 -1.0000
vn -0.9678 -0.0034 0.2516
vn -0.0884 -0.9789 -0.1844
vn -0.0788 -0.9809 -0.1777
vn 0.7059 0.0585 0.7058
vn 0.4926 0.0678 0.8676
vn 0.4860 -0.0020 0.8739
vn 0.8560 0.0010 0.5170
vn 0.7341 0.0013 0.6790
vn 0.2312 -0.0052 0.9729
vn 0.2445 0.0647 0.9675
vn 0.9659 0.0005 0.2588
vn 0.2543 0.2237 0.9409
vn 0.4869 0.2275 0.8433
vn 0.4738 0.3211 0.8200
vn 0.2499 0.3113 0.9169
vn 0.6905 0.2078 0.6928
vn 0.6690 0.3118 0.6747
vt 0.215361 0.000000
vt 1.000000 0.000000
vt 1.000000 0.393584
vt 0.966978 0.389027
vt 0.922931 0.374853
vt 0.487468 0.169921
vt 0.393584 0.393584
vt 0.000000 0.000000
vt 0.453552 0.220483
vt 0.377836 0.377836
vt 0.493664 0.000000
vt 0.482669 0.062035
vt 0.493664 0.493664
vt 0.526666 0.496512
vt 0.511586 0.511586
vt 0.538697 0.000000
vt 0.535416 0.466830
vt 1.000000 0.509779
vt 0.533051 0.000000
vt 0.509779 0.509779
vt 1.000000 0.784639
vt 1.000000 1.000000
vt 1.000000 0.461303
vt 0.537487 0.000000
vt 0.466949 0.000000
vt 0.695606 0.166612
vt 1.000000 0.670007
vt 0.153193 0.671586
vt 0.124396 0.671065
vt 0.132167 0.350952
vt 0.182128 0.356111
vt 0.182120 0.519414
vt 0.093704 0.351443
vt 0.124402 0.350475
vt 0.092404 0.671065
vt 0.092544 0.482081
vt 0.342657 0.403256
vt 0.330604 0.401236
vt 0.342716 0.344252
vt 0.364266 0.243541
vt 0.364275 0.406845
vt 0.092400 0.685700
vt 0.123874 0.685700
vt 0.122554 0.701269
vt 0.100879 0.701269
vt 0.092403 0.696498
vt 0.149386 0.686161
vt 0.142253 0.701626
s 0
f 2410/3716/1608 2389/3717/1608 2416/3718/1608 2412/3719/1608 2413/3720/1608 2411/3721/1608
f 2388/3717/1609 2416/3722/1609 2389/3723/1609
f 2415/3724/1610 2416/3725/1610 2388/3723/1610 2419/3726/1610 2414/3727/1610
f 2388/3723/1611 2389/3717/1611 2419/3728/1611
f 2418/3729/1612 2419/3730/1612 2389/3723/1612 2420/3731/1612 2417/3732/1612
f 2392/3717/1613 2422/3733/1613 2421/3734/1613
f 2422/3735/1614 2392/3723/1614 2389/3717/1614 2410/3736/1614
f 2392/3723/1615 2390/3717/1615 2389/3737/1615
f 2420/3738/1616 2389/3737/1616 2390/3723/1616 2424/3739/1616
f 2390/3723/1617 2392/3717/1617 2424/3737/1617
f 2424/3737/1618 2392/3723/1618 2421/3740/1618 2423/3741/1618 2406/3742/1618
s 1
f 2398/3743/1619 2393/3744/1620 2425/3745/1621 2409/3746/1622 2397/3747/1623
f 2391/3748/1624 2425/3749/1621 2393/3744/1620 2404/3750/1625 2403/3751/1624
f 2407/3752/1626 2408/3753/1626 2396/3754/1626 2397/3755/1623 2409/3756/1622
f 2405/3757/1627 2394/3758/1628 2401/3759/1629 2399/3760/1630 2402/3761/1630
f 2404/3750/1625 2393/3744/1620 2394/3758/1628 2405/3757/1627
f 2395/3762/1631 2394/3758/1628 2393/3744/1620 2398/3743/1619
f 2400/3763/1632 2401/3759/1629 2394/3758/1628 2395/3762/1631
g Bottle_cell.085_Bottle_cell.084
v -0.016303 0.032798 -0.058106
v -0.001294 0.016922 -0.062523
v -0.042225 0.032164 -0.042923
v -0.034688 0.003365 -0.060083
v -0.001197 0.002102 -0.057872
v -0.010709 0.002944 -0.052141
v -0.027914 0.003869 -0.042478
v -0.036675 0.003175 -0.037393
v -0.000950 -0.000116 -0.066372
v -0.001259 0.025972 -0.069078
v -0.042168 0.002290 -0.036539
v -0.018038 0.044165 -0.064612
v -0.014466 0.040458 -0.065564
v -0.025041 0.047388 -0.062742
v -0.034686 0.051816 -0.060165
v -0.047800 0.042774 -0.047036
v -0.051787 0.037237 -0.043039
v -0.058242 0.009906 -0.036540
v -0.056301 -0.000061 -0.034713
v -0.059163 0.004314 -0.035609
v -0.001197 0.002102 -0.057872
v -0.010709 0.002944 -0.052141
v -0.027914 0.003869 -0.042478
v -0.036675 0.003175 -0.037393
v -0.000950 -0.000116 -0.066372
v -0.042168 0.002290 -0.036539
v -0.018038 0.044165 -0.064612
v -0.014466 0.040458 -0.065564
v -0.001259 0.025972 -0.069078
v -0.025041 0.047388 -0.062742
v -0.034686 0.051816 -0.060165
v -0.047800 0.042774 -0.047036
v -0.051787 0.037237 -0.043039
v -0.058242 0.009906 -0.036540
v -0.059163 0.004314 -0.035609
v -0.056301 -0.000061 -0.034713
vn 0.5151 0.2597 0.8168
vn 0.4836 0.2578 0.8365
vn 0.4709 0.2514 0.8456
vn 0.9996 0.0145 0.0253
vn 0.1175 0.2077 0.9711
vn 0.6368 0.4540 0.6232
vn 0.6507 0.4438 0.6161
vn 0.2308 0.4547 0.8602
vn 0.0978 0.2064 0.9736
vn -0.0462 0.1713 0.9841
vn -0.2376 -0.0349 -0.9707
vn -0.2116 -0.7184 -0.6627
vn -0.3754 -0.6474 -0.6633
vn -0.4866 -0.0375 -0.8728
vn -0.7073 -0.0373 -0.7059
vn -0.6098 -0.4350 -0.6625
vn 0.0574 -0.9967 0.0571
vn 0.1383 -0.9904 0.0044
vn -0.0414 -0.9919 0.1203
vn 0.4250 0.4994 0.7550
vt 0.222687 0.222687
vt 0.000000 0.000000
vt 1.000000 0.000000
vt 1.000000 0.362191
vt 0.900356 0.344395
vt 0.362191 0.362191
vt 0.350248 0.000000
vt 0.345939 0.345939
vt 0.667960 0.601699
vt 0.886481 0.000000
vt 1.000000 0.222687
vt 0.361915 0.000000
vt 0.350248 0.350248
vt 0.894442 0.000000
vt 1.000000 0.119981
vt 1.000000 0.113519
vt 0.119981 0.119981
vt 0.927386 0.927386
vt 1.000000 0.626984
vt 1.000000 1.000000
vt 0.372955 0.000000
vt 0.475211 0.000000
vt 1.000000 0.638085
vt 0.626984 0.626984
vt 0.475211 0.475211
vt 0.372955 0.372955
vt 1.000000 0.060439
vt 0.638849 0.076261
vt 0.631982 0.069338
vt 0.606599 0.042277
vt 0.605967 0.000000
vt 0.670848 0.000000
vt 0.670846 0.090546
vt 0.652308 0.082280
vt 0.699014 0.075851
vt 0.670847 0.090546
vt 0.726509 0.001003
vt 0.726498 0.002696
vt 0.724404 0.013111
vt 0.709730 0.063946
vt 0.824656 0.004929
vt 0.885009 0.004929
vt 0.872105 0.032010
vt 0.853931 0.027182
vt 0.845601 0.021090
vt 0.927390 0.046870
vt 0.907377 0.041910
vt 0.877400 0.033328
vt 0.938878 0.036031
vt 0.921681 0.000000
vt 0.894441 0.894441
vt 0.900538 0.900538
vt 0.869206 0.603281
s 0
f 2446/3764/1633 2427/3765/1633 2426/3766/1633 2447/3767/1633
f 2426/3765/1634 2428/3766/1634 2448/3768/1634 2447/3769/1634
f 2428/3765/1635 2449/3770/1635 2448/3771/1635
f 2450/3772/1636 2454/3773/1636 2427/3766/1636 2446/3774/1636
f 2428/3765/1637 2451/3775/1637 2449/3776/1637
f 2452/3777/1638 2426/3766/1638 2453/3778/1638
f 2454/3779/1639 2453/3780/1639 2426/3765/1639 2427/3766/1639
f 2457/3781/1640 2458/3782/1640 2428/3783/1640
f 2459/3784/1641 2461/3785/1641 2451/3786/1641 2428/3783/1641 2458/3787/1641
f 2461/3788/1642 2459/3789/1642 2460/3790/1642
s 1
f 2437/3791/1643 2438/3792/1643 2435/3793/1643 2434/3794/1644 2429/3795/1645 2456/3796/1646 2455/3797/1643
f 2441/3798/1647 2456/3799/1646 2429/3795/1645 2444/3800/1648 2445/3801/1647 2443/3802/1647 2442/3803/1647
f 2444/3804/1648 2429/3805/1645 2432/3806/1649 2433/3807/1650 2436/3808/1650
f 2430/3809/1651 2431/3810/1651 2432/3811/1649 2429/3805/1645 2434/3812/1644
s 0
f 2457/3813/1652 2428/3766/1652 2426/3783/1652 2452/3814/1652 2439/3815/1652 2440/3816/1652
g Bottle_cell.086_Bottle_cell.085
v -0.002915 0.356274 -0.002202
v -0.025093 0.363427 -0.024210
v -0.033482 0.363441 -0.010315
v -0.005111 0.362179 -0.002613
v -0.056737 0.378659 -0.033418
v -0.044623 0.394082 -0.035457
v -0.043310 0.386759 -0.041545
v -0.045329 0.378639 -0.044826
v -0.048092 0.370604 -0.045679
v -0.055974 0.371235 -0.037518
v -0.063232 0.370569 -0.019180
v -0.049923 0.395080 -0.029512
v -0.054393 0.393266 -0.016115
v -0.058508 0.384067 -0.017192
v -0.060902 0.378686 -0.017873
v -0.044623 0.394082 -0.035457
v -0.043310 0.386759 -0.041545
v -0.048092 0.370604 -0.045679
v -0.055974 0.371235 -0.037518
v -0.049923 0.395080 -0.029512
v -0.054393 0.393266 -0.016115
v -0.058508 0.384067 -0.017192
v -0.060902 0.378686 -0.017873
v -0.045329 0.378639 -0.044826
v -0.063232 0.370569 -0.019180
vn 0.7560 0.4933 -0.4303
vn 0.7647 0.2429 -0.5969
vn 0.7019 -0.0256 -0.7118
vn -0.1426 -0.9745 -0.1730
vn -0.1976 -0.9735 -0.1155
vn -0.1992 -0.9733 -0.1142
vn 0.4603 0.8463 0.2682
vn -0.2631 -0.0307 0.9643
vn -0.2618 0.0041 0.9651
vn -0.2865 -0.0407 0.9572
vn -0.9086 0.3159 -0.2734
vn -0.8263 0.3342 -0.4533
vn -0.7820 0.2741 -0.5598
vn -0.9293 0.2014 -0.3095
vn -0.6417 0.4190 -0.6424
vn -0.6586 0.3629 -0.6592
vn -0.7807 0.4315 -0.4521
vn -0.8765 0.4198 -0.2356
vn -0.6736 0.3031 -0.6741
vt 0.654354 0.000000
vt 1.000000 0.000000
vt 1.000000 0.334619
vt 0.334619 0.334619
vt 0.000000 0.000000
vt 0.349706 0.349706
vt 0.372689 0.000000
vt 0.365282 0.138529
vt 0.240341 0.240341
vt 0.386812 0.386812
vt 1.000000 0.260855
vt 0.347282 0.000000
vt 0.260855 0.260855
vt 1.000000 0.345646
vt 0.837646 0.229534
vt 0.569202 0.000000
vt 1.000000 1.000000
vt 0.709081 0.000000
vt 0.569202 0.569202
vt 1.000000 0.290919
vt 0.825258 0.144396
vt 0.660805 0.000000
vt 0.515496 0.061164
vt 0.541371 0.060697
vt 0.544491 0.074132
vt 0.517201 0.071502
vt 0.695351 0.711908
vt 0.697578 0.701787
vt 0.723517 0.702254
vt 0.713188 0.733036
vt 0.700827 0.730949
vt 0.509170 0.033778
vt 0.531041 0.029916
vt 0.513108 0.051057
vt 0.726637 0.688820
vt 0.697578 0.701787
vt 0.702115 0.686789
s 0
f 2477/3817/1653 2465/3818/1653 2478/3819/1653
f 2478/3820/1654 2465/3821/1654 2462/3818/1654
f 2478/3822/1655 2462/3821/1655 2479/3823/1655 2469/3824/1655
f 2463/3821/1656 2462/3818/1656 2479/3825/1656
f 2479/3826/1657 2462/3821/1657 2464/3818/1657 2480/3827/1657
f 2464/3821/1658 2486/3828/1658 2480/3829/1658
f 2465/3818/1659 2477/3830/1659 2481/3831/1659 2482/3832/1659
f 2464/3821/1660 2462/3818/1660 2465/3833/1660
f 2483/3834/1661 2464/3818/1661 2465/3833/1661 2482/3835/1661
f 2464/3818/1662 2483/3836/1662 2484/3837/1662 2486/3838/1662
s 1
f 2476/3839/1663 2466/3840/1664 2471/3841/1665 2472/3842/1666
f 2468/3843/1667 2485/3844/1668 2466/3845/1664 2473/3846/1669 2467/3847/1667
f 2474/3848/1670 2473/3849/1669 2466/3840/1664 2476/3839/1663 2475/3850/1670
f 2471/3851/1665 2466/3845/1664 2485/3852/1668 2470/3853/1671
g Bottle_cell.087_Bottle_cell.086
v 0.011339 0.011359 0.044632
v -0.049832 0.073582 0.044053
v -0.020512 0.019448 0.040643
v -0.013067 0.018103 0.047409
v -0.000000 0.023982 0.024589
v -0.012316 0.023977 0.021289
v -0.000000 0.008700 0.033519
v -0.000000 0.064487 0.069262
v 0.007291 0.060066 0.067317
v -0.007826 0.005769 0.042715
v 0.005648 0.005999 0.042412
v -0.000000 0.006293 0.042803
v 0.016710 0.055540 0.064801
v -0.017527 0.055787 0.064582
v -0.012955 0.006344 0.039113
v 0.005208 0.023980 0.023193
v 0.007631 0.008697 0.031474
v -0.040063 0.115977 0.054496
v -0.034683 0.136903 0.059836
v -0.000000 0.028020 0.014238
v 0.013555 0.190219 0.065400
v -0.000000 0.189669 0.069033
v -0.034685 0.076216 0.059947
v -0.014564 0.016257 0.025197
v -0.012009 0.008695 0.030301
v -0.015949 0.023970 0.017656
v -0.009460 0.026208 0.016338
v -0.000000 0.064487 0.069262
v 0.007291 0.060066 0.067317
v 0.005648 0.005999 0.042412
v -0.000000 0.006293 0.042803
v 0.016710 0.055540 0.064801
v 0.005208 0.023980 0.023193
v 0.007631 0.008697 0.031474
v -0.040063 0.115977 0.054496
v -0.034683 0.136903 0.059836
v 0.013555 0.190219 0.065400
v -0.000000 0.189669 0.069033
v -0.014564 0.016257 0.025197
v -0.012009 0.008695 0.030301
v -0.015949 0.023970 0.017656
v -0.009460 0.026208 0.016338
v -0.017527 0.055787 0.064582
v -0.007826 0.005769 0.042715
v -0.012955 0.006344 0.039113
v -0.000000 0.028020 0.014238
v -0.034685 0.076216 0.059947
v -0.049832 0.073582 0.044053
vn -0.0301 -0.4084 0.9123
vn 0.0343 -0.4184 0.9076
vn 0.9520 0.0237 -0.3053
vn -0.2153 -0.4259 0.8788
vn -0.6049 -0.4629 0.6479
vn 0.6951 -0.7171 -0.0508
vn 0.9435 0.0357 -0.3294
vn -0.2435 0.3094 -0.9192
vn -0.8585 -0.4459 -0.2532
vn -0.6558 -0.3957 0.6429
vn -0.1718 -0.7490 -0.6399
vn -0.0675 -0.9658 -0.2504
vn 0.0013 -0.9680 -0.2510
vn -0.0000 -0.8286 -0.5598
vn 0.1220 0.0018 0.9925
vn 0.0054 0.0018 1.0000
vn 0.2588 0.0018 0.9659
vn -0.2857 0.2908 -0.9132
vn -0.7181 -0.0017 0.6960
vn -0.4635 0.0004 0.8861
vn -0.3190 0.0014 0.9477
vn -0.2588 0.0018 0.9659
vn 0.1727 -0.7461 -0.6431
vn 0.0675 -0.9658 -0.2504
vn 0.1408 -0.9305 -0.3381
vn 0.3401 -0.7341 -0.5878
vn 0.4611 -0.7590 -0.4597
vn -0.0000 -0.7342 -0.6789
vn 0.0443 -0.9307 -0.3630
vn -0.1770 -0.7306 -0.6594
vn 0.2913 -0.4982 -0.8167
vn -0.6362 -0.3814 0.6706
vt 0.661979 0.000000
vt 1.000000 0.062137
vt 1.000000 0.361042
vt 0.869730 0.255200
vt 0.312640 0.038586
vt 0.676964 0.000000
vt 1.000000 0.000000
vt 1.000000 0.268960
vt 0.361042 0.361042
vt 0.062137 0.062137
vt 0.000000 0.000000
vt 1.000000 0.028112
vt 0.268960 0.268960
vt 0.239182 0.239182
vt 1.000000 0.060817
vt 1.000000 0.530966
vt 0.528976 0.528976
vt 1.000000 1.000000
vt 0.836536 0.836536
vt 1.000000 0.729495
vt 0.411673 0.300916
vt 0.151223 0.000000
vt 0.666725 0.658749
vt 0.151738 0.120952
vt 0.144668 0.000000
vt 0.622379 0.000000
vt 0.730821 0.154603
vt 1.000000 0.765589
vt 1.000000 0.702734
vt 0.671466 0.000000
vt 0.893436 0.453477
vt 0.774022 0.625779
vt 0.819462 0.179738
vt 0.804720 0.187514
vt 0.796791 0.180613
vt 0.808973 0.168430
vt 0.057745 0.347747
vt 0.057740 0.113804
vt 0.071754 0.105546
vt 0.089857 0.097098
vt 0.083798 0.348785
vt 0.671466 0.671466
vt 0.013555 0.000000
vt 1.000000 0.377621
vt 0.989844 0.849453
vt 0.399322 0.629244
vt 0.364300 0.626158
vt 0.364306 0.512744
vt 0.376534 0.552055
vt 0.032979 0.098238
vt 0.057740 0.113804
vt 0.052525 0.347846
vt 0.000013 0.250211
vt 0.000007 0.136797
vt 0.797433 0.148441
vt 0.796791 0.180613
vt 0.785005 0.167519
vt 0.788662 0.155120
vt 0.010243 0.798035
vt 0.000000 0.795290
vt 0.004769 0.787030
vt 0.000000 0.818960
vt 0.010457 0.798422
vt 0.018549 0.813990
vt 0.005005 0.827629
vt 0.020975 0.818062
vt 0.400800 0.782900
vt 0.400949 0.774640
vt 0.415101 0.768737
vt 0.582222 0.823086
vt 0.582582 0.843074
vt 0.568856 0.845210
vt 0.554703 0.839307
vt 0.554333 0.818808
vt 0.582222 0.808419
vt 0.554333 0.808798
vt 1.000000 0.234886
vt 0.677009 0.607228
s 0
f 2529/3854/1672 2530/3855/1672 2515/3856/1672 2514/3857/1672
f 2517/3858/1673 2516/3859/1673 2487/3860/1673 2518/3861/1673 2515/3862/1673 2530/3863/1673
f 2487/3864/1674 2523/3865/1674 2518/3866/1674
f 2529/3867/1675 2490/3864/1675 2530/3868/1675
f 2490/3864/1676 2489/3860/1676 2531/3869/1676 2530/3870/1676
f 2487/3871/1677 2516/3872/1677 2520/3873/1677
f 2519/3874/1678 2506/3875/1678 2523/3860/1678 2487/3871/1678 2520/3876/1678
f 2523/3871/1679 2506/3877/1679 2528/3878/1679 2521/3879/1679 2522/3880/1679 2524/3881/1679
f 2531/3882/1680 2489/3871/1680 2534/3864/1680 2527/3883/1680 2525/3884/1680 2526/3885/1680
f 2534/3864/1681 2489/3860/1681 2490/3871/1681
s 1
f 2503/3886/1682 2497/3887/1683 2498/3888/1684 2493/3889/1685
f 2508/3890/1686 2494/3891/1687 2495/3892/1688 2499/3893/1688 2507/3894/1688
s 0
f 2527/3895/1689 2534/3896/1689 2521/3897/1689 2528/3898/1689
s 1
f 2488/3899/1690 2533/3900/1691 2505/3901/1692 2504/3902/1690
f 2500/3903/1693 2494/3904/1687 2508/3905/1686 2505/3906/1692 2533/3907/1691
f 2511/3908/1694 2493/3889/1685 2498/3909/1684 2496/3910/1695 2501/3911/1695
f 2513/3912/1696 2492/3913/1697 2512/3914/1698
f 2491/3915/1699 2492/3913/1697 2513/3916/1696 2532/3917/1700
f 2502/3918/1701 2491/3915/1699 2532/3919/1700
f 2512/3920/1698 2492/3921/1697 2510/3922/1702
f 2493/3923/1685 2511/3924/1694 2510/3925/1702 2492/3926/1697 2491/3927/1699
f 2503/3928/1682 2493/3923/1685 2491/3927/1699 2502/3929/1701
s 0
f 2534/3860/1703 2490/3860/1703 2529/3930/1703 2509/3931/1703
g Bottle_cell.088_Bottle_cell.087
v 0.009314 0.386799 -0.011282
v -0.002722 0.387415 -0.018343
v 0.013602 0.423428 -0.024298
v 0.017950 0.443581 -0.019985
v 0.002137 0.415562 -0.038554
v 0.010690 0.416625 -0.034756
v 0.024573 0.416581 -0.026665
v 0.017745 0.417612 -0.031465
v 0.017952 0.423436 -0.019948
v 0.006907 0.423425 -0.026092
v 0.013602 0.444088 -0.024334
v 0.002137 0.415562 -0.038554
v 0.010690 0.416625 -0.034756
v 0.024573 0.416581 -0.026665
v 0.017745 0.417612 -0.031465
v 0.017952 0.423436 -0.019948
v 0.006907 0.423425 -0.026092
v 0.013602 0.444088 -0.024334
v 0.017950 0.443581 -0.019985
vn -0.5464 0.2247 0.8068
vn 0.3897 -0.5806 -0.7149
vn 0.4104 -0.5756 -0.7073
vn 0.7114 -0.0015 0.7028
vn 0.7054 0.0014 0.7088
vn -0.9406 0.2897 0.1773
vn 0.1519 0.8086 -0.5683
vn 0.2134 0.5642 -0.7975
vn 0.4341 0.4947 -0.7528
vn 0.2867 0.8183 -0.4982
vn 0.6302 0.4524 -0.6310
vn 0.4150 0.8089 -0.4164
vn 0.6397 -0.0013 -0.7686
vn 0.7071 -0.0012 -0.7071
vt 0.269388 0.000000
vt 1.000000 0.000000
vt 1.000000 1.000000
vt 0.322098 0.322098
vt 0.000000 0.000000
vt 0.295149 0.000000
vt 1.000000 0.689247
vt 1.000000 0.692172
vt 0.689247 0.689247
vt 0.835617 0.680206
vt 1.000000 0.594081
vt 0.692172 0.692172
vt 1.000000 0.322098
vt 0.594081 0.594081
vt 1.000000 0.704851
vt 0.425627 0.417422
vt 0.700288 0.628500
vt 0.762517 0.382066
vt 0.785156 0.371951
vt 0.796299 0.378384
vt 0.792317 0.393246
vt 0.778733 0.388305
vt 0.792317 0.393246
vt 0.807720 0.378384
vt 0.807579 0.395909
vt 0.867393 0.456611
vt 0.861547 0.447996
vt 0.861544 0.410614
vt 0.871434 0.410793
vt 0.800011 0.643074
vt 0.811153 0.642873
vt 0.800011 0.681410
s 0
f 2552/3932/1704 2536/3933/1704 2535/3934/1704 2553/3935/1704
f 2535/3934/1705 2536/3936/1705 2546/3937/1705 2547/3938/1705
f 2548/3939/1706 2535/3934/1706 2547/3940/1706 2549/3941/1706
f 2550/3942/1707 2535/3934/1707 2548/3943/1707
f 2553/3944/1708 2535/3934/1708 2550/3945/1708
f 2546/3946/1709 2536/3934/1709 2552/3947/1709 2551/3948/1709
s 1
f 2539/3949/1710 2544/3950/1711 2537/3951/1712 2542/3952/1713 2540/3953/1710
f 2542/3954/1713 2537/3951/1712 2543/3955/1714 2541/3956/1715
f 2545/3957/1716 2538/3958/1717 2543/3959/1714 2537/3960/1712
f 2537/3961/1712 2544/3962/1711 2545/3963/1716
