# Blender 4.3.2
# www.blender.org
mtllib WineGlassDestructable.mtl
g Wine_Glass_cell_Wine_Glass_cell.100
v -0.027938 0.261185 0.046075
v -0.026552 0.289662 0.042730
v -0.016052 0.289662 0.044818
v -0.006960 0.275298 0.044446
v -0.021455 0.296220 0.038300
v -0.030311 0.295016 0.038677
v -0.025912 0.296521 0.041184
v -0.033646 0.290863 0.037644
v -0.033028 0.286001 0.034430
v -0.035954 0.252533 0.039135
v -0.036736 0.261185 0.040197
v -0.006984 0.261187 0.046008
v -0.032298 0.247537 0.040663
v -0.007218 0.254851 0.044704
v -0.032577 0.248615 0.035037
v -0.027125 0.247495 0.044113
v -0.015914 0.248213 0.046454
v -0.010965 0.251263 0.047912
v -0.032298 0.247537 0.040663
v -0.027125 0.247495 0.044113
v -0.025912 0.296521 0.041184
v -0.021455 0.296220 0.038300
v -0.016052 0.289662 0.044818
v -0.033028 0.286001 0.034430
v -0.033646 0.290863 0.037644
v -0.036736 0.261185 0.040197
v -0.035954 0.252533 0.039135
v -0.032577 0.248615 0.035037
vn 0.3696 0.7903 0.4888
vn -0.7934 -0.6039 -0.0764
vn 0.1205 -0.9739 -0.1926
vn -0.1897 0.2327 0.9539
vn -0.5403 0.2327 0.8086
vn -0.0515 -0.0115 0.9986
vn -0.0402 0.0327 0.9987
vn -0.0403 0.0323 0.9987
vn -0.5492 -0.1505 0.8220
vn 0.2475 0.8650 0.4365
vn 0.0722 0.7621 0.6434
vn -0.0291 0.0756 0.9967
vn -0.5569 0.1261 0.8210
vn 0.5952 0.3109 -0.7410
vn -0.0557 -0.5288 -0.8469
vn 0.6942 -0.1309 -0.7078
vn -0.9526 0.0738 -0.2950
vt 1.000000 0.152963
vt 0.340126 0.340126
vt 1.000000 0.104457
vt 0.334365 0.334365
vt 0.962221 0.000000
vt 1.000000 0.000000
vt 0.952038 0.952038
vt 1.000000 0.550538
vt 1.000000 1.000000
vt 0.539744 0.420085
vt 0.540465 0.434153
vt 0.519659 0.430521
vt 0.539745 0.420085
vt 0.550347 0.424061
vt 0.559458 0.435771
vt 0.504496 0.516159
vt 0.494753 0.507001
vt 0.494037 0.494045
vt 0.542024 0.494045
vt 0.541109 0.524557
vt 0.515836 0.522958
vt 0.563598 0.495883
vt 0.561355 0.525880
vt 0.553792 0.525544
vt 0.516839 0.434153
vt 0.494037 0.494045
vt 0.494795 0.464583
vt 0.561069 0.439137
vt 0.563598 0.495883
vt 0.801667 0.517926
vt 0.801544 0.500654
vt 0.823027 0.500654
vt 0.820740 0.529304
vt 0.802083 0.528668
vt 0.827213 0.424453
vt 0.840513 0.439850
vt 0.821684 0.439299
vt 0.821013 0.425603
vt 0.804538 0.439299
vt 0.801232 0.446449
vt 0.483226 0.192063
vt 0.756312 0.756312
vt 0.694821 0.694821
s 0
f 7/1/1 3/2/1 22/3/1
f 10/4/2 28/5/2 19/6/2
f 28/7/3 16/8/3 19/9/3
s 1
f 21/10/4 2/11/4 23/12/4
f 2/11/5 21/13/5 6/14/5 25/15/5
f 18/16/6 14/17/6 12/18/7 1/19/8 20/20/6 17/21/6
f 20/20/9 1/19/9 26/22/10 27/23/11 13/24/9
f 23/25/12 2/11/12 1/19/8 12/26/7 4/27/12
f 1/19/13 2/11/13 25/28/13 26/29/13
f 27/30/11 26/31/10 1/32/14 20/33/14 15/34/14
f 5/35/15 23/36/15 2/37/15 21/38/15
f 25/39/16 2/37/16 1/32/16 26/31/16 24/40/16
s 0
f 11/41/17 8/42/17 9/43/17
g Wine_Glass_cell.001_Wine_Glass_cell.101
v -0.000856 0.165636 -0.005780
v 0.002487 0.157320 -0.002123
v -0.001603 0.153832 -0.006139
vn 0.7106 -0.0236 -0.7032
vt 0.000000 0.000000
vt 1.000000 0.000000
vt 1.000000 0.741733
s 0
f 31/44/18 29/45/18 30/46/18
g Wine_Glass_cell.002_Wine_Glass_cell.001
v -0.006240 0.147772 -0.007218
v -0.006375 0.167601 -0.007591
v -0.000502 0.156203 -0.001666
v -0.005464 0.155774 -0.000553
v -0.009792 0.152028 -0.004786
v -0.005464 0.149006 -0.000641
v -0.010184 0.154147 -0.009336
v -0.009792 0.152028 -0.004786
v -0.005464 0.155774 -0.000553
v -0.005464 0.149006 -0.000641
vn 0.1452 0.5142 0.8453
vn -0.7829 0.2726 0.5593
vn 0.8871 -0.1847 -0.4231
vn 0.1745 -0.2115 -0.9617
vn -0.9500 0.2437 0.1952
vn -0.6950 -0.0094 0.7190
vn -0.6875 -0.6947 0.2114
vt 0.623969 0.304520
vt 0.262487 0.000000
vt 1.000000 0.000000
vt 0.601782 0.601782
vt 0.000000 0.000000
vt 0.795211 0.316195
vt 0.578857 0.578857
vt 1.000000 0.737513
vt 0.600890 0.378869
vt 0.902702 0.047684
vt 1.000000 0.028419
vt 1.000000 1.000000
vt 1.000000 0.083158
vt 0.028419 0.028419
vt 0.894741 0.008613
vt 0.898167 0.000300
vt 0.901691 0.000000
vt 0.404097 0.000000
vt 0.873917 0.514521
s 0
f 40/47/19 34/48/19 33/49/19
f 40/50/20 33/51/20 39/52/20
f 41/53/21 32/51/21 33/49/21 34/54/21 40/55/21
f 39/56/22 38/57/22 33/58/22 32/51/22
f 39/59/23 33/58/23 38/60/23
s 1
f 37/61/24 35/62/24 36/63/24
s 0
f 39/64/25 32/49/25 41/65/25
g Wine_Glass_cell.003_Wine_Glass_cell.002
v 0.048723 0.231927 -0.008181
v 0.028959 0.231909 -0.042605
v 0.039512 0.231909 -0.026811
v 0.043218 0.231909 -0.008181
v 0.045899 0.228361 -0.016498
v 0.038465 0.246603 -0.033525
v 0.041096 0.240550 -0.027467
v 0.041416 0.221426 -0.027600
v 0.033131 0.231927 -0.046079
v 0.030770 0.244999 -0.044458
v 0.044252 0.246909 -0.017945
v 0.049384 0.237562 -0.007110
v 0.044892 0.240348 -0.008181
v 0.042277 0.235948 0.000576
v 0.038739 0.220323 -0.000739
v 0.040887 0.229310 0.000153
v 0.043352 0.219064 -0.002391
v 0.026675 0.219426 -0.040320
v 0.036316 0.218542 -0.025487
v 0.039960 0.219321 -0.008181
v 0.046809 0.231927 0.001439
v 0.038465 0.246603 -0.033525
v 0.041096 0.240550 -0.027467
v 0.045899 0.228361 -0.016498
v 0.041416 0.221426 -0.027600
v 0.044892 0.240348 -0.008181
v 0.042277 0.235948 0.000576
v 0.038739 0.220323 -0.000739
v 0.038739 0.220323 -0.000739
v 0.038739 0.220323 -0.000739
v 0.040887 0.229310 0.000153
v 0.028959 0.231909 -0.042605
v 0.026675 0.219426 -0.040320
v 0.044252 0.246909 -0.017945
v 0.048723 0.231927 -0.008181
v 0.049384 0.237562 -0.007110
v 0.030770 0.244999 -0.044458
v 0.033131 0.231927 -0.046079
v 0.046809 0.231927 0.001439
v 0.043352 0.219064 -0.002391
v 0.039960 0.219321 -0.008181
vn 0.8978 -0.0420 -0.4384
vn 0.9148 0.1431 -0.3776
vn -0.6397 -0.0219 -0.7683
vn 0.4075 0.7419 0.5325
vn -0.1898 -0.0520 0.9804
vn -0.2312 -0.9685 0.0925
vn -0.2038 -0.0196 0.9788
vn 0.8996 -0.4165 0.1313
vn 0.9047 -0.3849 0.1826
vn 0.8669 -0.4664 0.1761
vn -0.4871 -0.8510 0.1964
vn -0.3420 -0.9299 0.1353
vn 0.6722 -0.6860 -0.2785
vn 0.7560 -0.6541 -0.0246
vn 0.5364 -0.6673 -0.5167
vn -0.5166 -0.8558 0.0266
vn -0.8160 0.1908 0.5456
vn -0.8114 0.2177 0.5424
vn -0.9008 0.2218 0.3732
vn -0.9030 0.1945 0.3830
vn -0.9627 0.1910 0.1915
vn -0.9750 0.2222 -0.0014
vn -0.9783 0.1976 0.0630
vn -0.9547 0.2273 -0.1918
vn -0.9506 0.2460 -0.1891
vn -0.9599 0.2006 -0.1956
vn 0.9696 -0.1505 0.1929
vt 0.000000 0.000000
vt 0.450337 0.000000
vt 0.578166 0.080274
vt 1.000000 0.385130
vt 1.000000 1.000000
vt 0.546019 0.546019
vt 0.682500 0.478348
vt 1.000000 0.602567
vt 0.385130 0.385130
vt 0.614074 0.147275
vt 0.597148 0.452462
vt 0.511104 0.499562
vt 0.227390 0.000000
vt 0.837333 0.000000
vt 1.000000 0.475741
vt 0.986065 0.986065
vt 0.892207 0.485733
vt 0.722004 0.000000
vt 1.000000 0.811430
vt 0.133476 0.000000
vt 0.222421 0.000000
vt 0.737867 0.737867
vt 1.000000 0.726308
vt 1.000000 0.802736
vt 1.000000 0.777579
vt 0.882579 0.882579
vt 0.798422 0.798422
vt 0.297811 0.581430
vt 0.319214 0.583855
vt 0.324726 0.604450
vt 0.319879 0.605926
vt 0.308585 0.609352
vt 0.279263 0.614492
vt 0.275339 0.606455
vt 0.287450 0.590241
vt 0.308585 0.609352
vt 0.344511 0.135504
vt 0.311742 0.113463
vt 0.313457 0.104923
vt 0.352475 0.106364
vt 0.129925 0.699960
vt 0.126500 0.731311
vt 0.087771 0.730178
vt 0.088510 0.710893
vt 0.102754 0.697786
vt 0.072315 0.697092
vt 0.045852 0.730178
vt 0.045131 0.711345
vt 0.086282 0.760133
vt 0.122539 0.759210
vt 0.047254 0.758387
vt 0.028140 0.730696
vt 0.038882 0.757428
vt 0.031671 0.756593
vt 0.027302 0.721696
vt 0.317579 0.578344
vt 0.296709 0.569198
s 0
f 75/66/26 77/67/26 42/68/26 65/69/26 78/70/26 63/71/26 64/72/26
f 79/73/27 78/70/27 65/74/27 66/75/27
f 43/76/28 78/70/28 79/77/28 59/78/28
f 62/79/29 77/80/29 75/81/29 67/82/29 68/83/29
f 69/84/30 62/85/30 72/86/30
f 70/87/31 61/88/31 81/89/31
f 72/90/32 62/91/32 68/92/32
s 1
f 76/93/33 80/94/34 56/95/35 58/96/35 82/97/36
f 60/98/37 49/99/38 46/100/39 76/93/33 82/101/36
f 50/102/40 49/103/38 60/104/37 74/105/41
f 51/106/42 73/107/43 44/108/44 48/109/45 47/110/42
f 52/111/46 48/109/45 44/108/44 45/112/47 54/113/48
f 60/114/37 44/108/44 73/107/43 74/115/41
f 45/112/47 44/108/44 60/114/37 82/116/36
f 57/117/49 45/112/47 82/118/36 71/119/50
f 45/112/47 57/117/49 55/120/51 54/113/48
f 80/121/34 76/93/33 53/122/52
g Wine_Glass_cell.004_Wine_Glass_cell.003
v -0.046661 0.202667 0.008883
v -0.045085 0.228813 0.017049
v -0.047406 0.221781 0.018833
v -0.049592 0.229445 0.019999
v -0.042280 0.202667 0.015440
v -0.057379 0.231048 0.001791
v -0.055142 0.230660 0.012396
v -0.050242 0.231909 0.010745
v -0.052217 0.232214 0.001822
v -0.032135 0.180673 0.006043
v -0.034683 0.181380 0.001354
v -0.048129 0.202667 0.001501
v -0.051937 0.214338 0.001601
v -0.048718 0.218503 0.001663
v -0.047406 0.221781 0.018833
v -0.049592 0.229445 0.019999
v -0.057379 0.231048 0.001791
v -0.055142 0.230660 0.012396
v -0.048129 0.202667 0.001501
v -0.051937 0.214338 0.001601
v -0.045085 0.228813 0.017049
v -0.050242 0.231909 0.010745
v -0.052217 0.232214 0.001822
v -0.048718 0.218503 0.001663
vn 0.5503 0.0300 0.8344
vn -0.0892 0.9823 0.1648
vn 0.0031 0.0124 -0.9999
vn -0.8083 -0.5388 0.2374
vn -0.9337 -0.3062 0.1857
vn -0.8779 -0.3116 0.3636
vn -0.8821 -0.3116 0.3533
vn 0.4732 -0.6744 0.5668
vn -0.2337 -0.6452 0.7274
vn -0.7915 -0.3062 0.5289
vn 0.9602 0.1332 -0.2453
vn 0.9647 0.1336 -0.2271
vn 0.9161 0.1286 -0.3797
vn 0.9849 0.1350 -0.1082
vn 0.7064 0.5275 -0.4720
vn 0.0056 0.0105 -0.9999
vt 0.278859 0.278859
vt 0.136788 0.136788
vt 1.000000 0.772327
vt 0.210061 0.000000
vt 0.273569 0.000000
vt 0.633313 0.503694
vt 0.828966 0.828966
vt 0.642853 0.642853
vt 0.485988 0.385703
vt 1.000000 0.726431
vt 0.996357 0.790708
vt 0.834425 0.834425
vt 0.795170 0.795170
vt 0.691617 0.027874
vt 0.696789 0.026594
vt 0.702757 0.072675
vt 0.686146 0.072675
vt 0.684724 0.097781
vt 0.706709 0.132894
vt 0.682792 0.133728
vt 0.718925 0.073747
vt 0.723972 0.114334
vt 0.723475 0.134292
vt 0.706709 0.132893
vt 0.763687 0.631257
vt 0.749043 0.631686
vt 0.740606 0.567107
vt 0.757797 0.573551
vt 0.759595 0.587987
vt 0.583983 0.241740
vt 0.588063 0.211736
vt 0.601798 0.212555
vt 0.588992 0.276935
vt 0.579335 0.276389
vt 0.765372 0.677539
vt 0.805055 0.265345
vt 0.795170 0.000000
vt 0.834425 0.000000
s 0
f 103/123/53 98/124/53 97/125/53
f 105/126/54 99/127/54 100/128/54 98/129/54 103/130/54 104/131/54
f 99/132/55 105/133/55 106/134/55 95/135/55
s 1
f 93/136/56 92/137/56 83/138/56 101/139/56
f 102/140/57 101/139/57 83/138/58 89/141/59 88/142/57
f 83/138/58 87/143/60 85/144/61 86/145/62 89/146/59
f 87/147/60 83/148/63 90/149/64 84/150/65 85/151/61
f 96/152/66 91/153/66 90/154/64 83/155/63 101/156/66
f 83/148/67 87/147/67 92/157/67
s 0
f 94/158/68 95/159/68 106/160/68
g Wine_Glass_cell.005_Wine_Glass_cell.004
v 0.030863 0.289274 -0.044508
v 0.041999 0.289274 -0.027841
v 0.015616 0.306773 -0.049609
v 0.013932 0.301174 -0.052362
v 0.015249 0.289274 -0.054942
v 0.015717 0.282269 -0.055545
v 0.043879 0.289274 -0.018394
v 0.041898 0.297657 -0.017965
v 0.039659 0.302795 -0.022854
v 0.037960 0.306448 -0.026415
v 0.028864 0.307130 -0.039732
v 0.032502 0.268385 -0.046148
v 0.042639 0.283039 -0.028106
vn 0.6951 0.1780 -0.6966
vn 0.5547 0.1799 -0.8124
vn 0.5541 0.2514 -0.7936
vn 0.7005 0.2467 -0.6697
vn 0.8693 0.2392 -0.4326
vn 0.9096 0.1741 -0.3772
vn 0.9520 0.2364 -0.1943
vn 0.9597 0.2027 -0.1945
vn 0.5523 0.1082 -0.8266
vn 0.7035 0.1103 -0.7021
vn 0.8871 0.1100 -0.4482
vt 0.348144 0.262356
vt 0.392773 0.262983
vt 0.391105 0.296428
vt 0.385294 0.302348
vt 0.349474 0.302871
vt 0.308866 0.301255
vt 0.304291 0.263022
vt 0.345485 0.302806
vt 0.291112 0.281755
vt 0.290379 0.263809
vt 0.302059 0.293893
vt 0.392880 0.249823
vt 0.347705 0.215931
vt 0.347652 0.215961
vt 0.303649 0.251598
s 1
f 107/161/69 111/162/70 110/163/71 109/164/71 117/165/72
f 116/166/73 108/167/74 107/161/69 117/168/72
f 114/169/75 113/170/76 108/167/74 116/166/73 115/171/75
f 112/172/77 111/162/70 107/161/69 118/173/78
f 118/174/78 107/161/69 108/167/74 119/175/79
f 119/175/79 108/167/74 113/170/76
g Wine_Glass_cell.006_Wine_Glass_cell.005
v 0.020554 0.216075 0.032220
v 0.015629 0.212339 0.034065
v 0.022529 0.202169 0.025341
v 0.039700 0.215761 0.010526
v 0.028865 0.202667 0.019162
v 0.033439 0.216146 0.020119
v 0.029111 0.215795 0.026394
v 0.018086 0.208066 0.030771
v 0.020554 0.216075 0.032220
v 0.015629 0.212339 0.034065
v 0.039700 0.215761 0.010526
v 0.028865 0.202667 0.019162
v 0.033439 0.216146 0.020119
v 0.029111 0.215795 0.026394
v 0.018086 0.208066 0.030771
v 0.022529 0.202169 0.025341
vn -0.7246 0.1947 -0.6611
vn -0.1103 0.9876 -0.1116
vn 0.1311 0.9807 0.1453
vn -0.5438 0.3088 -0.7804
vn -0.5289 0.3062 -0.7915
vn 0.6551 -0.3245 0.6823
vn 0.7533 -0.3281 0.5700
vn 0.6695 -0.3255 0.6677
vn 0.5316 -0.3124 0.7873
vt 0.638334 0.000000
vt 1.000000 0.000000
vt 0.989147 0.720483
vt 0.655119 0.236454
vt 0.729138 0.729138
vt 0.000000 0.000000
vt 0.390056 0.000000
vt 0.637963 0.224528
vt 0.390056 0.390056
vt 0.351431 0.000000
vt 1.000000 1.000000
vt 0.698399 0.644370
vt 1.000000 0.756155
vt 0.756154 0.756154
vt 1.000000 0.264762
vt 0.393756 0.628871
vt 0.382829 0.630907
vt 0.348807 0.607663
vt 0.373733 0.603105
vt 0.390407 0.600768
vt 0.390407 0.600768
vt 0.411009 0.595689
vt 0.421691 0.601580
vt 0.414516 0.612516
s 0
f 135/176/80 128/177/80 130/178/80 131/179/80
f 130/180/81 128/181/81 132/182/81
f 133/183/82 132/184/82 128/185/82
f 128/186/83 135/187/83 134/188/83
f 134/189/84 129/190/84 128/186/84
s 1
f 122/191/85 124/192/86 123/193/86 125/194/86 126/195/87
f 122/191/85 126/196/87 120/197/88 121/198/88 127/199/88
g Wine_Glass_cell.007_Wine_Glass_cell.006
v -0.062008 0.003718 0.015240
v -0.063806 0.004588 0.004101
v -0.050071 0.003718 0.033105
v -0.054553 0.004524 0.025714
v -0.063806 0.004588 0.004101
v -0.054553 0.004524 0.025714
v -0.062008 0.003718 0.015240
vn -0.2694 0.9557 0.1182
vn 0.3887 -0.8977 -0.2075
vn -0.5420 -0.7154 0.4409
vn -0.5405 -0.7172 0.4399
vn 0.4002 -0.8906 -0.2162
vt 0.377440 0.000000
vt 0.347267 0.129905
vt 0.254472 0.254472
vt 0.811611 0.759531
vt 0.812893 0.715723
vt 0.814209 0.733649
vt 0.089289 0.257975
vt 0.101241 0.262926
vt 0.057434 0.244781
vt 0.057608 0.244853
s 0
f 140/200/89 136/201/89 139/202/89
s 1
f 142/203/90 138/204/91 141/205/92
f 141/206/92 138/207/91 142/208/90 137/209/93
g Wine_Glass_cell.008_Wine_Glass_cell.007
v -0.004250 0.123157 -0.011951
v -0.004559 0.099609 -0.012099
v -0.004378 0.113917 -0.012913
v -0.003291 0.124146 -0.017002
vn 0.9999 -0.0131 -0.0076
vt 0.310747 0.026755
vt 0.000000 0.000000
vt 1.000000 0.008574
s 0
f 145/210/94 143/211/94 144/212/94
l 143 146
g Wine_Glass_cell.009_Wine_Glass_cell.008
v 0.033067 0.261187 0.030350
v 0.029548 0.247805 0.029569
v 0.034588 0.247748 0.031870
v 0.025978 0.247713 0.037617
v 0.027117 0.261185 0.039322
v 0.024548 0.265517 0.035475
v 0.037068 0.248147 0.019795
v 0.024143 0.275066 0.034496
v 0.031343 0.282014 0.028775
v 0.036657 0.279601 0.028320
v 0.040020 0.275651 0.024174
v 0.040646 0.249444 0.023269
v 0.041974 0.261185 0.024496
v 0.024548 0.265517 0.035475
v 0.024143 0.275066 0.034496
v 0.036657 0.279601 0.028320
v 0.040020 0.275651 0.024174
v 0.040646 0.249444 0.023269
v 0.034588 0.247748 0.031870
v 0.025978 0.247713 0.037617
v 0.029548 0.247805 0.029569
v 0.027117 0.261185 0.039322
v 0.037068 0.248147 0.019795
v 0.031343 0.282014 0.028775
vn 0.0297 -0.9955 -0.0898
vn 0.2193 -0.9663 0.1349
vn -0.8187 0.0241 0.5738
vn 0.3213 0.8021 -0.5034
vn 0.7024 0.0095 0.7117
vn 0.7029 0.0092 0.7112
vn 0.2086 0.8864 -0.4133
vn 0.4422 0.8817 -0.1644
vn -0.5403 0.6016 0.5884
vn -0.4375 0.5942 0.6749
vn 0.5047 0.0426 0.8623
vn -0.4364 -0.8342 0.3371
vn -0.3744 -0.8206 0.4317
vn 0.6723 0.2213 0.7064
vn 0.7693 -0.0428 -0.6375
vn 0.6710 -0.0745 -0.7377
vn -0.5166 0.3399 -0.7859
vn -0.7188 0.2695 -0.6409
vn -0.6924 0.2809 -0.6646
vn -0.5840 -0.2262 -0.7796
vn -0.5351 -0.1009 -0.8387
vt 0.037835 0.000000
vt 0.575249 0.519973
vt 1.000000 1.000000
vt 0.374786 0.374786
vt 1.000000 0.000000
vt 1.000000 0.374786
vt 0.968237 0.000000
vt 1.000000 0.637921
vt 0.629366 0.629366
vt 0.596888 0.596888
vt 0.693764 0.000000
vt 0.668494 0.668494
vt 0.641197 0.641197
vt 0.376548 0.503239
vt 0.381023 0.532170
vt 0.357528 0.532789
vt 0.353460 0.507539
vt 0.399131 0.528371
vt 0.397996 0.498591
vt 0.366770 0.457089
vt 0.349352 0.475624
vt 0.359279 0.464854
vt 0.366928 0.456917
vt 0.390523 0.468895
vt 0.778631 0.159016
vt 0.800056 0.156511
vt 0.798913 0.184204
vt 0.777316 0.186043
vt 0.778564 0.159952
vt 0.820829 0.158311
vt 0.820831 0.184204
vt 0.804413 0.156486
vt 0.820830 0.193770
vt 0.820374 0.214864
vt 0.799905 0.230061
vt 0.792193 0.224974
vt 0.777855 0.214747
s 0
f 158/213/95 165/214/95 150/215/95 167/216/95
f 158/217/96 167/218/96 169/219/96
f 161/220/97 160/221/97 151/222/97
f 163/223/98 155/224/98 162/225/98
s 1
f 147/226/99 149/227/100 164/228/101 159/229/102
f 166/230/103 149/227/100 147/226/99 168/231/104
f 170/232/105 147/226/105 159/229/106 157/233/107 156/234/105
f 168/231/108 147/226/108 170/235/109 154/236/110
f 153/237/111 148/238/112 147/239/113 159/240/102 164/241/101
f 166/242/103 168/243/104 147/239/113 148/244/112
f 147/239/114 168/243/114 152/245/114 154/246/110 170/247/109
f 147/239/115 170/248/115 157/249/107 159/240/106
g Wine_Glass_cell.010_Wine_Glass_cell.009
v -0.022528 0.202667 0.033016
v -0.017822 0.216848 0.034144
v -0.023730 0.183802 0.018125
v -0.028842 0.202667 0.028797
v -0.030274 0.212394 0.031603
v -0.029128 0.217222 0.028948
v -0.024159 0.215664 0.036953
v -0.015559 0.210370 0.036928
v -0.014747 0.202667 0.034563
v -0.013234 0.195847 0.030547
v -0.011661 0.186043 0.024654
v -0.018088 0.184338 0.022296
v -0.030274 0.212394 0.031603
v -0.029128 0.217222 0.028948
v -0.024159 0.215664 0.036953
vn -0.7111 0.4609 0.5310
vn -0.1657 -0.5275 0.8332
vn -0.1293 -0.3498 0.9279
vn -0.2442 -0.4048 0.8812
vn -0.3419 -0.5348 0.7727
vn -0.4720 -0.5275 0.7064
vn 0.6924 -0.5691 -0.4435
vn 0.4365 -0.8983 0.0500
vn -0.5289 -0.3062 0.7915
vn -0.0837 -0.1406 0.9865
vn 0.6020 0.1557 -0.7832
vt 0.210143 0.210143
vt 0.098807 0.098807
vt 0.666307 0.168590
vt 0.515005 0.664946
vt 0.516882 0.643371
vt 0.518427 0.626720
vt 0.535938 0.626720
vt 0.530942 0.671473
vt 0.550779 0.632787
vt 0.540401 0.673197
vt 0.553310 0.605656
vt 0.551419 0.628039
vt 0.537773 0.596755
vt 0.523413 0.596341
vt 0.537773 0.596755
vt 0.519167 0.608960
vt 0.817307 0.630727
vt 0.800561 0.630727
vt 0.801149 0.606490
vt 0.801667 0.598907
vt 0.818832 0.600052
s 0
f 184/250/116 175/251/116 177/252/116
s 1
f 181/253/117 180/254/117 179/255/118 171/256/119 182/257/120
f 171/256/119 174/258/121 173/259/121 182/257/120
f 183/260/122 174/261/123 171/256/124 185/262/124
f 172/263/125 185/264/125 171/256/119 179/255/118 178/265/125
f 171/266/126 174/267/123 183/268/122 176/269/126 185/270/126
g Wine_Glass_cell.011_Wine_Glass_cell.010
v -0.006941 0.134545 -0.006940
v -0.013776 0.137256 0.000131
v -0.016796 0.135351 -0.007396
v -0.008745 0.136393 0.002800
vn -0.0910 -0.9561 0.2785
vn -0.2382 -0.9613 0.1383
vt 0.515544 0.000000
vt 1.000000 0.000000
vt 1.000000 0.068466
vt 0.143300 0.029313
vt 0.073674 0.073674
vt 0.000000 0.000000
s 0
f 188/271/127 186/272/127 187/273/127
f 189/274/128 187/275/128 186/276/128
g Wine_Glass_cell.012_Wine_Glass_cell.011
v 0.015272 0.231927 -0.058243
v 0.013166 0.231909 -0.053157
v 0.001187 0.199356 -0.045627
v -0.002619 0.202667 -0.052207
v -0.003979 0.223452 -0.059293
v -0.003731 0.231909 -0.056518
v -0.004193 0.243214 -0.058854
v -0.004474 0.231927 -0.062171
v -0.004826 0.241991 -0.063803
v 0.032846 0.240691 -0.048105
v 0.031760 0.246495 -0.049893
v 0.021997 0.215687 -0.042304
v 0.028255 0.218092 -0.044216
v 0.014820 0.208337 -0.044856
v 0.011355 0.201654 -0.048786
v -0.001705 0.246239 -0.063841
v 0.029293 0.244466 -0.045321
v 0.016097 0.245822 -0.060235
v 0.027375 0.231909 -0.043663
v 0.031812 0.231927 -0.047191
v -0.003979 0.223452 -0.059293
v -0.004474 0.231927 -0.062171
v -0.003731 0.231909 -0.056518
v -0.004193 0.243214 -0.058854
v -0.004826 0.241991 -0.063803
v 0.031760 0.246495 -0.049893
v 0.016097 0.245822 -0.060235
v 0.016097 0.245822 -0.060235
v 0.016097 0.245822 -0.060235
v -0.001705 0.246239 -0.063841
v 0.032846 0.240691 -0.048105
v 0.031812 0.231927 -0.047191
v 0.029293 0.244466 -0.045321
v 0.027375 0.231909 -0.043663
v 0.028255 0.218092 -0.044216
v -0.002619 0.202667 -0.052207
v 0.021997 0.215687 -0.042304
vn 0.7698 0.3149 0.5551
vn -0.8053 0.5913 -0.0431
vn -0.2303 0.9295 0.2882
vn 0.5256 -0.0006 0.8507
vn 0.3928 -0.2595 -0.8822
vn 0.1938 -0.2265 -0.9545
vn 0.1929 -0.1505 -0.9696
vn 0.3789 -0.1533 -0.9126
vn 0.5492 -0.1505 -0.8220
vn 0.5749 -0.2769 -0.7700
vn 0.0435 -0.9989 -0.0155
vn 0.5901 -0.4082 -0.6966
vn -0.3211 -0.8511 0.4153
vn -0.1858 -0.9488 0.2556
vn -0.3663 0.3667 0.8552
vn -0.3958 0.2810 0.8743
vn -0.6215 0.2893 0.7281
vn -0.6143 0.3465 0.7089
vn -0.0520 0.8796 0.4728
vn -0.2078 0.1437 0.9676
vn -0.1392 0.2563 0.9565
vn 0.1935 -0.3103 -0.9307
vn -0.9908 -0.0150 0.1345
vn -0.0785 0.8693 0.4880
vn -0.0745 0.3551 0.9318
vt 0.000000 0.000000
vt 0.199803 0.000000
vt 0.010066 0.010066
vt 0.625498 0.625498
vt 0.575431 0.575431
vt 1.000000 0.073731
vt 0.025741 0.000000
vt 0.536729 0.316071
vt 1.000000 0.800197
vt 0.891303 0.891303
vt 0.823006 0.452903
vt 0.733909 0.000000
vt 0.841443 0.000000
vt 0.961895 0.497237
vt 0.396979 0.136072
vt 0.438007 0.137850
vt 0.440067 0.169098
vt 0.434538 0.168854
vt 0.397482 0.166340
vt 0.352038 0.154528
vt 0.353081 0.135455
vt 0.351601 0.167305
vt 0.393732 0.073075
vt 0.356379 0.105735
vt 0.363670 0.097580
vt 0.382421 0.080533
vt 0.955400 0.509583
vt 0.954148 0.479243
vt 0.988993 0.482212
vt 0.993060 0.514147
vt 0.951019 0.421821
vt 0.961304 0.431883
vt 0.984355 0.455774
vt 0.988993 0.482212
vt 0.934455 0.414494
vt 0.948287 0.420186
vt 0.924090 0.420186
vt 0.916129 0.479243
vt 0.433829 0.119462
vt 0.423656 0.074846
vt 0.154928 0.154928
vt 0.345826 0.226485
vt 0.370043 0.000000
vt 0.421375 0.000000
vt 0.404452 0.199510
vt 1.000000 0.374607
vt 0.475924 0.225206
vt 1.000000 0.575431
vt 1.000000 0.625498
vt 0.955400 0.509583
vt 0.914124 0.502662
s 0
f 222/277/129 220/278/129 215/279/129
f 213/280/130 205/281/130 214/282/130
f 222/277/131 215/283/131 216/284/131
f 220/285/132 222/286/132 223/287/132 201/288/132 224/289/132 221/290/132
s 1
f 190/291/133 211/292/134 198/293/135 219/294/135 217/295/136
f 199/296/137 209/297/138 190/291/133 217/295/136 200/298/137
f 204/299/139 190/291/133 209/297/138 202/300/140 226/301/141 203/302/142
f 207/303/143 191/304/144 208/305/145 206/306/146
f 191/304/144 204/307/139 203/308/142 226/309/141 208/310/145
f 192/311/147 204/312/147 225/313/147
f 225/313/148 204/307/139 191/304/144 195/314/149
f 210/315/150 211/292/134 190/291/133 204/299/139 225/316/150
s 0
f 193/317/151 212/318/151 213/319/151 214/320/151 197/321/151 194/322/151
f 218/323/152 205/324/152 213/325/152
s 1
f 207/326/143 196/327/153 195/314/149 191/304/144
g Wine_Glass_cell.013_Wine_Glass_cell.012
v -0.005836 0.022216 -0.006950
v -0.005464 0.029957 -0.002116
v -0.001418 0.023130 0.001681
v -0.008697 0.026422 -0.000377
v -0.005464 0.052484 -0.003312
v -0.003425 0.043840 -0.003259
v -0.005464 0.052484 -0.003312
v -0.003425 0.043840 -0.003259
v -0.005464 0.029957 -0.002116
v -0.001418 0.023130 0.001681
v -0.008697 0.026422 -0.000377
vn 0.8515 0.2477 -0.4621
vn -0.4644 -0.8238 0.3249
vn -0.8997 0.0630 -0.4319
vn -0.0375 0.4686 0.8826
vn 0.2862 0.1898 0.9392
vn 0.1178 0.3496 0.9295
vn 0.1948 0.0520 0.9795
vn 0.2836 0.0509 0.9576
vn 0.8949 -0.0237 -0.4457
vt 1.000000 0.575703
vt 1.000000 1.000000
vt 0.800096 0.795485
vt 1.000000 0.862723
vt 0.743637 0.710232
vt 0.911045 0.775728
vt 1.000000 0.013164
vt 0.890587 0.280075
vt 0.900988 0.266811
vt 0.899406 0.276949
vt 0.896162 0.267222
vt 0.897066 0.237517
vt 0.901503 0.218690
vt 0.905621 0.211762
vt 0.906211 0.266811
vt 1.000000 0.797702
vt 0.180509 0.098254
vt 0.495268 0.357738
s 0
f 236/328/154 227/329/154 228/330/154
f 237/331/155 227/329/155 236/332/155
f 227/329/156 237/333/156 231/334/156
s 1
f 229/335/157 235/336/158 230/337/159
f 235/338/158 234/339/160 233/340/161
f 233/341/161 230/342/159 235/336/158
s 0
f 228/343/162 227/329/162 231/344/162 232/345/162
g Wine_Glass_cell.014_Wine_Glass_cell.013
v 0.005613 0.166328 -0.002977
v 0.004616 0.159800 0.001899
v -0.000009 0.159800 0.004989
v -0.004483 0.157929 0.002799
v -0.004499 0.168421 -0.004964
v -0.004876 0.161636 0.007825
v 0.009772 0.163500 0.000825
v 0.004616 0.159800 0.001899
v -0.000009 0.159800 0.004989
v -0.004483 0.157929 0.002799
v -0.004876 0.161636 0.007825
vn 0.0897 0.8787 0.4688
vn 0.1109 -0.6055 -0.7881
vn 0.0427 -0.5942 -0.8032
vn -0.9980 -0.0383 -0.0498
vn 0.3277 0.5144 0.7925
vn 0.1062 -0.8527 0.5115
vn 0.1591 -0.8873 0.4330
vn 0.0441 -0.8023 0.5953
vn 0.2214 -0.9172 0.3313
vt 0.971374 0.971374
vt 0.000000 0.000000
vt 1.000000 0.000000
vt 0.932270 0.932270
vt 0.560114 0.000000
vt 1.000000 0.255097
vt 0.990056 0.990056
vt 0.270656 0.270656
vt 1.000000 0.462130
vt 0.992319 0.992319
vt 0.462130 0.462130
vt 0.882114 0.000000
vt 0.964192 0.964192
vt 0.919368 0.716028
vt 0.882799 0.283944
vt 0.237690 0.556458
vt 0.244971 0.551594
vt 0.249020 0.561369
vt 0.236291 0.542914
vt 0.237690 0.556458
s 0
f 242/346/163 248/347/163 238/348/163
f 242/349/164 238/347/164 244/350/164 245/351/164
f 242/352/165 245/353/165 247/354/165
f 248/348/166 242/355/166 247/356/166
f 244/357/167 238/348/167 248/358/167 246/359/167 245/360/167
s 1
f 241/361/168 240/362/169 243/363/170
f 239/364/171 240/362/169 241/365/168
g Wine_Glass_cell.015_Wine_Glass_cell.014
v 0.017010 0.261185 0.046075
v -0.004833 0.255587 0.049551
v -0.004730 0.261185 0.050399
v -0.004787 0.268088 0.049533
v -0.004444 0.274351 0.048668
v 0.025827 0.261185 0.040184
v 0.025191 0.253305 0.039166
v 0.023310 0.264543 0.036430
v 0.004364 0.248420 0.041822
v 0.014376 0.247842 0.039716
v 0.023909 0.247079 0.038883
v 0.001921 0.249787 0.047308
v -0.001747 0.274684 0.044073
v 0.024721 0.274213 0.038969
v 0.014828 0.274390 0.040808
v 0.004364 0.248420 0.041822
v 0.014376 0.247842 0.039716
v -0.001747 0.274684 0.044073
v 0.014828 0.274390 0.040808
v 0.023310 0.264543 0.036430
v 0.025827 0.261185 0.040184
v 0.001921 0.249787 0.047308
v -0.004444 0.274351 0.048668
v 0.024721 0.274213 0.038969
vn -0.0057 -0.9709 0.2394
vn 0.8387 0.0204 -0.5442
vn 0.3230 -0.2997 0.8977
vn 0.3376 0.2970 0.8932
vn 0.2910 -0.2866 0.9128
vn 0.1845 0.9412 0.2829
vn 0.3702 0.2663 0.8899
vn -0.5689 0.0882 0.8176
vn -0.8737 -0.0399 0.4849
vn -0.0671 -0.9776 -0.1996
vn 0.0808 -0.9495 0.3031
vn 0.2740 0.2644 0.9247
vn -0.2755 0.3660 -0.8889
vn -0.2657 -0.3620 -0.8935
vn -0.5405 -0.2741 -0.7954
vn 0.0360 0.9950 0.0933
vt 0.444642 0.208067
vt 1.000000 0.515935
vt 1.000000 0.556434
vt 0.600805 0.600805
vt 1.000000 0.589751
vt 1.000000 0.622734
vt 0.405461 0.528033
vt 0.403165 0.515007
vt 0.401089 0.497921
vt 0.422228 0.493340
vt 0.425264 0.524493
vt 0.470037 0.526398
vt 0.447454 0.529736
vt 0.444734 0.498024
vt 0.489927 0.494175
vt 0.490099 0.509510
vt 0.399883 0.492720
vt 0.394933 0.469643
vt 0.414892 0.465119
vt 0.490054 0.466536
vt 0.490425 0.479648
vt 0.489927 0.494175
vt 0.446779 0.470329
vt 0.887512 0.177456
vt 0.888492 0.187837
vt 0.845836 0.184204
vt 0.844696 0.156562
vt 0.865650 0.159540
vt 0.873711 0.165219
vt 0.887702 0.202112
vt 0.885999 0.216862
vt 0.879622 0.216955
vt 0.845205 0.213372
vt 0.824274 0.191618
vt 0.824242 0.184204
vt 0.824751 0.213194
vt 1.000000 0.447425
vt 1.000000 0.484840
vt 0.749976 0.166560
s 0
f 265/366/172 270/367/172 264/368/172
f 262/369/173 254/370/173 268/371/173
s 1
f 259/372/174 255/373/174 269/374/174 249/375/174 258/376/174
f 260/377/175 258/378/176 249/379/176 251/380/177 250/381/177
f 249/375/178 269/382/178 272/383/179 267/384/180
f 271/385/181 252/386/182 251/387/182 249/379/183 267/388/183
f 250/389/177 251/390/177 249/391/184 258/392/184 257/393/184 260/394/175
f 249/391/185 251/390/182 252/395/182 271/396/181 266/397/185 267/398/185
f 256/399/186 269/400/186 249/391/186 267/398/180 272/401/179
s 0
f 261/402/187 253/403/187 263/404/187
g Wine_Glass_cell.016_Wine_Glass_cell.015
v -0.007092 0.140074 -0.008351
v -0.006741 0.145155 -0.008003
v -0.015058 0.145817 -0.008181
v -0.012248 0.145817 -0.014966
v -0.015551 0.140575 -0.012359
v -0.015275 0.141758 -0.004118
v -0.011463 0.150631 -0.010666
v -0.011230 0.150876 -0.005627
v -0.012248 0.145817 -0.014966
v -0.015551 0.140575 -0.012359
v -0.015275 0.141758 -0.004118
v -0.011230 0.150876 -0.005627
v -0.011463 0.150631 -0.010666
vn 0.7837 -0.0115 -0.6210
vn 0.0982 -0.9407 -0.3246
vn 0.7861 0.5035 -0.3585
vn 0.4272 -0.0400 0.9033
vn 0.4427 -0.0917 0.8920
vn -0.8454 0.4032 -0.3502
vn -0.9248 0.3803 0.0108
vn -0.8294 0.5329 -0.1677
vn -0.8221 0.5524 0.1381
vn -0.9540 0.2359 0.1849
vn -0.9423 0.2582 -0.2130
vt 0.536383 0.536383
vt 0.000000 0.000000
vt 1.000000 0.000000
vt 0.556785 0.556785
vt 0.297578 0.000000
vt 0.558104 0.516832
vt 0.136278 0.000000
vt 0.917037 0.729326
vt 0.285340 0.164761
vt 1.000000 1.000000
vt 0.315855 0.315855
vt 1.000000 0.774834
vt 0.750022 0.000000
vt 0.936556 0.265218
vt 0.944189 0.264568
vt 0.940386 0.273794
vt 0.207115 0.900773
vt 0.204887 0.899746
vt 0.208717 0.888523
vt 0.216979 0.888523
vt 0.210237 0.901128
vt 0.201084 0.888746
vt 0.199462 0.877034
vt 0.208020 0.874156
vt 0.945811 0.253745
s 0
f 281/405/188 274/406/188 273/407/188
f 281/408/189 273/406/189 283/409/189 282/410/189
f 284/411/190 274/407/190 281/412/190 285/413/190
f 274/414/191 284/415/191 283/416/191
f 273/407/192 274/414/192 283/417/192
s 1
f 276/418/193 275/419/194 279/420/195
f 280/421/196 279/422/195 275/423/194
f 275/423/194 278/424/197 280/425/196
f 275/426/194 277/427/198 278/428/197
f 275/419/194 276/418/193 277/429/198
g Wine_Glass_cell.017_Wine_Glass_cell.016
v -0.027938 0.261185 -0.062438
v -0.006799 0.248409 -0.064660
v -0.006202 0.265061 -0.062096
v -0.006178 0.261185 -0.066766
v -0.025518 0.279985 -0.056597
v -0.034354 0.286839 -0.054303
v -0.033675 0.261187 -0.053608
v -0.035128 0.247116 -0.055058
v -0.027069 0.246553 -0.060340
v -0.008680 0.249393 -0.059693
v -0.008680 0.249393 -0.059693
v -0.006799 0.248409 -0.064660
v -0.006202 0.265061 -0.062096
v -0.006178 0.261185 -0.066766
vn 0.9713 -0.0698 0.2273
vn -0.6447 0.0585 -0.7622
vn -0.6477 0.0561 -0.7599
vn -0.7151 -0.0012 -0.6990
vn -0.1260 0.0588 -0.9903
vn -0.1269 0.0527 -0.9905
vn -0.1712 -0.3081 -0.9358
vn -0.7956 -0.5681 0.2104
vn -0.7973 -0.5739 0.1870
vn -0.5674 0.1166 -0.8151
vn -0.1861 0.9756 0.1167
vn -0.1689 0.9148 0.3670
vn -0.0117 -0.0459 0.9989
vt 0.880808 0.609903
vt 0.629256 0.629256
vt 0.581761 0.581761
vt 0.864941 0.564501
vt 0.662870 0.494045
vt 0.686034 0.494045
vt 0.685056 0.526657
vt 0.663792 0.525403
vt 0.731270 0.497898
vt 0.727549 0.526129
vt 0.722876 0.526865
vt 0.685056 0.526657
vt 0.664285 0.440091
vt 0.684918 0.451177
vt 0.730554 0.488643
vt 0.731270 0.497898
vt 0.869545 0.516437
vt 0.908999 0.522417
vt 0.908223 0.540018
vt 0.866377 0.543583
vt 0.868935 0.584970
vt 0.908379 0.548579
s 0
f 288/430/199 296/431/199 297/432/199 289/433/199
s 1
f 292/434/200 286/435/201 294/436/202 293/437/202
f 286/435/203 299/438/204 287/439/205 295/440/206 294/441/207
f 291/442/208 290/443/208 286/435/201 292/434/200
f 298/444/209 299/445/204 286/435/203 290/443/210
f 294/446/207 295/447/206 298/448/209 286/449/211
f 290/450/210 286/449/211 298/451/209
g Wine_Glass_cell.018_Wine_Glass_cell.017
v -0.036995 0.202667 0.023349
v -0.030490 0.214364 0.027165
v -0.032662 0.216464 0.031581
v -0.030120 0.201791 0.027289
v -0.047991 0.227400 0.021211
v -0.045316 0.217223 0.019323
v -0.043620 0.226911 0.018373
v -0.040632 0.212410 0.016218
v -0.041420 0.221751 0.027775
v -0.027694 0.181890 0.014049
v -0.031330 0.183264 0.010145
v -0.041390 0.202667 0.016772
v -0.043620 0.226911 0.018373
v -0.040632 0.212410 0.016218
v -0.047991 0.227400 0.021211
v -0.045316 0.217223 0.019323
v -0.041420 0.221751 0.027775
v -0.041390 0.202667 0.016772
v -0.030490 0.214364 0.027165
v -0.032662 0.216464 0.031581
v -0.030120 0.201791 0.027289
vn 0.9027 0.0308 0.4292
vn -0.5435 0.0128 -0.8393
vn 0.3472 0.8540 0.3875
vn -0.4720 -0.5275 0.7064
vn -0.6029 -0.5349 0.5919
vn -0.6670 -0.5320 0.5216
vn -0.7064 -0.5275 0.4720
vn -0.7915 -0.3062 0.5289
vn -0.8887 -0.0203 -0.4580
vn -0.5178 -0.3125 0.7964
vn -0.9723 -0.1988 0.1232
vn 0.3368 0.3084 -0.8896
vn 0.9609 0.1797 -0.2105
vn -0.5556 -0.0041 -0.8314
vt 0.784903 0.000000
vt 1.000000 0.236484
vt 1.000000 0.271668
vt 0.568075 0.000000
vt 0.698831 0.000000
vt 1.000000 0.229579
vt 1.000000 0.353321
vt 0.353321 0.353321
vt 0.229579 0.229579
vt 0.670555 0.246823
vt 0.555142 0.628356
vt 0.571412 0.629742
vt 0.549911 0.676038
vt 0.720763 0.029393
vt 0.722104 0.029678
vt 0.738231 0.073713
vt 0.722102 0.073241
vt 0.725934 0.104606
vt 0.745904 0.114913
vt 0.728868 0.126544
vt 0.579086 0.586164
vt 0.558489 0.596664
vt 0.796493 0.630727
vt 0.781824 0.630727
vt 0.779720 0.588402
vt 0.796701 0.598200
vt 0.796981 0.605312
vt 0.779720 0.588402
vt 0.767038 0.631159
vt 0.764948 0.610154
vt 0.762109 0.577694
vt 0.938592 0.515007
vt 1.000000 0.301169
vt 1.000000 0.431925
s 0
f 320/452/212 318/453/212 302/454/212
f 313/455/213 315/456/213 314/457/213 312/458/213
f 312/459/214 314/460/214 316/461/214
s 1
f 303/462/215 300/463/216 309/464/217
f 310/465/218 309/466/217 300/467/216 317/468/218
f 305/469/219 317/468/219 300/467/219 308/470/219 304/471/219
f 308/472/220 300/463/221 303/462/221 319/473/222
f 303/474/223 300/475/223 308/476/220 319/477/222 301/478/223
f 308/479/224 300/475/224 317/480/224 307/481/224 306/482/224
s 0
f 311/483/225 315/484/225 313/485/225
g Wine_Glass_cell.019_Wine_Glass_cell.018
v -0.003262 0.097694 -0.009188
v -0.003213 0.084219 -0.005930
v -0.005464 0.098677 -0.004139
v -0.002523 0.069173 -0.010810
v -0.006968 0.063166 -0.004179
v -0.002317 0.063653 -0.011020
v -0.007010 0.057638 -0.003894
v -0.002070 0.058201 -0.011162
v -0.001915 0.057452 -0.005364
v -0.002523 0.069173 -0.010810
v -0.002317 0.063653 -0.011020
v -0.002070 0.058201 -0.011162
v -0.006968 0.063166 -0.004179
v -0.007010 0.057638 -0.003894
v -0.001915 0.057452 -0.005364
vn -0.8266 -0.0093 -0.5626
vn -0.8260 -0.0228 -0.5632
vn -0.0723 -0.9894 -0.1258
vn 0.9988 0.0463 -0.0131
vn 0.8728 0.0528 0.4852
vn 0.7904 0.0501 0.6105
vn 0.2700 0.0352 0.9622
vn 0.1816 0.0493 0.9821
vn 0.9191 0.0957 0.3822
vt 0.615133 0.615133
vt 0.549053 0.549053
vt 1.000000 0.472047
vt 0.472047 0.472047
vt 0.908893 0.000000
vt 1.000000 0.083505
vt 0.554350 0.554350
vt 0.926831 0.000000
vt 1.000000 0.000000
vt 1.000000 0.091107
vt 0.153543 0.598036
vt 0.153759 0.610079
vt 0.153813 0.622277
vt 0.151907 0.655570
vt 0.150513 0.597902
vt 0.182044 0.830124
vt 0.185392 0.771435
vt 0.186004 0.830554
vt 0.901620 0.207742
vt 0.904433 0.150902
vt 0.905132 0.195873
vt 0.182304 0.741663
vt 0.180119 0.771361
vt 0.180692 0.741929
s 0
f 333/486/226 330/487/226 331/488/226
f 331/489/227 332/490/227 334/491/227 333/492/227
f 335/493/228 334/494/228 332/495/228
s 1
f 328/496/229 326/497/229 324/498/229 322/499/230 329/500/231
f 329/501/231 322/502/230 327/503/232
f 327/504/232 322/505/230 325/506/233
f 323/507/234 322/508/234 321/509/234
g Wine_Glass_cell.020_Wine_Glass_cell.019
v 0.024129 0.327917 0.021411
v 0.012053 0.327917 0.034107
v -0.005606 0.327917 0.037563
v -0.005662 0.317383 0.036226
v 0.027276 0.304845 0.026016
v 0.022095 0.306932 0.028871
v 0.013382 0.313673 0.037318
v 0.033086 0.327917 0.008006
v 0.035635 0.315765 0.009479
v 0.032787 0.307694 0.024088
vn 0.7372 0.3353 0.5866
vn 0.7200 0.2697 0.6395
vn 0.7188 0.2658 0.6424
vn 0.4146 0.1476 0.8979
vn 0.4793 0.1595 0.8630
vn 0.6951 0.1958 0.6917
vn 0.0720 0.0789 0.9943
vt 0.310545 0.389078
vt 0.306417 0.364855
vt 0.343805 0.357892
vt 0.354977 0.405389
vt 0.344826 0.403753
vt 0.354977 0.405389
vt 0.379409 0.350177
vt 0.389421 0.380666
vt 0.367408 0.399122
vt 0.456356 0.388240
vt 0.460617 0.358788
vt 0.497032 0.355686
vt 0.496126 0.373374
s 1
f 344/510/235 343/511/235 336/512/236 340/513/237 345/514/235
f 340/515/237 336/512/236 337/516/238 342/517/239 341/518/240
f 342/519/239 337/520/238 338/521/241 339/522/241
g Wine_Glass_cell.021_Wine_Glass_cell.020
v -0.060477 0.007172 0.014606
v -0.062835 0.006459 0.004473
v -0.050623 0.003718 0.020258
v -0.054283 0.006154 0.024737
v -0.057206 0.003718 0.003321
v -0.045443 0.003718 0.030840
v -0.047481 0.008547 0.032892
v -0.036210 0.003718 0.021785
v -0.041761 0.010970 0.027310
v -0.036290 0.003718 -0.001110
v -0.039848 0.015497 -0.000531
v -0.036635 0.015464 0.008744
v -0.030555 0.003718 0.015867
v -0.033223 0.014715 0.018227
v -0.037683 0.012699 0.023319
v -0.060477 0.007172 0.014606
v -0.054283 0.006154 0.024737
v -0.062835 0.006459 0.004473
v -0.050623 0.003718 0.020258
v -0.057206 0.003718 0.003321
v -0.045443 0.003718 0.030840
v -0.045443 0.003718 0.030840
v -0.045443 0.003718 0.030840
v -0.047481 0.008547 0.032892
v -0.041761 0.010970 0.027310
v -0.036210 0.003718 0.021785
v -0.036290 0.003718 -0.001110
v -0.036635 0.015464 0.008744
v -0.033223 0.014715 0.018227
v -0.037683 0.012699 0.023319
v -0.039848 0.015497 -0.000531
v -0.030555 0.003718 0.015867
vn -0.4060 -0.9001 0.1578
vn -0.3777 -0.9073 0.1849
vn 0.7002 -0.0080 0.7139
vn -0.2072 -0.0145 -0.9782
vn 0.9050 0.2887 -0.3124
vn 0.9085 0.2847 -0.3060
vn 0.7345 0.0200 0.6783
vn 0.7009 -0.0069 0.7132
vn -0.7411 -0.1346 0.6577
vn -0.6656 0.5330 0.5224
vn -0.3508 0.9266 0.1353
vn -0.2814 0.9485 0.1453
vn -0.3065 0.9459 0.1063
vn -0.3336 0.9406 0.0627
vn -0.0000 -1.0000 -0.0000
vt 0.791843 0.123423
vt 0.638845 0.000000
vt 0.706269 0.000000
vt 1.000000 0.212579
vt 1.000000 0.255956
vt 1.000000 0.230730
vt 0.255956 0.255956
vt 0.212579 0.212579
vt 0.219789 0.161146
vt 0.196439 0.196439
vt 0.093635 0.000000
vt 0.156435 0.000000
vt 0.936538 0.338882
vt 0.497168 0.000000
vt 0.746868 0.000000
vt 1.000000 0.293731
vt 1.000000 0.642806
vt 0.746868 0.746868
vt 0.497168 0.497168
vt 0.819936 0.819936
vt 0.642806 0.642806
vt 0.665430 0.000000
vt 0.834127 0.000000
vt 0.665430 0.665430
vt 1.000000 0.794263
vt 1.000000 0.887612
vt 0.834127 0.834127
vt 0.887612 0.887612
vt 0.794263 0.794263
vt 1.000000 0.843565
vt 0.817868 0.735647
vt 0.817266 0.713414
vt 0.823927 0.715067
vt 0.819469 0.760244
vt 0.108902 0.309915
vt 0.084385 0.327942
vt 0.055260 0.284353
vt 0.100721 0.265523
vt 0.104372 0.282779
vt 0.106962 0.295102
vt 0.084385 0.327942
vt 0.073747 0.336213
vt 0.039167 0.300446
vt 0.114878 0.264949
vt 0.099217 0.262088
vt 0.075057 0.252080
vt 0.143456 0.264949
vt 0.154392 0.264949
vt 0.139385 0.264949
s 0
f 361/523/242 363/524/242 365/525/242 364/526/242 362/527/242
f 366/528/243 362/529/243 364/530/243
f 369/531/244 367/532/244 371/533/244 370/534/244
f 363/535/245 376/536/245 372/537/245 365/538/245
f 373/539/246 372/540/246 376/541/246
f 372/542/247 373/543/247 374/544/247 377/545/247
f 374/546/248 375/547/248 371/548/248 377/549/248
f 371/550/249 375/551/249 370/552/249
s 1
f 349/553/250 368/554/250 352/555/251 346/556/252
f 359/557/253 357/558/254 346/559/252 352/560/251 354/561/253 360/562/253
f 357/563/254 356/564/255 347/565/255 346/559/252
f 351/566/256 348/567/256 350/568/256 355/569/256 358/570/256 353/571/256
g Wine_Glass_cell.022_Wine_Glass_cell.021
v 0.036387 0.327917 -0.008181
v 0.033910 0.325379 -0.023774
v 0.037884 0.308015 -0.025309
v 0.045946 0.304813 -0.008181
v 0.041985 0.302387 -0.011666
v 0.041651 0.299576 -0.016831
v 0.036278 0.315585 0.007643
v 0.033541 0.327917 0.006125
v 0.045946 0.304813 -0.008181
v 0.041985 0.302387 -0.011666
v 0.036278 0.315585 0.007643
vn 0.0073 -0.8245 0.5658
vn -0.2690 0.0721 -0.9604
vn -0.3000 0.9291 -0.2161
vn 0.9528 0.2820 -0.1124
vn -0.7944 -0.1085 -0.5976
vn -0.3126 0.7503 0.5826
vn -0.3413 0.7425 0.5764
vt 1.000000 0.385400
vt 0.939007 0.327244
vt 0.701062 0.000000
vt 0.313467 0.348660
vt 0.286636 0.350177
vt 0.277016 0.298686
vt 0.282242 0.293519
vt 0.292185 0.287857
vt 0.308103 0.305316
vt 0.307111 0.396509
vt 0.271714 0.422714
vt 0.269062 0.370728
vt 0.302446 0.365516
vt 0.019053 0.520739
vt 0.048793 0.519869
vt 0.046292 0.570872
vt 0.014589 0.547516
vt 0.065248 0.581192
vt 0.046292 0.570872
vt 0.083610 0.525361
vt 0.085222 0.562932
s 0
f 382/572/257 386/573/257 384/574/257
s 1
f 379/575/258 378/576/259 381/577/260 387/578/261 383/579/258 380/580/258
f 388/581/262 381/582/260 378/583/259 385/584/263
f 385/585/263 378/586/259 387/587/261 388/588/262
f 383/589/258 387/590/261 378/586/259 379/591/258 380/592/258
g Wine_Glass_cell.023_Wine_Glass_cell.022
v -0.002011 0.121294 -0.012271
v -0.001978 0.114914 -0.012184
l 389 390
g Wine_Glass_cell.024_Wine_Glass_cell.023
v -0.005390 0.166085 0.006096
v 0.007417 0.168421 0.004699
v 0.006362 0.181567 0.020700
v -0.005233 0.168421 0.001407
v -0.002056 0.164311 0.009984
v 0.000632 0.168136 0.013338
v 0.001241 0.168421 -0.000481
v 0.006004 0.186584 0.019821
v 0.016883 0.182150 0.014166
v 0.016531 0.184103 0.009452
v 0.012769 0.168136 0.004661
v 0.017434 0.178219 0.008947
v -0.005390 0.166085 0.006096
v -0.005233 0.168421 0.001407
v -0.002056 0.164311 0.009984
v -0.002056 0.164311 0.009984
v -0.002056 0.164311 0.009984
v -0.002056 0.164311 0.009984
v 0.000632 0.168136 0.013338
v 0.006362 0.181567 0.020700
v 0.006362 0.181567 0.020700
v 0.006362 0.181567 0.020700
v 0.001241 0.168421 -0.000481
v 0.007417 0.168421 0.004699
v 0.007417 0.168421 0.004699
v 0.006004 0.186584 0.019821
v 0.016883 0.182150 0.014166
v 0.016883 0.182150 0.014166
v 0.016531 0.184103 0.009452
v 0.012769 0.168136 0.004661
v 0.017434 0.178219 0.008947
v 0.017434 0.178219 0.008947
v 0.017434 0.178219 0.008947
vn -0.1299 -0.8858 -0.4455
vn 0.1353 -0.9360 -0.3249
vn 0.0140 0.3856 -0.9225
vn 0.9882 0.1526 -0.0105
vn 0.5240 -0.6408 0.5610
vn -0.4414 0.5536 -0.7062
vn -0.9354 0.3446 0.0794
vn -0.7391 0.5263 -0.4204
vn -0.8515 0.0792 0.5183
vn -0.2257 0.9605 0.1630
vn 0.5441 -0.7359 0.4031
vn 0.5113 0.1837 0.8396
vn 0.2563 -0.5929 0.7634
vn -0.6856 0.5448 -0.4829
vn -0.7656 -0.0257 0.6428
vt 0.646168 0.646168
vt 1.000000 0.301674
vt 1.000000 1.000000
vt 0.416184 0.264898
vt 1.000000 0.902053
vt 0.039234 0.000000
vt 1.000000 0.377652
vt 0.285389 0.285389
vt 0.233004 0.233004
vt 1.000000 0.670824
vt 1.000000 0.753503
vt 0.700671 0.000000
vt 0.420719 0.667186
vt 0.415492 0.698209
vt 0.397810 0.702041
vt 0.404136 0.668775
vt 0.810024 0.029370
vt 0.814532 0.000000
vt 0.830217 0.000000
vt 0.825597 0.032196
vt 0.836263 0.032989
vt 0.835400 0.033772
vt 0.838821 0.000733
vt 0.762661 0.789003
vt 0.770713 0.789698
vt 0.780025 0.789698
vt 0.808724 0.735455
vt 0.779427 0.789698
vt 0.764858 0.789698
vt 0.246684 0.527360
vt 0.260525 0.541201
vt 0.252530 0.546543
vt 1.000000 0.428014
vt 0.528962 0.000000
vt 1.000000 0.243676
vt 0.387332 0.678921
vt 0.396165 0.672345
vt 0.389350 0.703413
vt 0.801723 0.029033
vt 0.802667 0.023359
vt 0.969892 0.732498
vt 1.000000 0.335454
vt 0.936105 0.936105
s 0
f 404/593/264 413/594/264 403/595/264
f 414/596/265 405/597/265 403/595/265 413/598/265
f 421/599/266 420/600/266 415/601/266
f 419/602/267 418/603/267 422/604/267
s 1
f 410/605/268 409/606/268 392/607/268 417/608/268
f 417/609/269 392/610/269 409/611/270 416/612/271
f 411/613/272 416/614/271 409/611/270 407/615/272
f 391/616/273 408/617/273 409/618/273 392/619/273 397/620/273 394/621/273
f 392/622/274 409/623/274 406/624/274
s 0
f 393/625/275 399/626/275 398/627/275
s 1
f 402/628/276 417/629/276 392/607/276 401/630/276
f 392/610/277 417/609/277 400/631/277 423/632/277
s 0
f 396/633/278 412/634/278 395/635/278
g Wine_Glass_cell.025_Wine_Glass_cell.024
v -0.007203 0.023377 -0.009027
v -0.011530 0.029957 -0.008181
v -0.010406 0.028586 -0.013124
v -0.010140 0.054306 -0.008665
v -0.014512 0.025532 -0.008181
v -0.011530 0.029957 -0.008181
v -0.014512 0.025532 -0.008181
v -0.010406 0.028586 -0.013124
v -0.010140 0.054306 -0.008665
vn -0.2813 -0.6941 -0.6627
vn 0.8348 0.0856 -0.5439
vn 0.1767 -0.0103 0.9842
vn -0.9182 0.2751 -0.2850
vn -0.9226 0.2625 -0.2825
vn -0.7842 0.5286 -0.3248
vn -0.9707 0.0507 -0.2347
vt 0.153847 0.153847
vt 0.000000 0.000000
vt 0.123730 0.000000
vt 1.000000 0.000000
vt 0.963347 0.156878
vt 1.000000 0.817619
vt 1.000000 1.000000
vt 0.081604 0.000000
vt 0.851731 0.734839
vt 0.935036 0.013418
vt 0.935434 0.010870
vt 0.942256 0.007489
vt 0.932838 0.068847
vt 0.932615 0.013418
s 0
f 431/636/279 424/637/279 430/638/279
f 432/637/280 424/639/280 431/640/280
f 430/641/281 424/642/281 432/643/281 429/644/281
s 1
f 425/645/282 426/646/283 428/647/284
f 425/645/282 427/648/285 426/649/283
g Wine_Glass_cell.026_Wine_Glass_cell.025
v -0.060660 0.266163 -0.008987
v -0.059721 0.261185 -0.030655
v -0.056728 0.240309 -0.029416
v -0.048962 0.247737 -0.034568
v -0.052385 0.242520 -0.027617
v -0.053887 0.261185 -0.039386
v -0.049667 0.275959 -0.035329
v -0.049016 0.284965 -0.034539
v -0.061343 0.243790 -0.008929
v -0.064027 0.261185 -0.009004
v -0.055973 0.241808 -0.008873
v -0.060059 0.235491 -0.008909
v -0.054950 0.236639 -0.008858
v -0.058492 0.233363 -0.015126
v -0.059634 0.275992 -0.021627
v -0.057271 0.282033 -0.029641
v -0.048962 0.247737 -0.034568
v -0.052385 0.242520 -0.027617
v -0.061343 0.243790 -0.008929
v -0.064027 0.261185 -0.009004
v -0.055973 0.241808 -0.008873
v -0.054950 0.236639 -0.008858
v -0.060059 0.235491 -0.008909
v -0.058492 0.233363 -0.015126
v -0.059634 0.275992 -0.021627
v -0.057271 0.282033 -0.029641
v -0.060660 0.266163 -0.008987
v -0.056728 0.240309 -0.029416
vn -0.0101 0.0009 0.9999
vn 0.2009 -0.9102 0.3622
vn 0.5956 0.6237 -0.5062
vn -0.8981 -0.2001 -0.3916
vn -0.8384 -0.2242 -0.4969
vn 0.4244 0.5490 -0.7200
vn -0.9751 0.1845 -0.1230
vn -0.0949 -0.7814 -0.6168
vn 0.2227 -0.8054 -0.5494
vn -0.6412 0.2046 -0.7396
vn 0.9136 0.3622 0.1849
vn 0.8631 0.3876 0.3239
vn 0.8352 0.3959 0.3817
vn 0.9705 -0.2223 0.0931
vn 0.6571 -0.7236 -0.2114
vn -0.0094 0.0029 1.0000
vn 0.0874 0.7830 0.6159
vn -0.9696 -0.1505 -0.1929
vt 0.869569 0.869569
vt 0.792538 0.792538
vt 1.000000 0.811137
vt 1.000000 0.884351
vt 0.884351 0.884351
vt 0.811136 0.811136
vt 1.000000 0.832472
vt 0.611124 0.528250
vt 0.592716 0.544335
vt 0.588744 0.498025
vt 0.610153 0.496201
vt 0.611553 0.200701
vt 0.656813 0.210225
vt 0.649298 0.217088
vt 0.631133 0.233037
vt 0.614803 0.246940
vt 0.611515 0.444001
vt 0.611212 0.460697
vt 0.591994 0.453999
vt 0.562383 0.202556
vt 0.533971 0.186554
vt 0.534980 0.144877
vt 0.576716 0.145512
vt 0.572798 0.188735
vt 0.516857 0.175151
vt 0.515316 0.145154
vt 0.533971 0.186554
vt 0.576263 0.139714
vt 0.533463 0.102651
vt 0.164960 0.000000
vt 0.728627 0.639670
vt 1.000000 0.724042
vt 0.780266 0.686215
vt 0.100443 0.000000
vt 1.000000 0.869569
vt 0.274975 0.172316
vt 1.000000 0.792538
vt 0.037273 0.000000
vt 0.649062 0.603521
vt 0.369523 0.369523
vt 0.656563 0.199384
vt 0.615525 0.155164
vt 0.645695 0.139169
vt 0.658478 0.143425
vt 0.657881 0.161499
s 0
f 453/650/286 451/651/286 455/652/286 454/653/286
f 454/654/287 455/655/287 456/656/287
s 1
f 449/657/288 460/658/289 434/659/290 438/660/291
f 434/661/292 442/662/293 459/663/294 457/664/292 458/665/292
f 440/666/295 439/667/295 438/660/295 434/659/295 458/668/295
f 445/669/296 450/670/297 434/671/298 442/672/296 443/673/296
f 449/674/288 438/675/291 434/671/298 450/676/297
f 459/677/294 442/672/293 434/671/299 458/678/299
s 0
f 456/679/300 435/680/300 436/681/300 437/682/300 454/683/300
f 453/684/301 452/685/301 451/686/301
f 433/687/302 448/688/302 447/689/302
s 1
f 442/690/303 434/661/290 460/691/289 446/692/303 444/693/303 441/694/303
g Wine_Glass_cell.027_Wine_Glass_cell.026
v -0.019720 0.159800 -0.008181
v -0.026466 0.168136 0.000518
v -0.028196 0.168136 -0.008181
v -0.031003 0.181930 0.000127
v -0.035054 0.178970 -0.008181
v -0.031207 0.180988 -0.012321
v -0.023176 0.168421 -0.010714
v -0.014072 0.156800 -0.004616
v -0.009160 0.168421 -0.006543
v -0.031139 0.179412 0.006125
v -0.020780 0.168421 0.001055
v -0.017491 0.159800 -0.001015
v -0.019720 0.159800 -0.008181
v -0.028196 0.168136 -0.008181
v -0.023176 0.168421 -0.010714
v -0.023176 0.168421 -0.010714
v -0.009160 0.168421 -0.006543
v -0.014072 0.156800 -0.004616
v -0.026466 0.168136 0.000518
v -0.020780 0.168421 0.001055
v -0.020780 0.168421 0.001055
v -0.017491 0.159800 -0.001015
vn -0.4956 -0.3693 -0.7862
vn -0.8072 -0.4448 -0.3879
vn -0.8381 -0.4462 -0.3139
vn 0.0867 -0.2486 -0.9647
vn 0.3859 -0.3073 -0.8699
vn -0.8120 -0.4344 0.3899
vn -0.5759 -0.4966 0.6494
vn -0.0602 -0.4644 0.8836
vn 0.4681 -0.1017 0.8778
vn -0.5434 -0.8223 0.1690
vn -0.6187 -0.7672 0.1690
vn -0.6348 -0.7540 0.1688
vn -0.8968 -0.3782 0.2298
vn -0.0217 0.9998 0.0044
vn -0.6732 -0.7201 0.1680
vt 1.000000 0.116728
vt 0.860895 0.188141
vt 0.213761 0.213761
vt 0.182020 0.182020
vt 0.176416 0.176416
vt 0.116728 0.116728
vt 0.143656 0.000000
vt 0.354020 0.000000
vt 0.354020 0.354020
vt 0.265632 0.000000
vt 0.887782 0.042815
vt 0.030580 0.000000
vt 1.000000 0.719498
vt 0.948849 0.731723
vt 0.798771 0.798771
vt 0.719498 0.719498
vt 0.883618 0.283102
vt 1.000000 0.057569
vt 1.000000 0.734368
vt 0.230235 0.586169
vt 0.236291 0.595231
vt 0.224677 0.598558
vt 0.673771 0.000000
vt 0.693345 0.000000
vt 0.696410 0.023667
vt 0.689079 0.025008
vt 0.670818 0.022801
vt 0.732754 0.748124
vt 0.732754 0.742427
vt 0.732754 0.758113
vt 0.738094 0.771004
vt 0.748552 0.782400
vt 0.246684 0.610785
vt 0.228599 0.618276
vt 0.224950 0.599929
s 1
f 475/695/304 474/696/305 465/697/306 466/698/304
s 0
f 463/699/307 476/700/307 477/701/307 473/702/307
f 473/703/308 477/704/308 478/705/308
s 1
f 470/706/309 479/707/310 480/708/311
s 0
f 481/709/312 462/710/312 482/711/312 478/712/312 477/713/312
s 1
f 468/714/313 472/715/314 461/716/315
f 474/717/305 479/718/310 470/719/309 464/720/316 465/721/306
f 467/722/317 474/723/317 479/724/317 471/725/317 469/726/317
f 472/715/314 479/727/318 474/728/318 461/729/315
g Wine_Glass_cell.028_Wine_Glass_cell.027
v -0.000780 0.163119 -0.008528
v -0.000746 0.154058 -0.008609
l 483 484
g Wine_Glass_cell.029_Wine_Glass_cell.028
v -0.007900 0.131875 -0.003830
v -0.007407 0.119567 -0.001242
v -0.010541 0.131370 0.001320
v -0.010268 0.125079 -0.000013
v -0.010268 0.125079 -0.000013
v -0.010268 0.125079 -0.000013
v -0.007407 0.119567 -0.001242
v -0.010541 0.131370 0.001320
vn -0.6599 -0.1798 -0.7296
vn -0.8906 0.0569 -0.4512
vn 0.7831 0.0739 0.6175
vn 0.0227 -0.2063 0.9782
vt 0.175638 0.072405
vt 1.000000 0.757001
vt 1.000000 1.000000
vt 1.000000 0.937576
vt 0.757001 0.757001
vt 1.000000 0.000000
vt 0.892036 0.892036
vt 0.910146 0.452779
vt 0.911058 0.056661
vt 0.910480 0.060010
vt 0.906673 0.073749
s 0
f 491/730/319 489/731/319 485/732/319
f 492/733/320 485/732/320 489/734/320
f 491/735/321 485/732/321 492/736/321 490/737/321
s 1
f 487/738/322 488/739/322 486/740/322
g Wine_Glass_cell.030_Wine_Glass_cell.029
v -0.006127 0.020274 -0.007125
v -0.013007 0.023130 -0.000639
v -0.005464 0.022872 0.003337
v 0.001786 0.019918 0.011665
v 0.002961 0.003718 0.018917
v 0.005793 0.016531 0.022067
v -0.011328 0.003718 0.021179
v -0.005464 0.016658 0.023885
v -0.012138 0.015994 0.024755
v -0.006109 0.003718 -0.007259
v -0.017330 0.022696 -0.006999
v -0.029285 0.003718 -0.007038
v -0.031276 0.003718 0.008849
v -0.036115 0.016163 0.005448
v -0.029298 0.003718 0.015222
v -0.031610 0.015173 0.017964
v -0.022728 0.003718 0.017465
v -0.019194 0.016137 0.022501
v -0.037157 0.016688 -0.006802
v -0.034335 0.003718 -0.002491
v -0.037997 0.016120 -0.001581
v -0.005464 0.022872 0.003337
v 0.001786 0.019918 0.011665
v -0.005464 0.016658 0.023885
v -0.012138 0.015994 0.024755
v 0.002961 0.003718 0.018917
v -0.011328 0.003718 0.021179
v 0.005793 0.016531 0.022067
v -0.006109 0.003718 -0.007259
v -0.029285 0.003718 -0.007038
v -0.031276 0.003718 0.008849
v -0.029298 0.003718 0.015222
v -0.031610 0.015173 0.017964
v -0.019194 0.016137 0.022501
v -0.022728 0.003718 0.017465
v -0.034335 0.003718 -0.002491
v -0.013007 0.023130 -0.000639
v -0.017330 0.022696 -0.006999
v -0.037157 0.016688 -0.006802
v -0.036115 0.016163 0.005448
v -0.037997 0.016120 -0.001581
vn 0.1507 -0.2673 0.9518
vn 0.9317 -0.0535 -0.3592
vn 0.2047 0.9573 -0.2044
vn -0.0107 0.0088 -0.9999
vn -0.9160 -0.2658 0.3005
vn -0.3102 -0.2801 0.9085
vn -0.2969 -0.2851 0.9114
vn -0.6228 -0.3654 -0.6918
vn -0.9467 -0.2663 -0.1814
vn -0.9237 -0.2911 0.2492
vn 0.0575 0.9556 0.2890
vn -0.0748 0.9601 0.2696
vn -0.0097 0.9575 0.2883
vn -0.1103 0.9576 0.2661
vn -0.0652 0.9558 0.2867
vn -0.1946 0.9601 0.2007
vn -0.1962 0.9601 0.1991
vn -0.2599 0.9575 0.1249
vn -0.2656 0.9575 0.1127
vn 0.3959 0.8850 -0.2449
vn -0.2870 0.9557 0.0654
vn -0.0000 -1.0000 -0.0000
vt 0.245980 0.000000
vt 0.395154 0.000000
vt 1.000000 0.756885
vt 1.000000 0.951724
vt 0.522285 0.355866
vt 1.000000 0.000000
vt 1.000000 0.626924
vt 0.954741 0.954741
vt 0.758896 0.758896
vt 0.752447 0.000000
vt 1.000000 0.847616
vt 1.000000 1.000000
vt 0.819334 0.779869
vt 0.752447 0.752447
vt 0.677505 0.000000
vt 0.858907 0.000000
vt 1.000000 0.672584
vt 0.720467 0.000000
vt 1.000000 0.192100
vt 1.000000 0.364495
vt 0.446408 0.000000
vt 0.364495 0.364495
vt 0.192100 0.192100
vt 0.280755 0.000000
vt 0.555453 0.000000
vt 0.555453 0.555453
vt 0.280755 0.280755
vt 1.000000 0.604846
vt 1.000000 0.754020
vt 1.000000 0.141093
vt 1.000000 0.322495
vt 0.677602 0.000000
vt 1.000000 0.356125
vt 1.000000 0.701271
vt 0.798263 0.798263
vt 0.288240 0.288240
vt 1.000000 0.279533
vt 0.949212 0.555942
vt 0.558057 0.558057
vt 0.184714 0.351973
vt 0.165098 0.364880
vt 0.141584 0.371272
vt 0.166776 0.333568
vt 0.132053 0.369320
vt 0.141905 0.319792
vt 0.155596 0.323788
vt 0.166776 0.333568
vt 0.122868 0.369320
vt 0.111540 0.312374
vt 0.114381 0.372835
vt 0.087928 0.329818
vt 0.626924 0.626924
vt 0.000000 0.000000
vt 0.152384 0.000000
vt 0.337658 0.263044
vt 0.086453 0.331037
vt 0.107136 0.375690
vt 0.070996 0.351019
vt 0.075854 0.340409
vt 0.147801 0.264949
vt 0.157765 0.264949
vt 0.056407 0.021195
vt 0.074948 0.012913
vt 0.048103 0.029498
vt 0.029965 0.047637
vt 0.157730 0.264949
vt 0.152480 0.264949
s 0
f 517/741/323 519/742/323 518/743/323 520/744/323 516/745/323
f 493/746/324 496/747/324 520/748/324 518/749/324 521/750/324
f 494/751/325 493/752/325 530/753/325
f 493/752/326 521/754/326 522/755/326 531/756/326 530/757/326
f 523/758/327 524/759/327 525/760/327 532/761/327
f 525/762/328 524/763/328 527/764/328 526/765/328
f 526/766/329 527/767/329 519/768/329 517/769/329
f 531/770/330 522/771/330 528/772/330
f 528/773/331 533/774/331 531/775/331
f 528/776/332 523/777/332 532/778/332 533/779/332
s 1
f 498/780/333 515/781/333 514/782/334 500/783/335
f 514/784/334 510/785/336 501/786/337 500/787/335
f 510/785/336 514/784/334 529/788/338 508/789/339
f 508/789/339 529/788/338 503/790/340 506/791/341
s 0
f 496/792/342 493/793/342 494/794/342 495/795/342
s 1
f 506/796/341 503/797/340 511/798/343 513/799/343
f 512/800/344 504/801/344 502/802/344 497/803/344 499/804/344 509/805/344 507/806/344 505/807/344
g Wine_Glass_cell.031_Wine_Glass_cell.030
v 0.048940 0.008547 -0.030716
v 0.051080 0.003718 -0.031603
v 0.028153 0.003718 -0.026992
v 0.032747 0.013106 -0.028337
v 0.044887 0.003718 -0.040871
v 0.043674 0.008547 -0.038597
v 0.029922 0.003718 -0.010422
v 0.034455 0.014163 -0.010174
v 0.055414 0.003718 -0.009814
v 0.053100 0.008547 -0.009805
v 0.027707 0.003718 -0.015151
v 0.031941 0.014578 -0.015917
v 0.024417 0.003718 -0.022528
v 0.029179 0.015016 -0.022531
v 0.044887 0.003718 -0.040871
v 0.043674 0.008547 -0.038597
v 0.028153 0.003718 -0.026992
v 0.032747 0.013106 -0.028337
v 0.029922 0.003718 -0.010422
v 0.055414 0.003718 -0.009814
v 0.053100 0.008547 -0.009805
v 0.034455 0.014163 -0.010174
v 0.031941 0.014578 -0.015917
v 0.027707 0.003718 -0.015151
v 0.029179 0.015016 -0.022531
v 0.024417 0.003718 -0.022528
vn -0.6257 0.1981 -0.7545
vn -0.7499 0.3007 -0.5893
vn -0.0238 -0.0134 0.9996
vn -0.8457 0.3577 0.3961
vn -0.8524 0.3593 0.3800
vn 0.8657 -0.4700 -0.1722
vn 0.8053 -0.4901 -0.3336
vn 0.6263 0.7351 -0.2594
vn 0.6739 0.7266 -0.1340
vn 0.5774 0.7196 -0.3858
vn 0.6703 -0.5916 -0.4479
vn 0.2890 0.9556 -0.0575
vn 0.2771 0.9569 -0.0873
vn -0.0000 -1.0000 -0.0000
vn 0.2450 0.9556 -0.1637
vt 0.835446 0.352060
vt 1.000000 0.336139
vt 1.000000 0.417418
vt 0.870609 0.390466
vt 0.417418 0.417418
vt 0.336139 0.336139
vt 0.401207 0.000000
vt 0.516315 0.000000
vt 0.548198 0.262217
vt 0.504451 0.216849
vt 0.452906 0.000000
vt 0.547130 0.000000
vt 1.000000 0.547094
vt 0.443306 0.000000
vt 0.542315 0.000000
vt 1.000000 0.452870
vt 1.000000 0.556694
vt 0.557229 0.557229
vt 0.455909 0.455909
vt 1.000000 0.457685
vt 0.431143 0.534941
vt 0.429181 0.500243
vt 0.440152 0.497557
vt 0.442035 0.530859
vt 0.439858 0.478226
vt 0.428836 0.477508
vt 0.198268 0.445010
vt 0.232933 0.467193
vt 0.199661 0.500464
vt 0.180181 0.456700
vt 0.186614 0.452465
vt 0.123038 0.000000
vt 0.133186 0.000000
vt 0.184787 0.010754
vt 0.207515 0.020168
vt 0.242182 0.054835
vt 0.137879 0.000000
vt 0.132000 0.000000
vt 0.173436 0.461216
vt 0.180336 0.508469
vt 0.172864 0.476244
s 0
f 548/808/345 550/809/345 551/810/345 549/811/345
f 551/812/346 550/813/346 559/814/346 547/815/346
f 553/816/347 554/817/347 555/818/347 552/819/347
f 555/820/348 556/821/348 557/822/348 552/823/348
f 556/824/349 547/825/349 559/826/349 557/827/349
s 1
f 542/828/350 535/829/351 534/830/352 543/831/353
f 539/832/354 534/830/352 535/829/351 538/833/355
f 541/834/356 543/835/353 534/836/352 558/837/357 545/838/356
f 546/839/358 536/840/358 538/841/355 535/842/351 542/843/350 540/844/358 544/845/358
f 558/846/357 534/836/352 539/847/354 537/848/359
g Wine_Glass_cell.032_Wine_Glass_cell.031
v -0.007047 0.123789 -0.009296
v -0.005956 0.133046 -0.009134
v -0.014935 0.126517 -0.012104
v -0.013776 0.137256 -0.016494
v -0.007496 0.123888 -0.016921
v -0.011255 0.121620 -0.013973
v -0.004369 0.128898 -0.018548
v -0.013404 0.121534 -0.009257
v -0.016566 0.133869 -0.009083
v -0.011255 0.121620 -0.013973
v -0.007496 0.123888 -0.016921
v -0.013404 0.121534 -0.009257
v -0.004369 0.128898 -0.018548
v -0.014935 0.126517 -0.012104
v -0.016566 0.133869 -0.009083
v -0.013776 0.137256 -0.016494
vn 0.4927 -0.8692 -0.0402
vn 0.3321 -0.9336 0.1342
vn 0.9546 -0.2691 0.1277
vn -0.2779 0.1697 0.9455
vn -0.0254 -0.3848 0.9226
vn 0.0717 0.8967 0.4368
vn 0.6187 0.7521 -0.2272
vn -0.8042 -0.4612 -0.3749
vn -0.7380 -0.2453 -0.6286
vn -0.6852 -0.2545 -0.6825
vn -0.4813 -0.1638 -0.8611
vn -0.7086 -0.1478 -0.6899
vn -0.3080 -0.1145 -0.9445
vn -0.9265 -0.0524 -0.3726
vt 1.000000 0.000000
vt 0.956720 0.026818
vt 0.930758 0.000000
vt 0.000000 0.000000
vt 0.068099 0.000000
vt 0.063070 0.063070
vt 1.000000 1.000000
vt 0.325654 0.271792
vt 0.302838 0.000000
vt 1.000000 0.928445
vt 0.353237 0.249848
vt 0.109718 0.109718
vt 0.219851 0.000000
vt 0.609956 0.000000
vt 0.886011 0.438637
vt 0.530818 0.530818
vt 0.242506 0.000000
vt 0.942148 0.210347
vt 0.936839 0.223828
vt 0.935951 0.212334
vt 0.928011 0.223828
vt 0.927452 0.244427
vt 0.918979 0.234436
vt 0.927452 0.244427
vt 0.937486 0.247690
vt 0.944994 0.223133
vt 0.946575 0.243510
s 0
f 560/849/360 569/850/360 570/851/360
f 560/852/361 571/853/361 569/854/361
f 561/849/362 560/855/362 570/856/362 572/857/362
f 571/858/363 560/855/363 561/852/363 573/859/363
f 573/860/364 561/852/364 574/861/364
f 574/862/365 561/849/365 575/863/365
f 575/864/366 561/852/366 572/865/366
s 1
f 567/866/367 562/867/368 565/868/369
f 564/869/370 563/870/371 566/871/372
f 564/869/370 562/867/368 563/872/371
f 563/873/371 562/874/368 568/875/373
f 562/867/368 564/869/370 565/868/369
g Wine_Glass_cell.033_Wine_Glass_cell.032
v -0.009547 0.132175 -0.004481
v -0.012505 0.131210 -0.000019
v -0.010487 0.118744 -0.003378
v -0.013445 0.126517 -0.002028
v -0.013445 0.126517 -0.002028
v -0.013445 0.126517 -0.002028
v -0.010487 0.118744 -0.003378
v -0.012505 0.131210 -0.000019
vn 0.4934 0.0368 0.8690
vn -0.6335 0.1041 -0.7667
vn 0.8116 -0.3596 0.4604
vn 0.3833 0.2977 -0.8743
vt 1.000000 0.000000
vt 1.000000 1.000000
vt 0.776044 0.776044
vt 1.000000 0.959283
vt 0.017741 0.000000
vt 0.595579 0.558811
vt 0.993147 0.799498
vt 1.000000 0.776044
vt 0.916168 0.057096
vt 0.912806 0.072200
vt 0.914447 0.058604
s 0
f 582/876/374 576/877/374 580/878/374
f 583/879/375 576/877/375 582/880/375 581/881/375
f 583/882/376 580/883/376 576/877/376
s 1
f 577/884/377 578/885/377 579/886/377
g Wine_Glass_cell.034_Wine_Glass_cell.033
v -0.007211 0.120433 -0.006871
v -0.010035 0.113917 -0.006288
v -0.009590 0.100092 -0.008181
v -0.010609 0.117807 -0.012107
vn -0.8476 0.3987 0.3502
vn 0.2547 -0.1952 -0.9471
vn 0.4349 -0.1084 0.8939
vt 0.913764 0.014037
vt 0.901884 0.000000
vt 1.000000 0.000000
vt 0.074460 0.074460
vt 0.000000 0.000000
vt 1.000000 0.049335
vt 0.285144 0.055156
vt 1.000000 1.000000
vt 0.357322 0.166949
s 0
f 587/887/378 585/888/378 584/889/378
f 587/890/379 584/891/379 586/892/379 585/893/379
f 586/894/380 584/891/380 585/895/380
g Wine_Glass_cell.035_Wine_Glass_cell.034
v 0.017071 0.008547 -0.062585
v 0.036175 0.008547 -0.049820
v 0.017957 0.003718 -0.064726
v 0.037813 0.003718 -0.051458
v 0.027765 0.014713 -0.026414
v 0.043842 0.003718 -0.042435
v 0.042631 0.008547 -0.040158
v 0.022791 0.003718 -0.025528
v 0.002951 0.003718 -0.047432
v 0.003616 0.012923 -0.050793
v 0.009149 0.003718 -0.039463
v 0.008855 0.014435 -0.044751
v -0.004111 0.010464 -0.060458
v -0.003873 0.003718 -0.060009
v -0.003939 0.003718 -0.069081
v -0.004205 0.008547 -0.066818
v 0.019307 0.015728 -0.033081
v 0.016762 0.003718 -0.030528
v 0.043842 0.003718 -0.042435
v 0.042631 0.008547 -0.040158
v 0.027765 0.014713 -0.026414
v 0.002951 0.003718 -0.047432
v 0.009149 0.003718 -0.039463
v 0.003616 0.012923 -0.050793
v 0.008855 0.014435 -0.044751
v -0.004111 0.010464 -0.060458
v -0.003939 0.003718 -0.069081
v -0.004205 0.008547 -0.066818
v -0.003873 0.003718 -0.060009
v 0.022791 0.003718 -0.025528
v 0.016762 0.003718 -0.030528
v 0.019307 0.015728 -0.033081
vn 0.6129 -0.2127 0.7610
vn -0.7599 0.2707 0.5910
vn -0.8349 0.1489 0.5298
vn -0.9991 -0.0336 0.0249
vn -0.9983 -0.0585 0.0072
vn -0.5847 0.3035 0.7524
vn -0.7292 0.2865 0.6214
vn 0.1237 0.9573 -0.2611
vn 0.2594 0.7353 -0.6261
vn 0.1330 0.7316 -0.6686
vn 0.0575 0.9556 -0.2890
vn 0.7285 -0.4821 -0.4868
vn 0.6164 -0.4901 -0.6164
vn 0.4787 0.7355 -0.4795
vn 0.5103 0.7894 -0.3413
vn 0.3336 -0.4901 -0.8053
vn 0.2019 0.9576 -0.2057
vn 0.2445 0.9557 -0.1639
vn 0.1736 -0.4561 -0.8728
vn -0.0000 -1.0000 -0.0000
vt 0.531302 0.199349
vt 0.486074 0.169083
vt 0.427964 0.000000
vt 0.530747 0.000000
vt 1.000000 0.551998
vt 0.338594 0.000000
vt 0.452693 0.000000
vt 1.000000 0.470210
vt 1.000000 0.566608
vt 0.551998 0.551998
vt 0.470210 0.470210
vt 1.000000 0.508615
vt 0.566608 0.566608
vt 0.508615 0.508615
vt 1.000000 0.543307
vt 0.590774 0.489799
vt 0.590497 0.590497
vt 0.551392 0.508646
vt 0.394339 0.000000
vt 0.560367 0.000000
vt 1.000000 0.359036
vt 1.000000 0.485103
vt 1.000000 0.538268
vt 1.000000 0.657449
vt 0.560367 0.560367
vt 0.394339 0.394339
vt 0.110710 0.476618
vt 0.102107 0.519869
vt 0.061783 0.495565
vt 0.065847 0.489994
vt 0.091876 0.481734
vt 0.428777 0.473671
vt 0.428441 0.451538
vt 0.439439 0.450695
vt 0.439800 0.474396
vt 0.429181 0.398842
vt 0.440152 0.399993
vt 0.142586 0.468451
vt 0.152814 0.519869
vt 0.115637 0.475237
vt 0.142586 0.468451
vt 0.166080 0.466607
vt 0.176507 0.510055
vt 0.060605 0.018854
vt 0.106124 0.000000
vt 0.158825 0.000000
vt 0.180951 0.009165
vt 0.118953 0.000000
vt 0.103639 0.001029
vt 0.087813 0.007585
vt 0.074928 0.012922
vt 0.060741 0.018798
vt 0.442067 0.355785
vt 0.431153 0.353346
s 0
f 606/896/381 607/897/381 608/898/381 617/899/381
f 609/900/382 610/901/382 612/902/382 611/903/382
f 616/904/383 609/905/383 611/906/383 613/907/383
f 616/908/384 613/909/384 615/910/384
f 614/911/385 616/912/385 615/913/385
f 619/914/386 618/915/386 617/916/386 608/917/386
f 612/918/387 610/919/387 618/920/387 619/921/387
s 1
f 599/922/388 588/923/389 603/924/390 600/925/391 597/926/391
f 593/927/392 591/928/393 589/929/394 594/930/395
f 590/931/396 588/932/389 589/929/394 591/928/393
f 604/933/397 589/934/394 588/923/389 599/935/388
f 604/936/397 592/937/398 594/938/395 589/934/394
f 602/939/399 590/940/396 591/941/393 593/942/392 595/943/400 605/944/400 598/945/400 596/946/400 601/947/400
f 603/948/390 588/932/389 590/931/396 602/949/399
g Wine_Glass_cell.036_Wine_Glass_cell.035
v -0.025124 0.289274 -0.055645
v -0.005464 0.289274 -0.059555
v -0.023765 0.281520 -0.056776
v -0.005477 0.267398 -0.061981
v -0.026815 0.284266 -0.059727
v 0.010181 0.279720 -0.057504
v -0.032913 0.289274 -0.050440
v 0.014829 0.283782 -0.059999
v -0.035008 0.293344 -0.047858
v -0.038650 0.301067 -0.043179
v -0.040517 0.305566 -0.045185
v -0.023516 0.306320 -0.051764
v -0.005464 0.306505 -0.055309
v 0.011950 0.302841 -0.052748
v 0.013332 0.289274 -0.055817
v -0.023765 0.281520 -0.056776
v -0.005477 0.267398 -0.061981
v -0.026815 0.284266 -0.059727
v 0.010181 0.279720 -0.057504
v 0.014829 0.283782 -0.059999
v -0.040517 0.305566 -0.045185
v -0.023516 0.306320 -0.051764
v -0.038650 0.301067 -0.043179
v 0.013332 0.289274 -0.055817
vn -0.6233 -0.7779 -0.0796
vn 0.2959 0.4887 0.8207
vn 0.6562 -0.3357 0.6758
vn 0.1896 0.2349 -0.9533
vn -0.5185 0.1074 -0.8483
vn 0.1589 -0.9418 -0.2962
vn -0.4788 -0.0528 -0.8763
vn -0.4201 0.6543 -0.6288
vn -0.0480 0.2378 -0.9701
vn 0.1298 0.1306 -0.9829
vn -0.9511 0.3040 0.0554
vn -0.9372 0.3294 -0.1148
vn 0.5400 -0.2349 0.8082
vn 0.1896 -0.2349 0.9533
vn 0.1440 -0.1180 0.9825
vn -0.1939 -0.1081 0.9751
vt 0.607452 0.000000
vt 1.000000 0.337612
vt 1.000000 0.372414
vt 0.168687 0.000000
vt 0.308896 0.166115
vt 0.100304 0.000000
vt 1.000000 0.392960
vt 1.000000 0.426233
vt 0.424320 0.424320
vt 0.395717 0.293389
vt 0.397352 0.263099
vt 0.439407 0.264921
vt 0.433622 0.303934
vt 0.684475 0.434153
vt 0.663798 0.433902
vt 0.654725 0.423353
vt 0.641421 0.406370
vt 0.641797 0.401532
vt 0.682657 0.398658
vt 0.684770 0.445503
vt 0.664290 0.434153
vt 0.728314 0.437888
vt 0.731716 0.484063
vt 0.684770 0.445503
vt 0.398343 0.250065
vt 0.405053 0.245008
vt 0.443497 0.216484
vt 0.397432 0.260621
vt 0.466784 0.085111
vt 0.447693 0.085939
vt 0.452323 0.048890
vt 0.486774 0.058752
vt 0.468212 0.083431
vt 0.875350 0.643821
vt 0.870199 0.605421
vt 0.911069 0.601940
vt 0.912898 0.641045
vt 0.910025 0.553634
vt 0.869318 0.591162
vt 0.872653 0.588051
vt 0.953363 0.601940
vt 0.953151 0.586493
s 0
f 636/950/401 635/951/401 637/952/401
f 629/953/402 631/954/402 640/955/402
f 625/956/403 639/957/403 634/958/403
s 1
f 633/959/404 643/960/404 621/961/404 632/962/404
f 620/963/405 626/964/406 628/965/406 642/966/407 630/967/405 641/968/405
f 624/969/408 626/970/408 620/963/408
f 620/963/409 621/971/409 623/972/409 624/973/409
f 627/974/410 638/975/411 623/976/412 621/961/410 643/977/410
f 626/978/406 620/979/413 641/980/413 642/981/407 628/982/406
f 641/983/414 620/984/414 621/985/414 632/986/414
f 623/987/415 621/985/415 620/984/415 624/988/415 622/989/415
f 643/990/416 621/985/416 623/987/412 638/991/411
g Wine_Glass_cell.037_Wine_Glass_cell.036
v -0.028308 0.180470 0.007652
v -0.005464 0.168136 0.014550
v 0.003895 0.180192 0.020321
v 0.000446 0.172321 0.016024
v -0.026910 0.180136 0.013264
v -0.023808 0.174056 0.010796
v -0.015824 0.168136 0.011710
v -0.010958 0.168421 0.008942
v -0.005880 0.163904 0.010165
v -0.017639 0.182483 0.021211
v -0.011730 0.184629 0.023745
v 0.001910 0.185372 0.023994
v -0.005464 0.184758 0.025073
v -0.010958 0.168421 0.008942
v -0.015824 0.168136 0.011710
v -0.005880 0.163904 0.010165
vn -0.3670 -0.6041 -0.7073
vn -0.8446 -0.5041 0.1805
vn -0.5785 -0.5424 0.6092
vn -0.6798 -0.5457 0.4900
vn 0.1657 -0.5275 0.8332
vn -0.1318 0.8189 0.5586
vn -0.1894 -0.5857 0.7881
vn -0.1898 -0.6117 0.7680
vn -0.4720 -0.5275 0.7064
vn 0.1777 0.6064 -0.7751
vn -0.1895 -0.6975 0.6910
vt 0.334840 0.300716
vt 0.209203 0.209203
vt 0.075473 0.000000
vt 1.000000 1.000000
vt 0.823696 0.818558
vt 1.000000 0.969825
vt 0.502422 0.670447
vt 0.498969 0.711709
vt 0.493526 0.701858
vt 0.484210 0.683252
vt 0.486924 0.670254
vt 0.516557 0.670761
vt 0.530436 0.676001
vt 0.526526 0.711030
vt 0.506952 0.711030
vt 0.530436 0.676001
vt 0.553925 0.683785
vt 0.548273 0.698291
vt 0.821900 0.710841
vt 0.810479 0.710507
vt 0.807635 0.708589
vt 0.811933 0.673987
vt 0.830157 0.668281
vt 0.836729 0.669198
vt 0.525984 0.714266
vt 0.508766 0.721854
s 0
f 650/992/417 657/993/417 652/994/417
s 1
f 644/995/418 649/996/419 648/997/420
f 656/998/421 645/999/421 647/1000/421 646/1001/421 655/1002/421
f 654/1003/422 653/1004/422 658/1005/423 645/1006/424 656/998/422
f 658/1005/425 653/1007/425 648/1008/420 649/1009/419
f 645/1010/426 651/1011/426 658/1012/426 653/1013/422 654/1014/422 656/1015/422
f 645/1006/424 658/1016/423 659/1017/427
g Wine_Glass_cell.038_Wine_Glass_cell.037
v 0.039406 0.246908 0.019539
v 0.048793 0.261185 0.014292
v 0.049235 0.274146 0.003784
v 0.050895 0.261185 0.003722
v 0.042399 0.238449 0.002460
v 0.046986 0.235656 0.003460
v 0.041436 0.242402 0.011245
v 0.045462 0.240507 0.013612
v 0.041912 0.274252 0.021657
v 0.043034 0.261185 0.022911
v 0.043572 0.273934 0.012130
v 0.042399 0.238449 0.002460
v 0.041436 0.242402 0.011245
v 0.039406 0.246908 0.019539
v 0.045462 0.240507 0.013612
v 0.046986 0.235656 0.003460
v 0.050895 0.261185 0.003722
vn -0.5431 -0.7864 0.2943
vn -0.8901 -0.2683 -0.3684
vn 0.9662 -0.1556 0.2055
vn 0.8716 -0.1937 0.4504
vn 0.9090 -0.1828 0.3745
vn -0.4127 0.5407 0.7330
vn -0.3734 0.5262 0.7639
vn 0.8936 0.2673 0.3607
vn -0.8635 0.3668 -0.3461
vn -0.8782 0.3678 -0.3057
vn -0.9039 0.3678 -0.2183
vn 0.2009 -0.0207 -0.9794
vt 1.000000 0.062946
vt 0.649252 0.141952
vt 0.318459 0.318459
vt 0.194930 0.194930
vt 0.591274 0.000000
vt 0.020314 0.665511
vt 0.000000 0.666106
vt 0.001735 0.638227
vt 0.020604 0.638272
vt 0.317477 0.564679
vt 0.305113 0.515889
vt 0.326834 0.512498
vt 0.336634 0.557418
vt 0.349936 0.543830
vt 0.349322 0.508310
vt 0.343098 0.479950
vt 0.322156 0.483419
vt 0.773429 0.186375
vt 0.755563 0.187897
vt 0.760133 0.148733
vt 0.774828 0.159567
vt 0.020314 0.665511
vt 0.023171 0.716230
vt 0.004570 0.707942
vt 1.000000 0.655927
vt 1.000000 0.707818
vt 0.661294 0.618099
s 0
f 673/1018/428 672/1019/428 671/1020/428 675/1021/428 674/1022/428
s 1
f 676/1023/429 661/1024/429 670/1025/429 662/1026/429
f 665/1027/430 676/1028/430 661/1029/431 667/1030/432
f 660/1031/433 667/1030/432 661/1029/431 669/1032/434
f 668/1033/435 669/1032/435 661/1029/435 670/1034/435
f 669/1035/434 661/1036/436 666/1037/437 660/1038/433
f 661/1024/436 676/1039/438 664/1040/438 666/1041/437
s 0
f 675/1042/439 671/1043/439 663/1044/439
g Wine_Glass_cell.039_Wine_Glass_cell.038
v -0.005193 0.022746 -0.009056
v -0.003143 0.029957 -0.013785
v -0.006862 0.055993 -0.012586
v -0.001418 0.055805 -0.005952
v 0.001259 0.027853 -0.011331
v 0.000059 0.029776 -0.005526
v -0.003143 0.029957 -0.013785
v -0.006862 0.055993 -0.012586
v -0.001418 0.055805 -0.005952
v 0.001259 0.027853 -0.011331
v 0.000059 0.029776 -0.005526
vn -0.8502 -0.0976 -0.5174
vn -0.6926 0.0114 0.7212
vn 0.1720 -0.5740 -0.8006
vn 0.5028 0.8462 -0.1765
vn 0.8575 0.3528 -0.3745
vn 0.8861 0.3187 -0.3366
vn 0.7675 0.1385 -0.6259
vn 0.8074 0.1211 -0.5775
vn 0.6539 -0.6675 0.3562
vt 0.193824 0.193824
vt 0.000000 0.000000
vt 1.000000 0.155757
vt 0.851728 0.000000
vt 1.000000 0.000000
vt 1.000000 1.000000
vt 0.795062 0.785442
vt 1.000000 0.873196
vt 0.842480 0.826922
vt 0.147400 0.531192
vt 0.149010 0.535727
vt 0.144318 0.534121
vt 0.153836 0.535611
vt 0.154132 0.594212
vt 0.150421 0.594102
vt 0.147565 0.593839
vt 0.145316 0.535968
vt 0.865005 0.865005
vt 1.000000 0.790991
s 0
f 683/1045/440 677/1046/440 684/1047/440
f 685/1048/441 684/1049/441 677/1050/441 687/1051/441
f 686/1052/442 677/1050/442 683/1053/442
s 1
f 681/1054/443 678/1055/444 682/1056/445
f 678/1057/444 679/1058/446 680/1059/447
f 680/1060/447 682/1061/445 678/1055/444
s 0
f 677/1050/448 686/1062/448 687/1063/448
g Wine_Glass_cell.040_Wine_Glass_cell.039
v 0.014196 0.289274 0.039282
v -0.005464 0.289274 0.043193
v -0.002803 0.315155 0.036285
v -0.005710 0.317452 0.040096
v 0.013518 0.312217 0.037646
v 0.027565 0.302805 0.026416
v 0.032005 0.294098 0.030508
v 0.030337 0.283845 0.029208
v 0.030025 0.289274 0.028705
v 0.024998 0.276504 0.038440
v -0.020488 0.298453 0.041791
v -0.015233 0.305222 0.041185
v 0.016270 0.276381 0.044290
v -0.005464 0.276700 0.048573
v -0.015173 0.290671 0.044747
v -0.005710 0.317452 0.040096
v -0.015233 0.305222 0.041185
v -0.002803 0.315155 0.036285
v 0.027565 0.302805 0.026416
v 0.030025 0.289274 0.028705
v 0.032005 0.294098 0.030508
vn 0.6757 -0.0019 -0.7372
vn -0.5952 0.4015 -0.6961
vn 0.5512 0.1346 0.8234
vn -0.8953 -0.0485 0.4428
vn -0.8070 -0.0255 0.5900
vn 0.1267 0.1646 0.9782
vn 0.1043 0.1654 0.9807
vn 0.1904 0.1621 0.9682
vn 0.9899 -0.0594 -0.1289
vn 0.8329 -0.3551 -0.4244
vn -0.8580 -0.4869 0.1638
vn -0.6387 -0.2641 0.7227
vn 0.5568 0.3526 0.7521
vn 0.3773 0.3762 0.8462
vn 0.3775 0.3762 0.8462
vn 0.1871 0.3845 0.9040
vn 0.1909 0.3848 0.9031
vn 0.1997 0.3854 0.9009
vn -0.6117 -0.1365 -0.7792
vn -0.0834 -0.1685 -0.9822
vn -0.1091 -0.2045 -0.9728
vt 0.690133 0.690133
vt 1.000000 0.674726
vt 1.000000 0.699820
vt 1.000000 0.675625
vt 0.629385 0.629385
vt 1.000000 0.640389
vt 0.362913 0.431293
vt 0.358527 0.410322
vt 0.390445 0.383783
vt 0.406299 0.432062
vt 0.365411 0.440922
vt 0.495934 0.377131
vt 0.493014 0.434153
vt 0.449174 0.437888
vt 0.455921 0.391251
vt 0.490319 0.378449
vt 0.513267 0.434153
vt 0.496486 0.377152
vt 0.516630 0.402238
vt 0.527743 0.416121
vt 0.392719 0.464914
vt 0.368136 0.452457
vt 0.407356 0.461969
vt 0.491932 0.461983
vt 0.447103 0.465935
vt 0.492304 0.461416
vt 0.513267 0.434153
vt 0.802480 0.246253
vt 0.844493 0.246253
vt 0.842218 0.294921
vt 0.804186 0.276960
vt 0.885364 0.249735
vt 0.872012 0.307566
vt 0.839318 0.434272
vt 0.829800 0.422052
vt 0.839193 0.406876
vt 0.854612 0.383464
vt 0.862555 0.440495
s 0
f 693/1064/449 708/1065/449 696/1066/449
f 705/1067/450 699/1068/450 703/1069/450
s 1
f 694/1070/451 706/1071/452 692/1072/453 688/1073/451 707/1074/451
f 691/1075/454 689/1076/455 688/1077/456 692/1078/457 690/1079/458
f 702/1080/459 689/1076/455 691/1081/454 704/1082/460 698/1083/459
f 697/1084/461 695/1085/461 707/1074/461 688/1073/462 700/1086/463
f 701/1087/464 700/1088/463 688/1077/462 689/1076/465
f 701/1089/464 689/1076/465 702/1090/466
f 707/1091/467 688/1092/467 692/1093/453 706/1094/452
f 688/1092/468 689/1095/469 690/1096/458 692/1093/457
f 702/1097/459 698/1098/459 704/1099/460 690/1100/458 689/1101/469
g Wine_Glass_cell.041_Wine_Glass_cell.040
v -0.003673 0.133146 -0.005300
v -0.004609 0.138567 -0.006760
v -0.000966 0.137256 0.002679
v -0.006436 0.140766 0.002495
v 0.002327 0.140178 -0.000391
v -0.001538 0.143188 0.001296
v -0.005535 0.133556 0.003041
v 0.001547 0.130663 -0.000089
v 0.002327 0.140178 -0.000391
v -0.001538 0.143188 0.001296
v -0.006436 0.140766 0.002495
v -0.005535 0.133556 0.003041
v 0.001547 0.130663 -0.000089
vn -0.9777 -0.1344 -0.1611
vn -0.0951 0.8787 -0.4677
vn 0.6847 -0.0783 -0.7246
vn -0.9544 -0.2194 -0.2023
vn -0.3940 -0.9181 -0.0428
vn 0.3814 0.0246 0.9241
vn 0.6149 0.1252 0.7786
vn 0.2897 0.1988 0.9362
vn 0.0643 0.1521 0.9863
vn 0.1886 -0.0697 0.9796
vn 0.4874 -0.1736 0.8558
vt 1.000000 0.639541
vt 1.000000 1.000000
vt 0.812303 0.812303
vt 1.000000 0.823599
vt 0.239938 0.239938
vt 0.400145 0.351104
vt 1.000000 0.000000
vt 0.917120 0.917120
vt 0.934842 0.000000
vt 0.000000 0.000000
vt 1.000000 0.812303
vt 0.932638 0.932638
vt 1.000000 0.930598
vt 0.189083 0.655989
vt 0.188765 0.649444
vt 0.196599 0.642463
vt 0.899063 0.022649
vt 0.898538 0.032539
vt 0.889186 0.033336
vt 0.891022 0.021090
vt 0.188730 0.668736
vt 0.198435 0.655716
vt 0.197492 0.667696
vt 0.185586 0.655989
vt 0.187003 0.666831
s 0
f 719/1102/470 710/1103/470 720/1104/470
f 717/1105/471 710/1103/471 719/1106/471 718/1107/471
f 709/1108/472 710/1103/472 717/1109/472 721/1110/472
f 709/1111/473 720/1112/473 710/1103/473
f 709/1103/474 721/1113/474 720/1114/474
s 1
f 711/1115/475 713/1116/476 714/1117/477
f 712/1118/478 715/1119/479 711/1120/475 714/1121/477
f 716/1122/480 711/1123/475 715/1124/479
f 713/1125/476 711/1115/475 716/1126/480
g Wine_Glass_cell.042_Wine_Glass_cell.041
v 0.017071 0.008547 0.046223
v -0.005464 0.008547 0.050705
v 0.017957 0.003718 0.048363
v -0.005464 0.003718 0.053022
v 0.027198 0.003718 0.042188
v 0.014243 0.003718 0.021578
v 0.017138 0.014057 0.024688
v 0.026298 0.008547 0.040057
v 0.005990 0.003718 0.020493
v 0.007840 0.015842 0.023937
v -0.016122 0.008547 0.048585
v -0.016553 0.003718 0.050816
v -0.010996 0.003718 0.022815
v -0.011727 0.015535 0.026353
v -0.005464 0.016126 0.025645
v 0.027198 0.003718 0.042188
v 0.014243 0.003718 0.021578
v 0.017138 0.014057 0.024688
v 0.026298 0.008547 0.040057
v 0.005990 0.003718 0.020493
v 0.007840 0.015842 0.023937
v -0.016553 0.003718 0.050816
v -0.010996 0.003718 0.022815
v -0.016122 0.008547 0.048585
v -0.011727 0.015535 0.026353
v -0.005464 0.016126 0.025645
vn 0.8441 -0.0768 -0.5306
vn 0.1261 0.2532 -0.9592
vn -0.9809 -0.0024 -0.1947
vn -0.1256 0.2801 -0.9517
vn -0.1648 -0.5351 0.8286
vn -0.0000 -0.4901 0.8717
vn -0.0000 0.7351 0.6780
vn -0.1278 0.7554 0.6427
vn 0.3336 -0.4901 0.8053
vn 0.2594 0.7351 0.6263
vn 0.3564 0.7671 0.5334
vn 0.4766 -0.5138 0.7133
vn 0.0967 0.9571 0.2732
vn 0.1637 0.9556 0.2450
vn 0.0046 0.9572 0.2895
vn -0.0575 0.9556 0.2890
vn -0.0000 -1.0000 -0.0000
vt 0.539918 0.000000
vt 0.652238 0.000000
vt 0.768391 0.175771
vt 0.752970 0.212764
vt 0.539918 0.539918
vt 0.757914 0.000000
vt 0.930445 0.030629
vt 0.652238 0.652238
vt 0.399548 0.292624
vt 0.341851 0.254202
vt 0.258507 0.000000
vt 0.399759 0.000000
vt 1.000000 0.242086
vt 0.402246 0.402246
vt 0.257591 0.257591
vt 0.437243 0.203648
vt 1.000000 0.056535
vt 0.437840 0.613981
vt 0.437840 0.638934
vt 0.428441 0.637936
vt 0.428441 0.613954
vt 0.441987 0.687623
vt 0.432431 0.684783
vt 0.835662 0.835455
vt 0.836324 0.858082
vt 0.825393 0.860922
vt 0.824730 0.838261
vt 0.191252 0.349785
vt 0.235516 0.320208
vt 0.244888 0.342835
vt 0.209235 0.359807
vt 0.168935 0.330337
vt 0.199661 0.284353
vt 0.190341 0.349307
vt 0.158310 0.321360
vt 0.177504 0.275176
vt 0.168935 0.330337
vt 0.130652 0.000000
vt 0.106123 0.000000
vt 0.057434 0.020168
vt 0.039790 0.037812
vt 0.053911 0.023691
vt 0.081245 0.010305
vt 0.098401 0.003199
s 0
f 738/1127/481 739/1128/481 740/1129/481 737/1130/481
f 738/1131/482 741/1132/482 742/1133/482 739/1134/482
f 743/1135/483 745/1136/483 746/1137/483 744/1138/483
f 741/1139/484 744/1140/484 746/1141/484 736/1142/484 742/1143/484
s 1
f 733/1144/485 725/1145/486 723/1146/487 732/1147/488
f 724/1148/489 722/1149/490 723/1146/487 725/1145/486
f 729/1150/491 722/1151/490 724/1152/489 726/1153/492
f 731/1154/493 722/1155/490 729/1156/491 728/1157/494
f 747/1158/495 723/1159/487 722/1155/490 731/1160/493
f 735/1161/496 732/1162/488 723/1159/487 747/1163/495
f 726/1164/492 724/1165/489 725/1166/486 733/1167/485 734/1168/497 730/1169/497 727/1170/497
g Wine_Glass_cell.043_Wine_Glass_cell.042
v -0.027999 0.008547 0.046223
v -0.028885 0.003718 0.048363
v -0.020555 0.015631 0.023567
v -0.023573 0.003718 0.018809
v -0.014490 0.003718 0.021941
v -0.014591 0.015587 0.025610
v -0.018203 0.008547 0.048171
v -0.018713 0.003718 0.050386
v -0.048076 0.003718 0.035540
v -0.046517 0.008547 0.033849
v -0.032757 0.003718 0.019940
v -0.037061 0.012615 0.024302
v -0.032123 0.014666 0.019601
v -0.023573 0.003718 0.018809
v -0.014490 0.003718 0.021941
v -0.018203 0.008547 0.048171
v -0.018713 0.003718 0.050386
v -0.014591 0.015587 0.025610
v -0.046517 0.008547 0.033849
v -0.037061 0.012615 0.024302
v -0.032123 0.014666 0.019601
v -0.020555 0.015631 0.023567
v -0.048076 0.003718 0.035540
v -0.032757 0.003718 0.019940
vn 0.3126 0.2830 -0.9067
vn 0.9885 -0.0370 0.1467
vn -0.7119 -0.0057 -0.7023
vn -0.6932 0.0178 -0.7205
vn 0.1257 0.1689 -0.9776
vn -0.4876 -0.4793 0.7297
vn -0.3336 -0.4901 0.8053
vn -0.2592 0.7353 0.6263
vn -0.3731 0.7317 0.5705
vn -0.1679 -0.5092 0.8441
vn -0.1284 0.7529 0.6455
vn -0.1293 0.9572 0.2589
vn -0.1506 0.9566 0.2496
vn -0.0000 -1.0000 -0.0000
vt 1.000000 0.409183
vt 0.264232 0.000000
vt 0.516844 0.000000
vt 1.000000 0.269209
vt 0.408376 0.113338
vt 0.409183 0.409183
vt 0.269209 0.269209
vt 0.351531 0.094953
vt 0.815528 0.742377
vt 1.000000 0.781733
vt 1.000000 0.872657
vt 0.760589 0.760589
vt 1.000000 0.652106
vt 0.872657 0.872657
vt 0.781733 0.781733
vt 1.000000 0.735768
vt 0.814812 0.814812
vt 0.652106 0.652106
vt 1.000000 0.483156
vt 0.441848 0.539173
vt 0.437840 0.586232
vt 0.428441 0.587229
vt 0.432309 0.541820
vt 0.437840 0.609122
vt 0.428441 0.609271
vt 0.142545 0.316573
vt 0.152814 0.264949
vt 0.173178 0.273384
vt 0.112607 0.308742
vt 0.109308 0.294063
vt 0.103663 0.264949
vt 0.138695 0.315648
vt 0.156928 0.264949
vt 0.028621 0.048981
vt 0.043073 0.034529
vt 0.036354 0.041248
vt 0.158825 0.264949
vt 0.111259 0.264949
s 0
f 762/1171/498 761/1172/498 769/1173/498 765/1174/498
f 764/1175/499 762/1176/499 765/1177/499 763/1178/499
f 766/1179/500 767/1180/500 771/1181/500 756/1182/500
f 768/1183/501 771/1184/501 767/1185/501
f 761/1186/502 771/1187/502 768/1188/502 769/1189/502
s 1
f 770/1190/503 749/1191/504 748/1192/505 757/1193/506
f 748/1192/505 749/1191/504 755/1194/507 754/1195/508
f 753/1196/509 748/1197/505 754/1198/508
f 760/1199/510 759/1200/510 757/1201/506 748/1197/505 753/1196/509 750/1202/510
f 758/1203/511 751/1204/511 752/1205/511 755/1206/507 749/1207/504 770/1208/503
g Wine_Glass_cell.044_Wine_Glass_cell.043
v -0.006925 0.020843 -0.009090
v -0.034870 0.003718 -0.016814
v -0.033512 0.003718 -0.009210
v -0.037150 0.016721 -0.009047
v -0.038721 0.015611 -0.019597
v -0.007008 0.003718 -0.009076
v -0.016456 0.022980 -0.009037
v -0.011124 0.027081 -0.013841
v -0.016768 0.003718 -0.023377
v -0.019682 0.018899 -0.027766
v -0.024184 0.016448 -0.034317
v -0.020725 0.003718 -0.029153
v -0.030569 0.015618 -0.033287
v -0.025224 0.003718 -0.032506
v -0.035677 0.015306 -0.027466
v -0.033383 0.003718 -0.021598
v -0.034870 0.003718 -0.016814
v -0.033512 0.003718 -0.009210
v -0.037150 0.016721 -0.009047
v -0.038721 0.015611 -0.019597
v -0.007008 0.003718 -0.009076
v -0.016768 0.003718 -0.023377
v -0.020725 0.003718 -0.029153
v -0.019682 0.018899 -0.027766
v -0.024184 0.016448 -0.034317
v -0.030569 0.015618 -0.033287
v -0.035677 0.015306 -0.027466
v -0.025224 0.003718 -0.032506
v -0.016456 0.022980 -0.009037
v -0.011124 0.027081 -0.013841
v -0.033383 0.003718 -0.021598
vn -0.9486 -0.2675 0.1694
vn -0.0008 -0.0058 1.0000
vn 0.8247 0.0185 -0.5653
vn 0.8251 -0.0050 -0.5650
vn -0.7160 -0.3957 -0.5752
vn -0.8813 -0.3404 -0.3277
vn -0.8930 -0.3541 -0.2776
vn 0.2174 -0.1549 -0.9637
vn -0.3522 0.9337 -0.0651
vn -0.3247 0.9380 -0.1212
vn -0.2518 0.9439 -0.2135
vn -0.3651 0.9286 -0.0666
vn -0.3371 0.9393 -0.0633
vn -0.0505 0.8992 -0.4347
vn 0.1525 0.6617 0.7341
vn -0.2890 0.9556 -0.0575
vn -0.0000 -1.0000 -0.0000
vt 0.601633 0.000000
vt 1.000000 0.555984
vt 1.000000 0.790375
vt 0.448023 0.000000
vt 0.743370 0.000000
vt 1.000000 0.000000
vt 1.000000 0.284666
vt 0.850406 0.850406
vt 0.668197 0.668197
vt 0.167895 0.167895
vt 0.000000 0.000000
vt 0.256630 0.000000
vt 1.000000 0.471960
vt 1.000000 0.616394
vt 0.461697 0.000000
vt 0.580182 0.000000
vt 0.616394 0.616394
vt 0.471960 0.471960
vt 0.534251 0.000000
vt 1.000000 0.469413
vt 1.000000 0.577298
vt 0.427122 0.000000
vt 0.519785 0.000000
vt 0.641802 0.000000
vt 0.577298 0.577298
vt 0.641802 0.641802
vt 0.519785 0.519785
vt 1.000000 0.515237
vt 0.572878 0.000000
vt 1.000000 0.419818
vt 1.000000 0.538303
vt 0.465749 0.000000
vt 0.104371 0.387816
vt 0.104371 0.397002
vt 0.050611 0.407695
vt 0.048375 0.390752
vt 0.050992 0.377199
vt 0.105464 0.399639
vt 0.077357 0.410914
vt 0.061065 0.417415
vt 0.050611 0.407695
vt 0.284666 0.284666
vt 0.186196 0.029405
vt 0.052438 0.372580
vt 0.071542 0.357008
vt 0.146545 0.264949
vt 0.144619 0.264949
vt 0.150833 0.264949
vt 0.025994 0.051608
vt 0.033153 0.044449
vt 0.039448 0.038154
vt 0.054977 0.022624
s 0
f 788/1209/512 789/1210/512 790/1211/512 791/1212/512
f 792/1213/513 772/1214/513 800/1215/513 790/1216/513 789/1217/513
f 801/1218/514 772/1219/514 792/1220/514 793/1221/514 795/1222/514
f 794/1223/515 796/1224/515 795/1225/515 793/1226/515
f 799/1227/516 802/1228/516 798/1229/516 797/1230/516
f 802/1231/517 791/1232/517 798/1233/517
f 791/1234/518 802/1235/518 788/1236/518
f 797/1237/519 796/1238/519 794/1239/519 799/1240/519
s 1
f 778/1241/520 779/1242/521 784/1243/522 786/1244/523 776/1245/524
f 779/1246/521 781/1247/525 782/1248/525 784/1249/522
s 0
f 800/1250/526 772/1219/526 801/1251/526
s 1
f 778/1241/520 776/1252/524 775/1253/527
f 774/1254/528 773/1255/528 787/1256/528 785/1257/528 783/1258/528 780/1259/528 777/1260/528
g Wine_Glass_cell.045_Wine_Glass_cell.044
v -0.033660 0.246689 0.034512
v -0.043780 0.231927 0.030134
v -0.024094 0.231909 0.036795
v -0.039887 0.231909 0.026242
v -0.024848 0.221151 0.038616
v -0.016917 0.225993 0.041781
v -0.024727 0.240243 0.038323
v -0.019339 0.245501 0.040438
v -0.044781 0.237404 0.030136
v -0.048448 0.233700 0.023634
v -0.041023 0.240004 0.027378
v -0.044861 0.235533 0.020067
v -0.043618 0.229298 0.019465
v -0.042101 0.224686 0.028455
v -0.031062 0.218056 0.033267
v -0.016479 0.217401 0.039051
v -0.022760 0.218438 0.033574
v -0.016119 0.231909 0.038381
v -0.024848 0.221151 0.038616
v -0.024848 0.221151 0.038616
v -0.024848 0.221151 0.038616
v -0.016917 0.225993 0.041781
v -0.024727 0.240243 0.038323
v -0.019339 0.245501 0.040438
v -0.044781 0.237404 0.030136
v -0.048448 0.233700 0.023634
v -0.016479 0.217401 0.039051
v -0.016479 0.217401 0.039051
v -0.016479 0.217401 0.039051
v -0.043780 0.231927 0.030134
v -0.033660 0.246689 0.034512
v -0.044861 0.235533 0.020067
v -0.041023 0.240004 0.027378
v -0.043618 0.229298 0.019465
v -0.042101 0.224686 0.028455
v -0.031062 0.218056 0.033267
v -0.022760 0.218438 0.033574
v -0.016119 0.231909 0.038381
vn -0.3918 0.0166 0.9199
vn -0.3758 -0.0171 0.9265
vn -0.6046 0.7866 -0.1253
vn -0.6863 -0.0670 -0.7242
vn -0.1986 -0.8950 0.3994
vn 0.9322 0.0774 0.3535
vn -0.8193 -0.2273 0.5263
vn -0.7567 -0.2609 0.5994
vn -0.8220 -0.1505 0.5492
vn -0.1944 -0.9808 0.0172
vn -0.5289 -0.3062 0.7915
vn -0.2580 -0.8073 -0.5308
vn -0.1857 -0.3062 0.9337
vn 0.1915 0.1910 -0.9627
vn 0.3307 0.1423 -0.9329
vn 0.3932 0.1156 -0.9121
vn 0.3680 0.2056 -0.9068
vn 0.5425 0.2133 -0.8125
vn 0.7001 0.0218 -0.7137
vn 0.6424 0.2129 -0.7362
vn 0.8772 -0.0305 -0.4792
vn 0.8171 0.2012 -0.5402
vn 0.4475 0.0967 -0.8890
vn 0.4108 0.0224 -0.9114
vn -0.7483 -0.6330 -0.1984
vt 0.881943 0.682971
vt 0.267306 0.214931
vt 0.310343 0.000000
vt 1.000000 0.075663
vt 1.000000 0.274536
vt 0.739956 0.739956
vt 0.274536 0.274536
vt 1.000000 0.000000
vt 1.000000 0.564791
vt 1.000000 0.789596
vt 1.000000 0.884399
vt 0.564791 0.564791
vt 0.012219 0.000000
vt 0.582482 0.485666
vt 0.885512 0.885512
vt 0.790858 0.790858
vt 1.000000 0.701540
vt 0.941541 0.000000
vt 0.976103 0.495161
vt 0.865648 0.865648
vt 0.889262 0.447839
vt 1.000000 0.689658
vt 0.857961 0.857961
vt 0.930920 0.453417
vt 0.730002 0.136296
vt 0.750571 0.143478
vt 0.749569 0.148785
vt 0.749996 0.136881
vt 0.732086 0.131611
vt 0.747084 0.121249
vt 0.538548 0.584102
vt 0.583177 0.562928
vt 0.580266 0.579462
vt 0.554300 0.592617
vt 0.520017 0.572938
vt 0.538013 0.592833
vt 0.520245 0.592749
vt 0.839919 0.533667
vt 0.837104 0.566480
vt 0.820525 0.565995
vt 0.821237 0.547394
vt 0.806082 0.532989
vt 0.821237 0.547394
vt 0.778606 0.565995
vt 0.777914 0.547929
vt 0.757458 0.563667
vt 0.763932 0.556098
vt 0.833878 0.596542
vt 0.819024 0.596183
vt 0.837104 0.566480
vt 0.779406 0.582082
vt 0.819024 0.596183
vt 0.800323 0.594442
vt 0.758245 0.566591
vt 0.779406 0.582083
vt 0.926869 0.510511
vt 0.839894 0.839894
vt 0.713844 0.713844
s 0
f 804/1261/529 821/1262/529 824/1263/529 826/1264/529 825/1265/529
f 804/1266/530 825/1267/530 833/1268/530 827/1269/530
f 834/1270/531 828/1271/531 827/1272/531 833/1273/531 813/1274/531
f 828/1275/532 834/1276/532 836/1277/532
f 830/1278/533 822/1279/533 817/1280/533 819/1281/533
f 826/1268/534 824/1282/534 829/1283/534 820/1284/534
s 1
f 812/1285/535 832/1286/536 811/1287/537
f 832/1288/536 812/1289/535 837/1290/538
f 807/1291/539 832/1292/536 837/1293/538 838/1294/540
f 808/1295/541 823/1296/541 831/1297/541
f 810/1298/542 840/1299/543 805/1300/544 809/1301/545
f 803/1302/546 809/1303/545 805/1300/544 806/1304/547 835/1305/548
f 815/1306/549 814/1307/550 835/1305/548 806/1304/547
f 818/1308/551 839/1309/552 805/1300/544 840/1310/543
f 837/1311/538 806/1304/547 805/1300/544 839/1312/552 838/1313/540
f 815/1314/549 806/1304/547 837/1315/538
s 0
f 816/1316/553 828/1317/553 836/1318/553
g Wine_Glass_cell.046_Wine_Glass_cell.045
v -0.006337 0.146957 -0.009264
v -0.000528 0.152415 -0.010226
v 0.002594 0.156346 -0.010754
v -0.009025 0.153832 -0.010673
v -0.005569 0.168421 -0.009775
v -0.009047 0.149146 -0.014575
v -0.001289 0.157768 -0.018262
v -0.005467 0.159800 -0.022436
v -0.008448 0.155877 -0.015385
v -0.005467 0.159800 -0.022436
v -0.008448 0.155877 -0.015385
v -0.000528 0.152415 -0.010226
v 0.002594 0.156346 -0.010754
v -0.009047 0.149146 -0.014575
v -0.009025 0.153832 -0.010673
v -0.001289 0.157768 -0.018262
vn 0.1459 0.0181 0.9891
vn -0.3905 0.0358 0.9199
vn -0.8968 -0.2805 0.3421
vn 0.5273 -0.6563 -0.5396
vn 0.7439 0.5730 -0.3439
vn 0.6660 -0.5901 -0.4562
vn 0.3233 -0.6101 -0.7233
vn 0.0814 -0.8525 -0.5163
vn -0.0160 -0.8714 -0.4903
vn 0.1014 -0.2247 -0.9691
vn 0.3554 -0.8726 -0.3352
vn 0.1455 0.6326 -0.7607
vn -0.9486 0.2820 -0.1439
vt 0.501815 0.287435
vt 0.236203 0.000000
vt 1.000000 0.047776
vt 1.000000 1.000000
vt 1.000000 0.129181
vt 0.067490 0.000000
vt 1.000000 0.257334
vt 0.414154 0.142514
vt 1.000000 0.371505
vt 0.313360 0.015702
vt 0.203024 0.000000
vt 1.000000 0.062545
vt 0.761218 0.593371
vt 0.523927 0.372714
vt 0.202270 0.558020
vt 0.209222 0.567165
vt 0.195196 0.564375
vt 0.187956 0.575210
vt 0.210682 0.574505
vt 0.204504 0.578633
vt 0.187956 0.572187
vt 0.209222 0.570980
vt 0.160429 0.808702
vt 0.157814 0.802058
vt 0.163050 0.801251
vt 1.000000 0.056780
vt 0.903483 0.903483
vt 0.253855 0.167844
vt 0.720959 0.062480
s 0
f 852/1319/554 853/1320/554 845/1321/554 841/1322/554
f 855/1323/555 841/1322/555 845/1324/555
f 854/1325/556 841/1322/556 855/1326/556
f 852/1327/557 841/1322/557 854/1328/557
f 848/1329/558 845/1330/558 853/1331/558 856/1332/558
s 1
f 843/1333/559 842/1334/560 847/1335/561
f 850/1336/562 844/1337/563 851/1338/564
f 850/1339/562 847/1335/561 842/1334/560 844/1340/563
f 844/1341/563 842/1342/560 846/1343/565
s 0
f 855/1344/566 845/1345/566 848/1346/566 849/1347/566
g Wine_Glass_cell.047_Wine_Glass_cell.046
v 0.024137 0.245532 0.033653
v 0.020749 0.218188 0.029030
v 0.039512 0.231909 0.010448
v 0.028959 0.231909 0.026242
v 0.044353 0.225136 0.002590
v 0.038317 0.220417 0.001506
v 0.040416 0.228723 0.001760
v 0.035875 0.217799 0.017431
v 0.036489 0.219265 0.009196
v 0.022094 0.231909 0.030829
v 0.034145 0.245954 0.023401
v 0.037107 0.246283 0.019084
v 0.041068 0.240394 0.011093
v 0.045590 0.237724 0.012088
v 0.041961 0.236134 0.002350
v 0.046441 0.231927 0.003289
v 0.029504 0.217489 0.026786
v 0.024021 0.225566 0.033574
v 0.029164 0.242760 0.028645
v 0.043233 0.231927 0.014598
v 0.038317 0.220417 0.001506
v 0.040416 0.228723 0.001760
v 0.034145 0.245954 0.023401
v 0.037107 0.246283 0.019084
v 0.041068 0.240394 0.011093
v 0.041961 0.236134 0.002350
v 0.044353 0.225136 0.002590
v 0.046441 0.231927 0.003289
v 0.035875 0.217799 0.017431
v 0.029504 0.217489 0.026786
v 0.029504 0.217489 0.026786
v 0.029504 0.217489 0.026786
v 0.029504 0.217489 0.026786
v 0.029504 0.217489 0.026786
v 0.024137 0.245532 0.033653
v 0.029164 0.242760 0.028645
v 0.036489 0.219265 0.009196
v 0.020749 0.218188 0.029030
v 0.020749 0.218188 0.029030
v 0.020749 0.218188 0.029030
v 0.022094 0.231909 0.030829
v 0.045590 0.237724 0.012088
v 0.024021 0.225566 0.033574
v 0.043233 0.231927 0.014598
vn 0.1903 -0.0181 -0.9816
vn -0.1837 0.9786 -0.0926
vn -0.8263 0.0071 0.5632
vn 0.5908 0.7334 -0.3361
vn 0.2314 0.0291 -0.9724
vn -0.1058 -0.9888 -0.1048
vn -0.8133 0.0024 0.5818
vn 0.7280 0.0698 0.6820
vn 0.8625 -0.4172 0.2863
vn 0.8328 -0.4764 0.2819
vn 0.9281 -0.2634 0.2633
vn 0.1614 -0.5684 0.8067
vn 0.8683 -0.3910 0.3053
vn -0.3129 -0.9413 -0.1269
vn -0.5110 -0.8218 0.2520
vn 0.7845 -0.5508 0.2850
vn -0.8078 0.1850 -0.5597
vn -0.8755 0.1943 -0.4425
vn -0.9169 0.1824 -0.3550
vn -0.6988 0.1427 -0.7009
vn -0.6963 0.2066 -0.6874
vn -0.4939 0.1373 -0.8586
vn -0.5808 0.2207 -0.7836
vn -0.9551 0.2294 -0.1878
vn -0.6789 0.0769 -0.7302
vn -0.3982 0.0522 -0.9158
vn -0.9617 0.2020 -0.1855
vn 0.7083 -0.0362 0.7050
vt 0.777950 0.000000
vt 1.000000 0.260920
vt 0.675481 0.000000
vt 0.344552 0.057086
vt 0.529313 0.000000
vt 1.000000 0.027187
vt 0.809898 0.017071
vt 0.497341 0.012417
vt 0.000000 0.000000
vt 1.000000 0.016438
vt 1.000000 0.166917
vt 1.000000 0.288179
vt 0.506773 0.117054
vt 0.506798 0.000000
vt 1.000000 0.222050
vt 0.686309 0.306214
vt 0.288179 0.288179
vt 0.298357 0.171544
vt 1.000000 0.000000
vt 1.000000 0.470687
vt 0.360009 0.208208
vt 0.444990 0.444990
vt 0.291161 0.000000
vt 0.346173 0.201143
vt 0.493202 0.000000
vt 1.000000 0.271702
vt 0.772039 0.772039
vt 0.340421 0.574777
vt 0.320726 0.574680
vt 0.336063 0.562698
vt 0.405550 0.576029
vt 0.406747 0.592975
vt 0.389255 0.591096
vt 0.389975 0.597141
vt 0.365296 0.601059
vt 0.347697 0.603312
vt 0.345752 0.573785
vt 0.329246 0.603458
vt 0.325313 0.591889
vt 0.321382 0.577750
vt 0.777281 0.155293
vt 0.760622 0.144547
vt 0.762686 0.126856
vt 0.801415 0.123557
vt 0.799174 0.144354
vt 0.788415 0.153656
vt 0.819637 0.123557
vt 0.810902 0.152016
vt 0.800622 0.142767
vt 0.007123 0.731311
vt 0.025540 0.737922
vt 0.026993 0.756520
vt 0.011135 0.759570
vt 0.766698 0.100783
vt 0.802940 0.095564
vt 0.802940 0.095564
vt 0.819906 0.097299
vt 0.819637 0.123557
vt 0.023598 0.721388
vt 0.024606 0.730800
vt 0.005059 0.712413
vt 1.000000 0.826401
vt 1.000000 1.000000
vt 0.291161 0.291161
vt 0.225040 0.012731
vt 1.000000 0.297504
s 0
f 883/1348/567 877/1349/567 878/1350/567
f 865/1351/568 885/1352/568 894/1353/568 888/1354/568
f 866/1355/569 895/1356/569 891/1357/569
f 884/1358/570 882/1359/570 881/1360/570 880/1356/570 898/1361/570
f 883/1362/571 878/1363/571 882/1364/571 884/1365/571
f 894/1366/572 885/1367/572 886/1368/572
f 891/1366/573 895/1369/573 899/1370/573
f 900/1371/574 898/1372/574 880/1366/574 879/1373/574 875/1374/574
s 1
f 876/1375/575 872/1376/576 870/1377/577
f 874/1378/578 896/1379/578 887/1380/578
f 889/1381/579 864/1382/579 893/1383/580 876/1384/575
f 862/1385/581 861/1386/582 872/1387/576 876/1375/575 893/1383/580
f 868/1388/583 869/1389/584 859/1390/585 860/1391/586 892/1392/587 867/1393/583
f 860/1391/586 897/1394/588 857/1395/589 892/1396/587
f 859/1397/585 863/1398/590 862/1399/581 893/1400/580
f 860/1391/586 859/1390/585 893/1401/580 890/1402/591
f 890/1403/591 858/1404/592 897/1405/588 860/1391/586
f 871/1406/593 863/1407/590 859/1397/585 869/1408/584
s 0
f 875/1409/594 891/1410/594 899/1411/594 873/1412/594 900/1413/594
g Wine_Glass_cell.048_Wine_Glass_cell.047
v -0.059868 0.008547 -0.030716
v -0.062008 0.003718 -0.031603
v -0.053888 0.008547 -0.039667
v -0.055789 0.003718 -0.040911
v -0.033846 0.003718 -0.026301
v -0.037323 0.014679 -0.028665
v -0.036840 0.003718 -0.017657
v -0.040515 0.015026 -0.020310
v -0.053733 0.003718 -0.018996
v -0.053657 0.011039 -0.020519
v -0.064304 0.003718 -0.020062
v -0.061836 0.008547 -0.020823
v -0.055789 0.003718 -0.040911
v -0.033846 0.003718 -0.026301
v -0.053888 0.008547 -0.039667
v -0.037323 0.014679 -0.028665
v -0.040515 0.015026 -0.020310
v -0.053657 0.011039 -0.020519
v -0.036840 0.003718 -0.017657
v -0.053733 0.003718 -0.018996
v -0.064304 0.003718 -0.020062
v -0.061836 0.008547 -0.020823
vn 0.5542 -0.0037 -0.8324
vn 0.8813 0.3537 0.3135
vn -0.0774 0.2038 0.9759
vn -0.0983 0.2037 0.9741
vn -0.7026 -0.5348 -0.4694
vn -0.8053 -0.4901 -0.3336
vn -0.6263 0.7358 -0.2577
vn -0.5463 0.7577 -0.3569
vn -0.6807 0.7200 -0.1354
vn -0.7877 -0.5958 -0.1567
vn -0.2890 0.9556 -0.0575
vn -0.2572 0.9579 -0.1278
vn -0.2467 0.9574 -0.1500
vn -0.0000 -1.0000 -0.0000
vt 0.778925 0.315561
vt 0.813513 0.305404
vt 1.000000 0.435828
vt 1.000000 0.537794
vt 0.537794 0.537794
vt 0.435828 0.435828
vt 0.494549 0.000000
vt 0.615499 0.000000
vt 0.430927 0.000000
vt 0.504208 0.000000
vt 0.582432 0.582432
vt 0.451681 0.451681
vt 0.504208 0.504208
vt 0.430927 0.430927
vt 0.745429 0.527154
vt 0.879637 0.596633
vt 0.440043 0.814880
vt 0.441987 0.837705
vt 0.432431 0.834864
vt 0.430562 0.812917
vt 0.823366 0.837515
vt 0.823968 0.858082
vt 0.813036 0.860922
vt 0.812334 0.836931
vt 0.023899 0.355959
vt 0.047371 0.376478
vt 0.000000 0.367056
vt 0.008519 0.346489
vt 0.046742 0.380826
vt 0.043885 0.390934
vt 0.000000 0.390812
vt 0.039072 0.226418
vt 0.057434 0.244781
vt 0.080259 0.254235
vt 0.145658 0.264949
vt 0.137712 0.264949
vt 0.087803 0.257360
s 0
f 913/1414/595 915/1415/595 916/1416/595 914/1417/595
f 914/1418/596 916/1419/596 917/1420/596 919/1421/596
f 918/1422/597 920/1423/597 919/1424/597 917/1425/597
f 920/1426/598 918/1427/598 922/1428/598 921/1429/598
s 1
f 904/1430/599 902/1431/600 901/1432/601 903/1433/602
f 912/1434/603 901/1435/601 902/1436/600 911/1437/604
f 910/1438/605 908/1439/606 901/1440/601 912/1441/603
f 908/1442/606 906/1443/607 903/1444/602 901/1440/601
f 911/1445/604 902/1446/600 904/1447/599 905/1448/608 907/1449/608 909/1450/608
g Wine_Glass_cell.049_Wine_Glass_cell.048
v -0.005464 0.327917 -0.050032
v -0.022981 0.327917 -0.050470
v -0.037061 0.327687 -0.041128
v 0.009376 0.327628 -0.047151
v 0.011400 0.308785 -0.051393
v -0.024732 0.309159 -0.054698
v -0.025632 0.308431 -0.049736
v -0.005464 0.309209 -0.054643
v -0.037522 0.307370 -0.042100
v -0.025632 0.308431 -0.049736
v -0.005464 0.309209 -0.054643
v -0.024732 0.309159 -0.054698
vn 0.1896 0.2349 -0.9533
vn -0.7955 0.1260 0.5928
vn -0.0362 0.9982 0.0476
vn -0.3345 0.1537 -0.9298
vn -0.2924 -0.0841 0.9526
vn 0.1193 -0.1084 0.9869
vn 0.7363 0.6725 0.0758
vn 0.0128 0.2290 -0.9733
vn 0.0030 -0.9895 -0.1446
vt 0.426765 0.350177
vt 0.392851 0.348707
vt 0.394885 0.307028
vt 0.432767 0.309702
vt 0.643187 0.355686
vt 0.680456 0.355687
vt 0.682427 0.394163
vt 0.675526 0.394685
vt 0.641690 0.397046
vt 0.452958 0.043811
vt 0.458190 0.001948
vt 0.489322 0.000599
vt 0.487179 0.045109
vt 0.913185 0.647181
vt 0.915170 0.689638
vt 0.881876 0.692474
vt 0.876056 0.649085
vt 0.716871 0.358788
vt 0.722304 0.396341
vt 0.401760 0.223067
vt 0.386888 0.000000
vt 0.402488 0.034557
s 1
f 923/1451/609 926/1452/609 927/1453/609 933/1454/609
f 925/1455/610 924/1456/611 934/1457/612 932/1458/613 931/1459/610
f 932/1460/613 924/1461/611 925/1462/610 931/1463/610
f 933/1464/614 923/1465/615 924/1466/611 932/1467/613
f 934/1457/612 924/1456/611 923/1468/615 933/1469/616
s 0
f 930/1470/617 929/1471/617 928/1472/617
g Wine_Glass_cell.050_Wine_Glass_cell.049
v -0.055526 0.231927 -0.028918
v -0.043780 0.231927 -0.046497
v -0.050440 0.231909 -0.026811
v -0.039887 0.231909 -0.042605
v -0.051327 0.245391 -0.038891
v -0.043865 0.245972 -0.041578
v -0.046758 0.244991 -0.045619
v -0.034362 0.245823 -0.049553
v -0.049136 0.218287 -0.030584
v -0.031072 0.218643 -0.044445
v -0.040512 0.217835 -0.043229
v -0.057048 0.235480 -0.024039
v -0.056404 0.238052 -0.029282
v -0.051976 0.240284 -0.027447
v -0.052526 0.237757 -0.022161
v -0.032591 0.231909 -0.047480
v -0.035589 0.231927 -0.051970
v -0.033775 0.221602 -0.049188
v -0.033211 0.237806 -0.048446
v -0.036383 0.240924 -0.053086
v -0.056564 0.229323 -0.019406
v -0.047529 0.219734 -0.025605
v -0.052469 0.231909 -0.016609
v -0.051327 0.245391 -0.038891
v -0.051327 0.245391 -0.038891
v -0.051327 0.245391 -0.038891
v -0.046758 0.244991 -0.045619
v -0.049136 0.218287 -0.030584
v -0.040512 0.217835 -0.043229
v -0.051976 0.240284 -0.027447
v -0.052526 0.237757 -0.022161
v -0.056404 0.238052 -0.029282
v -0.057048 0.235480 -0.024039
v -0.032591 0.231909 -0.047480
v -0.033211 0.237806 -0.048446
v -0.035589 0.231927 -0.051970
v -0.033775 0.221602 -0.049188
v -0.043865 0.245972 -0.041578
v -0.034362 0.245823 -0.049553
v -0.036383 0.240924 -0.053086
v -0.047529 0.219734 -0.025605
v -0.047529 0.219734 -0.025605
v -0.047529 0.219734 -0.025605
v -0.052469 0.231909 -0.016609
v -0.056564 0.229323 -0.019406
v -0.031072 0.218643 -0.044445
vn -0.1289 0.9809 -0.1459
vn -0.1328 -0.6233 0.7706
vn 0.2409 -0.9501 0.1983
vn -0.5289 0.7858 0.3206
vn -0.6134 0.4947 0.6157
vn 0.8457 -0.0087 -0.5336
vn 0.8266 0.0031 -0.5628
vn 0.8387 0.0454 -0.5427
vn -0.8868 -0.2949 -0.3558
vn -0.8655 -0.4482 -0.2237
vn -0.9688 -0.1777 -0.1728
vn -0.8876 -0.1626 -0.4309
vn -0.6907 -0.2617 -0.6741
vn -0.8220 -0.1505 -0.5492
vn -0.7455 -0.1371 -0.6523
vn -0.5256 -0.2739 -0.8054
vn -0.5843 -0.1086 -0.8042
vn -0.0725 -0.6427 0.7627
vn -0.3126 -0.9497 0.0189
vn -0.4507 -0.4307 -0.7819
vn -0.8367 -0.3395 -0.4298
vn -0.8268 -0.4210 -0.3731
vn 0.9048 0.2255 0.3611
vn 0.8402 0.3035 0.4493
vn 0.9627 0.1910 0.1915
vn 0.9568 0.2198 0.1903
vn 0.6648 0.1718 0.7270
vn 0.6925 0.2712 0.6685
vn 0.7439 0.3515 0.5684
vn 0.6009 0.1532 0.7845
vn 0.4759 0.1252 0.8705
vn 0.9137 0.1362 0.3829
vn -0.2169 0.8342 -0.5070
vt 1.000000 0.294947
vt 1.000000 0.331338
vt 0.714020 0.000000
vt 0.374410 0.000000
vt 0.960498 0.579679
vt 0.315860 0.000000
vt 1.000000 0.357927
vt 0.810477 0.120908
vt 1.000000 0.318910
vt 0.741023 0.102799
vt 1.000000 0.321142
vt 0.687963 0.102697
vt 0.562109 0.000000
vt 0.616171 0.000000
vt 0.828366 0.000000
vt 0.616171 0.616171
vt 0.562109 0.562109
vt 0.753845 0.000000
vt 1.000000 0.605841
vt 1.000000 0.642503
vt 0.747238 0.397654
vt 0.332664 0.000000
vt 0.366325 0.000000
vt 0.642503 0.642503
vt 0.605841 0.605841
vt 1.000000 0.599418
vt 0.635319 0.635319
vt 1.000000 0.101327
vt 1.000000 0.179393
vt 0.617120 0.136881
vt 0.640352 0.137114
vt 0.627024 0.144321
vt 0.615955 0.150242
vt 0.637419 0.559256
vt 0.594311 0.562928
vt 0.593146 0.549341
vt 0.614245 0.531144
vt 0.636558 0.530537
vt 0.659159 0.559256
vt 0.659070 0.539203
vt 0.658261 0.591280
vt 0.639409 0.591749
vt 0.659076 0.583063
vt 0.608080 0.593369
vt 0.599624 0.593102
vt 0.639409 0.591749
vt 0.639864 0.136216
vt 0.622433 0.108353
vt 0.533397 0.210247
vt 0.533850 0.191546
vt 0.544307 0.197350
vt 0.554613 0.210569
vt 0.491482 0.210836
vt 0.497802 0.179358
vt 0.513760 0.178345
vt 0.471530 0.180597
vt 0.489866 0.179983
vt 0.473600 0.211611
vt 0.471639 0.188622
vt 0.532424 0.237547
vt 0.553229 0.212671
vt 0.523360 0.239624
vt 0.493404 0.240953
vt 0.476000 0.232788
vt 0.493404 0.240953
vt 0.624023 0.321229
vt 0.820607 0.000000
vt 0.898673 0.000000
vt 0.331338 0.331338
s 0
f 972/1473/618 961/1474/618 958/1475/618
f 979/1476/619 977/1477/619 957/1478/619
f 962/1479/620 963/1480/620 976/1481/620
f 964/1482/621 959/1483/621 966/1484/621 967/1485/621 965/1486/621
f 957/1487/622 965/1488/622 967/1489/622 979/1490/622
f 970/1491/623 969/1492/623 968/1493/623 944/1494/623 971/1495/623
f 969/1496/624 970/1497/624 974/1498/624
f 969/1499/625 974/1500/625 942/1501/625
s 1
f 935/1502/626 955/1503/627 946/1504/628 947/1505/629
f 936/1506/630 935/1507/626 947/1508/629 960/1509/631 941/1510/632
f 951/1511/633 936/1506/630 941/1510/632 954/1512/634
f 980/1513/635 945/1514/636 936/1506/630 951/1511/633 952/1515/637
f 943/1516/638 956/1517/639 935/1507/626 936/1506/630 945/1518/636
f 955/1519/627 935/1502/626 956/1520/639
f 937/1521/640 948/1522/641 949/1523/642 978/1524/643
f 948/1522/641 937/1521/640 938/1525/644 940/1526/645 939/1527/646
f 973/1528/647 940/1529/645 938/1525/644 950/1530/648 953/1531/647
f 975/1532/649 937/1521/640 978/1533/643
f 937/1521/640 975/1534/649 945/1535/636 938/1525/644
f 980/1536/635 950/1530/648 938/1525/644 945/1537/636
s 0
f 972/1538/650 942/1539/650 974/1540/650 961/1541/650
g Wine_Glass_cell.051_Wine_Glass_cell.050
v 0.017268 0.168136 -0.008181
v 0.015537 0.168136 0.000518
v 0.012311 0.168421 -0.010396
v 0.027429 0.185193 -0.011381
v 0.029311 0.189247 -0.001539
v 0.012750 0.163693 -0.008181
v 0.007662 0.168421 -0.002440
v 0.020150 0.182259 0.009397
v 0.015162 0.171390 0.004716
v 0.022514 0.186584 0.003408
v 0.010616 0.162897 -0.001521
v 0.020150 0.182259 0.009397
v 0.015162 0.171390 0.004716
v 0.017268 0.168136 -0.008181
v 0.012311 0.168421 -0.010396
v 0.012311 0.168421 -0.010396
v 0.012311 0.168421 -0.010396
v 0.027429 0.185193 -0.011381
v 0.007662 0.168421 -0.002440
v 0.012750 0.163693 -0.008181
v 0.010616 0.162897 -0.001521
vn 0.3602 -0.3748 -0.8543
vn -0.8243 -0.3964 -0.4042
vn -0.6916 0.0063 0.7223
vn 0.3480 0.8982 0.2686
vn 0.7054 -0.6178 0.3474
vn 0.7834 -0.6210 -0.0236
vn 0.4760 0.8405 -0.2589
vn 0.6494 0.7335 -0.2006
vn 0.8382 -0.4737 0.2703
vn 0.4934 0.3262 0.8063
vn -0.6698 0.6699 -0.3202
vn -0.7024 0.6688 -0.2436
vn 0.6645 -0.7122 0.2262
vn 0.6818 -0.6932 -0.2337
vn 0.3617 -0.3678 -0.8567
vn -0.6293 -0.2121 0.7476
vt 0.159771 0.159771
vt 0.124532 0.124532
vt 1.000000 0.228525
vt 1.000000 0.403261
vt 0.761094 0.275522
vt 0.308452 0.000000
vt 0.595169 0.000000
vt 0.422958 0.000000
vt 1.000000 0.383339
vt 0.218840 0.000000
vt 0.367504 0.671433
vt 0.378567 0.705625
vt 0.360691 0.708416
vt 0.339869 0.673296
vt 0.350040 0.665299
vt 0.385783 0.704281
vt 0.367504 0.671433
vt 0.383583 0.674456
vt 0.053486 0.830460
vt 0.058969 0.874600
vt 0.044477 0.875024
vt 0.029681 0.833475
vt 0.040110 0.824546
vt 0.785244 0.035908
vt 0.803060 0.003461
vt 0.798293 0.030534
vt 0.228599 0.519869
vt 0.222762 0.532220
vt 0.210970 0.529648
vt 0.209025 0.519869
vt 0.202669 0.522502
vt 0.210970 0.529648
vt 0.422958 0.422958
vt 0.000000 0.000000
vt 0.099407 0.000000
vt 0.226306 0.531400
vt 0.235381 0.522678
s 0
f 981/1542/651 995/1543/651 998/1544/651
f 996/1545/652 986/1546/652 991/1547/652 999/1548/652
f 993/1549/653 992/1550/653 999/1551/653
s 1
f 990/1552/654 982/1553/655 994/1554/656 984/1555/657 985/1556/658
f 989/1557/659 982/1553/655 990/1558/654 988/1559/660
f 984/1560/657 983/1561/661 987/1562/662 990/1563/654 985/1564/658
f 990/1565/654 987/1566/662 988/1567/660
f 982/1568/655 1001/1569/663 1000/1570/664 994/1571/656
f 997/1572/665 994/1571/656 1000/1573/664
s 0
f 993/1574/666 999/1575/666 991/1576/666
s 1
f 1001/1577/663 982/1568/655 989/1578/659
g Wine_Glass_cell.052_Wine_Glass_cell.051
v 0.027249 0.231927 0.033878
v 0.030187 0.227706 0.030282
v 0.042935 0.241607 0.017696
v 0.037835 0.231927 0.022676
v 0.025283 0.245290 0.037638
v 0.034310 0.245213 0.031592
v 0.040662 0.245074 0.022047
v 0.027249 0.231927 0.033878
v 0.030187 0.227706 0.030282
v 0.042935 0.241607 0.017696
v 0.037835 0.231927 0.022676
v 0.034310 0.245213 0.031592
v 0.040662 0.245074 0.022047
v 0.025283 0.245290 0.037638
vn -0.7090 0.0946 -0.6988
vn -0.7667 0.1348 -0.6277
vn -0.0022 0.9999 -0.0161
vn 0.7004 -0.1799 0.6907
vn 0.7895 -0.1835 0.5857
vn 0.6993 -0.1798 0.6918
vn 0.5801 -0.1713 0.7963
vt 0.000000 0.000000
vt 1.000000 0.000000
vt 1.000000 0.632649
vt 0.643693 0.482701
vt 0.632649 0.632649
vt 0.199952 0.000000
vt 0.555841 0.346614
vt 0.995813 0.995813
vt 0.970643 0.505370
vt 0.386292 0.566234
vt 0.366831 0.569859
vt 0.347841 0.551953
vt 0.357048 0.542559
vt 0.381868 0.537629
vt 0.404324 0.542091
vt 0.399726 0.563323
s 0
f 1015/1579/667 1014/1580/667 1010/1581/667 1009/1582/667
f 1010/1583/668 1014/1579/668 1011/1584/668 1012/1585/668
f 1014/1580/669 1015/1586/669 1013/1587/669
s 1
f 1003/1588/670 1005/1589/671 1004/1590/671 1008/1591/671 1007/1592/672
f 1006/1593/673 1002/1594/673 1003/1588/670 1007/1592/672
g Wine_Glass_cell.053_Wine_Glass_cell.052
v -0.004443 0.144842 -0.007153
v -0.003964 0.139816 -0.007497
v -0.002916 0.145666 0.000508
v 0.004728 0.142529 -0.007011
v 0.003220 0.140826 -0.002017
v 0.002464 0.148404 -0.008181
v 0.000087 0.148524 -0.002630
v 0.004728 0.142529 -0.007011
v 0.003220 0.140826 -0.002017
v 0.002464 0.148404 -0.008181
v -0.002916 0.145666 0.000508
v 0.000087 0.148524 -0.002630
vn 0.3017 -0.9265 -0.2248
vn -0.9728 -0.1069 0.2054
vn -0.0039 -0.0765 -0.9971
vn -0.4727 0.8531 -0.2208
vn -0.6599 0.7496 0.0509
vn 0.7362 0.3532 0.5772
vn 0.8457 0.3832 0.3714
vn 0.8469 0.3968 0.3540
vn 0.7702 0.3557 0.5294
vn 0.5488 0.2860 0.7855
vn -0.3413 -0.7371 0.5833
vt 1.000000 0.000000
vt 1.000000 0.325080
vt 0.824039 0.000000
vt 0.000000 0.000000
vt 1.000000 1.000000
vt 0.569022 0.000000
vt 1.000000 0.370653
vt 0.569022 0.569022
vt 0.485794 0.000000
vt 0.448838 0.000000
vt 0.855947 0.825524
vt 0.179891 0.636813
vt 0.172258 0.636589
vt 0.174302 0.630678
vt 0.179390 0.647145
vt 0.188153 0.636813
vt 0.857234 0.550034
s 0
f 1017/1595/674 1023/1596/674 1024/1597/674
f 1026/1598/675 1016/1595/675 1017/1599/675
f 1016/1598/676 1025/1600/676 1023/1601/676 1017/1599/676
f 1025/1602/677 1016/1598/677 1027/1603/677
f 1027/1604/678 1016/1595/678 1026/1605/678
s 1
f 1022/1606/679 1019/1607/680 1021/1608/681
f 1019/1607/680 1022/1606/679 1020/1609/682
f 1020/1609/682 1022/1606/679 1018/1610/683
s 0
f 1026/1595/684 1017/1599/684 1024/1611/684
g Wine_Glass_cell.054_Wine_Glass_cell.053
v -0.003661 0.020211 -0.007393
v 0.004391 0.023130 -0.004099
v 0.020527 0.015239 0.017810
v 0.026967 0.015740 0.005252
v 0.024922 0.003718 -0.000821
v 0.030384 0.015151 -0.002138
v 0.032851 0.014745 -0.008575
v 0.028179 0.003718 -0.008760
v 0.025537 0.003718 -0.013261
v 0.019646 0.003718 -0.012331
v 0.025720 0.016606 -0.013480
v 0.005009 0.023130 -0.009157
v 0.001178 0.027161 -0.004087
v 0.003706 0.019995 0.010499
v 0.000933 0.023130 0.000127
v 0.014690 0.003718 0.019578
v 0.017621 0.014473 0.022740
v 0.006744 0.003718 0.018059
v 0.008182 0.016431 0.021409
v -0.002476 0.003718 -0.004332
v 0.026967 0.015740 0.005252
v 0.030384 0.015151 -0.002138
v 0.020527 0.015239 0.017810
v 0.024922 0.003718 -0.000821
v 0.028179 0.003718 -0.008760
v 0.025537 0.003718 -0.013261
v 0.019646 0.003718 -0.012331
v 0.025720 0.016606 -0.013480
v 0.005009 0.023130 -0.009157
v 0.003706 0.019995 0.010499
v 0.000933 0.023130 0.000127
v 0.014690 0.003718 0.019578
v 0.006744 0.003718 0.018059
v 0.017621 0.014473 0.022740
v 0.008182 0.016431 0.021409
v -0.002476 0.003718 -0.004332
v 0.032851 0.014745 -0.008575
v 0.004391 0.023130 -0.004099
v 0.001178 0.027161 -0.004087
vn 0.8356 -0.3553 0.4189
vn 0.8595 -0.3700 0.3527
vn 0.6731 -0.1376 -0.7266
vn -0.1559 -0.0145 -0.9877
vn -0.2602 -0.0796 -0.9623
vn -0.3468 0.5887 -0.7302
vn -0.6957 0.5389 0.4751
vn -0.1827 -0.2312 0.9556
vn -0.9247 0.0043 0.3808
vn 0.4298 0.8961 0.1104
vn 0.2891 0.9569 0.0280
vn 0.2885 0.9574 -0.0097
vn 0.4452 0.8952 0.0210
vn 0.2685 0.9573 0.1070
vn 0.2893 0.9557 0.0543
vn 0.2039 0.9574 0.2044
vn 0.1806 0.9570 0.2269
vn 0.7786 0.6203 0.0951
vn -0.0000 -1.0000 -0.0000
vt 1.000000 0.453168
vt 1.000000 0.557099
vt 0.803559 0.378008
vt 0.474290 0.064297
vt 0.409679 0.000000
vt 0.517361 0.000000
vt 0.972987 0.554534
vt 0.557099 0.557099
vt 0.453168 0.453168
vt 1.000000 0.453876
vt 0.553987 0.553987
vt 0.453876 0.453876
vt 0.460211 0.000000
vt 0.567035 0.000000
vt 0.567035 0.567035
vt 0.460211 0.460211
vt 1.000000 0.458059
vt 0.458059 0.458059
vt 0.750316 0.000000
vt 1.000000 0.000000
vt 0.935561 0.170258
vt 0.577176 0.577176
vt 0.146019 0.120627
vt 0.135041 0.135041
vt 0.000000 0.000000
vt 0.191936 0.191936
vt 0.602354 0.000000
vt 0.287887 0.082636
vt 0.253340 0.134033
vt 0.452662 0.452662
vt 0.334571 0.334571
vt 1.000000 0.051855
vt 1.000000 0.244527
vt 0.051855 0.051855
vt 0.397646 0.000000
vt 1.000000 0.248598
vt 0.244527 0.244527
vt 0.147034 0.405488
vt 0.197285 0.440108
vt 0.178186 0.440365
vt 0.145482 0.407040
vt 0.150549 0.397002
vt 0.203440 0.407522
vt 0.200651 0.425273
vt 0.197522 0.439222
vt 0.150549 0.387816
vt 0.207021 0.376583
vt 0.207502 0.370272
vt 0.207021 0.376583
vt 0.149385 0.385005
vt 0.167192 0.369373
vt 0.188782 0.354842
vt 0.140732 0.527487
vt 0.136954 0.520497
vt 0.141279 0.526719
vt 0.133255 0.000000
vt 0.124609 0.000000
vt 0.099331 0.002814
vt 0.082812 0.009656
vt 0.061156 0.018626
vt 0.110606 0.000000
vt 0.126243 0.000000
s 0
f 1051/1612/685 1049/1613/685 1048/1614/685 1050/1615/685 1061/1616/685 1059/1617/685
f 1064/1618/686 1049/1619/686 1051/1620/686 1052/1621/686
f 1064/1622/687 1052/1623/687 1053/1624/687 1055/1625/687
f 1055/1626/688 1053/1627/688 1054/1628/688
f 1054/1629/689 1063/1630/689 1028/1631/689 1056/1632/689 1055/1633/689
f 1066/1634/690 1056/1635/690 1028/1636/690
f 1066/1637/691 1028/1636/691 1057/1638/691 1058/1639/691 1029/1640/691
f 1059/1641/692 1061/1642/692 1062/1643/692 1060/1644/692
f 1062/1645/693 1057/1646/693 1028/1631/693 1063/1647/693 1060/1648/693
s 1
f 1065/1649/694 1034/1650/695 1038/1651/696 1039/1652/697
f 1065/1653/694 1031/1654/698 1033/1655/699 1034/1656/695
f 1065/1657/694 1030/1658/700 1031/1654/698
f 1044/1659/701 1030/1660/700 1065/1657/694 1042/1661/701 1041/1662/701 1046/1663/701
f 1040/1664/702 1065/1665/694 1039/1666/697
f 1035/1667/703 1032/1668/703 1043/1669/703 1045/1670/703 1047/1671/703 1037/1672/703 1036/1673/703
g Wine_Glass_cell.055_Wine_Glass_cell.054
v -0.005464 0.231927 0.046005
v -0.005464 0.231909 0.040500
v -0.014314 0.236346 0.039621
v -0.006402 0.253574 0.044613
v -0.001084 0.249670 0.043153
v 0.004364 0.245213 0.046112
v 0.004186 0.230554 0.043635
v 0.003142 0.230262 0.038362
v -0.005492 0.217740 0.041347
v -0.014087 0.218321 0.039828
v -0.014830 0.230075 0.043535
v -0.014837 0.246237 0.046361
v 0.003587 0.220412 0.040429
v 0.002398 0.218653 0.035506
v -0.014087 0.218321 0.039828
v -0.014830 0.230075 0.043535
v 0.004186 0.230554 0.043635
v 0.003587 0.220412 0.040429
v -0.014837 0.246237 0.046361
v -0.014314 0.236346 0.039621
v 0.004364 0.245213 0.046112
v 0.003142 0.230262 0.038362
v 0.002398 0.218653 0.035506
vn 0.9805 0.0211 -0.1953
vn -0.9920 0.0029 -0.1262
vn 0.9769 -0.0008 -0.2138
vn 0.4854 0.8692 0.0942
vn 0.0505 0.9878 0.1473
vn 0.0258 -0.1693 0.9852
vn 0.1595 -0.2324 0.9595
vn 0.4559 0.7808 0.4272
vn -0.3560 0.7943 0.4923
vn -0.1160 -0.1932 0.9743
vn -0.1654 -0.9690 -0.1836
vn -0.2993 -0.9474 0.1133
vn -0.6115 -0.6084 -0.5059
vn 0.2175 -0.4375 0.8725
vn -0.2144 0.1605 -0.9635
vn -0.0503 0.1387 -0.9891
vn -0.0190 0.1967 -0.9803
vt 0.603715 0.060183
vt 0.538337 0.538337
vt 0.557736 0.000000
vt 0.361046 0.361046
vt 0.423609 0.000000
vt 1.000000 0.000000
vt 0.924999 0.455939
vt 1.000000 0.392805
vt 1.000000 0.442264
vt 0.588229 0.000000
vt 0.628895 0.000000
vt 0.480644 0.523240
vt 0.492026 0.513098
vt 0.493409 0.559256
vt 0.473227 0.560975
vt 0.472091 0.531383
vt 0.493150 0.512240
vt 0.513716 0.530219
vt 0.514459 0.559256
vt 0.514745 0.563525
vt 0.512019 0.591128
vt 0.495412 0.591968
vt 0.477244 0.592702
vt 0.476219 0.587409
vt 0.864073 0.125324
vt 0.882063 0.126856
vt 0.887163 0.170558
vt 0.877278 0.163110
vt 0.867020 0.154915
vt 0.859254 0.567129
vt 0.841936 0.556707
vt 0.843787 0.532339
vt 0.864354 0.520445
vt 0.863649 0.121937
vt 0.861513 0.098129
vt 0.877759 0.098890
vt 0.838541 0.595943
vt 0.841260 0.566602
vt 0.854950 0.597439
s 0
f 1088/1674/704 1072/1675/704 1083/1676/704
f 1081/1677/705 1082/1678/705 1085/1679/705 1086/1680/705
f 1088/1681/706 1083/1682/706 1084/1683/706 1089/1684/706
s 1
f 1071/1685/707 1070/1686/708 1067/1687/709 1073/1688/710 1087/1689/711
f 1070/1690/708 1078/1691/712 1077/1692/713 1067/1687/709
f 1077/1693/713 1076/1694/714 1075/1695/715 1067/1687/709
f 1080/1696/716 1079/1697/717 1073/1688/710 1067/1687/709 1075/1695/715
f 1074/1698/718 1068/1699/719 1070/1700/708 1071/1701/707 1087/1702/711
f 1068/1703/719 1069/1704/720 1078/1705/712 1070/1706/708
f 1068/1699/719 1074/1707/718 1080/1708/716 1075/1709/715
f 1076/1710/714 1069/1711/720 1068/1703/719 1075/1712/715
g Wine_Glass_cell.056_Wine_Glass_cell.055
v 0.032605 0.203023 0.007587
v 0.023673 0.203023 0.020956
v 0.023958 0.197957 0.021241
v 0.016429 0.202035 0.029317
v 0.012578 0.205900 0.033612
v 0.015594 0.185826 0.012876
v 0.018369 0.185763 0.008649
v 0.026732 0.187278 0.005155
v 0.026883 0.191972 -0.000560
v 0.024751 0.208913 0.022033
v 0.022806 0.212852 0.024535
v 0.027777 0.213762 0.019720
v 0.033093 0.202667 0.012834
v 0.037150 0.207345 0.009470
v 0.037204 0.202667 0.001487
v 0.036553 0.213374 0.001208
v 0.018800 0.217212 0.028543
v 0.011530 0.211898 0.031778
v 0.007954 0.187616 0.024213
v 0.008685 0.196653 0.025978
v 0.010550 0.203023 0.029724
v 0.040745 0.216970 0.007263
v 0.037823 0.218465 0.001449
v 0.036067 0.217499 0.009021
v 0.023958 0.197957 0.021241
v 0.016429 0.202035 0.029317
v 0.024751 0.208913 0.022033
v 0.022806 0.212852 0.024535
v 0.033093 0.202667 0.012834
v 0.037150 0.207345 0.009470
v 0.027777 0.213762 0.019720
v 0.027777 0.213762 0.019720
v 0.018800 0.217212 0.028543
v 0.011530 0.211898 0.031778
v 0.008685 0.196653 0.025978
v 0.010550 0.203023 0.029724
v 0.010550 0.203023 0.029724
v 0.010550 0.203023 0.029724
v 0.036553 0.213374 0.001208
v 0.037823 0.218465 0.001449
v 0.037823 0.218465 0.001449
v 0.037823 0.218465 0.001449
v 0.036067 0.217499 0.009021
v 0.036067 0.217499 0.009021
v 0.036067 0.217499 0.009021
v 0.036067 0.217499 0.009021
v 0.012578 0.205900 0.033612
v 0.037204 0.202667 0.001487
v 0.007954 0.187616 0.024213
v 0.040745 0.216970 0.007263
vn 0.6038 -0.2425 0.7594
vn 0.2302 -0.0113 -0.9731
vn 0.5385 -0.2460 0.8059
vn -0.2816 -0.8168 -0.5035
vn 0.2382 0.9009 0.3629
vn 0.4831 -0.4964 -0.7213
vn 0.8085 -0.5305 0.2549
vn 0.0745 -0.7907 -0.6077
vn -0.0261 -0.2149 -0.9763
vn 0.5113 -0.6215 0.5935
vn -0.5130 -0.8156 -0.2678
vn -0.3558 -0.8156 -0.4563
vn -0.5953 -0.7935 0.1266
vn 0.4331 -0.5914 0.6802
vn 0.9624 -0.2328 0.1401
vn -0.9285 0.1429 -0.3428
vn -0.8341 0.3672 -0.4115
vn -0.8827 0.1887 -0.4303
vn -0.6671 0.3639 -0.6500
vn -0.7153 0.2468 -0.6538
vn -0.8059 0.2460 -0.5385
vn -0.6088 0.2421 -0.7555
vn -0.5882 0.3542 -0.7270
vn -0.5561 0.4725 -0.6837
vn 0.6902 -0.0367 0.7227
vn -0.8798 -0.0215 0.4748
vt 0.264136 0.183411
vt 0.273786 0.273786
vt 0.000000 0.000000
vt 0.177104 0.000000
vt 0.760180 0.328168
vt 0.792381 0.000000
vt 0.906060 0.000000
vt 0.689749 0.689749
vt 1.000000 0.000000
vt 1.000000 1.000000
vt 0.535764 0.535764
vt 0.144479 0.144479
vt 0.166254 0.000000
vt 0.852673 0.852673
vt 0.951185 0.697449
vt 1.000000 0.418627
vt 1.000000 0.833746
vt 0.340809 0.638275
vt 0.356008 0.635902
vt 0.366062 0.666975
vt 0.351550 0.661566
vt 0.366317 0.633982
vt 0.394309 0.638853
vt 0.392583 0.669484
vt 0.384984 0.670988
vt 0.417470 0.659089
vt 0.395966 0.668762
vt 0.416259 0.625352
vt 0.427145 0.621636
vt 0.341372 0.607118
vt 0.342534 0.608879
vt 0.353516 0.626129
vt 0.330700 0.607428
vt 0.027329 0.760890
vt 0.028398 0.772285
vt 0.030412 0.795455
vt 0.016289 0.795869
vt 0.011696 0.763515
vt 0.771852 0.067292
vt 0.804633 0.064500
vt 0.803977 0.076541
vt 0.789496 0.094372
vt 0.767259 0.097143
vt 0.810614 0.084594
vt 0.839463 0.064500
vt 0.840139 0.078211
vt 0.840185 0.082643
vt 0.818539 0.093393
vt 0.030412 0.795455
vt 0.036388 0.820824
vt 0.027923 0.828539
vt 0.799278 0.033203
vt 0.809553 0.032444
vt 0.783486 0.040028
vt 0.835938 0.037275
vt 0.838293 0.052626
vt 0.689749 0.000000
vt 1.000000 0.273786
vt 0.685643 0.168643
vt 0.735310 0.414064
vt 0.490879 0.279064
vt 0.144479 0.000000
vt 0.535764 0.000000
vt 0.759129 0.147363
vt 0.752514 0.359953
vt 0.727341 0.032617
vt 0.865427 0.645627
s 0
f 1126/1713/721 1093/1714/721 1123/1715/721 1136/1716/721
f 1104/1717/722 1128/1718/722 1129/1719/722
f 1100/1720/723 1122/1721/723 1123/1722/723
f 1121/1723/724 1135/1724/724 1139/1725/724
f 1130/1726/725 1132/1727/725 1121/1728/725 1139/1729/725
s 1
f 1137/1730/726 1118/1731/727 1097/1732/728 1098/1733/729
f 1097/1732/728 1118/1734/727 1114/1735/730 1095/1736/731 1096/1737/732
f 1138/1738/733 1095/1739/731 1114/1735/730 1115/1740/734 1127/1741/734
f 1111/1742/735 1134/1743/735 1119/1744/735 1118/1731/727 1137/1730/726 1112/1745/735
f 1131/1746/736 1105/1747/736 1137/1748/726 1090/1749/737 1133/1750/738
f 1090/1751/737 1091/1752/739 1116/1753/740 1120/1754/741 1133/1755/738
f 1117/1756/742 1116/1753/740 1091/1752/739 1125/1757/743 1094/1758/742 1107/1759/742 1106/1760/742
f 1090/1749/737 1137/1761/726 1098/1762/729 1097/1763/728
f 1096/1764/732 1095/1765/731 1091/1752/739 1090/1751/737 1097/1766/728
f 1091/1752/739 1095/1765/731 1138/1767/733 1124/1768/744 1125/1757/743
s 0
f 1100/1769/745 1123/1721/745 1093/1770/745 1092/1771/745 1102/1772/745 1103/1773/745 1113/1774/745 1101/1775/745 1099/1776/745
f 1109/1777/746 1108/1778/746 1110/1779/746
g Wine_Glass_cell.057_Wine_Glass_cell.056
v 0.049642 0.289662 -0.008181
v 0.041999 0.289274 0.011479
v 0.042304 0.297421 -0.016215
v 0.044230 0.289274 -0.016629
v 0.033224 0.294003 0.029331
v 0.029043 0.303022 0.024888
v 0.034114 0.306489 0.022621
v 0.037069 0.310928 0.009436
v 0.042598 0.300831 -0.010511
v 0.050273 0.284696 -0.008181
v 0.045269 0.276103 0.002388
v 0.041227 0.276526 0.022171
v 0.037119 0.281030 0.027309
v 0.031852 0.283690 0.027759
v 0.031367 0.289274 0.027391
v 0.043328 0.276312 0.012029
v 0.041227 0.276526 0.022171
v 0.037119 0.281030 0.027309
v 0.031367 0.289274 0.027391
v 0.029043 0.303022 0.024888
v 0.033224 0.294003 0.029331
v 0.031852 0.283690 0.027759
vn -0.7255 0.0027 0.6882
vn -0.3807 -0.8246 0.4186
vn 0.8398 0.2942 -0.4563
vn 0.8347 0.3450 -0.4292
vn 0.9264 0.3732 -0.0500
vn 0.9249 0.2812 -0.2559
vn 0.9082 0.3598 0.2138
vn 0.4907 -0.0464 -0.8701
vn 0.4906 -0.0464 -0.8701
vn -0.3641 -0.1383 -0.9210
vn 0.8832 0.1385 0.4481
vn -0.9413 -0.0329 -0.3360
vn 0.8350 0.1062 -0.5398
vn 0.8381 0.3252 0.4381
vn 0.7451 0.6653 0.0462
vn 0.0727 0.7677 -0.6367
vn -0.3296 0.5355 -0.7775
vn -0.8469 -0.1419 -0.5125
vn -0.8335 -0.2765 -0.4784
vt 0.295090 0.000000
vt 0.318679 0.000000
vt 1.000000 0.717555
vt 0.291229 0.000000
vt 1.000000 0.646030
vt 1.000000 0.673537
vt 0.285844 0.265816
vt 0.288170 0.281253
vt 0.276098 0.293770
vt 0.270707 0.264921
vt 0.309841 0.399751
vt 0.316787 0.450038
vt 0.273454 0.456804
vt 0.271968 0.427677
vt 0.310116 0.399591
vt 0.341074 0.407197
vt 0.353909 0.410734
vt 0.359369 0.432223
vt 0.361447 0.441720
vt 0.003822 0.604678
vt 0.044693 0.603482
vt 0.044426 0.615678
vt 0.022090 0.632897
vt 0.002058 0.633026
vt 0.283464 0.264200
vt 0.269703 0.253919
vt 0.356316 0.462176
vt 0.343928 0.474660
vt 0.321323 0.478240
vt 0.361447 0.441720
vt 0.363789 0.453668
vt 0.798894 0.254409
vt 0.799601 0.277633
vt 0.788703 0.284697
vt 0.765928 0.298515
vt 0.759385 0.249735
vt 0.797965 0.234089
vt 0.798406 0.246411
vt 0.757621 0.221197
vt 0.775699 0.219128
s 0
f 1154/1780/747 1160/1781/747 1159/1782/747
f 1156/1783/748 1157/1784/748 1153/1785/748
s 1
f 1143/1786/749 1142/1787/750 1148/1788/751 1140/1789/752
f 1147/1790/753 1141/1791/753 1140/1792/752 1148/1793/751
f 1147/1794/754 1146/1795/755 1145/1796/756 1144/1797/757 1158/1798/757 1141/1791/757
f 1141/1799/758 1140/1800/758 1149/1801/758 1150/1802/758 1155/1803/758
f 1143/1804/749 1140/1789/752 1149/1805/759
f 1152/1806/760 1151/1807/761 1155/1808/762 1141/1791/760 1158/1809/762 1161/1810/763
f 1158/1811/764 1145/1812/756 1146/1813/755 1147/1814/754 1141/1815/764
f 1161/1816/763 1158/1817/762 1141/1815/765 1155/1818/762 1151/1819/761
g Wine_Glass_cell.058_Wine_Glass_cell.057
v -0.009823 0.160700 -0.009838
v -0.015544 0.159800 -0.018262
v -0.026465 0.168136 -0.016881
v -0.021538 0.168136 -0.024255
v -0.014163 0.168136 -0.029183
v -0.006213 0.168421 -0.014568
v -0.006638 0.162348 -0.024794
v -0.009506 0.157556 -0.017940
v -0.007111 0.168421 -0.009379
v -0.011828 0.155346 -0.010878
v -0.019014 0.159800 -0.011731
v -0.023926 0.164844 -0.012816
v -0.014451 0.168421 -0.010900
v -0.031178 0.181622 -0.014581
v -0.033768 0.180622 -0.019905
v -0.026498 0.179217 -0.029216
v -0.016890 0.179392 -0.035766
v -0.009273 0.182938 -0.035285
v -0.006669 0.172826 -0.033642
v -0.006189 0.168136 -0.030769
v -0.023926 0.164844 -0.012816
v -0.014451 0.168421 -0.010900
v -0.019014 0.159800 -0.011731
v -0.007111 0.168421 -0.009379
v -0.006638 0.162348 -0.024794
v -0.009506 0.157556 -0.017940
v -0.006213 0.168421 -0.014568
v -0.011828 0.155346 -0.010878
v -0.006189 0.168136 -0.030769
vn 0.9247 -0.3398 0.1718
vn 0.9342 -0.3186 -0.1606
vn -0.2029 0.0130 0.9791
vn 0.9972 -0.0744 0.0027
vn -0.1891 -0.1186 0.9748
vn -0.4359 -0.7816 -0.4462
vn -0.2909 -0.8083 -0.5118
vn -0.4040 -0.8589 -0.3148
vn -0.8158 -0.5729 -0.0789
vn -0.9809 0.1068 0.1624
vn -0.0743 0.3087 0.9483
vn -0.8100 -0.0954 0.5785
vn 0.3543 0.0907 -0.9307
vn -0.5641 -0.6667 -0.4871
vn -0.2596 -0.4713 -0.8429
vn -0.2772 -0.4770 -0.8341
vn -0.4720 -0.5275 -0.7064
vn -0.0666 -0.3993 -0.9144
vn 0.3906 0.9110 0.1324
vn -0.0884 0.9957 0.0281
vn -0.2567 -0.7347 -0.6280
vn -0.1840 -0.7345 -0.6532
vn -0.5626 -0.7710 -0.2986
vt 0.484803 0.250405
vt 0.238024 0.000000
vt 0.737364 0.000000
vt 1.000000 0.144135
vt 1.000000 0.685191
vt 1.000000 0.000000
vt 0.685191 0.685191
vt 0.292647 0.000000
vt 1.000000 0.173997
vt 0.073971 0.073971
vt 0.000000 0.000000
vt 0.707353 0.000000
vt 1.000000 0.082080
vt 0.343126 0.326725
vt 0.262636 0.000000
vt 0.761976 0.000000
vt 0.827156 0.827156
vt 0.165942 0.000000
vt 0.201333 0.595231
vt 0.199430 0.582023
vt 0.209397 0.583163
vt 0.655686 0.000529
vt 0.662646 0.000326
vt 0.649778 0.026334
vt 0.645995 0.026992
vt 0.647942 0.683974
vt 0.650962 0.711030
vt 0.632878 0.712570
vt 0.625991 0.681196
vt 0.673604 0.683549
vt 0.670536 0.711030
vt 0.687112 0.712442
vt 0.691016 0.686171
vt 0.689755 0.701107
vt 0.521836 0.321400
vt 0.525849 0.322666
vt 0.522311 0.354838
vt 0.506627 0.355059
vt 0.502509 0.325328
vt 0.762950 0.789123
vt 0.749848 0.783696
vt 0.738757 0.772604
vt 0.732754 0.752448
vt 0.746065 0.779912
vt 0.761329 0.788451
vt 0.762783 0.789054
vt 0.666887 0.732807
vt 0.686783 0.713273
vt 0.678964 0.727084
vt 0.654611 0.732807
vt 0.643270 0.733773
vt 0.209025 0.618276
vt 0.216964 0.599929
vt 0.216558 0.618276
vt 0.212674 0.599929
vt 0.215772 0.584354
s 0
f 1187/1820/766 1186/1821/766 1188/1822/766 1185/1823/766 1189/1824/766
f 1162/1825/767 1189/1826/767 1185/1827/767
f 1182/1828/768 1184/1829/768 1162/1830/768 1185/1831/768 1183/1832/768
f 1181/1833/769 1188/1834/769 1186/1835/769
f 1189/1836/770 1162/1830/770 1184/1837/770
s 1
f 1163/1838/771 1169/1839/772 1171/1840/773
f 1164/1841/774 1173/1842/775 1175/1843/776 1176/1844/777
f 1177/1845/778 1165/1846/779 1164/1847/774 1176/1848/777
f 1178/1849/780 1166/1850/781 1165/1846/782 1177/1845/782
f 1190/1851/783 1166/1850/781 1178/1849/780 1179/1852/783 1180/1853/783
f 1176/1854/777 1175/1855/776 1173/1856/775 1165/1857/784 1177/1858/778
f 1190/1859/785 1166/1860/785 1165/1861/784 1173/1862/775 1174/1863/785 1170/1864/785 1167/1865/785
f 1169/1866/772 1166/1850/786 1190/1867/787 1168/1868/787
f 1163/1869/771 1165/1846/779 1166/1850/786 1169/1866/772
f 1172/1870/788 1164/1847/774 1165/1846/779 1163/1869/771
f 1164/1871/774 1172/1872/788 1173/1873/775
f 1172/1874/788 1163/1838/771 1171/1875/773
g Wine_Glass_cell.059_Wine_Glass_cell.058
v -0.005692 0.145399 -0.006364
v -0.005954 0.140409 -0.006095
v -0.009136 0.145817 0.000683
v -0.010751 0.149638 -0.003503
v -0.013133 0.142614 -0.001294
v -0.009136 0.145817 0.000683
v -0.010751 0.149638 -0.003503
v -0.013133 0.142614 -0.001294
vn 0.8977 -0.0235 0.4401
vn -0.5048 -0.0200 -0.8630
vn 0.7073 0.6364 0.3079
vn -0.5685 -0.0651 -0.8201
vn -0.6497 0.4196 0.6339
vn 0.2324 -0.7042 0.6709
vt 1.000000 0.000000
vt 1.000000 1.000000
vt 0.015185 0.000000
vt 0.000000 0.000000
vt 1.000000 0.333340
vt 1.000000 0.020695
vt 0.346638 0.301084
vt 0.841425 0.525956
vt 1.000000 0.273433
vt 0.911671 0.006706
vt 0.915363 0.015662
vt 0.906737 0.008309
vt 1.000000 0.750378
vt 0.639060 0.639060
s 0
f 1192/1876/789 1191/1877/789 1196/1878/789
f 1191/1877/790 1192/1879/790 1197/1880/790
f 1196/1881/791 1191/1877/791 1197/1882/791
f 1192/1877/792 1198/1883/792 1197/1884/792
s 1
f 1194/1885/793 1195/1886/793 1193/1887/793
s 0
f 1198/1888/794 1192/1877/794 1196/1889/794
g Wine_Glass_cell.060_Wine_Glass_cell.059
v -0.003927 0.022318 -0.011649
v 0.011449 0.003718 -0.026557
v 0.015465 0.017031 -0.030569
v -0.003810 0.003718 -0.011643
v -0.002128 0.026023 -0.016235
v 0.012554 0.003718 -0.032860
v 0.008339 0.015448 -0.041504
v 0.002214 0.003718 -0.042590
v 0.002944 0.014367 -0.046150
v 0.011449 0.003718 -0.026557
v -0.003810 0.003718 -0.011643
v 0.008339 0.015448 -0.041504
v 0.002944 0.014367 -0.046150
v 0.012554 0.003718 -0.032860
v 0.002214 0.003718 -0.042590
v 0.015465 0.017031 -0.030569
v -0.002128 0.026023 -0.016235
vn 0.7058 0.0641 0.7055
vn 0.9566 -0.2381 0.1678
vn 0.7393 -0.2066 -0.6409
vn -0.9797 0.0238 -0.1991
vn 0.1984 0.9307 -0.3073
vn 0.1533 0.9326 -0.3268
vn 0.1100 0.9323 -0.3446
vn 0.2381 0.9271 -0.2894
vn -0.0000 -1.0000 -0.0000
vt 0.857960 0.000000
vt 1.000000 0.000000
vt 1.000000 0.272948
vt 0.442744 0.442744
vt 0.293007 0.293007
vt 0.655633 0.655633
vt 0.497321 0.497321
vt 1.000000 0.561470
vt 0.550909 0.000000
vt 0.615551 0.288944
vt 0.697492 0.697492
vt 0.561470 0.561470
vt 0.454807 0.000000
vt 0.545193 0.000000
vt 1.000000 0.730431
vt 1.000000 1.000000
vt 0.886115 0.828865
vt 0.449091 0.000000
vt 0.122868 0.415498
vt 0.111931 0.470479
vt 0.096335 0.472389
vt 0.111931 0.470479
vt 0.129151 0.415498
vt 0.134282 0.467046
vt 0.094891 0.004653
vt 0.092593 0.005605
vt 0.062137 0.018220
vt 0.073396 0.013556
s 0
f 1215/1890/795 1199/1891/795 1209/1892/795 1208/1893/795 1214/1894/795
f 1214/1895/796 1208/1896/796 1212/1897/796
f 1211/1898/797 1210/1899/797 1214/1900/797 1212/1901/797 1213/1902/797
f 1213/1903/798 1209/1904/798 1199/1905/798 1215/1906/798 1211/1907/798
s 1
f 1203/1908/799 1205/1909/800 1207/1910/801
f 1205/1911/800 1203/1912/799 1201/1913/802
f 1204/1914/803 1200/1915/803 1202/1916/803 1206/1917/803
g Wine_Glass_cell.061_Wine_Glass_cell.060
v -0.006682 0.084219 -0.011122
v -0.008360 0.067049 -0.005286
v -0.008002 0.075943 -0.005604
v -0.003776 0.059107 -0.012363
v -0.004041 0.074777 -0.011578
v -0.007783 0.085837 -0.005862
v -0.008473 0.098447 -0.005572
v -0.008266 0.097329 -0.010983
v -0.008683 0.058434 -0.011401
v -0.008832 0.057945 -0.005138
v -0.008360 0.067049 -0.005286
v -0.008002 0.075943 -0.005604
v -0.004041 0.074777 -0.011578
v -0.003776 0.059107 -0.012363
v -0.008832 0.057945 -0.005138
v -0.007783 0.085837 -0.005862
v -0.007783 0.085837 -0.005862
v -0.007783 0.085837 -0.005862
v -0.006682 0.084219 -0.011122
v -0.006682 0.084219 -0.011122
v -0.006682 0.084219 -0.011122
v -0.008266 0.097329 -0.010983
v -0.008473 0.098447 -0.005572
v -0.008683 0.058434 -0.011401
vn 0.8290 -0.0195 0.5588
vn 0.9161 0.1108 0.3853
vn 0.9913 0.0860 0.0994
vn 0.1212 -0.9898 -0.0745
vn -0.9809 0.0716 -0.1810
vn -0.5627 0.0426 0.8256
vn 0.4670 0.0128 0.8842
vn -0.9992 0.0373 -0.0110
vn -0.7904 0.0480 -0.6106
vn -0.9209 0.0772 -0.3820
vn -0.1488 0.0316 -0.9884
vn -0.9854 -0.1021 -0.1363
vn -0.9982 -0.0540 -0.0270
vn -0.9957 -0.0693 -0.0617
vn -0.9787 -0.1164 -0.1690
vt 1.000000 0.339669
vt 1.000000 0.389493
vt 0.470241 0.199863
vt 0.000000 0.000000
vt 0.082220 0.000000
vt 0.980175 0.445033
vt 0.389493 0.389493
vt 0.339669 0.339669
vt 1.000000 0.407818
vt 0.949638 0.000000
vt 1.000000 0.045099
vt 0.447090 0.447090
vt 0.416102 0.401717
vt 0.917780 0.000000
vt 1.000000 0.000000
vt 0.950995 0.063828
vt 0.907502 0.151118
vt 0.908620 0.187856
vt 0.907982 0.168820
vt 0.218279 0.700437
vt 0.217869 0.716059
vt 0.214218 0.753901
vt 0.933796 0.129328
vt 0.934385 0.074250
vt 0.938019 0.073546
vt 0.157181 0.655524
vt 0.157660 0.624955
vt 0.158135 0.600047
vt 0.161658 0.599739
vt 0.936328 0.129112
vt 0.937302 0.158293
vt 0.934131 0.157990
vt 0.931054 0.129328
vt 0.930724 0.157571
vt 0.934385 0.074250
s 0
f 1228/1918/804 1227/1919/804 1226/1920/804 1230/1921/804 1229/1922/804
f 1232/1923/805 1227/1924/805 1228/1925/805 1235/1926/805
f 1237/1927/806 1238/1928/806 1233/1929/806 1236/1930/806
f 1229/1931/807 1230/1932/807 1239/1933/807
s 1
f 1221/1934/808 1217/1935/809 1218/1936/810
f 1225/1937/811 1217/1938/809 1221/1939/808
f 1221/1940/808 1224/1941/812 1225/1942/811
f 1216/1943/813 1220/1944/814 1219/1945/814 1224/1946/812
f 1231/1947/815 1222/1948/816 1223/1949/817
f 1234/1950/818 1231/1940/815 1223/1951/817
f 1224/1952/812 1221/1940/808 1216/1950/813
g Wine_Glass_cell.062_Wine_Glass_cell.061
v -0.021538 0.168136 0.007892
v -0.025395 0.171819 0.006236
v -0.027832 0.176920 0.008289
v -0.019869 0.168421 0.002418
v -0.016637 0.159800 0.000264
v -0.013623 0.168421 -0.001797
v -0.020737 0.173513 0.007092
v -0.013990 0.168421 0.007609
v -0.008653 0.168421 0.004418
v -0.011844 0.156622 -0.001801
v -0.006243 0.160058 0.006182
v -0.006105 0.168421 -0.004569
v -0.025395 0.171819 0.006236
v -0.027832 0.176920 0.008289
v -0.019869 0.168421 0.002418
v -0.013623 0.168421 -0.001797
v -0.020737 0.173513 0.007092
v -0.020737 0.173513 0.007092
v -0.020737 0.173513 0.007092
v -0.020737 0.173513 0.007092
v -0.020737 0.173513 0.007092
v -0.013990 0.168421 0.007609
v -0.013990 0.168421 0.007609
v -0.013990 0.168421 0.007609
v -0.013990 0.168421 0.007609
v -0.008653 0.168421 0.004418
v -0.021538 0.168136 0.007892
v -0.021538 0.168136 0.007892
v -0.021538 0.168136 0.007892
v -0.021538 0.168136 0.007892
v -0.016637 0.159800 0.000264
v -0.006243 0.160058 0.006182
v -0.011844 0.156622 -0.001801
v -0.006105 0.168421 -0.004569
vn 0.2401 -0.1778 -0.9543
vn -0.8214 -0.0813 -0.5645
vn 0.0237 -0.1391 0.9900
vn 0.2842 0.6810 -0.6748
vn -0.3778 -0.0566 -0.9242
vn 0.9123 0.3174 0.2586
vn 0.8033 -0.4750 -0.3592
vn -0.2893 -0.7887 0.5425
vn -0.2499 -0.6655 0.7033
vn -0.2536 -0.6770 0.6909
vn -0.0318 -0.1426 -0.9893
vn 0.0294 0.3853 -0.9223
vn -0.2254 -0.5908 0.7747
vn 0.9532 -0.0994 0.2855
vn 0.7346 0.6393 0.2273
vn 0.3237 0.9401 0.1069
vn -0.0071 0.9999 0.0081
vt 0.366440 0.000000
vt 0.179572 0.179572
vt 0.274453 0.000000
vt 0.366440 0.366440
vt 0.274453 0.274453
vt 0.388204 0.230002
vt 0.442012 0.000000
vt 0.783803 0.123479
vt 0.707055 0.501470
vt 1.000000 0.784282
vt 0.689340 0.689340
vt 0.000000 0.000000
vt 0.256242 0.000000
vt 0.302888 0.284072
vt 1.000000 0.000000
vt 1.000000 0.689339
vt 0.917734 0.431999
vt 0.888179 0.222909
vt 0.911950 0.000000
vt 1.000000 0.076444
vt 1.000000 0.557988
vt 0.114674 0.000000
vt 0.256242 0.256242
vt 0.678147 0.000000
vt 0.911950 0.911950
vt 0.091608 0.000000
vt 0.681209 0.000000
vt 0.239121 0.573112
vt 0.249668 0.575210
vt 0.244971 0.586551
vt 0.791723 0.710417
vt 0.790266 0.698688
vt 0.803281 0.710417
vt 0.781896 0.690071
vt 0.784809 0.705063
vt 0.783455 0.698883
vt 0.534218 0.733773
vt 0.522877 0.732807
vt 0.525196 0.718966
vt 0.544610 0.712570
vt 0.786130 0.710581
vt 0.761371 0.788469
vt 0.747619 0.781467
vt 0.736440 0.767011
vt 0.738757 0.772604
vt 0.746930 0.780777
vt 0.757711 0.786953
s 0
f 1267/1953/819 1252/1954/819 1258/1955/819
f 1268/1956/820 1259/1957/820 1254/1958/820 1255/1959/820 1270/1960/820
f 1256/1961/821 1253/1962/821 1252/1963/821 1271/1964/821 1265/1965/821 1261/1966/821
f 1271/1967/822 1252/1968/822 1267/1969/822 1262/1970/822
f 1272/1971/823 1270/1972/823 1255/1973/823 1273/1974/823
f 1265/1975/824 1271/1964/824 1273/1976/824
f 1272/1977/825 1273/1978/825 1271/1979/825
s 1
f 1249/1980/826 1250/1981/827 1244/1982/828
f 1266/1983/829 1257/1984/829 1264/1985/829
f 1242/1986/830 1260/1987/830 1241/1988/830
f 1244/1989/828 1250/1990/827 1263/1991/831 1269/1992/831
f 1246/1984/832 1240/1983/833 1243/1993/834
f 1251/1994/835 1245/1995/835 1243/1996/834 1240/1997/833 1247/1998/835 1248/1999/835
g Wine_Glass_cell.063_Wine_Glass_cell.062
v 0.046541 0.246156 -0.018775
v 0.044598 0.231927 -0.028918
v 0.034770 0.246216 -0.047541
v 0.045675 0.230595 -0.021307
v 0.042967 0.226543 -0.028242
v 0.039512 0.231927 -0.036528
v 0.048730 0.238945 -0.013618
v 0.046557 0.245593 -0.029729
v 0.042967 0.226543 -0.028242
v 0.039512 0.231927 -0.036528
v 0.045675 0.230595 -0.021307
v 0.034770 0.246216 -0.047541
v 0.046541 0.246156 -0.018775
v 0.048730 0.238945 -0.013618
v 0.046557 0.245593 -0.029729
vn -0.9273 -0.0198 0.3737
vn -0.9255 -0.0101 0.3787
vn 0.8220 -0.1505 -0.5492
vn 0.9266 -0.1103 -0.3596
vn 0.9097 -0.2024 -0.3625
vn 0.8175 -0.1823 -0.5463
vn 0.9863 -0.0645 -0.1515
vn 0.9790 -0.1249 -0.1609
vn 0.8794 -0.3116 -0.3600
vn 0.1290 0.9903 -0.0507
vt 0.718995 0.338180
vt 1.000000 0.478314
vt 0.991989 0.991989
vt 0.731802 0.515608
vt 1.000000 0.000000
vt 1.000000 1.000000
vt 0.523649 0.369789
vt 0.760436 0.000000
vt 0.347639 0.167040
vt 0.304183 0.165841
vt 0.307202 0.136072
vt 0.325871 0.135788
vt 0.280623 0.152774
vt 0.291663 0.136950
vt 0.304183 0.165841
vt 0.287373 0.167265
vt 0.270276 0.596088
vt 0.264949 0.585180
vt 0.278064 0.586533
vt 0.309530 0.124479
vt 0.036013 0.000000
vt 0.420778 0.350981
s 0
f 1282/2000/836 1284/2001/836 1285/2002/836 1283/2003/836
f 1286/2004/837 1285/2005/837 1284/2006/837 1287/2007/837
s 1
f 1276/2008/838 1288/2009/839 1275/2010/840 1279/2011/841
f 1280/2012/842 1277/2013/843 1275/2010/840 1288/2014/839 1274/2015/842
f 1278/2016/844 1275/2017/840 1277/2018/843
f 1275/2010/840 1278/2019/844 1279/2011/841
s 0
f 1285/2005/845 1286/2020/845 1281/2021/845
g Wine_Glass_cell.064_Wine_Glass_cell.063
v -0.059190 0.274860 0.001220
v -0.056375 0.289662 -0.029270
v -0.056838 0.289274 -0.008181
v -0.057258 0.295921 0.000794
v -0.056254 0.306024 -0.006550
v -0.057682 0.289662 -0.022701
v -0.058600 0.280356 -0.024034
v -0.056963 0.284658 -0.029513
v -0.048509 0.288048 -0.034695
v -0.059251 0.267535 -0.008181
v -0.055127 0.289274 0.000422
v -0.054466 0.307818 0.000238
v -0.049449 0.306858 -0.032229
v -0.048942 0.306780 -0.026190
v -0.046794 0.296516 -0.040657
v -0.041683 0.298555 -0.040632
v -0.042645 0.302922 -0.044107
v -0.057682 0.289662 -0.022701
v -0.058600 0.280356 -0.024034
v -0.056963 0.284658 -0.029513
v -0.057258 0.295921 0.000794
v -0.054466 0.307818 0.000238
v -0.059190 0.274860 0.001220
v -0.059251 0.267535 -0.008181
v -0.056254 0.306024 -0.006550
v -0.056254 0.306024 -0.006550
v -0.056254 0.306024 -0.006550
v -0.055127 0.289274 0.000422
v -0.048942 0.306780 -0.026190
v -0.049449 0.306858 -0.032229
vn -0.9939 0.0899 -0.0636
vn -0.9968 0.0802 0.0031
vn -0.0708 -0.7742 -0.6290
vn 0.1818 0.0033 0.9833
vn 0.0561 -0.9983 -0.0176
vn -0.9373 0.2558 -0.2366
vn -0.9240 0.2913 -0.2476
vn -0.8774 0.3915 -0.2772
vn -0.2980 -0.9438 0.1426
vn -0.8401 0.1295 -0.5268
vn -0.8095 -0.5062 -0.2975
vn -0.9732 0.1238 -0.1936
vn -0.5499 0.1049 -0.8286
vn 0.9839 -0.1768 -0.0249
vn 0.9895 -0.1447 -0.0036
vn 0.9892 -0.1461 -0.0070
vn 0.9872 -0.1019 -0.1227
vn 0.9797 -0.1780 0.0928
vn 0.9524 -0.2498 0.1748
vn 0.9971 -0.0663 0.0372
vn 0.8085 -0.2295 0.5419
vn 0.1299 0.9810 -0.1439
vn 0.9936 -0.1116 0.0183
vn -0.9539 0.2327 0.1897
vt 1.000000 1.000000
vt 0.000000 0.000000
vt 1.000000 0.235792
vt 1.000000 0.540644
vt 0.235792 0.235792
vt 0.269102 0.000000
vt 0.781742 0.305713
vt 0.423411 0.303909
vt 0.540644 0.540644
vt 0.965296 0.000000
vt 1.000000 0.366718
vt 0.948007 0.948007
vt 0.944073 0.552127
vt 0.909355 0.909355
vt 0.322119 0.322119
vt 0.635986 0.432781
vt 0.615993 0.263861
vt 0.629647 0.263461
vt 0.660862 0.303649
vt 0.621269 0.303251
vt 0.610409 0.436420
vt 0.593184 0.437888
vt 0.598460 0.401414
vt 0.609522 0.401379
vt 0.636570 0.407113
vt 0.634222 0.410069
vt 0.624728 0.421204
vt 0.629647 0.263461
vt 0.615213 0.252762
vt 0.626367 0.242875
vt 0.592404 0.448455
vt 0.590179 0.117971
vt 0.577285 0.131665
vt 0.573659 0.084168
vt 0.587360 0.084943
vt 0.532776 0.083547
vt 0.530387 0.045698
vt 0.567622 0.044868
vt 0.491485 0.059250
vt 0.491934 0.049906
vt 0.512609 0.083830
vt 0.503810 0.073917
vt 0.580061 0.046102
vt 0.587360 0.084943
vt 0.567621 0.044868
vt 0.577251 0.131695
vt 0.533255 0.096871
vt 0.680685 0.303224
vt 0.665222 0.299206
vt 0.680685 0.276589
s 0
f 1298/2022/846 1311/2023/846 1309/2024/846
f 1307/2025/847 1298/2022/847 1309/2026/847 1313/2027/847 1306/2028/847
f 1308/2029/848 1298/2022/848 1307/2030/848
f 1310/2031/849 1309/2032/849 1311/2033/849 1299/2034/849
f 1314/2035/850 1301/2036/850 1302/2037/850
s 1
f 1290/2038/851 1294/2039/852 1293/2040/853 1317/2041/853
f 1297/2042/854 1290/2043/855 1317/2044/855 1318/2045/855 1305/2046/856 1304/2047/854 1303/2048/854
f 1294/2049/852 1290/2038/851 1296/2050/857 1295/2051/857
f 1290/2043/858 1297/2042/858 1296/2052/858
f 1289/2053/859 1312/2054/860 1291/2055/861 1316/2056/862
f 1291/2055/861 1290/2057/863 1317/2058/864 1315/2059/865
f 1304/2060/854 1305/2061/856 1317/2058/866 1290/2057/866 1297/2062/854 1303/2063/854
f 1300/2064/867 1316/2065/862 1291/2055/861 1315/2066/865
f 1312/2067/860 1296/2068/868 1290/2057/863 1291/2055/861
f 1300/2069/867 1315/2070/865 1292/2071/869
g Wine_Glass_cell.065_Wine_Glass_cell.064
v 0.048793 0.261185 -0.030655
v 0.044440 0.249071 -0.019155
v 0.049553 0.252436 -0.020008
v 0.046775 0.261187 -0.019503
v 0.048324 0.281689 -0.019904
v 0.043820 0.284602 -0.021294
v 0.033223 0.265588 -0.045617
v 0.042895 0.280540 -0.028212
v 0.036553 0.261185 -0.048973
v 0.035633 0.252999 -0.048108
v 0.032135 0.249786 -0.044114
v 0.041605 0.248672 -0.029551
v 0.046885 0.247878 -0.029865
v 0.048192 0.248072 -0.023443
v 0.033223 0.265588 -0.045617
v 0.042895 0.280540 -0.028212
v 0.036553 0.261185 -0.048973
v 0.036553 0.261185 -0.048973
v 0.035633 0.252999 -0.048108
v 0.032135 0.249786 -0.044114
v 0.032135 0.249786 -0.044114
v 0.032135 0.249786 -0.044114
v 0.041605 0.248672 -0.029551
v 0.046885 0.247878 -0.029865
v 0.048192 0.248072 -0.023443
v 0.046775 0.261187 -0.019503
v 0.046775 0.261187 -0.019503
v 0.048324 0.281689 -0.019904
v 0.043820 0.284602 -0.021294
v 0.044440 0.249071 -0.019155
v 0.044440 0.249071 -0.019155
v 0.044440 0.249071 -0.019155
v 0.049553 0.252436 -0.020008
vn -0.2714 0.0393 0.9617
vn 0.2005 0.6853 -0.7001
vn 0.7629 -0.3216 -0.5608
vn 0.9336 -0.2002 -0.2972
vn 0.9370 -0.1963 -0.2889
vn 0.9987 -0.0506 0.0114
vn 0.7911 0.3078 -0.5286
vn 0.7680 0.0951 -0.6333
vn 0.9610 0.1763 -0.2131
vn -0.0795 -0.1142 -0.9903
vn -0.8608 0.4331 0.2672
vn -0.7263 0.4761 0.4957
vn -0.8508 0.4385 0.2897
vn -0.9318 0.3619 0.0286
vn -0.6891 -0.4130 0.5955
vn 0.1670 -0.0039 0.9859
vn -0.7588 0.0165 -0.6511
vn -0.1531 -0.9870 0.0480
vn -0.9792 -0.2025 -0.0136
vt 1.000000 0.559581
vt 1.000000 0.594706
vt 0.323084 0.138240
vt 1.000000 0.688084
vt 1.000000 0.716848
vt 0.463580 0.373845
vt 0.346191 0.171576
vt 0.346550 0.181305
vt 0.345671 0.199124
vt 0.300739 0.199807
vt 0.303678 0.170818
vt 0.284255 0.200739
vt 0.286543 0.181659
vt 0.287690 0.172411
vt 0.293390 0.171820
vt 0.345738 0.209839
vt 0.303341 0.246115
vt 0.289061 0.258924
vt 0.287763 0.246201
vt 0.090273 0.664837
vt 0.131826 0.666053
vt 0.128399 0.691425
vt 0.089199 0.692886
vt 0.068826 0.664837
vt 0.084332 0.692742
vt 0.068714 0.691844
vt 0.131826 0.666053
vt 0.089348 0.622562
vt 0.131185 0.656427
vt 0.376753 0.209520
vt 0.000000 0.000000
vt 0.065501 0.000000
vt 1.000000 0.724468
vt 0.799813 0.684149
vt 1.000000 0.693627
vt 0.625634 0.625634
vt 0.006622 0.000000
vt 0.810605 0.755989
vt 1.000000 0.957424
vt 1.000000 1.000000
vt 0.073975 0.613689
s 0
f 1346/2072/870 1324/2073/870 1344/2074/870
f 1336/2075/871 1333/2076/871 1334/2077/871
s 1
f 1339/2078/872 1337/2079/872 1335/2080/872 1319/2081/873 1342/2082/874
f 1342/2082/874 1319/2081/873 1345/2083/875 1351/2084/875 1349/2085/875 1343/2086/875
f 1319/2081/876 1335/2087/876 1326/2088/876
f 1347/2089/877 1323/2090/878 1345/2083/878 1319/2081/878 1326/2088/879
f 1319/2091/880 1335/2092/881 1338/2093/881 1341/2094/882
f 1345/2095/883 1319/2091/880 1341/2096/882 1348/2097/883
f 1335/2098/884 1319/2091/884 1326/2099/884 1325/2100/884
s 0
f 1322/2101/885 1320/2102/885 1321/2103/885
f 1340/2104/886 1327/2105/886 1328/2106/886
f 1330/2107/887 1329/2108/887 1331/2109/887 1332/2110/887 1350/2111/887
s 1
f 1319/2091/888 1345/2095/888 1347/2112/877 1326/2099/879
g Wine_Glass_cell.066_Wine_Glass_cell.065
v -0.008641 0.024578 -0.006295
v -0.009461 0.055701 -0.005869
v -0.013243 0.026603 -0.005431
v -0.010899 0.033402 -0.005930
v -0.013243 0.026603 -0.005431
v -0.009461 0.055701 -0.005869
v -0.010899 0.033402 -0.005930
vn 0.1810 -0.0087 0.9834
vn -0.1447 0.0039 -0.9895
vn -0.2625 0.0196 -0.9647
vt 1.000000 0.914571
vt 1.000000 1.000000
vt 0.019831 0.000000
vt 1.000000 0.000000
vt 0.933487 0.794496
vt 0.938689 0.686135
vt 0.215042 0.689860
vt 0.215380 0.641621
vt 0.218164 0.634087
s 0
f 1356/2113/889 1352/2114/889 1357/2115/889
f 1357/2116/890 1352/2114/890 1356/2117/890 1358/2118/890
s 1
f 1353/2119/891 1355/2120/891 1354/2121/891
g Wine_Glass_cell.067_Wine_Glass_cell.066
v 0.019084 0.218469 0.030154
v 0.015272 0.231927 0.041880
v 0.013166 0.231909 0.036795
v 0.005333 0.226103 0.041947
v 0.005671 0.231927 0.043790
v 0.004336 0.225447 0.036879
v 0.004625 0.231909 0.038493
v 0.005087 0.245766 0.041151
v 0.021644 0.245710 0.034360
v 0.016018 0.244489 0.043682
v 0.020240 0.231909 0.032068
v 0.010965 0.214172 0.036915
v 0.004901 0.217868 0.039333
v 0.023586 0.243558 0.038455
v 0.022872 0.231927 0.036802
v 0.004336 0.225447 0.036879
v 0.004625 0.231909 0.038493
v 0.005333 0.226103 0.041947
v 0.005671 0.231927 0.043790
v 0.005087 0.245766 0.041151
v 0.021644 0.245710 0.034360
v 0.020240 0.231909 0.032068
v 0.004901 0.217868 0.039333
v 0.023586 0.243558 0.038455
v 0.022872 0.231927 0.036802
v 0.016018 0.244489 0.043682
v 0.019084 0.218469 0.030154
vn -0.9811 -0.0044 0.1936
vn 0.8976 -0.0164 -0.4405
vn 0.8476 0.0233 -0.5301
vn -0.9809 -0.0102 0.1943
vn 0.5492 -0.1505 0.8220
vn -0.1460 0.7478 0.6477
vn 0.3578 -0.2190 0.9078
vn 0.5911 -0.2862 0.7541
vn 0.1004 0.9875 -0.1217
vn 0.0801 -0.1396 0.9870
vn 0.1378 -0.9855 -0.0985
vn 0.1857 -0.3062 0.9337
vn 0.1082 -0.9941 -0.0011
vn -0.1143 -0.8818 -0.4576
vn -0.7144 0.3300 -0.6171
vn -0.6735 0.2225 -0.7049
vn -0.3951 0.2136 -0.8935
vn -0.0496 0.1642 -0.9852
vn -0.1598 -0.0116 -0.9871
vn 0.3266 0.8915 0.3139
vt 0.287842 0.000000
vt 0.342702 0.000000
vt 0.550836 0.163509
vt 1.000000 0.578587
vt 0.515982 0.183035
vt 0.042213 0.042213
vt 0.000000 0.000000
vt 1.000000 0.023594
vt 0.532633 0.024693
vt 1.000000 1.000000
vt 0.574424 0.000000
vt 0.687489 0.687489
vt 1.000000 0.657298
vt 1.000000 0.712158
vt 0.410243 0.532501
vt 0.425773 0.529725
vt 0.428441 0.557101
vt 0.410219 0.561049
vt 0.468719 0.532402
vt 0.470262 0.561228
vt 0.450301 0.562928
vt 0.447911 0.535061
vt 0.457824 0.605649
vt 0.471785 0.574597
vt 0.473847 0.593508
vt 0.410219 0.561049
vt 0.426726 0.597614
vt 0.411346 0.592067
vt 0.844488 0.151519
vt 0.824791 0.152146
vt 0.824559 0.123557
vt 0.843334 0.123557
vt 0.861088 0.125069
vt 0.863500 0.153878
vt 0.841398 0.088038
vt 0.824354 0.096618
vt 0.846019 0.089886
vt 0.857995 0.097451
vt 0.859639 0.111795
vt 1.000000 0.042213
vt 0.763088 0.205120
vt 1.000000 0.000000
s 0
f 1374/2122/892 1376/2123/892 1377/2124/892 1378/2125/892 1375/2126/892
f 1379/2127/893 1382/2128/893 1385/2129/893 1380/2130/893
f 1385/2131/894 1382/2128/894 1383/2132/894
f 1371/2133/895 1376/2134/895 1374/2135/895
s 1
f 1372/2136/896 1384/2137/897 1360/2138/898 1373/2139/899
f 1366/2140/900 1363/2141/901 1360/2142/898 1384/2143/897
f 1370/2144/902 1360/2142/898 1363/2141/901 1362/2145/903 1381/2146/904
f 1373/2147/899 1360/2138/898 1370/2148/902 1359/2149/905
f 1384/2150/897 1367/2151/906 1369/2152/907 1361/2153/908
f 1361/2153/908 1365/2154/909 1366/2155/900 1384/2150/897
f 1370/2156/902 1361/2153/908 1369/2152/907 1359/2157/905
f 1365/2154/909 1361/2153/908 1370/2158/902 1381/2159/904 1364/2160/910
s 0
f 1379/2161/911 1368/2162/911 1382/2163/911
g Wine_Glass_cell.068_Wine_Glass_cell.067
v 0.048940 0.008547 0.014353
v 0.036175 0.008547 0.033458
v 0.051080 0.003718 0.015240
v 0.037813 0.003718 0.035096
v 0.026581 0.003718 0.037651
v 0.027868 0.008547 0.039008
v 0.016327 0.003718 0.021040
v 0.019138 0.013875 0.024061
v 0.021919 0.014644 0.019202
v 0.028793 0.015142 0.006008
v 0.026840 0.003718 0.000217
v 0.032101 0.014565 -0.001032
v 0.030752 0.003718 -0.006870
v 0.035074 0.014015 -0.006838
v 0.042393 0.011815 -0.007051
v 0.037843 0.003718 -0.007047
v 0.055508 0.003718 -0.007019
v 0.053193 0.008547 -0.007030
v 0.027868 0.008547 0.039008
v 0.019138 0.013875 0.024061
v 0.026581 0.003718 0.037651
v 0.016327 0.003718 0.021040
v 0.026840 0.003718 0.000217
v 0.021919 0.014644 0.019202
v 0.028793 0.015142 0.006008
v 0.032101 0.014565 -0.001032
v 0.035074 0.014015 -0.006838
v 0.030752 0.003718 -0.006870
v 0.042393 0.011815 -0.007051
v 0.037843 0.003718 -0.007047
v 0.055508 0.003718 -0.007019
v 0.053193 0.008547 -0.007030
vn -0.8483 0.0790 0.5236
vn -0.8342 0.3561 -0.4212
vn -0.8214 0.3462 -0.4534
vn -0.0250 0.0135 -0.9996
vn 0.0016 -0.0014 -1.0000
vn 0.2301 -0.7997 0.5546
vn 0.5300 -0.5513 0.6443
vn 0.4776 0.6673 0.5715
vn 0.3404 0.5900 0.7322
vn 0.8053 -0.4901 0.3336
vn 0.6263 0.7351 0.2594
vn 0.8589 -0.4828 0.1708
vn 0.6715 0.7289 0.1336
vn 0.2890 0.9556 0.0575
vn 0.2665 0.9572 0.1131
vn 0.2124 0.9571 0.1970
vn 0.1637 0.9556 0.2450
vn -0.0000 -1.0000 -0.0000
vt 0.644941 0.591923
vt 1.000000 0.366034
vt 1.000000 0.472254
vt 0.620114 0.620114
vt 1.000000 0.542897
vt 0.472254 0.472254
vt 0.366034 0.366034
vt 0.486936 0.375251
vt 0.819870 0.415308
vt 1.000000 0.444646
vt 0.444646 0.444646
vt 0.452030 0.000000
vt 0.545800 0.000000
vt 0.542897 0.542897
vt 1.000000 0.547970
vt 0.545440 0.000000
vt 0.608924 0.000000
vt 1.000000 0.454200
vt 0.608933 0.424092
vt 0.608924 0.608924
vt 0.545440 0.545440
vt 0.571066 0.438839
vt 0.824617 0.834417
vt 0.823968 0.812232
vt 0.834953 0.811235
vt 0.835549 0.831605
vt 0.823968 0.759531
vt 0.834953 0.760528
vt 0.825322 0.713257
vt 0.836254 0.716076
vt 0.203494 0.439649
vt 0.205157 0.425349
vt 0.207719 0.408373
vt 0.254921 0.417762
vt 0.236508 0.462215
vt 0.216663 0.449012
vt 0.211282 0.375736
vt 0.254921 0.367056
vt 0.246483 0.346686
vt 0.212136 0.363409
vt 0.242931 0.055584
vt 0.207515 0.020168
vt 0.158825 0.000000
vt 0.129012 0.000000
vt 0.102734 0.001404
vt 0.129700 0.000000
vt 0.140082 0.000000
vt 0.158934 0.000045
s 0
f 1404/2164/912 1405/2165/912 1407/2166/912 1406/2167/912
f 1408/2168/913 1407/2169/913 1405/2170/913 1409/2171/913 1410/2172/913 1411/2173/913
f 1411/2174/914 1412/2175/914 1413/2176/914 1408/2177/914
f 1412/2178/915 1414/2179/915 1415/2180/915 1413/2181/915
f 1416/2182/916 1415/2183/916 1414/2184/916 1417/2185/916
s 1
f 1390/2186/917 1389/2187/918 1387/2188/919 1391/2189/920
f 1388/2190/921 1386/2191/922 1387/2188/919 1389/2187/918
f 1386/2191/922 1388/2190/921 1402/2192/923 1403/2193/924
f 1399/2194/925 1397/2195/925 1395/2196/926 1386/2197/922 1403/2198/924 1400/2199/925
f 1394/2200/927 1387/2201/919 1386/2197/922 1395/2196/926
f 1391/2202/920 1387/2201/919 1394/2200/927 1393/2203/928
f 1402/2204/923 1388/2205/921 1389/2206/918 1390/2207/917 1392/2208/929 1396/2209/929 1398/2210/929 1401/2211/929
g Wine_Glass_cell.069_Wine_Glass_cell.068
v -0.005261 0.132202 -0.005871
v -0.004725 0.123221 -0.006219
v -0.001541 0.126517 0.001289
v -0.006831 0.128673 0.002100
v -0.005633 0.118255 -0.001441
v -0.000657 0.120766 -0.002157
v -0.006831 0.128673 0.002100
v -0.005633 0.118255 -0.001441
v -0.001541 0.126517 0.001289
v -0.000657 0.120766 -0.002157
vn -0.9768 -0.0408 -0.2104
vn 0.3961 0.8082 0.4358
vn -0.9707 -0.0488 -0.2353
vn 0.8670 0.2010 -0.4559
vn 0.3428 -0.4435 0.8281
vn 0.1092 -0.3603 0.9264
vn 0.2089 -0.3986 0.8930
vn 0.0146 -0.3203 0.9472
vn 0.2536 -0.6944 -0.6735
vt 0.089126 0.089126
vt 0.000000 0.000000
vt 0.337868 0.000000
vt 0.931053 0.000000
vt 1.000000 0.000000
vt 0.984259 0.125063
vt 1.000000 0.662132
vt 1.000000 1.000000
vt 0.943417 0.000000
vt 0.924417 0.600945
vt 0.189395 0.689751
vt 0.196591 0.679160
vt 0.192905 0.694494
vt 0.894716 0.073656
vt 0.891030 0.057096
vt 0.899185 0.056401
vt 0.257431 0.257431
vt 0.101923 0.000000
s 0
f 1424/2212/930 1418/2213/930 1425/2214/930
f 1426/2215/931 1418/2216/931 1424/2217/931
f 1419/2213/932 1425/2218/932 1418/2219/932
f 1427/2220/933 1419/2216/933 1418/2219/933 1426/2221/933
s 1
f 1423/2222/934 1420/2223/935 1422/2224/936
f 1422/2225/936 1420/2226/935 1421/2227/937
s 0
f 1425/2228/938 1419/2213/938 1427/2229/938
g Wine_Glass_cell.070_Wine_Glass_cell.069
v 0.026902 0.327917 -0.040548
v 0.032961 0.326325 -0.025248
v 0.037122 0.308486 -0.026782
v 0.027434 0.308950 -0.041080
v 0.014756 0.308520 -0.049676
v 0.012449 0.327917 -0.045579
vn 0.4427 0.1396 -0.8858
vn 0.6863 0.1456 -0.7126
vn 0.6935 0.1456 -0.7055
vn 0.8784 0.1377 -0.4578
vt 0.386833 0.306243
vt 0.385492 0.348531
vt 0.350958 0.348045
vt 0.349603 0.306781
vt 0.316753 0.348566
vt 0.311299 0.306235
s 1
f 1432/2230/939 1433/2231/939 1428/2232/940 1431/2233/941
f 1428/2232/940 1429/2234/942 1430/2235/942 1431/2233/941
g Wine_Glass_cell.071_Wine_Glass_cell.070
v -0.004118 0.131982 -0.008207
v -0.004153 0.123776 -0.008228
v 0.004787 0.126517 -0.008181
v -0.002355 0.126020 -0.017605
v 0.001633 0.121758 -0.012121
v 0.000687 0.120948 -0.003428
v 0.002329 0.126517 -0.001748
v 0.001982 0.128516 -0.015628
v 0.004560 0.130797 -0.004029
v 0.001633 0.121758 -0.012121
v -0.002355 0.126020 -0.017605
v 0.000687 0.120948 -0.003428
v 0.002329 0.126517 -0.001748
v 0.001982 0.128516 -0.015628
v 0.004560 0.130797 -0.004029
v 0.004787 0.126517 -0.008181
vn -0.4833 -0.8259 -0.2904
vn -0.4024 -0.9064 -0.1284
vn -0.7067 -0.0013 0.7075
vn -0.2126 0.8066 -0.5516
vn 0.1145 0.9925 0.0438
vn 0.5227 0.8519 0.0317
vn 0.8662 -0.4073 -0.2896
vn 0.5615 -0.4039 -0.7222
vn 0.7134 -0.3515 -0.6062
vn 0.9156 -0.3986 0.0539
vn 0.8806 -0.4079 0.2413
vn 0.8566 -0.4884 0.1666
vn 0.8955 -0.2846 0.3421
vn -0.9823 0.0047 -0.1873
vt 1.000000 0.685481
vt 1.000000 1.000000
vt 0.387000 0.312667
vt 1.000000 0.923214
vt 0.991419 0.921588
vt 0.913784 0.000000
vt 1.000000 0.000000
vt 0.934068 0.934068
vt 0.804700 0.804700
vt 0.000000 0.000000
vt 0.435050 0.386201
vt 1.000000 0.916953
vt 0.923652 0.923652
vt 0.978417 0.912438
vt 1.000000 0.921955
vt 0.916953 0.916953
vt 0.151624 0.739585
vt 0.150908 0.747528
vt 0.142752 0.747723
vt 0.145424 0.736861
vt 0.136508 0.748131
vt 0.174391 0.691384
vt 0.171453 0.679160
vt 0.179608 0.679399
vt 0.175487 0.691473
vt 0.179350 0.670070
vt 1.000000 0.225461
s 0
f 1443/2236/943 1435/2237/943 1444/2238/943
f 1445/2239/944 1435/2237/944 1443/2240/944
f 1446/2241/945 1434/2242/945 1435/2237/945 1445/2243/945
f 1444/2244/946 1434/2245/946 1447/2246/946
f 1449/2247/947 1434/2237/947 1446/2248/947 1448/2249/947
f 1447/2250/948 1434/2237/948 1449/2251/948
s 1
f 1438/2252/949 1437/2253/950 1441/2254/951
f 1438/2255/949 1441/2254/951 1436/2256/952
f 1438/2257/949 1436/2258/952 1440/2259/953 1439/2260/954
f 1440/2259/953 1436/2258/952 1442/2261/955
s 0
f 1444/2262/956 1435/2237/956 1434/2245/956
g Wine_Glass_cell.072_Wine_Glass_cell.071
v -0.002932 0.137856 -0.007996
v 0.004721 0.136460 -0.002869
v 0.006146 0.136217 -0.008181
v 0.004971 0.141548 -0.009371
v 0.004721 0.136460 -0.002869
v 0.006146 0.136217 -0.008181
v 0.004971 0.141548 -0.009371
vn -0.1778 -0.9841 -0.0026
vn -0.0614 -0.2303 -0.9712
vn -0.2553 0.7662 0.5897
vn 0.9357 0.2595 0.2390
vt 1.000000 0.000000
vt 0.981595 0.068793
vt 0.922525 0.000000
vt 0.000000 0.000000
vt 0.135712 0.061467
vt 0.083245 0.083245
vt 1.000000 0.600451
vt 1.000000 1.000000
vt 0.855934 0.785441
vt 0.169787 0.657985
vt 0.169609 0.655716
vt 0.179015 0.657940
s 0
f 1450/2263/957 1455/2264/957 1454/2265/957
f 1450/2266/958 1456/2267/958 1455/2268/958
f 1456/2269/959 1450/2270/959 1454/2271/959
s 1
f 1452/2272/960 1453/2273/960 1451/2274/960
g Wine_Glass_cell.073_Wine_Glass_cell.072
v -0.026200 0.231927 -0.058243
v -0.024094 0.231909 -0.053158
v -0.026436 0.246711 -0.055057
v -0.033115 0.246794 -0.050614
v -0.005791 0.223533 -0.059550
v -0.005245 0.226708 -0.055474
v -0.005355 0.209857 -0.055109
v -0.005469 0.231909 -0.056862
v -0.006485 0.242091 -0.063742
v -0.006212 0.231927 -0.062219
v -0.006034 0.247858 -0.059915
v -0.026978 0.245019 -0.060120
v -0.034045 0.245562 -0.055498
v -0.031906 0.218033 -0.049056
v -0.031452 0.231909 -0.048241
v -0.034469 0.231927 -0.052718
v -0.005464 0.205886 -0.050128
v -0.010797 0.206672 -0.053025
v -0.023800 0.212798 -0.052448
v -0.006485 0.242091 -0.063742
v -0.006485 0.242091 -0.063742
v -0.006485 0.242091 -0.063742
v -0.006212 0.231927 -0.062219
v -0.005791 0.223533 -0.059550
v -0.026978 0.245019 -0.060120
v -0.026978 0.245019 -0.060120
v -0.026978 0.245019 -0.060120
v -0.034045 0.245562 -0.055498
v -0.031906 0.218033 -0.049056
v -0.034469 0.231927 -0.052718
v -0.033115 0.246794 -0.050614
v -0.033115 0.246794 -0.050614
v -0.033115 0.246794 -0.050614
v -0.026436 0.246711 -0.055057
v -0.005245 0.226708 -0.055474
v -0.005355 0.209857 -0.055109
v -0.005469 0.231909 -0.056862
v -0.006034 0.247858 -0.059915
v -0.031452 0.231909 -0.048241
vn 0.9920 -0.0092 -0.1258
vn 0.9905 0.0060 -0.1374
vn -0.0671 0.5554 -0.8289
vn -0.8293 -0.0046 0.5589
vn -0.7269 -0.1154 -0.6770
vn -0.5020 -0.1383 -0.8537
vn -0.4234 -0.2310 -0.8760
vn -0.6353 -0.2129 -0.7424
vn -0.1929 -0.1505 -0.9696
vn -0.1831 -0.2388 -0.9537
vn -0.1717 -0.3260 -0.9296
vn 0.6166 -0.2733 -0.7383
vn 0.7934 -0.3243 0.5150
vn -0.4949 -0.8334 0.2459
vn -0.3957 -0.9059 0.1506
vn -0.2055 -0.9539 0.2185
vn 0.3808 0.1723 0.9085
vn 0.1321 0.2270 0.9649
vn 0.1871 0.3327 0.9243
vn 0.4703 0.2822 0.8361
vn 0.6122 0.0994 0.7845
vn 0.9960 0.0122 0.0882
vn -0.1292 0.9564 -0.2619
vn 0.7273 0.1994 0.6568
vt 0.503534 0.148001
vt 1.000000 0.612854
vt 1.000000 0.654818
vt 1.000000 0.617500
vt 0.761675 0.640693
vt 0.654818 0.654818
vt 0.612854 0.612854
vt 0.791874 0.585096
vt 0.924048 0.924048
vt 0.991683 0.327502
vt 0.999526 0.999526
vt 0.855236 0.476139
vt 0.980178 0.980178
vt 0.821644 0.502205
vt 0.707884 0.000000
vt 0.661947 0.528607
vt 0.666317 0.528865
vt 0.684954 0.530075
vt 0.684079 0.559256
vt 0.662131 0.559256
vt 0.726998 0.540200
vt 0.725631 0.562795
vt 0.725631 0.562795
vt 0.723131 0.582037
vt 0.719635 0.605815
vt 0.716116 0.625799
vt 0.705946 0.619653
vt 0.681378 0.603362
vt 0.662345 0.591293
vt 0.662131 0.559256
vt 0.681378 0.603362
vt 0.873500 0.482542
vt 0.912218 0.479244
vt 0.910471 0.502899
vt 0.909681 0.512381
vt 0.869922 0.513209
vt 0.459083 0.252873
vt 0.452773 0.212513
vt 0.470807 0.211732
vt 0.473893 0.241441
vt 0.912218 0.479244
vt 0.879243 0.445226
vt 0.904100 0.431613
vt 0.915128 0.426040
vt 0.916378 0.425732
vt 0.915790 0.437912
vt 0.913300 0.468611
vt 0.912243 0.478979
vt 0.914841 0.210687
vt 0.963233 0.000000
vt 1.000000 0.000000
vt 1.000000 0.290920
vt 0.470807 0.211732
vt 0.448734 0.179808
vt 0.451695 0.179472
vt 0.468501 0.183589
s 0
f 1492/2275/961 1480/2276/961 1491/2277/961
f 1476/2278/962 1464/2279/962 1491/2280/962 1480/2281/962 1479/2282/962
f 1477/2283/963 1482/2284/963 1494/2285/963
f 1471/2286/964 1489/2287/964 1486/2288/964 1485/2289/964
s 1
f 1488/2290/965 1484/2291/965 1481/2292/966 1457/2293/967 1472/2294/968
f 1478/2295/969 1466/2296/970 1457/2293/967 1481/2292/966
f 1457/2293/967 1466/2297/970 1461/2298/971 1463/2299/972 1473/2300/973 1474/2301/974 1475/2302/975
f 1470/2303/976 1472/2304/968 1457/2293/967 1475/2305/975
f 1458/2306/977 1493/2307/978 1465/2308/979 1467/2309/979 1468/2310/980
f 1475/2311/975 1458/2312/977 1495/2313/981 1470/2314/976
f 1493/2315/978 1458/2306/977 1475/2316/975 1474/2317/974 1473/2318/973
f 1473/2319/973 1463/2320/972 1462/2321/982 1493/2322/978
s 0
f 1483/2323/983 1469/2324/983 1487/2325/983 1490/2326/983
s 1
f 1495/2327/981 1458/2312/977 1468/2328/980 1459/2329/984 1460/2330/984
g Wine_Glass_cell.074_Wine_Glass_cell.073
v -0.046990 0.261185 0.033345
v -0.050984 0.274448 0.024391
v -0.045144 0.281720 0.031498
v -0.036822 0.287579 0.036180
v -0.052441 0.261185 0.025188
v -0.050423 0.244657 0.023680
v -0.049280 0.235378 0.022849
v -0.045333 0.238224 0.020304
v -0.044681 0.240137 0.031035
v -0.034441 0.248735 0.033819
v -0.041357 0.242381 0.027711
v -0.037195 0.250719 0.037974
v -0.038202 0.261185 0.039217
v -0.037178 0.279668 0.037129
v -0.050423 0.244657 0.023680
v -0.049280 0.235378 0.022849
v -0.034441 0.248735 0.033819
v -0.041357 0.242381 0.027711
v -0.044681 0.240137 0.031035
v -0.045333 0.238224 0.020304
v -0.037195 0.250719 0.037974
v -0.038202 0.261185 0.039217
vn -0.5459 0.0078 -0.8378
vn 0.5767 -0.7727 0.2652
vn -0.5492 -0.1505 0.8220
vn -0.6987 -0.1534 0.6987
vn -0.7585 -0.1528 0.6336
vn -0.6271 0.6244 -0.4657
vn -0.9200 0.3886 -0.0519
vn -0.8220 -0.1505 0.5492
vn -0.5513 0.1238 0.8251
vn -0.6436 0.1258 0.7550
vn -0.7015 0.1261 0.7015
vn -0.8251 0.1238 0.5513
vn 0.5301 0.3876 -0.7542
vn 0.4405 0.4136 -0.7968
vn 0.5592 0.3778 -0.7379
vn 0.6142 0.3574 -0.7036
vn 0.8368 0.0155 0.5473
vt 0.331521 0.331521
vt 0.756768 0.000000
vt 0.845451 0.000000
vt 0.963229 0.000000
vt 1.000000 0.000000
vt 0.987106 0.464107
vt 0.845451 0.845451
vt 0.756768 0.756768
vt 0.886474 0.418846
vt 0.565548 0.519436
vt 0.567193 0.496189
vt 0.588744 0.498025
vt 0.581499 0.541822
vt 0.755563 0.200701
vt 0.735560 0.200116
vt 0.733165 0.164086
vt 0.731858 0.143860
vt 0.751558 0.154790
vt 0.565877 0.457290
vt 0.565513 0.440659
vt 0.585543 0.454659
vt 0.735560 0.200116
vt 0.752361 0.246246
vt 0.734462 0.229561
vt 0.776104 0.500654
vt 0.797517 0.500654
vt 0.797891 0.528443
vt 0.777711 0.542624
vt 0.760080 0.534154
vt 0.757879 0.501188
vt 0.761333 0.552391
vt 0.365255 0.166025
vt 0.000000 0.000000
vt 0.036771 0.000000
s 0
f 1501/2331/985 1515/2332/985 1511/2333/985
f 1512/2334/986 1507/2335/986 1514/2336/986 1511/2337/986 1515/2338/986 1513/2339/986
s 1
f 1516/2340/987 1517/2341/987 1496/2342/988 1504/2343/989
f 1496/2344/988 1500/2345/990 1510/2346/991 1502/2347/992 1504/2348/989
f 1509/2349/993 1499/2350/993 1498/2351/994 1496/2342/995 1517/2341/993
f 1500/2352/996 1496/2344/995 1498/2353/994 1497/2354/996
f 1496/2355/997 1517/2356/998 1505/2357/998 1506/2358/999
f 1510/2359/991 1500/2360/990 1496/2355/997 1506/2358/999 1503/2361/1000
s 0
f 1508/2362/1001 1507/2363/1001 1512/2364/1001
g Wine_Glass_cell.075_Wine_Glass_cell.074
v -0.005464 0.202667 0.036410
v -0.013607 0.210303 0.037294
v -0.012738 0.202667 0.034963
v -0.014133 0.215527 0.038903
v -0.005464 0.216073 0.040806
v 0.003694 0.216227 0.039035
v 0.011740 0.210256 0.035476
v 0.010623 0.202667 0.033210
v 0.006094 0.187273 0.024366
v 0.000540 0.186772 0.025153
v -0.009030 0.186730 0.025612
vn 0.1272 -0.5408 0.8315
vn 0.1600 -0.4183 0.8941
vn -0.0006 -0.4236 0.9058
vn 0.0647 -0.5419 0.8380
vn -0.1775 -0.4147 0.8925
vn -0.1857 -0.3062 0.9337
vn 0.0052 -0.3116 0.9502
vn 0.1857 -0.3062 0.9337
vt 0.477709 0.666352
vt 0.464097 0.629569
vt 0.497540 0.626720
vt 0.501992 0.666598
vt 0.489391 0.666593
vt 0.501992 0.666598
vt 0.513909 0.626720
vt 0.515230 0.597071
vt 0.514785 0.609115
vt 0.495648 0.595811
vt 0.460242 0.609870
vt 0.476587 0.597078
vt 0.464097 0.629569
s 1
f 1526/2365/1002 1525/2366/1003 1518/2367/1004 1528/2368/1005 1527/2369/1002
f 1528/2370/1005 1518/2367/1004 1520/2371/1006
f 1521/2372/1007 1519/2373/1007 1520/2371/1006 1518/2367/1004 1522/2374/1008
f 1524/2375/1009 1523/2376/1009 1522/2374/1008 1518/2367/1004 1525/2377/1003
g Wine_Glass_cell.076_Wine_Glass_cell.075
v 0.015389 0.261187 -0.058525
v 0.032325 0.265739 -0.046612
v -0.003188 0.266439 -0.061637
v 0.014581 0.280221 -0.056573
v 0.034680 0.252809 -0.049098
v 0.035642 0.261185 -0.049988
v 0.030260 0.249028 -0.045742
v 0.031008 0.247819 -0.050638
v 0.014391 0.248050 -0.056117
v -0.004530 0.261185 -0.066723
v -0.004563 0.251655 -0.065250
v -0.004381 0.249095 -0.060058
v 0.034680 0.252809 -0.049098
v 0.035642 0.261185 -0.049988
v -0.004530 0.261185 -0.066723
v -0.004563 0.251655 -0.065250
v 0.030260 0.249028 -0.045742
v 0.030260 0.249028 -0.045742
v 0.030260 0.249028 -0.045742
v 0.032325 0.265739 -0.046612
v 0.031008 0.247819 -0.050638
v 0.014391 0.248050 -0.056117
v 0.014391 0.248050 -0.056117
v -0.004381 0.249095 -0.060058
vn 0.6547 -0.0260 0.7555
vn -0.0881 -0.9701 0.2263
vn 0.4003 -0.1701 -0.9004
vn 0.4644 0.0530 -0.8841
vn 0.4604 0.0363 -0.8870
vn -0.2850 0.9577 0.0392
vn -0.1619 0.9851 -0.0570
vn 0.2320 0.2660 -0.9356
vn -0.2740 0.3336 0.9020
vn -0.5727 0.1473 0.8064
vn -0.5685 0.0369 0.8219
vn 0.0432 -0.8955 -0.4430
vn -0.9992 0.0097 0.0399
vn 0.3877 -0.1726 -0.9055
vt 0.890666 0.705761
vt 0.715327 0.715327
vt 0.684543 0.684543
vt 0.880245 0.676423
vt 0.396264 0.162544
vt 0.295316 0.295316
vt 0.262069 0.262069
vt 0.397537 0.169670
vt 0.398038 0.199807
vt 0.348588 0.199112
vt 0.349518 0.180883
vt 0.351418 0.171257
vt 0.358297 0.170138
vt 0.390639 0.242178
vt 0.348629 0.210170
vt 0.439081 0.214095
vt 0.396273 0.245402
vt 0.442793 0.201747
vt 0.920082 0.513689
vt 0.955527 0.512679
vt 0.956650 0.539890
vt 0.911748 0.539890
vt 0.997066 0.527771
vt 0.998993 0.543497
vt 0.955527 0.512679
vt 0.433335 0.000000
vt 0.351571 0.144063
vt 0.384642 0.000000
vt 0.607281 0.000000
vt 0.861875 0.315103
vt 0.560848 0.000000
vt 0.442793 0.201747
vt 0.441342 0.180938
vt 0.998437 0.553525
vt 0.955740 0.581939
s 0
f 1530/2378/1010 1545/2379/1010 1541/2380/1010 1542/2381/1010
f 1537/2382/1011 1549/2383/1011 1546/2384/1011
s 1
f 1550/2385/1012 1529/2386/1013 1534/2387/1014 1533/2388/1012 1547/2389/1012 1536/2390/1012
f 1532/2391/1015 1548/2392/1016 1534/2387/1014 1529/2386/1013
f 1531/2393/1017 1532/2394/1017 1529/2386/1017 1538/2395/1017
f 1552/2396/1018 1550/2397/1018 1529/2398/1018 1538/2399/1018
f 1535/2400/1019 1548/2401/1016 1529/2398/1020 1550/2402/1019
s 0
f 1544/2403/1021 1551/2404/1021 1540/2405/1021
f 1540/2406/1022 1543/2407/1022 1544/2408/1022
s 1
f 1538/2409/1023 1529/2386/1023 1550/2385/1023 1539/2410/1023
f 1548/2411/1016 1532/2412/1015 1529/2398/1020
g Wine_Glass_cell.077_Wine_Glass_cell.076
v 0.007706 0.159800 -0.013637
v -0.004119 0.163107 -0.025532
v -0.004215 0.168421 -0.020814
v -0.004484 0.168136 -0.030718
v 0.001412 0.168421 -0.025030
v 0.007662 0.164035 -0.021307
v 0.007380 0.168421 -0.010956
v 0.011014 0.163321 -0.015007
v -0.003453 0.168421 -0.012638
v -0.001401 0.159800 -0.021629
v 0.002298 0.157809 -0.015944
v 0.003744 0.168421 -0.004989
v 0.011101 0.162071 -0.008181
v 0.006500 0.158625 -0.006383
v -0.001283 0.168421 -0.007799
v -0.004119 0.163107 -0.025532
v -0.004484 0.168136 -0.030718
v -0.004215 0.168421 -0.020814
v -0.003453 0.168421 -0.012638
v 0.001412 0.168421 -0.025030
v 0.007380 0.168421 -0.010956
v 0.011014 0.163321 -0.015007
v 0.007662 0.164035 -0.021307
v 0.011101 0.162071 -0.008181
v -0.001283 0.168421 -0.007799
v -0.001401 0.159800 -0.021629
v 0.002298 0.157809 -0.015944
v 0.006500 0.158625 -0.006383
v 0.003744 0.168421 -0.004989
vn 0.8425 0.5316 0.0866
vn -0.7674 -0.5344 0.3542
vn -0.9299 -0.3206 0.1801
vn -0.9987 -0.0433 0.0284
vn -0.4721 -0.2530 0.8445
vn 0.4177 -0.7696 -0.4829
vn 0.5305 -0.8201 -0.2145
vn 0.5478 -0.8324 -0.0838
vn 0.3891 -0.5794 -0.7162
vn 0.5522 -0.5126 -0.6575
vn 0.6164 0.2650 -0.7415
vn 0.4735 0.4787 -0.7394
vn -0.0036 1.0000 -0.0047
vn 0.6405 -0.7637 -0.0806
vn 0.5793 -0.7667 -0.2769
vn 0.4054 -0.6787 -0.6124
vn 0.5853 0.2992 0.7536
vn 0.6604 0.6977 -0.2776
vt 0.432598 0.432598
vt 0.265086 0.000000
vt 0.430237 0.000000
vt 1.000000 0.214246
vt 0.704567 0.537284
vt 0.325068 0.085478
vt 0.278856 0.000000
vt 0.863498 0.000000
vt 0.769317 0.769317
vt 0.214246 0.214246
vt 1.000000 0.528331
vt 1.000000 0.798711
vt 0.747737 0.331843
vt 0.201289 0.000000
vt 0.471669 0.000000
vt 1.000000 0.048307
vt 0.824721 0.824721
vt 0.385080 0.000000
vt 0.206093 0.550036
vt 0.201333 0.542914
vt 0.209381 0.548085
vt 0.183395 0.572537
vt 0.180678 0.573631
vt 0.169609 0.567514
vt 0.173573 0.560074
vt 0.766806 0.789698
vt 0.767150 0.789698
vt 0.768865 0.789698
vt 0.775301 0.789698
vt 0.786227 0.787130
vt 0.790967 0.785166
vt 0.779812 0.789698
vt 0.211680 0.533217
vt 0.212674 0.538216
vt 0.196944 0.536344
vt 0.192653 0.551594
vt 0.184750 0.546313
vt 0.184750 0.546313
vt 0.187956 0.562935
vt 0.173573 0.560074
vt 0.000000 0.000000
vt 0.614920 0.000000
vt 1.000000 0.569763
vt 1.000000 0.734914
vt 0.408645 0.283719
vt 0.268145 0.000000
vt 0.432598 0.000000
vt 0.470492 0.101552
s 0
f 1560/2413/1024 1559/2414/1024 1576/2415/1024
f 1571/2416/1025 1578/2417/1025 1579/2418/1025 1580/2419/1025 1577/2420/1025
f 1578/2421/1026 1571/2422/1026 1570/2423/1026 1568/2424/1026
f 1569/2425/1027 1568/2426/1027 1570/2427/1027
f 1564/2428/1028 1577/2429/1028 1580/2430/1028
s 1
f 1563/2431/1029 1553/2432/1030 1566/2433/1031
f 1562/2434/1032 1554/2435/1033 1556/2436/1034 1572/2437/1035
f 1556/2438/1034 1555/2439/1036 1561/2440/1036 1567/2441/1036 1581/2442/1036 1573/2443/1036 1572/2444/1035
f 1565/2445/1037 1566/2446/1031 1553/2432/1030 1574/2447/1038
f 1574/2447/1038 1553/2432/1030 1563/2448/1029 1575/2449/1039
f 1575/2450/1039 1563/2448/1029 1562/2451/1032 1572/2452/1035
s 0
f 1564/2453/1040 1580/2454/1040 1576/2455/1040 1559/2456/1040
f 1557/2457/1041 1559/2458/1041 1560/2459/1041 1558/2460/1041
g Wine_Glass_cell.078_Wine_Glass_cell.077
v -0.036995 0.202667 -0.039712
v -0.022528 0.202667 -0.049378
v -0.025297 0.183219 -0.028014
v -0.016228 0.183338 -0.034168
v -0.008980 0.184928 -0.036666
v -0.034687 0.184126 -0.022445
v -0.046011 0.202667 -0.026218
v -0.005464 0.185759 -0.042069
v -0.000486 0.193234 -0.041893
v -0.050135 0.215979 -0.027753
v -0.000074 0.198298 -0.045176
v -0.044891 0.216502 -0.028077
v -0.040018 0.215706 -0.042736
v -0.030064 0.216525 -0.044472
v -0.023492 0.210348 -0.051705
v -0.018085 0.207845 -0.051960
v -0.005464 0.202040 -0.052376
v -0.050135 0.215979 -0.027753
v -0.044891 0.216502 -0.028077
v -0.040018 0.215706 -0.042736
vn -0.5297 -0.4577 -0.7141
vn -0.5045 -0.6193 -0.6017
vn -0.5971 -0.5852 -0.5487
vn -0.3521 -0.4295 -0.8316
vn -0.3443 -0.6359 -0.6907
vn -0.2326 -0.5617 -0.7940
vn -0.2441 -0.6224 -0.7437
vn -0.1785 -0.3121 -0.9331
vn -0.3988 -0.1994 -0.8951
vn -0.5060 -0.1343 -0.8520
vn -0.7915 -0.3062 -0.5289
vn 0.1814 -0.9734 0.1402
vn -0.1683 -0.9811 -0.0957
vn 0.8207 0.1499 0.5514
vn -0.6211 0.4294 0.6556
vn -0.1042 0.9906 -0.0884
vt 0.641550 0.626721
vt 0.647434 0.679423
vt 0.624614 0.673863
vt 0.608460 0.629539
vt 0.679948 0.626721
vt 0.674101 0.679097
vt 0.674101 0.679097
vt 0.714935 0.631247
vt 0.702298 0.670300
vt 0.693314 0.676054
vt 0.691267 0.615685
vt 0.712285 0.629475
vt 0.681032 0.609011
vt 0.642035 0.596574
vt 0.660115 0.596036
vt 0.639709 0.596658
vt 0.607744 0.625824
vt 0.607216 0.598841
vt 0.529049 0.244795
vt 0.527806 0.275063
vt 0.495610 0.275516
vt 0.493716 0.245839
vt 0.524757 0.244898
vt 0.915447 0.420186
vt 0.919842 0.391551
vt 0.929448 0.401940
vt 0.928927 0.411378
vt 0.321378 0.321378
vt 0.276527 0.022279
vt 0.359346 0.359346
s 1
f 1582/2461/1042 1584/2462/1043 1587/2463/1044 1588/2464/1044
f 1582/2461/1042 1583/2465/1045 1585/2466/1046 1584/2462/1043
f 1585/2467/1046 1583/2465/1045 1598/2468/1047 1589/2469/1048 1586/2470/1048
f 1597/2471/1049 1598/2472/1047 1583/2465/1045 1596/2473/1050
f 1583/2465/1045 1582/2461/1042 1601/2474/1051 1595/2475/1051 1596/2473/1050
f 1601/2476/1052 1582/2461/1052 1588/2477/1053 1599/2478/1054
f 1599/2479/1054 1588/2480/1053 1582/2481/1055 1601/2482/1055 1600/2483/1055
f 1598/2484/1056 1589/2485/1056 1590/2486/1056 1592/2487/1056
s 0
f 1593/2488/1057 1594/2489/1057 1591/2490/1057
g Wine_Glass_cell.079_Wine_Glass_cell.078
v 0.039127 0.202667 -0.008181
v 0.023673 0.203023 -0.037318
v 0.032605 0.203023 -0.023950
v 0.021212 0.213028 -0.042017
v 0.026111 0.213656 -0.043934
v 0.001892 0.198512 -0.044927
v 0.011022 0.200278 -0.047981
v 0.001343 0.193841 -0.041933
v 0.009798 0.189992 -0.036377
v 0.008495 0.189849 -0.041881
v 0.016592 0.187950 -0.030237
v 0.022804 0.187057 -0.019891
v 0.024594 0.188009 -0.014076
v 0.030270 0.190423 -0.002621
v 0.030617 0.197153 -0.002022
v 0.037634 0.202667 -0.000673
v 0.038143 0.218193 -0.000517
v 0.026594 0.217350 -0.039492
v 0.043656 0.216478 -0.008181
v 0.039625 0.215512 -0.026858
v 0.026803 0.189570 -0.008181
v 0.021212 0.213028 -0.042017
v 0.026594 0.217350 -0.039492
v 0.026111 0.213656 -0.043934
v 0.011022 0.200278 -0.047981
v 0.001343 0.193841 -0.041933
v 0.009798 0.189992 -0.036377
v 0.008495 0.189849 -0.041881
vn -0.3240 0.7444 -0.5838
vn -0.3548 0.6136 -0.7055
vn -0.4836 -0.8645 0.1370
vn 0.2972 -0.5974 -0.7448
vn -0.0031 0.6189 -0.7855
vn 0.5953 -0.5855 -0.5503
vn 0.8153 0.2920 0.5001
vn 0.3471 0.6276 0.6969
vn 0.7561 -0.6084 -0.2409
vn 0.7920 -0.4732 -0.3857
vn 0.8838 -0.4672 0.0256
vn 0.7724 -0.6259 -0.1078
vn 0.8635 -0.4087 0.2955
vn 0.7656 -0.6282 0.1383
vn 0.8901 -0.1552 0.4286
vn 0.9483 -0.3002 0.1033
vn 0.8023 -0.4016 -0.4416
vn 0.6953 -0.3740 -0.6137
vn 0.7575 -0.4612 -0.4621
vn -0.6281 0.1988 0.7523
vn -0.6662 0.6368 -0.3882
vn -0.6197 0.7644 -0.1780
vn -0.5314 0.6084 0.5895
vn -0.6966 0.5459 0.4655
vt 0.842555 0.000000
vt 1.000000 0.230381
vt 1.000000 0.368800
vt 0.714213 0.281089
vt 0.368800 0.368800
vt 0.230381 0.230381
vt 0.747627 0.597009
vt 0.191501 0.191501
vt 0.704493 0.541890
vt 0.390618 0.046050
vt 0.386516 0.072973
vt 0.355339 0.072535
vt 0.360246 0.038414
vt 0.381590 0.043366
vt 0.333745 0.036732
vt 0.319853 0.073075
vt 0.292678 0.074611
vt 0.309963 0.043715
vt 0.322385 0.039425
vt 0.337640 0.669537
vt 0.320943 0.641376
vt 0.336371 0.638968
vt 0.343268 0.654032
vt 0.346464 0.663364
vt 0.326749 0.608804
vt 0.310025 0.613082
vt 0.293900 0.644462
vt 0.281190 0.618437
vt 0.314299 0.100730
vt 0.351875 0.101920
vt 0.353002 0.101838
vt 0.386516 0.072973
vt 0.360101 0.096245
vt 0.986573 0.452372
vt 0.976361 0.442711
vt 0.953060 0.420368
vt 0.983711 0.422979
vt 0.933290 0.411777
vt 0.933392 0.403071
vt 0.947496 0.397810
vt 0.950715 0.418787
vt 0.971432 0.394203
vt 0.954083 0.396482
vt 0.079985 0.831681
vt 0.084553 0.794909
vt 0.117334 0.795869
vt 0.105055 0.830350
vt 0.407941 0.060301
vt 0.393152 0.068038
vt 0.390618 0.046050
vt 0.406202 0.053165
s 0
f 1624/2491/1058 1625/2492/1058 1623/2493/1058
f 1608/2494/1059 1623/2495/1059 1625/2496/1059
f 1610/2497/1060 1609/2498/1060 1611/2499/1060
s 1
f 1629/2500/1061 1626/2501/1062 1603/2502/1063 1612/2503/1064 1628/2504/1065
f 1613/2505/1066 1604/2506/1067 1602/2507/1068 1622/2508/1069 1614/2509/1066
f 1622/2510/1069 1602/2511/1068 1617/2512/1070 1616/2513/1071 1615/2514/1071
f 1618/2515/1072 1617/2512/1070 1602/2511/1068 1620/2516/1073
f 1602/2511/1068 1604/2517/1067 1621/2518/1074 1620/2516/1073
f 1621/2519/1074 1604/2506/1067 1603/2502/1075 1619/2520/1075
f 1619/2521/1076 1603/2502/1076 1626/2522/1076 1606/2523/1076
f 1619/2524/1077 1605/2525/1077 1626/2526/1077 1603/2527/1077
f 1607/2528/1078 1627/2529/1079 1628/2530/1065 1626/2531/1062
f 1612/2532/1064 1603/2527/1080 1626/2531/1062 1628/2533/1065
f 1613/2534/1081 1604/2535/1081 1603/2536/1081 1612/2537/1081
f 1607/2538/1078 1626/2539/1062 1629/2540/1061 1627/2541/1079
g Wine_Glass_cell.080_Wine_Glass_cell.079
v -0.047103 0.008547 -0.049821
v -0.027999 0.008547 -0.062585
v -0.048741 0.003718 -0.051459
v -0.028885 0.003718 -0.064726
v -0.007451 0.010160 -0.061339
v -0.006970 0.003718 -0.069085
v -0.007265 0.008547 -0.066710
v -0.009455 0.003718 -0.054403
v -0.013946 0.003718 -0.048546
v -0.014784 0.012356 -0.052619
v -0.024809 0.014441 -0.041726
v -0.021105 0.013995 -0.045942
v -0.024216 0.003718 -0.036165
v -0.035017 0.014743 -0.031741
v -0.031052 0.003718 -0.029659
v -0.052038 0.008547 -0.042435
v -0.053898 0.003718 -0.043740
v -0.006970 0.003718 -0.069085
v -0.007265 0.008547 -0.066710
v -0.007451 0.010160 -0.061339
v -0.009455 0.003718 -0.054403
v -0.013946 0.003718 -0.048546
v -0.024809 0.014441 -0.041726
v -0.021105 0.013995 -0.045942
v -0.014784 0.012356 -0.052619
v -0.024216 0.003718 -0.036165
v -0.031052 0.003718 -0.029659
v -0.053898 0.003718 -0.043740
v -0.035017 0.014743 -0.031741
v -0.052038 0.008547 -0.042435
vn 0.9859 -0.0933 0.1389
vn 0.7528 0.3492 0.5580
vn 0.7212 0.3506 0.5974
vn 0.6495 0.3696 0.6645
vn -0.5245 -0.0279 0.8510
vn -0.1771 -0.4192 -0.8905
vn -0.3336 -0.4901 -0.8053
vn -0.2610 0.7366 -0.6240
vn -0.1354 0.7199 -0.6808
vn -0.6164 -0.4901 -0.6164
vn -0.4784 0.7361 -0.4789
vn -0.5467 0.7534 -0.3653
vn -0.7123 -0.5160 -0.4759
vn -0.1862 0.9582 -0.2172
vn -0.1688 0.9578 -0.2325
vn -0.1295 0.9587 -0.2531
vn -0.0575 0.9556 -0.2890
vn -0.0000 -1.0000 -0.0000
vt 0.569372 0.126641
vt 0.527752 0.070509
vt 0.514069 0.000000
vt 0.569907 0.000000
vt 1.000000 0.479555
vt 1.000000 0.556356
vt 0.568539 0.568539
vt 0.506766 0.506766
vt 1.000000 0.443889
vt 1.000000 0.542261
vt 0.556356 0.556356
vt 0.479555 0.479555
vt 0.803084 0.454240
vt 0.534271 0.000000
vt 1.000000 0.456850
vt 1.000000 0.557356
vt 0.430999 0.000000
vt 0.534271 0.534271
vt 0.430999 0.430999
vt 0.489001 0.303042
vt 0.534230 0.313521
vt 0.441721 0.690753
vt 0.437840 0.736313
vt 0.428441 0.737311
vt 0.432112 0.694208
vt 0.437840 0.789015
vt 0.428441 0.788017
vt 0.429983 0.806128
vt 0.439452 0.807942
vt 0.046183 0.408576
vt 0.000000 0.417762
vt 0.000000 0.398159
vt 0.019405 0.464610
vt 0.046183 0.408576
vt 0.050833 0.430244
vt 0.052461 0.442522
vt 0.058637 0.487517
vt 0.052394 0.497599
vt 0.052461 0.442522
vt 0.055873 0.462524
vt 0.087196 0.257109
vt 0.106124 0.264949
vt 0.020168 0.057433
vt 0.055038 0.022564
vt 0.051083 0.026519
vt 0.043938 0.033664
vt 0.027598 0.050004
vt 0.153074 0.264949
s 0
f 1647/2542/1082 1648/2543/1082 1649/2544/1082 1650/2545/1082
f 1654/2546/1083 1651/2547/1083 1650/2548/1083 1649/2549/1083
f 1652/2550/1084 1655/2551/1084 1651/2552/1084 1654/2553/1084 1653/2554/1084
f 1656/2555/1085 1655/2556/1085 1652/2557/1085 1658/2558/1085
f 1656/2559/1086 1658/2560/1086 1659/2561/1086 1657/2562/1086
s 1
f 1635/2563/1087 1633/2564/1088 1631/2565/1089 1636/2566/1090
f 1632/2567/1091 1630/2568/1092 1631/2565/1089 1633/2564/1088
f 1645/2569/1093 1630/2568/1092 1632/2567/1091 1646/2570/1094
f 1643/2571/1095 1630/2572/1092 1645/2573/1093
f 1631/2574/1089 1630/2572/1092 1643/2575/1095 1640/2576/1096 1641/2577/1097
f 1634/2578/1098 1636/2579/1090 1631/2574/1089 1641/2580/1097 1639/2581/1098
f 1646/2582/1094 1632/2583/1091 1633/2584/1088 1635/2585/1087 1637/2586/1099 1638/2587/1099 1642/2588/1099 1644/2589/1099
g Wine_Glass_cell.081_Wine_Glass_cell.080
v -0.002241 0.022281 -0.010195
v 0.002540 0.026102 -0.011497
v 0.025301 0.003718 -0.015309
v 0.029756 0.015218 -0.016269
v 0.023181 0.003718 -0.021201
v 0.027714 0.015495 -0.021924
v 0.018736 0.016211 -0.031181
v 0.012574 0.003718 -0.025187
v -0.002193 0.003718 -0.010181
v 0.025301 0.003718 -0.015309
v 0.023181 0.003718 -0.021201
v 0.012574 0.003718 -0.025187
v -0.002193 0.003718 -0.010181
v 0.002540 0.026102 -0.011497
v 0.029756 0.015218 -0.016269
v 0.027714 0.015495 -0.021924
v 0.018736 0.016211 -0.031181
vn 0.1881 0.0156 0.9820
vn 0.8745 -0.3611 -0.3238
vn 0.4956 -0.4276 -0.7560
vn -0.6956 0.0792 -0.7140
vn 0.3187 0.9311 -0.1778
vn 0.3333 0.9319 -0.1432
vn 0.3002 0.9283 -0.2194
vn 0.3574 0.9302 -0.0834
vn -0.0000 -1.0000 -0.0000
vt 0.096017 0.096017
vt 0.000000 0.000000
vt 0.269882 0.000000
vt 1.000000 0.461099
vt 1.000000 0.566692
vt 1.000000 0.345440
vt 1.000000 0.475976
vt 0.566692 0.566692
vt 0.461099 0.461099
vt 0.359879 0.359879
vt 0.438114 0.000000
vt 0.614825 0.000000
vt 0.495673 0.495673
vt 1.000000 1.000000
vt 0.819603 0.776390
vt 0.292865 0.000000
vt 0.442067 0.000000
vt 1.000000 0.729797
vt 0.140539 0.411983
vt 0.166753 0.460963
vt 0.141958 0.457910
vt 0.141747 0.410775
vt 0.182172 0.450432
vt 0.171492 0.458307
vt 0.119988 0.000000
vt 0.125614 0.000000
vt 0.064234 0.017351
vt 0.102560 0.001476
s 0
f 1673/2590/1100 1660/2591/1100 1672/2592/1100 1669/2593/1100 1674/2594/1100
f 1670/2595/1101 1675/2596/1101 1674/2597/1101 1669/2598/1101
f 1670/2599/1102 1671/2600/1102 1676/2601/1102 1675/2602/1102
f 1660/2603/1103 1673/2604/1103 1676/2605/1103 1671/2606/1103 1672/2607/1103
s 1
f 1661/2608/1104 1665/2609/1105 1666/2610/1106
f 1661/2611/1104 1663/2612/1107 1665/2613/1105
f 1664/2614/1108 1662/2615/1108 1668/2616/1108 1667/2617/1108
g Wine_Glass_cell.082_Wine_Glass_cell.081
v -0.006624 0.122246 -0.010980
v -0.006496 0.099710 -0.012080
v -0.007294 0.111130 -0.012600
v -0.008551 0.121327 -0.015634
v -0.006624 0.122246 -0.010980
v -0.007294 0.111130 -0.012600
v -0.008551 0.121327 -0.015634
vn -0.8263 -0.0321 0.5623
vn -0.9239 -0.0001 0.3825
vn 0.8941 0.0114 -0.4478
vt 0.000000 0.000000
vt 1.000000 0.048387
vt 0.524600 0.015524
vt 0.928952 0.211646
vt 0.930566 0.194254
vt 0.931107 0.210579
vt 0.918118 0.000000
vt 1.000000 0.000000
vt 0.996107 0.996107
vt 0.975303 0.374453
s 0
f 1678/2618/1109 1681/2619/1109 1682/2620/1109
s 1
f 1683/2621/1110 1679/2622/1110 1677/2623/1110
s 0
f 1680/2624/1111 1681/2625/1111 1678/2626/1111 1682/2627/1111
g Wine_Glass_cell.083_Wine_Glass_cell.082
v -0.064350 0.008547 -0.008181
v -0.066667 0.003718 -0.008181
v -0.064533 0.003718 0.002549
v -0.064605 0.003718 -0.018550
v -0.049445 0.003718 -0.016919
v -0.054590 0.010851 -0.018952
v -0.062142 0.008547 -0.019287
v -0.037009 0.003718 -0.015524
v -0.040799 0.015063 -0.018264
v -0.035596 0.003718 -0.008136
v -0.039380 0.016013 -0.006755
v -0.040581 0.015352 -0.001808
v -0.036750 0.003718 -0.002594
v -0.062231 0.008547 0.002472
v -0.064605 0.003718 -0.018550
v -0.062142 0.008547 -0.019287
v -0.054590 0.010851 -0.018952
v -0.049445 0.003718 -0.016919
v -0.040799 0.015063 -0.018264
v -0.037009 0.003718 -0.015524
v -0.040581 0.015352 -0.001808
v -0.062231 0.008547 0.002472
v -0.039380 0.016013 -0.006755
v -0.035596 0.003718 -0.008136
v -0.036750 0.003718 -0.002594
v -0.064533 0.003718 0.002549
vn 0.1047 -0.2020 -0.9738
vn 0.1093 -0.1987 -0.9739
vn 0.9432 0.2932 -0.1561
vn 0.9218 0.2858 0.2619
vn 0.1904 -0.0246 0.9814
vn -0.8717 -0.4901 -0.0000
vn -0.6774 0.7356 0.0008
vn -0.6019 0.7901 -0.1156
vn -0.8583 -0.4839 -0.1707
vn -0.6355 0.7617 0.1264
vn -0.8423 -0.5123 0.1675
vn -0.2890 0.9556 0.0575
vn -0.2880 0.9576 0.0034
vn -0.2862 0.9568 -0.0502
vn 0.9431 0.2682 0.1963
vn -0.0000 -1.0000 -0.0000
vt 0.910903 0.603757
vt 1.000000 0.687445
vt 1.000000 0.744243
vt 0.853403 0.576362
vt 0.687445 0.687445
vt 1.000000 0.510351
vt 1.000000 0.638158
vt 0.744243 0.744243
vt 1.000000 0.222405
vt 1.000000 0.439350
vt 0.598343 0.598343
vt 0.454083 0.454083
vt 1.000000 0.463321
vt 0.659374 0.659374
vt 0.337293 0.337293
vt 1.000000 0.670845
vt 0.811264 0.811264
vt 0.642393 0.642393
vt 0.932683 0.598682
vt 0.811611 0.812232
vt 0.822597 0.811235
vt 0.823272 0.834321
vt 0.812242 0.833787
vt 0.822597 0.787263
vt 0.815255 0.787280
vt 0.071130 0.339396
vt 0.065526 0.351026
vt 0.019405 0.320209
vt 0.036355 0.303258
vt 0.050259 0.367586
vt 0.024110 0.351941
vt 0.009842 0.343295
vt 0.065433 0.351222
vt 0.337293 0.000000
vt 0.659374 0.000000
vt 0.439350 0.439350
vt 0.020168 0.207515
vt 0.036665 0.224012
vt 0.103541 0.263879
vt 0.138569 0.264949
vt 0.141013 0.264949
vt 0.137951 0.264949
vt 0.037241 0.224588
s 0
f 1699/2628/1112 1700/2629/1112 1701/2630/1112 1698/2631/1112
f 1700/2632/1113 1702/2633/1113 1703/2634/1113 1701/2635/1113
f 1706/2636/1114 1707/2637/1114 1703/2638/1114 1702/2639/1114
f 1704/2640/1115 1708/2641/1115 1706/2642/1115
f 1686/2643/1116 1708/2644/1116 1704/2645/1116 1705/2646/1116
s 1
f 1685/2647/1117 1684/2648/1118 1690/2649/1119 1687/2650/1120
f 1697/2651/1121 1684/2648/1118 1685/2647/1117 1709/2652/1122
f 1695/2653/1123 1694/2654/1124 1684/2655/1118 1697/2656/1121
f 1692/2657/1125 1689/2658/1125 1690/2659/1119 1684/2655/1118 1694/2660/1124
s 0
f 1706/2661/1126 1708/2662/1126 1707/2663/1126
s 1
f 1685/2664/1117 1687/2665/1120 1688/2666/1127 1691/2667/1127 1693/2668/1127 1696/2669/1127 1709/2670/1122
g Wine_Glass_cell.084_Wine_Glass_cell.083
v -0.026200 0.231927 0.041880
v -0.035942 0.246192 0.037982
v -0.039715 0.242519 0.034789
v -0.018350 0.246288 0.045671
v -0.027034 0.245956 0.043892
v -0.033848 0.231927 0.036770
v -0.027359 0.227041 0.039216
v -0.016796 0.233276 0.043960
v -0.035942 0.246192 0.037982
v -0.039715 0.242519 0.034789
v -0.027034 0.245956 0.043892
v -0.018350 0.246288 0.045671
v -0.033848 0.231927 0.036770
v -0.027359 0.227041 0.039216
v -0.016796 0.233276 0.043960
vn 0.5492 0.1505 -0.8220
vn -0.0663 0.9880 0.1392
vn 0.4057 0.1235 -0.9056
vn 0.3236 0.1612 -0.9324
vn -0.1929 -0.1505 0.9696
vn -0.3773 -0.1534 0.9133
vn -0.3362 -0.2843 0.8979
vn -0.1820 -0.2120 0.9602
vn -0.5457 -0.1880 0.8166
vn -0.5492 -0.1505 0.8220
vn -0.3979 -0.3647 0.8418
vt 0.237363 0.237363
vt 0.000000 0.000000
vt 0.468744 0.000000
vt 0.449106 0.046356
vt 1.000000 0.018662
vt 1.000000 0.531256
vt 1.000000 1.000000
vt 0.652152 0.000000
vt 0.652152 0.652152
vt 0.496245 0.048683
vt 0.521445 0.527247
vt 0.541006 0.527987
vt 0.540069 0.559256
vt 0.518818 0.556250
vt 0.558824 0.560853
vt 0.541006 0.527987
vt 0.562834 0.529320
vt 0.572374 0.538341
vt 0.539215 0.573196
vt 0.539215 0.573196
vt 0.520692 0.559256
s 0
f 1719/2671/1128 1718/2672/1128 1722/2673/1128
f 1720/2674/1129 1721/2672/1129 1718/2675/1129
f 1722/2676/1130 1718/2677/1130 1721/2672/1130 1723/2678/1130
f 1723/2679/1131 1721/2672/1131 1724/2680/1131
s 1
f 1713/2681/1132 1714/2682/1133 1710/2683/1134 1717/2684/1135
f 1715/2685/1136 1710/2683/1134 1714/2686/1133 1711/2687/1137 1712/2688/1137
f 1716/2689/1138 1710/2683/1134 1715/2685/1136
f 1710/2683/1134 1716/2690/1138 1717/2691/1135
g Wine_Glass_cell.085_Wine_Glass_cell.084
v -0.005822 0.024387 -0.013521
v -0.008986 0.003718 -0.029197
v -0.009897 0.018324 -0.033858
v -0.005841 0.003718 -0.013468
v -0.006834 0.023130 -0.018576
v -0.011444 0.003718 -0.041613
v -0.012137 0.003718 -0.047868
v -0.013035 0.012635 -0.052045
v 0.001457 0.003718 -0.046021
v 0.002162 0.013387 -0.049548
v -0.008150 0.011322 -0.057357
v -0.008008 0.003718 -0.053017
v -0.008986 0.003718 -0.029197
v -0.005841 0.003718 -0.013468
v -0.009897 0.018324 -0.033858
v -0.006834 0.023130 -0.018576
v -0.011444 0.003718 -0.041613
v -0.012137 0.003718 -0.047868
v -0.013035 0.012635 -0.052045
v -0.008150 0.011322 -0.057357
v -0.008008 0.003718 -0.053017
v 0.001457 0.003718 -0.046021
v 0.002162 0.013387 -0.049548
vn -0.9806 0.0014 0.1961
vn -0.9840 0.0097 0.1781
vn -0.9927 -0.0484 0.1101
vn 0.9779 0.0725 0.1961
vn -0.7313 -0.3483 -0.5865
vn 0.5842 -0.3521 -0.7313
vn -0.0109 0.9567 -0.2909
vn -0.0000 0.9566 -0.2913
vn 0.0298 0.9559 -0.2921
vn -0.0000 -1.0000 -0.0000
vn -0.0575 0.9556 -0.2890
vt 1.000000 0.527723
vt 0.293767 0.293767
vt 0.000000 0.000000
vt 0.244963 0.093096
vt 1.000000 0.388898
vt 0.388898 0.388898
vt 1.000000 0.463480
vt 1.000000 0.555761
vt 0.527723 0.527723
vt 0.552506 0.000000
vt 0.555762 0.555762
vt 0.473251 0.000000
vt 1.000000 0.946323
vt 1.000000 1.000000
vt 0.708798 0.708798
vt 0.450010 0.000000
vt 0.536497 0.000000
vt 1.000000 0.526749
vt 0.498020 0.000000
vt 0.563890 0.000000
vt 1.000000 0.447494
vt 1.000000 0.463503
vt 1.000000 0.549990
vt 0.564082 0.564082
vt 0.516410 0.499469
vt 0.065665 0.484893
vt 0.116015 0.412660
vt 0.090733 0.477667
vt 0.071820 0.014209
vt 0.056833 0.020768
vt 0.051830 0.025772
vt 0.047919 0.029683
vt 0.046816 0.030786
vt 0.057841 0.019999
vt 0.114381 0.411983
vt 0.062238 0.479352
vt 0.066177 0.455787
vt 0.087844 0.434090
s 0
f 1737/2692/1139 1738/2693/1139 1725/2694/1139 1740/2695/1139 1739/2696/1139
f 1739/2697/1140 1743/2698/1140 1741/2699/1140 1737/2700/1140
f 1742/2701/1141 1741/2702/1141 1743/2703/1141
f 1740/2704/1142 1725/2705/1142 1738/2706/1142 1746/2707/1142 1747/2708/1142
f 1743/2709/1143 1744/2710/1143 1745/2711/1143 1742/2712/1143
f 1747/2713/1144 1746/2714/1144 1745/2715/1144 1744/2716/1144
s 1
f 1735/2717/1145 1729/2718/1146 1734/2719/1147
f 1733/2720/1148 1728/2721/1148 1726/2722/1148 1730/2723/1148 1731/2724/1148 1736/2725/1148
f 1729/2726/1146 1735/2727/1145 1732/2728/1149 1727/2729/1149
g Wine_Glass_cell.086_Wine_Glass_cell.085
v -0.044430 0.289662 0.030784
v -0.052928 0.289274 0.011479
v -0.060050 0.275759 0.003318
v -0.032052 0.295533 0.037366
v -0.044915 0.284265 0.031270
v -0.037157 0.289662 0.035644
v -0.043902 0.280743 0.026658
v -0.047419 0.276587 0.022208
v -0.052506 0.276568 0.021636
v -0.057903 0.276658 0.013539
v -0.058297 0.289662 0.003244
v -0.050303 0.307582 0.001992
v -0.052635 0.310081 0.006667
v -0.048009 0.310963 0.009336
v -0.044667 0.305059 0.023798
v -0.039312 0.302242 0.026032
v -0.043902 0.280743 0.026658
v -0.047419 0.276587 0.022208
v -0.044915 0.284265 0.031270
v -0.052506 0.276568 0.021636
v -0.058297 0.289662 0.003244
v -0.052635 0.310081 0.006667
v -0.052635 0.310081 0.006667
v -0.052635 0.310081 0.006667
v -0.050303 0.307582 0.001992
v -0.048009 0.310963 0.009336
v -0.044667 0.305059 0.023798
vn -0.0084 -0.7618 0.6478
vn -0.3997 0.8126 0.4241
vn -0.5746 0.4325 0.6949
vn -0.5705 0.2751 0.7739
vn -0.5751 0.3759 0.7266
vn -0.8395 0.1601 0.5192
vn -0.8487 0.1771 0.4984
vn 0.1905 -0.7209 0.6663
vn -0.3557 -0.4567 0.8154
vn -0.8426 0.1656 0.5125
vn 0.8649 -0.2388 -0.4414
vn 0.8734 -0.2390 -0.4243
vn 0.8737 -0.2390 -0.4237
vn -0.5513 0.1238 0.8251
vn -0.8478 0.2874 0.4457
vn -0.1304 0.8082 -0.5743
vn -0.5893 0.7867 -0.1841
vn 0.8976 -0.2566 -0.3585
vn 0.8815 -0.2391 -0.4073
vn 0.8251 -0.1469 -0.5455
vn -0.7756 0.3075 -0.5513
vn -0.8267 0.1378 0.5456
vt 1.000000 0.653896
vt 0.687047 0.687047
vt 0.660125 0.660125
vt 1.000000 0.623567
vt 0.648602 0.648602
vt 0.618963 0.616865
vt 1.000000 0.705327
vt 0.580446 0.411218
vt 0.584304 0.437888
vt 0.564429 0.435085
vt 0.558278 0.421552
vt 0.707284 0.262578
vt 0.751123 0.263861
vt 0.746855 0.292858
vt 0.735899 0.297930
vt 0.704958 0.312136
vt 0.778836 0.410957
vt 0.777446 0.439299
vt 0.736576 0.440495
vt 0.743119 0.393520
vt 0.768967 0.406107
vt 0.566469 0.436368
vt 0.585146 0.449285
vt 0.707996 0.233698
vt 0.734270 0.236353
vt 0.751965 0.251890
vt 0.592604 0.109794
vt 0.590686 0.085131
vt 0.604968 0.085939
vt 0.608155 0.115689
vt 0.594514 0.038877
vt 0.590686 0.085131
vt 0.583771 0.045449
vt 0.588929 0.041934
vt 0.734726 0.470223
vt 0.777135 0.453549
vt 0.771750 0.458089
vt 0.759838 0.467510
vt 0.752905 0.469872
vt 0.578097 0.575139
vt 0.046932 0.000000
vt 0.125925 0.000000
vt 0.686325 0.303956
vt 0.685542 0.262578
s 0
f 1765/2730/1150 1764/2731/1150 1752/2732/1150 1756/2733/1150
f 1773/2734/1151 1771/2735/1151 1774/2736/1151
s 1
f 1763/2737/1152 1748/2738/1153 1753/2739/1154 1751/2740/1152
f 1749/2741/1155 1748/2742/1156 1763/2743/1157 1762/2744/1158 1760/2745/1159
f 1763/2746/1157 1748/2747/1160 1749/2748/1161 1761/2749/1162 1762/2750/1158
f 1753/2751/1154 1748/2738/1153 1766/2752/1163
f 1748/2742/1164 1749/2741/1164 1757/2753/1165 1767/2754/1166 1766/2755/1164
f 1750/2756/1167 1768/2757/1167 1749/2758/1167 1757/2759/1167
f 1761/2760/1162 1749/2758/1161 1768/2761/1168 1772/2762/1168 1770/2763/1168
f 1757/2764/1165 1749/2748/1169 1748/2747/1169 1766/2765/1169 1754/2766/1169 1755/2767/1169 1767/2768/1166
s 0
f 1758/2769/1170 1769/2770/1170 1759/2771/1170
s 1
f 1760/2772/1159 1768/2773/1171 1749/2741/1155
g Wine_Glass_cell.087_Wine_Glass_cell.086
v -0.044129 0.327917 -0.024197
v -0.051237 0.327917 -0.008181
v -0.048994 0.310801 0.004581
v -0.051199 0.313648 0.009510
v -0.047979 0.327917 0.008199
v -0.036114 0.327917 -0.036191
v -0.042335 0.307924 -0.042418
v -0.055445 0.309674 -0.006959
v -0.053944 0.309390 0.000931
v -0.054467 0.309577 -0.014439
v -0.048494 0.308748 -0.026005
v -0.051199 0.313648 0.009510
v -0.047979 0.327917 0.008199
v -0.055445 0.309674 -0.006959
v -0.054467 0.309577 -0.014439
v -0.048994 0.310801 0.004581
v -0.048494 0.308748 -0.026005
vn 0.8666 -0.1519 0.4754
vn -0.9504 0.1703 -0.2601
vn -0.2666 0.0350 -0.9632
vn 0.1924 -0.0493 -0.9801
vn -0.9594 0.1789 0.2182
vn 0.2371 0.9706 0.0420
vn -0.8939 0.2580 -0.3665
vn -0.8450 0.3168 -0.4308
vn -0.1506 -0.9886 -0.0069
vn 0.9049 -0.2131 0.3685
vt 0.357110 0.357110
vt 0.561052 0.360251
vt 0.388642 0.388642
vt 0.700709 0.348220
vt 0.663850 0.348219
vt 0.664684 0.307377
vt 0.682410 0.306742
vt 0.693321 0.311505
vt 0.702160 0.316275
vt 0.627436 0.349285
vt 0.621862 0.307678
vt 0.648914 0.307541
vt 0.661939 0.307478
vt 0.604627 0.358788
vt 0.637261 0.357624
vt 0.635070 0.397026
vt 0.599053 0.397315
vt 1.000000 0.162645
vt 1.000000 0.307358
vt 0.902744 0.513529
vt 0.530118 0.041445
vt 0.527501 0.000000
vt 0.560806 0.000506
vt 0.567049 0.041142
vt 0.586824 0.038712
vt 0.580524 0.042552
vt 0.584490 0.001845
s 0
f 1790/2774/1172 1787/2775/1172 1786/2776/1172
s 1
f 1779/2777/1173 1776/2778/1174 1788/2779/1174 1783/2780/1174 1777/2781/1175 1778/2782/1176
f 1776/2778/1177 1775/2783/1177 1791/2784/1178 1789/2785/1178 1788/2786/1178
f 1775/2787/1179 1780/2788/1179 1781/2789/1179 1791/2790/1179
s 0
f 1782/2791/1180 1784/2792/1180 1785/2793/1180
s 1
f 1791/2794/1181 1775/2795/1177 1776/2796/1177 1788/2797/1181
f 1777/2798/1175 1783/2799/1174 1788/2797/1174 1776/2796/1174 1779/2800/1173
g Wine_Glass_cell.088_Wine_Glass_cell.087
v -0.004515 0.121754 -0.007556
v -0.000893 0.113917 -0.006288
v -0.005257 0.113917 -0.003275
v -0.004939 0.100747 -0.004121
v 0.001059 0.118937 -0.005479
v 0.000638 0.118289 -0.011032
v -0.001556 0.099288 -0.009039
v -0.005257 0.113917 -0.003275
v -0.004939 0.100747 -0.004121
v 0.001059 0.118937 -0.005479
v -0.001556 0.099288 -0.009039
v 0.000638 0.118289 -0.011032
v -0.000893 0.113917 -0.006288
vn -0.0802 0.4837 0.8715
vn -0.9815 -0.0114 -0.1912
vn 0.4871 0.8625 -0.1376
vn -0.5321 -0.1041 -0.8403
vn 0.7941 -0.1469 0.5898
vn 0.7138 -0.2589 0.6507
vn 0.7549 -0.1260 0.6436
vn 0.5631 -0.1325 0.8157
vn 0.8812 -0.3865 0.2722
vn 0.9332 -0.3582 -0.0290
vt 0.945294 0.181687
vt 0.886734 0.000000
vt 1.000000 0.000000
vt 0.303075 0.303075
vt 0.000000 0.000000
vt 1.000000 0.176666
vt 1.000000 0.928589
vt 1.000000 1.000000
vt 0.928923 0.928923
vt 0.913009 0.913009
vt 0.938945 0.688767
vt 0.952764 0.000000
vt 0.179014 0.738085
vt 0.181892 0.706326
vt 0.182255 0.737503
vt 0.182255 0.737503
vt 0.186152 0.706326
vt 0.142348 0.732032
vt 0.148562 0.724107
vt 0.146389 0.732939
vt 0.187075 0.695442
s 0
f 1799/2801/1182 1796/2802/1182 1792/2803/1182
f 1799/2804/1183 1792/2805/1183 1800/2806/1183
f 1803/2807/1184 1792/2808/1184 1796/2809/1184
f 1800/2803/1185 1792/2808/1185 1803/2810/1185 1793/2811/1185 1802/2812/1185
s 1
f 1798/2813/1186 1804/2814/1187 1795/2815/1188
f 1795/2816/1188 1804/2814/1187 1794/2817/1189
f 1801/2818/1190 1804/2819/1187 1797/2820/1191
f 1801/2821/1190 1794/2817/1189 1804/2814/1187
g Wine_Glass_cell.089_Wine_Glass_cell.088
v 0.007417 0.168421 -0.021062
v 0.015537 0.168136 -0.016880
v 0.014167 0.186432 -0.035540
v 0.006861 0.189479 -0.037937
v 0.018230 0.185160 -0.031875
v 0.024871 0.184095 -0.020747
v 0.023103 0.186076 -0.015116
v 0.014676 0.172891 -0.013443
v 0.011816 0.168421 -0.012888
v -0.005586 0.185692 -0.037848
v -0.000623 0.190719 -0.040249
v -0.002607 0.171259 -0.032322
v 0.001827 0.169681 -0.025785
v -0.005464 0.175424 -0.035527
v -0.007097 0.181650 -0.034862
v 0.018230 0.185160 -0.031875
v 0.024871 0.184095 -0.020747
v 0.023103 0.186076 -0.015116
vn 0.4342 0.8837 -0.1746
vn 0.2072 -0.7020 -0.6814
vn -0.1792 -0.9710 -0.1582
vn -0.3744 -0.9051 0.2015
vn 0.2619 -0.6237 -0.7365
vn 0.8007 -0.5972 -0.0463
vn 0.6215 -0.7834 -0.0017
vn 0.4083 -0.7990 -0.4415
vn 0.5490 -0.5997 -0.5822
vn -0.0796 0.2416 0.9671
vn -0.3616 -0.4781 0.8004
vn 0.0470 0.2357 0.9707
vn -0.7908 -0.1439 -0.5949
vn -0.3693 0.4372 0.8201
vn -0.7636 0.5901 0.2623
vt 0.219906 0.164616
vt 0.247477 0.000000
vt 0.258189 0.054442
vt 0.666602 0.500678
vt 0.812539 0.494315
vt 1.000000 0.693187
vt 0.360628 0.035760
vt 0.365770 0.000000
vt 0.385343 0.000275
vt 0.390233 0.042711
vt 0.372537 0.038605
vt 0.334819 0.033921
vt 0.347681 0.000275
vt 0.360628 0.035760
vt 0.339159 0.008036
vt 0.342701 0.000557
vt 0.326357 0.035189
vt 0.695401 0.679404
vt 0.700815 0.674884
vt 0.694277 0.695088
vt 0.931335 0.363226
vt 0.941392 0.358036
vt 0.947055 0.394939
vt 0.929860 0.397250
vt 0.920376 0.388072
vt 0.922899 0.371632
vt 0.104032 0.833221
vt 0.089146 0.875024
vt 0.074654 0.874600
vt 0.079609 0.834708
vt 0.069559 0.874600
vt 0.069529 0.864304
vt 0.177100 0.541201
vt 0.190941 0.527360
vt 0.195701 0.534484
s 0
f 1809/2822/1192 1811/2823/1192 1821/2824/1192
s 1
f 1817/2825/1193 1805/2826/1194 1813/2827/1195
f 1820/2828/1196 1805/2829/1194 1817/2830/1193 1808/2831/1196 1807/2832/1196
f 1810/2833/1197 1806/2834/1198 1805/2829/1199 1820/2835/1200
f 1812/2836/1201 1813/2837/1202 1806/2834/1198 1810/2833/1197 1822/2838/1203
f 1819/2839/1204 1814/2840/1204 1818/2841/1204
f 1816/2842/1205 1817/2843/1205 1808/2844/1205 1815/2845/1205 1814/2846/1205 1818/2847/1205
f 1820/2848/1206 1805/2849/1206 1813/2850/1202 1822/2851/1203
f 1822/2851/1203 1813/2852/1202 1812/2853/1201
f 1805/2854/1199 1806/2855/1198 1813/2856/1202
g Wine_Glass_cell.090_Wine_Glass_cell.089
v -0.007208 0.138299 -0.012955
v -0.005000 0.144917 -0.009048
v 0.003400 0.145817 -0.011853
v -0.010401 0.140058 -0.017915
v -0.006623 0.136722 -0.019631
v -0.009841 0.145817 -0.016574
v -0.005464 0.148861 -0.015815
v -0.000245 0.149253 -0.013400
v -0.001182 0.139496 -0.018519
v -0.010401 0.140058 -0.017915
v -0.009841 0.145817 -0.016574
v -0.006623 0.136722 -0.019631
v -0.005464 0.148861 -0.015815
v 0.003400 0.145817 -0.011853
v -0.000245 0.149253 -0.013400
v -0.001182 0.139496 -0.018519
vn -0.8466 -0.0412 0.5306
vn -0.8425 -0.0364 0.5375
vn 0.4743 -0.8125 0.3388
vn 0.3160 -0.5583 0.7671
vn -0.0528 0.2860 -0.9568
vn -0.0371 0.2898 -0.9564
vn 0.2503 0.3299 -0.9102
vn 0.1950 0.3661 -0.9099
vn 0.4175 0.0341 -0.9080
vn 0.4781 0.3363 -0.8114
vn -0.2168 0.2413 -0.9459
vn -0.6232 -0.7716 0.1276
vn -0.2378 0.7490 0.6184
vt 0.768230 0.005239
vt 0.429110 0.429110
vt 0.000000 0.000000
vt 1.000000 0.000000
vt 0.770137 0.770137
vt 0.934304 0.163123
vt 0.550175 0.067012
vt 0.463275 0.000000
vt 0.527045 0.000000
vt 1.000000 1.000000
vt 0.169609 0.771311
vt 0.166858 0.790423
vt 0.159226 0.790159
vt 0.159989 0.776004
vt 0.151876 0.798022
vt 0.150965 0.790115
vt 0.157724 0.798228
vt 0.159989 0.776004
vt 0.928294 0.265218
vt 0.927600 0.252144
vt 0.929551 0.253427
vt 0.843604 0.000000
vt 1.000000 0.429110
vt 0.775634 0.775634
vt 0.665751 0.052271
vt 0.899430 0.325534
vt 0.993711 0.694493
s 0
f 1833/2857/1207 1832/2858/1207 1823/2859/1207
f 1824/2860/1208 1833/2861/1208 1823/2859/1208
f 1834/2862/1209 1838/2863/1209 1836/2864/1209 1823/2860/1209
f 1836/2865/1210 1824/2860/1210 1823/2866/1210
s 1
f 1827/2867/1211 1828/2868/1212 1835/2869/1213 1831/2870/1214
f 1837/2871/1215 1825/2872/1216 1835/2873/1213
f 1835/2869/1213 1825/2872/1216 1831/2874/1214
f 1828/2875/1212 1827/2876/1211 1826/2877/1217
s 0
f 1834/2878/1218 1823/2860/1218 1832/2879/1218
f 1833/2880/1219 1824/2859/1219 1836/2881/1219 1830/2882/1219 1829/2883/1219
g Wine_Glass_cell.091_Wine_Glass_cell.090
v -0.059721 0.261185 0.014292
v -0.051431 0.243131 0.021752
v -0.046525 0.236660 0.017972
v -0.053776 0.261185 0.023190
v -0.052506 0.273793 0.022259
v -0.058151 0.274546 0.013642
v -0.057992 0.232746 0.000797
v -0.052751 0.233900 0.000815
v -0.055554 0.232123 0.012567
v -0.050712 0.233390 0.010561
v -0.051009 0.232447 0.019457
v -0.060789 0.272861 0.001457
v -0.064040 0.261185 -0.007424
v -0.059533 0.263663 -0.007442
v -0.059963 0.235360 -0.007075
v -0.054841 0.236521 -0.007076
v -0.055554 0.232123 0.012567
v -0.051009 0.232447 0.019457
v -0.057992 0.232746 0.000797
v -0.052751 0.233900 0.000815
v -0.050712 0.233390 0.010561
v -0.064040 0.261185 -0.007424
v -0.059963 0.235360 -0.007075
v -0.046525 0.236660 0.017972
v -0.051431 0.243131 0.021752
v -0.054841 0.236521 -0.007076
vn 0.4504 -0.1705 0.8764
vn 0.3383 -0.9369 -0.0880
vn 0.2043 -0.9121 -0.3555
vn -0.8220 -0.1505 0.5492
vn -0.3588 0.4788 0.8013
vn 0.1501 0.7497 0.6446
vn -0.9130 -0.1534 0.3782
vn -0.9126 -0.1534 0.3789
vn -0.9696 -0.1505 0.1929
vn -0.8251 0.1238 0.5513
vn 0.9747 -0.2065 -0.0853
vn 0.9028 0.3311 -0.2745
vn 0.8989 0.3310 -0.2871
vn 0.8574 0.3272 -0.3973
vn 0.9279 0.3302 -0.1730
vn 0.0028 -0.0131 -0.9999
vt 0.174538 0.000000
vt 1.000000 0.378136
vt 0.079795 0.000000
vt 0.848336 0.000000
vt 0.662844 0.127474
vt 0.280495 0.280495
vt 0.216634 0.216634
vt 0.532978 0.089666
vt 0.663785 0.000000
vt 0.220482 0.220482
vt 0.149683 0.149683
vt 1.000000 0.223855
vt 1.000000 0.289499
vt 0.726419 0.140379
vt 0.728559 0.160632
vt 0.730660 0.199973
vt 0.708843 0.199334
vt 0.706901 0.136048
vt 0.659978 0.199334
vt 0.662488 0.143096
vt 0.680377 0.137403
vt 0.706901 0.136048
vt 0.729193 0.227951
vt 0.708111 0.229007
vt 0.578719 0.135261
vt 0.593756 0.120220
vt 0.608667 0.120469
vt 0.611553 0.147414
vt 0.579571 0.145606
vt 0.739517 0.563830
vt 0.732754 0.501923
vt 0.752903 0.501333
vt 0.755788 0.537727
vt 0.751323 0.562981
vt 0.602299 0.209220
vt 0.584261 0.205919
vt 0.574876 0.200649
vt 0.220482 0.000000
vt 0.211938 0.032378
vt 0.149683 0.000000
s 0
f 1862/2884/1220 1840/2885/1220 1856/2886/1220
f 1856/2887/1221 1855/2888/1221 1857/2889/1221 1858/2890/1221 1859/2891/1221 1862/2892/1221
f 1861/2893/1222 1864/2894/1222 1858/2895/1222 1857/2896/1222
s 1
f 1849/2897/1223 1863/2898/1224 1842/2899/1225 1839/2900/1226 1847/2901/1227
f 1839/2900/1226 1860/2902/1228 1853/2903/1228 1845/2904/1228 1847/2905/1227
f 1839/2900/1229 1842/2899/1229 1843/2906/1229 1844/2907/1229
f 1852/2908/1230 1850/2909/1230 1844/2910/1230 1839/2911/1230 1860/2912/1230
f 1848/2913/1231 1839/2914/1232 1842/2915/1225 1863/2916/1224 1841/2917/1233
f 1860/2912/1234 1839/2911/1232 1848/2918/1231 1846/2919/1234 1854/2920/1234
s 0
f 1861/2921/1235 1851/2922/1235 1864/2923/1235
g Wine_Glass_cell.092_Wine_Glass_cell.091
v -0.007012 0.025308 -0.012598
v -0.007119 0.003718 -0.012566
v -0.018401 0.018776 -0.029101
v -0.015851 0.003718 -0.025262
v -0.010381 0.023130 -0.017478
v -0.023293 0.016080 -0.036348
v -0.022520 0.003718 -0.035479
v -0.015113 0.003718 -0.044172
v -0.015765 0.013420 -0.048906
v -0.020367 0.014578 -0.044161
v -0.007119 0.003718 -0.012566
v -0.015851 0.003718 -0.025262
v -0.018401 0.018776 -0.029101
v -0.010381 0.023130 -0.017478
v -0.023293 0.016080 -0.036348
v -0.015765 0.013420 -0.048906
v -0.020367 0.014578 -0.044161
v -0.022520 0.003718 -0.035479
v -0.015113 0.003718 -0.044172
vn -0.8239 0.0049 0.5667
vn -0.8334 -0.0061 0.5526
vn 0.9647 0.0525 -0.2581
vn -0.8079 -0.2619 -0.5280
vn -0.1637 0.9556 -0.2450
vn -0.1165 0.9576 -0.2633
vn -0.0825 0.9576 -0.2760
vn -0.0544 0.9566 -0.2862
vn -0.0000 -1.0000 -0.0000
vt 1.000000 0.521681
vt 0.301140 0.301140
vt 0.083122 0.000000
vt 0.299178 0.115202
vt 1.000000 0.377924
vt 0.377924 0.377924
vt 1.000000 0.422633
vt 1.000000 0.536897
vt 0.521681 0.521681
vt 1.000000 0.000000
vt 1.000000 0.301140
vt 0.551067 0.551067
vt 0.455447 0.455447
vt 0.907127 0.082078
vt 0.727617 0.283946
vt 0.462677 0.000000
vt 0.549336 0.000000
vt 1.000000 0.464842
vt 1.000000 0.569682
vt 0.060210 0.422235
vt 0.078073 0.414934
vt 0.107886 0.405488
vt 0.055999 0.440158
vt 0.110064 0.407666
vt 0.058626 0.454509
vt 0.055999 0.440158
vt 0.045921 0.031680
vt 0.054801 0.022801
vt 0.040907 0.036694
vt 0.030296 0.047306
s 0
f 1876/2924/1236 1875/2925/1236 1865/2926/1236 1878/2927/1236 1877/2928/1236
f 1877/2929/1237 1879/2930/1237 1882/2931/1237 1876/2932/1237
f 1865/2933/1238 1875/2934/1238 1883/2935/1238 1880/2936/1238 1878/2937/1238
f 1881/2938/1239 1880/2939/1239 1883/2940/1239 1882/2941/1239 1879/2942/1239
s 1
f 1870/2943/1240 1867/2944/1240 1869/2945/1241 1874/2946/1242
f 1869/2947/1241 1873/2948/1243 1874/2949/1242
f 1872/2950/1244 1866/2951/1244 1868/2952/1244 1871/2953/1244
g Wine_Glass_cell.093_Wine_Glass_cell.092
v -0.022981 0.327917 0.034107
v -0.037831 0.327917 0.024185
v -0.006792 0.327917 0.037328
v -0.006915 0.322396 0.034741
v -0.043642 0.327614 0.008694
v -0.006932 0.318956 0.039486
v -0.016415 0.306350 0.040675
v -0.050314 0.313874 0.011551
v -0.047683 0.310599 0.016899
v -0.021437 0.298568 0.037725
v -0.027095 0.296934 0.035738
v -0.025701 0.298777 0.040675
v -0.032814 0.298979 0.035865
v -0.040475 0.303786 0.029362
v -0.006792 0.327917 0.037328
v -0.006915 0.322396 0.034741
v -0.006932 0.318956 0.039486
v -0.016415 0.306350 0.040675
v -0.021437 0.298568 0.037725
v -0.025701 0.298777 0.040675
v -0.025701 0.298777 0.040675
v -0.032814 0.298979 0.035865
v -0.027095 0.296934 0.035738
vn 0.9998 -0.0179 -0.0094
vn 0.4540 -0.5567 0.6957
vn -0.1897 0.2327 0.9539
vn -0.8346 0.5018 0.2272
vn -0.5716 0.4162 0.7071
vn -0.7385 0.4799 0.4737
vn -0.8595 0.4556 -0.2315
vn -0.4720 0.5099 0.7192
vn -0.5403 0.2327 0.8086
vn 0.1411 0.9757 -0.1678
vn -0.8215 0.3086 0.4794
vn 0.1067 -0.1887 -0.9762
vn 0.5446 -0.2032 -0.8137
vn -0.2995 -0.8630 0.4068
vt 0.321593 0.321593
vt 1.000000 0.372471
vt 1.000000 0.405172
vt 1.000000 0.368442
vt 0.154915 0.154915
vt 0.106803 0.106803
vt 0.531003 0.413719
vt 0.519407 0.399924
vt 0.499393 0.374068
vt 0.500020 0.355686
vt 0.536447 0.355686
vt 0.549819 0.419467
vt 0.539508 0.415457
vt 0.572861 0.358788
vt 0.576357 0.408366
vt 0.706959 0.316845
vt 0.719668 0.309876
vt 0.746627 0.297423
vt 0.739680 0.349285
vt 0.705294 0.348279
vt 0.817584 0.355687
vt 0.847746 0.356569
vt 0.849531 0.368550
vt 0.850762 0.380183
vt 0.836415 0.404299
vt 0.826541 0.419362
vt 0.820766 0.420568
vt 0.779063 0.406328
vt 0.781547 0.355686
vt 0.820766 0.420568
vt 0.813724 0.422725
vt 0.803940 0.418205
vt 0.815289 0.094995
vt 0.597292 0.000000
vt 0.719300 0.000000
s 0
f 1889/2954/1245 1899/2955/1245 1886/2956/1245
f 1890/2957/1246 1904/2958/1246 1902/2959/1246
s 1
f 1903/2960/1247 1901/2961/1248 1900/2962/1249 1898/2963/1250 1884/2964/1251
f 1905/2965/1252 1903/2966/1253 1884/2964/1254 1885/2967/1254 1897/2968/1254
f 1891/2969/1255 1892/2970/1255 1897/2971/1255 1885/2972/1255 1888/2973/1255
f 1884/2974/1251 1898/2975/1250 1887/2976/1256 1900/2977/1249 1901/2978/1248 1893/2979/1256 1903/2980/1256
f 1897/2981/1254 1885/2982/1254 1884/2974/1254 1903/2983/1257 1906/2984/1257 1905/2985/1252
s 0
f 1895/2986/1258 1896/2987/1258 1894/2988/1258
g Wine_Glass_cell.094_Wine_Glass_cell.093
v 0.053263 0.261185 -0.008181
v 0.044937 0.249920 0.001144
v 0.047118 0.261187 0.001417
v 0.045742 0.274364 0.000982
v 0.049063 0.247135 0.001973
v 0.043453 0.242127 0.000827
v 0.049329 0.245949 -0.016070
v 0.046042 0.255476 -0.017495
v 0.047130 0.261187 -0.017720
v 0.048522 0.283082 -0.018018
v 0.050542 0.282586 -0.008181
v 0.047343 0.235454 0.001507
v 0.045819 0.283886 -0.011644
v 0.045312 0.242465 -0.008181
v 0.044725 0.248163 -0.016818
v 0.050027 0.240331 -0.008181
v 0.044677 0.286422 -0.015972
v 0.044937 0.249920 0.001144
v 0.047118 0.261187 0.001417
v 0.043453 0.242127 0.000827
v 0.045312 0.242465 -0.008181
v 0.045312 0.242465 -0.008181
v 0.045312 0.242465 -0.008181
v 0.044725 0.248163 -0.016818
v 0.047343 0.235454 0.001507
v 0.050027 0.240331 -0.008181
v 0.049063 0.247135 0.001973
v 0.049329 0.245949 -0.016070
v 0.047130 0.261187 -0.017720
v 0.044677 0.286422 -0.015972
v 0.048522 0.283082 -0.018018
v 0.045742 0.274364 0.000982
v 0.045819 0.283886 -0.011644
v 0.050542 0.282586 -0.008181
vn -0.1936 -0.0076 0.9810
vn -0.3039 -0.8046 -0.5101
vn -0.2157 0.7802 0.5871
vn -0.6576 -0.6690 -0.3464
vn -0.9715 -0.2371 0.0012
vn -0.2408 -0.6429 0.7271
vn -0.2830 -0.6511 0.7042
vn -0.8599 -0.4220 -0.2873
vn -0.2709 0.6170 -0.7388
vn 0.9817 -0.1196 -0.1480
vn 0.9936 -0.1068 -0.0357
vn 0.8034 -0.1545 -0.5751
vn -0.7373 0.6216 -0.2645
vn 0.9486 -0.0589 0.3109
vn 0.9878 0.1448 -0.0570
vn 0.9848 0.1397 0.1032
vn 0.9254 0.1441 -0.3506
vn 0.9958 0.0625 -0.0666
vn -0.8847 0.2774 -0.3747
vn -0.9506 0.3099 0.0189
vn -0.9488 0.3066 -0.0765
vn -0.1887 0.0127 0.9820
vn -0.4581 0.0170 -0.8887
vn -0.8853 -0.1673 0.4339
vt 0.381610 0.381610
vt 0.336364 0.336364
vt 0.721206 0.000000
vt 0.826148 0.000000
vt 1.000000 0.046508
vt 0.588082 0.000000
vt 1.000000 0.000000
vt 0.693665 0.050172
vt 1.000000 0.384969
vt 0.670084 0.067962
vt 1.000000 0.411918
vt 0.993201 0.448788
vt 0.817949 0.817949
vt 0.704336 0.704336
vt 0.043350 0.664837
vt 0.023397 0.665421
vt 0.024932 0.636610
vt 0.044325 0.620267
vt 0.283291 0.185917
vt 0.281463 0.200897
vt 0.264949 0.201831
vt 0.271528 0.156291
vt 0.272688 0.157447
vt 0.282318 0.167849
vt 0.284996 0.170749
vt 0.292883 0.563701
vt 0.280653 0.519708
vt 0.301987 0.516377
vt 0.309759 0.546090
vt 0.315650 0.570883
vt 0.269276 0.249244
vt 0.285043 0.249458
vt 0.284063 0.260284
vt 0.272750 0.252105
vt 0.297531 0.486421
vt 0.301987 0.516377
vt 0.275243 0.472435
vt 0.026251 0.707921
vt 0.024927 0.690549
vt 0.023397 0.665421
vt 0.044950 0.706619
vt 0.824975 0.184298
vt 1.000000 0.336364
vt 1.000000 0.381610
vt 0.414661 0.323278
vt 0.393889 0.000000
vt 0.429907 0.000000
vt 0.064815 0.664837
vt 0.064795 0.677582
vt 0.063897 0.693903
vt 0.044950 0.706619
vt 0.064818 0.619993
vt 0.064815 0.664837
vt 0.052226 0.615252
s 0
f 1933/2989/1259 1908/2990/1259 1926/2991/1259 1931/2992/1259
f 1934/2993/1260 1927/2994/1260 1930/2995/1260
f 1919/2996/1261 1910/2997/1261 1917/2998/1261
f 1928/2999/1262 1932/3000/1262 1931/3001/1262 1926/3002/1262
s 1
f 1907/3003/1263 1925/3004/1264 1938/3005/1265 1939/3006/1266
f 1914/3007/1267 1935/3008/1267 1907/3009/1268 1922/3010/1269 1920/3011/1270 1913/3012/1270 1921/3013/1271
f 1922/3014/1269 1907/3015/1268 1925/3016/1272 1911/3017/1272 1918/3018/1272
f 1940/3019/1273 1907/3009/1274 1935/3008/1275 1937/3020/1275 1936/3021/1276 1939/3022/1266
f 1938/3023/1265 1925/3024/1264 1907/3015/1274 1940/3025/1273
f 1912/3026/1277 1924/3027/1277 1925/3028/1277 1907/3003/1278 1929/3029/1279
s 0
f 1909/3030/1280 1908/3031/1280 1933/3032/1280
f 1915/3033/1281 1923/3034/1281 1916/3035/1281
s 1
f 1907/3003/1278 1935/3036/1267 1914/3037/1267 1921/3038/1271 1929/3039/1279
f 1936/3040/1276 1935/3041/1282 1907/3003/1263 1939/3042/1266
g Wine_Glass_cell.095_Wine_Glass_cell.094
v -0.005449 0.134605 -0.008837
v -0.004842 0.133049 -0.019224
v 0.001561 0.137256 -0.017354
v 0.004938 0.140491 -0.010880
v 0.005152 0.133082 -0.010968
v 0.000274 0.130727 -0.017135
v 0.000274 0.130727 -0.017135
v -0.004842 0.133049 -0.019224
v 0.001561 0.137256 -0.017354
v 0.004938 0.140491 -0.010880
v 0.005152 0.133082 -0.010968
vn -0.4468 -0.8882 0.1070
vn -0.5101 0.8458 -0.1565
vn 0.1963 -0.0060 0.9805
vn -0.0530 -0.9182 0.3926
vn 0.3377 -0.0980 -0.9361
vn 0.7302 -0.0918 -0.6771
vn 0.5834 -0.1418 -0.7997
vn 0.8524 -0.0610 -0.5193
vn 0.8797 0.0311 -0.4745
vt 1.000000 0.000000
vt 1.000000 0.258235
vt 0.351504 0.000000
vt 0.501098 0.039403
vt 0.404908 0.228951
vt 0.258235 0.258235
vt 0.000000 0.000000
vt 0.475157 0.475157
vt 0.321262 0.274048
vt 0.096671 0.096671
vt 0.269139 0.029947
vt 0.167643 0.762077
vt 0.160168 0.766951
vt 0.163418 0.756199
vt 0.140783 0.771158
vt 0.150221 0.772885
vt 0.141626 0.777486
vt 0.150576 0.757616
vt 0.150136 0.770934
vt 0.141659 0.760738
s 0
f 1941/3043/1283 1948/3044/1283 1947/3045/1283
f 1950/3046/1284 1949/3047/1284 1948/3048/1284 1941/3049/1284
f 1950/3050/1285 1941/3049/1285 1951/3051/1285
f 1951/3052/1286 1941/3049/1286 1947/3053/1286
s 1
f 1942/3054/1287 1943/3055/1288 1946/3056/1289
f 1945/3057/1290 1943/3058/1288 1944/3059/1291
f 1946/3060/1289 1943/3061/1288 1945/3062/1290
g Wine_Glass_cell.096_Wine_Glass_cell.095
v -0.009050 0.132104 -0.006929
v -0.008338 0.122515 -0.007308
v -0.014935 0.126517 -0.004259
v -0.012374 0.120895 -0.004603
v -0.015598 0.131643 -0.003984
vn -0.4987 -0.1751 -0.8489
vn -0.4146 0.0017 -0.9100
vn 0.4455 0.0533 0.8937
vn 0.4100 0.0042 0.9121
vt 0.815175 0.000000
vt 1.000000 0.000000
vt 1.000000 0.088557
vt 0.211225 0.211225
vt 0.000000 0.000000
vt 0.855375 0.200556
vt 1.000000 0.959316
vt 1.000000 1.000000
vt 0.505991 0.453833
vt 1.000000 0.945778
vt 0.962731 0.933111
s 0
f 1954/3063/1292 1953/3064/1292 1955/3065/1292
f 1956/3066/1293 1952/3067/1293 1953/3064/1293 1954/3068/1293
f 1955/3069/1294 1953/3070/1294 1952/3067/1294 1954/3071/1294
f 1954/3072/1295 1952/3070/1295 1956/3073/1295
g Wine_Glass_cell.097_Wine_Glass_cell.096
v -0.060570 0.289662 -0.008181
v -0.063210 0.268228 -0.008608
v -0.061385 0.273269 -0.001801
v -0.062042 0.271371 -0.012474
v -0.059949 0.283924 -0.014973
v -0.059364 0.289662 -0.002117
v -0.059357 0.289662 -0.014281
v -0.058473 0.298258 -0.008181
v -0.062042 0.271371 -0.012474
v -0.059949 0.283924 -0.014973
v -0.059357 0.289662 -0.014281
v -0.058473 0.298258 -0.008181
v -0.059364 0.289662 -0.002117
v -0.063210 0.268228 -0.008608
v -0.061385 0.273269 -0.001801
vn 0.9770 -0.2121 -0.0224
vn 0.9935 -0.1134 0.0054
vn -0.9838 0.1795 -0.0016
vn -0.9688 0.1638 0.1859
vn -0.9715 0.2370 -0.0004
vn -0.9674 0.1646 -0.1924
vn -0.9923 0.1240 -0.0049
vn -0.9758 0.1197 0.1829
vn -0.9732 0.1238 -0.1936
vt 1.000000 0.631664
vt 0.631026 0.631026
vt 0.000000 0.000000
vt 0.107673 0.000000
vt 0.782690 0.240668
vt 0.911080 0.551881
vt 0.938979 0.938979
vt 0.631665 0.631665
vt 0.648353 0.459799
vt 0.659832 0.262578
vt 0.673477 0.262578
vt 0.660735 0.281820
vt 0.647153 0.262949
vt 0.660735 0.281820
vt 0.658676 0.215660
vt 0.676100 0.235521
vt 0.673477 0.262578
vt 0.658676 0.215660
vt 0.645399 0.250248
vt 0.649907 0.222217
s 0
f 1966/3074/1296 1971/3075/1296 1970/3076/1296 1965/3077/1296
f 1968/3078/1297 1969/3079/1297 1971/3080/1297 1966/3081/1297 1967/3082/1297
s 1
f 1957/3083/1298 1962/3084/1299 1964/3085/1300
f 1963/3086/1301 1957/3083/1298 1964/3087/1300
f 1957/3083/1298 1958/3088/1302 1959/3089/1303 1962/3090/1299
f 1958/3091/1302 1957/3083/1298 1963/3086/1301 1961/3092/1304 1960/3093/1304
g Wine_Glass_cell.098_Wine_Glass_cell.097
v -0.046990 0.261185 -0.049708
v -0.044430 0.289662 -0.047147
v -0.049154 0.246407 -0.042421
v -0.043905 0.247239 -0.041962
v -0.047771 0.247638 -0.036316
v -0.036827 0.250566 -0.054554
v -0.039137 0.247430 -0.046739
v -0.033812 0.248217 -0.050481
v -0.045352 0.246259 -0.048070
v -0.048530 0.252637 -0.036932
v -0.049742 0.261187 -0.038112
v -0.047812 0.285374 -0.036262
v -0.049687 0.289662 -0.039279
v -0.044012 0.293082 -0.039527
v -0.044194 0.298614 -0.043645
v -0.038293 0.293254 -0.050214
v -0.035136 0.289274 -0.048955
v -0.037962 0.261185 -0.055740
v -0.039137 0.247430 -0.046739
v -0.033812 0.248217 -0.050481
v -0.033812 0.248217 -0.050481
v -0.033812 0.248217 -0.050481
v -0.036827 0.250566 -0.054554
v -0.037962 0.261185 -0.055740
v -0.043905 0.247239 -0.041962
v -0.047771 0.247638 -0.036316
v -0.049154 0.246407 -0.042421
v -0.045352 0.246259 -0.048070
v -0.047812 0.285374 -0.036262
v -0.044012 0.293082 -0.039527
v -0.049687 0.289662 -0.039279
v -0.044194 0.298614 -0.043645
v -0.038293 0.293254 -0.050214
v -0.035136 0.289274 -0.048955
vn 0.1404 -0.9762 0.1650
vn 0.1524 -0.9808 0.1213
vn -0.2528 0.4804 0.8398
vn 0.7509 0.6432 0.1496
vn 0.8092 0.0208 -0.5872
vn -0.9455 0.2378 -0.2224
vn -0.9516 0.2027 -0.2311
vn 0.9198 0.3366 -0.2015
vn 0.3630 0.8425 -0.3980
vn -0.4685 0.0472 -0.8822
vn -0.2878 0.8438 0.4529
vn -0.7909 -0.1998 -0.5784
vn -0.8032 -0.1937 -0.5634
vn -0.9742 -0.0575 -0.2180
vn -0.2876 0.8439 0.4530
vn -0.4755 -0.3026 -0.8261
vn -0.9631 0.0506 -0.2645
vn 0.0245 -0.9275 -0.3729
vn 0.7195 -0.6255 -0.3018
vn -0.3832 0.1860 -0.9047
vn 0.7685 0.3728 0.5201
vn 0.7018 0.4041 0.5867
vn 0.5235 0.4606 0.7168
vn 0.9743 -0.1776 0.1387
vn 0.1633 -0.3632 0.9173
vn 0.1760 -0.9834 0.0434
vn 0.9644 -0.1026 0.2436
vt 1.000000 0.269100
vt 0.667279 0.000000
vt 0.703101 0.000000
vt 1.000000 0.332721
vt 0.377555 0.377555
vt 0.345747 0.345747
vt 1.000000 0.296899
vt 0.564418 0.273103
vt 1.000000 0.721528
vt 0.313176 0.103252
vt 0.792069 0.792069
vt 0.556745 0.000000
vt 0.595050 0.000000
vt 0.827524 0.180396
vt 1.000000 0.000000
vt 1.000000 0.047221
vt 0.637023 0.434153
vt 0.617730 0.435797
vt 0.627840 0.422654
vt 0.638222 0.410752
vt 0.652043 0.426787
vt 0.657867 0.434153
vt 0.638391 0.410627
vt 0.614231 0.495854
vt 0.635464 0.494045
vt 0.636462 0.527313
vt 0.622559 0.528167
vt 0.615429 0.528034
vt 0.614915 0.517338
vt 0.659428 0.494045
vt 0.660055 0.517714
vt 0.660210 0.524880
vt 0.636461 0.527313
vt 0.616091 0.438184
vt 0.617730 0.435797
vt 0.660777 0.438091
vt 0.505361 0.176189
vt 0.489696 0.176726
vt 0.488063 0.145537
vt 0.510889 0.145216
vt 0.511836 0.164284
vt 0.482493 0.176530
vt 0.467675 0.174476
vt 0.466098 0.146488
vt 0.488542 0.084168
vt 0.489274 0.063244
vt 0.500289 0.075764
vt 0.506505 0.083916
vt 0.476134 0.079661
vt 0.064162 0.000000
vt 1.000000 0.345747
vt 1.000000 0.377555
vt 0.511174 0.092370
s 0
f 1976/3094/1305 1998/3095/1305 1996/3096/1305
f 1998/3097/1306 1980/3098/1306 1978/3099/1306 1996/3100/1306
f 1983/3101/1307 2001/3102/1307 1984/3103/1307
f 1986/3104/1308 2005/3105/1308 2004/3106/1308
f 1995/3107/1309 1992/3108/1309 1994/3109/1309
s 1
f 1973/3110/1310 2002/3111/1311 1985/3112/1312 2003/3113/1313
f 1987/3114/1314 1988/3115/1314 1973/3110/1314 2003/3116/1314
f 1982/3117/1315 1972/3118/1316 1999/3119/1317 1974/3120/1318 1997/3121/1319 1981/3122/1315
f 1972/3118/1316 1989/3123/1320 1977/3124/1320 1993/3125/1320 1999/3126/1317
f 1973/3110/1310 1972/3118/1321 1982/3117/1322 2000/3127/1323 2002/3128/1311
f 1989/3123/1324 1972/3118/1324 1973/3110/1324 1988/3129/1324
f 1997/3130/1319 1975/3131/1325 1972/3132/1326 1982/3133/1315 1981/3134/1315
f 1972/3132/1326 1975/3131/1325 1990/3135/1327 1991/3136/1327 1989/3137/1327
f 1973/3138/1328 2003/3139/1313 1985/3140/1312 2000/3141/1323
f 2003/3139/1329 1973/3138/1329 1988/3142/1329
s 0
f 1979/3143/1330 1978/3144/1330 1980/3145/1330
s 1
f 2000/3146/1323 1982/3133/1322 1972/3132/1331 1973/3138/1328
g Wine_Glass_cell.099_Wine_Glass_cell.098
v -0.050055 0.202667 -0.008181
v -0.054146 0.231909 -0.008181
v -0.059143 0.232878 -0.004888
v -0.058161 0.231467 -0.014913
v -0.046204 0.201676 -0.024389
v -0.039494 0.190413 -0.022277
v -0.040065 0.197373 -0.022514
v -0.032033 0.183643 -0.017032
v -0.036152 0.180705 -0.008181
v -0.036000 0.182692 -0.001092
v -0.043101 0.199935 -0.000558
v -0.054994 0.222768 0.000131
v -0.048521 0.202667 -0.000467
v -0.057690 0.231050 0.000230
v -0.052471 0.231909 0.000237
v -0.052724 0.220260 -0.023771
v -0.052438 0.230519 -0.014960
v -0.047273 0.217925 -0.024537
v -0.054994 0.222768 0.000131
v -0.057690 0.231050 0.000230
v -0.054146 0.231909 -0.008181
v -0.052471 0.231909 0.000237
v -0.059143 0.232878 -0.004888
v -0.058161 0.231467 -0.014913
v -0.046204 0.201676 -0.024389
v -0.046204 0.201676 -0.024389
v -0.040065 0.197373 -0.022514
v -0.032033 0.183643 -0.017032
v -0.039494 0.190413 -0.022277
v -0.036000 0.182692 -0.001092
v -0.048521 0.202667 -0.000467
v -0.043101 0.199935 -0.000558
v -0.052724 0.220260 -0.023771
v -0.052724 0.220260 -0.023771
v -0.052724 0.220260 -0.023771
v -0.052438 0.230519 -0.014960
v -0.047273 0.217925 -0.024537
vn 0.0501 0.9912 0.1223
vn 0.1068 0.9860 -0.1283
vn 0.4693 0.0085 -0.8830
vn 0.0014 -0.0304 0.9995
vn 0.0007 -0.0118 0.9999
vn 0.1010 0.6466 -0.7561
vn 0.1602 0.9741 -0.1594
vn -0.3881 0.0567 0.9199
vn -0.7837 -0.5826 -0.2155
vn -0.3357 0.0966 0.9370
vn -0.9514 -0.3076 0.0110
vn -0.9515 -0.3076 -0.0006
vn 0.1965 -0.6215 0.7583
vn -0.4060 -0.6338 0.6583
vn -0.9366 -0.3037 0.1749
vn 0.9812 0.1561 0.1139
vn 0.9823 0.1541 0.1068
vn 0.9905 0.1330 0.0334
vn 0.9656 0.1772 0.1905
vn -0.1670 -0.0739 -0.9832
vn -0.2315 -0.1149 -0.9660
vn 0.7900 0.5060 -0.3461
vn 0.7271 0.5909 0.3496
vn -0.1470 -0.0187 -0.9890
vn -0.8332 -0.5275 0.1657
vn -0.9411 -0.3033 -0.1496
vt 1.000000 0.279005
vt 1.000000 0.339961
vt 0.667749 0.000000
vt 0.727666 0.000000
vt 0.114569 0.000000
vt 0.183560 0.030907
vt 0.201229 0.201229
vt 0.274660 0.245172
vt 0.222321 0.000000
vt 0.269200 0.147367
vt 0.323953 0.323953
vt 0.148770 0.148770
vt 0.251339 0.000000
vt 0.295920 0.000000
vt 1.000000 0.225961
vt 1.000000 0.288411
vt 0.317365 0.317365
vt 0.453693 0.000000
vt 1.000000 0.646090
vt 1.000000 0.703419
vt 0.703419 0.703419
vt 0.793789 0.000000
vt 0.868109 0.000000
vt 0.670345 0.026452
vt 0.664359 0.072675
vt 0.631988 0.068197
vt 0.638396 0.047742
vt 0.650716 0.029291
vt 0.660228 0.135620
vt 0.681718 0.072675
vt 0.680225 0.115917
vt 0.674059 0.135620
vt 0.576171 0.276210
vt 0.563880 0.275516
vt 0.572138 0.210836
vt 0.585545 0.211594
vt 0.582878 0.231162
vt 0.560608 0.210660
vt 0.531838 0.275028
vt 0.534128 0.241631
vt 0.539657 0.234698
vt 0.554302 0.322182
vt 0.547924 0.322396
vt 0.573605 0.283302
vt 0.531070 0.279349
vt 0.531838 0.275028
vt 0.526261 0.318915
vt 0.386256 0.386256
vt 0.965369 0.374080
vt 0.428775 0.428775
vt 0.670345 0.026452
vt 0.685756 0.030635
vt 0.630314 0.073671
vt 0.641899 0.129559
vt 0.625689 0.105402
s 0
f 2026/3147/1332 2028/3148/1332 2025/3149/1332 2027/3150/1332
f 2026/3151/1333 2029/3152/1333 2028/3153/1333
f 2032/3154/1334 2033/3155/1334 2034/3156/1334 2030/3157/1334
f 2015/3158/1335 2037/3159/1335 2018/3160/1335
f 2027/3161/1336 2025/3162/1336 2017/3163/1336
f 2038/3164/1337 2029/3165/1337 2041/3166/1337
f 2041/3167/1338 2029/3168/1338 2026/3169/1338
s 1
f 2014/3170/1339 2006/3171/1340 2031/3172/1340 2011/3173/1340 2013/3174/1341
f 2008/3175/1342 2006/3171/1343 2036/3176/1344 2024/3177/1345 2019/3178/1346
f 2036/3179/1344 2006/3180/1347 2007/3181/1348 2020/3182/1349 2024/3183/1345
f 2022/3184/1350 2007/3181/1348 2006/3180/1347 2031/3185/1350 2042/3186/1350 2039/3187/1350
f 2035/3188/1351 2014/3189/1352 2006/3180/1353 2036/3179/1353 2016/3190/1353
f 2012/3191/1354 2031/3192/1354 2006/3180/1354 2014/3189/1339 2013/3193/1341
s 0
f 2023/3194/1355 2010/3195/1355 2040/3196/1355
s 1
f 2036/3176/1356 2006/3171/1356 2014/3197/1352 2035/3198/1351
f 2031/3199/1357 2006/3171/1343 2008/3175/1342 2009/3200/1357 2021/3201/1357
