# Blender 4.3.2
# www.blender.org
mtllib ToasterDestructable.mtl
o Toaster
v -0.003934 -0.140968 0.227081
v -0.023226 -0.140968 0.227081
v -0.069678 -0.140968 0.227081
v -0.104851 -0.140968 0.227081
v 0.105827 -0.130902 0.253836
v 0.131734 -0.130902 0.237555
v 0.120784 -0.130902 0.249473
v 0.132794 -0.138020 0.217047
v 0.102568 -0.138020 0.250028
v 0.128744 -0.138020 0.233538
v 0.117681 -0.138020 0.245610
v 0.108366 -0.140968 0.208431
v 0.072014 -0.140968 0.208431
v 0.024005 -0.140968 0.208431
v 0.004066 -0.140968 0.208431
v -0.105827 -0.130902 0.253836
v -0.135742 -0.130902 0.221273
v -0.120784 -0.130902 0.249473
v -0.131734 -0.130902 0.237555
v -0.102568 -0.138020 0.250028
v -0.132794 -0.138020 0.217047
v -0.117681 -0.138020 0.245610
v -0.128744 -0.138020 0.233538
v 0.105827 -0.130902 -0.253836
v 0.120784 -0.130902 -0.249473
v 0.131734 -0.130902 -0.237555
v -0.004066 -0.140968 0.208431
v -0.024005 -0.140968 0.208431
v -0.072014 -0.140968 0.208431
v -0.108366 -0.140968 0.208431
v 0.102568 -0.138020 -0.250028
v 0.132794 -0.138020 -0.217047
v 0.117681 -0.138020 -0.245610
v 0.128744 -0.138020 -0.233538
v 0.108366 -0.140968 -0.208431
v 0.072014 -0.140968 -0.208431
v 0.024005 -0.140968 -0.208431
v 0.004066 -0.140968 -0.208431
v -0.135742 -0.130902 -0.221273
v -0.105827 -0.130902 -0.253836
v -0.131734 -0.130902 -0.237555
v -0.120784 -0.130902 -0.249473
v -0.132794 -0.138020 -0.217047
v -0.102568 -0.138020 -0.250028
v -0.128744 -0.138020 -0.233538
v -0.117681 -0.138020 -0.245610
v 0.135742 0.112403 0.161658
v 0.106284 0.140968 0.166127
v 0.131796 0.126685 0.163893
v 0.121013 0.137141 0.165528
v 0.135742 0.073082 0.221427
v 0.106064 0.073058 0.253836
v 0.131766 0.073070 0.237632
v 0.120903 0.073061 0.249494
v -0.135742 0.073082 0.221427
v -0.106064 0.073058 0.253836
v -0.131766 0.073070 0.237632
v -0.120903 0.073061 0.249494
v -0.135742 0.112403 0.161658
v -0.106284 0.140968 0.166127
v -0.131796 0.126685 0.163893
v -0.121013 0.137141 0.165528
v 0.106064 0.073058 -0.253836
v 0.131766 0.073070 -0.237632
v 0.120903 0.073061 -0.249494
v 0.106284 0.140968 -0.166127
v 0.131796 0.126685 -0.163893
v 0.121013 0.137141 -0.165528
v -0.135742 0.112403 -0.161658
v -0.106284 0.140968 -0.166127
v -0.131796 0.126685 -0.163893
v -0.121013 0.137141 -0.165528
v -0.135742 0.073082 -0.221427
v -0.106064 0.073058 -0.253836
v -0.131766 0.073070 -0.237632
v -0.120903 0.073061 -0.249494
v 0.135742 0.104760 0.185488
v 0.135742 0.083545 0.210935
v 0.106239 0.128384 0.205366
v 0.106171 0.107310 0.230648
v 0.131790 0.116585 0.195388
v 0.131778 0.095400 0.220797
v 0.120991 0.125227 0.202677
v 0.120955 0.104108 0.228011
v -0.135742 0.083545 0.210935
v -0.135742 0.104760 0.185488
v -0.106171 0.107310 0.230648
v -0.106239 0.128384 0.205366
v -0.131778 0.095400 0.220797
v -0.131790 0.116585 0.195388
v -0.120955 0.104108 0.228011
v -0.120991 0.125227 0.202677
v 0.135742 0.084568 -0.209707
v 0.135742 0.104760 -0.185488
v 0.106174 0.108326 -0.229428
v 0.106239 0.128384 -0.205366
v 0.131779 0.096422 -0.219571
v 0.131790 0.116585 -0.195388
v 0.120957 0.105127 -0.226788
v 0.120991 0.125227 -0.202677
v -0.135742 0.104760 -0.185488
v -0.135742 0.084568 -0.209707
v -0.106239 0.128384 -0.205366
v -0.106174 0.108326 -0.229428
v -0.131790 0.116585 -0.195388
v -0.131779 0.096422 -0.219571
v -0.120991 0.125227 -0.202677
v -0.120957 0.105127 -0.226788
v -0.121013 0.141751 -0.135329
v -0.131796 0.131295 -0.134511
v -0.135742 0.117013 -0.133394
v -0.106284 0.145578 -0.135628
v 0.106284 0.145578 -0.135628
v 0.121013 0.141751 -0.135329
v 0.131796 0.131295 -0.134511
v 0.135742 0.117013 -0.133394
v -0.121013 0.141751 0.135329
v -0.131796 0.131295 0.134511
v -0.135742 0.117013 0.133394
v -0.106284 0.145578 0.135628
v 0.106284 0.145578 0.135628
v 0.121013 0.141751 0.135329
v 0.131796 0.131295 0.134511
v 0.135742 0.117013 0.133394
v 0.063296 -0.138020 0.250028
v -0.063296 -0.138020 0.250028
v 0.021099 -0.138020 0.250028
v -0.021099 -0.138020 0.250028
v -0.063296 -0.130902 0.253836
v 0.063296 -0.130902 0.253836
v -0.021099 -0.130902 0.253836
v 0.021099 -0.130902 0.253836
v -0.063296 0.073058 0.253836
v 0.063296 0.073058 0.253836
v -0.021099 0.073058 0.253836
v 0.021099 0.073058 0.253836
v 0.063296 -0.138020 -0.250028
v -0.063296 -0.138020 -0.250028
v 0.021099 -0.138020 -0.250028
v -0.021099 -0.138020 -0.250028
v -0.063296 -0.130902 -0.253836
v 0.063296 -0.130902 -0.253836
v -0.021099 -0.130902 -0.253836
v 0.021099 -0.130902 -0.253836
v 0.063296 0.073058 -0.253836
v -0.063296 0.073058 -0.253836
v 0.021099 0.073058 -0.253836
v -0.021099 0.073058 -0.253836
v -0.063296 0.140968 0.166127
v 0.063296 0.140968 0.166127
v -0.021099 0.140968 0.166127
v 0.021099 0.140968 0.166127
v 0.063296 0.140968 -0.166127
v -0.063296 0.140968 -0.166127
v 0.021099 0.140968 -0.166127
v -0.021099 0.140968 -0.166127
v -0.063296 0.107310 0.230648
v 0.063296 0.107310 0.230648
v -0.021099 0.107310 0.230648
v 0.021099 0.107310 0.230648
v 0.063296 0.128384 0.205366
v -0.063296 0.128384 0.205366
v 0.021099 0.128384 0.205366
v -0.021099 0.128384 0.205366
v -0.063296 0.128384 -0.205366
v 0.063296 0.128384 -0.205366
v -0.021099 0.128384 -0.205366
v 0.021099 0.128384 -0.205366
v 0.063296 0.108326 -0.229428
v -0.063296 0.108326 -0.229428
v 0.021099 0.108326 -0.229428
v -0.021099 0.108326 -0.229428
v -0.004066 -0.140968 -0.208431
v -0.024005 -0.140968 -0.208431
v -0.072014 -0.140968 -0.208431
v -0.108366 -0.140968 -0.208431
v 0.104851 -0.140968 -0.227081
v 0.069678 -0.140968 -0.227081
v 0.023226 -0.140968 -0.227081
v 0.003934 -0.140968 -0.227081
v 0.021099 -0.064461 -0.135628
v 0.021099 -0.064461 0.135628
v 0.063296 -0.064461 0.135628
v 0.063296 -0.064461 -0.135628
v -0.021099 -0.064461 -0.135628
v -0.063296 -0.064461 0.135628
v -0.021099 -0.064461 0.135628
v -0.063296 -0.064461 -0.135628
v 0.068265 0.144835 0.140542
v 0.063296 0.140587 0.135628
v 0.065781 0.144538 0.138085
v 0.063962 0.142983 0.136286
v 0.021099 0.140587 0.135628
v 0.016129 0.144835 0.140542
v 0.020433 0.142983 0.136286
v 0.018614 0.144538 0.138085
v -0.016129 0.144835 0.140542
v -0.021099 0.140587 0.135628
v -0.018614 0.144538 0.138085
v -0.020433 0.142983 0.136286
v -0.063296 0.140587 0.135628
v -0.068265 0.144835 0.140542
v -0.063962 0.142983 0.136286
v -0.065781 0.144538 0.138085
v -0.068265 0.144835 -0.140542
v -0.063296 0.140587 -0.135628
v -0.065781 0.144538 -0.138085
v -0.063962 0.142983 -0.136286
v -0.016129 0.144835 -0.140542
v -0.021099 0.140587 -0.135628
v -0.018614 0.144538 -0.138085
v -0.020433 0.142983 -0.136286
v 0.021099 0.140587 -0.135628
v 0.016129 0.144835 -0.140542
v 0.020433 0.142983 -0.136286
v 0.018614 0.144538 -0.138085
v 0.063296 0.140587 -0.135628
v 0.068265 0.144835 -0.140542
v 0.063962 0.142983 -0.136286
v 0.065781 0.144538 -0.138085
v -0.003934 -0.140968 -0.227081
v -0.023226 -0.140968 -0.227081
v -0.069678 -0.140968 -0.227081
v -0.104851 -0.140968 -0.227081
v 0.003574 0.140968 -0.166127
v -0.003574 0.140968 -0.166127
v 0.003574 0.128384 -0.205366
v -0.003574 0.128384 -0.205366
v -0.003574 0.108326 -0.229428
v 0.003574 0.108326 -0.229428
v 0.003574 0.107310 0.230648
v -0.003574 0.107310 0.230648
v -0.003574 0.128384 0.205366
v 0.003574 0.128384 0.205366
v -0.003574 -0.138020 0.250028
v 0.003574 -0.138020 0.250028
v 0.003574 0.140968 0.166127
v -0.003574 0.140968 0.166127
v -0.003574 0.073058 -0.253836
v 0.003574 0.073058 -0.253836
v -0.003574 -0.138020 -0.250028
v 0.003574 -0.138020 -0.250028
v 0.003574 -0.130902 -0.253836
v -0.003574 -0.130902 -0.253836
v 0.003574 -0.130902 0.253836
v -0.003574 -0.130902 0.253836
v 0.003574 0.144835 0.140542
v -0.003574 0.144835 0.140542
v 0.003574 0.144835 -0.140542
v -0.003574 0.144835 -0.140542
v 0.131735 -0.123801 0.237557
v 0.120789 -0.123801 0.249474
v 0.105835 -0.123801 0.253836
v -0.135742 -0.123800 0.221279
v -0.131735 -0.123801 0.237557
v -0.120789 -0.123801 0.249474
v -0.105835 -0.123801 0.253836
v -0.063296 -0.123801 0.253836
v -0.021099 -0.123801 0.253836
v 0.021099 -0.123801 0.253836
v 0.063296 -0.123801 0.253836
v 0.003934 -0.140968 0.227081
v 0.023226 -0.140968 0.227081
v 0.069678 -0.140968 0.227081
v 0.104851 -0.140968 0.227081
v 0.003574 0.071805 0.252583
v 0.004827 0.074163 0.253540
v 0.002321 0.073058 0.252583
v 0.003941 0.072966 0.253382
v 0.003587 0.073023 0.253257
v 0.003640 0.073383 0.253383
v 0.003207 0.072691 0.252583
v -0.002321 0.073058 0.252583
v -0.004827 0.074163 0.253540
v -0.003574 0.071805 0.252583
v -0.003640 0.073383 0.253383
v -0.003587 0.073023 0.253257
v -0.003941 0.072966 0.253382
v -0.003207 0.072691 0.252583
v 0.003574 -0.122548 0.252583
v 0.002321 -0.123801 0.252583
v 0.004827 -0.125054 0.253836
v 0.003207 -0.123434 0.252583
v 0.003574 -0.123801 0.253306
v 0.003574 -0.124168 0.253469
v 0.003941 -0.123801 0.253469
v -0.003574 -0.122548 0.252583
v -0.004827 -0.125054 0.253836
v -0.002321 -0.123801 0.252583
v -0.003941 -0.123801 0.253469
v -0.003574 -0.123801 0.253306
v -0.003574 -0.124168 0.253469
v -0.003207 -0.123434 0.252583
v 0.003574 -0.122548 0.246513
v 0.002321 -0.123801 0.246513
v 0.003207 -0.123434 0.246513
v 0.003574 0.071805 0.246513
v 0.002321 0.073058 0.246513
v 0.003207 0.072691 0.246513
v -0.002321 0.073058 0.246513
v -0.003574 0.071805 0.246513
v -0.003207 0.072691 0.246513
v -0.003574 -0.122548 0.246513
v -0.002321 -0.123801 0.246513
v -0.003207 -0.123434 0.246513
v 0.135742 -0.130902 0.221273
v 0.135742 -0.130902 -0.221273
v 0.135742 0.073082 -0.221427
v 0.135742 0.112403 -0.161658
v 0.135742 -0.123800 0.221279
vn -0.0000 -0.8233 -0.5677
vn -0.0000 -0.9980 -0.0638
vn -0.0000 -0.9980 0.0638
vn -0.0000 -0.8233 0.5677
vn -0.0453 -0.9971 -0.0609
vn -0.0723 -0.8164 -0.5729
vn 0.4956 0.7602 0.4201
vn 0.4865 0.8505 0.1998
vn 0.1267 0.9658 0.2261
vn 0.1320 0.8671 0.4803
vn 0.8571 0.4540 0.2435
vn 0.8556 0.5035 0.1200
vn -0.1480 -0.2626 -0.9535
vn -0.1361 0.2893 -0.9475
vn -0.0000 0.2981 -0.9545
vn -0.0000 -0.2432 -0.9700
vn -0.0000 0.9736 0.2282
vn 0.0196 0.9978 0.0631
vn -0.1215 0.9900 0.0714
vn -0.1267 0.9658 0.2261
vn 0.5020 0.2548 0.8265
vn 0.4931 0.5878 0.6413
vn 0.1304 0.6670 0.7335
vn 0.1360 0.2846 0.9489
vn -0.6083 -0.7919 -0.0537
vn -0.6083 -0.7919 0.0537
vn -0.9652 -0.2259 0.1320
vn -0.9652 -0.2259 -0.1319
vn -0.4931 0.5878 0.6413
vn -0.5020 0.2548 0.8265
vn -0.1360 0.2846 0.9489
vn -0.1304 0.6670 0.7335
vn -0.0622 -0.9981 -0.0055
vn -0.0622 -0.9981 0.0055
vn 0.1415 -0.0001 0.9899
vn -0.0000 0.2932 0.9561
vn -0.0000 -0.0000 1.0000
vn 0.0723 -0.8164 -0.5729
vn 0.1480 -0.2626 -0.9535
vn -0.9901 0.1399 0.0111
vn -0.9902 0.1360 0.0331
vn -0.8556 0.5035 0.1200
vn -0.8557 0.5160 0.0399
vn 0.8556 0.5035 -0.1200
vn 0.8571 0.4540 -0.2435
vn 0.4956 0.7602 -0.4201
vn 0.4865 0.8505 -0.1998
vn 0.6083 -0.7919 0.0537
vn 0.6083 -0.7919 -0.0537
vn 0.9652 -0.2259 -0.1319
vn 0.9652 -0.2259 0.1320
vn 0.5201 -0.8146 -0.2565
vn 0.0453 -0.9971 -0.0609
vn 0.2948 -0.8223 -0.4867
vn -0.5201 -0.8146 -0.2565
vn -0.2948 -0.8223 -0.4867
vn 0.8414 -0.2717 -0.4672
vn 0.5097 -0.2848 -0.8118
vn -0.8414 -0.2717 -0.4672
vn -0.5097 -0.2848 -0.8118
vn 0.2948 -0.8223 0.4867
vn 0.0723 -0.8164 0.5729
vn 0.0453 -0.9971 0.0609
vn 0.5201 -0.8146 0.2565
vn 0.0622 -0.9981 0.0055
vn 0.1479 -0.2626 0.9535
vn 0.5094 -0.2848 0.8120
vn 0.8412 -0.2717 0.4674
vn -0.0453 -0.9971 0.0609
vn -0.0723 -0.8164 0.5729
vn -0.2948 -0.8223 0.4867
vn -0.5201 -0.8146 0.2565
vn 0.0622 -0.9981 -0.0055
vn -0.1479 -0.2626 0.9535
vn -0.5094 -0.2848 0.8120
vn -0.8412 -0.2717 0.4674
vn 0.8559 0.1757 0.4863
vn 0.8577 0.3507 0.3760
vn 0.0151 0.9981 0.0600
vn -0.0196 0.9978 0.0631
vn -0.9907 0.0952 0.0968
vn -0.9879 0.0664 0.1404
vn -0.8559 0.1757 0.4863
vn -0.8577 0.3507 0.3760
vn -0.8571 0.4540 0.2435
vn -0.4956 0.7602 0.4201
vn -0.4865 0.8505 0.1998
vn 0.9897 0.1276 0.0657
vn 0.9902 0.1360 0.0331
vn -0.9897 0.1276 0.0657
vn -0.0000 0.6710 0.7415
vn 0.9902 0.1360 -0.0331
vn 0.9897 0.1276 -0.0657
vn -0.1320 0.8671 0.4803
vn -0.5019 0.2592 -0.8252
vn -0.4929 0.5914 -0.6382
vn -0.1303 0.6708 -0.7301
vn -0.8556 0.1792 -0.4856
vn -0.8577 0.3530 -0.3737
vn -0.8571 0.4540 -0.2435
vn -0.8556 0.5035 -0.1200
vn -0.4865 0.8505 -0.1998
vn -0.4956 0.7602 -0.4201
vn 0.9908 0.0958 -0.0961
vn 0.9878 0.0679 -0.1402
vn 0.8556 0.1792 -0.4856
vn 0.8577 0.3530 -0.3737
vn 0.5019 0.2592 -0.8252
vn 0.4929 0.5914 -0.6382
vn -0.0000 0.6748 -0.7380
vn -0.9897 0.1276 -0.0657
vn -0.9902 0.1360 -0.0331
vn -0.1267 0.9658 -0.2261
vn -0.1320 0.8671 -0.4803
vn 0.1361 0.2893 -0.9475
vn 0.1303 0.6708 -0.7301
vn -0.9878 0.0679 -0.1402
vn -0.9908 0.0958 -0.0961
vn 0.1320 0.8671 -0.4803
vn 0.1267 0.9658 -0.2261
vn 0.9927 -0.0001 0.1203
vn 0.9879 0.0664 0.1404
vn 0.8814 -0.0003 0.4723
vn 0.5279 -0.0004 0.8493
vn -0.9927 -0.0001 0.1203
vn -0.8814 -0.0003 0.4723
vn -0.5279 -0.0004 0.8493
vn -0.1415 -0.0001 0.9899
vn -0.0000 0.8763 0.4817
vn -0.0000 -1.0000 -0.0000
vn 0.9907 0.0952 0.0968
vn -0.0000 0.8763 -0.4817
vn -0.4868 0.8710 0.0662
vn 0.4868 0.8710 -0.0662
vn 0.1215 0.9900 -0.0714
vn 0.8557 0.5160 -0.0399
vn -0.0000 0.9736 -0.2282
vn -0.1215 0.9900 -0.0714
vn -0.4868 0.8710 -0.0662
vn -0.8557 0.5160 -0.0399
vn -0.9901 0.1399 -0.0111
vn 0.1215 0.9900 0.0714
vn 0.4868 0.8710 0.0662
vn 0.8557 0.5160 0.0399
vn 0.9901 0.1399 0.0111
vn 0.9901 0.1399 -0.0111
vn -0.0000 -0.2432 0.9700
vn -0.0151 0.9981 -0.0600
vn -0.0151 0.9981 0.0600
vn -0.0000 0.9972 0.0749
vn -0.0000 0.9972 -0.0749
vn 0.0196 0.9978 -0.0631
vn 0.6920 0.2025 -0.6929
vn 0.5774 0.5774 -0.5774
vn 0.5774 0.5774 0.5774
vn 0.6920 0.2025 0.6929
vn 0.0028 0.6719 0.7407
vn -0.0028 0.6719 0.7407
vn 0.6920 0.2024 0.6929
vn 0.6920 0.2024 -0.6929
vn -0.0003 0.2882 0.9576
vn -0.0028 0.6736 0.7391
vn 0.0003 0.2882 0.9576
vn 0.0024 0.0002 1.0000
vn -0.0024 0.0002 1.0000
vn -0.6920 0.2024 0.6929
vn -0.5774 0.5774 0.5774
vn -0.5774 0.5774 -0.5774
vn -0.6920 0.2024 -0.6929
vn -0.6920 0.2025 -0.6929
vn -0.0196 0.9978 -0.0631
vn -0.6920 0.2025 0.6929
vn 0.4840 0.7275 -0.4863
vn 0.4840 0.7275 0.4863
vn 0.1422 0.9795 0.1426
vn 0.1422 0.9795 -0.1426
vn 0.0151 0.9981 -0.0600
vn -0.1422 0.9795 0.1426
vn -0.1422 0.9795 -0.1426
vn -0.4840 0.7275 0.4863
vn -0.4840 0.7275 -0.4863
vn 0.0424 0.0508 0.9978
vn 0.0380 0.2809 0.9590
vn 0.0028 0.6736 0.7391
vn -0.0380 0.2809 0.9590
vn 0.1535 0.9556 0.2514
vn -0.1535 0.9556 0.2514
vn -0.1456 0.7319 0.6657
vn 0.1456 0.7319 0.6657
vn -0.1500 -0.9563 0.2509
vn 0.1500 -0.9563 0.2509
vn 0.1456 -0.7319 0.6657
vn -0.1456 -0.7319 0.6657
vn 0.9532 -0.1518 0.2614
vn 0.9538 0.1537 0.2583
vn 0.7319 0.1456 0.6657
vn 0.7319 -0.1456 0.6657
vn -0.0424 0.0508 0.9978
vn -0.9532 -0.1518 0.2614
vn -0.3883 -0.1120 0.9147
vn -0.4313 -0.4039 0.8067
vn -0.6470 -0.6331 0.4249
vn -0.1204 -0.3104 0.9430
vn 0.1204 -0.3104 0.9430
vn 0.4313 -0.4039 0.8067
vn 0.6470 -0.6331 0.4249
vn 0.3883 -0.1120 0.9147
vn -0.9538 0.1537 0.2583
vn -0.6462 0.6462 0.4061
vn -0.4524 0.4524 0.7686
vn -0.4006 0.1453 0.9046
vn -0.1445 0.4402 0.8862
vn 0.4006 0.1453 0.9046
vn 0.4524 0.4524 0.7685
vn 0.6462 0.6462 0.4061
vn 0.1445 0.4402 0.8862
vn 0.5490 -0.5490 0.6303
vn -0.7319 -0.1456 0.6657
vn -0.5490 -0.5490 0.6303
vn 0.5490 0.5490 0.6303
vn -0.7319 0.1456 0.6657
vn -0.5490 0.5490 0.6303
vt 0.125000 0.683287
vt 0.125000 0.644429
vt 0.158983 0.652444
vt 0.156037 0.686175
vt 0.337572 0.651812
vt 0.375000 0.644429
vt 0.375000 0.683287
vt 0.340007 0.684965
vt 0.149509 0.714134
vt 0.125000 0.719451
vt 0.641924 0.513584
vt 0.667795 0.513563
vt 0.668192 0.527127
vt 0.640865 0.527169
vt 0.603379 0.471217
vt 0.612335 0.455708
vt 0.624838 0.457089
vt 0.614273 0.475382
vt 0.383926 0.027548
vt 0.564782 0.027329
vt 0.564782 0.066713
vt 0.383926 0.066713
vt 0.668192 0.683287
vt 0.680791 0.687863
vt 0.683211 0.722873
vt 0.668192 0.722873
vt 0.567050 0.513665
vt 0.608421 0.513617
vt 0.609462 0.527231
vt 0.564782 0.527329
vt 0.375000 0.981884
vt 0.375000 0.768116
vt 0.383926 0.766035
vt 0.383926 0.983965
vt 0.608421 0.736383
vt 0.567050 0.736335
vt 0.564782 0.722671
vt 0.609462 0.722769
vt 0.170724 0.714341
vt 0.329276 0.714341
vt 0.356884 0.750000
vt 0.143116 0.750000
vt 0.390222 0.527541
vt 0.564782 0.566713
vt 0.390222 0.566713
vt 0.375000 0.219451
vt 0.375000 0.183287
vt 0.383926 0.183287
vt 0.383926 0.222452
vt 0.599670 0.809311
vt 0.599670 0.795392
vt 0.612335 0.794292
vt 0.612335 0.808761
vt 0.612335 0.294292
vt 0.603379 0.278783
vt 0.614273 0.274618
vt 0.624838 0.292911
vt 0.375000 0.481884
vt 0.375000 0.268116
vt 0.383926 0.266035
vt 0.383926 0.483965
vt 0.131402 0.509269
vt 0.149509 0.535866
vt 0.125000 0.530549
vt 0.127790 0.516632
vt 0.154597 0.711954
vt 0.134996 0.745499
vt 0.131402 0.740730
vt 0.127790 0.733368
vt 0.373205 0.259996
vt 0.382149 0.258018
vt 0.375005 0.247287
vt 0.375000 0.247285
vt 0.372695 0.233368
vt 0.381650 0.236226
vt 0.382149 0.991982
vt 0.373205 0.990004
vt 0.375000 0.002715
vt 0.375005 0.002713
vt 0.381650 0.013774
vt 0.372695 0.016632
vt 0.383926 0.027548
vt 0.375000 0.030549
vt 0.372210 0.516632
vt 0.375000 0.530549
vt 0.345403 0.538046
vt 0.365004 0.504501
vt 0.329276 0.535659
vt 0.356884 0.500000
vt 0.383926 0.527548
vt 0.375000 0.530549
vt 0.372695 0.516632
vt 0.381650 0.513774
vt 0.376588 0.498459
vt 0.375000 0.498125
vt 0.373205 0.490004
vt 0.382149 0.491982
vt 0.345403 0.711954
vt 0.375000 0.719451
vt 0.368598 0.740731
vt 0.365004 0.745499
vt 0.170724 0.535659
vt 0.143116 0.500000
vt 0.375000 0.719451
vt 0.383926 0.722452
vt 0.381650 0.736226
vt 0.372695 0.733368
vt 0.375000 0.751875
vt 0.376588 0.751541
vt 0.382149 0.758018
vt 0.373205 0.759996
vt 0.564793 0.492020
vt 0.584594 0.483730
vt 0.594337 0.488664
vt 0.566386 0.499524
vt 0.680791 0.610147
vt 0.668192 0.605571
vt 0.668192 0.566713
vt 0.680791 0.562137
vt 0.574081 0.771127
vt 0.564803 0.765960
vt 0.564793 0.757980
vt 0.584594 0.766270
vt 0.566386 0.750476
vt 0.594337 0.761336
vt 0.603379 0.778783
vt 0.614273 0.774618
vt 0.624838 0.792911
vt 0.592894 0.466342
vt 0.599670 0.454608
vt 0.592894 0.783658
vt 0.609462 0.566713
vt 0.599670 0.295392
vt 0.592894 0.283658
vt 0.667795 0.736437
vt 0.641924 0.736416
vt 0.640865 0.722831
vt 0.567050 0.013665
vt 0.604567 0.013619
vt 0.606280 0.026917
vt 0.564782 0.027329
vt 0.564793 0.992020
vt 0.585500 0.983127
vt 0.595298 0.988023
vt 0.566386 0.999524
vt 0.603379 0.971217
vt 0.612335 0.955708
vt 0.624838 0.957089
vt 0.614273 0.975382
vt 0.574989 0.271731
vt 0.564803 0.265960
vt 0.564793 0.257980
vt 0.585500 0.266873
vt 0.566386 0.250476
vt 0.595298 0.261977
vt 0.606320 0.066717
vt 0.564782 0.066713
vt 0.592894 0.966342
vt 0.599670 0.954608
vt 0.858076 0.736416
vt 0.832205 0.736437
vt 0.831808 0.722873
vt 0.859135 0.722831
vt 0.604567 0.236381
vt 0.567050 0.236335
vt 0.564782 0.222671
vt 0.606280 0.223083
vt 0.564803 0.984040
vt 0.574989 0.978269
vt 0.832205 0.513563
vt 0.858076 0.513584
vt 0.859135 0.527169
vt 0.831808 0.527127
vt 0.390223 0.483967
vt 0.564803 0.484040
vt 0.390223 0.491984
vt 0.564785 0.513665
vt 0.390222 0.513770
vt 0.390223 0.766033
vt 0.383926 0.758018
vt 0.390223 0.758016
vt 0.383926 0.736226
vt 0.390222 0.736230
vt 0.390222 0.722459
vt 0.640865 0.566713
vt 0.383926 0.222452
vt 0.564782 0.222671
vt 0.564785 0.236335
vt 0.383926 0.236226
vt 0.383926 0.258018
vt 0.383926 0.266035
vt 0.383926 0.013774
vt 0.564785 0.013665
vt 0.383926 0.000000
vt 0.564782 0.000000
vt 0.383926 0.991982
vt 0.383926 0.983965
vt 0.319308 0.563221
vt 0.340007 0.565035
vt 0.337572 0.598188
vt 0.314437 0.595629
vt 0.574081 0.478873
vt 0.623287 0.013596
vt 0.624727 0.025027
vt 0.624727 0.224973
vt 0.623287 0.236404
vt 0.609462 0.683287
vt 0.640865 0.683287
vt 0.640865 0.722831
vt 0.625000 0.027193
vt 0.625000 0.066727
vt 0.683358 0.736437
vt 0.668487 0.736437
vt 0.625000 0.793487
vt 0.625000 0.808358
vt 0.816642 0.513563
vt 0.831513 0.513563
vt 0.816789 0.527127
vt 0.612335 0.308761
vt 0.625000 0.293487
vt 0.625000 0.308358
vt 0.831808 0.566713
vt 0.859136 0.527169
vt 0.859136 0.566713
vt 0.816789 0.722873
vt 0.816642 0.736437
vt 0.625000 0.941642
vt 0.612335 0.941239
vt 0.599670 0.940689
vt 0.683211 0.527127
vt 0.683358 0.513563
vt 0.625000 0.441642
vt 0.612335 0.441239
vt 0.599670 0.440689
vt 0.599670 0.309311
vt 0.180692 0.563221
vt 0.185563 0.595629
vt 0.159993 0.565035
vt 0.162428 0.598188
vt 0.375000 0.566713
vt 0.375000 0.605571
vt 0.336576 0.631855
vt 0.375000 0.628291
vt 0.336576 0.618145
vt 0.312373 0.616993
vt 0.187627 0.616993
vt 0.163424 0.618145
vt 0.375000 0.621709
vt 0.125000 0.628291
vt 0.160188 0.632053
vt 0.312373 0.633007
vt 0.187628 0.633007
vt 0.163424 0.631855
vt 0.156037 0.563825
vt 0.125000 0.566713
vt 0.390222 0.683287
vt 0.564782 0.683287
vt 0.314437 0.654371
vt 0.125000 0.621709
vt 0.160188 0.617947
vt 0.375000 0.683287
vt 0.383926 0.683287
vt 0.819209 0.639853
vt 0.680791 0.639853
vt 0.680791 0.628291
vt 0.819209 0.628291
vt 0.625000 0.183273
vt 0.625000 0.222807
vt 0.606320 0.183283
vt 0.831808 0.683287
vt 0.859136 0.683287
vt 0.375000 0.066713
vt 0.383926 0.066713
vt 0.831808 0.683287
vt 0.819209 0.687863
vt 0.819209 0.639853
vt 0.831808 0.644429
vt 0.383926 0.183287
vt 0.564782 0.183287
vt 0.185563 0.654371
vt 0.383926 0.566713
vt 0.162428 0.651812
vt 0.125000 0.605571
vt 0.158983 0.597556
vt 0.319308 0.686779
vt 0.180692 0.686779
vt 0.819209 0.687863
vt 0.683211 0.683287
vt 0.683211 0.683287
vt 0.816789 0.683287
vt 0.606320 0.144428
vt 0.625000 0.144424
vt 0.606320 0.121709
vt 0.564782 0.121709
vt 0.564782 0.105571
vt 0.606320 0.105572
vt 0.625000 0.105576
vt 0.640865 0.605571
vt 0.609462 0.605571
vt 0.668192 0.644429
vt 0.640865 0.644429
vt 0.640865 0.628291
vt 0.668192 0.628291
vt 0.609462 0.644429
vt 0.816789 0.605571
vt 0.683211 0.605571
vt 0.680791 0.639853
vt 0.564782 0.144429
vt 0.564782 0.128291
vt 0.606320 0.128291
vt 0.564782 0.644429
vt 0.609462 0.628291
vt 0.640865 0.628291
vt 0.564782 0.605571
vt 0.383926 0.628291
vt 0.383926 0.644429
vt 0.859136 0.605571
vt 0.831808 0.605571
vt 0.625000 0.128290
vt 0.859135 0.644429
vt 0.383926 0.105571
vt 0.375000 0.105571
vt 0.375000 0.144429
vt 0.383926 0.144429
vt 0.390222 0.644429
vt 0.390222 0.605571
vt 0.383926 0.605571
vt 0.159993 0.684965
vt 0.383926 0.128291
vt 0.383926 0.621709
vt 0.680791 0.687863
vt 0.816789 0.644429
vt 0.683211 0.644429
vt 0.819209 0.687863
vt 0.625000 0.456513
vt 0.668487 0.513563
vt 0.683211 0.566713
vt 0.819209 0.562137
vt 0.816789 0.566713
vt 0.816789 0.566713
vt 0.816789 0.683287
vt 0.625000 0.956513
vt 0.831513 0.736437
vt 0.683049 0.605878
vt 0.816951 0.605878
vt 0.818048 0.607859
vt 0.681952 0.607859
vt 0.819209 0.610147
vt 0.819209 0.562137
vt 0.831808 0.628291
vt 0.859136 0.628291
vt 0.819209 0.621709
vt 0.680791 0.621709
vt 0.819209 0.610147
vt 0.680791 0.562137
vt 0.819209 0.562137
vt 0.818048 0.564425
vt 0.681952 0.564425
vt 0.681952 0.642141
vt 0.818048 0.642141
vt 0.816951 0.644122
vt 0.683049 0.644122
vt 0.683049 0.566407
vt 0.816951 0.566407
vt 0.681952 0.685575
vt 0.683049 0.683594
vt 0.818048 0.685575
vt 0.816951 0.683593
vt 0.680791 0.562137
vt 0.859136 0.621709
vt 0.831808 0.621709
vt 0.668192 0.621709
vt 0.680791 0.610147
vt 0.389111 0.629445
vt 0.383926 0.121709
vt 0.375000 0.121709
vt 0.375000 0.128291
vt 0.819209 0.610147
vt 0.668192 0.621709
vt 0.640865 0.621709
vt 0.566014 0.629445
vt 0.640865 0.621709
vt 0.609462 0.621709
vt 0.389111 0.629445
vt 0.565762 0.629445
vt 0.625000 0.121710
vt 0.566014 0.620555
vt 0.566014 0.629445
vt 0.566014 0.620555
vt 0.390222 0.627137
vt 0.390222 0.622863
vt 0.390222 0.627137
vt 0.564782 0.622863
vt 0.564782 0.627137
vt 0.564782 0.627137
vt 0.564782 0.622863
vt 0.563671 0.628291
vt 0.391333 0.628291
vt 0.563671 0.628291
vt 0.564785 0.736335
vt 0.383926 0.513774
vt 0.383926 0.491982
vt 0.383926 0.483965
vt 0.154597 0.538046
vt 0.389111 0.620555
vt 0.389111 0.629445
vt 0.389111 0.620555
vt 0.565762 0.620555
vt 0.389111 0.620555
vt 0.563671 0.621709
vt 0.564701 0.621709
vt 0.564772 0.621709
vt 0.564782 0.621709
vt 0.564693 0.621709
vt 0.564782 0.628291
vt 0.564772 0.628291
vt 0.564701 0.628291
vt 0.391333 0.621709
vt 0.390222 0.621709
vt 0.390222 0.628291
vt 0.390222 0.628291
vt 0.563671 0.621709
vt 0.391333 0.621709
vt 0.134996 0.504501
s 1
usemtl Material.027
f 83/11/7 50/12/8 48/13/9 79/14/10
f 81/15/11 49/16/12 50/17/8 83/18/7
f 40/19/13 74/20/14 146/21/15 141/22/16
f 149/23/17 202/24/18 120/25/19 60/26/20
f 54/27/21 84/28/22 80/29/23 52/30/24
f 91/35/29 58/36/30 56/37/31 87/38/32
f 253/43/35 52/30/24 134/44/36 261/45/37
f 67/54/44 98/55/45 100/56/46 68/57/47
f 53/112/77 82/113/78 84/114/22 54/115/21
f 194/116/79 152/117/17 150/118/17 189/119/80
f 89/123/84 57/122/83 58/124/30 91/125/29
f 61/52/42 90/126/85 92/127/86 62/128/87
f 80/29/23 158/132/91 134/44/36 52/30/24
f 62/135/87 92/136/86 88/137/94 60/26/20
f 76/138/95 108/139/96 104/140/97 74/141/14
f 75/142/98 106/143/99 108/144/96 76/145/95
f 105/146/100 71/147/101 72/148/102 107/149/103
f 97/153/107 64/152/106 65/154/108 99/155/109
f 104/140/97 170/156/110 146/157/15 74/141/14
f 107/160/103 72/161/102 70/162/113 103/163/114
f 99/164/109 65/165/108 63/166/115 95/167/116
f 68/170/47 100/171/46 96/172/119 66/173/120
f 251/176/123 53/112/77 54/177/21 252/178/124
f 252/178/124 54/177/21 52/30/24 253/43/35
f 255/181/126 19/180/76 18/182/75 256/183/127
f 256/183/127 18/182/75 16/105/74 257/184/128
f 48/13/9 150/118/17 161/185/129 79/14/10
f 24/186/39 63/187/115 65/188/108 25/189/58
f 25/189/58 65/188/108 64/152/106 26/190/57
f 74/20/14 40/19/13 42/192/60 76/193/95
f 76/193/95 42/192/60 41/194/59 75/195/98
f 84/114/22 82/113/78 81/15/11 83/18/7
f 80/29/23 84/28/22 83/11/7 79/14/10
f 89/123/84 91/125/29 92/127/86 90/126/85
f 91/35/29 87/38/32 88/137/94 92/136/86
f 108/144/96 106/143/99 105/146/100 107/149/103
f 104/140/97 108/139/96 107/203/103 103/204/114
f 97/153/107 99/155/109 100/56/46 98/55/45
f 99/164/109 95/167/116 96/205/119 100/206/46
f 87/38/32 157/207/91 162/208/129 88/209/94
f 103/210/114 165/211/132 170/156/110 104/140/97
f 117/212/133 62/213/87 60/26/20 120/25/19
f 118/53/43 61/52/42 62/214/87 117/215/133
f 114/216/134 68/217/47 66/173/120 113/218/135
f 115/219/136 67/54/44 68/220/47 114/221/134
f 153/222/137 66/173/120 96/223/119 166/224/132
f 117/212/133 120/25/19 112/225/138 109/226/139
f 118/53/43 117/215/133 109/227/139 110/228/140
f 114/216/134 113/218/135 121/230/142 122/231/143
f 115/219/136 114/221/134 122/232/143 123/233/144
f 258/256/37 133/257/36 56/37/31 257/184/128
f 209/263/148 197/264/149 248/265/150 250/266/151
f 158/132/91 80/29/23 79/14/10 161/185/129
f 166/267/132 96/268/119 95/167/116 169/269/110
f 70/162/113 154/270/137 165/271/132 103/163/114
f 149/23/17 60/26/20 88/209/94 162/208/129
f 154/274/137 205/275/152 209/276/148 156/277/137
f 142/278/16 145/279/15 63/187/115 24/186/39
f 157/207/91 87/38/32 56/37/31 133/257/36
f 169/269/110 95/167/116 63/166/115 145/279/15
f 205/287/152 154/274/137 70/162/113 112/225/138
f 166/267/132 169/269/110 171/291/110 168/292/132
f 229/293/110 239/294/15 148/295/15 172/296/110
f 167/297/132 172/296/110 170/156/110 165/211/132
f 158/132/91 161/185/129 163/298/129 160/299/157
f 151/300/17 164/301/129 233/302/129 238/303/17
f 159/304/158 164/301/129 162/208/129 157/207/91
f 197/307/149 151/300/17 238/303/17 248/265/150
f 169/269/110 145/279/15 147/308/15 171/291/110
f 171/291/110 147/308/15 240/309/15 230/310/110
f 172/296/110 148/295/15 146/157/15 170/156/110
f 157/207/91 133/257/36 135/311/161 159/304/158
f 232/312/162 233/313/129 164/301/129 159/304/158
f 160/299/157 136/314/163 134/44/36 158/132/91
f 149/23/17 162/208/129 164/301/129 151/300/17
f 152/117/17 163/298/129 161/185/129 150/118/17
f 153/222/137 166/224/132 168/317/132 155/318/137
f 168/292/132 171/291/110 230/310/110 227/319/132
f 156/277/137 167/320/132 165/271/132 154/270/137
f 258/256/37 129/262/147 131/316/147 259/325/164
f 260/326/165 132/327/147 130/281/147 261/45/37
f 145/279/15 142/278/16 144/324/16 147/308/15
f 147/308/15 144/324/16 243/329/16 240/309/15
f 148/295/15 143/321/16 141/22/16 146/21/15
f 202/331/18 149/23/17 151/300/17 197/307/149
f 112/225/138 120/25/19 202/331/18 205/334/152
f 49/16/12 123/233/144 122/232/143 50/335/8
f 50/336/8 122/231/143 121/230/142 48/13/9
f 113/218/135 66/173/120 153/222/137 218/338/171
f 71/147/101 110/228/140 109/227/139 72/342/102
f 72/343/102 109/226/139 112/225/138 70/162/113
f 155/318/137 214/348/177 218/349/171 153/222/137
f 226/350/137 228/351/132 167/320/132 156/277/137
f 249/352/151 247/353/150 194/116/79 214/354/177
f 196/347/176 216/346/175 214/354/177 194/116/79
f 189/355/80 218/356/171 220/357/178 191/358/179
f 194/116/79 189/119/80 191/358/179 196/347/176
f 216/346/175 220/357/178 218/349/171 214/348/177
f 202/331/18 197/307/149 199/359/179 204/365/176
f 202/331/18 204/365/176 207/367/175 205/334/152
f 207/367/175 211/360/178 209/276/148 205/275/152
f 197/264/149 209/263/148 211/360/178 199/359/179
f 218/356/171 189/355/80 121/230/142 113/218/135
f 48/13/9 121/230/142 189/369/80 150/118/17
f 155/318/137 168/317/132 227/370/132 225/371/137
f 247/353/150 237/372/17 152/117/17 194/373/79
f 259/325/164 131/316/147 246/315/147 288/374/182
f 225/371/137 249/352/151 214/378/177 155/318/137
f 237/379/17 234/380/129 163/298/129 152/117/17
f 159/304/158 135/311/161 274/381/183 232/312/162
f 160/299/157 163/298/129 234/382/129 231/383/184
f 239/294/15 244/375/16 143/321/16 148/295/15
f 156/277/137 209/263/148 250/266/151 226/350/137
f 135/311/161 259/325/164 288/384/182 274/385/183
f 228/386/132 229/293/110 172/296/110 167/297/132
f 249/352/151 225/371/137 226/350/137 250/266/151
f 244/375/16 239/294/15 240/309/15 243/329/16
f 267/387/185 231/383/184 232/312/162 274/388/183
f 228/351/132 226/350/137 225/371/137 227/370/132
f 234/380/129 237/379/17 238/303/17 233/302/129
f 231/383/184 267/389/185 136/314/163 160/299/157
f 239/294/15 229/293/110 230/310/110 240/309/15
f 237/372/17 247/353/150 248/265/150 238/303/17
f 233/313/129 232/312/162 231/383/184 234/382/129
f 229/293/110 228/386/132 227/319/132 230/310/110
f 247/353/150 249/352/151 250/266/151 248/265/150
f 136/314/163 260/326/165 261/45/37 134/44/36
f 133/257/36 258/256/37 259/325/164 135/311/161
f 129/262/147 258/256/37 257/184/128 16/105/74
f 58/400/30 256/183/127 257/184/128 56/37/31
f 57/122/83 255/181/126 256/183/127 58/400/30
f 7/401/67 252/178/124 253/43/35 5/90/66
f 6/402/68 251/176/123 252/178/124 7/401/67
f 5/90/66 253/43/35 261/45/37 130/281/147
f 245/330/147 282/405/198 288/406/182 246/315/147
f 282/407/198 245/330/147 132/327/147 260/326/165
f 267/408/185 282/409/198 260/326/165 136/314/163
f 267/387/185 271/413/203 270/412/201 269/414/200
f 274/385/183 278/417/207 277/416/205 276/415/204
f 282/409/198 286/419/211 284/419/210 285/419/212
f 288/406/182 292/421/216 291/421/214 290/420/213
f 282/409/198 267/408/185 269/411/200 286/419/211
f 267/387/185 274/388/183 276/415/204 271/413/203
f 274/385/183 288/384/182 290/420/213 278/417/207
f 285/419/212 292/421/216 288/406/182 282/405/198
usemtl Material.020
f 138/1/1 140/2/1 222/3/2 223/4/2
f 2/5/3 128/6/4 126/7/4 3/8/3
f 138/1/1 223/4/2 224/9/5 44/10/6
f 43/31/25 21/32/26 17/33/27 39/34/28
f 176/39/33 30/40/34 21/41/26 43/42/25
f 31/46/38 137/47/1 142/48/16 24/49/39
f 119/50/40 59/51/41 61/52/42 118/53/43
f 8/58/48 32/59/49 307/60/50 306/61/51
f 34/62/52 177/63/53 31/64/38 33/65/54
f 224/66/5 176/39/33 43/42/25 45/67/55
f 44/10/6 224/9/5 45/68/55 46/69/56
f 307/60/50 32/59/49 34/70/52 26/71/57
f 26/72/57 34/73/52 33/74/54 25/75/58
f 25/75/58 33/74/54 31/46/38 24/49/39
f 43/31/25 39/34/28 41/76/59 45/77/55
f 45/78/55 41/79/59 42/80/60 46/81/56
f 46/81/56 42/80/60 40/82/13 44/83/6
f 11/84/61 9/85/62 265/86/63 10/87/64
f 10/87/64 265/86/63 12/88/65 8/89/48
f 5/90/66 9/91/62 11/92/61 7/93/67
f 7/94/67 11/95/61 10/96/64 6/97/68
f 6/97/68 10/96/64 8/58/48 306/61/51
f 4/98/69 20/99/70 22/100/71 23/101/72
f 30/40/34 4/98/69 23/101/72 21/41/26
f 8/89/48 12/88/65 35/102/73 32/103/49
f 20/104/70 16/105/74 18/106/75 22/107/71
f 22/108/71 18/109/75 19/110/76 23/111/72
f 23/111/72 19/110/76 17/33/27 21/32/26
f 85/120/81 55/121/82 57/122/83 89/123/84
f 77/129/88 47/130/89 49/16/12 81/15/11
f 59/51/41 86/131/90 90/126/85 61/52/42
f 309/133/92 94/134/93 98/55/45 67/54/44
f 93/150/104 308/151/105 64/152/106 97/153/107
f 101/158/111 69/159/112 71/147/101 105/146/100
f 73/168/117 102/169/118 106/143/99 75/142/98
f 310/174/121 51/175/122 53/112/77 251/176/123
f 254/179/125 17/33/27 19/180/76 255/181/126
f 26/190/57 64/152/106 308/151/105 307/191/50
f 75/142/98 41/196/59 39/197/28 73/168/117
f 13/198/130 264/199/3 263/200/3 14/201/130
f 82/113/78 78/202/131 77/129/88 81/15/11
f 85/120/81 89/123/84 90/126/85 86/131/90
f 106/143/99 102/169/118 101/158/111 105/146/100
f 93/150/104 97/153/107 98/55/45 94/134/93
f 51/175/122 78/202/131 82/113/78 53/112/77
f 111/229/141 119/50/40 118/53/43 110/228/140
f 124/234/145 116/235/146 115/219/136 123/233/144
f 36/236/130 13/198/130 14/201/130 37/237/130
f 116/235/146 309/133/92 67/54/44 115/219/136
f 178/238/2 36/236/130 37/237/130 179/239/2
f 125/240/4 127/241/4 263/200/3 264/199/3
f 1/242/3 235/243/4 128/6/4 2/5/3
f 14/201/130 263/200/3 262/244/3 15/245/130
f 37/237/130 14/201/130 15/245/130 38/246/130
f 179/239/2 37/237/130 38/246/130 180/247/2
f 263/200/3 127/241/4 236/248/4 262/244/3
f 222/3/2 140/2/1 241/249/1 221/250/2
f 15/245/130 262/244/3 1/242/3 27/251/130
f 38/246/130 15/245/130 27/251/130 173/252/130
f 180/247/2 38/246/130 173/252/130 221/253/2
f 235/243/4 1/242/3 262/244/3 236/248/4
f 31/64/38 177/63/53 178/254/2 137/255/1
f 27/251/130 1/242/3 2/5/3 28/258/130
f 242/259/1 180/260/2 221/250/2 241/249/1
f 20/104/70 126/261/4 129/262/147 16/105/74
f 3/8/3 126/7/4 20/99/70 4/98/69
f 138/272/1 44/83/6 40/82/13 141/273/16
f 173/252/130 27/251/130 28/258/130 174/280/130
f 125/240/4 9/91/62 5/90/66 130/281/147
f 221/253/2 173/252/130 174/280/130 222/282/2
f 180/260/2 242/259/1 139/283/1 179/284/2
f 265/86/63 9/85/62 125/240/4 264/199/3
f 28/258/130 2/5/3 3/8/3 29/285/130
f 174/280/130 28/258/130 29/285/130 175/286/130
f 201/288/153 186/289/154 188/290/155 206/290/156
f 213/305/159 193/306/160 182/306/154 181/305/155
f 235/243/4 246/315/147 131/316/147 128/6/4
f 138/272/1 141/273/16 143/321/16 140/322/1
f 139/323/1 144/324/16 142/48/16 137/47/1
f 222/282/2 174/280/130 175/286/130 223/328/2
f 179/284/2 139/283/1 137/255/1 178/254/2
f 125/240/4 130/281/147 132/327/147 127/241/4
f 127/241/4 132/327/147 245/330/147 236/248/4
f 128/6/4 131/316/147 129/262/147 126/261/4
f 29/285/130 3/8/3 4/98/69 30/40/34
f 210/332/166 185/332/167 187/333/168 198/333/169
f 193/306/160 190/337/170 183/337/168 182/306/154
f 47/130/89 124/234/145 123/233/144 49/16/12
f 217/339/172 213/305/159 181/305/155 184/340/167
f 210/332/166 206/341/156 188/290/155 185/332/167
f 69/159/112 111/229/141 110/228/140 71/147/101
f 186/289/154 187/333/168 185/332/167 188/290/155
f 181/305/155 182/306/154 183/337/168 184/340/167
f 195/344/173 215/345/174 216/346/175 196/347/176
f 217/340/172 184/340/167 183/337/168 190/337/170
f 201/289/153 198/333/169 187/333/168 186/289/154
f 199/359/179 211/360/178 212/361/180 200/362/181
f 196/347/176 191/358/179 192/363/181 195/344/173
f 195/344/173 192/363/181 190/337/170 193/306/160
f 213/305/159 217/339/172 219/364/180 215/345/174
f 215/345/174 219/364/180 220/357/178 216/346/175
f 200/362/181 212/361/180 210/332/166 198/333/169
f 193/306/160 213/305/159 215/345/174 195/344/173
f 204/365/176 199/359/179 200/362/181 203/366/173
f 203/366/173 200/362/181 198/333/169 201/289/153
f 191/358/179 220/357/178 219/364/180 192/363/181
f 192/363/181 219/364/180 217/340/172 190/337/170
f 206/341/156 210/332/166 212/361/180 208/368/174
f 208/368/174 212/361/180 211/360/178 207/367/175
f 204/365/176 203/366/173 208/368/174 207/367/175
f 203/366/173 201/288/153 206/290/156 208/368/174
f 175/286/130 29/285/130 30/40/34 176/39/33
f 223/328/2 175/286/130 176/39/33 224/66/5
f 140/322/1 143/321/16 244/375/16 241/376/1
f 242/377/1 243/329/16 144/324/16 139/323/1
f 246/315/147 235/243/4 236/248/4 245/330/147
f 243/329/16 242/377/1 241/376/1 244/375/16
f 289/390/186 281/391/187 295/391/188 304/392/189
f 268/393/190 273/394/191 300/395/192 298/396/193
f 275/397/194 287/398/195 303/398/196 301/399/197
f 55/121/82 254/179/125 255/181/126 57/122/83
f 306/403/51 310/174/121 251/176/123 6/402/68
f 177/404/53 35/102/73 36/236/130 178/238/2
f 35/102/73 12/88/65 13/198/130 36/236/130
f 12/88/65 265/86/63 264/199/3 13/198/130
f 266/410/199 269/411/200 270/412/201 272/413/202
f 268/393/190 272/413/202 270/412/201 271/413/203
f 273/394/191 276/415/204 277/416/205 279/415/206
f 275/397/194 279/415/206 277/416/205 278/417/207
f 280/418/208 283/419/209 284/419/210 286/419/211
f 281/391/187 285/419/212 284/419/210 283/419/209
f 287/398/195 290/420/213 291/421/214 293/420/215
f 289/390/186 293/420/215 291/421/214 292/420/216
f 286/419/211 269/411/200 266/410/199 280/418/208
f 271/413/203 276/415/204 273/394/191 268/393/190
f 278/417/207 290/420/213 287/398/195 275/397/194
f 281/391/187 289/390/186 292/421/216 285/419/212
f 275/397/194 301/399/197 302/415/217 279/415/206
f 279/415/206 302/415/217 300/395/192 273/394/191
f 297/422/218 266/410/199 272/413/202 299/413/219
f 299/413/219 272/413/202 268/393/190 298/396/193
f 289/390/186 304/392/189 305/420/220 293/420/215
f 293/420/215 305/420/220 303/398/196 287/398/195
f 280/418/208 294/423/221 296/419/222 283/419/209
f 283/419/209 296/419/222 295/391/188 281/391/187
f 280/418/208 266/410/199 297/422/218 294/423/221
f 296/419/222 294/423/221 297/422/218 299/413/219 298/396/193 300/395/192 302/415/217 301/399/197 303/398/196 305/420/220 304/392/189 295/391/188
f 32/103/49 35/102/73 177/404/53 34/424/52
f 17/33/27 254/179/125 55/121/82 85/120/81 86/131/90 59/51/41 119/50/40 111/229/141 69/159/112 101/158/111 102/169/118 73/168/117 39/34/28
f 78/202/131 51/175/122 310/174/121 306/403/51 307/60/50 308/151/105 93/150/104 94/134/93 309/133/92 116/235/146 124/234/145 47/130/89 77/129/88
o Lever
v 0.001568 0.001828 0.270051
v 0.000788 0.002608 0.270831
v 0.007236 0.001828 0.309247
v 0.006779 0.002608 0.308468
v -0.000785 0.002608 0.270831
v -0.001565 0.001828 0.270051
v -0.006776 0.002608 0.308468
v -0.007232 0.001828 0.309247
v 0.017981 0.001828 0.278407
v 0.017201 0.001828 0.277627
v 0.017201 0.002608 0.278407
v 0.017981 0.001828 0.301066
v 0.017201 0.002608 0.301066
v 0.017201 0.001828 0.301846
v -0.017978 0.001828 0.278407
v -0.017198 0.002608 0.278407
v -0.017198 0.001828 0.277627
v -0.017978 0.001828 0.301066
v -0.017198 0.001828 0.301846
v -0.017198 0.002608 0.301066
v 0.000788 0.002608 0.241124
v 0.001568 0.001828 0.241124
v -0.001565 0.001828 0.241124
v -0.000785 0.002608 0.241124
v 0.006779 -0.000603 0.308468
v 0.007236 0.000177 0.309247
v 0.000788 -0.000603 0.270831
v 0.001568 0.000177 0.270051
v -0.001565 0.000177 0.270051
v -0.000785 -0.000603 0.270831
v -0.007232 0.000177 0.309247
v -0.006776 -0.000603 0.308468
v 0.017981 0.000177 0.301066
v 0.017201 0.000177 0.301846
v 0.017201 -0.000603 0.301066
v 0.017981 0.000177 0.278407
v 0.017201 -0.000603 0.278407
v 0.017201 0.000177 0.277627
v -0.017978 0.000177 0.301066
v -0.017198 -0.000603 0.301066
v -0.017198 0.000177 0.301846
v -0.017978 0.000177 0.278407
v -0.017198 0.000177 0.277627
v -0.017198 -0.000603 0.278407
v 0.001568 0.000177 0.241124
v 0.000788 -0.000603 0.241124
v -0.000785 -0.000603 0.241124
v -0.001565 0.000177 0.241124
vn 0.4361 -0.0000 -0.8999
vn 0.5797 -0.0000 -0.8148
vn -1.0000 -0.0000 -0.0000
vn -0.0000 1.0000 -0.0000
vn 1.0000 -0.0000 -0.0000
vn -0.0000 -1.0000 -0.0000
vn -0.0000 -0.0000 1.0000
vn -0.0000 -0.0000 -1.0000
vn -0.5797 -0.0000 -0.8148
vn -0.4361 -0.0000 -0.8999
vn 0.6534 -0.0000 0.7570
vn 0.5962 -0.0000 0.8028
vn -0.5962 -0.0000 0.8028
vn -0.6534 -0.0000 0.7570
vn 0.5773 0.5773 -0.5774
vn 0.3947 0.6945 -0.6016
vn 0.4232 0.6791 -0.5998
vn 0.5774 0.5774 0.5773
vn 0.4972 0.6449 0.5804
vn 0.4757 0.6612 0.5801
vn -0.5774 0.5773 -0.5774
vn -0.4232 0.6791 -0.5998
vn -0.3947 0.6945 -0.6016
vn -0.5774 0.5773 0.5773
vn -0.4757 0.6612 0.5801
vn -0.4972 0.6449 0.5804
vn 0.5774 -0.5774 0.5773
vn 0.4757 -0.6612 0.5801
vn 0.4972 -0.6449 0.5804
vn 0.5773 -0.5773 -0.5774
vn 0.4232 -0.6791 -0.5998
vn 0.3947 -0.6945 -0.6016
vn -0.5774 -0.5773 0.5773
vn -0.4972 -0.6449 0.5804
vn -0.4757 -0.6612 0.5801
vn -0.5774 -0.5773 -0.5774
vn -0.3947 -0.6945 -0.6016
vn -0.4232 -0.6791 -0.5998
vn -0.2398 0.7207 0.6505
vn 0.2398 0.7207 0.6505
vn 0.1954 0.7215 0.6643
vn -0.1954 0.7215 0.6643
vn 0.7071 0.7071 -0.0000
vn -0.7071 0.7071 -0.0000
vn -0.2850 0.7453 -0.6028
vn 0.2850 0.7453 -0.6028
vn -0.1954 -0.7215 0.6643
vn 0.1954 -0.7215 0.6643
vn 0.2398 -0.7207 0.6505
vn -0.2398 -0.7207 0.6505
vn 0.7071 -0.7071 -0.0000
vn -0.7071 -0.7071 -0.0000
vn -0.2850 -0.7453 -0.6028
vn 0.2850 -0.7453 -0.6028
vn 0.7071 -0.0000 0.7071
vn 0.7071 -0.0000 -0.7071
vn -0.7071 -0.0000 -0.7071
vn -0.7071 -0.0000 0.7071
vt 0.252558 0.541987
vt 0.252558 0.458013
vt 0.264698 0.521085
vt 0.264698 0.478915
vt 0.735302 0.458013
vt 0.735302 0.541987
vt 0.252558 0.521085
vt 0.252558 0.478915
vt 0.252558 0.521085
vt 0.264698 0.521085
vt 0.735302 0.541987
vt 0.735302 0.458013
vt 0.264698 0.478915
vt 0.264698 0.458013
vt 0.735302 0.458013
vt 0.264698 0.458013
vt 0.264698 0.458013
vt 0.264698 0.458013
vt 0.747442 0.541987
vt 0.747442 0.458013
vt 0.747442 0.458013
vt 0.735302 0.458013
vt 0.252558 0.478915
vt 0.252558 0.521085
vt 0.252558 0.458013
vt 0.252558 0.458013
vt 0.747442 0.541987
vt 0.252558 0.521085
vt 0.252558 0.478915
vt 0.252558 0.478915
vt 0.264698 0.541987
vt 0.264698 0.541987
vt 0.735302 0.541987
vt 0.735302 0.541987
vt 0.264698 0.541987
vt 0.264698 0.541987
s 1
usemtl Material.027
f 311/425/223 320/425/224 348/425/224 338/425/223
f 316/426/225 333/426/225 358/426/225 339/426/225
f 312/427/226 315/428/226 317/429/226 314/430/226
f 332/425/227 311/425/227 338/425/227 355/425/227
f 337/431/228 340/432/228 357/432/228 356/433/228
f 337/434/228 335/435/228 342/436/228 340/437/228
f 340/438/228 342/429/228 350/439/228 354/440/228
f 328/439/225 325/441/225 352/442/225 349/429/225
f 313/443/229 318/444/229 341/445/229 336/443/229
f 315/438/226 326/442/226 330/446/226 317/436/226
f 333/426/230 334/447/230 331/448/230 332/425/230 355/425/230 356/433/230 357/432/230 358/426/230
f 327/449/231 316/426/232 339/426/232 353/450/231
f 324/451/233 313/451/234 336/443/234 344/443/233
f 312/452/226 331/448/226 334/453/226 315/454/226
f 318/445/235 329/445/236 351/445/236 341/445/235
f 335/430/228 337/455/228 347/456/228 345/457/228
f 319/456/227 322/458/227 343/458/227 346/459/227
f 319/456/237 320/425/238 321/460/239
f 322/458/240 323/457/241 324/451/242
f 325/441/243 326/442/244 327/449/245
f 328/439/246 329/445/247 330/446/248
f 343/458/249 344/443/250 345/457/251
f 346/459/252 347/456/253 348/425/254
f 349/429/255 350/439/256 351/445/257
f 352/442/258 353/450/259 354/440/260
f 318/444/261 313/443/262 314/430/263 317/429/264
f 322/458/265 319/456/265 321/460/265 323/457/265
f 330/446/266 326/442/266 325/441/266 328/439/266
f 326/442/244 315/438/267 316/426/267 327/449/245
f 317/436/264 330/446/248 329/445/247 318/445/261
f 323/457/241 314/435/263 313/451/262 324/451/242
f 312/456/268 321/460/239 320/425/238 311/425/268
f 331/448/265 312/452/265 311/425/265 332/425/265
f 315/454/266 334/453/266 333/426/266 316/426/266
f 342/436/269 335/435/270 336/443/271 341/445/272
f 345/457/273 347/456/273 346/459/273 343/458/273
f 349/429/274 352/442/274 354/440/274 350/439/274
f 353/450/259 339/426/275 340/438/275 354/440/260
f 341/445/272 351/445/257 350/439/256 342/429/269
f 344/443/250 336/443/271 335/430/270 345/457/251
f 338/425/276 348/425/254 347/456/253 337/455/276
f 355/425/273 338/425/273 337/431/273 356/433/273
f 339/426/274 358/426/274 357/432/274 340/432/274
f 324/451/233 344/443/233 343/458/277 322/458/277
f 348/425/224 320/425/224 319/456/278 346/459/278
f 327/449/231 353/450/231 352/442/279 325/441/279
f 351/445/236 329/445/236 328/439/280 349/429/280
f 314/435/226 323/457/226 321/460/226 312/456/226
o Button2
v -0.052882 -0.077662 0.259598
v -0.051423 -0.080995 0.259598
v -0.051351 -0.084632 0.259598
v -0.052676 -0.088020 0.259598
v -0.055197 -0.090643 0.259598
v -0.058529 -0.092101 0.259598
v -0.062167 -0.092174 0.259598
v -0.065554 -0.090848 0.259598
v -0.068177 -0.088328 0.259598
v -0.069636 -0.084995 0.259598
v -0.069708 -0.081358 0.259598
v -0.068383 -0.077970 0.259598
v -0.065862 -0.075347 0.259598
v -0.062530 -0.073889 0.259598
v -0.058893 -0.073816 0.259598
v -0.055505 -0.075142 0.259598
v -0.072016 -0.056750 0.250254
v -0.072839 -0.054870 0.250704
v -0.071683 -0.057203 0.258050
v -0.072839 -0.054870 0.257259
v -0.047289 -0.073762 0.250254
v -0.046913 -0.073500 0.250704
v -0.044316 -0.079434 0.250704
v -0.044763 -0.079532 0.250254
v -0.044760 -0.079531 0.259598
v -0.044316 -0.079434 0.259148
v -0.046913 -0.073500 0.259148
v -0.047289 -0.073762 0.259598
v -0.044187 -0.085910 0.250704
v -0.044638 -0.085829 0.250254
v -0.044631 -0.085830 0.259598
v -0.044187 -0.085910 0.259148
v -0.046546 -0.091942 0.250704
v -0.046933 -0.091695 0.250254
v -0.046923 -0.091701 0.259598
v -0.046546 -0.091942 0.259148
v -0.051035 -0.096612 0.250704
v -0.051297 -0.096236 0.250254
v -0.051287 -0.096250 0.259598
v -0.051035 -0.096612 0.259148
v -0.056968 -0.099209 0.250704
v -0.057067 -0.098761 0.250254
v -0.057062 -0.098784 0.259598
v -0.056968 -0.099209 0.259148
v -0.063444 -0.099338 0.250704
v -0.063364 -0.098886 0.250254
v -0.063369 -0.098917 0.259598
v -0.063444 -0.099338 0.259148
v -0.069476 -0.096978 0.250704
v -0.069229 -0.096592 0.250254
v -0.069252 -0.096628 0.259598
v -0.069476 -0.096978 0.259148
v -0.074147 -0.092490 0.250704
v -0.073770 -0.092228 0.250254
v -0.073817 -0.092260 0.259598
v -0.074147 -0.092490 0.259148
v -0.076744 -0.086556 0.250704
v -0.076296 -0.086458 0.250254
v -0.076370 -0.086474 0.259598
v -0.076744 -0.086556 0.259148
v -0.076872 -0.080080 0.250704
v -0.076421 -0.080161 0.250254
v -0.076521 -0.080143 0.259598
v -0.076872 -0.080080 0.259147
v -0.074513 -0.074048 0.250704
v -0.074127 -0.074295 0.250254
v -0.074240 -0.074223 0.259598
v -0.074513 -0.074048 0.259147
v -0.070025 -0.069378 0.250704
v -0.069539 -0.069521 0.250254
v -0.069367 -0.069090 0.259598
v -0.070025 -0.069378 0.259147
v -0.064315 -0.067235 0.250254
v -0.064091 -0.066781 0.250704
v -0.064091 -0.066781 0.259147
v -0.064854 -0.067115 0.259598
v -0.057615 -0.066652 0.250704
v -0.057695 -0.067104 0.250254
v -0.057697 -0.067111 0.259598
v -0.057615 -0.066652 0.259147
v -0.051583 -0.069012 0.250704
v -0.051830 -0.069398 0.250254
v -0.051832 -0.069401 0.259598
v -0.051583 -0.069012 0.259147
vn 0.5005 0.7822 -0.3710
vn 0.5002 0.7817 0.3724
vn 0.7618 0.5312 0.3708
vn 0.7617 0.5312 -0.3710
vn -0.0000 -0.0000 1.0000
vn -0.2375 0.0902 0.9672
vn 0.1070 0.2264 0.9681
vn -0.0703 0.2493 0.9659
vn -0.8500 0.2508 -0.4632
vn -0.8201 0.3763 0.4311
vn -0.3816 0.8038 0.4565
vn -0.3506 0.8010 -0.4852
vn 0.9077 0.1993 0.3692
vn 0.9070 0.1992 -0.3710
vn 0.4148 -0.0740 0.9069
vn 0.4095 0.0899 0.9078
vn 0.3424 0.2388 0.9087
vn 0.2240 0.3501 0.9095
vn 0.3569 -0.2284 0.9058
vn 0.7822 -0.5005 -0.3710
vn 0.7841 -0.5017 0.3653
vn 0.5330 -0.7644 0.3627
vn 0.5312 -0.7617 -0.3710
vn 0.2440 -0.3500 0.9044
vn 0.2001 -0.9115 0.3594
vn 0.1992 -0.9070 -0.3710
vn 0.0923 -0.4204 0.9027
vn -0.1643 -0.9203 0.3551
vn -0.1631 -0.9142 -0.3710
vn -0.0765 -0.4285 0.9003
vn -0.5051 -0.7892 0.3493
vn -0.5005 -0.7822 -0.3710
vn -0.2381 -0.3720 0.8972
vn -0.7711 -0.5374 0.3415
vn -0.7617 -0.5312 -0.3710
vn -0.3695 -0.2575 0.8928
vn -0.9218 -0.2022 0.3307
vn -0.9070 -0.1992 -0.3710
vn -0.4514 -0.0990 0.8868
vn -0.9341 0.1669 0.3156
vn -0.9142 0.1631 -0.3710
vn -0.4709 0.0842 0.8782
vn -0.8048 0.5154 0.2944
vn -0.7822 0.5005 -0.3710
vn -0.4214 0.2700 0.8658
vn 0.3924 0.7946 -0.4632
vn 0.2919 0.8328 0.4703
vn 0.1634 0.9200 0.3563
vn 0.1630 0.9142 -0.3710
vn 0.0753 0.4249 0.9021
vn 0.9156 -0.1633 0.3674
vn 0.9142 -0.1630 -0.3710
vn 0.6893 -0.1229 -0.7139
vn 0.6839 0.1502 -0.7139
vn 0.5898 -0.3774 -0.7139
vn 0.4005 -0.5744 -0.7139
vn 0.1502 -0.6839 -0.7139
vn -0.1229 -0.6893 -0.7139
vn -0.3774 -0.5898 -0.7139
vn -0.5744 -0.4005 -0.7139
vn -0.6839 -0.1502 -0.7139
vn -0.6893 0.1229 -0.7139
vn -0.5898 0.3774 -0.7139
vn -0.6367 0.1879 -0.7479
vn 0.1229 0.6893 -0.7139
vn 0.2940 0.5952 -0.7479
vn 0.3774 0.5898 -0.7139
vn 0.5744 0.4005 -0.7139
vn -0.0858 0.1961 -0.9768
vt 0.062500 0.524069
vt 0.062500 0.975906
vt 0.000000 0.975912
vt 0.000000 0.524069
vt 0.301583 0.374532
vt 0.250000 0.384792
vt 0.198417 0.374532
vt 0.154688 0.345312
vt 0.125468 0.301583
vt 0.115208 0.250000
vt 0.125468 0.198417
vt 0.154688 0.154688
vt 0.198417 0.125468
vt 0.250000 0.115208
vt 0.301583 0.125468
vt 0.345312 0.154688
vt 0.374532 0.198417
vt 0.384792 0.250000
vt 0.374532 0.301583
vt 0.345312 0.345312
vt 0.012024 0.260175
vt 0.025920 0.330036
vt 0.011996 0.260035
vt 0.250000 0.524069
vt 0.250000 0.975888
vt 0.250000 0.969776
vt 0.250000 0.530163
vt 1.000000 0.524069
vt 1.000000 0.975912
vt 0.937500 0.975916
vt 0.937500 0.524069
vt 0.415091 0.415091
vt 0.339326 0.465652
vt 0.339326 0.465652
vt 0.250000 0.483370
vt 0.250000 0.483370
vt 0.160712 0.465560
vt 0.465760 0.339371
vt 0.812500 0.524069
vt 0.812500 0.975920
vt 0.750000 0.975921
vt 0.750000 0.524069
vt 0.483613 0.250000
vt 0.465760 0.339371
vt 0.750000 0.524069
vt 0.687500 0.975921
vt 0.687500 0.524069
vt 0.465918 0.160564
vt 0.687500 0.524069
vt 0.687500 0.975921
vt 0.625000 0.975920
vt 0.625000 0.524069
vt 0.415343 0.084657
vt 0.625000 0.524069
vt 0.625000 0.975920
vt 0.562500 0.975918
vt 0.562500 0.524069
vt 0.339544 0.033822
vt 0.415343 0.084657
vt 0.562500 0.524069
vt 0.500000 0.975916
vt 0.500000 0.524069
vt 0.250000 0.015802
vt 0.339544 0.033822
vt 0.500000 0.524069
vt 0.437500 0.975912
vt 0.437500 0.524069
vt 0.160271 0.033375
vt 0.250000 0.015802
vt 0.437500 0.524069
vt 0.375000 0.975906
vt 0.375000 0.524069
vt 0.083946 0.083946
vt 0.160271 0.033375
vt 0.375000 0.524069
vt 0.312500 0.975899
vt 0.312500 0.524069
vt 0.032596 0.159948
vt 0.083946 0.083946
vt 0.312500 0.524069
vt 0.250000 0.975889
vt 0.250000 0.524069
vt 0.012024 0.260175
vt 0.032596 0.159948
vt 0.025920 0.330036
vt 0.187500 0.524069
vt 0.187500 0.975888
vt 0.125000 0.975899
vt 0.125000 0.524069
vt 0.085056 0.414944
vt 0.025920 0.330036
vt 0.125000 0.524069
vt 0.125000 0.975899
vt 0.062500 0.524069
vt 0.085056 0.414944
vt 0.937500 0.524069
vt 0.937500 0.975916
vt 0.875000 0.975918
vt 0.875000 0.524069
vt 0.875000 0.524069
vt 0.875000 0.975918
vt 0.812500 0.975920
vt 0.812500 0.524069
vt 0.915017 0.415017
vt 0.839307 0.465606
vt 0.965606 0.339307
vt 0.915017 0.415017
vt 0.983370 0.250000
vt 0.965606 0.160693
vt 0.915017 0.084983
vt 0.965606 0.160693
vt 0.839307 0.034394
vt 0.750000 0.016630
vt 0.660693 0.034394
vt 0.750000 0.016630
vt 0.584983 0.084983
vt 0.534394 0.160693
vt 0.515720 0.254577
vt 0.534394 0.160693
vt 0.584983 0.415017
vt 0.531801 0.335426
vt 0.660693 0.465606
vt 0.750000 0.483370
vt 0.187500 0.969776
vt 0.187500 0.975889
vt 0.526969 0.335307
vt 0.187500 0.530163
vt 0.187500 0.524069
vt 0.526969 0.335307
vt 0.510887 0.254459
s 1
usemtl Material.027
f 439/461/281 442/462/282 385/463/283 380/464/284
f 360/465/285 359/466/285 374/467/285 373/468/285 372/469/285 371/470/285 370/471/285 369/472/285 368/473/285 367/474/285 366/475/285 365/476/285 364/477/285 363/478/285 362/479/285 361/480/285
f 429/481/286 434/482/287 377/483/288
f 427/484/289 430/485/290 378/486/291 376/487/292
f 380/488/284 385/489/283 384/490/293 381/491/294
f 360/465/285 361/480/285 389/492/295 383/493/296
f 359/466/285 360/465/285 383/494/296 386/495/297
f 374/467/285 359/466/285 386/496/297 441/497/298
f 361/480/285 362/479/285 393/498/299 389/492/295
f 391/499/300 394/500/301 398/501/302 395/502/303
f 362/479/285 363/478/285 397/503/304 393/504/299
f 395/505/303 398/501/302 402/506/305 399/507/306
f 363/478/285 364/477/285 401/508/307 397/503/304
f 399/509/306 402/510/305 406/511/308 403/512/309
f 364/477/285 365/476/285 405/513/310 401/508/307
f 403/514/309 406/515/308 410/516/311 407/517/312
f 365/476/285 366/475/285 409/518/313 405/519/310
f 407/520/312 410/516/311 414/521/314 411/522/315
f 366/475/285 367/474/285 413/523/316 409/524/313
f 411/525/315 414/521/314 418/526/317 415/527/318
f 367/474/285 368/473/285 417/528/319 413/529/316
f 415/530/318 418/526/317 422/531/320 419/532/321
f 368/473/285 369/472/285 421/533/322 417/534/319
f 419/535/321 422/531/320 426/536/323 423/537/324
f 369/472/285 370/471/285 425/538/325 421/539/322
f 423/540/324 426/536/323 430/541/290 427/542/289
f 370/471/285 371/470/285 429/543/286 425/544/325
f 371/470/285 372/469/285 434/545/287 429/543/286
f 432/546/326 433/547/327 438/548/328 435/549/329
f 372/469/285 373/468/285 437/550/330 434/551/287
f 435/552/329 438/553/328 442/462/282 439/554/281
f 373/468/285 374/467/285 441/497/298 437/555/330
f 381/556/294 384/557/293 390/558/331 387/559/332
f 387/560/332 390/561/331 394/562/301 391/563/300
f 385/489/283 386/495/297 383/494/296 384/490/293
f 387/559/332 388/564/333 382/565/334 381/556/294
f 384/557/293 383/493/296 389/492/295 390/558/331
f 391/563/300 392/566/335 388/567/333 387/560/332
f 390/561/331 389/492/295 393/498/299 394/562/301
f 395/502/303 396/568/336 392/566/335 391/499/300
f 394/500/301 393/504/299 397/503/304 398/501/302
f 399/507/306 400/569/337 396/568/336 395/505/303
f 398/501/302 397/503/304 401/508/307 402/506/305
f 403/512/309 404/570/338 400/571/337 399/509/306
f 402/510/305 401/508/307 405/513/310 406/511/308
f 407/517/312 408/572/339 404/570/338 403/514/309
f 406/515/308 405/519/310 409/518/313 410/516/311
f 411/522/315 412/573/340 408/572/339 407/520/312
f 410/516/311 409/524/313 413/523/316 414/521/314
f 415/527/318 416/574/341 412/575/340 411/525/315
f 414/521/314 413/529/316 417/528/319 418/526/317
f 419/532/321 420/576/342 416/574/341 415/530/318
f 418/526/317 417/534/319 421/533/322 422/531/320
f 423/537/324 424/577/343 420/576/342 419/535/321
f 422/531/320 421/539/322 425/538/325 426/536/323
f 427/542/289 428/578/344 424/579/343 423/540/324
f 426/536/323 425/544/325 429/543/286 430/541/290
f 435/549/329 436/580/345 431/581/346 432/546/326
f 433/547/327 434/551/287 437/550/330 438/548/328
f 439/554/281 440/582/347 436/580/345 435/552/329
f 438/553/328 437/555/330 441/497/298 442/462/282
f 380/464/284 379/583/348 440/582/347 439/461/281
f 442/462/282 441/497/298 386/496/297 385/463/283
f 378/584/291 377/483/288 434/482/287 433/585/327
f 375/586/349 376/587/292 432/588/326 431/589/346
f 430/485/290 429/481/286 377/483/288 378/486/291
f 427/484/289 376/487/292 375/586/349 428/590/344
f 433/585/327 432/588/326 376/587/292 378/584/291
f 381/491/294 382/565/334 379/583/348 380/488/284
o Button32
v 0.071132 -0.083084 0.259598
v 0.070422 -0.086652 0.259598
v 0.068401 -0.089676 0.259598
v 0.065377 -0.091697 0.259598
v 0.061809 -0.092407 0.259598
v 0.058241 -0.091697 0.259598
v 0.055216 -0.089676 0.259598
v 0.053195 -0.086652 0.259598
v 0.052485 -0.083084 0.259598
v 0.053195 -0.079516 0.259598
v 0.055216 -0.076491 0.259598
v 0.058241 -0.074470 0.259598
v 0.061809 -0.073760 0.259598
v 0.065377 -0.074470 0.259598
v 0.068401 -0.076491 0.259598
v 0.070422 -0.079516 0.259598
v 0.067798 -0.052973 0.250704
v 0.067681 -0.053562 0.250386
v 0.067412 -0.055548 0.258050
v 0.067798 -0.052973 0.257259
v 0.067685 -0.053727 0.257678
v 0.078409 -0.083084 0.250704
v 0.078275 -0.083084 0.250386
v 0.077146 -0.089436 0.250704
v 0.077022 -0.089385 0.250386
v 0.076725 -0.089262 0.259598
v 0.077146 -0.089436 0.259148
v 0.077023 -0.089385 0.259466
v 0.078409 -0.083084 0.259148
v 0.077951 -0.083084 0.259598
v 0.078275 -0.083084 0.259466
v 0.073547 -0.094822 0.250704
v 0.073452 -0.094727 0.250386
v 0.073228 -0.094503 0.259598
v 0.073547 -0.094822 0.259148
v 0.073454 -0.094729 0.259466
v 0.068162 -0.098421 0.250704
v 0.068110 -0.098296 0.250386
v 0.067990 -0.098008 0.259598
v 0.068162 -0.098421 0.259148
v 0.068111 -0.098300 0.259466
v 0.061809 -0.099684 0.250704
v 0.061809 -0.099550 0.250386
v 0.061809 -0.099242 0.259598
v 0.061809 -0.099684 0.259148
v 0.061809 -0.099555 0.259466
v 0.055456 -0.098421 0.250704
v 0.055507 -0.098296 0.250386
v 0.055623 -0.098018 0.259598
v 0.055456 -0.098421 0.259148
v 0.055505 -0.098303 0.259466
v 0.050070 -0.094822 0.250704
v 0.050165 -0.094727 0.250386
v 0.050372 -0.094520 0.259598
v 0.050070 -0.094822 0.259148
v 0.050159 -0.094734 0.259466
v 0.046472 -0.089436 0.250704
v 0.046596 -0.089385 0.250386
v 0.046856 -0.089277 0.259598
v 0.046472 -0.089436 0.259148
v 0.046584 -0.089390 0.259466
v 0.045208 -0.083084 0.250704
v 0.045343 -0.083084 0.250386
v 0.045610 -0.083084 0.259598
v 0.045208 -0.083084 0.259148
v 0.045326 -0.083084 0.259466
v 0.046472 -0.076731 0.250704
v 0.046596 -0.076782 0.250386
v 0.046825 -0.076877 0.259598
v 0.046472 -0.076731 0.259148
v 0.046575 -0.076774 0.259466
v 0.050070 -0.071345 0.250704
v 0.050165 -0.071440 0.250386
v 0.050323 -0.071598 0.259598
v 0.050070 -0.071345 0.259147
v 0.050144 -0.071419 0.259466
v 0.055456 -0.067747 0.250704
v 0.055507 -0.067871 0.250386
v 0.055580 -0.068046 0.259598
v 0.055456 -0.067747 0.259147
v 0.055492 -0.067834 0.259466
v 0.061809 -0.066483 0.250704
v 0.061902 -0.066599 0.250386
v 0.062513 -0.066623 0.259598
v 0.061809 -0.066483 0.259147
v 0.062015 -0.066524 0.259466
v 0.068162 -0.067747 0.250704
v 0.068032 -0.067818 0.250386
v 0.068162 -0.067747 0.259147
v 0.067345 -0.067584 0.259598
v 0.067922 -0.067699 0.259466
v 0.073547 -0.071345 0.250704
v 0.073452 -0.071440 0.250386
v 0.073218 -0.071675 0.259598
v 0.073547 -0.071345 0.259147
v 0.073451 -0.071442 0.259466
v 0.077146 -0.076731 0.250704
v 0.077022 -0.076782 0.250386
v 0.076719 -0.076908 0.259598
v 0.077146 -0.076731 0.259147
v 0.077021 -0.076783 0.259466
vn 0.9064 0.3754 -0.1939
vn 0.9062 0.3753 0.1949
vn 0.9811 -0.0000 0.1937
vn 0.9810 -0.0000 -0.1939
vn -0.0000 -0.0000 1.0000
vn -0.0615 0.1306 0.9895
vn 0.1107 0.0889 0.9899
vn 0.0566 0.1762 0.9827
vn -0.6079 0.7596 -0.2314
vn -0.5416 0.8072 0.2346
vn 0.1540 0.8955 0.4175
vn 0.1779 0.8945 -0.4101
vn 0.9066 -0.3755 0.1924
vn 0.9064 -0.3754 -0.1939
vn 0.1540 -0.1541 0.9760
vn 0.1998 -0.0828 0.9763
vn 0.2148 -0.0000 0.9767
vn 0.1972 0.0816 0.9770
vn 0.0840 -0.2030 0.9756
vn 0.3754 -0.9064 -0.1939
vn 0.3757 -0.9072 0.1894
vn -0.0000 -0.9823 0.1875
vn -0.0000 -0.9810 -0.1939
vn -0.0001 -0.2220 0.9750
vn -0.3761 -0.9079 0.1850
vn -0.3754 -0.9064 -0.1939
vn -0.0862 -0.2078 0.9744
vn -0.6954 -0.6953 0.1817
vn -0.6937 -0.6937 -0.1939
vn -0.1620 -0.1618 0.9734
vn -0.9092 -0.3766 0.1775
vn -0.9064 -0.3754 -0.1939
vn -0.2166 -0.0894 0.9722
vn -0.9851 0.0001 0.1719
vn -0.9810 -0.0000 -0.1939
vn -0.2418 0.0004 0.9703
vn -0.9113 0.3775 0.1643
vn -0.9064 0.3754 -0.1939
vn -0.2328 0.0970 0.9677
vn -0.6986 0.6987 0.1543
vn -0.6937 0.6937 -0.1939
vn -0.1885 0.1897 0.9636
vn -0.3788 0.9147 0.1407
vn -0.3754 0.9064 -0.1939
vn -0.1097 0.2681 0.9571
vn 0.8523 0.4691 -0.2314
vn 0.8080 0.5331 0.2510
vn 0.6950 0.6954 0.1826
vn 0.6937 0.6937 -0.1939
vn 0.1592 0.1606 0.9741
vn 0.6941 -0.6941 0.1910
vn 0.6937 -0.6937 -0.1939
vn 0.8511 -0.3525 -0.3891
vn 0.9212 -0.0000 -0.3891
vn 0.7251 -0.0001 0.6886
vn 0.6715 -0.2782 0.6868
vn 0.6514 -0.6514 -0.3891
vn 0.5153 -0.5154 0.6847
vn 0.3525 -0.8511 -0.3891
vn 0.2797 -0.6755 0.6823
vn -0.0000 -0.9212 -0.3891
vn -0.0001 -0.7339 0.6793
vn -0.3525 -0.8511 -0.3891
vn -0.2824 -0.6812 0.6754
vn -0.6514 -0.6514 -0.3891
vn -0.5249 -0.5245 0.6703
vn -0.8511 -0.3525 -0.3891
vn -0.6913 -0.2860 0.6635
vn -0.9212 -0.0000 -0.3891
vn -0.7563 0.0004 0.6543
vn -0.8511 0.3525 -0.3891
vn -0.7086 0.2942 0.6413
vn -0.6514 0.6514 -0.3891
vn -0.5525 0.5538 0.6229
vn -0.3525 0.8511 -0.3891
vn -0.3060 0.7421 0.5963
vn -0.5662 0.7075 -0.4229
vn -0.3207 0.5472 0.7732
vn 0.6514 0.6514 -0.3891
vn 0.7939 0.4370 -0.4229
vn 0.4939 0.3330 0.8032
vn 0.5227 0.5246 0.6720
vn 0.8511 0.3525 -0.3891
vn 0.6683 0.2768 0.6905
vn 0.1041 0.3968 0.9120
vn 0.0912 0.4586 -0.8839
vt 0.062500 0.524069
vt 0.062500 0.975906
vt 0.000000 0.975912
vt 0.000000 0.524069
vt 0.301583 0.374532
vt 0.250000 0.384792
vt 0.198417 0.374532
vt 0.154688 0.345312
vt 0.125468 0.301583
vt 0.115208 0.250000
vt 0.125468 0.198417
vt 0.154688 0.154688
vt 0.198417 0.125468
vt 0.250000 0.115208
vt 0.301583 0.125468
vt 0.345312 0.154688
vt 0.374532 0.198417
vt 0.384792 0.250000
vt 0.374532 0.301583
vt 0.345312 0.345312
vt 0.012024 0.260175
vt 0.025920 0.330036
vt 0.011996 0.260035
vt 0.250000 0.524069
vt 0.250000 0.975888
vt 0.250000 0.969776
vt 0.250000 0.530163
vt 1.000000 0.524069
vt 1.000000 0.975912
vt 0.937500 0.975916
vt 0.937500 0.524069
vt 0.415091 0.415091
vt 0.339326 0.465652
vt 0.339326 0.465652
vt 0.250000 0.483370
vt 0.250000 0.483370
vt 0.160712 0.465560
vt 0.465760 0.339371
vt 0.812500 0.524069
vt 0.812500 0.975920
vt 0.750000 0.975921
vt 0.750000 0.524069
vt 0.483613 0.250000
vt 0.465760 0.339371
vt 0.750000 0.524069
vt 0.687500 0.975921
vt 0.687500 0.524069
vt 0.465918 0.160564
vt 0.687500 0.524069
vt 0.687500 0.975921
vt 0.625000 0.975920
vt 0.625000 0.524069
vt 0.415343 0.084657
vt 0.625000 0.524069
vt 0.625000 0.975920
vt 0.562500 0.975918
vt 0.562500 0.524069
vt 0.339544 0.033822
vt 0.415343 0.084657
vt 0.562500 0.524069
vt 0.500000 0.975916
vt 0.500000 0.524069
vt 0.250000 0.015802
vt 0.339544 0.033822
vt 0.500000 0.524069
vt 0.437500 0.975912
vt 0.437500 0.524069
vt 0.160271 0.033375
vt 0.250000 0.015802
vt 0.437500 0.524069
vt 0.375000 0.975906
vt 0.375000 0.524069
vt 0.083946 0.083946
vt 0.160271 0.033375
vt 0.375000 0.524069
vt 0.312500 0.975899
vt 0.312500 0.524069
vt 0.032596 0.159948
vt 0.083946 0.083946
vt 0.312500 0.524069
vt 0.250000 0.975889
vt 0.250000 0.524069
vt 0.012024 0.260175
vt 0.032596 0.159948
vt 0.025920 0.330036
vt 0.187500 0.524069
vt 0.187500 0.975888
vt 0.125000 0.975899
vt 0.125000 0.524069
vt 0.085056 0.414944
vt 0.025920 0.330036
vt 0.125000 0.524069
vt 0.125000 0.975899
vt 0.062500 0.524069
vt 0.085056 0.414944
vt 0.937500 0.524069
vt 0.937500 0.975916
vt 0.875000 0.975918
vt 0.875000 0.524069
vt 0.875000 0.524069
vt 0.875000 0.975918
vt 0.812500 0.975920
vt 0.812500 0.524069
vt 0.937753 0.500000
vt 0.999747 0.500000
vt 0.999747 1.000000
vt 0.937751 1.000000
vt 0.341475 0.471804
vt 0.250372 0.489926
vt 0.875253 0.500000
vt 0.937247 0.500000
vt 0.937249 1.000000
vt 0.875249 1.000000
vt 0.419396 0.419913
vt 0.342157 0.471522
vt 0.812753 0.500000
vt 0.874747 0.500000
vt 0.874751 1.000000
vt 0.812746 1.000000
vt 0.471526 0.342151
vt 0.419913 0.419396
vt 0.750253 0.500000
vt 0.812247 0.500000
vt 0.812254 1.000000
vt 0.750244 1.000000
vt 0.489929 0.250358
vt 0.471803 0.341482
vt 0.687753 0.500000
vt 0.749747 0.500000
vt 0.749756 1.000000
vt 0.687740 1.000000
vt 0.471801 0.158509
vt 0.489929 0.249642
vt 0.625253 0.500000
vt 0.687247 0.500000
vt 0.687260 1.000000
vt 0.625235 1.000000
vt 0.419901 0.080588
vt 0.471531 0.157857
vt 0.562753 0.500000
vt 0.624747 0.500000
vt 0.624765 1.000000
vt 0.562729 1.000000
vt 0.342130 0.028460
vt 0.419412 0.080099
vt 0.500253 0.500000
vt 0.562247 0.500000
vt 0.562271 1.000000
vt 0.500221 1.000000
vt 0.250325 0.010065
vt 0.341507 0.028202
vt 0.437753 0.500000
vt 0.499747 0.500000
vt 0.499779 1.000000
vt 0.437711 1.000000
vt 0.158466 0.028207
vt 0.249675 0.010065
vt 0.375253 0.500000
vt 0.437247 0.500000
vt 0.437289 1.000000
vt 0.375197 1.000000
vt 0.080540 0.080130
vt 0.157893 0.028444
vt 0.312753 0.500000
vt 0.374747 0.500000
vt 0.374803 1.000000
vt 0.312679 1.000000
vt 0.028418 0.157933
vt 0.080130 0.080540
vt 0.250000 0.500000
vt 0.312247 0.500000
vt 0.312321 1.000000
vt 0.250000 1.000000
vt 0.010000 0.250000
vt 0.028217 0.158418
vt 0.125253 0.500000
vt 0.187500 0.500000
vt 0.187500 1.000000
vt 0.125257 1.000000
vt 0.080081 0.419386
vt 0.028269 0.341844
vt 0.062753 0.500000
vt 0.124747 0.500000
vt 0.124743 1.000000
vt 0.062755 1.000000
vt 0.157839 0.471519
vt 0.080614 0.419919
vt 0.000253 0.500000
vt 0.062247 0.500000
vt 0.062245 1.000000
vt 0.000253 1.000000
vt 0.249628 0.489926
vt 0.158530 0.471806
vt 0.187500 0.975889
vt 0.187500 0.969776
vt 0.028183 0.341414
vt 0.010909 0.254569
vt 0.187500 0.530163
vt 0.187500 0.524069
s 1
usemtl Material.027
f 539/591/350 542/592/351 471/593/352 464/594/353
f 444/595/354 443/596/354 458/597/354 457/598/354 456/599/354 455/600/354 454/601/354 453/602/354 452/603/354 451/604/354 450/605/354 449/606/354 448/607/354 447/608/354 446/609/354 445/610/354
f 526/611/355 532/612/356 461/613/357
f 524/614/358 527/615/359 462/616/360 459/617/361
f 464/618/353 471/619/352 469/620/362 466/621/363
f 444/595/354 445/610/354 476/622/364 468/623/365
f 443/596/354 444/595/354 468/624/365 472/625/366
f 458/597/354 443/596/354 472/626/366 541/627/367
f 445/610/354 446/609/354 481/628/368 476/622/364
f 479/629/369 482/630/370 487/631/371 484/632/372
f 446/609/354 447/608/354 486/633/373 481/634/368
f 484/635/372 487/631/371 492/636/374 489/637/375
f 447/608/354 448/607/354 491/638/376 486/633/373
f 489/639/375 492/640/374 497/641/377 494/642/378
f 448/607/354 449/606/354 496/643/379 491/638/376
f 494/644/378 497/645/377 502/646/380 499/647/381
f 449/606/354 450/605/354 501/648/382 496/649/379
f 499/650/381 502/646/380 507/651/383 504/652/384
f 450/605/354 451/604/354 506/653/385 501/654/382
f 504/655/384 507/651/383 512/656/386 509/657/387
f 451/604/354 452/603/354 511/658/388 506/659/385
f 509/660/387 512/656/386 517/661/389 514/662/390
f 452/603/354 453/602/354 516/663/391 511/664/388
f 514/665/390 517/661/389 522/666/392 519/667/393
f 453/602/354 454/601/354 521/668/394 516/669/391
f 519/670/393 522/666/392 527/671/359 524/672/358
f 454/601/354 455/600/354 526/673/355 521/674/394
f 455/600/354 456/599/354 532/675/356 526/673/355
f 529/676/395 531/677/396 537/678/397 534/679/398
f 456/599/354 457/598/354 536/680/399 532/681/356
f 534/682/398 537/683/397 542/592/351 539/684/350
f 457/598/354 458/597/354 541/627/367 536/685/399
f 466/686/363 469/687/362 477/688/400 474/689/401
f 474/690/401 477/691/400 482/692/370 479/693/369
f 464/618/353 466/621/363 467/694/402 465/695/403
f 469/620/362 471/619/352 473/696/404 470/697/405
f 470/698/405 473/699/404 472/625/366 468/624/365
f 466/686/363 474/689/401 475/700/406 467/701/402
f 477/688/400 469/687/362 470/702/405 478/703/407
f 478/704/407 470/705/405 468/623/365 476/622/364
f 474/690/401 479/693/369 480/706/408 475/707/406
f 482/692/370 477/691/400 478/708/407 483/709/409
f 483/710/409 478/711/407 476/622/364 481/628/368
f 479/629/369 484/632/372 485/712/410 480/713/408
f 487/631/371 482/630/370 483/714/409 488/715/411
f 488/716/411 483/717/409 481/634/368 486/633/373
f 484/635/372 489/637/375 490/718/412 485/719/410
f 492/636/374 487/631/371 488/720/411 493/721/413
f 493/722/413 488/723/411 486/633/373 491/638/376
f 489/639/375 494/642/378 495/724/414 490/725/412
f 497/641/377 492/640/374 493/726/413 498/727/415
f 498/728/415 493/729/413 491/638/376 496/643/379
f 494/644/378 499/647/381 500/730/416 495/731/414
f 502/646/380 497/645/377 498/732/415 503/733/417
f 503/734/417 498/735/415 496/649/379 501/648/382
f 499/650/381 504/652/384 505/736/418 500/737/416
f 507/651/383 502/646/380 503/738/417 508/739/419
f 508/740/419 503/741/417 501/654/382 506/653/385
f 504/655/384 509/657/387 510/742/420 505/743/418
f 512/656/386 507/651/383 508/744/419 513/745/421
f 513/746/421 508/747/419 506/659/385 511/658/388
f 509/660/387 514/662/390 515/748/422 510/749/420
f 517/661/389 512/656/386 513/750/421 518/751/423
f 518/752/423 513/753/421 511/664/388 516/663/391
f 514/665/390 519/667/393 520/754/424 515/755/422
f 522/666/392 517/661/389 518/756/423 523/757/425
f 523/758/425 518/759/423 516/669/391 521/668/394
f 519/670/393 524/672/358 525/760/426 520/761/424
f 527/671/359 522/666/392 523/762/425 528/763/427
f 528/764/427 523/765/425 521/674/394 526/673/355
f 529/676/395 534/679/398 535/766/428 530/767/429
f 537/678/397 531/677/396 533/768/430 538/769/431
f 538/770/431 533/771/430 532/681/356 536/680/399
f 534/682/398 539/684/350 540/772/432 535/773/428
f 542/592/351 537/683/397 538/774/431 543/775/433
f 543/776/433 538/777/431 536/685/399 541/627/367
f 539/591/350 464/594/353 465/778/403 540/779/432
f 471/593/352 542/592/351 543/780/433 473/781/404
f 473/782/404 543/783/433 541/627/367 472/626/366
f 531/784/396 462/785/360 463/768/434 533/768/430
f 533/786/430 463/787/434 461/613/357 532/612/356
f 530/767/429 460/767/435 459/788/361 529/789/395
f 462/616/360 527/615/359 528/763/427 463/763/434
f 463/764/434 528/764/427 526/611/355 461/613/357
f 460/760/435 525/760/426 524/614/358 459/617/361
f 531/784/396 529/789/395 459/788/361 462/785/360
o Toaster_cell
v -0.106292 -0.122534 0.225237
v -0.099884 -0.125825 0.221470
v -0.117681 -0.138020 0.245610
v -0.098374 -0.140968 0.227081
v -0.100774 -0.140968 0.221654
v -0.105592 -0.140940 0.224433
v -0.095874 -0.139359 0.239603
v -0.113822 -0.131375 0.251188
v -0.102806 -0.138328 0.247630
v -0.123182 -0.136939 0.240712
v -0.109945 -0.140340 0.228458
v -0.125643 -0.131845 0.243225
v -0.120244 -0.132141 0.248801
v -0.095874 -0.139359 0.239603
v -0.102806 -0.138328 0.247630
v -0.105592 -0.140940 0.224433
v -0.109945 -0.140340 0.228458
v -0.123182 -0.136939 0.240712
v -0.125643 -0.131845 0.243225
v -0.113822 -0.131375 0.251188
v -0.120244 -0.132141 0.248801
v -0.098374 -0.140968 0.227081
v -0.100774 -0.140968 0.221654
vn 0.9647 -0.0014 -0.2633
vn -0.4995 0.0189 -0.8661
vn 0.5924 0.7029 0.3936
vn 0.5779 0.7066 0.4084
vn -0.6785 0.0063 -0.7346
vn -0.6873 0.0260 -0.7259
vn -0.2118 0.9424 0.2588
vn -0.0892 -0.9534 0.2883
vn -0.2621 -0.8356 0.4827
vn -0.4019 -0.8338 0.3784
vn -0.0833 -0.9919 0.0954
vn -0.0389 -0.9962 0.0774
vn -0.3967 -0.5945 0.6994
vn -0.1528 -0.5819 0.7988
vn -0.6067 -0.5673 0.5569
vn -0.0217 -0.9958 0.0887
vn -0.0282 -0.9922 0.1214
vn -0.0047 -1.0000 0.0021
vt 1.000000 0.719538
vt 1.000000 1.000000
vt 0.359900 0.359900
vt 0.778851 0.586745
vt 1.000000 0.000000
vt 0.766667 0.766667
vt 0.730075 0.000000
vt 0.000000 0.000000
vt 1.000000 0.359900
vt 0.622947 0.463135
vt 0.676722 0.676722
vt 0.330184 0.000000
vt 0.788693 0.000000
vt 1.000000 0.269925
vt 0.947532 0.208668
vt 1.000000 0.754965
vt 0.788693 0.788693
vt 1.000000 0.669816
vt 0.763361 0.763361
vt 0.874103 0.700303
vt 0.374189 0.722147
vt 0.368598 0.740731
vt 0.366988 0.742867
vt 0.349582 0.719106
vt 0.345403 0.711954
vt 0.380092 0.735728
vt 0.372695 0.733368
vt 0.374708 0.721214
vt 0.382077 0.729813
vt 0.378618 0.754795
vt 0.374196 0.755514
vt 0.375000 0.751875
vt 0.376312 0.751600
vt 0.344409 0.706985
vt 0.344026 0.705066
vt 0.345089 0.710386
vt 0.327141 0.708439
vt 0.326536 0.706765
vt 0.328456 0.712073
s 0
usemtl Material.027
f 566/790/436 545/791/436 557/792/436 565/793/436
f 544/794/437 545/791/437 566/795/437 559/796/437
f 545/791/438 544/797/438 557/798/438
f 558/799/439 557/800/439 544/797/439 563/801/439
f 561/802/440 544/794/440 559/803/440 560/804/440
f 562/805/441 544/791/441 561/806/441
f 563/807/442 544/791/442 562/808/442 564/809/442
s 1
usemtl Material.020
f 552/810/443 546/811/444 553/812/445 554/813/446 549/814/447
f 556/815/448 546/816/444 552/817/443 551/818/449
f 555/819/450 553/820/445 546/821/444 556/822/448
f 549/814/447 547/823/451 550/824/452 552/825/443
f 548/826/453 547/827/451 549/828/447
o Toaster_cell.001
v -0.076860 0.058306 -0.182843
v -0.030570 0.035173 -0.160454
v -0.030541 -0.025989 -0.230996
v -0.062679 0.036879 -0.157837
v -0.063817 -0.032361 -0.239329
v -0.106631 -0.023263 -0.228288
v -0.056296 -0.030920 -0.253836
v -0.030532 -0.025986 -0.253836
v -0.063666 -0.032280 -0.253836
v -0.032247 0.101711 -0.234006
v -0.031888 0.073058 -0.253836
v -0.030533 -0.004730 -0.253836
v -0.135742 -0.014140 -0.217594
v -0.135742 -0.010468 -0.213313
v -0.113518 -0.021969 -0.251629
v -0.078540 -0.029356 -0.253836
v -0.105952 -0.023578 -0.253836
v -0.132242 0.027595 -0.235652
v -0.069157 0.102631 -0.233370
v -0.120890 0.050960 -0.249492
v -0.106063 0.071974 -0.253836
v -0.060466 0.102784 -0.233264
v -0.047745 0.102920 -0.233170
v -0.131752 -0.016568 -0.237598
v -0.120849 -0.019888 -0.249485
v -0.134806 0.017073 -0.225200
v -0.135742 0.006777 -0.221377
v -0.056296 -0.030920 -0.253836
v -0.030532 -0.025986 -0.253836
v -0.063666 -0.032280 -0.253836
v -0.032247 0.101711 -0.234006
v -0.031888 0.073058 -0.253836
v -0.030533 -0.004730 -0.253836
v -0.135742 -0.014140 -0.217594
v -0.135742 -0.010468 -0.213313
v -0.113518 -0.021969 -0.251629
v -0.105952 -0.023578 -0.253836
v -0.078540 -0.029356 -0.253836
v -0.120890 0.050960 -0.249492
v -0.106063 0.071974 -0.253836
v -0.069157 0.102631 -0.233370
v -0.060466 0.102784 -0.233264
v -0.047745 0.102920 -0.233170
v -0.120849 -0.019888 -0.249485
v -0.131752 -0.016568 -0.237598
v -0.134806 0.017073 -0.225200
v -0.135742 0.006777 -0.221377
v -0.132242 0.027595 -0.235652
vn 0.1881 -0.9822 -0.0000
vn 0.1815 -0.9834 -0.0036
vn 0.9998 0.0174 -0.0070
vn 1.0000 0.0001 0.0004
vn -0.0046 -0.7670 0.6416
vn -0.0059 -0.7828 0.6222
vn 0.0133 -0.7555 0.6550
vn -0.0025 -0.7590 0.6511
vn -0.2062 -0.9785 0.0066
vn -0.1929 -0.9812 -0.0075
vn -0.7066 0.5818 0.4027
vn -0.0213 0.7532 0.6575
vn -0.0129 0.7532 0.6577
vn 0.0936 0.7394 0.6667
vn -0.2719 -0.9614 0.0423
vn -0.6932 0.3039 0.6535
vn -0.6939 0.3051 0.6523
vn -0.7081 0.5769 0.4071
vn -0.9912 -0.0076 -0.1320
vn -1.0000 -0.0000 -0.0000
vn -0.9789 -0.0118 -0.2040
vn -0.0000 -0.0000 -1.0000
vn -0.1232 -0.0001 -0.9924
vn -0.0636 0.1518 -0.9864
vn -0.0029 0.2953 -0.9554
vn -0.2806 -0.0003 -0.9598
vn -0.5053 0.0032 -0.8630
vn -0.3901 0.0014 -0.9208
vn -0.8330 0.0023 -0.5533
vn -0.8789 -0.0014 -0.4771
vn -0.9751 -0.0128 -0.2214
vn -0.0055 0.5644 -0.8255
vt 0.000000 0.000000
vt 1.000000 0.000000
vt 1.000000 0.225834
vt 0.314725 0.314725
vt 0.223621 0.000000
vt 0.225834 0.225834
vt 0.485343 0.000000
vt 1.000000 0.652500
vt 0.591354 0.244424
vt 1.000000 0.314725
vt 0.652500 0.652500
vt 1.000000 1.000000
vt 0.142240 0.000000
vt 0.938022 0.000000
vt 1.000000 0.043875
vt 0.311010 0.000000
vt 0.492541 0.178365
vt 1.000000 0.773350
vt 0.773350 0.773350
vt 1.000000 0.776379
vt 0.679521 0.310957
vt 0.566104 0.177754
vt 0.492107 0.000000
vt 1.000000 0.417080
vt 0.417080 0.417080
vt 1.000000 0.516090
vt 0.516090 0.516090
vt 0.517640 0.000000
vt 0.517640 0.517640
vt 1.000000 0.514657
vt 0.688990 0.000000
vt 0.966354 0.835807
vt 0.785500 0.600236
vt 0.685369 0.213648
vt 0.938022 0.938022
vt 0.638942 0.000000
vt 0.757097 0.362458
vt 0.924227 0.924227
vt 1.000000 0.507892
vt 0.361058 0.000000
vt 0.487435 0.982153
vt 0.492724 0.980576
vt 0.506009 0.984016
vt 0.564782 0.096884
vt 0.564782 0.073159
vt 0.383926 0.066372
vt 0.383926 0.052675
vt 0.479093 0.027433
vt 0.383926 0.028152
vt 0.564782 0.095636
vt 0.564782 0.096883
vt 0.479093 0.027433
vt 0.480544 0.020473
vt 0.482365 0.013715
vt 0.545188 0.013677
vt 0.563822 0.027331
vt 0.526186 0.000000
vt 0.545188 0.013677
vt 0.482364 0.013715
vt 0.485303 0.000000
vt 0.526194 0.992012
vt 0.485309 0.992004
vt 0.486661 0.984008
vt 0.506009 0.984016
vt 0.515139 0.985898
vt 0.606320 0.095307
vt 0.606320 0.095638
vt 0.606281 0.027849
vt 0.606315 0.061277
vt 0.606320 0.069323
vt 0.606320 0.081037
s 0
usemtl Material.027
f 569/829/454 571/830/454 594/831/454 595/832/454
f 596/833/455 594/834/455 571/829/455
f 597/835/456 568/830/456 599/836/456 598/837/456
f 568/829/457 569/830/457 595/838/457 599/839/457
f 572/830/458 569/840/458 600/841/458
f 572/829/459 571/830/459 569/840/459
f 568/829/460 570/830/460 569/840/460
f 569/840/461 570/829/461 601/842/461 600/843/461
f 571/840/462 572/829/462 602/844/462 603/845/462 604/846/462
f 571/840/463 604/847/463 596/848/463
f 606/849/464 605/850/464 614/851/464 567/830/464 607/852/464
f 607/853/465 567/829/465 570/830/465 608/854/465
f 608/855/466 570/829/466 609/856/466
f 609/857/467 570/829/467 568/830/467 597/858/467
f 602/859/468 572/830/468 600/860/468 611/861/468 610/862/468
f 601/863/469 570/829/469 567/830/469
f 567/829/470 612/864/470 613/865/470 601/866/470
f 567/830/471 614/867/471 612/868/471
s 1
f 574/872/475 573/873/475 575/874/475 582/875/475 583/876/476 587/877/477 577/878/478 578/879/475
f 583/880/476 581/881/479 591/882/480 586/883/481 587/884/477
f 584/885/482 586/886/481 591/887/480 590/888/483
f 576/894/485 577/895/478 587/896/477 585/897/485 588/898/485 589/899/485
usemtl Material.020
f 579/869/472 580/870/473 593/871/474
f 584/889/482 590/890/483 579/891/472 593/892/474 592/893/484
o Toaster_cell.002
v 0.048867 0.038287 0.152685
v 0.084365 0.106247 0.164237
v 0.074905 0.084222 0.165286
v 0.057514 0.030897 0.148423
v 0.081959 -0.009436 0.032191
v 0.102068 0.018130 0.008077
v 0.062673 0.065941 0.168862
v 0.091833 0.112096 0.001728
v 0.081230 0.030094 0.002746
v 0.068265 0.144835 0.140542
v 0.063962 0.142983 0.136286
v 0.121013 0.141751 0.007715
v 0.106284 0.145578 0.004479
v 0.091084 0.145281 0.001217
v 0.091548 0.140702 0.166958
v 0.105463 0.145562 0.135734
v 0.119814 0.142063 0.098514
v 0.129656 0.133370 0.068639
v 0.131796 0.131295 0.060242
v 0.135742 0.106940 0.019694
v 0.135742 0.117013 0.031851
v 0.135742 0.101146 0.012630
v 0.135742 0.117013 0.011969
v 0.131796 0.131295 0.010435
v 0.063296 0.085560 0.001611
v 0.077696 0.145020 0.000980
v 0.063296 0.140587 0.001163
v 0.068265 0.144835 0.001078
v 0.043105 0.134589 0.186018
v 0.050541 0.133679 0.188856
v 0.085599 0.139649 0.170240
v 0.043014 0.140968 0.166127
v 0.043137 0.144835 0.140542
v 0.043437 0.140587 0.135628
v 0.053120 0.009725 0.135628
v 0.063296 0.033062 0.135628
v 0.063296 0.001522 0.097422
v 0.063296 0.001641 0.026361
v 0.063296 0.010384 0.019634
v 0.063296 0.032188 0.003527
v 0.049315 0.034330 0.135628
v 0.106284 0.145578 0.004479
v 0.091084 0.145281 0.001217
v 0.129656 0.133370 0.068639
v 0.131796 0.131295 0.060242
v 0.135742 0.106940 0.019694
v 0.135742 0.117013 0.031851
v 0.135742 0.101146 0.012630
v 0.135742 0.117013 0.011969
v 0.131796 0.131295 0.010435
v 0.077696 0.145020 0.000980
v 0.068265 0.144835 0.001078
v 0.063296 0.085560 0.001611
v 0.063296 0.140587 0.001163
v 0.043105 0.134589 0.186018
v 0.050541 0.133679 0.188856
v 0.085599 0.139649 0.170240
v 0.043014 0.140968 0.166127
v 0.043137 0.144835 0.140542
v 0.091548 0.140702 0.166958
v 0.063296 0.033062 0.135628
v 0.063296 0.001522 0.097422
v 0.063296 0.001641 0.026361
v 0.063296 0.010384 0.019634
v 0.063296 0.032188 0.003527
v 0.043437 0.140587 0.135628
v 0.049315 0.034330 0.135628
v 0.121013 0.141751 0.007715
v 0.105463 0.145562 0.135734
v 0.119814 0.142063 0.098514
v 0.053120 0.009725 0.135628
vn 0.2234 -0.0231 -0.9744
vn 0.2109 -0.0107 -0.9774
vn 0.9037 -0.2175 0.3689
vn 0.9035 -0.2269 0.3637
vn 0.8779 -0.3621 0.3132
vn 0.8758 -0.3716 0.3080
vn 0.8765 -0.3723 0.3053
vn 0.2312 -0.0405 -0.9721
vn 0.2254 -0.0412 -0.9734
vn 0.0197 -0.0149 -0.9997
vn 0.0033 -0.0194 -0.9998
vn -0.0102 -0.0081 -0.9999
vn -0.3718 -0.3234 0.8702
vn 0.4844 -0.1667 0.8588
vn 0.4991 -0.1711 0.8495
vn 0.5166 -0.1820 0.8367
vn 0.7584 -0.4081 0.5083
vn 0.8520 -0.3888 0.3507
vn 0.8708 -0.3790 0.3130
vn -0.5100 -0.8601 -0.0014
vn -0.1137 -0.6059 -0.7874
vn -0.0999 -0.5449 -0.8325
vn -0.1202 -0.5899 -0.7985
vn -0.9882 -0.1528 0.0095
vn -0.0172 -0.5145 0.8573
vn -0.0043 -0.5033 0.8641
vn -0.9984 -0.0552 -0.0132
vn 0.0007 0.9735 0.2287
vn 0.0011 0.9826 0.1858
vn 0.0192 0.9985 0.0508
vn -0.0816 0.9964 0.0212
vn -0.0302 0.9678 -0.2497
vn 0.3050 0.9523 0.0013
vn 0.4537 0.8912 0.0021
vn 0.0965 0.9953 0.0004
vn 0.7385 0.6742 0.0029
vn 0.8428 0.5382 0.0019
vn 0.6838 0.7296 0.0034
vn 0.9771 0.2126 -0.0000
vn 0.9901 0.1405 -0.0000
vn -0.0255 0.4003 -0.9160
vn -0.5051 0.7373 -0.4487
vn -0.6306 0.0041 -0.7761
vn 0.0174 0.0032 -0.9998
vn -1.0000 0.0025 0.0020
vn -0.8801 0.4748 -0.0022
vn -0.2931 0.9561 -0.0031
vn -0.0195 0.9998 -0.0000
vn 1.0000 -0.0000 -0.0000
vn -0.0000 0.9522 0.3054
vt 0.900640 0.311097
vt 0.406499 0.000000
vt 1.000000 0.000000
vt 0.362149 0.362149
vt 0.000000 0.000000
vt 0.397388 0.000000
vt 0.400506 0.201352
vt 0.744559 0.205451
vt 0.614009 0.000000
vt 1.000000 0.445595
vt 0.445595 0.445595
vt 0.641559 0.000000
vt 0.904496 0.699355
vt 0.641559 0.641559
vt 0.714531 0.714531
vt 1.000000 0.736741
vt 0.907521 0.745677
vt 0.736741 0.736741
vt 1.000000 0.636658
vt 0.961339 0.626777
vt 0.795524 0.662414
vt 0.636658 0.636658
vt 1.000000 1.000000
vt 1.000000 0.602612
vt 0.695501 0.695501
vt 0.601479 0.000000
vt 1.000000 0.308370
vt 1.000000 0.682071
vt 0.682071 0.682071
vt 0.308369 0.308369
vt 0.679587 0.432096
vt 0.681345 0.484461
vt 1.000000 0.522526
vt 0.612263 0.612263
vt 0.522526 0.522526
vt 0.568865 0.000000
vt 1.000000 0.385991
vt 0.568865 0.568865
vt 1.000000 0.038895
vt 0.361967 0.000000
vt 0.038894 0.038894
vt 0.446935 0.352331
vt 1.000000 0.371278
vt 0.361967 0.361967
vt 0.221344 0.000000
vt 0.371278 0.371278
vt 0.398522 0.000000
vt 1.000000 0.234583
vt 0.221344 0.221344
vt 0.868559 0.868559
vt 1.000000 0.065740
vt 0.085762 0.000000
vt 0.745414 0.396326
vt 0.868559 0.000000
vt 1.000000 0.612263
vt 0.892767 0.545805
vt 0.744584 0.410732
vt 0.680791 0.585390
vt 0.668192 0.540325
vt 0.668192 0.527883
vt 0.680791 0.562137
vt 0.680791 0.585277
vt 0.703050 0.513563
vt 0.746486 0.515878
vt 0.747794 0.527127
vt 0.684144 0.527127
vt 0.612335 0.404666
vt 0.615267 0.379797
vt 0.625000 0.378799
vt 0.625000 0.421950
vt 0.614848 0.408801
vt 0.611335 0.403594
vt 0.599670 0.390685
vt 0.599670 0.380894
vt 0.612335 0.380139
vt 0.683211 0.585001
vt 0.683211 0.566713
vt 0.683211 0.576696
vt 0.683211 0.579588
vt 0.737018 0.566713
vt 0.702025 0.566713
vt 0.749427 0.566713
vt 0.749207 0.566713
vt 0.748263 0.566713
vt 0.740332 0.566713
vt 0.749455 0.564425
vt 0.681952 0.564425
vt 0.680791 0.562137
vt 0.749469 0.562137
vt 0.680791 0.564425
vt 0.683049 0.567010
vt 0.683049 0.585018
vt 0.683049 0.585146
vt 0.684144 0.527127
vt 0.749436 0.544615
vt 0.749518 0.553453
vt 0.590994 0.384698
vt 0.586004 0.381219
vt 0.668192 0.585390
vt 0.668192 0.585307
vt 0.668192 0.578459
vt 0.668192 0.546175
vt 0.668192 0.540325
s 0
usemtl Material.027
f 682/900/486 664/901/486 622/902/486
f 682/903/487 622/904/487 657/905/487 656/906/487
f 630/907/488 674/908/488 616/902/488 684/909/488
f 684/910/489 616/904/489 658/911/489
f 659/912/490 658/913/490 616/904/490 617/902/490
f 659/914/491 617/904/491 619/902/491 660/915/491 661/916/491
f 660/917/492 619/904/492 620/902/492 662/918/492
f 622/902/493 664/919/493 663/920/493 662/921/493 620/904/493
f 620/904/494 623/902/494 622/922/494
f 622/922/495 623/904/495 657/923/495
f 657/924/496 623/904/496 679/925/496 667/926/496 665/927/496
f 665/928/497 667/929/497 668/930/497 666/931/497
f 615/904/498 621/902/498 670/932/498 669/933/498
f 670/934/499 621/904/499 671/935/499
f 621/904/500 616/902/500 674/936/500 671/937/500
f 621/904/501 617/902/501 616/922/501
f 621/904/502 618/902/502 617/922/502
f 617/922/503 618/904/503 685/938/503
f 676/939/504 619/902/504 617/922/504 685/940/504 675/941/504
f 677/942/505 619/922/505 676/943/505
f 678/944/506 620/902/506 619/922/506 677/945/506
f 623/902/507 620/922/507 679/946/507
f 679/947/508 620/922/508 678/948/508
f 615/922/509 681/949/509 685/950/509
f 685/951/510 618/902/510 615/922/510
f 618/904/511 621/902/511 615/922/511
f 680/952/512 681/953/512 615/902/512 669/954/512 672/955/512 673/956/512
s 1
f 646/957/513 629/958/514 683/959/515 624/960/516 647/961/517
f 631/962/518 626/963/519 627/964/520 683/965/515
f 633/966/521 638/967/522 626/968/519 631/969/518 632/970/523
f 641/985/531 625/986/527 624/987/516 642/988/532
f 624/960/516 625/989/527 647/961/517
f 642/988/532 624/987/516 683/993/515 627/964/520 628/994/533 640/995/533
f 646/998/513 643/999/535 644/1000/535 645/1001/535 629/1002/514
usemtl Material.020
f 633/971/521 635/972/524 637/973/525 638/974/522
f 648/975/526 625/976/527 650/976/528 649/977/529 655/978/529
f 652/979/530 651/980/530 650/976/528 625/976/527 641/981/531 639/982/530 654/983/530 653/984/530
f 625/990/527 648/991/526 647/992/517
f 634/996/534 636/997/534 637/973/525 635/972/524
o Toaster_cell.003
v -0.000592 0.070574 0.160811
v -0.008817 0.093412 0.171568
v 0.011862 0.119312 0.180338
v -0.000565 0.134031 0.187757
v -0.008970 0.133834 0.188371
v 0.011892 0.134386 0.186651
v -0.008935 0.140968 0.166127
v -0.008850 0.144835 0.127338
v -0.008883 0.144835 0.140542
v -0.005518 0.144835 0.114998
v 0.007761 0.144835 0.137334
v -0.000434 0.144835 0.096273
v 0.012774 0.140968 0.166127
v 0.012774 0.140968 0.166127
v 0.007761 0.144835 0.137334
v -0.000565 0.134031 0.187757
v -0.008970 0.133834 0.188371
v 0.011892 0.134386 0.186651
v -0.008850 0.144835 0.127338
v -0.008883 0.144835 0.140542
v -0.008935 0.140968 0.166127
v -0.005518 0.144835 0.114998
v -0.000434 0.144835 0.096273
vn 0.0762 -0.3825 0.9208
vn 0.0925 -0.3848 0.9183
vn -1.0000 -0.0028 -0.0025
vn -0.9419 -0.2194 -0.2544
vn 0.1044 -0.3928 0.9137
vn 0.9664 -0.1697 -0.1929
vn 0.9881 -0.1114 -0.1064
vn -0.9414 -0.2201 -0.2556
vn 0.0058 0.9975 0.0698
vn 0.0066 0.9969 0.0786
vn 0.0059 0.9747 0.2235
vn 0.0056 0.9739 0.2271
vn -0.0000 1.0000 -0.0000
vn -0.0000 0.9522 0.3054
vt 0.604320 0.000000
vt 1.000000 0.000000
vt 1.000000 0.396178
vt 0.396178 0.396178
vt 0.000000 0.000000
vt 1.000000 0.196718
vt 0.496638 0.000000
vt 1.000000 0.395680
vt 0.806581 0.272090
vt 0.597943 0.101306
vt 0.405898 0.000000
vt 1.000000 1.000000
vt 0.496638 0.496638
vt 0.596034 0.000000
vt 1.000000 0.663521
vt 0.684216 0.663585
vt 0.858215 0.714945
vt 1.000000 0.798462
vt 0.596034 0.596034
vt 0.594103 0.000000
vt 0.680791 0.617271
vt 0.680791 0.633180
vt 0.680791 0.633228
vt 0.680791 0.613237
vt 0.819209 0.633180
vt 0.819209 0.617853
vt 0.680791 0.625400
vt 0.819209 0.630081
vt 0.819209 0.633150
vt 0.668192 0.613237
vt 0.668192 0.633228
vt 0.668192 0.633260
vt 0.640865 0.625520
vt 0.668192 0.610657
s 0
usemtl Material.027
f 702/1003/536 687/1004/536 701/1005/536
f 701/1006/537 687/1007/537 688/1004/537 703/1008/537
f 704/1009/538 687/1004/538 702/1010/538 706/1011/538 705/1012/538
f 707/1013/539 686/1004/539 687/1014/539 704/1015/539
f 686/1007/540 688/1004/540 687/1014/540
f 688/1014/541 686/1007/541 708/1016/541 700/1017/541
f 688/1014/542 700/1018/542 699/1019/542 703/1020/542
f 708/1021/543 686/1007/543 707/1022/543
s 1
f 696/1023/544 694/1024/545 692/1025/546 698/1026/547
f 694/1027/545 696/1028/544 697/1029/548 695/1030/548 693/1031/548
f 698/1032/547 692/1033/546 690/1034/549 689/1035/549 691/1036/549
o Toaster_cell.004
v -0.101583 -0.065902 -0.207733
v -0.107943 -0.025048 -0.228482
v -0.135742 -0.130902 -0.221273
v -0.131734 -0.130902 -0.237555
v -0.120784 -0.130902 -0.249473
v -0.132794 -0.138020 -0.217047
v -0.128744 -0.138020 -0.233538
v -0.117681 -0.138020 -0.245610
v -0.135742 -0.130902 -0.182746
v -0.135742 -0.094245 -0.173888
v -0.106091 -0.140968 -0.220504
v -0.114317 -0.140250 -0.210530
v -0.132794 -0.138020 -0.187979
v -0.135742 -0.022738 -0.215324
v -0.107511 -0.140640 -0.227800
v -0.112175 -0.138020 -0.243976
v -0.114282 -0.122825 -0.251373
v -0.114295 -0.130902 -0.251366
v -0.114381 -0.045399 -0.251370
v -0.114559 -0.023720 -0.251324
v -0.135742 -0.016907 -0.218759
v -0.131752 -0.018376 -0.237597
v -0.127462 -0.019687 -0.242280
v -0.120848 -0.021820 -0.249484
v -0.106091 -0.140968 -0.220504
v -0.114317 -0.140250 -0.210530
v -0.135742 -0.130902 -0.182746
v -0.135742 -0.094245 -0.173888
v -0.132794 -0.138020 -0.187979
v -0.135742 -0.022738 -0.215324
v -0.107511 -0.140640 -0.227800
v -0.112175 -0.138020 -0.243976
v -0.114282 -0.122825 -0.251373
v -0.114295 -0.130902 -0.251366
v -0.114381 -0.045399 -0.251370
v -0.114559 -0.023720 -0.251324
v -0.135742 -0.016907 -0.218759
v -0.131752 -0.018376 -0.237597
v -0.127462 -0.019687 -0.242280
v -0.120848 -0.021820 -0.249484
v -0.117681 -0.138020 -0.245610
vn 0.7569 -0.1535 0.6353
vn 0.4037 0.4587 0.7916
vn 0.9619 -0.0183 -0.2726
vn 0.9597 0.0012 -0.2809
vn 0.9606 0.0085 -0.2777
vn 0.4104 0.4629 0.7857
vn 0.2757 0.9611 -0.0166
vn 0.2817 0.9591 -0.0257
vn -0.9907 -0.1364 -0.0000
vn -0.9658 -0.2252 -0.1284
vn -0.6083 -0.7919 -0.0538
vn -0.8091 -0.5877 -0.0000
vn -0.1160 -0.9931 -0.0152
vn -0.0676 -0.9919 -0.1073
vn -0.0984 -0.9938 -0.0524
vn -0.5199 -0.8149 -0.2562
vn -0.3294 -0.8380 -0.4350
vn -0.8436 -0.2714 -0.4633
vn -0.5096 -0.2849 -0.8119
vn -0.2731 -0.2254 -0.9352
vn -0.5658 -0.0004 -0.8246
vn -0.2805 -0.0003 -0.9599
vn -0.8966 0.0011 -0.4428
vn -0.7367 -0.0005 -0.6762
vn -0.9868 0.0017 -0.1622
vn -1.0000 -0.0000 -0.0000
vn -0.1136 -0.9932 -0.0248
vt 0.095551 0.000000
vt 1.000000 0.000000
vt 1.000000 0.405877
vt 0.536787 0.380278
vt 0.415933 0.338568
vt 0.194030 0.106762
vt 0.850455 0.000000
vt 0.405877 0.405877
vt 0.000000 0.000000
vt 1.000000 1.000000
vt 0.398797 0.398797
vt 0.462104 0.400990
vt 0.724832 0.423099
vt 0.768045 0.423296
vt 0.910445 0.480759
vt 1.000000 0.545636
vt 1.000000 0.546871
vt 0.545636 0.545636
vt 0.697667 0.000000
vt 0.546871 0.546871
vt 0.822320 0.000000
vt 1.000000 0.149545
vt 0.822320 0.822320
vt 0.252089 0.000000
vt 0.429179 0.215995
vt 1.000000 0.302333
vt 0.877108 0.155066
vt 0.780681 0.000000
vt 0.383926 0.964992
vt 0.383926 0.983965
vt 0.375000 0.981884
vt 0.375000 0.967569
vt 0.163998 0.723028
vt 0.157431 0.750000
vt 0.143116 0.750000
vt 0.211089 0.704175
vt 0.147493 0.717095
vt 0.131402 0.740730
vt 0.126933 0.729093
vt 0.382149 0.991982
vt 0.373205 0.990004
vt 0.375000 0.002715
vt 0.375005 0.002713
vt 0.381650 0.013774
vt 0.372695 0.016632
vt 0.382638 0.019750
vt 0.383926 0.019750
vt 0.383926 0.013774
vt 0.480652 0.013716
vt 0.478988 0.019513
vt 0.459769 0.019678
vt 0.391088 0.019762
vt 0.383926 0.000000
vt 0.483700 0.000000
vt 0.481824 0.008605
vt 0.383926 0.991982
vt 0.383926 0.983965
vt 0.484968 0.984007
vt 0.483705 0.992003
vt 0.416276 0.960630
vt 0.479796 0.981035
vt 0.484968 0.984007
vt 0.152415 0.715689
vt 0.160285 0.712796
vt 0.134996 0.745499
s 0
usemtl Material.027
f 733/1037/550 709/1038/550 736/1039/550 735/1040/550 737/1041/550 734/1042/550
f 738/1043/551 736/1044/551 709/1045/551
f 709/1046/552 733/1047/552 739/1048/552 740/1049/552 716/1050/552 742/1051/552 741/1052/552
f 743/1053/553 709/1046/553 741/1054/553
f 744/1055/554 710/1038/554 709/1046/554 743/1056/554
f 709/1046/555 710/1045/555 745/1057/555 738/1058/555
f 745/1059/556 710/1045/556 747/1060/556 746/1061/556
f 710/1038/557 744/1062/557 748/1063/557 747/1064/557
s 1
f 726/1083/569 713/1084/568 732/1085/570 728/1086/571 727/1087/571 725/1088/571
f 713/1084/568 712/1089/567 730/1090/572 731/1091/573 732/1085/570
usemtl Material.020
f 717/1065/558 711/1066/559 714/1067/560 721/1068/561
f 720/1069/562 721/1070/561 714/1071/560
f 724/1072/563 723/1073/564 715/1074/565 749/1075/566
f 714/1067/560 711/1066/559 712/1076/567 715/1077/565
f 715/1078/565 712/1079/567 713/1080/568 749/1081/566
f 749/1081/566 713/1080/568 726/1082/569
f 712/1092/567 711/1093/559 729/1094/574 730/1095/572
f 711/1066/559 717/1065/558 718/1096/575 722/1097/575 729/1098/574
f 723/1099/564 719/1100/576 720/1069/562 714/1071/560 715/1101/565
o Toaster_cell.005
v 0.081558 0.076350 -0.212411
v 0.108075 0.096098 -0.199395
v 0.090267 0.089282 -0.199550
v 0.106174 0.108326 -0.229428
v 0.131779 0.096422 -0.219571
v 0.120957 0.105127 -0.226788
v 0.133633 0.099117 -0.205099
v 0.131933 0.086071 -0.226809
v 0.133066 0.085901 -0.221511
v 0.106133 0.095196 -0.238515
v 0.115587 0.093564 -0.236541
v 0.085144 0.095450 -0.238339
v 0.128041 0.088394 -0.229855
v 0.120936 0.092740 -0.235559
v 0.131786 0.108389 -0.205218
v 0.120969 0.112111 -0.218410
v 0.093923 0.108326 -0.229428
v 0.133565 0.091081 -0.215126
v 0.131933 0.086071 -0.226809
v 0.133066 0.085901 -0.221511
v 0.106133 0.095196 -0.238515
v 0.085144 0.095450 -0.238339
v 0.115587 0.093564 -0.236541
v 0.120936 0.092740 -0.235559
v 0.128041 0.088394 -0.229855
v 0.131786 0.108389 -0.205218
v 0.120969 0.112111 -0.218410
v 0.133565 0.091081 -0.215126
v 0.106174 0.108326 -0.229428
v 0.093923 0.108326 -0.229428
v 0.133633 0.099117 -0.205099
vn 0.2114 0.0546 0.9759
vn 0.2386 -0.6401 0.7303
vn 0.2489 -0.7566 0.6046
vn 0.1703 -0.9831 -0.0679
vn -0.0147 -0.8041 -0.5944
vn -0.3974 0.8167 0.4183
vn -0.1998 0.8710 0.4488
vn 0.2471 -0.7619 0.5988
vn -0.8791 0.4389 0.1859
vn 0.9670 0.1555 -0.2017
vn 0.8389 0.3179 -0.4418
vn 0.8627 0.3430 -0.3716
vn 0.9682 0.1735 -0.1804
vn 0.5009 0.5860 -0.6370
vn 0.7087 0.4076 -0.5758
vn 0.5027 0.4957 -0.7082
vn 0.2557 0.5512 -0.7943
vn 0.1302 0.5647 -0.8149
vn 0.1513 0.5983 -0.7869
vn 0.8607 0.3908 -0.3263
vn 0.9685 0.1910 -0.1596
vn 0.5964 0.6163 -0.5143
vn -0.0000 0.5691 -0.8223
vt 0.692831 0.000000
vt 1.000000 0.000000
vt 1.000000 0.325794
vt 0.325794 0.325794
vt 0.000000 0.000000
vt 0.455512 0.000000
vt 0.451857 0.451857
vt 1.000000 0.482727
vt 0.503729 0.000000
vt 0.482727 0.482727
vt 0.283264 0.000000
vt 0.426195 0.209169
vt 0.470048 0.306210
vt 0.496215 0.360934
vt 0.486990 0.439693
vt 0.998707 0.306890
vt 0.850698 0.185212
vt 0.742786 0.000000
vt 0.710990 0.000000
vt 1.000000 1.000000
vt 0.742786 0.742786
vt 1.000000 0.544488
vt 0.496271 0.000000
vt 0.730156 0.000000
vt 0.710990 0.710990
vt 0.576153 0.265910
vt 0.576643 0.263069
vt 0.585500 0.266873
vt 0.580764 0.269062
vt 0.595298 0.261977
vt 0.578627 0.261238
vt 0.584130 0.257534
vt 0.587890 0.232146
vt 0.590831 0.222929
vt 0.606280 0.223083
vt 0.604567 0.236381
vt 0.590074 0.236363
vt 0.596055 0.274006
vt 0.587890 0.274000
vt 0.596111 0.273942
vt 0.601892 0.266369
vt 0.611071 0.236389
vt 0.608837 0.223345
vt 0.606292 0.211711
vt 0.606280 0.223045
vt 0.606299 0.204487
s 0
usemtl Material.027
f 775/1102/577 751/1103/577 780/1104/577
f 780/1105/578 751/1106/578 752/1103/578
f 777/1107/579 780/1108/579 752/1106/579
f 768/1109/580 769/1110/580 750/1103/580
f 768/1111/581 750/1106/581 771/1112/581 770/1113/581 772/1114/581 773/1115/581 774/1116/581
f 751/1103/582 775/1117/582 776/1118/582 753/1119/582
f 779/1120/583 752/1103/583 751/1121/583 753/1122/583
f 777/1123/584 752/1121/584 750/1106/584 769/1124/584
f 771/1125/585 750/1103/585 752/1121/585 779/1126/585
s 1
f 755/1131/590 754/1129/588 757/1128/587 762/1132/591 763/1133/592
f 760/1134/593 759/1135/594 778/1136/595 755/1137/590 763/1138/592
f 764/1141/596 754/1129/588 755/1131/590 765/1142/598
f 765/1143/598 755/1137/590 778/1144/595
f 766/1145/599 778/1136/595 759/1146/594 761/1147/599
usemtl Material.020
f 758/1127/586 757/1128/587 754/1129/588 767/1130/589
f 767/1130/589 754/1129/588 764/1139/596 756/1140/597
o Toaster_cell.006
v -0.063475 -0.065058 0.229399
v -0.041577 -0.129202 0.231545
v -0.068120 -0.139317 0.239935
v -0.050024 -0.139929 0.235166
v -0.043030 -0.130902 0.253836
v -0.048324 -0.115423 0.253836
v -0.040248 -0.138020 0.250028
v -0.038288 -0.139883 0.235527
v -0.063422 -0.071581 0.253836
v -0.073664 -0.101652 0.253836
v -0.083345 -0.130902 0.253836
v -0.086632 -0.138688 0.244825
v -0.086001 -0.138020 0.250028
v -0.068120 -0.139317 0.239935
v -0.050024 -0.139929 0.235166
v -0.040248 -0.138020 0.250028
v -0.038288 -0.139883 0.235527
v -0.043030 -0.130902 0.253836
v -0.048324 -0.115423 0.253836
v -0.063422 -0.071581 0.253836
v -0.073664 -0.101652 0.253836
v -0.083345 -0.130902 0.253836
v -0.086632 -0.138688 0.244825
v -0.086001 -0.138020 0.250028
vn -0.2568 -0.1214 -0.9588
vn 0.0302 -0.3409 -0.9396
vn 0.9427 0.3224 0.0860
vn 0.9421 0.3245 0.0846
vn -0.9430 0.3211 0.0877
vn -0.9467 0.3134 0.0745
vn -0.2574 -0.1199 -0.9588
vn -0.0000 -0.2939 0.9558
vn -0.0000 -0.2922 0.9564
vn -0.0000 -0.8642 0.5031
vn -0.0000 -0.8666 0.4989
vn -0.0000 -0.9918 0.1274
vn -0.0000 -0.0000 1.0000
vt 1.000000 0.174001
vt 0.444711 0.000000
vt 1.000000 0.000000
vt 0.179480 0.000000
vt 0.174001 0.174001
vt 0.000000 0.000000
vt 0.273957 0.273957
vt 0.310343 0.000000
vt 0.567716 0.322660
vt 0.593915 0.421968
vt 1.000000 0.330348
vt 0.310343 0.310343
vt 0.330348 0.330348
vt 0.328516 0.000000
vt 0.725985 0.208469
vt 0.328516 0.328516
vt 0.894012 0.000000
vt 0.849001 0.104662
vt 1.000000 0.555289
vt 0.894012 0.894012
vt 0.375000 0.664625
vt 0.375000 0.701750
vt 0.375000 0.704195
vt 0.375000 0.662063
vt 0.338464 0.663961
vt 0.342511 0.697490
vt 0.342608 0.697974
vt 0.348549 0.684555
vt 0.338977 0.670938
vt 0.338362 0.662562
vt 0.383926 0.701750
vt 0.390222 0.664625
vt 0.564782 0.669499
vt 0.390222 0.683403
vt 0.390222 0.692834
s 0
usemtl Material.027
f 795/1148/600 794/1149/600 782/1150/600
f 797/1151/601 795/1152/601 782/1153/601
f 797/1154/602 782/1153/602 799/1155/602 798/1156/602 796/1157/602
f 782/1153/603 781/1150/603 800/1158/603 799/1159/603
f 800/1160/604 781/1153/604 801/1161/604
f 802/1162/605 801/1163/605 781/1153/605 803/1164/605 804/1165/605
f 794/1166/606 803/1167/606 781/1153/606 782/1150/606
s 1
f 791/1178/608 785/1179/607 786/1180/612 789/1181/612 790/1182/612
usemtl Material.020
f 785/1168/607 791/1169/608 793/1170/609 787/1171/610
f 787/1172/610 793/1173/609 792/1174/611 783/1175/611 784/1176/611 788/1177/611
o Toaster_cell.007
v 0.081712 0.075314 -0.210818
v 0.102625 0.093107 -0.197831
v 0.090428 0.088289 -0.198359
v 0.061934 0.038567 -0.174790
v 0.090307 0.087387 -0.193436
v 0.066881 0.044544 -0.157380
v 0.064837 0.033964 -0.147945
v 0.057709 0.031376 -0.163727
v 0.061108 0.034194 -0.152366
v 0.135742 0.084568 -0.209707
v 0.135742 -0.004872 -0.116136
v 0.135742 0.077999 -0.185188
v 0.135742 0.093870 -0.198550
v 0.133975 0.099145 -0.202988
v 0.135742 -0.008931 -0.124132
v 0.133960 0.093559 -0.209763
v 0.133537 0.084767 -0.220126
v 0.133959 0.089901 -0.214144
v 0.135742 -0.005746 -0.131436
v 0.135742 0.079456 -0.214923
v 0.135742 -0.004872 -0.116136
v 0.135742 0.077999 -0.185188
v 0.135742 0.093870 -0.198550
v 0.133975 0.099145 -0.202988
v 0.133960 0.093559 -0.209763
v 0.133959 0.089901 -0.214144
v 0.133537 0.084767 -0.220126
v 0.135742 -0.005746 -0.131436
v 0.135742 0.079456 -0.214923
v 0.135742 -0.008931 -0.124132
vn -0.5758 -0.6826 0.4500
vn -0.5660 -0.7351 0.3732
vn 0.0060 0.6401 0.7682
vn 0.0018 0.6441 0.7650
vn -0.0373 0.6581 0.7520
vn -0.1038 0.6730 0.7323
vn -0.5993 0.5942 0.5365
vn -0.5647 -0.7456 0.3539
vn -0.8409 0.5275 0.1208
vn -0.2455 0.7482 -0.6164
vn -0.2472 0.7438 -0.6210
vn -0.2726 0.7554 -0.5959
vn -0.3687 0.9159 0.1588
vn -0.8435 0.5316 0.0768
vn -0.8377 0.5378 0.0948
vn -0.8516 0.5216 0.0526
vn -0.9084 0.4103 -0.0802
vn -0.1849 -0.8368 -0.5153
vn 0.9661 0.1851 -0.1799
vn 0.9910 0.0956 -0.0933
vn 0.9907 0.0905 -0.1011
vn 0.9632 0.1793 -0.2004
vn 0.9686 0.1908 -0.1593
vn 0.9922 0.0959 -0.0801
vn 1.0000 -0.0000 -0.0000
vn -0.0006 -0.6999 -0.7142
vt 0.587205 0.587205
vt 0.000000 0.000000
vt 1.000000 0.000000
vt 0.598941 0.000000
vt 0.599568 0.599568
vt 1.000000 0.587205
vt 0.414269 0.000000
vt 0.623494 0.000000
vt 1.000000 1.000000
vt 0.414269 0.414269
vt 0.553136 0.108279
vt 1.000000 0.401059
vt 0.623435 0.000000
vt 1.000000 0.376506
vt 0.623435 0.623435
vt 0.570888 0.361768
vt 0.502283 0.000000
vt 1.000000 0.373553
vt 0.613333 0.000000
vt 0.579717 0.269546
vt 0.574989 0.271731
vt 0.570456 0.269162
vt 0.575141 0.266589
vt 0.587915 0.275040
vt 0.583236 0.277225
vt 0.582961 0.271703
vt 0.583237 0.277225
vt 0.568931 0.283805
vt 0.494137 0.317267
vt 0.490893 0.312766
vt 0.494130 0.310275
vt 0.897057 0.528485
vt 0.827609 0.551638
vt 0.613333 0.613333
s 0
usemtl Material.027
f 825/1183/613 811/1184/613 813/1185/613
f 813/1184/614 834/1186/614 825/1187/614
f 811/1185/615 825/1188/615 826/1189/615
f 828/1190/616 806/1185/616 811/1191/616 826/1192/616 827/1193/616
f 806/1184/617 809/1185/617 811/1191/617
f 809/1184/618 810/1185/618 811/1191/618
f 810/1184/619 813/1185/619 811/1191/619
f 834/1194/620 813/1191/620 812/1184/620
f 810/1184/621 812/1185/621 813/1191/621
f 829/1195/622 806/1185/622 828/1196/622
f 805/1185/623 806/1191/623 829/1197/623 830/1198/623 831/1199/623
f 805/1184/624 807/1185/624 806/1191/624
f 807/1184/625 809/1185/625 806/1191/625
f 807/1184/626 812/1185/626 809/1191/626
f 812/1184/627 810/1185/627 809/1191/627
f 807/1184/628 805/1185/628 812/1191/628
f 805/1184/629 808/1185/629 812/1191/629
f 834/1200/630 812/1191/630 808/1184/630 832/1201/630
f 808/1184/638 805/1185/638 831/1214/638 824/1215/638 832/1216/638
s 1
usemtl Material.020
f 822/1202/631 814/1203/632 833/1204/633 821/1205/634
f 818/1206/635 817/1207/636 814/1203/632 822/1202/631 820/1208/635
f 814/1203/632 817/1209/636 816/1210/637 815/1211/637 819/1212/637 823/1213/637 833/1204/633
o Toaster_cell.008
v 0.102264 0.095362 -0.197801
v 0.090455 0.100884 -0.180768
v 0.090975 0.089565 -0.192802
v 0.091207 0.091309 -0.198238
v 0.106239 0.128384 -0.205366
v 0.120991 0.125227 -0.202677
v 0.106187 0.112352 -0.224599
v 0.093645 0.109542 -0.227970
v 0.120971 0.113445 -0.216811
v 0.093319 0.117667 -0.218223
v 0.093118 0.123871 -0.210780
v 0.092723 0.132212 -0.193427
v 0.093096 0.128384 -0.205366
v 0.120178 0.132034 -0.182154
v 0.106258 0.133767 -0.188582
v 0.125847 0.128046 -0.178513
v 0.131378 0.116914 -0.195665
v 0.129289 0.121341 -0.188489
v 0.130850 0.110169 -0.204613
v 0.127774 0.124443 -0.183624
v 0.106187 0.112352 -0.224599
v 0.120971 0.113445 -0.216811
v 0.093645 0.109542 -0.227970
v 0.093319 0.117667 -0.218223
v 0.093118 0.123871 -0.210780
v 0.092723 0.132212 -0.193427
v 0.093096 0.128384 -0.205366
v 0.106258 0.133767 -0.188582
v 0.120178 0.132034 -0.182154
v 0.131378 0.116914 -0.195665
v 0.129289 0.121341 -0.188489
v 0.125847 0.128046 -0.178513
v 0.127774 0.124443 -0.183624
v 0.130850 0.110169 -0.204613
vn 0.3132 -0.8213 -0.4769
vn -0.9976 0.0335 -0.0613
vn -0.9975 0.0385 -0.0590
vn -0.9974 0.0528 -0.0481
vn -0.3504 0.3726 0.8593
vn -0.3221 0.3465 0.8810
vn 0.5024 -0.6872 0.5248
vn 0.4635 -0.8859 0.0196
vn 0.3225 -0.8310 -0.4532
vn 0.3405 -0.8994 -0.2740
vn -0.9991 -0.0004 -0.0428
vn 0.4516 -0.6401 0.6216
vn 0.4842 -0.6616 0.5725
vn 0.7091 0.6212 -0.3336
vn 0.4946 0.7614 -0.4191
vn 0.5226 0.8128 -0.2572
vn 0.6809 0.6991 -0.2183
vn 0.1320 0.8671 -0.4803
vn 0.1560 0.9405 -0.3018
vn 0.7230 0.5303 -0.4428
vn 0.4464 0.6870 -0.5734
vn 0.1030 0.7639 -0.6370
vn -0.0000 0.8773 -0.4799
vn -0.0000 0.9522 -0.3054
vn -0.0000 0.7681 -0.6403
vt 0.695647 0.120154
vt 0.592768 0.000000
vt 1.000000 0.000000
vt 1.000000 0.282119
vt 0.861853 0.224675
vt 0.282119 0.282119
vt 0.000000 0.000000
vt 1.000000 0.304857
vt 0.243673 0.000000
vt 0.304857 0.304857
vt 0.291517 0.158579
vt 0.243673 0.243673
vt 0.332121 0.000000
vt 0.332121 0.332121
vt 0.328516 0.000000
vt 0.347760 0.187225
vt 0.328516 0.328516
vt 0.540298 0.000000
vt 1.000000 0.426908
vt 0.780918 0.208742
vt 0.593578 0.000000
vt 0.426908 0.426908
vt 0.343059 0.343059
vt 1.000000 1.000000
vt 0.566283 0.000000
vt 1.000000 0.459702
vt 0.406422 0.000000
vt 0.566283 0.566283
vt 0.603794 0.278624
vt 0.614273 0.274618
vt 0.620208 0.284895
vt 0.615321 0.286774
vt 0.611548 0.284360
vt 0.608344 0.282045
vt 0.843542 0.513572
vt 0.858076 0.513584
vt 0.859135 0.527169
vt 0.847446 0.527151
vt 0.598607 0.273337
vt 0.603150 0.267207
vt 0.624727 0.224973
vt 0.623287 0.236404
vt 0.612313 0.236390
vt 0.609983 0.223462
vt 0.831808 0.527151
vt 0.831808 0.527169
vt 0.831808 0.539271
vt 0.831808 0.539615
vt 0.625000 0.210728
vt 0.625000 0.210708
vt 0.625000 0.222807
vt 0.625000 0.222760
vt 0.625000 0.211213
vt 0.625000 0.210913
s 0
usemtl Material.027
f 856/1217/639 868/1218/639 838/1219/639 857/1220/639 855/1221/639
f 857/1222/640 838/1223/640 836/1219/640 858/1224/640
f 859/1225/641 858/1226/641 836/1223/641
f 861/1227/642 859/1228/642 836/1223/642 860/1229/642
f 860/1230/643 836/1223/643 863/1231/643 862/1232/643
f 863/1233/644 836/1223/644 866/1234/644
f 837/1219/645 868/1235/645 864/1236/645 865/1237/645
f 835/1219/646 868/1238/646 837/1223/646
f 868/1239/647 835/1223/647 838/1219/647
f 835/1223/648 837/1219/648 838/1240/648
f 837/1223/649 836/1219/649 838/1240/649
f 837/1223/650 867/1241/650 866/1242/650 836/1240/650
f 837/1223/651 865/1243/651 867/1244/651
s 1
f 851/1245/652 840/1246/653 848/1247/654 850/1248/655 854/1249/655 852/1250/655
f 848/1251/654 840/1252/653 839/1253/656 849/1254/657
f 853/1255/658 843/1256/659 840/1246/653 851/1245/652
f 839/1257/656 840/1258/653 843/1259/659 841/1260/660
f 849/1261/657 839/1262/656 847/1263/661 846/1264/662
f 845/1265/663 847/1266/661 839/1267/656 841/1268/660 842/1269/663 844/1270/663
o Toaster_cell.009
v 0.103118 -0.033202 -0.222597
v 0.069250 -0.042616 -0.231395
v 0.083465 -0.030807 -0.227353
v 0.067781 -0.033956 -0.238165
v 0.075017 -0.030246 -0.234466
v 0.105827 -0.130902 -0.253836
v 0.120784 -0.130902 -0.249473
v 0.102568 -0.138020 -0.250028
v 0.117681 -0.138020 -0.245610
v 0.126143 -0.076977 -0.243670
v 0.126068 -0.033699 -0.243776
v 0.110002 -0.140224 -0.229265
v 0.126023 -0.130902 -0.243771
v 0.122375 -0.138020 -0.240488
v 0.098260 -0.140327 -0.232070
v 0.104501 -0.140516 -0.230598
v 0.071148 -0.139451 -0.238892
v 0.068810 -0.138020 -0.250028
v 0.066781 -0.102899 -0.253836
v 0.067775 -0.130902 -0.253836
v 0.066389 -0.090566 -0.253836
v 0.074046 -0.031346 -0.253836
v 0.068666 -0.034017 -0.253836
v 0.066002 -0.075773 -0.253836
v 0.084019 -0.029851 -0.253836
v 0.105943 -0.031323 -0.253836
v 0.120842 -0.032680 -0.249483
v 0.126143 -0.076977 -0.243670
v 0.126068 -0.033699 -0.243776
v 0.126023 -0.130902 -0.243771
v 0.122375 -0.138020 -0.240488
v 0.098260 -0.140327 -0.232070
v 0.104501 -0.140516 -0.230598
v 0.110002 -0.140224 -0.229265
v 0.071148 -0.139451 -0.238892
v 0.068810 -0.138020 -0.250028
v 0.066781 -0.102899 -0.253836
v 0.067775 -0.130902 -0.253836
v 0.066389 -0.090566 -0.253836
v 0.074046 -0.031346 -0.253836
v 0.068666 -0.034017 -0.253836
v 0.066002 -0.075773 -0.253836
v 0.084019 -0.029851 -0.253836
v 0.105943 -0.031323 -0.253836
v 0.120842 -0.032680 -0.249483
vn 0.6782 0.0030 0.7348
vn 0.6721 -0.0029 0.7404
vn -0.2311 -0.0753 0.9700
vn -0.2456 -0.0796 0.9661
vn -0.9790 -0.0348 0.2010
vn -0.9810 -0.0312 0.1916
vn -0.4444 0.8954 -0.0286
vn -0.9964 0.0636 -0.0565
vn -0.0496 0.9988 -0.0027
vn 0.0716 0.9966 0.0414
vn 0.1002 0.9913 0.0853
vn -0.2400 -0.0431 0.9698
vn -0.5623 0.4365 0.7023
vn -0.5772 0.4399 0.6879
vn -0.9833 -0.0257 0.1803
vn 0.0701 -0.8160 -0.5737
vn -0.0000 -0.7902 -0.6128
vn -0.0000 -0.2301 -0.9732
vn 0.1479 -0.2626 -0.9535
vn 0.2902 -0.8225 -0.4892
vn 0.3663 -0.8542 -0.3690
vn 0.0594 -0.9916 -0.1146
vn 0.0360 -0.9922 -0.1197
vn 0.5097 -0.2847 -0.8119
vn 0.7037 -0.2965 -0.6456
vn 0.1346 -0.0001 -0.9909
vn 0.5113 -0.0004 -0.8594
vn 0.7369 -0.0004 -0.6760
vn -0.0000 -0.9918 -0.1274
vn -0.0000 -0.0000 -1.0000
vt 0.721680 0.000000
vt 1.000000 0.000000
vt 1.000000 0.277586
vt 0.619683 0.228285
vt 0.277586 0.277586
vt 0.000000 0.000000
vt 0.678901 0.000000
vt 0.664856 0.171889
vt 0.831318 0.671193
vt 0.678901 0.678901
vt 1.000000 0.659204
vt 0.659204 0.659204
vt 0.650719 0.000000
vt 0.650719 0.650719
vt 0.406357 0.000000
vt 0.594379 0.237582
vt 0.641901 0.384758
vt 0.446453 0.000000
vt 0.406357 0.406357
vt 0.236882 0.236882
vt 1.000000 0.277293
vt 1.000000 0.236882
vt 0.639705 0.000000
vt 0.279075 0.279075
vt 1.000000 0.346089
vt 0.346089 0.346089
vt 0.326655 0.000000
vt 0.360842 0.142952
vt 0.326655 0.326655
vt 1.000000 0.278320
vt 1.000000 1.000000
vt 1.000000 0.553547
vt 0.360295 0.000000
vt 0.375000 0.219451
vt 0.375000 0.188365
vt 0.375000 0.187412
vt 0.383926 0.222452
vt 0.125000 0.530549
vt 0.127790 0.516632
vt 0.141470 0.519334
vt 0.142965 0.529383
vt 0.145753 0.535051
vt 0.373673 0.239273
vt 0.372695 0.233368
vt 0.381650 0.236226
vt 0.378471 0.241517
vt 0.383926 0.236226
vt 0.383926 0.222452
vt 0.472225 0.222559
vt 0.471022 0.236279
vt 0.470111 0.246704
vt 0.431739 0.246871
vt 0.383926 0.246651
vt 0.125000 0.559483
vt 0.125000 0.561635
vt 0.125000 0.534516
vt 0.383926 0.187412
vt 0.383926 0.186496
vt 0.383926 0.186136
vt 0.383926 0.185779
vt 0.383926 0.188232
vt 0.383926 0.196663
vt 0.383926 0.202370
vt 0.564782 0.222559
s 0
usemtl Material.027
f 897/1271/664 869/1272/664 896/1273/664
f 898/1274/665 896/1275/665 869/1276/665 902/1277/665 899/1278/665
f 901/1279/666 902/1280/666 869/1276/666 870/1272/666 900/1281/666
f 900/1282/667 870/1276/667 903/1283/667
f 903/1284/668 870/1276/668 905/1285/668 906/1286/668 904/1287/668
f 870/1276/669 907/1288/669 905/1289/669
f 909/1290/670 872/1276/670 873/1272/670 908/1291/670
f 872/1272/671 909/1292/671 910/1293/671
f 908/1294/672 873/1276/672 871/1272/672 911/1295/672
f 911/1296/673 871/1276/673 913/1297/673 912/1298/673
f 913/1299/674 871/1276/674 869/1272/674 897/1300/674
f 871/1276/675 870/1272/675 869/1301/675
f 871/1276/676 873/1272/676 870/1301/676
f 873/1276/677 872/1272/677 870/1301/677
f 907/1302/678 870/1301/678 872/1276/678 910/1303/678
s 1
f 875/1317/687 874/1318/682 894/1319/689 895/1320/690
f 879/1321/691 878/1322/691 881/1323/688 875/1317/687 895/1320/690
f 874/1318/682 888/1327/681 887/1328/693 889/1329/693 892/1330/693 891/1331/693 890/1332/693 893/1333/693 894/1334/689
usemtl Material.020
f 876/1304/679 886/1305/680 888/1306/681 874/1307/682
f 876/1308/679 877/1309/683 882/1310/684 880/1311/685 884/1312/686
f 882/1313/684 877/1314/683 875/1315/687 881/1316/688
f 875/1315/687 877/1314/683 876/1304/679 874/1307/682
f 885/1324/692 886/1325/680 876/1308/679 884/1312/686 883/1326/692
o Toaster_cell.010
v -0.007574 -0.114831 -0.231627
v 0.000165 -0.119046 -0.225911
v -0.007515 -0.077090 -0.218303
v -0.008182 -0.059966 -0.214349
v -0.007527 -0.029640 -0.230679
v 0.000325 -0.097269 -0.217718
v 0.002746 -0.070325 -0.209568
v 0.061422 -0.034341 -0.238768
v 0.012239 -0.029902 -0.233729
v 0.061319 -0.075175 -0.253836
v 0.034833 -0.127064 -0.253836
v 0.063439 -0.034357 -0.253836
v 0.028936 -0.031203 -0.253836
v -0.007523 -0.029706 -0.253836
v -0.007888 -0.046736 -0.253836
v -0.001234 -0.029734 -0.253836
v 0.012275 -0.029911 -0.253836
v -0.008127 -0.100594 -0.253836
v -0.007721 -0.126347 -0.253836
v 0.029227 -0.133692 -0.252344
v -0.003068 -0.130902 -0.253836
v 0.061319 -0.075175 -0.253836
v 0.034833 -0.127064 -0.253836
v 0.063439 -0.034357 -0.253836
v 0.029227 -0.133692 -0.252344
v 0.028936 -0.031203 -0.253836
v -0.007523 -0.029706 -0.253836
v -0.007888 -0.046736 -0.253836
v 0.012275 -0.029911 -0.253836
v -0.001234 -0.029734 -0.253836
v -0.007721 -0.126347 -0.253836
v -0.003068 -0.130902 -0.253836
v -0.008127 -0.100594 -0.253836
vn 0.1344 0.4829 0.8653
vn 0.0629 0.4721 0.8793
vn -0.5441 -0.1977 0.8154
vn 0.5615 -0.2854 0.7767
vn 0.5630 -0.2874 0.7749
vn 0.9898 -0.0514 0.1326
vn 0.0910 0.9958 0.0111
vn 0.1342 0.5530 0.8223
vn -0.9998 0.0215 -0.0002
vn 0.0131 0.9999 -0.0005
vn 0.0044 1.0000 -0.0028
vn -1.0000 0.0044 -0.0059
vn -0.9998 -0.0157 0.0148
vn -0.9436 -0.1089 0.3127
vn -0.5840 -0.2041 0.7857
vn -0.6786 -0.2436 0.6929
vn -0.6613 -0.2599 0.7037
vn 0.5567 -0.2961 0.7761
vn -0.0972 -0.9120 0.3985
vn 0.0773 0.9970 -0.0003
vn -0.6549 -0.6691 0.3513
vn -0.6378 -0.6796 0.3624
vn 0.0005 -0.0046 -1.0000
vt 0.000000 0.000000
vt 1.000000 0.000000
vt 1.000000 1.000000
vt 1.000000 0.646234
vt 0.567512 0.000000
vt 0.646234 0.646234
vt 1.000000 0.766772
vt 0.711290 0.000000
vt 0.766772 0.766772
vt 0.685213 0.685213
vt 0.560735 0.000000
vt 1.000000 0.683646
vt 0.286634 0.000000
vt 1.000000 0.685213
vt 0.683646 0.683646
vt 0.560735 0.560735
vt 1.000000 0.560995
vt 0.694379 0.000000
vt 0.560995 0.560995
vt 0.744423 0.209812
vt 1.000000 0.432488
vt 0.476695 0.476695
vt 0.341013 0.000000
vt 0.713366 0.000000
vt 1.000000 0.288710
vt 1.000000 0.305621
vt 0.693106 0.000000
vt 0.658987 0.000000
vt 0.564782 0.118073
vt 0.383926 0.123864
vt 0.564782 0.136304
vt 0.564782 0.151646
vt 0.383926 0.183418
vt 0.564782 0.181466
vt 0.564782 0.157077
vt 0.564782 0.155197
vt 0.564782 0.120286
vt 0.564782 0.117890
vt 0.564782 0.117517
vt 0.564782 0.117736
s 0
usemtl Material.027
f 921/1335/694 918/1336/694 920/1337/694
f 918/1335/695 917/1336/695 920/1337/695
f 917/1335/696 919/1336/696 920/1337/696
f 919/1335/697 921/1336/697 920/1337/697
f 935/1338/698 921/1337/698 919/1335/698 936/1339/698
f 921/1337/699 935/1340/699 937/1341/699
f 939/1342/700 922/1336/700 921/1337/700 937/1343/700
f 922/1335/701 918/1336/701 921/1337/701
f 918/1337/702 940/1344/702 941/1345/702 917/1336/702
f 943/1346/703 918/1337/703 922/1335/703 942/1347/703
f 940/1348/704 918/1337/704 943/1349/704
f 917/1337/705 941/1350/705 946/1351/705
f 944/1352/706 914/1336/706 917/1337/706 946/1353/706
f 914/1335/707 916/1336/707 917/1337/707
f 916/1335/708 919/1336/708 917/1337/708
f 916/1335/709 914/1336/709 919/1337/709
f 914/1335/710 915/1336/710 919/1337/710
f 938/1354/711 936/1355/711 919/1337/711 915/1335/711
f 938/1356/712 915/1335/712 945/1357/712
f 942/1358/713 922/1336/713 939/1359/713
f 914/1336/714 944/1360/714 945/1361/714
f 945/1362/715 915/1336/715 914/1337/715
s 1
f 927/1363/716 929/1364/716 930/1365/716 926/1366/716 925/1367/716 923/1368/716 924/1369/716 933/1370/716 934/1371/716 932/1372/716 931/1373/716 928/1374/716
o Toaster_cell.011
v -0.000327 0.077666 0.248869
v 0.020498 -0.024025 0.248967
v 0.005173 0.050914 0.157189
v 0.010124 0.025065 0.142799
v 0.020687 -0.024140 0.197515
v 0.021254 -0.024171 0.226565
v 0.032420 -0.022218 0.248087
v 0.011723 0.052263 0.158707
v 0.043288 0.031281 0.151760
v 0.045427 0.011205 0.139300
v 0.039630 -0.022911 0.185100
v 0.039220 -0.023892 0.192007
v 0.034126 -0.024083 0.191970
v 0.031760 0.081090 0.248399
v 0.003158 0.072711 0.248859
v 0.017155 0.080765 0.248619
v 0.004568 0.081018 0.248806
v 0.003574 0.058618 0.248887
v 0.021099 0.086454 0.244767
v 0.012469 0.089925 0.242417
v -0.000173 0.090535 0.242233
v 0.017155 0.080765 0.248619
v 0.004568 0.081018 0.248806
v 0.021099 0.086454 0.244767
v 0.012469 0.089925 0.242417
v -0.000327 0.077666 0.248869
v 0.031760 0.081090 0.248399
v -0.000173 0.090535 0.242233
vn -0.1407 -0.9901 0.0017
vn 0.0267 -0.9996 0.0074
vn 0.0375 -0.9992 0.0100
vn 0.1531 -0.9870 0.0480
vn 0.0740 -0.0025 0.9973
vn 0.0149 0.0038 0.9999
vn 0.0060 0.0022 1.0000
vn -0.9796 -0.2006 0.0072
vn -0.9770 -0.2132 -0.0031
vn -0.3451 -0.7300 -0.5899
vn -0.3386 -0.7335 -0.5893
vn -0.0954 -0.9658 -0.2411
vn 0.0038 -1.0000 -0.0011
vn 0.0382 -0.9897 -0.1382
vn 0.9929 -0.1105 0.0434
vn 0.4590 0.8108 -0.3631
vn 0.4791 0.7966 -0.3687
vn 0.9944 0.0475 0.0942
vn 0.0500 0.9106 -0.4102
vn -0.0869 0.9009 -0.4252
vn -0.9983 -0.0165 -0.0551
vn -0.9826 -0.1855 -0.0048
vn 0.0971 0.4982 -0.8616
vn 0.1098 0.4970 -0.8608
vn 0.1717 0.5327 -0.8287
vn -0.0000 0.5606 0.8281
vn 0.0076 0.5647 0.8252
vn 0.0104 0.5662 0.8242
vn -0.0680 0.5404 0.8386
vn -0.1282 0.5170 0.8463
vn 0.0155 0.5690 0.8222
vn 0.9927 0.0058 0.1205
vn -0.2913 0.4412 0.8488
vt 0.000000 0.000000
vt 1.000000 0.000000
vt 1.000000 1.000000
vt 1.000000 0.012493
vt 1.000000 0.107589
vt 1.000000 0.197377
vt 0.012493 0.012493
vt 0.493485 0.061016
vt 0.904918 0.098008
vt 0.197377 0.197377
vt 1.000000 0.187311
vt 0.198455 0.176084
vt 0.045314 0.045314
vt 0.993196 0.993196
vt 0.960781 0.463098
vt 0.991889 0.991889
vt 0.935550 0.034215
vt 0.994323 0.994323
vt 0.682278 0.611824
vt 0.066329 0.000000
vt 0.926471 0.926471
vt 1.000000 0.205149
vt 0.927958 0.927958
vt 0.609462 0.595773
vt 0.609462 0.605571
vt 0.587393 0.621123
vt 0.574999 0.620794
vt 0.574950 0.605571
vt 0.582257 0.605571
vt 0.754945 0.612543
vt 0.012553 0.000000
vt 0.566014 0.625159
vt 0.566014 0.623452
vt 0.566014 0.620794
s 0
usemtl Material.027
f 951/1375/717 952/1376/717 948/1377/717
f 952/1375/718 959/1376/718 948/1377/718
f 959/1375/719 958/1376/719 948/1377/719
f 958/1375/720 953/1376/720 948/1377/720
f 973/1378/721 948/1377/721 953/1375/721
f 972/1379/722 961/1380/722 948/1377/722 973/1381/722 968/1382/722 969/1383/722
f 961/1384/723 964/1385/723 948/1377/723
f 972/1375/724 950/1376/724 948/1377/724 964/1386/724 961/1387/724
f 950/1375/725 951/1376/725 948/1377/725
f 950/1375/726 956/1376/726 951/1377/726
f 956/1375/727 957/1376/727 951/1377/727
f 957/1375/728 959/1376/728 951/1377/728
f 959/1375/729 952/1376/729 951/1377/729
f 957/1375/730 958/1376/730 959/1377/730
f 957/1375/731 956/1376/731 958/1377/731
f 973/1388/732 955/1375/732 954/1376/732
f 970/1389/733 973/1390/733 954/1375/733 971/1391/733
f 956/1375/734 955/1376/734 973/1392/734
f 954/1376/735 974/1393/735 971/1394/735
f 949/1376/736 974/1395/736 954/1375/736
f 949/1375/737 972/1396/737 974/1397/737
f 949/1375/738 950/1376/738 972/1377/738
f 949/1375/739 954/1376/739 950/1377/739
f 954/1375/740 956/1376/740 950/1377/740
f 954/1375/741 955/1376/741 956/1377/741
s 1
f 960/1398/742 965/1399/743 962/1399/744
f 967/1400/745 963/1401/746 962/1402/744 965/1403/743 966/1404/747
s 0
f 953/1376/748 958/1377/748 956/1375/748 973/1405/748
s 1
f 967/1406/745 947/1407/749 963/1408/746
o Toaster_cell.012
v 0.029063 0.065091 -0.177091
v -0.003114 0.038867 -0.148879
v 0.012275 0.042370 -0.159433
v 0.008493 0.038453 -0.155252
v -0.032345 0.048626 -0.158143
v -0.029221 0.036271 -0.159084
v -0.021389 0.034823 -0.155416
v -0.010341 0.137888 -0.175731
v -0.015095 0.138660 -0.173325
v -0.024565 0.137964 -0.175495
v -0.032280 0.106848 -0.230451
v -0.030752 0.102736 -0.233297
v -0.032445 0.134599 -0.185987
v -0.032385 0.128384 -0.205366
v 0.029082 0.130722 -0.198076
v 0.020785 0.132285 -0.193200
v -0.008021 0.103514 -0.232759
v 0.012327 0.105286 -0.231533
v 0.020507 0.107482 -0.230012
v 0.029092 0.109497 -0.228024
v 0.029085 0.128384 -0.205366
v -0.032385 0.128384 -0.205366
v -0.032280 0.106848 -0.230451
v -0.015095 0.138660 -0.173325
v -0.024565 0.137964 -0.175495
v -0.030752 0.102736 -0.233297
v -0.032445 0.134599 -0.185987
v -0.010341 0.137888 -0.175731
v 0.029082 0.130722 -0.198076
v 0.020785 0.132285 -0.193200
v 0.020507 0.107482 -0.230012
v 0.029092 0.109497 -0.228024
v -0.008021 0.103514 -0.232759
v 0.012327 0.105286 -0.231533
v 0.029085 0.128384 -0.205366
vn -0.3224 -0.0694 0.9441
vn 0.1146 -0.9558 0.2708
vn 0.4709 0.2627 0.8422
vn -0.2329 0.2049 0.9507
vn -0.9561 -0.2277 -0.1842
vn -0.4442 -0.1791 0.8778
vn -0.8134 0.1784 0.5537
vn -1.0000 -0.0020 -0.0025
vn 0.1038 -0.8294 -0.5490
vn 0.1083 -0.7724 -0.6258
vn 0.7839 -0.1034 0.6122
vn 0.5252 0.2590 0.8106
vn 0.5078 0.2650 0.8197
vn 0.0413 -0.7439 -0.6670
vn 0.1046 -0.7494 -0.6538
vn 0.3087 -0.7168 -0.6253
vn 0.3126 -0.7161 -0.6241
vn 1.0000 -0.0002 0.0004
vn -0.0020 0.6800 -0.7332
vn -0.0033 0.7450 -0.6670
vn -0.0000 0.5691 -0.8223
vn -0.0019 0.8737 -0.4864
vn -0.0019 0.8739 -0.4860
vn -0.0000 0.9522 -0.3054
vn -0.0037 0.7613 -0.6484
vt 0.000000 0.000000
vt 1.000000 0.000000
vt 1.000000 1.000000
vt 0.634467 0.000000
vt 1.000000 0.362001
vt 0.340477 0.000000
vt 0.312802 0.312802
vt 0.504755 0.504755
vt 0.488408 0.000000
vt 0.391548 0.391548
vt 1.000000 0.414791
vt 1.000000 0.504755
vt 0.414791 0.414791
vt 0.615708 0.417503
vt 1.000000 0.403514
vt 0.502260 0.000000
vt 1.000000 0.365533
vt 0.403513 0.403513
vt 0.490389 0.000000
vt 1.000000 0.511592
vt 0.490389 0.490389
vt 0.500077 0.000000
vt 0.500076 0.500076
vt 1.000000 0.511740
vt 0.542052 0.326992
vt 0.598625 0.000000
vt 1.000000 0.497740
vt 0.598625 0.598625
vt 0.912171 0.502167
vt 0.606320 0.095272
vt 0.606320 0.143883
vt 0.606320 0.136351
vt 0.606320 0.117614
vt 0.606320 0.096683
vt 0.831808 0.598217
vt 0.831808 0.654822
vt 0.831808 0.654877
vt 0.831808 0.647621
vt 0.831808 0.638489
vt 0.831808 0.634523
vt 0.831808 0.605859
vt 0.831808 0.598219
vt 0.625000 0.095186
vt 0.625000 0.151777
vt 0.625000 0.151783
vt 0.625000 0.146733
vt 0.625000 0.095277
s 0
usemtl Material.027
f 979/1409/750 981/1410/750 976/1411/750
f 981/1409/751 978/1410/751 976/1411/751
f 976/1411/752 978/1409/752 1002/1412/752 998/1413/752
f 999/1414/753 979/1410/753 976/1411/753 998/1415/753
f 979/1411/754 997/1416/754 1000/1417/754 980/1410/754
f 980/1409/755 981/1410/755 979/1411/755
f 999/1418/756 1001/1419/756 979/1411/756
f 997/1420/757 979/1411/757 1001/1421/757 996/1422/757
f 980/1409/758 978/1410/758 981/1411/758
f 980/1409/759 977/1410/759 978/1411/759
f 977/1409/760 975/1410/760 978/1411/760
f 1004/1423/761 978/1411/761 975/1409/761 1003/1424/761
f 1002/1425/762 978/1411/762 1004/1426/762
f 1007/1427/763 980/1410/763 1000/1428/763
f 977/1410/764 980/1411/764 1007/1429/764 1008/1430/764
f 1008/1431/765 993/1432/765 977/1411/765
f 993/1433/766 1006/1434/766 975/1410/766 977/1411/766
f 1003/1435/767 975/1411/767 1006/1436/767 1009/1437/767
s 1
f 985/1438/768 1005/1439/769 992/1440/770 991/1441/770 986/1442/770
f 995/1443/771 988/1444/772 987/1445/773 984/1446/773 983/1447/773 982/1448/773 990/1449/773 989/1450/773
f 988/1451/772 995/1452/771 994/1453/774 1005/1454/769 985/1455/768
o Toaster_cell.013
v -0.091488 0.089946 -0.143172
v -0.107737 0.114127 -0.176637
v -0.087771 0.082741 -0.148525
v -0.085444 0.094113 -0.171886
v -0.092391 0.103790 -0.182624
v -0.106284 0.140968 -0.166127
v -0.098849 0.145433 -0.132414
v -0.120120 0.139552 -0.151275
v -0.106284 0.145148 -0.138474
v -0.095560 0.145369 -0.137014
v -0.118466 0.132400 -0.182469
v -0.119403 0.135377 -0.172396
v -0.120016 0.137400 -0.165569
v -0.086548 0.143455 -0.149677
v -0.085472 0.141604 -0.161921
v -0.085660 0.134877 -0.185120
v -0.100904 0.130938 -0.197401
v -0.111900 0.132154 -0.188817
v -0.106252 0.132122 -0.193710
v -0.120120 0.139552 -0.151275
v -0.106284 0.145148 -0.138474
v -0.098849 0.145433 -0.132414
v -0.095560 0.145369 -0.137014
v -0.118466 0.132400 -0.182469
v -0.119403 0.135377 -0.172396
v -0.120016 0.137400 -0.165569
v -0.086548 0.143455 -0.149677
v -0.085472 0.141604 -0.161921
v -0.100904 0.130938 -0.197401
v -0.106252 0.132122 -0.193710
v -0.111900 0.132154 -0.188817
v -0.085660 0.134877 -0.185120
vn -0.6099 -0.2281 0.7590
vn 0.8141 -0.0047 0.5806
vn -0.8694 -0.4900 0.0639
vn -0.8688 -0.4905 0.0675
vn -0.8669 -0.4945 0.0636
vn 0.8179 -0.0056 0.5754
vn 0.9957 -0.0183 0.0903
vn 1.0000 0.0024 -0.0088
vn -0.5591 -0.5247 -0.6419
vn -0.5956 -0.5396 -0.5950
vn -0.6135 -0.7064 -0.3529
vn -0.4385 -0.7901 -0.4283
vn 0.6459 -0.2326 -0.7271
vn 0.8120 -0.0613 -0.5805
vn -0.1238 0.9658 -0.2280
vn -0.0653 0.9526 -0.2970
vn -0.2513 0.9216 -0.2958
vn -0.2532 0.9421 -0.2196
vn 0.0050 0.9766 -0.2149
vn -0.0708 0.9893 -0.1272
vn -0.0059 0.9943 -0.1069
vn -0.0000 0.9888 -0.1495
vn -0.0170 0.9995 -0.0261
vn -0.2535 0.9564 -0.1450
vn 0.0110 0.9556 -0.2945
vt 0.529833 0.000000
vt 1.000000 0.000000
vt 1.000000 0.525708
vt 0.840669 0.363738
vt 0.525445 0.361069
vt 0.525708 0.525708
vt 0.000000 0.000000
vt 0.511867 0.000000
vt 1.000000 0.261292
vt 0.776606 0.000000
vt 1.000000 0.470167
vt 0.503806 0.336053
vt 0.261292 0.261292
vt 1.000000 1.000000
vt 1.000000 0.488133
vt 0.539532 0.539532
vt 1.000000 0.469473
vt 0.469473 0.469473
vt 0.403442 0.000000
vt 0.294300 0.294300
vt 0.307848 0.000000
vt 0.307306 0.162956
vt 1.000000 0.223394
vt 0.307848 0.307848
vt 0.403442 0.403442
vt 0.712262 0.000000
vt 1.000000 0.287738
vt 0.831808 0.722873
vt 0.851018 0.722844
vt 0.847921 0.728044
vt 0.843862 0.734091
vt 0.836899 0.734954
vt 0.832178 0.735518
vt 0.818111 0.703741
vt 0.816789 0.722873
vt 0.816976 0.720174
vt 0.817472 0.712998
vt 0.818045 0.704699
vt 0.816976 0.720174
vt 0.815206 0.716026
vt 0.818191 0.722873
vt 0.831533 0.735518
vt 0.824495 0.735614
vt 0.831808 0.703881
vt 0.831808 0.717919
vt 0.851018 0.722844
vt 0.831808 0.703741
s 0
usemtl Material.027
f 1029/1456/775 1010/1457/775 1031/1458/775 1030/1459/775
f 1032/1460/776 1031/1461/776 1010/1462/776 1036/1463/776
f 1011/1457/777 1034/1464/777 1033/1465/777
f 1011/1462/778 1010/1457/778 1029/1466/778 1035/1467/778 1034/1468/778
f 1011/1462/779 1012/1457/779 1010/1469/779
f 1036/1470/780 1010/1469/780 1012/1462/780
f 1036/1471/781 1012/1462/781 1013/1457/781 1037/1472/781
f 1037/1473/782 1013/1462/782 1041/1474/782
f 1038/1475/783 1014/1462/783 1040/1476/783 1039/1477/783
f 1011/1457/784 1033/1478/784 1040/1479/784 1014/1462/784
f 1014/1462/785 1012/1457/785 1011/1469/785
f 1014/1462/786 1013/1457/786 1012/1469/786
f 1041/1480/787 1013/1462/787 1038/1481/787
f 1013/1469/788 1014/1462/788 1038/1482/788
s 1
f 1015/1483/789 1028/1484/790 1027/1485/791 1020/1486/791 1021/1487/791 1022/1488/792
f 1024/1489/793 1015/1490/789 1018/1491/794 1019/1492/795 1023/1493/796
f 1018/1494/794 1016/1495/797 1019/1492/795
f 1018/1496/794 1015/1483/789 1022/1497/792 1017/1498/798
f 1025/1499/799 1026/1500/799 1028/1501/790 1015/1483/789 1024/1502/793
o Toaster_cell.014
v 0.080393 0.074461 -0.217613
v 0.072934 0.064810 -0.215932
v 0.073349 -0.012560 -0.215632
v 0.089833 -0.028866 -0.219399
v 0.105407 -0.031204 -0.224092
v 0.099411 -0.030770 -0.221591
v 0.075732 -0.028061 -0.233671
v 0.083939 -0.029358 -0.225647
v 0.106064 0.073058 -0.253836
v 0.131766 0.073070 -0.237632
v 0.120903 0.073061 -0.249494
v 0.125683 -0.031636 -0.244197
v 0.105944 -0.029877 -0.253836
v 0.098063 -0.029351 -0.253836
v 0.120843 -0.031071 -0.249483
v 0.133428 -0.031713 -0.230753
v 0.131750 -0.031748 -0.237592
v 0.133610 0.019411 -0.230060
v 0.084604 -0.028235 -0.253836
v 0.078639 0.073058 -0.253836
v 0.078488 0.025432 -0.253836
v 0.077260 0.086777 -0.244342
v 0.078629 -0.027539 -0.253836
v 0.133555 0.073075 -0.230342
v 0.131772 0.082978 -0.229969
v 0.083689 0.092328 -0.240500
v 0.106125 0.092480 -0.240395
v 0.127131 0.086438 -0.232360
v 0.120932 0.090244 -0.237327
v 0.114466 0.091150 -0.238577
v 0.105944 -0.029877 -0.253836
v 0.120843 -0.031071 -0.249483
v 0.125683 -0.031636 -0.244197
v 0.098063 -0.029351 -0.253836
v 0.133428 -0.031713 -0.230753
v 0.131750 -0.031748 -0.237592
v 0.084604 -0.028235 -0.253836
v 0.078639 0.073058 -0.253836
v 0.077260 0.086777 -0.244342
v 0.078488 0.025432 -0.253836
v 0.078629 -0.027539 -0.253836
v 0.133610 0.019411 -0.230060
v 0.133555 0.073075 -0.230342
v 0.083689 0.092328 -0.240500
v 0.106125 0.092480 -0.240395
v 0.127131 0.086438 -0.232360
v 0.120932 0.090244 -0.237327
v 0.114466 0.091150 -0.238577
v 0.131772 0.082978 -0.229969
vn -0.0665 -0.9967 -0.0457
vn 0.0514 -0.9559 0.2891
vn -0.0182 -0.9998 0.0048
vn 0.2597 -0.0140 0.9656
vn -0.0836 -0.9961 -0.0276
vn -0.0826 -0.9957 -0.0416
vn -0.9890 0.0031 -0.1482
vn -0.1156 -0.9924 -0.0423
vn -0.9898 -0.0026 -0.1423
vn -0.1437 -0.9667 0.2117
vn 0.2296 0.0267 0.9729
vn 0.2255 0.0039 0.9742
vn 0.2232 0.0004 0.9748
vn -0.0082 0.7888 0.6146
vn -0.5232 -0.6549 0.5452
vn -0.5788 -0.6547 0.4861
vn -0.7136 0.6007 0.3604
vn -0.9920 -0.0058 -0.1261
vn 0.2138 0.0049 0.9769
vn 0.9672 0.0904 -0.2374
vn 0.8513 0.1839 -0.4915
vn 0.7702 0.3832 -0.5098
vn 0.6749 0.4423 -0.5906
vn 0.4978 0.2627 -0.8265
vn 0.4705 0.5166 -0.7154
vn 0.1346 0.2900 -0.9475
vn 0.1215 0.5677 -0.8142
vn 0.2407 0.5580 -0.7942
vn 0.5400 -0.0004 -0.8417
vn 0.1481 -0.0002 -0.9890
vn 0.7372 -0.0005 -0.6757
vn 0.8821 -0.0004 -0.4711
vn 0.9712 -0.0002 -0.2383
vn -0.0000 -0.0000 -1.0000
vn -0.0000 0.3054 -0.9522
vn -0.0000 0.5691 -0.8223
vt 0.318125 0.216194
vt 0.251410 0.251410
vt 0.000000 0.000000
vt 0.374169 0.000000
vt 0.373700 0.078504
vt 1.000000 0.000000
vt 0.395490 0.395490
vt 0.328303 0.193812
vt 0.348534 0.348534
vt 0.263704 0.000000
vt 1.000000 0.395490
vt 0.601703 0.000000
vt 1.000000 1.000000
vt 0.361684 0.000000
vt 1.000000 0.625831
vt 0.324165 0.000000
vt 0.432474 0.132586
vt 0.432431 0.432431
vt 1.000000 0.288421
vt 0.361684 0.361684
vt 0.288421 0.288421
vt 1.000000 0.432431
vt 0.518385 0.000000
vt 0.601703 0.601703
vt 0.514548 0.079843
vt 0.512877 0.015159
vt 0.733068 0.000000
vt 0.957725 0.440645
vt 0.879689 0.372354
vt 0.845791 0.306713
vt 0.799572 0.221742
vt 0.266932 0.000000
vt 1.000000 0.689425
vt 0.564798 0.261570
vt 0.564793 0.257980
vt 0.573579 0.261753
vt 0.574951 0.261719
vt 0.566386 0.250476
vt 0.581879 0.256639
vt 0.567050 0.236335
vt 0.564782 0.222671
vt 0.587635 0.222898
vt 0.584679 0.231180
vt 0.587153 0.236360
vt 0.564785 0.236335
vt 0.472449 0.236279
vt 0.473507 0.222560
vt 0.564782 0.222671
vt 0.471941 0.245936
vt 0.472449 0.236279
vt 0.471848 0.257999
vt 0.517212 0.261708
vt 0.471879 0.261367
vt 0.471848 0.257999
vt 0.564782 0.222560
vt 0.383926 0.215302
vt 0.383926 0.202909
vt 0.383926 0.197407
vt 0.383926 0.197277
vt 0.383926 0.197416
vt 0.606280 0.222981
vt 0.606306 0.197524
vt 0.606305 0.197939
vt 0.606301 0.202212
vt 0.606280 0.223037
s 0
usemtl Material.027
f 1073/1503/800 1074/1504/800 1046/1505/800 1075/1506/800 1072/1507/800
f 1046/1508/801 1076/1509/801 1047/1505/801
f 1077/1510/802 1076/1511/802 1046/1505/802 1074/1512/802
f 1047/1508/803 1076/1513/803 1083/1514/803
f 1047/1505/804 1049/1508/804 1046/1515/804
f 1046/1515/805 1049/1505/805 1078/1516/805 1075/1517/805
f 1043/1505/806 1080/1518/806 1079/1519/806 1081/1520/806
f 1049/1505/807 1048/1508/807 1082/1521/807 1078/1522/807
f 1082/1523/808 1048/1505/808 1043/1508/808 1081/1524/808
f 1045/1505/809 1049/1508/809 1047/1515/809
f 1087/1525/810 1042/1508/810 1047/1515/810 1083/1526/810 1084/1527/810 1066/1528/810
f 1042/1505/811 1044/1508/811 1047/1515/811
f 1044/1505/812 1045/1508/812 1047/1515/812
f 1085/1529/813 1042/1508/813 1087/1530/813 1088/1531/813 1089/1532/813 1086/1533/813
f 1045/1505/814 1044/1508/814 1049/1515/814
f 1044/1505/815 1048/1508/815 1049/1515/815
f 1042/1505/816 1085/1534/816 1080/1535/816 1043/1515/816
f 1048/1505/817 1044/1508/817 1043/1515/817
f 1044/1505/818 1042/1508/818 1043/1515/818
s 1
f 1069/1539/822 1090/1538/821 1051/1537/820 1052/1540/823 1070/1541/824
f 1052/1542/823 1050/1543/825 1068/1544/826 1071/1545/827 1070/1546/824
f 1052/1547/823 1056/1548/828 1054/1549/829 1050/1550/825
f 1053/1551/830 1056/1552/828 1052/1547/823 1051/1537/820 1058/1553/831
f 1050/1550/825 1054/1557/829 1055/1558/833 1060/1559/833 1064/1560/833 1062/1561/833 1061/1562/834
f 1050/1563/825 1061/1564/834 1063/1565/835 1067/1566/835 1068/1567/826
usemtl Material.020
f 1065/1536/819 1051/1537/820 1090/1538/821
f 1059/1554/832 1057/1555/832 1058/1556/831 1051/1537/820 1065/1536/819
o Toaster_cell.015
v 0.105827 -0.130902 0.253836
v 0.120784 -0.130902 0.249473
v 0.102568 -0.138020 0.250028
v 0.111080 -0.118899 0.225811
v 0.088134 -0.026118 0.193092
v 0.092836 -0.116297 0.253836
v 0.092806 -0.134555 0.251882
v 0.092123 -0.139375 0.239477
v 0.129586 -0.014994 0.239963
v 0.135742 -0.013132 0.221362
v 0.105953 -0.022243 0.253836
v 0.093233 -0.025978 0.253836
v 0.120850 -0.017772 0.249485
v 0.098972 -0.139600 0.237733
v 0.135742 -0.015515 0.212400
v 0.103586 -0.139335 0.239791
v 0.117647 -0.138020 0.245619
v 0.126126 -0.130902 0.243659
v 0.131736 -0.120645 0.237558
v 0.133812 -0.085664 0.229161
v 0.135742 -0.050802 0.221334
v 0.135742 -0.013132 0.221362
v 0.135742 -0.015515 0.212400
v 0.105953 -0.022243 0.253836
v 0.120850 -0.017772 0.249485
v 0.129586 -0.014994 0.239963
v 0.093233 -0.025978 0.253836
v 0.092836 -0.116297 0.253836
v 0.092123 -0.139375 0.239477
v 0.098972 -0.139600 0.237733
v 0.092806 -0.134555 0.251882
v 0.126126 -0.130902 0.243659
v 0.131736 -0.120645 0.237558
v 0.103586 -0.139335 0.239791
v 0.117647 -0.138020 0.245619
v 0.135742 -0.050802 0.221334
v 0.133812 -0.085664 0.229161
vn -0.9976 -0.0057 0.0687
vn -0.9982 -0.0109 0.0592
vn -0.2245 0.9721 -0.0685
vn -0.2817 0.9593 0.0214
vn -0.9965 0.0044 0.0836
vn -0.2402 -0.3751 -0.8953
vn 0.4075 -0.2124 -0.8882
vn 0.3508 -0.6129 -0.7080
vn 0.4659 -0.2326 -0.8537
vn 0.4484 -0.2194 -0.8665
vn 0.5097 -0.2850 0.8118
vn 0.5653 -0.0004 0.8249
vn 0.1630 -0.0039 0.9866
vn 0.1456 -0.2422 0.9592
vn -0.0597 -0.9777 0.2015
vn 0.3050 -0.6924 0.6539
vn 0.0230 -0.8218 0.5693
vn 0.7264 -0.1659 0.6670
vn 0.9615 0.0085 0.2748
vn 0.9872 0.0049 0.1593
vn 0.8757 0.0049 0.4829
vn 0.7650 0.0005 0.6440
vn 0.9548 0.0092 0.2973
vn -0.0651 -0.5874 0.8067
vn -0.1248 -0.9609 0.2470
vn 1.0000 -0.0000 -0.0000
vn -0.0102 -0.0091 0.9999
vt 0.818556 0.454909
vt 0.453425 0.000000
vt 1.000000 0.000000
vt 0.659057 0.659057
vt 0.000000 0.000000
vt 0.909604 0.000000
vt 0.864684 0.379305
vt 0.281483 0.132424
vt 0.013026 0.000000
vt 0.510342 0.316165
vt 0.423904 0.423904
vt 0.550291 0.000000
vt 0.550050 0.143719
vt 0.449709 0.000000
vt 1.000000 0.546575
vt 1.000000 1.000000
vt 0.652354 0.000000
vt 1.000000 0.090396
vt 0.024845 0.000000
vt 0.312215 0.027411
vt 0.640074 0.350148
vt 0.813178 0.579956
vt 0.696935 0.638341
vt 0.652354 0.652354
vt 0.302980 0.000000
vt 0.280219 0.280219
vt 0.975155 0.000000
vt 0.636343 0.172283
vt 0.302979 0.302979
vt 0.383926 0.513774
vt 0.484241 0.513713
vt 0.480277 0.527432
vt 0.383926 0.527548
vt 0.361796 0.533894
vt 0.372216 0.516663
vt 0.375000 0.530549
vt 0.372723 0.516623
vt 0.381650 0.513774
vt 0.375000 0.530549
vt 0.376588 0.498459
vt 0.375005 0.498126
vt 0.379301 0.495299
vt 0.454953 0.483994
vt 0.488355 0.484008
vt 0.487255 0.492004
vt 0.393805 0.491648
vt 0.424039 0.487849
vt 0.383926 0.503143
vt 0.393021 0.491984
vt 0.486702 0.496323
vt 0.375000 0.539605
vt 0.344501 0.542557
vt 0.345209 0.539016
vt 0.345053 0.539798
vt 0.343544 0.547343
vt 0.343450 0.547812
vt 0.488357 0.479305
vt 0.488355 0.484008
vt 0.454953 0.483994
vt 0.383926 0.539434
vt 0.480277 0.527432
vt 0.390222 0.539145
vt 0.390222 0.539511
s 0
usemtl Material.027
f 1121/1568/836 1118/1569/836 1095/1570/836
f 1121/1571/837 1095/1572/837 1119/1573/837
f 1116/1574/838 1112/1575/838 1113/1576/838 1095/1570/838
f 1115/1577/839 1116/1578/839 1095/1572/839 1117/1579/839 1114/1580/839
f 1117/1581/840 1095/1570/840 1118/1582/840
f 1095/1583/841 1094/1572/841 1120/1584/841 1119/1585/841
f 1095/1583/842 1113/1586/842 1094/1570/842
f 1123/1587/843 1122/1588/843 1125/1589/843 1124/1590/843 1120/1591/843 1094/1572/843
f 1094/1572/844 1127/1592/844 1123/1593/844
f 1094/1572/845 1113/1594/845 1126/1595/845 1127/1596/845
s 1
f 1092/1597/846 1103/1598/847 1101/1599/848 1091/1600/849
f 1103/1598/847 1092/1597/846 1108/1615/853 1109/1616/857 1099/1617/856
f 1097/1627/859 1091/1600/849 1101/1628/848 1102/1629/862 1096/1630/862
usemtl Material.020
f 1106/1601/850 1107/1602/851 1093/1603/852
f 1107/1604/851 1092/1605/846 1091/1600/849 1093/1606/852
f 1092/1607/846 1107/1608/851 1108/1609/853
f 1111/1610/854 1100/1611/855 1099/1612/856 1109/1613/857 1110/1614/858
f 1097/1618/859 1093/1606/852 1091/1600/849
f 1104/1619/860 1106/1620/850 1093/1621/852 1097/1622/859 1098/1623/860
f 1105/1624/861 1100/1625/855 1111/1626/854
o Toaster_cell.016
v -0.002537 0.072969 0.252583
v -0.004913 0.079893 0.249583
l 1128 1129
o Toaster_cell.017
v -0.092756 0.088909 -0.141484
v -0.090378 0.074626 -0.139422
v -0.084932 0.038631 -0.121764
v -0.083501 0.038600 -0.005775
v -0.094396 0.119457 -0.001313
v -0.121013 0.141751 -0.135329
v -0.131796 0.131295 -0.134511
v -0.135742 0.117013 -0.133394
v -0.121013 0.141751 -0.001009
v -0.125066 0.137821 -0.000718
v -0.106284 0.145578 -0.001719
v -0.135742 0.117013 -0.001915
v -0.131796 0.131295 -0.001132
v -0.135742 0.067088 -0.004493
v -0.135742 0.020614 -0.007095
v -0.097790 0.145412 -0.004211
v -0.099264 0.145441 -0.121051
v -0.135742 0.020748 -0.051667
v -0.135742 0.021005 -0.108388
v -0.135742 0.114997 -0.145755
v -0.132169 0.127826 -0.147804
v -0.135742 0.084432 -0.140890
v -0.123289 0.137360 -0.149296
v -0.135742 0.067149 -0.132213
v -0.099520 0.145446 -0.128462
v -0.106350 0.145561 -0.135627
v -0.121013 0.141751 -0.001009
v -0.106284 0.145578 -0.001719
v -0.125066 0.137821 -0.000718
v -0.135742 0.117013 -0.001915
v -0.131796 0.131295 -0.001132
v -0.135742 0.067088 -0.004493
v -0.135742 0.020614 -0.007095
v -0.097790 0.145412 -0.004211
v -0.099264 0.145441 -0.121051
v -0.135742 0.020748 -0.051667
v -0.135742 0.021005 -0.108388
v -0.135742 0.114997 -0.145755
v -0.135742 0.084432 -0.140890
v -0.132169 0.127826 -0.147804
v -0.135742 0.067149 -0.132213
v -0.099520 0.145446 -0.128462
v -0.123289 0.137360 -0.149296
v -0.106350 0.145561 -0.135627
vn 0.1055 0.0634 0.9924
vn -0.0115 -0.0516 0.9986
vn -0.0060 -0.0559 0.9984
vn 0.9909 0.1322 0.0236
vn -0.4761 0.8732 -0.1042
vn -0.6022 0.7803 -0.1688
vn -0.8746 0.4773 -0.0856
vn -0.8547 0.5170 -0.0465
vn 0.3256 -0.9455 -0.0028
vn 0.3267 -0.9451 -0.0043
vn -0.0020 -0.1572 -0.9876
vn 0.0006 -0.1552 -0.9879
vn -0.0746 -0.4575 -0.8861
vn -0.0679 -0.4477 -0.8916
vn 0.9905 0.1331 -0.0341
vn 0.9817 0.1457 -0.1227
vn 0.5985 0.2232 -0.7694
vn 0.0361 -0.1369 -0.9899
vn -0.1843 0.9812 -0.0579
vn -0.4972 0.8677 -0.0000
vn -0.1332 0.9911 -0.0000
vn -0.6961 0.7179 -0.0000
vn -0.8559 0.5172 -0.0000
vn -0.9901 0.1402 -0.0112
vn -0.9903 0.1388 -0.0000
vn 0.0184 0.9998 -0.0001
vn -0.9910 0.1321 -0.0212
vn -1.0000 -0.0000 -0.0000
vn 0.9911 0.1329 -0.0123
vt 0.373074 0.282687
vt 0.337350 0.337350
vt 0.000000 0.000000
vt 0.339729 0.000000
vt 0.370817 0.100619
vt 0.841043 0.294388
vt 0.549287 0.000000
vt 1.000000 0.000000
vt 1.000000 0.337350
vt 0.938319 0.349131
vt 1.000000 1.000000
vt 0.549287 0.549287
vt 0.490980 0.000000
vt 1.000000 0.660271
vt 0.625000 0.941642
vt 0.622317 0.948524
vt 0.612335 0.947890
vt 0.612335 0.941239
vt 0.487436 0.000000
vt 1.000000 0.509020
vt 0.487436 0.487436
vt 0.494376 0.000000
vt 0.475876 0.303589
vt 0.438687 0.438687
vt 0.475309 0.000000
vt 0.954522 0.404496
vt 0.481010 0.000000
vt 1.000000 0.496366
vt 0.494376 0.494376
vt 0.496366 0.496366
vt 0.524691 0.000000
vt 0.585913 0.000000
vt 1.000000 0.319100
vt 0.585913 0.585913
vt 0.530470 0.530470
vt 0.476268 0.016976
vt 0.531657 0.395761
vt 0.529055 0.000000
vt 0.816789 0.722934
vt 0.816642 0.736437
vt 0.750497 0.736437
vt 0.750847 0.722873
vt 0.620239 0.875353
vt 0.625000 0.875497
vt 0.612335 0.875557
vt 0.599670 0.940689
vt 0.599670 0.875943
vt 0.816789 0.722872
vt 0.750847 0.722873
vt 0.752074 0.715051
vt 0.809610 0.716409
vt 0.814248 0.716876
vt 0.823336 0.736437
vt 0.599670 0.946776
vt 0.611130 0.947786
vt 0.516667 0.900443
vt 0.516443 0.878494
vt 0.556653 0.877212
vt 0.573168 0.944380
vt 0.557898 0.940107
vt 0.517330 0.928375
vt 0.680900 0.000000
vt 0.679207 0.679207
s 0
usemtl Material.027
f 1156/1631/863 1158/1632/863 1134/1633/863 1163/1634/863 1157/1635/863
f 1159/1636/864 1161/1637/864 1134/1638/864 1158/1639/864 1160/1640/864
f 1133/1638/865 1134/1641/865 1161/1642/865 1162/1643/865
f 1163/1644/866 1134/1641/866 1133/1633/866
s 1
f 1135/1645/867 1152/1646/868 1150/1647/869 1136/1648/870
s 0
f 1165/1649/871 1133/1638/871 1162/1650/871
f 1132/1638/872 1133/1641/872 1165/1651/872 1166/1652/872
f 1167/1653/873 1169/1654/873 1131/1633/873 1168/1655/873
f 1131/1638/874 1169/1656/874 1172/1657/874
f 1170/1658/875 1132/1641/875 1166/1659/875
f 1131/1638/876 1132/1641/876 1170/1660/876 1168/1661/876
f 1132/1641/877 1131/1633/877 1171/1662/877 1146/1663/877
f 1131/1633/878 1130/1638/878 1171/1664/878
f 1171/1665/879 1130/1633/879 1172/1666/879 1155/1667/879
f 1130/1638/880 1131/1641/880 1172/1668/880
s 1
f 1173/1669/881 1135/1670/867 1138/1671/882 1140/1672/883
f 1139/1673/884 1138/1674/882 1135/1645/867 1136/1648/870 1142/1675/885
f 1173/1678/881 1140/1679/883 1145/1680/888 1164/1681/888 1154/1682/888
f 1152/1683/868 1135/1670/867 1173/1669/881
s 0
f 1132/1633/891 1146/1692/891 1163/1693/891 1133/1633/891
s 1
usemtl Material.020
f 1142/1675/885 1136/1648/870 1137/1676/886 1141/1677/887
f 1149/1684/889 1137/1676/886 1136/1648/870 1150/1685/869
f 1147/1686/890 1144/1687/890 1143/1688/890 1141/1677/887 1137/1676/886 1149/1684/889 1151/1689/890 1153/1690/890 1148/1691/890
o Toaster_cell.018
v -0.068599 0.064836 0.188441
v -0.060604 0.040631 0.181210
v -0.061358 0.024171 0.181430
v -0.105308 -0.024976 0.221437
v -0.066977 0.061370 0.180321
v -0.058328 0.038262 0.160562
v -0.058009 0.035368 0.166500
v -0.135742 0.073082 0.221427
v -0.131766 0.073070 0.237632
v -0.135742 0.083545 0.210935
v -0.131778 0.095400 0.220797
v -0.135742 -0.027131 0.221352
v -0.131751 -0.024602 0.237595
v -0.127602 -0.023685 0.242111
v -0.135742 -0.028879 0.208728
v -0.127328 0.008128 0.242430
v -0.127340 0.073066 0.242465
v -0.124540 0.080531 0.239898
v -0.120934 0.091704 0.236594
v -0.135742 -0.018588 0.185545
v -0.135742 -0.029445 0.203655
v -0.135742 0.009943 0.140160
v -0.117719 0.097361 0.233623
v -0.115298 0.101878 0.231356
v -0.121136 0.103963 0.227890
v -0.126790 0.104110 0.218501
v -0.135742 0.088704 0.204746
v -0.131781 0.100214 0.215023
v -0.131751 -0.024602 0.237595
v -0.127602 -0.023685 0.242111
v -0.135742 -0.027131 0.221352
v -0.135742 -0.028879 0.208728
v -0.127328 0.008128 0.242430
v -0.127340 0.073066 0.242465
v -0.124540 0.080531 0.239898
v -0.120934 0.091704 0.236594
v -0.135742 -0.029445 0.203655
v -0.135742 -0.018588 0.185545
v -0.135742 0.009943 0.140160
v -0.117719 0.097361 0.233623
v -0.115298 0.101878 0.231356
v -0.135742 0.088704 0.204746
v -0.131781 0.100214 0.215023
v -0.126790 0.104110 0.218501
v -0.121136 0.103963 0.227890
vn 0.0696 -0.9882 0.1368
vn 0.6795 -0.0132 0.7336
vn 0.6761 -0.0003 0.7368
vn 0.3922 -0.7890 -0.4730
vn 0.0809 -0.9906 0.1106
vn 0.4103 -0.7721 -0.4853
vn 0.4469 -0.7701 -0.4552
vn 0.6862 -0.0217 0.7271
vn 0.9533 0.2935 0.0714
vn 0.6782 0.0039 0.7349
vn 0.9812 -0.0424 0.1883
vn 0.9620 0.2621 0.0760
vn 0.4489 0.8572 -0.2524
vn 0.4341 0.8566 -0.2789
vn -0.0180 0.6406 -0.7676
vn 0.9506 0.3045 0.0599
vn 0.6392 -0.6772 -0.3645
vn -0.0332 0.6423 -0.7657
vn -0.5772 0.5058 0.6411
vn -0.6316 0.4500 0.6313
vn -0.2611 0.5523 0.7917
vn -0.9907 0.0952 0.0968
vn -0.9879 0.0664 0.1404
vn -0.8559 0.1758 0.4864
vn -0.8576 0.3508 0.3761
vn -0.7299 0.2162 0.6484
vn -0.6881 0.4227 0.5898
vn -0.9922 0.0955 0.0797
vn -0.8763 0.3698 0.3088
vn -0.7225 0.5306 0.4432
vn -0.7369 -0.0004 0.6760
vn -0.8928 -0.0003 0.4504
vn -0.9940 -0.0001 0.1090
vn -1.0000 -0.0000 -0.0000
vt 1.000000 0.000000
vt 1.000000 0.277236
vt 0.922946 0.251493
vt 0.739194 0.116717
vt 0.622894 0.000000
vt 0.277236 0.277236
vt 0.000000 0.000000
vt 1.000000 0.533277
vt 0.533671 0.168670
vt 0.533277 0.533277
vt 0.482547 0.030334
vt 0.511320 0.112031
vt 0.619539 0.000000
vt 1.000000 0.376244
vt 0.553858 0.000000
vt 1.000000 0.377106
vt 1.000000 1.000000
vt 0.619539 0.619539
vt 0.390309 0.000000
vt 0.399056 0.000000
vt 0.804760 0.360391
vt 1.000000 0.533518
vt 0.447102 0.239320
vt 0.399056 0.399056
vt 0.484684 0.000000
vt 0.484684 0.484684
vt 0.579577 0.503358
vt 0.505477 0.505477
vt 0.999875 0.000000
vt 0.674394 0.451704
vt 0.000125 0.000000
vt 0.608192 0.736383
vt 0.596323 0.734523
vt 0.599352 0.733501
vt 0.604373 0.731187
vt 0.574081 0.771127
vt 0.564803 0.765960
vt 0.564793 0.757980
vt 0.584594 0.766270
vt 0.565442 0.754922
vt 0.572684 0.755907
vt 0.583170 0.756997
vt 0.594174 0.761418
vt 0.578656 0.774174
vt 0.588863 0.769113
vt 0.588862 0.769113
vt 0.594174 0.761418
vt 0.593317 0.766807
vt 0.507212 0.749185
vt 0.564790 0.749160
vt 0.478185 0.757998
vt 0.479003 0.749749
vt 0.475942 0.765997
vt 0.478185 0.757998
vt 0.508011 0.805979
vt 0.483256 0.783629
vt 0.473771 0.774711
vt 0.474308 0.772213
vt 0.475942 0.765997
vt 0.578656 0.774174
s 0
usemtl Material.027
f 1177/1694/892 1203/1695/892 1202/1696/892 1204/1697/892 1205/1698/892
f 1203/1699/893 1177/1700/893 1175/1694/893 1206/1701/893
f 1207/1702/894 1206/1703/894 1175/1700/894 1209/1704/894 1208/1705/894
f 1211/1706/895 1177/1694/895 1210/1707/895
f 1210/1708/896 1177/1694/896 1205/1709/896
f 1179/1694/897 1177/1710/897 1211/1711/897 1212/1712/897
f 1179/1700/898 1176/1694/898 1177/1710/898
f 1176/1700/899 1175/1694/899 1177/1710/899
f 1179/1700/900 1174/1694/900 1175/1710/900
f 1175/1710/901 1174/1700/901 1214/1713/901 1213/1714/901 1209/1715/901
f 1176/1700/902 1180/1694/902 1175/1710/902
f 1180/1700/903 1179/1694/903 1175/1710/903
f 1198/1716/904 1214/1717/904 1174/1700/904 1217/1718/904
f 1217/1719/905 1174/1700/905 1178/1694/905
f 1216/1720/906 1217/1721/906 1178/1700/906 1212/1722/906 1215/1723/906
f 1178/1700/907 1174/1694/907 1179/1710/907
f 1180/1700/908 1176/1694/908 1179/1710/908
f 1178/1694/909 1179/1710/909 1212/1724/909
s 1
f 1218/1725/910 1192/1726/911 1196/1727/912 1197/1728/912
f 1184/1732/916 1182/1731/915 1190/1733/917 1191/1734/918 1192/1735/911 1218/1736/910
f 1201/1739/920 1184/1732/916 1218/1740/910 1199/1741/921
f 1189/1742/922 1190/1743/917 1182/1731/915 1186/1744/923 1187/1745/922
usemtl Material.020
f 1183/1729/913 1181/1730/914 1182/1731/915 1184/1732/916
f 1200/1737/919 1183/1729/913 1184/1732/916 1201/1738/920
f 1182/1731/915 1181/1730/914 1185/1746/924 1186/1747/923
f 1195/1748/925 1193/1749/925 1194/1750/925 1188/1751/925 1185/1752/924 1181/1730/914 1183/1729/913 1200/1753/919
o Toaster_cell.019
v 0.063675 0.074590 0.182967
v 0.045954 0.030930 0.151091
v 0.062038 0.064794 0.170681
v 0.067046 0.066058 0.175971
v 0.040342 -0.024464 0.192174
v 0.041576 -0.022085 0.183080
v 0.057498 0.027917 0.148658
v 0.061339 -0.002300 0.138988
v 0.131924 -0.011495 0.208888
v 0.098906 -0.017288 0.171724
v 0.073186 -0.016750 0.143783
v 0.049695 0.009374 0.137466
v 0.086936 -0.024140 0.192787
v 0.066129 -0.024319 0.171657
v 0.092591 -0.023151 0.190021
v 0.066241 -0.021232 0.155264
v 0.106060 0.069907 0.253836
v 0.120889 0.048572 0.249492
v 0.135271 0.013118 0.223302
v 0.131759 0.027094 0.237614
v 0.065405 0.105600 0.231805
v 0.033704 0.079039 0.249787
v 0.033654 -0.022350 0.253836
v 0.033614 0.073058 0.253836
v 0.041308 -0.024309 0.253836
v 0.071010 -0.024590 0.253836
v 0.105955 -0.020642 0.253836
v 0.131753 -0.012772 0.237599
v 0.120851 -0.016207 0.249485
v 0.135742 -0.010817 0.221364
v 0.135742 -0.007663 0.214095
v 0.135742 0.007933 0.221378
v 0.084586 -0.024551 0.253836
v 0.091799 -0.024444 0.253836
v 0.106060 0.069907 0.253836
v 0.120889 0.048572 0.249492
v 0.131759 0.027094 0.237614
v 0.135271 0.013118 0.223302
v 0.033704 0.079039 0.249787
v 0.033614 0.073058 0.253836
v 0.033654 -0.022350 0.253836
v 0.041308 -0.024309 0.253836
v 0.071010 -0.024590 0.253836
v 0.131753 -0.012772 0.237599
v 0.120851 -0.016207 0.249485
v 0.105955 -0.020642 0.253836
v 0.135742 0.007933 0.221378
v 0.135742 -0.007663 0.214095
v 0.084586 -0.024551 0.253836
v 0.091799 -0.024444 0.253836
v 0.065405 0.105600 0.231805
v 0.135742 -0.010817 0.221364
vn 0.7178 0.5780 -0.3882
vn 0.6835 0.6050 -0.4084
vn -0.8212 0.4944 -0.2848
vn -0.7108 0.6025 -0.3631
vn -0.7402 0.5637 -0.3666
vn -0.9920 0.0068 -0.1264
vn -0.9942 -0.0038 -0.1077
vn -0.9997 -0.0004 -0.0227
vn -0.2480 -0.9688 0.0063
vn -0.0095 -1.0000 0.0027
vn 0.2734 -0.9617 -0.0194
vn 0.3255 -0.9443 -0.0483
vn 0.7220 0.1860 -0.6664
vn 0.6914 0.3057 -0.6546
vn 0.4564 0.6651 -0.5911
vn 0.6753 0.3102 -0.6692
vn 0.6440 0.3323 -0.6891
vn -0.0701 0.5243 -0.8487
vn 0.0183 0.5110 -0.8594
vn -0.9783 -0.0416 -0.2028
vn -0.9909 0.0008 -0.1343
vn 0.0029 -1.0000 -0.0035
vn -0.2823 -0.9180 -0.2785
vn -0.1410 -0.9727 -0.1841
vn 0.0149 -0.9999 -0.0062
vn 0.1636 -0.9864 -0.0180
vn 0.1192 -0.9869 -0.1090
vn 0.1685 -0.9689 -0.1813
vn 0.2278 -0.9474 -0.2250
vn 0.3549 -0.9190 -0.1720
vn 0.7304 0.1341 -0.6698
vn 0.2301 -0.9456 -0.2300
vn -0.5342 -0.6264 -0.5677
vn 0.6527 0.3049 -0.6936
vn 0.4348 0.3241 -0.8402
vn -0.5504 -0.6216 -0.5573
vn -0.5771 -0.6207 -0.5308
vn 0.9784 -0.0002 0.2069
vn 0.9898 -0.0001 0.1422
vn 1.0000 -0.0000 -0.0000
vn 0.0667 0.1441 0.9873
vn 0.0117 0.2908 0.9567
vn -0.0000 -0.0000 1.0000
vn 0.1171 -0.0001 0.9931
vn 0.9711 -0.0002 0.2386
vn 0.8132 -0.0004 0.5819
vn 0.8692 -0.0004 0.4944
vn 0.3827 -0.0003 0.9239
vn 0.4918 -0.0004 0.8707
vn 0.0220 0.5456 0.8377
vt 0.554494 0.390632
vt 0.395925 0.278118
vt 0.282442 0.128795
vt 0.249095 0.000000
vt 1.000000 0.000000
vt 1.000000 0.438105
vt 0.000000 0.000000
vt 0.438105 0.438105
vt 0.397278 0.397278
vt 0.455842 0.455842
vt 0.970111 0.000000
vt 0.970111 0.970111
vt 0.979594 0.979594
vt 0.979034 0.979034
vt 0.961902 0.961902
vt 0.081431 0.000000
vt 0.979801 0.904917
vt 0.550210 0.000000
vt 0.552512 0.552512
vt 0.553367 0.000000
vt 0.550210 0.550210
vt 0.770844 0.294612
vt 0.566339 0.128277
vt 0.438167 0.000000
vt 0.999806 0.419032
vt 1.000000 0.070552
vt 0.883767 0.155021
vt 0.419082 0.419082
vt 0.146983 0.146983
vt 1.000000 0.750905
vt 0.938244 0.751917
vt 0.738415 0.738415
vt 1.000000 1.000000
vt 0.622813 0.000000
vt 1.000000 0.446633
vt 1.000000 0.550897
vt 0.622813 0.622813
vt 0.550897 0.550897
vt 0.507034 0.484016
vt 0.490408 0.484009
vt 0.493152 0.480430
vt 0.390222 0.529669
vt 0.564782 0.594046
vt 0.564782 0.591832
vt 0.564782 0.586961
vt 0.390222 0.559609
vt 0.390222 0.547108
vt 0.390222 0.538095
vt 0.481697 0.527430
vt 0.511632 0.484964
vt 0.524025 0.492012
vt 0.488676 0.491996
vt 0.488674 0.492004
vt 0.524025 0.492012
vt 0.543070 0.513678
vt 0.485629 0.513713
vt 0.561988 0.527333
vt 0.481696 0.527430
vt 0.609462 0.567341
vt 0.609462 0.593964
vt 0.609462 0.594046
vt 0.609462 0.529669
s 0
usemtl Material.027
f 1253/1754/926 1254/1755/926 1255/1756/926 1256/1757/926 1222/1758/926 1269/1759/926
f 1222/1760/927 1219/1758/927 1269/1761/927
f 1269/1762/928 1219/1760/928 1221/1758/928
f 1269/1763/929 1221/1760/929 1257/1764/929
f 1221/1760/930 1220/1758/930 1257/1765/930
f 1220/1760/931 1223/1758/931 1257/1766/931
f 1223/1760/932 1259/1758/932 1257/1767/932
f 1257/1768/933 1259/1769/933 1258/1770/933
f 1260/1771/934 1259/1772/934 1223/1760/934
f 1223/1760/935 1261/1773/935 1260/1774/935
f 1263/1775/936 1264/1776/936 1268/1777/936 1233/1758/936 1262/1778/936
f 1233/1760/937 1227/1758/937 1266/1779/937 1248/1780/937 1262/1781/937
f 1266/1782/938 1227/1760/938 1229/1758/938
f 1222/1758/939 1256/1783/939 1265/1784/939 1266/1785/939 1229/1760/939
f 1221/1760/940 1219/1758/940 1222/1786/940
f 1229/1760/941 1225/1758/941 1222/1786/941
f 1225/1760/942 1221/1758/942 1222/1786/942
f 1230/1760/943 1220/1758/943 1221/1786/943
f 1225/1760/944 1230/1758/944 1221/1786/944
f 1230/1760/945 1224/1758/945 1220/1786/945
f 1224/1760/946 1223/1758/946 1220/1786/946
f 1232/1760/947 1267/1787/947 1261/1788/947 1223/1786/947
f 1224/1760/948 1234/1758/948 1223/1786/948
f 1234/1760/949 1232/1758/949 1223/1786/949
f 1232/1760/950 1231/1758/950 1268/1789/950 1267/1790/950
f 1231/1760/951 1233/1758/951 1268/1791/951
f 1231/1760/952 1232/1758/952 1233/1786/952
f 1232/1760/953 1234/1758/953 1233/1786/953
f 1234/1760/954 1228/1758/954 1233/1786/954
f 1228/1760/955 1227/1758/955 1233/1786/955
f 1228/1760/956 1229/1758/956 1227/1786/956
f 1228/1760/957 1234/1758/957 1229/1786/957
f 1234/1760/958 1226/1758/958 1229/1786/958
f 1226/1760/959 1225/1758/959 1229/1786/959
f 1226/1760/960 1230/1758/960 1225/1786/960
f 1226/1760/961 1234/1758/961 1230/1786/961
f 1234/1760/962 1224/1758/962 1230/1786/962
s 1
f 1235/1795/966 1242/1796/967 1241/1797/968 1243/1798/968 1244/1799/968 1251/1800/968 1252/1801/968 1245/1802/969
f 1246/1806/972 1238/1807/971 1236/1808/973 1247/1809/974
f 1247/1809/974 1236/1808/973 1235/1810/966 1245/1811/969
f 1239/1812/975 1240/1813/975 1242/1814/967 1235/1815/966
usemtl Material.020
f 1250/1792/963 1270/1793/964 1249/1794/965
f 1237/1803/970 1238/1804/971 1246/1805/972 1270/1793/964 1250/1792/963
o Toaster_cell.020
v 0.104123 -0.032478 -0.221208
v 0.131734 -0.130902 -0.237555
v 0.132794 -0.138020 -0.217047
v 0.128744 -0.138020 -0.233538
v 0.135742 -0.130902 -0.221273
v 0.135742 -0.035009 -0.195730
v 0.135742 -0.033727 -0.221347
v 0.133915 -0.033283 -0.228770
v 0.135742 -0.093909 -0.202690
v 0.127358 -0.077631 -0.242347
v 0.127371 -0.033185 -0.242357
v 0.131749 -0.033273 -0.237591
v 0.111973 -0.140115 -0.228094
v 0.127417 -0.130902 -0.242254
v 0.122330 -0.138020 -0.237578
v 0.127408 -0.138670 -0.215148
v 0.135742 -0.130902 -0.207289
v 0.132794 -0.138020 -0.210612
v 0.135742 -0.033727 -0.221347
v 0.133915 -0.033283 -0.228770
v 0.135742 -0.035009 -0.195730
v 0.135742 -0.093909 -0.202690
v 0.127358 -0.077631 -0.242347
v 0.127371 -0.033185 -0.242357
v 0.131749 -0.033273 -0.237591
v 0.127417 -0.130902 -0.242254
v 0.135742 -0.130902 -0.207289
v 0.132794 -0.138020 -0.210612
v 0.111973 -0.140115 -0.228094
v 0.127408 -0.138670 -0.215148
v 0.122330 -0.138020 -0.237578
vn 0.0396 0.9980 0.0500
vn -0.6292 -0.0912 0.7718
vn -0.6729 -0.0000 -0.7397
vn 0.0257 0.9997 -0.0052
vn -0.6751 -0.0020 -0.7377
vn -0.6345 -0.0953 0.7671
vn 0.7653 -0.6437 -0.0000
vn 0.6084 -0.7918 -0.0544
vn 0.9652 -0.2259 -0.1320
vn 0.9873 -0.1587 -0.0000
vn 0.2728 -0.8951 -0.3528
vn 0.5059 -0.8134 -0.2871
vn 0.1046 -0.9929 -0.0573
vn 0.8201 -0.2986 -0.4882
vn 0.6512 -0.3407 -0.6782
vn 0.1160 -0.9931 -0.0180
vn 0.8807 -0.0003 -0.4736
vn 0.7364 -0.0004 -0.6765
vn 0.9922 -0.0001 -0.1245
vn 0.9711 -0.0002 -0.2389
vn 1.0000 -0.0000 -0.0000
vt 0.635535 0.000000
vt 1.000000 0.000000
vt 1.000000 0.387717
vt 0.704241 0.091272
vt 0.387717 0.387717
vt 0.000000 0.000000
vt 0.388339 0.000000
vt 1.000000 0.283634
vt 0.714758 0.000000
vt 0.337495 0.174319
vt 0.283634 0.283634
vt 0.364465 0.000000
vt 1.000000 0.322512
vt 1.000000 1.000000
vt 0.714758 0.714758
vt 0.769483 0.379660
vt 0.849672 0.335152
vt 0.728721 0.378987
vt 1.000000 0.611661
vt 0.322512 0.322512
vt 0.553021 0.330647
vt 0.634520 0.334401
vt 0.375000 0.271285
vt 0.375000 0.268116
vt 0.383926 0.266035
vt 0.383926 0.272922
vt 0.129789 0.512557
vt 0.131402 0.509269
vt 0.143041 0.526366
vt 0.373205 0.259996
vt 0.382149 0.258018
vt 0.375005 0.247287
vt 0.375000 0.247285
vt 0.373971 0.241071
vt 0.377625 0.242926
vt 0.146285 0.500000
vt 0.149203 0.507862
vt 0.143116 0.500000
vt 0.470496 0.258000
vt 0.383926 0.258018
vt 0.383926 0.249426
vt 0.431159 0.249288
vt 0.470568 0.249295
vt 0.470093 0.265999
vt 0.383926 0.266035
vt 0.470496 0.258000
vt 0.470487 0.262344
vt 0.147596 0.526064
vt 0.134996 0.504501
vt 0.149203 0.507862
vt 0.470093 0.265999
vt 0.468789 0.278614
vt 0.416649 0.275186
s 0
usemtl Material.027
f 1290/1816/976 1271/1817/976 1291/1818/976 1289/1819/976
f 1291/1820/977 1271/1821/977 1292/1822/977
f 1271/1817/978 1294/1823/978 1293/1824/978
f 1295/1825/979 1294/1826/979 1271/1821/979 1290/1827/979
f 1299/1828/980 1271/1829/980 1293/1830/980 1296/1831/980 1301/1832/980
f 1297/1833/981 1292/1834/981 1271/1829/981 1299/1835/981 1300/1836/981 1298/1837/981
s 1
f 1282/1854/992 1272/1855/989 1284/1856/990 1280/1857/993 1281/1858/993
usemtl Material.020
f 1288/1838/982 1273/1839/983 1275/1840/984 1287/1841/985
f 1285/1842/986 1274/1843/987 1283/1844/988
f 1275/1840/984 1273/1839/983 1274/1845/987 1272/1846/989
f 1272/1847/989 1274/1848/987 1285/1849/986 1284/1850/990
f 1288/1851/982 1286/1852/991 1273/1853/983
f 1277/1859/994 1275/1860/984 1272/1855/989 1282/1861/992 1278/1862/995
f 1283/1863/988 1274/1864/987 1273/1853/983 1286/1865/991
f 1287/1841/985 1275/1840/984 1277/1866/994 1276/1867/996 1279/1868/996
o Toaster_cell.021
v -0.097141 -0.126614 0.222491
v -0.068459 -0.060055 0.218835
v -0.048207 -0.088424 0.215729
v -0.058833 -0.062199 0.217168
v -0.063379 -0.063120 0.226802
v -0.042881 -0.123552 0.229391
v -0.063425 -0.055352 0.222252
v -0.048272 -0.140968 0.215929
v -0.043781 -0.140968 0.227081
v -0.054511 -0.140017 0.234481
v -0.075141 -0.139324 0.239879
v -0.092203 -0.139684 0.237078
v -0.095676 -0.140774 0.228594
v -0.098011 -0.140968 0.222558
v -0.075306 -0.140968 0.219353
v -0.084671 -0.140968 0.220612
v -0.087837 -0.139002 0.242385
v -0.043781 -0.140968 0.227081
v -0.048272 -0.140968 0.215929
v -0.054511 -0.140017 0.234481
v -0.075141 -0.139324 0.239879
v -0.092203 -0.139684 0.237078
v -0.095676 -0.140774 0.228594
v -0.075306 -0.140968 0.219353
v -0.084671 -0.140968 0.220612
v -0.098011 -0.140968 0.222558
v -0.087837 -0.139002 0.242385
vn 0.9276 -0.0026 -0.3735
vn 0.9317 -0.0000 -0.3631
vn 0.5540 -0.1375 0.8211
vn 0.2551 0.1165 0.9599
vn -0.9264 0.0641 0.3710
vn -0.9317 0.0581 0.3585
vn -0.1257 -0.0036 -0.9921
vn 0.8782 0.3373 0.3391
vn 0.8439 0.3007 0.4443
vn -0.1333 0.0004 -0.9911
vn 0.8137 0.2974 0.4995
vn 0.2341 0.1292 0.9636
vn -0.1444 0.0041 -0.9895
vn -0.7082 0.3537 0.6111
vn -0.7286 0.3538 0.5865
vn -0.7445 0.3520 0.5673
vn -0.1668 0.0177 -0.9858
vn -0.0074 0.5930 -0.8052
vn -0.0006 -0.9984 0.0567
vn -0.0007 -0.9988 0.0490
vn -0.0000 -0.9918 0.1274
vn -0.0010 -0.9999 0.0116
vt 0.486897 0.000000
vt 1.000000 0.000000
vt 1.000000 0.513580
vt 0.513580 0.513580
vt 0.000000 0.000000
vt 0.251482 0.251482
vt 0.244300 0.000000
vt 0.689649 0.000000
vt 0.244300 0.244300
vt 0.340168 0.000000
vt 1.000000 0.220084
vt 0.220084 0.220084
vt 0.223446 0.000000
vt 0.487022 0.000000
vt 1.000000 0.513103
vt 1.000000 1.000000
vt 0.487022 0.487022
vt 0.387748 0.000000
vt 0.909986 0.000000
vt 1.000000 0.310351
vt 1.000000 0.612252
vt 0.223446 0.223446
vt 0.909986 0.909986
vt 0.917989 0.917989
vt 1.000000 0.659832
vt 0.914090 0.914090
vt 0.344087 0.705370
vt 0.338567 0.665353
vt 0.339212 0.674140
vt 0.340845 0.689157
vt 0.342793 0.698899
vt 0.343463 0.702250
vt 0.316444 0.667721
vt 0.325959 0.705170
vt 0.326437 0.706490
vt 0.322778 0.696376
vt 0.320211 0.689275
vt 0.316899 0.670753
s 0
usemtl Material.027
f 1320/1869/997 1304/1870/997 1319/1871/997
f 1319/1872/998 1304/1873/998 1307/1870/998
f 1319/1874/999 1307/1873/999 1321/1875/999
f 1322/1876/1000 1321/1877/1000 1307/1873/1000
f 1323/1878/1001 1302/1870/1001 1324/1879/1001
f 1324/1880/1002 1302/1873/1002 1327/1881/1002
f 1325/1882/1003 1304/1870/1003 1320/1883/1003
f 1305/1873/1004 1308/1870/1004 1304/1884/1004
f 1308/1873/1005 1307/1870/1005 1304/1884/1005
f 1304/1884/1006 1325/1885/1006 1326/1886/1006 1305/1870/1006
f 1308/1873/1007 1306/1870/1007 1307/1884/1007
f 1306/1873/1008 1328/1887/1008 1322/1888/1008 1307/1884/1008
f 1302/1873/1009 1305/1870/1009 1326/1889/1009 1327/1890/1009
f 1328/1891/1010 1306/1873/1010 1308/1870/1010
f 1303/1870/1011 1328/1892/1011 1308/1873/1011
f 1302/1870/1012 1323/1893/1012 1328/1894/1012 1303/1873/1012
f 1303/1873/1013 1305/1870/1013 1302/1884/1013
f 1303/1873/1014 1308/1870/1014 1305/1884/1014
s 1
usemtl Material.020
f 1314/1895/1015 1310/1896/1016 1311/1897/1017 1312/1898/1017 1318/1899/1017 1313/1900/1017
f 1310/1901/1016 1314/1902/1015 1315/1903/1018 1317/1904/1018 1316/1905/1018 1309/1906/1018
o Toaster_cell.022
v -0.069262 0.066029 0.190899
v -0.060995 0.041750 0.184065
v -0.061072 0.021886 0.184140
v -0.105802 -0.024456 0.225001
v -0.056209 0.072248 0.246972
v -0.057928 -0.021700 0.236420
v -0.063845 -0.024260 0.237662
v -0.106064 0.073058 0.253836
v -0.120903 0.073061 0.249494
v -0.063854 -0.024198 0.253836
v -0.057284 -0.021591 0.253836
v -0.056035 0.032656 0.253836
v -0.056116 0.060937 0.253836
v -0.056158 0.073058 0.253836
v -0.079618 -0.024274 0.253836
v -0.105951 -0.024375 0.253836
v -0.113463 -0.024410 0.251638
v -0.056419 -0.015878 0.253836
v -0.058194 0.079166 0.249701
v -0.068659 0.096660 0.237858
v -0.072594 0.103046 0.233535
v -0.106158 0.103129 0.233478
v -0.126111 -0.023370 0.243736
v -0.120847 -0.023848 0.249484
v -0.113912 0.101600 0.231994
v -0.126334 0.073066 0.243564
v -0.117002 0.095865 0.234867
v -0.120930 0.088923 0.238518
v -0.123982 0.079385 0.241370
v -0.056035 0.032656 0.253836
v -0.056116 0.060937 0.253836
v -0.056158 0.073058 0.253836
v -0.063854 -0.024198 0.253836
v -0.079618 -0.024274 0.253836
v -0.105951 -0.024375 0.253836
v -0.113463 -0.024410 0.251638
v -0.056419 -0.015878 0.253836
v -0.057284 -0.021591 0.253836
v -0.058194 0.079166 0.249701
v -0.068659 0.096660 0.237858
v -0.072594 0.103046 0.233535
v -0.106158 0.103129 0.233478
v -0.120847 -0.023848 0.249484
v -0.126111 -0.023370 0.243736
v -0.113912 0.101600 0.231994
v -0.117002 0.095865 0.234867
v -0.126334 0.073066 0.243564
v -0.123982 0.079385 0.241370
v -0.120930 0.088923 0.238518
vn 0.3822 -0.9241 -0.0025
vn 1.0000 0.0029 -0.0089
vn 1.0000 0.0035 -0.0078
vn 0.0048 -1.0000 0.0038
vn 0.1935 -0.7525 -0.6295
vn 0.0038 -1.0000 0.0029
vn 0.1945 -0.7476 -0.6350
vn 0.9966 -0.0336 -0.0751
vn 0.9975 -0.0079 -0.0709
vn 0.9973 -0.0041 -0.0739
vn 0.9115 0.3480 -0.2193
vn 0.8961 0.3681 -0.2481
vn 0.8907 0.3754 -0.2563
vn -0.0018 0.7532 -0.6578
vn -0.0704 -0.9973 -0.0185
vn -0.6686 -0.0102 -0.7435
vn -0.6379 -0.0004 -0.7701
vn -0.5020 0.2550 0.8265
vn -0.1358 0.2847 0.9489
vn -0.1223 0.5583 0.8206
vn -0.2463 0.5472 0.7999
vn -0.3127 0.5381 0.7827
vn -0.6885 0.4222 0.5896
vn -0.7304 0.2166 0.6478
vn -0.0000 0.2653 0.9642
vn -0.0000 0.5606 0.8281
vn -0.6783 -0.0029 -0.7348
vn -0.2806 -0.0003 0.9598
vn -0.1420 -0.0002 0.9899
vn -0.5184 -0.0004 0.8552
vn -0.7375 -0.0005 0.6754
vn -0.0000 -0.0000 1.0000
vt 0.000000 0.000000
vt 1.000000 0.000000
vt 1.000000 0.258758
vt 0.244822 0.244822
vt 1.000000 0.120934
vt 0.574997 0.000000
vt 0.121330 0.028596
vt 0.120934 0.120934
vt 1.000000 0.243764
vt 0.756104 0.000000
vt 1.000000 1.000000
vt 0.662728 0.000000
vt 0.756104 0.756104
vt 0.663529 0.178606
vt 0.882430 0.000000
vt 1.000000 0.347757
vt 1.000000 0.425003
vt 0.882430 0.882430
vt 0.549621 0.000000
vt 1.000000 0.909555
vt 0.447275 0.000000
vt 0.549621 0.549621
vt 1.000000 0.375860
vt 0.447275 0.447275
vt 0.375860 0.375860
vt 0.366086 0.000000
vt 0.376591 0.065940
vt 0.863076 0.182755
vt 0.744737 0.000000
vt 1.000000 0.337272
vt 0.567050 0.736335
vt 0.564782 0.722671
vt 0.604009 0.722757
vt 0.603695 0.729906
vt 0.597311 0.732856
vt 0.588187 0.736360
vt 0.566386 0.750476
vt 0.580666 0.756025
vt 0.571730 0.755083
vt 0.565590 0.754227
vt 0.609462 0.722671
vt 0.609462 0.676735
vt 0.609462 0.678589
vt 0.609462 0.688225
vt 0.609462 0.691850
vt 0.609462 0.722757
vt 1.000000 0.617618
vt 0.744737 0.744737
vt 0.784972 0.510011
vt 0.830815 0.530413
vt 0.897789 0.556934
vt 0.954138 0.590895
vt 0.478381 0.729491
vt 0.478386 0.722566
vt 0.564785 0.736335
vt 0.478853 0.736283
vt 0.479283 0.746781
vt 0.478853 0.736283
vt 0.564789 0.747155
vt 0.564782 0.676714
vt 0.564782 0.722566
vt 0.390222 0.698317
vt 0.564782 0.681897
vt 0.564782 0.677065
vt 0.564782 0.676954
vt 0.564782 0.676601
vt 0.564782 0.676675
s 0
usemtl Material.027
f 1335/1907/1019 1334/1908/1019 1366/1909/1019 1361/1910/1019
f 1333/1908/1020 1359/1911/1020 1358/1912/1020
f 1333/1907/1021 1360/1913/1021 1359/1914/1021
f 1361/1915/1022 1362/1916/1022 1335/1908/1022
f 1332/1907/1023 1334/1908/1023 1335/1917/1023
f 1364/1918/1024 1332/1908/1024 1335/1917/1024 1362/1919/1024 1363/1920/1024
f 1332/1907/1025 1331/1908/1025 1334/1917/1025
f 1334/1917/1026 1331/1907/1026 1365/1921/1026 1366/1922/1026
f 1331/1907/1027 1333/1908/1027 1358/1923/1027 1365/1924/1027
f 1331/1907/1028 1330/1908/1028 1333/1917/1028
f 1333/1917/1029 1330/1907/1029 1367/1925/1029 1360/1926/1029
f 1330/1907/1030 1368/1927/1030 1367/1928/1030
f 1330/1907/1031 1329/1908/1031 1369/1929/1031 1368/1930/1031
f 1369/1931/1032 1329/1907/1032 1373/1932/1032 1370/1933/1032
f 1371/1934/1033 1372/1935/1033 1332/1908/1033 1364/1936/1033
f 1329/1907/1034 1331/1908/1034 1332/1917/1034
f 1329/1907/1035 1330/1908/1035 1331/1917/1035
s 1
f 1337/1937/1036 1336/1938/1037 1350/1939/1038 1353/1940/1039 1374/1941/1039 1377/1942/1040
f 1337/1943/1036 1377/1944/1040 1376/1945/1041 1354/1946/1042
f 1336/1947/1037 1342/1948/1043 1347/1949/1044 1348/1950/1044 1349/1951/1044 1350/1952/1038
s 0
f 1373/1953/1045 1329/1908/1045 1332/1917/1045 1372/1954/1045 1375/1955/1045 1357/1956/1045 1356/1957/1045 1355/1958/1045
s 1
f 1345/1959/1046 1344/1960/1047 1336/1938/1037 1337/1961/1036 1352/1962/1048
f 1351/1963/1049 1352/1964/1048 1337/1961/1036 1354/1965/1042
f 1342/1966/1043 1336/1938/1037 1344/1967/1047 1343/1968/1050 1338/1969/1050 1339/1970/1050 1346/1971/1050 1340/1972/1050 1341/1973/1050
o Toaster_cell.023
v 0.098656 0.106952 0.172188
v 0.085612 0.104755 0.164071
v 0.077873 0.086301 0.165303
v 0.058968 0.026258 0.146133
v 0.062514 -0.002233 0.136700
v 0.120133 -0.023433 0.129842
v 0.077166 -0.018193 0.131586
v 0.082872 -0.010343 0.032655
v 0.104255 0.017922 0.008651
v 0.107637 -0.038692 0.039796
v 0.135742 0.112403 0.161658
v 0.135742 0.117013 0.133394
v 0.134066 0.118468 0.162607
v 0.134089 0.122994 0.133862
v 0.132520 0.128672 0.094980
v 0.133584 0.116259 0.175209
v 0.135742 0.108823 0.172819
v 0.131078 0.131991 0.069896
v 0.131796 0.131295 0.075962
v 0.135742 0.000054 0.006961
v 0.135742 0.095264 0.013132
v 0.055935 0.010507 0.135628
v 0.135742 0.102226 0.020894
v 0.135742 0.117013 0.038761
v 0.063296 0.028056 0.135628
v 0.063296 0.001312 0.103255
v 0.135742 -0.003981 0.136511
v 0.135742 -0.021146 0.130864
v 0.135742 -0.028890 0.107804
v 0.135742 -0.030673 0.099879
v 0.135742 -0.032523 0.025383
v 0.058846 0.001824 0.135628
v 0.135742 -0.043263 0.031691
v 0.134089 0.122994 0.133862
v 0.132520 0.128672 0.094980
v 0.134066 0.118468 0.162607
v 0.133584 0.116259 0.175209
v 0.135742 0.108823 0.172819
v 0.131078 0.131991 0.069896
v 0.131796 0.131295 0.075962
v 0.135742 0.000054 0.006961
v 0.135742 0.095264 0.013132
v 0.135742 0.102226 0.020894
v 0.135742 0.117013 0.038761
v 0.063296 0.028056 0.135628
v 0.063296 0.001312 0.103255
v 0.055935 0.010507 0.135628
v 0.135742 -0.003981 0.136511
v 0.135742 -0.021146 0.130864
v 0.135742 -0.028890 0.107804
v 0.135742 -0.030673 0.099879
v 0.135742 -0.032523 0.025383
v 0.062514 -0.002233 0.136700
v 0.058846 0.001824 0.135628
v 0.135742 -0.043263 0.031691
vn -0.2650 0.9524 0.1508
vn -0.2676 0.9478 0.1734
vn -0.2760 0.9506 0.1417
vn -0.0012 -0.3065 0.9519
vn -0.8821 0.3669 -0.2955
vn -0.9001 0.3612 -0.2437
vn -0.5408 0.2798 0.7933
vn -0.8721 0.3770 -0.3120
vn -0.8784 0.3685 -0.3044
vn -0.0195 -0.2985 0.9542
vn -0.0071 -0.3675 0.9300
vn 0.1172 -0.9414 0.3162
vn -0.0040 -0.3125 0.9499
vn -0.8662 0.3720 -0.3336
vn -0.0312 -0.9751 0.2193
vn -0.0168 0.0647 -0.9978
vn -0.6720 -0.2897 0.6816
vn -0.7422 -0.6636 -0.0935
vn -0.0128 -0.3157 0.9488
vn -0.3143 -0.4807 -0.8186
vn -0.7376 -0.6684 -0.0956
vn -0.1118 -0.9771 0.1811
vn -0.1069 -0.9777 0.1805
vn 0.9902 0.1359 0.0331
vn 0.9643 0.2576 0.0618
vn 0.9639 0.2536 0.0814
vn 0.9909 0.1280 0.0411
vn 0.9612 0.2759 -0.0040
vn 0.9629 0.2691 0.0181
vn 0.9897 0.1425 0.0102
vn 0.9990 0.0444 -0.0006
vn 0.1217 -0.0206 -0.9924
vn -0.9128 0.0160 -0.4081
vn -0.8591 0.0128 -0.5117
vn -0.9995 0.0251 -0.0207
vn 1.0000 -0.0000 -0.0000
vn -0.3101 -0.4680 -0.8275
vt 0.532782 0.000000
vt 1.000000 0.000000
vt 1.000000 0.482619
vt 0.944667 0.430488
vt 0.768942 0.253676
vt 0.000000 0.000000
vt 0.482619 0.482619
vt 0.363303 0.000000
vt 1.000000 0.467218
vt 0.529974 0.125690
vt 1.000000 1.000000
vt 0.605723 0.000000
vt 0.427940 0.375858
vt 0.403290 0.403290
vt 0.104287 0.000000
vt 0.352877 0.342958
vt 0.291978 0.135334
vt 0.286976 0.000000
vt 0.693862 0.000000
vt 0.945224 0.229106
vt 1.000000 0.041227
vt 0.539626 0.539626
vt 0.236426 0.000000
vt 0.238012 0.238012
vt 1.000000 0.539626
vt 0.605723 0.605723
vt 1.000000 0.713024
vt 0.596729 0.596729
vt 0.271870 0.000000
vt 0.236426 0.236426
vt 0.596729 0.000000
vt 0.614916 0.000000
vt 1.000000 0.895712
vt 0.466968 0.466968
vt 0.693862 0.693862
vt 1.000000 0.616250
vt 0.597984 0.000000
vt 0.441567 0.441567
vt 1.000000 0.728130
vt 0.402016 0.000000
vt 0.599670 0.454608
vt 0.605049 0.455075
vt 0.603090 0.461281
vt 0.596496 0.460104
vt 0.612335 0.408019
vt 0.612335 0.412407
vt 0.610009 0.421772
vt 0.604975 0.440919
vt 0.599670 0.440689
vt 0.599670 0.394088
vt 0.683211 0.570811
vt 0.683211 0.573491
vt 0.683211 0.566713
vt 0.605049 0.455075
vt 0.699152 0.566713
vt 0.498571 0.378428
vt 0.580939 0.381467
vt 0.586936 0.385289
vt 0.495728 0.442224
vt 0.478515 0.438987
vt 0.473631 0.428088
vt 0.472025 0.424185
vt 0.460791 0.390606
vt 0.470174 0.387500
vt 0.441567 0.000000
vt 1.000000 0.385084
s 0
usemtl Material.027
f 1412/1974/1051 1379/1975/1051 1414/1976/1051 1413/1977/1051 1411/1978/1051
f 1379/1979/1052 1378/1975/1052 1414/1980/1052
f 1416/1981/1053 1379/1975/1053 1412/1982/1053 1417/1983/1053
f 1378/1984/1054 1381/1979/1054 1425/1985/1054 1415/1986/1054 1414/1987/1054
f 1424/1988/1055 1381/1975/1055 1379/1984/1055
f 1381/1979/1056 1380/1975/1056 1379/1984/1056
f 1380/1979/1057 1378/1975/1057 1379/1984/1057
f 1385/1975/1058 1379/1984/1058 1416/1989/1058 1421/1990/1058 1420/1991/1058
f 1379/1984/1059 1385/1979/1059 1423/1992/1059 1422/1993/1059 1424/1994/1059
f 1380/1979/1060 1381/1975/1060 1378/1984/1060
f 1384/1979/1061 1383/1975/1061 1426/1995/1061
f 1427/1996/1062 1426/1997/1062 1383/1979/1062
f 1381/1979/1063 1384/1975/1063 1426/1998/1063 1425/1999/1063
f 1386/1979/1064 1385/1975/1064 1420/2000/1064 1419/2001/1064
f 1428/2002/1065 1427/2003/1065 1383/1979/1065
f 1386/1979/1066 1419/2004/1066 1418/2005/1066
f 1381/1975/1067 1424/2006/1067 1431/2007/1067 1430/1979/1067
f 1423/2008/1068 1385/1979/1068 1384/1975/1068 1430/2009/1068
f 1381/1984/1069 1430/1979/1069 1384/1975/1069
f 1432/2010/1070 1387/1975/1070 1385/1984/1070 1408/2011/1070
f 1387/1979/1071 1384/1975/1071 1385/1984/1071
f 1387/1979/1072 1383/1975/1072 1384/1984/1072
f 1428/2012/1073 1383/1984/1073 1387/1979/1073 1432/2013/1073
f 1408/2038/1087 1385/1975/1087 1386/1975/1087 1418/2039/1087
s 1
usemtl Material.020
f 1388/2014/1074 1390/2015/1075 1393/2016/1076 1394/2017/1077
f 1395/2018/1078 1396/2019/1078 1392/2020/1078 1391/2021/1079 1389/2022/1080 1401/2023/1081
f 1409/2024/1082 1399/2025/1082 1402/2026/1083 1382/2026/1084
f 1388/2014/1074 1389/2022/1080 1391/2021/1079 1390/2027/1075
f 1402/2026/1083 1403/2028/1085 1382/2026/1084
f 1397/2029/1086 1398/2030/1086 1400/2031/1086 1401/2023/1081 1389/2022/1080 1388/2014/1074 1394/2017/1077 1404/2032/1086 1405/2033/1086 1406/2034/1086 1407/2035/1086 1410/2036/1086 1429/2037/1086
o Toaster_cell.024
v -0.009821 -0.115039 -0.233209
v -0.009863 -0.076281 -0.218208
v -0.009919 -0.058551 -0.214377
v -0.010036 -0.029554 -0.230646
v -0.046027 -0.073006 -0.219343
v -0.047138 -0.062353 -0.217390
v -0.021259 -0.052790 -0.213379
v -0.062882 -0.038149 -0.236724
v -0.020894 -0.028621 -0.227436
v -0.030275 -0.027611 -0.230711
v -0.049061 -0.138020 -0.250028
v -0.045754 -0.138760 -0.244264
v -0.052646 -0.130902 -0.253836
v -0.029355 -0.138893 -0.243236
v -0.062700 -0.083288 -0.253836
v -0.022944 -0.138942 -0.242848
v -0.017385 -0.138962 -0.242692
v -0.009787 -0.108214 -0.253836
v -0.009780 -0.126166 -0.253836
v -0.009847 -0.056887 -0.253836
v -0.009877 -0.045832 -0.253836
v -0.009968 -0.029627 -0.253836
v -0.016192 -0.028895 -0.253836
v -0.029987 -0.027571 -0.253836
v -0.040451 -0.029623 -0.253836
v -0.062807 -0.037095 -0.253836
v -0.062783 -0.077363 -0.253836
v -0.015394 -0.138020 -0.250028
v -0.011688 -0.130902 -0.253836
v -0.049061 -0.138020 -0.250028
v -0.052646 -0.130902 -0.253836
v -0.045754 -0.138760 -0.244264
v -0.029355 -0.138893 -0.243236
v -0.062700 -0.083288 -0.253836
v -0.022944 -0.138942 -0.242848
v -0.017385 -0.138962 -0.242692
v -0.009787 -0.108214 -0.253836
v -0.009780 -0.126166 -0.253836
v -0.009847 -0.056887 -0.253836
v -0.009877 -0.045832 -0.253836
v -0.009968 -0.029627 -0.253836
v -0.016192 -0.028895 -0.253836
v -0.029987 -0.027571 -0.253836
v -0.040451 -0.029623 -0.253836
v -0.062807 -0.037095 -0.253836
v -0.062783 -0.077363 -0.253836
v -0.015394 -0.138020 -0.250028
v -0.011688 -0.130902 -0.253836
vn -0.0822 -0.1880 0.9787
vn -0.0509 -0.2247 0.9731
vn -0.0213 -0.2112 0.9772
vn 0.3097 0.4662 0.8287
vn 0.2865 0.4785 0.8301
vn -0.2396 0.4908 0.8377
vn -0.3009 0.4653 0.8324
vn -0.3038 0.4661 0.8309
vn -0.8601 -0.1774 0.4783
vn -0.0613 -0.3539 0.9333
vn -0.0591 -0.3546 0.9331
vn -0.0276 -0.3608 0.9322
vn 1.0000 0.0004 0.0018
vn 1.0000 0.0012 0.0011
vn 1.0000 0.0027 0.0019
vn 1.0000 0.0057 0.0029
vn 0.1169 0.9931 -0.0028
vn 0.0956 0.9954 0.0029
vn 0.0954 0.9949 0.0337
vn -0.1925 0.9813 -0.0007
vn -0.3165 0.9469 0.0569
vn -1.0000 -0.0006 -0.0044
vn -0.9996 -0.0140 0.0263
vn -0.8629 -0.1822 0.4714
vn 0.9088 -0.3664 0.1995
vn -0.0000 -0.7243 -0.6895
vn -0.0000 -0.7575 -0.6528
vn -0.0000 -0.9918 -0.1274
vn -0.0000 -0.1910 -0.9816
vn -0.0000 -0.1788 -0.9839
vn -0.0000 -0.0000 -1.0000
vt 0.000000 0.000000
vt 1.000000 0.000000
vt 1.000000 1.000000
vt 0.453616 0.000000
vt 0.442131 0.442131
vt 0.453616 0.453616
vt 1.000000 0.452543
vt 0.683972 0.000000
vt 0.452543 0.452543
vt 0.290788 0.000000
vt 1.000000 0.585420
vt 0.585420 0.585420
vt 1.000000 0.582878
vt 0.582878 0.582878
vt 0.557854 0.000000
vt 0.557854 0.557854
vt 0.682218 0.000000
vt 1.000000 0.681622
vt 0.682218 0.682218
vt 0.682236 0.000000
vt 0.681622 0.681622
vt 0.682236 0.682236
vt 1.000000 0.685063
vt 0.746166 0.000000
vt 0.685063 0.685063
vt 0.746166 0.746166
vt 1.000000 0.743715
vt 0.743716 0.743716
vt 1.000000 0.704253
vt 0.295747 0.000000
vt 0.589940 0.508466
vt 0.802487 0.448253
vt 1.000000 0.442131
vt 0.808742 0.111566
vt 0.875382 0.708335
vt 1.000000 0.709212
vt 1.000000 0.316028
vt 0.125000 0.670179
vt 0.159472 0.644166
vt 0.159348 0.646271
vt 0.125000 0.646128
vt 0.125000 0.652032
vt 0.125000 0.667133
vt 0.375000 0.076520
vt 0.375000 0.114237
vt 0.375000 0.110825
vt 0.375000 0.079821
vt 0.564782 0.097386
vt 0.564782 0.110090
vt 0.564782 0.115820
vt 0.564782 0.115905
vt 0.564782 0.115933
vt 0.564782 0.115988
vt 0.564782 0.115994
vt 0.564782 0.114237
vt 0.564782 0.076520
vt 0.564782 0.067262
vt 0.564782 0.067186
vt 0.564782 0.067163
vt 0.564782 0.087750
s 0
usemtl Material.027
f 1438/2040/1088 1437/2041/1088 1439/2042/1088
f 1437/2040/1089 1434/2041/1089 1439/2042/1089
f 1434/2040/1090 1435/2041/1090 1439/2042/1090
f 1435/2040/1091 1436/2041/1091 1439/2042/1091
f 1436/2040/1092 1441/2041/1092 1439/2042/1092
f 1441/2040/1093 1442/2041/1093 1439/2042/1093
f 1442/2040/1094 1438/2041/1094 1439/2042/1094
f 1442/2040/1095 1440/2041/1095 1438/2042/1095
f 1440/2040/1096 1437/2041/1096 1438/2042/1096
f 1465/2043/1097 1434/2041/1097 1437/2042/1097 1464/2044/1097
f 1465/2045/1098 1467/2046/1098 1434/2042/1098
f 1468/2047/1099 1433/2041/1099 1434/2042/1099 1467/2048/1099
f 1434/2042/1100 1433/2040/1100 1470/2049/1100 1469/2050/1100
f 1434/2042/1101 1469/2051/1101 1471/2052/1101
f 1471/2053/1102 1472/2054/1102 1435/2041/1102 1434/2042/1102
f 1472/2055/1103 1473/2056/1103 1436/2041/1103 1435/2042/1103
f 1474/2057/1104 1436/2042/1104 1473/2058/1104
f 1475/2059/1105 1442/2041/1105 1436/2042/1105 1474/2060/1105
f 1442/2040/1106 1441/2041/1106 1436/2042/1106
f 1442/2042/1107 1475/2061/1107 1476/2062/1107
f 1477/2063/1108 1440/2041/1108 1442/2042/1108 1476/2064/1108
f 1440/2042/1109 1477/2065/1109 1478/2066/1109
f 1440/2042/1110 1478/2067/1110 1466/2068/1110
f 1437/2042/1111 1440/2040/1111 1466/2069/1111 1463/2070/1111 1462/2071/1111 1464/2072/1111
f 1479/2073/1112 1480/2074/1112 1470/2075/1112 1433/2041/1112 1468/2076/1112
s 1
f 1456/2087/1118 1455/2088/1118 1454/2089/1118 1453/2090/1118 1452/2091/1118 1450/2092/1118 1451/2093/1118 1461/2094/1117 1445/2095/1116 1447/2096/1118 1459/2097/1118 1458/2098/1118 1457/2099/1118
usemtl Material.020
f 1443/2077/1113 1460/2078/1114 1449/2079/1115 1448/2080/1115 1446/2081/1115 1444/2082/1115
f 1445/2083/1116 1461/2084/1117 1460/2085/1114 1443/2086/1113
o Toaster_cell.025
v -0.006590 0.080936 -0.157434
v -0.000920 0.039934 -0.148308
v 0.040781 0.038240 -0.154659
v 0.030141 0.063256 -0.175023
v 0.011502 0.038150 -0.155636
v 0.021099 0.041940 -0.133642
v 0.028923 0.041494 -0.135628
v 0.029751 0.081482 -0.135628
v 0.041199 0.143125 -0.151861
v 0.029648 0.093662 -0.135628
v 0.033530 0.144812 -0.140700
v 0.021099 0.056088 -0.135628
v 0.021099 0.047916 -0.134412
v 0.017388 0.143251 -0.151025
v -0.013334 0.139006 -0.172246
v -0.008984 0.138201 -0.174754
v 0.022326 0.132568 -0.192320
v 0.029828 0.131233 -0.196481
v 0.040937 0.134814 -0.185316
v 0.035874 0.133100 -0.190659
v 0.041092 0.140968 -0.166127
v -0.004861 0.140968 -0.166127
v 0.028923 0.041494 -0.135628
v 0.029751 0.081482 -0.135628
v 0.029648 0.093662 -0.135628
v 0.021099 0.056088 -0.135628
v 0.021099 0.047916 -0.134412
v 0.033530 0.144812 -0.140700
v 0.017388 0.143251 -0.151025
v 0.021099 0.041940 -0.133642
v -0.013334 0.139006 -0.172246
v -0.008984 0.138201 -0.174754
v 0.022326 0.132568 -0.192320
v 0.029828 0.131233 -0.196481
v 0.040937 0.134814 -0.185316
v 0.035874 0.133100 -0.190659
v 0.041199 0.143125 -0.151861
v 0.041092 0.140968 -0.166127
v -0.004861 0.140968 -0.166127
vn -0.0049 -0.9856 0.1690
vn 0.8423 -0.0145 0.5388
vn 0.7616 0.0064 0.6480
vn -0.5431 0.1236 0.8305
vn -0.5579 0.1061 0.8231
vn -0.8033 -0.2331 -0.5481
vn -0.5180 -0.2617 -0.8144
vn -0.5076 -0.2608 -0.8211
vn -0.5033 -0.2622 -0.8234
vn 0.0280 -0.6239 -0.7810
vn 0.7423 -0.2038 -0.6383
vn 1.0000 -0.0038 -0.0069
vn -0.5757 0.1334 0.8067
vn 0.7111 -0.2087 -0.6714
vn 1.0000 -0.0000 -0.0000
vn 0.0603 0.0285 0.9978
vn 0.0561 0.0285 0.9980
vn -0.0000 0.9613 -0.2756
vn -0.0000 0.9737 -0.2278
vn -0.0000 0.9522 -0.3054
vn 0.0532 0.0285 0.9982
vn -0.0328 -0.9825 0.1836
vn -0.0000 0.9888 -0.1495
vt 0.000000 0.000000
vt 1.000000 0.000000
vt 1.000000 0.789094
vt 0.797302 0.797302
vt 1.000000 0.744653
vt 0.789094 0.789094
vt 0.666706 0.000000
vt 1.000000 0.334317
vt 1.000000 0.664206
vt 0.744653 0.744653
vt 1.000000 0.329379
vt 0.454302 0.000000
vt 1.000000 0.856074
vt 0.950947 0.789435
vt 0.664206 0.664206
vt 0.329379 0.329379
vt 1.000000 0.825481
vt 0.856074 0.856074
vt 1.000000 0.347106
vt 1.000000 1.000000
vt 0.348314 0.000000
vt 0.347106 0.347106
vt 1.000000 0.399672
vt 0.348314 0.348314
vt 0.399672 0.399672
vt 0.485683 0.000000
vt 0.526157 0.000000
vt 1.000000 0.387845
vt 1.000000 0.333294
vt 0.387845 0.387845
vt 0.738280 0.347739
vt 1.000000 0.545698
vt 0.618082 0.155336
vt 0.474627 0.000000
vt 0.473843 0.000000
vt 1.000000 0.514317
vt 0.816190 0.605571
vt 0.816789 0.605571
vt 0.831808 0.629476
vt 0.831808 0.587159
vt 0.831808 0.587302
vt 0.831808 0.591965
vt 0.831808 0.597532
vt 0.831808 0.604440
vt 0.831808 0.633273
vt 0.831808 0.637524
vt 0.816789 0.603945
vt 0.816789 0.598366
vt 0.816789 0.597604
vt 0.816789 0.597699
vt 0.825481 0.825481
vt 0.831808 0.608988
vt 0.831808 0.591689
vt 0.831808 0.587062
s 0
usemtl Material.027
f 1485/2100/1119 1483/2101/1119 1503/2102/1119 1510/2103/1119
f 1504/2104/1120 1503/2105/1120 1483/2100/1120 1517/2106/1120 1508/2107/1120
f 1505/2108/1121 1504/2109/1121 1508/2110/1121
f 1509/2111/1122 1481/2101/1122 1507/2112/1122 1506/2113/1122 1505/2114/1122 1508/2115/1122
f 1481/2100/1123 1482/2101/1123 1510/2116/1123 1507/2117/1123
f 1481/2100/1124 1511/2118/1124 1482/2119/1124
f 1512/2120/1125 1485/2101/1125 1482/2119/1125 1511/2121/1125
f 1513/2122/1126 1485/2119/1126 1512/2123/1126
f 1484/2101/1127 1485/2119/1127 1513/2124/1127 1514/2125/1127
f 1484/2100/1128 1483/2101/1128 1485/2119/1128
f 1483/2119/1129 1484/2100/1129 1516/2126/1129 1515/2127/1129
f 1517/2128/1130 1483/2119/1130 1515/2129/1130 1518/2130/1130
f 1481/2101/1131 1509/2131/1131 1519/2132/1131 1511/2133/1131
f 1516/2134/1132 1484/2101/1132 1514/2135/1132
s 1
f 1502/2138/1136 1501/2139/1137 1499/2140/1138 1500/2141/1138 1498/2142/1138 1497/2143/1138 1496/2144/1138 1495/2145/1138
s 0
f 1482/2100/1140 1485/2101/1140 1510/2150/1140
s 1
f 1501/2139/1137 1502/2138/1136 1494/2151/1141 1491/2152/1141 1489/2153/1141
usemtl Material.020
f 1493/2136/1133 1486/2137/1134 1492/2137/1135
f 1492/2137/1135 1486/2146/1134 1487/2147/1139 1488/2148/1139 1490/2149/1139
o Toaster_cell.026
v -0.048221 -0.069442 0.208678
v -0.056830 -0.061598 0.215654
v -0.069651 -0.058469 0.216700
v -0.110882 -0.079655 0.189348
v -0.097742 -0.070724 0.200373
v -0.000532 -0.063476 0.188465
v -0.023622 -0.061416 0.203434
v -0.063875 -0.053434 0.221993
v 0.031288 -0.025650 0.190005
v 0.040760 -0.022863 0.181777
v 0.065418 -0.021624 0.153139
v -0.063491 -0.026030 0.235111
v -0.021041 -0.041704 0.212376
v -0.021514 -0.026166 0.220324
v -0.057040 -0.022678 0.235104
v -0.103587 -0.025718 0.221287
v -0.014022 -0.026741 0.216682
v 0.019749 -0.025189 0.197110
v -0.060322 0.021794 0.182071
v -0.056679 0.034291 0.164272
v -0.131199 0.012224 0.136652
v -0.057872 0.037968 0.158819
v 0.008957 0.024813 0.141236
v -0.041019 0.036776 0.152861
v -0.000475 0.028318 0.141053
v 0.045974 0.009269 0.137638
v -0.065534 0.038841 0.142256
v -0.064352 0.038094 0.000894
v -0.051718 0.038762 0.153251
v 0.072051 -0.017951 0.141554
v 0.074862 -0.019184 0.132276
v 0.105663 -0.039693 0.040047
v 0.000015 0.028905 0.007208
v 0.080960 -0.011323 0.033335
v 0.021099 -0.064461 0.135628
v -0.063296 -0.064461 0.135628
v -0.021099 -0.064461 0.135628
v -0.135742 0.006434 0.000698
v -0.063296 0.031473 0.000687
v -0.021099 0.033014 0.015538
v -0.021099 0.032191 0.001107
v -0.026319 -0.140968 0.000991
v -0.021020 -0.140968 0.001059
v -0.021226 -0.064461 0.001031
v -0.034574 -0.064461 0.000860
v -0.063296 -0.064461 0.000847
v -0.135742 0.010348 0.074222
v -0.135742 -0.130902 0.000957
v -0.108366 -0.140968 0.000976
v -0.132794 -0.138020 0.000971
v -0.135742 0.010848 0.132273
v -0.063296 0.038522 0.006499
v -0.063296 0.039342 0.105139
v -0.043520 0.037279 0.135628
v -0.052732 0.038990 0.135628
v -0.021099 0.032955 0.082153
v -0.036164 0.035845 0.135628
v -0.063296 0.038940 0.135628
v -0.016106 -0.140968 0.002479
v -0.021099 0.032680 0.135628
v 0.021099 0.019725 0.135628
v 0.021099 0.019897 0.067043
v 0.063296 -0.000620 0.027879
v 0.021099 0.015216 0.013761
v 0.063296 -0.012184 0.026878
v 0.021099 -0.025474 0.013704
v 0.063296 -0.064461 0.026804
v 0.036215 -0.064461 0.018361
v 0.021099 -0.064461 0.013741
v -0.135742 -0.125017 0.138860
v -0.135742 -0.062117 0.185919
v -0.135742 0.009318 0.138297
v -0.135742 -0.012765 0.173873
v 0.050752 0.006698 0.135628
v 0.063296 -0.000704 0.097285
v 0.063296 -0.003355 0.116138
v 0.048250 -0.058129 0.135628
v 0.063296 -0.040741 0.135628
v 0.063296 -0.064461 0.110705
v 0.049595 -0.064461 0.127341
v 0.042681 -0.064461 0.135628
v -0.000484 -0.140968 0.106519
v 0.065545 -0.140968 0.027580
v -0.119681 -0.139602 0.125982
v -0.108366 -0.140968 0.125812
v -0.047924 -0.140968 0.132658
v -0.020000 -0.140968 0.117372
v -0.125616 -0.138886 0.125915
v -0.135742 -0.130902 0.132763
v -0.132794 -0.138020 0.125803
v -0.135742 -0.030759 0.202338
v 0.055549 0.002329 0.135628
v 0.063296 -0.006591 0.135628
v -0.021099 0.032191 0.001107
v -0.021226 -0.064461 0.001031
v -0.021020 -0.140968 0.001059
v -0.026319 -0.140968 0.000991
v -0.034574 -0.064461 0.000860
v -0.063296 -0.064461 0.000847
v -0.064352 0.038094 0.000894
v -0.063296 0.031473 0.000687
v -0.108366 -0.140968 0.000976
v -0.132794 -0.138020 0.000971
v -0.135742 -0.130902 0.000957
v -0.135742 0.006434 0.000698
v -0.021099 0.033014 0.015538
v -0.135742 0.010348 0.074222
v -0.135742 0.010848 0.132273
v -0.063296 0.038522 0.006499
v -0.063296 0.039342 0.105139
v -0.043520 0.037279 0.135628
v -0.052732 0.038990 0.135628
v -0.036164 0.035845 0.135628
v -0.021099 0.032955 0.082153
v -0.063296 0.038940 0.135628
v -0.016106 -0.140968 0.002479
v -0.021099 0.032680 0.135628
v 0.021099 0.019725 0.135628
v 0.021099 0.019897 0.067043
v 0.021099 0.015216 0.013761
v 0.021099 -0.025474 0.013704
v 0.063296 -0.064461 0.026804
v 0.036215 -0.064461 0.018361
v 0.063296 -0.012184 0.026878
v 0.021099 -0.064461 0.013741
v -0.135742 0.009318 0.138297
v 0.063296 -0.000620 0.027879
v -0.135742 -0.012765 0.173873
v 0.045974 0.009269 0.137638
v 0.050752 0.006698 0.135628
v 0.063296 -0.000704 0.097285
v 0.063296 -0.003355 0.116138
v 0.048250 -0.058129 0.135628
v 0.063296 -0.040741 0.135628
v 0.063296 -0.064461 0.110705
v 0.049595 -0.064461 0.127341
v 0.042681 -0.064461 0.135628
v -0.000484 -0.140968 0.106519
v 0.065545 -0.140968 0.027580
v -0.119681 -0.139602 0.125982
v -0.108366 -0.140968 0.125812
v -0.047924 -0.140968 0.132658
v -0.135742 -0.062117 0.185919
v -0.135742 -0.125017 0.138860
v -0.020000 -0.140968 0.117372
v -0.125616 -0.138886 0.125915
v -0.132794 -0.138020 0.125803
v -0.135742 -0.130902 0.132763
v -0.135742 -0.030759 0.202338
v 0.055549 0.002329 0.135628
v 0.063296 -0.006591 0.135628
vn -0.0104 0.0296 -0.9995
vn 0.1693 0.9840 -0.0561
vn 0.0128 -0.0003 -0.9999
vn 0.2928 -0.0018 -0.9562
vn -0.4048 0.9131 -0.0486
vn -0.3694 0.9292 -0.0080
vn -0.3399 0.9404 -0.0078
vn 0.1826 0.9832 0.0022
vn 0.1914 0.9815 0.0009
vn -0.0048 0.9999 0.0132
vn 0.2777 0.0004 -0.9607
vn 0.2056 0.9786 0.0050
vn 0.3483 0.9374 0.0054
vn 0.3874 0.9219 0.0023
vn 0.5589 0.8260 -0.0726
vn 0.3391 0.0757 -0.9377
vn 0.2976 0.0014 -0.9547
vn 0.2982 -0.0003 -0.9545
vn -0.4704 -0.5287 0.7066
vn -0.3906 0.9129 0.1183
vn -0.4116 0.7743 0.4807
vn -0.4046 0.8389 0.3642
vn -0.3825 0.8964 0.2242
vn -0.0571 0.9952 0.0789
vn 0.1838 0.9241 0.3349
vn 0.3048 0.8433 0.4427
vn 0.2378 0.8286 0.5068
vn 0.3099 0.7471 0.5880
vn 0.3152 0.7436 0.5897
vn 0.3475 0.7311 0.5871
vn 0.3635 0.7322 0.5760
vn 0.0003 -0.0018 -1.0000
vn 0.5638 0.6346 0.5286
vn 0.5180 0.8554 0.0010
vn 0.7398 0.6663 0.0937
vn 0.7488 0.6544 0.1053
vn 0.9184 0.3174 0.2361
vn 0.8501 -0.3814 0.3632
vn 0.8488 -0.3827 0.3647
vn 0.6419 -0.5555 0.5286
vn 0.6364 -0.5596 0.5309
vn 0.6349 -0.5612 0.5310
vn -0.0774 -0.7263 0.6830
vn 0.3516 -0.6811 0.6422
vn -0.0944 -0.7174 0.6902
vn -0.0972 -0.7161 0.6912
vn -0.4084 0.7716 0.4877
vn -0.4099 -0.4231 0.8081
vn -0.3914 -0.4291 0.8141
vn -0.1018 -0.7102 0.6966
vn -0.0538 0.8224 0.5664
vn -0.3991 0.7719 0.4949
vn -0.2360 0.7373 0.6329
vn 0.4580 0.5363 0.7090
vn 0.3232 0.7276 0.6051
vn 0.3977 0.5554 0.7303
vn 0.4831 -0.3403 0.8067
vn 0.5840 0.6154 0.5294
vn 0.5769 0.6249 0.5260
vn 0.6328 -0.5543 0.5407
vn 0.7475 0.6492 0.1402
vn 0.4653 -0.4254 0.7762
vn 0.3578 -0.6754 0.6448
vn 0.3570 -0.6786 0.6419
vn 0.4670 -0.4244 0.7758
vn 0.3042 -0.4245 0.8528
vn 0.3194 -0.4258 0.8466
vn 0.3175 -0.4242 0.8481
vn 0.3126 -0.4220 0.8510
vn 0.2775 -0.4283 0.8600
vn -0.1014 -0.6632 0.7415
vn -0.1112 -0.6935 0.7118
vn -0.2732 0.5275 0.8044
vn -0.3173 -0.4332 0.8436
vn -0.3003 -0.4084 0.8620
vn -0.1910 -0.5987 0.7779
vn 0.2210 -0.4236 0.8785
vn 0.3722 -0.4137 0.8309
vn 0.3992 -0.4216 0.8142
vn -0.9949 -0.1012 -0.0000
vn -0.9808 -0.1949 -0.0000
vn -0.6048 -0.7964 -0.0000
vn -0.6865 -0.7271 -0.0000
vn -0.0600 -0.9982 -0.0000
vn -0.0582 -0.9983 -0.0000
vn -0.1198 -0.9928 -0.0000
vn 0.3196 0.7358 0.5970
vn -0.0000 -1.0000 -0.0000
vn 0.7089 0.0002 -0.7053
vn 0.5773 0.5774 -0.5774
vn 0.7075 0.7067 -0.0002
vn 1.0000 0.0002 -0.0003
vn 1.0000 -0.0000 -0.0000
vn 0.8024 0.0062 -0.5967
vn 0.5771 0.5804 -0.5745
vn 0.7768 0.6297 -0.0000
vn -1.0000 0.0007 0.0005
vn -0.7036 0.7106 0.0003
vn -0.5774 0.5775 -0.5772
vn -0.6635 0.0004 -0.7482
vn 0.0045 0.0103 -0.9999
vn -0.5793 0.0084 -0.8151
vn -0.6909 0.0075 -0.7229
vn 0.0032 0.7068 -0.7074
vn -0.0000 1.0000 -0.0000
vn -0.6965 0.7175 -0.0000
vn -0.6422 0.7665 -0.0000
vn -1.0000 -0.0000 -0.0000
vn -0.0000 -0.0000 -1.0000
vt 0.411007 0.000000
vt 1.000000 0.056293
vt 0.873482 0.873482
vt 1.000000 0.000000
vt 1.000000 0.463002
vt 0.640949 0.000000
vt 0.774762 0.000000
vt 1.000000 0.219982
vt 1.000000 0.554190
vt 0.432568 0.000000
vt 1.000000 0.228660
vt 1.000000 1.000000
vt 0.679520 0.679520
vt 0.805532 0.531114
vt 0.449749 0.449749
vt 0.003842 0.000000
vt 1.000000 0.588993
vt 0.410170 0.000000
vt 0.410170 0.410170
vt 0.414215 0.000000
vt 0.331862 0.000000
vt 1.000000 0.810103
vt 0.000000 0.000000
vt 1.000000 0.140734
vt 0.143461 0.143461
vt 0.118317 0.000000
vt 0.140734 0.140734
vt 1.000000 0.359051
vt 0.485459 0.000000
vt 1.000000 0.143461
vt 0.198727 0.071745
vt 0.331863 0.331863
vt 0.225238 0.000000
vt 0.567520 0.005925
vt 1.000000 0.018023
vt 0.228660 0.228660
vt 0.118316 0.118316
vt 0.485459 0.485459
vt 0.490291 0.085499
vt 1.000000 0.015410
vt 0.368751 0.032823
vt 1.000000 0.541252
vt 1.000000 0.585442
vt 0.541252 0.541252
vt 0.218221 0.218221
vt 1.000000 0.401021
vt 0.800437 0.800437
vt 1.000000 0.679520
vt 0.657420 0.245667
vt 0.401021 0.401021
vt 1.000000 0.449749
vt 0.591623 0.000000
vt 1.000000 0.329950
vt 1.000000 0.585785
vt 0.083848 0.083848
vt 1.000000 0.610675
vt 0.318360 0.000000
vt 0.610675 0.610675
vt 0.678843 0.294959
vt 0.696788 0.334400
vt 1.000000 0.355906
vt 1.000000 0.873482
vt 0.595995 0.398178
vt 0.554190 0.554190
vt 0.219982 0.219982
vt 0.530756 0.278732
vt 1.000000 0.316140
vt 1.000000 0.587089
vt 0.369108 0.000000
vt 0.369108 0.369108
vt 0.196093 0.000000
vt 0.196093 0.196093
vt 0.471872 0.000000
vt 1.000000 0.299084
vt 0.248063 0.159527
vt 0.450208 0.358569
vt 1.000000 0.352791
vt 0.352791 0.352791
vt 0.443586 0.305087
vt 0.299084 0.299084
vt 0.610024 0.000000
vt 0.578451 0.000000
vt 0.589654 0.102377
vt 0.589386 0.589386
vt 0.409194 0.000000
vt 1.000000 0.589386
vt 0.578451 0.578451
vt 1.000000 0.598512
vt 0.598512 0.598512
vt 1.000000 0.408377
vt 0.926950 0.473238
vt 0.771832 0.562535
vt 0.469251 0.469251
vt 1.000000 0.681640
vt 1.000000 0.469251
vt 0.406019 0.406019
vt 1.000000 0.019737
vt 0.864459 0.000000
vt 0.768891 0.498458
vt 0.864459 0.864459
vt 1.000000 0.389976
vt 0.590806 0.000000
vt 0.383926 0.809622
vt 0.383926 0.874529
vt 0.375000 0.874522
vt 0.375000 0.813049
vt 0.250478 0.750000
vt 0.250371 0.714341
vt 0.297852 0.714341
vt 0.309081 0.730858
vt 0.312535 0.739522
vt 0.311951 0.750000
vt 0.170724 0.714341
vt 0.185328 0.655933
vt 0.185872 0.651173
vt 0.186381 0.645907
vt 0.181348 0.567588
vt 0.187628 0.625953
vt 0.185977 0.650080
vt 0.183136 0.670518
vt 0.683211 0.683287
vt 0.683211 0.683287
vt 0.749583 0.683287
vt 0.749662 0.683287
vt 0.749437 0.683287
vt 0.746800 0.683287
vt 0.698225 0.683287
vt 0.743014 0.605571
vt 0.716985 0.605571
vt 0.683211 0.605571
vt 0.743234 0.605571
vt 0.743252 0.605571
vt 0.749455 0.644429
vt 0.749474 0.644429
vt 0.683211 0.644429
vt 0.709544 0.644429
vt 0.742348 0.644429
vt 0.683211 0.576451
vt 0.683211 0.573847
vt 0.683211 0.566713
vt 0.683211 0.580569
vt 0.683211 0.585697
vt 0.683211 0.582585
vt 0.683211 0.644546
vt 0.683211 0.656838
vt 0.816789 0.683287
vt 0.816789 0.566713
vt 0.816789 0.591651
vt 0.816789 0.605571
vt 0.816789 0.585697
vt 0.816789 0.579330
vt 0.736392 0.566713
vt 0.736764 0.566713
vt 0.736801 0.566713
vt 0.695484 0.566713
vt 0.684231 0.566713
vt 0.692808 0.566713
vt 0.702093 0.566713
vt 0.683211 0.673559
vt 0.683211 0.665076
vt 0.683211 0.658302
vt 0.508404 0.808179
vt 0.508715 0.809863
vt 0.507744 0.838450
vt 0.504120 0.874656
vt 0.383926 0.874529
vt 0.389107 0.806619
vt 0.444731 0.783445
vt 0.472598 0.775360
vt 0.488314 0.789377
s 0
usemtl Material.027
f 1624/2154/1142 1619/2155/1142 1620/2156/1142
f 1552/2157/1143 1613/2158/1143 1625/2159/1143
f 1615/2160/1144 1616/2161/1144 1617/2162/1144 1614/2163/1144
f 1635/2164/1145 1552/2165/1145 1640/2166/1145 1644/2167/1145 1642/2168/1145 1658/2169/1145
f 1624/2170/1146 1626/2171/1146 1619/2157/1146
f 1546/2157/1147 1619/2165/1147 1626/2172/1147 1627/2173/1147
f 1629/2174/1148 1628/2175/1148 1619/2165/1148 1546/2176/1148
f 1548/2176/1149 1543/2157/1149 1630/2177/1149 1631/2178/1149
f 1543/2176/1150 1632/2179/1150 1630/2180/1150
f 1552/2157/1150 1625/2181/1150 1633/2182/1150
f 1546/2176/1151 1548/2157/1151 1631/2183/1151 1634/2184/1151 1629/2185/1151
f 1615/2186/1152 1614/2187/1152 1613/2188/1152 1552/2165/1152 1635/2189/1152
f 1632/2190/1153 1543/2176/1153 1544/2157/1153 1552/2165/1153 1633/2191/1153 1636/2192/1153
f 1544/2176/1154 1542/2157/1154 1552/2165/1154
f 1552/2165/1155 1542/2176/1155 1648/2193/1155 1637/2194/1155 1638/2195/1155
f 1639/2196/1156 1552/2165/1156 1638/2197/1156
f 1646/2198/1157 1553/2176/1157 1551/2157/1157 1643/2199/1157
f 1639/2200/1158 1640/2201/1158 1552/2165/1158
f 1641/2202/1159 1643/2203/1159 1551/2176/1159 1658/2157/1159 1642/2204/1159
f 1663/2205/1160 1523/2157/1160 1662/2206/1160
f 1540/2176/1161 1546/2157/1161 1627/2207/1161 1645/2208/1161
f 1645/2209/1162 1647/2210/1162 1541/2157/1162
f 1541/2176/1163 1540/2157/1163 1645/2211/1163
f 1540/2176/1164 1541/2157/1164 1546/2165/1164
f 1541/2176/1165 1548/2157/1165 1546/2165/1165
f 1541/2176/1166 1543/2157/1166 1548/2165/1166
f 1542/2176/1167 1544/2157/1167 1543/2165/1167
f 1541/2176/1168 1539/2157/1168 1543/2165/1168
f 1539/2176/1169 1538/2157/1169 1543/2165/1169
f 1538/2176/1170 1542/2157/1170 1543/2165/1170
f 1537/2176/1171 1529/2157/1171 1542/2165/1171
f 1529/2176/1172 1648/2157/1172 1542/2165/1172
f 1622/2212/1173 1623/2213/1173 1624/2214/1173 1620/2215/1173 1618/2216/1173 1617/2217/1173 1616/2218/1173 1621/2219/1173
f 1649/2220/1174 1648/2165/1174 1529/2176/1174
f 1553/2157/1175 1646/2221/1175 1650/2222/1175
f 1551/2157/1176 1553/2165/1176 1650/2223/1176 1651/2224/1176
f 1550/2157/1177 1551/2165/1177 1651/2225/1177 1670/2226/1177
f 1550/2176/1178 1549/2157/1178 1551/2165/1178
f 1549/2176/1179 1658/2157/1179 1551/2165/1179
f 1549/2176/1180 1530/2157/1180 1658/2165/1180
f 1658/2165/1181 1530/2176/1181 1529/2157/1181 1652/2227/1181 1653/2228/1181 1654/2229/1181 1655/2230/1181
f 1529/2176/1182 1525/2157/1182 1658/2165/1182 1655/2231/1182 1656/2232/1182 1652/2233/1182
f 1658/2165/1183 1525/2176/1183 1657/2234/1183
f 1520/2176/1184 1659/2235/1184 1660/2236/1184 1661/2237/1184
f 1664/2238/1185 1520/2157/1185 1661/2239/1185
f 1659/2240/1186 1520/2176/1186 1521/2157/1186 1665/2241/1186
f 1665/2242/1187 1521/2176/1187 1523/2157/1187 1663/2243/1187 1667/2244/1187 1666/2245/1187
f 1668/2246/1188 1535/2176/1188 1541/2157/1188 1647/2247/1188
f 1523/2176/1189 1535/2157/1189 1668/2248/1189 1662/2249/1189
f 1524/2176/1190 1535/2157/1190 1523/2165/1190
f 1521/2176/1191 1524/2157/1191 1523/2165/1191
f 1538/2176/1192 1539/2157/1192 1541/2165/1192
f 1535/2176/1193 1538/2157/1193 1541/2165/1193
f 1535/2176/1194 1534/2157/1194 1538/2165/1194
f 1528/2176/1195 1529/2157/1195 1537/2165/1195
f 1534/2176/1196 1533/2157/1196 1537/2165/1196
f 1533/2176/1197 1536/2157/1197 1537/2165/1197
f 1536/2176/1198 1528/2157/1198 1537/2165/1198
f 1530/2176/1199 1549/2157/1199 1529/2165/1199
f 1649/2250/1200 1529/2165/1200 1549/2176/1200 1669/2251/1200
f 1528/2176/1201 1525/2157/1201 1529/2165/1201
f 1549/2176/1202 1550/2157/1202 1670/2252/1202 1669/2253/1202
f 1536/2176/1203 1526/2157/1203 1525/2165/1203
f 1526/2176/1204 1520/2157/1204 1525/2165/1204
f 1657/2254/1205 1525/2165/1205 1520/2176/1205 1664/2255/1205
f 1528/2176/1206 1536/2157/1206 1525/2165/1206
f 1534/2176/1207 1521/2157/1207 1520/2165/1207
f 1526/2176/1208 1532/2157/1208 1520/2165/1208
f 1532/2176/1209 1533/2157/1209 1520/2165/1209
f 1533/2176/1210 1534/2157/1210 1520/2165/1210
f 1534/2176/1211 1527/2157/1211 1521/2165/1211
f 1527/2176/1212 1522/2157/1212 1521/2165/1212
f 1522/2176/1213 1524/2157/1213 1521/2165/1213
f 1531/2176/1214 1534/2157/1214 1535/2165/1214
f 1524/2176/1215 1527/2157/1215 1535/2165/1215
f 1527/2176/1216 1531/2157/1216 1535/2165/1216
f 1522/2176/1217 1527/2157/1217 1524/2165/1217
f 1531/2176/1218 1527/2157/1218 1534/2165/1218
f 1532/2176/1219 1536/2157/1219 1533/2165/1219
f 1532/2176/1220 1526/2157/1220 1536/2165/1220
f 1534/2176/1228 1537/2157/1228 1542/2165/1228 1538/2165/1228
s 1
usemtl Material.020
f 1608/2256/1221 1567/2257/1222 1569/2258/1223 1609/2259/1224
f 1569/2260/1223 1568/2261/1225 1604/2262/1226 1603/2263/1227 1607/2264/1227 1609/2265/1224
f 1568/2266/1225 1561/2267/1229 1562/2268/1229 1578/2269/1229 1602/2270/1229 1601/2271/1229 1606/2272/1229 1605/2273/1229 1604/2266/1226
f 1577/2274/1230 1555/2275/1231 1565/2276/1232 1558/2277/1233 1547/2278/1233 1571/2279/1233 1572/2280/1233
f 1583/2281/1234 1581/2282/1234 1580/2283/1235 1554/2283/1236 1588/2284/1237 1585/2285/1234
f 1560/2286/1238 1563/2287/1239 1556/2288/1240 1579/2288/1241 1575/2289/1238 1559/2290/1238
f 1593/2291/1242 1611/2292/1242 1612/2293/1243 1597/2293/1244 1596/2294/1242 1600/2295/1245 1554/2283/1236 1580/2283/1235 1545/2296/1242
f 1563/2297/1239 1564/2298/1246 1565/2299/1232 1555/2299/1231 1556/2288/1240
f 1598/2300/1247 1586/2300/1248 1587/2301/1246 1588/2302/1237 1554/2302/1236 1600/2303/1245 1599/2304/1246
f 1582/2305/1249 1584/2306/1249 1586/2307/1248 1598/2308/1247 1597/2293/1244 1612/2309/1243 1595/2310/1249 1594/2311/1249
f 1556/2288/1240 1555/2275/1231 1577/2275/1230 1574/2312/1250 1573/2313/1250 1576/2314/1250 1579/2288/1241
f 1591/2315/1249 1570/2316/1249 1566/2317/1249 1557/2318/1249 1567/2319/1222 1608/2256/1221 1589/2320/1249 1590/2321/1249 1610/2322/1249 1592/2323/1249
o Toaster_cell.027
v -0.020314 -0.051964 -0.211753
v -0.019681 -0.027317 -0.225523
v -0.020119 0.032483 -0.155394
v -0.020214 0.033443 -0.000924
v 0.003798 -0.069820 -0.208143
v -0.008722 -0.058456 -0.212380
v 0.068593 -0.042255 -0.229477
v 0.066599 -0.033201 -0.236886
v -0.008430 -0.029030 -0.229100
v 0.012178 -0.028875 -0.232061
v 0.081696 -0.030884 -0.224928
v 0.088922 -0.030208 -0.217749
v 0.074100 -0.029408 -0.232209
v 0.071440 -0.013071 -0.213506
v 0.056275 0.030292 -0.163026
v 0.041216 0.036356 -0.155675
v 0.010037 0.036265 -0.155310
v 0.064844 0.032859 -0.146287
v 0.059252 0.033679 -0.152404
v -0.002082 0.038212 -0.147121
v 0.082412 0.028295 -0.117727
v 0.017664 0.042525 -0.004410
v 0.080708 0.029360 0.001171
v 0.000015 0.039097 -0.001449
v 0.102773 0.017068 0.007180
v -0.000010 0.028859 0.005328
v 0.081914 -0.011404 0.030780
v 0.106334 -0.039390 0.038883
v 0.021099 -0.064461 -0.135628
v 0.063296 -0.064461 -0.135628
v 0.021099 0.037544 -0.000548
v 0.063296 0.032841 0.000906
v 0.021099 0.041821 -0.014738
v 0.061299 0.033585 -0.135628
v 0.021099 0.041644 -0.057905
v 0.041108 0.037472 -0.135628
v 0.021099 0.040107 -0.131705
v 0.021099 0.026247 0.007935
v 0.063296 0.016387 0.013331
v 0.063296 0.009816 0.018229
v 0.135742 -0.003872 -0.107111
v 0.135742 -0.001683 -0.098019
v 0.135742 -0.006007 -0.113944
v 0.135742 -0.009067 -0.120476
v 0.135742 -0.011747 -0.125257
v 0.035483 0.038487 -0.135628
v 0.029650 0.039418 -0.135628
v -0.020227 -0.140968 -0.000972
v 0.021100 -0.140968 0.012098
v 0.021099 -0.064461 0.012085
v 0.021099 0.009666 0.012072
v 0.057141 -0.140968 0.023432
v 0.063296 -0.014620 0.025345
v 0.063296 -0.064461 0.025354
v 0.021099 0.018611 0.011982
v -0.020260 -0.140968 -0.076396
v 0.063296 0.000304 0.025086
v 0.135742 -0.001590 0.005468
v 0.135742 -0.035971 0.025605
v 0.135742 -0.001552 -0.027464
v 0.135742 -0.032441 -0.158880
v 0.135742 -0.025908 -0.148373
v 0.132794 -0.138020 -0.051785
v 0.135742 -0.130902 -0.055685
v 0.116136 -0.140030 -0.069789
v -0.020141 -0.140968 -0.118349
v 0.066517 -0.140968 0.025839
v 0.079288 -0.140968 0.023071
v 0.108366 -0.140968 0.015727
v 0.121157 -0.139424 0.012841
v 0.132794 -0.138020 0.010147
v 0.135742 -0.130902 0.010966
v 0.135742 -0.044046 0.030236
v -0.015764 -0.140968 -0.121161
v 0.108366 -0.140968 -0.078122
v 0.051054 -0.140968 -0.146676
v 0.023891 -0.140968 -0.146257
v 0.017664 0.042525 -0.004410
v 0.021099 0.041821 -0.014738
v 0.021099 0.041644 -0.057905
v 0.061299 0.033585 -0.135628
v 0.041108 0.037472 -0.135628
v 0.021099 0.040107 -0.131705
v 0.021099 0.037544 -0.000548
v 0.021099 0.026247 0.007935
v 0.063296 0.032841 0.000906
v 0.063296 0.016387 0.013331
v 0.063296 0.009816 0.018229
v 0.135742 -0.003872 -0.107111
v 0.135742 -0.001683 -0.098019
v 0.135742 -0.006007 -0.113944
v 0.135742 -0.009067 -0.120476
v 0.135742 -0.011747 -0.125257
v 0.035483 0.038487 -0.135628
v 0.029650 0.039418 -0.135628
v 0.021099 0.018611 0.011982
v -0.020227 -0.140968 -0.000972
v 0.021100 -0.140968 0.012098
v 0.057141 -0.140968 0.023432
v 0.063296 -0.014620 0.025345
v 0.063296 -0.064461 0.025354
v 0.021099 -0.064461 0.012085
v 0.021099 0.009666 0.012072
v -0.020260 -0.140968 -0.076396
v 0.063296 0.000304 0.025086
v 0.135742 -0.001590 0.005468
v 0.135742 -0.035971 0.025605
v 0.135742 -0.001552 -0.027464
v 0.135742 -0.032441 -0.158880
v 0.135742 -0.025908 -0.148373
v 0.132794 -0.138020 -0.051785
v 0.116136 -0.140030 -0.069789
v 0.135742 -0.130902 -0.055685
v -0.020141 -0.140968 -0.118349
v 0.066517 -0.140968 0.025839
v 0.079288 -0.140968 0.023071
v 0.108366 -0.140968 0.015727
v 0.121157 -0.139424 0.012841
v 0.132794 -0.138020 0.010147
v 0.135742 -0.130902 0.010966
v 0.023891 -0.140968 -0.146257
v 0.051054 -0.140968 -0.146676
v 0.135742 -0.044046 0.030236
v -0.015764 -0.140968 -0.121161
v 0.108366 -0.140968 -0.078122
vn 0.0119 0.6178 0.7862
vn 0.1979 0.9802 0.0022
vn 0.1891 0.9820 -0.0040
vn -0.0677 0.9975 -0.0208
vn -0.1912 0.9816 -0.0032
vn -0.1315 0.5474 0.8265
vn -0.0415 0.5176 0.8546
vn 0.0101 0.6005 0.7996
vn -0.2692 0.9631 -0.0020
vn 0.1077 0.5991 0.7934
vn 0.1139 0.5938 0.7965
vn 0.4869 0.8735 -0.0009
vn 0.2589 0.9659 -0.0049
vn 0.5348 0.8215 -0.1977
vn 0.5504 0.7969 -0.2490
vn 0.5679 0.7453 -0.3492
vn 0.5701 0.7167 -0.4017
vn 0.5355 0.7496 -0.3891
vn 0.1775 0.9836 -0.0304
vn 0.1572 0.9858 -0.0598
vn 0.0142 0.9896 -0.1429
vn -0.0056 0.9710 -0.2391
vn -0.1137 0.9155 -0.3859
vn -0.3001 0.9539 -0.0061
vn -0.3016 -0.0002 0.9534
vn -0.3000 0.0002 0.9539
vn -0.2950 0.0096 0.9554
vn -0.2913 0.0166 0.9565
vn -0.2911 0.0214 0.9565
vn -1.0000 0.0027 -0.0006
vn -1.0000 0.0001 0.0004
vn -0.2641 0.0485 0.9633
vn 0.1188 0.5806 0.8055
vn 0.2788 0.4835 0.8298
vn 0.3141 0.4798 0.8192
vn 0.4926 0.8703 0.0010
vn 0.4905 0.8715 -0.0016
vn 0.5759 0.6943 -0.4317
vn 0.5731 0.6988 -0.4281
vn 0.6402 -0.5558 -0.5303
vn 0.1991 0.9162 -0.3479
vn 0.0016 0.7588 -0.6513
vn 0.2449 -0.2101 0.9465
vn -0.0932 0.7578 -0.6458
vn -0.0956 0.7571 -0.6462
vn -0.9997 0.0150 -0.0191
vn -1.0000 -0.0049 -0.0028
vn -0.2486 -0.0269 0.9682
vn 0.2073 -0.2041 0.9567
vn 0.2393 -0.2112 0.9477
vn 0.3167 0.4719 0.8228
vn -0.3321 -0.4535 -0.8271
vn -0.3068 -0.4679 -0.8288
vn -0.4050 -0.6623 -0.6304
vn 0.6353 -0.4950 -0.5928
vn 0.6981 0.0867 -0.7107
vn 0.5351 0.6725 -0.5113
vn 0.6373 -0.5581 -0.5314
vn 0.0271 0.7548 -0.6555
vn 0.0023 0.7576 -0.6528
vn 0.6361 -0.5591 -0.5318
vn -0.1154 -0.4833 -0.8678
vn -0.1210 -0.4821 -0.8677
vn -0.1021 0.7331 -0.6724
vn -0.3998 -0.6642 -0.6317
vn -0.1511 -0.4872 -0.8601
vn -0.3873 -0.6649 -0.6386
vn 0.6018 -0.4223 -0.6779
vn 0.0142 -0.6483 -0.7613
vn 0.0134 -0.6315 -0.7753
vn 0.6154 -0.3403 -0.7110
vn 0.5883 -0.8087 -0.0000
vn 0.5669 -0.8238 -0.0000
vn 0.9924 -0.1232 -0.0000
vn 0.9845 -0.1756 -0.0000
vn 0.1198 -0.9928 -0.0000
vn 0.0512 -0.9987 -0.0000
vn 0.0283 -0.9996 -0.0000
vn -0.0000 -1.0000 -0.0000
vn -0.0095 0.7622 -0.6473
vn 1.0000 0.0016 0.0005
vn 0.6415 0.7671 0.0003
vn 0.5874 0.5718 0.5728
vn 0.7542 -0.0015 0.6567
vn -0.5624 0.5832 0.5862
vn -0.6370 -0.0091 0.7708
vn 0.0486 -0.0040 0.9988
vn -0.7819 0.6234 0.0050
vn -0.9999 -0.0089 0.0063
vn 1.0000 -0.0000 -0.0000
vt 1.000000 1.000000
vt 0.000000 0.000000
vt 0.416362 0.000000
vt 1.000000 0.000000
vt 0.969238 0.043156
vt 0.276195 0.276195
vt 0.927201 0.927201
vt 1.000000 0.569536
vt 0.075128 0.075128
vt 0.605489 0.000000
vt 0.569536 0.569536
vt 0.163905 0.000000
vt 0.409096 0.000000
vt 1.000000 0.591191
vt 0.591191 0.591191
vt 1.000000 0.583638
vt 1.000000 0.579355
vt 0.402033 0.000000
vt 0.402033 0.402033
vt 0.228723 0.000000
vt 0.517742 0.000000
vt 1.000000 0.411991
vt 0.411991 0.411991
vt 1.000000 0.411570
vt 0.411570 0.411570
vt 1.000000 0.377500
vt 0.377500 0.377500
vt 0.351085 0.000000
vt 0.707218 0.000000
vt 1.000000 0.394511
vt 1.000000 0.742699
vt 0.707218 0.707218
vt 0.742699 0.742699
vt 0.894966 0.672064
vt 1.000000 0.222723
vt 0.221367 0.221367
vt 0.222723 0.222723
vt 0.329758 0.000000
vt 1.000000 0.340094
vt 0.742817 0.190931
vt 0.617500 0.451696
vt 1.000000 0.673540
vt 0.673540 0.673540
vt 1.000000 0.424635
vt 0.786156 0.000000
vt 0.340094 0.340094
vt 0.590904 0.000000
vt 0.642213 0.000000
vt 1.000000 0.221367
vt 0.786156 0.786156
vt 1.000000 0.771277
vt 0.613955 0.613955
vt 0.368482 0.000000
vt 1.000000 0.604541
vt 0.604541 0.604541
vt 1.000000 0.601072
vt 0.601072 0.601072
vt 0.482258 0.000000
vt 1.000000 0.599292
vt 0.521300 0.521300
vt 1.000000 0.648915
vt 0.599292 0.599292
vt 0.318398 0.000000
vt 1.000000 0.521300
vt 0.381603 0.246392
vt 0.336016 0.193300
vt 1.000000 0.590957
vt 0.341629 0.341629
vt 0.452437 0.274011
vt 0.533607 0.294881
vt 0.642213 0.642213
vt 0.639655 0.000000
vt 0.017582 0.000000
vt 1.000000 0.670242
vt 0.017582 0.017582
vt 1.000000 0.331631
vt 1.000000 0.341629
vt 0.331631 0.331631
vt 0.793288 0.331519
vt 0.590957 0.590957
vt 1.000000 0.631518
vt 0.622020 0.000000
vt 1.000000 0.360345
vt 0.318398 0.318398
vt 0.337936 0.000000
vt 0.337062 0.000000
vt 0.998548 0.660711
vt 0.622020 0.622020
vt 0.646623 0.000000
vt 1.000000 0.353377
vt 0.313565 0.313565
vt 0.387923 0.000000
vt 0.375000 0.379997
vt 0.375000 0.349499
vt 0.383926 0.347578
vt 0.383926 0.380400
vt 0.225868 0.524317
vt 0.224499 0.500000
vt 0.254997 0.500000
vt 0.261273 0.516987
vt 0.255982 0.535659
vt 0.220403 0.535484
vt 0.170724 0.535659
vt 0.178697 0.557705
vt 0.181250 0.566931
vt 0.182201 0.573260
vt 0.185864 0.598742
vt 0.185954 0.650323
vt 0.185950 0.650359
vt 0.185963 0.650231
vt 0.186416 0.645541
vt 0.185258 0.593603
vt 0.182819 0.577369
vt 0.751909 0.605571
vt 0.750270 0.605571
vt 0.746092 0.605571
vt 0.744100 0.605571
vt 0.744055 0.605571
vt 0.744049 0.605571
vt 0.816789 0.605571
vt 0.814857 0.605571
vt 0.778515 0.605571
vt 0.757258 0.605571
vt 0.816789 0.566713
vt 0.816789 0.568552
vt 0.816789 0.587145
vt 0.816789 0.592325
vt 0.816789 0.597697
vt 0.737647 0.566713
vt 0.741023 0.566713
vt 0.743435 0.566713
vt 0.750182 0.566713
vt 0.737515 0.566713
vt 0.737519 0.566713
vt 0.491119 0.315673
vt 0.493751 0.318889
vt 0.495566 0.322254
vt 0.497411 0.326731
vt 0.497197 0.361476
vt 0.497139 0.377692
vt 0.467160 0.387609
vt 0.460104 0.389889
vt 0.383926 0.347578
vt 0.470819 0.296760
vt 0.476512 0.301935
vt 0.488804 0.313318
s 0
usemtl Material.027
f 1748/2324/1251 1694/2325/1251 1754/2326/1251
f 1693/2325/1252 1688/2327/1252 1751/2328/1252 1756/2329/1252
f 1748/2324/1253 1749/2330/1253 1750/2331/1253
f 1751/2332/1253 1688/2325/1253 1752/2333/1253
f 1750/2334/1254 1753/2335/1254 1690/2327/1254 1748/2324/1254
f 1690/2325/1255 1694/2327/1255 1748/2324/1255
f 1674/2325/1256 1696/2327/1256 1694/2324/1256
f 1694/2324/1257 1696/2325/1257 1766/2336/1257 1755/2337/1257
f 1694/2324/1258 1755/2338/1258 1754/2339/1258
f 1690/2325/1259 1674/2327/1259 1694/2324/1259
f 1756/2340/1260 1757/2341/1260 1693/2327/1260
f 1695/2327/1261 1693/2324/1261 1757/2342/1261 1758/2343/1261
f 1695/2325/1262 1691/2327/1262 1693/2324/1262
f 1691/2325/1263 1688/2327/1263 1693/2324/1263
f 1688/2324/1264 1691/2325/1264 1760/2344/1264 1759/2345/1264
f 1688/2324/1265 1759/2346/1265 1761/2347/1265
f 1688/2324/1266 1761/2348/1266 1762/2349/1266
f 1685/2327/1267 1688/2324/1267 1762/2350/1267 1763/2351/1267
f 1685/2325/1268 1689/2327/1268 1688/2324/1268
f 1689/2325/1269 1764/2352/1269 1752/2353/1269 1688/2324/1269
f 1686/2327/1270 1765/2354/1270 1764/2355/1270 1689/2325/1270
f 1765/2356/1271 1686/2325/1271 1690/2327/1271 1753/2357/1271
f 1686/2325/1272 1687/2327/1272 1690/2324/1272
f 1687/2325/1273 1673/2327/1273 1690/2324/1273
f 1673/2325/1274 1674/2327/1274 1690/2324/1274
f 1768/2358/1275 1674/2324/1275 1767/2359/1275
f 1674/2324/1276 1768/2360/1276 1769/2361/1276 1698/2327/1276 1770/2362/1276 1771/2363/1276 1772/2364/1276 1773/2365/1276
f 1674/2324/1277 1773/2366/1277 1766/2367/1277
f 1698/2325/1278 1775/2368/1278 1770/2369/1278
f 1766/2370/1279 1696/2327/1279 1674/2324/1279
f 1673/2325/1280 1671/2327/1280 1674/2324/1280
f 1674/2324/1281 1671/2325/1281 1774/2371/1281 1767/2372/1281
f 1698/2325/1282 1697/2327/1282 1775/2373/1282
f 1697/2325/1283 1695/2327/1283 1758/2374/1283 1775/2375/1283
f 1697/2325/1284 1698/2327/1284 1695/2324/1284
f 1695/2324/1285 1698/2325/1285 1777/2376/1285 1776/2377/1285
f 1695/2324/1286 1776/2378/1286 1778/2379/1286
f 1778/2380/1287 1760/2381/1287 1691/2327/1287 1695/2324/1287
f 1682/2325/1288 1684/2327/1288 1780/2382/1288 1779/2383/1288
f 1684/2325/1289 1685/2327/1289 1763/2384/1289 1780/2385/1289
f 1782/2386/1290 1682/2327/1290 1779/2387/1290 1783/2388/1290 1781/2389/1290
f 1686/2325/1291 1689/2327/1291 1685/2324/1291
f 1684/2325/1292 1680/2327/1292 1685/2324/1292
f 1793/2390/1293 1698/2324/1293 1788/2391/1293 1789/2392/1293 1790/2393/1293
f 1680/2325/1294 1673/2327/1294 1687/2324/1294
f 1680/2325/1295 1672/2327/1295 1673/2324/1295
f 1672/2325/1296 1671/2327/1296 1673/2324/1296
f 1774/2394/1297 1671/2325/1297 1784/2395/1297
f 1785/2396/1298 1698/2327/1298 1769/2397/1298
f 1785/2398/1299 1786/2399/1299 1698/2324/1299
f 1788/2400/1300 1698/2324/1300 1786/2401/1300 1787/2402/1300
f 1698/2324/1301 1793/2403/1301 1777/2404/1301
f 1672/2325/1302 1679/2327/1302 1671/2324/1302
f 1679/2325/1303 1676/2327/1303 1671/2324/1303
f 1671/2324/1304 1676/2325/1304 1794/2405/1304 1784/2406/1304
f 1677/2325/1305 1681/2327/1305 1682/2324/1305
f 1681/2325/1306 1683/2327/1306 1682/2324/1306
f 1683/2325/1307 1684/2327/1307 1682/2324/1307
f 1682/2324/1308 1782/2407/1308 1795/2408/1308 1677/2327/1308
f 1683/2325/1309 1678/2327/1309 1684/2324/1309
f 1678/2325/1310 1680/2327/1310 1684/2324/1310
f 1792/2409/1311 1677/2327/1311 1795/2410/1311
f 1678/2325/1312 1675/2327/1312 1680/2324/1312
f 1675/2325/1313 1679/2327/1313 1680/2324/1313
f 1679/2325/1314 1672/2327/1314 1680/2324/1314
f 1794/2411/1315 1676/2325/1315 1791/2412/1315
f 1675/2325/1316 1676/2327/1316 1679/2324/1316
f 1675/2325/1317 1791/2413/1317 1676/2324/1317
f 1678/2325/1318 1681/2327/1318 1677/2324/1318
f 1675/2327/1319 1677/2324/1319 1792/2414/1319 1791/2415/1319
f 1675/2325/1320 1678/2327/1320 1677/2324/1320
f 1678/2325/1321 1683/2327/1321 1681/2324/1321
f 1680/2325/1330 1687/2327/1330 1686/2327/1330 1685/2324/1330
s 1
usemtl Material.020
f 1741/2416/1322 1733/2417/1323 1734/2418/1324 1742/2419/1325
f 1735/2420/1326 1733/2421/1323 1741/2422/1322 1740/2423/1326 1739/2424/1327 1745/2425/1328
f 1739/2426/1327 1738/2427/1329 1737/2428/1329 1722/2429/1329 1719/2430/1329 1718/2431/1329 1726/2432/1329 1736/2433/1329 1744/2434/1329 1747/2435/1329 1746/2436/1329 1745/2426/1328
f 1692/2437/1331 1701/2438/1331 1708/2439/1331 1725/2440/1331 1721/2441/1331 1720/2442/1332 1699/2443/1333 1707/2444/1334 1705/2445/1331 1703/2446/1331
f 1707/2443/1334 1699/2443/1333 1700/2447/1335 1704/2448/1336 1706/2449/1337 1716/2450/1337 1717/2451/1337
f 1724/2447/1338 1700/2447/1335 1699/2443/1333 1720/2443/1332
f 1727/2452/1339 1710/2453/1339 1709/2454/1339 1702/2455/1339 1704/2447/1336 1700/2447/1335 1724/2456/1338 1723/2457/1339
f 1714/2458/1340 1713/2459/1340 1711/2460/1340 1712/2461/1340 1730/2462/1340 1728/2463/1340 1729/2464/1340 1743/2465/1340 1742/2419/1325 1734/2466/1324 1731/2467/1340 1732/2468/1340 1715/2469/1340
o Toaster_cell.028
v 0.010987 -0.117243 0.248963
v 0.001192 -0.123801 0.251247
v 0.011233 -0.068118 0.253752
v 0.004805 -0.120037 0.253825
v 0.010904 -0.115382 0.253822
v 0.004722 -0.101645 0.253782
v 0.003574 -0.109078 0.252583
v 0.011233 -0.068118 0.253752
v 0.010904 -0.115382 0.253822
v 0.004805 -0.120037 0.253825
v 0.001192 -0.123801 0.251247
v 0.004722 -0.101645 0.253782
v 0.003574 -0.109078 0.252583
vn 0.5784 -0.7588 0.2994
vn 0.9998 -0.0069 0.0197
vn -0.9546 0.1852 -0.2335
vn -0.3419 0.1037 -0.9340
vn -0.0487 0.0027 0.9988
vn -0.4809 0.0115 0.8767
vn -0.0027 0.0017 1.0000
vn -0.6424 0.0147 0.7662
vt 0.242746 0.000000
vt 1.000000 0.000000
vt 1.000000 0.089067
vt 0.374782 0.066328
vt 0.000000 0.000000
vt 1.000000 0.077091
vt 0.089067 0.089067
vt 0.772130 0.053134
vt 0.691495 0.061584
vt 1.000000 0.757254
vt 0.765509 0.765509
vt 0.410420 0.620555
vt 0.393576 0.620555
vt 0.407026 0.615047
vt 0.532667 0.615548
vt 0.405657 0.621709
vt 0.392850 0.621709
vt 0.393576 0.620555
vt 0.409704 0.620620
s 0
usemtl Material.027
f 1806/2470/1341 1796/2471/1341 1804/2472/1341 1805/2473/1341
f 1796/2474/1342 1803/2475/1342 1804/2476/1342
f 1808/2477/1343 1807/2478/1343 1803/2474/1343
f 1796/2471/1344 1806/2479/1344 1808/2480/1344 1803/2474/1344
s 1
f 1801/2481/1345 1799/2482/1346 1800/2483/1347 1798/2484/1347
f 1802/2485/1348 1797/2486/1348 1799/2487/1346 1801/2488/1345
o Toaster_cell.029
v -0.012487 -0.130180 0.239961
v -0.007011 -0.128656 0.253836
v -0.012724 -0.130902 0.253836
v -0.001391 -0.128964 0.253836
v -0.001123 -0.138748 0.244362
v -0.000941 -0.138020 0.250028
v -0.015726 -0.138020 0.250028
v -0.016162 -0.139354 0.239643
v -0.014075 -0.140160 0.233371
v -0.001123 -0.138748 0.244362
v -0.000941 -0.138020 0.250028
v -0.015726 -0.138020 0.250028
v -0.012724 -0.130902 0.253836
v -0.016162 -0.139354 0.239643
v -0.001391 -0.128964 0.253836
v -0.007011 -0.128656 0.253836
v -0.014075 -0.140160 0.233371
vn -0.3656 0.9298 0.0422
vn -0.9222 0.3866 0.0044
vn 0.9970 0.0666 -0.0406
vn 0.0543 0.9900 -0.1302
vn -0.9176 0.3724 -0.1388
vn 0.7354 0.2880 -0.6133
vn 0.4661 0.6220 -0.6292
vn -0.0000 -0.9918 0.1274
vn 0.0181 -0.8112 0.5845
vn 0.0156 -0.8523 0.5229
vn 0.0280 -0.3770 0.9258
vn 0.0293 -0.3944 0.9185
vn -0.0000 -0.0000 1.0000
vt 0.527570 0.000000
vt 1.000000 0.000000
vt 1.000000 0.218454
vt 0.218454 0.218454
vt 0.000000 0.000000
vt 0.162786 0.000000
vt 0.589535 0.366196
vt 0.583499 0.000000
vt 0.894607 0.138512
vt 1.000000 0.472430
vt 0.028894 0.000000
vt 0.162786 0.162786
vt 1.000000 0.101068
vt 1.000000 1.000000
vt 0.018962 0.000000
vt 1.000000 0.017392
vt 1.000000 0.416501
vt 0.375000 0.626034
vt 0.375000 0.625867
vt 0.337185 0.644053
vt 0.337207 0.644504
vt 0.336918 0.638714
vt 0.383926 0.626162
vt 0.375000 0.636717
vt 0.375000 0.639481
vt 0.383926 0.625867
vt 0.389650 0.636717
vt 0.383926 0.626587
vt 0.389260 0.631456
s 0
usemtl Material.027
f 1824/2489/1349 1809/2490/1349 1821/2491/1349
f 1821/2492/1350 1809/2493/1350 1820/2494/1350
f 1819/2495/1351 1818/2496/1351 1823/2497/1351
f 1809/2490/1352 1824/2498/1352 1823/2499/1352
f 1820/2500/1353 1809/2493/1353 1825/2490/1353 1822/2501/1353
f 1825/2490/1354 1809/2502/1354 1823/2503/1354
f 1825/2493/1355 1823/2504/1355 1818/2505/1355
s 1
f 1811/2515/1360 1812/2516/1359 1810/2517/1361
usemtl Material.020
f 1813/2506/1356 1814/2507/1357 1815/2508/1358 1816/2509/1356 1817/2510/1356
f 1812/2511/1359 1811/2512/1360 1815/2513/1358 1814/2514/1357
o Toaster_cell.030
v 0.001227 0.066164 0.160269
v 0.012494 0.112142 0.178330
v 0.001399 0.030548 0.140973
v 0.000663 0.030472 0.007048
v 0.001337 0.040404 -0.000209
v 0.012348 0.052548 0.157095
v 0.044882 0.032192 0.149929
v 0.004134 0.052247 0.155659
v 0.009217 0.026575 0.140187
v 0.019209 0.098206 -0.002133
v 0.017138 0.043933 -0.002671
v 0.016129 0.144835 0.140542
v 0.020433 0.142983 0.136286
v 0.008026 0.144835 0.127583
v 0.001125 0.144835 0.092420
v 0.015111 0.140968 0.166127
v 0.018013 0.134550 0.186139
v 0.010637 0.144835 0.140542
v 0.000965 0.144835 0.002872
v 0.000937 0.144835 0.035689
v 0.037365 0.134608 0.185958
v 0.037732 0.140968 0.166127
v 0.038444 0.144835 0.140542
v 0.046519 0.014732 0.135628
v 0.038884 0.140587 0.135628
v 0.021099 0.127407 -0.001862
v 0.021099 0.115655 -0.001990
v 0.020433 0.142983 -0.001608
v 0.021099 0.069489 -0.002126
v 0.006467 0.144835 -0.000216
v 0.013976 0.144835 -0.001140
v 0.021099 0.021811 0.106526
v 0.021099 0.022088 0.013366
v 0.021099 0.038827 0.000798
v 0.021099 0.033050 0.005017
v 0.021099 0.021848 0.135628
v 0.008026 0.144835 0.127583
v 0.001125 0.144835 0.092420
v 0.010637 0.144835 0.140542
v 0.015111 0.140968 0.166127
v 0.018013 0.134550 0.186139
v 0.000965 0.144835 0.002872
v 0.000937 0.144835 0.035689
v 0.037365 0.134608 0.185958
v 0.037732 0.140968 0.166127
v 0.038444 0.144835 0.140542
v 0.046519 0.014732 0.135628
v 0.038884 0.140587 0.135628
v 0.021099 0.127407 -0.001862
v 0.021099 0.115655 -0.001990
v 0.021099 0.069489 -0.002126
v 0.017138 0.043933 -0.002671
v 0.006467 0.144835 -0.000216
v 0.013976 0.144835 -0.001140
v 0.021099 0.021811 0.106526
v 0.021099 0.022088 0.013366
v 0.021099 0.038827 0.000798
v 0.021099 0.033050 0.005017
v 0.021099 0.021848 0.135628
v 0.020433 0.142983 -0.001608
vn -0.9682 0.1626 0.1900
vn -0.9660 0.1701 0.1946
vn -1.0000 0.0026 -0.0009
vn -1.0000 0.0016 0.0033
vn -0.1501 -0.3390 0.9287
vn -0.1404 -0.3320 0.9328
vn -1.0000 -0.0078 0.0055
vn -0.6711 -0.3557 0.6505
vn -0.0025 -0.3356 0.9420
vn 0.0098 -0.3312 0.9435
vn 0.9974 0.0579 0.0434
vn 0.9975 0.0604 0.0373
vn -0.0246 0.0109 -0.9996
vn -0.0679 0.0136 -0.9976
vn 0.1177 0.0029 -0.9930
vn -0.1221 0.0112 -0.9925
vn -0.2540 0.0124 -0.9671
vn -0.9956 -0.0008 -0.0935
vn -0.3788 -0.9255 -0.0028
vn -0.4528 -0.8916 0.0030
vn -0.0059 -0.5897 -0.8076
vn -0.0026 -0.6059 -0.7955
vn -0.1885 -0.5340 0.8242
vn -0.0626 -0.5242 0.8493
vn -0.2057 -0.6316 0.7475
vn -0.1304 -0.5081 0.8514
vn -0.3443 -0.9360 0.0731
vn -0.0029 -0.5635 -0.8261
vn -0.0753 0.0128 -0.9971
vn 1.0000 0.0052 -0.0015
vn 0.8236 0.5671 -0.0025
vn 0.4590 0.7998 -0.3869
vn 0.6421 0.0051 -0.7666
vn -0.0018 0.3886 -0.9214
vn -0.0145 0.0022 -0.9999
vn 0.1732 0.9849 -0.0013
vn 0.0544 0.9983 0.0189
vn -0.0000 0.9739 0.2270
vn -0.0000 0.9754 0.2206
vn -0.0000 0.9522 0.3054
vn -0.0000 0.9567 -0.2910
vn -0.0000 1.0000 -0.0000
vn -0.0000 0.9978 0.0662
vt 0.606810 0.606810
vt 0.000000 0.000000
vt 1.000000 0.000000
vt 1.000000 0.390742
vt 0.390741 0.390741
vt 0.270090 0.000000
vt 0.346259 0.139899
vt 0.391434 0.309256
vt 1.000000 0.691687
vt 0.307398 0.000000
vt 0.691687 0.691687
vt 1.000000 0.606810
vt 1.000000 1.000000
vt 1.000000 0.729910
vt 0.628649 0.000000
vt 0.628649 0.628649
vt 0.724178 0.482137
vt 0.725804 0.495104
vt 0.704762 0.604910
vt 0.672606 0.672606
vt 0.016457 0.000000
vt 1.000000 0.299575
vt 0.472639 0.472639
vt 0.476361 0.202034
vt 0.435029 0.369911
vt 0.299575 0.299575
vt 1.000000 0.472639
vt 0.831019 0.000000
vt 1.000000 0.665319
vt 0.333441 0.000000
vt 0.665319 0.665319
vt 1.000000 0.672930
vt 0.672930 0.672930
vt 0.591970 0.591970
vt 0.713897 0.000000
vt 0.413205 0.000000
vt 1.000000 0.578639
vt 0.578639 0.578639
vt 1.000000 0.591970
vt 0.286103 0.000000
vt 0.314012 0.280751
vt 0.876337 0.876337
vt 0.586795 0.000000
vt 0.519806 0.000000
vt 0.751017 0.605571
vt 0.751047 0.605571
vt 0.750980 0.605571
vt 0.750917 0.605571
vt 0.750829 0.605571
vt 0.683211 0.605571
vt 0.697542 0.605571
vt 0.743418 0.605571
vt 0.747530 0.605571
vt 0.749607 0.605571
vt 0.683211 0.589193
vt 0.683211 0.581996
vt 0.750723 0.607859
vt 0.681952 0.607859
vt 0.683049 0.605878
vt 0.750790 0.605878
vt 0.668192 0.590254
vt 0.668192 0.611085
vt 0.668192 0.608413
vt 0.668192 0.590552
vt 0.680791 0.589498
vt 0.680791 0.610147
vt 0.680791 0.589598
vt 0.681952 0.589350
vt 0.680791 0.624111
vt 0.680791 0.624137
vt 0.680791 0.623964
vt 0.819209 0.617609
vt 0.819209 0.615205
vt 0.819209 0.610147
vt 0.819209 0.612130
vt 0.819209 0.619044
vt 0.680791 0.611085
vt 0.680791 0.590254
vt 0.680791 0.610147
vt 0.680791 0.615205
s 0
usemtl Material.027
f 1863/2518/1362 1826/2519/1362 1827/2520/1362 1862/2521/1362
f 1862/2522/1363 1827/2519/1363 1866/2523/1363 1865/2524/1363 1864/2525/1363
f 1829/2520/1364 1868/2526/1364 1867/2527/1364
f 1868/2528/1365 1829/2519/1365 1826/2520/1365 1863/2529/1365
f 1833/2519/1366 1831/2520/1366 1826/2530/1366
f 1831/2519/1367 1827/2520/1367 1826/2530/1367
f 1829/2519/1368 1828/2520/1368 1826/2530/1368
f 1828/2519/1369 1833/2520/1369 1826/2530/1369
f 1831/2519/1370 1832/2520/1370 1827/2530/1370
f 1866/2531/1371 1827/2530/1371 1832/2519/1371 1869/2532/1371
f 1832/2519/1372 1872/2520/1372 1869/2533/1372
f 1873/2534/1373 1871/2535/1373 1870/2536/1373 1869/2537/1373 1872/2538/1373
f 1835/2520/1374 1874/2539/1374 1875/2540/1374 1877/2519/1374
f 1879/2541/1375 1853/2542/1375 1874/2543/1375 1835/2519/1375
f 1875/2544/1376 1876/2545/1376 1877/2520/1376
f 1877/2520/1377 1878/2546/1377 1879/2547/1377
f 1878/2548/1378 1877/2519/1378 1830/2520/1378 1867/2549/1378
f 1830/2519/1379 1829/2520/1379 1867/2550/1379
f 1829/2530/1380 1881/2551/1380 1880/2552/1380 1834/2520/1380
f 1834/2519/1381 1828/2520/1381 1829/2530/1381
f 1829/2530/1382 1830/2519/1382 1882/2553/1382 1883/2554/1382
f 1829/2530/1383 1883/2555/1383 1881/2556/1383
f 1828/2519/1384 1834/2520/1384 1833/2530/1384
f 1834/2519/1385 1872/2520/1385 1833/2530/1385
f 1872/2519/1386 1832/2520/1386 1833/2530/1386
f 1832/2519/1387 1831/2520/1387 1833/2530/1387
f 1872/2530/1388 1834/2519/1388 1880/2557/1388 1884/2558/1388
f 1877/2559/1389 1882/2560/1389 1830/2520/1389
f 1835/2520/1390 1877/2530/1390 1879/2561/1390
s 1
f 1847/2578/1399 1841/2579/1400 1842/2580/1401 1846/2581/1401
f 1850/2582/1395 1837/2583/1398 1848/2584/1402
f 1844/2586/1403 1845/2587/1403 1840/2588/1403 1839/2589/1403 1843/2590/1404 1837/2591/1398 1856/2592/1397 1855/2593/1403
f 1841/2594/1400 1847/2595/1399 1848/2584/1402 1837/2596/1398 1843/2597/1404
usemtl Material.020
f 1836/2562/1391 1854/2563/1391 1852/2564/1391 1851/2565/1391 1885/2566/1392 1838/2567/1393 1861/2567/1394 1857/2568/1391 1858/2569/1391 1860/2570/1391 1859/2571/1391
f 1838/2567/1393 1850/2572/1395 1849/2573/1396 1861/2567/1394
f 1856/2574/1397 1837/2575/1398 1838/2576/1393 1885/2577/1392
f 1850/2585/1395 1838/2576/1393 1837/2575/1398
o Toaster_cell.031
v 0.094305 0.103872 -0.138901
v 0.093408 0.114447 0.000138
v 0.106284 0.145578 -0.135628
v 0.121013 0.141751 -0.135329
v 0.119695 0.142094 0.005310
v 0.106284 0.145578 0.002410
v 0.092804 0.145315 -0.000449
v 0.092998 0.145319 -0.053060
v 0.093421 0.144981 -0.139576
v 0.123734 0.139113 -0.080024
v 0.121013 0.141751 -0.014192
v 0.125868 0.137043 -0.134961
v 0.106284 0.144037 -0.145823
v 0.125133 0.134736 -0.154766
v 0.121013 0.139073 -0.152873
v 0.106284 0.145578 0.002410
v 0.092804 0.145315 -0.000449
v 0.119695 0.142094 0.005310
v 0.092998 0.145319 -0.053060
v 0.123734 0.139113 -0.080024
v 0.121013 0.141751 -0.014192
v 0.125868 0.137043 -0.134961
v 0.106284 0.144037 -0.145823
v 0.121013 0.139073 -0.152873
v 0.125133 0.134736 -0.154766
v 0.093421 0.144981 -0.139576
vn -0.2077 0.0145 0.9781
vn -0.9998 -0.0196 -0.0037
vn -0.9998 -0.0216 -0.0048
vn 0.7170 -0.6946 0.0577
vn 0.7202 -0.6917 0.0540
vn -0.4382 -0.0242 -0.8985
vn 0.1643 0.9752 -0.1480
vn 0.1185 0.9906 -0.0678
vn 0.4860 0.8715 -0.0660
vn 0.5547 0.8225 -0.1254
vn 0.6964 0.7094 -0.1084
vn 0.6973 0.7147 -0.0543
vn 0.2603 0.9655 -0.0000
vn 0.1318 0.9913 -0.0005
vn 0.2515 0.9679 -0.0000
vn 0.6961 0.7179 -0.0000
vn -0.0172 0.9983 -0.0566
vn -0.0273 0.9996 -0.0013
vt 0.381109 0.381109
vt 0.000000 0.000000
vt 0.362131 0.000000
vt 0.394811 0.212783
vt 1.000000 0.381109
vt 0.621505 0.000000
vt 1.000000 0.000000
vt 1.000000 1.000000
vt 0.621505 0.621505
vt 0.553828 0.000000
vt 1.000000 0.659972
vt 0.383834 0.000000
vt 0.860362 0.506090
vt 0.360633 0.096760
vt 0.383834 0.383834
vt 0.337743 0.000000
vt 0.673695 0.089898
vt 0.625853 0.000000
vt 1.000000 0.446172
vt 0.847420 0.299315
vt 0.821810 0.527127
vt 0.816789 0.527127
vt 0.816642 0.513563
vt 0.825281 0.513563
vt 0.620201 0.298804
vt 0.625000 0.299719
vt 0.625000 0.308358
vt 0.619297 0.308539
vt 0.756989 0.513563
vt 0.748813 0.527127
vt 0.747529 0.514696
vt 0.621805 0.335593
vt 0.625000 0.368011
vt 0.817609 0.538989
vt 0.776129 0.539362
vt 0.750221 0.539540
vt 0.748813 0.527127
vt 0.817609 0.538989
s 0
usemtl Material.027
f 1902/2598/1405 1887/2599/1405 1903/2600/1405 1901/2601/1405
f 1902/2602/1406 1904/2603/1406 1887/2604/1406
f 1886/2604/1407 1887/2605/1407 1904/2606/1407 1911/2607/1407
f 1903/2608/1408 1887/2605/1408 1886/2599/1408 1905/2609/1408 1906/2610/1408
f 1907/2611/1409 1905/2612/1409 1886/2599/1409 1910/2613/1409
f 1909/2614/1410 1910/2615/1410 1886/2604/1410 1911/2616/1410 1908/2617/1410
s 1
f 1898/2618/1411 1888/2619/1412 1889/2620/1413 1900/2621/1414
f 1899/2622/1415 1900/2623/1414 1889/2624/1413 1897/2625/1416
f 1896/2626/1417 1889/2620/1413 1888/2619/1412 1891/2627/1418 1890/2628/1419
f 1895/2629/1420 1897/2625/1416 1889/2624/1413 1896/2630/1417
f 1894/2631/1421 1888/2619/1412 1898/2619/1411
f 1893/2632/1422 1892/2633/1422 1891/2634/1418 1888/2619/1412 1894/2635/1421
o Toaster_cell.032
v 0.117985 -0.130251 0.221054
v 0.132794 -0.138020 0.217047
v 0.121648 -0.139365 0.213116
v 0.118885 -0.139451 0.221230
v 0.135742 -0.101357 0.160239
v 0.135742 -0.130902 0.169269
v 0.132794 -0.138020 0.180076
v 0.135742 -0.130902 0.209784
v 0.131009 -0.138020 0.224317
v 0.135742 -0.130902 0.169269
v 0.132794 -0.138020 0.180076
v 0.121648 -0.139365 0.213116
v 0.118885 -0.139451 0.221230
v 0.135742 -0.101357 0.160239
v 0.135742 -0.130902 0.209784
v 0.131009 -0.138020 0.224317
v 0.132794 -0.138020 0.217047
vn -0.9417 -0.0983 -0.3217
vn 0.3716 0.7892 0.4890
vn -0.2462 -0.0056 0.9692
vn 0.3215 -0.9468 0.0134
vn 0.8782 -0.4783 -0.0000
vn 0.9953 -0.0967 -0.0000
vn 0.9493 -0.3145 -0.0000
vn 0.1151 -0.9933 0.0135
vn 0.1104 -0.9935 0.0271
vn 1.0000 -0.0000 -0.0000
vt 0.550554 0.234469
vt 0.787379 0.046249
vt 0.849578 0.000000
vt 1.000000 0.000000
vt 1.000000 0.343563
vt 0.583282 0.295302
vt 0.343563 0.343563
vt 0.000000 0.000000
vt 0.195217 0.000000
vt 0.243224 0.033861
vt 0.282242 0.082761
vt 1.000000 0.150422
vt 0.804783 0.000000
vt 0.375000 0.481884
vt 0.375000 0.463677
vt 0.383926 0.458356
vt 0.383926 0.478307
vt 0.344287 0.516270
vt 0.356884 0.500000
vt 0.360464 0.501984
vt 0.350155 0.518953
vt 0.338677 0.500000
vt 0.409973 0.453909
vt 0.383926 0.478307
s 0
usemtl Material.027
f 1922/2636/1423 1923/2637/1423 1924/2638/1423 1912/2639/1423 1925/2640/1423 1921/2641/1423
f 1925/2642/1424 1912/2643/1424 1927/2644/1424 1913/2645/1424 1926/2646/1424
f 1912/2639/1425 1924/2647/1425 1927/2648/1425
s 1
usemtl Material.020
f 1928/2649/1426 1918/2650/1427 1917/2651/1428 1919/2652/1429
f 1914/2653/1430 1928/2654/1426 1920/2655/1431 1915/2656/1431
f 1928/2654/1426 1914/2653/1430 1918/2657/1427
f 1917/2651/1428 1916/2658/1432 1919/2659/1429
o Toaster_cell.033
v -0.081568 0.091847 0.164245
v -0.085995 0.087275 0.154947
v -0.066185 0.061780 0.178268
v -0.063045 0.064345 0.169046
v -0.126020 0.016292 0.138582
v -0.058069 0.038984 0.158064
v -0.066385 0.040756 0.144317
v -0.135742 0.104760 0.185488
v -0.131790 0.116585 0.195388
v -0.135742 0.052056 0.146876
v -0.135742 0.016347 0.138610
v -0.135742 0.037700 0.157426
v -0.135742 0.089920 0.203288
v -0.131782 0.101519 0.213458
v -0.127034 0.105262 0.216724
v -0.127195 0.116065 0.203520
v -0.135276 0.114091 0.161922
v -0.134255 0.116611 0.166150
v -0.127290 0.120186 0.198425
v -0.125050 0.125901 0.187714
v -0.131793 0.122405 0.177239
v -0.135742 0.052056 0.146876
v -0.135742 0.016347 0.138610
v -0.135742 0.089920 0.203288
v -0.131782 0.101519 0.213458
v -0.135742 0.037700 0.157426
v -0.127034 0.105262 0.216724
v -0.127195 0.116065 0.203520
v -0.135276 0.114091 0.161922
v -0.134255 0.116611 0.166150
v -0.127290 0.120186 0.198425
v -0.125050 0.125901 0.187714
v -0.131793 0.122405 0.177239
vn 0.3846 -0.8570 -0.3431
vn 0.8193 0.3555 -0.4498
vn 0.9423 0.0410 0.3323
vn 0.0062 -0.6620 0.7494
vn -0.0016 0.2255 -0.9742
vn 0.0020 0.2236 -0.9747
vn 0.0033 -0.6599 0.7514
vn -0.0015 -0.6611 0.7503
vn 0.7162 0.4279 -0.5514
vn 0.7549 0.4206 -0.5032
vn 0.7252 0.5587 0.4024
vn 0.6899 0.5644 0.4534
vn -0.0093 0.2358 -0.9718
vn 0.3418 0.7687 -0.5407
vn 0.6885 0.5702 0.4482
vn 0.3552 0.7938 -0.4937
vn -0.9192 0.3749 0.1203
vn -0.8571 0.4541 0.2434
vn -0.7162 0.6117 0.3359
vn -0.6956 0.6840 0.2195
vn -0.9942 0.1034 0.0294
vn -0.9900 0.1265 0.0625
vn -0.9638 0.2538 0.0815
vn -0.8726 0.3750 0.3129
vn -0.9919 0.0995 0.0790
vn -0.7230 0.5304 0.4426
vn -1.0000 0.0037 -0.0051
vt 0.000000 0.000000
vt 1.000000 0.000000
vt 1.000000 1.000000
vt 0.501452 0.000000
vt 0.837311 0.837311
vt 0.705382 0.244375
vt 1.000000 0.836129
vt 0.510639 0.000000
vt 0.590736 0.080858
vt 0.836129 0.836129
vt 1.000000 0.837311
vt 1.000000 0.489361
vt 0.439646 0.000000
vt 0.502531 0.000000
vt 1.000000 0.498548
vt 0.501300 0.450863
vt 0.491891 0.000000
vt 0.415447 0.000000
vt 0.439256 0.285180
vt 0.439646 0.439646
vt 1.000000 0.584553
vt 0.491891 0.491891
vt 0.729700 0.517618
vt 0.608540 0.787720
vt 0.603379 0.778783
vt 0.607918 0.777047
vt 0.613658 0.782203
vt 0.599670 0.795392
vt 0.592894 0.783658
vt 0.608540 0.787720
vt 0.603402 0.793181
vt 0.590020 0.769884
vt 0.579734 0.774892
vt 0.594314 0.767727
vt 0.604129 0.774425
vt 0.579734 0.774892
vt 0.599670 0.795652
vt 0.545109 0.802672
vt 0.513620 0.806742
vt 0.532683 0.797476
s 0
usemtl Material.027
f 1933/2660/1433 1935/2661/1433 1934/2662/1433
f 1935/2660/1434 1932/2661/1434 1934/2662/1434
f 1932/2660/1435 1931/2661/1435 1934/2662/1435
f 1931/2660/1436 1933/2661/1436 1934/2662/1436
f 1950/2663/1437 1930/2661/1437 1933/2662/1437 1951/2664/1437
f 1930/2660/1438 1935/2661/1438 1933/2662/1438
f 1952/2665/1439 1954/2666/1439 1933/2662/1439 1931/2660/1439 1955/2667/1439 1953/2668/1439
f 1954/2669/1440 1951/2670/1440 1933/2662/1440
f 1930/2660/1441 1929/2661/1441 1935/2662/1441
f 1929/2660/1442 1932/2661/1442 1935/2662/1442
f 1929/2660/1443 1931/2661/1443 1932/2662/1443
f 1955/2671/1444 1931/2662/1444 1929/2660/1444 1956/2672/1444
f 1957/2673/1445 1930/2661/1445 1950/2674/1445
f 1930/2662/1446 1957/2675/1446 1958/2676/1446 1929/2661/1446
f 1929/2660/1447 1960/2677/1447 1959/2678/1447 1956/2679/1447
f 1960/2680/1448 1929/2662/1448 1958/2681/1448 1961/2682/1448
s 1
f 1949/2683/1449 1937/2684/1450 1947/2685/1451 1948/2686/1452
f 1937/2684/1450 1942/2691/1456 1943/2693/1458 1944/2694/1458 1947/2685/1451
usemtl Material.020
f 1945/2687/1453 1936/2688/1454 1937/2684/1450 1949/2689/1449 1946/2690/1455
f 1942/2691/1456 1937/2684/1450 1936/2688/1454 1941/2692/1457
f 1941/2695/1457 1936/2688/1454 1945/2696/1453 1938/2697/1459 1939/2698/1459 1940/2699/1459
o Toaster_cell.034
v -0.108821 0.112366 -0.177249
v -0.092475 0.101516 -0.183242
v -0.092521 0.098232 -0.187724
v -0.089942 0.073235 -0.141441
v -0.085701 0.090007 -0.171418
v -0.085485 0.079741 -0.152282
v -0.078145 0.059015 -0.181202
v -0.084897 0.038445 -0.123182
v -0.064455 0.038363 -0.152539
v -0.135742 0.104760 -0.185488
v -0.135742 0.084568 -0.209707
v -0.133983 0.089829 -0.214085
v -0.133412 0.113409 -0.186107
v -0.133917 0.110221 -0.190060
v -0.135742 0.101735 -0.161820
v -0.135742 0.083066 -0.143185
v -0.135742 0.109771 -0.169864
v -0.132593 0.118689 -0.179350
v -0.135742 0.067278 -0.219580
v -0.135742 0.075560 -0.218899
v -0.135742 0.043882 -0.221405
v -0.135742 -0.008791 -0.210277
v -0.135742 0.017488 -0.119924
v -0.135742 0.020505 -0.109975
v -0.135742 0.066378 -0.134240
v -0.135742 0.013217 -0.221382
v -0.133412 0.113409 -0.186107
v -0.133917 0.110221 -0.190060
v -0.133983 0.089829 -0.214085
v -0.135742 0.101735 -0.161820
v -0.135742 0.083066 -0.143185
v -0.135742 0.109771 -0.169864
v -0.132593 0.118689 -0.179350
v -0.135742 0.067278 -0.219580
v -0.135742 0.075560 -0.218899
v -0.135742 0.043882 -0.221405
v -0.135742 -0.008791 -0.210277
v -0.135742 0.017488 -0.119924
v -0.135742 0.020505 -0.109975
v -0.135742 0.066378 -0.134240
v -0.135742 0.013217 -0.221382
vn 0.2491 0.7380 -0.6271
vn 0.1237 0.7010 0.7023
vn 0.1247 0.7019 0.7013
vn 0.2531 0.7472 -0.6145
vn 0.3022 0.7675 -0.5654
vn 0.9236 0.3047 -0.2326
vn 0.9245 0.2997 -0.2355
vn 0.5483 0.0969 -0.8307
vn 0.5673 0.0274 -0.8231
vn 0.3785 -0.8888 0.2585
vn 0.3817 -0.8845 0.2683
vn 0.0645 0.4666 0.8821
vn 0.0677 0.4713 0.8793
vn 0.7440 0.3919 0.5411
vn 0.3768 0.7177 0.5856
vn 0.5937 0.7118 0.3752
vn 0.6038 0.7158 0.3508
vn 0.9269 0.2980 -0.2280
vn 0.8689 0.4402 0.2264
vn 0.7188 -0.3540 -0.5984
vn 0.7003 -0.3216 -0.6373
vn 0.7588 0.3824 0.5273
vn -0.9638 0.2538 -0.0815
vn -0.9674 0.2228 -0.1203
vn -0.9897 0.1276 -0.0657
vn -0.9957 0.0884 -0.0284
vn -0.9685 0.1860 -0.1653
vn -0.9991 0.0297 -0.0291
vn -0.9917 0.0953 -0.0864
vn -1.0000 -0.0000 -0.0000
vt 0.438934 0.438934
vt 0.000000 0.000000
vt 0.446322 0.038229
vt 0.444534 0.386634
vt 1.000000 0.478384
vt 0.521199 0.000000
vt 1.000000 0.000000
vt 0.713992 0.420512
vt 0.478384 0.478384
vt 1.000000 0.309289
vt 0.309289 0.309289
vt 1.000000 0.438934
vt 1.000000 1.000000
vt 1.000000 0.554190
vt 0.537037 0.000000
vt 0.730054 0.222893
vt 0.582734 0.284811
vt 0.537037 0.537037
vt 0.629571 0.000000
vt 0.083125 0.000000
vt 1.000000 0.586291
vt 0.586291 0.586291
vt 1.000000 0.502678
vt 0.504913 0.000000
vt 0.502678 0.502678
vt 1.000000 0.478801
vt 0.504913 0.504913
vt 1.000000 0.100890
vt 1.000000 0.370429
vt 0.100890 0.100890
vt 0.600563 0.966647
vt 0.597736 0.968594
vt 0.592894 0.966342
vt 0.597337 0.958648
vt 0.605245 0.963320
vt 0.577698 0.981694
vt 0.567001 0.982795
vt 0.574989 0.978269
vt 0.579654 0.980425
vt 0.559646 0.983131
vt 0.538911 0.984030
vt 0.511720 0.984018
vt 0.492124 0.978550
vt 0.514390 0.934056
vt 0.516912 0.929157
vt 0.557288 0.941106
vt 0.572095 0.945511
vt 0.589758 0.954687
s 0
usemtl Material.027
f 1988/2700/1460 1964/2701/1460 1990/2702/1460 1989/2703/1460
f 1991/2704/1461 1992/2705/1461 1965/2706/1461
f 1993/2707/1462 1991/2708/1462 1965/2701/1462 1962/2706/1462 1994/2709/1462
f 1994/2710/1463 1962/2701/1463 1964/2706/1463 1988/2711/1463
f 1962/2701/1464 1963/2706/1464 1964/2712/1464
f 1963/2701/1465 1966/2706/1465 1964/2712/1465
f 1966/2701/1466 1968/2706/1466 1964/2712/1466
f 1990/2713/1467 1964/2712/1467 1968/2701/1467 1995/2714/1467 1996/2715/1467
f 1997/2716/1468 1995/2717/1468 1968/2701/1468 2002/2718/1468
f 1998/2719/1469 1970/2706/1469 1999/2720/1469
f 1999/2721/1470 1970/2701/1470 1969/2706/1470 2000/2722/1470
f 1969/2701/1471 2001/2723/1471 2000/2724/1471
f 1969/2701/1472 1965/2706/1472 1992/2725/1472 2001/2726/1472
f 1969/2701/1473 1967/2706/1473 1965/2712/1473
f 1967/2701/1474 1962/2706/1474 1965/2712/1474
f 1967/2701/1475 1966/2706/1475 1962/2712/1475
f 1966/2701/1476 1963/2706/1476 1962/2712/1476
f 1970/2701/1477 1968/2706/1477 1966/2712/1477
f 1967/2701/1478 1970/2706/1478 1966/2712/1478
f 1968/2712/1479 1970/2701/1479 1998/2727/1479
f 2002/2728/1480 1968/2712/1480 1998/2729/1480
f 1967/2701/1481 1969/2706/1481 1970/2712/1481
s 1
usemtl Material.020
f 1974/2730/1482 1975/2731/1483 1971/2732/1484 1978/2733/1485 1979/2734/1482
f 1973/2735/1486 1981/2736/1487 1972/2737/1488
f 1972/2737/1488 1971/2732/1484 1975/2731/1483 1973/2738/1486
f 1978/2733/1485 1971/2732/1484 1972/2737/1488 1981/2736/1487 1980/2739/1489 1982/2740/1489 1987/2741/1489 1983/2742/1489 1984/2743/1489 1985/2744/1489 1986/2745/1489 1977/2746/1489 1976/2747/1489
o Toaster_cell.035
v 0.093940 0.101486 -0.139190
v 0.092646 0.111391 0.000092
v 0.091420 0.082198 -0.143594
v 0.084217 0.029898 -0.117138
v 0.081654 0.030835 0.000943
v 0.103143 0.018776 0.006738
v 0.131796 0.131295 -0.134511
v 0.135742 0.117013 -0.133394
v 0.124371 0.138495 -0.069732
v 0.121381 0.141394 0.005245
v 0.135742 0.117013 0.010487
v 0.129754 0.133275 0.008289
v 0.135742 0.098421 0.011292
v 0.135742 0.000342 0.005065
v 0.130340 0.128650 -0.160591
v 0.126250 0.133510 -0.155510
v 0.126998 0.135948 -0.134875
v 0.135742 0.000550 -0.056556
v 0.135742 0.001042 -0.097868
v 0.135166 0.115229 -0.157448
v 0.124371 0.138495 -0.069732
v 0.121381 0.141394 0.005245
v 0.135742 0.098421 0.011292
v 0.135742 0.000342 0.005065
v 0.130340 0.128650 -0.160591
v 0.126250 0.133510 -0.155510
v 0.126998 0.135948 -0.134875
v 0.135742 0.000550 -0.056556
v 0.135742 0.001042 -0.097868
v 0.135742 0.117013 0.010487
v 0.129754 0.133275 0.008289
v 0.135166 0.115229 -0.157448
vn -0.7163 0.6956 -0.0555
vn -0.2396 0.0429 0.9699
vn -0.2381 0.0420 0.9703
vn 0.0154 -0.0634 0.9979
vn -0.2640 0.0878 0.9605
vn -0.6228 0.2506 -0.7412
vn -0.7170 0.6948 -0.0561
vn -0.4856 -0.8741 -0.0104
vn 0.0725 -0.4611 -0.8844
vn -0.9907 0.1350 -0.0188
vn -0.9919 0.1252 -0.0225
vn -0.4914 -0.8710 -0.0035
vn -0.4917 -0.8707 0.0117
vn -0.9908 0.1339 -0.0194
vn 0.0219 -0.4112 -0.9113
vn 0.6984 0.7136 -0.0550
vn 0.8497 0.5255 -0.0437
vn 0.8834 0.4611 -0.0839
vn 0.6985 0.7071 -0.1099
vn 0.8630 0.5052 0.0027
vn 0.6961 0.7179 -0.0000
vn 0.9877 0.1556 -0.0161
vn 0.9890 0.1478 0.0011
vn 0.9835 0.1762 -0.0398
vn 1.0000 -0.0006 -0.0021
vt 1.000000 0.000000
vt 1.000000 0.355022
vt 0.611922 0.000000
vt 0.581563 0.581563
vt 0.000000 0.000000
vt 0.988670 0.721448
vt 1.000000 0.611503
vt 0.723113 0.723113
vt 0.393633 0.000000
vt 0.611503 0.611503
vt 0.603154 0.000000
vt 1.000000 0.581563
vt 1.000000 0.401580
vt 0.469050 0.469050
vt 0.401580 0.401580
vt 1.000000 0.388078
vt 0.564899 0.413318
vt 1.000000 0.505644
vt 0.493572 0.000000
vt 0.707641 0.012865
vt 0.505644 0.505644
vt 1.000000 1.000000
vt 1.000000 0.481444
vt 0.506428 0.000000
vt 0.606367 0.000000
vt 1.000000 0.626932
vt 0.704939 0.704939
vt 0.617970 0.308582
vt 0.612335 0.308761
vt 0.614053 0.295921
vt 0.618883 0.298434
vt 0.612335 0.379373
vt 0.621056 0.340661
vt 0.624356 0.377782
vt 0.599670 0.309311
vt 0.599670 0.380164
vt 0.612335 0.295168
vt 0.601525 0.297466
vt 0.599053 0.380180
vt 0.583657 0.380561
vt 0.498782 0.375859
vt 0.499116 0.347150
vt 0.499793 0.326806
vt 0.599670 0.297993
s 0
usemtl Material.027
f 2004/2748/1490 2024/2749/1490 2023/2750/1490
f 2033/2751/1491 2004/2752/1491 2007/2748/1491 2013/2753/1491
f 2025/2754/1492 2013/2755/1492 2007/2752/1492 2008/2748/1492
f 2008/2752/1493 2026/2756/1493 2025/2757/1493
f 2024/2758/1494 2004/2748/1494 2033/2759/1494
f 2003/2748/1495 2028/2760/1495 2027/2761/1495 2005/2752/1495
f 2028/2762/1496 2003/2752/1496 2004/2748/1496 2023/2763/1496 2029/2764/1496
f 2006/2748/1497 2031/2765/1497 2030/2766/1497
f 2034/2767/1498 2031/2768/1498 2006/2752/1498
f 2003/2752/1499 2007/2748/1499 2004/2769/1499
f 2005/2752/1500 2006/2748/1500 2007/2769/1500
f 2026/2770/1501 2007/2769/1501 2006/2752/1501 2030/2771/1501
f 2026/2772/1502 2008/2748/1502 2007/2769/1502
f 2003/2752/1503 2005/2748/1503 2007/2769/1503
f 2005/2748/1504 2027/2773/1504 2034/2774/1504 2006/2752/1504
s 1
f 2019/2775/1505 2009/2776/1506 2017/2777/1507 2018/2778/1508
f 2014/2779/1509 2009/2776/1506 2019/2775/1505 2011/2780/1510 2012/2781/1510
usemtl Material.020
f 2010/2782/1511 2009/2776/1506 2014/2779/1509 2032/2783/1512
f 2017/2784/1507 2009/2776/1506 2010/2782/1511 2022/2785/1513
f 2010/2782/1511 2032/2786/1512 2015/2787/1514 2016/2788/1514 2020/2789/1514 2021/2790/1514 2022/2791/1513
o Toaster_cell.036
v 0.080792 0.073700 -0.212144
v 0.063244 0.043244 -0.181623
v 0.059243 0.028342 -0.167909
v 0.073101 0.064338 -0.213124
v 0.072166 -0.011139 -0.213354
v 0.091240 -0.028804 -0.217529
v 0.103527 -0.031037 -0.221384
v 0.135742 0.073082 -0.221427
v 0.133901 -0.031664 -0.228827
v 0.133967 0.015202 -0.228605
v 0.133145 0.077058 -0.227946
v 0.132440 0.083594 -0.226290
v 0.134457 0.080852 -0.218732
v 0.135742 0.072960 -0.210754
v 0.135742 -0.002808 -0.136693
v 0.135742 -0.033573 -0.195381
v 0.135742 -0.032140 -0.221348
v 0.135742 -0.032321 -0.172968
v 0.135742 -0.031452 -0.161850
v 0.135742 -0.011233 -0.129037
v 0.135742 -0.024677 -0.150357
v 0.133901 -0.031664 -0.228827
v 0.133967 0.015202 -0.228605
v 0.135742 0.072960 -0.210754
v 0.135742 -0.002808 -0.136693
v 0.135742 -0.032140 -0.221348
v 0.135742 -0.033573 -0.195381
v 0.135742 -0.032321 -0.172968
v 0.135742 -0.031452 -0.161850
v 0.135742 -0.024677 -0.150357
v 0.135742 -0.011233 -0.129037
v 0.133145 0.077058 -0.227946
v 0.132440 0.083594 -0.226290
v 0.134457 0.080852 -0.218732
vn -0.2379 0.0049 -0.9713
vn -0.2411 0.0071 -0.9705
vn -0.2938 0.2806 -0.9137
vn -0.0177 0.7461 0.6656
vn 0.0008 0.6990 0.7151
vn -0.0341 -0.9979 -0.0551
vn -0.2445 0.0060 -0.9696
vn -0.1227 -0.9909 0.0554
vn -0.1549 -0.9849 0.0769
vn -0.3170 -0.1200 -0.9408
vn -0.7700 0.6148 0.1707
vn -0.9567 0.0127 -0.2908
vn -0.9610 0.0036 -0.2765
vn -0.0241 0.6775 0.7351
vn -0.5661 -0.7102 0.4187
vn -0.5782 -0.6902 0.4352
vn 0.9842 0.1199 -0.1307
vn 0.9891 0.0450 -0.1404
vn 0.9623 0.1298 -0.2390
vn 0.9554 0.1992 -0.2181
vn 0.9620 0.0043 -0.2731
vn 0.9912 0.0027 -0.1327
vn 1.0000 0.0011 -0.0000
vt 1.000000 0.000000
vt 1.000000 0.370394
vt 0.629584 0.000000
vt 0.930184 0.522639
vt 0.370394 0.370394
vt 0.000000 0.000000
vt 1.000000 0.492270
vt 0.529349 0.529349
vt 0.638099 0.529052
vt 0.501036 0.501036
vt 1.000000 0.591333
vt 0.592050 0.000000
vt 0.591333 0.591333
vt 1.000000 0.370416
vt 0.908479 0.300954
vt 0.608809 0.000000
vt 1.000000 1.000000
vt 0.608809 0.608809
vt 1.000000 0.578213
vt 0.498089 0.000000
vt 0.578213 0.578213
vt 0.604959 0.000000
vt 1.000000 0.407950
vt 1.000000 0.409907
vt 0.501911 0.000000
vt 0.366005 0.000000
vt 0.409907 0.409907
vt 0.569413 0.268572
vt 0.564803 0.265960
vt 0.570854 0.262802
vt 0.574120 0.265894
vt 0.471922 0.262316
vt 0.513479 0.262425
vt 0.564799 0.262621
vt 0.471501 0.265999
vt 0.477612 0.300958
vt 0.471711 0.295298
vt 0.471018 0.289823
vt 0.470058 0.278786
vt 0.471501 0.265999
vt 0.564650 0.271216
vt 0.496762 0.307687
vt 0.489286 0.311457
s 0
usemtl Material.027
f 2041/2792/1515 2057/2793/1515 2056/2794/1515
f 2038/2792/1516 2066/2795/1516 2057/2796/1516 2041/2797/1516
f 2035/2792/1517 2067/2798/1517 2066/2799/1517 2038/2797/1517
f 2068/2800/1518 2067/2801/1518 2035/2797/1518 2036/2792/1518 2058/2802/1518
f 2036/2797/1519 2059/2803/1519 2058/2804/1519
f 2041/2792/1520 2056/2805/1520 2060/2806/1520 2061/2807/1520
f 2039/2797/1521 2038/2792/1521 2041/2808/1521
f 2041/2808/1522 2061/2809/1522 2062/2810/1522
f 2063/2811/1523 2040/2792/1523 2041/2808/1523 2062/2812/1523
f 2040/2797/1524 2039/2792/1524 2041/2808/1524
f 2036/2797/1525 2035/2792/1525 2038/2808/1525
f 2039/2797/1526 2036/2792/1526 2038/2808/1526
f 2039/2797/1527 2037/2792/1527 2036/2808/1527
f 2036/2808/1528 2037/2797/1528 2065/2813/1528 2059/2814/1528
f 2064/2815/1529 2039/2808/1529 2040/2797/1529 2063/2816/1529
f 2065/2817/1530 2037/2792/1530 2039/2808/1530 2064/2818/1530
s 1
usemtl Material.020
f 2047/2819/1531 2042/2820/1532 2045/2821/1533 2046/2822/1534
f 2043/2823/1535 2044/2824/1535 2045/2825/1533 2042/2820/1532 2051/2826/1536
f 2055/2827/1537 2053/2828/1537 2052/2829/1537 2050/2830/1537 2051/2831/1536 2042/2820/1532 2047/2819/1531 2048/2832/1537 2049/2833/1537 2054/2834/1537
o Toaster_cell.037
v 0.102722 -0.033261 -0.220458
v 0.068901 -0.044428 -0.229293
v 0.085469 -0.030966 -0.224297
v 0.108366 -0.140968 -0.208431
v 0.104851 -0.140968 -0.227081
v 0.135742 -0.033569 -0.161220
v 0.135742 -0.039396 -0.154794
v 0.135742 -0.035120 -0.188691
v 0.135742 -0.035644 -0.193740
v 0.125267 -0.138928 -0.214392
v 0.109918 -0.140384 -0.227001
v 0.135742 -0.130902 -0.204974
v 0.132794 -0.138020 -0.208186
v 0.135742 -0.095935 -0.200935
v 0.082111 -0.140056 -0.234179
v 0.071085 -0.139729 -0.236728
v 0.068976 -0.140968 -0.227081
v 0.051817 -0.140968 -0.148852
v 0.108366 -0.140968 -0.081053
v 0.132794 -0.138020 -0.054858
v 0.135742 -0.130902 -0.058767
v 0.135742 -0.092777 -0.098631
v 0.135742 -0.033569 -0.161220
v 0.135742 -0.039396 -0.154794
v 0.135742 -0.035120 -0.188691
v 0.135742 -0.035644 -0.193740
v 0.135742 -0.130902 -0.204974
v 0.132794 -0.138020 -0.208186
v 0.125267 -0.138928 -0.214392
v 0.109918 -0.140384 -0.227001
v 0.135742 -0.095935 -0.200935
v 0.082111 -0.140056 -0.234179
v 0.071085 -0.139729 -0.236728
v 0.104851 -0.140968 -0.227081
v 0.068976 -0.140968 -0.227081
v 0.051817 -0.140968 -0.148852
v 0.108366 -0.140968 -0.081053
v 0.132794 -0.138020 -0.054858
v 0.135742 -0.130902 -0.058767
v 0.135742 -0.092777 -0.098631
vn -0.6268 0.5772 0.5234
vn 0.1215 0.9910 -0.0560
vn 0.1535 0.9829 -0.1020
vn 0.6271 0.0894 -0.7738
vn 0.2501 0.0644 -0.9661
vn 0.6304 0.0920 -0.7708
vn -0.9768 -0.0057 -0.2142
vn -0.6352 0.5598 0.5321
vn 0.6875 -0.7262 -0.0000
vn 0.4503 -0.8929 -0.0000
vn 0.9746 -0.2241 -0.0000
vn 0.9592 -0.2828 -0.0000
vn 0.0620 -0.9981 -0.0049
vn 0.1175 -0.9930 -0.0071
vn 0.0929 -0.9957 -0.0000
vn 0.2268 0.0809 -0.9706
vn -0.0000 -1.0000 -0.0000
vn -0.0000 -0.9985 -0.0551
vn 0.0451 -0.9988 -0.0201
vn -0.6380 0.5565 0.5322
vn 0.1128 -0.9934 -0.0218
vn 1.0000 -0.0000 -0.0000
vn -0.0000 -0.9918 -0.1274
vt 1.000000 1.000000
vt 0.000000 0.000000
vt 0.593061 0.000000
vt 1.000000 0.477070
vt 0.477070 0.477070
vt 1.000000 0.498805
vt 0.498805 0.498805
vt 0.602423 0.000000
vt 1.000000 0.000000
vt 0.681320 0.334765
vt 0.786300 0.329299
vt 1.000000 0.320668
vt 0.601422 0.601422
vt 0.633917 0.379770
vt 0.320668 0.320668
vt 0.445354 0.318135
vt 1.000000 0.323345
vt 1.000000 0.601422
vt 0.602423 0.602423
vt 1.000000 0.341716
vt 0.350199 0.350199
vt 0.414653 0.341744
vt 0.427654 0.427654
vt 1.000000 0.406939
vt 0.375000 0.347985
vt 0.375000 0.272480
vt 0.383926 0.274062
vt 0.383926 0.346060
vt 0.170724 0.535659
vt 0.151623 0.510988
vt 0.147480 0.500000
vt 0.222985 0.500000
vt 0.219172 0.535659
vt 0.323345 0.323345
vt 0.350199 0.000000
vt 0.182741 0.576854
vt 0.160030 0.565536
vt 0.154597 0.538046
vt 0.624841 0.252397
vt 1.000000 0.427654
vt 0.341716 0.341716
vt 0.982952 0.341638
vt 0.533816 0.235120
vt 0.152652 0.534716
vt 0.151332 0.531127
vt 0.468214 0.279594
vt 0.468645 0.282080
vt 0.469838 0.295608
vt 0.464653 0.298773
vt 0.417453 0.326430
vt 0.383926 0.274062
vt 0.414848 0.276051
vt 0.156081 0.564335
vt 0.125000 0.559541
vt 0.125000 0.549387
vt 0.149509 0.535866
s 0
usemtl Material.027
f 2071/2835/1538 2070/2836/1538 2092/2837/1538 2091/2838/1538
f 2071/2835/1539 2091/2839/1539 2093/2840/1539
f 2093/2841/1540 2094/2842/1540 2069/2843/1540 2071/2835/1540
f 2096/2844/1541 2097/2845/1541 2098/2846/1541 2069/2835/1541 2099/2847/1541 2095/2848/1541
f 2069/2835/1542 2098/2849/1542 2102/2850/1542 2100/2851/1542
f 2099/2852/1543 2069/2835/1543 2094/2853/1543
f 2104/2854/1544 2070/2835/1544 2101/2855/1544 2103/2856/1544
f 2070/2835/1545 2108/2857/1545 2092/2858/1545
f 2069/2835/1553 2100/2868/1553 2101/2869/1553 2070/2843/1553 2071/2835/1553
f 2089/2873/1557 2108/2874/1557 2070/2835/1557 2104/2875/1557 2087/2876/1557 2088/2877/1557
s 1
usemtl Material.020
f 2106/2859/1546 2081/2860/1547 2080/2861/1548 2107/2862/1549
f 2072/2863/1550 2078/2864/1551 2081/2865/1547 2106/2866/1546 2105/2867/1552
f 2072/2863/1550 2105/2863/1552 2086/2870/1554 2085/2871/1555 2073/2872/1556
f 2078/2864/1551 2072/2863/1550 2073/2878/1556 2079/2879/1558
f 2077/2880/1559 2076/2881/1559 2074/2882/1559 2075/2883/1559 2090/2884/1559 2107/2862/1549 2080/2885/1548 2082/2886/1559
f 2085/2887/1555 2084/2888/1560 2083/2889/1560 2073/2890/1556
o Toaster_cell.038
v -0.047066 -0.087306 0.214831
v -0.046722 -0.071261 0.208779
v -0.000982 -0.065731 0.189251
v -0.040810 -0.128550 0.229406
v -0.015909 -0.134553 0.230115
v -0.023588 -0.063973 0.203835
v -0.028430 -0.140968 0.125120
v -0.000730 -0.140968 0.110615
v -0.046745 -0.140968 0.135275
v -0.011070 -0.140660 0.229482
v -0.000662 -0.140968 0.222428
v -0.018128 -0.140274 0.232487
v -0.046909 -0.140968 0.146384
v -0.047131 -0.140968 0.215007
v -0.042083 -0.140968 0.226567
v -0.037352 -0.140120 0.233684
v -0.028430 -0.140968 0.125120
v -0.000730 -0.140968 0.110615
v -0.046745 -0.140968 0.135275
v -0.037352 -0.140120 0.233684
v -0.018128 -0.140274 0.232487
v -0.042083 -0.140968 0.226567
v -0.000662 -0.140968 0.222428
v -0.011070 -0.140660 0.229482
v -0.046909 -0.140968 0.146384
v -0.047131 -0.140968 0.215007
vn -0.3526 0.6920 -0.6299
vn 0.0867 0.3559 0.9305
vn 0.5274 0.3463 0.7758
vn -0.3407 0.6788 -0.6505
vn -0.3564 0.6780 -0.6429
vn 0.5340 0.3430 0.7728
vn 1.0000 0.0040 -0.0006
vn 0.0916 0.3497 0.9324
vn 0.0652 0.3483 0.9351
vn -0.9998 0.0159 -0.0147
vn 0.3923 0.2183 0.8935
vn -1.0000 0.0012 -0.0032
vn -0.9164 0.0024 0.4002
vn -0.1048 0.3172 0.9426
vn -0.8297 -0.0422 0.5566
vn 0.0001 -1.0000 0.0013
vn -0.0001 -0.9998 0.0216
vn -0.0002 -0.9993 0.0373
vn -0.0011 -0.9927 0.1208
vt 0.000000 0.000000
vt 1.000000 0.000000
vt 1.000000 1.000000
vt 0.400465 0.400465
vt 1.000000 0.400444
vt 0.400445 0.400445
vt 0.418904 0.000000
vt 1.000000 0.146335
vt 0.557485 0.049369
vt 0.146335 0.146335
vt 1.000000 0.400465
vt 1.000000 0.289828
vt 0.289828 0.289828
vt 0.829948 0.000000
vt 0.418904 0.418904
vt 0.483588 0.000000
vt 1.000000 0.683791
vt 0.829948 0.829948
vt 1.000000 0.516412
vt 0.481574 0.000000
vt 0.481574 0.481574
vt 0.800566 0.000000
vt 1.000000 0.347430
vt 0.291837 0.291837
vt 0.191855 0.000000
vt 0.183256 0.669722
vt 0.185114 0.657358
vt 0.187627 0.626437
vt 0.312373 0.626304
vt 0.312717 0.636576
vt 0.316271 0.666574
vt 0.316783 0.669983
vt 0.183239 0.669833
vt 0.338549 0.665107
vt 0.336945 0.639237
vt 0.337309 0.646538
vt 0.338313 0.661893
s 0
usemtl Material.027
f 2111/2891/1561 2110/2892/1561 2114/2893/1561
f 2110/2891/1562 2113/2892/1562 2114/2893/1562
f 2113/2891/1563 2111/2892/1563 2114/2893/1563
f 2126/2894/1564 2125/2895/1564 2111/2893/1564
f 2110/2892/1565 2111/2893/1565 2125/2896/1565 2127/2897/1565
f 2131/2898/1566 2111/2893/1566 2113/2891/1566 2132/2899/1566
f 2111/2893/1567 2131/2900/1567 2126/2901/1567
f 2110/2893/1568 2109/2891/1568 2128/2902/1568
f 2128/2903/1569 2129/2904/1569 2113/2892/1569 2110/2893/1569
f 2110/2893/1570 2127/2905/1570 2133/2906/1570 2109/2892/1570
f 2132/2907/1571 2113/2893/1571 2129/2908/1571
f 2109/2892/1572 2133/2909/1572 2134/2910/1572
f 2112/2892/1573 2109/2893/1573 2134/2911/1573 2130/2912/1573
f 2109/2893/1574 2112/2891/1574 2128/2913/1574
f 2128/2914/1575 2112/2891/1575 2130/2915/1575
s 1
usemtl Material.020
f 2117/2916/1576 2115/2917/1576 2116/2918/1576 2119/2919/1576 2118/2920/1577 2123/2921/1578 2122/2922/1576 2121/2923/1576
f 2123/2924/1578 2118/2925/1577 2120/2926/1579 2124/2927/1579
o Toaster_cell.039
v -0.084028 0.081076 -0.153119
v -0.036784 0.039370 -0.152948
v -0.062755 0.038792 -0.153190
v -0.084272 0.090767 -0.170389
v -0.034409 0.052682 -0.158573
v -0.026756 0.138261 -0.174569
v -0.034319 0.134889 -0.185082
v -0.042425 0.143149 -0.151699
v -0.032367 0.140968 -0.166127
v -0.067835 0.143165 -0.151591
v -0.076560 0.143153 -0.151670
v -0.063174 0.134967 -0.184838
v -0.084190 0.135041 -0.184608
v -0.083731 0.143116 -0.151920
v -0.083886 0.141758 -0.160901
v -0.083949 0.140968 -0.166127
v -0.026756 0.138261 -0.174569
v -0.034319 0.134889 -0.185082
v -0.042425 0.143149 -0.151699
v -0.032367 0.140968 -0.166127
v -0.067835 0.143165 -0.151591
v -0.076560 0.143153 -0.151670
v -0.063174 0.134967 -0.184838
v -0.084190 0.135041 -0.184608
v -0.083731 0.143116 -0.151920
v -0.083886 0.141758 -0.160901
v -0.083949 0.140968 -0.166127
vn 0.9354 -0.0177 0.3531
vn 0.8250 -0.1743 -0.5376
vn 0.8280 0.0366 0.5595
vn 0.0173 -0.3918 -0.9199
vn 0.0042 -0.0118 0.9999
vn -0.0090 -0.0157 0.9998
vn -0.0218 -0.3222 -0.9464
vn -0.0089 -0.3069 -0.9517
vn -0.0115 -0.3057 -0.9520
vn -0.0348 -0.0192 0.9992
vn -0.8689 -0.4368 -0.2328
vn -0.9999 0.0055 0.0113
vn -0.9999 0.0045 0.0166
vn -0.0000 0.9522 -0.3054
vn -0.0000 0.9735 -0.2288
vn -0.0000 0.9663 -0.2575
vn -0.0000 0.9888 -0.1495
vt 0.000000 0.000000
vt 1.000000 0.000000
vt 0.654946 0.654946
vt 0.619334 0.619334
vt 0.575363 0.000000
vt 1.000000 0.654946
vt 0.769278 0.432801
vt 0.335491 0.000000
vt 1.000000 1.000000
vt 0.335491 0.335491
vt 1.000000 0.335022
vt 0.335021 0.335021
vt 0.333862 0.000000
vt 0.421782 0.000000
vt 1.000000 0.424637
vt 0.421782 0.421782
vt 0.421425 0.000000
vt 0.457612 0.000000
vt 0.333862 0.333862
vt 1.000000 0.487061
vt 0.904684 0.383865
vt 0.578575 0.000000
vt 1.000000 0.542388
vt 0.487061 0.487061
vt 0.831808 0.649639
vt 0.831808 0.656603
vt 0.831808 0.683175
vt 0.831808 0.702528
vt 0.831808 0.702306
vt 0.831808 0.654805
vt 0.818215 0.702248
vt 0.818225 0.702104
vt 0.818681 0.695502
vt 0.820299 0.687467
vt 0.831808 0.664068
vt 0.831808 0.654805
vt 0.818211 0.702306
s 0
usemtl Material.027
f 2136/2928/1580 2139/2929/1580 2151/2930/1580
f 2151/2931/1581 2139/2928/1581 2152/2932/1581
f 2136/2929/1582 2151/2933/1582 2154/2934/1582 2153/2935/1582
f 2137/2928/1583 2139/2929/1583 2136/2936/1583
f 2153/2937/1584 2155/2938/1584 2136/2936/1584
f 2137/2929/1585 2136/2936/1585 2155/2939/1585 2156/2940/1585
f 2137/2928/1586 2138/2929/1586 2139/2936/1586
f 2139/2936/1587 2138/2928/1587 2157/2941/1587 2152/2942/1587
f 2157/2943/1588 2138/2928/1588 2158/2944/1588
f 2159/2945/1589 2135/2929/1589 2137/2936/1589 2156/2946/1589
f 2135/2928/1590 2138/2929/1590 2137/2936/1590
f 2138/2929/1591 2160/2947/1591 2161/2948/1591 2158/2949/1591
f 2138/2928/1592 2135/2929/1592 2159/2950/1592 2160/2951/1592
s 1
f 2140/2952/1593 2141/2953/1593 2146/2954/1593 2147/2955/1593 2150/2956/1594 2143/2957/1595
f 2149/2958/1596 2148/2959/1596 2145/2960/1596 2144/2961/1596 2142/2962/1596 2143/2963/1595 2150/2964/1594
o Toaster_cell.040
v 0.019114 -0.023778 0.249008
v 0.007960 0.026655 0.142759
v 0.018768 -0.024503 0.199172
v 0.019126 -0.024295 0.231711
v -0.054529 0.071392 0.246911
v -0.008914 0.055465 0.159686
v -0.000195 0.051746 0.156185
v -0.058980 0.039778 0.182459
v -0.038354 0.037088 0.153602
v -0.056623 0.034261 0.166815
v -0.058875 0.023518 0.182544
v -0.055533 -0.021249 0.235550
v -0.000387 0.029415 0.142888
v -0.021412 -0.025436 0.222282
v -0.021099 0.084424 0.246142
v -0.021099 0.039378 0.253836
v -0.033566 0.036198 0.253836
v -0.026130 0.084857 0.245848
v -0.004827 0.045007 0.253584
v -0.007505 0.083938 0.246790
v -0.003574 0.050949 0.252583
v -0.003574 0.067132 0.249779
v -0.012623 0.090044 0.242572
v -0.040601 0.034129 0.253836
v -0.054339 0.029244 0.253836
v -0.054617 -0.014776 0.253836
v -0.013077 -0.024603 0.253836
v -0.019432 -0.024614 0.253836
v -0.004385 -0.024597 0.253505
v -0.003574 -0.024735 0.246513
v 0.003574 -0.024656 0.246513
v 0.003941 -0.024508 0.253425
v 0.003574 0.037861 0.251401
v 0.003574 0.032303 0.252583
v 0.004827 0.021555 0.253618
v 0.003941 0.026728 0.253402
v -0.001484 0.070510 0.246513
v 0.003574 0.047353 0.246513
v -0.054555 -0.021145 0.253836
v -0.047320 -0.021999 0.253836
v 0.013435 -0.024386 0.253697
v -0.021099 0.039378 0.253836
v -0.033566 0.036198 0.253836
v -0.003574 0.050949 0.252583
v -0.003574 0.067132 0.249779
v -0.040601 0.034129 0.253836
v -0.054339 0.029244 0.253836
v -0.054617 -0.014776 0.253836
v -0.013077 -0.024603 0.253836
v -0.019432 -0.024614 0.253836
v -0.003574 -0.024735 0.246513
v 0.003574 -0.024656 0.246513
v 0.003574 0.037861 0.251401
v 0.003574 0.032303 0.252583
v 0.003941 0.026728 0.253402
v -0.001484 0.070510 0.246513
v 0.003574 0.047353 0.246513
v -0.054555 -0.021145 0.253836
v -0.047320 -0.021999 0.253836
v -0.021099 0.084424 0.246142
v -0.007505 0.083938 0.246790
v -0.004827 0.045007 0.253584
v -0.012623 0.090044 0.242572
v -0.004385 -0.024597 0.253505
v 0.013435 -0.024386 0.253697
v 0.003941 -0.024508 0.253425
v 0.004827 0.021555 0.253618
vn -0.0426 0.1683 0.9848
vn -0.0204 0.1706 0.9851
vn 0.6525 0.2780 0.7050
vn 0.8729 0.4777 -0.0993
vn 0.2374 0.9002 -0.3650
vn -0.4092 0.8389 -0.3588
vn -0.0575 0.1616 0.9852
vn -0.0485 0.1650 0.9851
vn -0.4228 0.8263 -0.3720
vn -0.4969 0.7922 -0.3543
vn -0.9978 0.0063 0.0658
vn 0.0017 -0.9997 0.0259
vn 0.6576 0.1318 0.7417
vn 0.8901 0.2087 0.4053
vn 0.9770 0.2134 -0.0013
vn 0.9403 0.3357 -0.0563
vn 0.1536 0.5045 -0.8496
vn -0.1253 0.5084 -0.8520
vn -0.1386 0.5043 -0.8524
vn -0.4210 0.8097 -0.4088
vn -0.9984 -0.0072 0.0557
vn -0.9985 -0.0112 0.0535
vn -0.1172 -0.9930 0.0119
vn -0.0933 -0.9951 0.0318
vn -0.9892 -0.0072 -0.1465
vn -0.3221 -0.7390 -0.5917
vn -0.5227 -0.6673 -0.5306
vn 0.0259 -0.9997 0.0047
vn -0.3188 -0.7461 -0.5845
vn 0.1307 -0.9910 0.0297
vn 0.0389 -0.9992 0.0060
vn 0.9787 0.2050 -0.0054
vn 0.9809 0.1939 -0.0121
vn -0.2544 -0.7401 -0.6225
vn 0.0118 -0.9997 0.0202
vn 0.6358 -0.0058 0.7719
vn 0.4546 0.0024 0.8907
vn 0.0109 0.0004 0.9999
vn 0.0098 0.0004 1.0000
vn 0.0187 0.0007 0.9998
vn 0.6296 -0.0064 0.7769
vn 0.8914 -0.0091 0.4531
vn 0.9765 -0.0100 0.2152
vn 0.9646 -0.0091 0.2634
vn -0.0000 -0.0000 1.0000
vn -0.8931 0.0002 0.4498
vn -0.7151 -0.0043 0.6990
vn -0.2214 0.0002 0.9752
vn -0.6911 -0.0018 0.7228
vn -0.9991 -0.0025 0.0427
vn -0.9997 -0.0026 0.0247
vn -0.1597 -0.0004 0.9872
vn -0.3176 -0.7365 -0.5973
vn -0.0197 0.5570 0.8303
vn -0.0286 -0.0036 0.9996
vt 0.978382 0.908408
vt 0.737229 0.714251
vt 0.631481 0.631481
vt 0.000000 0.000000
vt 0.367909 0.000000
vt 0.698142 0.303137
vt 1.000000 0.595164
vt 0.925349 0.925349
vt 0.657644 0.489585
vt 0.753473 0.416059
vt 1.000000 0.332213
vt 1.000000 0.076169
vt 0.770899 0.770899
vt 0.663760 0.286438
vt 0.023721 0.000000
vt 1.000000 0.000000
vt 1.000000 0.961645
vt 0.598726 0.598726
vt 0.961645 0.961645
vt 0.959553 0.959553
vt 1.000000 0.631481
vt 0.987139 0.730319
vt 1.000000 0.610729
vt 1.000000 1.000000
vt 0.544292 0.544292
vt 0.610729 0.610729
vt 1.000000 0.632091
vt 0.896153 0.000000
vt 1.000000 0.544292
vt 0.967935 0.691449
vt 0.564118 0.300662
vt 0.256135 0.000000
vt 0.281389 0.281389
vt 0.788397 0.000000
vt 0.801303 0.083477
vt 0.782768 0.153935
vt 0.751140 0.170241
vt 0.747192 0.000000
vt 0.788397 0.788397
vt 0.747192 0.747192
vt 1.000000 0.979285
vt 0.979285 0.979285
vt 0.896153 0.896153
vt 1.000000 0.896042
vt 0.896042 0.896042
vt 1.000000 0.792309
vt 0.688550 0.688550
vt 0.792309 0.792309
vt 0.746760 0.047343
vt 1.000000 0.020253
vt 0.971795 0.971795
vt 0.988399 0.988399
vt 0.718110 0.718110
vt 0.979747 0.000000
vt 0.824747 0.339009
vt 0.735945 0.056200
vt 0.626827 0.363097
vt 0.478193 0.629445
vt 0.539908 0.629445
vt 0.534918 0.644429
vt 0.518750 0.642511
vt -0.534481 0.646598
vt 0.478067 0.628291
vt 0.563671 0.628291
vt 0.559527 0.628291
vt 0.545178 0.628291
vt 0.478179 0.628291
vt 0.564782 0.644429
vt 0.564782 0.655909
vt 0.564782 0.662388
vt 0.564782 0.675039
vt 0.564782 0.675295
vt 0.564782 0.675237
vt 0.564782 0.668576
vt 0.523701 0.621709
vt 0.478282 0.620555
vt 0.519113 0.620555
vt 0.478179 0.628291
vt 0.540990 0.628291
vt 0.478137 0.621709
vt 0.478249 0.621709
vt 0.528643 0.621709
vt 0.533572 0.621709
vt 0.541989 0.621709
vt 0.391333 0.621709
vt 0.579608 0.644429
vt 0.572257 0.630826
vt -0.075360 0.630274
vt -0.399847 0.603426
vt 0.519113 0.620555
vt 0.478268 0.621709
s 0
usemtl Material.027
f 2222/2965/1597 2221/2966/1597 2179/2967/1597 2166/2968/1597 2204/2969/1597 2203/2970/1597 2223/2971/1597
f 2222/2972/1598 2223/2973/1598 2205/2974/1598 2206/2975/1598
f 2217/2976/1599 2222/2977/1599 2206/2978/1599
f 2217/2979/1600 2168/2980/1600 2224/2981/1600 2222/2982/1600
f 2167/2980/1601 2224/2983/1601 2168/2968/1601
f 2224/2984/1602 2167/2968/1602 2166/2980/1602 2179/2985/1602 2221/2986/1602
f 2207/2987/1603 2166/2988/1603 2208/2989/1603
f 2166/2988/1604 2207/2990/1604 2204/2991/1604
f 2167/2968/1605 2171/2980/1605 2166/2988/1605
f 2171/2968/1606 2169/2980/1606 2166/2988/1606
f 2166/2988/1607 2169/2968/1607 2209/2992/1607 2208/2993/1607
f 2225/2994/1608 2210/2995/1608 2211/2996/1608 2175/2980/1608
f 2226/2997/1609 2162/2968/1609 2214/2998/1609 2215/2999/1609 2216/3000/1609 2228/3001/1609
f 2162/2968/1610 2218/3002/1610 2214/3003/1610
f 2218/3004/1611 2162/2968/1611 2163/2980/1611 2217/3005/1611
f 2163/2968/1612 2168/2980/1612 2217/3006/1612
f 2163/2968/1613 2174/2980/1613 2168/2988/1613
f 2174/2968/1614 2167/2980/1614 2168/2988/1614
f 2174/2968/1615 2170/2980/1615 2167/2988/1615
f 2170/2968/1616 2171/2980/1616 2167/2988/1616
f 2209/3007/1617 2169/2968/1617 2172/2980/1617 2219/3008/1617
f 2219/3009/1618 2172/2968/1618 2173/2980/1618
f 2173/2968/1619 2175/2980/1619 2220/3010/1619 2219/3011/1619
f 2220/3012/1620 2175/2968/1620 2211/3013/1620
f 2172/2968/1621 2169/2980/1621 2171/2988/1621
f 2164/2968/1622 2173/2980/1622 2171/2988/1622
f 2173/2968/1623 2172/2980/1623 2171/2988/1623
f 2175/2988/1624 2164/2968/1624 2226/3014/1624
f 2173/2968/1625 2164/2980/1625 2175/2988/1625
f 2162/2980/1626 2226/3015/1626 2165/2968/1626
f 2165/2980/1627 2226/3016/1627 2164/2968/1627
f 2165/2968/1628 2163/2980/1628 2162/2988/1628
f 2165/2968/1629 2164/2980/1629 2163/2988/1629
f 2164/2968/1630 2174/2980/1630 2163/2988/1630
f 2225/3017/1631 2175/2968/1631 2226/3018/1631 2193/3019/1631 2213/3020/1631 2212/3021/1631
s 1
f 2190/3022/1632 2180/3023/1633 2177/3024/1634 2189/3025/1635 2188/3026/1636
f 2189/3032/1635 2177/3032/1634 2178/3033/1641 2185/3034/1641 2186/3035/1641 2187/3036/1641 2200/3037/1641 2201/3038/1641
f 2197/3039/1642 2227/3040/1643 2196/3041/1644
s 0
f 2170/2980/1649 2174/2988/1649 2164/2980/1649 2171/2988/1649
s 1
f 2176/3050/1650 2181/3051/1650 2184/3052/1650
f 2202/3053/1651 2196/3054/1644 2227/3040/1643
usemtl Material.020
f 2191/3027/1637 2198/3028/1638 2183/3029/1639 2182/3030/1640 2190/3031/1632
f 2190/3042/1632 2182/3030/1640 2180/3043/1633
f 2192/3044/1645 2227/3045/1643 2195/3046/1646 2194/3047/1647 2199/3048/1648
f 2198/3028/1638 2191/3028/1637 2192/3049/1645 2199/3049/1648
f 2195/3046/1646 2227/3055/1643 2197/3039/1642
o Toaster_cell.041
v 0.105231 0.094542 0.199460
v 0.069331 0.067995 0.177074
v 0.064904 0.080081 0.188000
v 0.135742 0.073082 0.221427
v 0.131766 0.073070 0.237632
v 0.120903 0.073061 0.249494
v 0.106171 0.107310 0.230648
v 0.120955 0.104108 0.228011
v 0.064731 0.114283 0.222283
v 0.064951 0.108163 0.229624
v 0.067653 0.117390 0.218555
v 0.112909 0.115934 0.217358
v 0.106203 0.117379 0.218568
v 0.134410 0.019640 0.226815
v 0.131759 0.030045 0.237615
v 0.126497 0.040353 0.243367
v 0.120891 0.051488 0.249492
v 0.106064 0.073006 0.253836
v 0.120810 0.114206 0.215969
v 0.133543 0.088002 0.218533
v 0.132451 0.093390 0.219124
v 0.135742 0.060833 0.221418
v 0.064731 0.114283 0.222283
v 0.064951 0.108163 0.229624
v 0.112909 0.115934 0.217358
v 0.106203 0.117379 0.218568
v 0.067653 0.117390 0.218555
v 0.134410 0.019640 0.226815
v 0.131759 0.030045 0.237615
v 0.126497 0.040353 0.243367
v 0.120891 0.051488 0.249492
v 0.106064 0.073006 0.253836
v 0.133543 0.088002 0.218533
v 0.132451 0.093390 0.219124
v 0.120810 0.114206 0.215969
v 0.135742 0.073082 0.221427
v 0.135742 0.060833 0.221418
vn -0.9997 -0.0191 0.0140
vn -0.5635 0.5479 -0.6183
vn 0.0004 0.6431 -0.7658
vn -0.7186 -0.5924 0.3642
vn -0.7186 -0.5805 0.3829
vn -0.7202 -0.5749 0.3884
vn 0.5789 0.2041 -0.7894
vn 0.0050 0.6406 -0.7678
vn 0.5454 -0.0975 -0.8325
vn 0.5547 -0.0608 -0.8298
vn 0.5093 0.2557 0.8217
vn 0.5168 0.5821 0.6277
vn 0.1279 0.6660 0.7349
vn 0.2028 0.4005 0.8936
vn 0.8587 0.1788 0.4803
vn 0.8108 0.3809 0.4443
vn -0.0029 0.7072 0.7070
vn 0.9712 -0.0002 0.2384
vn 0.9673 0.0950 0.2353
vn 0.9401 -0.0002 0.3408
vn 0.6618 -0.0004 0.7497
vn 0.7374 -0.0004 0.6754
vn 0.4641 0.6814 0.5659
vn 0.1366 0.7608 0.6344
vn 0.2702 0.7393 0.6168
vn 0.9561 0.1811 0.2305
vn -0.0000 0.7681 0.6403
vt 0.295025 0.295025
vt 0.000000 0.000000
vt 0.358872 0.000000
vt 1.000000 0.000000
vt 1.000000 0.320359
vt 0.386693 0.386693
vt 0.623516 0.000000
vt 1.000000 0.386693
vt 0.678950 0.066573
vt 1.000000 0.279521
vt 1.000000 1.000000
vt 0.680879 0.381617
vt 1.000000 0.488965
vt 0.279521 0.279521
vt 0.504797 0.504797
vt 0.536235 0.469196
vt 0.659585 0.431912
vt 1.000000 0.641128
vt 0.705301 0.043072
vt 0.649143 0.000000
vt 0.997215 0.194324
vt 0.195104 0.195104
vt 1.000000 0.376484
vt 0.430412 0.430412
vt 0.548398 0.398943
vt 1.000000 0.284048
vt 0.350857 0.000000
vt 1.000000 0.430412
vt 0.567050 0.513665
vt 0.608421 0.513617
vt 0.609462 0.527231
vt 0.564782 0.527329
vt 0.564793 0.492020
vt 0.584594 0.483730
vt 0.594337 0.488664
vt 0.566386 0.499524
vt 0.609462 0.564054
vt 0.553943 0.484036
vt 0.564803 0.484040
vt 0.526642 0.492012
vt 0.514708 0.485045
vt 0.564785 0.513665
vt 0.545656 0.513676
vt 0.535779 0.502506
vt 0.545656 0.513676
vt 0.564737 0.527330
vt 0.585595 0.483064
vt 0.603746 0.482396
vt 0.624467 0.527201
vt 0.624396 0.513751
vt 0.624739 0.521024
vt 0.578018 0.482622
vt 0.565427 0.483693
vt 0.609462 0.565391
vt 0.609462 0.564054
vt 0.609462 0.562701
s 0
usemtl Material.027
f 2251/3056/1652 2231/3057/1652 2252/3058/1652
f 2230/3057/1653 2231/3059/1653 2251/3060/1653 2255/3061/1653
f 2253/3062/1654 2230/3059/1654 2255/3063/1654 2254/3064/1654
f 2230/3057/1655 2256/3065/1655 2231/3066/1655
f 2257/3067/1656 2258/3068/1656 2231/3066/1656 2256/3069/1656
f 2231/3066/1657 2258/3070/1657 2259/3071/1657 2260/3072/1657 2252/3073/1657
f 2262/3074/1658 2261/3075/1658 2229/3059/1658 2263/3076/1658
f 2263/3077/1659 2229/3057/1659 2230/3059/1659 2253/3078/1659
f 2230/3066/1660 2264/3079/1660 2265/3080/1660 2256/3081/1660
f 2229/3057/1661 2261/3082/1661 2264/3083/1661 2230/3066/1661
s 1
f 2234/3084/1662 2236/3085/1663 2235/3086/1664 2246/3087/1665
f 2233/3088/1666 2249/3089/1667 2236/3090/1663 2234/3091/1662
f 2246/3087/1665 2235/3086/1664 2238/3092/1668
f 2233/3088/1666 2234/3097/1662 2245/3098/1672 2244/3099/1673 2243/3095/1671
f 2245/3100/1672 2234/3097/1662 2246/3101/1665
f 2236/3090/1663 2249/3102/1667 2247/3103/1674
f 2241/3104/1675 2235/3086/1664 2236/3085/1663 2247/3105/1674 2240/3106/1676
f 2237/3109/1678 2238/3110/1668 2235/3086/1664 2241/3104/1675 2239/3111/1678
usemtl Material.020
f 2250/3093/1669 2232/3094/1670 2233/3088/1666 2243/3095/1671 2242/3096/1669
f 2248/3107/1677 2249/3089/1667 2233/3088/1666 2232/3108/1670
o Toaster_cell.042
v -0.099904 -0.064823 -0.208290
v -0.105518 -0.025097 -0.228995
v -0.082693 -0.057003 -0.219857
v -0.064785 -0.037968 -0.237179
v -0.105827 -0.130902 -0.253836
v -0.102568 -0.138020 -0.250028
v -0.112237 -0.023728 -0.252003
v -0.112452 -0.044607 -0.251933
v -0.112568 -0.122366 -0.251873
v -0.104987 -0.140968 -0.226359
v -0.110501 -0.138020 -0.245031
v -0.112542 -0.130902 -0.251877
v -0.099846 -0.140968 -0.227081
v -0.064735 -0.082399 -0.253836
v -0.077812 -0.130902 -0.253836
v -0.082480 -0.138020 -0.250028
v -0.064632 -0.037129 -0.253836
v -0.091724 -0.028278 -0.253836
v -0.105950 -0.025129 -0.253836
v -0.112237 -0.023728 -0.252003
v -0.112452 -0.044607 -0.251933
v -0.112568 -0.122366 -0.251873
v -0.112542 -0.130902 -0.251877
v -0.099846 -0.140968 -0.227081
v -0.082480 -0.138020 -0.250028
v -0.077812 -0.130902 -0.253836
v -0.064735 -0.082399 -0.253836
v -0.064632 -0.037129 -0.253836
v -0.091724 -0.028278 -0.253836
v -0.105950 -0.025129 -0.253836
v -0.104987 -0.140968 -0.226359
v -0.110501 -0.138020 -0.245031
vn 0.3765 0.4043 0.8335
vn 0.3148 0.4733 0.8227
vn -0.9597 0.0108 0.2809
vn -0.9609 0.0016 0.2770
vn -0.9592 -0.0031 0.2828
vn 0.6112 -0.2211 0.7600
vn 0.7983 -0.2542 0.5459
vn 0.7473 -0.1920 0.6361
vn 1.0000 -0.0023 0.0091
vn 0.3102 0.9493 0.0507
vn 0.2161 0.9764 -0.0050
vn -0.0215 -0.9915 -0.1281
vn -0.1051 -0.8163 -0.5680
vn -0.0012 -0.6966 -0.7175
vn -0.0036 -0.9919 -0.1270
vn -0.0000 -0.0000 -1.0000
vn -0.0000 -0.1762 -0.9843
vn -0.1803 -0.2997 -0.9368
vn -0.1608 -0.0002 -0.9870
vn -0.2009 -0.8957 -0.3968
vn -0.3248 -0.3414 -0.8820
vn -0.2800 -0.0003 -0.9600
vt 0.000000 0.000000
vt 1.000000 0.000000
vt 1.000000 1.000000
vt 0.308226 0.000000
vt 1.000000 0.542286
vt 0.542286 0.542286
vt 1.000000 0.545456
vt 0.695636 0.419886
vt 1.000000 0.394298
vt 0.545456 0.545456
vt 0.572640 0.477368
vt 0.004162 0.000000
vt 0.003395 0.000000
vt 0.540150 0.196252
vt 0.660917 0.281903
vt 1.000000 0.709103
vt 0.003395 0.003395
vt 0.091635 0.031927
vt 0.709103 0.709103
vt 1.000000 0.748630
vt 0.666337 0.000000
vt 0.748630 0.748630
vt 0.891848 0.666930
vt 1.000000 0.691774
vt 0.666337 0.666337
vt 0.149509 0.714134
vt 0.125000 0.719451
vt 0.125000 0.700953
vt 0.125000 0.716944
vt 0.383926 0.065388
vt 0.383926 0.053346
vt 0.383926 0.027548
vt 0.477717 0.027435
vt 0.383926 0.040535
vt 0.383926 0.065483
vt 0.126599 0.727425
vt 0.149221 0.714556
vt 0.382904 0.021364
vt 0.383926 0.027548
vt 0.375000 0.030549
vt 0.373679 0.022575
vt 0.383926 0.021364
vt 0.391495 0.021341
vt 0.460464 0.021453
vt 0.478983 0.021652
vt 0.477717 0.027435
vt 0.375000 0.049047
vt 0.375000 0.053346
s 0
usemtl Material.027
f 2268/3112/1679 2269/3113/1679 2266/3114/1679
f 2269/3112/1680 2267/3113/1680 2266/3114/1680
f 2267/3112/1681 2285/3115/1681 2286/3116/1681 2266/3114/1681
f 2266/3114/1682 2286/3117/1682 2287/3118/1682
f 2297/3119/1683 2296/3120/1683 2266/3114/1683 2287/3121/1683 2288/3122/1683
f 2266/3114/1684 2296/3123/1684 2268/3113/1684
f 2296/3124/1685 2269/3113/1685 2268/3114/1685
f 2290/3125/1686 2291/3126/1686 2292/3127/1686 2269/3114/1686 2296/3128/1686 2289/3129/1686
f 2269/3114/1687 2292/3130/1687 2293/3131/1687
f 2294/3132/1688 2267/3113/1688 2269/3114/1688 2293/3133/1688
f 2295/3134/1689 2285/3135/1689 2267/3114/1689 2294/3136/1689
s 1
f 2279/3141/1694 2280/3142/1695 2270/3143/1696 2284/3144/1697 2283/3145/1694 2282/3146/1694
f 2270/3143/1696 2277/3153/1699 2274/3154/1700 2273/3155/1700 2272/3156/1700 2284/3157/1697
usemtl Material.020
f 2275/3137/1690 2271/3138/1691 2281/3139/1692 2278/3140/1693
f 2276/3147/1698 2271/3138/1691 2275/3148/1690
f 2277/3149/1699 2270/3150/1696 2271/3151/1691 2276/3152/1698
f 2281/3158/1692 2271/3151/1691 2270/3150/1696 2280/3159/1695
o Toaster_cell.043
v -0.106649 -0.121365 0.225152
v -0.103398 -0.109940 0.212747
v -0.099762 -0.072548 0.201839
v -0.105339 -0.026802 0.221628
v -0.111753 -0.080048 0.191282
v -0.120784 -0.130902 0.249473
v -0.120845 -0.026009 0.249484
v -0.114163 -0.026550 0.251433
v -0.127405 -0.025504 0.242325
v -0.114130 -0.070517 0.251431
v -0.114292 -0.130153 0.251367
v -0.135742 -0.062964 0.187859
v -0.135742 -0.031447 0.203902
v -0.135742 -0.030621 0.209550
v -0.135742 -0.028991 0.221350
v -0.131751 -0.026465 0.237594
v -0.126453 -0.130424 0.243303
v -0.135742 -0.075647 0.198598
v -0.135742 -0.081415 0.203670
v -0.135742 -0.101035 0.221296
v -0.131736 -0.121420 0.237558
v -0.120845 -0.026009 0.249484
v -0.114163 -0.026550 0.251433
v -0.114130 -0.070517 0.251431
v -0.126453 -0.130424 0.243303
v -0.120784 -0.130902 0.249473
v -0.114292 -0.130153 0.251367
v -0.135742 -0.062964 0.187859
v -0.135742 -0.031447 0.203902
v -0.135742 -0.030621 0.209550
v -0.135742 -0.028991 0.221350
v -0.131751 -0.026465 0.237594
v -0.127405 -0.025504 0.242325
v -0.135742 -0.075647 0.198598
v -0.135742 -0.081415 0.203670
v -0.135742 -0.101035 0.221296
v -0.131736 -0.121420 0.237558
vn 0.0711 0.9974 0.0112
vn 0.9589 0.0007 0.2839
vn 0.9603 -0.0029 0.2790
vn 0.9607 -0.0030 0.2776
vn 0.4519 0.4000 -0.7974
vn 0.4106 0.4137 -0.8126
vn -0.0666 0.9873 -0.1445
vn -0.0699 0.9882 -0.1365
vn 0.1928 -0.9464 -0.2590
vn -0.3381 -0.6436 -0.6866
vn 0.9729 -0.0276 0.2295
vn 0.7242 -0.2571 -0.6399
vn -0.3314 -0.6097 -0.7200
vn -0.3484 -0.6190 -0.7039
vn -0.3557 -0.6246 -0.6953
vn -0.5320 -0.0004 0.8468
vn -0.5377 -0.0004 0.8432
vn -0.7367 -0.0004 0.6762
vn -0.8697 -0.0003 0.4936
vn -0.8057 -0.0004 0.5923
vn -0.9913 -0.0001 0.1313
vn -0.9828 -0.0002 0.1848
vn -1.0000 -0.0000 -0.0000
vn -0.2800 -0.0003 0.9600
vt 0.636681 0.000000
vt 1.000000 0.000000
vt 1.000000 0.262541
vt 0.790755 0.129388
vt 1.000000 0.363319
vt 0.638864 0.000000
vt 0.668168 0.000000
vt 1.000000 1.000000
vt 0.638864 0.638864
vt 0.000000 0.000000
vt 1.000000 0.545146
vt 0.396994 0.000000
vt 0.545146 0.545146
vt 1.000000 0.623815
vt 0.918390 0.673142
vt 1.000000 0.726900
vt 0.623815 0.623815
vt 0.733163 0.623787
vt 0.289465 0.156514
vt 0.240222 0.240222
vt 0.331832 0.000000
vt 0.750861 0.750861
vt 0.682560 0.000000
vt 0.470239 0.000000
vt 1.000000 0.603006
vt 0.470239 0.470239
vt 0.390817 0.000000
vt 0.342478 0.040455
vt 0.390855 0.228379
vt 0.390817 0.390817
vt 0.383926 0.736226
vt 0.476937 0.736282
vt 0.477390 0.749358
vt 0.476533 0.757998
vt 0.389062 0.753893
vt 0.384195 0.746065
vt 0.474293 0.765997
vt 0.410409 0.766024
vt 0.392334 0.758016
vt 0.443991 0.782490
vt 0.432809 0.777202
vt 0.427721 0.774704
vt 0.474293 0.765997
vt 0.472769 0.771808
vt 0.471999 0.774590
vt 0.437479 0.730101
vt 0.476479 0.730135
vt 0.383926 0.735430
vt 0.384590 0.730247
s 0
usemtl Material.027
f 2320/3160/1701 2301/3161/1701 2330/3162/1701 2319/3163/1701
f 2320/3164/1702 2321/3165/1702 2301/3161/1702
f 2324/3166/1703 2298/3161/1703 2301/3167/1703 2321/3168/1703
f 2298/3169/1704 2300/3161/1704 2301/3167/1704
f 2300/3169/1705 2302/3161/1705 2301/3167/1705
f 2326/3170/1706 2301/3167/1706 2302/3169/1706 2325/3171/1706
f 2326/3172/1707 2327/3173/1707 2301/3167/1707
f 2329/3174/1708 2330/3175/1708 2301/3167/1708 2327/3176/1708 2328/3177/1708
f 2323/3178/1709 2322/3179/1709 2298/3169/1709 2324/3180/1709
f 2298/3167/1710 2322/3181/1710 2334/3182/1710 2299/3161/1710
f 2299/3169/1711 2300/3161/1711 2298/3167/1711
f 2299/3169/1712 2302/3161/1712 2300/3167/1712
f 2302/3167/1713 2299/3169/1713 2331/3183/1713 2325/3184/1713
f 2331/3185/1714 2299/3169/1714 2332/3186/1714
f 2299/3169/1715 2334/3187/1715 2333/3188/1715 2332/3189/1715
s 1
f 2303/3190/1716 2304/3191/1717 2306/3192/1718 2313/3193/1719 2318/3194/1720 2314/3195/1718
f 2307/3205/1724 2305/3206/1724 2304/3191/1717 2303/3207/1716 2308/3208/1724
usemtl Material.020
f 2313/3193/1719 2312/3196/1721 2317/3197/1722 2318/3198/1720
f 2309/3199/1723 2315/3200/1723 2316/3201/1723 2317/3197/1722 2312/3202/1721 2311/3203/1723 2310/3204/1723
o Toaster_cell.044
v 0.117437 -0.127521 0.221758
v 0.112879 -0.119148 0.223641
v 0.093853 -0.024485 0.190315
v 0.100766 -0.018572 0.171421
v 0.121902 -0.025364 0.131538
v 0.132757 -0.013183 0.208245
v 0.135742 -0.013867 0.203910
v 0.135742 -0.019366 0.211358
v 0.135742 -0.059828 0.221327
v 0.135264 -0.068748 0.223270
v 0.132525 -0.120037 0.234355
v 0.133251 -0.126339 0.231398
v 0.132061 -0.135742 0.225213
v 0.133828 -0.130902 0.229050
v 0.134645 -0.133550 0.219701
v 0.135742 -0.106123 0.172852
v 0.135742 -0.130902 0.214476
v 0.135742 -0.031219 0.106715
v 0.135742 -0.025357 0.131488
v 0.135742 -0.021353 0.154909
v 0.135742 -0.036063 0.110452
v 0.135742 -0.088902 0.151586
v 0.135742 -0.098169 0.159616
v 0.132757 -0.013183 0.208245
v 0.135742 -0.013867 0.203910
v 0.135742 -0.019366 0.211358
v 0.135742 -0.059828 0.221327
v 0.135264 -0.068748 0.223270
v 0.132525 -0.120037 0.234355
v 0.133251 -0.126339 0.231398
v 0.133828 -0.130902 0.229050
v 0.132061 -0.135742 0.225213
v 0.135742 -0.106123 0.172852
v 0.135742 -0.130902 0.214476
v 0.134645 -0.133550 0.219701
v 0.135742 -0.031219 0.106715
v 0.135742 -0.025357 0.131488
v 0.135742 -0.021353 0.154909
v 0.135742 -0.036063 0.110452
v 0.135742 -0.088902 0.151586
v 0.135742 -0.098169 0.159616
vn -0.4593 0.2125 0.8625
vn -0.4606 0.2109 0.8622
vn -0.4488 -0.4215 0.7880
vn -0.4386 -0.4544 0.7753
vn -0.3405 -0.8079 -0.4810
vn -0.0014 0.9731 -0.2303
vn -0.0012 0.9857 -0.1685
vn 0.0073 0.9885 -0.1510
vn -0.3440 0.9246 0.1635
vn -0.8645 -0.2935 -0.4081
vn -0.8591 -0.3126 -0.4053
vn -0.8585 -0.3150 -0.4046
vn -0.8347 -0.3607 -0.4162
vn -0.3505 -0.8028 -0.4824
vn 0.9866 -0.1157 0.1153
vn 0.9778 -0.1229 0.1697
vn 0.8530 -0.4778 0.2099
vn 1.0000 0.0009 0.0059
vn 0.9999 0.0001 0.0172
vn 0.9883 -0.0101 0.1524
vt 0.000000 0.000000
vt 1.000000 0.000000
vt 1.000000 0.451891
vt 0.821681 0.381408
vt 0.056602 0.056602
vt 0.451891 0.451891
vt 1.000000 0.270550
vt 1.000000 0.232377
vt 0.270550 0.270550
vt 0.232376 0.232376
vt 0.213892 0.000000
vt 0.240359 0.134586
vt 0.267686 0.000000
vt 0.267723 0.209356
vt 0.251686 0.220895
vt 0.213892 0.213892
vt 0.704757 0.000000
vt 1.000000 0.216840
vt 1.000000 0.411659
vt 0.216840 0.216840
vt 0.411659 0.411659
vt 1.000000 0.056347
vt 1.000000 1.000000
vt 0.295243 0.000000
vt 1.000000 0.440936
vt 0.440936 0.440936
vt 0.591010 0.000000
vt 0.591010 0.591010
vt 0.643469 0.000000
vt 0.643469 0.643469
vt 1.000000 0.732314
vt 0.383926 0.483965
vt 0.383077 0.487794
vt 0.377114 0.485906
vt 0.467345 0.429391
vt 0.471580 0.427551
vt 0.476882 0.439751
vt 0.480578 0.451284
vt 0.487577 0.475414
vt 0.488407 0.478300
vt 0.482757 0.479082
vt 0.446949 0.483991
vt 0.383926 0.483965
vt 0.383926 0.480618
vt 0.405782 0.460120
vt 0.412785 0.453602
vt 0.420948 0.449648
vt 0.383926 0.487794
vt 0.439040 0.484948
vt 0.393560 0.490407
vt 0.387972 0.488950
s 0
usemtl Material.027
f 2358/3209/1725 2337/3210/1725 2362/3211/1725 2361/3212/1725 2360/3213/1725
f 2362/3214/1726 2337/3209/1726 2336/3210/1726 2363/3215/1726
f 2336/3209/1727 2335/3210/1727 2364/3216/1727 2363/3217/1727
f 2364/3218/1728 2335/3209/1728 2366/3219/1728 2348/3220/1728
f 2335/3209/1729 2367/3221/1729 2368/3222/1729 2349/3223/1729 2366/3224/1729
f 2370/3225/1730 2339/3210/1730 2371/3226/1730
f 2372/3227/1731 2371/3228/1731 2339/3209/1731 2338/3210/1731
f 2372/3229/1732 2338/3209/1732 2358/3210/1732 2359/3230/1732
f 2338/3209/1733 2337/3210/1733 2358/3231/1733
f 2338/3209/1734 2339/3210/1734 2337/3231/1734
f 2339/3209/1735 2370/3232/1735 2373/3233/1735 2337/3231/1735
f 2337/3231/1736 2373/3234/1736 2374/3235/1736 2336/3210/1736
f 2336/3231/1737 2374/3236/1737 2375/3237/1737 2335/3210/1737
f 2335/3231/1738 2375/3238/1738 2367/3239/1738
s 1
usemtl Material.020
f 2369/3240/1739 2365/3241/1740 2347/3242/1741
f 2355/3243/1742 2352/3244/1742 2353/3245/1742 2354/3246/1742 2341/3247/1742 2340/3248/1742 2342/3249/1742 2343/3250/1743 2369/3251/1739 2351/3252/1742 2350/3253/1742 2357/3254/1742 2356/3255/1742
f 2365/3256/1740 2369/3251/1739 2343/3250/1743 2344/3257/1744 2345/3258/1744 2346/3259/1744
o Toaster_cell.045
v 0.020710 -0.124632 0.227411
v 0.041826 -0.125593 0.228574
v 0.001018 -0.064863 0.189172
v 0.034720 -0.026465 0.191143
v 0.040141 -0.025525 0.191009
v 0.064733 -0.026458 0.171096
v 0.064776 -0.023491 0.155784
v 0.040822 -0.024290 0.183749
v 0.063296 -0.064461 0.135628
v 0.045730 -0.064461 0.135628
v 0.051922 -0.057376 0.135628
v 0.020214 -0.140968 0.085904
v 0.013091 -0.140968 0.094470
v 0.049235 -0.064461 0.131413
v 0.065413 -0.140968 0.033284
v 0.057119 -0.064461 0.122017
v 0.060205 -0.047946 0.135628
v 0.063296 -0.064461 0.114811
v 0.042820 -0.140968 0.058961
v 0.000748 -0.140968 0.214008
v 0.001090 -0.140968 0.108981
v 0.065249 -0.140968 0.063846
v 0.046791 -0.140598 0.229965
v 0.063946 -0.140968 0.215236
v 0.031033 -0.140701 0.229160
v 0.015774 -0.140836 0.228107
v 0.001381 -0.140968 0.223400
v 0.007672 -0.140968 0.227081
v 0.045730 -0.064461 0.135628
v 0.049235 -0.064461 0.131413
v 0.020214 -0.140968 0.085904
v 0.013091 -0.140968 0.094470
v 0.051922 -0.057376 0.135628
v 0.057119 -0.064461 0.122017
v 0.063296 -0.064461 0.114811
v 0.060205 -0.047946 0.135628
v 0.065413 -0.140968 0.033284
v 0.042820 -0.140968 0.058961
v 0.015774 -0.140836 0.228107
v 0.007672 -0.140968 0.227081
v 0.000748 -0.140968 0.214008
v 0.001090 -0.140968 0.108981
v 0.065249 -0.140968 0.063846
v 0.063946 -0.140968 0.215236
v 0.046791 -0.140598 0.229965
v 0.031033 -0.140701 0.229160
v 0.001381 -0.140968 0.223400
vn -0.6382 0.5578 -0.5307
vn 0.1794 0.9669 0.1813
vn 0.1883 0.9641 0.1874
vn 1.0000 0.0021 0.0032
vn -0.6191 0.5651 -0.5453
vn -0.6356 0.5583 -0.5332
vn -1.0000 0.0025 -0.0033
vn -0.6400 0.5571 -0.5293
vn -0.6846 0.6205 -0.3825
vn -0.1652 0.9747 0.1503
vn -0.0377 0.3510 0.9356
vn -0.0356 0.3507 0.9358
vn 0.6093 0.2877 0.7390
vn 1.0000 -0.0005 0.0054
vn 0.6296 0.2757 0.7264
vn 1.0000 -0.0036 0.0086
vn -0.0514 0.0753 0.9958
vn -0.0692 0.0639 0.9956
vn -0.1265 0.0810 0.9887
vn -0.9974 0.0255 0.0672
vn -0.4713 0.3599 0.8052
vn -0.4627 0.3646 0.8081
vn -0.0000 -0.9918 0.1274
vn 0.0002 -1.0000 0.0035
vn 0.0002 -1.0000 0.0023
vn 0.0002 -1.0000 0.0011
vn -0.6331 0.5256 -0.5682
vn -0.0000 0.7171 -0.6970
vn -0.0000 -0.0000 -1.0000
vn -0.6896 -0.1291 -0.7126
vn -0.7527 0.6584 -0.0000
vn -0.0000 1.0000 -0.0000
vt 0.755793 0.755793
vt 0.299771 0.299771
vt 0.301206 0.000000
vt 1.000000 0.000000
vt 1.000000 1.000000
vt 0.798026 0.798026
vt 0.756499 0.608300
vt 0.000000 0.000000
vt 1.000000 0.035955
vt 0.035955 0.035955
vt 1.000000 0.299264
vt 1.000000 0.755616
vt 0.736436 0.683628
vt 1.000000 0.854124
vt 0.854124 0.854124
vt 1.000000 0.798026
vt 1.000000 0.299771
vt 1.000000 0.755793
vt 0.755616 0.755616
vt 0.299264 0.299264
vt 0.395433 0.000000
vt 1.000000 0.602108
vt 1.000000 0.698794
vt 0.602108 0.602108
vt 0.301874 0.301874
vt 1.000000 0.036852
vt 1.000000 0.305753
vt 0.385136 0.060442
vt 0.305753 0.305753
vt 1.000000 0.301874
vt 0.228008 0.228008
vt 1.000000 0.240677
vt 0.240676 0.240676
vt 0.245097 0.000000
vt 0.628356 0.000000
vt 0.245097 0.245097
vt 0.111576 0.000000
vt 1.000000 0.604567
vt 0.371644 0.000000
vt 0.111576 0.111576
vt 0.337187 0.605896
vt 0.336769 0.614278
vt 0.375000 0.581912
vt 0.375000 0.596423
vt 0.183654 0.582928
vt 0.181362 0.567676
vt 0.181378 0.567787
vt 0.318489 0.568666
vt 0.317103 0.577891
vt 0.312746 0.613130
vt 0.312373 0.622280
vt 0.312373 0.623527
vt 0.187627 0.622853
vt 0.186693 0.607323
vt 0.185955 0.599690
vt 0.683211 0.566713
vt 0.683211 0.582889
vt 0.683211 0.577186
vt 0.816789 0.566713
vt 0.816789 0.572402
vt 0.816789 0.579662
vt 0.816789 0.582889
vt 0.693462 0.566713
s 0
usemtl Material.027
f 2405/3260/1745 2406/3261/1745 2407/3262/1745 2383/3263/1745 2382/3264/1745 2408/3265/1745 2404/3266/1745
f 2383/3267/1746 2380/3263/1746 2382/3264/1746
f 2380/3267/1747 2381/3263/1747 2382/3264/1747
f 2412/3268/1748 2382/3264/1748 2381/3267/1748
f 2382/3264/1749 2412/3269/1749 2413/3270/1749 2409/3271/1749 2410/3272/1749 2411/3273/1749
f 2382/3264/1750 2411/3274/1750 2408/3275/1750
f 2406/3276/1750 2405/3277/1750 2409/3278/1750 2413/3279/1750
f 2416/3280/1751 2378/3263/1751 2417/3281/1751
f 2378/3267/1752 2383/3263/1752 2407/3282/1752 2417/3283/1752
f 2378/3267/1753 2379/3263/1753 2383/3264/1753
f 2379/3267/1754 2380/3263/1754 2383/3264/1754
f 2379/3267/1755 2376/3263/1755 2380/3264/1755
f 2376/3267/1756 2377/3263/1756 2380/3264/1756
f 2377/3267/1757 2381/3263/1757 2380/3264/1757
f 2381/3264/1758 2418/3284/1758 2412/3285/1758
f 2419/3286/1759 2381/3264/1759 2377/3267/1759 2420/3287/1759
f 2381/3264/1760 2419/3288/1760 2418/3289/1760
f 2420/3290/1761 2377/3267/1761 2376/3263/1761 2421/3291/1761
f 2421/3292/1762 2376/3267/1762 2414/3293/1762
f 2415/3294/1763 2414/3295/1763 2376/3267/1763
f 2422/3296/1764 2378/3263/1764 2416/3297/1764
f 2415/3298/1765 2376/3263/1765 2378/3264/1765 2422/3299/1765
f 2376/3267/1766 2379/3263/1766 2378/3264/1766
s 1
usemtl Material.020
f 2401/3300/1767 2403/3301/1768 2398/3302/1769 2400/3303/1767
f 2394/3304/1770 2390/3305/1770 2397/3306/1770 2399/3307/1770 2398/3308/1769 2403/3309/1768 2402/3310/1770 2395/3311/1770 2396/3312/1770 2388/3313/1770 2387/3314/1770
f 2384/3315/1771 2385/3316/1772 2386/3317/1773 2392/3315/1774
f 2384/3318/1771 2393/3318/1775 2391/3319/1776 2389/3320/1776 2385/3321/1772
f 2393/3322/1775 2384/3315/1771 2392/3315/1774
o Toaster_cell.046
v 0.012028 -0.131024 0.247108
v 0.009307 -0.129904 0.253836
v 0.000899 -0.130902 0.253836
v 0.007064 -0.139365 0.239562
v 0.001097 -0.139268 0.240310
v 0.009783 -0.138020 0.250028
v 0.000973 -0.138020 0.250028
v 0.007064 -0.139365 0.239562
v 0.001097 -0.139268 0.240310
v 0.009783 -0.138020 0.250028
v 0.000973 -0.138020 0.250028
v 0.009307 -0.129904 0.253836
v 0.000899 -0.130902 0.253836
vn -0.1153 0.9712 -0.2084
vn -0.2390 0.7865 -0.5695
vn 0.9115 -0.1296 0.3903
vn 0.9094 -0.3706 -0.1886
vn -0.9999 -0.0039 -0.0122
vn 0.0157 -0.7928 0.6093
vn 0.0148 -0.8129 0.5822
vn -0.0000 -0.9918 0.1274
vn 0.0259 -0.4463 0.8945
vt 1.000000 0.000000
vt 1.000000 0.628081
vt 0.000000 0.000000
vt 1.000000 1.000000
vt 0.537429 0.537429
vt 0.488065 0.000000
vt 1.000000 0.923717
vt 0.895599 0.895599
vt 0.914565 0.794683
vt 1.000000 0.537429
vt 0.488065 0.488065
vt 0.774490 0.697794
vt 0.336878 0.612094
vt 0.375000 0.624104
vt 0.375000 0.623990
vt 0.336738 0.614907
vt 0.383926 0.624104
vt 0.375000 0.614712
vt 0.375000 0.612934
vt 0.383926 0.624187
s 0
usemtl Material.027
f 2423/3323/1777 2435/3324/1777 2434/3325/1777
f 2435/3323/1778 2423/3326/1778 2430/3327/1778 2431/3328/1778
f 2432/3329/1779 2423/3326/1779 2434/3330/1779
f 2423/3326/1780 2432/3331/1780 2430/3332/1780
f 2435/3326/1781 2431/3333/1781 2433/3334/1781
s 1
usemtl Material.020
f 2428/3335/1782 2429/3336/1783 2427/3337/1784 2426/3338/1784
f 2429/3339/1783 2428/3340/1782 2424/3341/1785 2425/3342/1785
o Toaster_cell.047
v -0.092213 0.107816 0.146679
v -0.086460 0.089790 0.154428
v -0.082015 0.094560 0.164383
v -0.106284 0.140968 0.166127
v -0.131796 0.126685 0.163893
v -0.121013 0.137141 0.165528
v -0.082883 0.138372 0.174223
v -0.087104 0.140968 0.166127
v -0.123771 0.127373 0.187189
v -0.106265 0.135739 0.182432
v -0.127404 0.125374 0.181899
v -0.131794 0.123135 0.174963
v -0.134566 0.116660 0.162324
v -0.132998 0.123748 0.154535
v -0.131796 0.128664 0.151280
v -0.123349 0.137075 0.150948
v -0.094614 0.143080 0.152155
v -0.106284 0.143096 0.152048
v -0.082883 0.138372 0.174223
v -0.087104 0.140968 0.166127
v -0.106265 0.135739 0.182432
v -0.123771 0.127373 0.187189
v -0.127404 0.125374 0.181899
v -0.131794 0.123135 0.174963
v -0.134566 0.116660 0.162324
v -0.132998 0.123748 0.154535
v -0.131796 0.128664 0.151280
v -0.094614 0.143080 0.152155
v -0.106284 0.143096 0.152048
v -0.123349 0.137075 0.150948
vn 0.8915 0.0941 -0.4431
vn 0.8955 0.1144 -0.4302
vn 0.3445 -0.1992 0.9174
vn -0.3308 -0.7850 0.5238
vn -0.3638 -0.7943 0.4867
vn -0.4494 -0.6139 -0.6490
vn -0.3380 -0.4607 -0.8207
vn -0.0892 0.0503 -0.9947
vn 0.0093 0.1541 -0.9880
vn 0.8814 0.1305 -0.4540
vn -0.1523 0.9807 0.1224
vn -0.1504 0.9631 0.2231
vn -0.0000 0.9677 0.2519
vn -0.0000 0.9888 0.1495
vn -0.9643 0.2575 0.0612
vn -0.8560 0.5028 0.1201
vn -0.8126 0.5758 0.0900
vn -0.9644 0.2612 0.0420
vn -0.5053 0.8145 0.2852
vn -0.4849 0.8519 0.1976
vn -0.7852 0.5895 0.1894
vn -0.6960 0.6836 0.2196
vn -0.1834 0.9276 0.3255
vn -0.5342 0.8388 0.1050
vn -0.0000 0.9522 0.3054
vt 0.000000 0.000000
vt 1.000000 0.000000
vt 1.000000 1.000000
vt 0.580337 0.177762
vt 1.000000 0.568187
vt 1.000000 0.597308
vt 0.568187 0.568187
vt 0.778510 0.548934
vt 0.587451 0.000000
vt 0.597308 0.597308
vt 1.000000 0.514397
vt 0.587451 0.587451
vt 0.726455 0.544092
vt 1.000000 0.529464
vt 0.514397 0.514397
vt 0.529464 0.529464
vt 0.588380 0.000000
vt 1.000000 0.668448
vt 0.588380 0.588380
vt 0.696754 0.642677
vt 0.867248 0.598035
vt 1.000000 0.597139
vt 0.597139 0.597139
vt 1.000000 0.617364
vt 0.668192 0.722873
vt 0.668192 0.707031
vt 0.668192 0.712126
vt 0.603446 0.795064
vt 0.612335 0.794292
vt 0.612335 0.800503
vt 0.608506 0.798899
vt 0.618792 0.782441
vt 0.624838 0.792911
vt 0.609187 0.788840
vt 0.612486 0.785192
vt 0.656837 0.722856
vt 0.667795 0.736437
vt 0.652988 0.736425
vt 0.675484 0.736437
vt 0.668487 0.736437
vt 0.675125 0.722873
vt 0.612335 0.800503
vt 0.625000 0.793487
vt 0.622266 0.800662
vt 0.668192 0.701324
vt 0.668192 0.705211
vt 0.668192 0.722856
s 0
usemtl Material.027
f 2437/3343/1786 2436/3344/1786 2438/3345/1786
f 2438/3345/1787 2436/3343/1787 2455/3346/1787 2454/3347/1787
f 2457/3348/1788 2438/3345/1788 2454/3349/1788 2456/3350/1788
f 2458/3351/1789 2437/3344/1789 2438/3345/1789 2457/3352/1789
f 2460/3353/1790 2437/3345/1790 2458/3354/1790 2459/3355/1790
f 2461/3356/1791 2437/3345/1791 2460/3357/1791
f 2436/3344/1792 2437/3345/1792 2461/3358/1792 2462/3359/1792
f 2465/3360/1793 2436/3345/1793 2462/3361/1793
f 2436/3345/1794 2465/3362/1794 2464/3363/1794 2463/3364/1794
f 2436/3345/1795 2463/3365/1795 2455/3366/1795
s 1
f 2453/3367/1796 2439/3367/1797 2443/3368/1798 2452/3369/1799
f 2444/3374/1804 2441/3375/1805 2440/3371/1801 2447/3376/1806 2446/3377/1807
f 2445/3378/1808 2439/3367/1797 2441/3379/1805 2444/3380/1804
f 2451/3381/1809 2441/3382/1805 2439/3367/1797 2453/3383/1796
f 2450/3384/1802 2440/3371/1801 2441/3385/1805 2451/3386/1809
f 2442/3387/1810 2443/3388/1798 2439/3367/1797 2445/3389/1808
usemtl Material.020
f 2448/3370/1800 2440/3371/1801 2450/3372/1802 2449/3373/1803
f 2448/3370/1800 2447/3376/1806 2440/3371/1801
o Toaster_cell.048
v 0.084679 0.091715 -0.173224
v 0.066505 0.049540 -0.159435
v 0.058675 0.035410 -0.154646
v 0.088557 0.098839 -0.179736
v 0.088773 0.089695 -0.198063
v 0.088048 0.088389 -0.192201
v 0.031033 0.065072 -0.177097
v 0.042475 0.037937 -0.156823
v 0.078385 0.075770 -0.216164
v 0.062857 0.044129 -0.180847
v 0.056741 0.032707 -0.163177
v 0.071370 0.066322 -0.214096
v 0.074641 0.134348 -0.186768
v 0.084581 0.134297 -0.186926
v 0.048918 0.134441 -0.186478
v 0.042734 0.134287 -0.186959
v 0.066324 0.092855 -0.240136
v 0.072359 0.090011 -0.242103
v 0.091063 0.108326 -0.229428
v 0.083227 0.095668 -0.238189
v 0.091470 0.116772 -0.219297
v 0.090929 0.132270 -0.193250
v 0.030942 0.130701 -0.198139
v 0.037178 0.132631 -0.192124
v 0.036706 0.106881 -0.230429
v 0.031005 0.109497 -0.228024
v 0.080115 0.092218 -0.240576
v 0.091348 0.128384 -0.205366
v 0.030953 0.128384 -0.205366
v 0.084581 0.134297 -0.186926
v 0.090929 0.132270 -0.193250
v 0.074641 0.134348 -0.186768
v 0.048918 0.134441 -0.186478
v 0.042734 0.134287 -0.186959
v 0.066324 0.092855 -0.240136
v 0.072359 0.090011 -0.242103
v 0.091063 0.108326 -0.229428
v 0.083227 0.095668 -0.238189
v 0.030942 0.130701 -0.198139
v 0.037178 0.132631 -0.192124
v 0.036706 0.106881 -0.230429
v 0.091348 0.128384 -0.205366
v 0.091470 0.116772 -0.219297
v 0.031005 0.109497 -0.228024
v 0.030953 0.128384 -0.205366
v 0.080115 0.092218 -0.240576
vn 0.8591 -0.5108 -0.0329
vn 0.8641 -0.5025 -0.0293
vn 0.0929 0.2730 0.9575
vn 0.0168 0.3063 0.9518
vn 0.0118 0.3071 0.9516
vn -0.0814 0.2977 0.9512
vn -0.1890 -0.9230 0.3353
vn -0.4947 -0.6538 -0.5726
vn -0.4855 -0.6590 -0.5745
vn -0.1852 -0.7948 -0.5779
vn 0.7614 -0.6121 -0.2136
vn 0.8507 -0.5178 -0.0899
vn 0.8878 -0.4213 -0.1854
vn 0.9968 -0.0704 0.0368
vn 0.9844 -0.1526 0.0877
vn 0.9270 -0.3053 0.2181
vn 0.9199 -0.3244 0.2202
vn 0.7177 0.2148 0.6624
vn 0.7229 0.2143 0.6569
vn -0.7117 0.2136 0.6692
vn -0.6985 0.2153 0.6824
vn -0.5289 -0.6397 -0.5577
vn -0.4966 -0.6526 -0.5723
vn 0.5251 -0.6886 -0.5001
vn 0.8019 -0.5202 -0.2937
vn 0.9974 -0.0503 0.0507
vn -1.0000 -0.0017 -0.0009
vn -0.0002 0.7324 -0.6808
vn -0.0001 0.6923 -0.7216
vn -0.0000 0.5691 -0.8223
vn -0.0000 0.9522 -0.3054
vn -0.0001 0.8733 -0.4871
vn -0.0001 0.8747 -0.4847
vn 0.8747 -0.4847 0.0004
vn -0.0002 0.7634 -0.6459
vt 0.000000 0.000000
vt 1.000000 0.000000
vt 1.000000 1.000000
vt 1.000000 0.380381
vt 0.411938 0.000000
vt 1.000000 0.381534
vt 0.380381 0.380381
vt 0.388630 0.000000
vt 0.381534 0.381534
vt 1.000000 0.439582
vt 0.566028 0.000000
vt 0.676884 0.000000
vt 0.250453 0.000000
vt 1.000000 0.709077
vt 0.709077 0.709077
vt 0.681904 0.000000
vt 1.000000 0.588062
vt 0.360259 0.360259
vt 0.347358 0.000000
vt 1.000000 0.517840
vt 0.498525 0.000000
vt 0.517840 0.517840
vt 1.000000 0.611370
vt 1.000000 0.498835
vt 0.402282 0.000000
vt 1.000000 0.433973
vt 0.498835 0.498835
vt 1.000000 0.323116
vt 0.277886 0.277886
vt 1.000000 0.749547
vt 0.733533 0.733533
vt 0.652642 0.000000
vt 1.000000 0.318096
vt 0.771951 0.134750
vt 0.597718 0.000000
vt 1.000000 0.501475
vt 0.912595 0.410011
vt 0.606320 0.156217
vt 0.606294 0.209056
vt 0.606302 0.201783
vt 0.606305 0.198894
vt 0.606312 0.191695
vt 0.606317 0.186094
vt 0.831808 0.585648
vt 0.831808 0.579953
vt 0.831808 0.556266
vt 0.831808 0.544816
vt 0.831808 0.541267
vt 0.831808 0.540881
vt 0.831808 0.596497
vt 0.831808 0.596506
vt 0.831808 0.590764
vt 0.625000 0.153496
vt 0.625000 0.209098
vt 0.625000 0.209211
vt 0.625000 0.208836
vt 0.625000 0.156212
vt 0.625000 0.153545
s 0
usemtl Material.027
f 2476/3390/1811 2475/3391/1811 2468/3392/1811
f 2475/3390/1812 2470/3391/1812 2468/3392/1812
f 2467/3390/1813 2466/3391/1813 2468/3392/1813
f 2497/3393/1814 2468/3392/1814 2466/3390/1814 2495/3394/1814
f 2498/3395/1815 2468/3392/1815 2497/3396/1815
f 2499/3397/1816 2473/3391/1816 2468/3392/1816 2498/3398/1816
f 2473/3390/1817 2476/3391/1817 2468/3392/1817
f 2501/3399/1818 2476/3392/1818 2473/3390/1818 2500/3400/1818
f 2501/3401/1819 2477/3391/1819 2476/3392/1819
f 2477/3390/1820 2475/3391/1820 2476/3392/1820
f 2477/3390/1821 2474/3391/1821 2475/3392/1821
f 2474/3390/1822 2470/3391/1822 2475/3392/1822
f 2470/3392/1823 2474/3390/1823 2503/3402/1823 2502/3403/1823
f 2469/3391/1824 2470/3392/1824 2502/3404/1824 2508/3405/1824
f 2469/3390/1825 2471/3391/1825 2470/3392/1825
f 2469/3390/1826 2466/3391/1826 2471/3392/1826
f 2466/3390/1827 2467/3391/1827 2471/3392/1827
f 2466/3392/1828 2469/3390/1828 2495/3406/1828
f 2495/3407/1829 2469/3390/1829 2496/3408/1829
f 2505/3409/1830 2504/3410/1830 2472/3391/1830
f 2505/3411/1831 2472/3390/1831 2473/3391/1831 2499/3412/1831
f 2506/3413/1832 2473/3392/1832 2472/3390/1832 2509/3414/1832
f 2500/3415/1833 2473/3392/1833 2506/3416/1833
f 2501/3417/1834 2511/3418/1834 2474/3390/1834 2477/3391/1834
f 2503/3419/1835 2474/3392/1835 2511/3420/1835
f 2496/3421/1836 2469/3391/1836 2508/3422/1836 2507/3423/1836
f 2509/3424/1837 2472/3391/1837 2504/3425/1837 2510/3426/1837
s 1
f 2490/3427/1838 2484/3428/1839 2485/3429/1840 2492/3430/1840 2483/3431/1840 2482/3432/1840
f 2481/3433/1841 2480/3434/1841 2478/3435/1841 2479/3436/1841 2487/3437/1841 2493/3438/1842 2494/3439/1843 2488/3440/1841 2489/3441/1841
s 0
f 2471/3390/1844 2467/3391/1844 2468/3392/1844 2470/3390/1844
s 1
f 2494/3442/1843 2493/3443/1842 2486/3444/1845 2484/3445/1839 2490/3446/1838 2491/3447/1845
o Toaster_cell.049
v 0.013397 0.054411 0.160039
v 0.012841 0.118268 0.182445
v 0.043812 0.033596 0.152744
v 0.062528 0.078661 0.185218
v 0.060833 0.067666 0.170967
v 0.048127 0.039814 0.154329
v 0.013023 0.121368 0.213782
v 0.012951 0.128384 0.205366
v 0.013297 0.107310 0.230648
v 0.013646 0.092110 0.240938
v 0.036188 0.086355 0.244834
v 0.056038 0.103081 0.233511
v 0.012951 0.133673 0.188875
v 0.023754 0.134104 0.187529
v 0.031925 0.084062 0.246387
v 0.038240 0.134181 0.187289
v 0.060956 0.107310 0.230648
v 0.062445 0.117903 0.217939
v 0.049450 0.133106 0.190641
v 0.051738 0.131347 0.196126
v 0.055531 0.128384 0.205366
v 0.013023 0.121368 0.213782
v 0.012951 0.128384 0.205366
v 0.013297 0.107310 0.230648
v 0.036188 0.086355 0.244834
v 0.031925 0.084062 0.246387
v 0.013646 0.092110 0.240938
v 0.023754 0.134104 0.187529
v 0.038240 0.134181 0.187289
v 0.056038 0.103081 0.233511
v 0.060956 0.107310 0.230648
v 0.051738 0.131347 0.196126
v 0.055531 0.128384 0.205366
v 0.062445 0.117903 0.217939
v 0.049450 0.133106 0.190641
v 0.012951 0.133673 0.188875
vn -1.0000 -0.0029 0.0061
vn -0.9999 -0.0126 0.0080
vn 0.5446 -0.7075 0.4504
vn 0.7040 -0.5896 0.3960
vn 0.7132 -0.5806 0.3927
vn -1.0000 0.0063 0.0021
vn -0.0578 0.3410 -0.9383
vn -0.0426 0.2745 -0.9606
vn -0.4606 -0.8045 0.3751
vn -0.4649 -0.8019 0.3751
vn -0.0174 0.3281 -0.9445
vn 0.7203 -0.5753 0.3877
vn 0.9960 -0.0561 0.0699
vn 0.3549 0.3347 -0.8729
vn 0.7676 -0.5484 0.3318
vn 0.9212 0.2503 -0.2979
vn 0.9193 0.2510 -0.3030
vn -0.0000 0.6720 0.7405
vn -0.0000 0.7065 0.7077
vn -0.0000 0.7681 0.6403
vn -0.0000 0.8525 0.5227
vn -0.0000 0.8765 0.4814
vn -0.0000 0.5606 0.8281
vn -0.0000 0.9522 0.3054
vt 0.849508 0.000000
vt 1.000000 0.000000
vt 1.000000 0.257940
vt 0.257940 0.257940
vt 0.000000 0.000000
vt 1.000000 0.545012
vt 0.698962 0.443819
vt 1.000000 0.610398
vt 0.021613 0.000000
vt 0.610398 0.610398
vt 0.531071 0.000000
vt 0.599308 0.599308
vt 0.801542 0.000000
vt 1.000000 0.150492
vt 1.000000 1.000000
vt 0.797008 0.797008
vt 0.436561 0.000000
vt 1.000000 0.025844
vt 0.025844 0.025844
vt 1.000000 0.090900
vt 0.436561 0.436561
vt 0.395229 0.000000
vt 0.876509 0.416591
vt 0.531071 0.531071
vt 0.335877 0.000000
vt 0.371983 0.371983
vt 0.394970 0.394970
vt 0.488432 0.000000
vt 0.450596 0.000000
vt 0.425354 0.134562
vt 0.335877 0.335877
vt 1.000000 0.549404
vt 0.511568 0.000000
vt 0.609462 0.612755
vt 0.609462 0.567251
vt 0.609462 0.567497
vt 0.609462 0.573863
vt 0.609462 0.613074
vt 0.609462 0.613007
vt 0.609462 0.568868
vt 0.384021 0.614405
vt 0.609462 0.594922
vt 0.609462 0.589956
vt 0.609462 0.573396
vt 0.668192 0.613074
vt 0.668192 0.573863
vt 0.668192 0.577357
vt 0.668192 0.579463
vt 0.668192 0.589786
vt 0.668192 0.603126
vt 0.668192 0.613074
s 0
usemtl Material.027
f 2534/3448/1846 2513/3449/1846 2533/3450/1846
f 2533/3451/1847 2513/3452/1847 2512/3449/1847 2538/3453/1847 2535/3454/1847
f 2536/3455/1848 2537/3456/1848 2514/3449/1848
f 2514/3452/1849 2517/3449/1849 2536/3457/1849
f 2517/3452/1850 2541/3458/1850 2536/3459/1850
f 2547/3460/1851 2513/3449/1851 2534/3461/1851
f 2513/3462/1852 2547/3463/1852 2539/3464/1852 2512/3449/1852
f 2517/3452/1853 2514/3449/1853 2512/3462/1853
f 2512/3462/1854 2514/3452/1854 2537/3465/1854
f 2512/3462/1855 2537/3466/1855 2538/3467/1855
f 2517/3449/1856 2512/3462/1856 2539/3468/1856 2540/3469/1856
f 2542/3470/1857 2541/3471/1857 2517/3452/1857 2515/3449/1857
f 2545/3472/1858 2542/3473/1858 2515/3452/1858
f 2516/3449/1859 2517/3462/1859 2540/3474/1859 2546/3475/1859
f 2516/3452/1860 2515/3449/1860 2517/3462/1860
f 2515/3452/1861 2543/3476/1861 2544/3477/1861 2545/3478/1861
f 2543/3479/1862 2515/3462/1862 2516/3452/1862 2546/3480/1862
s 1
f 2520/3481/1863 2528/3482/1864 2529/3483/1865 2532/3484/1866 2519/3485/1867 2518/3486/1865
f 2528/3487/1864 2520/3481/1863 2521/3488/1868 2526/3489/1868 2522/3490/1868 2523/3491/1868
f 2519/3492/1867 2532/3493/1866 2531/3494/1869 2530/3495/1869 2527/3496/1869 2525/3497/1869 2524/3498/1869
o Toaster_cell.050
v -0.022136 -0.052062 -0.211535
v -0.021919 -0.027141 -0.226024
v -0.021790 0.034113 -0.151944
v -0.048569 -0.063577 -0.214280
v -0.080836 -0.055990 -0.217995
v -0.099523 -0.065367 -0.206286
v -0.063158 -0.036622 -0.235136
v -0.029850 -0.026183 -0.228872
v -0.106271 -0.024326 -0.226804
v -0.030168 0.034247 -0.158807
v -0.083672 0.037546 -0.122223
v -0.063566 0.037386 -0.152501
v -0.082222 0.037258 -0.005031
v -0.036676 0.037413 -0.152271
v -0.067105 0.037499 -0.000955
v -0.063296 -0.064461 -0.135628
v -0.135742 0.018546 -0.051869
v -0.135742 0.018936 -0.108717
v -0.063296 0.037488 -0.019896
v -0.040023 0.037422 -0.135628
v -0.063296 0.037488 -0.135251
v -0.135742 0.000284 -0.172319
v -0.135742 0.018162 -0.006789
v -0.135742 0.010096 -0.000875
v -0.135742 -0.065337 -0.000886
v -0.031845 -0.140968 -0.001022
v -0.046961 -0.064461 -0.000994
v -0.063296 -0.064461 -0.000974
v -0.063296 0.018220 -0.000962
v -0.067430 -0.140968 -0.000979
v -0.031572 -0.064461 -0.001121
v -0.135742 -0.011877 -0.211592
v -0.135742 -0.016163 -0.216769
v -0.135742 -0.094623 -0.171053
v -0.135742 -0.130902 -0.000955
v -0.108366 -0.140968 -0.000971
v -0.132794 -0.138020 -0.000963
v -0.021894 -0.140968 -0.070113
v -0.021862 -0.140968 -0.034786
v -0.021831 -0.064461 -0.085982
v -0.021800 0.009730 -0.135628
v -0.021875 -0.064461 -0.135628
v -0.021795 0.034063 -0.135628
v -0.021871 -0.140968 -0.001132
v -0.021853 -0.064461 -0.001269
v -0.135742 -0.130902 -0.133090
v -0.135742 -0.118226 -0.146407
v -0.132794 -0.138020 -0.125966
v -0.032598 -0.140968 -0.124818
v -0.048028 -0.140968 -0.132528
v -0.022177 -0.140968 -0.119010
v -0.108366 -0.140968 -0.125656
v -0.135742 0.018546 -0.051869
v -0.135742 0.018936 -0.108717
v -0.067105 0.037499 -0.000955
v -0.063296 0.037488 -0.019896
v -0.063296 0.037488 -0.135251
v -0.040023 0.037422 -0.135628
v -0.021795 0.034063 -0.135628
v -0.135742 0.000284 -0.172319
v -0.135742 0.018162 -0.006789
v -0.063296 -0.064461 -0.000974
v -0.063296 0.018220 -0.000962
v -0.135742 0.010096 -0.000875
v -0.135742 -0.065337 -0.000886
v -0.031845 -0.140968 -0.001022
v -0.067430 -0.140968 -0.000979
v -0.046961 -0.064461 -0.000994
v -0.031572 -0.064461 -0.001121
v -0.135742 -0.011877 -0.211592
v -0.021894 -0.140968 -0.070113
v -0.022177 -0.140968 -0.119010
v -0.135742 -0.016163 -0.216769
v -0.135742 -0.094623 -0.171053
v -0.108366 -0.140968 -0.000971
v -0.135742 -0.130902 -0.000955
v -0.132794 -0.138020 -0.000963
v -0.021862 -0.140968 -0.034786
v -0.021800 0.009730 -0.135628
v -0.021875 -0.064461 -0.135628
v -0.021831 -0.064461 -0.085982
v -0.021853 -0.064461 -0.001269
v -0.021871 -0.140968 -0.001132
v -0.135742 -0.130902 -0.133090
v -0.132794 -0.138020 -0.125966
v -0.135742 -0.118226 -0.146407
v -0.032598 -0.140968 -0.124818
v -0.048028 -0.140968 -0.132528
v -0.108366 -0.140968 -0.125656
vn -0.3351 0.9422 0.0065
vn -0.0167 0.9999 0.0027
vn 0.0028 1.0000 -0.0000
vn -0.0010 1.0000 -0.0059
vn -0.3980 -0.4618 -0.7927
vn -0.3363 0.9417 0.0080
vn -0.2236 0.5624 0.7960
vn -0.2310 0.5753 0.7846
vn 0.0012 -0.0001 1.0000
vn 0.0093 0.0012 1.0000
vn 0.2150 0.9456 -0.2440
vn 0.0028 0.9011 -0.4337
vn 0.1969 0.9802 0.0212
vn -0.0408 0.7914 -0.6099
vn -0.3792 0.8839 -0.2737
vn 0.0002 -0.0010 1.0000
vn 1.0000 -0.0077 -0.0058
vn 1.0000 -0.0010 -0.0009
vn 1.0000 -0.0002 0.0003
vn 0.0153 0.0018 0.9999
vn 0.4715 0.6792 -0.5624
vn 0.3098 0.7207 -0.6202
vn 0.0007 0.7573 -0.6531
vn -0.0104 0.7639 -0.6453
vn -0.0098 0.5372 -0.8434
vn -0.2941 -0.4656 -0.8347
vn -0.2799 -0.4802 -0.8313
vn -0.0853 -0.7068 -0.7022
vn -0.0824 -0.7219 -0.6871
vn -0.0891 -0.7193 -0.6889
vn 0.3254 -0.6856 -0.6512
vn 0.3602 -0.6727 -0.6463
vn 0.9997 -0.0191 -0.0179
vn 0.2931 -0.4808 -0.8264
vn 0.2784 -0.3522 -0.8935
vn 0.2956 -0.4821 -0.8248
vn -0.0592 -0.6307 -0.7737
vn -0.0782 -0.7242 -0.6852
vn -0.6047 -0.7965 -0.0000
vn -0.9808 -0.1950 -0.0000
vn -0.9950 -0.0999 -0.0000
vn -0.6911 -0.7227 -0.0000
vn -0.0600 -0.9982 -0.0000
vn -0.0582 -0.9983 -0.0000
vn -0.3841 0.8860 -0.2598
vn -0.0000 -1.0000 -0.0000
vn 1.0000 0.0026 0.0027
vn 0.7065 0.7077 0.0019
vn 0.5774 0.5770 0.5776
vn 0.7092 0.0011 0.7050
vn 0.0046 -0.0010 1.0000
vn 0.0032 0.7067 0.7075
vn -0.0000 1.0000 -0.0000
vn -1.0000 -0.0000 -0.0000
vt 1.000000 0.000000
vt 1.000000 1.000000
vt 0.490391 0.490391
vt 0.483529 0.000000
vt 0.000000 0.000000
vt 0.890013 0.000000
vt 1.000000 0.553868
vt 0.125176 0.000000
vt 1.000000 0.566427
vt 0.553868 0.553868
vt 0.417818 0.000000
vt 0.131596 0.000000
vt 1.000000 0.516471
vt 0.480653 0.000000
vt 0.421822 0.000000
vt 0.480653 0.480653
vt 1.000000 0.483376
vt 1.000000 0.915774
vt 0.421822 0.421822
vt 0.305460 0.000000
vt 0.722161 0.000000
vt 1.000000 0.220308
vt 1.000000 0.554553
vt 0.872457 0.453419
vt 0.220308 0.220308
vt 0.221184 0.000000
vt 0.556758 0.000000
vt 0.554553 0.554553
vt 0.891057 0.000000
vt 0.889119 0.889119
vt 1.000000 0.058270
vt 0.058270 0.058270
vt 1.000000 0.410373
vt 0.749602 0.277252
vt 1.000000 0.277839
vt 1.000000 0.694540
vt 0.637763 0.332451
vt 0.616472 0.293184
vt 1.000000 0.692992
vt 0.306851 0.000000
vt 0.692992 0.692992
vt 1.000000 0.108124
vt 0.568548 0.319926
vt 1.000000 0.437121
vt 1.000000 0.776384
vt 0.108413 0.000000
vt 0.108124 0.108124
vt 1.000000 0.435958
vt 1.000000 0.775922
vt 0.776384 0.776384
vt 0.437121 0.437121
vt 0.775922 0.775922
vt 0.435958 0.435958
vt 1.000000 0.443242
vt 0.868404 0.000000
vt 1.000000 0.040585
vt 0.825337 0.300694
vt 1.000000 0.578842
vt 0.667971 0.084372
vt 1.000000 0.582182
vt 0.578843 0.578843
vt 1.000000 0.605653
vt 0.392075 0.000000
vt 1.000000 0.638253
vt 0.605653 0.605653
vt 0.638253 0.638253
vt 1.000000 0.411743
vt 0.392075 0.392075
vt 0.829792 0.392060
vt 0.375000 0.875474
vt 0.383926 0.875470
vt 0.383926 0.940539
vt 0.375000 0.937031
vt 0.249631 0.714341
vt 0.249526 0.750000
vt 0.191468 0.744655
vt 0.202207 0.714341
vt 0.589627 0.000000
vt 1.000000 0.490391
vt 0.170724 0.714341
vt 0.183126 0.670588
vt 0.184691 0.660172
vt 0.185759 0.652345
vt 0.185781 0.652109
vt 0.185785 0.652075
vt 0.185387 0.655537
vt 0.184767 0.659664
vt 0.181157 0.683685
vt 0.750486 0.683287
vt 0.750474 0.683287
vt 0.750480 0.683287
vt 0.816789 0.683287
vt 0.816603 0.683287
vt 0.759798 0.683287
vt 0.816789 0.645075
vt 0.816789 0.646326
vt 0.816789 0.661856
vt 0.816789 0.683287
vt 0.816789 0.645144
vt 0.683211 0.645144
vt 0.683211 0.668244
vt 0.683211 0.654074
vt 0.683211 0.645123
vt 0.683211 0.645103
vt 0.509739 0.876406
vt 0.514314 0.878344
vt 0.514755 0.900543
vt 0.515528 0.928537
vt 0.499837 0.959857
vt 0.488475 0.979870
vt 0.485636 0.981747
vt 0.415936 0.959234
vt 0.395089 0.947097
vt 0.383926 0.940539
vt 0.441448 0.875436
s 0
usemtl Material.027
f 2560/3499/1870 2558/3500/1870 2601/3501/1870 2600/3502/1870
f 2560/3503/1871 2602/3499/1871 2558/3500/1871
f 2605/3504/1872 2561/3499/1872 2604/3505/1872
f 2558/3500/1872 2602/3503/1872 2603/3506/1872 2604/3507/1872
f 2604/3508/1873 2561/3503/1873 2559/3499/1873 2558/3500/1873
f 2553/3503/1874 2621/3509/1874 2620/3510/1874 2556/3503/1874
f 2560/3499/1875 2600/3511/1875 2608/3512/1875
f 2602/3499/1876 2560/3500/1876 2611/3513/1876
f 2608/3514/1877 2611/3515/1877 2560/3500/1877
f 2610/3516/1878 2602/3500/1878 2611/3517/1878 2612/3518/1878 2614/3519/1878 2613/3520/1878 2615/3521/1878 2609/3522/1878
f 2613/3523/1879 2630/3524/1879 2616/3525/1879 2615/3526/1879
f 2550/3503/1880 2557/3499/1880 2561/3500/1880
f 2557/3503/1881 2559/3499/1881 2561/3500/1881
f 2606/3527/1882 2550/3499/1882 2561/3500/1882 2605/3528/1882
f 2559/3500/1883 2557/3503/1883 2617/3529/1883
f 2617/3530/1884 2607/3531/1884 2559/3500/1884
f 2622/3532/1885 2614/3533/1885 2612/3534/1885 2623/3535/1885 2624/3536/1885
f 2618/3537/1886 2619/3538/1886 2549/3499/1886
f 2618/3539/1887 2549/3503/1887 2550/3499/1887 2626/3540/1887 2627/3541/1887 2628/3542/1887 2625/3543/1887
f 2606/3544/1888 2626/3545/1888 2550/3503/1888
f 2629/3546/1888 2630/3547/1888 2625/3548/1888 2628/3549/1888
f 2630/3550/1889 2629/3551/1889 2616/3552/1889
f 2549/3503/1890 2557/3499/1890 2550/3500/1890
f 2549/3503/1891 2555/3499/1891 2557/3500/1891
f 2555/3503/1892 2556/3499/1892 2557/3500/1892
f 2557/3500/1893 2556/3503/1893 2620/3553/1893 2617/3554/1893
f 2555/3503/1894 2554/3499/1894 2556/3500/1894
f 2554/3503/1895 2553/3499/1895 2556/3500/1895
f 2554/3503/1896 2552/3499/1896 2553/3500/1896
f 2552/3503/1897 2551/3499/1897 2553/3500/1897
f 2631/3555/1898 2633/3556/1898 2553/3500/1898 2551/3503/1898 2632/3557/1898
f 2621/3558/1899 2553/3500/1899 2633/3559/1899
f 2551/3499/1900 2634/3560/1900 2635/3561/1900
f 2551/3503/1901 2548/3499/1901 2619/3562/1901 2634/3563/1901
f 2619/3564/1902 2548/3503/1902 2549/3499/1902
f 2551/3503/1903 2554/3499/1903 2549/3500/1903
f 2554/3503/1904 2555/3499/1904 2549/3500/1904
f 2548/3503/1905 2551/3499/1905 2549/3500/1905
f 2551/3503/1906 2552/3499/1906 2554/3500/1906
f 2632/3565/1907 2551/3500/1907 2635/3566/1907 2636/3567/1907
f 2607/3576/1914 2601/3577/1914 2558/3500/1914 2559/3503/1914
s 1
usemtl Material.020
f 2584/3568/1908 2582/3569/1909 2593/3570/1910 2595/3571/1911
f 2583/3572/1912 2584/3573/1908 2595/3574/1911 2599/3575/1913
f 2583/3578/1912 2599/3578/1913 2597/3579/1915 2596/3580/1915 2598/3581/1915 2585/3582/1915 2586/3583/1915 2591/3584/1915 2573/3585/1915 2577/3586/1915
f 2562/3587/1916 2576/3588/1916 2575/3589/1917 2563/3590/1918 2568/3591/1919 2566/3592/1916
f 2588/3593/1920 2590/3594/1920 2567/3595/1920 2568/3596/1919 2563/3596/1918 2589/3597/1921
f 2589/3598/1921 2563/3590/1918 2575/3590/1917 2574/3599/1922 2578/3600/1922 2592/3601/1922 2587/3602/1922
f 2571/3603/1923 2570/3604/1923 2564/3605/1923 2565/3606/1923 2569/3607/1923 2579/3608/1923 2580/3609/1923 2581/3610/1923 2594/3611/1923 2593/3612/1910 2582/3569/1909 2572/3613/1923
o Toaster_cell.051
v -0.093245 0.106172 0.144733
v -0.086164 0.113289 0.001938
v -0.093440 0.117199 0.000798
v -0.086385 0.088503 0.152977
v -0.066294 0.040225 0.142062
v -0.067887 0.038222 0.000192
v -0.081835 0.038005 -0.003762
v -0.135742 0.117013 0.133394
v -0.133316 0.122768 0.153306
v -0.135291 0.114443 0.159416
v -0.135742 0.013360 0.135854
v -0.135742 0.098990 0.156025
v -0.131809 0.129058 0.148455
v -0.132063 0.130327 0.134435
v -0.131796 0.131295 0.120262
v -0.129109 0.133901 0.067277
v -0.135742 0.011838 0.072396
v -0.063296 0.041054 0.084072
v -0.063296 0.043476 0.076912
v -0.063296 0.055645 0.003358
v -0.126081 0.136837 0.001470
v -0.063296 0.041436 0.001750
v -0.135742 0.107791 -0.000417
v -0.135742 0.117013 0.000135
v -0.131796 0.131295 0.001050
v -0.135742 0.019281 -0.005256
v -0.135742 0.011272 0.000398
v -0.133316 0.122768 0.153306
v -0.135291 0.114443 0.159416
v -0.131809 0.129058 0.148455
v -0.132063 0.130327 0.134435
v -0.131796 0.131295 0.120262
v -0.129109 0.133901 0.067277
v -0.063296 0.043476 0.076912
v -0.063296 0.055645 0.003358
v -0.135742 0.107791 -0.000417
v -0.135742 0.117013 0.000135
v -0.131796 0.131295 0.001050
v -0.126081 0.136837 0.001470
v -0.135742 0.019281 -0.005256
v -0.135742 0.011838 0.072396
v -0.135742 0.011272 0.000398
v -0.135742 0.013360 0.135854
v -0.135742 0.098990 0.156025
v -0.063296 0.041054 0.084072
v -0.063296 0.041436 0.001750
vn 0.3654 0.4929 0.7897
vn 0.0017 -0.2293 0.9734
vn 0.0147 -0.2147 0.9766
vn 0.9196 0.3874 0.0649
vn 0.3761 0.5077 0.7751
vn 0.9264 0.3714 0.0623
vn 0.5140 0.8551 0.0681
vn 0.5066 0.8600 0.0617
vn 0.3670 -0.9301 0.0131
vn 0.4866 -0.8736 0.0029
vn 0.9861 0.1573 0.0532
vn 0.9273 0.3694 0.0611
vn 0.4877 0.8207 -0.2976
vn 0.2799 0.0916 -0.9557
vn 0.1987 0.0853 -0.9763
vn 0.0154 0.0597 -0.9981
vn 0.0087 0.0546 -0.9985
vn 0.2176 -0.5629 -0.7973
vn 0.2297 -0.5843 -0.7784
vn 0.3691 -0.9293 0.0073
vn 0.2707 0.0786 -0.9594
vn -0.9950 0.0984 0.0158
vn -0.9642 0.2619 0.0417
vn -0.9642 0.2642 0.0209
vn -0.9904 0.1375 0.0108
vn -0.8652 0.5015 -0.0000
vn -0.9608 0.2773 -0.0000
vn -0.6961 0.7179 -0.0000
vn -0.9916 0.1294 0.0001
vn 1.0000 -0.0000 -0.0000
vn -1.0000 0.0003 0.0003
vt 0.471627 0.000000
vt 0.493721 0.493721
vt 0.000000 0.000000
vt 1.000000 0.000000
vt 1.000000 0.582876
vt 0.950632 0.508289
vt 0.582876 0.582876
vt 1.000000 1.000000
vt 0.416234 0.000000
vt 1.000000 0.528372
vt 0.525354 0.426528
vt 0.416234 0.416234
vt 1.000000 0.430610
vt 0.629627 0.431250
vt 0.397830 0.000000
vt 0.430610 0.430610
vt 0.417401 0.417401
vt 0.423052 0.000000
vt 0.522700 0.000000
vt 1.000000 0.582998
vt 0.528500 0.528500
vt 1.000000 0.529589
vt 0.128625 0.000000
vt 0.529589 0.529589
vt 1.000000 0.602170
vt 0.184412 0.000000
vt 0.154913 0.154913
vt 1.000000 0.517266
vt 0.856288 0.501264
vt 0.554097 0.429743
vt 0.352454 0.352454
vt 0.517266 0.517266
vt 0.519013 0.000000
vt 0.480987 0.000000
vt 1.000000 0.518855
vt 0.518855 0.518855
vt 0.575806 0.575806
vt 0.576948 0.000000
vt 1.000000 0.477301
vt 0.601121 0.796496
vt 0.607486 0.799504
vt 0.612292 0.801894
vt 0.611477 0.808798
vt 0.599670 0.809311
vt 0.612335 0.874483
vt 0.612335 0.815778
vt 0.615491 0.841870
vt 0.619048 0.874276
vt 0.599670 0.874934
vt 0.612335 0.815778
vt 0.612335 0.874483
vt 0.708600 0.683287
vt 0.749138 0.683287
vt 0.748347 0.683287
vt 0.712125 0.683287
vt 0.512720 0.807864
vt 0.586879 0.798166
vt 0.599670 0.796668
vt 0.591725 0.875205
vt 0.515285 0.877588
vt 0.508327 0.874804
vt 0.509031 0.839349
s 0
usemtl Material.027
f 2664/3614/1924 2665/3615/1924 2640/3616/1924
f 2679/3616/1925 2641/3617/1925 2680/3618/1925
f 2641/3616/1926 2640/3617/1926 2665/3619/1926 2680/3620/1926
f 2638/3616/1927 2637/3617/1927 2640/3621/1927
f 2640/3621/1928 2637/3616/1928 2666/3622/1928 2664/3623/1928
f 2641/3616/1929 2638/3617/1929 2640/3621/1929
f 2667/3624/1930 2666/3625/1930 2637/3616/1930 2638/3617/1930 2669/3626/1930 2668/3627/1930
f 2675/3628/1931 2669/3629/1931 2638/3616/1931
f 2642/3617/1932 2641/3621/1932 2679/3630/1932 2677/3631/1932
f 2642/3616/1933 2682/3632/1933 2681/3633/1933 2641/3621/1933
f 2641/3621/1934 2681/3634/1934 2670/3635/1934
f 2671/3636/1935 2638/3617/1935 2641/3621/1935 2670/3637/1935
f 2639/3616/1936 2675/3638/1936 2638/3621/1936
f 2682/3639/1937 2643/3617/1937 2638/3621/1937 2671/3640/1937
f 2643/3616/1938 2639/3617/1938 2638/3621/1938
f 2639/3616/1939 2643/3617/1939 2672/3641/1939 2673/3642/1939 2674/3643/1939 2675/3644/1939
f 2672/3645/1940 2643/3616/1940 2676/3646/1940
f 2676/3647/1941 2643/3617/1941 2678/3648/1941
f 2643/3616/1942 2642/3617/1942 2678/3649/1942
f 2678/3650/1943 2642/3616/1943 2677/3651/1943
f 2682/3652/1944 2642/3621/1944 2643/3616/1944
s 1
f 2661/3658/1949 2651/3659/1950 2652/3660/1951 2657/3661/1951
usemtl Material.020
f 2646/3653/1945 2645/3654/1946 2649/3655/1946 2650/3656/1947 2644/3657/1948
f 2660/3662/1952 2644/3657/1948 2650/3656/1947 2651/3663/1950 2661/3664/1949
f 2654/3665/1953 2658/3666/1953 2656/3667/1953 2655/3668/1953
f 2647/3669/1954 2648/3670/1954 2646/3671/1945 2644/3657/1948 2660/3662/1952 2659/3672/1954 2662/3673/1954 2663/3674/1954 2653/3675/1954
o Toaster_cell.052
v 0.131734 -0.130902 0.237555
v 0.116066 -0.129018 0.222714
v 0.128744 -0.138020 0.233538
v 0.112602 -0.121219 0.225199
v 0.105597 -0.140248 0.232305
v 0.117250 -0.139603 0.222992
v 0.110326 -0.140292 0.228561
v 0.101186 -0.139817 0.236038
v 0.132159 -0.133853 0.229111
v 0.130529 -0.138020 0.226268
v 0.108072 -0.139248 0.239141
v 0.115291 -0.138569 0.242159
v 0.127854 -0.131008 0.241670
v 0.131735 -0.124268 0.237557
v 0.117250 -0.139603 0.222992
v 0.110326 -0.140292 0.228561
v 0.130529 -0.138020 0.226268
v 0.132159 -0.133853 0.229111
v 0.108072 -0.139248 0.239141
v 0.115291 -0.138569 0.242159
v 0.105597 -0.140248 0.232305
v 0.101186 -0.139817 0.236038
v 0.127854 -0.131008 0.241670
v 0.131735 -0.124268 0.237557
vn -0.6188 -0.0897 -0.7804
vn -0.6479 -0.0455 -0.7604
vn 0.4414 0.4206 -0.7926
vn 0.2394 0.0013 -0.9709
vn -0.3630 0.6254 0.6907
vn 0.5042 0.5834 -0.6367
vn 0.0778 -0.9918 0.1014
vn 0.0888 -0.9930 0.0784
vn 0.5018 -0.8163 0.2860
vn 0.1837 -0.9538 0.2378
vn 0.1145 -0.9931 0.0243
vn 0.4711 -0.8748 0.1132
vn 0.8532 -0.2734 0.4442
vn 0.5689 -0.4899 0.6606
vn 0.8968 -0.4016 0.1855
vn -0.3500 0.6265 0.6964
vn 0.9223 -0.0003 0.3865
vt 1.000000 0.566607
vt 1.000000 1.000000
vt 0.827881 0.827881
vt 0.925700 0.666925
vt 0.448301 0.000000
vt 1.000000 0.000000
vt 0.566607 0.566607
vt 1.000000 0.786665
vt 0.000000 0.000000
vt 0.268582 0.000000
vt 0.792863 0.778651
vt 1.000000 0.827881
vt 0.899213 0.338206
vt 0.741779 0.000000
vt 1.000000 0.731419
vt 0.733940 0.733940
vt 0.353652 0.535956
vt 0.344490 0.535751
vt 0.349894 0.530359
vt 0.365004 0.504501
vt 0.401379 0.509580
vt 0.358415 0.530582
vt 0.350035 0.521188
vt 0.361425 0.502517
vt 0.374721 0.496861
vt 0.373205 0.490004
vt 0.382149 0.491982
vt 0.380113 0.494231
vt 0.382817 0.488968
vt 0.374819 0.486465
vt 1.000000 0.733940
vt 0.741780 0.741780
vt 0.846608 0.716740
vt 0.793874 0.789584
vt 0.383926 0.499451
vt 0.383926 0.491982
vt 0.389809 0.491984
vt 0.389809 0.491984
vt 0.383926 0.488968
s 0
usemtl Material.027
f 2703/3676/1955 2684/3677/1955 2697/3678/1955 2698/3679/1955
f 2704/3680/1956 2686/3681/1956 2684/3677/1956 2703/3682/1956
f 2699/3683/1957 2684/3677/1957 2686/3684/1957 2700/3685/1957
f 2684/3677/1958 2699/3686/1958 2697/3687/1958
f 2704/3688/1959 2701/3689/1959 2686/3681/1959
f 2700/3690/1960 2686/3677/1960 2696/3691/1960
f 2696/3706/1970 2686/3677/1970 2701/3707/1970 2694/3708/1970 2695/3709/1970
s 1
f 2705/3710/1968 2683/3711/1967 2706/3712/1971
usemtl Material.020
f 2690/3692/1961 2687/3693/1961 2689/3694/1962 2685/3695/1963 2702/3696/1964 2693/3697/1961
f 2685/3695/1963 2689/3694/1962 2688/3698/1965 2692/3699/1966
f 2702/3700/1964 2685/3701/1963 2683/3702/1967 2705/3703/1968
f 2691/3704/1969 2683/3702/1967 2685/3701/1963 2692/3705/1966
f 2706/3713/1971 2683/3711/1967 2691/3714/1969
o Toaster_cell.053
v 0.107178 0.113229 0.178072
v 0.107567 0.095654 0.198789
v 0.131790 0.116585 0.195388
v 0.122112 0.114061 0.214210
v 0.121927 0.124478 0.202045
v 0.120995 0.127127 0.196752
v 0.131780 0.098324 0.217290
v 0.133564 0.089954 0.216458
v 0.121002 0.131244 0.183916
v 0.132181 0.119978 0.180209
v 0.133575 0.108559 0.194127
v 0.122112 0.114061 0.214210
v 0.121927 0.124478 0.202045
v 0.120995 0.127127 0.196752
v 0.131780 0.098324 0.217290
v 0.121002 0.131244 0.183916
v 0.133564 0.089954 0.216458
v 0.132181 0.119978 0.180209
v 0.133575 0.108559 0.194127
vn -0.8077 0.5616 0.1796
vn -0.8552 0.3872 0.3445
vn -0.5804 -0.2022 0.7888
vn -0.0025 0.3103 -0.9506
vn 0.2523 -0.7356 -0.6287
vn 0.2575 -0.7424 -0.6184
vn 0.7106 0.6759 0.1955
vn 0.7243 0.6084 0.3244
vn 0.8627 0.4511 0.2287
vn 0.7982 0.5779 0.1701
vn 0.9720 0.1958 0.1303
vn 0.9237 0.2941 0.2456
vn 0.9687 0.1906 0.1593
vn 0.7229 0.5304 0.4428
vt 0.773080 0.000000
vt 1.000000 0.000000
vt 1.000000 0.172965
vt 0.000000 0.000000
vt 1.000000 0.185095
vt 0.410514 0.185660
vt 0.172965 0.172965
vt 0.185095 0.185095
vt 0.333823 0.002159
vt 0.310808 0.068382
vt 0.681621 0.000000
vt 0.951015 0.205884
vt 0.667170 0.000000
vt 1.000000 1.000000
vt 0.681621 0.681621
vt 0.667170 0.667170
vt 1.000000 0.665467
vt 0.615958 0.472465
vt 0.613329 0.475021
vt 0.603379 0.471217
vt 0.607571 0.463958
vt 0.619609 0.466144
vt 0.607571 0.463958
vt 0.598672 0.469029
vt 0.587187 0.482003
vt 0.579849 0.481538
vt 0.613329 0.475021
vt 0.603481 0.481368
s 0
usemtl Material.027
f 2722/3715/1972 2707/3716/1972 2720/3717/1972
f 2707/3718/1973 2708/3716/1973 2718/3719/1973 2719/3720/1973 2720/3721/1973
f 2718/3722/1974 2708/3718/1974 2723/3723/1974 2721/3724/1974
f 2724/3725/1975 2707/3716/1975 2722/3726/1975
f 2725/3727/1976 2708/3716/1976 2707/3728/1976 2724/3729/1976
f 2708/3728/1977 2725/3730/1977 2723/3731/1977
s 1
f 2712/3732/1978 2711/3733/1979 2709/3734/1980 2716/3735/1981 2715/3736/1978
f 2713/3739/1983 2709/3734/1980 2711/3741/1979 2710/3742/1985
usemtl Material.020
f 2716/3737/1981 2709/3734/1980 2717/3738/1982
f 2709/3734/1980 2713/3739/1983 2714/3740/1984 2717/3738/1982
o Toaster_cell.054
v 0.043362 -0.125117 0.230071
v 0.043259 -0.025885 0.192812
v 0.086917 -0.025933 0.193486
v 0.066222 -0.026832 0.172541
v 0.071777 -0.025949 0.253836
v 0.043385 -0.026056 0.253836
v 0.043303 -0.091344 0.253836
v 0.091462 -0.025971 0.253836
v 0.091262 -0.130902 0.253836
v 0.090962 -0.138020 0.250028
v 0.090167 -0.139371 0.239514
v 0.043355 -0.131384 0.253578
v 0.045905 -0.138020 0.250028
v 0.048385 -0.140414 0.231395
v 0.065411 -0.140968 0.216466
v 0.076870 -0.140968 0.227081
v 0.053473 -0.140968 0.227081
v 0.043303 -0.091344 0.253836
v 0.043355 -0.131384 0.253578
v 0.071777 -0.025949 0.253836
v 0.043385 -0.026056 0.253836
v 0.091462 -0.025971 0.253836
v 0.090962 -0.138020 0.250028
v 0.090167 -0.139371 0.239514
v 0.091262 -0.130902 0.253836
v 0.045905 -0.138020 0.250028
v 0.048385 -0.140414 0.231395
v 0.065411 -0.140968 0.216466
v 0.076870 -0.140968 0.227081
v 0.053473 -0.140968 0.227081
vn -0.0038 1.0000 0.0028
vn -1.0000 0.0013 0.0021
vn 0.0011 1.0000 0.0005
vn 0.9972 -0.0019 -0.0751
vn 0.0018 0.9990 -0.0447
vn -0.6435 -0.2696 -0.7164
vn -1.0000 -0.0013 -0.0007
vn -0.9445 -0.3175 -0.0849
vn 0.6935 -0.2537 -0.6743
vn 0.6753 -0.2658 -0.6880
vn 0.6532 -0.2760 -0.7051
vn -0.6394 -0.2722 -0.7191
vn -0.0000 -0.9953 0.0972
vn -0.0000 -0.9952 0.0983
vn -0.0000 -1.0000 -0.0000
vn -0.0010 -0.0012 1.0000
vn -0.0006 -0.2173 0.9761
vn -0.0005 -0.2390 0.9710
vn -0.0000 -0.7812 0.6243
vn -0.0000 -0.8126 0.5829
vn -0.0000 -0.9918 0.1274
vt 1.000000 0.547593
vt 0.451425 0.000000
vt 1.000000 0.000000
vt 0.547593 0.547593
vt 0.000000 0.000000
vt 0.550839 0.000000
vt 0.545826 0.545826
vt 1.000000 0.548575
vt 0.109381 0.000000
vt 1.000000 0.545826
vt 0.175957 0.160647
vt 0.120041 0.100071
vt 1.000000 1.000000
vt 0.332515 0.006167
vt 1.000000 0.449161
vt 0.319716 0.319716
vt 0.231560 0.000000
vt 0.379783 0.262295
vt 0.107938 0.000000
vt 1.000000 0.892062
vt 0.306209 0.000000
vt 0.422234 0.304770
vt 1.000000 0.305513
vt 0.305513 0.305513
vt 0.627665 0.088981
vt 0.768440 0.000000
vt 0.320640 0.559538
vt 0.317427 0.575737
vt 0.318638 0.567678
vt 0.564782 0.585049
vt 0.564782 0.585124
vt 0.390222 0.585077
vt 0.383926 0.540960
vt 0.390222 0.540776
vt 0.390222 0.558903
vt 0.375000 0.582728
vt 0.375000 0.541237
vt 0.375000 0.540960
vt 0.375000 0.585076
vt 0.343272 0.548704
vt 0.375000 0.580444
vt 0.375000 0.575759
vt 0.341464 0.557749
vt 0.343150 0.549313
s 0
usemtl Material.027
f 2746/3743/1986 2745/3744/1986 2727/3745/1986
f 2746/3746/1987 2727/3747/1987 2743/3748/1987
f 2747/3749/1988 2728/3747/1988 2727/3745/1988 2745/3750/1988
f 2749/3751/1989 2728/3745/1989 2747/3752/1989 2750/3753/1989 2748/3754/1989
f 2728/3747/1990 2729/3745/1990 2727/3755/1990
f 2729/3747/1991 2726/3745/1991 2727/3755/1991
f 2744/3756/1992 2743/3757/1992 2727/3755/1992 2726/3747/1992
f 2744/3758/1993 2726/3747/1993 2752/3759/1993 2751/3760/1993
f 2728/3755/1994 2749/3761/1994 2729/3745/1994
f 2729/3745/1995 2749/3762/1995 2754/3763/1995
f 2754/3764/1996 2753/3765/1996 2729/3755/1996
f 2726/3745/1997 2729/3755/1997 2753/3766/1997 2755/3767/1997 2752/3768/1997
s 1
f 2731/3772/2001 2732/3773/2001 2737/3774/2002 2734/3775/2003 2733/3776/2001 2730/3777/2001
usemtl Material.020
f 2741/3769/1998 2742/3770/1999 2740/3771/2000
f 2738/3778/2004 2735/3779/2005 2734/3780/2003 2737/3781/2002
f 2735/3782/2005 2738/3778/2004 2739/3783/2006 2742/3784/1999 2741/3785/1998 2736/3786/2006
o Toaster_cell.055
v -0.011499 -0.125097 0.244999
v 0.011078 -0.054788 0.248530
v -0.019786 -0.040312 0.214714
v 0.013523 -0.027034 0.244296
v -0.014337 -0.026954 0.218308
v -0.020153 -0.027228 0.221234
v 0.012978 -0.027879 0.253693
v -0.004827 -0.026224 0.253689
v -0.012946 -0.026199 0.253836
v -0.003574 -0.026380 0.246513
v 0.003574 -0.026399 0.246513
v 0.004385 -0.026250 0.253609
v -0.018333 -0.029283 0.253836
v -0.014225 -0.082805 0.253836
v -0.011277 -0.118879 0.253836
v -0.005157 -0.121042 0.253836
v 0.003941 -0.095381 0.253456
v 0.004827 -0.089857 0.253784
v 0.010983 -0.052686 0.253729
v 0.003574 -0.099357 0.250041
v 0.003574 -0.083743 0.246513
v -0.003574 -0.122011 0.248973
v -0.003574 -0.113724 0.246513
v -0.004827 -0.026224 0.253689
v -0.012946 -0.026199 0.253836
v -0.003574 -0.026380 0.246513
v 0.003574 -0.026399 0.246513
v -0.018333 -0.029283 0.253836
v -0.014225 -0.082805 0.253836
v -0.011277 -0.118879 0.253836
v -0.005157 -0.121042 0.253836
v 0.004827 -0.089857 0.253784
v 0.010983 -0.052686 0.253729
v 0.012978 -0.027879 0.253693
v -0.003574 -0.122011 0.248973
v -0.003574 -0.113724 0.246513
v 0.004385 -0.026250 0.253609
v 0.003941 -0.095381 0.253456
v 0.003574 -0.083743 0.246513
vn -0.0763 0.9935 0.0849
vn -0.0149 0.9979 0.0637
vn -0.9972 -0.0540 0.0523
vn -0.9954 -0.0764 0.0585
vn -0.9933 -0.0812 0.0820
vn 0.9831 -0.1627 0.0837
vn 0.9955 -0.0800 0.0505
vn -0.7378 0.0480 -0.6733
vn 0.7128 -0.1566 -0.6836
vn 0.6797 -0.0812 -0.7290
vn -0.4279 0.3935 -0.8137
vn 0.5092 -0.2449 -0.8251
vn 0.2330 -0.9364 0.2624
vn 0.9809 0.0012 0.1945
vn 0.9625 0.0012 0.2713
vn 0.6395 0.0008 0.7688
vn 0.6337 0.0012 0.7736
vn 0.7395 0.0013 0.6732
vn -0.0080 0.0025 1.0000
vn -0.0115 0.0025 0.9999
vn -0.3299 0.0003 0.9440
vn -0.3474 0.0002 0.9377
vn -0.0000 -0.0000 1.0000
vn -0.0510 0.9976 -0.0472
vn -0.2766 -0.7826 0.5576
vn 0.0075 0.0006 1.0000
vt 0.723886 0.723886
vt 0.000000 0.000000
vt 1.000000 0.000000
vt 0.749343 0.749343
vt 0.732857 0.732857
vt 1.000000 0.426487
vt 0.767005 0.767005
vt 0.426486 0.426486
vt 0.150366 0.000000
vt 0.323008 0.000000
vt 1.000000 0.093855
vt 0.442687 0.072377
vt 0.327218 0.046044
vt 1.000000 0.157581
vt 0.093855 0.093855
vt 0.676992 0.000000
vt 1.000000 0.264634
vt 1.000000 1.000000
vt 0.264634 0.264634
vt 0.401968 0.346187
vt 0.117882 0.000000
vt 0.310419 0.000000
vt 0.242513 0.094161
vt 1.000000 0.276296
vt 0.310419 0.310419
vt 0.391809 0.628291
vt 0.399158 0.628291
vt 0.476608 0.628291
vt 0.476723 0.628291
vt 0.391668 0.628291
vt 0.554397 0.615841
vt 0.565327 0.616763
vt 0.476724 0.620555
vt 0.420321 0.620555
vt 0.420321 0.620555
vt 0.476721 0.621709
vt 0.419254 0.620653
vt 0.564782 0.627160
vt 0.391333 0.621709
vt 0.563671 0.628291
vt 0.715570 0.677423
vt 0.877724 0.738015
vt 0.908023 0.908023
vt 0.749343 0.000000
vt 0.773775 0.137148
vt 0.803258 0.451024
vt 0.672496 0.435631
vt 0.624998 0.042344
vt 0.150366 0.150366
vt 0.392562 0.629445
vt 0.476747 0.629445
vt -0.377289 0.644981
vt 0.544484 0.641217
vt -1.441140 0.655723
vt 0.377569 0.635545
s 0
usemtl Material.027
f 2789/3787/2007 2759/3788/2007 2760/3789/2007
f 2783/3790/2008 2760/3788/2008 2761/3789/2008
f 2761/3788/2009 2758/3789/2009 2783/3791/2009
f 2758/3788/2010 2756/3789/2010 2784/3792/2010 2783/3793/2010
f 2784/3794/2011 2756/3788/2011 2785/3795/2011
f 2775/3796/2012 2757/3789/2012 2788/3797/2012 2787/3798/2012 2793/3799/2012
f 2757/3788/2013 2759/3789/2013 2789/3800/2013 2788/3801/2013
f 2757/3788/2014 2775/3802/2014 2793/3803/2014 2759/3804/2014
f 2758/3789/2015 2759/3804/2015 2793/3805/2015 2776/3806/2015 2791/3807/2015
f 2758/3788/2016 2760/3789/2016 2759/3804/2016
f 2758/3788/2017 2761/3789/2017 2760/3804/2017
f 2790/3808/2018 2756/3789/2018 2758/3804/2018 2791/3809/2018
f 2786/3810/2019 2756/3804/2019 2790/3811/2019
s 1
f 2774/3817/2025 2762/3818/2025 2792/3819/2026 2773/3820/2027
f 2773/3821/2027 2792/3822/2026 2772/3823/2028
s 0
f 2766/3827/2030 2767/3828/2030 2789/3829/2030 2760/3788/2030 2783/3830/2030 2780/3831/2030 2779/3832/2030 2765/3833/2030
f 2786/3834/2031 2785/3835/2031 2756/3788/2031
s 1
f 2771/3836/2024 2763/3837/2023 2764/3838/2032 2768/3839/2032 2769/3840/2032 2770/3841/2032
usemtl Material.020
f 2777/3812/2020 2778/3813/2021 2781/3814/2022 2763/3815/2023 2771/3816/2024
f 2778/3824/2021 2794/3825/2029 2782/3825/2029 2781/3826/2022
o Toaster_cell.056
v -0.011794 -0.126858 0.246555
v -0.011685 -0.126570 0.253836
v -0.004839 -0.124907 0.253836
vn -0.2359 0.9711 -0.0349
vt 0.141930 0.000000
vt 1.000000 0.000000
vt 1.000000 0.127603
s 0
usemtl Material.027
f 2797/3842/2033 2795/3843/2033 2796/3844/2033
o Toaster_cell.057
v -0.037165 0.039466 -0.151051
v -0.063150 0.039537 -0.151271
v -0.090454 0.086942 -0.142320
v -0.087053 0.080822 -0.146829
v -0.088716 0.074999 -0.140572
v -0.083009 0.039276 -0.122764
v -0.081218 0.038937 -0.005281
v -0.091956 0.118736 -0.000582
v -0.064364 0.038695 -0.000657
v -0.085527 0.114021 -0.000029
v -0.063296 0.140587 -0.135628
v -0.065781 0.144538 -0.138085
v -0.063296 0.047101 0.000757
v -0.079128 0.145048 0.000063
v -0.065781 0.144538 0.000350
v -0.063296 0.066586 0.001616
v -0.063296 0.057840 0.001691
v -0.086978 0.145201 -0.000377
v -0.095602 0.145369 -0.001653
v -0.096917 0.145395 -0.067468
v -0.063296 0.038914 -0.057722
v -0.063296 0.039358 -0.134928
v -0.038057 0.039377 -0.135628
v -0.097770 0.145412 -0.130849
v -0.093243 0.145323 -0.137313
v -0.085400 0.143657 -0.148335
v -0.051600 0.143379 -0.150178
v -0.042931 0.143390 -0.150104
v -0.042583 0.140587 -0.135628
v -0.042885 0.144835 -0.140542
v -0.077058 0.143384 -0.150143
v -0.079128 0.145048 0.000063
v -0.086978 0.145201 -0.000377
v -0.063296 0.066586 0.001616
v -0.063296 0.057840 0.001691
v -0.063296 0.038914 -0.057722
v -0.063296 0.039358 -0.134928
v -0.096917 0.145395 -0.067468
v -0.097770 0.145412 -0.130849
v -0.093243 0.145323 -0.137313
v -0.051600 0.143379 -0.150178
v -0.042931 0.143390 -0.150104
v -0.042885 0.144835 -0.140542
v -0.077058 0.143384 -0.150143
v -0.085400 0.143657 -0.148335
v -0.063296 0.047101 0.000757
v -0.064364 0.038695 -0.000657
v -0.065781 0.144538 0.000350
v -0.095602 0.145369 -0.001653
v -0.038057 0.039377 -0.135628
v -0.042583 0.140587 -0.135628
vn -0.2641 -0.1272 0.9561
vn -0.0557 0.0085 0.9984
vn -0.0891 -0.0048 0.9960
vn -0.2751 -0.0922 0.9570
vn -0.0136 -0.9999 -0.0027
vn -0.9906 -0.1347 0.0234
vn -0.9907 -0.1346 0.0197
vn -0.9898 -0.1415 0.0171
vn -0.9885 -0.1506 0.0146
vn -0.0054 -1.0000 -0.0039
vn 0.0006 -1.0000 -0.0057
vn -0.1161 0.0141 0.9931
vn -0.7556 -0.3849 -0.5299
vn -0.9918 -0.1267 0.0133
vn -0.8158 0.0106 -0.5782
vn -0.7941 0.0063 -0.6077
vn -0.8904 -0.1901 -0.4137
vn -0.7484 -0.3744 -0.5475
vn 0.0085 0.0096 -0.9999
vn -0.0014 0.0107 -0.9999
vn -0.2124 -0.0178 -0.9770
vn -0.0209 0.0156 0.9997
vn -0.0026 -0.9999 -0.0110
vn 0.7130 0.0096 0.7011
vn 0.6410 0.4210 0.6418
vn 0.7173 0.6967 0.0044
vn 0.9999 0.0099 0.0068
vn 0.0276 0.9996 -0.0004
vn 0.1659 0.9815 0.0958
vn 0.0201 0.9992 -0.0353
vn 0.0364 0.3892 0.9204
vn 0.0152 0.0038 0.9999
vn 0.0325 0.9617 0.2723
vn 0.0020 0.9930 -0.1182
vn 0.9985 0.0501 0.0224
vt 1.000000 0.228792
vt 0.832706 0.832706
vt 0.000000 0.000000
vt 0.617642 0.000000
vt 1.000000 0.000000
vt 1.000000 0.860614
vt 0.878465 0.878465
vt 0.344079 0.344079
vt 0.860614 0.860614
vt 1.000000 0.832706
vt 0.888389 0.888389
vt 1.000000 1.000000
vt 1.000000 0.318987
vt 0.460180 0.000000
vt 0.318987 0.318987
vt 0.530914 0.000000
vt 0.430006 0.000000
vt 0.530914 0.530914
vt 0.454771 0.000000
vt 1.000000 0.102279
vt 0.345486 0.345486
vt 1.000000 0.382358
vt 1.000000 0.539820
vt 0.459749 0.000000
vt 0.459749 0.459749
vt 0.687028 0.461241
vt 1.000000 0.474457
vt 0.452035 0.000000
vt 0.666305 0.000000
vt 1.000000 0.333472
vt 0.665876 0.000000
vt 0.666305 0.666305
vt 1.000000 0.547965
vt 0.665876 0.665876
vt 0.748719 0.345380
vt 1.000000 0.344080
vt 1.000000 0.878465
vt 1.000000 0.569994
vt 0.816789 0.683287
vt 0.749772 0.683287
vt 0.749204 0.683287
vt 0.749170 0.683287
vt 0.749628 0.683287
vt 0.750312 0.683287
vt 0.778425 0.683287
vt 0.783224 0.714248
vt 0.750347 0.708841
vt 0.750186 0.705095
vt 0.749969 0.697866
vt 0.749856 0.687863
vt 0.819209 0.687863
vt 0.817619 0.710864
vt 0.814436 0.715033
vt 0.816789 0.664213
vt 0.816789 0.683287
vt 0.816789 0.682241
vt 0.816789 0.659035
vt 0.816951 0.683593
vt 0.816789 0.664344
vt 0.818048 0.685575
vt 0.818048 0.664446
vt 0.818048 0.664491
vt 0.818011 0.705190
vt 0.819209 0.687863
vt 0.831808 0.664491
vt 0.831808 0.664533
vt 0.831808 0.672516
vt 0.818649 0.695960
vt 0.351265 0.253918
vt 1.000000 0.896466
vt 0.333472 0.333472
vt 0.324079 0.259975
s 0
usemtl Material.027
f 2844/3845/2034 2843/3846/2034 2804/3847/2034
f 2830/3848/2035 2807/3849/2035 2832/3850/2035 2831/3851/2035 2829/3852/2035
f 2807/3847/2036 2805/3849/2036 2832/3853/2036
f 2805/3847/2037 2804/3849/2037 2843/3854/2037 2832/3855/2037
f 2803/3847/2038 2844/3849/2038 2804/3856/2038
f 2804/3856/2039 2805/3847/2039 2846/3857/2039
f 2835/3858/2040 2800/3849/2040 2804/3856/2040 2846/3859/2040
f 2800/3847/2041 2802/3849/2041 2804/3856/2041
f 2802/3847/2042 2803/3849/2042 2804/3856/2042
f 2844/3856/2043 2803/3847/2043 2833/3860/2043
f 2803/3847/2044 2834/3861/2044 2833/3862/2044
f 2834/3863/2044 2798/3849/2044 2847/3864/2044
f 2846/3865/2045 2805/3847/2045 2807/3849/2045 2830/3866/2045
f 2802/3847/2046 2799/3849/2046 2803/3856/2046
f 2800/3849/2047 2835/3867/2047 2836/3868/2047
f 2800/3856/2048 2836/3869/2048 2837/3870/2048 2842/3871/2048
f 2801/3849/2049 2800/3856/2049 2842/3872/2049
f 2801/3847/2050 2802/3849/2050 2800/3856/2050
f 2801/3847/2051 2799/3849/2051 2802/3856/2051
f 2798/3856/2052 2799/3847/2052 2838/3873/2052 2839/3874/2052
f 2799/3847/2053 2841/3875/2053 2838/3876/2053
f 2799/3847/2054 2801/3849/2054 2842/3877/2054 2841/3878/2054
f 2812/3879/2055 2829/3880/2055 2831/3881/2055
f 2803/3856/2056 2799/3847/2056 2798/3849/2056 2834/3882/2056
s 1
f 2817/3890/2061 2816/3891/2061 2815/3892/2061 2811/3893/2061 2845/3894/2059 2809/3895/2062 2822/3896/2063 2821/3897/2061
f 2809/3904/2062 2848/3905/2064 2840/3906/2066
f 2823/3907/2067 2822/3896/2063 2809/3908/2062 2840/3909/2066 2825/3910/2067 2824/3911/2067 2828/3912/2067
s 0
f 2826/3913/2068 2847/3914/2068 2798/3856/2068 2839/3915/2068 2827/3916/2068
s 1
usemtl Material.020
f 2819/3883/2057 2808/3883/2058 2845/3884/2059 2813/3885/2060 2814/3886/2060 2810/3887/2060 2806/3888/2060 2818/3889/2060
f 2848/3898/2064 2808/3899/2058 2819/3900/2057 2820/3901/2065
f 2809/3902/2062 2808/3899/2058 2848/3903/2064
f 2845/3884/2059 2808/3883/2058 2809/3902/2062
o Toaster_cell.058
v -0.009399 0.056851 0.160447
v -0.009688 0.092221 0.173166
v -0.054812 0.073998 0.246778
v -0.059260 0.041878 0.182022
v -0.041916 0.038710 0.153817
v -0.055900 0.036000 0.164659
v -0.067010 0.065459 0.189420
v -0.061105 0.065178 0.169634
v -0.065310 0.061429 0.179501
v -0.042947 0.119937 0.182758
v -0.051774 0.040862 0.155429
v -0.057039 0.038985 0.159941
v -0.021099 0.107310 0.230648
v -0.036907 0.133674 0.188872
v -0.043272 0.133768 0.188576
v -0.052826 0.131325 0.196194
v -0.056311 0.128384 0.205366
v -0.070594 0.103786 0.233033
v -0.060977 0.087346 0.244163
v -0.054780 0.076903 0.251233
v -0.033374 0.084082 0.246373
v -0.009433 0.097838 0.237190
v -0.009486 0.107310 0.230648
v -0.009670 0.132946 0.191141
v -0.009624 0.128384 0.205366
v -0.013324 0.091472 0.241586
v -0.021099 0.088560 0.243342
v -0.052826 0.131325 0.196194
v -0.056311 0.128384 0.205366
v -0.070594 0.103786 0.233033
v -0.060977 0.087346 0.244163
v -0.054780 0.076903 0.251233
v -0.033374 0.084082 0.246373
v -0.009486 0.107310 0.230648
v -0.009624 0.128384 0.205366
v -0.009433 0.097838 0.237190
v -0.009670 0.132946 0.191141
v -0.013324 0.091472 0.241586
v -0.021099 0.088560 0.243342
v -0.036907 0.133674 0.188872
v -0.043272 0.133768 0.188576
vn 0.0485 0.3883 -0.9203
vn -0.9326 0.2321 -0.2763
vn -0.9546 0.1804 -0.2370
vn -0.9000 -0.3615 0.2437
vn -0.8975 -0.3664 0.2454
vn 0.3753 -0.7776 0.5045
vn 0.8922 -0.3982 0.2130
vn 1.0000 0.0043 -0.0019
vn 0.0756 0.3963 -0.9150
vn 0.9935 0.0457 -0.1046
vn -0.0807 0.3336 -0.9392
vn -0.4083 0.3386 -0.8477
vn -0.5850 0.3537 -0.7299
vn 0.0107 0.3384 -0.9409
vn 0.0048 0.3357 -0.9420
vn -0.9229 0.2372 -0.3031
vn -0.9202 0.0020 -0.3914
vn -0.9517 -0.3018 -0.0562
vn -0.9530 -0.3002 -0.0414
vn -0.8954 -0.3714 0.2457
vn 0.3987 -0.8322 0.3854
vn 0.4115 -0.8309 0.3744
vn 0.4085 -0.8376 0.3626
vn 0.4118 -0.8542 0.3176
vn -0.2120 -0.8482 -0.4855
vn -0.2628 -0.7428 -0.6157
vn -0.6748 0.1618 -0.7201
vn -0.9120 -0.4084 -0.0382
vn -0.0034 0.5623 0.8269
vn -0.0077 0.6678 0.7443
vn -0.0051 0.6630 0.7486
vn -0.0000 0.5606 0.8281
vn -0.0054 0.8734 0.4870
vn -0.0066 0.8506 0.5257
vn -0.0099 0.6686 0.7436
vn -0.0000 0.9522 0.3054
vn -0.0091 0.5652 0.8249
vt 0.817284 0.000000
vt 1.000000 0.000000
vt 1.000000 0.183167
vt 0.404839 0.000000
vt 0.969465 0.405442
vt 0.518379 0.099624
vt 0.422313 0.422313
vt 0.000000 0.000000
vt 0.478676 0.000000
vt 0.382174 0.382174
vt 0.478676 0.478676
vt 1.000000 0.078142
vt 0.472634 0.000000
vt 0.078141 0.078141
vt 1.000000 0.536263
vt 0.062488 0.000000
vt 0.563492 0.443971
vt 0.536263 0.536263
vt 0.550348 0.000000
vt 0.581344 0.143088
vt 1.000000 0.182716
vt 0.398354 0.398354
vt 0.550347 0.550347
vt 1.000000 1.000000
vt 0.593282 0.000000
vt 1.000000 0.765301
vt 0.593282 0.593282
vt 0.989320 0.921339
vt 0.790673 0.747499
vt 0.472634 0.472634
vt 0.930550 0.930550
vt 0.609462 0.644429
vt 0.609462 0.690008
vt 0.609462 0.681151
vt 0.609462 0.675445
vt 0.609462 0.655733
vt 0.609462 0.633862
vt 0.609462 0.676855
vt 0.609462 0.688688
vt 0.609462 0.633735
vt 0.668192 0.673645
vt 0.668192 0.676855
vt 0.668192 0.633862
vt 0.668192 0.633996
vt 0.668192 0.658986
vt 0.668192 0.664848
vt 0.566592 0.633472
vt 0.581895 0.633541
vt 0.585003 0.644429
s 0
usemtl Material.027
f 2888/3917/2069 2858/3918/2069 2889/3919/2069
f 2876/3920/2070 2857/3918/2070 2878/3921/2070 2877/3922/2070
f 2878/3923/2071 2857/3924/2071 2855/3918/2071
f 2855/3924/2072 2879/3925/2072 2878/3926/2072
f 2879/3927/2073 2855/3924/2073 2851/3918/2073 2880/3928/2073
f 2851/3924/2074 2881/3929/2074 2880/3930/2074
f 2884/3931/2075 2886/3932/2075 2849/3918/2075
f 2882/3933/2076 2884/3934/2076 2849/3924/2076 2885/3935/2076 2883/3936/2076
f 2850/3924/2077 2858/3918/2077 2888/3937/2077 2885/3938/2077
f 2849/3924/2078 2850/3918/2078 2885/3939/2078
f 2853/3924/2079 2859/3918/2079 2858/3940/2079
f 2859/3924/2080 2856/3918/2080 2858/3940/2080
f 2858/3940/2081 2856/3924/2081 2876/3941/2081 2889/3942/2081
f 2850/3924/2082 2849/3918/2082 2858/3940/2082
f 2849/3924/2083 2853/3918/2083 2858/3940/2083
f 2856/3924/2084 2857/3918/2084 2876/3943/2084
f 2856/3924/2085 2860/3918/2085 2857/3940/2085
f 2860/3924/2086 2852/3918/2086 2857/3940/2086
f 2852/3924/2087 2855/3918/2087 2857/3940/2087
f 2855/3940/2088 2852/3924/2088 2851/3918/2088
f 2852/3918/2089 2886/3944/2089 2887/3945/2089 2881/3946/2089 2851/3924/2089
f 2852/3924/2090 2849/3918/2090 2886/3947/2090
f 2852/3924/2091 2854/3918/2091 2849/3940/2091
f 2854/3924/2092 2853/3918/2092 2849/3940/2092
f 2854/3924/2093 2860/3918/2093 2853/3940/2093
f 2860/3924/2094 2859/3918/2094 2853/3940/2094
f 2860/3924/2095 2856/3918/2095 2859/3940/2095
f 2854/3924/2096 2852/3918/2096 2860/3940/2096
s 1
f 2875/3948/2097 2861/3948/2098 2866/3949/2099 2867/3950/2100 2868/3951/2100 2869/3952/2100
f 2873/3953/2101 2865/3954/2102 2866/3955/2099 2861/3948/2098 2871/3956/2103
f 2864/3957/2104 2865/3958/2102 2873/3959/2101 2872/3960/2104 2862/3961/2104 2863/3962/2104
f 2874/3963/2105 2870/3964/2105 2871/3956/2103 2861/3948/2098 2875/3965/2097
o Toaster_cell.059
v -0.045479 -0.072853 -0.217270
v -0.009561 -0.076955 -0.216594
v -0.000933 -0.097759 -0.216032
v -0.008989 -0.061097 -0.212553
v -0.021035 -0.054445 -0.212310
v -0.046797 -0.065306 -0.214687
v 0.002332 -0.071583 -0.207908
v -0.046841 -0.140968 -0.134932
v -0.037400 -0.140968 -0.129865
v -0.020828 -0.140968 -0.121218
v -0.011043 -0.140968 -0.126940
v 0.024731 -0.140968 -0.151170
v 0.018418 -0.140968 -0.167083
v -0.000961 -0.140968 -0.215786
v -0.019794 -0.140968 -0.216249
v -0.046564 -0.140968 -0.215999
v -0.046841 -0.140968 -0.134932
v -0.037400 -0.140968 -0.129865
v -0.020828 -0.140968 -0.121218
v -0.011043 -0.140968 -0.126940
v -0.046564 -0.140968 -0.215999
v 0.024731 -0.140968 -0.151170
v -0.000961 -0.140968 -0.215786
v -0.019794 -0.140968 -0.216249
v 0.018418 -0.140968 -0.167083
vn 0.3951 0.6935 0.6025
vn 0.1139 0.2415 -0.9637
vn 0.0421 0.2075 -0.9773
vn -0.0459 0.3163 -0.9475
vn -0.3465 0.6806 0.6455
vn -0.3384 0.6819 0.6485
vn 0.3734 0.6731 0.6384
vn 0.4256 0.6512 0.6283
vn 0.9295 -0.0015 -0.3688
vn 0.0512 -0.0057 -0.9987
vn 0.0202 -0.0086 -0.9998
vn -0.0094 -0.0185 -0.9998
vn -0.8844 0.0054 -0.4667
vn -1.0000 -0.0030 -0.0034
vn 0.9291 -0.0027 -0.3697
vn 0.5202 0.1933 -0.8319
vn -0.0000 -1.0000 -0.0000
vt 0.000000 0.000000
vt 1.000000 0.000000
vt 1.000000 1.000000
vt 1.000000 0.366550
vt 0.601786 0.000000
vt 0.366550 0.366550
vt 1.000000 0.366887
vt 0.419492 0.000000
vt 0.366887 0.366887
vt 1.000000 0.421198
vt 0.419492 0.419492
vt 0.421198 0.421198
vt 0.538866 0.000000
vt 1.000000 0.437837
vt 0.437837 0.437837
vt 0.422612 0.000000
vt 0.422612 0.422612
vt 1.000000 0.422516
vt 0.397109 0.000000
vt 1.000000 0.398214
vt 0.397109 0.397109
vt 0.535715 0.000000
vt 1.000000 0.461134
vt 0.185489 0.595139
vt 0.186905 0.640483
vt 0.185892 0.650968
vt 0.184204 0.663413
vt 0.183246 0.669786
vt 0.161204 0.668468
vt 0.162605 0.648262
vt 0.163424 0.626674
vt 0.186141 0.601615
s 0
usemtl Material.027
f 2896/3966/2106 2893/3967/2106 2894/3968/2106
f 2893/3966/2107 2891/3967/2107 2894/3968/2107
f 2891/3966/2108 2890/3967/2108 2894/3968/2108
f 2890/3966/2109 2895/3967/2109 2894/3968/2109
f 2907/3969/2110 2894/3968/2110 2895/3966/2110 2906/3970/2110
f 2894/3968/2111 2907/3971/2111 2908/3972/2111
f 2909/3973/2112 2896/3967/2112 2894/3968/2112 2908/3974/2112
f 2911/3975/2113 2896/3968/2113 2909/3976/2113
f 2892/3967/2114 2896/3968/2114 2911/3977/2114 2914/3978/2114
f 2891/3968/2115 2892/3966/2115 2912/3979/2115
f 2890/3967/2116 2891/3968/2116 2912/3980/2116 2913/3981/2116
f 2890/3968/2117 2913/3982/2117 2910/3983/2117
f 2895/3967/2118 2890/3968/2118 2910/3984/2118
f 2906/3985/2119 2895/3968/2119 2910/3986/2119
f 2912/3987/2120 2892/3967/2120 2914/3988/2120
f 2892/3966/2121 2891/3967/2121 2893/3967/2121 2896/3968/2121
s 1
usemtl Material.020
f 2901/3989/2122 2900/3990/2122 2899/3991/2122 2898/3992/2122 2897/3993/2122 2905/3994/2122 2904/3995/2122 2903/3996/2122 2902/3997/2122
o Toaster_cell.060
v -0.044186 0.121120 0.181334
v -0.090953 0.106975 0.145339
v -0.084349 0.114180 0.001981
v -0.084350 0.088480 0.153875
v -0.079973 0.092409 0.163528
v -0.065202 0.040530 0.142771
v -0.062445 0.066681 0.168474
v -0.056138 0.041350 0.154812
v -0.068265 0.144835 0.140542
v -0.063962 0.142983 0.136286
v -0.085661 0.145175 0.001690
v -0.088965 0.145240 0.062132
v -0.043570 0.140968 0.166127
v -0.044895 0.139982 0.135628
v -0.044242 0.144835 0.140542
v -0.048958 0.095095 0.135628
v -0.065781 0.144538 0.001852
v -0.063296 0.060224 0.003156
v -0.063296 0.044714 0.091327
v -0.092640 0.145312 0.137391
v -0.093191 0.143261 0.150958
v -0.085325 0.140968 0.166127
v -0.090437 0.142428 0.156470
v -0.044580 0.134330 0.186824
v -0.073078 0.136883 0.178866
v -0.053863 0.133443 0.189590
v -0.056577 0.041435 0.135628
v -0.063296 0.040917 0.113175
v -0.063296 0.040767 0.135628
v -0.080832 0.138363 0.174249
v -0.085661 0.145175 0.001690
v -0.088965 0.145240 0.062132
v -0.044895 0.139982 0.135628
v -0.048958 0.095095 0.135628
v -0.063296 0.060224 0.003156
v -0.063296 0.044714 0.091327
v -0.092640 0.145312 0.137391
v -0.093191 0.143261 0.150958
v -0.085325 0.140968 0.166127
v -0.090437 0.142428 0.156470
v -0.053863 0.133443 0.189590
v -0.073078 0.136883 0.178866
v -0.056577 0.041435 0.135628
v -0.063296 0.040917 0.113175
v -0.063296 0.040767 0.135628
v -0.080832 0.138363 0.174249
v -0.065781 0.144538 0.001852
v -0.044580 0.134330 0.186824
v -0.043570 0.140968 0.166127
v -0.044242 0.144835 0.140542
vn 0.0079 -0.0091 -0.9999
vn -0.9976 -0.0427 -0.0545
vn 0.9986 0.0084 0.0514
vn 0.9946 -0.0900 -0.0526
vn -0.9292 -0.3640 -0.0640
vn -0.9315 -0.3586 -0.0609
vn -0.9974 -0.0540 -0.0487
vn 0.9968 -0.0683 -0.0411
vn -0.8952 -0.1216 0.4288
vn -0.5046 -0.2007 0.8397
vn 0.3355 -0.3281 0.8830
vn 0.4327 -0.3422 0.8341
vn 0.9898 -0.1406 -0.0233
vn -0.9263 -0.3713 -0.0645
vn 0.0989 -0.9951 -0.0067
vn -0.6899 -0.4691 0.5513
vn -0.7539 -0.4184 0.5065
vn -0.9317 -0.3589 -0.0569
vn -0.7532 -0.4150 0.5104
vn -0.5293 -0.2021 0.8240
vn -0.0000 0.9522 0.3054
vn -0.0000 0.9737 0.2276
vn -0.0000 0.9790 0.2040
vn -0.8846 -0.1216 0.4503
vn 0.9998 0.0166 -0.0054
vn 0.7024 0.7118 -0.0041
vn 0.4484 0.7736 -0.4477
vn 0.7183 0.0153 -0.6956
vn 0.0175 -0.0149 -0.9997
vn 0.0252 0.9997 -0.0007
vn 0.0133 0.9974 0.0705
vn 0.0610 0.9979 0.0210
vn 0.0317 0.3703 -0.9284
vn -0.0240 0.0044 -0.9997
vn 0.0391 0.9627 -0.2675
vn -0.0000 0.9888 0.1495
vt 1.000000 0.000000
vt 1.000000 0.379297
vt 0.621945 0.000000
vt 0.000000 0.000000
vt 0.383051 0.000000
vt 0.379297 0.379297
vt 0.819420 0.000000
vt 0.969477 0.236891
vt 0.328302 0.000000
vt 0.254044 0.254044
vt 1.000000 1.000000
vt 0.134071 0.134071
vt 0.631054 0.000000
vt 0.410985 0.000000
vt 0.522472 0.096103
vt 1.000000 0.616949
vt 0.262188 0.013065
vt 0.319404 0.148675
vt 0.274181 0.274181
vt 1.000000 0.505200
vt 0.410985 0.410985
vt 1.000000 0.519794
vt 0.453262 0.000000
vt 0.398661 0.000000
vt 0.765054 0.765054
vt 1.000000 0.671698
vt 0.170226 0.000000
vt 0.368946 0.000000
vt 0.294024 0.294024
vt 1.000000 0.294024
vt 0.853056 0.088538
vt 0.170226 0.170226
vt 0.447577 0.447577
vt 1.000000 0.546738
vt 0.668192 0.673321
vt 0.668192 0.665980
vt 0.668192 0.665122
vt 0.668192 0.703572
vt 0.668192 0.699435
vt 0.668192 0.692295
vt 0.447577 0.000000
vt 0.492115 0.150555
vt 0.505200 0.505200
vt 0.748446 0.683287
vt 0.749038 0.683287
vt 0.683211 0.683287
vt 0.683211 0.683287
vt 0.694268 0.683287
vt 0.705026 0.683287
vt 0.832112 0.454105
vt 0.134071 0.000000
vt 0.749129 0.689663
vt 0.749168 0.703882
vt 0.719403 0.706924
vt 0.682342 0.710309
vt 0.680791 0.687863
vt 0.683211 0.683287
vt 0.683211 0.666342
vt 0.683211 0.670083
vt 0.683211 0.677100
vt 0.681952 0.666080
vt 0.683049 0.683594
vt 0.681952 0.685575
vt 0.683049 0.666258
vt 0.683049 0.666046
vt 0.749088 0.685575
vt 0.680791 0.665741
vt 0.668192 0.687863
vt 0.668192 0.710309
vt 0.668192 0.710816
vt 0.668192 0.708280
vt 0.680791 0.664976
s 0
usemtl Material.027
f 2917/3998/2123 2945/3999/2123 2961/4000/2123
f 2917/4001/2124 2946/4002/2124 2945/4003/2124
f 2962/4004/2125 2915/3998/2125 2963/4005/2125
f 2915/4001/2126 2948/4006/2126 2947/4007/2126
f 2920/3998/2127 2917/4008/2127 2949/4009/2127 2950/4010/2127
f 2920/4001/2128 2916/3998/2128 2917/4008/2128
f 2917/4008/2129 2916/4001/2129 2952/4011/2129 2951/4012/2129 2946/4013/2129
f 2947/4014/2130 2929/4015/2130 2963/4016/2130 2915/4001/2130
f 2916/4001/2131 2918/3998/2131 2954/4017/2131 2952/4018/2131
f 2955/4019/2132 2956/4020/2132 2921/3998/2132
f 2955/4021/2133 2921/3998/2133 2915/4008/2133 2962/4022/2133
f 2921/4001/2134 2922/3998/2134 2915/4008/2134
f 2948/4023/2135 2915/4008/2135 2922/4001/2135 2957/4024/2135
f 2920/4001/2136 2950/4025/2136 2958/4026/2136
f 2922/4001/2137 2920/3998/2137 2958/4027/2137 2959/4028/2137 2957/4029/2137
f 2922/4001/2138 2921/3998/2138 2920/4008/2138
f 2921/4001/2139 2918/3998/2139 2920/4008/2139
f 2918/4001/2140 2916/3998/2140 2920/4008/2140
f 2921/4001/2141 2919/3998/2141 2918/4008/2141
f 2944/4030/2142 2919/4001/2142 2921/3998/2142 2956/4031/2142
s 1
f 2940/4032/2143 2938/4033/2143 2927/4034/2144 2936/4035/2145 2960/4036/2143 2939/4037/2143
s 0
f 2918/4008/2146 2919/4001/2146 2944/4038/2146 2953/4039/2146 2954/4040/2146
f 2961/4047/2151 2949/4048/2151 2917/3998/2151
s 1
f 2931/4049/2148 2925/4050/2152 2926/4051/2152 2934/4052/2153 2923/4053/2154
f 2964/4064/2157 2923/4065/2154 2934/4066/2153 2935/4067/2158 2937/4068/2158 2936/4035/2145 2927/4069/2144
usemtl Material.020
f 2932/4041/2147 2931/4042/2148 2924/4043/2149 2943/4044/2150 2942/4045/2147 2933/4046/2147
f 2924/4054/2149 2928/4055/2155 2930/4056/2156 2941/4057/2156 2943/4054/2150
f 2964/4058/2157 2924/4059/2149 2923/4060/2154
f 2928/4061/2155 2924/4059/2149 2964/4062/2157
f 2931/4063/2148 2923/4060/2154 2924/4059/2149
o Toaster_cell.061
v 0.105805 0.111718 0.176660
v 0.105404 0.093556 0.197955
v 0.101700 0.108576 0.174109
v 0.075211 0.082906 0.166539
v 0.059737 0.033481 0.150413
v 0.065391 -0.006227 0.137764
v 0.119544 -0.023139 0.132172
v 0.076335 -0.017542 0.134337
v 0.068614 0.066634 0.174829
v 0.064219 0.065189 0.169541
v 0.100007 -0.016978 0.169881
v 0.073531 -0.017139 0.141907
v 0.135742 0.104760 0.185488
v 0.135742 0.083545 0.210935
v 0.134122 0.109608 0.189546
v 0.134027 0.099111 0.202682
v 0.132826 0.118102 0.178420
v 0.134017 0.087269 0.216666
v 0.135742 0.076089 0.218412
v 0.135742 0.037950 0.220594
v 0.135742 0.055608 0.157169
v 0.135742 0.108354 0.174282
v 0.135742 0.020649 0.221388
v 0.135742 -0.008417 0.211748
v 0.135742 0.012741 0.221382
v 0.135742 0.003994 0.217414
v 0.135742 -0.019259 0.157487
v 0.135742 -0.022964 0.132182
v 0.134122 0.109608 0.189546
v 0.132826 0.118102 0.178420
v 0.134027 0.099111 0.202682
v 0.134017 0.087269 0.216666
v 0.135742 0.076089 0.218412
v 0.135742 0.037950 0.220594
v 0.135742 0.055608 0.157169
v 0.135742 0.108354 0.174282
v 0.135742 0.020649 0.221388
v 0.135742 -0.008417 0.211748
v 0.135742 0.003994 0.217414
v 0.135742 -0.019259 0.157487
v 0.135742 -0.022964 0.132182
v 0.135742 0.012741 0.221382
vn -0.2199 0.7629 0.6080
vn -0.2469 0.7396 0.6261
vn -0.5392 0.0481 0.8408
vn -0.1254 0.7190 -0.6836
vn 0.0069 0.3222 -0.9466
vn -0.6987 0.6115 0.3712
vn -0.6833 0.5618 0.4663
vn -0.6941 0.5298 0.4875
vn -0.5539 0.0336 0.8319
vn -0.6869 -0.3212 0.6519
vn -0.6933 -0.2961 0.6570
vn -0.6937 -0.2976 0.6559
vn -0.6937 -0.2991 0.6552
vn 0.0106 -0.9894 0.1449
vn -0.0027 0.3031 -0.9530
vn -0.0413 0.3216 -0.9460
vn -0.7785 0.4012 -0.4827
vn -0.7200 0.5238 0.4552
vn -0.7213 -0.3014 0.6236
vn -0.7332 -0.6371 -0.2377
vn -0.1282 -0.9917 0.0053
vn -0.1064 -0.9886 0.1064
vn 0.0295 -0.9839 0.1760
vn -0.0712 -0.9781 0.1954
vn -0.0119 0.2792 -0.9601
vn 0.9638 0.2538 0.0815
vn 0.9673 0.2226 0.1219
vn 0.9896 0.1278 0.0661
vn 0.9915 0.1242 0.0399
vn 0.9683 0.1849 0.1681
vn 0.9916 0.0961 0.0868
vn 0.9682 0.1918 0.1609
vn 0.9986 0.0376 0.0375
vn 1.0000 -0.0000 -0.0000
vn -0.0039 0.3029 -0.9530
vt 0.662808 0.000000
vt 1.000000 0.000000
vt 1.000000 0.350988
vt 0.807443 0.160258
vt 0.000000 0.000000
vt 0.927432 0.354214
vt 0.350988 0.350988
vt 0.354080 0.354080
vt 0.563510 0.000000
vt 0.416937 0.292567
vt 0.374806 0.374806
vt 0.595653 0.000000
vt 1.000000 0.374806
vt 0.940264 0.344399
vt 1.000000 1.000000
vt 0.739931 0.000000
vt 0.816645 0.127838
vt 1.000000 0.436490
vt 0.725828 0.725828
vt 0.739931 0.739931
vt 1.000000 0.763835
vt 0.752695 0.752695
vt 1.000000 0.725828
vt 0.763835 0.763835
vt 1.000000 0.244151
vt 0.755476 0.000000
vt 1.000000 0.404347
vt 0.244151 0.244151
vt 1.000000 0.008456
vt 0.244524 0.000000
vt 0.981534 0.981534
vt 0.604724 0.462862
vt 0.597192 0.468341
vt 0.592894 0.466342
vt 0.596080 0.460824
vt 0.578550 0.480938
vt 0.574081 0.478873
vt 0.587885 0.474809
vt 0.577374 0.481700
vt 0.567470 0.482556
vt 0.533645 0.483630
vt 0.518310 0.484021
vt 0.510875 0.483913
vt 0.503512 0.482064
vt 0.489680 0.477933
vt 0.482445 0.452553
vt 0.478992 0.440092
vt 0.548468 0.452397
s 0
usemtl Material.027
f 2994/4070/2159 2965/4071/2159 2995/4072/2159 2993/4073/2159
f 2965/4074/2160 2966/4071/2160 2996/4075/2160 2995/4076/2160
f 2996/4077/2161 2966/4074/2161 2998/4078/2161 2997/4079/2161
f 2967/4074/2162 2965/4071/2162 2994/4080/2162
f 2999/4081/2163 2967/4071/2163 2994/4082/2163 3000/4083/2163
f 2967/4074/2164 2968/4071/2164 2965/4084/2164
f 2968/4074/2165 2966/4071/2165 2965/4084/2165
f 2968/4074/2166 2973/4071/2166 2966/4084/2166
f 2966/4084/2167 2973/4074/2167 3006/4085/2167 3001/4086/2167 2998/4087/2167
f 2975/4071/2168 3002/4088/2168 2976/4074/2168
f 3006/4089/2169 2973/4074/2169 2974/4071/2169
f 2969/4071/2170 3003/4090/2170 3006/4091/2170 2974/4074/2170
f 3002/4092/2171 3003/4093/2171 2969/4074/2171 2976/4071/2171
f 3005/4094/2172 3004/4095/2172 2971/4071/2172
f 2971/4074/2173 2967/4071/2173 2999/4096/2173 3005/4097/2173
f 2969/4074/2174 2968/4071/2174 2967/4084/2174
f 2969/4074/2175 2974/4071/2175 2968/4084/2175
f 2974/4074/2176 2973/4071/2176 2968/4084/2176
f 2969/4074/2177 2970/4071/2177 2976/4084/2177
f 2970/4074/2178 2972/4071/2178 2976/4084/2178
f 2972/4074/2179 2971/4071/2179 2976/4084/2179
f 2971/4074/2180 2975/4071/2180 2976/4084/2180
f 3002/4098/2181 2975/4084/2181 2971/4074/2181
f 2971/4074/2182 3004/4099/2182 3002/4100/2182
f 2972/4074/2183 2970/4071/2183 2971/4084/2183
f 2970/4074/2193 2969/4071/2193 2967/4084/2193 2971/4074/2193
s 1
usemtl Material.020
f 2981/4101/2184 2979/4102/2185 2977/4103/2186 2986/4104/2187
f 2982/4105/2188 2978/4106/2189 2977/4103/2186 2979/4102/2185 2980/4107/2190
f 2978/4106/2189 2982/4108/2188 2983/4109/2191
f 2986/4104/2187 2977/4103/2186 2978/4106/2189 2983/4109/2191 2984/4110/2192 2987/4111/2192 2989/4112/2192 2990/4113/2192 2988/4114/2192 2991/4115/2192 2992/4116/2192 2985/4117/2192
o Toaster_cell.062
v -0.105581 -0.121740 0.222003
v -0.101955 -0.122676 0.218185
v -0.103205 -0.113910 0.214350
v -0.111836 -0.081882 0.189730
v -0.135742 -0.130902 0.221273
v -0.131734 -0.130902 0.237555
v -0.132794 -0.138020 0.217047
v -0.128744 -0.138020 0.233538
v -0.135742 -0.067677 0.189030
v -0.135742 -0.103661 0.221294
v -0.131735 -0.124182 0.237557
v -0.135742 -0.084027 0.203842
v -0.108366 -0.140968 0.204809
v -0.132794 -0.138020 0.149322
v -0.135742 -0.125570 0.141141
v -0.135742 -0.130902 0.141795
v -0.135742 -0.117115 0.147425
v -0.123934 -0.138020 0.238787
v -0.105744 -0.140968 0.222341
v -0.113600 -0.139889 0.229445
v -0.128117 -0.130902 0.241492
v -0.135742 -0.103661 0.221294
v -0.135742 -0.084027 0.203842
v -0.131735 -0.124182 0.237557
v -0.135742 -0.067677 0.189030
v -0.108366 -0.140968 0.204809
v -0.132794 -0.138020 0.149322
v -0.135742 -0.130902 0.141795
v -0.135742 -0.125570 0.141141
v -0.135742 -0.117115 0.147425
v -0.123934 -0.138020 0.238787
v -0.113600 -0.139889 0.229445
v -0.105744 -0.140968 0.222341
v -0.131734 -0.130902 0.237555
v -0.128117 -0.130902 0.241492
vn 0.3903 0.5626 0.7288
vn 0.3529 0.6282 0.6934
vn 0.9336 -0.0233 -0.3576
vn 0.9393 -0.0864 -0.3320
vn 0.9131 -0.0496 -0.4046
vn 0.4760 0.5246 -0.7059
vn 0.3754 0.5968 -0.7092
vn 0.6585 0.0327 0.7518
vn 0.0401 0.8300 0.5564
vn 0.7186 0.3622 0.5937
vn 0.7258 0.0059 0.6878
vn -0.9652 -0.2259 0.1320
vn -0.9922 -0.1246 -0.0000
vn -0.8606 -0.5093 -0.0000
vn -0.6080 -0.7921 0.0534
vn -0.1168 -0.9931 0.0097
vn -0.5248 -0.8133 0.2512
vn -0.1107 -0.9933 0.0322
vn -0.3757 -0.8602 0.3447
vn -0.1129 -0.9934 0.0221
vn -0.8529 -0.3650 0.3734
vn -0.6064 -0.5682 0.5563
vn -0.9710 -0.0002 0.2390
vn -0.9986 -0.0000 0.0531
vn -1.0000 -0.0000 -0.0000
vt 0.698435 0.043190
vt 0.682391 0.000000
vt 1.000000 0.000000
vt 1.000000 0.392172
vt 0.837669 0.230314
vt 0.000000 0.000000
vt 1.000000 0.321595
vt 0.392172 0.392172
vt 1.000000 1.000000
vt 1.000000 0.456232
vt 0.269534 0.000000
vt 0.855299 0.486157
vt 0.956747 0.551932
vt 1.000000 0.600958
vt 0.469250 0.456330
vt 1.000000 0.676779
vt 0.600958 0.600958
vt 1.000000 0.616103
vt 0.676779 0.676779
vt 0.720534 0.000000
vt 1.000000 0.268866
vt 0.888012 0.230843
vt 0.792533 0.104298
vt 0.268866 0.268866
vt 1.000000 0.317609
vt 1.000000 0.730466
vt 0.383926 0.766035
vt 0.383926 0.805174
vt 0.375000 0.801467
vt 0.375000 0.768116
vt 0.329276 0.714341
vt 0.356884 0.750000
vt 0.323533 0.750000
vt 0.365004 0.745499
vt 0.352580 0.724237
vt 0.366567 0.743425
vt 0.341304 0.712561
vt 0.352580 0.724237
vt 0.382149 0.758018
vt 0.373205 0.759996
vt 0.373985 0.756465
vt 0.380312 0.755878
vt 0.389885 0.758016
vt 0.408081 0.766025
vt 0.383926 0.758018
vt 0.388620 0.805496
vt 0.408081 0.766025
vt 0.425407 0.774620
vt 0.442152 0.783184
vt 0.396068 0.802402
s 0
usemtl Material.027
f 3030/4118/2194 3040/4119/2194 3009/4120/2194 3029/4121/2194 3028/4122/2194
f 3009/4123/2195 3010/4120/2195 3031/4124/2195 3029/4125/2195
f 3009/4123/2196 3008/4120/2196 3010/4126/2196
f 3032/4127/2197 3010/4126/2197 3008/4123/2197 3039/4128/2197
f 3033/4129/2198 3034/4130/2198 3035/4131/2198 3010/4126/2198 3032/4132/2198
f 3036/4133/2199 3010/4126/2199 3035/4134/2199
f 3031/4135/2200 3010/4126/2200 3036/4136/2200
f 3039/4137/2201 3007/4120/2201 3041/4138/2201 3037/4139/2201 3038/4140/2201
f 3041/4141/2202 3007/4123/2202 3009/4120/2202 3040/4142/2202
f 3007/4123/2203 3008/4120/2203 3009/4126/2203
f 3039/4143/2204 3008/4126/2204 3007/4123/2204
s 1
usemtl Material.020
f 3011/4144/2205 3022/4145/2206 3020/4146/2207 3013/4147/2208
f 3019/4148/2209 3013/4149/2208 3020/4150/2207
f 3014/4151/2210 3026/4152/2211 3024/4153/2212
f 3014/4151/2210 3013/4149/2208 3019/4148/2209 3025/4154/2213 3026/4155/2211
f 3012/4156/2214 3014/4157/2210 3024/4158/2212 3027/4159/2215
f 3014/4157/2210 3012/4156/2214 3011/4144/2205 3013/4147/2208
f 3017/4160/2216 3016/4161/2217 3011/4144/2205 3012/4162/2214
f 3021/4163/2218 3022/4145/2206 3011/4144/2205 3016/4164/2217 3018/4165/2218 3015/4166/2218 3023/4167/2218
o Toaster_cell.063
v -0.001269 -0.121836 -0.226496
v -0.008175 -0.116944 -0.233234
v -0.015192 -0.139067 -0.241880
v -0.009172 -0.139851 -0.235775
v -0.013096 -0.138020 -0.250028
v -0.009481 -0.130902 -0.253836
v -0.001184 -0.140726 -0.228965
v -0.001071 -0.138020 -0.250028
v -0.015192 -0.139067 -0.241880
v -0.009172 -0.139851 -0.235775
v -0.013096 -0.138020 -0.250028
v -0.009481 -0.130902 -0.253836
v -0.001184 -0.140726 -0.228965
v -0.001071 -0.138020 -0.250028
vn -0.7142 -0.0464 0.6984
vn 0.7203 0.5643 -0.4035
vn -0.9126 0.3629 -0.1881
vn -0.6518 -0.1012 0.7516
vn 1.0000 0.0037 0.0059
vn -0.0000 -0.8834 -0.4687
vn -0.0000 -0.9096 -0.4155
vn -0.0000 -0.9918 -0.1274
vn -0.0000 -0.4717 -0.8817
vt 1.000000 0.000000
vt 1.000000 1.000000
vt 0.703012 0.703012
vt 0.741160 0.000000
vt 0.000000 0.000000
vt 0.325581 0.000000
vt 1.000000 0.707295
vt 0.846767 0.642403
vt 1.000000 0.703012
vt 0.728775 0.680461
vt 1.000000 0.258840
vt 0.726385 0.000000
vt 1.000000 0.674420
vt 0.726385 0.726385
vt 0.159616 0.641737
vt 0.125000 0.625986
vt 0.125000 0.626091
vt 0.159861 0.637590
vt 0.159485 0.643952
vt 0.383926 0.124014
vt 0.375000 0.112940
vt 0.375000 0.119972
s 0
usemtl Material.027
f 3042/4168/2219 3043/4169/2219 3050/4170/2219 3051/4171/2219
f 3043/4169/2220 3042/4172/2220 3055/4173/2220 3053/4174/2220
f 3052/4175/2221 3050/4176/2221 3043/4169/2221 3053/4177/2221
f 3042/4168/2222 3051/4178/2222 3054/4179/2222
f 3055/4180/2223 3042/4169/2223 3054/4181/2223
s 1
usemtl Material.020
f 3046/4182/2224 3049/4183/2225 3048/4184/2226 3045/4185/2226 3044/4186/2226
f 3049/4187/2225 3046/4188/2224 3047/4189/2227
o Toaster_cell.064
v -0.091605 0.098065 -0.190026
v -0.078035 0.060670 -0.183351
v -0.135742 0.073082 -0.221427
v -0.131766 0.073070 -0.237632
v -0.120903 0.073061 -0.249494
v -0.106174 0.108326 -0.229428
v -0.120957 0.105127 -0.226788
v -0.096907 0.128384 -0.205366
v -0.070494 0.103550 -0.232734
v -0.074497 0.108326 -0.229428
v -0.128983 0.037819 -0.240651
v -0.107219 0.073058 -0.253498
v -0.120892 0.053695 -0.249492
v -0.106233 0.126459 -0.207675
v -0.113405 0.120563 -0.211593
v -0.135687 0.068060 -0.221650
v -0.135044 0.026724 -0.224238
v -0.134939 0.020223 -0.224661
v -0.131760 0.032524 -0.237616
v -0.133529 0.087561 -0.218918
v -0.131779 0.096311 -0.219657
v -0.120972 0.114299 -0.215786
v -0.096907 0.128384 -0.205366
v -0.074497 0.108326 -0.229428
v -0.070494 0.103550 -0.232734
v -0.128983 0.037819 -0.240651
v -0.120892 0.053695 -0.249492
v -0.107219 0.073058 -0.253498
v -0.106233 0.126459 -0.207675
v -0.113405 0.120563 -0.211593
v -0.135687 0.068060 -0.221650
v -0.135044 0.026724 -0.224238
v -0.134939 0.020223 -0.224661
v -0.131760 0.032524 -0.237616
v -0.133529 0.087561 -0.218918
v -0.131779 0.096311 -0.219657
v -0.120972 0.114299 -0.215786
v -0.135742 0.073082 -0.221427
vn 0.8133 0.3721 0.4473
vn 0.7087 -0.5827 -0.3978
vn -0.4550 0.2892 0.8423
vn 0.8042 0.3743 0.4617
vn -0.5577 -0.0605 0.8278
vn -0.5566 -0.0630 0.8284
vn 0.7045 -0.5929 -0.3900
vn -0.5576 -0.0543 0.8283
vn -0.5886 0.1842 0.7871
vn -0.5024 0.2592 -0.8249
vn -0.4932 0.5914 -0.6380
vn -0.1296 0.6698 -0.7312
vn -0.2066 0.4086 -0.8890
vn -0.7782 0.4038 -0.4811
vn -0.8543 0.1792 -0.4880
vn -0.0007 0.6314 -0.7755
vn -0.0009 0.5643 -0.8256
vn -0.9673 0.0956 -0.2349
vn -0.9563 0.1807 -0.2300
vn -0.6604 -0.0004 -0.7509
vn -0.7374 -0.0004 -0.6754
vn -0.9395 -0.0003 -0.3427
vn -0.9712 -0.0002 -0.2384
vn -0.4004 0.7035 -0.5871
vn -0.0837 0.7654 -0.6381
vn -0.2703 0.7393 -0.6168
vn -0.0000 0.7681 -0.6403
vt 0.203860 0.000000
vt 1.000000 0.000000
vt 1.000000 0.409352
vt 0.877807 0.355252
vt 0.547864 0.126924
vt 0.577624 0.270175
vt 0.409352 0.409352
vt 0.000000 0.000000
vt 0.474526 0.000000
vt 0.887672 0.362514
vt 0.769570 0.000000
vt 1.000000 0.647939
vt 0.647939 0.647939
vt 0.464763 0.464763
vt 1.000000 0.472916
vt 1.000000 1.000000
vt 0.472916 0.472916
vt 1.000000 0.391630
vt 0.834896 0.478345
vt 1.000000 0.525474
vt 0.391630 0.391630
vt 1.000000 0.464763
vt 0.445320 0.000000
vt 0.888813 0.367068
vt 0.642102 0.068499
vt 0.554680 0.000000
vt 1.000000 0.230430
vt 0.883440 0.194429
vt 0.567050 0.013665
vt 0.604567 0.013619
vt 0.606280 0.026917
vt 0.564959 0.026266
vt 0.585583 0.983168
vt 0.595298 0.988023
vt 0.566386 0.999524
vt 0.564793 0.992020
vt 0.606310 0.056320
vt 0.606313 0.060036
vt 0.566086 0.027317
vt 0.564868 0.984004
vt 0.577666 0.982794
vt 0.585401 0.983169
vt 0.564785 0.013665
vt 0.564783 0.026266
vt 0.547613 0.013675
vt 0.564782 0.000000
vt 0.547613 0.013675
vt 0.533530 0.003495
vt 0.528831 0.000000
vt 0.523697 0.985425
vt 0.560351 0.984150
vt 0.564803 0.984040
vt 0.528840 0.992013
vt 0.517933 0.985633
vt 0.603957 0.982255
vt 0.585583 0.983168
vt 0.622957 0.025208
vt 0.613109 0.013609
vt 0.618170 0.019555
vt 0.625000 0.030630
vt 0.625000 0.035784
vt 0.625000 0.056415
s 0
usemtl Material.027
f 3078/4190/2228 3057/4191/2228 3080/4192/2228 3079/4193/2228
f 3082/4194/2229 3083/4195/2229 3080/4196/2229 3057/4197/2229 3081/4198/2229
f 3084/4199/2230 3085/4200/2230 3056/4191/2230 3078/4201/2230
f 3078/4202/2231 3056/4197/2231 3057/4191/2231
f 3086/4203/2232 3087/4204/2232 3057/4205/2232
f 3087/4206/2233 3088/4207/2233 3057/4205/2233
f 3089/4208/2234 3081/4209/2234 3057/4205/2234 3088/4210/2234
f 3086/4211/2235 3057/4205/2235 3056/4197/2235 3090/4212/2235 3058/4213/2235
f 3091/4214/2236 3090/4215/2236 3056/4191/2236 3085/4216/2236 3092/4217/2236
s 1
f 3060/4218/2237 3062/4219/2238 3061/4220/2239 3067/4221/2240
f 3076/4222/2241 3062/4223/2238 3060/4224/2237 3059/4225/2242
f 3061/4220/2239 3065/4226/2243 3064/4227/2244 3067/4228/2240
f 3060/4232/2237 3067/4233/2240 3068/4234/2247
f 3059/4235/2242 3060/4232/2237 3068/4236/2247 3066/4237/2248 3074/4238/2249
f 3077/4244/2251 3062/4223/2238 3076/4245/2241
f 3069/4246/2252 3061/4220/2239 3062/4219/2238 3077/4247/2251 3070/4248/2253
f 3069/4249/2252 3063/4250/2254 3065/4251/2243 3061/4220/2239
usemtl Material.020
f 3059/4225/2242 3093/4229/2245 3075/4230/2246 3076/4231/2241
f 3072/4239/2250 3071/4240/2250 3093/4241/2245 3059/4225/2242 3074/4242/2249 3073/4243/2250
o Toaster_cell.065
v -0.079592 -0.057228 -0.219398
v -0.048362 -0.064111 -0.216470
v -0.063730 -0.039740 -0.235653
v -0.047473 -0.074097 -0.218872
v -0.047289 -0.138925 -0.242981
v -0.047718 -0.140968 -0.227081
v -0.048362 -0.140968 -0.215872
v -0.060021 -0.140968 -0.216946
v -0.101180 -0.140968 -0.222576
v -0.053407 -0.133852 -0.252258
v -0.063706 -0.088865 -0.253836
v -0.051329 -0.138020 -0.250028
v -0.097959 -0.140968 -0.227081
v -0.075270 -0.130902 -0.253836
v -0.080064 -0.138020 -0.250028
v -0.047289 -0.138925 -0.242981
v -0.047718 -0.140968 -0.227081
v -0.048362 -0.140968 -0.215872
v -0.060021 -0.140968 -0.216946
v -0.051329 -0.138020 -0.250028
v -0.053407 -0.133852 -0.252258
v -0.075270 -0.130902 -0.253836
v -0.080064 -0.138020 -0.250028
v -0.097959 -0.140968 -0.227081
v -0.063706 -0.088865 -0.253836
v -0.101180 -0.140968 -0.222576
vn 0.9992 -0.0084 0.0389
vn 0.9413 0.0026 0.3375
vn -0.0917 0.0077 0.9958
vn -0.1355 -0.0027 0.9908
vn 0.8570 0.1792 -0.4831
vn 0.8634 0.1780 -0.4721
vn 0.8690 0.1876 -0.4579
vn 0.0705 0.6440 0.7617
vn -0.8083 0.2290 -0.5425
vn -0.7844 0.2160 -0.5814
vn -0.0000 -0.9142 -0.4053
vn -0.0000 -0.8975 -0.4411
vn -0.0000 -0.9918 -0.1274
vn -0.0000 -0.9978 -0.0656
vn -0.0000 -0.9993 -0.0375
vn 0.0258 -0.3163 -0.9483
vn 0.0302 -0.2879 -0.9572
vn 0.0694 -0.0191 -0.9974
vn -0.0000 -1.0000 -0.0000
vt 0.445331 0.000000
vt 1.000000 0.000000
vt 1.000000 0.572725
vt 0.783389 0.355895
vt 0.572725 0.572725
vt 0.000000 0.000000
vt 0.606386 0.606386
vt 1.000000 0.626663
vt 0.624467 0.000000
vt 0.626663 0.626663
vt 0.928446 0.531144
vt 0.675564 0.000000
vt 1.000000 0.554669
vt 0.750165 0.620360
vt 0.622290 0.622290
vt 1.000000 1.000000
vt 1.000000 0.127595
vt 0.597134 0.347154
vt 0.156998 0.036772
vt 0.107932 0.000000
vt 1.000000 0.324436
vt 0.715096 0.388551
vt 0.125000 0.698728
vt 0.125000 0.672267
vt 0.125000 0.668547
vt 0.125000 0.668941
vt 0.125000 0.715207
vt 0.564782 0.074432
vt 0.383926 0.055686
vt 0.383926 0.066336
vt 0.375000 0.077733
vt 0.375000 0.051272
vt 0.375000 0.055686
vt 0.375000 0.075819
vt 0.155348 0.708197
vt 0.155654 0.706666
vt 0.161144 0.669292
vt 0.161110 0.669752
vt 0.160499 0.678073
s 0
usemtl Material.027
f 3109/4252/2255 3097/4253/2255 3111/4254/2255 3110/4255/2255
f 3111/4256/2256 3097/4257/2256 3095/4253/2256
f 3111/4258/2257 3095/4257/2257 3094/4253/2257 3112/4259/2257
f 3094/4257/2258 3119/4260/2258 3112/4261/2258
f 3114/4262/2259 3118/4263/2259 3096/4253/2259
f 3096/4257/2260 3097/4253/2260 3109/4264/2260 3113/4265/2260 3114/4266/2260
f 3096/4257/2261 3095/4253/2261 3097/4267/2261
f 3096/4257/2262 3094/4253/2262 3095/4267/2262
f 3094/4267/2263 3096/4257/2263 3119/4268/2263
f 3116/4269/2264 3117/4270/2264 3119/4271/2264 3096/4253/2264 3118/4272/2264 3115/4273/2264
s 1
f 3103/4279/2270 3107/4280/2271 3104/4281/2272
usemtl Material.020
f 3108/4274/2265 3105/4275/2266 3098/4276/2267 3099/4277/2268 3106/4278/2269
f 3105/4282/2266 3108/4283/2265 3107/4284/2271 3103/4285/2270
f 3102/4286/2273 3106/4287/2269 3099/4288/2268 3100/4289/2273 3101/4290/2273
o Toaster_cell.066
v -0.010695 0.093467 0.171639
v -0.041898 0.119572 0.180399
v -0.000968 0.066620 0.159988
v -0.008495 0.088124 0.169925
v -0.001382 0.053032 0.155611
v -0.000941 0.030857 0.141247
v -0.000839 0.030527 0.006379
v -0.000550 0.039571 0.000014
v -0.050267 0.040955 0.152704
v -0.008569 0.056405 0.158055
v -0.039744 0.038632 0.151992
v -0.021099 0.140587 0.135628
v -0.024939 0.144678 0.141584
v -0.010916 0.144835 0.126969
v -0.016129 0.144835 0.132352
v -0.004780 0.144835 0.105223
v -0.041065 0.141857 0.160249
v -0.042607 0.140587 0.135628
v -0.041941 0.144835 0.140542
v -0.001279 0.144835 0.091719
v -0.001041 0.144835 0.063662
v -0.021099 0.100327 0.000172
v -0.000914 0.144835 0.000925
v -0.021099 0.140587 0.000711
v -0.016129 0.144835 0.000747
v -0.046449 0.097279 0.135628
v -0.051260 0.041120 0.135628
v -0.042057 0.039090 0.135628
v -0.021099 0.034682 0.013010
v -0.021099 0.034748 0.082206
v -0.035372 0.037721 0.135628
v -0.021099 0.034870 0.135628
v -0.021099 0.034767 0.001011
v -0.010916 0.144835 0.126969
v -0.016129 0.144835 0.132352
v -0.024939 0.144678 0.141584
v -0.041065 0.141857 0.160249
v -0.041941 0.144835 0.140542
v -0.004780 0.144835 0.105223
v -0.001279 0.144835 0.091719
v -0.001041 0.144835 0.063662
v -0.021099 0.100327 0.000172
v -0.021099 0.140587 0.000711
v -0.000914 0.144835 0.000925
v -0.046449 0.097279 0.135628
v -0.051260 0.041120 0.135628
v -0.042057 0.039090 0.135628
v -0.021099 0.034682 0.013010
v -0.021099 0.034748 0.082206
v -0.035372 0.037721 0.135628
v -0.021099 0.034870 0.135628
v -0.021099 0.034767 0.001011
v -0.021099 0.140587 0.135628
v -0.042607 0.140587 0.135628
v -0.016129 0.144835 0.000747
vn 0.9097 0.2747 0.3114
vn 0.9344 0.2396 0.2637
vn 0.6051 0.5214 0.6016
vn 0.0181 -0.2986 0.9542
vn -0.0155 -0.3307 0.9436
vn -0.0102 -0.3349 0.9422
vn 0.0177 -0.3505 0.9364
vn 0.1520 -0.3467 0.9256
vn 0.3298 -0.2985 0.8956
vn 0.9448 0.2175 0.2449
vn 0.9999 0.0114 0.0085
vn -0.0035 0.0022 -1.0000
vn -0.0041 0.0134 -0.9999
vn 1.0000 0.0034 0.0020
vn -0.9945 0.0882 0.0572
vn -0.9946 0.0852 0.0587
vn -0.2154 -0.9765 0.0031
vn -0.2006 -0.9797 0.0009
vn -0.1959 -0.9806 0.0023
vn 0.1232 -0.5378 0.8340
vn 0.0874 -0.4556 0.8859
vn 0.9852 -0.0791 0.1523
vn 1.0000 -0.0007 0.0027
vn 0.0950 -0.5750 -0.8127
vn 0.9995 -0.0314 0.0008
vn -0.2031 -0.9791 -0.0069
vn 0.5996 0.5499 0.5815
vn -0.0000 0.9888 0.1495
vn 0.0059 0.9267 -0.3757
vn 0.0281 0.9489 -0.3143
vn 0.0181 0.4012 -0.9158
vn -0.6347 0.4804 -0.6053
vn -0.7532 -0.0000 -0.6577
vn -0.0000 -0.0000 -1.0000
vn -0.9094 0.4159 -0.0000
vn -0.4958 0.8684 -0.0000
vn -0.3483 0.9374 -0.0000
vn -0.9943 0.0893 0.0577
vn -0.0000 1.0000 -0.0000
vn -1.0000 -0.0000 -0.0000
vt 0.000000 0.000000
vt 1.000000 0.000000
vt 0.501026 0.501026
vt 0.525744 0.525744
vt 0.529584 0.000000
vt 0.293645 0.293645
vt 1.000000 0.502096
vt 1.000000 1.000000
vt 0.608248 0.000000
vt 1.000000 0.470416
vt 0.608248 0.608248
vt 0.607254 0.000000
vt 0.610543 0.000000
vt 1.000000 0.395796
vt 1.000000 0.678590
vt 0.675419 0.675419
vt 0.678590 0.678590
vt 0.395796 0.395796
vt 0.676148 0.522716
vt 0.607254 0.607254
vt 1.000000 0.675419
vt 1.000000 0.250329
vt 0.711920 0.000000
vt 0.711920 0.711920
vt 0.866297 0.000000
vt 0.871151 0.000000
vt 0.866298 0.866298
vt 1.000000 0.520744
vt 0.643673 0.000000
vt 0.871151 0.871151
vt 1.000000 0.887619
vt 0.520744 0.520744
vt 0.887619 0.887619
vt 0.916933 0.519701
vt 1.000000 0.008721
vt 0.008845 0.000000
vt 1.000000 0.356327
vt 0.686579 0.177570
vt 0.497904 0.000000
vt 1.000000 0.501026
vt 0.813335 0.315330
vt 0.680791 0.662816
vt 0.680791 0.647159
vt 0.680791 0.663622
vt 0.683211 0.664235
vt 0.683211 0.644429
vt 0.683211 0.657573
vt 0.683211 0.663729
vt 0.683211 0.672204
vt 0.683211 0.667773
vt 0.680791 0.663622
vt 0.680791 0.644735
vt 0.680791 0.663777
vt 0.681952 0.643816
vt 0.681952 0.663777
vt 0.681952 0.644735
vt 0.749629 0.642141
vt 0.683385 0.642141
vt 0.684824 0.639853
vt 0.749632 0.639853
vt 0.844977 0.176798
vt 0.749671 0.000000
vt 1.000000 0.293645
vt 0.680791 0.626178
vt 0.680791 0.625959
vt 0.680791 0.625841
vt 0.819209 0.639853
vt 0.819209 0.634101
vt 0.819209 0.629401
vt 0.709518 0.644429
vt 0.683211 0.644429
vt 0.749650 0.644429
vt 0.749916 0.644429
vt 0.749502 0.644429
vt 0.743593 0.644429
s 0
usemtl Material.027
f 3120/4291/2274 3123/4292/2274 3153/4293/2274
f 3153/4294/2275 3123/4291/2275 3158/4295/2275
f 3156/4296/2276 3121/4291/2276 3120/4292/2276 3155/4297/2276
f 3121/4291/2277 3123/4292/2277 3120/4298/2277
f 3121/4291/2278 3128/4292/2278 3123/4298/2278
f 3128/4291/2279 3130/4292/2279 3123/4298/2279
f 3130/4291/2280 3129/4292/2280 3123/4298/2280
f 3129/4291/2281 3124/4292/2281 3123/4298/2281
f 3124/4291/2282 3122/4292/2282 3123/4298/2282
f 3123/4298/2283 3122/4291/2283 3159/4299/2283 3158/4300/2283
f 3159/4301/2284 3122/4291/2284 3160/4302/2284
f 3127/4291/2285 3171/4303/2285 3161/4304/2285 3144/4305/2285 3163/4306/2285
f 3144/4307/2286 3161/4308/2286 3162/4309/2286
f 3160/4310/2287 3122/4291/2287 3127/4292/2287 3163/4311/2287
f 3121/4292/2288 3137/4312/2288 3164/4313/2288
f 3128/4292/2289 3121/4298/2289 3164/4314/2289 3165/4315/2289
f 3166/4316/2290 3130/4292/2290 3128/4298/2290 3165/4317/2290
f 3126/4292/2291 3168/4318/2291 3167/4319/2291
f 3166/4320/2291 3169/4321/2291 3130/4298/2291
f 3168/4322/2292 3126/4291/2292 3125/4292/2292 3130/4298/2292 3169/4323/2292 3170/4324/2292
f 3125/4291/2293 3124/4292/2293 3130/4298/2293
f 3124/4291/2294 3129/4292/2294 3130/4298/2294
f 3125/4291/2295 3122/4292/2295 3124/4298/2295
f 3125/4291/2296 3127/4292/2296 3122/4298/2296
f 3171/4325/2297 3127/4298/2297 3126/4291/2297
f 3125/4291/2298 3126/4292/2298 3127/4298/2298
f 3171/4326/2299 3126/4292/2299 3167/4327/2299
f 3131/4328/2300 3155/4329/2300 3120/4292/2300 3153/4330/2300 3154/4331/2300
s 1
f 3136/4332/2301 3132/4333/2302 3157/4334/2303
f 3157/4341/2303 3132/4342/2302 3173/4343/2304
f 3143/4347/2308 3172/4348/2305 3134/4349/2309 3174/4350/2310
s 0
f 3138/4351/2311 3137/4352/2311 3121/4292/2311 3156/4353/2311
s 1
f 3139/4354/2312 3140/4355/2312 3142/4356/2312 3174/4357/2310 3134/4357/2309 3133/4358/2312 3135/4359/2312
usemtl Material.020
f 3173/4335/2304 3172/4336/2305 3151/4336/2306 3150/4337/2307 3147/4338/2307 3146/4339/2307 3145/4340/2307
f 3172/4344/2305 3173/4345/2304 3132/4346/2302
f 3149/4360/2313 3151/4361/2306 3172/4336/2305 3143/4362/2308 3141/4363/2313 3152/4364/2313 3148/4365/2313
o Toaster_cell.067
v -0.104326 -0.120797 0.223411
v -0.101509 -0.113876 0.215938
v -0.098190 -0.071093 0.202547
v -0.104101 -0.026319 0.222741
v -0.098784 -0.123778 0.221582
v -0.064895 -0.060882 0.227894
v -0.070942 -0.058962 0.218658
v -0.064208 -0.053738 0.223674
v -0.064809 -0.026528 0.237298
v -0.105827 -0.130902 0.253836
v -0.085907 -0.130902 0.253836
v -0.089446 -0.138708 0.244673
v -0.088683 -0.138020 0.250028
v -0.064713 -0.067985 0.253836
v -0.064406 -0.043394 0.253836
v -0.111761 -0.130902 0.252105
v -0.102797 -0.137519 0.250296
v -0.112515 -0.087379 0.251897
v -0.094124 -0.139187 0.240940
v -0.064791 -0.026444 0.253836
v -0.089039 -0.026268 0.253836
v -0.112500 -0.026255 0.251919
v -0.105948 -0.026256 0.253836
v -0.085907 -0.130902 0.253836
v -0.088683 -0.138020 0.250028
v -0.089446 -0.138708 0.244673
v -0.064713 -0.067985 0.253836
v -0.064406 -0.043394 0.253836
v -0.111761 -0.130902 0.252105
v -0.102797 -0.137519 0.250296
v -0.064791 -0.026444 0.253836
v -0.089039 -0.026268 0.253836
v -0.105948 -0.026256 0.253836
v -0.112500 -0.026255 0.251919
v -0.112515 -0.087379 0.251897
v -0.094124 -0.139187 0.240940
vn 0.9435 -0.3178 -0.0936
vn 0.9921 -0.1188 -0.0395
vn 0.9999 -0.0125 0.0108
vn -0.9663 -0.0180 -0.2567
vn -0.5762 -0.7083 -0.4078
vn -0.5337 -0.7196 -0.4443
vn 0.7510 -0.3730 -0.5449
vn 0.8067 -0.3561 -0.4715
vn 0.3292 0.3978 -0.8564
vn 0.3117 0.4245 -0.8501
vn 0.3156 0.4304 -0.8457
vn 0.9997 0.0227 -0.0012
vn 0.7161 -0.3352 -0.6122
vn 0.0072 1.0000 -0.0051
vn 0.0007 1.0000 -0.0020
vn -0.9610 0.0003 -0.2766
vn -0.5084 -0.5278 -0.6804
vn -0.9596 0.0003 -0.2815
vn -0.9176 -0.0522 -0.3942
vn 0.5642 -0.2862 -0.7745
vn 0.5784 -0.2830 -0.7651
vn -0.0498 -0.6586 0.7508
vn -0.1479 -0.2625 0.9535
vn -0.2756 -0.1831 0.9437
vn -0.5952 -0.6971 -0.3997
vn -0.1418 -0.0002 0.9899
vn -0.2804 -0.0003 0.9599
vn -0.0135 -0.7812 0.6241
vn -0.0000 -0.1920 0.9814
vn -0.0276 -0.9892 0.1436
vn -0.0000 -0.0000 1.0000
vt 0.095449 0.076538
vt 0.068032 0.000000
vt 1.000000 0.000000
vt 1.000000 0.339484
vt 0.199301 0.150836
vt 0.000000 0.000000
vt 0.339484 0.339484
vt 0.375450 0.000000
vt 0.374052 0.374052
vt 1.000000 0.352386
vt 0.646952 0.000000
vt 0.779525 0.000000
vt 0.323442 0.323442
vt 0.779525 0.779525
vt 0.754011 0.754011
vt 1.000000 0.937560
vt 0.937560 0.937560
vt 1.000000 1.000000
vt 0.247895 0.000000
vt 1.000000 0.624550
vt 0.247895 0.247895
vt 1.000000 0.382618
vt 0.382618 0.382618
vt 0.358644 0.000000
vt 0.382330 0.113192
vt 0.358644 0.358644
vt 1.000000 0.353048
vt 0.375628 0.719662
vt 0.383926 0.722452
vt 0.383023 0.727917
vt 0.352386 0.352386
vt 0.333139 0.040413
vt 0.476718 0.722564
vt 0.476741 0.728604
vt 0.422524 0.728613
vt 0.383926 0.727917
vt 0.375000 0.706665
vt 0.375000 0.704109
vt 0.375000 0.718956
vt 0.343040 0.700134
vt 0.342923 0.699548
vt 0.344905 0.709462
vt 0.343599 0.702933
vt 0.383926 0.704108
vt 0.390222 0.684179
vt 0.390222 0.684309
vt 0.390222 0.684663
vt 0.390222 0.706993
vt 0.564782 0.722564
s 0
usemtl Material.027
f 3199/4366/2314 3200/4367/2314 3180/4368/2314 3201/4369/2314 3198/4370/2314
f 3180/4371/2315 3182/4368/2315 3201/4372/2315
f 3202/4373/2316 3201/4374/2316 3182/4371/2316
f 3190/4375/2317 3209/4376/2317 3175/4368/2317
f 3175/4371/2318 3210/4377/2318 3191/4378/2318
f 3210/4379/2319 3175/4371/2319 3179/4368/2319
f 3210/4380/2320 3179/4371/2320 3182/4368/2320 3200/4381/2320
f 3180/4368/2321 3200/4382/2321 3182/4371/2321
f 3181/4371/2322 3177/4368/2322 3182/4383/2322
f 3177/4371/2323 3178/4368/2323 3182/4383/2323
f 3178/4371/2324 3183/4368/2324 3182/4383/2324
f 3182/4383/2325 3183/4371/2325 3205/4384/2325 3202/4385/2325
f 3179/4371/2326 3181/4368/2326 3182/4383/2326
f 3205/4386/2327 3183/4371/2327 3178/4368/2327 3206/4387/2327
f 3206/4388/2328 3178/4371/2328 3208/4389/2328 3207/4390/2328
f 3208/4391/2329 3178/4371/2329 3175/4368/2329 3209/4392/2329
f 3176/4371/2330 3179/4368/2330 3175/4383/2330
f 3178/4371/2331 3177/4368/2331 3175/4383/2331
f 3177/4371/2332 3176/4368/2332 3175/4383/2332
f 3176/4371/2333 3177/4368/2333 3179/4383/2333
f 3177/4371/2334 3181/4368/2334 3179/4383/2334
f 3190/4396/2338 3175/4371/2338 3191/4397/2338
s 1
f 3184/4394/2336 3197/4398/2339 3196/4399/2340 3192/4400/2340 3203/4401/2337
f 3184/4394/2336 3185/4409/2342 3188/4410/2344 3189/4411/2344 3194/4412/2344 3195/4413/2344 3197/4414/2339
usemtl Material.020
f 3204/4393/2335 3184/4394/2336 3203/4395/2337
f 3187/4402/2341 3185/4403/2342 3184/4394/2336 3204/4404/2335
f 3186/4405/2343 3187/4406/2341 3204/4407/2335 3193/4408/2343
o Toaster_cell.068
v 0.000840 -0.126593 0.253836
o Toaster_cell.069
v 0.104212 0.095489 0.197638
v 0.104655 0.112404 0.177033
v 0.067544 0.068470 0.175029
v 0.064414 0.076823 0.182181
v 0.099213 0.108996 0.174456
v 0.076280 0.086573 0.167067
v 0.085115 0.106106 0.165671
v 0.063558 0.067467 0.170697
v 0.106239 0.128384 0.205366
v 0.052983 0.132953 0.191117
v 0.106346 0.118527 0.217130
v 0.120211 0.115615 0.214542
v 0.064419 0.118747 0.216927
v 0.058397 0.128384 0.205366
v 0.091999 0.140144 0.168696
v 0.116490 0.132581 0.183585
v 0.106271 0.137401 0.177249
v 0.119246 0.127736 0.196342
v 0.120490 0.125334 0.202768
v 0.091999 0.140144 0.168696
v 0.106271 0.137401 0.177249
v 0.052983 0.132953 0.191117
v 0.058397 0.128384 0.205366
v 0.106346 0.118527 0.217130
v 0.120211 0.115615 0.214542
v 0.064419 0.118747 0.216927
v 0.116490 0.132581 0.183585
v 0.119246 0.127736 0.196342
v 0.120490 0.125334 0.202768
vn -0.9375 -0.2322 0.2591
vn -0.4793 0.1550 -0.8638
vn 0.6714 -0.5429 -0.5045
vn 0.6751 -0.5477 -0.4943
vn -0.4623 -0.6703 0.5805
vn 0.0085 -0.6485 0.7612
vn 0.0067 -0.6462 0.7631
vn -0.0071 -0.6381 0.7699
vn -0.9299 -0.2355 0.2824
vn 0.5094 -0.0261 -0.8602
vn 0.5484 -0.2803 -0.7878
vn 0.5480 -0.3036 -0.7795
vn 0.5635 -0.3262 -0.7590
vn 0.6927 -0.5647 -0.4486
vn 0.5179 -0.0261 -0.8551
vn 0.8563 -0.3936 -0.3345
vn 0.8540 -0.4110 -0.3190
vn 0.2512 0.9216 0.2958
vn 0.0782 0.9493 0.3045
vn 0.1317 0.8670 0.4806
vn 0.2656 0.8432 0.4675
vn -0.5149 0.1784 -0.8385
vn 0.1373 0.7603 0.6349
vn 0.2705 0.7392 0.6168
vn 0.0002 0.8972 0.4417
vn -0.0000 0.9522 0.3054
vn 0.0004 0.7674 0.6412
vt 1.000000 0.488358
vt 1.000000 1.000000
vt 0.000000 0.000000
vt 1.000000 0.000000
vt 0.201459 0.000000
vt 1.000000 0.648266
vt 1.000000 0.648214
vt 0.649428 0.648016
vt 0.648214 0.648214
vt 0.845747 0.566091
vt 1.000000 0.538201
vt 0.620935 0.620935
vt 0.695841 0.000000
vt 1.000000 0.757251
vt 0.740914 0.700440
vt 0.757252 0.757252
vt 1.000000 0.815243
vt 0.798219 0.572701
vt 0.798541 0.000000
vt 0.815243 0.815243
vt 0.655453 0.517734
vt 0.660446 0.527139
vt 0.640865 0.527169
vt 0.641888 0.514045
vt 0.646426 0.515193
vt 0.488358 0.488358
vt 0.620935 0.000000
vt 0.641888 0.514045
vt 0.626231 0.527070
vt 0.626464 0.514302
vt 0.668192 0.571225
vt 0.668192 0.529013
vt 0.668192 0.540282
vt 0.668192 0.574837
vt 0.609462 0.571225
vt 0.609462 0.565679
vt 0.626223 0.527198
s 0
usemtl Material.027
f 3233/4415/2345 3219/4416/2345 3215/4417/2345
f 3218/4417/2346 3217/4418/2346 3219/4416/2346
f 3217/4417/2347 3213/4418/2347 3219/4416/2347
f 3213/4417/2348 3214/4418/2348 3219/4416/2348
f 3214/4417/2349 3215/4418/2349 3219/4416/2349
f 3214/4417/2350 3212/4418/2350 3215/4416/2350
f 3215/4416/2351 3212/4417/2351 3236/4419/2351 3235/4420/2351
f 3237/4421/2352 3215/4416/2352 3235/4422/2352
f 3215/4416/2353 3237/4423/2353 3234/4424/2353 3233/4425/2353
f 3213/4418/2354 3218/4416/2354 3231/4426/2354 3232/4427/2354
f 3213/4417/2355 3216/4418/2355 3218/4416/2355
f 3216/4417/2356 3217/4418/2356 3218/4416/2356
f 3216/4417/2357 3213/4418/2357 3217/4416/2357
f 3212/4417/2358 3214/4418/2358 3213/4416/2358
f 3238/4428/2359 3213/4416/2359 3232/4429/2359
f 3238/4430/2360 3239/4431/2360 3213/4416/2360
f 3240/4432/2361 3236/4433/2361 3212/4418/2361 3213/4416/2361 3239/4434/2361
s 1
f 3227/4435/2362 3228/4436/2363 3220/4437/2364 3230/4438/2365 3229/4439/2362
s 0
f 3233/4440/2366 3231/4441/2366 3218/4418/2366 3219/4416/2366
s 1
f 3230/4442/2365 3220/4437/2364 3222/4443/2367 3223/4444/2368
f 3225/4445/2369 3220/4437/2364 3228/4446/2363 3226/4447/2370 3221/4448/2370
f 3220/4437/2364 3225/4449/2369 3224/4450/2371 3222/4451/2367
o Toaster_cell.070
v -0.011334 0.095500 0.172096
v -0.042347 0.121716 0.181706
v -0.024923 0.144272 0.144272
v -0.042632 0.134298 0.186923
v -0.041634 0.140968 0.166127
v -0.018762 0.144412 0.137939
v -0.011022 0.144835 0.129773
v -0.011034 0.140968 0.166127
v -0.011073 0.133865 0.188273
v -0.011018 0.144835 0.140542
v -0.036971 0.134204 0.187217
v -0.042632 0.134298 0.186923
v -0.041634 0.140968 0.166127
v -0.011022 0.144835 0.129773
v -0.011018 0.144835 0.140542
v -0.011034 0.140968 0.166127
v -0.011073 0.133865 0.188273
v -0.036971 0.134204 0.187217
v -0.024923 0.144272 0.144272
v -0.018762 0.144412 0.137939
vn -0.6311 -0.4986 -0.5942
vn -0.9988 -0.0024 -0.0487
vn -0.6090 -0.5142 -0.6039
vn 1.0000 -0.0066 -0.0004
vn -0.0426 -0.3879 0.9207
vn -0.0542 -0.3835 0.9219
vn -0.0235 0.9962 0.0841
vn -0.0546 0.9985 -0.0000
vn -0.0215 0.9958 0.0894
vn -0.0014 0.9748 0.2231
vn -0.0010 0.9693 0.2458
vn -0.0000 0.9522 0.3054
vn -0.0028 0.9902 0.1394
vt 0.486469 0.486469
vt 0.000000 0.000000
vt 1.000000 0.000000
vt 1.000000 0.264256
vt 0.264256 0.264256
vt 0.194999 0.000000
vt 0.685424 0.178768
vt 0.505943 0.000000
vt 0.881207 0.373773
vt 1.000000 1.000000
vt 0.505943 0.505943
vt 0.590226 0.505920
vt 0.803232 0.544603
vt 1.000000 0.615697
vt 0.830358 0.000000
vt 0.615697 0.615697
vt 1.000000 0.805001
vt 0.830358 0.830358
vt 0.819209 0.635146
vt 0.819209 0.635150
vt 0.819209 0.639853
vt 0.668192 0.635161
vt 0.668192 0.663339
vt 0.668192 0.664258
vt 0.668192 0.659045
vt 0.668192 0.635197
vt 0.680791 0.639853
vt 0.680791 0.647951
vt 0.680791 0.663339
vt 0.680791 0.635161
vt 0.680791 0.635146
s 0
usemtl Material.027
f 3259/4452/2372 3241/4453/2372 3242/4454/2372 3253/4455/2372
f 3253/4456/2373 3242/4453/2373 3252/4457/2373
f 3260/4458/2374 3254/4459/2374 3241/4454/2374 3259/4460/2374
f 3241/4461/2375 3254/4462/2375 3255/4463/2375 3256/4464/2375 3257/4465/2375
f 3258/4466/2376 3242/4454/2376 3241/4461/2376 3257/4467/2376
f 3252/4468/2377 3242/4461/2377 3258/4469/2377
s 1
f 3250/4470/2378 3247/4471/2379 3246/4472/2380
f 3248/4473/2381 3245/4474/2382 3244/4475/2383 3251/4476/2383 3249/4477/2383
f 3246/4478/2380 3243/4479/2384 3245/4480/2382 3248/4481/2381 3250/4482/2378
o Toaster_cell.071
v 0.093318 0.102698 -0.141148
v 0.091172 0.083572 -0.144946
v 0.089895 0.100271 -0.179188
v 0.085701 0.083261 -0.152259
v 0.085400 0.093812 -0.171780
v 0.106284 0.140968 -0.166127
v 0.121013 0.137141 -0.165528
v 0.092304 0.144626 -0.141925
v 0.121013 0.138724 -0.155157
v 0.106284 0.143644 -0.148425
v 0.125294 0.134163 -0.157397
v 0.085861 0.143219 -0.151234
v 0.131303 0.127163 -0.163967
v 0.128541 0.130392 -0.160872
v 0.122034 0.131524 -0.179775
v 0.126070 0.128560 -0.176207
v 0.092270 0.132670 -0.192001
v 0.106260 0.134228 -0.187144
v 0.088619 0.133849 -0.188323
v 0.085682 0.141630 -0.161751
v 0.121013 0.138724 -0.155157
v 0.106284 0.143644 -0.148425
v 0.092304 0.144626 -0.141925
v 0.131303 0.127163 -0.163967
v 0.128541 0.130392 -0.160872
v 0.125294 0.134163 -0.157397
v 0.122034 0.131524 -0.179775
v 0.126070 0.128560 -0.176207
v 0.092270 0.132670 -0.192001
v 0.106260 0.134228 -0.187144
v 0.088619 0.133849 -0.188323
v 0.085861 0.143219 -0.151234
v 0.085682 0.141630 -0.161751
vn 0.4296 0.0208 0.9028
vn -0.8197 -0.0083 0.5728
vn -0.7997 -0.0294 0.5996
vn 0.6025 -0.2199 0.7672
vn 0.5953 -0.2037 0.7772
vn 0.4014 -0.4280 -0.8097
vn 0.3413 -0.3672 -0.8653
vn -0.7266 -0.2059 -0.6554
vn -0.9925 0.0307 -0.1187
vn -0.9999 0.0024 0.0167
vn 0.4231 -0.7944 -0.4359
vn 0.5525 -0.7409 -0.3819
vn 0.5977 -0.7153 -0.3622
vn -0.7507 -0.1999 -0.6297
vn 0.4585 0.8427 -0.2823
vn 0.4869 0.8491 -0.2048
vn 0.6985 0.6937 -0.1757
vn 0.6961 0.6835 -0.2196
vn 0.1287 0.9641 -0.2321
vn 0.0978 0.9478 -0.3035
vn 0.4255 0.8946 -0.1367
vn 0.0914 0.9846 -0.1490
vn 0.6995 0.7062 -0.1097
vn -0.0162 0.9558 -0.2937
vn -0.0067 0.9777 -0.2100
vn -0.0000 0.9888 -0.1495
vt 1.000000 0.000000
vt 1.000000 0.357486
vt 0.938617 0.326805
vt 0.719826 0.159663
vt 0.550659 0.000000
vt 0.000000 0.000000
vt 1.000000 0.449341
vt 0.537175 0.537175
vt 1.000000 1.000000
vt 1.000000 0.400739
vt 0.690290 0.032733
vt 1.000000 0.588879
vt 0.400739 0.400739
vt 1.000000 0.395794
vt 0.418416 0.000000
vt 0.395794 0.395794
vt 0.341137 0.000000
vt 0.388557 0.183991
vt 0.352968 0.000000
vt 0.341137 0.341137
vt 0.922387 0.384021
vt 0.596119 0.000000
vt 1.000000 0.531479
vt 0.467594 0.467594
vt 1.000000 0.337633
vt 0.581584 0.000000
vt 1.000000 0.647032
vt 0.620573 0.285527
vt 0.624838 0.292911
vt 0.612562 0.294111
vt 0.615710 0.287921
vt 0.831808 0.527127
vt 0.832205 0.513563
vt 0.842648 0.513572
vt 0.846445 0.527149
vt 0.826406 0.513563
vt 0.831513 0.513563
vt 0.823091 0.527127
vt 0.616169 0.295784
vt 0.612913 0.294255
vt 0.625000 0.293487
vt 0.625000 0.298594
vt 0.620001 0.297504
vt 0.831808 0.546031
vt 0.831808 0.546082
vt 0.831808 0.527149
vt 0.831808 0.540032
vt 0.817916 0.543430
vt 0.817679 0.540001
vt 0.816789 0.527127
vt 0.818100 0.546098
s 0
usemtl Material.027
f 3261/4483/2385 3286/4484/2385 3281/4485/2385 3282/4486/2385 3283/4487/2385
f 3264/4488/2386 3261/4483/2386 3283/4489/2386 3292/4490/2386
f 3264/4488/2387 3262/4483/2387 3261/4491/2387
f 3285/4492/2388 3261/4491/2388 3262/4488/2388 3284/4493/2388
f 3286/4494/2389 3261/4491/2389 3285/4495/2389
f 3287/4496/2390 3288/4497/2390 3263/4483/2390
f 3287/4498/2391 3263/4488/2391 3289/4499/2391 3290/4500/2391
f 3291/4501/2392 3289/4502/2392 3263/4488/2392
f 3265/4483/2393 3293/4503/2393 3291/4504/2393
f 3265/4488/2394 3264/4483/2394 3292/4505/2394 3293/4506/2394
f 3265/4488/2395 3263/4483/2395 3264/4491/2395
f 3263/4488/2396 3262/4483/2396 3264/4491/2396
f 3284/4507/2397 3262/4491/2397 3263/4488/2397 3288/4508/2397
f 3291/4509/2398 3263/4491/2398 3265/4488/2398
s 1
f 3275/4510/2399 3267/4511/2400 3273/4512/2401 3276/4513/2402
f 3266/4514/2403 3267/4515/2400 3275/4516/2399 3278/4517/2404
f 3269/4518/2405 3267/4519/2400 3266/4514/2403 3270/4520/2406
f 3274/4521/2407 3273/4522/2401 3267/4523/2400 3269/4524/2405 3271/4525/2407
f 3279/4526/2408 3280/4527/2409 3266/4514/2403 3278/4528/2404 3277/4529/2408
f 3272/4530/2410 3268/4531/2410 3270/4532/2406 3266/4532/2403 3280/4533/2409
o Toaster_cell.072
v -0.091930 0.086351 -0.143608
v -0.110124 0.114154 -0.176031
v -0.088875 0.081392 -0.146231
v -0.090517 0.077689 -0.142090
v -0.135742 0.112403 -0.161658
v -0.131796 0.126685 -0.163893
v -0.135742 0.087136 -0.143673
v -0.121048 0.134851 -0.172544
v -0.121535 0.136635 -0.165449
v -0.122924 0.137359 -0.151672
v -0.131814 0.128753 -0.150273
v -0.135742 0.114624 -0.148037
v -0.135742 0.110492 -0.167615
v -0.132346 0.120108 -0.177854
v -0.121003 0.131921 -0.181805
v -0.121048 0.134851 -0.172544
v -0.121535 0.136635 -0.165449
v -0.131814 0.128753 -0.150273
v -0.135742 0.114624 -0.148037
v -0.135742 0.087136 -0.143673
v -0.135742 0.110492 -0.167615
v -0.132346 0.120108 -0.177854
v -0.121003 0.131921 -0.181805
v -0.122924 0.137359 -0.151672
vn -0.1251 -0.7145 -0.6884
vn -0.1252 -0.7105 -0.6924
vn 0.8716 0.4782 -0.1079
vn 0.8583 0.5128 0.0155
vn 0.8538 0.5205 0.0104
vn 0.8194 0.2260 0.5268
vn 0.0380 0.1785 0.9832
vn 0.0012 0.1592 0.9872
vn -0.0018 0.1568 0.9876
vn -0.1302 -0.7008 -0.7013
vn -0.0057 -0.3122 -0.9500
vn -0.8562 0.4863 -0.1745
vn -0.8554 0.5018 -0.1288
vn -0.7116 0.6796 -0.1783
vn -0.7183 0.6523 -0.2421
vn -0.9844 0.1676 -0.0538
vn -0.9902 0.1357 -0.0330
vn -0.8629 0.4994 -0.0773
vn -0.7003 0.7056 -0.1079
vn -0.9910 0.1319 -0.0211
vn -1.0000 -0.0000 -0.0000
vt 1.000000 0.517745
vt 1.000000 1.000000
vt 0.000000 0.000000
vt 0.662627 0.000000
vt 1.000000 0.000000
vt 0.517745 0.517745
vt 1.000000 0.533606
vt 0.218398 0.000000
vt 1.000000 0.501038
vt 0.533606 0.533606
vt 0.709825 0.517243
vt 0.522898 0.000000
vt 1.000000 0.493685
vt 0.493685 0.493685
vt 1.000000 0.567853
vt 0.720079 0.526706
vt 1.000000 0.526641
vt 0.567853 0.567853
vt 0.948087 0.285608
vt 0.706513 0.000000
vt 1.000000 0.781602
vt 0.732502 0.702866
vt 0.608186 0.962892
vt 0.612335 0.955708
vt 0.624233 0.957022
vt 0.622564 0.961027
vt 0.620209 0.965104
vt 0.597976 0.957541
vt 0.599670 0.954608
vt 0.606503 0.962583
vt 0.612335 0.949006
vt 0.624273 0.950644
vt 0.624387 0.956474
vt 0.599670 0.947900
vt 0.596231 0.956602
vt 0.575650 0.945751
s 0
usemtl Material.027
f 3313/4534/2411 3296/4535/2411 3297/4536/2411
f 3314/4537/2412 3295/4538/2412 3296/4535/2412 3313/4539/2412
f 3309/4540/2413 3296/4535/2413 3295/4536/2413 3316/4541/2413
f 3317/4542/2414 3296/4535/2414 3309/4543/2414 3310/4544/2414
f 3317/4545/2415 3294/4538/2415 3296/4535/2415
f 3294/4536/2416 3297/4538/2416 3296/4535/2416
f 3297/4535/2417 3294/4536/2417 3317/4546/2417
f 3297/4535/2418 3317/4547/2418 3311/4548/2418
f 3312/4549/2419 3313/4550/2419 3297/4535/2419 3311/4551/2419
f 3295/4538/2420 3314/4552/2420 3315/4553/2420
f 3316/4554/2421 3295/4535/2421 3315/4555/2421
s 1
f 3307/4556/2422 3299/4557/2423 3302/4558/2424 3301/4559/2425 3308/4560/2425
f 3304/4564/2428 3303/4565/2429 3302/4566/2424 3299/4557/2423
usemtl Material.020
f 3306/4561/2426 3298/4562/2427 3299/4557/2423 3307/4563/2422
f 3299/4557/2423 3298/4562/2427 3305/4567/2430 3304/4564/2428
f 3305/4567/2430 3298/4562/2427 3306/4568/2426 3300/4569/2431
o Toaster_cell.073
v 0.013639 0.038070 -0.157441
v 0.013438 -0.028240 -0.233555
v 0.029258 0.061722 -0.176523
v 0.039907 0.037605 -0.157692
v 0.071221 0.063702 -0.214124
v 0.060810 0.040113 -0.178009
v 0.056204 0.031201 -0.164693
v 0.070706 -0.010890 -0.213986
v 0.073515 -0.029034 -0.234533
v 0.066492 -0.032336 -0.238460
v 0.022436 0.106306 -0.230827
v 0.013472 0.103832 -0.232538
v 0.013413 0.073058 -0.253836
v 0.013402 0.028106 -0.253836
v 0.034606 0.105737 -0.231221
v 0.046597 0.100286 -0.234993
v 0.029295 0.108111 -0.229577
v 0.013531 -0.028027 -0.253836
v 0.029857 -0.029488 -0.253836
v 0.067354 -0.032387 -0.253836
v 0.075510 0.086769 -0.244347
v 0.076307 -0.028382 -0.253836
v 0.076397 -0.017909 -0.253836
v 0.076673 0.023636 -0.253836
v 0.076802 0.073058 -0.253836
v 0.013472 0.103832 -0.232538
v 0.022436 0.106306 -0.230827
v 0.013413 0.073058 -0.253836
v 0.013402 0.028106 -0.253836
v 0.034606 0.105737 -0.231221
v 0.046597 0.100286 -0.234993
v 0.029295 0.108111 -0.229577
v 0.013531 -0.028027 -0.253836
v 0.029857 -0.029488 -0.253836
v 0.067354 -0.032387 -0.253836
v 0.076307 -0.028382 -0.253836
v 0.075510 0.086769 -0.244347
v 0.076397 -0.017909 -0.253836
v 0.076673 0.023636 -0.253836
v 0.076802 0.073058 -0.253836
vn 0.0185 0.6204 0.7841
vn -0.3162 0.7134 0.6254
vn -1.0000 0.0002 0.0024
vn -0.0098 -0.7540 0.6569
vn -0.0068 -0.7457 0.6662
vn 0.5021 0.6283 0.5942
vn 0.4814 0.6599 0.5768
vn 0.4753 0.6622 0.5793
vn -0.3031 0.7175 0.6272
vn -1.0000 -0.0023 -0.0046
vn 0.0006 -0.7572 0.6532
vn -0.0891 -0.9960 -0.0108
vn -0.0771 -0.9970 -0.0010
vn 0.0004 -0.7657 0.6432
vn 0.1360 -0.7333 0.6662
vn 0.9511 -0.0322 0.3073
vn 0.9619 -0.0061 0.2733
vn 0.4102 -0.9116 0.0274
vn 0.9897 -0.0085 0.1428
vn 0.9898 -0.0066 0.1425
vn 0.9904 -0.0026 0.1386
vn 0.4921 0.6570 0.5711
vn -0.0000 -0.0000 -1.0000
vn -0.0000 0.2979 -0.9546
vn -0.0000 0.2908 -0.9568
vn -0.0000 0.5691 -0.8223
vt 0.000000 0.000000
vt 1.000000 0.000000
vt 1.000000 1.000000
vt 1.000000 0.485640
vt 0.427858 0.000000
vt 0.485640 0.485640
vt 0.533554 0.161833
vt 0.709803 0.000000
vt 0.451724 0.000000
vt 1.000000 0.497976
vt 0.584322 0.000000
vt 0.497976 0.497976
vt 0.584322 0.584322
vt 1.000000 0.572142
vt 1.000000 0.290197
vt 0.709993 0.000000
vt 1.000000 0.710437
vt 0.709993 0.709993
vt 0.710437 0.710437
vt 0.763940 0.000000
vt 0.235597 0.000000
vt 1.000000 0.721022
vt 0.721022 0.721022
vt 0.555932 0.000000
vt 0.555932 0.555932
vt 0.556784 0.000000
vt 1.000000 0.662786
vt 0.556784 0.556784
vt 0.868035 0.556874
vt 0.337213 0.000000
vt 1.000000 0.548276
vt 0.564782 0.137341
vt 0.564782 0.137351
vt 0.383926 0.195724
vt 0.383926 0.195605
vt 0.383926 0.195351
vt 0.383926 0.195268
vt 0.383926 0.187023
vt 0.564782 0.152494
vt 0.564782 0.137460
vt 0.606308 0.195819
vt 0.606320 0.137350
vt 0.606320 0.137405
vt 0.606320 0.145659
vt 0.606320 0.151975
vt 0.606320 0.156865
vt 0.606320 0.167907
vt 0.606309 0.194620
s 0
usemtl Material.027
f 3321/4570/2432 3320/4571/2432 3318/4572/2432
f 3343/4573/2433 3318/4572/2433 3320/4570/2433 3344/4574/2433
f 3318/4572/2434 3343/4575/2434 3345/4576/2434 3346/4577/2434 3319/4571/2434
f 3319/4570/2435 3324/4571/2435 3318/4572/2435
f 3324/4570/2436 3321/4571/2436 3318/4572/2436
f 3324/4570/2437 3323/4571/2437 3321/4572/2437
f 3321/4572/2438 3323/4570/2438 3348/4578/2438 3347/4579/2438
f 3349/4580/2439 3320/4571/2439 3321/4572/2439 3347/4581/2439
f 3320/4572/2440 3349/4582/2440 3344/4583/2440
f 3319/4571/2441 3346/4584/2441 3350/4585/2441
f 3326/4570/2442 3324/4571/2442 3319/4572/2442
f 3351/4586/2443 3319/4572/2443 3350/4587/2443
f 3351/4588/2444 3352/4589/2444 3327/4571/2444 3319/4572/2444
f 3327/4570/2445 3326/4571/2445 3319/4572/2445
f 3326/4570/2446 3325/4571/2446 3324/4572/2446
f 3325/4570/2447 3323/4571/2447 3324/4572/2447
f 3325/4570/2448 3322/4571/2448 3323/4572/2448
f 3326/4572/2449 3327/4570/2449 3352/4590/2449 3353/4591/2449
f 3325/4571/2450 3326/4572/2450 3353/4592/2450 3355/4593/2450
f 3322/4571/2451 3325/4572/2451 3355/4594/2451 3356/4595/2451
f 3354/4596/2452 3322/4572/2452 3356/4597/2452 3357/4598/2452
f 3354/4599/2453 3348/4600/2453 3323/4572/2453 3322/4570/2453
s 1
f 3331/4601/2454 3330/4602/2455 3342/4603/2456 3341/4604/2454 3340/4605/2454 3339/4606/2454 3337/4607/2454 3336/4608/2454 3335/4609/2454
f 3342/4610/2456 3330/4611/2455 3329/4612/2457 3328/4613/2457 3334/4614/2457 3332/4615/2457 3333/4616/2457 3338/4617/2457
o Toaster_cell.074
v 0.017226 0.043614 -0.033939
v 0.017869 0.094873 -0.004934
v -0.035307 0.038440 -0.152299
v -0.002643 0.039767 -0.147354
v -0.020959 0.035879 -0.150796
v 0.016351 0.043572 -0.004341
v -0.000278 0.040792 -0.001891
v -0.021099 0.140587 -0.135628
v -0.018614 0.144538 -0.138085
v -0.021099 0.140587 -0.001100
v -0.021099 0.118559 -0.001252
v -0.000111 0.144835 -0.001172
v -0.016129 0.144835 -0.001094
v 0.005437 0.144835 -0.001996
v 0.012340 0.144835 -0.003124
v -0.021099 0.036371 -0.002103
v 0.012632 0.144835 -0.012997
v -0.008515 0.144835 -0.133206
v -0.041395 0.143328 -0.150517
v -0.026399 0.139109 -0.171923
v -0.030492 0.140968 -0.166127
v -0.009820 0.144835 -0.140542
v -0.014678 0.139673 -0.170166
v -0.040966 0.140587 -0.135628
v -0.041303 0.144835 -0.140542
v -0.033752 0.038206 -0.135628
v -0.021099 0.035943 -0.135628
v -0.021099 0.036060 -0.090718
v -0.021028 0.138845 -0.172747
v -0.021099 0.140587 -0.001100
v -0.021099 0.118559 -0.001252
v -0.000111 0.144835 -0.001172
v -0.016129 0.144835 -0.001094
v 0.005437 0.144835 -0.001996
v 0.012340 0.144835 -0.003124
v -0.021099 0.036371 -0.002103
v 0.012632 0.144835 -0.012997
v -0.008515 0.144835 -0.133206
v -0.026399 0.139109 -0.171923
v -0.030492 0.140968 -0.166127
v -0.041395 0.143328 -0.150517
v -0.009820 0.144835 -0.140542
v -0.041303 0.144835 -0.140542
v -0.021099 0.035943 -0.135628
v -0.021099 0.036060 -0.090718
v -0.033752 0.038206 -0.135628
v -0.014678 0.139673 -0.170166
v -0.040966 0.140587 -0.135628
v -0.021028 0.138845 -0.172747
vn 0.1469 -0.0071 0.9891
vn 0.1612 -0.0055 0.9869
vn -0.0080 -0.0104 0.9999
vn 0.1973 -0.9424 0.2702
vn 0.3225 0.0014 0.9466
vn 0.1891 -0.9820 0.0042
vn 0.9991 -0.0292 0.0295
vn 0.9892 0.0843 -0.1201
vn 0.9817 0.0803 -0.1727
vn -0.8219 -0.0381 -0.5683
vn 0.9815 0.0784 -0.1746
vn -0.9964 -0.0643 0.0560
vn -0.1760 -0.9844 0.0026
vn 0.1885 -0.9821 0.0034
vn 0.2082 -0.9781 -0.0033
vn 0.0050 -0.2002 -0.9797
vn 0.2673 -0.1924 -0.9442
vn 0.0091 0.9833 -0.1819
vn 0.0081 0.9807 -0.1955
vn -0.0000 0.9522 -0.3054
vn -0.0076 1.0000 -0.0003
vn 0.0027 0.9970 -0.0774
vn -0.1554 0.9838 0.0896
vn -0.3467 0.9380 0.0052
vn 0.0048 -0.0069 1.0000
vn -0.7474 -0.0000 0.6643
vn -0.6401 0.4219 0.6421
vn -0.0304 0.4126 0.9104
vn -0.0000 -0.0000 1.0000
vn 0.0117 0.9894 -0.1449
vn -0.0239 0.9693 0.2446
vn -0.9091 0.4165 0.0055
vn -1.0000 -0.0000 -0.0000
vt 0.672334 0.672334
vt 0.000000 0.000000
vt 1.000000 0.000000
vt 1.000000 0.666340
vt 0.666340 0.666340
vt 0.666519 0.000000
vt 1.000000 0.503947
vt 0.356432 0.000000
vt 0.005455 0.000000
vt 1.000000 1.000000
vt 1.000000 0.333481
vt 0.005332 0.000000
vt 1.000000 0.666426
vt 0.496509 0.496509
vt 0.666302 0.000000
vt 0.666426 0.666426
vt 0.640840 0.640840
vt 0.668843 0.000000
vt 0.652991 0.467693
vt 0.666302 0.666302
vt 0.962069 0.648778
vt 0.730488 0.667887
vt 0.331157 0.000000
vt 1.000000 0.111033
vt 0.323785 0.082672
vt 0.321820 0.066274
vt 1.000000 0.404048
vt 0.992745 0.102084
vt 0.110997 0.110997
vt 1.000000 0.994668
vt 0.404048 0.404048
vt 0.306411 0.306411
vt 0.300480 0.000000
vt 0.699520 0.000000
vt 1.000000 0.305896
vt 0.831808 0.653079
vt 0.831808 0.639204
vt 0.831808 0.644364
vt 0.831808 0.649310
vt 0.680791 0.625102
vt 0.819209 0.619994
vt 0.819209 0.611991
vt 0.819209 0.613368
vt 0.819209 0.632841
vt 0.819209 0.634043
vt 0.819209 0.639853
vt 0.495199 0.141494
vt 0.496053 0.000000
vt 1.000000 0.672334
vt 0.614593 0.288008
vt 0.816789 0.644429
vt 0.816789 0.662724
vt 0.816789 0.656081
vt 0.831808 0.637950
vt 0.831808 0.653079
vt 0.831808 0.663119
vt 0.831808 0.663034
vt 0.831808 0.639853
vt 0.831808 0.634043
vt 0.750534 0.642141
vt 0.818048 0.642141
vt 0.816951 0.644122
vt 0.816951 0.662879
vt 0.818048 0.662977
vt 0.819209 0.639853
vt 0.818048 0.663034
vt 0.750539 0.639853
vt 0.750534 0.642141
vt 0.751014 0.644429
vt 0.750617 0.644429
vt 0.750542 0.644429
vt 0.794674 0.644429
s 0
usemtl Material.027
f 3389/4618/2458 3364/4619/2458 3363/4620/2458 3391/4621/2458
f 3391/4622/2459 3363/4619/2459 3392/4623/2459
f 3388/4624/2460 3393/4625/2460 3364/4620/2460
f 3393/4626/2461 3363/4620/2461 3364/4627/2461
f 3363/4627/2462 3359/4619/2462 3392/4628/2462
f 3393/4629/2463 3358/4620/2463 3363/4627/2463
f 3358/4619/2464 3359/4620/2464 3363/4627/2464
f 3359/4619/2465 3358/4620/2465 3394/4630/2465 3392/4631/2465
f 3358/4619/2466 3395/4632/2466 3394/4633/2466
f 3396/4634/2467 3360/4619/2467 3398/4635/2467 3397/4636/2467
f 3395/4637/2468 3358/4619/2468 3361/4620/2468 3404/4638/2468 3399/4639/2468
f 3398/4640/2469 3360/4620/2469 3403/4641/2469 3381/4642/2469 3400/4643/2469
f 3360/4619/2470 3362/4620/2470 3402/4644/2470 3401/4645/2470 3403/4646/2470
f 3362/4619/2471 3358/4620/2471 3393/4647/2471 3402/4648/2471
f 3362/4619/2472 3361/4620/2472 3358/4627/2472
f 3362/4620/2473 3360/4627/2473 3396/4649/2473 3406/4650/2473
f 3361/4627/2474 3362/4619/2474 3406/4651/2474 3404/4652/2474
s 1
f 3378/4653/2475 3380/4654/2476 3386/4655/2477 3377/4656/2477
f 3369/4657/2478 3371/4658/2478 3372/4659/2478 3374/4660/2478 3375/4661/2478 3379/4662/2479 3366/4663/2480 3390/4663/2481
s 0
f 3387/4664/2482 3388/4665/2482 3364/4620/2482 3389/4666/2482 3370/4667/2482
s 1
f 3380/4671/2476 3378/4672/2475 3376/4673/2487 3382/4674/2488 3366/4675/2480 3379/4676/2479
f 3405/4681/2485 3366/4682/2480 3382/4683/2488
f 3390/4684/2481 3366/4678/2480 3367/4685/2489
usemtl Material.020
f 3384/4668/2483 3365/4668/2484 3405/4669/2485 3383/4670/2486
f 3367/4677/2489 3366/4678/2480 3365/4679/2484
f 3405/4680/2485 3365/4679/2484 3366/4678/2480
f 3373/4686/2490 3368/4687/2490 3367/4688/2489 3365/4668/2484 3384/4668/2483 3385/4689/2490
o Toaster_cell.076
v 0.043022 0.039191 -0.151419
v 0.084134 0.080560 -0.150495
v 0.063689 0.040104 -0.150844
v 0.060627 0.035108 -0.151281
v 0.092448 0.101528 -0.139271
v 0.088964 0.081026 -0.143401
v 0.091254 0.111965 -0.000440
v 0.081835 0.030677 -0.118430
v 0.080360 0.031598 0.000474
v 0.064677 0.034310 -0.146999
v 0.063296 0.140587 -0.135628
v 0.065781 0.144538 -0.138085
v 0.063296 0.034370 -0.048224
v 0.063296 0.034638 0.000223
v 0.086486 0.145191 -0.000631
v 0.063296 0.103410 -0.000211
v 0.063296 0.140587 -0.000571
v 0.068265 0.144835 -0.000616
v 0.063296 0.034486 -0.122063
v 0.036768 0.039958 -0.135628
v 0.063296 0.034521 -0.135628
v 0.091342 0.145286 -0.137559
v 0.090957 0.145279 -0.075313
v 0.087441 0.144092 -0.145462
v 0.031607 0.041154 -0.135628
v 0.032017 0.108352 -0.135628
v 0.034217 0.140587 -0.135628
v 0.034788 0.144667 -0.139151
v 0.031840 0.090417 -0.135628
v 0.042611 0.143380 -0.150169
v 0.061246 0.143409 -0.149976
v 0.084001 0.143458 -0.149655
v 0.063296 0.034370 -0.048224
v 0.063296 0.034638 0.000223
v 0.063296 0.103410 -0.000211
v 0.063296 0.140587 -0.000571
v 0.086486 0.145191 -0.000631
v 0.068265 0.144835 -0.000616
v 0.063296 0.034486 -0.122063
v 0.036768 0.039958 -0.135628
v 0.063296 0.034521 -0.135628
v 0.091342 0.145286 -0.137559
v 0.090957 0.145279 -0.075313
v 0.031607 0.041154 -0.135628
v 0.032017 0.108352 -0.135628
v 0.034217 0.140587 -0.135628
v 0.031840 0.090417 -0.135628
v 0.042611 0.143380 -0.150169
v 0.061246 0.143409 -0.149976
v 0.084001 0.143458 -0.149655
v 0.087441 0.144092 -0.145462
v 0.034788 0.144667 -0.139151
vn -0.1755 -0.9845 0.0054
vn 0.9894 -0.1443 0.0134
vn 0.9908 -0.1341 0.0186
vn 0.0202 0.0086 0.9998
vn -0.0136 0.0063 0.9999
vn -0.2010 -0.9796 -0.0015
vn -0.2008 -0.9796 -0.0025
vn -0.1690 -0.9853 -0.0238
vn 0.7767 -0.3655 -0.5129
vn 0.7813 -0.3626 -0.5081
vn 0.9864 -0.1596 -0.0401
vn 0.9997 0.0250 0.0062
vn 0.9978 0.0617 0.0235
vn 0.8271 -0.0275 -0.5613
vn 0.8332 0.0177 -0.5526
vn -0.2254 -0.9734 -0.0420
vn -0.9943 0.0679 -0.0825
vn -0.8250 0.0081 -0.5651
vn -0.8112 0.0044 -0.5848
vn -0.0048 0.9939 -0.1102
vn -0.0183 0.8759 0.4822
vn -0.1651 0.9814 0.0976
vn -0.0168 0.9988 -0.0456
vn 0.5678 -0.2803 -0.7739
vn 0.6509 -0.3396 -0.6790
vn 0.6655 -0.3306 -0.6692
vn 0.0141 0.0134 -0.9998
vn 0.7724 0.0101 -0.6351
vn 0.0006 0.0097 1.0000
vn -0.0000 -0.0000 1.0000
vn -0.7545 -0.0000 0.6563
vn -0.6401 0.4219 0.6421
vn -0.0105 0.3231 0.9463
vn -0.9106 0.4133 0.0054
vn -1.0000 -0.0000 -0.0000
vn -0.3553 0.9347 0.0048
vn -0.0250 0.9997 -0.0009
vn 0.0104 0.0120 -0.9999
vt 0.407373 0.000000
vt 1.000000 0.000000
vt 1.000000 1.000000
vt 0.427526 0.427526
vt 0.000000 0.000000
vt 1.000000 0.309168
vt 0.563180 0.563180
vt 1.000000 0.427526
vt 0.662225 0.000000
vt 1.000000 0.592627
vt 0.291552 0.000000
vt 0.662225 0.662225
vt 0.844890 0.372156
vt 0.553160 0.533888
vt 1.000000 0.537026
vt 0.603822 0.000000
vt 0.537026 0.537026
vt 1.000000 0.538095
vt 0.553313 0.000000
vt 1.000000 0.708448
vt 0.710251 0.710251
vt 1.000000 0.567356
vt 0.988980 0.320691
vt 1.000000 0.330728
vt 0.567356 0.567356
vt 1.000000 0.330636
vt 1.000000 0.683634
vt 1.000000 0.710251
vt 0.683634 0.683634
vt 0.330636 0.330636
vt 0.331905 0.000000
vt 0.831808 0.585761
vt 0.831808 0.592087
vt 0.819209 0.562137
vt 0.817739 0.540862
vt 0.817989 0.544479
vt 0.818207 0.547646
vt 0.831808 0.568601
vt 0.451481 0.451481
vt 1.000000 0.452443
vt 0.452443 0.452443
vt 1.000000 0.446687
vt 0.815723 0.337075
vt 1.000000 0.563180
vt 0.309168 0.309168
vt 0.691005 0.311256
vt 0.816789 0.595680
vt 0.816789 0.595895
vt 0.816789 0.591141
vt 0.816789 0.566713
vt 0.816789 0.593491
vt 0.816789 0.595517
vt 0.750281 0.566713
vt 0.810109 0.566713
vt 0.773748 0.566713
vt 0.749890 0.566713
vt 0.750104 0.566713
vt 0.750303 0.562137
vt 0.818048 0.564425
vt 0.750301 0.564425
vt 0.816951 0.566407
vt 0.816951 0.593181
vt 0.818048 0.592965
vt 0.818048 0.593055
vt 0.819209 0.562137
vt 0.750301 0.564425
vt 0.787087 0.541241
vt 0.817740 0.540887
vt 0.819209 0.562137
vt 0.750350 0.541707
vt 1.000000 0.451481
vt 0.668095 0.000000
s 0
usemtl Material.027
f 3439/4690/2491 3414/4691/2491 3415/4692/2491 3440/4693/2491
f 3414/4694/2492 3411/4691/2492 3415/4692/2492
f 3411/4694/2493 3413/4691/2493 3415/4692/2493
f 3443/4695/2494 3415/4692/2494 3413/4694/2494
f 3415/4692/2495 3441/4696/2495 3440/4697/2495
f 3445/4698/2496 3414/4691/2496 3439/4699/2496
f 3446/4700/2497 3410/4691/2497 3414/4692/2497 3445/4701/2497 3447/4702/2497
f 3416/4691/2498 3414/4692/2498 3410/4694/2498
f 3416/4694/2499 3408/4691/2499 3414/4692/2499
f 3408/4694/2500 3412/4691/2500 3414/4692/2500
f 3412/4694/2501 3411/4691/2501 3414/4692/2501
f 3448/4703/2502 3449/4704/2502 3411/4692/2502
f 3443/4705/2503 3413/4691/2503 3411/4692/2503 3449/4706/2503
f 3412/4694/2504 3408/4691/2504 3411/4692/2504
f 3448/4707/2505 3411/4692/2505 3408/4694/2505 3457/4708/2505
f 3446/4709/2506 3450/4710/2506 3407/4694/2506 3410/4691/2506
f 3451/4711/2507 3452/4712/2507 3458/4713/2507
f 3451/4714/2508 3458/4715/2508 3453/4716/2508
f 3407/4691/2509 3450/4717/2509 3453/4718/2509 3458/4719/2509 3454/4720/2509
s 1
f 3436/4721/2510 3434/4722/2511 3418/4723/2512 3428/4724/2513 3430/4725/2510 3438/4726/2510 3455/4727/2510
s 0
f 3408/4694/2514 3409/4691/2514 3410/4692/2514
f 3409/4694/2515 3416/4691/2515 3410/4692/2515
f 3409/4694/2516 3408/4691/2516 3416/4692/2516
f 3408/4692/2517 3437/4728/2517 3456/4729/2517
f 3408/4692/2518 3456/4730/2518 3457/4731/2518
f 3442/4732/2519 3441/4733/2519 3415/4692/2519 3443/4734/2519 3444/4735/2519
s 1
f 3424/4747/2526 3418/4748/2512 3423/4749/2524
f 3434/4752/2511 3433/4753/2523 3418/4754/2512
f 3429/4756/2527 3428/4757/2513 3418/4758/2512 3424/4747/2526 3421/4759/2527
s 0
f 3437/4760/2528 3408/4691/2528 3410/4692/2528 3407/4694/2528 3454/4761/2528
s 1
usemtl Material.020
f 3435/4736/2520 3431/4737/2520 3426/4738/2520 3427/4739/2521 3417/4739/2522 3433/4740/2523 3432/4741/2520
f 3423/4742/2524 3417/4739/2522 3427/4739/2521 3425/4743/2525 3419/4744/2525 3420/4745/2525 3422/4746/2525
f 3417/4750/2522 3418/4748/2512 3433/4751/2523
f 3423/4755/2524 3418/4748/2512 3417/4750/2522
o Toaster_cell.077
v 0.010940 0.054364 0.159199
v 0.010942 0.110480 0.179280
v -0.008157 0.057021 0.160598
v -0.008015 0.087219 0.170573
v 0.000359 0.054626 0.157453
v 0.003574 0.107310 0.230648
v 0.000361 0.133507 0.189392
v -0.007986 0.133013 0.190930
v -0.008147 0.093081 0.240475
v -0.008098 0.107310 0.230648
v -0.008014 0.128384 0.205366
v 0.011421 0.107310 0.230648
v 0.011394 0.128384 0.205366
v 0.011350 0.133257 0.190170
v -0.001006 0.092248 0.241050
v 0.004145 0.092191 0.241090
v 0.011331 0.092148 0.240912
v 0.000361 0.133507 0.189392
v -0.007986 0.133013 0.190930
v -0.008014 0.128384 0.205366
v -0.008147 0.093081 0.240475
v -0.008098 0.107310 0.230648
v 0.011421 0.107310 0.230648
v 0.011394 0.128384 0.205366
v 0.011350 0.133257 0.190170
v 0.011331 0.092148 0.240912
v 0.004145 0.092191 0.241090
v -0.001006 0.092248 0.241050
vn -0.1889 0.3990 -0.8973
vn -0.9992 0.0165 -0.0357
vn -1.0000 0.0027 -0.0011
vn 1.0000 -0.0045 -0.0034
vn 0.9877 0.0526 -0.1470
vn -0.0141 0.3966 -0.9179
vn -0.0245 0.3679 -0.9295
vn -0.2535 0.3045 -0.9182
vn -0.1049 -0.9075 0.4067
vn -0.1382 -0.9027 0.4075
vn -0.0027 -0.9079 0.4192
vn 0.1616 0.3325 -0.9292
vn -0.0898 -0.9088 0.4075
vn 0.0058 0.5664 0.8241
vn 0.0028 0.6736 0.7391
vn -0.0000 0.6742 0.7385
vn -0.0000 0.5683 0.8228
vn -0.0000 0.8762 0.4820
vn -0.0000 0.8762 0.4819
vn -0.0000 0.9522 0.3054
vn 0.0057 0.6729 0.7397
vn 0.0113 0.5645 0.8253
vt 0.574656 0.000000
vt 1.000000 0.000000
vt 1.000000 0.423849
vt 0.000000 0.000000
vt 0.423849 0.423849
vt 0.546531 0.546531
vt 0.940099 0.000000
vt 0.881230 0.163742
vt 0.682521 0.448741
vt 0.309321 0.171676
vt 0.088255 0.000000
vt 1.000000 0.556846
vt 0.766751 0.454220
vt 0.556846 0.556846
vt 1.000000 0.425344
vt 0.270931 0.270931
vt 1.000000 1.000000
vt 1.000000 0.094767
vt 0.094767 0.094767
vt 1.000000 0.059901
vt 0.092191 0.000000
vt 0.993874 0.905580
vt 0.423458 0.333343
vt 0.090994 0.000000
vt 0.566014 0.621183
vt 0.609462 0.621709
vt 0.609462 0.632457
vt 0.578699 0.632386
vt 0.609462 0.625026
vt 0.668192 0.632380
vt 0.668192 0.614507
vt 0.668192 0.614741
vt 0.640865 0.624668
vt 0.668192 0.632354
vt 0.609462 0.614482
vt 0.609462 0.614507
vt 0.609462 0.632380
vt 0.718597 0.613258
vt 0.589645 0.621183
s 0
usemtl Material.027
f 3476/4762/2529 3462/4763/2529 3477/4764/2529
f 3462/4765/2530 3461/4763/2530 3477/4766/2530
f 3477/4767/2531 3461/4765/2531 3479/4768/2531 3480/4769/2531 3478/4770/2531
f 3481/4771/2532 3484/4772/2532 3459/4763/2532 3483/4773/2532 3482/4774/2532
f 3459/4765/2533 3460/4763/2533 3483/4775/2533
f 3476/4776/2534 3483/4777/2534 3460/4765/2534 3462/4763/2534
f 3460/4765/2535 3463/4763/2535 3462/4778/2535
f 3463/4765/2536 3461/4763/2536 3462/4778/2536
f 3461/4778/2537 3463/4765/2537 3486/4779/2537
f 3461/4778/2538 3486/4780/2538 3479/4781/2538
f 3486/4782/2539 3459/4763/2539 3484/4783/2539 3485/4784/2539
f 3463/4765/2540 3460/4763/2540 3459/4778/2540
f 3459/4778/2541 3486/4785/2541 3463/4763/2541
s 1
f 3474/4786/2542 3464/4787/2543 3468/4788/2544 3467/4789/2545 3473/4790/2545
f 3469/4791/2546 3471/4792/2547 3472/4793/2548 3465/4794/2548 3466/4795/2548
f 3468/4788/2544 3464/4787/2543 3470/4796/2549 3471/4797/2547 3469/4798/2546
f 3475/4799/2550 3470/4796/2549 3464/4787/2543 3474/4800/2542
o Toaster_cell.078
v 0.001459 -0.122464 -0.226576
v 0.001220 -0.140716 -0.229043
v 0.026378 -0.138020 -0.250028
v 0.020936 -0.135529 -0.251360
v 0.001350 -0.138020 -0.250028
v 0.026378 -0.138020 -0.250028
v 0.001220 -0.140716 -0.229043
v 0.020936 -0.135529 -0.251360
v 0.001350 -0.138020 -0.250028
vn 0.6436 -0.1108 0.7573
vn 0.4380 0.8902 -0.1250
vn -0.1421 0.8252 -0.5467
vn -0.9999 0.0137 -0.0045
vn -0.0000 -0.9805 -0.1966
vn -0.0000 -0.8740 -0.4860
vn -0.0000 -0.9918 -0.1274
vn -0.0000 -0.4717 -0.8817
vt 0.732013 0.732013
vt 1.000000 0.551336
vt 1.000000 1.000000
vt 1.000000 0.679767
vt 0.551336 0.551336
vt 1.000000 0.678712
vt 0.679767 0.679767
vt 0.700354 0.653462
vt 1.000000 0.732014
vt 0.125000 0.623756
vt 0.158783 0.595267
vt 0.125000 0.623877
vt 0.383926 0.126278
vt 0.375000 0.144280
vt 0.375000 0.149290
s 0
usemtl Material.027
f 3493/4801/2551 3492/4802/2551 3487/4803/2551
f 3494/4804/2552 3487/4803/2552 3492/4805/2552
f 3495/4806/2553 3487/4803/2553 3494/4807/2553
f 3487/4803/2554 3495/4808/2554 3493/4809/2554
s 1
usemtl Material.020
f 3491/4810/2555 3489/4811/2556 3488/4812/2557
f 3491/4813/2555 3490/4814/2558 3489/4815/2556
o Toaster_cell.079
v 0.101383 0.110508 0.173296
v 0.086561 0.107735 0.163808
v 0.105366 0.113228 0.175731
v 0.106284 0.140968 0.166127
v 0.131796 0.126685 0.163893
v 0.121013 0.137141 0.165528
v 0.121013 0.141751 0.135329
v 0.131796 0.131295 0.134511
v 0.129546 0.133476 0.074102
v 0.118756 0.142337 0.105548
v 0.121013 0.141751 0.099709
v 0.133126 0.119173 0.171550
v 0.131796 0.131295 0.091913
v 0.133472 0.120617 0.162943
v 0.133492 0.125154 0.134031
v 0.093357 0.140688 0.166999
v 0.102453 0.138778 0.172954
v 0.106284 0.145226 0.137956
v 0.132526 0.119606 0.177286
v 0.121003 0.131932 0.181770
v 0.118756 0.142337 0.105548
v 0.121013 0.141751 0.099709
v 0.129546 0.133476 0.074102
v 0.133126 0.119173 0.171550
v 0.133472 0.120617 0.162943
v 0.131796 0.131295 0.091913
v 0.133492 0.125154 0.134031
v 0.093357 0.140688 0.166999
v 0.102453 0.138778 0.172954
v 0.132526 0.119606 0.177286
v 0.106284 0.145226 0.137956
v 0.121003 0.131932 0.181770
vn -0.9032 0.2161 -0.3708
vn 0.2592 -0.9542 -0.1496
vn 0.2610 -0.9645 -0.0408
vn -0.5430 0.0307 0.8392
vn -0.9032 0.2218 -0.3674
vn 0.0219 -0.3237 0.9459
vn 0.1450 -0.7692 0.6223
vn -0.5364 0.0305 0.8434
vn -0.4130 0.0517 0.9093
vn 0.5385 0.7894 0.2947
vn 0.4868 0.8459 0.2178
vn 0.1310 0.9632 0.2346
vn 0.1120 0.9407 0.3203
vn 0.8135 0.5440 0.2057
vn 0.8548 0.5019 0.1322
vn 0.9638 0.2537 0.0815
vn 0.9643 0.2577 0.0614
vn -0.0070 0.9777 0.2097
vn 0.2332 0.9724 0.0015
vn 0.2131 0.9719 0.0997
vn 0.4822 0.8738 0.0631
vn 0.6490 0.7608 0.0002
vn 0.6961 0.7179 -0.0000
vn 0.8557 0.5160 0.0398
vn 0.7136 0.7006 -0.0000
vn 0.9643 0.2639 0.0217
vt 0.654184 0.564610
vt 1.000000 0.391582
vt 1.000000 1.000000
vt 0.604117 0.604117
vt 1.000000 0.531992
vt 0.391582 0.391582
vt 0.501119 0.400733
vt 0.763927 0.459868
vt 0.945573 0.512730
vt 0.627628 0.000000
vt 1.000000 0.000000
vt 0.531992 0.531992
vt 1.000000 0.622998
vt 0.000000 0.000000
vt 0.334026 0.000000
vt 1.000000 0.604117
vt 0.625577 0.619796
vt 0.774546 0.569959
vt 0.958023 0.285584
vt 0.788913 0.000000
vt 0.336602 0.336602
vt 1.000000 0.665974
vt 0.305171 0.305171
vt 0.239523 0.000000
vt 0.656484 0.513572
vt 0.667795 0.513563
vt 0.668192 0.527127
vt 0.661753 0.527137
vt 0.608273 0.462741
vt 0.612335 0.455708
vt 0.624838 0.457089
vt 0.618675 0.464828
vt 0.605145 0.461632
vt 0.605674 0.459479
vt 0.606954 0.455240
vt 0.661752 0.527137
vt 0.668192 0.539031
vt 0.698024 0.515642
vt 0.683221 0.526225
vt 0.683358 0.513563
vt 0.700899 0.513563
vt 0.614977 0.411491
vt 0.625000 0.424101
vt 0.625000 0.441642
vt 0.612335 0.441239
vt 0.612335 0.420262
vt 0.606890 0.441003
vt 0.625000 0.456513
vt 0.682064 0.527127
vt 0.668487 0.513563
vt 0.606890 0.441003
vt 0.606954 0.455240
vt 0.668192 0.538641
s 0
usemtl Material.027
f 3517/4816/2559 3518/4817/2559 3497/4818/2559 3516/4819/2559
f 3519/4820/2560 3497/4818/2560 3518/4821/2560 3521/4822/2560 3522/4823/2560 3520/4824/2560
f 3525/4825/2561 3496/4826/2561 3497/4818/2561 3519/4827/2561
f 3523/4828/2562 3497/4818/2562 3496/4829/2562 3524/4830/2562
f 3516/4831/2563 3497/4818/2563 3523/4832/2563 3513/4833/2563
f 3525/4834/2564 3515/4835/2564 3498/4826/2564
f 3525/4836/2565 3498/4829/2565 3496/4826/2565
f 3524/4837/2566 3496/4818/2566 3498/4829/2566
f 3524/4838/2567 3498/4829/2567 3515/4839/2567
s 1
f 3527/4840/2568 3501/4841/2569 3499/4842/2570 3512/4843/2571
f 3514/4844/2572 3500/4845/2573 3501/4846/2569 3527/4847/2568
f 3512/4851/2571 3499/4842/2570 3511/4852/2576
f 3505/4853/2577 3526/4854/2578 3502/4855/2579 3506/4856/2580
f 3504/4857/2581 3506/4858/2580 3502/4859/2579 3503/4860/2582 3508/4861/2583
f 3500/4845/2573 3503/4860/2582 3502/4859/2579 3501/4863/2569
f 3526/4864/2578 3499/4842/2570 3501/4865/2569 3502/4855/2579
f 3511/4868/2576 3499/4842/2570 3526/4842/2578
usemtl Material.020
f 3514/4848/2572 3507/4849/2574 3509/4850/2575 3500/4845/2573
f 3503/4860/2582 3510/4862/2584 3508/4861/2583
f 3510/4866/2584 3503/4860/2582 3500/4845/2573 3509/4867/2575
o Toaster_cell.080
v 0.021099 0.073058 0.253836
v 0.003574 0.071805 0.252583
v 0.017162 -0.023668 0.253764
v 0.003923 0.039516 0.253358
v 0.004827 0.034162 0.253600
v 0.003574 0.053574 0.250708
v 0.003574 0.044783 0.252583
v -0.000157 0.078480 0.250559
v 0.031551 -0.022110 0.253836
v 0.031732 0.073058 0.253836
v 0.031816 0.078233 0.250332
v 0.018411 0.078311 0.250280
v 0.003923 0.039516 0.253358
v 0.003574 0.044783 0.252583
v 0.003574 0.053574 0.250708
v 0.031551 -0.022110 0.253836
v 0.031732 0.073058 0.253836
v 0.031816 0.078233 0.250332
v 0.017162 -0.023668 0.253764
v 0.004827 0.034162 0.253600
v 0.003574 0.071805 0.252583
v -0.000157 0.078480 0.250559
v 0.018411 0.078311 0.250280
vn -0.6941 -0.1499 -0.7041
vn 0.6457 0.1013 0.7569
vn 0.0082 -0.0300 -0.9995
vn 0.9998 -0.0019 0.0211
vn -0.0074 -0.0364 -0.9993
vn -0.0233 0.4658 0.8846
vn -0.0161 0.2665 0.9637
vn -0.0015 0.2945 0.9557
vn -0.0000 0.5606 0.8281
vn -0.0716 0.2322 0.9700
vn -0.0369 0.4071 0.9126
vn -0.0073 0.0009 1.0000
vn -0.0028 -0.0003 1.0000
vn -0.0372 0.0083 0.9993
vn -0.1693 0.0218 0.9853
vn -0.9227 -0.0000 0.3856
vn -1.0000 -0.0000 -0.0000
vn -0.6822 -0.1476 -0.7161
vt 0.420620 0.169641
vt 1.000000 0.184427
vt 1.000000 1.000000
vt 0.180710 0.180710
vt 0.086545 0.000000
vt 1.000000 0.131599
vt 0.184427 0.184427
vt 0.132718 0.000000
vt 1.000000 0.000000
vt 0.000000 0.000000
vt 0.949236 0.000000
vt 0.966206 0.065797
vt 0.419698 0.335173
vt 0.050764 0.000000
vt 0.980704 0.849752
vt 0.609462 0.605571
vt 0.609462 0.595779
vt 0.609462 0.595702
vt 0.566014 0.620555
vt 0.564782 0.605571
vt 0.553535 0.608220
vt 0.572304 0.620722
vt 0.564782 0.595945
vt 0.564782 0.595779
vt 0.479153 0.605571
vt 0.565762 0.620555
vt 0.530292 0.620555
vt 0.564701 0.621709
vt 0.533498 0.621335
vt 0.563671 0.621709
vt 0.539710 0.621709
vt 0.534805 0.621709
vt 0.547505 0.621709
vt 1.000000 0.180710
vt 0.812649 0.812649
vt 0.971580 0.221807
s 0
usemtl Material.027
f 3541/4869/2585 3542/4870/2585 3546/4871/2585 3540/4872/2585
f 3529/4873/2586 3549/4874/2586 3546/4871/2586 3542/4875/2586
f 3549/4876/2587 3543/4877/2587 3546/4871/2587
f 3543/4878/2588 3545/4879/2588 3544/4880/2588
f 3550/4881/2589 3545/4882/2589 3543/4877/2589 3549/4883/2589
s 1
f 3539/4884/2590 3528/4884/2591 3537/4885/2592 3538/4886/2593
f 3548/4887/2594 3528/4888/2591 3539/4889/2590 3535/4890/2595
f 3528/4888/2591 3530/4888/2596 3536/4891/2597 3537/4892/2592
f 3530/4893/2596 3528/4888/2591 3548/4894/2594 3547/4895/2598
f 3547/4895/2598 3548/4896/2594 3531/4897/2599
s 0
f 3540/4902/2602 3546/4903/2602 3532/4904/2602
s 1
usemtl Material.020
f 3548/4898/2594 3534/4899/2600 3531/4900/2599
f 3548/4898/2594 3533/4901/2601 3534/4899/2600
o Toaster_cell.081
v 0.013853 -0.129938 0.246185
v 0.020783 -0.126250 0.228640
v 0.041757 -0.125989 0.230217
v 0.014675 -0.131869 0.253319
v 0.011458 -0.138020 0.250028
v 0.008383 -0.139532 0.238258
v 0.010755 -0.140708 0.229109
v 0.016258 -0.140662 0.229467
v 0.029974 -0.140537 0.230438
v 0.046351 -0.140378 0.231673
v 0.043977 -0.138020 0.250028
v 0.041770 -0.132129 0.253180
v 0.011458 -0.138020 0.250028
v 0.008383 -0.139532 0.238258
v 0.010755 -0.140708 0.229109
v 0.016258 -0.140662 0.229467
v 0.029974 -0.140537 0.230438
v 0.046351 -0.140378 0.231673
v 0.043977 -0.138020 0.250028
v 0.041770 -0.132129 0.253180
v 0.014675 -0.131869 0.253319
vn -0.9081 0.3659 0.2037
vn -0.9124 0.3616 0.1919
vn 0.0654 -0.0777 -0.9948
vn 0.0711 -0.0794 -0.9943
vn 0.0757 -0.0764 -0.9942
vn 0.9469 0.3107 0.0825
vn 0.0110 0.9659 0.2587
vn -0.0269 0.9803 0.1955
vn -0.7875 0.5757 -0.2202
vn -0.0000 -0.8649 0.5019
vn -0.0000 -0.8847 0.4662
vn -0.0000 -0.9918 0.1274
vn -0.0000 -0.4717 0.8817
vt 0.877274 0.000000
vt 1.000000 0.000000
vt 1.000000 0.090727
vt 0.090727 0.090727
vt 0.000000 0.000000
vt 0.489416 0.000000
vt 0.500550 0.500550
vt 0.223396 0.000000
vt 0.223396 0.223396
vt 0.219883 0.000000
vt 1.000000 0.220562
vt 0.219883 0.219883
vt 0.220562 0.220562
vt 0.309820 0.000000
vt 0.363937 0.106086
vt 1.000000 1.000000
vt 0.877441 0.877441
vt 0.690180 0.000000
vt 0.618715 0.000000
vt 1.000000 0.510584
vt 0.375000 0.584503
vt 0.336965 0.610361
vt 0.336806 0.613542
vt 0.336928 0.611088
vt 0.337212 0.605396
vt 0.375000 0.597398
vt 0.375000 0.582317
vt 0.375000 0.611486
vt 0.375000 0.614448
vt 0.375000 0.586535
s 0
usemtl Material.027
f 3571/4905/2603 3551/4906/2603 3563/4907/2603
f 3563/4908/2604 3551/4909/2604 3564/4910/2604
f 3565/4911/2605 3552/4909/2605 3566/4912/2605
f 3566/4913/2606 3552/4909/2606 3567/4914/2606
f 3552/4909/2607 3553/4906/2607 3568/4915/2607 3567/4916/2607
f 3568/4917/2608 3553/4909/2608 3570/4918/2608 3569/4919/2608
f 3553/4906/2609 3551/4920/2609 3571/4921/2609 3570/4922/2609
f 3553/4909/2610 3552/4906/2610 3551/4920/2610
f 3551/4920/2611 3552/4909/2611 3565/4923/2611 3564/4924/2611
s 1
usemtl Material.020
f 3561/4925/2612 3555/4926/2613 3556/4927/2614 3557/4928/2614 3558/4929/2614 3559/4930/2614 3560/4931/2614
f 3554/4932/2615 3555/4933/2613 3561/4925/2612 3562/4934/2615
o Toaster_cell.082
v -0.109326 0.114054 -0.178493
v -0.092951 0.100052 -0.188113
v -0.093241 0.103363 -0.184320
v -0.106239 0.128384 -0.205366
v -0.131790 0.116585 -0.195388
v -0.120991 0.125227 -0.202677
v -0.132163 0.119959 -0.180478
v -0.101950 0.130418 -0.199023
v -0.106250 0.131418 -0.195905
v -0.112247 0.131526 -0.190477
v -0.123433 0.128989 -0.183236
v -0.133574 0.091053 -0.215104
v -0.133032 0.114614 -0.186851
v -0.133550 0.111319 -0.190979
v -0.131780 0.098325 -0.217289
v -0.120976 0.116171 -0.213540
v -0.106250 0.131418 -0.195905
v -0.112247 0.131526 -0.190477
v -0.101950 0.130418 -0.199023
v -0.133032 0.114614 -0.186851
v -0.133550 0.111319 -0.190979
v -0.133574 0.091053 -0.215104
v -0.131780 0.098325 -0.217289
v -0.120976 0.116171 -0.213540
v -0.132163 0.119959 -0.180478
v -0.123433 0.128989 -0.183236
v -0.106239 0.128384 -0.205366
vn -0.2447 -0.7234 0.6456
vn 0.5761 0.5256 0.6259
vn 0.3522 0.5687 0.7433
vn -0.0061 0.2975 0.9547
vn -0.2497 -0.7413 0.6230
vn -0.2488 -0.7390 0.6261
vn 0.9622 0.2373 -0.1334
vn 0.6236 -0.1988 -0.7560
vn -0.5002 0.7636 -0.4084
vn -0.8573 0.4562 -0.2385
vn -0.7929 0.5841 -0.1737
vn -0.5805 0.7818 -0.2275
vn -0.9674 0.2225 -0.1207
vn -0.9638 0.2538 -0.0816
vn -0.2945 0.9187 -0.2633
vn -0.2116 0.9370 -0.2780
vn -0.2327 0.8973 -0.3750
vn -0.9686 0.1908 -0.1594
vn -0.9205 0.2999 -0.2504
vn -0.6207 0.6020 -0.5024
vn -0.0000 0.9522 -0.3054
vt 1.000000 1.000000
vt 0.702993 0.702993
vt 0.574996 0.000000
vt 1.000000 0.000000
vt 1.000000 0.786159
vt 0.000000 0.000000
vt 0.292808 0.000000
vt 0.581834 0.314606
vt 0.786159 0.786159
vt 1.000000 0.784591
vt 1.000000 0.702993
vt 0.816515 0.816515
vt 1.000000 0.429751
vt 0.938805 0.374508
vt 0.561975 0.000000
vt 0.429751 0.429751
vt 1.000000 0.166475
vt 0.157803 0.000000
vt 0.917547 0.423215
vt 0.785761 0.398941
vt 0.381326 0.244417
vt 0.153880 0.063933
vt 0.614273 0.975382
vt 0.603379 0.971217
vt 0.607506 0.964070
vt 0.619584 0.966186
vt 0.598710 0.969047
vt 0.603177 0.965946
vt 0.845082 0.735308
vt 0.849096 0.728364
vt 0.852547 0.722842
vt 0.859135 0.722831
vt 0.858076 0.736416
vt 0.580739 0.980927
vt 0.598710 0.969047
vt 0.587187 0.982003
vt 0.605724 0.981078
vt 0.614853 0.013607
vt 0.623287 0.013596
vt 0.624722 0.025027
vt 0.852547 0.722842
vt 0.831808 0.717334
s 0
usemtl Material.027
f 3572/4935/2616 3596/4936/2616 3591/4937/2616 3574/4938/2616
f 3589/4939/2617 3572/4935/2617 3574/4940/2617 3590/4941/2617 3588/4942/2617
f 3572/4935/2618 3589/4943/2618 3597/4944/2618
f 3596/4945/2619 3572/4935/2619 3597/4946/2619
f 3573/4938/2620 3591/4947/2620 3592/4948/2620 3593/4949/2620
f 3591/4950/2621 3573/4940/2621 3574/4938/2621
f 3590/4951/2622 3574/4935/2622 3573/4940/2622
f 3590/4952/2623 3573/4938/2623 3593/4953/2623 3594/4954/2623 3595/4955/2623 3575/4956/2623
s 1
f 3577/4957/2624 3576/4958/2625 3578/4959/2626 3582/4960/2627
f 3582/4963/2627 3581/4964/2630 3580/4965/2631 3598/4966/2632 3577/4967/2624
f 3586/4970/2634 3576/4958/2625 3577/4957/2624 3587/4971/2635
f 3587/4972/2635 3577/4973/2624 3598/4974/2632
f 3598/4966/2632 3580/4975/2631 3579/4976/2636
usemtl Material.020
f 3578/4959/2626 3576/4958/2625 3585/4961/2628 3584/4962/2629
f 3583/4968/2633 3585/4969/2628 3576/4958/2625 3586/4970/2634
o Toaster_cell.083
v -0.093469 0.108867 0.144675
v -0.086763 0.115862 0.002197
v -0.093297 0.119697 0.000736
v -0.121013 0.141751 0.135329
v -0.106284 0.145578 0.135628
v -0.124415 0.138452 0.001127
v -0.096742 0.145392 -0.000239
v -0.106284 0.145578 0.000120
v -0.088220 0.145225 0.001938
v -0.127319 0.135636 0.056924
v -0.130412 0.130559 0.147968
v -0.121013 0.139603 0.149398
v -0.106284 0.143402 0.150024
v -0.095327 0.143398 0.150048
v -0.131090 0.131980 0.134565
v -0.090953 0.145279 0.059603
v -0.094780 0.145353 0.137115
v -0.096742 0.145392 -0.000239
v -0.106284 0.145578 0.000120
v -0.124415 0.138452 0.001127
v -0.127319 0.135636 0.056924
v -0.121013 0.139603 0.149398
v -0.106284 0.143402 0.150024
v -0.130412 0.130559 0.147968
v -0.095327 0.143398 0.150048
v -0.131090 0.131980 0.134565
v -0.094780 0.145353 0.137115
v -0.090953 0.145279 0.059603
v -0.088220 0.145225 0.001938
vn -0.0385 -0.0431 -0.9983
vn 0.2346 -0.0009 -0.9721
vn -0.5156 -0.8540 -0.0699
vn -0.0023 -0.1539 0.9881
vn -0.5096 -0.8580 -0.0652
vn 0.9977 0.0460 0.0492
vn 0.9976 0.0499 0.0472
vn -0.4941 -0.8669 -0.0658
vn -0.1380 0.9880 0.0697
vn -0.1269 0.9807 0.1486
vn -0.0000 0.9888 0.1495
vn 0.0093 0.9968 0.0789
vn -0.4993 0.8641 0.0639
vn -0.4904 0.8615 0.1317
vn -0.6970 0.7087 0.1093
vn -0.6976 0.7144 0.0546
vn -0.3425 0.9395 -0.0072
vn -0.1457 0.9893 -0.0038
vn -0.6961 0.7179 -0.0000
vn 0.0195 0.9998 -0.0000
vt 0.370624 0.258710
vt 0.338451 0.338451
vt 0.000000 0.000000
vt 0.367810 0.076657
vt 0.369329 0.369329
vt 1.000000 0.000000
vt 1.000000 0.338451
vt 0.336360 0.336360
vt 0.369330 0.000000
vt 0.463742 0.290765
vt 0.401785 0.401785
vt 0.397195 0.000000
vt 0.443874 0.123050
vt 1.000000 0.401785
vt 0.906449 0.409337
vt 0.369330 0.369330
vt 0.397195 0.397195
vt 1.000000 0.367972
vt 0.504468 0.412263
vt 0.368856 0.000000
vt 0.367972 0.367972
vt 1.000000 1.000000
vt 0.668192 0.722873
vt 0.668192 0.712784
vt 0.668192 0.712279
vt 0.676122 0.722873
vt 0.683211 0.722873
vt 0.683358 0.736437
vt 0.676430 0.736437
vt 0.613967 0.802131
vt 0.625000 0.801430
vt 0.625000 0.808358
vt 0.613164 0.808734
vt 0.749580 0.736437
vt 0.749941 0.722873
vt 0.617593 0.846968
vt 0.613164 0.808734
vt 0.621004 0.874445
vt 0.750118 0.714086
vt 0.682479 0.712279
vt 0.720649 0.708755
vt 0.749708 0.710581
s 0
usemtl Material.027
f 3617/4977/2637 3616/4978/2637 3601/4979/2637 3618/4980/2637
f 3627/4981/2638 3600/4979/2638 3601/4982/2638 3616/4983/2638
f 3618/4984/2639 3601/4979/2639 3619/4985/2639
f 3620/4986/2640 3622/4987/2640 3599/4979/2640 3623/4988/2640 3621/4989/2640
f 3599/4982/2641 3622/4990/2641 3624/4991/2641 3619/4992/2641 3601/4979/2641
f 3623/4993/2642 3599/4979/2642 3600/4982/2642 3626/4994/2642 3625/4995/2642
f 3600/4979/2643 3627/4996/2643 3626/4997/2643
f 3600/4979/2644 3599/4982/2644 3601/4998/2644
s 1
f 3603/4999/2645 3611/4999/2646 3612/5000/2647 3615/5001/2648
f 3611/5002/2646 3603/5003/2645 3602/5004/2649 3610/5005/2650
f 3609/5006/2651 3610/5007/2650 3602/5008/2649 3613/5009/2652
f 3604/5010/2653 3602/5004/2649 3603/5003/2645 3606/5011/2654
f 3608/5012/2655 3613/5013/2652 3602/5008/2649 3604/5014/2653
f 3605/5015/2656 3606/5011/2654 3603/5003/2645 3615/5016/2648 3614/5017/2656 3607/5018/2656
o Toaster_cell.084
v -0.081042 0.093225 0.165836
v -0.067034 0.063653 0.180354
v -0.062767 0.067700 0.169791
v -0.069289 0.067069 0.189805
v -0.106171 0.107310 0.230648
v -0.106239 0.128384 0.205366
v -0.120991 0.125227 0.202677
v -0.125851 0.121338 0.199396
v -0.123498 0.127088 0.188938
v -0.119286 0.130381 0.188061
v -0.081829 0.137778 0.176072
v -0.106263 0.135116 0.184376
v -0.073561 0.136422 0.180303
v -0.124109 0.105635 0.221044
v -0.120957 0.105512 0.226327
v -0.113986 0.103144 0.230926
v -0.052856 0.132748 0.191757
v -0.069280 0.110214 0.227164
v -0.058076 0.128384 0.205366
v -0.072545 0.104528 0.232531
v -0.113986 0.103144 0.230926
v -0.120957 0.105512 0.226327
v -0.125851 0.121338 0.199396
v -0.123498 0.127088 0.188938
v -0.119286 0.130381 0.188061
v -0.106263 0.135116 0.184376
v -0.081829 0.137778 0.176072
v -0.073561 0.136422 0.180303
v -0.124109 0.105635 0.221044
v -0.069280 0.110214 0.227164
v -0.058076 0.128384 0.205366
v -0.052856 0.132748 0.191757
v -0.072545 0.104528 0.232531
v -0.106171 0.107310 0.230648
vn -0.3440 0.1953 -0.9184
vn -0.3349 0.2054 -0.9196
vn 0.4723 0.2053 -0.8572
vn -0.6734 -0.5574 -0.4856
vn -0.4898 -0.8507 0.1907
vn -0.4564 -0.8532 0.2525
vn 0.5014 0.2072 -0.8400
vn 0.9301 -0.2366 0.2809
vn 0.9258 -0.2450 0.2881
vn 0.9041 -0.2848 0.3186
vn -0.0033 -0.7138 0.7003
vn -0.1482 0.7387 0.6576
vn -0.4102 0.6792 0.6087
vn -0.2911 0.5961 0.7483
vn -0.7154 0.6155 0.3306
vn -0.4900 0.7639 0.4201
vn -0.3972 0.8750 0.2768
vn -0.1422 0.8647 0.4818
vn -0.1154 0.9464 0.3016
vn -0.2934 0.9118 0.2874
vn -0.7228 0.5304 0.4430
vn -0.0000 0.9522 0.3054
vn 0.0006 0.8952 0.4456
vn -0.7004 -0.5743 -0.4237
vn 0.0015 0.7604 0.6495
vt 1.000000 1.000000
vt 0.873533 0.618382
vt 1.000000 0.635471
vt 0.635471 0.635471
vt 0.762581 0.589723
vt 1.000000 0.564655
vt 1.000000 0.000000
vt 0.564655 0.564655
vt 0.462547 0.000000
vt 0.000000 0.000000
vt 0.496520 0.496520
vt 0.471986 0.471986
vt 0.383732 0.000000
vt 0.444354 0.270796
vt 1.000000 0.537453
vt 0.489019 0.000000
vt 0.611046 0.460884
vt 1.000000 0.571756
vt 0.447293 0.447293
vt 0.571756 0.571756
vt 0.587038 0.000000
vt 0.625067 0.000000
vt 1.000000 0.616268
vt 0.625067 0.625067
vt 0.917003 0.606626
vt 0.609462 0.722769
vt 0.608613 0.733878
vt 0.605707 0.729970
vt 0.609371 0.776492
vt 0.614273 0.774618
vt 0.615175 0.781517
vt 0.651749 0.736424
vt 0.641924 0.736416
vt 0.640865 0.722831
vt 0.655483 0.722854
vt 0.652197 0.734846
vt 0.595206 0.765237
vt 0.595662 0.762219
vt 0.668192 0.674612
vt 0.668192 0.692740
vt 0.668192 0.700354
vt 0.668192 0.722854
vt 0.668192 0.722831
vt 0.668192 0.678480
vt 0.496520 0.000000
vt 0.724795 0.570613
vt 1.000000 0.592880
vt 0.609462 0.678480
vt 0.640865 0.722831
vt 0.609462 0.690467
vt 0.609462 0.688797
s 0
usemtl Material.027
f 3628/5019/2657 3651/5020/2657 3652/5021/2657
f 3628/5019/2658 3652/5022/2658 3653/5023/2658 3654/5024/2658
f 3630/5025/2659 3628/5019/2659 3654/5026/2659 3655/5027/2659
f 3630/5028/2660 3629/5025/2660 3628/5019/2660
f 3631/5025/2661 3656/5029/2661 3629/5028/2661
f 3656/5030/2662 3631/5028/2662 3648/5031/2662 3649/5032/2662
f 3630/5025/2663 3655/5033/2663 3659/5034/2663
f 3658/5035/2664 3657/5036/2664 3630/5019/2664 3659/5037/2664
f 3629/5025/2665 3630/5019/2665 3657/5038/2665 3660/5039/2665
f 3631/5025/2666 3629/5019/2666 3660/5040/2666
f 3648/5041/2667 3631/5019/2667 3660/5042/2667 3632/5043/2667
s 1
f 3661/5044/2668 3642/5045/2669 3643/5046/2670
f 3650/5047/2671 3634/5048/2672 3636/5049/2673
f 3636/5050/2673 3634/5051/2672 3633/5052/2674 3639/5053/2675 3637/5054/2676
f 3641/5055/2677 3642/5056/2669 3634/5048/2672 3650/5047/2671
f 3633/5052/2674 3634/5051/2672 3642/5045/2669 3661/5044/2668
f 3644/5057/2678 3640/5058/2678 3638/5059/2678 3639/5060/2675 3633/5061/2674 3646/5062/2679
s 0
f 3628/5019/2680 3629/5028/2680 3656/5063/2680 3635/5064/2680 3651/5065/2680
s 1
f 3646/5066/2679 3633/5067/2674 3661/5044/2668 3647/5068/2681 3645/5069/2681
o Toaster_cell.085
v 0.012004 -0.119215 0.247593
v 0.011519 -0.060314 0.247442
v 0.000085 -0.127733 0.249705
v 0.012449 -0.129169 0.244993
v -0.011879 -0.128471 0.237951
v 0.013298 -0.026502 0.241752
v -0.020440 -0.043873 0.212746
v -0.012046 -0.027645 0.217613
v -0.014505 -0.133345 0.231777
v 0.019500 -0.124568 0.228104
v 0.033299 -0.026582 0.192134
v 0.019840 -0.025953 0.226045
v -0.022777 -0.061632 0.204689
v -0.000310 -0.063843 0.190508
v 0.020394 -0.026256 0.199121
v -0.002321 -0.123801 0.246513
v -0.007774 -0.140541 0.230405
v -0.000013 -0.139571 0.237955
v 0.005649 -0.139792 0.236231
v 0.003207 -0.123434 0.249143
v 0.003574 -0.107160 0.249014
v 0.003574 -0.094668 0.246513
v -0.002697 -0.140968 0.227081
v 0.003285 -0.140968 0.227081
v -0.007774 -0.140541 0.230405
v -0.000013 -0.139571 0.237955
v 0.005649 -0.139792 0.236231
v 0.003574 -0.107160 0.249014
v 0.003574 -0.094668 0.246513
v -0.002697 -0.140968 0.227081
v 0.003285 -0.140968 0.227081
v 0.000085 -0.127733 0.249705
v -0.002321 -0.123801 0.246513
v 0.003207 -0.123434 0.249143
vn -0.5968 -0.4866 0.6380
vn -0.5178 -0.6005 0.6093
vn 0.1850 -0.6931 0.6967
vn 0.3239 -0.2255 0.9188
vn -0.6942 0.1410 0.7058
vn -0.6976 0.1391 0.7029
vn -0.9254 0.0191 0.3785
vn -0.9586 -0.0030 0.2847
vn -0.5332 -0.3521 -0.7693
vn -0.5242 -0.3516 -0.7756
vn 0.3292 -0.3920 -0.8590
vn 0.7516 -0.6578 0.0488
vn 0.9267 -0.0556 0.3717
vn 0.9334 0.0003 0.3589
vn 0.9295 0.0071 0.3688
vn 0.9272 0.0086 0.3744
vn 0.9228 0.0162 0.3849
vn -0.6849 0.1558 0.7118
vn -0.6922 0.1460 0.7068
vn -0.4538 0.4631 -0.7613
vn -0.4464 0.4262 -0.7868
vn -0.4555 0.4168 -0.7866
vn -0.4244 0.4179 -0.8033
vn 0.4424 -0.3633 -0.8199
vn 0.0193 0.9998 -0.0109
vn -0.0498 0.9987 -0.0123
vn -0.0561 0.9984 0.0116
vn 0.1717 0.0039 0.9851
vn -0.0000 -0.9918 0.1274
vn -0.4554 0.2111 0.8649
vn -0.4309 0.2230 0.8744
vn -0.4143 0.4073 0.8139
vn -0.9929 0.0233 0.1165
vn -0.7006 0.0738 0.7097
vt 0.000000 0.000000
vt 1.000000 0.000000
vt 1.000000 1.000000
vt 1.000000 0.436916
vt 0.466929 0.000000
vt 0.457634 0.000000
vt 0.436916 0.436916
vt 0.585402 0.524428
vt 0.694850 0.694850
vt 1.000000 0.913644
vt 0.913644 0.913644
vt 0.920467 0.055752
vt 1.000000 0.533071
vt 0.910605 0.910605
vt 0.957473 0.784774
vt 0.908278 0.908278
vt 0.669966 0.669966
vt 1.000000 0.542366
vt 1.000000 0.694850
vt 0.771523 0.736630
vt 0.375000 0.625012
vt 0.336774 0.635827
vt 0.375000 0.627484
vt 0.336702 0.615619
vt 0.336665 0.616371
vt 0.390222 0.621709
vt 0.390222 0.622863
vt 0.390222 0.622863
vt 0.391333 0.621709
vt 0.404979 0.621709
vt 0.416056 0.621709
s 0
usemtl Material.027
f 3666/5070/2682 3670/5071/2682 3693/5072/2682
f 3687/5073/2683 3693/5072/2683 3670/5070/2683 3686/5074/2683
f 3688/5075/2684 3665/5071/2684 3693/5072/2684 3687/5076/2684
f 3662/5071/2685 3693/5072/2685 3665/5070/2685
f 3690/5077/2686 3689/5078/2686 3663/5070/2686 3668/5071/2686 3694/5079/2686
f 3668/5070/2687 3666/5071/2687 3693/5072/2687 3694/5080/2687
f 3668/5070/2688 3670/5071/2688 3666/5072/2688
f 3668/5070/2689 3674/5071/2689 3670/5072/2689
f 3691/5081/2690 3686/5082/2690 3670/5072/2690 3674/5070/2690
f 3674/5070/2691 3675/5071/2691 3691/5083/2691
f 3675/5070/2692 3671/5071/2692 3692/5084/2692 3691/5085/2692
f 3692/5086/2693 3671/5070/2693 3665/5071/2693 3688/5087/2693
f 3671/5070/2694 3662/5071/2694 3665/5072/2694
f 3671/5070/2695 3672/5071/2695 3662/5072/2695
f 3672/5070/2696 3673/5071/2696 3662/5072/2696
f 3673/5070/2697 3663/5071/2697 3662/5072/2697
f 3673/5070/2698 3667/5071/2698 3663/5072/2698
f 3669/5071/2699 3663/5072/2699 3667/5070/2699
f 3669/5070/2700 3668/5071/2700 3663/5072/2700
f 3669/5070/2701 3676/5071/2701 3668/5072/2701
f 3676/5070/2702 3675/5071/2702 3668/5072/2702
f 3675/5070/2703 3674/5071/2703 3668/5072/2703
f 3676/5070/2704 3672/5071/2704 3675/5072/2704
f 3672/5070/2705 3671/5071/2705 3675/5072/2705
f 3676/5070/2706 3673/5071/2706 3672/5072/2706
f 3676/5070/2707 3669/5071/2707 3673/5072/2707
f 3669/5070/2708 3667/5071/2708 3673/5072/2708
f 3693/5072/2709 3662/5070/2709 3663/5071/2709 3689/5088/2709 3695/5089/2709
s 1
usemtl Material.020
f 3679/5090/2710 3678/5091/2710 3684/5092/2710 3685/5093/2710 3680/5094/2710
f 3681/5095/2711 3677/5096/2712 3664/5097/2713
f 3681/5098/2711 3682/5099/2714 3683/5100/2715
f 3677/5096/2712 3681/5098/2711 3683/5098/2715
o Toaster_cell.086
v 0.107422 0.095894 -0.197087
v 0.090512 0.088903 -0.190712
v 0.089858 0.098241 -0.179890
v 0.068354 0.049732 -0.158227
v 0.066233 0.042363 -0.152009
v 0.067551 0.033443 -0.145332
v 0.091170 0.080426 -0.144282
v 0.085769 0.090838 -0.171457
v 0.085919 0.079962 -0.151722
v 0.083467 0.030126 -0.119647
v 0.135742 0.104760 -0.185488
v 0.135742 0.112403 -0.161658
v 0.135742 0.000616 -0.099979
v 0.135742 -0.001151 -0.105175
v 0.135742 0.029485 -0.114524
v 0.135742 -0.003783 -0.114201
v 0.135742 0.078088 -0.182600
v 0.131790 0.117380 -0.192906
v 0.126969 0.127385 -0.177013
v 0.131795 0.125841 -0.166524
v 0.135742 0.095322 -0.196808
v 0.133881 0.100933 -0.201421
v 0.132081 0.108556 -0.203227
v 0.135742 0.000616 -0.099979
v 0.135742 -0.001151 -0.105175
v 0.135742 0.029485 -0.114524
v 0.135742 -0.003783 -0.114201
v 0.135742 0.078088 -0.182600
v 0.135742 0.095322 -0.196808
v 0.133881 0.100933 -0.201421
v 0.132081 0.108556 -0.203227
v 0.135742 0.112403 -0.161658
v 0.131795 0.125841 -0.166524
v 0.126969 0.127385 -0.177013
v 0.131790 0.117380 -0.192906
vn -0.5483 -0.7918 0.2693
vn 0.0023 0.4750 0.8800
vn -0.0817 0.4484 0.8901
vn -0.5461 -0.8042 0.2346
vn -0.7489 0.3804 0.5427
vn -0.7995 0.2798 0.5315
vn 0.0003 -0.6411 -0.7674
vn -0.4812 0.6687 -0.5669
vn -0.5957 0.7243 0.3471
vn -0.5844 0.7141 0.3853
vn -0.7620 0.3950 0.5131
vn -0.6088 0.6929 0.3864
vn -0.1697 -0.6065 -0.7767
vn -0.0572 -0.6179 -0.7841
vn -0.0364 -0.6238 -0.7808
vn -0.0052 -0.6361 -0.7716
vn -0.8579 0.4472 0.2530
vn -0.8687 0.4408 0.2261
vn -0.1092 -0.2535 -0.9612
vn -0.4809 0.6582 -0.5792
vn -0.4883 0.6459 -0.5868
vn -0.9157 0.2752 -0.2928
vn -0.9269 0.3458 -0.1459
vn 0.9498 0.2832 -0.1331
vn 0.6957 0.6839 -0.2195
vn 0.9153 0.3835 -0.1231
vn 0.9922 0.1187 -0.0381
vn 0.9894 0.1286 -0.0670
vn 0.9918 0.1006 -0.0787
vn 0.9671 0.2004 -0.1567
vn 1.0000 -0.0000 -0.0000
vt 0.000000 0.000000
vt 0.509991 0.000000
vt 0.511563 0.511563
vt 0.399821 0.075364
vt 0.342694 0.000000
vt 1.000000 0.000000
vt 1.000000 0.471743
vt 1.000000 0.511563
vt 0.471743 0.471743
vt 1.000000 0.490009
vt 1.000000 1.000000
vt 0.575852 0.000000
vt 0.577102 0.000000
vt 0.575852 0.575852
vt 0.561237 0.000000
vt 1.000000 0.399301
vt 0.582475 0.582475
vt 0.629188 0.629188
vt 0.923703 0.657641
vt 1.000000 0.422898
vt 0.337953 0.000000
vt 0.525853 0.108743
vt 0.337953 0.337953
vt 0.314023 0.000000
vt 0.314023 0.314023
vt 1.000000 0.438763
vt 0.604084 0.280004
vt 0.613600 0.289304
vt 0.611587 0.292996
vt 0.609008 0.294581
vt 0.599670 0.295392
vt 0.592894 0.283658
vt 0.602782 0.279060
vt 0.584525 0.278083
vt 0.589500 0.275812
vt 0.596259 0.274922
vt 0.584525 0.278083
vt 0.599670 0.297226
vt 0.524803 0.318604
vt 0.499438 0.325766
vt 0.497933 0.323207
vt 0.495702 0.318762
vt 0.568974 0.285080
s 0
usemtl Material.027
f 3705/5101/2716 3720/5102/2716 3719/5103/2716
f 3707/5104/2717 3715/5105/2717 3702/5106/2717 3721/5107/2717
f 3702/5101/2718 3705/5106/2718 3719/5108/2718 3721/5109/2718
f 3720/5110/2719 3705/5111/2719 3701/5101/2719 3722/5112/2719
f 3702/5101/2720 3700/5106/2720 3705/5111/2720
f 3700/5101/2721 3701/5106/2721 3705/5111/2721
f 3701/5101/2722 3723/5113/2722 3722/5114/2722
f 3713/5115/2723 3698/5106/2723 3729/5116/2723
f 3729/5117/2724 3698/5101/2724 3703/5106/2724
f 3729/5118/2725 3703/5101/2725 3702/5106/2725 3715/5119/2725
f 3704/5101/2726 3700/5106/2726 3702/5111/2726
f 3703/5101/2727 3704/5106/2727 3702/5111/2727
f 3700/5101/2728 3699/5106/2728 3701/5111/2728
f 3699/5101/2729 3697/5106/2729 3701/5111/2729
f 3697/5101/2730 3696/5106/2730 3701/5111/2730
f 3723/5120/2731 3701/5111/2731 3696/5101/2731 3725/5121/2731 3724/5122/2731
f 3704/5101/2732 3703/5106/2732 3700/5111/2732
f 3703/5101/2733 3699/5106/2733 3700/5111/2733
f 3725/5123/2734 3696/5101/2734 3726/5124/2734
f 3726/5125/2735 3696/5101/2735 3698/5106/2735 3713/5126/2735
f 3696/5101/2736 3697/5106/2736 3698/5111/2736
f 3697/5101/2737 3699/5106/2737 3698/5111/2737
f 3699/5101/2738 3703/5106/2738 3698/5111/2738
s 1
f 3730/5127/2739 3714/5128/2740 3728/5129/2741
usemtl Material.020
f 3728/5130/2741 3727/5131/2742 3706/5132/2743 3730/5127/2739
f 3730/5133/2739 3706/5132/2743 3716/5134/2744 3717/5135/2745 3718/5136/2745
f 3716/5137/2744 3706/5132/2743 3727/5138/2742 3710/5139/2746 3708/5140/2746 3709/5141/2746 3711/5142/2746 3712/5143/2746
o Toaster_cell.087
v -0.048776 -0.066359 -0.213628
v -0.082044 -0.058338 -0.218479
v -0.100144 -0.067547 -0.206326
v -0.135742 -0.097226 -0.170950
v -0.135742 -0.118943 -0.147984
v -0.135742 -0.130902 -0.179315
v -0.106841 -0.140968 -0.216522
v -0.112319 -0.140491 -0.209825
v -0.132794 -0.138020 -0.184623
v -0.128194 -0.138575 -0.128191
v -0.049072 -0.140968 -0.135504
v -0.108366 -0.140968 -0.128147
v -0.135742 -0.130902 -0.135386
v -0.102774 -0.140968 -0.221029
v -0.061153 -0.140968 -0.215623
v -0.048637 -0.140968 -0.213791
v -0.135742 -0.097226 -0.170950
v -0.135742 -0.118943 -0.147984
v -0.135742 -0.130902 -0.179315
v -0.106841 -0.140968 -0.216522
v -0.112319 -0.140491 -0.209825
v -0.132794 -0.138020 -0.184623
v -0.102774 -0.140968 -0.221029
v -0.128194 -0.138575 -0.128191
v -0.108366 -0.140968 -0.128147
v -0.049072 -0.140968 -0.135504
v -0.135742 -0.130902 -0.135386
v -0.048637 -0.140968 -0.213791
v -0.061153 -0.140968 -0.215623
vn 0.0768 0.7244 0.6851
vn -0.7589 0.1570 -0.6320
vn 0.0854 0.7204 0.6883
vn 0.0808 0.7229 0.6862
vn 0.0788 0.7345 0.6740
vn -0.6367 0.1733 -0.7514
vn 0.1288 -0.0017 -0.9917
vn 1.0000 0.0018 0.0056
vn 0.1448 0.0024 -0.9895
vn -0.3532 -0.9355 0.0110
vn -0.4003 -0.9163 0.0133
vn -0.8968 -0.4416 0.0263
vn -0.9272 -0.3738 0.0223
vn -0.0311 -0.9995 -0.0001
vn -0.0625 -0.9980 -0.0000
vn -0.0040 -1.0000 -0.0001
vn -1.0000 -0.0000 -0.0000
vt 1.000000 0.416526
vt 0.582021 0.000000
vt 1.000000 0.000000
vt 0.416526 0.416526
vt 0.000000 0.000000
vt 0.945481 0.038456
vt 0.945101 0.105517
vt 0.934888 0.356587
vt 0.846985 0.396718
vt 0.402929 0.000000
vt 1.000000 0.581670
vt 0.835970 0.435851
vt 0.581670 0.581670
vt 1.000000 0.417979
vt 0.836138 0.516813
vt 1.000000 1.000000
vt 0.948297 0.000000
vt 1.000000 0.057812
vt 0.621463 0.621463
vt 0.623620 0.000000
vt 0.400632 0.000000
vt 1.000000 0.597071
vt 0.400632 0.400632
vt 0.376380 0.000000
vt 0.375000 0.965917
vt 0.375000 0.938148
vt 0.383926 0.941670
vt 0.383926 0.963302
vt 0.170724 0.714341
vt 0.201260 0.714341
vt 0.186852 0.750000
vt 0.159083 0.750000
vt 0.154776 0.711061
vt 0.155209 0.708895
vt 0.160440 0.678881
vt 0.161096 0.669948
vt 0.183020 0.671293
vt 0.394458 0.947874
vt 0.413637 0.959183
vt 0.383926 0.963302
s 0
usemtl Material.027
f 3747/5144/2747 3748/5145/2747 3733/5146/2747
f 3747/5147/2748 3733/5148/2748 3750/5149/2748 3751/5150/2748 3752/5151/2748 3749/5152/2748
f 3756/5153/2749 3731/5146/2749 3754/5154/2749 3755/5155/2749
f 3754/5156/2750 3731/5148/2750 3733/5146/2750 3748/5157/2750 3757/5158/2750
f 3731/5148/2751 3732/5146/2751 3733/5159/2751
f 3753/5160/2752 3750/5161/2752 3733/5159/2752 3732/5148/2752
f 3753/5162/2753 3732/5148/2753 3759/5163/2753
f 3758/5164/2754 3731/5146/2754 3756/5165/2754
f 3732/5146/2755 3731/5159/2755 3758/5166/2755 3759/5167/2755
s 1
usemtl Material.020
f 3739/5168/2756 3740/5169/2757 3743/5170/2758 3736/5171/2759
f 3738/5172/2760 3742/5173/2761 3740/5174/2757 3739/5175/2756
f 3738/5172/2760 3737/5176/2762 3744/5177/2762 3745/5178/2762 3746/5179/2762 3741/5180/2762 3742/5172/2761
f 3735/5181/2763 3734/5182/2763 3736/5183/2759 3743/5170/2758
o Toaster_cell.088
v -0.084315 0.092018 -0.172807
v -0.062344 0.038761 -0.155422
v -0.090924 0.098422 -0.188747
v -0.076306 0.060416 -0.181467
v -0.090213 0.102878 -0.183060
v -0.033999 0.037789 -0.155993
v -0.045577 0.134417 -0.186554
v -0.034543 0.134317 -0.186866
v -0.075751 0.134516 -0.186245
v -0.084301 0.134475 -0.186374
v -0.071942 0.108326 -0.229428
v -0.068530 0.104552 -0.232040
v -0.082031 0.116719 -0.219360
v -0.059092 0.104385 -0.232156
v -0.034342 0.104224 -0.232267
v -0.034149 0.111766 -0.225302
v -0.034390 0.128384 -0.205366
v -0.096128 0.130587 -0.198496
v -0.095416 0.128384 -0.205366
v -0.086362 0.120453 -0.214880
v -0.045577 0.134417 -0.186554
v -0.034543 0.134317 -0.186866
v -0.075751 0.134516 -0.186245
v -0.084301 0.134475 -0.186374
v -0.071942 0.108326 -0.229428
v -0.082031 0.116719 -0.219360
v -0.068530 0.104552 -0.232040
v -0.059092 0.104385 -0.232156
v -0.034342 0.104224 -0.232267
v -0.034149 0.111766 -0.225302
v -0.034390 0.128384 -0.205366
v -0.095416 0.128384 -0.205366
v -0.086362 0.120453 -0.214880
v -0.096128 0.130587 -0.198496
vn -0.0393 -0.7786 -0.6263
vn 0.0296 0.3046 0.9520
vn 0.0108 0.3078 0.9514
vn -0.0159 0.3043 0.9524
vn -0.9191 -0.2932 0.2632
vn -0.9211 -0.3089 0.2370
vn -0.7924 -0.3940 -0.4657
vn -0.0214 -0.7516 -0.6592
vn -0.0078 -0.7541 -0.6568
vn 0.9998 -0.0119 -0.0149
vn 1.0000 0.0075 0.0059
vn -0.7326 0.2074 0.6483
vn -0.9285 -0.2269 0.2938
vn -0.7466 0.1950 0.6361
vn -0.9753 -0.0977 0.1983
vn -0.9838 -0.1732 -0.0463
vn -0.8073 -0.3742 -0.4564
vn -0.8028 -0.3793 -0.4599
vn 0.0020 0.7452 -0.6669
vn 0.0016 0.7146 -0.6995
vn 0.0022 0.7582 -0.6520
vn 0.0008 0.8988 -0.4383
vn 0.0011 0.8721 -0.4894
vn -0.0000 0.9522 -0.3054
vn -0.0000 0.5691 -0.8223
vt 0.000000 0.000000
vt 1.000000 0.000000
vt 1.000000 1.000000
vt 1.000000 0.389352
vt 0.612415 0.000000
vt 0.389352 0.389352
vt 1.000000 0.388830
vt 0.589466 0.000000
vt 0.388830 0.388830
vt 0.265994 0.000000
vt 0.808739 0.428178
vt 1.000000 0.586714
vt 0.586714 0.586714
vt 1.000000 0.586620
vt 0.586620 0.586620
vt 0.484964 0.000000
vt 1.000000 0.531396
vt 0.730247 0.503844
vt 0.790603 0.425559
vt 1.000000 0.387585
vt 0.531396 0.531396
vt 1.000000 0.410534
vt 0.619549 0.000000
vt 0.700054 0.000000
vt 1.000000 0.191592
vt 0.191592 0.191592
vt 1.000000 0.683531
vt 0.726142 0.690753
vt 1.000000 0.773505
vt 1.000000 0.734006
vt 0.773505 0.773505
vt 0.625000 0.093467
vt 0.625000 0.058768
vt 0.625000 0.049479
vt 0.625000 0.045492
vt 0.625000 0.037156
vt 0.625000 0.093339
vt 0.625000 0.093562
vt 0.831808 0.666970
vt 0.831808 0.656809
vt 0.831808 0.656668
vt 0.831808 0.714268
vt 0.831808 0.711617
vt 0.831808 0.702630
vt 0.831808 0.694756
vt 0.606312 0.058692
vt 0.606320 0.093378
vt 0.606320 0.070588
vt 0.606315 0.061859
s 0
usemtl Material.027
f 3763/5184/2764 3765/5185/2764 3761/5186/2764
f 3780/5187/2765 3761/5186/2765 3765/5184/2765 3781/5188/2765
f 3780/5189/2766 3782/5190/2766 3761/5186/2766
f 3783/5191/2767 3760/5185/2767 3761/5186/2767 3782/5192/2767
f 3760/5184/2768 3762/5185/2768 3761/5186/2768
f 3762/5184/2769 3763/5185/2769 3761/5186/2769
f 3762/5184/2770 3785/5193/2770 3784/5194/2770 3786/5195/2770 3763/5186/2770
f 3786/5196/2771 3787/5197/2771 3763/5186/2771
f 3765/5185/2772 3763/5186/2772 3787/5198/2772 3788/5199/2772
f 3789/5200/2773 3765/5186/2773 3788/5201/2773
f 3790/5202/2774 3781/5203/2774 3765/5186/2774 3789/5204/2774
f 3783/5205/2775 3793/5206/2775 3760/5185/2775
f 3764/5184/2776 3762/5185/2776 3760/5186/2776
f 3793/5207/2777 3764/5185/2777 3760/5186/2777
f 3764/5184/2778 3793/5208/2778 3762/5186/2778
f 3793/5209/2779 3791/5210/2779 3762/5186/2779
f 3791/5211/2780 3792/5212/2780 3762/5186/2780
f 3785/5213/2781 3762/5186/2781 3792/5214/2781
s 1
f 3774/5215/2782 3770/5216/2783 3772/5217/2784 3779/5218/2784 3778/5219/2785 3776/5220/2786 3775/5221/2784
f 3766/5222/2787 3767/5223/2787 3776/5224/2786 3778/5225/2785 3777/5226/2787 3769/5227/2787 3768/5228/2787
f 3770/5229/2783 3774/5230/2782 3773/5231/2788 3771/5232/2788
o Toaster_cell.089
v -0.009370 -0.082716 -0.217874
v -0.045395 -0.078723 -0.219491
v -0.001206 -0.102838 -0.218208
v -0.009266 -0.114963 -0.230633
v -0.001206 -0.120167 -0.223737
v -0.001064 -0.140968 -0.222130
v -0.004702 -0.140968 -0.218102
v -0.028621 -0.140968 -0.218813
v -0.045243 -0.140968 -0.219562
v -0.045618 -0.138986 -0.242505
v -0.045364 -0.140968 -0.227081
v -0.017102 -0.139250 -0.240453
v -0.006517 -0.140412 -0.231407
v -0.001841 -0.140968 -0.227081
v -0.001064 -0.140968 -0.222130
v -0.001841 -0.140968 -0.227081
v -0.004702 -0.140968 -0.218102
v -0.028621 -0.140968 -0.218813
v -0.045243 -0.140968 -0.219562
v -0.045618 -0.138986 -0.242505
v -0.045364 -0.140968 -0.227081
v -0.017102 -0.139250 -0.240453
v -0.006517 -0.140412 -0.231407
vn 0.9998 0.0055 -0.0173
vn 0.3079 -0.0256 0.9511
vn -0.0297 -0.0063 0.9995
vn -0.0450 -0.0012 0.9990
vn -0.9999 -0.0025 0.0162
vn 0.6528 0.0934 -0.7518
vn 0.7733 0.0776 -0.6292
vn 0.7111 0.2137 -0.6698
vn 0.6584 0.2787 -0.6991
vn 0.0823 0.3669 -0.9266
vn 0.0696 0.3554 -0.9321
vn -0.0000 -0.9979 -0.0645
vn -0.0000 -0.9918 -0.1274
vn -0.0000 -0.9993 -0.0387
vn -0.0000 -1.0000 -0.0000
vt 0.295334 0.295334
vt 0.000000 0.000000
vt 1.000000 0.000000
vt 0.434472 0.434472
vt 1.000000 0.539951
vt 0.538496 0.000000
vt 0.539951 0.539951
vt 0.538496 0.538496
vt 1.000000 0.554925
vt 0.538952 0.000000
vt 0.555480 0.378859
vt 0.554925 0.554925
vt 0.319139 0.319139
vt 0.336349 0.000000
vt 1.000000 0.295220
vt 0.916909 0.301357
vt 0.336349 0.336349
vt 1.000000 1.000000
vt 1.000000 0.320843
vt 0.538952 0.538952
vt 0.125000 0.666774
vt 0.125000 0.667008
vt 0.159366 0.645971
vt 0.160027 0.634783
vt 0.125000 0.626696
vt 0.161274 0.667525
vt 0.161267 0.667612
vt 0.163424 0.628209
vt 0.163424 0.626737
vt 0.163384 0.632649
vt 0.162145 0.655663
s 0
usemtl Material.027
f 3808/5233/2789 3798/5234/2789 3796/5235/2789
f 3808/5236/2790 3796/5234/2790 3794/5235/2790 3810/5237/2790
f 3794/5234/2791 3811/5238/2791 3810/5239/2791
f 3811/5240/2792 3794/5234/2792 3795/5235/2792 3812/5241/2792
f 3795/5234/2793 3813/5242/2793 3814/5243/2793 3812/5244/2793
f 3815/5245/2794 3797/5234/2794 3816/5246/2794
f 3797/5234/2795 3798/5235/2795 3808/5247/2795 3809/5248/2795 3816/5249/2795
f 3797/5234/2796 3796/5235/2796 3798/5250/2796
f 3797/5234/2797 3794/5235/2797 3796/5250/2797
f 3797/5234/2798 3795/5235/2798 3794/5250/2798
f 3795/5234/2799 3797/5235/2799 3815/5251/2799 3813/5252/2799
s 1
usemtl Material.020
f 3804/5253/2800 3803/5254/2801 3805/5255/2801 3806/5256/2801 3807/5257/2802
f 3802/5258/2803 3804/5259/2800 3807/5260/2802 3799/5261/2803 3800/5262/2803 3801/5263/2803
o Toaster_cell.090
v 0.054383 0.036658 -0.153224
v 0.043541 0.038843 -0.153265
v 0.083789 0.080934 -0.152285
v 0.064506 0.042578 -0.153152
v 0.084214 0.091231 -0.170784
v 0.083974 0.143146 -0.151718
v 0.061677 0.143109 -0.151963
v 0.084173 0.141694 -0.161324
v 0.083988 0.135000 -0.184735
v 0.067151 0.134999 -0.184739
v 0.047616 0.135017 -0.184684
v 0.043330 0.140968 -0.166127
v 0.043228 0.143070 -0.152218
v 0.083974 0.143146 -0.151718
v 0.061677 0.143109 -0.151963
v 0.084173 0.141694 -0.161324
v 0.083988 0.135000 -0.184735
v 0.067151 0.134999 -0.184739
v 0.047616 0.135017 -0.184684
v 0.043330 0.140968 -0.166127
v 0.043228 0.143070 -0.152218
vn -0.0110 -0.0091 0.9999
vn 0.9998 -0.0032 0.0212
vn 1.0000 0.0024 -0.0086
vn 0.0002 -0.3037 -0.9528
vn -0.0030 -0.3048 -0.9524
vn -0.0584 -0.3078 -0.9497
vn -0.9914 -0.0184 -0.1294
vn -0.0138 -0.0101 0.9999
vn 0.8733 -0.4340 -0.2215
vn -0.0071 -0.0165 0.9998
vn 0.0086 -0.0269 0.9996
vn 0.2507 -0.4180 -0.8732
vn 0.0089 0.9577 -0.2877
vn 0.0045 0.9756 -0.2194
vn 0.0041 0.9768 -0.2142
vn -0.0000 0.9888 -0.1495
vt 1.000000 0.543113
vt 0.456959 0.000000
vt 1.000000 0.000000
vt 0.000000 0.000000
vt 1.000000 0.484058
vt 0.543113 0.543113
vt 0.484058 0.484058
vt 0.418648 0.000000
vt 1.000000 0.418391
vt 0.581352 0.000000
vt 0.418391 0.418391
vt 1.000000 0.617898
vt 0.617898 0.617898
vt 0.613051 0.613051
vt 0.665629 0.000000
vt 0.651505 0.264774
vt 0.665630 0.665630
vt 1.000000 0.543041
vt 1.000000 1.000000
vt 0.831808 0.563163
vt 0.831808 0.584967
vt 0.831808 0.585099
vt 0.831808 0.547525
vt 0.831808 0.547659
vt 0.818199 0.547525
vt 0.831808 0.585193
vt 0.831808 0.568204
vt 0.818209 0.547671
s 0
usemtl Material.027
f 3830/5264/2804 3831/5265/2804 3819/5266/2804
f 3819/5267/2805 3821/5266/2805 3832/5268/2805 3830/5269/2805
f 3832/5270/2806 3821/5267/2806 3833/5271/2806
f 3821/5266/2807 3834/5272/2807 3833/5273/2807
f 3834/5274/2808 3821/5267/2808 3817/5266/2808 3835/5275/2808
f 3817/5267/2809 3818/5266/2809 3835/5276/2809
f 3835/5277/2810 3818/5267/2810 3837/5278/2810 3836/5279/2810
f 3837/5280/2811 3818/5267/2811 3819/5266/2811 3831/5281/2811
f 3820/5267/2812 3821/5266/2812 3819/5282/2812
f 3818/5267/2813 3817/5266/2813 3819/5282/2813
f 3817/5267/2814 3820/5266/2814 3819/5282/2814
f 3820/5267/2815 3817/5266/2815 3821/5282/2815
s 1
f 3826/5283/2816 3827/5284/2816 3828/5285/2817 3824/5286/2818 3825/5287/2816
f 3824/5288/2818 3828/5285/2817 3829/5289/2819 3823/5290/2819 3822/5291/2819
o Toaster_cell.091
v 0.012276 -0.128392 0.247731
v 0.012273 -0.128374 0.253836
v 0.011351 -0.118948 0.253828
v 0.005479 -0.127473 0.253836
v 0.012273 -0.128374 0.253836
v 0.005479 -0.127473 0.253836
v 0.011351 -0.118948 0.253828
vn 0.9952 0.0974 0.0001
vn -0.1315 -0.9913 0.0029
vn -0.5818 0.4001 -0.7081
vn 0.0001 0.0009 1.0000
vt 0.108055 0.108055
vt 0.000000 0.000000
vt 1.000000 0.082986
vt 1.000000 0.000000
vt 1.000000 0.108087
vt 1.000000 1.000000
vt 0.389594 0.614036
vt 0.401520 0.614613
vt 0.389179 0.619644
s 0
usemtl Material.027
f 3842/5292/2820 3838/5293/2820 3844/5294/2820
f 3843/5293/2821 3838/5295/2821 3842/5296/2821
f 3843/5293/2822 3844/5295/2822 3838/5297/2822
s 1
f 3839/5298/2823 3840/5299/2823 3841/5300/2823
o Toaster_cell.092
v 0.014725 -0.128773 0.246679
v 0.020635 -0.123368 0.229259
v 0.041390 -0.124007 0.230442
v 0.013804 -0.118265 0.248342
v 0.013743 -0.054237 0.248004
v 0.014671 -0.026748 0.244112
v 0.034814 -0.026454 0.193094
v 0.020053 -0.026160 0.230589
v 0.040009 -0.026172 0.192589
v 0.021099 -0.123801 0.253836
v 0.013875 -0.128448 0.253836
v 0.013613 -0.116099 0.253824
v 0.041203 -0.130455 0.253836
v 0.041246 -0.092710 0.253836
v 0.040522 -0.026184 0.253836
v 0.013564 -0.051952 0.253729
v 0.013551 -0.058617 0.253738
v 0.032790 -0.024753 0.253836
v 0.021099 -0.025568 0.253836
v 0.014939 -0.026014 0.253724
v 0.041203 -0.130455 0.253836
v 0.041246 -0.092710 0.253836
v 0.040522 -0.026184 0.253836
v 0.013564 -0.051952 0.253729
v 0.013551 -0.058617 0.253738
v 0.013613 -0.116099 0.253824
v 0.032790 -0.024753 0.253836
v 0.021099 -0.025568 0.253836
v 0.013875 -0.128448 0.253836
v 0.014939 -0.026014 0.253724
vn -0.9994 -0.0212 -0.0264
vn -0.9910 -0.0687 -0.1145
vn -0.0091 -0.9804 -0.1968
vn 1.0000 -0.0011 0.0077
vn 0.9999 0.0109 -0.0084
vn 0.1820 0.9833 -0.0013
vn -0.9991 0.0429 -0.0027
vn -0.9995 0.0019 -0.0320
vn -0.9994 -0.0011 -0.0344
vn -0.9690 -0.0022 -0.2470
vn -0.9420 -0.0066 -0.3355
vn -0.9436 -0.0305 -0.3296
vn -0.0123 -0.9538 -0.3001
vn 0.0420 -0.3600 -0.9320
vn -0.0726 -0.3394 -0.9379
vn -0.0572 0.9979 -0.0299
vn -0.0687 0.9859 -0.1527
vn -0.2702 0.9605 -0.0658
vn -0.9274 0.0782 -0.3657
vn -0.9301 -0.0010 -0.3672
vn -0.0703 0.9973 -0.0218
vn -0.0558 0.9980 -0.0298
vn -0.0046 0.0003 1.0000
vn -0.0057 0.0004 1.0000
vn -0.0000 -0.0000 1.0000
vn -0.0044 0.0003 1.0000
vn -0.0092 0.0007 1.0000
vt 0.900374 0.000000
vt 1.000000 0.000000
vt 0.938149 0.640579
vt 0.000000 0.000000
vt 1.000000 1.000000
vt 1.000000 0.320481
vt 0.126099 0.126099
vt 0.319965 0.000000
vt 0.320482 0.320482
vt 1.000000 0.551935
vt 0.319965 0.319965
vt 0.551935 0.551935
vt 0.552072 0.000000
vt 0.159613 0.159613
vt 1.000000 0.101773
vt 0.101773 0.101773
vt 0.103581 0.000000
vt 0.103581 0.103581
vt 1.000000 0.099626
vt 0.760611 0.000000
vt 0.657467 0.012716
vt 0.057574 0.000000
vt 0.760611 0.760611
vt 0.390222 0.605571
vt 0.390011 0.608412
vt 0.390222 0.587058
vt 0.564782 0.587018
vt 0.564782 0.587685
vt 0.564782 0.594805
vt 0.564782 0.605571
vt -1.047566 0.597513
vt 1.340610 0.620876
vt 1.150652 0.619152
vt 0.444758 0.612914
vt 0.389723 0.612303
vt 0.477328 0.605571
s 0
usemtl Material.027
f 3870/5301/2824 3848/5302/2824 3873/5303/2824
f 3848/5304/2825 3845/5302/2825 3873/5305/2825
f 3845/5304/2826 3847/5302/2826 3865/5306/2826 3873/5307/2826
f 3847/5304/2827 3866/5308/2827 3865/5309/2827
f 3847/5304/2828 3853/5302/2828 3867/5310/2828 3866/5311/2828
f 3867/5312/2829 3853/5304/2829 3871/5313/2829
f 3874/5314/2830 3850/5304/2830 3849/5302/2830 3868/5315/2830
f 3868/5316/2831 3849/5304/2831 3869/5317/2831
f 3869/5318/2832 3849/5304/2832 3848/5302/2832 3870/5319/2832
f 3849/5304/2833 3850/5302/2833 3848/5305/2833
f 3850/5304/2834 3846/5302/2834 3848/5305/2834
f 3846/5304/2835 3845/5302/2835 3848/5305/2835
f 3846/5304/2836 3847/5302/2836 3845/5305/2836
f 3846/5304/2837 3853/5302/2837 3847/5305/2837
f 3846/5304/2838 3851/5302/2838 3853/5305/2838
f 3851/5304/2839 3871/5302/2839 3853/5305/2839
f 3871/5304/2840 3874/5320/2840 3872/5321/2840
f 3850/5305/2841 3874/5322/2841 3852/5302/2841
f 3852/5304/2842 3851/5302/2842 3850/5305/2842
f 3851/5304/2843 3846/5302/2843 3850/5305/2843
f 3852/5302/2844 3874/5323/2844 3871/5304/2844
f 3852/5304/2845 3871/5302/2845 3851/5305/2845
s 1
f 3854/5324/2846 3855/5325/2847 3857/5326/2848 3858/5327/2848 3859/5328/2848 3862/5329/2848 3863/5330/2849
f 3864/5331/2850 3860/5332/2850 3861/5333/2850 3856/5334/2850 3855/5335/2847 3854/5324/2846 3863/5336/2849
o Toaster_cell.093
v -0.021970 -0.044544 0.213532
v -0.022221 -0.027442 0.222517
v -0.013689 -0.129423 0.238845
v -0.016475 -0.134112 0.232585
v -0.024281 -0.061580 0.205552
v -0.041216 -0.123885 0.230209
v -0.062844 -0.061198 0.228039
v -0.047190 -0.083582 0.215575
v -0.047295 -0.069842 0.210435
v -0.055710 -0.062490 0.216587
v -0.062835 -0.053977 0.223388
v -0.062739 -0.025846 0.237067
v -0.056309 -0.023479 0.236606
v -0.055860 -0.023279 0.253836
v -0.060690 -0.025057 0.253836
v -0.034562 -0.024789 0.253836
v -0.020206 -0.026182 0.253836
v -0.062721 -0.039777 0.253836
v -0.062784 -0.068028 0.253836
v -0.052220 -0.099420 0.253836
v -0.016920 -0.137251 0.250440
v -0.017838 -0.139254 0.240426
v -0.014509 -0.130902 0.253836
v -0.041572 -0.130902 0.253836
v -0.037554 -0.139248 0.240466
v -0.038824 -0.138020 0.250028
v -0.013358 -0.119195 0.253836
v -0.018381 -0.049666 0.253836
v -0.018799 -0.139973 0.234830
v -0.027826 -0.139950 0.235005
v -0.034709 -0.139883 0.235530
v -0.055860 -0.023279 0.253836
v -0.060690 -0.025057 0.253836
v -0.034562 -0.024789 0.253836
v -0.020206 -0.026182 0.253836
v -0.062721 -0.039777 0.253836
v -0.062784 -0.068028 0.253836
v -0.052220 -0.099420 0.253836
v -0.016920 -0.137251 0.250440
v -0.014509 -0.130902 0.253836
v -0.018381 -0.049666 0.253836
v -0.041572 -0.130902 0.253836
v -0.037554 -0.139248 0.240466
v -0.038824 -0.138020 0.250028
v -0.017838 -0.139254 0.240426
v -0.013358 -0.119195 0.253836
v -0.018799 -0.139973 0.234830
v -0.027826 -0.139950 0.235005
v -0.034709 -0.139883 0.235530
vn -0.3455 0.9384 -0.0019
vn 0.0707 0.9974 -0.0134
vn 0.0965 0.9943 -0.0462
vn -0.2613 0.5564 -0.7887
vn -0.2877 0.4421 -0.8496
vn -0.2903 0.4379 -0.8508
vn -0.3118 0.4173 -0.8536
vn -0.3172 0.4156 -0.8525
vn -1.0000 0.0025 0.0018
vn -1.0000 0.0022 0.0029
vn -0.9842 0.1358 0.1139
vn -0.9446 -0.3179 -0.0819
vn 0.9209 -0.3897 -0.0065
vn 0.9320 -0.3621 0.0153
vn -0.9439 -0.3193 -0.0843
vn 0.9942 -0.0977 0.0448
vn 0.9947 0.0773 -0.0671
vn 0.9949 0.0719 -0.0710
vn 0.9927 0.0671 -0.1000
vn 0.9567 0.0066 -0.2910
vn -0.0190 -0.3510 -0.9362
vn -0.0737 -0.3480 -0.9346
vn -0.3175 0.3679 -0.8740
vn 0.9241 -0.0421 -0.3799
vn -0.7053 -0.2531 -0.6622
vn -0.8093 -0.3027 -0.5034
vn -0.8218 -0.3013 -0.4837
vn -0.8287 -0.3022 -0.4711
vn -0.9319 -0.3270 -0.1571
vn -0.3971 -0.4310 -0.8103
vn -0.0854 -0.3496 -0.9330
vn 0.9101 -0.4009 -0.1048
vn -0.0000 -0.2079 0.9781
vn -0.0000 -0.0000 1.0000
vn -0.0000 -0.1922 0.9814
vn 0.0054 -0.7735 0.6337
vn 0.0056 -0.7804 0.6253
vn 0.0114 -0.9883 0.1518
vt 0.255469 0.255469
vt 0.000000 0.000000
vt 1.000000 0.000000
vt 1.000000 0.250345
vt 0.410223 0.000000
vt 1.000000 0.639187
vt 0.410223 0.410223
vt 0.276756 0.000000
vt 1.000000 1.000000
vt 0.340752 0.000000
vt 1.000000 0.748508
vt 1.000000 0.747303
vt 0.748507 0.748507
vt 0.340752 0.340752
vt 0.341470 0.000000
vt 0.728853 0.000000
vt 0.967605 0.169816
vt 0.179089 0.179089
vt 0.230994 0.053581
vt 0.648980 0.254636
vt 0.341470 0.341470
vt 0.747028 0.000000
vt 0.723211 0.169040
vt 0.230824 0.000000
vt 0.230827 0.230827
vt 1.000000 0.384330
vt 0.614642 0.000000
vt 0.614642 0.614642
vt 0.769176 0.000000
vt 0.185664 0.000000
vt 1.000000 0.247160
vt 0.247160 0.247160
vt 0.269079 0.000000
vt 1.000000 0.252972
vt 0.382132 0.382132
vt 1.000000 0.685777
vt 0.685777 0.685777
vt 0.185664 0.185664
vt 1.000000 0.271148
vt 0.389703 0.637430
vt 0.362001 0.637606
vt 0.515132 0.641368
vt 0.501130 0.643377
vt 0.564782 0.656827
vt 0.564782 0.676440
vt 0.564782 0.682599
vt 0.564782 0.682758
vt 0.564782 0.682815
vt 0.564782 0.673087
vt 0.390222 0.663282
vt 0.337263 0.645628
vt 0.338390 0.662944
vt 0.338270 0.661317
vt 0.338133 0.659441
vt 0.337813 0.655095
vt 0.337344 0.647233
vt 0.337294 0.646238
vt 0.375000 0.660752
vt 0.375000 0.640581
vt 0.375000 0.638361
vt 0.375000 0.663282
s 0
usemtl Material.027
f 3906/5337/2851 3887/5338/2851 3886/5339/2851 3907/5340/2851
f 3908/5341/2852 3887/5339/2852 3906/5342/2852
f 3908/5343/2853 3909/5344/2853 3876/5339/2853 3887/5345/2853
f 3876/5338/2854 3886/5339/2854 3887/5345/2854
f 3876/5338/2855 3875/5339/2855 3886/5345/2855
f 3875/5338/2856 3879/5339/2856 3886/5345/2856
f 3879/5338/2857 3884/5339/2857 3886/5345/2857
f 3884/5338/2858 3885/5339/2858 3886/5345/2858
f 3885/5338/2859 3881/5339/2859 3886/5345/2859
f 3886/5345/2860 3881/5338/2860 3911/5346/2860 3910/5347/2860
f 3907/5348/2861 3886/5345/2861 3910/5349/2861
f 3911/5350/2862 3881/5338/2862 3912/5351/2862
f 3919/5352/2863 3877/5339/2863 3913/5353/2863
f 3913/5354/2864 3877/5338/2864 3914/5355/2864
f 3916/5356/2865 3912/5357/2865 3881/5338/2865 3917/5358/2865 3918/5359/2865
f 3877/5338/2866 3920/5360/2866 3914/5361/2866
f 3909/5362/2867 3915/5363/2867 3876/5339/2867
f 3877/5339/2868 3876/5345/2868 3915/5364/2868 3920/5365/2868
f 3877/5338/2869 3875/5339/2869 3876/5345/2869
f 3877/5338/2870 3879/5339/2870 3875/5345/2870
f 3879/5345/2871 3878/5338/2871 3921/5366/2871 3922/5367/2871
f 3883/5339/2872 3879/5345/2872 3922/5368/2872 3923/5369/2872
f 3883/5338/2873 3884/5339/2873 3879/5345/2873
f 3877/5338/2874 3878/5339/2874 3879/5345/2874
f 3883/5338/2875 3882/5339/2875 3884/5345/2875
f 3882/5338/2876 3880/5339/2876 3884/5345/2876
f 3880/5338/2877 3885/5339/2877 3884/5345/2877
f 3880/5338/2878 3881/5339/2878 3885/5345/2878
f 3880/5338/2879 3917/5370/2879 3881/5345/2879
f 3917/5371/2880 3880/5338/2880 3882/5339/2880 3923/5372/2880
f 3923/5373/2881 3882/5338/2881 3883/5339/2881
f 3921/5374/2882 3878/5338/2882 3877/5339/2882 3919/5375/2882
s 1
f 3897/5376/2883 3901/5377/2884 3902/5378/2884 3891/5379/2884 3890/5380/2884 3888/5381/2884 3889/5382/2884 3892/5383/2884 3893/5384/2884 3894/5385/2884 3898/5386/2885
usemtl Material.020
f 3895/5387/2886 3900/5388/2887 3899/5389/2888 3905/5390/2888 3904/5391/2888 3903/5392/2888 3896/5393/2888
f 3900/5394/2887 3895/5395/2886 3897/5396/2883 3898/5397/2885
o Toaster_cell.094
v 0.115086 -0.128106 0.221461
v 0.108366 -0.140968 0.208431
v 0.110883 -0.119604 0.223505
v 0.099428 -0.018956 0.169674
v 0.118905 -0.025096 0.130856
v 0.088055 -0.026045 0.191705
v 0.067006 -0.026065 0.171465
v 0.067512 -0.022738 0.154184
v 0.073729 -0.018312 0.142163
v 0.077372 -0.020269 0.132291
v 0.107350 -0.040195 0.040082
v 0.067110 -0.140968 0.029454
v 0.067075 -0.140968 0.214363
v 0.079424 -0.140968 0.227081
v 0.086411 -0.140140 0.233530
v 0.091627 -0.139613 0.237629
v 0.099041 -0.139887 0.235493
v 0.135742 -0.095383 0.151736
v 0.135742 -0.033227 0.103183
v 0.135742 -0.036721 0.075959
v 0.135742 -0.038449 0.066351
v 0.135742 -0.044695 0.031940
v 0.132794 -0.138020 0.011956
v 0.122867 -0.139218 0.014187
v 0.135742 -0.130902 0.012795
v 0.080690 -0.140968 0.024527
v 0.108366 -0.140968 0.017487
v 0.106623 -0.140561 0.229640
v 0.116377 -0.139733 0.221748
v 0.119668 -0.139604 0.212418
v 0.135742 -0.117709 0.159647
v 0.135742 -0.130902 0.164109
v 0.132794 -0.138020 0.174837
v 0.067110 -0.140968 0.029454
v 0.067075 -0.140968 0.214363
v 0.079424 -0.140968 0.227081
v 0.086411 -0.140140 0.233530
v 0.091627 -0.139613 0.237629
v 0.099041 -0.139887 0.235493
v 0.135742 -0.095383 0.151736
v 0.135742 -0.033227 0.103183
v 0.135742 -0.036721 0.075959
v 0.135742 -0.038449 0.066351
v 0.135742 -0.044695 0.031940
v 0.132794 -0.138020 0.011956
v 0.122867 -0.139218 0.014187
v 0.135742 -0.130902 0.012795
v 0.080690 -0.140968 0.024527
v 0.108366 -0.140968 0.017487
v 0.135742 -0.130902 0.164109
v 0.132794 -0.138020 0.174837
v 0.135742 -0.117709 0.159647
v 0.116377 -0.139733 0.221748
v 0.119668 -0.139604 0.212418
v 0.106623 -0.140561 0.229640
vn -0.3337 0.9274 0.1688
vn -0.2003 0.9575 0.2074
vn -0.1972 0.9584 0.2066
vn 0.1249 0.9877 -0.0936
vn 0.1088 0.9820 -0.1545
vn -0.3590 0.8814 -0.3072
vn -0.8520 0.3784 -0.3617
vn -0.8789 0.3476 -0.3266
vn -0.9993 0.0285 -0.0238
vn -1.0000 -0.0007 -0.0002
vn -0.6944 0.2513 0.6742
vn -0.6692 0.2641 0.6946
vn -0.6105 0.2803 0.7407
vn 0.2699 0.3683 0.8897
vn 0.7743 0.3647 0.5171
vn 0.8505 0.3201 0.4175
vn 0.8599 0.3142 0.4022
vn 0.7536 0.5926 0.2844
vn 0.1343 0.9770 -0.1657
vn 0.1060 0.9787 -0.1760
vn 0.1041 0.9786 -0.1776
vn -0.2385 0.2105 -0.9480
vn -0.2410 0.2100 -0.9475
vn -0.3320 0.2291 -0.9150
vn 0.6093 0.1062 0.7858
vn 0.9366 0.1122 0.3319
vn 0.9357 0.1178 0.3325
vn 0.2888 -0.9574 -0.0000
vn 0.6227 -0.7825 -0.0000
vn 0.9764 -0.2161 -0.0000
vn 0.9655 -0.2606 -0.0000
vn 0.0290 -0.9989 0.0370
vn 0.0594 -0.9982 0.0060
vn 0.1142 -0.9934 0.0135
vn 0.1085 -0.9937 0.0269
vn 0.0693 -0.9976 0.0003
vn 0.1198 -0.9928 -0.0000
vn 0.6220 0.0883 0.7780
vn 0.0005 -1.0000 0.0007
vn 0.0008 -0.9996 0.0265
vn 0.0023 -0.9925 0.1222
vn 1.0000 -0.0000 -0.0000
vt 0.000000 0.000000
vt 1.000000 0.000000
vt 1.000000 1.000000
vt 1.000000 0.009458
vt 0.009809 0.000000
vt 0.010090 0.000000
vt 1.000000 0.302986
vt 0.010090 0.010090
vt 1.000000 0.302405
vt 0.302986 0.302986
vt 0.306932 0.000000
vt 0.302405 0.302405
vt 1.000000 0.097795
vt 0.306932 0.306932
vt 0.372406 0.000000
vt 0.097795 0.097795
vt 1.000000 0.464010
vt 0.396523 0.000000
vt 0.651228 0.000000
vt 0.651228 0.651228
vt 0.350053 0.000000
vt 0.350053 0.350053
vt 1.000000 0.411551
vt 0.411551 0.411551
vt 0.589796 0.000000
vt 1.000000 0.343328
vt 0.589796 0.589796
vt 0.789940 0.203695
vt 0.850146 0.212320
vt 1.000000 0.332887
vt 0.343328 0.343328
vt 0.564313 0.332127
vt 0.332887 0.332887
vt 1.000000 0.011488
vt 1.000000 0.627594
vt 0.511961 0.511961
vt 0.801492 0.529897
vt 1.000000 0.708842
vt 0.815273 0.815273
vt 0.792290 0.748172
vt 0.716723 0.495039
vt 0.708842 0.708842
vt 1.000000 0.603477
vt 0.375000 0.461097
vt 0.375000 0.380888
vt 0.383926 0.381301
vt 0.383926 0.455814
vt 0.345403 0.538046
vt 0.329276 0.535659
vt 0.342049 0.519161
vt 0.348395 0.522531
vt 0.256651 0.535659
vt 0.261789 0.514491
vt 0.255888 0.500000
vt 0.336097 0.500000
vt 0.919189 0.307261
vt 0.815273 0.000000
vt 0.318807 0.566554
vt 0.181143 0.566218
vt 0.178313 0.556642
vt 0.170724 0.535659
vt 0.328312 0.538324
vt 0.321340 0.557603
vt 0.343374 0.548193
vt 0.342574 0.552195
vt 0.341502 0.557557
vt 0.345161 0.539256
vt 0.344512 0.542504
vt 0.469799 0.425812
vt 0.415231 0.449722
vt 0.395551 0.453617
vt 0.383926 0.455814
vt 0.459538 0.390729
vt 0.465076 0.407674
vt 0.466621 0.412406
s 0
usemtl Material.027
f 3931/5398/2889 3930/5399/2889 3932/5400/2889
f 3930/5398/2890 3929/5399/2890 3932/5400/2890
f 3929/5398/2891 3927/5399/2891 3932/5400/2891
f 3927/5398/2892 3928/5399/2892 3932/5400/2892
f 3928/5398/2893 3933/5399/2893 3932/5400/2893
f 3933/5398/2894 3934/5399/2894 3932/5400/2894
f 3934/5398/2895 3957/5401/2895 3932/5400/2895
f 3932/5400/2896 3957/5402/2896 3931/5399/2896
f 3931/5400/2897 3957/5403/2897 3930/5399/2897
f 3958/5404/2898 3930/5400/2898 3957/5405/2898
f 3959/5406/2899 3930/5400/2899 3958/5407/2899
f 3960/5408/2900 3929/5399/2900 3930/5400/2900 3959/5409/2900
f 3961/5410/2901 3929/5400/2901 3960/5411/2901
f 3962/5412/2902 3926/5399/2902 3929/5400/2902 3961/5413/2902
f 3926/5398/2903 3927/5399/2903 3929/5400/2903
f 3926/5398/2904 3924/5399/2904 3927/5400/2904
f 3964/5414/2905 3927/5400/2905 3924/5398/2905 3963/5415/2905
f 3964/5416/2906 3928/5399/2906 3927/5400/2906
f 3933/5399/2907 3928/5400/2907 3964/5417/2907 3965/5418/2907
f 3933/5400/2908 3965/5419/2908 3966/5420/2908
f 3966/5421/2909 3967/5422/2909 3934/5399/2909 3933/5400/2909
f 3969/5423/2910 3934/5400/2910 3967/5424/2910 3970/5425/2910 3968/5426/2910
f 3971/5427/2911 3934/5400/2911 3969/5428/2911 3972/5429/2911
f 3971/5430/2912 3957/5431/2912 3934/5400/2912
f 3926/5399/2913 3962/5432/2913 3978/5433/2913 3924/5398/2913
f 3973/5434/2914 3975/5435/2914 3924/5400/2914 3976/5436/2914 3977/5437/2914 3974/5438/2914
f 3924/5400/2915 3975/5439/2915 3963/5440/2915
f 3924/5399/2926 3978/5453/2926 3976/5454/2926
s 1
usemtl Material.020
f 3956/5441/2916 3946/5442/2917 3948/5443/2918 3955/5444/2919
f 3951/5445/2920 3925/5446/2921 3953/5447/2922 3952/5448/2923
f 3953/5447/2922 3925/5446/2921 3950/5449/2924 3947/5450/2925 3946/5451/2917 3956/5452/2916
f 3936/5455/2927 3935/5456/2927 3949/5457/2927 3950/5458/2924 3925/5446/2921 3951/5459/2920 3937/5460/2928
f 3939/5461/2929 3938/5462/2929 3937/5463/2928 3951/5464/2920 3940/5465/2929
f 3942/5466/2930 3941/5467/2930 3954/5468/2930 3955/5469/2919 3948/5443/2918 3945/5470/2930 3944/5471/2930 3943/5472/2930
o Toaster_cell.095
v -0.054227 0.072168 0.248747
v -0.021099 0.073058 0.253836
v -0.043960 0.044754 0.253836
v -0.054180 0.042169 0.253836
v -0.038994 0.046146 0.253836
v -0.021099 0.051234 0.253836
v -0.008361 0.056078 0.253631
v -0.054197 0.073058 0.253836
v -0.043171 0.078670 0.250037
v -0.034959 0.081432 0.248167
v -0.021099 0.080111 0.249061
v -0.007472 0.079552 0.249819
v -0.003941 0.058872 0.253388
v -0.004824 0.073526 0.253540
v -0.003941 0.066956 0.253385
v -0.043960 0.044754 0.253836
v -0.054180 0.042169 0.253836
v -0.038994 0.046146 0.253836
v -0.021099 0.051234 0.253836
v -0.054197 0.073058 0.253836
v -0.043171 0.078670 0.250037
v -0.034959 0.081432 0.248167
v -0.021099 0.080111 0.249061
v -0.007472 0.079552 0.249819
v -0.004824 0.073526 0.253540
v -0.003941 0.066956 0.253385
v -0.003941 0.058872 0.253388
v -0.008361 0.056078 0.253631
vn 0.0423 -0.1670 -0.9850
vn 0.0482 -0.1619 -0.9856
vn 0.7988 0.0544 -0.5991
vn -1.0000 -0.0005 0.0060
vn -0.4886 0.8600 -0.1476
vn -0.3761 0.7480 -0.5469
vn -0.0000 0.1507 0.9886
vn 0.0017 0.2855 0.9584
vn -0.0053 0.5524 0.8336
vn -0.0000 0.5606 0.8281
vn -0.0113 0.5431 0.8396
vn 0.0116 0.2410 0.9704
vn 0.0068 0.0003 1.0000
vn 0.0318 -0.0011 0.9995
vn -0.0000 -0.0000 1.0000
vn 0.0706 -0.0061 0.9975
vn 0.0469 -0.1652 -0.9851
vt 1.000000 0.000000
vt 1.000000 0.284558
vt 0.676038 0.000000
vt 1.000000 0.127232
vt 1.000000 1.000000
vt 0.564066 0.564066
vt 0.467724 0.285008
vt 0.350302 0.000000
vt 0.881802 0.024328
vt 0.350302 0.350302
vt 0.895934 0.551311
vt 0.867658 0.692284
vt 0.765276 0.765276
vt 0.928777 0.000000
vt 1.000000 0.323962
vt 0.928777 0.928777
vt 1.000000 0.759314
vt 0.759314 0.759314
vt 1.000000 0.564066
vt 0.609462 0.674908
vt 0.609462 0.644429
vt 0.609462 0.657192
vt 0.609462 0.664754
vt 0.555077 0.631708
vt 0.573983 0.644429
vt 0.564782 0.644429
vt 0.566007 0.629525
vt 0.565757 0.629525
vt 0.595277 0.642350
vt 0.551014 0.629445
vt 0.564782 0.674893
vt 0.564782 0.665481
vt 0.564782 0.660908
vt 0.564782 0.674908
vt 0.565218 0.629445
vt 0.551441 0.629244
vt 0.552203 0.628291
vt 0.559371 0.628291
vt 0.000000 0.000000
vt 0.872768 0.000000
vt 0.622061 0.122212
vt 0.271375 0.000000
vt 0.284558 0.284558
s 0
usemtl Material.027
f 3979/5473/2931 3994/5474/2931 3995/5475/2931
f 4006/5476/2932 3979/5477/2932 4000/5478/2932 4001/5479/2932 4002/5480/2932 4005/5481/2932
f 4002/5482/2933 4003/5483/2933 4004/5484/2933 4005/5485/2933
f 3998/5486/2934 3979/5473/2934 3995/5487/2934
f 3979/5477/2935 3998/5488/2935 3999/5489/2935
f 3979/5477/2936 3999/5490/2936 4000/5491/2936
s 1
f 3986/5492/2937 3980/5493/2938 3989/5493/2939 3988/5494/2940 3987/5495/2940
f 3990/5496/2941 3989/5497/2939 3980/5498/2938 3992/5499/2942
f 3992/5500/2942 3980/5498/2938 3997/5501/2943 3985/5502/2944
f 3982/5503/2945 3981/5504/2945 3996/5505/2945 3997/5498/2943 3980/5498/2938 3986/5506/2937
f 3992/5507/2942 3985/5508/2944 3991/5509/2946 3993/5510/2946
s 0
f 3979/5511/2947 4006/5512/2947 3984/5513/2947 3983/5514/2947 3994/5515/2947
o Toaster_cell.096
v 0.001450 -0.119724 -0.224271
v 0.001416 -0.101096 -0.217404
v 0.004079 -0.072424 -0.208585
v 0.064834 -0.034725 -0.239184
v 0.067279 -0.044068 -0.230324
v 0.063792 -0.084274 -0.253836
v 0.064831 -0.106776 -0.253836
v 0.063368 -0.076834 -0.253836
v 0.066484 -0.138020 -0.250028
v 0.068775 -0.139577 -0.237906
v 0.065563 -0.130902 -0.253836
v 0.049618 -0.140968 -0.149740
v 0.026832 -0.140968 -0.150464
v 0.066484 -0.140968 -0.227081
v 0.017913 -0.139180 -0.240995
v 0.028597 -0.138020 -0.250028
v 0.035878 -0.130902 -0.253836
v 0.001252 -0.140968 -0.217368
v 0.001223 -0.140968 -0.224384
v 0.063792 -0.084274 -0.253836
v 0.064831 -0.106776 -0.253836
v 0.063368 -0.076834 -0.253836
v 0.066484 -0.138020 -0.250028
v 0.065563 -0.130902 -0.253836
v 0.068775 -0.139577 -0.237906
v 0.049618 -0.140968 -0.149740
v 0.026832 -0.140968 -0.150464
v 0.028597 -0.138020 -0.250028
v 0.035878 -0.130902 -0.253836
v 0.066484 -0.140968 -0.227081
v 0.017913 -0.139180 -0.240995
v 0.001252 -0.140968 -0.217368
v 0.001223 -0.140968 -0.224384
vn 0.9742 0.0450 -0.2213
vn 0.9654 0.0550 -0.2548
vn -0.5668 0.2882 -0.7718
vn -0.5678 0.2897 -0.7705
vn -0.0534 0.6797 0.7315
vn 0.9829 0.0298 -0.1819
vn -0.0243 0.6418 0.7665
vn 0.9772 -0.0009 0.2123
vn -0.7060 0.0113 -0.7082
vn -0.6488 0.0995 -0.7545
vn -0.5809 0.2553 -0.7729
vn -0.9610 0.0042 0.2765
vn -0.9993 0.0109 -0.0344
vn -1.0000 0.0041 0.0042
vn -0.9340 -0.0072 0.3571
vn -0.0012 -0.8514 -0.5245
vn -0.0015 -0.9387 -0.3447
vn -0.0000 -0.3279 -0.9447
vn -0.0000 -0.2540 -0.9672
vn -0.0011 -0.9975 -0.0703
vn -0.0006 -0.9993 -0.0384
vn -0.0019 -0.9927 -0.1210
vn -0.0000 -1.0000 -0.0000
vn -0.0000 -0.0000 -1.0000
vt 1.000000 1.000000
vt 0.000000 0.000000
vt 0.427494 0.000000
vt 1.000000 0.682440
vt 0.682440 0.682440
vt 1.000000 0.634999
vt 1.000000 0.000000
vt 0.634999 0.634999
vt 0.411660 0.000000
vt 0.791706 0.408390
vt 1.000000 0.572506
vt 0.350011 0.350011
vt 0.642577 0.360124
vt 1.000000 0.313812
vt 0.607343 0.000000
vt 0.915266 0.340258
vt 1.000000 0.350011
vt 0.338299 0.338299
vt 0.699822 0.000000
vt 1.000000 0.273921
vt 0.455912 0.109469
vt 0.273921 0.273921
vt 0.925707 0.580102
vt 0.498518 0.498518
vt 0.421549 0.000000
vt 1.000000 0.554008
vt 0.554008 0.554008
vt 1.000000 0.556110
vt 1.000000 0.392657
vt 0.421549 0.421549
vt 0.375000 0.186223
vt 0.375000 0.153589
vt 0.375000 0.158038
vt 0.375000 0.185375
vt 0.156239 0.566144
vt 0.125000 0.623609
vt 0.159315 0.603171
vt 0.158642 0.593656
vt 0.125000 0.563777
vt 0.125000 0.561668
vt 0.160160 0.567315
vt 0.182964 0.578338
vt 0.185276 0.593720
vt 0.163424 0.622818
vt 0.163424 0.622367
vt 0.383926 0.185375
vt 0.564782 0.158487
vt 0.383926 0.183354
vt 0.383926 0.183744
vt 0.383926 0.184700
s 0
usemtl Material.027
f 4010/5516/2948 4011/5517/2948 4027/5518/2948 4026/5519/2948
f 4010/5516/2949 4026/5520/2949 4028/5521/2949
f 4008/5522/2950 4010/5516/2950 4028/5523/2950 4035/5524/2950
f 4008/5517/2951 4009/5522/2951 4010/5516/2951
f 4009/5517/2952 4011/5522/2952 4010/5516/2952
f 4030/5525/2953 4027/5526/2953 4011/5516/2953 4031/5527/2953 4029/5528/2953
f 4032/5529/2954 4011/5516/2954 4009/5517/2954 4033/5530/2954
f 4036/5531/2955 4031/5532/2955 4011/5516/2955 4032/5533/2955
f 4025/5534/2956 4007/5522/2956 4037/5535/2956
f 4034/5536/2957 4037/5537/2957 4007/5517/2957
f 4007/5517/2958 4008/5522/2958 4035/5538/2958 4034/5539/2958
f 4009/5522/2959 4008/5516/2959 4038/5540/2959
f 4007/5517/2960 4025/5541/2960 4008/5516/2960
f 4008/5516/2961 4025/5542/2961 4038/5543/2961
f 4033/5544/2962 4009/5516/2962 4038/5545/2962
s 1
f 4017/5561/2966 4023/5562/2965 4014/5563/2971 4012/5564/2971 4013/5565/2971
usemtl Material.020
f 4015/5546/2963 4022/5547/2964 4023/5548/2965 4017/5549/2966
f 4020/5550/2967 4039/5551/2968 4021/5552/2969 4022/5553/2964 4015/5554/2963 4016/5555/2969
f 4020/5556/2967 4018/5557/2970 4019/5558/2970 4024/5559/2970 4039/5560/2968
o Toaster_cell.097
v -0.048692 -0.084414 0.214223
v -0.070808 -0.061404 0.217042
v -0.055936 -0.064761 0.214880
v -0.049200 -0.071111 0.209303
v -0.099572 -0.123169 0.218546
v -0.101238 -0.112461 0.212785
v -0.098238 -0.073811 0.200348
v -0.110220 -0.081807 0.189870
v -0.089846 -0.140968 0.219413
v -0.057285 -0.140968 0.215482
v -0.048742 -0.140968 0.214371
v -0.100182 -0.140968 0.219164
v -0.105733 -0.140968 0.206632
v -0.108366 -0.140968 0.200664
v -0.132794 -0.138020 0.144976
v -0.135742 -0.130902 0.137501
v -0.048811 -0.140968 0.144321
v -0.051694 -0.140968 0.134966
v -0.076970 -0.140968 0.131701
v -0.132794 -0.138020 0.128246
v -0.108366 -0.140968 0.128018
v -0.048811 -0.140968 0.144321
v -0.051694 -0.140968 0.134966
v -0.089846 -0.140968 0.219413
v -0.057285 -0.140968 0.215482
v -0.048742 -0.140968 0.214371
v -0.100182 -0.140968 0.219164
v -0.105733 -0.140968 0.206632
v -0.132794 -0.138020 0.144976
v -0.135742 -0.130902 0.137501
v -0.108366 -0.140968 0.200664
v -0.132794 -0.138020 0.128246
v -0.076970 -0.140968 0.131701
v -0.108366 -0.140968 0.128018
vn 0.1198 0.0009 0.9928
vn 0.1290 0.0025 0.9916
vn 0.1487 0.0218 0.9887
vn 0.0717 0.7449 -0.6633
vn 0.0310 0.7772 -0.6285
vn -0.5903 0.2932 0.7520
vn -0.0240 0.0355 0.9991
vn -0.9134 0.0454 0.4046
vn -0.9140 0.0449 0.4033
vn 1.0000 -0.0009 -0.0010
vn 0.9852 0.1196 -0.1227
vn 0.7479 0.2552 0.6128
vn 0.1157 0.7219 -0.6823
vn 0.0885 0.7232 -0.6850
vn 0.0576 0.7270 -0.6842
vn -0.8250 0.1628 0.5412
vn -0.7282 0.2605 0.6339
vn -0.6533 0.2774 0.7044
vn -0.4125 -0.9109 -0.0000
vn -0.3337 -0.9427 -0.0000
vn -0.9239 -0.3827 -0.0000
vn -0.0159 -0.9999 -0.0000
vn -0.0622 -0.9981 -0.0000
vn -0.0000 -1.0000 -0.0000
vt 1.000000 0.385939
vt 1.000000 1.000000
vt 0.387859 0.387859
vt 0.469278 0.000000
vt 1.000000 0.000000
vt 0.385939 0.385939
vt 0.000000 0.000000
vt 1.000000 0.387859
vt 0.260940 0.000000
vt 1.000000 0.539921
vt 0.260940 0.260940
vt 0.451101 0.014713
vt 0.515809 0.115358
vt 0.540196 0.500900
vt 0.539921 0.539921
vt 1.000000 0.530722
vt 0.468829 0.000000
vt 0.468829 0.468829
vt 0.416756 0.000000
vt 1.000000 0.395773
vt 0.457621 0.000000
vt 0.395773 0.395773
vt 1.000000 0.565693
vt 0.457621 0.457621
vt 0.718790 0.456977
vt 0.935237 0.483540
vt 0.375000 0.811846
vt 0.375000 0.803607
vt 0.383926 0.808339
vt 0.326322 0.714341
vt 0.321393 0.750000
vt 0.313154 0.750000
vt 0.298691 0.714341
vt 0.171446 0.712345
vt 0.170724 0.714341
vt 0.170724 0.714341
vt 0.179333 0.690537
vt 0.183023 0.671268
vt 0.183046 0.671117
vt 0.316947 0.671070
vt 0.317814 0.676837
vt 0.324198 0.700300
vt 0.327032 0.708136
s 0
usemtl Material.027
f 4064/5566/2972 4041/5567/2972 4063/5568/2972
f 4065/5569/2973 4040/5570/2973 4041/5567/2973 4064/5571/2973
f 4040/5572/2974 4042/5570/2974 4041/5567/2974
f 4042/5572/2975 4047/5570/2975 4041/5567/2975
f 4047/5572/2976 4046/5570/2976 4041/5567/2976
f 4046/5572/2977 4044/5570/2977 4041/5567/2977
f 4063/5573/2978 4041/5567/2978 4044/5572/2978 4066/5574/2978
f 4044/5572/2979 4047/5570/2979 4067/5575/2979 4066/5576/2979
f 4069/5577/2980 4068/5578/2980 4070/5579/2980 4067/5580/2980 4047/5572/2980
f 4065/5581/2981 4061/5582/2981 4040/5570/2981
f 4061/5583/2982 4062/5584/2982 4043/5570/2982 4040/5567/2982
f 4043/5572/2983 4042/5570/2983 4040/5567/2983
f 4062/5585/2984 4042/5567/2984 4043/5572/2984
f 4072/5586/2985 4047/5570/2985 4042/5567/2985 4062/5587/2985
f 4069/5588/2986 4047/5567/2986 4072/5589/2986 4073/5590/2986 4071/5591/2986
f 4044/5572/2987 4045/5570/2987 4047/5567/2987
f 4045/5572/2988 4046/5570/2988 4047/5567/2988
f 4045/5572/2989 4044/5570/2989 4046/5567/2989
s 1
usemtl Material.020
f 4059/5592/2990 4054/5593/2991 4055/5594/2992
f 4053/5595/2993 4054/5596/2991 4059/5597/2990 4060/5598/2994
f 4052/5599/2995 4053/5600/2993 4060/5601/2994 4058/5602/2995 4057/5603/2995 4056/5604/2995 4050/5605/2995 4049/5606/2995 4048/5607/2995 4051/5608/2995
o Toaster_cell.098
v -0.000439 0.039714 -0.145218
v 0.017486 0.044127 -0.042016
v 0.018667 0.108595 -0.004653
v 0.021099 0.140587 -0.135628
v 0.018614 0.144538 -0.138085
v -0.003382 0.141454 -0.162911
v 0.030511 0.114374 -0.135628
v 0.021099 0.070074 -0.135628
v 0.029842 0.144835 -0.140542
v 0.021099 0.055936 -0.133561
v 0.032381 0.140587 -0.135628
v 0.021099 0.043473 -0.084651
v 0.021099 0.113338 -0.024249
v 0.021099 0.042334 -0.131455
v -0.012291 0.140183 -0.168575
v -0.007776 0.144835 -0.140542
v 0.020433 0.142983 -0.004046
v 0.030511 0.114374 -0.135628
v 0.021099 0.070074 -0.135628
v 0.021099 0.055936 -0.133561
v 0.029842 0.144835 -0.140542
v -0.003382 0.141454 -0.162911
v 0.032381 0.140587 -0.135628
v 0.021099 0.043473 -0.084651
v 0.021099 0.113338 -0.024249
v 0.021099 0.042334 -0.131455
v -0.012291 0.140183 -0.168575
v -0.007776 0.144835 -0.140542
v 0.020433 0.142983 -0.004046
vn 0.5762 -0.1178 -0.8088
vn 0.9936 -0.0738 0.0853
vn 0.1055 -0.9941 0.0242
vn 0.5451 -0.1283 -0.8285
vn 0.9919 -0.0703 0.1061
vn -0.9813 -0.0828 0.1740
vn 0.1612 0.9819 0.0991
vn -0.0005 0.9974 -0.0718
vn 0.9775 0.2108 0.0029
vn 1.0000 0.0041 0.0010
vn 0.9975 0.0041 0.0707
vn 0.6419 0.4208 0.6410
vn -0.0000 -0.0000 1.0000
vn 0.0409 0.3489 0.9363
vn -0.9828 -0.0500 0.1779
vn 0.0812 0.9089 0.4090
vn -0.0079 0.9915 -0.1299
vt 0.467856 0.467856
vt 0.178669 0.072437
vt 0.086195 0.000000
vt 0.647005 0.000000
vt 0.667131 0.611959
vt 0.665255 0.665255
vt 0.543178 0.000000
vt 1.000000 0.000000
vt 1.000000 0.489871
vt 1.000000 0.851283
vt 0.489871 0.489871
vt 0.000000 0.000000
vt 0.803592 0.155811
vt 1.000000 0.352995
vt 1.000000 0.913805
vt 0.851283 0.851283
vt 1.000000 0.456822
vt 0.361420 0.361420
vt 1.000000 1.000000
vt 0.819209 0.610147
vt 0.819209 0.632161
vt 0.752019 0.605571
vt 0.761941 0.605571
vt 0.791686 0.605571
vt 0.814734 0.605571
vt 0.815771 0.605571
vt 0.816789 0.605571
vt 0.816789 0.596904
vt 0.816789 0.595182
vt 0.418572 0.000000
vt 0.779338 0.593393
vt 0.645817 0.645817
vt 0.816951 0.605878
vt 0.816789 0.594974
vt 0.818048 0.597519
vt 0.818048 0.607859
vt 0.818048 0.594709
vt 0.752014 0.605571
vt 0.831808 0.632161
vt 0.819209 0.610147
vt 0.831808 0.597519
vt 0.819209 0.628114
vt 0.831808 0.635982
s 0
usemtl Material.027
f 4091/5609/2996 4092/5610/2996 4093/5611/2996 4095/5612/2996 4094/5613/2996 4096/5614/2996
f 4098/5615/2997 4075/5616/2997 4097/5617/2997
f 4074/5616/2998 4099/5618/2998 4097/5619/2998 4075/5620/2998
f 4100/5621/2999 4095/5622/2999 4093/5623/2999 4099/5624/2999 4074/5620/2999
f 4076/5620/3000 4075/5616/3000 4098/5625/3000 4090/5626/3000
f 4076/5620/3001 4074/5616/3001 4075/5627/3001
s 1
f 4078/5628/3002 4089/5629/3003 4102/5628/3004
s 0
f 4076/5620/3010 4090/5638/3010 4101/5639/3010 4100/5640/3010 4074/5620/3010
s 1
f 4082/5643/3011 4078/5644/3002 4084/5645/3009
f 4089/5647/3003 4078/5648/3002 4082/5649/3011 4079/5650/3012 4088/5651/3012
usemtl Material.020
f 4102/5630/3004 4086/5631/3005 4085/5632/3005 4087/5633/3005 4083/5634/3005 4081/5635/3006 4077/5635/3007
f 4080/5636/3008 4084/5637/3009 4077/5635/3007 4081/5635/3006
f 4078/5641/3002 4077/5635/3007 4084/5642/3009
f 4102/5646/3004 4077/5635/3007 4078/5641/3002
o Toaster_cell.099
v 0.011007 0.037429 -0.157256
v 0.011271 -0.027506 -0.233861
v -0.028992 0.035075 -0.159826
v -0.028845 -0.024989 -0.230279
v -0.021435 0.033324 -0.157594
v -0.020934 -0.025992 -0.226610
v -0.008909 -0.027472 -0.230204
v -0.008410 0.102113 -0.233729
v 0.011030 0.103506 -0.232764
v 0.011126 0.073058 -0.253836
v 0.011208 0.027769 -0.253836
v -0.028952 0.100489 -0.234852
v 0.011225 -0.027567 -0.253836
v -0.028868 0.034500 -0.253836
v -0.028902 0.073058 -0.253836
v -0.016686 -0.026792 -0.253836
v -0.008923 -0.027723 -0.253836
v -0.022436 -0.026039 -0.253836
v 0.005462 -0.027719 -0.253836
v -0.028712 -0.025147 -0.253836
v -0.008410 0.102113 -0.233729
v 0.011030 0.103506 -0.232764
v 0.011126 0.073058 -0.253836
v 0.011208 0.027769 -0.253836
v -0.028952 0.100489 -0.234852
v 0.011225 -0.027567 -0.253836
v -0.028902 0.073058 -0.253836
v -0.028868 0.034500 -0.253836
v -0.016686 -0.026792 -0.253836
v -0.008923 -0.027723 -0.253836
v -0.022436 -0.026039 -0.253836
v 0.005462 -0.027719 -0.253836
v -0.028712 -0.025147 -0.253836
vn -0.0863 0.7497 0.6561
vn -0.0866 0.6202 0.7796
vn 0.0888 -0.7551 0.6496
vn 0.0999 -0.7568 0.6460
vn 0.1152 -0.7575 0.6425
vn 1.0000 0.0018 0.0019
vn -0.0951 0.7503 0.6542
vn 1.0000 0.0003 -0.0023
vn -1.0000 -0.0009 -0.0013
vn -0.3691 -0.7076 0.6025
vn -0.3455 -0.7129 0.6102
vn -0.1191 -0.9928 0.0106
vn -0.1297 -0.9915 0.0089
vn 0.0003 -0.9999 0.0106
vn 0.0264 -0.9996 0.0030
vn -1.0000 -0.0026 -0.0056
vn -0.1407 -0.9900 0.0058
vn -0.0000 0.2977 -0.9547
vn -0.0000 0.2983 -0.9545
vn -0.0000 0.5691 -0.8223
vn -0.0000 -0.0000 -1.0000
vt 0.486023 0.000000
vt 1.000000 0.000000
vt 1.000000 1.000000
vt 0.484078 0.484078
vt 0.000000 0.000000
vt 1.000000 0.484078
vt 0.286381 0.000000
vt 0.629555 0.163551
vt 0.478739 0.000000
vt 1.000000 0.513977
vt 0.284742 0.000000
vt 0.286381 0.286381
vt 0.478739 0.478739
vt 0.524051 0.162023
vt 0.679400 0.000000
vt 0.645450 0.645450
vt 0.677145 0.000000
vt 0.322167 0.000000
vt 1.000000 0.645450
vt 0.677145 0.677145
vt 0.712748 0.000000
vt 0.712748 0.712748
vt 1.000000 0.715258
vt 1.000000 0.320600
vt 0.681553 0.000000
vt 1.000000 0.318447
vt 0.677833 0.000000
vt 0.606320 0.135245
vt 0.606320 0.098387
vt 0.606320 0.098341
vt 0.606320 0.117256
vt 0.606320 0.135157
vt 0.564782 0.109634
vt 0.564782 0.104339
vt 0.564782 0.098560
vt 0.564782 0.098417
vt 0.564782 0.098385
vt 0.564782 0.135246
vt 0.564782 0.135321
vt 0.564782 0.135337
vt 0.564782 0.130029
vt 0.564782 0.116783
s 0
usemtl Material.027
f 4123/5652/3013 4105/5653/3013 4103/5654/3013 4124/5655/3013
f 4105/5656/3014 4107/5653/3014 4103/5654/3014
f 4107/5656/3015 4108/5653/3015 4103/5654/3015
f 4108/5656/3016 4109/5653/3016 4103/5654/3016
f 4109/5656/3017 4104/5653/3017 4103/5654/3017
f 4124/5657/3018 4103/5654/3018 4104/5656/3018 4126/5658/3018 4125/5659/3018
f 4127/5660/3019 4105/5653/3019 4123/5661/3019
f 4104/5656/3020 4128/5662/3020 4126/5663/3020
f 4105/5654/3021 4127/5664/3021 4129/5665/3021 4130/5666/3021 4106/5653/3021
f 4106/5656/3022 4108/5653/3022 4105/5654/3022
f 4108/5656/3023 4107/5653/3023 4105/5654/3023
f 4109/5653/3024 4108/5654/3024 4131/5667/3024 4132/5668/3024
f 4108/5654/3025 4106/5656/3025 4133/5669/3025 4131/5670/3025
f 4104/5653/3026 4109/5654/3026 4132/5671/3026 4134/5672/3026
f 4104/5654/3027 4134/5673/3027 4128/5674/3027
f 4106/5653/3028 4130/5675/3028 4135/5676/3028
f 4135/5677/3029 4133/5678/3029 4106/5653/3029
s 1
f 4112/5679/3030 4117/5680/3031 4114/5681/3032 4110/5682/3032 4111/5683/3032
f 4118/5684/3033 4120/5685/3033 4122/5686/3033 4116/5687/3033 4117/5688/3031 4112/5689/3030 4113/5690/3033 4115/5691/3033 4121/5692/3033 4119/5693/3033
o Toaster_cell.075
v 0.019161 0.043940 -0.033742
v 0.021099 0.043446 -0.057484
v 0.021099 0.058991 -0.044704
v 0.021099 0.079753 -0.026547
v 0.021099 0.043312 -0.004746
v 0.021099 0.097746 -0.004292
v 0.021099 0.103908 -0.004284
v 0.021099 0.043288 -0.040295
v 0.021099 0.097746 -0.004292
v 0.021099 0.103908 -0.004284
v 0.021099 0.043312 -0.004746
v 0.021099 0.079753 -0.026547
v 0.021099 0.043288 -0.040295
v 0.021099 0.043446 -0.057484
v 0.021099 0.058991 -0.044704
vn -0.9943 0.0679 -0.0825
vn -0.3262 -0.9453 -0.0024
vn -0.9944 0.0698 -0.0799
vn -0.9976 0.0535 -0.0432
vn -0.9978 -0.0006 0.0667
vn 1.0000 -0.0000 -0.0000
vt 0.099355 0.000000
vt 0.248752 0.248752
vt 0.000000 0.000000
vt 0.248752 0.000000
vt 1.000000 0.716492
vt 1.000000 1.000000
vt 0.099355 0.099355
vt 0.235628 0.000000
vt 0.764372 0.000000
vt 1.000000 0.000000
vt 0.908865 0.908865
vt 0.752110 0.605571
vt 0.752117 0.605571
vt 0.752337 0.605571
vt 0.769843 0.605571
vt 0.778308 0.605571
vt 0.772014 0.605571
vt 0.763073 0.605571
s 0
usemtl Material.027
f 4150/5694/3034 4149/5695/3034 4136/5696/3034
f 4136/5696/3035 4149/5697/3035 4148/5698/3035 4146/5699/3035
f 4150/5700/3036 4136/5696/3036 4147/5701/3036
f 4147/5702/3037 4136/5703/3037 4144/5699/3037 4145/5704/3037
f 4144/5696/3038 4136/5703/3038 4146/5699/3038
s 1
usemtl Material.020
f 4142/5705/3039 4141/5706/3039 4140/5707/3039 4143/5708/3039 4137/5709/3039 4138/5710/3039 4139/5711/3039
