# Blender 4.3.2
# www.blender.org
mtllib ToiletDestructable.mtl
o base
v -6.324730 0.462398 -1.084432
v -6.479566 0.462398 -1.055717
v -6.654444 0.462398 -1.057109
v -6.886675 0.462398 -1.084222
v -6.464785 0.918292 -0.965421
v -6.251964 0.918292 -1.026830
v -6.887633 0.918292 -1.040798
v -6.657996 0.918292 -0.993795
v -6.836700 0.918292 -1.073403
v -6.653620 0.918292 -1.016815
v -6.462080 0.918292 -0.973067
v -6.266635 0.918292 -1.042585
v -6.458829 0.729329 -1.142376
v -6.422526 0.730885 -1.121433
v -6.383434 0.732608 -1.109122
v -6.338863 0.733514 -1.129975
v -6.404239 0.730833 -1.092410
v -6.292058 0.739072 -1.141523
v -6.772619 0.708027 -1.097519
v -6.563666 0.717690 -1.085610
v -6.364685 0.881250 -0.991946
v -6.214511 0.883222 -1.094480
v -6.770042 0.875316 -1.017509
v -6.562301 0.877853 -0.988576
v -6.762841 0.918292 -1.029206
v -6.560100 0.918292 -0.980047
v -6.353519 0.918292 -0.988710
v -6.875476 0.918292 -1.118056
v -6.209713 0.918292 -1.103497
v -6.396906 0.462398 -1.063163
v -6.273520 0.462398 -1.128387
v -6.562226 0.462398 -1.053236
v -6.765780 0.462398 -1.068729
v -6.887872 0.683913 -1.111728
v -6.351077 0.918292 -0.982968
v -6.198708 0.918292 -1.098344
v -6.887633 0.918292 -1.112241
v -6.769084 0.918292 -1.016785
v -6.561827 0.918292 -0.972852
v -6.887718 0.874204 -1.036482
v -6.346450 0.718029 -1.112046
v -6.477577 0.704788 -1.091247
v -6.662564 0.693166 -1.092182
v -6.273366 0.882729 -1.024244
v -6.467864 0.879415 -0.984439
v -6.659269 0.876506 -1.000789
v -6.863319 0.918292 -1.123871
v -6.655807 0.918292 -1.005305
v -6.756598 0.918292 -1.041626
v -6.463432 0.918292 -0.969244
v -6.558373 0.918292 -0.987242
v -6.355961 0.918292 -0.994452
v -6.220718 0.918292 -1.108651
v -6.467716 0.719770 -1.162170
v -6.442330 0.729923 -1.130195
v -6.403475 0.731789 -1.112932
v -6.360580 0.733371 -1.114664
v -6.322337 0.733553 -1.154530
v -6.847348 0.918292 -1.063029
v -6.259299 0.918292 -1.034707
v -6.920504 0.955498 -0.947634
v -6.921790 1.055852 -0.947634
v -6.774458 0.955498 -1.031300
v -6.755156 1.055852 -1.031300
v -6.921973 1.402380 -1.028571
v -6.921973 1.397065 -0.956152
v -6.749278 1.397065 -1.031161
v -6.840771 0.955498 -0.947634
v -6.839478 1.055852 -0.947634
v -6.830534 1.402380 -1.027963
v -6.836019 1.397065 -0.955999
v -6.830437 1.402483 -1.147896
v -6.876340 1.106029 -0.947634
v -6.876333 1.402380 -0.981704
v -6.759053 1.106029 -0.992624
v -6.873108 1.402380 -1.112172
v -6.741498 1.106029 -1.101030
v -6.787498 1.106029 -0.958554
v -6.813699 1.254863 -0.947634
v -6.817775 1.106029 -0.947634
v -6.789773 1.402380 -0.979258
v -6.784368 1.402380 -1.112172
v -6.876338 1.381119 -0.947634
v -6.775675 1.381119 -0.958554
v -6.747230 1.381119 -0.992624
v -6.729674 1.381119 -1.101030
v -6.811862 1.381119 -0.947634
v -6.876338 1.254862 -0.947634
v -6.750904 1.254863 -0.992624
v -6.733348 1.254863 -1.101030
v -6.779349 1.254863 -0.958554
v -6.784397 0.955498 -0.992624
v -6.829717 0.955498 -0.947634
v -6.921973 1.106029 -0.947634
v -6.876157 1.055852 -0.947634
v -6.766842 0.955498 -1.101030
v -6.765094 1.055852 -0.992624
v -6.875525 1.402380 -1.031356
v -6.738663 1.356907 -1.031697
v -6.749114 1.106029 -1.031300
v -6.747539 1.055852 -1.101030
v -6.812843 0.955498 -0.958554
v -6.793540 1.055852 -0.958554
v -6.921973 1.402380 -0.981704
v -6.876337 1.397065 -0.956152
v -6.779200 1.397065 -0.963730
v -6.757865 1.397065 -0.989282
v -6.743348 1.397065 -1.103816
v -6.921973 1.402380 -1.101030
v -6.921973 1.381119 -0.947634
v -6.874875 0.955498 -0.947634
v -6.820705 1.055852 -0.947634
v -6.785238 1.402380 -1.030744
v -6.806339 1.397065 -0.955540
v -6.837862 1.254862 -0.947634
v -6.838882 1.106029 -0.947634
v -6.831873 1.402380 -0.981093
v -6.829710 1.402380 -1.099213
v -6.852368 1.402483 -1.156677
v -6.808020 1.402483 -1.156677
v -6.830679 1.403387 -1.164124
v -6.845455 1.403387 -1.171512
v -6.815904 1.403387 -1.171512
v -6.876338 1.356882 -0.949066
v -6.812071 1.356886 -0.949038
v -6.776431 1.356896 -0.959718
v -6.748478 1.356905 -0.993285
v -6.731104 1.356908 -1.101215
v -6.737291 1.381119 -1.031300
v -6.837401 1.381119 -0.947634
v -6.921973 1.356885 -0.949044
v -6.740965 1.254863 -1.031300
v -6.837453 1.356883 -0.949059
v -6.921973 1.254862 -0.947634
v -6.467961 0.958462 -1.010670
v -6.408522 0.958462 -1.011200
v -6.350166 0.958462 -1.024731
v -6.293945 0.958462 -1.050247
v -6.240859 0.958462 -1.098185
v -6.214402 0.958462 -1.154429
v -6.529658 0.954029 -1.033539
v -6.581267 0.954244 -1.075816
v -6.408557 0.909670 -0.987933
v -6.476083 0.909670 -0.985072
v -6.341904 0.909670 -1.002669
v -6.278697 0.909670 -1.031649
v -6.222372 0.909670 -1.084487
v -6.191680 0.909670 -1.150142
v -6.545147 0.909670 -0.999354
v -6.606865 0.909670 -1.036345
v -6.665930 0.909511 -1.088329
v -6.889181 0.909227 -1.120701
v -6.446325 0.951376 -0.959931
v -6.298080 0.951376 -0.994084
v -6.231842 0.951376 -1.039547
v -6.182063 0.951376 -1.106956
v -6.521983 0.951376 -0.961954
v -6.443946 0.909227 -0.974000
v -6.373133 0.909227 -0.983192
v -6.304718 0.909227 -1.005716
v -6.241278 0.909227 -1.048615
v -6.194088 0.909227 -1.112311
v -6.515687 0.909227 -0.977522
v -6.588211 0.909227 -0.996437
v -6.655930 0.909227 -1.025249
v -6.370718 0.911001 -0.969308
v -6.441400 0.911001 -0.989010
v -6.244706 0.911001 -1.118034
v -6.508964 0.911001 -0.994176
v -6.602065 0.911001 -0.970623
v -6.573705 0.911001 -1.023467
v -6.688510 0.911001 -0.983716
v -6.446325 0.911001 -0.959931
v -6.298080 0.911001 -0.994084
v -6.231842 0.911001 -1.039547
v -6.182063 0.911001 -1.106956
v -6.375711 0.911001 -0.997975
v -6.323820 0.911001 -1.018161
v -6.278233 0.911001 -1.058342
v -6.521983 0.911001 -0.961954
v -6.622355 0.911001 -1.068043
v -6.370718 0.951376 -0.969308
v -6.602065 0.951376 -0.970623
v -6.688510 0.951376 -0.983716
v -6.642972 0.911001 -1.118687
v -6.437868 0.958462 -1.008774
v -6.379148 0.958462 -1.016628
v -6.321951 0.958462 -1.035174
v -6.265567 0.958462 -1.072173
v -6.223999 0.958462 -1.125635
v -6.498657 0.953882 -1.020417
v -6.557834 0.954135 -1.053023
v -6.598022 0.954398 -1.098875
v -6.610894 0.954319 -1.134435
v -6.408542 0.909227 -0.977012
v -6.442120 0.909670 -0.984787
v -6.479582 0.909227 -0.974166
v -6.338323 0.909227 -0.992705
v -6.374985 0.909670 -0.993830
v -6.272356 0.909227 -1.023821
v -6.309815 0.909670 -1.014643
v -6.214262 0.909227 -1.078608
v -6.248524 0.909670 -1.055580
v -6.181524 0.909227 -1.148118
v -6.203313 0.909670 -1.116419
v -6.510858 0.909670 -0.989470
v -6.551987 0.909227 -0.984727
v -6.577658 0.909670 -1.016102
v -6.623234 0.909227 -1.010622
v -6.631246 0.909670 -1.056715
v -6.887990 0.909227 -1.074385
v -6.474708 0.911001 -0.989368
v -6.542514 0.911001 -1.005014
v -6.600873 0.911001 -1.045741
v -6.886404 0.911001 -1.022286
v -6.644791 0.911001 -0.976737
v -6.560930 0.911001 -0.965615
v -6.484141 0.911001 -0.959955
v -6.408522 0.911001 -0.962757
v -6.333657 0.911001 -0.979710
v -6.264103 0.911001 -1.013630
v -6.203694 0.911001 -1.070951
v -6.168283 0.911001 -1.145475
v -6.236205 0.911001 -1.150930
v -6.258756 0.911001 -1.086811
v -6.300725 0.911001 -1.034750
v -6.347562 0.911001 -1.006571
v -6.408561 0.911001 -0.992184
v -6.886404 0.951376 -1.022286
v -6.642806 0.955162 -0.979832
v -6.559394 0.955227 -0.968953
v -6.483026 0.955289 -0.963452
v -6.408522 0.955312 -0.966426
v -6.334920 0.955315 -0.983154
v -6.266421 0.955319 -1.016474
v -6.206654 0.955325 -1.073119
v -6.171885 0.955320 -1.146174
v -6.889577 0.909227 -1.155453
v -6.889134 0.957988 -1.136749
v -6.681213 0.909670 -1.139246
v -6.467133 0.953733 -1.013250
v -6.408525 0.953591 -1.014168
v -6.351159 0.953607 -1.027494
v -6.295761 0.953635 -1.052488
v -6.243258 0.953593 -1.099926
v -6.217309 0.953593 -1.155008
v -6.530624 0.958462 -1.031498
v -6.582314 0.958462 -1.074135
v -6.437387 0.953636 -1.011617
v -6.379659 0.953589 -1.019556
v -6.323392 0.953624 -1.037697
v -6.267660 0.953624 -1.074186
v -6.226735 0.953577 -1.126853
v -6.499586 0.958462 -1.018128
v -6.558835 0.958462 -1.051158
v -6.599131 0.958462 -1.097452
v -6.613144 0.958462 -1.135974
v -6.584691 0.642336 -1.144018
v -6.568450 0.611586 -1.124812
v -6.552141 0.580706 -1.114818
v -6.534449 0.547206 -1.134081
v -6.588912 0.650330 -1.162170
v -6.577218 0.628188 -1.132588
v -6.560340 0.596230 -1.117620
v -6.543106 0.563598 -1.120214
v -6.527386 0.533834 -1.156696
v -6.830338 0.642336 -1.144018
v -6.830309 0.611586 -1.124812
v -6.830281 0.580706 -1.114819
v -6.830251 0.547206 -1.134081
v -6.830345 0.650330 -1.162170
v -6.830325 0.628188 -1.132588
v -6.830296 0.596230 -1.117620
v -6.830266 0.563598 -1.120214
v -6.830239 0.533834 -1.156696
v -6.458527 0.719518 -1.144018
v -6.423257 0.718783 -1.124812
v -6.387948 0.718292 -1.114818
v -6.349737 0.717920 -1.134081
v -6.468034 0.729212 -1.161303
v -6.442285 0.719140 -1.132588
v -6.405687 0.718516 -1.117620
v -6.368423 0.718086 -1.120214
v -6.334504 0.717803 -1.156696
v -6.445699 0.955306 -0.963546
v -6.299923 0.955317 -0.997256
v -6.234478 0.955320 -1.042098
v -6.185414 0.955326 -1.108448
v -6.520622 0.955261 -0.965366
v -6.371362 0.955314 -0.972921
v -6.600327 0.955191 -0.973862
v -6.686238 0.955141 -0.986607
v -6.886508 0.955181 -1.025961
v -6.644791 0.951376 -0.976737
v -6.560930 0.951376 -0.965615
v -6.484141 0.951376 -0.959955
v -6.408522 0.951376 -0.962757
v -6.333657 0.951376 -0.979710
v -6.264103 0.951376 -1.013630
v -6.203694 0.951376 -1.070951
v -6.168283 0.951376 -1.145475
v -6.406079 0.712117 -1.096663
v -6.295888 0.719962 -1.143774
v -6.772459 0.688387 -1.100551
v -6.563679 0.698550 -1.089417
v -6.887917 0.703769 -1.108946
v -6.343344 0.736623 -1.108372
v -6.476985 0.723717 -1.087046
v -6.662732 0.712567 -1.088830
v -6.254116 0.462398 -1.186287
v -6.274372 0.719936 -1.186287
v -6.270429 0.738825 -1.186287
v -6.199302 0.874324 -1.186287
v -6.193594 0.883756 -1.186287
v -6.184580 0.918292 -1.186287
v -6.875476 0.918292 -1.186287
v -6.869368 0.918292 -1.186287
v -6.863319 0.918292 -1.186287
v -6.887633 0.918292 -1.186287
v -6.881528 0.918292 -1.186287
v -6.563151 0.774711 -1.186287
v -6.468034 0.729212 -1.186287
v -6.209032 0.918292 -1.186287
v -6.197052 0.918292 -1.186287
v -6.763114 0.955498 -1.186287
v -6.743489 1.055852 -1.186287
v -6.727009 1.356908 -1.186287
v -6.729253 1.254863 -1.186287
v -6.737402 1.106029 -1.186287
v -6.921973 1.402380 -1.186287
v -6.882104 1.402380 -1.186287
v -6.865825 1.402483 -1.186287
v -6.725579 1.381119 -1.186287
v -6.796011 1.402483 -1.186287
v -6.780272 1.402380 -1.186287
v -6.739252 1.397065 -1.186287
v -6.809072 1.404218 -1.186287
v -6.852842 1.403387 -1.186287
v -6.650587 0.911001 -1.186287
v -6.630032 0.938020 -1.186287
v -6.618215 0.955287 -1.186287
v -6.889577 0.958462 -1.186287
v -6.761003 0.958462 -1.186287
v -6.619948 0.958462 -1.186287
v -6.681213 0.909670 -1.186287
v -6.802931 0.909411 -1.186287
v -6.889577 0.909227 -1.186287
v -6.467716 0.719770 -1.186287
v -6.520984 0.689250 -1.186287
v -6.588912 0.650330 -1.186287
v -6.830234 0.528474 -1.186287
v -6.695026 0.650330 -1.186287
v -6.830345 0.650330 -1.186287
v -6.467853 0.723838 -1.186287
v -6.406079 0.712117 -1.275910
v -6.477577 0.704788 -1.281327
v -6.479566 0.462398 -1.316856
v -6.396906 0.462398 -1.309411
v -6.346450 0.718029 -1.260528
v -6.324730 0.462398 -1.288141
v -6.295888 0.719962 -1.228800
v -6.273520 0.462398 -1.244187
v -6.772459 0.688387 -1.272023
v -6.887872 0.683913 -1.260846
v -6.886675 0.462398 -1.288352
v -6.765780 0.462398 -1.303845
v -6.662564 0.693166 -1.280392
v -6.654444 0.462398 -1.315465
v -6.563679 0.698550 -1.283157
v -6.562225 0.462398 -1.319338
v -6.364685 0.881250 -1.380628
v -6.467864 0.879415 -1.388135
v -6.476985 0.723717 -1.285527
v -6.404239 0.730833 -1.280164
v -6.273366 0.882729 -1.348330
v -6.343344 0.736623 -1.264201
v -6.214511 0.883222 -1.278094
v -6.770042 0.875316 -1.355065
v -6.887717 0.874204 -1.336092
v -6.887917 0.703769 -1.263628
v -6.772619 0.708027 -1.275055
v -6.659269 0.876506 -1.371785
v -6.662732 0.712567 -1.283744
v -6.562301 0.877853 -1.383997
v -6.563666 0.717690 -1.286964
v -6.351077 0.918292 -1.389606
v -6.251964 0.918292 -1.345744
v -6.464785 0.918292 -1.407153
v -6.198707 0.918292 -1.274230
v -6.769084 0.918292 -1.355789
v -6.657995 0.918292 -1.378779
v -6.887632 0.918292 -1.331776
v -6.561827 0.918292 -1.399722
v -6.762841 0.918292 -1.343369
v -6.847348 0.918292 -1.309545
v -6.655807 0.918292 -1.367269
v -6.653619 0.918292 -1.355759
v -6.756598 0.918292 -1.330948
v -6.836700 0.918292 -1.299171
v -6.560100 0.918292 -1.392527
v -6.558372 0.918292 -1.385332
v -6.463432 0.918292 -1.403330
v -6.462080 0.918292 -1.399507
v -6.353519 0.918292 -1.383863
v -6.259299 0.918292 -1.337866
v -6.266634 0.918292 -1.329989
v -6.355961 0.918292 -1.378121
v -6.863319 0.918292 -1.248703
v -6.875476 0.918292 -1.254518
v -6.458829 0.729329 -1.230197
v -6.468033 0.729212 -1.211271
v -6.442330 0.729923 -1.242379
v -6.422526 0.730885 -1.251140
v -6.403475 0.731789 -1.259642
v -6.383434 0.732608 -1.263452
v -6.360580 0.733371 -1.257910
v -6.338863 0.733514 -1.242598
v -6.322337 0.733553 -1.218043
v -6.220718 0.918292 -1.263922
v -6.887633 0.918292 -1.260333
v -6.209713 0.918292 -1.269076
v -6.774458 0.955498 -1.341274
v -6.766842 0.955498 -1.271544
v -6.747539 1.055852 -1.271544
v -6.755156 1.055852 -1.341274
v -6.921973 1.356885 -1.423530
v -6.921973 1.254862 -1.424940
v -6.876338 1.254862 -1.424940
v -6.876338 1.356882 -1.423508
v -6.837861 1.254862 -1.424940
v -6.837453 1.356883 -1.423515
v -6.733348 1.254863 -1.271544
v -6.921973 1.106029 -1.424940
v -6.876340 1.106029 -1.424940
v -6.921789 1.055852 -1.424940
v -6.876157 1.055852 -1.424940
v -6.839478 1.055852 -1.424940
v -6.838882 1.106029 -1.424940
v -6.741498 1.106029 -1.271544
v -6.920503 0.955498 -1.424940
v -6.874875 0.955498 -1.424940
v -6.840771 0.955498 -1.424940
v -6.765094 1.055852 -1.379951
v -6.784397 0.955498 -1.379951
v -6.793540 1.055852 -1.414020
v -6.812843 0.955498 -1.414020
v -6.921973 1.402380 -1.344004
v -6.921973 1.402380 -1.390870
v -6.876333 1.402380 -1.390870
v -6.875524 1.402380 -1.341218
v -6.921973 1.397065 -1.416422
v -6.876337 1.397065 -1.416422
v -6.836019 1.397065 -1.416575
v -6.831873 1.402380 -1.391482
v -6.830533 1.402380 -1.344611
v -6.748478 1.356905 -1.379289
v -6.776431 1.356896 -1.412856
v -6.779349 1.254863 -1.414020
v -6.750904 1.254863 -1.379951
v -6.740964 1.254863 -1.341274
v -6.738663 1.356907 -1.340877
v -6.759053 1.106029 -1.379951
v -6.749114 1.106029 -1.341274
v -6.787498 1.106029 -1.414020
v -6.873108 1.402380 -1.260403
v -6.921973 1.402380 -1.271544
v -6.829710 1.402380 -1.273361
v -6.830437 1.402483 -1.224678
v -6.852368 1.402483 -1.215898
v -6.731104 1.356908 -1.271359
v -6.812071 1.356886 -1.423536
v -6.813699 1.254863 -1.424940
v -6.817775 1.106029 -1.424940
v -6.820705 1.055852 -1.424940
v -6.829717 0.955498 -1.424940
v -6.837401 1.381119 -1.424940
v -6.876338 1.381119 -1.424940
v -6.921973 1.381119 -1.424940
v -6.747229 1.381119 -1.379951
v -6.775675 1.381119 -1.414020
v -6.811862 1.381119 -1.424940
v -6.737290 1.381119 -1.341274
v -6.729674 1.381119 -1.271544
v -6.784368 1.402380 -1.260403
v -6.743348 1.397065 -1.268758
v -6.806339 1.397065 -1.417034
v -6.789773 1.402380 -1.393316
v -6.779199 1.397065 -1.408844
v -6.757865 1.397065 -1.383292
v -6.749278 1.397065 -1.341413
v -6.785238 1.402380 -1.341830
v -6.808020 1.402483 -1.215898
v -6.845455 1.403387 -1.201063
v -6.830679 1.403387 -1.208450
v -6.815904 1.403387 -1.201062
v -6.437868 0.958462 -1.363800
v -6.467960 0.958462 -1.361904
v -6.483026 0.955289 -1.409122
v -6.445699 0.955306 -1.409027
v -6.408522 0.958462 -1.361373
v -6.408521 0.955312 -1.406148
v -6.379148 0.958462 -1.355946
v -6.371361 0.955314 -1.399653
v -6.350165 0.958462 -1.347843
v -6.334919 0.955315 -1.389419
v -6.321950 0.958462 -1.337399
v -6.299923 0.955317 -1.375317
v -6.293945 0.958462 -1.322327
v -6.266421 0.955319 -1.356100
v -6.265567 0.958462 -1.300400
v -6.234478 0.955320 -1.330475
v -6.240858 0.958462 -1.274388
v -6.206653 0.955325 -1.299454
v -6.223999 0.958462 -1.246939
v -6.185414 0.955326 -1.264125
v -6.214402 0.958462 -1.218144
v -6.171885 0.955320 -1.226399
v -6.499586 0.958462 -1.354446
v -6.520622 0.955261 -1.407208
v -6.530624 0.958462 -1.341076
v -6.559394 0.955227 -1.403621
v -6.558835 0.958462 -1.321416
v -6.600326 0.955191 -1.398712
v -6.582314 0.958462 -1.298439
v -6.642805 0.955162 -1.392742
v -6.599131 0.958462 -1.275122
v -6.686238 0.955140 -1.385967
v -6.886508 0.955181 -1.346613
v -6.446325 0.951376 -1.412643
v -6.484141 0.951376 -1.412619
v -6.484141 0.911001 -1.412619
v -6.446325 0.911001 -1.412643
v -6.408521 0.951376 -1.409817
v -6.408521 0.911001 -1.409817
v -6.298080 0.951376 -1.378490
v -6.333656 0.951376 -1.392864
v -6.333656 0.911001 -1.392864
v -6.298080 0.911001 -1.378490
v -6.264103 0.951376 -1.358944
v -6.264103 0.911001 -1.358944
v -6.231842 0.951376 -1.333026
v -6.231842 0.911001 -1.333026
v -6.203694 0.951376 -1.301623
v -6.203694 0.911001 -1.301623
v -6.182063 0.951376 -1.265618
v -6.182063 0.911001 -1.265618
v -6.168283 0.951376 -1.227098
v -6.168283 0.911001 -1.227098
v -6.375711 0.911001 -1.374599
v -6.408561 0.911001 -1.380390
v -6.408525 0.953591 -1.358406
v -6.379658 0.953589 -1.353018
v -6.347562 0.911001 -1.366003
v -6.351159 0.953607 -1.345080
v -6.323820 0.911001 -1.354412
v -6.323392 0.953624 -1.334877
v -6.300725 0.911001 -1.337824
v -6.295761 0.953635 -1.320086
v -6.278233 0.911001 -1.314232
v -6.267660 0.953624 -1.298387
v -6.258756 0.911001 -1.285762
v -6.243258 0.953593 -1.272647
v -6.236205 0.911001 -1.221643
v -6.217309 0.953593 -1.217566
v -6.521982 0.951376 -1.410619
v -6.560930 0.951376 -1.406959
v -6.560930 0.911001 -1.406959
v -6.521982 0.911001 -1.410619
v -6.622355 0.911001 -1.304531
v -6.598022 0.954398 -1.273699
v -6.600873 0.911001 -1.326833
v -6.581267 0.954244 -1.296758
v -6.886404 0.911001 -1.350288
v -6.688510 0.911001 -1.388858
v -6.688510 0.951376 -1.388858
v -6.886404 0.951376 -1.350288
v -6.443946 0.909227 -1.398574
v -6.479581 0.909227 -1.398408
v -6.442120 0.909670 -1.387787
v -6.476083 0.909670 -1.387502
v -6.408556 0.909670 -1.384641
v -6.408542 0.909227 -1.395561
v -6.373132 0.909227 -1.389382
v -6.370718 0.911001 -1.403265
v -6.374984 0.909670 -1.378744
v -6.341904 0.909670 -1.369905
v -6.338323 0.909227 -1.379869
v -6.304717 0.909227 -1.366858
v -6.309815 0.909670 -1.357930
v -6.278697 0.909670 -1.340925
v -6.272356 0.909227 -1.348753
v -6.241278 0.909227 -1.323959
v -6.248524 0.909670 -1.316993
v -6.222372 0.909670 -1.288086
v -6.214262 0.909227 -1.293965
v -6.194088 0.909227 -1.260263
v -6.203313 0.909670 -1.256154
v -6.191680 0.909670 -1.222431
v -6.181524 0.909227 -1.224456
v -6.515686 0.909227 -1.395051
v -6.551987 0.909227 -1.387847
v -6.545147 0.909670 -1.373219
v -6.510858 0.909670 -1.383104
v -6.588211 0.909227 -1.376137
v -6.602065 0.911001 -1.401951
v -6.623234 0.909227 -1.361952
v -6.644790 0.911001 -1.395837
v -6.606865 0.909670 -1.336229
v -6.577658 0.909670 -1.356472
v -6.655930 0.909227 -1.347325
v -6.887990 0.909227 -1.298190
v -6.889181 0.909227 -1.251873
v -6.665930 0.909510 -1.284245
v -6.631246 0.909670 -1.315859
v -6.370718 0.951376 -1.403265
v -6.441400 0.911001 -1.383564
v -6.474708 0.911001 -1.383206
v -6.467133 0.953733 -1.359324
v -6.437387 0.953636 -1.360957
v -6.226735 0.953577 -1.245720
v -6.244706 0.911001 -1.254540
v -6.508964 0.911001 -1.378398
v -6.542514 0.911001 -1.367560
v -6.529657 0.954028 -1.339035
v -6.498657 0.953882 -1.352157
v -6.602065 0.951376 -1.401951
v -6.644790 0.951376 -1.395837
v -6.557834 0.954135 -1.319551
v -6.573705 0.911001 -1.349107
v -6.642177 0.911001 -1.255841
v -6.610187 0.954324 -1.240093
v -6.612433 0.958462 -1.238554
v -6.889577 0.909227 -1.217121
v -6.889088 0.957939 -1.237779
v -6.681213 0.909670 -1.233328
v -6.467716 0.719770 -1.210404
v -6.458527 0.719518 -1.228556
v -6.584691 0.642336 -1.228556
v -6.588912 0.650330 -1.210404
v -6.442284 0.719140 -1.239986
v -6.423257 0.718783 -1.247762
v -6.568450 0.611586 -1.247762
v -6.577218 0.628188 -1.239986
v -6.405687 0.718516 -1.254954
v -6.387948 0.718292 -1.257755
v -6.552141 0.580706 -1.257756
v -6.560340 0.596230 -1.254954
v -6.368423 0.718086 -1.252360
v -6.349737 0.717920 -1.238492
v -6.534449 0.547206 -1.238493
v -6.543106 0.563598 -1.252360
v -6.334504 0.717803 -1.215878
v -6.527386 0.533834 -1.215878
v -6.830338 0.642336 -1.228556
v -6.830345 0.650330 -1.210404
v -6.830309 0.611586 -1.247762
v -6.830324 0.628188 -1.239986
v -6.830281 0.580706 -1.257756
v -6.830296 0.596230 -1.254954
v -6.830251 0.547206 -1.238493
v -6.830266 0.563598 -1.252360
v -6.830238 0.533834 -1.215878
v -6.185951 0.918292 -1.142315
v -6.209373 0.918292 -1.147469
v -6.197718 0.918292 -1.144892
v -6.166383 0.955320 -1.186287
v -6.208900 0.958462 -1.186287
v -6.211807 0.953593 -1.186287
v -6.162781 0.911001 -1.186287
v -6.176022 0.909227 -1.186287
v -6.186178 0.909670 -1.186287
v -6.162781 0.951376 -1.186287
v -6.185951 0.918292 -1.230258
v -6.209373 0.918292 -1.225105
v -6.197718 0.918292 -1.227681
v -6.230703 0.911001 -1.186287
v -6.270429 0.738825 -1.186287
v -6.193594 0.883756 -1.186287
v -6.199302 0.874324 -1.186287
v -6.292058 0.739072 -1.231051
vn 0.1666 -0.0482 0.9848
vn 0.0510 -0.0337 0.9981
vn 0.0565 0.1410 0.9884
vn 0.1827 0.1325 0.9742
vn 0.3960 -0.0581 0.9164
vn 0.4674 0.1187 0.8760
vn 0.7410 -0.0570 0.6690
vn 0.8213 0.0928 0.5629
vn 0.9979 -0.0642 -0.0055
vn 0.9958 0.0908 -0.0081
vn -0.0885 -0.0102 0.9960
vn -0.0962 -0.0053 0.9953
vn -0.1183 0.1309 0.9843
vn -0.1109 0.1392 0.9840
vn -0.0540 -0.0123 0.9985
vn -0.0705 0.1484 0.9864
vn -0.0036 -0.0209 0.9998
vn -0.0079 0.1487 0.9889
vn 0.2010 -0.4493 0.8705
vn 0.0181 -0.4851 0.8742
vn 0.0715 -0.3954 0.9157
vn 0.1885 -0.4167 0.8893
vn 0.4996 -0.4340 0.7497
vn 0.4031 -0.4149 0.8157
vn 0.7918 -0.4491 0.4140
vn 0.7079 -0.3715 0.6007
vn 0.9169 -0.3946 0.0591
vn 0.9394 -0.3028 0.1605
vn -0.0000 -0.0000 -1.0000
vn -0.1509 -0.2126 0.9654
vn -0.1558 -0.1551 0.9755
vn -0.0955 -0.2745 0.9568
vn -0.0787 -0.3015 0.9502
vn -0.1319 -0.3030 0.9438
vn -0.0436 -0.3344 0.9414
vn -0.0805 -0.4192 0.9043
vn 0.0103 -0.3692 0.9293
vn 0.2594 -0.2939 0.9200
vn 0.6266 -0.3038 0.7177
vn 0.0134 -0.4218 0.9066
vn 0.9676 -0.2526 -0.0000
vn 0.8742 -0.4439 0.1967
vn 0.8550 -0.3658 0.3677
vn -0.1795 -0.0293 0.9833
vn -0.1701 -0.1850 0.9679
vn -0.1682 0.0725 0.9831
vn -0.1188 -0.3691 0.9218
vn -0.0000 1.0000 -0.0000
vn 0.1081 0.9043 -0.4129
vn 0.1239 0.9300 -0.3462
vn 0.1515 0.9789 -0.1371
vn 0.0976 0.9161 -0.3890
vn 0.0027 0.9123 -0.4095
vn -0.2849 0.9034 -0.3204
vn -0.1475 0.8945 -0.4221
vn 0.1843 0.9820 -0.0422
vn 0.2212 0.9752 -0.0000
vn 0.5957 0.5752 -0.5606
vn 0.7834 0.5903 -0.1946
vn 0.3913 0.5057 -0.7689
vn 0.3318 0.4800 -0.8121
vn 0.2167 0.4834 -0.8482
vn -0.0789 0.4856 -0.8706
vn -0.3862 0.4950 -0.7783
vn -0.6093 0.5346 -0.5856
vn -0.7864 0.5695 -0.2392
vn -0.4075 0.8923 -0.1942
vn -0.4432 0.8953 -0.0444
vn -0.3999 0.9043 0.1494
vn -0.7880 0.5673 0.2392
vn 0.9664 -0.1859 0.1776
vn 0.9790 -0.1892 0.0759
vn 0.9851 -0.1537 0.0771
vn 0.9725 -0.1517 0.1769
vn 0.9879 -0.1551 -0.0000
vn 0.9814 -0.1919 -0.0000
vn 0.0003 -0.0222 0.9998
vn -0.0000 0.0069 1.0000
vn -0.0000 0.0070 1.0000
vn 0.0002 -0.0225 0.9997
vn -0.0004 -0.0223 0.9998
vn 0.9992 -0.0405 -0.0000
vn 0.9961 -0.0406 0.0780
vn 0.9962 -0.0381 0.0783
vn 0.9993 -0.0383 -0.0000
vn -0.0000 -0.0000 1.0000
vn 0.9932 -0.0869 0.0779
vn 0.9962 -0.0875 -0.0000
vn 0.8823 -0.1374 0.4503
vn 0.8716 -0.1677 0.4606
vn 0.5885 -0.0922 0.8032
vn 0.6360 -0.0966 0.7656
vn -0.0000 0.9947 0.1024
vn -0.0004 0.9948 0.1022
vn -0.0000 0.8005 0.5993
vn -0.0005 0.8005 0.5994
vn -0.0048 0.7968 0.6043
vn -0.0031 0.9947 0.1027
vn 0.8903 -0.0387 0.4538
vn 0.5530 -0.0322 0.8325
vn 0.5589 -0.0154 0.8291
vn 0.8897 -0.0333 0.4553
vn 0.9831 -0.0376 0.1790
vn 0.9832 -0.0403 0.1780
vn 0.8881 -0.0775 0.4530
vn 0.9802 -0.0856 0.1783
vn 0.5784 -0.0475 0.8143
vn -0.0005 1.0000 0.0006
vn -0.0029 1.0000 -0.0000
vn -0.0000 1.0000 0.0009
vn 0.0003 0.9998 0.0219
vn -0.0159 0.9997 0.0177
vn -0.0281 0.9996 -0.0000
vn 0.1466 -0.0246 0.9889
vn 0.1537 0.0035 0.9881
vn 0.1724 -0.0094 0.9850
vn 0.1944 -0.0273 0.9805
vn 0.2682 -0.0241 0.9631
vn -0.0007 0.2111 0.9775
vn 0.0001 0.2142 0.9768
vn -0.0000 0.2146 0.9767
vn 0.8820 0.2034 0.4251
vn 0.5451 0.1518 0.8245
vn 0.1262 0.1817 0.9752
vn 0.9471 0.2762 0.1633
vn 0.9487 0.3161 -0.0000
vn 0.9460 0.3165 0.0701
vn 0.0532 0.9986 -0.0000
vn 0.0149 0.9997 0.0204
vn 0.0635 0.9980 0.0027
vn 0.0696 0.9976 -0.0000
vn 0.4760 0.8790 0.0289
vn 0.4841 0.8750 -0.0000
vn 0.1051 0.7439 0.6600
vn 0.0908 0.9879 0.1259
vn 0.3923 0.7023 0.5940
vn 0.5678 0.7621 0.3112
vn 0.5164 0.8526 0.0798
vn 0.0762 0.9971 0.0084
vn 0.1021 0.9948 -0.0000
vn 0.0121 0.9984 0.0557
vn -0.0496 0.9980 0.0385
vn -0.0694 0.9976 -0.0000
vn 0.0020 0.9985 0.0543
vn 0.0021 0.9976 0.0692
vn -0.0089 0.9979 0.0642
vn -0.0120 0.8977 0.4404
vn 0.0181 0.8969 0.4419
vn 0.0096 0.9975 0.0703
vn 0.0558 0.8972 0.4381
vn 0.0160 0.9975 0.0692
vn 0.0980 0.8975 0.4299
vn 0.0218 0.9975 0.0675
vn 0.1423 0.8971 0.4184
vn 0.0295 0.9974 0.0650
vn 0.1939 0.8952 0.4013
vn 0.0392 0.9974 0.0603
vn 0.2513 0.8942 0.3705
vn 0.0485 0.9974 0.0536
vn 0.3074 0.8940 0.3260
vn 0.0584 0.9973 0.0443
vn 0.3626 0.8926 0.2680
vn 0.0670 0.9973 0.0311
vn 0.4080 0.8922 0.1936
vn 0.0712 0.9973 0.0179
vn 0.4390 0.8920 0.1079
vn 0.4618 0.8870 -0.0000
vn 0.0737 0.9973 -0.0000
vn -0.0125 0.9984 0.0547
vn -0.0313 0.8993 0.4362
vn -0.0231 0.9989 0.0410
vn -0.0481 0.9032 0.4265
vn -0.0189 0.9993 0.0313
vn -0.0554 0.9044 0.4230
vn -0.0238 0.9995 0.0197
vn -0.0645 0.9050 0.4205
vn -0.0240 0.9996 0.0136
vn -0.0748 0.9023 0.4245
vn -0.0074 0.9999 0.0101
vn -0.0018 0.9998 0.0174
vn -0.0681 0.9319 0.3564
vn 0.0337 0.3586 0.9329
vn -0.0259 0.3565 0.9339
vn -0.0267 -0.0000 0.9996
vn 0.0370 -0.0000 0.9993
vn 0.1140 0.3606 0.9257
vn 0.1228 -0.0000 0.9924
vn 0.4089 0.3602 0.8385
vn 0.3012 0.3619 0.8822
vn 0.3229 -0.0000 0.9464
vn 0.4377 -0.0000 0.8991
vn 0.5272 0.3594 0.7700
vn 0.5642 -0.0000 0.8257
vn 0.6421 0.3594 0.6771
vn 0.6878 -0.0000 0.7259
vn 0.7511 0.3583 0.5545
vn 0.8045 -0.0000 0.5939
vn 0.8440 0.3579 0.3994
vn 0.9038 -0.0000 0.4280
vn 0.9075 0.3577 0.2202
vn 0.9716 -0.0000 0.2365
vn -0.2083 -0.4558 -0.8654
vn -0.1176 -0.4566 -0.8819
vn -0.1364 0.0347 -0.9900
vn -0.2290 0.0385 -0.9727
vn -0.3211 -0.4434 -0.8368
vn -0.3160 0.0529 -0.9473
vn -0.4479 -0.3888 -0.8051
vn -0.4231 0.0918 -0.9014
vn -0.5954 -0.2799 -0.7531
vn -0.5576 0.1600 -0.8146
vn -0.7339 -0.1149 -0.6695
vn -0.6698 0.2540 -0.6977
vn -0.8251 0.0987 -0.5563
vn -0.7574 0.3287 -0.5642
vn -0.8653 0.4536 -0.2135
vn -0.8865 0.4626 -0.0000
vn -0.9172 0.3984 -0.0000
vn -0.9074 0.3664 -0.2058
vn -0.0693 0.3571 0.9315
vn -0.1006 0.3584 0.9281
vn -0.1072 -0.0000 0.9942
vn -0.0732 -0.0000 0.9973
vn 0.6245 -0.6573 -0.4218
vn 0.7535 -0.6245 -0.2055
vn 0.9559 -0.1434 -0.2562
vn 0.8787 -0.1508 -0.4529
vn 0.5404 -0.6339 -0.5533
vn 0.7548 -0.1295 -0.6430
vn -0.1913 -0.0000 0.9815
vn -0.1745 -0.0000 0.9847
vn -0.1654 0.3476 0.9230
vn -0.1765 0.3860 0.9055
vn 0.0023 -0.9990 0.0449
vn 0.0045 -0.9921 0.1255
vn -0.0060 -0.9927 0.1205
vn -0.0012 -0.9990 0.0439
vn -0.0021 -0.9991 -0.0414
vn 0.0023 -0.9992 -0.0399
vn -0.0055 -0.9992 -0.0407
vn 0.0058 -0.9990 0.0441
vn 0.0149 -0.9922 0.1234
vn 0.0099 -0.9990 0.0435
vn 0.0272 -0.9921 0.1223
vn -0.0089 -0.9992 -0.0401
vn -0.0128 -0.9991 -0.0398
vn 0.0144 -0.9990 0.0432
vn 0.0407 -0.9918 0.1214
vn 0.0206 -0.9989 0.0433
vn 0.0576 -0.9912 0.1189
vn -0.0180 -0.9991 -0.0392
vn -0.0243 -0.9990 -0.0367
vn 0.0277 -0.9988 0.0413
vn 0.0762 -0.9909 0.1110
vn 0.0341 -0.9988 0.0364
vn 0.0927 -0.9909 0.0976
vn -0.0301 -0.9990 -0.0322
vn -0.0356 -0.9990 -0.0263
vn 0.0409 -0.9987 0.0302
vn 0.1084 -0.9909 0.0798
vn 0.0459 -0.9987 0.0218
vn 0.1207 -0.9911 0.0566
vn -0.0398 -0.9990 -0.0186
vn -0.0417 -0.9991 -0.0104
vn 0.0481 -0.9988 0.0120
vn 0.1267 -0.9915 0.0305
vn -0.0036 -0.9992 0.0405
vn -0.0126 -0.9945 0.1044
vn -0.0053 -0.9994 0.0333
vn -0.0148 -0.9967 0.0799
vn 0.0094 -0.9996 -0.0267
vn 0.0063 -0.9994 -0.0350
vn -0.0053 -0.9997 0.0241
vn -0.0122 -0.9983 0.0569
vn -0.0048 -0.9998 0.0176
vn -0.0094 -0.9991 0.0423
vn 0.0085 -0.9999 -0.0129
vn 0.0097 -0.9998 -0.0184
vn -0.0024 -0.9999 0.0140
vn -0.0071 -0.9993 0.0369
vn -0.0067 -0.9994 0.0342
vn -0.0022 -0.9999 0.0143
vn 0.0031 -1.0000 -0.0043
vn 0.0086 -0.9999 -0.0084
vn 0.0013 -1.0000 -0.0000
vn 0.2057 0.3619 0.9092
vn 0.2208 -0.0000 0.9753
vn -0.0280 -0.4733 -0.8805
vn 0.0692 -0.4960 -0.8656
vn 0.1236 -0.0063 -0.9923
vn -0.0206 0.0243 -0.9995
vn -0.8350 0.4169 -0.3592
vn -0.8921 0.3081 -0.3306
vn 0.2142 -0.5485 -0.8082
vn 0.3323 -0.5881 -0.7374
vn 0.4702 -0.0797 -0.8790
vn 0.3058 -0.0439 -0.9511
vn -0.1228 0.3576 0.9258
vn -0.1313 -0.0000 0.9913
vn -0.1399 0.3538 0.9248
vn -0.1496 -0.0000 0.9887
vn 0.6296 -0.1130 -0.7687
vn 0.4637 -0.6016 -0.6505
vn 0.7959 -0.6055 0.0031
vn 0.8145 -0.5801 0.0036
vn 0.9979 -0.0644 0.0042
vn -0.0016 1.0000 -0.0002
vn 0.0529 -0.9986 -0.0000
vn 0.1320 -0.9912 -0.0000
vn 0.0018 -1.0000 -0.0003
vn 0.0021 -1.0000 -0.0000
vn 0.0023 -1.0000 -0.0022
vn 1.0000 -0.0000 -0.0000
vn 0.9360 0.3521 -0.0000
vn -0.1133 0.5159 -0.8492
vn -0.0074 0.5054 -0.8629
vn 0.1293 0.4909 -0.8616
vn -0.2641 0.5174 -0.8140
vn -0.1928 0.5196 -0.8324
vn -0.4693 0.5114 -0.7199
vn -0.3541 0.5136 -0.7816
vn -0.6780 0.5197 -0.5199
vn -0.5759 0.5139 -0.6358
vn -0.8287 0.5197 -0.2077
vn -0.7730 0.5226 -0.3597
vn -0.8577 0.5141 -0.0000
vn 0.2764 0.4729 -0.8367
vn 0.4314 0.4526 -0.7804
vn 0.5716 0.4323 -0.6974
vn 0.6873 0.4094 -0.6000
vn 0.8125 0.3773 -0.4444
vn 0.8902 0.4134 -0.1917
vn 0.8777 0.4791 0.0035
vn 0.8428 -0.4935 -0.2145
vn 0.6780 -0.3470 -0.6480
vn 0.1927 -0.7280 -0.6579
vn 0.2417 -0.9423 -0.2316
vn 0.4478 -0.1657 -0.8787
vn 0.3755 -0.1041 -0.9209
vn 0.1139 -0.3741 -0.9204
vn 0.1318 -0.4616 -0.8772
vn 0.2477 0.0210 -0.9686
vn -0.0844 0.2840 -0.9551
vn -0.0286 0.1012 -0.9945
vn 0.0805 -0.2406 -0.9673
vn -0.3942 0.4790 -0.7844
vn -0.5855 0.5901 -0.5559
vn -0.2659 0.6979 -0.6650
vn -0.1600 0.4511 -0.8780
vn -0.7207 0.6580 -0.2184
vn -0.7207 0.6580 0.2184
vn -0.3604 0.8929 0.2700
vn -0.3598 0.8931 -0.2700
vn 0.2572 -0.9664 -0.0000
vn 0.4971 -0.8677 -0.0000
vn 0.8735 -0.4868 -0.0000
vn -0.0000 -0.7943 -0.6075
vn -0.0000 -0.9786 -0.2059
vn -0.0000 -0.4242 -0.9056
vn -0.0000 -0.5302 -0.8479
vn -0.0000 0.0633 -0.9980
vn -0.0000 -0.3035 -0.9528
vn -0.0000 0.7640 -0.6453
vn -0.0000 0.4827 -0.8758
vn -0.0000 0.9371 0.3491
vn -0.0188 0.9998 -0.0110
vn -0.0156 0.9407 -0.3388
vn -0.0000 -1.0000 -0.0000
vn 0.4390 0.8920 -0.1079
vn 0.9075 0.3577 -0.2202
vn 0.4315 0.9021 -0.0000
vn 0.8369 0.5473 -0.0000
vn 0.9994 0.0336 -0.0000
vn 0.0565 0.1410 -0.9884
vn 0.0510 -0.0337 -0.9981
vn 0.1666 -0.0482 -0.9848
vn 0.1827 0.1325 -0.9742
vn 0.3960 -0.0581 -0.9164
vn 0.4674 0.1187 -0.8760
vn 0.7443 -0.0646 -0.6647
vn 0.8249 0.1048 -0.5554
vn -0.1183 0.1309 -0.9843
vn -0.0962 -0.0053 -0.9953
vn -0.0885 -0.0102 -0.9960
vn -0.1109 0.1392 -0.9840
vn -0.0540 -0.0123 -0.9985
vn -0.0705 0.1484 -0.9864
vn -0.0036 -0.0209 -0.9998
vn -0.0079 0.1487 -0.9889
vn 0.0715 -0.3954 -0.9157
vn 0.0181 -0.4851 -0.8742
vn 0.2010 -0.4493 -0.8705
vn 0.1885 -0.4167 -0.8893
vn 0.4996 -0.4340 -0.7497
vn 0.4031 -0.4149 -0.8157
vn 0.7925 -0.4395 -0.4229
vn 0.6896 -0.3893 -0.6107
vn -0.0955 -0.2745 -0.9568
vn -0.1558 -0.1551 -0.9755
vn -0.1509 -0.2126 -0.9654
vn -0.0787 -0.3015 -0.9502
vn -0.1319 -0.3030 -0.9438
vn -0.0436 -0.3344 -0.9414
vn -0.0805 -0.4192 -0.9043
vn 0.0103 -0.3692 -0.9293
vn 0.2594 -0.2939 -0.9200
vn 0.6266 -0.3038 -0.7177
vn 0.0134 -0.4218 -0.9066
vn 0.8550 -0.3658 -0.3677
vn 0.8742 -0.4439 -0.1967
vn -0.1795 -0.0293 -0.9833
vn -0.1701 -0.1850 -0.9679
vn -0.1682 0.0725 -0.9831
vn -0.1188 -0.3691 -0.9218
vn 0.1081 0.9043 0.4129
vn 0.1239 0.9300 0.3462
vn 0.1515 0.9789 0.1371
vn 0.0976 0.9161 0.3890
vn 0.0027 0.9123 0.4095
vn -0.2849 0.9034 0.3204
vn -0.1475 0.8945 0.4221
vn 0.1843 0.9820 0.0422
vn 0.7834 0.5903 0.1946
vn 0.5957 0.5752 0.5606
vn 0.3913 0.5057 0.7689
vn 0.3318 0.4800 0.8121
vn 0.2167 0.4834 0.8482
vn -0.0789 0.4856 0.8706
vn -0.3862 0.4950 0.7783
vn -0.6093 0.5346 0.5856
vn 0.9851 -0.1537 -0.0771
vn 0.9790 -0.1892 -0.0759
vn 0.9664 -0.1859 -0.1776
vn 0.9725 -0.1517 -0.1769
vn -0.0000 0.0070 -1.0000
vn -0.0000 0.0069 -1.0000
vn 0.0003 -0.0222 -0.9998
vn 0.0002 -0.0225 -0.9997
vn -0.0004 -0.0223 -0.9998
vn 0.9962 -0.0381 -0.0783
vn 0.9961 -0.0406 -0.0780
vn 0.9932 -0.0869 -0.0779
vn 0.8716 -0.1677 -0.4606
vn 0.8823 -0.1374 -0.4503
vn 0.6360 -0.0966 -0.7656
vn 0.5885 -0.0922 -0.8032
vn -0.0004 0.9948 -0.1022
vn -0.0000 0.9947 -0.1024
vn -0.0005 0.8005 -0.5994
vn -0.0000 0.8005 -0.5993
vn -0.0031 0.9947 -0.1027
vn -0.0048 0.7968 -0.6043
vn 0.5589 -0.0154 -0.8291
vn 0.5530 -0.0322 -0.8325
vn 0.8903 -0.0387 -0.4538
vn 0.8897 -0.0333 -0.4553
vn 0.9832 -0.0403 -0.1780
vn 0.9831 -0.0376 -0.1790
vn 0.8881 -0.0775 -0.4530
vn 0.9802 -0.0856 -0.1783
vn 0.5784 -0.0475 -0.8143
vn -0.0005 1.0000 -0.0006
vn -0.0000 1.0000 -0.0009
vn -0.0159 0.9997 -0.0177
vn 0.0003 0.9998 -0.0219
vn 0.1466 -0.0246 -0.9889
vn 0.1537 0.0035 -0.9881
vn 0.1724 -0.0094 -0.9850
vn 0.1944 -0.0273 -0.9805
vn 0.2682 -0.0241 -0.9631
vn 0.0001 0.2142 -0.9768
vn -0.0007 0.2111 -0.9775
vn -0.0000 0.2146 -0.9767
vn 0.8820 0.2034 -0.4251
vn 0.5451 0.1518 -0.8245
vn 0.1262 0.1817 -0.9752
vn 0.9471 0.2762 -0.1633
vn 0.9460 0.3165 -0.0701
vn 0.0635 0.9980 -0.0027
vn 0.0149 0.9997 -0.0204
vn 0.4760 0.8790 -0.0289
vn 0.0908 0.9879 -0.1259
vn 0.1051 0.7439 -0.6600
vn 0.3923 0.7023 -0.5940
vn 0.5678 0.7621 -0.3112
vn 0.0762 0.9971 -0.0084
vn 0.5164 0.8526 -0.0798
vn 0.0121 0.9984 -0.0557
vn -0.0496 0.9980 -0.0385
vn 0.0020 0.9985 -0.0543
vn -0.0120 0.8977 -0.4404
vn -0.0089 0.9979 -0.0642
vn 0.0021 0.9976 -0.0692
vn 0.0181 0.8969 -0.4419
vn 0.0096 0.9975 -0.0703
vn 0.0558 0.8972 -0.4381
vn 0.0160 0.9975 -0.0692
vn 0.0980 0.8975 -0.4299
vn 0.0218 0.9975 -0.0675
vn 0.1423 0.8971 -0.4184
vn 0.0295 0.9974 -0.0650
vn 0.1939 0.8952 -0.4013
vn 0.0392 0.9974 -0.0603
vn 0.2513 0.8942 -0.3705
vn 0.0485 0.9974 -0.0536
vn 0.3074 0.8940 -0.3260
vn 0.0584 0.9973 -0.0443
vn 0.3626 0.8926 -0.2680
vn 0.0670 0.9973 -0.0311
vn 0.4080 0.8922 -0.1936
vn 0.0712 0.9973 -0.0179
vn -0.0125 0.9984 -0.0547
vn -0.0313 0.8993 -0.4362
vn -0.0481 0.9032 -0.4265
vn -0.0231 0.9989 -0.0410
vn -0.0189 0.9993 -0.0313
vn -0.0554 0.9044 -0.4230
vn -0.0645 0.9050 -0.4205
vn -0.0238 0.9995 -0.0197
vn -0.0240 0.9996 -0.0136
vn -0.0744 0.9021 -0.4251
vn -0.0695 0.9314 -0.3572
vn -0.0028 0.9999 -0.0169
vn -0.0071 0.9999 -0.0100
vn -0.0267 -0.0000 -0.9996
vn -0.0259 0.3565 -0.9339
vn 0.0337 0.3586 -0.9329
vn 0.0370 -0.0000 -0.9993
vn 0.1140 0.3606 -0.9257
vn 0.1228 -0.0000 -0.9924
vn 0.3229 -0.0000 -0.9464
vn 0.3012 0.3619 -0.8822
vn 0.4089 0.3602 -0.8385
vn 0.4377 -0.0000 -0.8991
vn 0.5272 0.3594 -0.7700
vn 0.5642 -0.0000 -0.8257
vn 0.6421 0.3594 -0.6771
vn 0.6878 -0.0000 -0.7259
vn 0.7511 0.3583 -0.5545
vn 0.8045 -0.0000 -0.5939
vn 0.8440 0.3579 -0.3994
vn 0.9038 -0.0000 -0.4280
vn 0.9716 -0.0000 -0.2365
vn -0.1364 0.0347 0.9900
vn -0.1176 -0.4566 0.8819
vn -0.2083 -0.4558 0.8654
vn -0.2290 0.0385 0.9727
vn -0.3211 -0.4434 0.8368
vn -0.3160 0.0529 0.9473
vn -0.4479 -0.3888 0.8051
vn -0.4231 0.0918 0.9014
vn -0.5954 -0.2799 0.7531
vn -0.5576 0.1600 0.8146
vn -0.7339 -0.1149 0.6695
vn -0.6698 0.2540 0.6977
vn -0.8251 0.0987 0.5563
vn -0.7574 0.3287 0.5642
vn -0.1072 -0.0000 -0.9942
vn -0.1006 0.3584 -0.9281
vn -0.0693 0.3571 -0.9315
vn -0.0732 -0.0000 -0.9973
vn 0.6245 -0.6572 0.4220
vn 0.8787 -0.1508 0.4529
vn 0.9550 -0.1435 0.2594
vn 0.7532 -0.6238 0.2085
vn 0.5404 -0.6339 0.5533
vn 0.7548 -0.1295 0.6430
vn -0.1654 0.3476 -0.9230
vn -0.1745 -0.0000 -0.9847
vn -0.1913 -0.0000 -0.9815
vn -0.1765 0.3860 -0.9055
vn -0.0060 -0.9927 -0.1205
vn 0.0045 -0.9921 -0.1255
vn 0.0023 -0.9990 -0.0449
vn -0.0012 -0.9990 -0.0439
vn -0.0021 -0.9991 0.0414
vn 0.0023 -0.9992 0.0399
vn -0.0055 -0.9992 0.0407
vn 0.0058 -0.9990 -0.0441
vn 0.0149 -0.9922 -0.1234
vn 0.0272 -0.9921 -0.1223
vn 0.0099 -0.9990 -0.0435
vn -0.0089 -0.9992 0.0401
vn -0.0128 -0.9991 0.0398
vn 0.0144 -0.9990 -0.0432
vn 0.0407 -0.9918 -0.1214
vn 0.0576 -0.9912 -0.1189
vn 0.0206 -0.9989 -0.0433
vn -0.0180 -0.9991 0.0392
vn -0.0243 -0.9990 0.0367
vn 0.0277 -0.9988 -0.0413
vn 0.0762 -0.9909 -0.1110
vn 0.0927 -0.9909 -0.0976
vn 0.0342 -0.9988 -0.0364
vn -0.0301 -0.9990 0.0322
vn -0.0356 -0.9990 0.0263
vn 0.0409 -0.9987 -0.0302
vn 0.1084 -0.9909 -0.0798
vn 0.1207 -0.9911 -0.0566
vn 0.0459 -0.9987 -0.0218
vn -0.0398 -0.9990 0.0186
vn -0.0417 -0.9991 0.0104
vn 0.0481 -0.9988 -0.0120
vn 0.1267 -0.9915 -0.0305
vn -0.0036 -0.9992 -0.0405
vn -0.0126 -0.9945 -0.1044
vn -0.0053 -0.9994 -0.0333
vn -0.0148 -0.9967 -0.0799
vn 0.0094 -0.9996 0.0267
vn 0.0063 -0.9994 0.0350
vn -0.0053 -0.9997 -0.0241
vn -0.0122 -0.9983 -0.0569
vn -0.0048 -0.9998 -0.0176
vn -0.0094 -0.9991 -0.0423
vn 0.0085 -0.9999 0.0129
vn 0.0097 -0.9998 0.0184
vn -0.0024 -0.9999 -0.0140
vn -0.0071 -0.9993 -0.0369
vn -0.0022 -0.9999 -0.0143
vn -0.0067 -0.9994 -0.0342
vn 0.0031 -1.0000 0.0043
vn 0.0086 -0.9999 0.0084
vn 0.2057 0.3619 -0.9092
vn 0.2208 -0.0000 -0.9753
vn 0.1236 -0.0063 0.9923
vn 0.0692 -0.4960 0.8656
vn -0.0280 -0.4733 0.8805
vn -0.0206 0.0243 0.9995
vn -0.8350 0.4169 0.3592
vn -0.8921 0.3081 0.3306
vn -0.9074 0.3664 0.2058
vn -0.8653 0.4536 0.2135
vn 0.4702 -0.0797 0.8790
vn 0.3323 -0.5881 0.7374
vn 0.2142 -0.5485 0.8082
vn 0.3058 -0.0439 0.9511
vn -0.1228 0.3576 -0.9258
vn -0.1313 -0.0000 -0.9913
vn -0.1399 0.3538 -0.9248
vn -0.1496 -0.0000 -0.9887
vn 0.6296 -0.1130 0.7687
vn 0.4637 -0.6016 0.6505
vn -0.0436 -0.9990 -0.0000
vn 0.0018 -1.0000 0.0003
vn 0.0023 -1.0000 0.0022
vn -0.1133 0.5159 0.8492
vn -0.0074 0.5054 0.8629
vn 0.1293 0.4909 0.8616
vn -0.2641 0.5174 0.8140
vn -0.1928 0.5196 0.8324
vn -0.4693 0.5114 0.7199
vn -0.3541 0.5136 0.7816
vn -0.6780 0.5197 0.5199
vn -0.5759 0.5139 0.6358
vn -0.8287 0.5197 0.2077
vn -0.7730 0.5226 0.3597
vn 0.2764 0.4729 0.8367
vn 0.4314 0.4526 0.7804
vn 0.5716 0.4323 0.6974
vn 0.6873 0.4094 0.6000
vn 0.8125 0.3773 0.4444
vn 0.8901 0.4113 0.1964
vn 0.1927 -0.7280 0.6579
vn 0.6780 -0.3470 0.6480
vn 0.8428 -0.4935 0.2145
vn 0.2417 -0.9423 0.2316
vn 0.1139 -0.3741 0.9204
vn 0.3755 -0.1041 0.9209
vn 0.4478 -0.1657 0.8787
vn 0.1318 -0.4616 0.8772
vn -0.0286 0.1012 0.9945
vn -0.0844 0.2840 0.9551
vn 0.2477 0.0210 0.9686
vn 0.0805 -0.2406 0.9673
vn -0.2659 0.6979 0.6650
vn -0.5855 0.5901 0.5559
vn -0.3942 0.4790 0.7844
vn -0.1600 0.4511 0.8780
vn -0.0000 -0.7943 0.6075
vn -0.0000 -0.9786 0.2059
vn -0.0000 -0.4242 0.9056
vn -0.0000 -0.5302 0.8479
vn -0.0000 0.0633 0.9980
vn -0.0000 -0.3035 0.9528
vn -0.0000 0.7640 0.6453
vn -0.0000 0.4827 0.8758
vn 0.7980 -0.5116 -0.3186
vn 0.8666 -0.4594 -0.1948
vt -6.534961 -0.341043
vt -6.606446 -0.348371
vt -6.608435 -0.590717
vt -6.525790 -0.590717
vt -6.475343 -0.335131
vt -6.453627 -0.590717
vt -6.424790 -0.333200
vt -6.402426 -0.590717
vt 0.968426 -0.333225
vt 0.925921 -0.333200
vt 0.910537 -0.590717
vt 0.968426 -0.590717
vt -6.901276 -0.364769
vt -7.016668 -0.369242
vt -7.015471 -0.590717
vt -6.894598 -0.590717
vt -6.791400 -0.359991
vt -6.783282 -0.590717
vt -6.692533 -0.354608
vt -6.691080 -0.590717
vt -6.493575 -0.171940
vt -6.596735 -0.173775
vt -6.605855 -0.329445
vt -6.533121 -0.322330
vt -6.402272 -0.170461
vt -6.472238 -0.316541
vt -6.343427 -0.169969
vt -6.420960 -0.314092
vt 0.968426 -0.169434
vt 0.876635 -0.169969
vt 0.923670 -0.314092
vt 0.968426 -0.314340
vt 0.968426 -0.178865
vt -6.898859 -0.177873
vt -7.016513 -0.178985
vt -7.016713 -0.349389
vt -6.901435 -0.345132
vt -6.788106 -0.176683
vt -6.791568 -0.340592
vt -6.691155 -0.175336
vt -6.692520 -0.335471
vt -6.479969 -0.134905
vt -6.380874 -0.134905
vt -6.593657 -0.134905
vt 0.968426 -0.134905
vt 0.924463 -0.134905
vt 0.880499 -0.134905
vt 0.808998 -0.134905
vt 0.806412 -0.170461
vt -6.897902 -0.134905
vt -6.786833 -0.134905
vt -7.016428 -0.134905
vt -6.690681 -0.134905
vt -6.891659 0.811373
vt -6.976151 0.845191
vt -7.016428 0.822963
vt -6.897902 0.798954
vt -6.784645 0.787477
vt -6.786833 0.775968
vt -6.782457 0.798985
vt -6.885417 0.823792
vt -6.965506 0.855562
vt -6.688954 0.762223
vt -6.687228 0.769417
vt -6.690681 0.755029
vt -6.593657 0.747600
vt -6.592304 0.751422
vt -6.590951 0.755244
vt -6.482410 0.770885
vt -6.388207 0.816874
vt -6.395542 0.824750
vt -6.484852 0.776626
vt -6.479969 0.765144
vt -6.380874 0.808998
vt -6.992120 0.906021
vt -6.992120 0.968426
vt -6.998168 0.968426
vt -7.004274 0.968426
vt -7.004274 0.900208
vt -7.010325 0.968426
vt -7.016429 0.968426
vt -7.016429 0.894394
vt -6.587702 0.924524
vt -6.596905 0.943447
vt -6.571206 0.912344
vt 7.551405 -0.322278
vt 7.571206 -0.323240
vt 7.885417 -0.134905
vt 7.782457 -0.134905
vt 7.532358 -0.321374
vt 7.687228 -0.134905
vt 7.512321 -0.320556
vt 7.590951 -0.134905
vt 7.489470 -0.319793
vt 7.484852 -0.134905
vt 7.467758 -0.319649
vt 7.395542 -0.134905
vt 0.063325 -0.319610
vt 0.087875 -0.319649
vt 0.175250 -0.134905
vt 0.109196 -0.134905
vt 0.070385 -0.134905
vt -0.007237 -0.134905
vt -0.046048 -0.134905
vt -0.000177 -0.319610
vt -6.338630 0.885652
vt -6.327626 0.880499
vt -6.314873 0.924463
vt -6.313501 0.968426
vt -6.326637 0.927039
vt -6.325971 0.968426
vt -6.338290 0.929615
vt -6.349633 0.890804
vt 0.813467 -0.097705
vt 0.883185 -0.097705
vt 0.883185 0.002631
vt 0.813467 0.002631
vt 0.968426 0.002631
vt 0.968426 -0.097705
vt -7.050763 0.303610
vt -7.050763 0.201606
vt -7.005136 0.201606
vt -7.005136 0.303607
vt -6.966666 0.201606
vt -6.966259 0.303608
vt 0.968426 0.303633
vt 0.883370 0.303633
vt 0.883185 0.201606
vt 0.968426 0.201606
vt -7.050763 0.052799
vt -7.005138 0.052799
vt -7.050580 0.002631
vt -7.004955 0.002631
vt -6.968283 0.002631
vt -6.967687 0.052799
vt 0.883185 0.052799
vt 0.968426 0.052799
vt -7.049294 -0.097705
vt -7.003673 -0.097705
vt -6.969575 -0.097705
vt 0.774797 0.002631
vt 0.774797 -0.097705
vt 0.740734 0.002631
vt 0.740734 -0.097705
vt -7.050763 0.810738
vt -7.050763 0.763880
vt -7.005131 0.763880
vt -7.004323 0.813523
vt -7.050763 0.738332
vt -7.005135 0.738332
vt -6.964824 0.738179
vt -6.960679 0.763269
vt -6.959340 0.810131
vt 0.775459 0.303630
vt 0.741898 0.303621
vt 0.740734 0.201606
vt 0.774797 0.201606
vt 0.813467 0.201606
vt 0.813864 0.303632
vt 0.774797 0.052799
vt 0.813467 0.052799
vt 0.740734 0.052799
vt -7.001906 0.894324
vt -7.010901 0.968426
vt -7.050763 0.968426
vt -7.050763 0.883185
vt -6.958516 0.881368
vt -6.959243 0.930043
vt -6.981170 0.938821
vt -6.994625 0.968426
vt -6.908165 0.201606
vt -6.905247 0.303621
vt -6.940881 0.303611
vt -6.942509 0.201606
vt -6.946584 0.052799
vt -6.916313 0.052799
vt -6.949513 0.002631
vt -6.922353 0.002631
vt -6.958523 -0.097705
vt -6.941652 -0.097705
vt -6.966206 0.327840
vt -7.005136 0.327840
vt -7.050763 0.327840
vt 0.774797 0.327840
vt 0.740734 0.327840
vt -6.904491 0.327840
vt -6.940671 0.327840
vt 0.813467 0.327840
vt 0.968426 0.327840
vt 0.883185 0.327840
vt -6.924824 0.968426
vt -6.936830 0.938821
vt -6.913182 0.894324
vt -6.909087 0.968426
vt -6.872169 0.885970
vt -6.868074 0.968426
vt -6.935150 0.737721
vt -6.918587 0.761434
vt -6.908015 0.745909
vt -6.886684 0.771457
vt -6.878098 0.813328
vt -6.914052 0.812911
vt -6.937882 0.968426
vt -6.944713 0.953654
vt -6.974258 0.953654
vt -6.981644 0.968426
vt -6.959486 0.946267
vt -6.964824 0.343783
vt -7.005135 0.343783
vt -7.050763 0.343783
vt 0.771457 0.343783
vt 0.745909 0.343783
vt -6.908015 0.343783
vt -6.935150 0.343783
vt 0.813328 0.343783
vt 0.885970 0.343783
vt -6.566745 0.790945
vt -6.596832 0.792841
vt -6.611894 0.745631
vt -6.574574 0.745725
vt -6.537403 0.793371
vt -6.537403 0.748604
vt -6.508036 0.798798
vt -6.500250 0.755098
vt -6.479058 0.806899
vt -6.463815 0.765330
vt -6.450848 0.817341
vt -6.428824 0.779429
vt -6.422847 0.832411
vt -6.395328 0.798643
vt -6.394474 0.854333
vt -6.363391 0.824263
vt -6.369770 0.880340
vt -6.335571 0.855279
vt -6.352913 0.907785
vt -6.314335 0.890602
vt -6.343318 0.936574
vt -6.300808 0.928321
vt -6.295308 0.968426
vt -6.337817 0.968426
vt -6.628451 0.800297
vt -6.649484 0.747545
vt -6.659483 0.813665
vt -6.688249 0.751131
vt -6.687689 0.833321
vt -6.729174 0.756039
vt -6.711165 0.856294
vt -6.771645 0.762008
vt -6.727978 0.879607
vt -6.815070 0.768782
vt -6.741989 0.918122
vt -7.017930 0.918897
vt -7.015304 0.808129
vt -6.575200 -0.101827
vt -6.613009 -0.101827
vt -6.613009 -0.142195
vt -6.575200 -0.142195
vt -6.537403 -0.101827
vt -6.537403 -0.142195
vt -6.426981 -0.101827
vt -6.462552 -0.101827
vt -6.462552 -0.142195
vt -6.426981 -0.142195
vt -6.393011 -0.101827
vt -6.393011 -0.142195
vt -6.360754 -0.101827
vt -6.360754 -0.142195
vt 0.853111 -0.101827
vt 0.821713 -0.101827
vt 0.821713 -0.142195
vt 0.853111 -0.142195
vt 0.889109 -0.101827
vt 0.889109 -0.142195
vt 0.927622 -0.101827
vt 0.927622 -0.142195
vt 7.504599 -0.142195
vt 7.537442 -0.142195
vt 7.537407 -0.099612
vt 7.508545 -0.099614
vt 7.476455 -0.142195
vt 7.480051 -0.099595
vt 7.452717 -0.142195
vt 7.452289 -0.099579
vt 7.429626 -0.142195
vt 7.424663 -0.099568
vt 7.407137 -0.142195
vt 7.396567 -0.099579
vt 0.131032 -0.142195
vt 0.159496 -0.142195
vt 0.143654 -0.099579
vt 0.117919 -0.099610
vt 0.062847 -0.099610
vt 0.031574 -0.099610
vt 0.031574 -0.142195
vt 0.066924 -0.142195
vt -6.650844 -0.101827
vt -6.689785 -0.101827
vt -6.689785 -0.142195
vt -6.650844 -0.142195
vt 0.850204 -0.142195
vt 0.900838 -0.142195
vt 0.916584 -0.098884
vt 0.881030 -0.098805
vt 7.729720 0.827906
vt 7.751199 0.850204
vt 7.726870 0.881030
vt 7.710118 0.857975
vt -7.015200 -0.142195
vt -6.817342 -0.142195
vt -6.817342 -0.101827
vt -7.015200 -0.101827
vt 7.572821 0.756177
vt 7.575200 0.742110
vt 7.613009 0.742135
vt 7.608451 0.756343
vt 7.570995 0.766962
vt 7.604953 0.767247
vt 7.537438 0.770108
vt 7.537424 0.759189
vt 7.537403 0.744936
vt 7.502020 0.765368
vt 7.499606 0.751487
vt 7.503872 0.776003
vt 7.470798 0.784841
vt 7.467217 0.774879
vt 7.462552 0.761886
vt 7.433618 0.787888
vt 7.426981 0.776257
vt 7.438715 0.796813
vt 7.407601 0.813816
vt 7.401262 0.805989
vt 7.393011 0.795800
vt 7.370189 0.830779
vt 7.360754 0.821713
vt 7.377434 0.837743
vt 7.351286 0.866645
vt 7.343178 0.860767
vt 7.332613 0.853111
vt 7.323008 0.894463
vt 7.310985 0.889109
vt 7.332232 0.898571
vt 7.320600 0.932288
vt 7.310446 0.930264
vt 7.297207 0.927622
vt 7.644549 0.759699
vt 7.650844 0.744134
vt 7.680843 0.766902
vt 7.689785 0.747794
vt 7.674005 0.781527
vt 7.639721 0.771644
vt 7.717061 0.778611
vt 7.730912 0.752801
vt 7.752077 0.792793
vt 7.773630 0.758914
vt 7.735712 0.818511
vt 7.706509 0.798272
vt 7.784767 0.807417
vt 7.817342 0.765891
vt 8.015200 0.804455
vt 8.016787 0.856544
vt 7.794766 0.870486
vt 7.760088 0.838877
vt 8.017977 0.902852
vt -6.499606 -0.101827
vt -6.499606 -0.142195
vt 7.570275 -0.142195
vt 7.603578 -0.142195
vt 7.596004 -0.099470
vt 7.566264 -0.099567
vt 0.090997 -0.099626
vt 0.099815 -0.142195
vt 7.637827 -0.142195
vt 7.671372 -0.142195
vt 7.658518 -0.099174
vt 7.627522 -0.099321
vt -6.730912 -0.101827
vt -6.730912 -0.142195
vt -6.773630 -0.101827
vt -6.773630 -0.142195
vt 7.686689 0.835186
vt 7.702557 0.805636
vt 7.702557 -0.142195
vt 7.686689 -0.099068
vt 0.968426 -0.142195
vt 0.968426 -0.115180
vt 0.968426 -0.097916
vt -6.748792 0.968426
vt -6.889822 0.968426
vt -7.018373 0.968426
vt 7.304945 0.968426
vt 7.291707 0.968426
vt 8.018373 0.937598
vt 8.018373 0.968426
vt 7.931743 0.968426
vt 7.810047 0.968426
vt 7.810047 0.921394
vt 0.968426 -0.142195
vt 0.968426 -0.101827
vt 7.537403 -0.094741
vt 7.566745 -0.094741
vt 7.596832 -0.094741
vt 7.479058 -0.094741
vt 7.508036 -0.094741
vt 7.422847 -0.094741
vt 7.450848 -0.094741
vt 0.119660 -0.094741
vt 0.145667 -0.094741
vt 7.394474 -0.094741
vt 0.063426 -0.094741
vt 0.092215 -0.094741
vt 0.031574 -0.094741
vt 7.628451 -0.094741
vt 7.659483 -0.094741
vt 7.687689 -0.094741
vt 7.710118 -0.098959
vt 7.711165 -0.094741
vt 0.856294 -0.094741
vt 0.857975 -0.098959
vt 0.879607 -0.094741
vt 0.918122 -0.094741
vt 0.968426 -0.094741
vt 7.596587 0.944314
vt 7.587400 0.926164
vt 7.713541 0.926165
vt 7.717762 0.944314
vt 7.571160 -0.334021
vt 7.552136 -0.334377
vt 7.697303 -0.441556
vt 7.706069 -0.424957
vt 7.587400 -0.333643
vt 7.713541 -0.410811
vt 7.534569 -0.334645
vt 7.516833 -0.334869
vt 7.680997 -0.472430
vt 7.689195 -0.456909
vt 7.497312 -0.335075
vt 7.478629 -0.335241
vt 7.663308 -0.505924
vt 7.671963 -0.489536
vt -6.463399 0.938841
vt -6.463399 0.998012
vt -6.656246 0.998012
vt -6.656247 0.938841
vt -6.478629 0.916230
vt -6.663308 0.916230
vt 7.717762 0.968426
vt 7.649846 0.968426
vt 7.596587 0.968426
vt 7.959144 0.926165
vt 7.959151 0.944314
vt 7.959116 -0.441556
vt 7.959131 -0.424957
vt 7.959144 -0.410811
vt 7.959087 -0.472430
vt 7.959102 -0.456909
vt 7.959057 -0.505924
vt 7.959072 -0.489536
vt -6.959045 0.998012
vt -6.959040 0.968426
vt -6.959045 0.938841
vt -6.959057 0.916230
vt 7.959151 0.968426
vt 7.823856 0.968426
vt 0.924524 -0.323834
vt 0.926164 -0.333643
vt 0.944314 -0.333391
vt 0.943447 -0.323951
vt 7.587702 -0.323834
vt 0.061159 -0.335357
vt 0.001988 -0.335357
vt 0.083770 -0.335241
vt -6.574574 -0.097897
vt -6.537403 -0.097891
vt -6.611894 -0.097914
vt -6.426981 0.776257
vt -6.393011 0.795800
vt -6.463815 -0.097888
vt -6.428824 -0.097886
vt -6.360754 0.821713
vt -6.332613 0.853111
vt 0.890602 -0.097877
vt 0.928321 -0.097883
vt -6.310985 0.889109
vt -6.649484 -0.097942
vt -6.688249 -0.097977
vt -7.015304 -0.098022
vt -6.815070 -0.098063
vt 1.008531 -0.097883
vt 0.968426 -0.097883
vt 1.009230 -0.101827
vt -6.500250 -0.097889
vt -6.729174 -0.098012
vt -6.771645 -0.098041
vt -6.692006 0.968426
vt -6.596905 0.968426
vt 0.968426 0.343783
vt 0.968426 -0.329324
vt 0.968426 -0.323951
vt 0.968426 -0.333391
vt 7.608435 -0.590717
vt 7.606446 -0.348371
vt 7.534961 -0.341043
vt 7.525790 -0.590717
vt 7.475343 -0.335131
vt 7.453626 -0.590717
vt 7.424790 -0.333200
vt 7.402426 -0.590717
vt 8.015471 -0.590717
vt 8.016668 -0.369242
vt 7.901276 -0.364769
vt 7.894598 -0.590717
vt 7.791400 -0.359991
vt 7.783282 -0.590717
vt 7.692533 -0.354608
vt 7.691080 -0.590717
vt 7.605855 -0.329445
vt 7.596735 -0.173775
vt 7.493574 -0.171940
vt 7.533121 -0.322330
vt 7.402272 -0.170461
vt 7.472238 -0.316541
vt 7.343427 -0.169969
vt 7.420960 -0.314092
vt -6.322514 -0.169434
vt -6.328220 -0.178865
vt -6.399335 -0.314340
vt 8.016712 -0.349389
vt 8.016514 -0.178985
vt 7.898859 -0.177873
vt 7.901435 -0.345132
vt 7.788106 -0.176683
vt 7.791568 -0.340592
vt 7.691155 -0.175336
vt 7.692520 -0.335471
vt 7.479969 -0.134905
vt 7.380873 -0.134905
vt 7.593656 -0.134905
vt 1.060217 -0.169969
vt 1.056353 -0.134905
vt 1.012390 -0.134905
vt 1.127855 -0.134905
vt 1.130440 -0.170461
vt 7.897901 -0.134905
vt 7.786832 -0.134905
vt 8.016428 -0.134905
vt 7.690681 -0.134905
vt -7.016428 1.113889
vt -6.976151 1.091662
vt -6.891659 1.125480
vt -6.897901 1.137898
vt -6.784645 1.149376
vt -6.786832 1.160884
vt -6.782457 1.137868
vt -6.885417 1.113061
vt -6.965506 1.081291
vt -6.687228 1.167436
vt -6.688954 1.174630
vt -6.690681 1.181823
vt -6.593656 1.189252
vt -6.592304 1.185430
vt -6.590951 1.181608
vt -6.395542 1.112103
vt -6.388207 1.119979
vt -6.482410 1.165968
vt -6.484852 1.160226
vt -6.479969 1.171709
vt -6.380873 1.127855
vt -6.992120 1.030832
vt -7.004274 1.036645
vt -7.016429 1.042459
vt -6.596905 0.993405
vt -6.587702 1.012329
vt -6.571206 1.024508
vt -6.885417 -0.134905
vt -6.571206 -0.323240
vt -6.551405 -0.322278
vt -6.782457 -0.134905
vt -6.532358 -0.321374
vt -6.687228 -0.134905
vt -6.512321 -0.320556
vt -6.590951 -0.134905
vt -6.489470 -0.319793
vt -6.484852 -0.134905
vt -6.467758 -0.319649
vt -6.395542 -0.134905
vt -0.112103 -0.134905
vt -0.024728 -0.319649
vt -6.338630 1.051201
vt -6.327626 1.056353
vt -6.314873 1.012390
vt -6.326637 1.009813
vt -6.338290 1.007237
vt -6.349633 1.046048
vt 1.053668 0.002631
vt 1.053668 -0.097705
vt 1.123385 -0.097705
vt 1.123385 0.002631
vt 8.005136 0.201606
vt 8.050763 0.201606
vt 8.050763 0.303610
vt 8.005136 0.303607
vt 7.966666 0.201606
vt 7.966259 0.303608
vt 1.053668 0.201606
vt 1.053483 0.303633
vt 8.005138 0.052799
vt 8.050763 0.052799
vt 8.004955 0.002631
vt 8.050579 0.002631
vt 7.967687 0.052799
vt 7.968283 0.002631
vt 1.053668 0.052799
vt 8.003673 -0.097705
vt 8.049294 -0.097705
vt 7.969575 -0.097705
vt 1.162055 -0.097705
vt 1.162055 0.002631
vt 1.196119 -0.097705
vt 1.196119 0.002631
vt -7.005131 1.172973
vt -7.050763 1.172973
vt -7.050763 1.126115
vt -7.004323 1.123330
vt -7.005135 1.198521
vt -7.050763 1.198521
vt -6.960679 1.173584
vt -6.964824 1.198673
vt -6.959340 1.126722
vt 1.196119 0.201606
vt 1.194955 0.303621
vt 1.161394 0.303630
vt 1.162055 0.201606
vt 1.122989 0.303632
vt 1.123385 0.201606
vt 1.162055 0.052799
vt 1.123385 0.052799
vt 1.196119 0.052799
vt -7.001906 1.042529
vt -7.050763 1.053668
vt -6.958516 1.055485
vt -6.981170 0.998032
vt -6.959243 1.006810
vt 7.940881 0.303611
vt 7.905246 0.303621
vt 7.908165 0.201606
vt 7.942508 0.201606
vt 7.946584 0.052799
vt 7.916312 0.052799
vt 7.949513 0.002631
vt 7.922353 0.002631
vt 7.941652 -0.097705
vt 7.958523 -0.097705
vt 8.005136 0.327840
vt 7.966206 0.327840
vt 8.050763 0.327840
vt 1.162055 0.327840
vt 1.196119 0.327840
vt 7.940671 0.327840
vt 7.904491 0.327840
vt 1.123385 0.327840
vt 1.053668 0.327840
vt -6.913182 1.042529
vt -6.936830 0.998031
vt -6.872169 1.050883
vt -6.918586 1.175419
vt -6.935150 1.199132
vt -6.908015 1.190944
vt -6.886684 1.165396
vt -6.914052 1.123941
vt -6.878098 1.123524
vt -6.944713 0.983199
vt -6.974258 0.983199
vt -6.959486 0.990586
vt 8.005135 0.343783
vt 7.964824 0.343783
vt 8.050763 0.343783
vt 1.190944 0.343783
vt 1.165396 0.343783
vt 7.908015 0.343783
vt 7.935150 0.343783
vt 1.123524 0.343783
vt 1.050883 0.343783
vt -6.611894 1.191221
vt -6.596831 1.144012
vt -6.566744 1.145907
vt -6.574574 1.191127
vt -6.537403 1.143481
vt -6.537403 1.188248
vt -6.508035 1.138055
vt -6.500249 1.181754
vt -6.479058 1.129953
vt -6.463814 1.171522
vt -6.450848 1.119512
vt -6.428824 1.157423
vt -6.422847 1.104442
vt -6.395328 1.138209
vt -6.394474 1.082519
vt -6.363391 1.112589
vt -6.369770 1.056512
vt -6.335571 1.081573
vt -6.352913 1.029067
vt -6.314335 1.046251
vt -6.343318 1.000278
vt -6.300808 1.008531
vt -6.628451 1.136555
vt -6.649484 1.189308
vt -6.688249 1.185721
vt -6.659483 1.123188
vt -6.687689 1.103531
vt -6.729174 1.180814
vt -6.771645 1.174845
vt -6.711165 1.080558
vt -6.727978 1.057245
vt -6.815070 1.168071
vt -7.015304 1.128724
vt -7.017883 1.019909
vt -6.741278 1.020684
vt 7.613009 -0.142195
vt 7.613009 -0.101827
vt 7.575200 -0.101827
vt 7.575200 -0.142195
vt 7.537403 -0.101827
vt 7.537403 -0.142195
vt 7.462552 -0.142195
vt 7.462552 -0.101827
vt 7.426981 -0.101827
vt 7.426981 -0.142195
vt 7.393011 -0.101827
vt 7.393011 -0.142195
vt 7.360754 -0.101827
vt 7.360754 -0.142195
vt 1.115139 -0.142195
vt 1.115139 -0.101827
vt 1.083741 -0.101827
vt 1.083741 -0.142195
vt 1.047743 -0.101827
vt 1.047743 -0.142195
vt 1.009230 -0.142195
vt -6.537407 -0.099612
vt -6.537442 -0.142195
vt -6.504599 -0.142195
vt -6.508545 -0.099614
vt -6.476455 -0.142195
vt -6.480051 -0.099595
vt -6.452717 -0.142195
vt -6.452289 -0.099579
vt -6.429626 -0.142195
vt -6.424663 -0.099568
vt -6.407137 -0.142195
vt -6.396567 -0.099579
vt -0.080507 -0.099579
vt -0.096348 -0.142195
vt -0.067884 -0.142195
vt -0.054771 -0.099610
vt 7.689784 -0.142195
vt 7.689784 -0.101827
vt 7.650844 -0.101827
vt 7.650844 -0.142195
vt 1.086649 -0.142195
vt 1.055823 -0.098805
vt 1.022222 -0.098879
vt 1.037968 -0.142195
vt 7.726870 1.055823
vt 7.751199 1.086649
vt 7.729720 1.108947
vt 7.710117 1.078878
vt 7.817341 -0.101827
vt 7.817341 -0.142195
vt 8.015200 -0.142195
vt 8.015200 -0.101827
vt 7.613009 1.194718
vt 7.575200 1.194742
vt 7.572821 1.180676
vt 7.608450 1.180509
vt 7.570995 1.169890
vt 7.604953 1.169605
vt 7.537438 1.166745
vt 7.537423 1.177663
vt 7.537403 1.191917
vt 7.499606 1.185366
vt 7.502020 1.171485
vt 7.503872 1.160849
vt 7.470797 1.152011
vt 7.467216 1.161974
vt 7.462552 1.174966
vt 7.426981 1.160595
vt 7.433618 1.148965
vt 7.438715 1.140039
vt 7.407601 1.123037
vt 7.401262 1.130863
vt 7.393011 1.141052
vt 7.360754 1.115139
vt 7.370189 1.106073
vt 7.377434 1.099109
vt 7.351286 1.070207
vt 7.343178 1.076086
vt 7.332613 1.083741
vt 7.310985 1.047743
vt 7.323008 1.042389
vt 7.332232 1.038281
vt 7.320600 1.004564
vt 7.310446 1.006588
vt 7.297207 1.009230
vt 7.644549 1.177154
vt 7.650844 1.192719
vt 7.680843 1.169950
vt 7.689784 1.189059
vt 7.674005 1.155325
vt 7.639721 1.165209
vt 7.717061 1.158242
vt 7.730912 1.184052
vt 7.752077 1.144060
vt 7.773630 1.177939
vt 7.735711 1.118342
vt 7.706509 1.138581
vt 7.784767 1.129435
vt 7.817341 1.170961
vt 8.016787 1.080309
vt 8.015200 1.132398
vt 7.794765 1.066366
vt 8.017977 1.034001
vt 7.760088 1.097975
vt 7.499606 -0.101827
vt 7.499606 -0.142195
vt -6.596004 -0.099470
vt -6.603577 -0.142195
vt -6.570275 -0.142195
vt -6.566264 -0.099567
vt -0.027849 -0.099626
vt -0.036667 -0.142195
vt -0.003776 -0.142195
vt 0.000301 -0.099610
vt -6.658517 -0.099174
vt -6.671372 -0.142195
vt -6.637827 -0.142195
vt -6.627522 -0.099321
vt 7.730912 -0.101827
vt 7.730912 -0.142195
vt 7.773630 -0.101827
vt 7.773630 -0.142195
vt 7.686689 1.101667
vt 7.702557 1.131217
vt -6.686689 -0.099068
vt -6.702557 -0.142195
vt 7.315099 0.968426
vt 8.018373 0.999255
vt 7.810047 1.015459
vt -6.537403 -0.094741
vt -6.566744 -0.094741
vt -6.596831 -0.094741
vt -6.479058 -0.094741
vt -6.508035 -0.094741
vt -6.422847 -0.094741
vt -6.450848 -0.094741
vt -0.056512 -0.094741
vt -0.082519 -0.094741
vt -6.394474 -0.094741
vt -0.000278 -0.094741
vt -0.029067 -0.094741
vt -6.628451 -0.094741
vt -6.659483 -0.094741
vt -6.687689 -0.094741
vt -6.710117 -0.098959
vt -6.711165 -0.094741
vt 1.078878 -0.098959
vt 1.080558 -0.094741
vt 1.057245 -0.094741
vt 1.020684 -0.094741
vt 7.713541 1.010688
vt 7.587399 1.010688
vt 7.596587 0.992539
vt 7.717762 0.992539
vt -6.697303 -0.441556
vt -6.552136 -0.334377
vt -6.571160 -0.334021
vt -6.706069 -0.424957
vt -6.587399 -0.333643
vt -6.713541 -0.410811
vt -6.680997 -0.472430
vt -6.516833 -0.334869
vt -6.534569 -0.334645
vt -6.689195 -0.456909
vt -6.663308 -0.505924
vt -6.478629 -0.335241
vt -6.497312 -0.335075
vt -6.671963 -0.489536
vt -6.478629 1.020623
vt -6.663308 1.020623
vt 7.959144 1.010688
vt 7.959151 0.992539
vt -6.959116 -0.441556
vt -6.959131 -0.424957
vt -6.959144 -0.410811
vt -6.959087 -0.472430
vt -6.959102 -0.456909
vt -6.959057 -0.505924
vt -6.959072 -0.489536
vt -6.959057 1.020623
vt 0.992539 -0.333391
vt 1.010688 -0.333643
vt 1.012329 -0.323834
vt 0.993405 -0.323951
vt -6.587702 -0.323834
vt -0.020623 -0.335241
vt 7.574574 -0.097897
vt 7.537403 -0.097891
vt 7.611894 -0.097914
vt -6.393011 1.141052
vt -6.426981 1.160595
vt 7.463814 -0.097888
vt 7.428824 -0.097886
vt -6.332613 1.083741
vt -6.360754 1.115139
vt 1.046251 -0.097877
vt -6.310985 1.047743
vt 7.649484 -0.097942
vt 7.688249 -0.097977
vt 8.015304 -0.098022
vt 7.815070 -0.098063
vt 7.500249 -0.097889
vt 7.729174 -0.098012
vt 7.771645 -0.098041
vt 1.013182 -0.314092
vt 1.010932 -0.333200
vt -6.337949 0.968426
vt 1.026316 -0.590717
s 1
usemtl base_material
f 302/1/1 42/2/2 2/3/3
f 2/3/3 30/4/4 302/1/1
f 41/5/5 302/1/1 30/4/4
f 30/4/4 1/6/6 41/5/5
f 303/7/7 41/5/5 1/6/6
f 1/6/6 31/8/8 303/7/7
f 311/9/9 303/10/7 31/11/8
f 31/11/8 310/12/10 311/9/9
f 304/13/11 34/14/12 4/15/13
f 4/15/13 33/16/14 304/13/11
f 43/17/15 304/13/11 33/16/14
f 33/16/14 3/18/16 43/17/15
f 305/19/17 43/17/15 3/18/16
f 3/18/16 32/20/18 305/19/17
f 42/2/2 305/19/17 32/20/18
f 32/20/18 2/3/3 42/2/2
f 21/21/19 45/22/20 308/23/21
f 308/23/21 17/24/22 21/21/19
f 44/25/23 21/21/19 17/24/22
f 17/24/22 307/26/24 44/25/23
f 22/27/25 44/25/23 307/26/24
f 307/26/24 18/28/26 22/27/25
f 314/29/27 22/30/25 18/31/26
f 314/29/27 18/31/26 312/32/28
f 314/29/27 312/32/28 313/33/29
f 23/34/30 40/35/31 306/36/32
f 306/36/32 19/37/33 23/34/30
f 46/38/34 23/34/30 19/37/33
f 19/37/33 309/39/35 46/38/34
f 24/40/36 46/38/34 309/39/35
f 309/39/35 20/41/37 24/40/36
f 45/22/20 24/40/36 20/41/37
f 20/41/37 308/23/21 45/22/20
f 35/42/38 21/21/19 44/25/23
f 44/25/23 6/43/39 35/42/38
f 21/21/19 35/42/38 5/44/40
f 5/44/40 45/22/20 21/21/19
f 314/29/27 315/45/41 663/46/42
f 314/29/27 663/46/42 36/47/43
f 314/29/27 36/47/43 22/30/25
f 22/30/25 36/47/43 6/48/39
f 6/48/39 44/49/23 22/30/25
f 38/50/44 23/34/30 46/38/34
f 46/38/34 8/51/45 38/50/44
f 23/34/30 38/50/44 7/52/46
f 7/52/46 40/35/31 23/34/30
f 39/53/47 24/40/36 45/22/20
f 45/22/20 5/44/40 39/53/47
f 24/40/36 39/53/47 8/51/45
f 8/51/45 46/38/34 24/40/36
f 25/54/48 59/55/48 7/56/48
f 7/56/48 38/57/48 25/54/48
f 48/58/48 25/54/48 38/57/48
f 38/57/48 8/59/48 48/58/48
f 25/54/48 48/58/48 10/60/49
f 10/60/49 49/61/50 25/54/48
f 59/55/48 25/54/48 49/61/50
f 49/61/50 9/62/51 59/55/48
f 26/63/48 51/64/52 10/60/49
f 10/60/49 48/58/48 26/63/48
f 39/65/48 26/63/48 48/58/48
f 48/58/48 8/59/48 39/65/48
f 26/63/48 39/65/48 5/66/48
f 5/66/48 50/67/48 26/63/48
f 51/64/52 26/63/48 50/67/48
f 50/67/48 11/68/53 51/64/52
f 27/69/48 60/70/48 12/71/54
f 12/71/54 52/72/55 27/69/48
f 50/67/48 27/69/48 52/72/55
f 52/72/55 11/68/53 50/67/48
f 27/69/48 50/67/48 5/66/48
f 5/66/48 35/73/48 27/69/48
f 60/70/48 27/69/48 35/73/48
f 35/73/48 6/74/48 60/70/48
f 47/75/56 318/76/57 317/77/48
f 47/75/56 317/77/48 316/78/48
f 47/75/56 316/78/48 28/79/48
f 28/79/48 316/78/48 320/80/48
f 28/79/48 320/80/48 319/81/48
f 28/79/48 319/81/48 37/82/48
f 13/83/58 280/84/59 47/75/56
f 47/75/56 9/62/51 13/83/58
f 55/85/60 13/83/58 9/62/51
f 9/62/51 49/61/50 55/85/60
f 14/86/61 55/87/60 49/88/50
f 49/88/50 10/89/49 14/86/61
f 56/90/62 14/86/61 10/89/49
f 10/89/49 51/91/52 56/90/62
f 15/92/63 56/90/62 51/91/52
f 51/91/52 11/93/53 15/92/63
f 57/94/64 15/92/63 11/93/53
f 11/93/53 52/95/55 57/94/64
f 16/96/65 57/94/64 52/95/55
f 52/95/55 12/97/54 16/96/65
f 58/98/66 16/99/65 12/100/54
f 12/100/54 53/101/67 58/98/66
f 664/102/68 674/103/48 419/104/69
f 664/102/68 419/104/69 418/105/70
f 664/102/68 418/105/70 58/98/66
f 664/102/68 58/98/66 53/101/67
f 28/79/48 59/55/48 9/62/51
f 9/62/51 47/75/56 28/79/48
f 59/55/48 28/79/48 37/82/48
f 37/82/48 7/56/48 59/55/48
f 29/106/48 60/70/48 6/74/48
f 6/74/48 36/107/48 29/106/48
f 663/108/48 315/109/48 665/110/48
f 665/110/48 324/111/48 664/112/68
f 60/70/48 29/106/48 53/113/67
f 53/113/67 12/71/54 60/70/48
f 63/114/71 96/115/72 101/116/73
f 101/116/73 64/117/74 63/114/71
f 326/118/75 101/116/73 96/115/72
f 96/115/72 325/119/76 326/118/75
f 131/120/77 134/121/78 88/122/79
f 88/122/79 124/123/80 131/120/77
f 124/123/80 88/122/79 115/124/79
f 115/124/79 133/125/81 124/123/80
f 327/126/82 128/127/83 90/128/84
f 90/128/84 328/129/85 327/126/82
f 94/130/86 73/131/86 88/122/79
f 88/122/79 134/121/78 94/130/86
f 94/130/86 62/132/86 95/133/86
f 95/133/86 73/131/86 94/130/86
f 69/134/86 116/135/86 73/131/86
f 73/131/86 95/133/86 69/134/86
f 116/135/86 115/124/79 88/122/79
f 88/122/79 73/131/86 116/135/86
f 328/129/85 90/128/84 77/136/87
f 77/136/87 329/137/88 328/129/85
f 62/132/86 61/138/86 111/139/86
f 111/139/86 95/133/86 62/132/86
f 69/134/86 95/133/86 111/139/86
f 111/139/86 68/140/86 69/134/86
f 64/117/74 97/141/89 92/142/90
f 92/142/90 63/114/71 64/117/74
f 97/141/89 103/143/91 102/144/92
f 102/144/92 92/142/90 97/141/89
f 65/145/48 104/146/93 74/147/94
f 74/147/94 98/148/48 65/145/48
f 104/146/93 66/149/95 105/150/96
f 105/150/96 74/147/94 104/146/93
f 71/151/97 117/152/98 74/147/94
f 74/147/94 105/150/96 71/151/97
f 117/152/98 70/153/48 98/148/48
f 98/148/48 74/147/94 117/152/98
f 127/154/99 126/155/100 91/156/101
f 91/156/101 89/157/102 127/154/99
f 89/157/102 132/158/103 99/159/104
f 99/159/104 127/154/99 89/157/102
f 132/158/103 89/157/102 75/160/105
f 75/160/105 100/161/106 132/158/103
f 89/157/102 91/156/101 78/162/107
f 78/162/107 75/160/105 89/157/102
f 75/160/105 78/162/107 103/143/91
f 103/143/91 97/141/89 75/160/105
f 97/141/89 64/117/74 100/161/106
f 100/161/106 75/160/105 97/141/89
f 76/163/108 331/164/109 330/165/48
f 330/165/48 109/166/48 76/163/108
f 109/166/48 65/145/48 98/148/48
f 98/148/48 76/163/108 109/166/48
f 70/153/48 118/167/110 76/163/108
f 76/163/108 98/148/48 70/153/48
f 118/167/110 72/168/111 119/169/112
f 119/169/112 76/163/108 118/167/110
f 332/170/113 331/164/109 76/163/108
f 76/163/108 119/169/112 332/170/113
f 132/158/103 90/128/84 128/127/83
f 128/127/83 99/159/104 132/158/103
f 90/128/84 132/158/103 100/161/106
f 100/161/106 77/136/87 90/128/84
f 64/117/74 101/116/73 77/136/87
f 77/136/87 100/161/106 64/117/74
f 91/171/101 126/172/100 125/173/114
f 125/173/114 79/174/115 91/171/101
f 91/171/101 79/174/115 80/175/116
f 80/175/116 78/176/107 91/171/101
f 78/176/107 80/175/116 112/177/117
f 112/177/117 103/178/91 78/176/107
f 112/177/117 93/179/118 102/180/92
f 102/180/92 103/178/91 112/177/117
f 130/181/119 83/182/120 124/123/80
f 124/123/80 133/125/81 130/181/119
f 83/182/120 110/183/121 131/120/77
f 131/120/77 124/123/80 83/182/120
f 126/155/100 127/154/99 85/184/122
f 85/184/122 84/185/123 126/155/100
f 84/186/123 87/187/124 125/173/114
f 125/173/114 126/172/100 84/186/123
f 129/188/125 85/184/122 127/154/99
f 127/154/99 99/159/104 129/188/125
f 333/189/126 86/190/127 128/127/83
f 128/127/83 327/126/82 333/189/126
f 86/190/127 129/188/125 99/159/104
f 99/159/104 128/127/83 86/190/127
f 334/191/128 120/192/129 82/193/130
f 82/193/130 335/194/131 334/191/128
f 335/194/131 82/193/130 108/195/132
f 108/195/132 336/196/133 335/194/131
f 80/175/116 79/174/115 115/124/79
f 115/124/79 116/135/86 80/175/116
f 125/173/114 133/125/81 115/124/79
f 115/124/79 79/174/115 125/173/114
f 69/134/86 112/177/117 80/175/116
f 80/175/116 116/135/86 69/134/86
f 68/140/86 93/179/118 112/177/117
f 112/177/117 69/134/86 68/140/86
f 71/151/97 114/197/134 81/198/135
f 81/198/135 117/152/98 71/151/97
f 114/197/134 106/199/136 81/198/135
f 107/200/137 81/198/135 106/199/136
f 107/200/137 67/201/138 113/202/139
f 113/202/139 81/198/135 107/200/137
f 70/153/48 117/152/98 81/198/135
f 81/198/135 113/202/139 70/153/48
f 70/153/48 113/202/139 82/193/130
f 82/193/130 118/167/110 70/153/48
f 113/202/139 67/201/138 108/195/132
f 108/195/132 82/193/130 113/202/139
f 72/168/111 118/167/110 82/193/130
f 82/193/130 120/192/129 72/168/111
f 87/187/124 130/181/119 133/125/81
f 133/125/81 125/173/114 87/187/124
f 337/203/140 123/204/141 120/192/129
f 120/192/129 334/191/128 337/203/140
f 122/205/142 338/206/143 332/170/113
f 332/170/113 119/169/112 122/205/142
f 119/169/112 72/168/111 121/207/144
f 121/207/144 122/205/142 119/169/112
f 72/168/111 120/192/129 123/204/141
f 123/204/141 121/207/144 72/168/111
f 130/181/119 71/208/97 105/209/96
f 105/209/96 83/182/120 130/181/119
f 66/210/95 110/183/121 83/182/120
f 83/182/120 105/209/96 66/210/95
f 85/184/122 107/211/137 106/212/136
f 106/212/136 84/185/123 85/184/122
f 87/187/124 84/186/123 106/213/136
f 106/213/136 114/214/134 87/187/124
f 129/188/125 67/215/138 107/211/137
f 107/211/137 85/184/122 129/188/125
f 67/215/138 129/188/125 86/190/127
f 86/190/127 108/216/132 67/215/138
f 71/208/97 130/181/119 87/187/124
f 87/187/124 114/214/134 71/208/97
f 186/217/145 135/218/146 232/219/147
f 232/219/147 285/220/148 186/217/145
f 136/221/149 186/217/145 285/220/148
f 285/220/148 233/222/150 136/221/149
f 187/223/151 136/221/149 233/222/150
f 233/222/150 290/224/152 187/223/151
f 137/225/153 187/223/151 290/224/152
f 290/224/152 234/226/154 137/225/153
f 188/227/155 137/225/153 234/226/154
f 234/226/154 286/228/156 188/227/155
f 138/229/157 188/227/155 286/228/156
f 286/228/156 235/230/158 138/229/157
f 189/231/159 138/229/157 235/230/158
f 235/230/158 287/232/160 189/231/159
f 139/233/161 189/231/159 287/232/160
f 287/232/160 236/234/162 139/233/161
f 190/235/163 139/233/161 236/234/162
f 236/234/162 288/236/164 190/235/163
f 140/237/165 190/235/163 288/236/164
f 288/236/164 237/238/166 140/237/165
f 666/239/167 667/240/168 140/237/165
f 140/237/165 237/238/166 666/239/167
f 232/219/147 135/218/146 254/241/169
f 254/241/169 289/242/170 232/219/147
f 254/241/169 247/243/171 231/244/172
f 231/244/172 289/242/170 254/241/169
f 231/244/172 247/243/171 255/245/173
f 255/245/173 291/246/174 231/244/172
f 255/245/173 248/247/175 230/248/176
f 230/248/176 291/246/174 255/245/173
f 230/248/176 248/247/175 256/249/177
f 256/249/177 292/250/178 230/248/176
f 257/251/179 239/252/180 293/253/181
f 257/251/179 293/253/181 292/250/178
f 257/251/179 292/250/178 256/249/177
f 153/254/182 296/255/183 218/256/184
f 218/256/184 173/257/185 153/254/182
f 297/258/186 153/254/182 173/257/185
f 173/257/185 219/259/187 297/258/186
f 154/260/188 298/261/189 220/262/190
f 220/262/190 174/263/191 154/260/188
f 299/264/192 154/260/188 174/263/191
f 174/263/191 221/265/193 299/264/192
f 155/266/194 299/264/192 221/265/193
f 221/265/193 175/267/195 155/266/194
f 300/268/196 155/269/194 175/270/195
f 175/270/195 222/271/197 300/268/196
f 156/272/198 300/268/196 222/271/197
f 222/271/197 176/273/199 156/272/198
f 301/274/200 156/272/198 176/273/199
f 176/273/199 223/275/201 301/274/200
f 177/276/202 228/277/203 242/278/204
f 242/278/204 250/279/205 177/276/202
f 227/280/206 177/276/202 250/279/205
f 250/279/205 243/281/207 227/280/206
f 178/282/208 227/280/206 243/281/207
f 243/281/207 251/283/209 178/282/208
f 226/284/210 178/282/208 251/283/209
f 251/283/209 244/285/211 226/284/210
f 179/286/212 226/284/210 244/285/211
f 244/285/211 252/287/213 179/286/212
f 225/288/214 179/289/212 252/290/213
f 252/290/213 245/291/215 225/288/214
f 246/292/216 668/293/217 676/294/218
f 676/294/218 224/295/219 246/292/216
f 157/296/220 295/297/221 217/298/222
f 217/298/222 180/299/223 157/296/220
f 296/255/183 157/296/220 180/299/223
f 180/299/223 218/256/184 296/255/183
f 181/300/224 185/301/225 194/302/226
f 194/302/226 193/303/227 181/300/224
f 214/304/228 181/305/224 193/306/227
f 193/306/227 142/307/229 214/304/228
f 215/308/230 172/309/231 184/310/232
f 184/310/232 229/311/233 215/308/230
f 158/312/234 173/313/235 218/314/236
f 218/314/236 197/315/237 158/312/234
f 196/316/238 158/312/234 197/315/237
f 197/315/237 144/317/239 196/316/238
f 158/312/234 196/316/238 143/318/240
f 143/318/240 195/319/241 158/312/234
f 195/319/241 219/320/242 173/313/235
f 173/313/235 158/312/234 195/319/241
f 159/321/243 166/322/244 219/320/242
f 219/320/242 195/319/241 159/321/243
f 199/323/245 159/321/243 195/319/241
f 195/319/241 143/318/240 199/323/245
f 159/321/243 199/323/245 145/324/246
f 145/324/246 198/325/247 159/321/243
f 198/325/247 220/326/248 166/322/244
f 166/322/244 159/321/243 198/325/247
f 160/327/249 174/328/250 220/326/248
f 220/326/248 198/325/247 160/327/249
f 201/329/251 160/327/249 198/325/247
f 198/325/247 145/324/246 201/329/251
f 160/327/249 201/329/251 146/330/252
f 146/330/252 200/331/253 160/327/249
f 200/331/253 221/332/254 174/328/250
f 174/328/250 160/327/249 200/331/253
f 161/333/255 175/334/256 221/332/254
f 221/332/254 200/331/253 161/333/255
f 203/335/257 161/333/255 200/331/253
f 200/331/253 146/330/252 203/335/257
f 161/333/255 203/335/257 147/336/258
f 147/336/258 202/337/259 161/333/255
f 202/337/259 222/338/260 175/334/256
f 175/334/256 161/333/255 202/337/259
f 162/339/261 176/340/262 222/338/260
f 222/338/260 202/337/259 162/339/261
f 205/341/263 162/339/261 202/337/259
f 202/337/259 147/336/258 205/341/263
f 162/339/261 205/341/263 148/342/264
f 148/342/264 204/343/265 162/339/261
f 204/343/265 223/344/266 176/340/262
f 176/340/262 162/339/261 204/343/265
f 163/345/267 197/315/237 218/314/236
f 218/314/236 180/346/268 163/345/267
f 207/347/269 163/345/267 180/346/268
f 180/346/268 217/348/270 207/347/269
f 163/345/267 207/347/269 149/349/271
f 149/349/271 206/350/272 163/345/267
f 197/315/237 163/345/267 206/350/272
f 206/350/272 144/317/239 197/315/237
f 164/351/273 207/347/269 217/348/270
f 217/348/270 170/352/274 164/351/273
f 209/353/275 164/351/273 170/352/274
f 170/352/274 216/354/276 209/353/275
f 164/351/273 209/353/275 150/355/277
f 150/355/277 208/356/278 164/351/273
f 207/347/269 164/351/273 208/356/278
f 208/356/278 149/349/271 207/347/269
f 165/357/279 209/353/275 216/354/276
f 216/354/276 172/358/280 165/357/279
f 172/358/280 215/359/281 211/360/282
f 211/360/282 165/357/279 172/358/280
f 151/361/283 210/362/284 165/357/279
f 151/361/283 165/357/279 211/360/282
f 151/361/283 211/360/282 152/363/285
f 209/353/275 165/357/279 210/362/284
f 210/362/284 150/355/277 209/353/275
f 220/262/190 298/261/189 182/364/286
f 182/364/286 166/365/287 220/262/190
f 182/364/286 297/258/186 219/259/187
f 219/259/187 166/365/287 182/364/286
f 167/366/288 212/367/289 241/368/290
f 241/368/290 249/369/291 167/366/288
f 249/369/291 242/278/204 228/277/203
f 228/277/203 167/366/288 249/369/291
f 225/288/214 245/291/215 253/370/292
f 253/370/292 168/371/293 225/288/214
f 253/370/292 246/292/216 224/295/219
f 224/295/219 168/371/293 253/370/292
f 169/372/294 213/373/295 141/374/296
f 141/374/296 191/375/297 169/372/294
f 169/372/294 191/375/297 241/368/290
f 241/368/290 212/367/289 169/372/294
f 217/298/222 295/297/221 183/376/298
f 183/376/298 170/377/299 217/298/222
f 170/377/299 183/376/298 294/378/300
f 294/378/300 216/379/301 170/377/299
f 214/304/228 142/307/229 192/380/302
f 192/380/302 171/381/303 214/304/228
f 171/382/303 192/383/302 141/374/296
f 141/374/296 213/373/295 171/382/303
f 216/379/301 294/378/300 184/310/232
f 184/310/232 172/309/231 216/379/301
f 185/301/225 339/384/304 340/385/305
f 185/301/225 340/385/305 341/386/306
f 185/301/225 341/386/306 194/302/226
f 257/251/179 344/387/48 343/388/48
f 257/251/179 343/388/48 342/389/307
f 257/251/179 342/389/307 239/252/180
f 204/343/265 670/390/308 669/391/309
f 669/391/309 223/344/266 204/343/265
f 238/392/310 347/393/311 346/394/311
f 238/392/310 346/394/311 345/395/311
f 238/392/310 345/395/311 240/396/312
f 669/397/313 672/398/314 301/274/200
f 301/274/200 223/275/201 669/397/313
f 238/392/310 240/396/312 151/361/283
f 151/361/283 152/363/285 238/392/310
f 136/399/315 242/278/204 249/369/291
f 249/369/291 186/400/316 136/399/315
f 186/400/316 249/369/291 241/368/290
f 241/368/290 135/401/317 186/400/316
f 137/402/318 243/281/207 250/279/205
f 250/279/205 187/403/319 137/402/318
f 187/403/319 250/279/205 242/278/204
f 242/278/204 136/399/315 187/403/319
f 138/404/320 244/285/211 251/283/209
f 251/283/209 188/405/321 138/404/320
f 188/405/321 251/283/209 243/281/207
f 243/281/207 137/402/318 188/405/321
f 139/406/322 245/291/215 252/290/213
f 252/290/213 189/407/323 139/406/322
f 189/408/323 252/287/213 244/285/211
f 244/285/211 138/404/320 189/408/323
f 140/409/324 246/292/216 253/370/292
f 253/370/292 190/410/325 140/409/324
f 190/410/325 253/370/292 245/291/215
f 245/291/215 139/406/322 190/410/325
f 246/292/216 140/409/324 667/411/326
f 667/411/326 668/293/217 246/292/216
f 135/401/317 241/368/290 191/375/297
f 191/375/297 254/412/327 135/401/317
f 254/412/327 191/375/297 141/374/296
f 141/374/296 247/413/328 254/412/327
f 247/413/328 141/374/296 192/383/302
f 192/383/302 255/414/329 247/413/328
f 255/414/329 192/383/302 142/415/229
f 142/415/229 248/416/330 255/414/329
f 248/417/330 142/418/229 193/303/227
f 193/303/227 256/419/331 248/417/330
f 194/302/226 257/420/332 256/419/331
f 256/419/331 193/303/227 194/302/226
f 341/386/306 344/421/333 257/420/332
f 257/420/332 194/302/226 341/386/306
f 54/422/334 276/423/335 258/424/336
f 258/424/336 262/425/337 54/422/334
f 281/426/338 277/427/339 259/428/340
f 259/428/340 263/429/341 281/426/338
f 276/430/335 281/426/338 263/429/341
f 263/429/341 258/431/336 276/430/335
f 282/432/342 278/433/343 260/434/344
f 260/434/344 264/435/345 282/432/342
f 277/427/339 282/432/342 264/435/345
f 264/435/345 259/428/340 277/427/339
f 283/436/346 279/437/347 261/438/348
f 261/438/348 265/439/349 283/436/346
f 278/433/343 283/436/346 265/439/349
f 265/439/349 260/434/344 278/433/343
f 284/440/350 652/441/351 653/442/352
f 653/442/352 266/443/353 284/440/350
f 279/444/347 284/440/350 266/443/353
f 266/443/353 261/445/348 279/444/347
f 262/425/337 350/446/354 349/447/355
f 262/425/337 349/447/355 348/448/356
f 262/425/337 348/448/356 54/422/334
f 262/425/337 258/424/336 267/449/357
f 267/449/357 271/450/358 262/425/337
f 263/429/341 259/428/340 268/451/359
f 268/451/359 272/452/360 263/429/341
f 258/431/336 263/429/341 272/452/360
f 272/452/360 267/453/357 258/431/336
f 264/435/345 260/434/344 269/454/361
f 269/454/361 273/455/362 264/435/345
f 259/428/340 264/435/345 273/455/362
f 273/455/362 268/451/359 259/428/340
f 265/439/349 261/438/348 270/456/363
f 270/456/363 274/457/364 265/439/349
f 260/434/344 265/439/349 274/457/364
f 274/457/364 269/454/361 260/434/344
f 653/442/352 662/458/365 351/459/366
f 653/442/352 351/459/366 275/460/367
f 653/442/352 275/460/367 266/443/353
f 261/445/348 266/443/353 275/460/367
f 275/460/367 270/461/363 261/445/348
f 271/450/358 353/462/368 352/463/368
f 271/450/358 352/463/368 350/446/354
f 271/450/358 350/446/354 262/425/337
f 13/464/58 276/465/335 54/466/334
f 54/466/334 280/467/59 13/464/58
f 14/86/61 277/427/339 281/426/338
f 281/426/338 55/87/60 14/86/61
f 55/87/60 281/426/338 276/430/335
f 276/430/335 13/468/58 55/87/60
f 15/92/63 278/433/343 282/432/342
f 282/432/342 56/90/62 15/92/63
f 56/90/62 282/432/342 277/427/339
f 277/427/339 14/86/61 56/90/62
f 16/96/65 279/437/347 283/436/346
f 283/436/346 57/94/64 16/96/65
f 57/94/64 283/436/346 278/433/343
f 278/433/343 15/92/63 57/94/64
f 284/469/350 58/98/66 418/105/70
f 418/105/70 652/470/351 284/469/350
f 58/98/66 284/469/350 279/471/347
f 279/471/347 16/99/65 58/98/66
f 285/472/148 153/254/182 297/258/186
f 297/258/186 233/473/150 285/472/148
f 232/474/147 296/255/183 153/254/182
f 153/254/182 285/472/148 232/474/147
f 286/228/156 154/475/188 299/476/192
f 299/476/192 235/230/158 286/228/156
f 234/477/154 298/261/189 154/260/188
f 154/260/188 286/478/156 234/477/154
f 287/232/160 155/479/194 300/480/196
f 300/480/196 236/234/162 287/232/160
f 235/230/158 299/476/192 155/479/194
f 155/479/194 287/232/160 235/230/158
f 288/481/164 156/272/198 301/274/200
f 301/274/200 237/482/166 288/481/164
f 236/234/162 300/480/196 156/483/198
f 156/483/198 288/236/164 236/234/162
f 289/484/170 157/296/220 296/255/183
f 296/255/183 232/474/147 289/484/170
f 231/485/172 295/297/221 157/296/220
f 157/296/220 289/484/170 231/485/172
f 293/486/181 229/311/233 184/310/232
f 184/310/232 292/487/178 293/486/181
f 517/488/369 666/489/167 672/398/314
f 672/398/314 547/490/370 517/488/369
f 298/261/189 234/477/154 290/491/152
f 290/491/152 182/364/286 298/261/189
f 233/473/150 297/258/186 182/364/286
f 182/364/286 290/491/152 233/473/150
f 295/297/221 231/485/172 291/492/174
f 291/492/174 183/376/298 295/297/221
f 230/493/176 294/378/300 183/376/298
f 183/376/298 291/492/174 230/493/176
f 294/378/300 230/493/176 292/487/178
f 292/487/178 184/310/232 294/378/300
f 41/5/5 307/26/24 17/24/22
f 17/24/22 302/1/1 41/5/5
f 308/23/21 42/2/2 302/1/1
f 302/1/1 17/24/22 308/23/21
f 18/31/26 303/10/7 311/9/9
f 311/9/9 312/32/28 18/31/26
f 307/26/24 41/5/5 303/7/7
f 303/7/7 18/28/26 307/26/24
f 43/17/15 309/39/35 19/37/33
f 19/37/33 304/13/11 43/17/15
f 306/36/32 34/14/12 304/13/11
f 304/13/11 19/37/33 306/36/32
f 42/2/2 308/23/21 20/41/37
f 20/41/37 305/19/17 42/2/2
f 309/39/35 43/17/15 305/19/17
f 305/19/17 20/41/37 309/39/35
f 321/494/371 318/76/57 47/75/56
f 321/494/371 47/75/56 280/84/59
f 321/494/371 280/84/59 322/495/372
f 326/118/75 329/137/88 77/136/87
f 77/136/87 101/116/73 326/118/75
f 333/189/126 336/496/133 108/216/132
f 108/216/132 86/190/127 333/189/126
f 354/497/373 322/498/372 280/467/59
f 354/497/373 280/467/59 54/466/334
f 354/497/373 54/466/334 348/499/356
f 357/500/374 356/501/375 355/502/376
f 355/502/376 358/503/377 357/500/374
f 358/503/377 355/502/376 359/504/378
f 359/504/378 360/505/379 358/503/377
f 360/505/379 359/504/378 361/506/380
f 361/506/380 362/507/381 360/505/379
f 365/508/382 364/509/383 363/510/384
f 363/510/384 366/511/385 365/508/382
f 366/511/385 363/510/384 367/512/386
f 367/512/386 368/513/387 366/511/385
f 368/513/387 367/512/386 369/514/388
f 369/514/388 370/515/389 368/513/387
f 370/515/389 369/514/388 356/501/375
f 356/501/375 357/500/374 370/515/389
f 373/516/390 372/517/391 371/518/392
f 371/518/392 374/519/393 373/516/390
f 374/519/393 371/518/392 375/520/394
f 375/520/394 376/521/395 374/519/393
f 376/521/395 375/520/394 377/522/396
f 377/522/396 680/523/397 376/521/395
f 678/524/86 679/525/86 677/526/86
f 380/527/398 379/528/399 378/529/400
f 378/529/400 381/530/401 380/527/398
f 381/530/401 378/529/400 382/531/402
f 382/531/402 383/532/403 381/530/401
f 383/532/403 382/531/402 384/533/404
f 384/533/404 385/534/405 383/532/403
f 385/534/405 384/533/404 372/517/391
f 372/517/391 373/516/390 385/534/405
f 375/520/394 371/518/392 386/535/406
f 386/535/406 387/536/407 375/520/394
f 388/537/408 386/535/406 371/518/392
f 371/518/392 372/517/391 388/537/408
f 314/29/27 377/538/396 389/539/409
f 314/29/27 389/539/409 673/540/410
f 314/29/27 673/540/410 315/45/41
f 387/541/407 389/539/409 377/538/396
f 377/538/396 375/542/394 387/541/407
f 382/531/402 378/529/400 390/543/411
f 390/543/411 391/544/412 382/531/402
f 392/545/413 390/543/411 378/529/400
f 378/529/400 379/528/399 392/545/413
f 372/517/391 384/533/404 393/546/414
f 393/546/414 388/537/408 372/517/391
f 391/544/412 393/546/414 384/533/404
f 384/533/404 382/531/402 391/544/412
f 392/547/48 395/548/48 394/549/48
f 394/549/48 390/550/48 392/547/48
f 390/550/48 394/549/48 396/551/48
f 396/551/48 391/552/48 390/550/48
f 397/553/415 396/551/48 394/549/48
f 394/549/48 398/554/416 397/553/415
f 398/554/416 394/549/48 395/548/48
f 395/548/48 399/555/417 398/554/416
f 397/553/415 401/556/418 400/557/48
f 400/557/48 396/551/48 397/553/415
f 396/551/48 400/557/48 393/558/48
f 393/558/48 391/552/48 396/551/48
f 388/559/48 393/558/48 400/557/48
f 400/557/48 402/560/48 388/559/48
f 402/560/48 400/557/48 401/556/418
f 401/556/418 403/561/419 402/560/48
f 406/562/420 405/563/48 404/564/48
f 404/564/48 407/565/421 406/562/420
f 407/565/421 404/564/48 402/560/48
f 402/560/48 403/561/419 407/565/421
f 388/559/48 402/560/48 404/564/48
f 404/564/48 386/566/48 388/559/48
f 386/566/48 404/564/48 405/563/48
f 405/563/48 387/567/48 386/566/48
f 408/568/422 409/569/48 316/78/48
f 408/568/422 316/78/48 317/77/48
f 408/568/422 317/77/48 318/76/57
f 409/569/48 420/570/48 319/81/48
f 409/569/48 319/81/48 320/80/48
f 409/569/48 320/80/48 316/78/48
f 408/568/422 411/571/423 410/572/424
f 410/572/424 399/555/417 408/568/422
f 399/555/417 410/572/424 412/573/425
f 412/573/425 398/554/416 399/555/417
f 398/574/416 412/575/425 413/576/426
f 413/576/426 397/577/415 398/574/416
f 397/577/415 413/576/426 414/578/427
f 414/578/427 401/579/418 397/577/415
f 401/579/418 414/578/427 415/580/428
f 415/580/428 403/581/419 401/579/418
f 403/581/419 415/580/428 416/582/429
f 416/582/429 407/583/421 403/581/419
f 407/583/421 416/582/429 417/584/430
f 417/584/430 406/585/420 407/583/421
f 406/586/420 417/587/430 418/105/70
f 418/105/70 419/104/69 406/586/420
f 399/555/417 395/548/48 409/569/48
f 409/569/48 408/568/422 399/555/417
f 420/570/48 409/569/48 395/548/48
f 395/548/48 392/547/48 420/570/48
f 387/567/48 405/563/48 421/588/48
f 421/588/48 389/589/48 387/567/48
f 315/109/48 673/590/48 675/591/48
f 674/592/48 324/111/48 675/591/48
f 419/593/69 421/588/48 405/563/48
f 405/563/48 406/562/420 419/593/69
f 424/594/431 423/595/432 422/596/433
f 422/596/433 425/597/434 424/594/431
f 326/118/75 325/119/76 423/595/432
f 423/595/432 424/594/431 326/118/75
f 428/598/435 427/599/436 426/600/437
f 426/600/437 429/601/438 428/598/435
f 430/602/435 428/598/435 429/601/438
f 429/601/438 431/603/439 430/602/435
f 327/126/82 328/129/85 432/604/440
f 432/604/440 470/605/441 327/126/82
f 428/598/435 434/606/29 433/607/29
f 433/607/29 427/599/436 428/598/435
f 436/608/29 435/609/29 433/607/29
f 433/607/29 434/606/29 436/608/29
f 434/606/29 438/610/29 437/611/29
f 437/611/29 436/608/29 434/606/29
f 428/598/435 430/602/435 438/610/29
f 438/610/29 434/606/29 428/598/435
f 328/129/85 329/137/88 439/612/442
f 439/612/442 432/604/440 328/129/85
f 441/613/29 440/614/29 435/609/29
f 435/609/29 436/608/29 441/613/29
f 441/613/29 436/608/29 437/611/29
f 437/611/29 442/615/29 441/613/29
f 444/616/443 443/617/444 425/597/434
f 425/597/434 422/596/433 444/616/443
f 446/618/445 445/619/446 443/617/444
f 443/617/444 444/616/443 446/618/445
f 449/620/447 448/621/448 447/622/48
f 447/622/48 450/623/48 449/620/447
f 452/624/449 451/625/450 448/621/448
f 448/621/448 449/620/447 452/624/449
f 449/620/447 454/626/451 453/627/452
f 453/627/452 452/624/449 449/620/447
f 450/623/48 455/628/48 454/626/451
f 454/626/451 449/620/447 450/623/48
f 458/629/453 457/630/454 456/631/455
f 456/631/455 459/632/456 458/629/453
f 461/633/457 460/634/458 459/632/456
f 459/632/456 456/631/455 461/633/457
f 462/635/459 459/632/456 460/634/458
f 460/634/458 463/636/460 462/635/459
f 464/637/461 458/629/453 459/632/456
f 459/632/456 462/635/459 464/637/461
f 445/619/446 464/637/461 462/635/459
f 462/635/459 443/617/444 445/619/446
f 463/636/460 425/597/434 443/617/444
f 443/617/444 462/635/459 463/636/460
f 330/165/48 331/164/109 465/638/462
f 465/638/462 466/639/48 330/165/48
f 450/623/48 447/622/48 466/639/48
f 466/639/48 465/638/462 450/623/48
f 465/638/462 467/640/463 455/628/48
f 455/628/48 450/623/48 465/638/462
f 469/641/464 468/642/465 467/640/463
f 467/640/463 465/638/462 469/641/464
f 465/638/462 331/164/109 332/170/113
f 332/170/113 469/641/464 465/638/462
f 470/605/441 432/604/440 460/634/458
f 460/634/458 461/633/457 470/605/441
f 463/636/460 460/634/458 432/604/440
f 432/604/440 439/612/442 463/636/460
f 439/612/442 424/594/431 425/597/434
f 425/597/434 463/636/460 439/612/442
f 471/643/466 457/644/454 458/645/453
f 458/645/453 472/646/467 471/643/466
f 473/647/468 472/646/467 458/645/453
f 458/645/453 464/648/461 473/647/468
f 474/649/469 473/647/468 464/648/461
f 464/648/461 445/650/446 474/649/469
f 446/651/445 475/652/470 474/649/469
f 474/649/469 445/650/446 446/651/445
f 429/601/438 477/653/471 476/654/472
f 476/654/472 431/603/439 429/601/438
f 426/600/437 478/655/473 477/653/471
f 477/653/471 429/601/438 426/600/437
f 479/656/474 456/631/455 457/630/454
f 457/630/454 480/657/475 479/656/474
f 471/643/466 481/658/476 480/659/475
f 480/659/475 457/644/454 471/643/466
f 456/631/455 479/656/474 482/660/477
f 482/660/477 461/633/457 456/631/455
f 333/189/126 327/126/82 470/605/441
f 470/605/441 483/661/478 333/189/126
f 461/633/457 482/660/477 483/661/478
f 483/661/478 470/605/441 461/633/457
f 334/191/128 335/194/131 484/662/479
f 484/662/479 492/663/480 334/191/128
f 335/194/131 336/196/133 485/664/481
f 485/664/481 484/662/479 335/194/131
f 430/602/435 472/646/467 473/647/468
f 473/647/468 438/610/29 430/602/435
f 430/602/435 431/603/439 471/643/466
f 471/643/466 472/646/467 430/602/435
f 473/647/468 474/649/469 437/611/29
f 437/611/29 438/610/29 473/647/468
f 474/649/469 475/652/470 442/615/29
f 442/615/29 437/611/29 474/649/469
f 487/665/482 486/666/483 453/627/452
f 453/627/452 454/626/451 487/665/482
f 488/667/484 486/666/483 487/665/482
f 487/665/482 489/668/485 488/667/484
f 491/669/486 490/670/487 489/668/485
f 489/668/485 487/665/482 491/669/486
f 487/665/482 454/626/451 455/628/48
f 455/628/48 491/669/486 487/665/482
f 484/662/479 491/669/486 455/628/48
f 455/628/48 467/640/463 484/662/479
f 485/664/481 490/670/487 491/669/486
f 491/669/486 484/662/479 485/664/481
f 484/662/479 467/640/463 468/642/465
f 468/642/465 492/663/480 484/662/479
f 431/603/439 476/654/472 481/658/476
f 481/658/476 471/643/466 431/603/439
f 337/203/140 334/191/128 492/663/480
f 492/663/480 495/671/488 337/203/140
f 332/170/113 338/206/143 493/672/489
f 493/672/489 469/641/464 332/170/113
f 494/673/490 468/642/465 469/641/464
f 469/641/464 493/672/489 494/673/490
f 495/671/488 492/663/480 468/642/465
f 468/642/465 494/673/490 495/671/488
f 452/674/449 453/675/452 476/654/472
f 476/654/472 477/653/471 452/674/449
f 477/653/471 478/655/473 451/676/450
f 451/676/450 452/674/449 477/653/471
f 488/677/484 489/678/485 479/656/474
f 479/656/474 480/657/475 488/677/484
f 488/679/484 480/659/475 481/658/476
f 481/658/476 486/680/483 488/679/484
f 489/678/485 490/681/487 482/660/477
f 482/660/477 479/656/474 489/678/485
f 483/661/478 482/660/477 490/681/487
f 490/681/487 485/682/481 483/661/478
f 481/658/476 476/654/472 453/675/452
f 453/675/452 486/680/483 481/658/476
f 498/683/491 497/684/492 496/685/493
f 496/685/493 499/686/494 498/683/491
f 499/686/494 496/685/493 500/687/495
f 500/687/495 501/688/496 499/686/494
f 501/688/496 500/687/495 502/689/497
f 502/689/497 503/690/498 501/688/496
f 503/690/498 502/689/497 504/691/499
f 504/691/499 505/692/500 503/690/498
f 505/692/500 504/691/499 506/693/501
f 506/693/501 507/694/502 505/692/500
f 507/694/502 506/693/501 508/695/503
f 508/695/503 509/696/504 507/694/502
f 509/696/504 508/695/503 510/697/505
f 510/697/505 511/698/506 509/696/504
f 511/698/506 510/697/505 512/699/507
f 512/699/507 513/700/508 511/698/506
f 513/700/508 512/699/507 514/701/509
f 514/701/509 515/702/510 513/700/508
f 515/702/510 514/701/509 516/703/511
f 516/703/511 517/704/369 515/702/510
f 518/705/512 497/684/492 498/683/491
f 498/683/491 519/706/513 518/705/512
f 521/707/514 520/708/515 518/705/512
f 518/705/512 519/706/513 521/707/514
f 522/709/516 520/708/515 521/707/514
f 521/707/514 523/710/517 522/709/516
f 525/711/518 524/712/519 522/709/516
f 522/709/516 523/710/517 525/711/518
f 526/713/520 524/712/519 525/711/518
f 525/711/518 527/714/521 526/713/520
f 527/714/521 528/715/522 634/716/523
f 527/714/521 634/716/523 632/717/524
f 527/714/521 632/717/524 526/713/520
f 531/718/525 530/719/526 529/720/527
f 529/720/527 532/721/528 531/718/525
f 532/721/528 529/720/527 533/722/529
f 533/722/529 534/723/530 532/721/528
f 537/724/531 536/725/532 535/726/533
f 535/726/533 538/727/534 537/724/531
f 538/727/534 535/726/533 539/728/535
f 539/728/535 540/729/536 538/727/534
f 540/729/536 539/728/535 541/730/537
f 541/730/537 542/731/538 540/729/536
f 542/732/538 541/733/537 543/734/539
f 543/734/539 544/735/540 542/732/538
f 544/735/540 543/734/539 545/736/541
f 545/736/541 546/737/542 544/735/540
f 546/737/542 545/736/541 547/490/370
f 547/490/370 548/738/543 546/737/542
f 551/739/544 550/740/545 549/741/546
f 549/741/546 552/742/547 551/739/544
f 552/742/547 549/741/546 553/743/548
f 553/743/548 554/744/549 552/742/547
f 554/744/549 553/743/548 555/745/550
f 555/745/550 556/746/551 554/744/549
f 556/746/551 555/745/550 557/747/552
f 557/747/552 558/748/553 556/746/551
f 558/748/553 557/747/552 559/749/554
f 559/749/554 560/750/555 558/748/553
f 560/751/555 559/752/554 561/753/556
f 561/753/556 562/754/557 560/751/555
f 567/755/558 566/756/559 565/757/560
f 565/757/560 568/758/561 567/755/558
f 568/758/561 565/757/560 530/719/526
f 530/719/526 531/718/525 568/758/561
f 569/759/562 570/760/563 631/761/564
f 631/761/564 630/762/565 569/759/562
f 570/763/563 569/764/562 571/765/566
f 571/765/566 572/766/567 570/763/563
f 575/767/568 574/768/569 573/769/570
f 573/769/570 576/770/571 575/767/568
f 531/771/572 532/772/573 577/773/574
f 577/773/574 578/774/575 531/771/572
f 578/774/575 577/773/574 579/775/576
f 579/775/576 580/776/577 578/774/575
f 581/777/578 579/775/576 577/773/574
f 577/773/574 582/778/579 581/777/578
f 532/772/573 534/779/580 582/778/579
f 582/778/579 577/773/574 532/772/573
f 534/779/580 584/780/581 583/781/582
f 583/781/582 582/778/579 534/779/580
f 582/778/579 583/781/582 585/782/583
f 585/782/583 581/777/578 582/778/579
f 586/783/584 585/782/583 583/781/582
f 583/781/582 587/784/585 586/783/584
f 584/780/581 537/785/586 587/784/585
f 587/784/585 583/781/582 584/780/581
f 537/785/586 538/786/587 588/787/588
f 588/787/588 587/784/585 537/785/586
f 587/784/585 588/787/588 589/788/589
f 589/788/589 586/783/584 587/784/585
f 590/789/590 589/788/589 588/787/588
f 588/787/588 591/790/591 590/789/590
f 538/786/587 540/791/592 591/790/591
f 591/790/591 588/787/588 538/786/587
f 540/791/592 542/792/593 592/793/594
f 592/793/594 591/790/591 540/791/592
f 591/790/591 592/793/594 593/794/595
f 593/794/595 590/789/590 591/790/591
f 594/795/596 593/794/595 592/793/594
f 592/793/594 595/796/597 594/795/596
f 542/792/593 544/797/598 595/796/597
f 595/796/597 592/793/594 542/792/593
f 544/797/598 546/798/599 596/799/600
f 596/799/600 595/796/597 544/797/598
f 595/796/597 596/799/600 597/800/601
f 597/800/601 594/795/596 595/796/597
f 598/801/602 597/800/601 596/799/600
f 596/799/600 599/802/603 598/801/602
f 546/798/599 548/803/604 599/802/603
f 599/802/603 596/799/600 546/798/599
f 531/771/572 578/774/575 600/804/605
f 600/804/605 568/805/606 531/771/572
f 568/805/606 600/804/605 601/806/607
f 601/806/607 567/807/608 568/805/606
f 602/808/609 601/806/607 600/804/605
f 600/804/605 603/809/610 602/808/609
f 603/809/610 600/804/605 578/774/575
f 578/774/575 580/776/577 603/809/610
f 567/807/608 601/806/607 604/810/611
f 604/810/611 605/811/612 567/807/608
f 605/811/612 604/810/611 606/812/613
f 606/812/613 607/813/614 605/811/612
f 608/814/615 606/812/613 604/810/611
f 604/810/611 609/815/616 608/814/615
f 609/815/616 604/810/611 601/806/607
f 601/806/607 602/808/609 609/815/616
f 607/813/614 606/812/613 610/816/617
f 610/816/617 574/817/618 607/813/614
f 611/818/619 573/819/620 574/817/618
f 574/817/618 610/816/617 611/818/619
f 613/820/621 612/821/285 611/818/619
f 613/820/621 611/818/619 610/816/617
f 613/820/621 610/816/617 614/822/622
f 614/822/622 610/816/617 606/812/613
f 606/812/613 608/814/615 614/822/622
f 615/823/623 536/725/532 537/724/531
f 537/724/531 584/824/624 615/823/623
f 534/723/530 533/722/529 615/823/623
f 615/823/623 584/824/624 534/723/530
f 618/825/625 617/826/626 616/827/627
f 616/827/627 619/828/628 618/825/625
f 550/740/545 551/739/544 619/828/628
f 619/828/628 616/827/627 550/740/545
f 620/829/629 562/754/557 561/753/556
f 561/753/556 621/830/630 620/829/629
f 563/831/631 564/832/632 620/829/629
f 620/829/629 621/830/630 563/831/631
f 624/833/633 623/834/634 622/835/635
f 622/835/635 625/836/636 624/833/633
f 618/825/625 625/836/636 622/835/635
f 622/835/635 617/826/626 618/825/625
f 626/837/637 566/756/559 567/755/558
f 567/755/558 605/838/638 626/837/637
f 627/839/639 626/837/637 605/838/638
f 605/838/638 607/840/640 627/839/639
f 628/841/641 572/766/567 571/765/566
f 571/765/566 629/842/642 628/841/641
f 624/833/633 628/843/641 629/844/642
f 629/844/642 623/834/634 624/833/633
f 575/767/568 627/839/639 607/840/640
f 607/840/640 574/768/569 575/767/568
f 630/762/565 631/761/564 341/386/306
f 630/762/565 341/386/306 340/385/305
f 630/762/565 340/385/305 339/384/304
f 632/717/524 634/716/523 342/389/307
f 632/717/524 342/389/307 343/388/48
f 632/717/524 343/388/48 344/387/48
f 148/342/264 671/845/643 670/390/308
f 670/390/308 204/343/265 148/342/264
f 633/846/644 635/847/645 345/395/311
f 633/846/644 345/395/311 346/394/311
f 633/846/644 346/394/311 347/393/311
f 613/820/621 635/847/645 633/846/644
f 633/846/644 612/821/285 613/820/621
f 619/828/628 551/739/544 500/848/646
f 500/848/646 496/849/647 619/828/628
f 618/825/625 619/828/628 496/849/647
f 496/849/647 497/850/648 618/825/625
f 552/742/547 554/744/549 504/851/649
f 504/851/649 502/852/650 552/742/547
f 551/739/544 552/742/547 502/852/650
f 502/852/650 500/848/646 551/739/544
f 556/746/551 558/748/553 508/853/651
f 508/853/651 506/854/652 556/746/551
f 554/744/549 556/746/551 506/854/652
f 506/854/652 504/851/649 554/744/549
f 560/751/555 562/754/557 512/855/653
f 512/855/653 510/856/654 560/751/555
f 558/748/553 560/750/555 510/857/654
f 510/857/654 508/853/651 558/748/553
f 620/829/629 564/832/632 516/858/655
f 516/858/655 514/859/656 620/829/629
f 562/754/557 620/829/629 514/859/656
f 514/859/656 512/855/653 562/754/557
f 625/836/636 618/825/625 497/850/648
f 497/850/648 518/860/657 625/836/636
f 624/833/633 625/836/636 518/860/657
f 518/860/657 520/861/658 624/833/633
f 628/843/641 624/833/633 520/861/658
f 520/861/658 522/862/659 628/843/641
f 572/863/567 628/843/641 522/862/659
f 522/862/659 524/864/660 572/863/567
f 570/760/563 572/865/567 524/866/660
f 524/866/660 526/867/661 570/760/563
f 526/867/661 632/868/662 631/761/564
f 631/761/564 570/760/563 526/867/661
f 632/868/662 344/421/333 341/386/306
f 341/386/306 631/761/564 632/868/662
f 638/869/663 637/870/664 636/871/665
f 636/871/665 639/872/666 638/869/663
f 642/873/667 641/874/668 640/875/669
f 640/875/669 643/876/670 642/873/667
f 643/876/670 640/875/669 637/877/664
f 637/877/664 638/878/663 643/876/670
f 646/879/671 645/880/672 644/881/673
f 644/881/673 647/882/674 646/879/671
f 647/882/674 644/881/673 641/874/668
f 641/874/668 642/873/667 647/882/674
f 650/883/675 649/884/676 648/885/677
f 648/885/677 651/886/678 650/883/675
f 651/886/678 648/885/677 645/880/672
f 645/880/672 646/879/671 651/886/678
f 653/442/352 652/441/351 649/887/676
f 649/887/676 650/888/675 653/442/352
f 639/872/666 636/871/665 348/448/356
f 639/872/666 348/448/356 349/447/355
f 639/872/666 349/447/355 350/446/354
f 654/889/679 638/869/663 639/872/666
f 639/872/666 655/890/680 654/889/679
f 656/891/681 642/873/667 643/876/670
f 643/876/670 657/892/682 656/891/681
f 657/892/682 643/876/670 638/878/663
f 638/878/663 654/893/679 657/892/682
f 658/894/683 646/879/671 647/882/674
f 647/882/674 659/895/684 658/894/683
f 659/895/684 647/882/674 642/873/667
f 642/873/667 656/891/681 659/895/684
f 660/896/685 650/883/675 651/886/678
f 651/886/678 661/897/686 660/896/685
f 661/897/686 651/886/678 646/879/671
f 646/879/671 658/894/683 661/897/686
f 662/458/365 653/442/352 650/888/675
f 650/888/675 660/898/685 662/458/365
f 655/890/680 639/872/666 350/446/354
f 655/890/680 350/446/354 352/463/368
f 655/890/680 352/463/368 353/462/368
f 636/899/665 637/900/664 410/901/424
f 410/901/424 411/902/423 636/899/665
f 640/875/669 641/874/668 413/576/426
f 413/576/426 412/575/425 640/875/669
f 637/877/664 640/875/669 412/575/425
f 412/575/425 410/903/424 637/877/664
f 644/881/673 645/880/672 415/580/428
f 415/580/428 414/578/427 644/881/673
f 641/874/668 644/881/673 414/578/427
f 414/578/427 413/576/426 641/874/668
f 648/885/677 649/884/676 417/584/430
f 417/584/430 416/582/429 648/885/677
f 645/880/672 648/885/677 416/582/429
f 416/582/429 415/580/428 645/880/672
f 649/904/676 652/470/351 418/105/70
f 418/105/70 417/587/430 649/904/676
f 533/722/529 529/720/527 499/905/494
f 499/905/494 501/906/496 533/722/529
f 529/720/527 530/719/526 498/907/491
f 498/907/491 499/905/494 529/720/527
f 539/908/535 535/909/533 507/694/502
f 507/694/502 509/696/504 539/908/535
f 535/726/533 536/725/532 505/910/500
f 505/910/500 507/911/502 535/726/533
f 543/912/539 541/913/537 511/698/506
f 511/698/506 513/700/508 543/912/539
f 541/913/537 539/908/535 509/696/504
f 509/696/504 511/698/506 541/913/537
f 547/490/370 545/736/541 515/914/510
f 515/914/510 517/488/369 547/490/370
f 545/915/541 543/912/539 513/700/508
f 513/700/508 515/702/510 545/915/541
f 530/719/526 565/757/560 519/916/513
f 519/916/513 498/907/491 530/719/526
f 565/757/560 566/756/559 521/917/514
f 521/917/514 519/916/513 565/757/560
f 575/767/568 576/770/571 528/918/522
f 528/918/522 527/919/521 575/767/568
f 503/920/498 505/910/500 536/725/532
f 536/725/532 615/823/623 503/920/498
f 615/823/623 533/722/529 501/906/496
f 501/906/496 503/920/498 615/823/623
f 523/921/517 521/917/514 566/756/559
f 566/756/559 626/837/637 523/921/517
f 626/837/637 627/839/639 525/922/518
f 525/922/518 523/921/517 626/837/637
f 527/919/521 525/922/518 627/839/639
f 627/839/639 575/767/568 527/919/521
f 374/519/393 376/521/395 359/504/378
f 359/504/378 355/502/376 374/519/393
f 355/502/376 356/501/375 373/516/390
f 373/516/390 374/519/393 355/502/376
f 680/923/397 312/32/28 311/9/9
f 311/9/9 361/924/380 680/923/397
f 361/506/380 359/504/378 376/521/395
f 376/521/395 680/523/397 361/506/380
f 381/530/401 383/532/403 367/512/386
f 367/512/386 363/510/384 381/530/401
f 363/510/384 364/509/383 380/527/398
f 380/527/398 381/530/401 363/510/384
f 385/534/405 373/516/390 356/501/375
f 356/501/375 369/514/388 385/534/405
f 369/514/388 367/512/386 383/532/403
f 383/532/403 385/534/405 369/514/388
f 321/494/371 322/495/372 411/571/423
f 321/494/371 411/571/423 408/568/422
f 321/494/371 408/568/422 318/76/57
f 326/118/75 424/594/431 439/612/442
f 439/612/442 329/137/88 326/118/75
f 333/189/126 483/661/478 485/682/481
f 485/682/481 336/496/133 333/189/126
f 354/497/373 348/499/356 636/899/665
f 354/497/373 636/899/665 411/902/423
f 354/497/373 411/902/423 322/498/372
f 664/112/68 323/925/48 674/592/48
f 315/109/48 324/111/48 665/110/48
f 29/106/48 36/107/48 663/108/48
f 663/108/48 665/110/48 29/106/48
f 324/111/48 323/925/48 664/112/68
f 53/113/67 29/106/48 665/110/48
f 665/110/48 664/112/68 53/113/67
f 666/239/167 517/704/369 516/703/511
f 516/703/511 667/240/168 666/239/167
f 564/832/632 563/831/631 676/294/218
f 676/294/218 668/293/217 564/832/632
f 599/802/603 548/803/604 669/391/309
f 669/391/309 670/390/308 599/802/603
f 548/738/543 547/490/370 672/398/314
f 672/398/314 669/397/313 548/738/543
f 667/411/326 516/858/655 564/832/632
f 564/832/632 668/293/217 667/411/326
f 237/482/166 301/274/200 672/398/314
f 672/398/314 666/489/167 237/482/166
f 673/590/48 389/589/48 421/588/48
f 421/588/48 675/591/48 673/590/48
f 675/591/48 324/111/48 315/109/48
f 674/592/48 323/925/48 324/111/48
f 419/593/69 674/592/48 675/591/48
f 675/591/48 421/588/48 419/593/69
f 598/801/602 599/802/603 670/390/308
f 670/390/308 671/845/643 598/801/602
f 677/32/687 680/923/397 377/538/396
f 377/538/396 678/29/688 677/32/687
f 361/924/380 311/9/9 310/12/10
f 310/12/10 362/926/381 361/924/380
o button
v -6.830679 1.410766 -1.169870
v -6.830679 1.410763 -1.164124
v -6.845455 1.410763 -1.171512
v -6.815904 1.410763 -1.171512
v -6.841761 1.410766 -1.175206
v -6.819598 1.410766 -1.175206
v -6.847096 1.410766 -1.186287
v -6.813859 1.410765 -1.186287
v -6.808973 1.410763 -1.186287
v -6.852842 1.410763 -1.186287
v -6.819598 1.410766 -1.197369
v -6.815904 1.410763 -1.201063
v -6.830679 1.410763 -1.208450
v -6.845455 1.410763 -1.201063
v -6.830679 1.410766 -1.202704
v -6.841761 1.410766 -1.197369
v -6.841761 1.407445 -1.175206
v -6.830679 1.407444 -1.169870
v -6.819598 1.407445 -1.175206
v -6.813859 1.407444 -1.186287
v -6.819598 1.407445 -1.197369
v -6.830679 1.407444 -1.202704
v -6.841761 1.407445 -1.197369
v -6.847096 1.407444 -1.186287
v -6.830679 1.403387 -1.164124
v -6.845455 1.403387 -1.171512
v -6.815904 1.403387 -1.171512
v -6.809072 1.404218 -1.186287
v -6.852842 1.403387 -1.186287
v -6.845455 1.403387 -1.201063
v -6.830679 1.403387 -1.208450
v -6.815904 1.403387 -1.201063
vn 0.7174 -0.0018 0.6967
vn 0.7138 -0.0000 0.7004
vn 0.9999 -0.0112 -0.0000
vn 0.9999 -0.0152 -0.0000
vn -0.7071 -0.0000 0.7071
vn -0.0000 -0.0000 1.0000
vn -1.0000 -0.0000 -0.0000
vn -0.0000 1.0000 0.0005
vn -0.0004 1.0000 0.0004
vn -0.0005 1.0000 -0.0000
vn 0.0004 1.0000 0.0004
vn 0.0005 1.0000 -0.0000
vn 0.7174 -0.0018 -0.6967
vn 0.7138 -0.0000 -0.7003
vn -0.7071 -0.0000 -0.7071
vn -0.0000 -0.0000 -1.0000
vn -0.0004 1.0000 -0.0004
vn -0.0000 1.0000 -0.0005
vn 0.0004 1.0000 -0.0004
vn -0.0000 1.0000 -0.0000
vn -0.0001 1.0000 -0.0000
vn -0.0000 1.0000 0.0001
vn 0.0001 1.0000 -0.0000
vn -0.0000 1.0000 -0.0001
vn 0.4338 -0.0000 -0.9010
vn -0.4338 -0.0000 -0.9010
vn -0.8880 -0.0000 -0.4599
vn -0.8880 -0.0000 0.4599
vn -0.4338 -0.0000 0.9010
vn 0.4338 -0.0000 0.9010
vn 0.9010 -0.0000 0.4338
vn 0.9010 -0.0000 -0.4338
vt 0.953654 0.357479
vt 0.953654 0.350104
vt 0.968426 0.350935
vt 0.968426 0.357479
vt -6.974258 0.357479
vt -6.974258 0.350104
vt -6.959486 0.350104
vt -6.959486 0.357479
vt 0.046346 0.357479
vt 0.031574 0.357479
vt 0.031574 0.350104
vt 0.046346 0.350104
vt -6.944713 0.350104
vt -6.944713 0.357479
vt -6.959486 0.946267
vt -6.959486 0.952012
vt -6.970565 0.957347
vt -6.974258 0.953654
vt -6.975900 0.968426
vt -6.981645 0.968426
vt -6.944713 0.953654
vt -6.948406 0.957347
vt -6.937783 0.968426
vt -6.942668 0.968426
vt 0.983199 0.357479
vt 0.983199 0.350104
vt 7.974258 0.357479
vt 7.959486 0.357479
vt 7.959486 0.350104
vt 7.974258 0.350104
vt 0.016801 0.357479
vt 0.016801 0.350104
vt 7.944713 0.350104
vt 7.944713 0.357479
vt -6.970565 0.979506
vt -6.959486 0.984841
vt -6.959486 0.990586
vt -6.974258 0.983199
vt -6.944713 0.983199
vt -6.948406 0.979506
vt 7.959486 0.354160
vt 7.970565 0.354161
vt 7.970565 0.357482
vt 7.959486 0.357481
vt 7.948406 0.354161
vt 7.948406 0.357482
vt 0.031574 0.354160
vt 0.042653 0.354161
vt 0.042653 0.357482
vt 0.031574 0.357481
vt 0.020494 0.354161
vt 0.020494 0.357482
vt -6.959486 0.354160
vt -6.948406 0.354161
vt -6.948406 0.357482
vt -6.959486 0.357481
vt -6.970565 0.354161
vt -6.970565 0.357482
vt 0.968426 0.354160
vt 0.979506 0.354161
vt 0.979506 0.357482
vt 0.968426 0.357481
vt 0.957347 0.354161
vt 0.957347 0.357482
s 1
usemtl base_material
f 684/927/689 707/928/690 708/929/691
f 708/929/691 689/930/692 684/927/689
f 683/931/693 706/932/693 705/933/694
f 705/933/694 682/934/694 683/931/693
f 683/935/693 690/936/695 709/937/695
f 709/937/695 706/938/693 683/935/693
f 707/939/690 684/940/689 682/934/694
f 682/934/694 705/933/694 707/939/690
f 682/941/696 681/942/696 685/943/697
f 685/943/697 683/944/697 682/941/696
f 687/945/698 690/946/698 683/944/697
f 683/944/697 685/943/697 687/945/698
f 681/942/696 682/941/696 684/947/699
f 684/947/699 686/948/699 681/942/696
f 684/947/699 689/949/700 688/950/700
f 688/950/700 686/948/699 684/947/699
f 692/951/701 689/930/692 708/929/691
f 708/929/691 712/952/702 692/951/701
f 694/953/703 693/954/704 711/955/704
f 711/955/704 710/956/703 694/953/703
f 709/937/695 690/936/695 694/957/703
f 694/957/703 710/958/703 709/937/695
f 712/959/702 711/955/704 693/954/704
f 693/954/704 692/960/701 712/959/702
f 696/961/705 695/962/706 693/963/706
f 693/963/706 694/964/705 696/961/705
f 694/964/705 690/946/698 687/945/698
f 687/945/698 696/961/705 694/964/705
f 692/965/707 693/963/706 695/962/706
f 695/962/706 691/966/707 692/965/707
f 688/950/700 689/949/700 692/965/707
f 692/965/707 691/966/707 688/950/700
f 703/961/708 704/945/709 697/943/708
f 697/943/708 698/942/710 699/948/708
f 699/948/708 700/950/711 701/966/708
f 697/943/708 699/948/708 701/966/708
f 703/961/708 697/943/708 701/966/708
f 703/961/708 701/966/708 702/962/712
f 698/967/713 697/968/713 685/969/713
f 685/969/713 681/970/713 698/967/713
f 699/971/714 698/967/714 681/970/714
f 681/970/714 686/972/714 699/971/714
f 700/973/715 699/974/715 686/975/715
f 686/975/715 688/976/715 700/973/715
f 701/977/716 700/973/716 688/976/716
f 688/976/716 691/978/716 701/977/716
f 702/979/717 701/980/717 691/981/717
f 691/981/717 695/982/717 702/979/717
f 703/983/718 702/979/718 695/982/718
f 695/982/718 696/984/718 703/983/718
f 704/985/719 703/986/719 696/987/719
f 696/987/719 687/988/719 704/985/719
f 697/989/720 704/985/720 687/988/720
f 687/988/720 685/990/720 697/989/720
o base_cell
v -6.928142 1.233726 -1.261395
v -6.844914 1.184418 -1.213175
v -6.902380 1.217424 -1.246668
v -6.764584 1.190281 -1.171417
v -6.803763 1.172121 -1.190975
v -6.840294 1.319209 -1.302922
v -6.834802 1.302345 -1.299577
v -6.899089 1.263113 -1.280067
v -6.874427 1.280684 -1.289744
v -6.727009 1.356908 -1.186287
v -6.729253 1.254863 -1.186287
v -6.725578 1.381119 -1.186287
v -6.739252 1.397065 -1.186287
v -6.873108 1.402380 -1.260402
v -6.829710 1.402380 -1.273361
v -6.830437 1.402483 -1.224678
v -6.784368 1.402380 -1.260402
v -6.808020 1.402483 -1.215897
v -6.733170 1.186386 -1.182799
v -6.733625 1.180143 -1.192145
v -6.733271 1.192752 -1.173446
v -6.730174 1.274395 -1.158165
v -6.728320 1.351366 -1.161566
v -6.903172 1.402380 -1.258009
v -6.871198 1.402407 -1.240965
v -6.861688 1.402437 -1.235897
v -6.836264 1.402483 -1.222345
v -6.825473 1.402792 -1.216612
v -6.830517 1.402783 -1.219300
v -6.811574 1.402891 -1.209208
v -6.803565 1.402483 -1.204912
v -6.793895 1.402465 -1.199756
v -6.728186 1.356908 -1.161844
v -6.726717 1.381119 -1.162592
v -6.730224 1.385288 -1.164725
v -6.740026 1.397065 -1.170695
v -6.778039 1.402058 -1.191276
v -6.768818 1.400896 -1.186287
v -6.919528 1.402380 -1.266901
v -6.733626 1.185991 -1.198828
v -6.732480 1.221976 -1.156588
v -6.730641 1.254863 -1.157376
v -6.905845 1.402380 -1.275965
v -6.899052 1.402380 -1.280319
v -6.732622 1.239053 -1.238407
v -6.733101 1.214015 -1.219839
v -6.732310 1.254646 -1.249685
v -6.732172 1.261127 -1.249925
v -6.730223 1.356908 -1.253054
v -6.729674 1.366282 -1.253193
v -6.784580 1.402380 -1.280232
v -6.836462 1.402380 -1.304430
v -6.728801 1.381119 -1.253373
v -6.755148 1.398594 -1.266354
v -6.742942 1.397065 -1.260601
v -6.891721 1.402380 -1.283187
vn 0.0816 -0.8000 -0.5944
vn 0.1040 -0.8293 0.5490
vn 0.1012 -0.8219 0.5605
vn -0.4634 0.0468 0.8849
vn -0.4635 0.0502 0.8847
vn -0.4697 0.0557 0.8811
vn -0.4769 0.0530 0.8773
vn -0.5626 -0.1555 0.8120
vn 0.1078 -0.6332 -0.7665
vn 0.0952 -0.4993 0.8612
vn -0.4566 0.0468 0.8884
vn -0.5522 0.0010 -0.8337
vn -0.5397 -0.0014 -0.8419
vn 0.0836 -0.5920 -0.8016
vn 0.1082 -0.5917 -0.7988
vn 0.1144 -0.5932 -0.7969
vn 0.1138 -0.5974 -0.7939
vn 0.1196 -0.5834 -0.8033
vn 0.4212 -0.0425 -0.9060
vn 0.4232 -0.0382 -0.9052
vn 0.4224 -0.0359 -0.9057
vn -0.3643 -0.0016 -0.9313
vn -0.1147 -0.2291 -0.9666
vn 0.0003 0.9998 -0.0219
vn 0.0147 0.9998 -0.0162
vn 0.0636 0.9980 -0.0026
vn -0.0000 1.0000 -0.0011
vn -0.3591 -0.0006 -0.9333
vn 0.9975 -0.0550 -0.0434
vn 0.9983 -0.0342 -0.0463
vn 0.9993 -0.0384 0.0004
vn 0.9984 -0.0549 -0.0136
vn 0.5594 0.8284 0.0278
vn 0.4841 0.8750 -0.0000
vn 0.1285 0.9917 -0.0044
vn 0.9487 0.3161 -0.0000
vn 0.7569 0.6524 0.0369
vn 0.9618 0.2698 0.0462
vn 0.9986 -0.0219 0.0480
vn 0.9981 -0.0386 0.0480
vn 0.9992 -0.0406 -0.0000
vn 0.9980 -0.0400 0.0480
vn -0.0000 1.0000 -0.0001
vn -0.0017 1.0000 -0.0008
vn -0.0005 1.0000 -0.0010
vn 0.0459 0.9989 -0.0006
vn -0.0011 1.0000 -0.0019
vn 0.9974 -0.0546 0.0479
vn 0.0956 0.9954 -0.0037
vn 0.0157 0.9999 0.0011
vn 0.0163 0.9998 -0.0066
vn 0.3842 0.9231 -0.0190
vn 0.1274 0.9918 -0.0058
vn -0.0067 0.9998 -0.0170
vn 0.9971 -0.0590 -0.0480
vn 0.9314 0.3612 -0.0448
vn 0.9980 -0.0408 -0.0480
vn 0.0423 0.9984 -0.0383
vn 0.0101 0.9984 -0.0554
vn 0.0210 0.9985 -0.0512
vn 0.9986 -0.0220 -0.0480
vt 0.000000 0.000000
vt 1.000000 0.000000
vt 1.000000 1.000000
vt 0.078188 0.000000
vt 1.000000 0.422979
vt 0.623462 0.000000
vt 0.422979 0.422979
vt 0.319195 0.000000
vt 1.000000 0.380255
vt 0.616987 0.190430
vt 0.647360 0.188913
vt 0.700889 0.189272
vt 0.720290 0.189303
vt 0.742687 0.190411
vt 0.840470 0.190568
vt 0.892503 0.190772
vt 1.000000 0.190755
vt 0.380255 0.380255
vt 0.374043 0.359681
vt 0.343521 0.269794
vt 0.352720 0.254314
vt 0.378301 0.210586
vt 0.485044 0.196345
vt 0.528909 0.190828
vt 0.579835 0.190506
vt 0.233502 0.000000
vt 0.190755 0.190755
vt 1.000000 0.150489
vt 0.895730 0.000000
vt 1.000000 0.376538
vt 0.315104 0.000000
vt 0.315104 0.315104
vt 0.730774 0.532979
vt 1.000000 0.680805
vt 0.233881 0.000000
vt 1.000000 0.766498
vt 0.233881 0.233881
vt 0.269913 0.000000
vt 0.607540 0.000000
vt 1.000000 0.352319
vt 0.352319 0.352319
vt 1.000000 0.104270
vt 1.000000 0.528900
vt 0.607540 0.607540
vt 1.000000 0.542576
vt 0.528900 0.528900
vt 0.348167 0.000000
vt 0.364204 0.047647
vt 0.542576 0.542576
vt 0.563389 0.306154
vt 0.458041 0.348776
vt 0.348167 0.348167
vt 0.615932 0.000000
vt 0.615721 0.166561
vt 0.587562 0.261607
vt 1.000000 0.730087
vt 0.702701 0.702701
vt -6.959243 1.006810
vt -6.936830 0.998031
vt -6.913182 1.042529
vt -6.958516 1.055485
vt 1.000000 0.702702
vt 0.615932 0.615932
vt 1.001972 0.160765
vt 1.020539 0.185800
vt 1.031818 0.201606
vt 0.968426 0.201606
vt 0.968426 0.130839
vt 0.978393 0.129402
vt 0.980964 0.132747
vt -6.868849 0.952837
vt -6.868074 0.968426
vt -6.897635 0.968426
vt 0.968426 0.327840
vt 0.968426 0.343783
vt 0.952837 0.343783
vt 0.946868 0.332008
vt 0.946868 0.332008
vt 0.944735 0.327840
vt 0.940316 0.221135
vt 0.939521 0.201606
vt 0.968426 0.303633
vt 0.943988 0.303633
vt 0.943714 0.298092
vt -7.020516 1.065309
vt -7.027846 1.062442
vt -7.034637 1.058088
vt -7.048318 1.049026
vt -7.031965 1.040136
vt -7.004006 1.025230
vt -7.001906 1.042529
vt -6.913394 1.062354
vt -6.965267 1.086549
vt 0.943988 0.303633
vt -6.999997 1.023095
vt -6.990489 1.018027
vt 0.939521 0.201606
vt 0.938733 0.168725
vt 0.955588 0.139506
vt -6.909440 0.974814
vt -6.922708 0.981893
vt -6.932376 0.987048
vt -6.875114 1.044306
vt -6.906854 0.973415
vt -6.897635 0.968426
vt -6.883967 1.048480
vt -6.990488 1.018027
vt -6.965069 1.004478
vt -6.883968 1.048480
vt -6.913394 1.062355
vt 1.035319 0.313006
vt 1.035501 0.327840
vt 1.035181 0.303633
vt -6.932376 0.987048
vt -6.937130 0.989614
vt -6.959324 1.001434
vt -6.940384 0.991344
vt -6.954280 0.998746
vt -6.954280 0.998746
vt 1.041950 0.342055
vt 1.042727 0.343783
vt 1.035181 0.303633
vt 1.031818 0.201606
vt 1.032052 0.207869
s 0
usemtl base_material
f 714/991/721 732/992/721 717/993/721
f 732/994/722 731/995/722 717/993/722
f 733/996/723 716/992/723 717/993/723 731/997/723
f 716/991/724 714/992/724 717/993/724
f 734/998/725 735/999/725 714/993/725 716/991/725
f 743/1000/726 742/1001/726 740/1002/726 741/1003/726 739/1004/726 738/1005/726 737/1006/726 736/1007/726 714/993/726 735/1008/726 745/1009/726 746/1010/726 747/1011/726 748/1012/726 750/1013/726 749/1014/726 744/1015/726
f 751/1016/727 713/992/727 714/993/727 736/1017/727
f 713/991/728 715/992/728 714/993/728
f 732/1018/729 714/993/729 715/991/729 752/1019/729
f 716/992/730 733/1020/730 753/1021/730
f 716/993/731 753/1022/731 754/1023/731 734/1024/731
f 755/1025/732 713/992/732 751/1026/732
f 720/992/733 713/993/733 755/1027/733 756/1028/733
f 720/991/734 715/992/734 713/993/734
f 720/991/735 721/992/735 715/993/735
f 721/991/736 757/1029/736 758/1030/736 715/993/736
f 715/993/737 758/1031/737 752/1032/737
f 719/992/738 759/1033/738 757/1034/738 721/991/738
f 719/991/739 718/992/739 760/1035/739 759/1036/739
f 718/991/740 762/1037/740 761/1038/740 760/1039/740
f 767/1040/741 765/1041/741 762/1042/741 718/991/741 764/1043/741 763/1044/741 766/1045/741
f 721/991/742 720/992/742 756/1046/742 768/1047/742
f 718/991/743 719/992/743 721/993/743
s 1
f 728/1048/744 730/1049/745 729/1050/746 727/1051/747
s 0
f 718/991/748 721/992/748 768/1052/748 764/1053/748
s 1
f 758/1054/749 757/1055/749 759/1056/750 723/1057/751 731/1058/752 732/1059/749 752/1060/749
f 748/1061/753 725/1062/754 750/1063/755
f 724/1064/756 725/1065/754 748/1066/753 747/1067/757
f 747/1068/757 746/1069/758 724/1064/756
f 734/1070/759 754/1071/760 723/1057/751 722/1072/761 745/1073/762 735/1074/759
f 768/1075/763 756/1076/763 755/1077/763 751/1078/763 736/1079/763 737/1080/764 726/1081/765 727/1051/747 729/1050/746 763/1082/766 764/1083/763
f 722/1072/761 724/1064/756 746/1069/758 745/1084/762
f 726/1081/765 737/1085/764 738/1086/767
f 731/1058/752 723/1057/751 754/1087/760 753/1088/768 733/1089/768
f 749/1090/769 729/1050/746 744/1091/770
f 744/1091/770 729/1050/746 730/1049/745 743/1092/771
f 767/1093/772 749/1094/769 750/1095/755 725/1062/754
f 767/1093/772 766/1096/773 729/1050/746 749/1094/769
f 727/1051/747 726/1081/765 738/1097/767 739/1098/774 728/1048/744
f 729/1050/746 766/1099/773 763/1100/766
f 762/1101/775 765/1102/776 724/1064/756 722/1072/761 761/1103/777
f 743/1104/771 730/1049/745 742/1105/778
f 741/1106/779 728/1048/744 739/1098/774
f 742/1107/778 730/1049/745 728/1048/744 740/1108/780
f 740/1109/780 728/1048/744 741/1106/779
f 724/1064/756 765/1102/776 767/1110/772
f 767/1111/772 725/1065/754 724/1064/756
f 761/1112/777 722/1072/761 723/1057/751 759/1113/750 760/1114/781
o base_cell.001
v -6.971757 0.412633 -0.897193
v -6.972090 0.666619 -0.897144
v -6.971508 0.412367 -1.283988
v -6.886675 0.462398 -1.084222
v -6.972298 0.710866 -1.115455
v -6.971889 0.691739 -0.997445
v -6.681378 0.412208 -0.897882
v -6.697605 0.499825 -0.897580
v -6.857780 0.684277 -0.897270
v -6.695971 0.412507 -1.283963
v -6.674456 0.412567 -1.003017
v -6.710652 0.597332 -1.179373
v -6.845190 0.729472 -1.104761
v -6.707002 0.585965 -1.185935
v -6.689306 0.483351 -1.243608
v -6.854031 0.711795 -1.003883
v -6.685182 0.528822 -1.186009
v -6.683297 0.523198 -1.187879
v -6.765780 0.462398 -1.068729
v -6.887872 0.683913 -1.111728
v -6.830338 0.642336 -1.144018
v -6.830281 0.580706 -1.114818
v -6.830251 0.547206 -1.134081
v -6.830325 0.628188 -1.132588
v -6.830296 0.596230 -1.117620
v -6.830266 0.563598 -1.120214
v -6.830239 0.533834 -1.156696
v -6.887917 0.703769 -1.108945
v -6.830234 0.528474 -1.186287
v -6.778541 0.651529 -1.096280
v -6.786313 0.660976 -1.098571
v -6.807950 0.687011 -1.103988
v -6.814157 0.693942 -1.103583
v -6.825074 0.706089 -1.102718
v -6.846118 0.727615 -1.094164
v -6.749176 0.628188 -1.132588
v -6.760043 0.645843 -1.151981
v -6.758880 0.642336 -1.144018
v -6.830341 0.645900 -1.152110
v -6.887896 0.722062 -1.101168
v -6.874158 0.723792 -1.098273
v -6.705924 0.561996 -1.077253
v -6.715769 0.574211 -1.080093
v -6.771096 0.642271 -1.094057
v -6.725319 0.596230 -1.117620
v -6.707738 0.575557 -1.116442
v -6.712602 0.580706 -1.114818
v -6.694658 0.559803 -1.123424
v -6.686714 0.533834 -1.175884
v -6.695677 0.548810 -1.074228
v -6.696870 0.563598 -1.120214
v -6.687115 0.533308 -1.187566
v -6.697994 0.533728 -1.215294
v -6.690957 0.530939 -1.199896
v -6.703682 0.533755 -1.215441
v -6.830239 0.533761 -1.215476
v -6.689189 0.513572 -1.068325
v -6.680143 0.462398 -1.059791
v -6.691474 0.547206 -1.134081
v -6.686596 0.533834 -1.169029
v -6.687397 0.533834 -1.156696
vn 0.7381 0.6506 0.1787
vn 0.0157 0.5037 -0.8637
vn -0.1572 0.9748 0.1585
vn -0.1501 0.9591 0.2399
vn -0.1479 0.9589 0.2423
vn 0.7411 0.6433 0.1921
vn 0.7429 0.6425 0.1879
vn 0.9358 0.3509 -0.0349
vn 0.9233 0.3811 -0.0488
vn 0.9302 0.3543 -0.0963
vn 0.7556 0.6291 0.1827
vn 0.7797 0.6017 0.1733
vn 0.7925 0.5906 0.1522
vn 0.9261 0.3538 -0.1309
vn 0.8767 0.3416 -0.3388
vn 0.0248 0.4930 -0.8696
vn -0.0000 0.4918 -0.8707
vn -0.0208 0.9993 -0.0316
vn -0.0188 0.9998 -0.0110
vn -0.0155 0.9407 -0.3389
vn -0.0191 0.9948 -0.1005
vn 0.0015 0.4934 -0.8698
vn -1.0000 -0.0023 -0.0006
vn -1.0000 -0.0013 0.0007
vn -0.9980 0.0616 0.0134
vn 0.0024 -0.0030 1.0000
vn 0.9812 0.1815 0.0652
vn -0.1560 0.9752 0.1572
vn 0.9795 0.1910 0.0637
vn 0.9795 0.1913 0.0636
vn 0.9791 0.1935 0.0626
vn 0.9464 0.3225 -0.0164
vn 0.9962 -0.0455 -0.0749
vn 0.9958 -0.0503 -0.0763
vn 0.0255 -0.9997 -0.0017
vn 0.0005 -1.0000 -0.0008
vn -0.0015 -1.0000 0.0007
vn -0.1098 0.1267 0.9858
vn -0.0981 0.0482 0.9940
vn -0.0962 -0.0053 0.9953
vn -0.1183 0.1309 0.9843
vn -0.1109 0.1392 0.9840
vn -0.1168 0.1351 0.9839
vn -0.1260 0.1347 0.9829
vn -0.0886 0.1399 0.9862
vn -0.1027 0.1459 0.9840
vn -0.1432 -0.3871 0.9109
vn -0.0955 -0.2745 0.9568
vn -0.0919 -0.4185 0.9036
vn -0.0873 -0.2340 0.9683
vn -0.0733 -0.4294 0.9001
vn -0.0000 -0.9152 -0.4030
vn -0.0000 -0.7672 -0.6414
vn -0.0000 -0.7943 -0.6075
vn 0.9809 0.1839 0.0632
vn -0.0000 -0.5302 -0.8479
vn -0.0000 -0.4954 -0.8687
vn -0.0000 -0.2540 -0.9672
vn -0.0000 -0.3035 -0.9528
vn -0.0000 0.4827 -0.8758
vn -0.0000 0.0633 -0.9980
vn -0.0000 0.1712 -0.9852
vn -0.0000 0.3008 -0.9537
vn -0.0000 0.5511 -0.8344
vn 0.0014 -0.0003 1.0000
vn -0.0000 0.9840 0.1782
vn -0.0013 0.9673 -0.2538
vn -0.0023 0.9999 -0.0170
vn -0.0000 0.6459 -0.7634
vn -0.0000 0.7760 -0.6308
vn -0.0000 0.7640 -0.6453
vn -0.0905 -0.1417 0.9858
vt 0.894961 0.894961
vt 0.000000 0.000000
vt 0.526510 0.000000
vt 0.595287 0.131067
vt 0.776763 0.485294
vt 0.808409 0.565158
vt 0.862478 0.703924
vt 1.000000 0.367117
vt 1.000000 1.000000
vt 0.735138 0.004076
vt 0.910299 0.262875
vt 0.732710 0.000000
vt 1.000000 0.000000
vt 0.367117 0.367117
vt 0.961936 0.425034
vt 1.000000 0.473490
vt 0.637608 0.000000
vt 0.687613 0.064117
vt 0.852899 0.115681
vt 1.000000 0.267290
vt 0.776677 0.000000
vt 0.791216 0.032599
vt 0.051947 0.000000
vt 0.846631 0.000000
vt 1.000000 0.070911
vt 0.986641 0.066783
vt 0.083534 0.000000
vt 0.794229 0.000000
vt 0.637608 0.637608
vt 0.776677 0.776677
vt 1.000000 0.022221
vt 0.972917 0.105135
vt 0.083534 0.083534
vt 0.161078 0.161078
vt 1.000000 0.490936
vt 0.491015 0.266108
vt 0.490936 0.490936
vt 1.000000 0.699003
vt 0.699003 0.699003
vt -6.819788 0.982033
vt -6.959040 0.968426
vt -6.959045 0.938841
vt -6.815948 0.969705
vt 0.417453 0.417453
vt 1.000000 0.894961
vt 0.411831 0.411831
vt 1.000000 0.205771
vt 0.277682 0.000000
vt 0.337547 0.037178
vt 0.681405 0.033906
vt 0.943824 0.000000
vt 1.000000 0.153369
vt 0.277682 0.277682
vt 0.943824 0.943824
vt -6.915127 -0.392175
vt -6.936760 -0.366144
vt -7.016668 -0.369242
vt -7.015471 -0.590717
vt -6.915126 -0.392175
vt -6.894598 -0.590717
vt -6.899913 -0.410876
vt -6.907356 -0.401619
vt -6.844596 -0.478924
vt -6.899913 -0.410876
vt -6.824507 -0.504321
vt -6.834753 -0.491136
vt -6.844596 -0.478924
vt -6.808977 -0.590717
vt -6.818021 -0.539552
vt -7.016691 -0.331100
vt -7.016713 -0.349389
vt -7.002956 -0.329369
vt -6.953881 -0.347069
vt -6.974922 -0.325548
vt 7.888862 0.934127
vt 7.887699 0.926165
vt 7.959144 0.926165
vt 7.959146 0.934256
vt 1.000000 0.411831
vt 7.959131 -0.424957
vt 7.877796 -0.425217
vt 7.854144 -0.456909
vt 7.959102 -0.456909
vt 7.959072 -0.489536
vt 7.959087 -0.472430
vt 7.841429 -0.472430
vt 7.836566 -0.477578
vt 7.825700 -0.489536
vt 7.959144 -0.410811
vt 7.887699 -0.410811
vt 7.877996 -0.424957
vt -6.826824 0.997429
vt -6.832510 0.997575
vt -6.959045 0.997611
vt -6.815847 0.966824
vt -6.816229 0.938841
vt -6.815428 0.951171
vt -6.815546 0.958026
vt 7.823340 -0.493783
vt 7.820305 -0.505924
vt 7.959057 -0.505924
vt 7.825700 -0.489536
vt -6.942966 -0.359214
vt -6.820305 0.916230
vt -6.816229 0.938841
vt -6.959057 0.916230
s 0
usemtl base_material
f 803/1115/782 784/1116/782 798/1117/782 799/1118/782 800/1119/782 801/1120/782 802/1121/782
f 805/1122/782 781/1123/782 803/1115/782 802/1121/782 801/1120/782 800/1119/782 799/1118/782 798/1117/782 804/1124/782 806/1125/782
f 805/1122/782 806/1125/782 804/1126/782 780/1127/782
f 780/1116/783 782/1127/783 805/1128/783
f 773/1116/784 774/1127/784 784/1123/784
f 774/1116/785 770/1127/785 784/1123/785
f 770/1116/786 777/1127/786 784/1123/786
f 777/1116/787 776/1127/787 784/1123/787
f 812/1129/788 798/1130/788 784/1123/788 776/1116/788 810/1131/788 811/1132/788
f 813/1133/788 804/1134/788 798/1130/788 812/1129/788 811/1132/788 810/1131/788 814/1135/788 815/1136/788
f 815/1136/788 814/1135/788 780/1127/788 804/1134/788 813/1133/788
f 780/1123/789 816/1137/789 817/1138/789 820/1139/789
f 785/1127/790 820/1140/790 817/1138/790
f 820/1141/791 782/1127/791 780/1123/791
f 776/1116/792 818/1142/792 810/1143/792
f 814/1144/793 810/1143/793 818/1142/793 816/1145/793 819/1146/793
f 819/1146/794 816/1145/794 780/1123/794 814/1144/794
f 785/1116/795 786/1127/795 820/1147/795
f 820/1148/796 786/1116/796 783/1127/796 821/1149/796 822/1150/796
f 822/1150/796 821/1149/796 782/1123/796 820/1148/796
f 782/1123/797 821/1151/797 823/1152/797
f 783/1116/797 778/1127/797 823/1152/797 821/1151/797
f 778/1116/798 771/1127/798 773/1127/798 782/1123/798 823/1153/798
s 1
f 822/1154/799 797/1155/800 795/1156/801 820/1157/802
s 0
f 781/1123/803 805/1158/803 782/1116/803 773/1127/803
f 771/1116/804 769/1127/804 773/1123/804
f 769/1116/805 770/1127/805 773/1123/805
f 770/1116/806 774/1127/806 773/1123/806
f 769/1116/807 775/1127/807 776/1123/807
f 775/1116/808 779/1127/808 776/1123/808
f 773/1116/809 784/1127/809 803/1159/809 781/1123/809
f 776/1123/810 825/1160/810 818/1161/810
f 816/1127/811 818/1161/811 825/1160/811 786/1116/811 828/1162/811 829/1163/811 827/1164/811
f 816/1165/812 827/1164/812 829/1163/812 828/1162/812
f 817/1166/813 828/1167/813 786/1116/813 785/1127/813
f 828/1167/813 817/1166/813 816/1168/813
f 786/1123/814 779/1116/814 783/1127/814
f 783/1123/815 779/1116/815 778/1127/815
f 779/1116/816 775/1127/816 778/1123/816
f 775/1116/817 771/1127/817 778/1123/817
f 775/1116/818 769/1127/818 771/1123/818
s 1
f 799/1169/819 800/1170/820 788/1171/821 772/1172/822
f 799/1173/819 772/1172/822 787/1174/823 812/1175/824 798/1176/825
f 787/1174/823 811/1177/826 812/1178/824
f 818/1179/827 810/1180/827 811/1181/826 787/1174/823 826/1182/827 825/1183/827
f 808/1184/828 796/1185/829 809/1186/830
f 809/1186/830 796/1185/829 802/1187/831 803/1188/832
f 805/1189/833 806/1190/834 789/1191/835 807/1192/833
s 0
f 786/1127/836 825/1193/836 776/1123/836 779/1116/836
s 1
f 792/1194/837 804/1195/838 813/1196/839 793/1197/840
f 794/1198/841 790/1199/842 815/1200/843 814/1201/844 819/1202/845
f 790/1199/842 793/1197/840 813/1196/839 815/1200/843
f 792/1194/837 789/1203/835 806/1204/834 804/1205/838
s 0
f 769/1116/846 776/1127/846 777/1127/846 770/1123/846
s 1
f 797/1155/800 822/1154/799 821/1206/847 823/1207/847 824/1208/847
f 820/1209/802 795/1156/801 829/1210/848 828/1211/849 817/1212/849
f 816/1213/850 827/1214/851 791/1215/852 794/1198/841 819/1216/845
f 796/1185/829 788/1171/821 800/1170/820 801/1217/853
f 802/1187/831 796/1185/829 801/1217/853
f 827/1218/851 829/1219/848 795/1156/801 791/1220/852
o base_cell.002
v -6.394101 0.904352 -0.897785
v -6.405173 0.683689 -0.897336
v -6.331347 0.904771 -0.897376
v -6.317495 0.870083 -0.897408
v -6.314956 0.710717 -0.897542
v -6.375163 0.686203 -0.898079
v -6.392742 0.681074 -0.897518
v -6.431324 0.933799 -0.982580
v -6.451540 0.889477 -1.022510
v -6.454728 0.790293 -1.018226
v -6.405437 0.938964 -0.998003
v -6.354554 0.930075 -0.971247
v -6.347723 0.924911 -0.957408
v -6.406947 0.872524 -1.081035
v -6.416513 0.851213 -1.101037
v -6.441041 0.845301 -1.087924
v -6.407190 0.834839 -1.082669
v -6.393030 0.707103 -0.929062
v -6.375711 0.911001 -0.997975
v -6.408561 0.911001 -0.992184
v -6.413005 0.930840 -1.002027
v -6.419980 0.927890 -0.999882
v -6.437323 0.920646 -0.994430
v -6.435636 0.911001 -0.989567
v -6.408543 0.932712 -1.003391
v -6.384933 0.922969 -1.002525
v -6.369074 0.914126 -1.001674
v -6.376403 0.918464 -1.001757
vn 0.0095 -0.0241 0.9997
vn 0.0025 -0.0008 1.0000
vn 0.0015 -0.0003 1.0000
vn -0.0065 0.0024 1.0000
vn -0.0084 0.9435 0.3313
vn -0.0020 0.9458 0.3246
vn -0.9086 0.0464 0.4150
vn -0.1714 -0.7727 -0.6111
vn -0.1332 -0.7680 -0.6265
vn -0.1538 -0.7607 -0.6306
vn -0.1091 -0.7689 -0.6300
vn -0.0596 -0.7702 -0.6350
vn 0.2002 -0.7548 -0.6246
vn 0.1265 -0.3312 0.9351
vn -0.9844 0.0241 -0.1743
vn 0.2978 -0.7176 -0.6295
vn 0.8985 0.0132 -0.4388
vn -0.4606 0.6996 -0.5463
vn 0.8990 0.0166 -0.4377
vn 0.9210 0.3679 -0.1278
vn 0.1616 0.9481 0.2740
vn -0.9095 0.0457 0.4131
vn -0.4632 0.7004 -0.5429
vn -0.9112 0.0470 0.4092
vn 0.8990 0.0147 -0.4377
vn 0.4064 0.6903 -0.5986
vn -0.4605 0.6996 -0.5463
vn -0.4159 0.7146 -0.5625
vn 0.8964 0.0134 -0.4430
vn 0.2384 -0.7358 -0.6338
vn 0.3694 0.7312 -0.5734
vn -0.1996 -0.4557 -0.8675
vn -0.1176 -0.4566 -0.8819
vn -0.1188 -0.4554 -0.8823
vn -0.1561 -0.4538 -0.8773
vn -0.1947 -0.4577 -0.8675
vn -0.2600 -0.4555 -0.8514
vn -0.0824 -0.4589 -0.8847
vn -0.0790 -0.4572 -0.8859
vn -0.0854 -0.4605 -0.8836
vn -0.0007 0.9486 0.3165
vt 0.000000 0.000000
vt 1.000000 0.000000
vt 1.000000 1.000000
vt 0.835836 0.000000
vt 1.000000 0.060964
vt 0.277139 0.277139
vt 0.403368 0.200519
vt 0.164164 0.000000
vt 1.000000 0.703227
vt 0.703227 0.703227
vt 1.000000 0.277139
vt 0.808759 0.231289
vt 0.594598 0.186095
vt 0.077911 0.077911
vt 0.941879 0.038465
vt 0.077911 0.000000
vt 7.504599 -0.142195
vt 7.537442 -0.142195
vt 7.534437 -0.119412
vt 7.513819 -0.130229
vt 7.505291 -0.134732
vt 7.497205 -0.142195
vt 7.548860 -0.125308
vt 7.541886 -0.122359
vt 7.537425 -0.120487
vt 7.564513 -0.142195
vt 7.566200 -0.132551
s 0
usemtl base_material
f 836/1221/854 834/1222/854 831/1223/854
f 834/1221/855 833/1222/855 831/1223/855
f 833/1221/856 832/1222/856 831/1223/856
f 832/1221/857 830/1222/857 831/1223/857
f 837/1221/858 830/1222/858 832/1223/858
f 837/1222/859 832/1223/859 841/1221/859
f 837/1222/860 831/1223/860 830/1221/860
f 839/1221/861 836/1222/861 831/1223/861
f 839/1221/862 844/1222/862 836/1223/862
f 839/1223/863 845/1221/863 844/1222/863
f 844/1221/864 846/1222/864 836/1223/864
f 846/1221/865 847/1222/865 836/1223/865
f 847/1221/866 835/1222/866 836/1223/866
f 835/1221/867 834/1222/867 836/1223/867
f 845/1222/868 839/1223/868 838/1221/868
f 846/1222/869 834/1223/869 835/1221/869
f 834/1223/870 846/1221/870 843/1222/870
f 838/1221/871 850/1224/871 854/1225/871 844/1223/871 845/1221/871
f 856/1226/872 841/1221/872 842/1222/872 833/1223/872 843/1223/872
f 842/1221/873 832/1222/873 833/1223/873
f 842/1221/874 841/1222/874 832/1223/874
f 837/1221/875 839/1222/875 831/1223/875
f 851/1227/876 850/1228/876 838/1222/876 852/1229/876
f 852/1229/876 837/1223/876 840/1221/876 850/1228/876 851/1227/876
f 852/1230/877 838/1221/877 839/1222/877 837/1223/877
f 834/1223/878 843/1221/878 833/1222/878
f 840/1221/879 841/1222/879 856/1231/879 857/1232/879 855/1233/879 854/1234/879
f 840/1222/880 854/1235/880 850/1224/880
f 854/1236/881 843/1222/881 844/1223/881
f 843/1221/882 846/1222/882 844/1223/882
f 847/1222/883 846/1223/883 835/1221/883
f 857/1232/884 856/1231/884 843/1223/884 854/1234/884 855/1233/884
s 1
f 848/1237/885 849/1238/886 854/1239/887 855/1240/888
f 848/1237/885 855/1240/888 857/1241/889
f 856/1242/890 848/1237/885 857/1241/889
f 849/1238/886 851/1243/891 850/1244/892 854/1245/887
f 853/1246/893 852/1247/893 851/1243/891 849/1238/886
s 0
f 837/1223/894 841/1221/894 840/1222/894
o base_cell.003
v -6.551656 0.412455 -0.897555
v -6.679330 0.412093 -0.897846
v -6.356518 0.515426 -0.897447
v -6.654444 0.462398 -1.057109
v -6.612380 0.588221 -0.897633
v -6.408754 0.594990 -0.897186
v -6.694945 0.500730 -0.897610
v -6.394975 0.581629 -0.897594
v -6.673096 0.412605 -1.000324
v -6.609808 0.634455 -1.067121
v -6.682684 0.528729 -1.185480
v -6.692324 0.561108 -1.119199
v -6.396745 0.568709 -1.017749
v -6.495026 0.651811 -1.114792
v -6.568450 0.611586 -1.124812
v -6.552141 0.580706 -1.114818
v -6.560340 0.596230 -1.117620
v -6.543105 0.563598 -1.120214
v -6.465399 0.607670 -1.137891
v -6.430820 0.588047 -1.077380
v -6.458268 0.612855 -1.139489
v -6.617986 0.477520 -1.057891
v -6.562507 0.508144 -1.060244
v -6.542048 0.520177 -1.062296
v -6.540823 0.559277 -1.123869
v -6.551774 0.555512 -1.127054
v -6.445302 0.578831 -1.074809
v -6.478781 0.558073 -1.069741
v -6.479776 0.597736 -1.134081
v -6.495235 0.587566 -1.130806
v -6.647038 0.462398 -1.056798
v -6.634502 0.533834 -1.156696
v -6.672541 0.533834 -1.185595
v -6.577771 0.547206 -1.134081
v -6.500666 0.653481 -1.122066
v -6.492120 0.648643 -1.117425
v -6.640243 0.590302 -1.116550
v -6.679166 0.533834 -1.179765
v -6.627864 0.596230 -1.117620
v -6.617726 0.622968 -1.079980
v -6.586703 0.638644 -1.081221
v -6.511227 0.653748 -1.124783
v -6.535262 0.639878 -1.126858
v -6.572528 0.619308 -1.128429
v -6.576574 0.639480 -1.080923
v -6.486042 0.642903 -1.116083
v -6.482192 0.639320 -1.114818
v -6.474781 0.631718 -1.117838
v -6.470803 0.627541 -1.120214
v -6.463911 0.619806 -1.128190
v -6.438604 0.601591 -1.078541
v -6.460046 0.622233 -1.080253
v -6.460408 0.615636 -1.134081
v -6.478112 0.639508 -1.081678
v -6.681249 0.478794 -1.062338
v -6.678449 0.462398 -1.059614
v -6.692860 0.548773 -1.073929
v -6.688995 0.547206 -1.134081
v -6.684205 0.533834 -1.175030
v -6.685298 0.533834 -1.156696
v -6.691551 0.558510 -1.124518
v -6.686563 0.563598 -1.120214
v -6.629432 0.617011 -1.079506
v -6.660131 0.580706 -1.114818
v -6.563317 0.639850 -1.080423
v -6.513146 0.641992 -1.081261
v -6.499322 0.642521 -1.081482
v -6.482069 0.643277 -1.082111
v -6.658766 0.585225 -1.075777
v -6.676318 0.566537 -1.074837
vn 0.4365 -0.7524 -0.4934
vn 0.4071 -0.7747 -0.4839
vn 0.1139 -0.3741 -0.9204
vn 0.0665 -0.2212 -0.9730
vn -0.0000 -0.2126 -0.9772
vn 0.1078 -0.3744 -0.9210
vn -0.4036 0.7917 -0.4587
vn -0.4172 0.7902 -0.4489
vn -0.0519 0.9698 0.2381
vn -0.0858 0.9847 0.1520
vn 0.7552 0.6306 -0.1789
vn 0.7303 0.6741 -0.1110
vn 0.8628 0.5011 -0.0666
vn 0.4095 -0.7756 -0.4804
vn 0.4075 -0.7752 -0.4827
vn 0.3835 -0.7733 -0.5049
vn -0.0000 0.6797 -0.7335
vn -0.0000 0.9077 -0.4197
vn -0.0000 0.9600 -0.2801
vn -0.0000 0.7532 -0.6578
vn 0.0028 -1.0000 -0.0048
vn -0.0000 0.5802 -0.8145
vn -0.1600 0.4511 -0.8780
vn -0.2061 0.5663 -0.7980
vn -0.0000 0.6459 -0.7634
vn -0.9832 -0.1728 -0.0586
vn -0.4200 0.7898 -0.4469
vn -0.0368 0.9642 0.2625
vn -0.0326 0.9638 0.2646
vn -0.7134 0.6788 0.1743
vn 0.0724 0.0443 0.9964
vn 0.0009 -0.0027 1.0000
vn -0.0023 -0.0031 1.0000
vn -0.0011 -0.0012 1.0000
vn -0.0023 0.0024 1.0000
vn -0.7160 0.6757 0.1756
vn 0.0376 0.1446 0.9888
vn 0.0394 0.1446 0.9887
vn 0.0666 0.1423 0.9876
vn 0.0682 0.1419 0.9875
vn 0.0600 0.1443 0.9877
vn 0.0889 0.1356 0.9868
vn -0.1027 0.1459 0.9840
vn -0.0705 0.1484 0.9864
vn -0.0526 0.1482 0.9876
vn -0.0399 0.1505 0.9878
vn -0.0357 0.1489 0.9882
vn -0.0415 0.1511 0.9877
vn -0.0243 0.1513 0.9882
vn -0.0153 0.1513 0.9884
vn 0.0144 0.1500 0.9886
vn 0.0222 0.1473 0.9888
vn 0.0100 0.1515 0.9884
vn 0.0297 0.1447 0.9890
vn 0.3220 -0.4384 -0.8391
vn 0.2349 -0.3182 -0.9185
vn 0.0951 -0.1135 -0.9890
vn -0.0234 0.0280 -0.9993
vn -0.0423 0.1188 -0.9920
vn 0.2833 -0.3195 -0.9042
vn 0.0339 -0.0404 -0.9986
vn 0.4647 -0.5390 -0.7025
vn -0.5354 0.5793 -0.6146
vn -0.5050 0.5464 -0.6681
vn -0.4142 0.4659 -0.7819
vn -0.4499 0.4973 -0.7418
vn -0.3321 0.3755 -0.8653
vn -0.2141 0.2477 -0.9449
vn -0.5701 0.6168 -0.5428
vn -0.9822 -0.1778 -0.0606
vn 0.6921 0.7165 -0.0873
vn -0.0000 0.2316 -0.9728
vn -0.0000 -0.1776 -0.9841
vn -0.9832 -0.1730 -0.0587
vn -0.0000 1.0000 -0.0000
vn 0.6920 0.7166 -0.0872
vt 0.046255 0.000000
vt 1.000000 0.351067
vt 1.000000 0.707320
vt 0.397358 0.341645
vt 0.507604 0.324845
vt 0.723800 0.305208
vt 0.795025 0.300878
vt 1.000000 0.307381
vt 1.000000 0.676686
vt 0.946086 0.654662
vt 0.796097 0.677747
vt 0.748639 0.690821
vt 0.707320 0.707320
vt 0.351067 0.351067
vt 0.000000 0.000000
vt 1.000000 0.000000
vt 7.697303 -0.441556
vt 7.689195 -0.456909
vt 7.756706 -0.456909
vt 7.701381 -0.433835
vt 0.040467 0.000000
vt 0.053704 0.053704
vt 0.620711 0.091818
vt 0.582380 0.000000
vt 0.891349 0.000000
vt 1.000000 0.231532
vt 0.998042 0.940974
vt 0.899786 0.784023
vt 0.754623 0.528388
vt 0.996360 0.223854
vt 1.000000 0.543119
vt 0.944293 0.944293
vt 0.231532 0.231532
vt 0.289539 0.000000
vt 1.000000 0.472429
vt 0.773804 0.304289
vt 0.355918 0.000000
vt 0.086055 0.086055
vt 1.000000 0.953745
vt 0.901033 0.836139
vt 0.769411 0.689914
vt 0.547590 0.458787
vt 0.442426 0.360222
vt 0.260918 0.198573
vt 0.195696 0.158893
vt 1.000000 1.000000
vt 0.676686 0.676686
vt 0.307381 0.307381
vt 1.000000 0.053704
vt 0.841706 0.247066
vt 0.716194 0.541054
vt -6.706622 0.916230
vt -6.763344 0.938841
vt -6.814131 0.938841
vt -6.817827 0.916230
vt 7.815396 -0.489536
vt 7.671963 -0.489536
vt 7.669682 -0.493855
vt 7.680631 -0.497619
vt 7.706622 -0.505924
vt 7.817827 -0.505924
vt 7.820381 -0.494622
vt 1.000000 0.842333
vt 0.571879 0.571879
vt 0.795702 0.000000
vt 1.000000 0.080247
vt 0.960673 0.356008
vt 0.946886 0.743292
vt 0.842333 0.842333
vt 1.000000 0.951713
vt 0.080247 0.080247
vt 0.762174 0.000000
vt 1.000000 0.108651
vt 1.000000 0.417620
vt 0.584648 0.220234
vt 0.126569 0.064264
vt 0.441494 0.405833
vt 1.000000 0.845591
vt 0.289539 0.289539
vt 1.000000 0.849815
vt 0.845591 0.845591
vt 0.913974 0.846749
vt 0.762174 0.762174
vt 0.200221 0.000000
vt 0.410738 0.280747
vt 0.799779 0.000000
vt 1.000000 0.204298
vt -6.606982 -0.413639
vt -6.607650 -0.495059
vt -6.574177 -0.474305
vt -6.567481 -0.451549
vt -6.588919 -0.430910
vt -6.567481 -0.451549
vt -6.574177 -0.474305
vt -6.556098 -0.462561
vt -6.807282 -0.590717
vt -6.783282 -0.590717
vt -6.787603 -0.467912
vt -6.805152 -0.486597
vt -6.821691 -0.504357
vt -6.810082 -0.574324
vt -6.787603 -0.467912
vt -6.715553 -0.414503
vt -6.746570 -0.430176
vt -6.758275 -0.436131
vt -6.715554 -0.414503
vt -6.775877 -0.590717
vt -6.746830 -0.575598
vt -6.691361 -0.544979
vt -6.692172 -0.413297
vt -6.705425 -0.413666
vt -6.692172 -0.413297
vt -6.670906 -0.532948
vt -6.628188 -0.410626
vt -6.642010 -0.411155
vt -6.628187 -0.410626
vt -6.670905 -0.532948
vt -6.607650 -0.495059
vt -6.610938 -0.409870
vt 7.664121 -0.413268
vt 7.640579 -0.399676
vt 7.701381 -0.433835
vt 7.614910 -0.410244
vt 7.611060 -0.413827
vt 7.680997 -0.472430
vt 7.622016 -0.403790
vt 7.620986 -0.404505
vt 7.626919 -0.401234
vt 7.622017 -0.403790
vt 7.640089 -0.399401
vt 7.589280 -0.437506
vt 7.608645 -0.455404
vt 7.624101 -0.465571
vt 7.592783 -0.433337
vt 7.599674 -0.425603
vt 7.603650 -0.421427
vt 7.599674 -0.425603
vt 7.611061 -0.413827
vt 7.603650 -0.421427
vt -6.594271 0.920039
vt -6.608645 0.916230
vt -6.589280 0.916230
vt -6.587141 0.921637
vt 0.571879 0.000000
vt 0.355918 0.355918
vt 0.169598 0.030981
vt 0.849815 0.849815
vt 7.788968 -0.472430
vt 7.769083 -0.462836
vt -6.807999 0.961906
vt -6.813037 0.957171
vt -6.814131 0.938841
vt -6.763343 0.938841
vt -6.801376 0.967734
s 0
usemtl base_material
f 878/1248/895 877/1249/895 876/1250/895
f 884/1251/896 885/1252/896 881/1253/896 880/1254/896 879/1255/896 883/1256/896 882/1257/896 887/1258/896 886/1259/896 876/1260/896 877/1261/896
f 870/1262/896 866/1263/896 879/1255/896 880/1254/896 881/1253/896 885/1252/896 884/1251/896 877/1261/896
s 1
f 872/1264/897 874/1265/898 896/1266/899 901/1267/900
s 0
f 868/1262/901 895/1268/901 890/1269/901
f 896/1270/902 894/1271/902 897/1272/902 898/1273/902 899/1274/902 900/1275/902 901/1276/902
f 897/1272/902 867/1263/902 898/1277/902
f 871/1263/903 892/1278/903 899/1279/903 898/1280/903 902/1281/903
f 898/1280/904 867/1262/904 902/1281/904
f 870/1263/905 877/1282/905 908/1283/905 909/1284/905
f 893/1285/906 871/1262/906 909/1284/906 908/1283/906 877/1282/906 878/1286/906 910/1287/906 907/1288/906 906/1289/906 905/1290/906 904/1291/906 903/1292/906
f 865/1262/907 860/1263/907 870/1293/907
f 860/1262/908 858/1263/908 870/1293/908
f 858/1262/909 866/1263/909 870/1293/909
f 883/1294/910 879/1295/910 866/1262/910 868/1263/910 890/1296/910 889/1297/910 891/1298/910
s 1
f 891/1299/911 889/1300/912 917/1301/913 915/1302/914
s 0
f 858/1262/915 859/1263/915 866/1293/915
s 1
f 919/1303/916 875/1304/917 882/1305/918 883/1306/919 891/1307/911 915/1308/914 918/1309/919
s 0
f 916/1310/920 868/1293/920 912/1311/920 914/1312/920 869/1263/920 918/1313/920 915/1314/920 917/1315/920
f 868/1293/921 916/1316/921 895/1317/921
f 918/1318/921 869/1262/921 920/1319/921 897/1320/921 894/1321/921 921/1322/921 919/1323/921
f 897/1320/921 920/1319/921 867/1263/921
f 922/1324/922 923/1325/922 871/1293/922 902/1326/922
f 902/1326/922 867/1262/922 862/1263/922 923/1325/922 922/1324/922
f 925/1327/923 871/1293/923 923/1328/923 924/1329/923
f 923/1328/923 862/1262/923 863/1263/923 925/1327/923 924/1329/923
f 920/1330/924 869/1262/924 927/1331/924 926/1332/924
f 862/1263/924 867/1293/924 920/1330/924 926/1332/924 927/1331/924
f 863/1262/925 860/1263/925 865/1293/925
f 863/1262/926 858/1263/926 860/1293/926
f 864/1262/927 859/1263/927 858/1293/927
f 863/1262/928 864/1263/928 858/1293/928
f 863/1262/929 862/1263/929 864/1293/929
f 927/1333/930 869/1263/930 914/1334/930
f 862/1262/930 927/1333/930 914/1334/930 864/1293/930
s 1
f 911/1335/931 885/1336/932 884/1337/933 908/1338/934 909/1339/935
f 908/1340/934 884/1341/933 877/1342/936
f 913/1343/937 861/1344/938 926/1345/939 927/1346/937 914/1347/937 912/1348/937
f 926/1349/939 861/1344/938 898/1350/940 897/1351/941 920/1352/941
f 898/1353/940 861/1344/938 888/1354/942 879/1355/942 880/1356/943 922/1357/944 902/1358/942
f 922/1359/944 880/1356/943 881/1360/945 924/1361/946 923/1362/947
f 924/1363/946 881/1364/945 885/1365/932 911/1335/931 925/1366/948
f 900/1367/949 899/1368/950 872/1264/897
f 872/1264/897 901/1369/900 900/1367/949
f 903/1370/951 904/1371/952 873/1372/953
f 874/1265/898 871/1373/954 893/1374/955 903/1370/951 873/1372/953
f 892/1375/956 871/1376/954 874/1265/898
f 892/1375/956 874/1265/898 872/1264/897 899/1377/950
f 910/1378/957 886/1379/958 887/1380/959 907/1381/960
f 906/1382/961 907/1381/960 887/1380/959 882/1305/918 875/1304/917
f 905/1383/962 906/1384/961 875/1304/917
f 873/1372/953 904/1385/952 905/1386/962 875/1304/917
f 876/1387/963 886/1388/958 910/1389/957 878/1390/963
s 0
f 866/1293/964 859/1262/964 912/1391/964 868/1263/964
f 863/1262/965 865/1263/965 870/1293/965 909/1392/965 911/1393/965 925/1394/965
s 1
f 896/1266/899 874/1265/898 873/1372/953 921/1395/966 894/1396/967
f 921/1395/966 873/1372/953 875/1304/917 919/1303/916
s 0
f 864/1262/968 914/1312/968 912/1311/968 859/1262/968
s 1
f 895/1397/969 916/1398/969 917/1399/913 889/1400/912 890/1401/969
s 0
f 871/1293/970 925/1394/970 911/1393/970 909/1392/970
o base_cell.004
v -6.431386 0.934948 -0.981210
v -6.405363 0.940884 -0.997249
v -6.435069 0.938566 -0.979786
v -6.444672 0.948058 -0.972096
v -6.406349 0.950844 -0.995750
v -6.370718 0.951376 -0.969308
v -6.408522 0.955312 -0.966426
v -6.371361 0.955314 -0.972921
v -6.408522 0.951376 -0.962757
v -6.358741 0.932308 -0.972670
v -6.361818 0.951376 -0.971806
v -6.408522 0.957211 -0.993421
v -6.434676 0.956217 -0.977318
v -6.444282 0.955836 -0.971150
v -6.444743 0.948977 -0.960049
v -6.444391 0.955168 -0.963519
v -6.409431 0.928707 -0.962689
v -6.422934 0.928540 -0.961679
v -6.434740 0.939539 -0.960797
v -6.378989 0.930255 -0.967875
v -6.365264 0.931381 -0.970839
v -6.370718 0.930805 -0.969308
vn 0.4569 0.2541 -0.8524
vn 0.6635 -0.0467 0.7467
vn -0.5234 0.1294 -0.8422
vn -0.5394 0.1284 -0.8322
vn -0.9986 0.0513 -0.0098
vn -0.0112 -0.9515 -0.3074
vn -0.6786 -0.7326 0.0533
vn -0.0052 -0.9495 -0.3138
vn 0.0031 -0.9394 -0.3427
vn 0.0268 -0.9270 -0.3742
vn -0.4906 -0.1626 -0.8561
vn -0.5098 0.0785 -0.8567
vn -0.6833 -0.7283 0.0515
vn -0.6986 -0.7154 0.0107
vn 0.0555 0.8970 0.4386
vn 0.1324 0.7801 0.6114
vn 0.0086 0.9974 0.0720
vn 0.2054 0.3615 0.9095
vn 0.2663 0.1705 0.9487
vn 0.0745 -0.0000 0.9972
vn 0.1201 -0.0008 0.9928
vn 0.1133 0.3603 0.9259
vn 0.0496 0.3189 0.9465
vn 0.2175 -0.0008 0.9761
vn 0.2702 -0.0000 0.9628
vn 0.0236 0.8316 0.5548
vn 0.0048 0.9973 0.0739
vn 0.1697 -0.0016 0.9855
vt 0.094552 0.000000
vt 1.000000 0.000000
vt 1.000000 0.043384
vt 0.261698 0.056714
vt 0.159953 0.048839
vt 0.000000 0.000000
vt 0.043384 0.043384
vt 0.018463 0.018463
vt 1.000000 0.049016
vt 1.000000 0.022185
vt 0.049016 0.049016
vt 0.121646 0.019012
vt 0.022185 0.022185
vt 0.164734 0.006908
vt 0.220519 0.000000
vt 0.232524 0.232524
vt 1.000000 0.232524
vt 0.755596 0.000000
vt 0.638204 0.000000
vt 0.220519 0.220519
vt 1.000000 0.715069
vt 0.845608 0.689461
vt 0.638204 0.638204
vt 0.905448 0.000000
vt 0.715069 0.715069
vt 1.000000 1.000000
vt 1.000000 0.244404
vt 0.161912 0.161912
vt -6.537403 0.748604
vt -6.500958 0.759073
vt -6.537403 0.775595
vt -6.500250 -0.097889
vt -6.499606 -0.101827
vt -6.490708 -0.101827
vt -6.558781 -0.124659
vt -6.558608 -0.124474
vt -6.537403 -0.101827
vt -6.539649 -0.104225
vt -6.548484 -0.113661
vt -6.480727 -0.122394
vt -6.481256 -0.121818
vt -6.482107 -0.120891
vt -6.573266 -0.098035
vt -6.573495 -0.101827
vt -6.537403 -0.097891
vt -6.573266 -0.098035
vt -6.573258 0.745827
vt -6.537403 0.775595
vt -6.563553 0.759494
vt -6.573156 0.753327
vt -6.518864 -0.122394
vt -6.520811 -0.124474
vt -6.519379 -0.122944
s 0
usemtl base_material
f 937/1402/971 929/1403/971 939/1404/971 935/1405/971 938/1406/971
f 929/1407/972 932/1403/972 939/1408/972
f 939/1409/973 932/1407/973 930/1403/973 940/1410/973
f 930/1407/974 931/1403/974 941/1411/974 940/1412/974
f 943/1413/975 941/1414/975 931/1407/975 942/1415/975
f 928/1407/976 944/1416/976 945/1417/976
f 928/1403/977 945/1418/977 946/1419/977
f 928/1407/978 947/1420/978 944/1421/978
f 929/1403/979 948/1422/979 949/1423/979 947/1424/979 928/1407/979
f 929/1407/980 937/1425/980 948/1426/980
f 930/1403/981 929/1427/981 928/1407/981
f 932/1403/982 929/1427/982 930/1407/982
f 946/1428/983 942/1429/983 931/1407/983 928/1403/983
f 928/1407/984 931/1403/984 930/1427/984
s 1
f 934/1430/985 935/1431/986 939/1432/987
f 935/1433/986 933/1434/988 938/1435/989
f 945/1436/990 944/1437/991 936/1438/992 942/1439/993 946/1440/990
f 933/1434/988 949/1441/994 948/1442/995 937/1443/995 938/1434/989
f 943/1444/996 942/1445/993 936/1438/992
f 936/1438/992 934/1446/985 943/1447/996
f 943/1448/996 934/1430/985 939/1449/987 940/1450/997 941/1451/997
f 934/1446/985 936/1438/992 933/1434/988
f 935/1433/986 934/1446/985 933/1434/988
f 949/1452/994 933/1434/988 936/1434/992 944/1453/991 947/1454/998
o base_cell.005
v -6.464103 0.936771 -0.897975
v -6.463983 0.706158 -0.897698
v -6.396921 0.905787 -0.897813
v -6.406904 0.683529 -0.897818
v -6.446236 0.952082 -0.897227
v -6.422698 0.682792 -0.897285
v -6.464049 0.929477 -0.990582
v -6.464613 0.918586 -0.999399
v -6.464052 0.773956 -0.999837
v -6.464018 0.756392 -0.979908
v -6.432905 0.933497 -0.982094
v -6.452631 0.890699 -1.020770
v -6.455223 0.788654 -1.015089
v -6.445521 0.946884 -0.972484
v -6.437001 0.937746 -0.979385
v -6.441400 0.911001 -0.989010
v -6.464586 0.919545 -0.994051
v -6.464557 0.911001 -0.989259
v -6.447522 0.921168 -0.994777
v -6.439009 0.920253 -0.994062
vn -0.0428 0.0012 0.9991
vn -0.0107 -0.0011 0.9999
vn 0.0127 0.0009 0.9999
vn -0.6481 0.7593 -0.0586
vn 0.6505 0.7390 -0.1754
vn 0.1060 0.6603 -0.7435
vn -1.0000 -0.0005 0.0051
vn 0.9092 -0.0450 -0.4139
vn 0.7019 0.7092 -0.0665
vn -0.4311 -0.7700 -0.4703
vn -1.0000 -0.0039 -0.0019
vn 0.0338 -0.0015 0.9994
vn -0.0143 -0.7502 -0.6611
vn 0.0122 -0.7449 -0.6671
vn 0.9140 -0.0410 -0.4037
vn -0.0942 0.6552 -0.7495
vn 0.0710 0.5584 -0.8265
vn 0.8903 0.4474 -0.0847
vn 0.6835 0.7286 -0.0438
vn 0.1320 0.6304 -0.7649
vn 0.1358 0.6276 -0.7666
vn -0.9984 0.0557 -0.0050
vn -0.8628 -0.0062 -0.5055
vn 0.0498 -0.7334 -0.6780
vn -0.6518 0.7560 -0.0599
vn 0.9083 -0.0462 -0.4157
vn 0.0142 -0.4869 -0.8734
vn 0.0094 -0.4891 -0.8722
vn 0.0134 -0.4873 -0.8732
vn 0.0215 -0.4835 -0.8751
vn -0.8733 -0.0019 -0.4872
vt 0.000000 0.000000
vt 1.000000 0.000000
vt 1.000000 1.000000
vt 0.052729 0.052729
vt 1.000000 0.690549
vt 0.360625 0.000000
vt 1.000000 0.826486
vt 0.522423 0.206320
vt 0.826486 0.826486
vt 0.690549 0.690549
vt 0.639375 0.000000
vt 0.671102 0.400993
vt 1.000000 0.052729
vt 7.570275 -0.142195
vt 7.593429 -0.142195
vt 7.590940 -0.130449
vt 7.576397 -0.132029
vt 7.571513 -0.132417
vt 7.569375 -0.132629
s 0
usemtl base_material
f 950/1455/999 951/1456/999 954/1457/999
f 951/1455/1000 955/1456/1000 954/1457/1000
f 955/1455/1001 952/1456/1001 954/1457/1001
f 954/1457/1002 963/1455/1002 950/1456/1002
f 960/1455/1003 964/1456/1003 963/1457/1003
f 963/1457/1004 964/1455/1004 956/1456/1004
f 966/1458/1005 957/1455/1005 951/1456/1005 950/1457/1005
f 960/1457/1006 953/1455/1006 961/1456/1006 969/1459/1006
f 952/1455/1007 960/1456/1007 963/1457/1007
f 959/1455/1008 955/1456/1008 951/1457/1008
f 951/1457/1009 957/1455/1009 958/1455/1009 959/1456/1009
f 953/1455/1010 952/1456/1010 955/1457/1010
f 958/1456/1011 955/1457/1011 959/1455/1011
f 958/1455/1012 953/1456/1012 955/1457/1012
f 953/1455/1013 960/1456/1013 952/1457/1013
f 968/1460/1014 961/1456/1014 966/1461/1014
f 956/1457/1015 964/1455/1015 968/1462/1015 966/1461/1015
f 961/1455/1016 957/1456/1016 966/1463/1016
f 952/1455/1017 963/1456/1017 954/1457/1017
f 969/1464/1018 961/1455/1018 968/1465/1018
f 960/1457/1019 969/1466/1019 968/1465/1019 964/1456/1019
f 966/1467/1020 950/1457/1020 956/1455/1020
f 961/1455/1021 962/1456/1021 958/1457/1021
f 962/1455/1022 953/1456/1022 958/1457/1022
f 956/1455/1023 950/1456/1023 963/1457/1023
f 961/1456/1024 953/1457/1024 962/1455/1024
s 1
f 965/1468/1025 967/1469/1026 966/1470/1026 968/1471/1027
f 965/1468/1025 968/1472/1027 969/1473/1028
s 0
f 958/1456/1029 957/1457/1029 961/1455/1029
o base_cell.006
v -6.338864 0.733514 -1.129975
v -6.292058 0.739072 -1.141523
v -6.294264 0.797777 -1.248823
v -6.322338 0.733553 -1.154531
v -6.295888 0.719962 -1.143774
v -6.343345 0.736623 -1.108372
v -6.274373 0.719936 -1.186287
v -6.270429 0.738825 -1.186287
v -6.292058 0.739072 -1.231051
v -6.292838 0.818224 -1.075128
v -6.305442 0.825629 -1.085016
v -6.295770 0.821663 -1.101138
v -6.277834 0.814457 -1.134438
v -6.249700 0.801314 -1.160780
v -6.257784 0.802783 -1.120731
v -6.243389 0.799044 -1.176238
v -6.273530 0.813371 -1.151479
v -6.272611 0.814875 -1.179549
v -6.277277 0.811801 -1.101248
v -6.272408 0.815206 -1.186850
v -6.273062 0.816371 -1.200425
v -6.239334 0.797479 -1.186287
v -6.341179 0.758537 -1.260951
v -6.354806 0.773628 -1.280697
v -6.324818 0.746163 -1.258214
v -6.329961 0.751852 -1.265645
v -6.333174 0.750085 -1.250860
v -6.333486 0.757208 -1.276054
v -6.341937 0.765687 -1.285091
v -6.388004 0.748302 -1.098169
v -6.387194 0.744970 -1.087681
v -6.366655 0.734407 -1.102262
v -6.348805 0.728326 -1.126693
v -6.345767 0.722122 -1.111237
v -6.338117 0.718348 -1.117275
v -6.343918 0.726266 -1.131884
v -6.337641 0.724822 -1.143109
v -6.360579 0.733408 -1.114640
v -6.322338 0.733553 -1.216969
v -6.296070 0.718346 -1.229172
v -6.288949 0.710046 -1.216628
v -6.311207 0.703240 -1.131566
v -6.330393 0.723126 -1.155964
v -6.317122 0.737876 -1.247252
v -6.393998 0.748558 -1.082614
v -6.394172 0.752002 -1.095283
v -6.401629 0.796244 -1.046639
v -6.396123 0.761697 -1.071795
v -6.402659 0.805633 -1.058695
v -6.395711 0.761593 -1.087884
v -6.402875 0.809996 -1.055928
v -6.363669 0.807752 -1.048482
v -6.367412 0.815190 -1.059687
v -6.385132 0.805323 -1.042589
v -6.391565 0.814063 -1.055557
v -6.358529 0.815519 -1.061261
v -6.346740 0.818635 -1.067545
v -6.320796 0.812101 -1.060396
v -6.335382 0.810751 -1.056545
v -6.331572 0.821465 -1.073784
v -6.306735 0.813061 -1.064359
v -6.251519 0.787656 -1.217334
v -6.285139 0.801178 -1.234838
v -6.269183 0.781595 -1.244928
v -6.279271 0.783316 -1.252973
v -6.299959 0.796375 -1.251168
v -6.288970 0.783724 -1.259845
v -6.293549 0.782310 -1.261978
v -6.342954 0.777719 -1.275020
v -6.328842 0.766902 -1.281636
v -6.319468 0.783132 -1.266065
v -6.306973 0.778010 -1.268124
v -6.304253 0.793530 -1.254387
v -6.272044 0.690333 -1.186287
v -6.274274 0.690128 -1.179586
v -6.298550 0.696198 -1.138299
v -6.293616 0.693791 -1.142210
v -6.398318 0.801150 -1.043651
vn 0.4698 0.8806 0.0627
vn -0.5613 -0.8003 -0.2109
vn -0.5653 -0.7956 -0.2179
vn -0.5728 -0.7929 -0.2077
vn -0.9899 -0.1400 -0.0244
vn -0.9971 -0.0691 0.0314
vn 0.0531 0.8401 0.5398
vn 0.0639 0.8412 0.5370
vn 0.0891 0.8484 0.5218
vn 0.5473 0.6895 -0.4744
vn 0.5215 0.6862 -0.5071
vn 0.1500 0.6445 -0.7497
vn 0.1392 0.6425 -0.7535
vn -0.5583 -0.8025 -0.2103
vn 0.4578 0.6490 -0.6076
vn -0.2809 0.7258 0.6279
vn 0.5229 0.1353 0.8416
vn 0.5952 0.1165 0.7951
vn 0.7410 -0.0570 0.6690
vn 0.5270 -0.1910 0.8281
vn 0.8024 0.1048 0.5875
vn 0.9156 0.0911 0.3916
vn 0.9979 -0.0640 -0.0052
vn 0.9967 0.0795 0.0167
vn 0.1158 -0.5726 0.8116
vn 0.2612 -0.5824 0.7698
vn 0.2166 -0.5807 0.7847
vn 0.2665 -0.5763 0.7726
vn 0.2650 -0.5755 0.7737
vn 0.2783 -0.5826 0.7636
vn 0.2596 -0.5726 0.7777
vn 0.2640 -0.5123 0.8172
vn 0.4035 -0.4150 0.8155
vn 0.4831 -0.5992 0.6384
vn 0.5524 -0.5452 0.6305
vn 0.6192 -0.5930 0.5147
vn 0.7079 -0.3715 0.6007
vn 0.6772 -0.5307 0.5097
vn 0.8272 -0.4655 0.3148
vn 0.9267 -0.3750 0.0226
vn 0.8737 -0.4632 0.1484
vn 0.8118 -0.4304 0.3946
vn -0.1759 0.5358 -0.8258
vn -0.4177 0.5029 -0.7567
vn -0.2118 0.5183 -0.8285
vn -0.1665 0.5403 -0.8249
vn -0.3383 0.5188 -0.7851
vn -0.6061 0.5339 -0.5895
vn -0.4630 0.4960 -0.7346
vn -0.5568 0.5214 -0.6466
vn -0.4064 0.5156 -0.7543
vn -0.7032 0.5081 -0.4974
vn -0.7845 0.5702 -0.2438
vn -0.7673 0.5165 -0.3802
vn -0.8127 0.5246 0.2536
vn -0.8211 0.5378 0.1910
vn -0.8583 0.5119 0.0352
vn -0.8636 0.4971 0.0838
vn -0.8451 0.5213 -0.1184
vn -0.8531 0.5217 -0.0000
vn -0.4991 0.5157 -0.6963
vn -0.5936 0.5648 -0.5733
vn -0.7491 0.6132 -0.2509
vn -0.6721 0.5863 -0.4523
vn 0.4296 -0.2436 0.8695
vn 0.5173 -0.5995 -0.6107
vn 0.2585 -0.5720 -0.7785
vn 0.4919 -0.5993 -0.6316
vn 0.5196 -0.5208 -0.6774
vn 0.5510 -0.5442 -0.6326
vn 0.6510 -0.5281 -0.5452
vn 0.6937 -0.3808 -0.6114
vn 0.5038 -0.4329 -0.7475
vn 0.4878 -0.4967 -0.7179
vn -0.4233 0.5100 0.7488
vn -0.4609 0.4967 0.7354
vn -0.5082 0.4783 0.7162
vn -0.6294 0.5239 0.5740
vn -0.6117 0.5249 0.5918
vn -0.7045 0.5261 0.4763
vn -0.6983 0.5347 0.4759
vn 0.7934 -0.1545 -0.5887
vn 0.8151 -0.5008 -0.2912
vn 0.8896 0.0725 -0.4510
vn 0.4710 0.8805 0.0529
vn -0.8297 0.2589 0.4945
vt 0.504655 0.148319
vt 0.859789 0.284622
vt 1.000000 0.325204
vt 1.000000 0.449153
vt 0.755758 0.335728
vt 0.603794 0.280987
vt 0.297494 0.209930
vt 0.182531 0.182531
vt 0.094581 0.094581
vt 0.316606 0.140667
vt 0.525525 0.525525
vt 0.461972 0.461972
vt 0.413191 0.357574
vt 0.269801 0.095614
vt 0.229400 0.000000
vt 0.434709 0.000000
vt 0.634213 0.228956
vt 0.692011 0.288933
vt 0.845705 0.472128
vt 1.000000 0.637385
vt 1.000000 0.672511
vt 0.794990 0.443493
vt 0.705145 0.358916
vt 0.667485 0.324048
vt 0.616608 0.291047
vt 0.557918 0.252666
vt 0.465735 0.333209
vt 1.000000 0.525525
vt 0.717547 0.344470
vt 0.194394 0.000000
vt 0.308672 0.000000
vt 0.580214 0.168319
vt 0.802915 0.332271
vt 1.000000 0.461972
vt 0.637385 0.637385
vt 1.000000 0.568533
vt 0.817566 0.646328
vt 0.672511 0.672511
vt 0.611012 0.501455
vt 0.616760 0.616760
vt 0.568533 0.568533
vt 0.558420 0.406582
vt 0.542620 0.000000
vt 0.600324 0.000000
vt 0.600324 0.600324
vt 0.737843 0.000000
vt 0.817731 0.000000
vt 0.149594 0.000000
vt 0.236408 0.012128
vt 1.000000 0.574579
vt 1.000000 0.617371
vt 0.574579 0.574579
vt 0.856587 0.605713
vt 1.000000 0.620592
vt 1.000000 0.671647
vt 0.836282 0.647633
vt 0.699679 0.623485
vt 0.617371 0.617371
vt 1.000000 0.106438
vt 1.000000 0.210688
vt 0.671647 0.671647
vt 0.620592 0.620592
vt 0.775752 0.388590
vt 0.503677 0.000000
vt 0.661792 0.000000
vt 1.000000 0.311719
vt 1.000000 0.526231
vt 0.735120 0.267018
vt 1.000000 0.036800
vt 0.661792 0.661792
vt 0.548783 0.416042
vt 0.813619 0.000000
vt 0.000000 0.000000
vt 0.175380 0.000000
vt 1.000000 0.515713
vt 1.000000 0.627896
vt 0.691328 0.000000
vt 0.805606 0.000000
vt 0.762692 0.126532
vt 0.662945 0.347382
vt 0.635990 0.566926
vt 0.627896 0.627896
vt 0.515713 0.515713
vt 0.566140 0.376104
vt 0.625858 0.103122
vt 1.000000 0.565291
vt 1.000000 0.770600
vt 0.904413 0.697348
vt 0.906245 0.681173
vt 0.943034 0.590971
vt 0.958078 0.581533
vt 0.175380 0.175380
vt 0.089659 0.000000
vt 0.780400 0.000000
vt 0.850406 0.000000
vt 1.000000 0.147486
vt 1.000000 0.213105
vt -6.440106 -0.349918
vt -6.427451 -0.356959
vt -6.424790 -0.333200
vt -6.467011 -0.334813
vt -6.422518 -0.359366
vt 0.925921 -0.333200
vt 0.924358 -0.359366
vt 0.961726 -0.363027
vt 0.968426 -0.333225
vt 0.968426 -0.362823
vt -6.530512 -0.256930
vt -6.525006 -0.291471
vt -6.514018 -0.247853
vt -6.527202 -0.252026
vt -6.519412 -0.306419
vt -6.464277 -0.242427
vt -6.492558 -0.245424
vt -6.513534 -0.247844
vt -6.525006 -0.291471
vt -6.516079 -0.308196
vt -6.495543 -0.318757
vt -6.472238 -0.316541
vt -6.435634 -0.240117
vt -6.449693 -0.241077
vt -6.464277 -0.242427
vt -6.406181 -0.241376
vt -6.421740 -0.234954
vt -6.420960 -0.314092
vt -6.386693 -0.250393
vt 0.923670 -0.314092
vt 0.942924 -0.251862
vt 0.902882 -0.250393
vt 0.942924 -0.251862
vt 0.968426 -0.314340
vt 0.968426 -0.255696
vt 0.958379 -0.254131
vt 7.531564 -0.243103
vt 7.489500 -0.319739
vt 7.516890 -0.304864
vt 7.519615 -0.303332
vt 7.524595 -0.291575
vt 7.531542 -0.247543
vt 7.489500 -0.319739
vt 7.529355 -0.242300
vt 7.520450 -0.239114
vt 7.496301 -0.237989
vt 7.487419 -0.237659
vt 7.467758 -0.319649
vt 7.489469 -0.319756
vt 7.487419 -0.237659
vt 7.475633 -0.234544
vt 7.432150 -0.228557
vt 7.460466 -0.231715
vt 0.116707 -0.231516
vt 0.063325 -0.319610
vt 0.087875 -0.319649
vt 0.129223 -0.228905
vt 0.116707 -0.231516
vt 0.083413 -0.238721
vt -0.016968 -0.251997
vt -0.000106 -0.319425
vt 0.031011 -0.237973
vt 0.017439 -0.236807
vt 0.000898 -0.319610
vt 0.066375 -0.239807
vt 0.038311 -0.238303
vt 0.031011 -0.237973
vt 7.477697 -0.324837
vt 7.472811 -0.326896
vt 7.489386 -0.319792
vt 0.000898 -0.319610
vt 0.061891 -0.330036
vt 0.061891 -0.330036
vt 0.074744 -0.328340
vt 0.074744 -0.328340
vt 0.085967 -0.326896
vt -6.474659 -0.331040
vt -6.474659 -0.331040
vt -6.467011 -0.334813
vt 7.462380 -0.295960
vt 7.470829 -0.287482
vt 7.457738 -0.286267
vt 7.435872 -0.275161
vt 7.458857 -0.301315
vt 7.462380 -0.295960
vt 7.457738 -0.286267
vt 7.398088 -0.271577
vt 7.420960 -0.314092
vt 7.446019 -0.315289
vt 7.453714 -0.307003
vt 7.458857 -0.301315
vt 7.435873 -0.275161
vt 7.422451 -0.270862
vt 7.417872 -0.269448
vt 7.408175 -0.269856
vt -6.470073 -0.294631
vt -6.471847 -0.275453
vt -6.483697 -0.279542
vt -6.470073 -0.294631
vt -6.461507 -0.303659
vt -6.448366 -0.270041
vt -0.036514 -0.259644
vt -0.048190 -0.270041
vt -0.032290 -0.303659
vt -0.000340 -0.319341
vt -0.029718 -0.253733
vt -0.033295 -0.256800
vt -0.036514 -0.259644
vt -0.000230 -0.319396
vt 1.013182 -0.314092
vt 1.010932 -0.333200
vt 7.428156 -0.332018
vt 7.446020 -0.315289
vt 0.999468 -0.265517
vt 1.025125 -0.271111
vt 0.968426 -0.255696
vt 0.999468 -0.265517
vt 0.998762 -0.343114
vt 0.473769 0.000000
vt 0.688281 0.000000
vt 0.531729 0.289646
vt 0.449153 0.449153
vt 0.325205 0.325205
vt 0.262157 0.000000
vt 0.213105 0.213105
vt 0.182269 0.000000
s 0
usemtl base_material
f 984/1474/1030 983/1475/1030 985/1476/1030 987/1477/1030 986/1478/1030 982/1479/1030 981/1480/1030 980/1481/1030 979/1482/1030 988/1483/1030
f 996/1484/1031 994/1485/1031 1013/1486/1031 1009/1487/1031 1010/1488/1031 1011/1489/1031 1004/1490/1031 1003/1491/1031 1001/1492/1031 1000/1493/1031 999/1494/1031 1007/1495/1031 1002/1496/1031 1005/1497/1031 1006/1498/1031 1012/1499/1031 1008/1500/1031
f 996/1501/1032 992/1502/1032 993/1503/1032 998/1504/1032 997/1505/1032 995/1506/1032 994/1507/1032
f 1000/1508/1033 1014/1509/1033 1015/1510/1033 999/1511/1033
f 1019/1512/1034 1015/1513/1034 1014/1514/1034 1017/1515/1034 1016/1516/1034 1018/1517/1034
f 1018/1518/1035 1016/1519/1035 1020/1520/1035
f 1024/1521/1036 1023/1522/1036 1021/1523/1036 1022/1524/1036
f 1021/1525/1037 1028/1526/1037 1027/1527/1037 1029/1528/1037 1026/1529/1037 1025/1530/1037 1022/1531/1037
f 979/1532/1038 980/1533/1038 1029/1534/1038 1027/1535/1038 1030/1536/1038
f 1033/1537/1039 1032/1538/1039 990/1539/1039 991/1540/1039 1031/1541/1039
f 972/1542/1040 1032/1543/1040 1033/1544/1040 1034/1545/1040
f 972/1546/1041 1036/1547/1041 1037/1548/1041 1035/1549/1041
f 998/1550/1042 993/1551/1042 1038/1552/1042 1040/1553/1042 1042/1554/1042 1035/1555/1042 1037/1556/1042 1041/1557/1042 1039/1558/1042
f 1011/1559/1043 1010/1560/1043 1043/1561/1043 1044/1562/1043 1046/1563/1043 1045/1564/1043
f 1036/1565/1044 972/1546/1044 1034/1566/1044
f 1023/1567/1045 1024/1568/1045 1020/1569/1045 1047/1570/1045
s 1
f 1011/1571/1046 1045/1572/1047 974/1573/1048 1004/1574/1049
f 1046/1575/1050 974/1573/1048 1045/1572/1047
f 974/1576/1048 1046/1577/1050 1044/1578/1051 976/1579/1052
f 1043/1580/1053 976/1579/1052 1044/1578/1051
f 1016/1581/1054 1017/1582/1055 1023/1583/1056 1047/1584/1054
f 1014/1585/1057 1028/1586/1058 1021/1587/1059 1023/1588/1056 1017/1589/1055
f 1000/1590/1060 1001/1591/1061 975/1592/1062 1030/1593/1063 1027/1594/1060 1028/1595/1058 1014/1585/1057
f 975/1592/1062 988/1596/1064 979/1597/1065 1030/1593/1063
f 975/1592/1062 971/1598/1066 984/1599/1067 988/1596/1064
f 971/1600/1066 983/1601/1068 984/1602/1067
f 983/1603/1068 971/1600/1066 977/1604/1069 991/1605/1070 985/1606/1071
f 1020/1607/1072 1007/1608/1073 999/1609/1074 1015/1610/1074 1019/1611/1074 1018/1612/1074
f 1007/1613/1073 1020/1614/1072 1024/1615/1075 1022/1616/1075 1025/1617/1076
f 970/1618/1077 1007/1619/1073 1025/1620/1076 1026/1621/1078
f 980/1622/1079 970/1618/1077 1026/1621/1078 1029/1623/1080
f 981/1624/1081 973/1625/1082 970/1626/1077 980/1627/1079
f 973/1625/1082 981/1628/1081 982/1629/1083
f 1032/1630/1084 1008/1631/1085 989/1632/1086 990/1633/1087
f 1008/1634/1085 973/1625/1082 986/1635/1088 987/1636/1089 989/1637/1086
f 973/1625/1082 982/1629/1083 986/1635/1088
f 1002/1638/1090 970/1618/1077 1005/1639/1091
f 1007/1640/1073 970/1618/1077 1002/1638/1090
f 973/1625/1082 1008/1641/1085 1012/1642/1092
f 1012/1643/1092 1006/1644/1093 973/1625/1082
f 970/1626/1077 973/1625/1082 1006/1645/1093 1005/1646/1091
f 1003/1647/1094 975/1592/1062 1001/1591/1061
f 971/1600/1066 974/1576/1048 976/1579/1052
f 971/1600/1066 976/1579/1052 977/1604/1069
f 975/1592/1062 1003/1648/1094 1004/1649/1049 974/1573/1048
f 975/1592/1062 974/1573/1048 971/1598/1066
f 997/1650/1095 998/1651/1096 1039/1652/1097
f 1041/1653/1098 995/1654/1099 997/1655/1095 1039/1656/1097
f 1033/1657/1100 978/1658/1101 1013/1659/1102 994/1660/1103 995/1661/1099 1041/1662/1098 1037/1663/1103 1036/1664/1103 1034/1665/1103
f 992/1666/1104 1038/1667/1105 993/1668/1106
f 1038/1667/1105 992/1669/1104 996/1670/1107 1040/1671/1108
f 1042/1672/1109 1040/1673/1108 996/1674/1107 1008/1675/1085
f 1032/1630/1084 972/1676/1110 1035/1677/1110 1042/1678/1109 1008/1679/1085
f 977/1604/1069 976/1579/1052 978/1680/1101
f 976/1579/1052 1009/1681/1111 978/1680/1101
f 1009/1682/1111 1013/1683/1102 978/1658/1101
f 1031/1684/1112 977/1604/1069 978/1680/1101 1033/1685/1100
f 991/1686/1070 977/1604/1069 1031/1687/1112
f 1010/1688/1113 1009/1681/1111 976/1579/1052 1043/1580/1053
s 0
f 991/1689/1114 990/1690/1114 989/1691/1114 987/1692/1114 985/1693/1114
f 1016/1694/1115 1047/1695/1115 1020/1696/1115
o base_cell.007
v -6.537947 0.797522 -1.332938
v -6.520105 0.795509 -1.299127
v -6.512004 0.803385 -1.291594
v -6.512589 0.813142 -1.301568
v -6.512707 0.826569 -1.314043
v -6.512995 0.851208 -1.336913
v -6.540965 0.820360 -1.349904
v -6.514603 0.858034 -1.342774
v -6.515886 0.863433 -1.347406
v -6.541180 0.839074 -1.361229
v -6.517234 0.868758 -1.351950
v -6.518562 0.876036 -1.357596
v -6.522820 0.900169 -1.376157
v -6.541557 0.853060 -1.369685
v -6.524991 0.904359 -1.379169
v -6.549578 0.847175 -1.365850
v -6.551445 0.896280 -1.366973
v -6.541387 0.897840 -1.371549
v -6.554445 0.843512 -1.363468
v -6.562733 0.844586 -1.314613
v -6.564888 0.852135 -1.321664
v -6.550987 0.818313 -1.348325
v -6.548944 0.811726 -1.344406
v -6.555587 0.820484 -1.295719
v -6.567601 0.861414 -1.329468
v -6.553940 0.815450 -1.291810
v -6.545155 0.800568 -1.337777
v -6.530401 0.803668 -1.287404
v -6.553141 0.825325 -1.352499
v -6.576185 0.891174 -1.354533
vn 0.8019 -0.4029 -0.4412
vn 0.7988 -0.4042 -0.4456
vn 0.6563 -0.3921 -0.6446
vn 0.6929 -0.3675 -0.6204
vn 0.6902 -0.3607 -0.6273
vn -0.3195 -0.0715 -0.9449
vn -0.4392 -0.0347 -0.8977
vn -0.9406 -0.3326 -0.0685
vn -0.9329 -0.3545 -0.0635
vn -0.4850 -0.8549 0.1841
vn -0.4666 -0.8629 0.1938
vn 0.1349 -0.7538 0.6431
vn -0.9408 -0.3314 -0.0713
vn -0.8545 -0.3119 -0.4155
vn 0.2213 0.6690 0.7096
vn 0.2479 0.6869 0.6832
vn 0.1801 0.6394 0.7475
vn 0.2520 0.6885 0.6801
vn 0.2311 0.6723 0.7033
vn 0.2071 0.6592 0.7229
vn 0.1205 0.6215 0.7741
vn 0.1739 0.6452 0.7440
vn 0.1154 0.6183 0.7774
vn -0.0289 -0.5178 -0.8550
vn 0.2215 0.6648 0.7134
vt 0.844227 0.000000
vt 1.000000 0.000000
vt 1.000000 0.374801
vt 0.917030 0.162158
vt 0.374801 0.374801
vt 0.000000 0.000000
vt 1.000000 0.663959
vt 1.000000 0.146542
vt 1.000000 0.700725
vt 0.663959 0.663959
vt 0.284231 0.000000
vt 1.000000 0.680766
vt 0.700725 0.700725
vt 0.146542 0.146542
vt 1.000000 0.160511
vt 1.000000 0.075979
vt 0.787219 0.464130
vt 0.723516 0.582550
vt 0.680766 0.680766
vt 0.160511 0.160511
vt 0.305404 0.000000
vt 0.694596 0.000000
vt 1.000000 0.044796
vt 1.000000 0.185661
vt 0.562106 0.103537
vt 0.008621 0.008621
vt 0.204283 0.000000
vt 1.000000 0.007507
vt 0.185661 0.185661
vt 0.044796 0.044796
vt 0.807471 0.241476
vt 0.745743 0.128946
vt 0.670953 0.000000
vt 0.948946 0.000000
vt 1.000000 0.073930
vt 1.000000 0.561442
vt 0.561442 0.561442
vt 0.073930 0.073930
vt 1.000000 0.039980
vt 1.000000 0.553978
vt 0.553978 0.553978
vt 0.039980 0.039980
vt 1.000000 0.248344
vt 0.517270 0.517270
vt 0.155773 0.000000
vt 0.234758 0.234758
vt 1.000000 0.812644
vt 0.948946 0.948946
vt 0.670953 0.670953
vt 0.795717 0.000000
vt 0.812644 0.812644
vt -6.640865 -0.249730
vt -6.691587 -0.208597
vt -6.684443 -0.232695
vt -6.679020 -0.239703
vt -6.656796 -0.250596
vt -6.640865 -0.249730
vt -6.641452 -0.240035
vt -6.693742 -0.201049
vt -6.691586 -0.208597
vt -6.646096 -0.184429
vt -6.647425 -0.177153
vt -6.670245 -0.155353
vt -6.651681 -0.153024
vt -6.653852 -0.148835
vt -6.668567 -0.154713
vt 7.670038 -0.214108
vt 7.669824 -0.232819
vt 7.674012 -0.252607
vt 7.677800 -0.241452
vt 7.679843 -0.234865
vt 7.681996 -0.227855
vt 7.683300 -0.209671
vt 7.678434 -0.206009
vt 7.670415 -0.200125
vt -6.641452 -0.240035
vt -6.641570 -0.226611
vt -6.641858 -0.201977
vt -6.643466 -0.195151
vt -6.644749 -0.189754
vt -6.670245 -0.155353
vt -6.680301 -0.156913
vt -6.705037 -0.162018
vt -6.696454 -0.191772
vt -6.693742 -0.201049
s 0
usemtl base_material
f 1050/1697/1116 1049/1698/1116 1052/1699/1116 1051/1700/1116
f 1052/1701/1117 1049/1702/1117 1048/1698/1117 1053/1703/1117
f 1054/1704/1118 1055/1705/1118 1053/1706/1118 1048/1702/1118 1074/1707/1118
f 1056/1708/1119 1055/1709/1119 1054/1710/1119 1057/1711/1119
f 1060/1712/1120 1059/1713/1120 1058/1714/1120 1056/1715/1120 1057/1716/1120 1061/1717/1120
f 1060/1702/1121 1061/1718/1121 1063/1719/1121 1064/1720/1121 1065/1721/1121 1062/1722/1121
f 1066/1723/1122 1077/1724/1122 1064/1725/1122 1063/1726/1122
f 1067/1727/1123 1068/1728/1123 1072/1729/1123 1069/1730/1123 1070/1731/1123 1071/1732/1123
f 1071/1733/1124 1070/1734/1124 1074/1735/1124 1073/1736/1124
f 1048/1698/1125 1073/1737/1125 1074/1738/1125
f 1049/1698/1126 1075/1739/1126 1073/1740/1126 1048/1702/1126
f 1050/1741/1127 1075/1742/1127 1049/1702/1127
f 1077/1698/1128 1076/1743/1128 1069/1744/1128 1072/1745/1128
f 1066/1746/1129 1076/1747/1129 1077/1702/1129
s 1
f 1050/1748/1130 1067/1749/1131 1071/1750/1132 1073/1751/1132 1075/1752/1132
f 1050/1753/1130 1051/1754/1133 1068/1755/1134 1067/1756/1131
f 1058/1757/1135 1059/1758/1136 1065/1759/1137
f 1059/1758/1136 1060/1760/1138 1062/1761/1138 1065/1762/1137
f 1057/1763/1139 1054/1764/1139 1074/1765/1139 1070/1766/1139 1069/1767/1139 1076/1768/1139 1066/1769/1139 1063/1770/1139 1061/1771/1139
f 1051/1772/1133 1052/1773/1140 1053/1774/1140 1055/1775/1140 1056/1776/1140 1058/1757/1135 1065/1777/1137 1064/1778/1140 1077/1779/1140 1072/1780/1140 1068/1781/1134
o base_cell.008
v -6.407166 0.952589 -0.997200
v -6.437832 0.939890 -0.980550
v -6.455019 0.939293 -0.983500
v -6.489399 0.956131 -1.015859
v -6.446079 0.947805 -0.973794
v -6.467961 0.958462 -1.010670
v -6.446224 0.955989 -0.973347
v -6.408522 0.957366 -0.995622
v -6.471853 0.957642 -0.998469
v -6.459856 0.956917 -0.986706
v -6.437696 0.956738 -1.009790
v -6.408491 0.958155 -1.006841
v -6.422963 0.958462 -1.010007
v -6.484052 0.956061 -1.015779
v -6.454120 0.955836 -1.011260
vn 0.5151 -0.0738 0.8540
vn -0.7008 -0.0513 0.7115
vn -0.7019 -0.0710 0.7088
vn -0.0966 -0.7025 0.7051
vn 0.5232 -0.1680 0.8355
vn 0.1105 -0.8778 -0.4661
vn 0.9636 0.2664 0.0214
vn -0.0049 -0.8892 -0.4575
vn 0.0848 -0.7947 -0.6011
vn -0.0279 0.9988 0.0411
vn -0.0127 0.9990 0.0430
vn 0.0409 0.9984 0.0397
vn -0.0030 0.9991 0.0432
vn 0.0057 0.9993 0.0360
vn 0.0927 -0.8567 -0.5074
vn -0.1152 0.9929 0.0300
vn 0.0526 0.4745 -0.8787
vn 0.0185 0.8812 -0.4725
vn -0.0365 0.9984 0.0441
vt 0.023283 0.023283
vt 0.000000 0.000000
vt 1.000000 0.000000
vt 0.972738 0.014219
vt 1.000000 0.024572
vt 0.684620 0.019474
vt 0.407031 0.014712
vt 1.000000 1.000000
vt 1.000000 0.985776
vt 0.948498 0.948498
vt 0.968722 0.968722
vt 0.505280 0.000000
vt 1.000000 0.858053
vt 0.505281 0.505281
vt 0.752395 0.685746
vt -6.596832 0.792841
vt -6.600724 0.780642
vt -6.588729 0.768881
vt -6.566745 0.790945
vt -6.572787 0.756048
vt 1.000000 0.948498
vt 0.137240 0.000000
vt 0.420924 0.311289
vt 0.717769 0.628701
vt -6.618000 0.797599
vt 7.596832 -0.094741
vt 7.566745 -0.094741
vt 7.582994 -0.097367
vt 7.618310 -0.094741
vt 7.612920 -0.097142
vt -6.537403 0.777795
vt -6.540305 0.789651
vt -6.551842 0.792177
vt -6.572787 0.756048
s 0
usemtl base_material
f 1084/1782/1141 1082/1783/1141 1078/1784/1141 1085/1785/1141
f 1081/1783/1142 1082/1784/1142 1084/1786/1142 1087/1787/1142 1086/1788/1142
f 1081/1783/1143 1080/1784/1143 1082/1789/1143
f 1080/1783/1144 1079/1784/1144 1082/1789/1144
f 1082/1789/1145 1079/1783/1145 1078/1784/1145
f 1080/1784/1146 1078/1789/1146 1079/1783/1146
f 1085/1790/1147 1078/1789/1147 1089/1791/1147
f 1080/1784/1148 1081/1792/1148 1091/1793/1148
f 1092/1794/1149 1080/1789/1149 1091/1795/1149 1083/1796/1149
s 1
f 1083/1797/1150 1086/1798/1151 1087/1799/1152 1088/1800/1153
f 1087/1799/1152 1084/1801/1154 1088/1800/1153
s 0
f 1089/1802/1155 1078/1789/1155 1080/1783/1155 1092/1803/1155 1088/1804/1155 1090/1805/1155
s 1
f 1086/1798/1151 1083/1797/1150 1081/1806/1156
f 1083/1807/1157 1088/1808/1157 1092/1809/1157
f 1081/1810/1158 1083/1807/1158 1091/1811/1158
f 1085/1812/1159 1089/1813/1159 1090/1814/1159 1088/1800/1153 1084/1815/1154
o base_cell.009
v -6.113087 0.872705 -0.897432
v -6.112762 0.646556 -0.897518
v -6.113078 0.919437 -1.152381
v -6.112567 0.903285 -1.158730
v -6.112908 0.722067 -1.157959
v -6.140000 0.879700 -0.897868
v -6.186851 0.786901 -0.897445
v -6.188144 0.699514 -0.897503
v -6.162054 0.930529 -1.148501
v -6.274288 0.940836 -1.061085
v -6.277582 0.811663 -1.064016
v -6.146531 0.892058 -1.162186
v -6.153108 0.752524 -1.162709
vn 0.9996 0.0295 0.0054
vn 0.2450 0.9536 0.1748
vn -0.0133 0.0112 0.9998
vn -0.6123 0.0336 -0.7899
vn 1.0000 0.0014 0.0022
vn -0.0132 0.3304 -0.9438
vn 0.0092 0.3661 -0.9305
vn 1.0000 -0.0019 -0.0011
vn 0.1140 -0.0044 -0.9935
vn 0.1016 -0.0011 -0.9948
vn 0.2306 0.9574 0.1739
vn 0.2241 0.9588 0.1747
vn -0.8769 0.0127 0.4805
vn -0.5594 -0.7962 -0.2305
vn -0.6117 0.0318 -0.7905
vn 0.0001 -0.0005 1.0000
vn -0.6613 0.3369 0.6702
vn -0.5635 -0.7930 -0.2314
vn -0.5672 -0.7867 -0.2439
vn -0.8777 0.0115 0.4792
vt 0.000000 0.000000
vt 1.000000 0.000000
vt 1.000000 1.000000
s 0
usemtl base_material
f 1096/1816/1160 1095/1817/1160 1093/1818/1160
f 1095/1816/1161 1098/1817/1161 1093/1818/1161
f 1098/1816/1162 1099/1817/1162 1093/1818/1162
f 1103/1816/1163 1102/1816/1163 1101/1817/1163 1104/1818/1163
f 1094/1816/1164 1096/1817/1164 1093/1818/1164
f 1104/1816/1165 1101/1817/1165 1096/1818/1165
f 1101/1816/1166 1095/1817/1166 1096/1818/1166
f 1094/1816/1167 1097/1817/1167 1096/1818/1167
f 1097/1816/1168 1105/1817/1168 1096/1818/1168
f 1105/1816/1169 1104/1817/1169 1096/1818/1169
f 1101/1816/1170 1098/1817/1170 1095/1818/1170
f 1101/1816/1171 1102/1817/1171 1098/1818/1171
f 1100/1817/1172 1099/1818/1172 1102/1816/1172
f 1100/1816/1173 1097/1817/1173 1094/1818/1173
f 1103/1817/1174 1104/1818/1174 1105/1816/1174
f 1100/1816/1175 1094/1817/1175 1093/1818/1175 1099/1818/1175
f 1098/1818/1176 1102/1816/1176 1099/1817/1176
f 1103/1817/1177 1097/1818/1177 1100/1816/1177
f 1105/1817/1178 1097/1818/1178 1103/1816/1178
f 1100/1817/1179 1102/1818/1179 1103/1816/1179
o base_cell.010
v -6.112886 0.859374 -1.331583
v -6.113198 0.902876 -1.302689
v -6.112476 0.917499 -1.358693
v -6.206610 0.897426 -1.275551
v -6.196462 0.933394 -1.256427
v -6.233593 0.928477 -1.267861
v -6.205641 0.937617 -1.256638
v -6.218083 0.953264 -1.291831
vn -0.5805 -0.3408 -0.7395
vn -0.2208 -0.4109 0.8845
vn 0.9999 -0.0012 0.0126
vn 0.2647 -0.5322 0.8042
vn -0.5942 -0.3352 -0.7311
vn 0.4456 0.8648 0.2315
vn 0.4363 0.8718 0.2228
vn -0.2100 -0.4121 0.8866
vn 0.2673 -0.5101 0.8175
vn -0.5824 -0.3355 -0.7404
vn -0.4424 0.7509 0.4903
vn 0.3998 0.8817 0.2506
vt 1.000000 0.000000
vt 1.000000 1.000000
vt 0.000000 0.000000
s 0
usemtl base_material
f 1109/1819/1180 1108/1820/1180 1106/1821/1180
f 1109/1820/1181 1112/1821/1181 1111/1819/1181
f 1107/1821/1182 1106/1819/1182 1108/1820/1182
f 1107/1821/1183 1109/1819/1183 1106/1820/1183
f 1109/1820/1184 1111/1821/1184 1113/1819/1184
f 1110/1821/1185 1107/1819/1185 1108/1820/1185
f 1110/1819/1186 1108/1820/1186 1113/1821/1186
f 1109/1820/1187 1110/1821/1187 1112/1819/1187
f 1107/1821/1188 1110/1819/1188 1109/1820/1188
f 1113/1819/1189 1108/1820/1189 1109/1821/1189
f 1113/1820/1190 1111/1821/1190 1112/1819/1190
f 1113/1820/1191 1112/1821/1191 1110/1819/1191
o base_cell.011
v -6.273148 0.945475 -1.061679
v -6.231841 0.951376 -1.039547
v -6.182063 0.951376 -1.106956
v -6.265567 0.958462 -1.072173
v -6.206653 0.955325 -1.073120
v -6.171885 0.955320 -1.146175
v -6.234478 0.955320 -1.042098
v -6.185414 0.955326 -1.108448
v -6.203694 0.951376 -1.070951
v -6.245996 0.932583 -1.028177
v -6.246005 0.951376 -1.028169
v -6.273296 0.958214 -1.061850
v -6.265866 0.957362 -1.052679
v -6.248306 0.955320 -1.031006
v -6.231841 0.930963 -1.039547
v -6.203694 0.929395 -1.070951
v -6.182063 0.930316 -1.106956
v -6.169121 0.933486 -1.143133
v -6.241844 0.956461 -1.098901
v -6.263789 0.954323 -1.077653
v -6.267514 0.953961 -1.074046
v -6.276889 0.954606 -1.066327
v -6.236389 0.958462 -1.105463
v -6.216664 0.957866 -1.122368
v -6.221540 0.958018 -1.118192
v -6.201964 0.957117 -1.134700
v -6.168007 0.937402 -1.147518
v -6.189651 0.956520 -1.145012
v -6.168097 0.951376 -1.146855
vn -0.7770 -0.0006 0.6295
vn -0.2439 -0.9547 -0.1707
vn -0.5540 -0.5451 -0.6292
vn -0.0710 0.0593 -0.9957
vn -0.7796 -0.0007 0.6262
vn 0.0453 0.9973 0.0570
vn -0.2798 0.9152 -0.2901
vn -0.2053 0.9596 -0.1926
vn 0.2710 0.9014 0.3377
vn 0.3077 0.8971 0.3171
vn 0.0339 0.9982 0.0491
vn 0.3496 0.8981 0.2667
vn 0.0082 0.9960 0.0890
vn 0.0430 0.9974 0.0575
vn 0.4092 0.8919 0.1926
vn 0.0663 0.9972 0.0331
vn 0.0697 0.9973 0.0241
vn 0.5117 0.8394 0.1834
vn 0.0689 0.9973 0.0246
vn 0.9030 0.0035 0.4296
vn 0.8445 0.3593 0.3972
vn 0.7511 0.3583 0.5545
vn 0.8048 -0.0000 0.5935
vn 0.9506 0.0039 0.3103
vn 0.9703 -0.0053 0.2417
vn 0.9020 0.3000 0.3106
vn 0.6421 0.3596 0.6770
vn 0.6902 -0.0000 0.7236
vn -0.5544 -0.5466 -0.6276
vn -0.6218 0.5145 -0.5904
vn -0.5619 0.6255 -0.5413
vn -0.4961 0.7195 -0.4861
vn 0.5830 0.3649 0.7259
vn 0.6263 -0.0000 0.7796
vt 1.000000 0.000000
vt 1.000000 0.203833
vt 0.958516 0.197910
vt 0.955198 0.188392
vt 0.968231 0.056017
vt 0.973771 0.000000
vt 0.000000 0.000000
vt 0.942225 0.000000
vt 0.784449 0.090127
vt 0.558833 0.156113
vt 0.289310 0.188521
vt 0.189295 0.189295
vt 1.000000 0.820460
vt 1.000000 0.964869
vt 0.961890 0.961890
vt 0.731635 0.731635
vt 0.964869 0.964869
vt 0.820460 0.820460
vt 0.973517 0.934510
vt 0.996993 0.959656
vt 0.909641 0.008790
vt 0.882763 0.000000
vt -6.394773 0.834842
vt -6.394474 0.854333
vt -6.402203 0.844011
vt -6.377216 0.813173
vt -6.363391 0.824263
vt -6.369770 0.880340
vt -6.335571 0.855279
vt -6.365301 0.887616
vt -6.350455 0.900343
vt -6.314335 0.890602
vt -6.345580 0.904518
vt -6.350456 0.900343
vt -6.330882 0.916849
vt -6.330882 0.916849
vt -6.301595 0.928474
vt -6.318572 0.927158
vt 0.870332 -0.122883
vt 0.889109 -0.101827
vt 0.869512 -0.123803
vt 0.942955 -0.116996
vt 0.941744 -0.115798
vt 0.927622 -0.101827
vt 0.836018 -0.123803
vt 0.853111 -0.101827
vt 0.837237 -0.122236
vt 0.942225 0.942225
vt 0.117237 0.000000
vt 0.209714 0.086606
vt 0.257207 0.123433
vt 0.537053 0.340379
vt 0.632142 0.400033
vt 0.788633 0.539455
vt 0.839932 0.585224
vt 1.000000 0.731635
vt 0.912312 -0.117874
vt 0.907533 -0.122883
vt 0.145667 -0.094741
vt 0.119660 -0.094741
vt 0.140189 -0.098880
vt 0.143794 -0.099242
vt 7.396421 -0.099242
vt 7.405794 -0.098597
vt 7.404986 -0.096422
vt 7.394474 -0.094741
vt -6.360754 0.821713
vt -6.332613 0.853111
vt -6.375930 0.811587
vt 0.890602 -0.097877
vt 0.928321 -0.097883
vt -6.310985 0.889109
vt -6.376081 -0.121008
vt -6.377063 -0.122236
vt -6.360754 -0.101827
s 0
usemtl base_material
f 1114/1822/1192 1123/1823/1192 1124/1824/1192 1127/1825/1192 1126/1826/1192 1125/1827/1192
f 1114/1828/1193 1131/1829/1193 1130/1830/1193 1129/1831/1193 1128/1832/1193 1123/1833/1193
f 1141/1834/1194 1140/1835/1194 1131/1836/1194 1139/1837/1194
f 1140/1838/1195 1141/1839/1195 1119/1840/1195 1142/1841/1195
f 1114/1822/1196 1125/1842/1196 1135/1843/1196
s 1
f 1126/1844/1197 1117/1845/1198 1125/1846/1199
f 1127/1847/1200 1120/1848/1201 1117/1845/1198 1126/1844/1197
f 1132/1849/1202 1117/1845/1198 1120/1848/1201
f 1132/1849/1202 1120/1848/1201 1118/1850/1203
f 1136/1851/1204 1132/1849/1202 1118/1850/1203 1138/1852/1205
f 1118/1850/1203 1121/1853/1206 1137/1854/1207 1138/1855/1205
f 1121/1853/1206 1139/1856/1208 1137/1854/1207
f 1139/1857/1208 1121/1853/1206 1119/1858/1209 1141/1859/1210
f 1130/1860/1211 1116/1861/1212 1122/1861/1213 1129/1862/1214
f 1131/1863/1215 1140/1864/1216 1142/1865/1217
f 1129/1866/1214 1122/1867/1213 1115/1867/1218 1128/1868/1219
s 0
f 1131/1869/1220 1114/1828/1220 1135/1870/1220 1134/1871/1220 1133/1872/1220 1132/1873/1220 1136/1874/1220 1138/1875/1220 1137/1876/1220 1139/1877/1220
s 1
f 1131/1878/1215 1142/1865/1217 1116/1865/1212 1130/1879/1211
f 1117/1880/1198 1132/1881/1221 1133/1882/1221 1134/1883/1222
f 1134/1884/1222 1135/1885/1223 1125/1886/1199 1117/1887/1198
f 1120/1848/1201 1115/1888/1218 1122/1889/1213
f 1118/1850/1203 1120/1848/1201 1122/1889/1213
f 1120/1848/1201 1127/1847/1200 1124/1890/1224 1115/1888/1218
f 1121/1891/1206 1116/1861/1212 1142/1865/1217
f 1121/1891/1206 1142/1865/1217 1119/1892/1209
f 1118/1850/1203 1122/1889/1213 1116/1893/1212
f 1121/1853/1206 1118/1850/1203 1116/1893/1212
f 1123/1894/1225 1128/1895/1219 1115/1896/1218 1124/1896/1224
o base_cell.012
v -6.399840 0.595086 -1.195971
v -6.493717 0.653156 -1.114675
v -6.422526 0.730885 -1.121434
v -6.404239 0.730833 -1.092410
v -6.477577 0.704788 -1.091247
v -6.442330 0.729923 -1.130195
v -6.403475 0.731789 -1.112932
v -6.423257 0.718783 -1.124812
v -6.442284 0.719140 -1.132588
v -6.405687 0.718516 -1.117620
v -6.406079 0.712117 -1.096663
v -6.476985 0.723717 -1.087046
v -6.411088 0.809671 -1.053968
v -6.409823 0.800222 -1.042663
v -6.429544 0.801214 -1.039603
v -6.422111 0.800693 -1.040577
v -6.432886 0.812586 -1.052813
v -6.416021 0.809547 -1.052747
v -6.396305 0.731587 -1.094490
v -6.396105 0.740273 -1.088173
v -6.396586 0.732070 -1.111622
v -6.396242 0.746202 -1.100199
v -6.396145 0.751654 -1.095850
v -6.395964 0.747986 -1.082331
v -6.397400 0.756837 -1.075042
v -6.398993 0.769344 -1.082204
v -6.404815 0.806115 -1.057828
v -6.404374 0.799744 -1.043778
v -6.460188 0.814076 -1.055647
v -6.455730 0.801948 -1.036901
v -6.451412 0.815221 -1.053445
v -6.465649 0.799450 -1.037720
v -6.465784 0.813375 -1.057091
v -6.492293 0.778368 -1.049871
v -6.491337 0.792143 -1.040802
v -6.505867 0.808131 -1.073588
v -6.494345 0.707301 -1.090149
v -6.487686 0.675840 -1.086707
v -6.495742 0.722413 -1.086735
v -6.507819 0.799622 -1.083190
v -6.490530 0.649784 -1.117411
v -6.484591 0.644269 -1.116111
v -6.480621 0.640636 -1.114818
v -6.478091 0.642164 -1.082067
v -6.473252 0.633242 -1.117785
v -6.462257 0.621509 -1.128051
v -6.469133 0.629018 -1.120214
v -6.458608 0.617299 -1.134081
v -6.456048 0.614096 -1.140411
v -6.424957 0.591928 -1.078442
v -6.437855 0.604136 -1.078958
v -6.397156 0.653513 -1.090452
v -6.396587 0.713058 -1.099112
v -6.396822 0.718404 -1.116220
v -6.397204 0.692631 -1.120214
v -6.396913 0.709353 -1.115130
v -6.396717 0.724196 -1.114194
v -6.485423 0.663207 -1.121551
v -6.438253 0.618848 -1.162705
v -6.399047 0.656242 -1.195410
v -6.481280 0.675945 -1.124812
v -6.474062 0.692050 -1.130630
v -6.471581 0.699392 -1.132588
v -6.466401 0.735909 -1.136196
v -6.458076 0.719507 -1.143701
v -6.459495 0.729662 -1.142255
v -6.397700 0.673591 -1.134081
v -6.397884 0.668028 -1.140210
v -6.398328 0.656928 -1.156696
v -6.470621 0.812636 -1.058447
v -6.472664 0.797477 -1.038437
v -6.446894 0.611698 -1.155010
v -6.509649 0.783340 -1.097558
v -6.505061 0.777185 -1.101717
v -6.495042 0.765622 -1.110752
v -6.479174 0.747521 -1.124889
v -6.487511 0.757004 -1.117462
v -6.451265 0.612713 -1.147006
v -6.401264 0.581051 -1.079080
vn 0.1930 0.7634 0.6165
vn 0.1358 0.7676 0.6264
vn 0.0872 0.7658 0.6372
vn 0.9998 -0.0110 -0.0167
vn 0.9999 -0.0065 -0.0149
vn 0.9899 0.1392 0.0278
vn 0.6066 0.7310 0.3125
vn -0.2449 0.7864 0.5670
vn -0.9290 -0.1564 0.3355
vn -0.9268 -0.1677 0.3359
vn -0.6878 -0.7206 0.0868
vn -0.6867 -0.7218 0.0863
vn 0.9998 -0.0121 -0.0175
vn -0.6491 0.0154 -0.7605
vn -0.6453 0.0099 -0.7639
vn -0.6505 0.0173 -0.7593
vn 0.9994 -0.0336 -0.0068
vn -0.3108 0.7819 0.5404
vn -0.6591 -0.0128 -0.7520
vn -0.9430 -0.1542 0.2948
vn -0.6577 0.0185 -0.7530
vn -0.6531 0.0187 -0.7570
vn -0.4170 -0.9018 -0.1134
vn 0.0788 0.1387 0.9872
vn 0.1669 -0.0480 0.9848
vn 0.0664 -0.0271 0.9974
vn 0.0567 0.1443 0.9879
vn 0.1004 0.1359 0.9856
vn 0.0889 0.1356 0.9868
vn 0.2346 0.1377 0.9623
vn 0.2558 -0.0627 0.9647
vn 0.0531 -0.0806 0.9953
vn 0.0392 0.1414 0.9892
vn 0.0632 -0.5517 0.8316
vn 0.0715 -0.3954 0.9157
vn 0.0992 -0.5651 0.8190
vn 0.0703 -0.5518 0.8310
vn 0.1158 -0.5726 0.8116
vn 0.1887 -0.4170 0.8891
vn 0.1344 -0.5746 0.8073
vn 0.2748 -0.5807 0.7663
vn 0.2793 -0.5830 0.7629
vn 0.2668 -0.4112 0.8717
vn 0.0522 -0.5516 0.8324
vn 0.0422 -0.3869 0.9212
vn 0.3222 0.8181 -0.4763
vn 0.2663 0.7427 -0.6144
vn 0.3901 0.5054 -0.7697
vn 0.4682 0.5659 -0.6786
vn 0.2510 0.7219 -0.6448
vn 0.2505 0.7215 -0.6455
vn 0.1907 0.6524 -0.7335
vn 0.3313 0.4798 -0.8124
vn 0.1801 0.6394 -0.7475
vn 0.2380 0.6806 -0.6930
vn 0.2428 0.6816 -0.6903
vn 0.2165 0.4832 -0.8483
vn 0.1814 0.6487 -0.7391
vn 0.1216 0.6222 -0.7734
vn 0.1190 0.6208 -0.7749
vn 0.1201 0.6213 -0.7743
vn 0.1442 0.4848 -0.8627
vn 0.1145 0.6182 -0.7776
vn -0.0040 0.5899 -0.8074
vn 0.0933 0.6139 -0.7839
vn -0.2182 0.5150 -0.8290
vn 0.4478 -0.1657 -0.8787
vn 0.3703 -0.0971 -0.9238
vn 0.2499 -0.3384 -0.9072
vn 0.3112 -0.4265 -0.8493
vn 0.2606 -0.3866 -0.8847
vn 0.5487 -0.2649 -0.7929
vn 0.1144 -0.1414 -0.9833
vn 0.2384 0.0311 -0.9707
vn 0.1456 0.0880 -0.9854
vn 0.0246 -0.0353 -0.9991
vn -0.0120 0.0129 -0.9998
vn 0.1680 -0.2116 -0.9628
vn 0.3093 -0.3924 -0.8662
vn -0.4520 0.4964 -0.7412
vn -0.3264 0.3619 -0.8732
vn -0.5189 0.5594 -0.6464
vn -0.5334 0.5756 -0.6198
vn -0.3298 0.3729 -0.8673
vn -0.2150 0.2486 -0.9445
vn -0.6504 0.6825 -0.3333
vn -0.5955 0.6351 -0.4919
vn -0.5893 0.6307 -0.5049
vn -0.6680 0.7016 -0.2482
vn -0.5701 0.6168 -0.5428
vn 0.1617 0.3097 -0.9370
vn -0.6888 0.7248 -0.0166
vt 1.000000 0.239436
vt 1.000000 0.294376
vt 0.647077 0.000000
vt 1.000000 0.258588
vt 0.735609 0.272898
vt 0.294377 0.294377
vt 0.239436 0.239436
vt 0.419933 0.232570
vt 1.000000 0.189678
vt 0.509930 0.000000
vt 0.737448 0.000000
vt 0.258588 0.258588
vt 0.189678 0.189678
vt 0.973318 0.330881
vt 0.830229 0.164746
vt 0.676508 0.000000
vt 0.728016 0.000000
vt 0.803176 0.082057
vt 1.000000 0.318318
vt 0.362629 0.362629
vt 0.318318 0.318318
vt 0.375599 0.000000
vt 0.427178 0.000000
vt 1.000000 0.385930
vt 1.000000 0.443954
vt 0.535124 0.432467
vt 0.427178 0.427178
vt 0.375599 0.375599
vt 0.585960 0.383166
vt 0.278580 0.278580
vt 0.202466 0.202466
vt 1.000000 0.286621
vt 0.737063 0.233492
vt 0.569127 0.000000
vt 0.715088 0.000000
vt 1.000000 0.414397
vt 1.000000 0.599730
vt 1.000000 0.031681
vt 1.000000 0.165620
vt 0.531994 0.000000
vt 0.092056 0.000000
vt 1.000000 0.000000
vt 1.000000 0.149211
vt 0.823915 0.100938
vt 0.644564 0.056333
vt 0.550632 0.057053
vt 0.165620 0.165620
vt 0.031681 0.031681
vt 0.304093 0.036785
vt 0.492464 0.047923
vt 0.602342 0.051591
vt 0.808408 0.045182
vt 0.928924 0.035578
vt 1.000000 0.025548
vt 1.000000 0.266385
vt 0.150136 0.150136
vt 0.000000 0.000000
vt 0.090140 0.000000
vt 0.219912 0.021209
vt 0.037710 0.000000
vt 0.543996 0.000000
vt 0.266385 0.266385
vt 1.000000 0.271984
vt 0.967395 0.302370
vt 0.395103 0.000000
vt 0.603879 0.020513
vt 0.834309 0.172241
vt 0.905350 0.208674
vt 0.409193 0.000000
vt 0.333675 0.333675
vt 0.995898 0.082175
vt 0.964479 0.000000
vt 0.402765 0.202797
vt 0.399449 0.250155
vt 0.255427 0.125158
vt 0.223647 0.124115
vt 0.138861 0.089495
vt 0.090478 0.090478
vt 0.352692 0.000000
vt 0.575013 0.575013
vt 0.395103 0.395103
vt 0.329179 0.000000
vt 1.000000 0.333675
vt 0.776971 0.365558
vt 0.682570 0.438032
vt 0.647549 0.472803
vt 1.000000 0.284912
vt 1.000000 0.430873
vt 0.888504 0.373802
vt 0.106513 0.000000
vt 0.497411 0.000000
vt 0.838118 0.192620
vt 0.737399 0.056288
vt 0.409193 0.409193
vt 1.000000 1.000000
vt 0.092056 0.092056
vt 1.000000 0.209171
vt 0.209171 0.209171
vt 0.457202 0.270869
vt 1.000000 0.395644
vt 1.000000 0.647308
vt 0.395645 0.395645
vt 0.558738 0.466118
vt 0.738988 0.543822
vt 1.000000 0.456004
vt 1.000000 0.962290
vt 0.903764 0.879881
vt 0.804020 0.804020
vt 0.714415 0.056773
vt -6.566731 -0.449004
vt -6.534961 -0.341043
vt -6.606446 -0.348371
vt -6.606959 -0.410983
vt -6.530148 -0.472085
vt -6.566732 -0.449004
vt -6.553835 -0.461210
vt -6.526040 -0.399636
vt -6.525471 -0.340102
vt -6.526787 -0.473563
vt -6.622839 -0.349558
vt -6.616554 -0.377313
vt -6.601535 -0.255698
vt -6.605855 -0.329445
vt -6.550991 -0.252482
vt -6.558422 -0.251962
vt -6.584604 -0.251228
vt -6.594521 -0.253725
vt -6.537487 -0.253005
vt -6.538705 -0.252954
vt -6.550991 -0.252482
vt -6.533121 -0.322330
vt -6.526284 -0.296331
vt -6.526284 -0.296331
vt -6.524941 -0.310882
vt -6.524848 -0.305180
vt -6.525188 -0.321576
vt -6.524989 -0.312892
vt -6.620203 -0.261030
vt -6.621160 -0.274804
vt -6.624609 -0.330749
vt -6.601534 -0.255698
vt -6.595272 0.918344
vt -6.608043 0.907040
vt -6.571206 0.912344
vt -6.588367 0.924402
vt -6.616378 0.899614
vt 7.623908 -0.287547
vt 7.633925 -0.275986
vt 7.551405 -0.322278
vt 7.571206 -0.323240
vt 7.616378 -0.296164
vt 7.633925 -0.275986
vt 7.638513 -0.269833
vt 7.636628 -0.253166
vt 7.634731 -0.245046
vt 7.532358 -0.321374
vt 7.633441 -0.243201
vt 7.599492 -0.240542
vt 7.599492 -0.240542
vt 7.594655 -0.239803
vt 7.589061 -0.239102
vt 7.525126 -0.306964
vt 7.525470 -0.321093
vt 7.577594 -0.237923
vt 7.561765 -0.240592
vt 7.544902 -0.243630
vt 7.527877 -0.283826
vt 7.525030 -0.301513
vt 7.589061 -0.239102
vt 7.538988 -0.243486
vt 7.533697 -0.247061
vt 7.571160 -0.334021
vt 7.552136 -0.334377
vt 7.610148 -0.377209
vt 7.602932 -0.361106
vt 7.600451 -0.353765
vt 7.586950 -0.333654
vt 7.613458 -0.408878
vt 7.534569 -0.334645
vt 7.525706 -0.334757
vt 7.525774 -0.342361
vt 7.609490 -0.412511
vt 7.613459 -0.408878
vt 7.619170 -0.401540
vt 7.619170 -0.401540
vt 7.614290 -0.389944
vt 7.613877 -0.388666
vt 7.591129 -0.431635
vt 7.526185 -0.364792
vt 7.526584 -0.379561
vt 7.587481 -0.435844
vt 7.598004 -0.424127
vt 7.526186 -0.364792
vt 7.602122 -0.419903
vt 7.525797 -0.343806
vt 7.526089 -0.360525
vt 7.602122 -0.419903
vt -6.575769 0.937155
vt -6.580139 0.929152
vt -6.526768 0.922358
vt -6.527212 0.938841
vt -6.585608 0.920864
vt -6.587481 0.916230
vt -6.526584 0.916230
vt 7.586986 -0.333377
vt 7.587702 -0.323834
vt 7.525600 -0.328966
vt 7.525706 -0.334757
vt 7.525470 -0.321093
vt 7.525600 -0.328966
vt -6.525428 -0.337465
vt -6.525226 -0.324080
vt -6.623212 -0.345858
vt -6.567130 0.944849
vt -6.573860 0.938841
vt -6.527931 0.977548
vt -6.606960 -0.410983
s 0
usemtl base_material
f 1155/1897/1226 1156/1898/1226 1170/1899/1226
f 1157/1900/1227 1158/1901/1227 1156/1902/1227 1155/1903/1227 1160/1904/1227 1159/1905/1227
f 1173/1906/1228 1172/1907/1228 1157/1908/1228 1159/1909/1228
f 1162/1910/1229 1161/1911/1229 1195/1912/1229 1199/1913/1229 1163/1914/1229 1164/1915/1229
f 1162/1916/1230 1164/1917/1230 1165/1918/1230 1166/1919/1230
f 1169/1920/1231 1170/1921/1231 1167/1922/1231 1166/1923/1231 1165/1924/1231 1168/1925/1231
f 1170/1926/1232 1169/1927/1232 1155/1928/1232
f 1171/1929/1233 1175/1930/1233 1174/1931/1233 1172/1932/1233 1173/1933/1233
f 1178/1934/1234 1176/1935/1234 1177/1936/1234
f 1182/1937/1235 1144/1938/1235 1186/1939/1235 1180/1940/1235 1179/1941/1235 1181/1942/1235 1176/1943/1235 1178/1944/1235
f 1185/1945/1236 1187/1946/1236 1189/1947/1236 1188/1948/1236 1190/1949/1236 1191/1950/1236 1193/1951/1236 1186/1952/1236 1144/1953/1236 1183/1954/1236 1184/1955/1236
f 1191/1956/1237 1192/1957/1237 1193/1958/1237
f 1199/1959/1238 1195/1960/1238 1194/1961/1238 1197/1962/1238 1198/1963/1238 1196/1964/1238
f 1143/1953/1239 1201/1965/1239 1202/1966/1239
f 1144/1938/1240 1200/1967/1240 1183/1968/1240
f 1208/1969/1241 1207/1970/1241 1205/1971/1241 1204/1972/1241 1203/1973/1241 1200/1974/1241 1144/1953/1241 1206/1975/1241
f 1197/1976/1242 1194/1977/1242 1221/1978/1242 1143/1938/1242 1202/1979/1242 1211/1980/1242 1210/1981/1242 1209/1982/1242
f 1174/1983/1243 1175/1984/1243 1212/1985/1243 1178/1986/1243 1177/1987/1243 1213/1988/1243
f 1143/1953/1244 1214/1989/1244 1201/1990/1244
f 1144/1991/1245 1182/1992/1245 1215/1993/1245
f 1144/1991/1246 1215/1994/1246 1216/1995/1246 1217/1996/1246
f 1206/1997/1247 1144/1991/1247 1217/1998/1247 1219/1999/1247 1218/2000/1247
f 1192/2001/1248 1191/2002/1248 1220/2003/1248 1214/2004/1248 1143/1953/1248 1221/2005/1248
s 1
f 1193/2006/1249 1153/2007/1250 1147/2008/1251 1186/2009/1252
f 1221/2010/1253 1153/2007/1250 1193/2011/1249 1192/2012/1254
f 1194/2013/1255 1195/2014/1256 1153/2007/1250 1221/2015/1253
f 1179/2016/1257 1180/2017/1258 1147/2008/1251
f 1213/2018/1259 1154/2019/1260 1158/2020/1261 1157/2021/1262 1172/2022/1262 1174/2023/1262
f 1170/2024/1263 1156/2025/1263 1158/2026/1261 1154/2019/1260 1146/2027/1264 1167/2028/1265
f 1167/2029/1265 1146/2027/1264 1162/2030/1266 1166/2031/1267
f 1146/2027/1264 1161/2032/1268 1162/2033/1266
f 1177/2034/1269 1176/2035/1269 1181/2036/1270 1154/2019/1260 1213/2037/1259
f 1206/2038/1271 1218/2039/1272 1148/2040/1273 1208/2041/1274
f 1218/2039/1272 1219/2042/1275 1148/2040/1273
f 1217/2043/1276 1216/2044/1277 1145/2045/1278 1148/2046/1273 1219/2047/1275
f 1216/2048/1277 1215/2049/1279 1182/2050/1280 1145/2045/1278
f 1145/2045/1278 1182/2050/1280 1178/2051/1281 1149/2052/1282
f 1149/2052/1282 1178/2053/1281 1212/2054/1283
f 1149/2052/1282 1212/2055/1283 1175/2056/1284 1171/2057/1285 1164/2058/1286 1163/2059/1287
f 1173/2060/1288 1159/2061/1288 1160/2062/1289 1168/2063/1290 1165/2064/1288 1164/2058/1286 1171/2065/1285
f 1168/2063/1290 1160/2062/1289 1155/2066/1291 1169/2067/1291
f 1151/2068/1292 1150/2069/1293 1203/2070/1294 1204/2071/1295
f 1205/2072/1296 1151/2068/1292 1204/2071/1295
f 1151/2068/1292 1205/2072/1296 1207/2073/1297
f 1184/2074/1298 1152/2075/1299 1196/2076/1300 1198/2077/1301 1185/2078/1302
f 1184/2079/1298 1183/2080/1303 1152/2075/1299
f 1150/2069/1293 1152/2075/1299 1183/2081/1303 1200/2082/1304
f 1203/2070/1294 1150/2069/1293 1200/2083/1304
f 1188/2084/1305 1197/2085/1306 1209/2086/1307 1190/2087/1308
f 1189/2088/1309 1197/2089/1306 1188/2084/1305
f 1187/2090/1310 1198/2091/1301 1197/2092/1306 1189/2088/1309
f 1187/2093/1310 1185/2078/1302 1198/2091/1301
f 1214/2094/1311 1220/2095/1312 1210/2096/1313 1211/2097/1314
f 1220/2095/1312 1191/2098/1315 1190/2099/1308 1209/2100/1307 1210/2096/1313
f 1151/2068/1292 1145/2045/1278 1150/2069/1293
f 1148/2046/1273 1145/2045/1278 1151/2068/1292
f 1151/2068/1292 1207/2101/1297 1148/2046/1273
f 1208/2102/1274 1148/2046/1273 1207/2101/1297
f 1152/2075/1299 1199/2103/1316 1196/2104/1300
f 1149/2052/1282 1163/2105/1287 1199/2106/1316 1152/2075/1299
f 1150/2069/1293 1149/2052/1282 1152/2075/1299
f 1145/2045/1278 1149/2052/1282 1150/2069/1293
f 1195/2107/1256 1161/2108/1268 1146/2027/1264 1153/2007/1250
f 1154/2019/1260 1147/2008/1251 1153/2007/1250
f 1154/2019/1260 1153/2007/1250 1146/2027/1264
f 1179/2109/1257 1147/2008/1251 1154/2019/1260 1181/2036/1270
f 1201/2110/1317 1214/2111/1311 1211/2097/1314 1202/2112/1317
f 1180/2017/1258 1186/2113/1252 1147/2008/1251
o base_cell.013
v -6.195890 0.934521 -1.254947
v -6.204291 0.938381 -1.255025
v -6.185401 0.934439 -1.230596
v -6.197436 0.939094 -1.240194
v -6.185414 0.955326 -1.264125
v -6.182063 0.951376 -1.265618
v -6.168283 0.951376 -1.227098
v -6.173611 0.929636 -1.241992
v -6.168283 0.930012 -1.227098
v -6.167023 0.930841 -1.217752
v -6.182769 0.955934 -1.232018
v -6.167474 0.951376 -1.221097
v -6.171404 0.955112 -1.224284
v -6.194871 0.956549 -1.241034
v -6.182063 0.930139 -1.265618
v -6.187389 0.935121 -1.274483
v -6.201980 0.956673 -1.256747
v -6.214426 0.956405 -1.284309
v -6.197004 0.956580 -1.245741
v -6.217412 0.956312 -1.291570
v -6.203768 0.951376 -1.301704
v -6.208921 0.955325 -1.301983
vn -0.2717 -0.9547 0.1213
vn -0.5524 0.1222 0.8246
vn -0.5886 0.1249 0.7987
vn -0.5353 -0.7949 0.2857
vn -0.4124 -0.8941 0.1747
vn -0.2644 -0.9600 0.0927
vn -0.4106 -0.8970 -0.1637
vn -0.4328 -0.8717 -0.2299
vn -0.9013 0.1521 0.4055
vn -0.9000 0.1520 0.4085
vn -0.9210 0.0955 0.3776
vn -0.5501 -0.7447 -0.3780
vn 0.9002 0.3726 -0.2256
vn 0.5830 0.7996 -0.1442
vn 0.9580 0.2562 -0.1291
vn 0.0677 0.9972 -0.0316
vn 0.0756 0.9968 -0.0247
vn 0.4086 0.8912 -0.1969
vn 0.0779 0.9966 -0.0253
vn 0.9416 -0.0000 -0.3368
vn 0.9109 0.0001 -0.4126
vn 0.8425 0.3594 -0.4014
vn 0.9707 -0.0000 -0.2402
vn 0.3285 0.9234 -0.1986
vn 0.0648 0.9971 -0.0397
vn -0.4636 -0.8523 -0.2424
vn 0.8570 0.0002 -0.5153
vn 0.6673 0.6274 -0.4013
vn 0.9910 -0.0000 -0.1336
vt 0.234710 0.164828
vt 0.251703 0.251703
vt 0.000000 0.000000
vt 0.162087 0.000000
vt 0.956227 0.119396
vt 0.958617 0.000000
vt 1.000000 0.000000
vt 1.000000 0.251703
vt 0.961558 0.212039
vt 0.966093 0.000000
vt 1.000000 1.000000
vt 0.958617 0.958617
vt 1.000000 0.837913
vt 0.177033 0.000000
vt 0.177033 0.177033
vt 0.184760 0.000000
vt 0.239888 0.239888
vt 0.507679 0.000000
vt 0.976708 0.033831
vt 1.000000 0.033907
vt 0.683412 0.034407
vt 0.035463 0.035463
vt 0.507679 0.507679
vt 0.133234 0.133234
vt 0.005292 0.000000
vt 0.226413 0.094234
vt 1.009230 -0.101827
vt 1.006416 -0.098091
vt 1.003230 -0.101827
vt -6.330285 1.037504
vt -6.325923 1.027870
vt -6.314335 1.046251
vt -6.300808 1.008531
vt -6.323792 1.023163
vt -6.311690 1.014149
vt 1.029967 -0.123563
vt 1.029488 -0.123060
vt 1.029608 -0.123186
vt -6.330898 1.038873
vt -6.335571 1.081573
vt -6.346328 1.073691
vt -6.343343 1.066431
vt 1.000000 0.815240
vt 0.139932 0.005435
vt 1.062236 -0.118079
vt 1.047743 -0.101827
vt 1.066510 -0.122872
vt 1.046251 -0.097877
vt 1.008531 -0.097883
vt -6.332613 1.083741
vt -6.310985 1.047743
vt 0.968426 -0.101827
vt 0.989179 -0.122357
vt 0.990017 -0.123186
s 0
usemtl base_material
f 1230/2114/1318 1231/2115/1318 1224/2116/1318 1229/2117/1318
f 1234/2118/1319 1232/2119/1319 1224/2120/1319 1231/2121/1319 1233/2122/1319
f 1235/2123/1320 1225/2120/1320 1224/2124/1320 1232/2125/1320
f 1225/2116/1321 1223/2120/1321 1224/2124/1321
f 1223/2116/1322 1222/2120/1322 1224/2124/1322
f 1229/2126/1323 1224/2124/1323 1222/2116/1323 1236/2127/1323
f 1236/2128/1324 1222/2116/1324 1223/2120/1324
f 1237/2129/1325 1236/2130/1325 1223/2116/1325
f 1239/2131/1326 1223/2120/1326 1238/2132/1326
f 1223/2116/1327 1225/2120/1327 1235/2133/1327 1240/2134/1327 1238/2135/1327
f 1241/2120/1328 1223/2124/1328 1239/2136/1328
f 1242/2137/1329 1241/2138/1329 1243/2139/1329
s 1
f 1228/2140/1330 1234/2141/1331 1233/2142/1332
f 1238/2143/1333 1240/2144/1334 1226/2145/1335
f 1234/2146/1331 1226/2145/1335 1240/2144/1334 1235/2147/1336 1232/2148/1336
f 1229/2149/1337 1236/2150/1338 1227/2140/1339 1228/2140/1330 1230/2151/1340
f 1238/2152/1333 1226/2145/1335 1243/2153/1341 1241/2154/1342 1239/2155/1342
s 0
f 1237/2156/1343 1223/2124/1343 1241/2116/1343 1242/2157/1343
s 1
f 1237/2158/1344 1242/2159/1345 1227/2159/1339 1236/2160/1338
f 1226/2161/1335 1228/2140/1330 1227/2159/1339
f 1234/2162/1331 1228/2140/1330 1226/2161/1335
f 1242/2163/1345 1243/2153/1341 1227/2164/1339
f 1243/2153/1341 1226/2145/1335 1227/2164/1339
f 1233/2165/1332 1231/2166/1346 1230/2167/1340 1228/2165/1330
o base_cell.014
v -6.199555 0.939183 -1.239630
v -6.205583 0.938732 -1.254024
v -6.235781 0.928203 -1.267204
v -6.240859 0.958462 -1.274388
v -6.223999 0.958462 -1.246939
v -6.243258 0.953593 -1.272647
v -6.226735 0.953577 -1.245721
v -6.201952 0.957093 -1.238845
v -6.196993 0.956708 -1.240502
v -6.204440 0.956772 -1.258260
v -6.210488 0.956646 -1.271583
v -6.224326 0.947799 -1.231410
v -6.222183 0.953584 -1.232124
v -6.219373 0.958462 -1.233060
v -6.236217 0.922791 -1.238505
v -6.233823 0.922321 -1.228572
v -6.242975 0.923823 -1.260065
v -6.239252 0.923924 -1.251863
v -6.213601 0.956582 -1.278419
v -6.220118 0.956405 -1.292717
v -6.260462 0.953615 -1.290795
v -6.259007 0.958462 -1.293495
v -6.257877 0.943639 -1.287312
v -6.244089 0.957422 -1.298577
v -6.245410 0.926635 -1.267532
v -6.251475 0.937730 -1.280111
v -6.238262 0.957184 -1.297213
vn 0.3171 0.0008 0.9484
vn 0.9125 -0.1497 -0.3806
vn 0.9004 -0.1527 -0.4073
vn 0.3152 0.0006 0.9490
vn 0.4006 -0.9056 -0.1394
vn 0.3117 -0.0104 0.9501
vn 0.3882 -0.9067 -0.1651
vn 0.4726 -0.7210 -0.5068
vn 0.8998 -0.1538 -0.4083
vn -0.3215 -0.3853 -0.8650
vn 0.1607 -0.9052 -0.3934
vn 0.1413 -0.7066 -0.6934
vn 0.1384 -0.7053 -0.6953
vn 0.0525 0.9974 -0.0499
vn 0.0585 0.9973 -0.0444
vn 0.0537 0.9973 -0.0498
vn 0.0596 0.9973 -0.0438
vn 0.0632 0.9972 -0.0392
vn 0.0673 0.9972 -0.0316
vn 0.0671 0.9972 -0.0322
vn 0.0639 0.9972 -0.0385
vn 0.0708 0.9972 -0.0249
vn -0.7561 0.3373 0.5608
vn -0.6823 0.3395 0.6475
vn -0.7247 0.0521 0.6871
vn -0.7856 0.1105 0.6087
vn -0.8337 0.4175 0.3615
vn -0.8541 0.2161 0.4730
vn -0.8503 0.4431 0.2840
vn -0.9048 0.3434 0.2519
vn -0.8839 0.3626 0.2952
vn -0.9119 0.3361 0.2357
vn -0.8927 0.3088 0.3284
vn -0.6779 0.5199 0.5198
vn -0.6214 0.5153 0.5902
vn -0.8102 0.5199 0.2705
vn -0.7732 0.5220 0.3601
vn -0.8735 0.2873 0.3930
vt 0.970576 0.005216
vt 0.965245 0.000000
vt 1.000000 0.000000
vt 0.034012 0.034012
vt 0.000000 0.000000
vt 1.000000 0.034997
vt 0.035009 0.035009
vt 0.225626 0.000000
vt 0.875448 0.013292
vt 0.857899 0.000000
vt 1.000000 0.034755
vt 0.896283 0.025209
vt 1.000000 1.000000
vt 0.638794 0.638794
vt 0.655190 0.000000
vt 0.857899 0.857899
vt 1.000000 0.638794
vt 0.877316 0.000000
vt 0.655190 0.655190
vt 0.798820 0.275762
vt 1.000000 0.774374
vt 0.119919 0.086573
vt 0.679932 0.524198
vt 0.580084 0.000000
vt 0.922952 0.307777
vt 0.958175 0.363013
vt 0.325475 0.000000
vt 1.000000 0.785232
vt 0.830558 0.830558
vt 0.481212 0.000000
vt 0.754223 0.682114
vt 0.481212 0.481212
vt 0.419916 0.000000
vt 0.674525 0.000000
vt 0.754072 0.237053
vt -6.373000 1.080696
vt -6.387916 1.075615
vt -6.369770 1.056512
vt -6.367174 1.079333
vt -6.349148 1.075068
vt -6.342517 1.060542
vt -6.347960 1.072494
vt -6.352913 1.029067
vt -6.342517 1.060542
vt -6.333358 1.040387
vt -6.339405 1.053707
vt -6.332390 1.038209
vt -6.348289 1.015191
vt -6.330871 1.020975
vt -6.327224 1.025807
vt -0.054771 -0.099610
vt -0.072915 -0.099588
vt -0.069432 -0.109563
vt -0.060165 -0.117128
vt -0.027849 -0.099626
vt -0.060165 -0.117128
vt -0.051519 -0.124794
vt -0.014255 -0.099618
vt -0.010819 -0.129741
vt -0.013541 -0.105403
vt -0.020635 -0.130406
vt -0.010819 -0.129741
vt -0.033991 -0.129274
vt -0.056512 -0.094741
vt -0.072915 -0.099588
vt -0.075615 -0.094741
vt -0.073687 -0.098204
vt -0.015191 -0.094741
vt -0.029067 -0.094741
vt -0.014699 -0.097296
vt -0.042191 -0.129375
vt -0.049657 -0.126563
s 0
usemtl base_material
f 1252/2168/1347 1251/2169/1347 1244/2170/1347
f 1252/2171/1348 1244/2172/1348 1245/2170/1348 1253/2173/1348
f 1253/2174/1349 1245/2172/1349 1254/2175/1349
f 1256/2176/1350 1255/2177/1350 1244/2170/1350 1251/2178/1350 1257/2179/1350
f 1244/2180/1351 1259/2181/1351 1258/2182/1351 1245/2170/1351
f 1244/2180/1352 1255/2183/1352 1259/2184/1352
f 1260/2185/1353 1246/2170/1353 1245/2180/1353 1258/2186/1353 1261/2187/1353
f 1263/2170/1354 1245/2180/1354 1246/2172/1354
f 1254/2188/1355 1245/2180/1355 1263/2189/1355 1262/2190/1355
f 1266/2191/1356 1264/2192/1356 1265/2193/1356 1267/2194/1356
f 1268/2195/1357 1246/2180/1357 1260/2196/1357
f 1269/2197/1358 1263/2170/1358 1246/2180/1358 1268/2198/1358
f 1263/2180/1359 1269/2199/1359 1266/2200/1359 1267/2201/1359 1270/2202/1359
s 1
f 1267/2203/1360 1265/2204/1360 1247/2205/1361 1270/2206/1362
f 1270/2206/1362 1247/2205/1361 1263/2207/1363
f 1262/2208/1364 1263/2209/1363 1247/2205/1361 1248/2210/1365
f 1262/2211/1364 1248/2210/1365 1253/2212/1366 1254/2213/1367
f 1253/2214/1366 1248/2210/1365 1257/2215/1368 1251/2216/1368 1252/2217/1368
f 1249/2218/1369 1264/2219/1370 1266/2220/1371 1269/2221/1372
f 1250/2222/1373 1249/2218/1369 1269/2223/1372 1268/2224/1374
f 1256/2225/1375 1250/2222/1373 1259/2226/1376 1255/2227/1377
f 1258/2228/1378 1259/2229/1376 1250/2222/1373 1261/2230/1379
f 1247/2231/1380 1264/2232/1370 1249/2218/1369
f 1247/2231/1380 1265/2233/1381 1264/2234/1370
f 1257/2235/1382 1248/2236/1383 1250/2222/1373 1256/2237/1375
f 1260/2238/1384 1261/2230/1379 1250/2222/1373 1268/2239/1374
f 1248/2236/1383 1247/2231/1380 1249/2218/1369 1250/2222/1373
o base_cell.015
v -6.399650 0.595542 -1.198529
v -6.394663 0.593052 -1.219367
v -6.566290 0.734747 -1.185629
v -6.581575 0.769444 -1.197111
v -6.437516 0.605664 -1.261855
v -6.519931 0.793774 -1.298624
v -6.467716 0.719770 -1.162170
v -6.468033 0.729212 -1.161303
v -6.406079 0.712117 -1.275910
v -6.477577 0.704788 -1.281327
v -6.476985 0.723717 -1.285527
v -6.404239 0.730833 -1.280164
v -6.458829 0.729329 -1.230197
v -6.468033 0.729212 -1.211271
v -6.442330 0.729923 -1.242379
v -6.422526 0.730885 -1.251140
v -6.403475 0.731789 -1.259642
v -6.467716 0.719770 -1.210404
v -6.458527 0.719518 -1.228556
v -6.442284 0.719140 -1.239986
v -6.423257 0.718783 -1.247762
v -6.405687 0.718516 -1.254954
v -6.387948 0.718292 -1.257755
v -6.507561 0.665862 -1.129383
v -6.531363 0.765029 -1.131513
v -6.512389 0.778283 -1.103334
v -6.516182 0.774189 -1.109382
v -6.522064 0.768008 -1.118713
v -6.510089 0.781105 -1.099575
v -6.502715 0.660118 -1.124812
v -6.499497 0.654786 -1.122215
v -6.501860 0.771520 -1.106806
v -6.478488 0.685404 -1.128806
v -6.483512 0.674296 -1.124812
v -6.487891 0.661000 -1.121421
v -6.490886 0.759027 -1.116511
v -6.476413 0.690046 -1.130485
v -6.475741 0.743269 -1.129871
v -6.473758 0.697925 -1.132588
v -6.461673 0.715957 -1.142564
v -6.420417 0.635860 -1.179790
v -6.481845 0.748797 -1.124504
v -6.461680 0.730661 -1.142246
v -6.402210 0.653226 -1.195099
v -6.458943 0.719529 -1.144840
v -6.398863 0.656418 -1.198179
v -6.569165 0.777587 -1.177195
v -6.558496 0.772484 -1.164568
v -6.516546 0.674874 -1.138431
v -6.511509 0.672479 -1.132588
v -6.549060 0.767970 -1.153630
v -6.522131 0.680607 -1.144018
v -6.537172 0.765928 -1.138792
v -6.525614 0.681443 -1.153185
v -6.531737 0.683089 -1.186069
v -6.529101 0.684599 -1.162170
v -6.494272 0.651882 -1.119353
v -6.445911 0.611544 -1.161957
v -6.447115 0.610395 -1.202801
v -6.390988 0.672402 -1.228961
v -6.385692 0.698008 -1.249085
v -6.388521 0.682075 -1.238493
v -6.389852 0.676351 -1.233386
v -6.394406 0.660670 -1.215878
v -6.384813 0.703590 -1.252360
v -6.383210 0.720902 -1.257782
v -6.380589 0.714644 -1.269335
v -6.379235 0.733210 -1.273610
v -6.379794 0.725417 -1.271858
v -6.373719 0.764127 -1.294496
v -6.376981 0.763251 -1.280790
v -6.375410 0.772735 -1.286686
v -6.379389 0.632508 -1.280797
v -6.381748 0.732664 -1.263043
v -6.380910 0.775165 -1.289387
v -6.378523 0.765734 -1.297421
v -6.580149 0.782841 -1.190587
v -6.583661 0.784521 -1.195288
v -6.510677 0.759024 -1.311036
v -6.509535 0.754349 -1.307866
v -6.493618 0.708098 -1.282580
v -6.500864 0.722056 -1.285923
v -6.521811 0.688775 -1.210404
v -6.510720 0.687588 -1.228556
v -6.516601 0.687409 -1.217990
v -6.505413 0.683440 -1.233071
v -6.494081 0.674984 -1.243178
v -6.499563 0.680531 -1.239986
v -6.469337 0.650092 -1.257755
v -6.473342 0.654853 -1.256248
v -6.483210 0.665185 -1.250907
v -6.478241 0.661147 -1.254954
v -6.482201 0.691546 -1.283404
v -6.477736 0.685447 -1.284162
v -6.454637 0.653352 -1.287447
v -6.488558 0.670571 -1.247762
v -6.458508 0.613203 -1.233732
v -6.458555 0.617349 -1.238493
v -6.459588 0.624256 -1.244745
v -6.462385 0.634986 -1.252360
v -6.432968 0.623347 -1.290513
v -6.465089 0.641380 -1.255073
v -6.452451 0.611484 -1.225417
v -6.447400 0.610124 -1.215878
v -6.404441 0.629246 -1.287155
v -6.390269 0.778749 -1.293916
v -6.386583 0.768057 -1.302146
v -6.398920 0.779665 -1.296762
v -6.395125 0.768658 -1.305546
v -6.422021 0.768502 -1.309276
v -6.422621 0.782615 -1.297443
v -6.474029 0.792909 -1.294688
v -6.474351 0.768681 -1.315159
v -6.449314 0.786981 -1.296838
v -6.491617 0.769284 -1.316641
v -6.445354 0.768089 -1.312314
v -6.431956 0.784110 -1.297258
v -6.508612 0.801460 -1.290912
v -6.490578 0.796732 -1.293111
v -6.528215 0.801303 -1.285908
v -6.567508 0.776794 -1.220690
v -6.558779 0.776022 -1.234770
v -6.551174 0.775508 -1.247053
v -6.545152 0.779035 -1.257186
v -6.538000 0.787267 -1.269341
v -6.507932 0.766984 -1.316139
v -6.533125 0.792929 -1.277562
v -6.531234 0.796216 -1.280829
vn 0.6524 -0.0161 0.7577
vn 0.5971 -0.0259 0.8017
vn 0.6515 -0.0170 0.7585
vn 0.6073 -0.0555 0.7925
vn 0.6838 -0.0130 0.7296
vn -0.7855 -0.1699 0.5951
vn -0.7800 -0.1743 0.6010
vn -0.8292 -0.5359 0.1591
vn -0.3035 -0.9521 0.0357
vn -0.2959 -0.9542 0.0432
vn 0.9720 -0.0167 0.2346
vn 0.9704 -0.0139 0.2410
vn 0.9709 -0.0150 0.2391
vn 0.5492 0.6181 -0.5624
vn -0.7935 -0.1684 0.5848
vn -0.8178 -0.1793 0.5469
vn -0.7641 -0.4794 -0.4316
vn -0.7551 -0.4949 -0.4300
vn -0.7538 -0.4990 -0.4275
vn -0.7529 -0.5000 -0.4280
vn -0.3063 -0.9516 0.0265
vn 0.2315 -0.8439 -0.4840
vn 0.2327 -0.8436 -0.4840
vn 0.5207 0.6262 -0.5803
vn 0.3093 0.6505 -0.6936
vn 0.1017 0.6417 -0.7602
vn 0.0878 0.6422 -0.7615
vn 0.0385 0.6206 -0.7832
vn -0.1533 0.8033 -0.5755
vn -0.8500 -0.0543 -0.5240
vn -0.8485 -0.0410 -0.5276
vn -0.8456 -0.0303 -0.5329
vn 0.8058 0.5698 -0.1609
vn 0.4258 0.9026 -0.0630
vn 0.4064 0.8901 -0.2065
vn 0.6509 0.6720 -0.3531
vn 0.3822 0.8723 -0.3052
vn 0.3354 0.8266 -0.4519
vn 0.3021 0.7877 -0.5369
vn 0.3225 0.8121 -0.4864
vn 0.2536 0.7244 -0.6410
vn 0.2522 0.7231 -0.6430
vn 0.2505 0.7215 -0.6455
vn 0.4720 -0.7976 -0.3756
vn 0.8551 -0.4764 -0.2046
vn 0.8309 -0.3321 -0.4465
vn 0.4875 -0.7866 -0.3788
vn 0.4400 -0.7152 -0.5430
vn 0.4862 -0.8485 -0.2090
vn 0.2667 -0.3804 -0.8855
vn 0.2333 -0.3408 -0.9107
vn 0.3131 -0.4352 -0.8442
vn 0.2981 -0.4137 -0.8602
vn 0.2756 -0.3814 -0.8824
vn 0.3429 -0.5087 -0.7897
vn 0.3936 -0.5839 -0.7100
vn 0.3655 -0.5628 -0.7414
vn 0.2373 -0.3265 -0.9149
vn 0.4971 -0.8677 -0.0000
vn 0.4903 -0.8557 0.1658
vn 0.8428 -0.4935 0.2145
vn -0.6902 0.7236 -0.0000
vn -0.6630 0.6951 0.2779
vn -0.6708 0.7033 0.2356
vn -0.7527 -0.1767 0.6341
vn 0.4315 0.9021 -0.0000
vn 0.7834 0.5903 0.1946
vn 0.4249 0.9024 0.0717
vn 0.0600 0.1443 -0.9877
vn 0.0539 0.1444 -0.9881
vn 0.0711 -0.0256 -0.9971
vn 0.1660 -0.0485 -0.9849
vn 0.0751 0.1397 -0.9873
vn 0.1524 0.1364 -0.9789
vn 0.2535 -0.0653 -0.9651
vn 0.2309 0.1365 -0.9634
vn 0.0498 -0.1330 -0.9899
vn 0.0514 0.1372 -0.9892
vn 0.0611 -0.5517 -0.8318
vn 0.1001 -0.5655 -0.8186
vn 0.0715 -0.3954 -0.9157
vn 0.1963 -0.5790 -0.7913
vn 0.1885 -0.4167 -0.8893
vn 0.1158 -0.5726 -0.8116
vn 0.2727 -0.5815 -0.7665
vn 0.2685 -0.5787 -0.7701
vn 0.2673 -0.4180 -0.8682
vn 0.0522 -0.5516 -0.8324
vn 0.0445 -0.4243 -0.9044
vn 0.5957 0.5752 0.5606
vn 0.4063 0.8900 0.2070
vn 0.3741 0.8676 0.3276
vn 0.3913 0.5057 0.7689
vn 0.2926 0.7796 0.5538
vn 0.2522 0.7231 0.6430
vn 0.3318 0.4800 0.8121
vn 0.2155 0.6815 0.6993
vn 0.2006 0.6547 0.7288
vn 0.1824 0.6416 0.7450
vn 0.2029 0.4849 0.8507
vn 0.2566 0.6919 0.6749
vn 0.1912 0.6535 0.7324
vn 0.2215 0.6648 0.7134
vn 0.0441 0.4864 0.8726
vn 0.0983 0.6148 0.7825
vn -0.0283 0.5799 0.8142
vn 0.0693 0.6037 0.7942
vn -0.2096 0.5197 0.8282
vn -0.2041 0.5224 0.8279
vn -0.2160 0.5166 0.8286
vn -0.1662 0.5404 0.8248
vn 0.4501 -0.7357 0.5061
vn 0.6780 -0.3470 0.6480
vn 0.4708 -0.7989 0.3743
vn 0.4478 -0.1657 0.8787
vn 0.2708 -0.3815 0.8838
vn 0.2871 -0.3889 0.8754
vn 0.3755 -0.1041 0.9209
vn 0.3505 -0.5199 0.7790
vn 0.3622 -0.5637 0.7423
vn 0.2436 0.0181 0.9697
vn 0.1267 -0.1545 0.9798
vn -0.0246 0.0293 0.9993
vn -0.0055 0.2388 0.9710
vn 0.2294 -0.2902 0.9291
vn 0.2818 -0.3673 0.8864
vn -0.5462 0.5910 0.5936
vn -0.5202 0.5629 0.6423
vn -0.4397 0.4879 0.7541
vn -0.4718 0.5162 0.7148
vn -0.3035 0.3419 0.8894
vn -0.3570 0.4010 0.8437
vn -0.2229 0.2564 0.9405
vn -0.6250 0.6552 0.4243
vn -0.5856 0.6281 0.5124
vn -0.5957 0.6353 0.4915
vn -0.5701 0.6168 0.5428
vn -0.2270 0.4210 0.8782
vn 0.2658 -0.2345 -0.9351
vt 0.544499 0.511434
vt 0.590027 0.537959
vt 0.661135 0.661135
vt 0.543866 0.521078
vt 0.673742 0.226292
vt 1.000000 0.340103
vt 1.000000 0.765512
vt 0.809768 0.769018
vt 0.771603 0.771603
vt 0.062322 0.000000
vt 0.349569 0.102047
vt 1.000000 0.661135
vt 0.933979 0.679664
vt 0.857518 0.718255
vt 0.765512 0.765512
vt 0.340103 0.340103
vt 0.430648 0.369393
vt 0.566723 0.417452
vt 1.000000 0.538902
vt 1.000000 0.000000
vt 1.000000 0.180439
vt 0.232981 0.000000
vt 0.000000 0.000000
vt 0.196432 0.000000
vt 0.180439 0.180439
vt 0.331725 0.000000
vt 0.196432 0.196432
vt 1.000000 0.399361
vt 0.487641 0.000000
vt 0.944077 0.066242
vt 1.000000 0.053194
vt 1.000000 0.627890
vt 0.867440 0.573127
vt 0.597307 0.462756
vt 0.399361 0.399361
vt 0.738568 0.020373
vt 0.838335 0.032282
vt 0.697289 0.697289
vt 0.488360 0.000000
vt 0.583674 0.418262
vt 0.654858 0.576065
vt 1.000000 0.786733
vt 0.462406 0.000000
vt 0.786733 0.786733
vt 1.000000 1.000000
vt 0.542424 0.000000
vt 0.738715 0.282267
vt 0.868872 0.444086
vt 1.000000 0.597599
vt 1.000000 0.668275
vt 0.597599 0.597599
vt 0.768997 0.654537
vt 0.739526 0.704711
vt 0.670358 0.651757
vt 0.654505 0.640010
vt 0.578630 0.564399
vt 0.542423 0.542423
vt 0.422094 0.000000
vt 0.695863 0.565353
vt 0.749247 0.623167
vt 0.787550 0.665291
vt 1.000000 0.775843
vt 1.000000 0.861907
vt 0.937051 0.825924
vt 0.410797 0.000000
vt 0.459707 0.000000
vt 0.861907 0.861907
vt 0.669528 0.549603
vt 0.312851 0.000000
vt 1.000000 0.512359
vt 0.312851 0.312851
vt 0.572805 0.000000
vt 0.873188 0.000000
vt 1.000000 0.138883
vt 0.138883 0.138883
vt 0.759189 0.424387
vt 1.000000 0.509016
vt 0.787424 0.461922
vt 0.841356 0.487471
vt 0.879872 0.519367
vt 1.000000 0.529479
vt 0.514502 0.472439
vt 0.507068 0.356790
vt 0.504030 0.299527
vt 0.491649 0.000000
vt 0.653214 0.000000
vt 0.643570 0.046779
vt 0.650611 0.093840
vt 0.656356 0.154243
vt 0.676450 0.201273
vt 0.691763 0.258203
vt 0.714546 0.310019
vt 0.730076 0.368535
vt 0.764956 0.412696
vt 1.000000 0.383659
vt 0.949469 0.402284
vt 0.869478 0.449283
vt 0.750456 0.542256
vt 0.653214 0.653214
vt 0.491649 0.491649
vt 0.763618 0.000000
vt 0.383659 0.383659
vt 1.000000 0.537594
vt 0.764977 0.437291
vt 0.566225 0.401763
vt 0.258402 0.016772
vt 1.000000 0.585964
vt 0.608298 0.584310
vt 1.000000 0.577906
vt 0.459707 0.459707
vt 0.410797 0.410797
vt 0.491139 0.000000
vt 0.555550 0.000000
vt 1.000000 0.444450
vt 1.000000 0.508861
vt 0.494173 0.000000
vt 0.560318 0.000000
vt 0.541827 0.541827
vt 0.477182 0.477182
vt 1.000000 0.496774
vt 1.000000 0.576410
vt 0.496775 0.496775
vt 0.661879 0.365664
vt 0.872971 0.209212
vt 1.000000 0.117536
vt 1.000000 0.353392
vt 0.791129 0.454857
vt 0.651334 0.533715
vt 0.576410 0.576410
vt 0.657378 0.240702
vt 0.353392 0.353392
vt 0.117536 0.117536
vt 0.335583 0.000000
vt 1.000000 0.120270
vt 0.161994 0.161994
vt 0.244009 0.000000
vt 0.126813 0.000000
vt 1.000000 0.427195
vt 0.810364 0.272387
vt 0.701967 0.287145
vt 0.607251 0.304612
vt 0.499838 0.499838
vt 0.423320 0.000000
vt 0.858859 0.000000
vt 1.000000 0.106128
vt 1.000000 0.499838
vt 0.758608 0.287005
vt 0.537849 0.093162
vt 0.755991 0.000000
vt 0.858859 0.858859
vt 0.423320 0.423320
vt -6.596905 0.943447
vt -6.677917 0.935775
vt -6.666030 0.920940
vt -6.588508 0.926182
vt -6.666030 0.920940
vt -6.658552 0.911591
vt -6.590553 0.924393
vt -6.604611 0.912020
vt -6.591115 0.923901
vt -6.650926 0.900864
vt -6.610714 0.906655
vt -6.619753 0.898662
vt -6.650926 0.900864
vt -6.645044 0.891535
vt 7.630725 -0.281650
vt 7.619753 -0.294141
vt 7.645044 -0.278982
vt 7.637491 -0.273986
vt 7.654475 0.935331
vt 7.596587 0.944314
vt 7.587816 0.926986
vt 7.588792 0.926164
vt 7.652663 0.928418
vt 7.657961 0.944314
vt 7.635484 -0.388856
vt 7.605282 -0.363109
vt 7.607358 -0.367751
vt 7.612381 -0.378857
vt 7.631580 -0.393032
vt 7.605282 -0.363110
vt 7.636426 -0.387289
vt 7.640372 -0.380673
vt 7.602628 -0.355232
vt 7.590547 -0.337203
vt 7.645408 -0.378279
vt 7.588977 -0.334857
vt 7.650992 -0.372547
vt 7.625563 -0.400021
vt 7.628363 -0.398363
vt 7.616759 -0.392151
vt 7.660304 0.969144
vt 7.650673 0.992539
vt 7.596587 0.992539
vt 0.926233 -0.324659
vt 0.926986 -0.333632
vt 0.944314 -0.333391
vt 0.943447 -0.323951
vt -6.574664 0.940685
vt -6.549296 0.961931
vt -6.531093 0.977237
vt -6.527746 0.980316
vt -6.523290 0.998012
vt -6.576275 0.998012
vt -6.575990 0.984938
vt 1.000000 0.771603
vt 1.000000 0.749209
vt 0.871820 0.587708
vt 0.673344 0.338611
vt 0.372110 0.000000
vt 0.041118 0.041118
vt 0.290411 0.026941
vt 0.533266 0.000000
vt -6.709000 0.972726
vt -6.698018 0.959336
vt -6.687350 0.946711
vt -6.677917 0.935775
vt -6.596905 0.993405
vt -6.696362 1.002824
vt -6.712512 0.977426
vt 0.992539 -0.333391
vt 0.993405 -0.323951
vt 7.583511 -0.399798
vt 7.606605 -0.367708
vt 7.606446 -0.348371
vt 7.534961 -0.341043
vt 7.561846 -0.429797
vt 7.533323 -0.423899
vt 7.561027 -0.429616
vt 7.509476 -0.338516
vt 7.508275 -0.420637
vt 7.531928 -0.423609
vt 7.620183 -0.349366
vt 7.611070 -0.361610
vt 7.603221 -0.284489
vt 7.574228 -0.285080
vt 7.605855 -0.329445
vt 7.523181 -0.284531
vt 7.533121 -0.322330
vt 7.574228 -0.285080
vt 7.550900 -0.284667
vt 7.515468 -0.285113
vt 7.507411 -0.287435
vt 7.504014 -0.288548
vt 7.520012 -0.284165
vt 7.502607 -0.289042
vt 7.508122 -0.319953
vt 7.620483 -0.283886
vt 7.629729 -0.331105
vt 7.638399 -0.298818
vt 7.638380 -0.290646
vt 7.635806 -0.283490
vt -6.587702 1.012329
vt -6.687634 1.016901
vt -6.696361 1.002824
vt -6.680030 1.029182
vt -6.571206 1.024508
vt -6.674009 1.039313
vt -6.666859 1.051466
vt -6.571206 -0.323240
vt -6.551405 -0.322278
vt -6.661985 -0.260245
vt -6.666859 -0.265907
vt -6.640129 -0.251102
vt -6.657076 -0.251873
vt -6.660094 -0.256959
vt -6.638863 -0.251354
vt -6.532358 -0.321374
vt -6.619446 -0.256443
vt -6.578188 -0.266192
vt -6.602900 -0.260265
vt -6.619446 -0.256443
vt -6.512321 -0.320556
vt -6.560834 -0.269062
vt -6.578189 -0.266192
vt -6.532087 -0.273885
vt -6.551500 -0.270558
vt -6.560834 -0.269062
vt -6.510634 -0.320499
vt -6.505868 -0.289917
vt -6.513143 -0.276664
vt -6.519154 -0.274422
vt -6.513143 -0.276664
vt -6.504298 -0.280436
vt 7.639584 1.010688
vt 7.587399 1.010688
vt 7.645463 1.000124
vt 7.650672 0.992539
vt -6.571160 -0.334021
vt -6.622947 -0.378169
vt -6.617426 -0.382582
vt -6.552136 -0.334377
vt -6.628428 -0.372623
vt -6.587399 -0.333643
vt -6.634277 -0.369714
vt -6.639584 -0.365567
vt -6.534569 -0.334645
vt -6.602213 -0.398296
vt -6.598207 -0.403057
vt -6.516833 -0.334869
vt -6.607110 -0.392004
vt -6.612079 -0.387966
vt -6.617426 -0.382582
vt -6.587428 -0.435794
vt -6.517407 -0.371080
vt -6.514082 -0.352335
vt -6.588460 -0.428888
vt -6.588461 -0.428888
vt -6.514082 -0.352335
vt -6.513700 -0.349568
vt -6.591258 -0.418160
vt -6.593961 -0.411767
vt -6.591257 -0.418160
vt -6.593961 -0.411767
vt -6.576275 0.998012
vt -6.519873 1.011092
vt -6.518737 1.015517
vt -6.581325 1.007549
vt -6.518737 1.015517
vt -6.517407 1.020623
vt -6.587428 1.020623
vt -6.587380 1.015863
vt 1.010688 -0.333643
vt 1.012329 -0.323834
vt -6.587702 -0.323834
vt -6.512096 -0.332259
vt 7.508122 -0.319953
vt 7.508681 -0.327745
vt 7.508680 -0.327745
vt 7.629729 -0.331105
vt 7.622486 -0.345061
s 0
usemtl base_material
f 1315/2240/1385 1313/2241/1385 1308/2242/1385 1310/2243/1385
f 1304/2244/1386 1303/2245/1386 1302/2246/1386 1296/2247/1386 1299/2248/1386 1327/2249/1386 1305/2250/1386
f 1308/2251/1387 1312/2252/1387 1306/2253/1387 1302/2254/1387 1303/2255/1387 1307/2256/1387 1309/2257/1387 1310/2258/1387
f 1271/2259/1388 1311/2260/1388 1328/2261/1388
f 1271/2262/1385 1314/2263/1385 1311/2264/1385
f 1271/2262/1389 1316/2265/1389 1314/2266/1389
f 1273/2259/1390 1318/2267/1390 1317/2268/1390
f 1320/2269/1391 1294/2270/1391 1295/2271/1391 1323/2272/1391 1321/2273/1391 1318/2274/1391 1273/2262/1391 1322/2275/1391 1319/2276/1391
f 1322/2277/1392 1273/2262/1392 1325/2278/1392 1326/2279/1392 1324/2280/1392
f 1328/2281/1393 1329/2282/1393 1272/2259/1393
f 1271/2259/1394 1328/2283/1394 1272/2262/1394
f 1271/2284/1395 1272/2262/1395 1331/2285/1395 1332/2286/1395 1333/2287/1395 1330/2288/1395
f 1316/2289/1396 1271/2284/1396 1330/2290/1396 1334/2291/1396
f 1344/2292/1397 1336/2293/1397 1293/2294/1397 1335/2295/1397 1331/2296/1397 1272/2262/1397 1343/2297/1397 1337/2298/1397 1339/2299/1397 1338/2300/1397 1340/2301/1397 1342/2302/1397 1341/2303/1397
f 1346/2304/1398 1345/2305/1398 1342/2306/1398 1340/2307/1398
f 1347/2308/1399 1273/2259/1399 1317/2309/1399
f 1274/2259/1400 1273/2284/1400 1347/2310/1400 1348/2311/1400
f 1274/2262/1401 1349/2312/1401 1350/2313/1401 1273/2284/1401
f 1273/2284/1402 1350/2314/1402 1352/2315/1402 1351/2316/1402
f 1354/2317/1403 1355/2318/1403 1353/2319/1403 1325/2320/1403 1273/2284/1403 1351/2321/1403 1363/2322/1403 1364/2323/1403 1365/2324/1403 1372/2325/1403 1359/2326/1403 1360/2327/1403 1362/2328/1403 1361/2329/1403 1366/2330/1403 1357/2331/1403 1358/2332/1403 1356/2333/1403
f 1275/2259/1404 1367/2334/1404 1368/2335/1404 1369/2336/1404 1370/2337/1404 1372/2338/1404 1365/2339/1404 1371/2340/1404
f 1367/2341/1405 1275/2262/1405 1272/2259/1405 1329/2342/1405 1374/2343/1405 1373/2344/1405
f 1272/2284/1406 1275/2262/1406 1371/2345/1406 1375/2346/1406
f 1272/2284/1407 1375/2347/1407 1343/2348/1407
f 1345/2349/1408 1346/2350/1408 1377/2351/1408 1376/2352/1408
f 1376/2353/1409 1377/2354/1409 1379/2355/1409 1378/2356/1409
f 1378/2357/1410 1379/2358/1410 1380/2359/1410 1381/2360/1410
f 1380/2361/1411 1386/2362/1411 1383/2363/1411 1385/2364/1411 1382/2365/1411 1384/2366/1411 1387/2367/1411 1381/2368/1411
f 1389/2369/1412 1382/2370/1412 1385/2371/1412 1396/2372/1412 1276/2259/1412 1388/2373/1412
f 1388/2374/1413 1276/2262/1413 1390/2375/1413
f 1349/2376/1414 1274/2259/1414 1348/2377/1414 1391/2378/1414 1392/2379/1414 1393/2380/1414 1394/2381/1414
f 1398/2382/1415 1396/2383/1415 1349/2384/1415 1394/2385/1415 1395/2386/1415 1397/2387/1415
f 1390/2388/1416 1276/2259/1416 1396/2389/1416 1398/2390/1416
s 1
f 1278/2391/1417 1321/2392/1418 1323/2393/1419 1313/2394/1420
f 1323/2395/1419 1295/2396/1421 1313/2397/1420
f 1308/2398/1422 1313/2399/1420 1295/2396/1421 1298/2400/1423 1312/2401/1424
f 1306/2402/1425 1312/2401/1424 1298/2403/1423 1297/2404/1426
f 1302/2405/1427 1306/2406/1425 1297/2407/1426 1296/2408/1427
f 1324/2409/1428 1277/2410/1429 1315/2411/1430 1310/2412/1431 1322/2413/1432
f 1326/2414/1433 1277/2410/1429 1324/2409/1428
f 1294/2415/1434 1307/2416/1435 1303/2417/1436 1304/2418/1437 1300/2419/1438
f 1307/2420/1435 1294/2421/1434 1320/2422/1439 1309/2423/1440
f 1310/2424/1431 1309/2423/1440 1320/2422/1439 1319/2425/1441
f 1310/2426/1431 1319/2425/1441 1322/2427/1432
f 1327/2428/1442 1301/2429/1442 1300/2419/1438 1304/2418/1437 1305/2430/1442
f 1325/2431/1443 1353/2432/1444 1288/2433/1445 1277/2410/1429 1326/2414/1433
f 1313/2434/1420 1315/2435/1430 1277/2436/1429
f 1278/2437/1417 1313/2434/1420 1277/2436/1429
f 1328/2438/1446 1311/2439/1446 1314/2440/1446 1316/2441/1446 1334/2442/1447 1374/2443/1448 1329/2444/1446
s 0
f 1327/2259/1449 1299/2445/1449 1296/2446/1449 1297/2447/1449 1298/2448/1449 1295/2449/1449 1294/2450/1449 1300/2451/1449 1301/2452/1449
s 1
f 1347/2453/1450 1317/2454/1450 1318/2455/1450 1321/2456/1418 1278/2391/1417 1284/2457/1451 1391/2458/1452 1348/2459/1450
f 1278/2437/1417 1277/2436/1429 1288/2460/1445 1284/2461/1451
f 1365/2462/1453 1364/2463/1454 1280/2464/1455 1279/2465/1456 1371/2466/1457
f 1279/2465/1456 1375/2467/1458 1371/2468/1457
f 1279/2465/1456 1337/2469/1459 1343/2470/1460 1375/2471/1458
f 1351/2472/1461 1280/2464/1455 1363/2473/1462
f 1364/2463/1454 1363/2473/1462 1280/2464/1455
f 1383/2474/1463 1386/2475/1464 1281/2476/1465
f 1379/2477/1466 1282/2478/1467 1281/2476/1465 1386/2479/1464 1380/2480/1468
f 1377/2481/1469 1346/2482/1469 1340/2483/1470 1282/2478/1467 1379/2484/1466
f 1340/2485/1470 1338/2486/1471 1282/2478/1467
f 1385/2487/1472 1383/2474/1463 1281/2476/1465 1352/2488/1473 1350/2489/1472 1349/2490/1472 1396/2491/1472
f 1284/2457/1451 1283/2492/1474 1392/2493/1475 1391/2494/1452
f 1393/2495/1476 1392/2493/1475 1283/2492/1474
f 1283/2492/1474 1285/2496/1477 1394/2497/1478 1393/2495/1476
f 1285/2496/1477 1395/2498/1479 1394/2497/1478
f 1285/2499/1477 1286/2500/1480 1397/2501/1481 1395/2502/1479
f 1286/2500/1480 1388/2503/1482 1390/2504/1483 1398/2505/1483 1397/2501/1481
f 1388/2506/1482 1286/2500/1480 1287/2507/1484 1389/2508/1485
f 1287/2507/1484 1384/2509/1486 1382/2510/1487 1389/2511/1485
f 1287/2507/1484 1344/2512/1488 1387/2513/1489 1384/2514/1486
f 1344/2512/1488 1378/2515/1490 1381/2516/1491 1387/2517/1489
f 1344/2518/1488 1341/2519/1492 1345/2520/1493 1376/2521/1494 1378/2515/1490
f 1345/2522/1493 1341/2519/1492 1342/2523/1495
f 1354/2524/1496 1289/2525/1497 1288/2433/1445 1355/2526/1498
f 1355/2526/1498 1288/2433/1445 1353/2527/1444
f 1290/2528/1499 1357/2529/1500 1366/2530/1501 1291/2531/1502
f 1358/2532/1503 1357/2529/1500 1290/2528/1499
f 1358/2532/1503 1290/2528/1499 1289/2533/1497 1356/2534/1504
f 1354/2535/1496 1356/2534/1504 1289/2533/1497
f 1292/2536/1505 1360/2537/1506 1359/2538/1507 1293/2539/1508
f 1362/2540/1509 1360/2537/1506 1292/2536/1505
f 1291/2531/1502 1361/2541/1510 1362/2540/1509 1292/2536/1505
f 1366/2542/1501 1361/2541/1510 1291/2531/1502
f 1368/2543/1511 1332/2544/1512 1331/2545/1513 1369/2546/1514
f 1369/2547/1514 1331/2548/1513 1335/2549/1515 1370/2550/1516
f 1293/2539/1508 1372/2551/1517 1370/2552/1516 1335/2549/1515
f 1372/2553/1517 1293/2539/1508 1359/2538/1507
f 1374/2554/1448 1334/2442/1447 1330/2555/1518 1333/2556/1519 1373/2557/1520
f 1373/2557/1520 1333/2558/1519 1332/2559/1512 1368/2560/1511 1367/2561/1521
f 1288/2460/1445 1289/2562/1497 1283/2563/1474
f 1284/2461/1451 1288/2460/1445 1283/2563/1474
f 1290/2528/1499 1291/2531/1502 1286/2500/1480
f 1285/2499/1477 1290/2528/1499 1286/2500/1480
f 1285/2499/1477 1289/2533/1497 1290/2528/1499
f 1283/2564/1474 1289/2533/1497 1285/2499/1477
f 1292/2536/1505 1293/2539/1508 1344/2512/1488
f 1287/2507/1484 1292/2536/1505 1344/2512/1488
f 1291/2531/1502 1292/2536/1505 1287/2507/1484
f 1286/2500/1480 1291/2531/1502 1287/2507/1484
f 1336/2565/1522 1344/2512/1488 1293/2539/1508
f 1282/2478/1467 1338/2566/1471 1339/2567/1523
f 1282/2478/1467 1339/2568/1523 1337/2469/1459 1279/2465/1456
f 1281/2476/1465 1279/2465/1456 1280/2464/1455
f 1281/2476/1465 1282/2478/1467 1279/2465/1456
f 1352/2569/1473 1281/2476/1465 1280/2464/1455 1351/2570/1461
o base_cell.016
v -6.920503 0.955498 -0.947634
v -6.875293 1.004873 -0.947634
v -6.898891 1.004356 -0.947634
v -6.920998 0.994071 -0.947634
v -6.858827 0.955498 -0.947634
v -6.858878 1.004833 -0.947634
vn -0.0000 -0.0000 1.0000
vt -7.026510 -0.048856
vt -7.021703 -0.059139
vt -7.003673 -0.097705
vt -6.986275 -0.048379
vt -6.986261 -0.048339
s 1
usemtl base_material
f 1401/2571/1524 1402/2572/1524 1399/2573/1524 1403/2573/1524 1404/2574/1524 1400/2575/1524
o base_cell.017
v -6.716807 1.022877 -1.364932
v -6.836675 1.011807 -1.305161
v -6.825589 0.806295 -1.310285
v -6.830124 1.013517 -1.309134
v -6.741865 1.024620 -1.353007
v -6.705422 0.935715 -1.340824
v -6.709721 1.028402 -1.357157
v -6.689857 0.993910 -1.274070
v -6.693046 0.905940 -1.246530
v -6.699623 0.835120 -1.246916
v -6.692746 1.060742 -1.289648
v -6.798475 1.067763 -1.234299
v -6.781367 0.822586 -1.233674
v -6.829423 1.025319 -1.291471
v -6.814022 1.052756 -1.262845
v -6.774063 1.045450 -1.208064
v -6.780502 1.080259 -1.212236
v -6.769282 0.825289 -1.220563
v -6.739302 0.820357 -1.232005
v -6.811488 0.803504 -1.317432
v -6.771198 0.800257 -1.319166
v -6.754603 0.798678 -1.320834
v -6.743880 0.797719 -1.321942
v -6.735309 0.800571 -1.324549
v -6.724875 0.804569 -1.327974
v -6.715124 0.808377 -1.331208
v -6.714935 0.822487 -1.337953
v -6.722402 0.851031 -1.350451
v -6.728049 0.872195 -1.359703
v -6.758592 0.850042 -1.344703
v -6.770574 0.840764 -1.338539
v -6.736416 0.866403 -1.355726
vn -0.1463 0.9071 -0.3946
vn 0.3497 -0.0455 0.9358
vn -0.7285 -0.0546 0.6828
vn 0.9842 -0.0906 -0.1523
vn -0.7598 -0.0514 0.6481
vn -0.1585 0.8994 -0.4075
vn 0.9842 -0.0845 -0.1558
vn -0.4543 -0.0051 -0.8908
vn 0.9839 -0.0868 -0.1564
vn 0.6961 0.1914 0.6920
vn 0.6726 0.2095 0.7097
vn 0.7601 -0.0791 -0.6449
vn -0.3591 0.7698 -0.5276
vn -0.4451 0.0001 -0.8955
vn -0.0674 -0.9673 0.2446
vn -0.0610 -0.9672 0.2466
vn -0.0613 -0.9649 0.2554
vn 0.3655 -0.9069 0.2097
vn 0.4087 -0.8887 0.2077
vn 0.4143 -0.8867 0.2051
vn 0.9755 -0.0090 -0.2196
vn 0.3653 -0.0425 0.9299
vn -0.8752 -0.0133 0.4836
vn -0.8656 -0.0411 0.4991
vn -0.7321 -0.0540 0.6791
vn 0.7640 -0.0804 -0.6401
vn -0.8589 -0.0588 0.5088
vn 0.9696 0.0019 -0.2447
vn -0.1627 0.8682 -0.4688
vn 0.7637 -0.0775 -0.6409
vn -0.4396 0.7548 -0.4869
vn -0.5172 -0.0066 -0.8558
vn -0.1473 0.9060 -0.3967
vn -0.4297 0.0007 -0.9030
vn 0.3721 -0.0396 0.9274
vn -0.4802 0.7380 -0.4741
vn 0.6758 0.1966 0.7104
vn -0.1026 -0.4279 -0.8980
vn -0.0733 -0.4294 -0.9001
vn -0.1166 -0.4271 -0.8967
vn -0.1305 -0.4261 -0.8952
vt 1.000000 1.000000
vt 0.000000 0.000000
vt 1.000000 0.000000
vt 0.052626 0.000000
vt 0.743475 0.000000
vt 0.796392 0.186238
vt 1.000000 0.838063
vt 0.052626 0.052626
vt 0.124628 0.000000
vt 0.403958 0.403958
vt 0.342688 0.000000
vt 0.743475 0.743475
vt 1.000000 0.684971
vt 1.000000 0.256791
vt 0.175753 0.000000
vt 0.762608 0.188702
vt 0.256791 0.256791
vt 0.243880 0.000000
vt 0.243880 0.243880
vt 1.000000 0.259481
vt 0.259481 0.259481
vt 0.263517 0.000000
vt 0.263517 0.263517
vt 1.000000 0.069909
vt 1.000000 0.403958
vt 0.124628 0.124628
vt 1.000000 0.657312
vt 0.684971 0.684971
vt 7.900015 -0.252918
vt 7.939553 -0.248931
vt 7.899391 -0.212419
vt 7.843951 -0.244800
vt 7.853700 -0.248607
vt 7.864133 -0.252605
vt 7.872702 -0.255456
vt 7.883423 -0.254497
vt 7.887411 -0.203142
vt 7.865240 -0.186784
vt 7.856874 -0.180993
vt 7.851228 -0.202154
vt 7.843762 -0.230692
s 0
usemtl base_material
f 1415/2576/1525 1416/2577/1525 1421/2578/1525
f 1420/2576/1526 1422/2577/1526 1423/2578/1526
f 1417/2577/1527 1422/2578/1527 1420/2576/1527
f 1414/2576/1528 1430/2579/1528 1413/2578/1528
f 1417/2578/1529 1421/2576/1529 1416/2577/1529
f 1409/2577/1530 1419/2578/1530 1411/2576/1530
f 1413/2576/1531 1410/2577/1531 1412/2578/1531
f 1407/2576/1532 1408/2577/1532 1434/2580/1532 1435/2581/1532 1424/2582/1532
f 1410/2578/1533 1413/2576/1533 1430/2583/1533 1431/2584/1533
f 1413/2577/1534 1412/2578/1534 1415/2576/1534
f 1415/2577/1535 1421/2578/1535 1420/2576/1535
f 1432/2585/1536 1433/2586/1536 1405/2578/1536 1410/2576/1536
f 1409/2577/1537 1408/2578/1537 1419/2576/1537
f 1434/2587/1538 1408/2577/1538 1409/2578/1538 1436/2588/1538
f 1426/2589/1539 1417/2576/1539 1407/2577/1539 1424/2590/1539 1425/2591/1539
f 1423/2578/1540 1417/2576/1540 1426/2592/1540 1427/2593/1540
f 1417/2576/1541 1423/2577/1541 1422/2578/1541
f 1423/2576/1542 1427/2594/1542 1428/2595/1542
f 1414/2578/1543 1423/2576/1543 1428/2596/1543 1429/2597/1543
f 1414/2576/1544 1429/2598/1544 1430/2599/1544
f 1415/2576/1545 1412/2577/1545 1410/2578/1545
f 1420/2576/1546 1423/2577/1546 1414/2578/1546
f 1419/2577/1547 1418/2578/1547 1416/2576/1547
f 1418/2577/1548 1406/2578/1548 1416/2576/1548
f 1417/2578/1549 1420/2576/1549 1421/2577/1549
f 1432/2600/1550 1410/2576/1550 1431/2601/1550
f 1417/2576/1551 1416/2577/1551 1406/2577/1551 1407/2578/1551
f 1410/2577/1552 1411/2578/1552 1415/2576/1552
f 1405/2577/1553 1409/2578/1553 1411/2576/1553
f 1410/2576/1554 1405/2577/1554 1411/2578/1554
f 1408/2577/1555 1418/2578/1555 1419/2576/1555
f 1407/2576/1556 1406/2577/1556 1408/2578/1556
f 1411/2577/1557 1419/2577/1557 1416/2578/1557 1415/2576/1557
f 1433/2602/1558 1436/2603/1558 1409/2577/1558 1405/2578/1558
f 1420/2576/1559 1414/2577/1559 1413/2578/1559
f 1418/2577/1560 1408/2578/1560 1406/2576/1560
f 1413/2577/1561 1415/2578/1561 1420/2576/1561
s 1
f 1425/2604/1562 1424/2605/1563 1435/2606/1564
f 1430/2607/1565 1429/2608/1565 1428/2609/1565 1427/2610/1565 1426/2611/1565 1425/2604/1562 1435/2606/1564 1434/2612/1565 1436/2613/1565 1433/2614/1565 1432/2615/1565 1431/2616/1565
o base_cell.018
v -6.488740 0.933755 -1.379780
v -6.439901 0.950686 -1.388513
v -6.467960 0.958462 -1.361904
v -6.467133 0.953733 -1.359324
v -6.438339 0.953639 -1.360905
v -6.437957 0.947577 -1.364170
v -6.439019 0.957999 -1.370444
v -6.438859 0.958393 -1.364794
v -6.461626 0.956793 -1.387644
v -6.474831 0.957015 -1.383437
v -6.485406 0.957070 -1.380072
v -6.443023 0.956385 -1.393573
v -6.482049 0.958462 -1.358582
v -6.482326 0.953805 -1.355870
v -6.487144 0.933291 -1.368449
v -6.488626 0.926728 -1.372072
v -6.453961 0.931860 -1.371732
v -6.438154 0.938847 -1.368739
v -6.471522 0.928968 -1.373164
vn 0.9892 0.0381 -0.1416
vn -0.3029 0.0314 -0.9525
vn -0.9794 0.1419 0.1438
vn 0.4283 -0.7582 -0.4917
vn 0.6644 0.6656 0.3398
vn 0.0832 -0.6358 -0.7674
vn 0.1175 -0.6964 -0.7080
vn -0.0094 0.9979 -0.0641
vn -0.0090 0.9979 -0.0642
vn -0.0024 0.9977 -0.0675
vn -0.0028 0.9977 -0.0671
vn -0.0003 0.9976 -0.0696
vn -0.0147 0.9979 -0.0624
vn 0.0295 -0.4787 0.8775
vn 0.1322 -0.0000 0.9912
vn 0.0754 -0.4966 0.8647
vn 0.0453 -0.4702 0.8814
vn 0.0540 0.0708 0.9960
vn 0.2226 -0.0795 0.9717
vn 0.1313 -0.5084 0.8510
vn 0.1203 -0.5005 0.8574
vn 0.0495 0.6193 0.7836
vn 0.1445 0.4919 0.8586
vn 0.2009 0.4839 0.8517
vt 0.812752 0.092413
vt 0.794415 0.078429
vt 0.812086 0.040224
vt 0.829973 0.000000
vt 0.985143 0.000000
vt 0.853837 0.071019
vt 0.064092 0.000000
vt 1.000000 0.000000
vt 1.000000 0.102001
vt 0.767142 0.077132
vt 0.475900 0.045352
vt 0.554555 0.194865
vt 0.102001 0.102001
vt 0.000000 0.000000
vt 0.127440 0.000000
vt 0.233062 0.043660
vt 0.569486 0.190287
vt 0.134376 0.011676
vt 0.248086 0.248086
vt 0.129222 0.129222
vt 1.000000 0.014857
vt 0.786955 0.786955
vt 1.000000 1.000000
vt 0.361803 0.000000
vt 0.646076 0.371874
vt 1.000000 0.797187
vt -6.603701 1.165541
vt -6.596831 1.144012
vt -6.567734 1.146901
vt -6.590497 1.169747
vt -6.567735 1.146901
vt -6.567895 1.152551
vt -6.571898 1.175675
vt -6.590498 1.169747
vt -6.610918 1.140690
vt -6.614274 1.162177
vt -6.582834 -0.121339
vt -6.596004 -0.099470
vt -6.600392 -0.124230
vt -6.567678 -0.114597
vt -6.566833 -0.105625
vt -6.567215 -0.099564
vt -6.580669 -0.120393
vt -6.611194 -0.099398
vt -6.616011 -0.119909
vt -6.616011 -0.119909
vt -6.617657 -0.127415
vt -6.567689 -0.094894
vt -6.567216 -0.099564
vt -6.596831 -0.094741
vt -6.567704 -0.094741
vt -6.611194 -0.099398
vt -6.610918 -0.094741
vt -6.611050 -0.096863
s 0
usemtl base_material
f 1444/2617/1566 1441/2618/1566 1442/2619/1566 1454/2620/1566 1448/2621/1566 1443/2622/1566
f 1448/2623/1567 1437/2624/1567 1447/2625/1567 1446/2626/1567 1445/2627/1567
f 1449/2628/1568 1447/2629/1568 1437/2630/1568 1452/2631/1568 1451/2632/1568 1450/2633/1568
f 1438/2630/1569 1454/2634/1569 1453/2635/1569
f 1454/2636/1570 1438/2630/1570 1448/2637/1570
f 1438/2630/1571 1437/2624/1571 1448/2638/1571
f 1437/2639/1572 1438/2630/1572 1453/2640/1572 1455/2641/1572 1452/2642/1572
s 1
f 1446/2643/1573 1439/2644/1574 1444/2645/1575 1445/2646/1576
f 1444/2647/1575 1443/2648/1577 1448/2649/1577 1445/2650/1576
f 1449/2651/1578 1439/2644/1574 1446/2643/1573 1447/2652/1578
f 1453/2653/1579 1440/2654/1580 1455/2655/1581
f 1454/2656/1582 1442/2657/1582 1441/2658/1583 1440/2654/1580 1453/2659/1579
f 1450/2660/1584 1451/2661/1585 1440/2654/1580
f 1455/2655/1581 1440/2654/1580 1451/2662/1585 1452/2663/1586
f 1444/2664/1587 1440/2654/1580 1441/2665/1583
f 1439/2666/1588 1440/2654/1580 1444/2667/1587
f 1440/2654/1580 1439/2666/1588 1450/2668/1584
f 1449/2669/1589 1450/2670/1584 1439/2666/1588
o base_cell.019
v -6.578179 0.890038 -1.354991
v -6.703803 0.934759 -1.341059
v -6.691566 0.904658 -1.247218
v -6.697341 0.835123 -1.247481
v -6.563807 0.828730 -1.252069
v -6.630441 0.835972 -1.239488
v -6.659269 0.876506 -1.371785
v -6.622355 0.911001 -1.304531
v -6.600873 0.911001 -1.326833
v -6.551801 0.813675 -1.345489
v -6.555355 0.823855 -1.351533
v -6.606495 0.958053 -1.289368
v -6.599314 0.938411 -1.293022
v -6.593717 0.926784 -1.315856
v -6.549473 0.806280 -1.341090
v -6.591022 0.920874 -1.325166
v -6.607020 0.958187 -1.282433
v -6.602856 0.945778 -1.279823
v -6.550756 0.800949 -1.337818
v -6.611826 0.851566 -1.364076
v -6.587375 0.836587 -1.358968
v -6.562728 0.827684 -1.353603
v -6.608018 0.802613 -1.338361
v -6.630896 0.803980 -1.336380
v -6.562953 0.801387 -1.337672
v -6.664622 0.894321 -1.373546
v -6.697820 0.956630 -1.315843
v -6.611438 0.957993 -1.290783
v -6.643465 0.957066 -1.300534
v -6.590124 0.911001 -1.335645
v -6.653429 0.876587 -1.372520
v -6.658974 0.886186 -1.373405
v -6.632006 0.918493 -1.264511
v -6.631546 0.957602 -1.276728
v -6.661786 0.957689 -1.269944
v -6.616291 0.932591 -1.272417
v -6.675552 0.806587 -1.333393
v -6.660760 0.805891 -1.333862
v -6.675328 0.957727 -1.266947
v -6.640338 0.911001 -1.260356
v -6.713103 0.808844 -1.331725
v -6.705217 0.808210 -1.332574
v -6.712971 0.823150 -1.338555
v -6.669861 0.876392 -1.370186
v -6.689445 0.957766 -1.263898
vn 0.9455 0.3257 -0.0074
vn 0.2078 0.2875 0.9350
vn 0.9410 0.3326 0.0619
vn 0.2332 0.0361 -0.9718
vn -0.9837 0.0885 0.1567
vn -0.9842 0.0842 0.1555
vn 0.9468 0.3132 0.0735
vn 0.9414 0.3303 0.0683
vn 0.1829 0.7210 -0.6684
vn -0.0306 -0.9522 0.3039
vn 0.2194 0.0540 -0.9741
vn 0.2129 0.2882 0.9336
vn 0.2163 0.2918 0.9317
vn 0.1802 0.7162 -0.6742
vn -0.0436 -0.9514 0.3049
vn -0.0319 -0.9300 0.3661
vn -0.6175 0.0331 -0.7859
vn -0.1187 0.0061 0.9929
vn -0.0350 -0.9511 0.3070
vn 0.9410 0.3327 0.0613
vn 0.2030 0.2860 0.9365
vn -0.1421 -0.3287 -0.9337
vn -0.1238 -0.3080 -0.9433
vn -0.1032 -0.4421 -0.8910
vn -0.1305 -0.4261 -0.8952
vn -0.0771 -0.4705 -0.8790
vn -0.0501 -0.4717 -0.8803
vn -0.1104 -0.3805 -0.9182
vn -0.1040 -0.4689 -0.8771
vn -0.0526 -0.4943 -0.8677
vn -0.0675 -0.4871 -0.8707
vn -0.0107 -0.5181 -0.8553
vn -0.0151 -0.5180 -0.8552
vn -0.0289 -0.5178 -0.8550
vn -0.1589 -0.1444 -0.9767
vn -0.1520 -0.1473 -0.9773
vn -0.0202 0.9997 -0.0126
vn -0.0065 0.9998 -0.0198
vn -0.0211 0.9997 -0.0121
vn -0.0159 0.9998 -0.0146
vn -0.0082 0.9998 -0.0184
vn -0.0020 0.9998 -0.0216
vn 0.6245 -0.6572 0.4220
vn 0.6608 -0.6442 0.3851
vn 0.7327 -0.6207 0.2789
vn 0.7159 -0.6345 0.2914
vn 0.5404 -0.6338 0.5534
vn 0.5469 -0.6625 0.5119
vn 0.6143 -0.6189 0.4895
vn 0.5269 -0.6233 0.5778
vn 0.5040 -0.6067 0.6148
vn -0.9840 0.0811 0.1588
vt 0.208436 0.000000
vt 1.000000 0.000000
vt 1.000000 0.840229
vt 0.211501 0.211501
vt 0.221055 0.000000
vt 1.000000 1.000000
vt 0.451160 0.451160
vt 0.415083 0.000000
vt 0.921318 0.000000
vt 1.000000 0.034709
vt 0.985600 0.150807
vt 0.580719 0.037188
vt 0.608777 0.000000
vt 1.000000 0.688233
vt 0.963940 0.628920
vt 0.777339 0.337460
vt 1.000000 0.619781
vt 0.000000 0.000000
vt 0.606098 0.000000
vt 0.127584 0.127584
vt 0.053948 0.000000
vt 0.154521 0.154521
vt 0.133306 0.000000
vt 1.000000 0.937432
vt 0.956735 0.956735
vt 0.041991 0.000000
vt 0.133156 0.003058
vt 0.380219 0.000000
vt 0.444754 0.305802
vt 0.926218 0.107898
vt 1.000000 0.078682
vt 1.000000 0.584917
vt 0.668367 0.000000
vt 0.739140 0.259579
vt 0.833918 0.732108
vt 0.862809 0.862809
vt 0.930219 0.056802
vt 1.000000 0.017556
vt 0.608777 0.608777
vt 0.838122 0.121957
vt 1.000000 0.866694
vt 1.000000 0.958009
vt 0.645155 0.524208
vt 0.211501 0.000000
vt 0.451161 0.000000
vt 0.744285 0.459100
vt 0.020263 0.000000
vt 0.928749 0.000000
vt 0.876490 0.139626
vt 0.657154 0.657154
vt 0.127584 0.000000
vt 0.979737 0.000000
vt 0.850872 0.228394
vt 1.000000 0.331633
vt 0.657154 0.000000
vt 0.767700 0.110846
vt 0.419355 0.000746
vt 1.000000 0.154521
vt 1.000000 0.956735
vt 0.840229 0.840229
vt 1.000000 0.778945
vt 0.606098 0.606098
vt 7.798696 -0.176797
vt 7.788106 -0.176683
vt 7.834046 -0.244967
vt 7.841912 -0.241072
vt 7.841800 -0.230030
vt 7.834046 -0.244967
vt 7.789598 -0.247285
vt 7.804386 -0.246590
vt 7.782267 -0.176602
vt 7.740671 -0.201619
vt 7.716225 -0.216595
vt 7.736864 -0.250562
vt 7.759738 -0.249196
vt 7.691583 -0.225496
vt 7.691807 -0.251788
vt 7.680657 -0.239503
vt 7.678330 -0.246896
vt 7.679612 -0.252227
vt 7.691583 -0.225496
vt 7.684210 -0.229325
vt 7.791145 -0.159768
vt 7.787811 -0.167005
vt 7.798345 -0.172787
vt 7.782267 -0.176602
vt -6.735604 1.067965
vt -6.735343 1.071489
vt -6.740283 1.072904
vt -6.760387 1.058851
vt -6.772304 1.082653
vt -6.826650 1.097959
vt -6.818276 1.046024
vt -6.804162 1.049072
vt -6.790622 1.052069
vt -6.735679 1.067045
vt -6.760387 1.058851
vt 1.086649 -0.142195
vt 1.061661 -0.107354
vt 1.054541 -0.120608
vt 1.046637 -0.134704
vt 1.042482 -0.142195
vt 7.751199 1.086649
vt 7.729720 1.108947
vt 7.728161 1.075143
vt 7.731702 1.061946
vt 7.722566 1.097972
vt 7.727950 1.075945
vt 7.719871 1.107281
vt 7.718974 1.117758
vt 1.000000 0.071251
s 0
usemtl base_material
f 1466/2671/1590 1456/2672/1590 1465/2673/1590
f 1490/2674/1591 1494/2675/1591 1461/2672/1591 1460/2676/1591 1488/2677/1591
f 1471/2678/1592 1467/2679/1592 1472/2680/1592 1468/2681/1592 1469/2682/1592
f 1475/2683/1593 1456/2672/1593 1466/2684/1593 1477/2685/1593 1476/2686/1593
f 1482/2687/1594 1457/2676/1594 1458/2688/1594 1500/2689/1594
f 1498/2690/1595 1496/2691/1595 1458/2672/1595 1457/2676/1595
f 1468/2692/1596 1473/2693/1596 1460/2672/1596 1474/2694/1596 1470/2695/1596
f 1468/2692/1597 1472/2696/1597 1473/2697/1597
f 1456/2676/1598 1457/2688/1598 1482/2698/1598 1484/2699/1598 1483/2700/1598 1467/2701/1598 1471/2702/1598
f 1460/2688/1599 1479/2703/1599 1478/2704/1599 1480/2705/1599 1474/2706/1599
f 1487/2707/1600 1481/2708/1600 1456/2676/1600 1475/2709/1600 1486/2710/1600
f 1473/2711/1601 1472/2712/1601 1489/2713/1601 1490/2714/1601 1488/2715/1601 1491/2716/1601
f 1460/2672/1602 1473/2711/1602 1491/2716/1602 1488/2715/1602
f 1456/2676/1603 1481/2717/1603 1457/2672/1603
f 1459/2688/1604 1496/2718/1604 1497/2719/1604 1492/2720/1604
f 1459/2672/1605 1460/2676/1605 1461/2688/1605
f 1498/2721/1606 1457/2688/1606 1481/2722/1606 1499/2723/1606
f 1458/2672/1607 1459/2676/1607 1461/2688/1607
f 1479/2724/1608 1460/2676/1608 1459/2688/1608 1492/2725/1608 1493/2726/1608
f 1456/2688/1609 1471/2727/1609 1469/2682/1609 1468/2728/1609 1470/2729/1609 1465/2730/1609
f 1458/2688/1610 1461/2672/1610 1494/2731/1610 1500/2732/1610
s 1
f 1499/2733/1611 1462/2734/1612 1497/2735/1613 1496/2736/1614 1498/2737/1614
f 1497/2738/1613 1462/2734/1612 1493/2739/1615 1492/2740/1616
f 1486/2741/1617 1475/2742/1618 1476/2743/1619 1478/2744/1620 1479/2745/1618 1493/2739/1615 1462/2734/1612
f 1476/2743/1619 1477/2746/1621 1480/2747/1622 1478/2744/1620
f 1465/2748/1623 1470/2749/1623 1474/2750/1623 1480/2747/1622 1477/2751/1621 1466/2752/1623
f 1481/2753/1624 1487/2754/1625 1462/2734/1612 1499/2755/1611
f 1487/2754/1625 1486/2756/1617 1462/2734/1612
f 1472/2757/1626 1467/2758/1627 1483/2759/1628
f 1489/2760/1629 1484/2761/1630 1482/2762/1631 1500/2763/1631 1494/2764/1631 1490/2765/1631
f 1472/2766/1626 1483/2759/1628 1484/2761/1630 1489/2767/1629
f 1463/2768/1632 1473/2769/1633 1491/2770/1634
f 1463/2768/1632 1491/2770/1634 1488/2771/1635 1495/2772/1635
f 1463/2773/1632 1464/2774/1636 1468/2775/1637 1473/2776/1633
f 1464/2774/1636 1469/2777/1638 1468/2778/1637
f 1464/2774/1636 1471/2779/1639 1469/2777/1638
f 1471/2779/1639 1464/2774/1636 1485/2780/1640
s 0
f 1458/2688/1641 1496/2781/1641 1459/2676/1641
o base_cell.020
v -6.806067 1.023241 -0.897458
v -6.806297 0.731597 -0.897541
v -6.856542 1.004839 -0.897913
v -6.856928 0.688505 -0.897526
v -6.813940 0.715967 -0.897592
v -6.856147 1.005221 -1.025074
v -6.831466 0.822064 -0.963288
v -6.836067 0.711262 -0.916779
v -6.829717 0.955498 -0.947634
v -6.825758 1.016156 -0.947634
v -6.856388 1.004988 -0.947634
v -6.825721 0.999993 -0.947634
v -6.856448 0.955498 -0.947634
vn -0.3425 0.9395 0.0018
vn -0.0095 0.0012 1.0000
vn 0.0005 -0.0003 1.0000
vn 0.9336 -0.0006 -0.3583
vn -0.0000 -0.0000 1.0000
vn -0.3982 -0.3409 -0.8516
vn -0.4104 -0.3398 -0.8463
vn 0.9308 0.0021 -0.3656
vn 0.4971 -0.7790 -0.3822
vn 0.0053 -0.0059 1.0000
vn 0.6586 -0.3198 -0.6811
vn 0.6574 -0.3147 -0.6847
vn -1.0000 0.0012 -0.0031
vt 0.606820 0.606820
vt 0.000000 0.000000
vt 0.608988 0.000000
vt 1.000000 0.000000
vt 1.000000 1.000000
vt -7.003673 -0.097705
vt -6.969575 -0.097705
vt -6.960680 -0.053218
vt -6.957449 -0.037058
vt -6.986220 -0.048224
vt 1.000000 0.606820
vt 1.000000 0.391012
s 0
usemtl base_material
f 1510/2782/1642 1506/2783/1642 1511/2784/1642
f 1511/2784/1642 1503/2785/1642 1501/2786/1642 1510/2782/1642
f 1503/2783/1643 1504/2785/1643 1501/2786/1643
f 1504/2783/1644 1502/2785/1644 1501/2786/1644
f 1501/2786/1645 1502/2783/1645 1507/2785/1645
s 1
f 1513/2787/1646 1509/2788/1646 1512/2789/1646 1510/2790/1646 1511/2791/1646
s 0
f 1506/2786/1647 1507/2783/1647 1508/2785/1647
f 1506/2786/1648 1508/2783/1648 1504/2785/1648
f 1510/2792/1649 1501/2786/1649 1507/2783/1649 1506/2785/1649
f 1508/2783/1650 1505/2785/1650 1504/2786/1650
f 1505/2783/1651 1502/2785/1651 1504/2786/1651
f 1505/2783/1652 1508/2785/1652 1502/2786/1652
f 1508/2783/1653 1507/2785/1653 1502/2786/1653
f 1503/2785/1654 1511/2793/1654 1506/2786/1654 1504/2783/1654
o base_cell.021
v -6.921973 1.356885 -1.423530
v -6.921973 1.254862 -1.424940
v -6.921973 1.397065 -1.416422
v -6.921973 1.381119 -1.424940
v -6.920138 1.240792 -1.424940
v -6.915807 1.245694 -1.424940
v -6.884315 1.356883 -1.423512
v -6.913207 1.254862 -1.424940
v -6.879511 1.374023 -1.424522
v -6.888741 1.388298 -1.421105
v -6.882509 1.381119 -1.424940
v -6.896699 1.397065 -1.416422
vn -0.0000 -0.0000 -1.0000
vn 0.0002 0.0072 -1.0000
vn 0.0002 0.0081 -1.0000
vn -0.0000 0.2145 -0.9767
vn 0.0001 0.1137 -0.9935
vn 0.0002 -0.0585 -0.9983
vn 0.0003 -0.0223 -0.9998
vn 0.0004 -0.0289 -0.9996
vn -0.0000 0.4712 -0.8821
vt 8.009540 0.187247
vt 8.005136 0.201606
vt 8.007947 0.192439
vt 8.050763 0.327840
vt 8.011306 0.327840
vt 8.010174 0.325164
vt 8.050763 0.303610
vt 8.008309 0.320745
vt 8.013111 0.303608
vt 8.013111 0.303608
vt 8.041999 0.201606
vt 8.050763 0.201606
vt 8.017537 0.335018
vt 8.050763 0.343783
vt 8.025494 0.343783
s 1
usemtl base_material
f 1518/2794/1655 1515/2795/1656 1521/2795/1657 1519/2796/1655
f 1517/2797/1658 1524/2798/1659 1522/2799/1660 1514/2800/1661
f 1522/2801/1660 1520/2802/1662 1514/2800/1661
f 1514/2800/1661 1520/2803/1662 1521/2804/1657 1515/2805/1656
f 1523/2806/1663 1524/2798/1659 1517/2797/1658 1516/2807/1663 1525/2808/1663
o base_cell.022
v -6.821871 1.365915 -1.347497
v -6.769215 1.331946 -1.387094
v -6.836019 1.397065 -1.416575
v -6.776431 1.356895 -1.412856
v -6.775675 1.381119 -1.414020
v -6.811862 1.381119 -1.424940
v -6.806339 1.397065 -1.417034
v -6.789773 1.402380 -1.393316
v -6.779200 1.397065 -1.408844
v -6.844037 1.397717 -1.413409
v -6.838067 1.400985 -1.397995
v -6.836666 1.389597 -1.420492
v -6.824773 1.381119 -1.424940
v -6.811948 1.371078 -1.424358
v -6.817706 1.375584 -1.424614
v -6.802542 1.363230 -1.421044
v -6.794936 1.356890 -1.418401
v -6.785156 1.348820 -1.415493
v -6.819487 1.402380 -1.348973
v -6.835482 1.402380 -1.391432
v -6.776855 1.342044 -1.413025
v -6.766715 1.332234 -1.400623
v -6.796170 1.402380 -1.366382
v -6.787948 1.402380 -1.372597
v -6.769136 1.398942 -1.386833
v -6.764043 1.397065 -1.390692
v -6.759272 1.381119 -1.394374
v -6.759752 1.370731 -1.394061
v -6.760417 1.356901 -1.393625
v -6.760749 1.333434 -1.393486
vn -0.9351 0.0687 0.3476
vn -0.6346 -0.7636 -0.1191
vn -0.9331 0.0752 0.3515
vn -0.6040 -0.7866 -0.1284
vn 0.5982 -0.0067 0.8013
vn 0.6030 -0.0038 0.7977
vn 0.1825 -0.9831 0.0128
vn -0.0045 0.9921 -0.1252
vn -0.0957 0.7709 -0.6298
vn -0.0984 0.8959 -0.4332
vn -0.0023 0.9784 -0.2067
vn -0.0000 1.0000 -0.0000
vn 0.0547 0.9985 -0.0048
vn 0.0908 0.9879 -0.1259
vn 0.7680 -0.0359 -0.6395
vn 0.7684 -0.0147 -0.6398
vn 0.6428 -0.0096 -0.7660
vn 0.5530 -0.0322 -0.8325
vn 0.2868 -0.0426 -0.9570
vn 0.2870 0.0027 -0.9579
vn 0.7667 -0.0555 -0.6396
vn 0.5451 0.1518 -0.8245
vn 0.7587 0.1522 -0.6334
vn 0.2877 -0.0567 -0.9560
vn 0.2066 -0.0584 -0.9767
vn 0.1262 0.1817 -0.9752
vn 0.1051 0.7439 -0.6600
vn 0.3923 0.7023 -0.5940
vn 0.2030 0.9703 -0.1317
vn 0.5273 0.7267 -0.4403
vn -0.0000 0.3621 -0.9321
vn -0.0004 -0.0583 -0.9983
vn -0.0728 0.4682 -0.8806
vt 0.515538 0.515538
vt 0.000000 0.000000
vt 0.397667 0.000000
vt 0.467367 0.000000
vt 1.000000 0.000000
vt 1.000000 0.563023
vt 0.911488 0.498573
vt 0.792031 0.411274
vt 0.730007 0.344658
vt 0.679456 0.290436
vt 0.605607 0.187473
vt 0.545780 0.104393
vt 1.000000 0.602333
vt 1.000000 1.000000
vt 0.587993 0.587993
vt 0.930800 0.586768
vt 0.467367 0.467367
vt 0.582237 0.274223
vt 0.846369 0.000000
vt 1.000000 0.587993
vt 0.575093 0.000000
vt 0.508770 0.241732
vt 0.487557 0.206592
vt 0.435963 0.066045
vt 0.424907 0.000000
vt 1.000000 0.072587
vt 0.820916 0.147398
vt 0.716002 0.195254
vt 0.637176 0.231041
vt 0.153631 0.000000
vt 0.072587 0.072587
vt -6.960679 1.173584
vt -6.964824 1.198673
vt -6.972237 1.193947
vt -6.966871 1.180096
vt -6.948296 1.131084
vt -6.924982 1.148490
vt -6.916761 1.154703
vt -6.918586 1.175419
vt -6.964287 1.173535
vt 1.175728 0.303626
vt 1.175585 0.280163
vt 1.182724 0.278963
vt 1.195124 0.288772
vt 1.194955 0.303621
vt 7.940866 0.303567
vt 7.905246 0.303621
vt 7.905671 0.288772
vt 7.905477 0.295571
vt 1.176164 0.317454
vt 1.175728 0.303626
vt 1.196119 0.327840
vt 1.176477 0.327840
vt 1.176164 0.317454
vt 7.931354 0.309954
vt 7.940758 0.317800
vt 7.940671 0.327840
vt 7.904491 0.327840
vt 7.923749 0.303616
vt -6.935150 1.199132
vt -6.908015 1.190944
vt -6.897954 1.168937
vt -6.892861 1.172795
vt -6.897954 1.168936
vt 7.953580 0.327840
vt 7.946514 0.322306
vt 7.946514 0.322306
vt 7.973992 0.343783
vt 7.964824 0.343783
vt 7.965471 0.336316
vt 1.172795 0.343783
vt 1.190944 0.343783
vt 7.935150 0.343783
vt 7.908015 0.343783
s 0
usemtl base_material
f 1535/2809/1664 1526/2810/1664 1536/2811/1664
f 1543/2812/1665 1526/2813/1665 1535/2814/1665 1537/2815/1665 1538/2816/1665 1540/2817/1665 1539/2818/1665 1541/2819/1665 1542/2820/1665
f 1536/2821/1666 1526/2822/1666 1544/2823/1666 1545/2824/1666
f 1527/2813/1667 1526/2822/1667 1543/2825/1667 1546/2826/1667 1547/2827/1667
f 1544/2828/1668 1526/2822/1668 1527/2810/1668 1548/2829/1668
f 1551/2830/1669 1550/2831/1669 1549/2832/1669 1548/2833/1669 1527/2813/1669 1555/2834/1669 1554/2835/1669 1553/2836/1669 1552/2837/1669
f 1547/2838/1670 1555/2839/1670 1527/2810/1670
s 1
f 1545/2840/1671 1528/2841/1672 1535/2842/1673 1536/2843/1674
f 1544/2844/1675 1548/2845/1675 1549/2846/1676 1533/2847/1677 1545/2848/1671
f 1554/2849/1678 1555/2850/1679 1547/2851/1679 1546/2852/1680 1529/2853/1681
f 1542/2854/1682 1529/2855/1681 1546/2856/1680 1543/2857/1683
f 1553/2858/1684 1554/2859/1678 1529/2853/1681
f 1529/2853/1681 1530/2860/1685 1552/2861/1686 1553/2862/1684
f 1541/2863/1687 1539/2864/1688 1531/2865/1689 1530/2866/1685
f 1542/2867/1682 1541/2863/1687 1530/2866/1685 1529/2855/1681
f 1532/2868/1690 1528/2841/1672 1533/2847/1677
f 1528/2841/1672 1545/2840/1671 1533/2847/1677
f 1532/2868/1690 1533/2847/1677 1534/2869/1691
f 1550/2870/1692 1551/2871/1693 1534/2869/1691 1533/2847/1677
f 1533/2847/1677 1549/2846/1676 1550/2872/1692
f 1538/2873/1694 1531/2865/1689 1540/2874/1695
f 1539/2864/1688 1540/2875/1695 1531/2865/1689
f 1535/2876/1673 1528/2877/1672 1537/2878/1696
f 1551/2879/1693 1552/2861/1686 1530/2860/1685 1534/2880/1691
f 1538/2873/1694 1537/2878/1696 1528/2877/1672 1531/2865/1689
f 1528/2877/1672 1532/2881/1690 1531/2865/1689
f 1532/2881/1690 1534/2882/1691 1530/2866/1685 1531/2865/1689
o base_cell.023
v -6.557834 0.954135 -1.053023
v -6.598022 0.954398 -1.098875
v -6.582314 0.958462 -1.074135
v -6.562111 0.942509 -1.045057
v -6.577234 0.957543 -1.030491
v -6.536447 0.958462 -1.035556
v -6.537593 0.954058 -1.039026
v -6.558959 0.957745 -1.032933
v -6.584262 0.957463 -1.029558
v -6.577674 0.934251 -1.049666
v -6.614151 0.958047 -1.094917
v -6.609490 0.958192 -1.097453
v -6.603491 0.948422 -1.100511
v -6.606367 0.944173 -1.098862
v -6.600572 0.957955 -1.101985
v -6.593289 0.957254 -1.028664
v -6.583474 0.931167 -1.051780
v -6.614298 0.931455 -1.092049
v -6.633483 0.957415 -1.081471
v -6.626064 0.957435 -1.063178
v -6.600966 0.927754 -1.067493
v -6.610745 0.931706 -1.082753
v -6.605939 0.957173 -1.037305
v -6.618296 0.957014 -1.045837
v -6.592239 0.930043 -1.058985
vn -0.4774 -0.0181 -0.8785
vn -0.4530 0.0010 -0.8915
vn -0.5670 -0.0852 -0.8193
vn -0.7089 -0.6419 0.2924
vn -0.4070 -0.6868 0.6022
vn -0.0522 0.9824 -0.1795
vn 0.5173 0.3715 -0.7710
vn -0.0425 0.9829 -0.1790
vn 0.1021 -0.6351 0.7657
vn 0.0184 0.9997 0.0175
vn 0.0676 0.9974 0.0253
vn 0.0479 0.9987 -0.0143
vn 0.6510 0.5538 -0.5191
vn -0.0170 0.9998 0.0144
vn -0.0209 0.9997 0.0123
vn 0.0055 0.9998 0.0199
vn -0.0041 0.9998 0.0201
vn 0.8127 -0.3384 -0.4744
vn 0.6217 -0.6433 -0.4468
vn 0.7402 -0.5883 -0.3255
vn 0.8386 -0.3011 -0.4540
vn 0.6770 -0.5757 -0.4585
vn 0.6276 -0.5559 -0.5450
vn 0.5075 -0.5711 -0.6452
vn 0.5080 -0.5645 -0.6506
vn 0.4851 -0.6087 -0.6279
vn 0.5514 0.2494 -0.7961
vn 0.5100 0.4466 -0.7351
vn -0.0348 0.9833 -0.1787
vt 1.000000 0.427614
vt 1.000000 0.474175
vt 0.484180 0.000000
vt 0.553155 0.000000
vt 0.427614 0.427614
vt 0.532355 0.480469
vt 0.474175 0.474175
vt 1.000000 0.567437
vt 1.000000 0.741412
vt 0.446845 0.000000
vt 0.515820 0.000000
vt 0.834739 0.360883
vt 0.741412 0.741412
vt 0.567437 0.567437
vt 0.615976 0.377712
vt 0.675478 0.000000
vt 0.919626 0.000000
vt 1.000000 0.592569
vt 1.000000 0.775761
vt 0.543833 0.391206
vt 0.080374 0.000000
vt 0.370327 0.039819
vt 0.669460 0.306437
vt -6.665306 0.817722
vt -6.687689 0.833321
vt -6.687813 0.815100
vt 0.241232 0.241232
vt 0.225110 0.115021
vt 0.210933 0.000000
vt 0.370513 0.000000
vt 0.369072 0.041857
vt 0.384136 0.029698
vt 0.882605 0.672808
vt 0.893091 0.691567
vt 0.531964 0.306779
vt -6.734785 0.819471
vt -6.719481 0.810946
vt -6.713113 0.811726
vt -6.711165 0.856294
vt -6.734786 0.819471
vt -6.727978 0.879607
vt -6.747141 0.828001
vt -6.747140 0.828001
vt -6.754908 0.845340
vt -6.742996 0.877073
vt -6.762324 0.863629
vt -6.729594 0.884050
vt -6.738337 0.879608
vt 0.881030 -0.098805
vt 0.864911 -0.121493
vt 0.874206 -0.121743
vt 0.881017 -0.109028
vt 0.882666 -0.104780
vt 0.884754 -0.098813
vt 7.739591 0.864911
vt 7.726870 0.881030
vt 7.729813 0.849653
vt 7.710118 0.857975
vt 7.721088 0.841147
vt 7.728608 0.848634
vt 7.721088 0.841147
vt 7.686689 0.835186
vt 7.706526 0.831830
vt 7.712324 0.833943
vt 7.690966 0.827221
vt 7.666452 -0.099144
vt 7.690966 -0.110692
vt 7.686689 -0.099068
vt 7.687689 -0.094741
vt 7.665306 -0.094741
vt 7.665575 -0.095710
vt 0.879607 -0.094741
vt 0.856294 -0.094741
vt -6.706085 0.812658
s 0
usemtl base_material
f 1567/2883/1697 1568/2884/1697 1569/2885/1697 1566/2886/1697
f 1567/2887/1698 1570/2888/1698 1568/2889/1698
f 1573/2890/1699 1574/2891/1699 1566/2892/1699 1569/2893/1699
f 1575/2894/1700 1574/2895/1700 1573/2896/1700 1577/2897/1700 1576/2898/1700 1579/2899/1700
f 1572/2900/1701 1571/2901/1701 1578/2902/1701 1579/2903/1701 1576/2904/1701 1580/2905/1701
s 1
f 1561/2906/1702 1556/2907/1703 1563/2908/1704
s 0
f 1560/2909/1705 1564/2910/1705 1571/2911/1705 1572/2912/1705 1565/2913/1705 1559/2914/1705 1562/2915/1705 1561/2916/1705 1563/2917/1705
s 1
f 1578/2918/1706 1571/2919/1707 1564/2920/1708 1556/2907/1703 1558/2921/1709
f 1578/2922/1706 1558/2921/1709 1570/2923/1710 1579/2924/1711
f 1579/2925/1711 1570/2923/1710 1575/2926/1712
f 1566/2927/1713 1574/2928/1713 1575/2926/1712 1570/2929/1710 1567/2930/1713
f 1557/2931/1714 1577/2932/1715 1573/2933/1716 1569/2934/1716 1568/2935/1716 1570/2936/1717
f 1577/2937/1715 1557/2938/1714 1576/2939/1718
f 1558/2940/1709 1580/2941/1719 1576/2942/1718 1557/2938/1714
f 1580/2943/1719 1558/2940/1709 1556/2944/1703 1565/2945/1720 1572/2946/1721
f 1559/2947/1722 1565/2945/1720 1556/2944/1703
f 1562/2948/1723 1559/2949/1722 1556/2950/1703
f 1556/2951/1703 1561/2952/1724 1562/2953/1723
f 1570/2954/1717 1558/2955/1709 1557/2931/1714
f 1560/2956/1725 1563/2908/1704 1556/2907/1703 1564/2920/1708
o base_cell.024
v -6.972363 1.136726 -1.200431
v -6.971606 0.735878 -1.200345
v -6.971685 1.068832 -1.130604
v -6.972310 0.720867 -1.129820
v -6.972042 1.146134 -1.194911
v -6.972125 1.158171 -1.185046
v -6.777802 0.816927 -1.200250
v -6.778514 1.056607 -1.200642
v -6.906638 0.749221 -1.200326
v -6.784682 1.091332 -1.200553
v -6.789889 1.096369 -1.200571
v -6.963860 1.139012 -1.200964
v -6.859324 1.131262 -1.200608
v -6.793245 0.860457 -1.132767
v -6.804667 1.018130 -1.132168
v -6.793068 0.787909 -1.133035
v -6.868945 0.742326 -1.131438
v -6.802485 0.777587 -1.132066
v -6.886087 1.085785 -1.131743
v -6.899404 1.086250 -1.131447
v -6.790822 1.021027 -1.143547
v -6.791331 0.786251 -1.140269
v -6.781082 1.072339 -1.188594
v -6.890427 1.104782 -1.143131
v -6.882749 1.153348 -1.184758
v -6.860058 1.143046 -1.191431
v -6.899326 1.110720 -1.146632
v -6.929060 1.160910 -1.180737
v -6.889134 0.957988 -1.136748
v -6.889577 0.958462 -1.186287
v -6.778223 0.958462 -1.200482
v -6.779620 0.958462 -1.193791
v -6.786827 0.958399 -1.160946
v -6.785426 0.958462 -1.167330
v -6.814035 0.958462 -1.200534
v -6.889441 0.958317 -1.200617
v -6.795276 0.958150 -1.136485
v -6.791427 0.958197 -1.140714
v -6.889002 0.957847 -1.131186
v -6.838605 0.957950 -1.131692
v -6.804122 0.958023 -1.132142
vn 0.9753 0.0010 0.2208
vn 0.9789 0.0032 0.2044
vn 0.8881 0.0208 0.4592
vn 0.9768 0.0028 0.2143
vn -0.0001 1.0000 -0.0006
vn -0.0016 1.0000 -0.0002
vn -0.0009 1.0000 0.0047
vn -0.0000 1.0000 -0.0000
vn 0.9751 0.0006 0.2217
vn 0.4395 -0.8360 -0.3284
vn 0.4398 0.0433 0.8971
vn 0.0483 0.6157 -0.7865
vn 0.0029 0.0026 -1.0000
vn 0.0071 0.0038 -1.0000
vn 0.9844 0.1749 -0.0185
vn 0.5066 0.5261 0.6830
vn 0.4793 0.5259 0.7026
vn 0.5666 0.0294 0.8235
vn 0.0665 0.0010 0.9978
vn 0.7392 0.0232 0.6730
vn 0.9724 0.0011 0.2333
vn 0.4700 0.5290 0.7066
vn 0.4468 -0.8472 -0.2873
vn 0.4379 -0.8388 -0.3236
vn 0.7157 -0.6234 0.3148
vn 0.1970 -0.9590 -0.2038
vn -0.9999 0.0019 0.0115
vn -0.1879 0.5018 -0.8443
vn -0.0206 0.6337 -0.7733
vn 0.0350 0.6476 -0.7612
vn 0.0388 0.6440 -0.7640
vn 0.0100 0.0022 0.9999
vn 0.0039 0.0067 -1.0000
vn -0.0625 -0.0003 -0.9980
vn 0.3007 0.5976 -0.7433
vn 0.4548 0.5459 0.7037
vn 0.4515 0.5384 0.7115
vn 0.4518 0.5373 0.7122
vn 0.0130 0.0005 0.9999
vn 0.0011 -0.0015 -1.0000
vn 0.4465 0.5329 0.7188
vn 0.0230 0.0214 0.9995
vn 0.0106 0.0042 0.9999
vn 0.1061 -0.0034 0.9944
vn 0.0196 -0.0192 0.9996
vn 0.1960 -0.9595 -0.2023
vn -0.9999 -0.0019 -0.0104
vn -0.9761 0.1338 -0.1714
vn -0.1177 0.5163 0.8483
vn -0.1143 0.5153 0.8493
vn -0.0838 0.5256 0.8466
vn 0.0795 0.5921 0.8020
vn 0.1683 0.6260 0.7614
vn 0.0175 0.5272 0.8496
vn 0.0371 0.5200 0.8534
vn -0.0018 0.9997 0.0254
vn -0.0018 0.9999 0.0122
vn -0.0018 0.9998 0.0174
vn -0.0017 1.0000 0.0096
vn -0.0019 0.9999 -0.0102
vt 0.267536 0.000000
vt 1.000000 0.000000
vt 1.000000 1.000000
vt 0.306852 0.306852
vt 1.000000 0.445854
vt 0.409481 0.409481
vt 0.000000 0.000000
vt 1.000000 0.730477
vt 0.608618 0.608618
vt 0.445854 0.445854
vt 1.000000 0.306852
vt 0.892047 0.333680
vt -6.942844 0.982671
vt -7.018373 0.968426
vt -6.914240 0.949473
vt -6.908435 0.975929
vt -6.907038 0.982619
vt 0.746035 0.359028
vt 0.381124 0.000000
vt 1.000000 0.608618
vt 0.750122 0.750122
vt 0.730477 0.730477
vt 1.000000 0.797556
vt 1.000000 0.750122
vt 0.797556 0.797556
vt 1.000000 0.409482
vt -6.929125 0.914545
vt -6.924088 0.918633
vt -7.017930 0.918897
vt -7.017797 0.913335
vt -6.967410 0.913841
vt -6.919771 0.924817
vt -6.915641 0.943090
vt -6.914240 0.949473
vt -6.920583 0.921475
vt -7.018237 0.982754
vt -6.942843 0.982671
s 0
usemtl base_material
f 1618/2957/1726 1602/2958/1726 1587/2959/1726 1613/2960/1726
f 1612/2961/1727 1587/2959/1727 1611/2962/1727
f 1611/2962/1727 1588/2963/1727 1603/2958/1727 1612/2961/1727
f 1618/2964/1728 1617/2965/1728 1594/2963/1728 1596/2958/1728
f 1612/2966/1729 1603/2963/1729 1601/2958/1729 1613/2967/1729 1614/2968/1729
s 1
f 1615/2969/1730 1610/2970/1731 1614/2971/1732 1612/2972/1733 1611/2973/1733
s 0
f 1601/2963/1734 1618/2957/1734 1613/2960/1734
f 1589/2958/1735 1587/2959/1735 1602/2963/1735
f 1594/2958/1736 1617/2974/1736 1621/2975/1736
f 1606/2963/1737 1593/2958/1737 1592/2959/1737 1605/2963/1737
f 1592/2963/1738 1591/2958/1738 1588/2959/1738
f 1591/2963/1739 1590/2958/1739 1588/2959/1739
f 1590/2963/1740 1603/2958/1740 1588/2959/1740
f 1590/2963/1741 1591/2958/1741 1603/2959/1741
f 1591/2963/1742 1601/2958/1742 1603/2959/1742
f 1617/2976/1743 1601/2959/1743 1595/2963/1743 1621/2975/1743
f 1598/2963/1744 1594/2958/1744 1621/2977/1744
f 1617/2965/1745 1618/2964/1745 1601/2959/1745
f 1602/2958/1746 1618/2978/1746 1596/2963/1746
f 1591/2963/1747 1595/2958/1747 1601/2959/1747
f 1597/2958/1748 1602/2959/1748 1598/2963/1748
f 1589/2958/1749 1602/2959/1749 1597/2963/1749
f 1596/2963/1750 1598/2958/1750 1602/2959/1750
f 1597/2963/1751 1582/2958/1751 1589/2959/1751
f 1583/2963/1752 1586/2958/1752 1581/2959/1752 1584/2963/1752
f 1581/2963/1753 1585/2958/1753 1592/2959/1753
f 1585/2963/1754 1586/2958/1754 1592/2959/1754
f 1586/2963/1755 1608/2958/1755 1592/2959/1755
f 1608/2963/1756 1605/2958/1756 1592/2959/1756
f 1584/2958/1757 1620/2979/1757 1595/2959/1757 1583/2963/1757
f 1593/2963/1758 1591/2958/1758 1592/2959/1758
f 1582/2963/1759 1581/2958/1759 1592/2959/1759
f 1593/2963/1760 1606/2958/1760 1591/2959/1760
f 1606/2963/1761 1605/2958/1761 1591/2959/1761
f 1605/2963/1762 1604/2958/1762 1591/2959/1762
f 1604/2963/1763 1595/2958/1763 1591/2959/1763
f 1614/2968/1729 1613/2967/1729 1587/2959/1729 1612/2966/1729
f 1621/2980/1764 1620/2981/1764 1584/2963/1764 1598/2958/1764
f 1611/2982/1765 1587/2959/1765 1589/2959/1765 1582/2963/1765 1592/2958/1765 1588/2958/1765
f 1621/2980/1764 1595/2959/1764 1620/2981/1764
f 1604/2963/1766 1599/2958/1766 1595/2959/1766
f 1599/2963/1767 1600/2958/1767 1595/2959/1767
f 1600/2963/1768 1583/2958/1768 1595/2959/1768
f 1594/2959/1769 1598/2963/1769 1596/2958/1769
f 1584/2963/1770 1597/2958/1770 1598/2959/1770
f 1584/2963/1771 1582/2958/1771 1597/2959/1771
f 1584/2963/1772 1581/2958/1772 1582/2959/1772
f 1586/2963/1773 1585/2958/1773 1581/2959/1773
f 1583/2963/1774 1608/2958/1774 1586/2959/1774
f 1583/2963/1775 1600/2958/1775 1608/2959/1775
f 1600/2963/1776 1607/2958/1776 1608/2959/1776
f 1607/2963/1777 1604/2958/1777 1608/2959/1777
f 1604/2963/1778 1605/2958/1778 1608/2959/1778
f 1607/2963/1779 1600/2958/1779 1604/2959/1779
f 1600/2963/1780 1599/2958/1780 1604/2959/1780
s 1
f 1621/2983/1781 1617/2984/1782 1609/2985/1783 1619/2986/1781 1620/2987/1781
f 1618/2988/1784 1613/2989/1784 1614/2990/1732 1610/2970/1731 1609/2985/1783 1617/2991/1782
f 1616/2992/1785 1610/2970/1731 1615/2993/1730
o base_cell.026
v -6.971870 0.972307 -0.897176
v -6.972398 0.972523 -0.995194
v -6.972241 1.035165 -1.088500
v -6.971499 1.069784 -1.128876
v -6.972087 1.160581 -1.184315
v -6.971915 1.222048 -1.102333
v -6.972441 1.175887 -1.181801
v -6.900355 1.111437 -0.897305
v -6.899840 1.006160 -0.897854
v -6.970058 1.226581 -0.897347
v -6.899993 1.111133 -1.143909
v -6.900132 1.006267 -1.018356
v -6.900158 1.057820 -1.096054
v -6.900026 1.087339 -1.129522
v -6.930914 1.162248 -1.180053
v -6.966793 1.222168 -1.099948
v -6.933939 1.167107 -1.179363
v -6.921790 1.055852 -0.947634
v -6.921973 1.106029 -0.947634
v -6.921973 1.147393 -0.947634
v -6.916855 1.138939 -0.947634
v -6.921026 0.996304 -0.947634
v -6.899961 1.006204 -0.947634
v -6.900281 1.111375 -0.947634
v -6.899880 1.023604 -0.947634
vn 0.0005 0.0007 1.0000
vn -0.0132 0.9997 -0.0220
vn -0.9999 0.0071 0.0089
vn -1.0000 0.0043 0.0054
vn 0.4220 -0.9066 -0.0043
vn -0.0000 -0.0000 1.0000
vn 0.0118 -0.0052 0.9999
vn 1.0000 0.0047 0.0012
vn 1.0000 0.0046 0.0015
vn 0.8570 0.5153 0.0006
vn 0.8564 0.5163 -0.0026
vn 0.8478 0.5300 -0.0167
vn 0.2231 0.8419 -0.4914
vn 0.2093 0.8450 -0.4922
vn -1.0000 0.0038 0.0044
vn 0.1986 -0.8139 -0.5461
vn 0.2073 -0.8151 -0.5409
vn -1.0000 -0.0046 -0.0048
vn 0.9997 -0.0196 -0.0133
vn 1.0000 -0.0046 -0.0024
vn 1.0000 -0.0024 -0.0016
vn 0.1431 -0.5123 -0.8468
vn 0.1202 -0.5206 -0.8453
vn 0.1088 -0.5175 -0.8487
vn 0.0950 0.1635 -0.9820
vn 0.1085 0.2056 -0.9726
vn -0.9995 -0.0188 -0.0262
vn 0.1686 -0.7498 -0.6398
vn -0.9981 -0.0371 -0.0501
vn 0.1756 -0.7387 -0.6508
vn 0.8555 0.5179 0.0025
vn 0.4253 -0.9050 -0.0018
vt 0.000000 0.000000
vt 1.000000 0.000000
vt 1.000000 1.000000
vt -7.049124 0.058144
vt -7.040674 0.085703
vt -7.038083 0.094156
vt -7.050763 0.052799
vt -7.050580 0.002631
vt -7.022747 -0.056906
vt -7.027374 -0.047008
vt -7.037279 -0.025819
vt 1.000000 0.795912
vt 0.202313 0.000000
vt 0.795912 0.795912
vt 1.000000 0.751638
vt 1.000000 0.413106
vt 0.785123 0.000000
vt 0.785123 0.785123
vt 0.248362 0.000000
vt 0.586894 0.000000
s 0
usemtl base_material
f 1622/2994/1786 1629/2995/1786 1631/2996/1786
f 1637/2994/1787 1627/2995/1787 1631/2996/1787
f 1627/2994/1788 1622/2995/1788 1631/2996/1788
f 1627/2994/1789 1623/2995/1789 1622/2996/1789
f 1623/2994/1790 1633/2995/1790 1622/2996/1790
s 1
f 1645/2997/1791 1642/2998/1791 1641/2999/1791 1640/3000/1791 1639/3001/1791 1643/3002/1791 1644/3003/1791 1646/3004/1791
s 0
f 1630/2994/1792 1629/2995/1792 1622/2996/1792
f 1645/3005/1793 1629/2996/1793 1630/2994/1793 1646/3006/1793
f 1646/3006/1794 1632/2995/1794 1645/3005/1794
f 1629/2996/1795 1645/3007/1795 1642/3008/1795
f 1645/3007/1795 1632/2994/1795 1637/2995/1795 1642/3008/1795
f 1632/2994/1796 1636/2995/1796 1637/2996/1796
f 1636/2994/1797 1638/2995/1797 1637/2996/1797
f 1638/2994/1798 1628/2995/1798 1637/2996/1798
f 1628/2994/1799 1627/2995/1799 1637/2996/1799
f 1628/2994/1800 1623/2995/1800 1627/2996/1800
f 1624/2994/1801 1634/2995/1801 1623/2996/1801
f 1634/2994/1802 1633/2995/1802 1623/2996/1802
f 1628/2994/1803 1624/2995/1803 1623/2996/1803
f 1634/2994/1804 1635/2995/1804 1633/2996/1804
f 1630/2995/1805 1644/3009/1805 1646/3010/1805
f 1644/3009/1805 1633/2996/1805 1635/2994/1805 1646/3010/1805
f 1635/2994/1806 1632/2995/1806 1646/3011/1806
f 1635/2994/1807 1636/2995/1807 1632/2996/1807
f 1635/2994/1808 1625/2995/1808 1636/2996/1808
f 1625/2994/1809 1626/2995/1809 1636/2996/1809
f 1626/2994/1810 1628/2995/1810 1636/2996/1810
f 1628/2994/1811 1638/2995/1811 1636/2996/1811
f 1626/2994/1812 1624/2995/1812 1628/2996/1812
f 1625/2994/1813 1634/2995/1813 1624/2996/1813
f 1626/2994/1814 1625/2995/1814 1624/2996/1814
f 1625/2994/1815 1635/2995/1815 1634/2996/1815
f 1642/3012/1816 1637/2995/1816 1631/2996/1816 1629/2994/1816
f 1630/2995/1817 1622/2996/1817 1633/2994/1817 1644/3013/1817
o base_cell.027
v -6.921973 1.397065 -0.956152
v -6.876333 1.402380 -0.981704
v -6.876338 1.381119 -0.947634
v -6.921973 1.402380 -0.981704
v -6.876337 1.397065 -0.956152
v -6.921973 1.381119 -0.947634
v -6.921973 1.356885 -0.949044
v -6.865018 1.385617 -0.950037
v -6.865024 1.392431 -0.953677
v -6.864898 1.400872 -0.974413
v -6.865028 1.397065 -0.956109
v -6.864852 1.402380 -0.981546
v -6.864624 1.402380 -1.012862
v -6.865896 1.402380 -1.020268
v -6.867712 1.402380 -1.030766
v -6.870922 1.402380 -1.048566
v -6.921973 1.402380 -1.072834
v -6.894547 1.402380 -1.059890
v -6.907033 1.269886 -0.947842
v -6.896247 1.299371 -0.948249
v -6.866802 1.381119 -0.947634
v -6.875432 1.356882 -0.949066
v -6.921973 1.255007 -0.947636
vn 0.0002 -0.0222 0.9998
vn 0.0002 0.0139 0.9999
vn 0.0003 -0.0305 0.9995
vn -0.0003 0.9947 0.1027
vn -0.0010 0.9788 0.2046
vn -0.0014 0.9945 0.1044
vn -0.0001 0.9947 0.1024
vn -0.0001 0.8005 0.5993
vn -0.0003 0.8001 0.5998
vn -0.0019 0.7984 0.6021
vn 0.0002 0.2732 0.9620
vn 0.0002 0.2142 0.9768
vn -0.0000 0.2146 0.9767
vn -0.0012 0.4688 0.8833
vn -0.0000 0.4712 0.8821
vn -0.0000 1.0000 -0.0000
vt -7.050763 0.303610
vt -7.050763 0.201751
vt -7.035827 0.216627
vt -7.025042 0.246107
vt -7.004230 0.303607
vt -7.005131 0.763880
vt -6.993698 0.756590
vt -6.993653 0.763722
vt -7.050763 0.763880
vt -7.050763 0.738332
vt -7.005135 0.738332
vt -6.993828 0.738289
vt -7.004231 0.303607
vt -6.995602 0.327840
vt -7.005136 0.327840
vt -7.050763 0.327840
vt -6.993828 0.343783
vt -7.005135 0.343783
vt -6.993824 0.339150
vt -7.050763 0.343783
vt -6.993819 0.332337
vt -7.050763 0.854994
vt -6.993652 0.763722
vt -6.993423 0.795032
vt -6.994696 0.802438
vt -6.996511 0.812934
vt -6.999722 0.830730
vt -7.023341 0.842052
s 1
usemtl base_material
f 1653/3014/1818 1669/3015/1819 1665/3016/1819 1666/3017/1819 1668/3018/1820
f 1648/3019/1821 1656/3020/1822 1658/3021/1823
f 1648/3019/1821 1650/3022/1824 1647/3023/1825 1651/3024/1826 1657/3025/1827 1656/3020/1822
f 1653/3014/1818 1668/3026/1820 1667/3027/1828 1649/3028/1829
f 1652/3029/1830 1653/3014/1818 1649/3028/1829
f 1657/3030/1827 1651/3031/1826 1655/3032/1831
f 1651/3031/1826 1647/3033/1825 1652/3029/1830 1649/3028/1829 1667/3027/1828 1654/3034/1832 1655/3032/1831
f 1663/3035/1833 1650/3022/1824 1648/3019/1821 1658/3036/1823 1659/3037/1833 1660/3038/1833 1661/3039/1833 1662/3040/1833 1664/3041/1833
o base_cell.029
v -6.612636 0.750658 -1.182270
v -6.568055 0.736280 -1.185489
v -6.607248 0.750794 -1.185440
v -6.614806 0.791579 -1.178178
v -6.618630 0.792675 -1.047433
v -6.617274 0.804418 -1.120901
v -6.495372 0.653557 -1.114398
v -6.583013 0.768187 -1.196051
v -6.563666 0.717690 -1.085610
v -6.563679 0.698550 -1.089417
v -6.580694 0.811596 -1.092627
v -6.603148 0.806736 -1.107036
v -6.611001 0.805426 -1.114600
v -6.583155 0.797001 -1.037584
v -6.565187 0.812820 -1.085723
v -6.562982 0.797929 -1.036998
v -6.522763 0.812173 -1.076055
v -6.553094 0.798300 -1.036439
v -6.576203 0.780953 -1.183376
v -6.585249 0.785280 -1.193782
v -6.614994 0.804424 -1.126333
v -6.614915 0.802247 -1.135235
v -6.614666 0.799351 -1.147418
v -6.606606 0.795497 -1.182136
v -6.615347 0.741236 -1.071406
v -6.618030 0.779157 -1.048435
v -6.618665 0.790304 -1.042055
v -6.618399 0.785529 -1.044575
v -6.526725 0.798496 -1.035429
v -6.512581 0.811557 -1.072662
v -6.517008 0.796454 -1.036337
v -6.492938 0.792297 -1.040600
v -6.507389 0.809265 -1.073004
v -6.518204 0.775400 -1.108812
v -6.511561 0.783783 -1.097639
v -6.524090 0.768975 -1.118421
v -6.531494 0.765667 -1.129113
v -6.539051 0.766805 -1.138706
v -6.550728 0.768768 -1.153472
v -6.497207 0.722311 -1.086711
v -6.509022 0.801030 -1.082276
v -6.495881 0.707531 -1.090048
v -6.490070 0.679319 -1.087216
v -6.593333 0.789147 -1.189575
v -6.609197 0.653387 -1.084257
v -6.612204 0.695908 -1.090774
v -6.612797 0.705501 -1.089126
v -6.613400 0.715118 -1.087226
v -6.482689 0.645207 -1.082374
v -6.488681 0.672991 -1.086260
v -6.503599 0.656047 -1.123660
v -6.513438 0.671179 -1.132588
v -6.521739 0.676593 -1.141420
v -6.498634 0.644491 -1.081791
v -6.563331 0.641984 -1.080750
v -6.574973 0.641709 -1.081197
v -6.509111 0.656395 -1.125351
v -6.585363 0.642131 -1.081698
v -6.603637 0.650739 -1.083656
v -6.519500 0.672601 -1.138146
v -6.519380 0.667174 -1.132588
v -6.511488 0.660145 -1.128323
vn -0.2975 0.9436 0.1453
vn -0.1863 0.9490 0.2544
vn -0.0512 0.9541 0.2949
vn 0.2042 0.6570 -0.7257
vn 0.2641 0.6975 -0.6661
vn 0.2068 0.6588 -0.7233
vn 0.7783 0.1816 -0.6011
vn -0.5021 0.8390 -0.2097
vn -0.9983 -0.0498 -0.0319
vn -0.9982 -0.0531 -0.0289
vn -0.9988 -0.0425 -0.0252
vn -0.0194 0.9457 0.3244
vn 0.2477 0.8900 0.3829
vn 0.9308 0.1593 -0.3290
vn -0.1377 -0.3689 -0.9192
vn -0.4373 0.0619 -0.8972
vn 0.7793 0.1652 -0.6045
vn -0.4612 0.0720 -0.8844
vn -0.5074 0.0590 -0.8597
vn -0.3652 -0.6671 -0.6493
vn -0.9973 -0.0650 -0.0342
vn 0.9317 0.1550 -0.3286
vn 0.7245 0.0551 -0.6871
vn 0.0130 -0.9545 -0.2981
vn -0.2551 -0.6946 -0.6726
vn -0.2577 -0.6936 -0.6727
vn -0.0384 0.1499 0.9880
vn -0.0048 -0.0209 0.9998
vn -0.0273 -0.0120 0.9996
vn -0.0357 0.1489 0.9882
vn -0.0415 0.1511 0.9877
vn -0.0177 0.1454 0.9892
vn 0.0155 0.1414 0.9898
vn 0.0108 0.1403 0.9900
vn 0.0068 0.1394 0.9902
vn 0.0196 -0.0359 0.9992
vn 0.0297 0.1447 0.9890
vn -0.0118 -0.3619 0.9321
vn 0.0101 -0.3689 0.9294
vn -0.0157 -0.5175 0.8555
vn -0.0015 -0.5172 0.8559
vn 0.0177 -0.5378 0.8429
vn -0.0289 -0.5178 0.8550
vn 0.0522 -0.5516 0.8324
vn 0.0427 -0.3951 0.9177
vn 0.4191 0.8999 -0.1205
vn 0.4017 0.8919 -0.2078
vn 0.4004 0.8922 -0.2090
vn 0.4159 0.8980 -0.1436
vn 0.3976 0.8929 -0.2115
vn 0.3749 0.8751 -0.3061
vn 0.3539 0.8543 -0.3806
vn 0.3025 0.7928 -0.5291
vn 0.2850 0.7692 -0.5719
vn 0.2489 0.7199 -0.6479
vn 0.2455 0.7166 -0.6528
vn 0.2246 0.6938 -0.6842
vn 0.2128 0.6798 -0.7019
vn 0.2149 -0.3189 -0.9231
vn 0.3263 -0.4841 -0.8119
vn 0.3261 -0.4837 -0.8122
vn 0.4318 -0.6407 -0.6349
vn -0.0203 -0.1843 0.9827
vn 0.7835 0.1742 -0.5965
vn 0.0332 -0.9638 -0.2647
vn 0.4315 0.9021 -0.0000
vt 0.000000 0.000000
vt 1.000000 0.000000
vt 1.000000 0.538107
vt 0.427171 0.208588
vt 0.191692 0.092668
vt 0.538107 0.538107
vt 0.165642 0.021530
vt 1.000000 0.341689
vt 0.918141 0.652442
vt 0.943600 0.000000
vt 0.908098 0.107820
vt 0.679408 0.679408
vt 0.341689 0.341689
vt 0.468926 0.114420
vt 0.530043 0.000000
vt 7.651624 -0.241005
vt 7.637961 -0.242638
vt 7.636252 -0.245235
vt 7.637886 -0.252146
vt 0.214898 0.214898
vt 0.470737 0.000000
vt 0.944647 0.549657
vt 0.696807 0.000000
vt 1.000000 1.000000
vt 0.922760 0.922760
vt 0.934267 0.764709
vt 0.388881 0.000000
vt 1.000000 0.676084
vt 0.964205 0.000000
vt 0.676084 0.676084
vt 0.841608 0.285028
vt 1.000000 0.056400
vt 1.000000 0.469957
vt 0.680570 0.000000
vt 0.961300 0.961300
vt 0.718922 0.718922
vt 0.797701 0.663782
vt 1.000000 0.545298
vt 1.000000 0.924028
vt 0.874601 0.811747
vt 0.807846 0.807846
vt 0.473601 0.473601
vt 0.820268 0.294886
vt 0.836798 0.191653
vt 0.772301 0.000000
vt 1.000000 0.793118
vt 0.714138 0.000000
vt 1.000000 0.529263
vt 0.714138 0.714138
vt 1.000000 0.303192
vt 1.000000 0.152286
vt 0.736642 0.509943
vt 1.000000 0.611119
vt 0.152286 0.152286
vt 0.549528 0.411071
vt 0.642865 0.460817
vt 1.000000 0.227699
vt 0.972388 0.185567
vt 0.852269 0.000000
vt 0.247923 0.000000
vt 0.258679 0.258679
vt 0.356020 0.322709
vt 0.336433 0.254740
vt 0.682961 0.482812
vt 0.287372 0.077277
vt 0.302734 0.302734
vt 0.245898 0.000000
vt 0.978862 0.064771
vt 1.000000 0.258679
vt 0.025631 0.000000
vt 0.768973 0.008669
vt 1.000000 0.142153
vt 0.247923 0.247923
vt 0.206709 0.199477
vt 0.181572 0.139928
vt 0.067242 0.046103
vt 0.142153 0.142153
vt 0.147269 0.000000
vt -6.714213 -0.411016
vt -6.692533 -0.354608
vt -6.741049 -0.357249
vt -6.738043 -0.399762
vt -6.732484 -0.402409
vt -6.713041 -0.411578
vt -6.703825 -0.411438
vt -6.692184 -0.411163
vt -6.627500 -0.408656
vt -6.617548 -0.380161
vt -6.618937 -0.373835
vt -6.624351 -0.349668
vt -6.692184 -0.411163
vt -6.627499 -0.408656
vt -6.611557 -0.407941
vt -6.742245 -0.338042
vt -6.692520 -0.335471
vt -6.691836 -0.255246
vt -6.712005 -0.256174
vt -6.743464 -0.261425
vt -6.747243 -0.267643
vt -6.746874 -0.274015
vt -6.744192 -0.311929
vt -6.645870 -0.256721
vt -6.658745 -0.254089
vt -6.681950 -0.254875
vt -6.621804 -0.260877
vt -6.626072 -0.330851
vt -6.743510 0.929564
vt -6.743760 0.917384
vt -6.667909 0.920854
vt -6.679585 0.935618
vt -6.743289 0.903482
vt -6.739846 0.896752
vt -6.660354 0.911262
vt -6.667909 0.920854
vt -6.743839 0.908483
vt -6.739846 0.896752
vt -6.731995 0.889190
vt -6.652951 0.900572
vt -6.660354 0.911262
vt -6.707664 0.873887
vt -6.647066 0.890965
vt 7.707664 -0.241448
vt 7.696891 -0.240664
vt 7.641622 -0.271669
vt 7.647066 -0.277770
vt 7.694040 -0.240357
vt 7.640351 -0.393005
vt 7.648241 -0.385978
vt 7.642301 -0.381973
vt 7.647413 -0.379822
vt 7.648241 -0.385978
vt -6.626073 -0.330851
vt -6.624747 -0.345628
vt -6.624746 -0.345628
vt -6.741642 -0.347658
vt -6.741049 -0.357249
vt 1.000000 0.214898
vt 0.870448 0.311340
vt 0.811469 0.408148
vt 0.774035 0.471747
vt 0.762038 0.566240
vt 0.773672 0.668970
vt 0.793118 0.793118
vt 0.968521 0.405226
vt 1.000000 0.302734
vt 0.852269 0.852269
vt 0.929722 0.849605
vt -6.722182 0.971714
vt -6.735453 0.964276
vt -6.743511 0.929564
vt -6.705054 0.965516
vt -6.714098 0.975920
s 0
usemtl base_material
f 1675/3042/1834 1674/3043/1834 1680/3044/1834 1681/3045/1834 1682/3046/1834
f 1680/3047/1835 1674/3042/1835 1696/3048/1835 1683/3049/1835 1684/3050/1835
f 1699/3051/1836 1686/3052/1836 1684/3053/1836 1683/3054/1836 1685/3055/1836 1687/3056/1836
s 1
f 1686/3057/1837 1699/3058/1838 1702/3059/1838 1710/3060/1839
s 0
f 1688/3061/1840 1677/3042/1840 1689/3062/1840
f 1692/3063/1841 1693/3064/1841 1673/3043/1841 1675/3065/1841 1690/3066/1841 1691/3067/1841
f 1673/3042/1842 1670/3043/1842 1675/3065/1842
f 1694/3068/1843 1695/3069/1843 1675/3065/1843 1670/3042/1843
f 1696/3070/1844 1674/3043/1844 1675/3065/1844 1695/3071/1844 1697/3072/1844
f 1699/3073/1845 1687/3074/1845 1698/3075/1845
f 1699/3076/1846 1698/3077/1846 1700/3078/1846 1701/3079/1846 1702/3080/1846
f 1710/3081/1847 1702/3082/1847 1701/3083/1847 1709/3084/1847 1711/3085/1847 1712/3086/1847 1676/3043/1847 1704/3087/1847
f 1677/3065/1848 1671/3042/1848 1672/3043/1848
f 1677/3065/1849 1672/3042/1849 1713/3088/1849 1689/3089/1849
f 1676/3042/1850 1671/3043/1850 1677/3065/1850
f 1713/3090/1851 1672/3042/1851 1673/3043/1851 1693/3091/1851
f 1673/3065/1852 1672/3042/1852 1670/3043/1852
f 1670/3065/1853 1672/3042/1853 1714/3092/1853
f 1717/3093/1854 1694/3094/1854 1670/3065/1854 1714/3095/1854 1715/3096/1854 1716/3097/1854
f 1676/3043/1855 1712/3098/1855 1719/3099/1855 1718/3100/1855
f 1722/3101/1856 1671/3043/1856 1676/3065/1856 1720/3102/1856 1726/3103/1856 1731/3104/1856 1721/3105/1856 1729/3106/1856
f 1676/3065/1857 1725/3107/1857 1727/3108/1857 1726/3109/1857 1720/3110/1857
f 1726/3111/1858 1727/3112/1858 1728/3113/1858 1671/3065/1858 1722/3114/1858 1729/3115/1858 1730/3116/1858 1731/3117/1858
f 1728/3118/1859 1714/3119/1859 1672/3043/1859 1671/3065/1859
s 1
f 1727/3120/1860 1679/3121/1861 1715/3122/1862 1714/3123/1863 1728/3124/1863
f 1727/3125/1860 1725/3126/1864 1724/3127/1865 1679/3121/1861
f 1723/3128/1866 1719/3129/1867 1712/3130/1868 1711/3131/1869 1679/3121/1861 1724/3132/1865
f 1719/3129/1867 1723/3133/1866 1718/3134/1870
f 1717/3135/1871 1678/3136/1872 1685/3137/1873 1683/3138/1874 1696/3139/1874 1697/3140/1874 1695/3141/1874 1694/3142/1874
f 1685/3137/1873 1678/3136/1872 1700/3143/1875 1698/3144/1876 1687/3145/1876
f 1701/3146/1877 1700/3143/1875 1678/3136/1872 1709/3147/1878
f 1692/3148/1879 1691/3149/1880 1707/3150/1881 1708/3151/1882
f 1675/3152/1883 1682/3153/1884 1706/3154/1885 1707/3155/1881 1691/3149/1880 1690/3156/1883
f 1682/3157/1884 1681/3158/1886 1705/3159/1887 1706/3160/1885
f 1681/3158/1886 1680/3161/1888 1703/3162/1889 1705/3159/1887
f 1680/3163/1888 1684/3164/1890 1704/3165/1891 1703/3166/1889
f 1684/3167/1890 1686/3057/1837 1710/3060/1839 1704/3165/1891
f 1731/3168/1892 1730/3169/1893 1721/3170/1894
f 1729/3171/1895 1721/3170/1894 1730/3172/1893
f 1709/3173/1878 1678/3136/1872 1711/3174/1869
f 1678/3136/1872 1679/3121/1861 1711/3175/1869
f 1716/3176/1896 1715/3177/1862 1679/3121/1861
f 1716/3176/1896 1679/3121/1861 1678/3136/1872 1717/3135/1871
s 0
f 1676/3042/1897 1677/3043/1897 1688/3178/1897 1708/3179/1897 1707/3180/1897 1706/3181/1897 1705/3182/1897 1703/3183/1897 1704/3184/1897
f 1724/3185/1898 1725/3186/1898 1676/3065/1898 1718/3187/1898 1723/3188/1898
s 1
f 1713/3189/1899 1693/3190/1899 1692/3191/1879 1708/3151/1882 1688/3192/1899 1689/3193/1899
o base_cell.030
v -6.768862 1.330422 -1.385768
v -6.834842 1.300705 -1.301158
v -6.898798 1.264686 -1.297890
v -6.876103 1.278535 -1.290856
v -6.913881 1.253910 -1.322085
v -6.857144 1.185647 -1.218750
v -6.927245 1.238745 -1.312505
v -6.924760 1.233689 -1.264387
v -6.898065 1.261733 -1.281636
v -6.733349 1.254863 -1.271544
v -6.779349 1.254863 -1.414020
v -6.750904 1.254863 -1.379951
v -6.740965 1.254863 -1.341274
v -6.813699 1.254863 -1.424940
v -6.759949 1.331919 -1.392491
v -6.749282 1.323070 -1.379508
v -6.756816 1.329344 -1.388669
v -6.741448 1.305004 -1.347360
v -6.744146 1.311199 -1.358379
v -6.737501 1.179023 -1.271544
v -6.733972 1.178782 -1.197794
v -6.798038 1.182474 -1.419331
v -6.783358 1.181655 -1.414020
v -6.755000 1.180059 -1.379951
v -6.745092 1.179486 -1.341274
v -6.857186 1.200934 -1.424940
v -6.815623 1.184621 -1.424940
v -6.908741 1.234631 -1.424940
v -6.908894 1.247303 -1.424940
v -6.895661 1.254862 -1.424940
v -6.791457 1.315087 -1.417477
v -6.797503 1.311463 -1.419299
v -6.812944 1.302177 -1.424289
v -6.777391 1.323313 -1.413239
v -6.766294 1.330640 -1.400080
v -6.739914 1.301467 -1.341093
v -6.732430 1.253731 -1.251140
v -6.733140 1.264345 -1.271526
v -6.733745 1.184392 -1.199473
v -6.917754 1.240588 -1.424940
vn 0.1847 0.8785 0.4406
vn 0.1858 0.8752 0.4466
vn -0.3645 -0.9287 -0.0688
vn -0.5461 -0.8355 -0.0618
vn -0.4944 0.8655 -0.0807
vn -0.4867 0.8704 -0.0741
vn -0.1781 0.9839 -0.0170
vn -0.4862 0.8708 -0.0733
vn 0.1819 0.8748 0.4491
vn -0.1156 0.5949 0.7954
vn -0.1002 0.6075 0.7880
vn -0.5514 -0.8321 -0.0590
vn -0.5504 -0.8327 -0.0601
vn -0.7659 0.6407 -0.0541
vn -0.5186 0.8513 -0.0798
vn -0.5039 0.8610 -0.0694
vn -0.5516 0.8160 0.1731
vn -0.1447 0.6146 0.7754
vn -0.1274 0.6030 0.7875
vn -0.1239 0.5800 0.8051
vn -0.6628 0.7309 0.1627
vn -0.6952 0.7092 0.1175
vn -0.7103 0.6953 0.1097
vn -0.0616 -0.9981 -0.0024
vn 0.9962 -0.0379 -0.0778
vn 0.9954 -0.0545 -0.0782
vn 0.9824 -0.0538 -0.1789
vn 0.9831 -0.0376 -0.1790
vn -0.0000 0.0023 -1.0000
vn 0.1537 0.0035 -0.9881
vn 0.1764 -0.0048 -0.9843
vn -0.0000 -0.0000 -1.0000
vn 0.7684 -0.0147 -0.6398
vn 0.7680 -0.0144 -0.6403
vn 0.5589 -0.0154 -0.8291
vn 0.6288 -0.0091 -0.7776
vn 0.8897 -0.0333 -0.4553
vn 0.8565 -0.0170 -0.5159
vn 0.9794 -0.0213 -0.2008
vn 0.9685 -0.0212 -0.2481
vn 0.9683 -0.0209 -0.2488
vn 0.9974 -0.0546 -0.0479
vn 0.9976 -0.0494 -0.0476
vn 0.8889 -0.0487 -0.4555
vn 0.5732 -0.0314 -0.8188
vn 0.2940 0.0051 -0.9558
vn 0.2870 0.0027 -0.9579
vn 0.2054 0.0102 -0.9786
vn 0.3190 -0.0128 -0.9477
vn 0.9960 -0.0219 -0.0869
vt 0.924438 0.000000
vt 1.000000 0.000000
vt 1.000000 0.035008
vt 0.035008 0.035008
vt 0.000000 0.000000
vt 0.214140 0.000000
vt 0.171955 0.012836
vt 0.091201 0.037542
vt 0.199059 0.000000
vt 1.000000 0.804114
vt 0.884469 0.000000
vt 0.804114 0.804114
vt 0.257275 0.078567
vt 0.167268 0.000000
vt 1.000000 0.686435
vt 0.950588 0.653181
vt 0.822870 0.568745
vt 0.686435 0.686435
vt 1.000000 0.159821
vt 0.850790 0.464913
vt 0.159821 0.159821
vt 0.075562 0.000000
vt 1.000000 1.000000
vt 0.539903 0.018529
vt 0.637424 0.171519
vt 0.976741 0.738629
vt 1.000000 0.785860
vt 0.954282 0.000000
vt 0.527898 0.527898
vt 0.025137 0.000000
vt 0.806748 0.000000
vt 1.000000 0.115531
vt 0.806748 0.806748
vt 1.000000 0.832732
vt 0.792485 0.792485
vt 0.974863 0.000000
vt 1.000000 0.045718
vt 0.800941 0.000000
vt 0.783164 0.068204
vt 0.762489 0.138603
vt 0.629612 0.297675
vt 0.478681 0.379210
vt 0.623986 0.240864
vt 0.109353 0.000000
vt 1.053668 0.201606
vt 1.053668 0.125780
vt 1.123385 0.126243
vt 1.123385 0.201606
vt 8.005136 0.201606
vt 7.966666 0.201606
vt 7.957189 0.131377
vt 7.991567 0.147687
vt 8.011338 0.181378
vt 8.008557 0.190448
vt 8.007454 0.194048
vt 1.174596 0.278649
vt 1.170773 0.276074
vt 1.196119 0.201606
vt 1.195338 0.270045
vt 1.182181 0.277369
vt 1.162055 0.201606
vt 1.170773 0.276074
vt 1.161613 0.269802
vt 1.123204 0.248202
vt 1.140488 0.257932
vt 1.129467 0.251738
vt 1.161613 0.269802
vt 0.979932 0.125539
vt 1.053668 0.125780
vt 1.033269 0.200475
vt 0.981611 0.131148
vt 1.162055 0.126815
vt 1.196119 0.128411
vt 7.908165 0.201606
vt 7.926315 0.258197
vt 7.927471 0.261800
vt 7.906207 0.270045
vt 7.942508 0.201606
vt 7.941753 0.248912
vt 7.926850 0.129230
vt 7.944432 0.131377
vt 7.912172 0.128411
vt 7.926850 0.129230
vt 1.162055 0.126815
vt 8.024456 0.201606
vt 1.053651 0.211086
vt 1.053651 0.211086
vt 1.035454 0.201606
s 0
usemtl base_material
f 1746/3194/1900 1732/3195/1900 1748/3196/1900
f 1748/3197/1901 1732/3198/1901 1749/3199/1901 1750/3200/1901 1747/3201/1901
f 1758/3202/1902 1737/3195/1902 1757/3203/1902
f 1737/3198/1903 1759/3204/1903 1757/3205/1903
f 1761/3206/1904 1760/3207/1904 1735/3195/1904 1762/3208/1904 1763/3209/1904 1764/3210/1904
f 1762/3211/1905 1735/3198/1905 1732/3195/1905 1766/3212/1905 1765/3213/1905
f 1766/3214/1906 1732/3198/1906 1746/3215/1906
f 1735/3198/1907 1733/3195/1907 1732/3216/1907
f 1732/3216/1908 1733/3198/1908 1768/3217/1908 1769/3218/1908 1767/3219/1908 1749/3220/1908
f 1733/3198/1909 1770/3221/1909 1768/3222/1909
f 1739/3195/1910 1737/3216/1910 1752/3223/1910
f 1739/3198/1911 1738/3195/1911 1737/3216/1911
f 1737/3216/1912 1738/3198/1912 1771/3224/1912 1759/3225/1912
f 1736/3195/1913 1771/3226/1913 1738/3198/1913
f 1736/3198/1914 1735/3195/1914 1760/3227/1914 1771/3228/1914
f 1736/3198/1915 1734/3195/1915 1735/3216/1915
f 1734/3198/1916 1740/3195/1916 1735/3216/1916
f 1740/3198/1917 1739/3195/1917 1735/3216/1917
f 1739/3198/1918 1733/3195/1918 1735/3216/1918
f 1733/3216/1919 1739/3198/1919 1752/3229/1919 1770/3230/1919
f 1740/3198/1920 1734/3195/1920 1739/3216/1920
f 1734/3198/1921 1736/3195/1921 1739/3216/1921
f 1736/3198/1922 1738/3195/1922 1739/3216/1922
f 1737/3198/1923 1758/3231/1923 1753/3232/1923 1754/3233/1923 1755/3234/1923 1756/3235/1923 1751/3236/1923 1752/3237/1923
s 1
f 1741/3238/1924 1751/3239/1925 1756/3240/1926 1744/3241/1927
f 1761/3242/1928 1745/3243/1929 1758/3244/1930 1757/3245/1931 1759/3246/1931 1771/3247/1931 1760/3248/1931
f 1746/3249/1932 1748/3250/1933 1742/3251/1934 1765/3252/1935 1766/3253/1932
f 1743/3254/1936 1742/3251/1934 1748/3255/1933 1747/3256/1937
f 1767/3257/1938 1744/3241/1927 1743/3254/1936 1750/3258/1939 1749/3259/1940
f 1743/3254/1936 1747/3260/1937 1750/3258/1939
f 1752/3261/1941 1751/3262/1925 1741/3238/1924 1768/3263/1942 1770/3264/1941
f 1743/3254/1936 1755/3265/1943 1754/3266/1944 1742/3251/1934
f 1742/3267/1934 1763/3268/1945 1762/3269/1946 1765/3270/1935
f 1742/3267/1934 1745/3271/1929 1764/3272/1947 1763/3268/1945
f 1745/3271/1929 1742/3267/1934 1753/3273/1948 1758/3274/1930
f 1754/3275/1944 1753/3276/1948 1742/3267/1934
f 1744/3241/1927 1756/3240/1926 1755/3277/1943 1743/3254/1936
f 1764/3272/1947 1745/3271/1929 1761/3278/1928
f 1744/3241/1927 1767/3257/1938 1769/3279/1949 1741/3238/1924
f 1741/3238/1924 1769/3280/1949 1768/3281/1942
o base_cell.031
v -6.619895 0.794272 -1.046962
v -6.704078 0.806799 -1.049235
v -6.707298 0.809390 -1.065595
v -6.618694 0.806100 -1.119595
v -6.628196 0.802277 -1.036784
v -6.624965 0.793953 -1.040850
v -6.583421 0.814491 -1.090432
v -6.606014 0.808105 -1.106623
v -6.613764 0.806807 -1.114096
v -6.640315 0.831969 -1.022349
v -6.591060 0.825428 -1.081172
v -6.645811 0.796699 -1.041854
v -6.680600 0.801641 -1.042119
v -6.660908 0.798926 -1.042453
v -6.633776 0.816815 -1.110443
v -6.650674 0.829437 -1.100192
v -6.703619 0.876339 -1.068101
v -6.658681 0.890361 -1.041925
v -6.636892 0.896372 -1.031533
v -6.655556 0.827227 -1.026690
v -6.647639 0.831640 -1.023393
v -6.670586 0.886978 -1.047687
v -6.697203 0.880323 -1.061045
v -6.690393 0.881152 -1.057442
v -6.660368 0.824474 -1.028732
v -6.691707 0.803616 -1.041693
v -6.702627 0.879407 -1.064234
vn 0.7683 -0.0053 0.6400
vn 0.7693 -0.0143 0.6387
vn 0.3358 -0.9318 -0.1379
vn 0.7682 0.0353 0.6393
vn -0.1234 -0.9792 -0.1609
vn -0.1375 -0.9765 -0.1660
vn -0.5205 -0.0034 -0.8538
vn -0.4643 0.1860 0.8659
vn -0.1461 0.1473 0.9783
vn -0.4706 0.1848 0.8628
vn -0.4771 0.1827 0.8596
vn -0.1783 -0.9767 -0.1196
vn -0.9774 0.0613 0.2021
vn -0.5210 0.1826 0.8338
vn -0.0501 -0.4717 0.8803
vn -0.0788 -0.4704 0.8789
vn -0.0885 -0.4698 0.8783
vn -0.1040 -0.4689 0.8771
vn 0.3445 0.8411 -0.4170
vn 0.3246 0.8207 -0.4701
vn 0.3303 0.8267 -0.4555
vn 0.2626 0.7374 -0.6223
vn 0.2775 0.7588 -0.5893
vn 0.2538 0.7247 -0.6407
vn 0.2313 0.6997 -0.6759
vn 0.2528 0.7237 -0.6421
vn 0.2384 0.7080 -0.6647
vn 0.1801 0.6394 -0.7475
vt 1.000000 0.182060
vt 1.000000 0.622711
vt 0.403180 0.000000
vt 0.795400 0.000000
vt 1.000000 0.000000
vt 0.622711 0.622711
vt 0.182060 0.182060
vt 0.521657 0.521657
vt 0.000000 0.000000
vt 1.000000 0.027366
vt 0.911690 0.071535
vt 0.789053 0.183730
vt 0.397204 0.000000
vt 0.770991 0.000000
vt 1.000000 0.180709
vt 0.990001 0.585917
vt 1.000000 1.000000
vt 0.788549 0.788549
vt 0.229891 0.000000
vt 0.229891 0.229891
vt 0.353181 0.133795
vt 0.499966 0.000000
vt 0.715534 0.000000
vt 0.861608 0.625360
vt 0.931807 0.823492
vt 1.000000 0.221750
vt 1.000000 0.602026
vt 0.519471 0.000000
vt 0.833953 0.000000
vt 1.000000 0.150261
vt 0.602026 0.602026
vt 0.221750 0.221750
vt 0.834930 0.000000
vt 1.000000 0.166047
vt 1.000000 0.480529
vt 0.505946 0.000000
vt 0.834930 0.834930
vt 0.505946 0.505946
vt 0.574182 0.063541
vt 0.581070 0.000000
vt 1.000000 0.246585
vt 1.000000 0.500034
vt 0.246585 0.246585
vt 0.755115 0.000000
vt 1.000000 0.284466
vt 0.755115 0.755115
vt 0.418930 0.000000
vt -6.820538 -0.249560
vt -6.809433 -0.251535
vt -6.789744 -0.254249
vt -6.789205 -0.228706
vt -6.757038 -0.250899
vt -6.770734 -0.218533
vt -6.776478 -0.221541
vt -6.784393 -0.225953
vt -6.789205 -0.228706
vt -6.789744 -0.254249
vt -6.774650 -0.256476
vt -6.753808 -0.259221
vt -6.750460 0.899978
vt -6.762617 0.892596
vt -6.742609 0.896248
vt -6.779511 0.882347
vt -6.734859 0.888777
vt -6.779512 0.882347
vt -6.832448 0.850262
vt -6.831456 0.846395
vt -6.826033 0.843207
vt -6.822733 0.841458
vt -6.711396 0.873680
vt -6.734859 0.888777
vt 7.819225 -0.172037
vt 7.719105 -0.228888
vt 7.712272 -0.238687
vt 7.762044 -0.157156
vt 7.719908 -0.227752
vt 7.799420 -0.166213
vt 7.787518 -0.162830
s 0
usemtl base_material
f 1776/3282/1950 1778/3283/1950 1782/3284/1950
f 1777/3285/1951 1772/3286/1951 1778/3287/1951 1776/3288/1951
f 1778/3289/1952 1772/3290/1952 1775/3291/1952 1780/3292/1952 1779/3293/1952
f 1790/3294/1953 1781/3295/1953 1776/3296/1953 1782/3297/1953
f 1772/3298/1954 1777/3299/1954 1783/3300/1954 1775/3286/1954
f 1774/3286/1955 1775/3298/1955 1783/3301/1955 1785/3302/1955 1784/3303/1955
f 1775/3298/1956 1774/3290/1956 1788/3304/1956 1787/3305/1956 1786/3306/1956
f 1792/3307/1957 1790/3308/1957 1789/3309/1957 1791/3310/1957
f 1781/3311/1958 1790/3312/1958 1792/3313/1958
f 1796/3314/1959 1791/3315/1959 1789/3316/1959 1793/3317/1959
f 1796/3318/1960 1793/3319/1960 1795/3320/1960 1794/3321/1960 1773/3286/1960 1797/3322/1960
f 1774/3286/1961 1784/3323/1961 1797/3324/1961 1773/3290/1961
f 1774/3298/1962 1773/3290/1962 1798/3325/1962 1788/3326/1962
f 1798/3327/1963 1773/3290/1963 1794/3328/1963
s 1
f 1797/3329/1964 1784/3330/1964 1785/3331/1965 1796/3332/1966
f 1776/3333/1967 1781/3334/1967 1792/3335/1967 1791/3336/1967 1796/3337/1966 1785/3338/1965 1783/3339/1967 1777/3340/1967
f 1775/3341/1968 1786/3342/1969 1780/3343/1970
f 1786/3342/1969 1787/3344/1971 1779/3345/1972 1780/3343/1970
f 1787/3346/1971 1788/3347/1973 1798/3348/1973 1794/3349/1973 1795/3350/1974 1778/3351/1975 1779/3352/1972
f 1795/3353/1974 1782/3354/1976 1778/3355/1975
f 1790/3356/1977 1782/3357/1976 1795/3353/1974 1793/3358/1977 1789/3359/1977
o base_cell.032
v -6.889121 1.104052 -1.140989
v -6.846595 1.179991 -1.156427
v -6.881086 1.154750 -1.183738
v -6.875709 1.162341 -1.183731
v -6.846939 1.013077 -1.036333
v -6.823704 0.998087 -1.050910
v -6.870436 1.055094 -1.095022
v -6.884622 1.086049 -1.129638
v -6.820818 1.006759 -1.082808
v -6.803936 1.019018 -1.131273
v -6.790176 1.022785 -1.142475
v -6.787719 1.186324 -1.167769
v -6.780128 1.072829 -1.187084
v -6.783652 1.093841 -1.200176
v -6.860201 1.144606 -1.190032
v -6.859739 1.163601 -1.188408
v -6.805287 1.170765 -1.190572
v -6.755155 1.055852 -1.031300
v -6.759053 1.106029 -0.992623
v -6.741498 1.106029 -1.101030
v -6.765094 1.055852 -0.992623
v -6.749114 1.106029 -1.031300
v -6.747539 1.055852 -1.101030
v -6.793540 1.055852 -0.958554
v -6.735087 1.155632 -1.194643
v -6.736660 1.124666 -1.180478
v -6.735657 1.137904 -1.186287
v -6.744498 1.060252 -1.153888
v -6.738077 1.106029 -1.172243
v -6.748480 1.041841 -1.137964
v -6.745215 1.055852 -1.149946
v -6.754438 1.016354 -1.115723
v -6.733292 1.185114 -1.181708
v -6.733451 1.190864 -1.171831
v -6.733235 1.182135 -1.186287
v -6.733797 1.177721 -1.192954
v -6.755378 1.013698 -1.106696
v -6.767570 0.992741 -1.030226
v -6.755944 1.012154 -1.101030
v -6.773757 0.987494 -1.010082
v -6.812377 1.047323 -0.951641
v -6.808351 1.054313 -0.952719
v -6.763820 1.147920 -0.984166
v -6.781262 1.106029 -0.966022
v -6.789818 1.086765 -0.958554
v -6.759802 1.157270 -0.988366
v -6.756191 1.158287 -0.992623
v -6.742899 1.170345 -1.055957
v -6.745840 1.165820 -1.031300
v -6.737528 1.178528 -1.101030
v -6.800862 1.017783 -0.958554
v -6.813042 1.025471 -0.953064
v -6.776864 0.994662 -0.992623
v -6.774929 0.989947 -1.003685
vn -0.4450 -0.5262 -0.7247
vn -0.0741 0.0867 -0.9935
vn -0.0538 0.1088 -0.9926
vn -0.0347 0.1062 -0.9937
vn 0.5548 -0.3692 -0.7456
vn 0.5554 -0.3708 -0.7443
vn -0.4312 -0.5506 -0.7148
vn 0.5879 -0.0917 0.8037
vn 0.8823 -0.1374 0.4503
vn 0.8881 -0.0775 0.4530
vn 0.7654 -0.0756 0.6391
vn 0.7208 -0.0868 0.6877
vn 0.5575 -0.3752 -0.7405
vn 0.3820 -0.6504 -0.6565
vn 0.3716 -0.6582 -0.6547
vn -0.4690 -0.5247 -0.7104
vn -0.2478 0.0885 -0.9648
vn -0.1727 0.9036 -0.3921
vn -0.1329 0.8634 -0.4867
vn -0.2900 0.2063 -0.9345
vn -0.1847 0.9034 -0.3871
vn -0.1093 0.8583 -0.5014
vn -0.0992 0.8335 -0.5435
vn 0.0359 -0.9597 -0.2787
vn 0.0260 -0.9652 -0.2604
vn 0.0006 -0.9678 -0.2519
vn -0.0706 -0.9609 -0.2676
vn -0.5934 -0.7066 -0.3854
vn -0.5938 -0.7053 -0.3873
vn -0.4722 -0.5516 -0.6876
vn -0.9261 0.0064 0.3773
vn -0.7423 0.4968 0.4497
vn -0.7378 0.5024 0.4507
vn -0.7312 0.5152 0.4472
vn -0.7310 0.5173 0.4450
vn -0.0746 0.9824 0.1714
vn -0.0730 0.9828 0.1697
vn -0.0697 0.9834 0.1673
vn -0.4110 -0.8623 0.2957
vn -0.4011 -0.8775 0.2630
vn -0.6323 -0.7312 -0.2560
vn -0.6398 -0.7228 -0.2613
vn -0.9390 -0.0496 0.3404
vn -0.9263 0.0034 0.3767
vn 0.9522 -0.1831 0.2447
vn 0.9640 -0.1860 0.1900
vn 0.9725 -0.1520 0.1767
vn 0.8994 -0.1730 0.4015
vn 0.9809 -0.1887 0.0466
vn 0.9892 -0.1387 0.0472
vn 0.9850 -0.1542 0.0774
vn 0.9785 -0.1891 0.0826
vn 0.9802 -0.0856 0.1783
vn 0.9932 -0.0869 0.0779
vn 0.9957 -0.0545 0.0747
vn 0.9926 -0.0544 0.1084
vn 0.9839 -0.0539 0.1703
vn 0.9957 -0.0790 0.0477
vn 0.9974 -0.0546 0.0479
vn 0.9979 -0.0546 0.0346
vn 0.9983 -0.0547 0.0178
vn 0.9021 -0.0494 0.4287
vn 0.7669 -0.0420 0.6403
vn 0.9917 -0.1197 0.0474
vn 0.6288 -0.1209 0.7681
vn -0.4544 -0.5363 -0.7112
vn 0.3715 -0.0635 0.9263
vn 0.3720 -0.0716 0.9255
vn 0.9974 -0.0546 -0.0479
vt 0.000000 0.000000
vt 1.000000 0.000000
vt 1.000000 1.000000
vt 0.841095 0.000000
vt 1.000000 0.230526
vt 0.279782 0.279782
vt 0.697338 0.512787
vt 1.000000 0.685634
vt 0.685634 0.685634
vt 0.711274 0.000000
vt 0.740734 0.002631
vt 0.774797 0.002631
vt 0.774797 0.052799
vt 0.748201 0.052799
vt 0.740734 0.033538
vt 0.718370 0.701933
vt 1.000000 0.380733
vt 0.380733 0.380733
vt 0.522366 0.407822
vt 1.000000 0.512212
vt 0.523053 0.000000
vt 0.512212 0.512212
vt 0.520500 0.000000
vt 1.000000 0.409044
vt 1.000000 0.016533
vt 0.409044 0.409044
vt 0.649201 0.245926
vt 0.452496 0.000000
vt 0.523053 0.523053
vt 0.452496 0.452496
vt 0.488412 0.435190
vt 1.000000 0.261085
vt 0.275938 0.000000
vt 0.261085 0.261085
vt 1.000000 0.203097
vt 0.175973 0.000000
vt 0.203097 0.203097
vt 0.189600 0.177114
vt 0.463192 0.202543
vt 0.632468 0.232265
vt 1.000000 0.303526
vt 0.303526 0.303526
vt 0.351705 0.000000
vt 0.787633 0.516549
vt 1.000000 0.611325
vt 0.351705 0.351705
vt 0.411584 0.368004
vt 0.758187 0.000000
vt 0.611325 0.611325
vt 0.758187 0.758187
vt 1.000000 0.479500
vt 0.889877 0.695258
vt 0.475252 0.191688
vt 0.373674 0.000000
vt 1.000000 0.780875
vt 1.000000 0.724062
vt 0.780875 0.780875
vt 0.626326 0.000000
vt 1.000000 0.214155
vt 0.792253 -0.065715
vt 0.813467 -0.060170
vt 0.813467 0.002631
vt 0.774797 -0.058548
vt 0.785857 -0.063262
vt 0.920112 -0.011378
vt 0.932092 0.002631
vt 0.883185 0.002631
vt 0.883185 -0.041059
vt 0.888850 -0.039516
vt 0.897875 -0.036860
vt 0.813467 0.052799
vt 0.883185 0.052799
vt 0.883185 0.125285
vt 0.838120 0.117104
vt 0.813467 0.112580
vt 0.954915 0.053977
vt 0.962619 0.071433
vt 0.968426 0.084669
vt 0.968426 0.128891
vt 0.963848 0.131870
vt 0.953974 0.137619
vt 0.813467 -0.060170
vt 0.883185 -0.041059
vt 0.774797 0.105048
vt 0.770541 0.104031
vt 0.766341 0.094682
vt 0.936034 0.007030
vt 0.954385 0.052799
vt 0.932092 0.002631
vt 0.740734 -0.035432
vt 0.813467 0.112580
vt -6.922353 0.002631
vt -6.918632 0.033538
vt -6.936262 0.002631
vt -6.937161 0.001092
vt -6.941288 -0.008965
vt -6.941852 -0.027745
vt -6.929674 -0.035432
vt 0.968426 0.084669
vt 0.977322 0.104616
vt 0.975093 0.124478
s 0
usemtl base_material
f 1811/3360/1978 1813/3361/1978 1812/3362/1978
f 1813/3360/1979 1814/3361/1979 1812/3362/1979
f 1814/3360/1980 1815/3361/1980 1812/3362/1980
f 1815/3360/1981 1834/3363/1981 1823/3364/1981 1812/3362/1981
f 1812/3362/1982 1823/3365/1982 1825/3366/1982 1824/3367/1982
f 1812/3362/1983 1824/3368/1983 1827/3369/1983 1811/3361/1983
f 1809/3360/1984 1808/3361/1984 1811/3362/1984
s 1
f 1822/3370/1985 1819/3371/1986 1817/3372/1987 1842/3373/1988 1843/3374/1989
s 0
f 1811/3362/1990 1827/3375/1990 1826/3376/1990
f 1811/3362/1991 1826/3377/1991 1829/3378/1991 1828/3379/1991
f 1830/3380/1992 1809/3361/1992 1811/3362/1992 1828/3381/1992
f 1799/3360/1993 1801/3361/1993 1813/3362/1993
f 1801/3360/1994 1814/3361/1994 1813/3362/1994
f 1800/3360/1995 1810/3361/1995 1814/3362/1995
f 1810/3360/1996 1815/3361/1996 1814/3362/1996
f 1801/3360/1997 1802/3361/1997 1814/3362/1997
f 1802/3360/1998 1800/3361/1998 1814/3362/1998
f 1815/3362/1999 1810/3360/1999 1832/3382/1999 1831/3383/1999
f 1834/3384/2000 1815/3362/2000 1831/3385/2000 1833/3386/2000
f 1835/3387/2001 1808/3361/2001 1809/3362/2001 1830/3388/2001
f 1808/3362/2002 1835/3389/2002 1837/3390/2002 1836/3391/2002
f 1838/3392/2003 1804/3361/2003 1808/3362/2003 1836/3393/2003
f 1804/3360/2004 1807/3361/2004 1808/3362/2004
f 1807/3360/2005 1805/3361/2005 1808/3362/2005
f 1805/3360/2006 1806/3361/2006 1808/3362/2006
f 1806/3360/2007 1799/3361/2007 1808/3362/2007
f 1806/3360/2008 1839/3394/2008 1799/3362/2008
f 1840/3395/2009 1801/3361/2009 1799/3362/2009 1839/3396/2009
f 1801/3362/2010 1840/3397/2010 1843/3398/2010 1842/3399/2010 1841/3400/2010
f 1800/3361/2011 1801/3362/2011 1841/3401/2011 1844/3402/2011
f 1800/3360/2012 1802/3361/2012 1801/3362/2012
f 1847/3403/2013 1846/3404/2013 1800/3362/2013 1844/3405/2013 1845/3406/2013
f 1848/3407/2014 1810/3361/2014 1800/3362/2014 1846/3408/2014
f 1810/3362/2015 1848/3409/2015 1832/3410/2015
f 1851/3411/2016 1849/3412/2016 1850/3413/2016 1803/3361/2016 1852/3414/2016
f 1804/3361/2017 1838/3415/2017 1852/3416/2017 1803/3360/2017
f 1803/3360/2018 1807/3361/2018 1804/3362/2018
f 1803/3360/2019 1805/3361/2019 1807/3362/2019
f 1803/3360/2020 1806/3361/2020 1805/3362/2020
f 1803/3360/2021 1850/3417/2021 1839/3418/2021 1806/3362/2021
s 1
f 1838/3419/2022 1836/3420/2023 1816/3421/2024 1819/3371/1986 1851/3422/2025 1852/3423/2022
f 1828/3424/2026 1829/3425/2027 1821/3426/2028 1837/3427/2029 1835/3428/2026 1830/3429/2026
f 1820/3430/2030 1818/3431/2031 1848/3432/2032 1846/3433/2033 1847/3434/2034
f 1818/3431/2031 1827/3435/2035 1824/3436/2036 1825/3437/2037 1833/3438/2038 1831/3439/2036 1832/3440/2036 1848/3432/2032
f 1816/3421/2024 1836/3441/2023 1837/3442/2029 1821/3426/2028
f 1817/3372/1987 1819/3371/1986 1816/3421/2024 1820/3430/2030
f 1845/3443/2039 1844/3444/2040 1841/3445/2040 1842/3373/1988 1817/3372/1987
f 1826/3446/2041 1827/3447/2035 1818/3431/2031 1821/3426/2028 1829/3448/2027
f 1851/3422/2025 1819/3371/1986 1822/3370/1985 1849/3449/2042
s 0
f 1799/3360/2043 1813/3361/2043 1811/3362/2043 1808/3360/2043
s 1
f 1817/3372/1987 1820/3430/2030 1847/3450/2034 1845/3443/2039
f 1822/3451/1985 1843/3452/1989 1840/3453/2044
f 1840/3454/2044 1839/3455/2045 1850/3456/2045 1849/3457/2042 1822/3451/1985
f 1833/3438/2038 1825/3458/2037 1823/3459/2046 1834/3460/2046
f 1820/3430/2030 1816/3421/2024 1821/3426/2028 1818/3431/2031
o base_cell.033
v -6.898102 1.109627 -1.142901
v -6.897606 1.006540 -1.018849
v -6.897913 1.058673 -1.095802
v -6.897602 1.087577 -1.128981
v -6.890152 1.103911 -1.139876
v -6.857790 1.007290 -1.025059
v -6.848619 1.013423 -1.036040
v -6.872284 1.055678 -1.095585
v -6.886291 1.086971 -1.129192
v -6.813880 1.047199 -0.951047
v -6.821008 1.052479 -0.947634
v -6.898174 1.109634 -0.947634
v -6.898122 1.096776 -0.947634
v -6.897712 1.019859 -0.947634
v -6.897628 1.006596 -0.947634
v -6.874056 1.006738 -0.947634
v -6.857618 1.007039 -0.947634
v -6.826368 1.018506 -0.947634
v -6.821836 1.021184 -0.948917
v -6.814589 1.025669 -0.952427
v -6.814116 1.038595 -0.951617
vn 0.5952 0.8036 0.0009
vn 0.5837 0.8120 0.0002
vn -1.0000 -0.0040 -0.0004
vn -1.0000 -0.0053 -0.0000
vn -1.0000 -0.0063 -0.0003
vn 0.0060 -1.0000 0.0008
vn 0.3445 -0.9388 -0.0038
vn 0.4917 -0.8676 -0.0739
vn 0.4978 -0.8640 -0.0761
vn 0.9267 -0.0104 -0.3757
vn 0.9272 -0.0006 -0.3747
vn 0.8934 -0.0756 -0.4428
vn -0.0446 -0.5402 -0.8404
vn -0.0629 -0.5338 -0.8433
vn -0.9959 -0.0633 -0.0645
vn -0.0822 -0.7511 -0.6551
vn -0.0916 -0.8246 -0.5583
vn 0.0183 -0.9998 -0.0033
vn -0.0788 -0.8275 -0.5559
vn -0.0664 -0.8465 -0.5283
vn -0.0522 -0.7416 -0.6688
vn -0.0000 -0.0000 1.0000
vn 0.0911 -0.0144 0.9957
vn 0.1499 -0.0205 0.9885
vn 0.3428 -0.0508 0.9380
vn 0.4304 -0.0580 0.9008
vt 0.263938 0.073062
vt 0.201790 0.000000
vt 1.000000 0.000000
vt 1.000000 0.793577
vt 0.793577 0.793577
vt 0.000000 0.000000
vt 0.796122 0.796122
vt 1.000000 0.747668
vt 0.745872 0.000000
vt 0.747668 0.747668
vt 0.745872 0.745872
vt 1.000000 0.585179
vt 0.587292 0.000000
vt 0.585179 0.585179
vt 1.000000 0.607331
vt 0.392602 0.000000
vt 0.607331 0.607331
vt 1.000000 0.629208
vt 0.629951 0.000000
vt 0.629208 0.629208
vt 0.629951 0.629951
vt 1.000000 0.748760
vt 0.748760 0.748760
vt 1.000000 0.798210
vt 1.000000 1.000000
vt 1.000000 0.607398
vt 0.587292 0.587292
vt -7.033756 -0.033355
vt -7.027556 -0.046617
vt -6.985603 -0.046475
vt -6.985497 -0.046173
vt -6.956703 -0.033329
vt -6.950187 -0.000741
vt -7.049658 0.056403
vt -7.042316 0.043548
vt -6.946979 -0.029722
vt -6.949815 -0.000741
vt -6.952743 -0.033329
vt -6.942924 -0.014623
vt -6.942689 -0.006020
vt -6.949214 -0.001187
vt -6.946978 -0.029722
vt -6.943398 -0.027547
s 0
usemtl base_material
f 1863/3461/2047 1862/3462/2047 1857/3463/2047 1864/3464/2047
f 1864/3465/2048 1857/3466/2048 1853/3463/2048
f 1864/3467/2049 1853/3466/2049 1855/3463/2049 1865/3468/2049
f 1855/3466/2050 1866/3469/2050 1865/3470/2050
f 1866/3471/2051 1855/3466/2051 1854/3463/2051 1867/3472/2051
f 1854/3466/2052 1868/3473/2052 1867/3474/2052
f 1858/3463/2053 1870/3475/2053 1869/3476/2053
f 1870/3477/2054 1858/3466/2054 1859/3463/2054 1871/3478/2054
f 1859/3466/2055 1872/3479/2055 1871/3480/2055
f 1872/3481/2056 1859/3466/2056 1860/3463/2056 1873/3482/2056
f 1873/3483/2057 1860/3466/2057 1857/3463/2057 1862/3484/2057
f 1860/3466/2058 1861/3463/2058 1857/3485/2058
f 1861/3466/2059 1856/3463/2059 1857/3485/2059
f 1856/3466/2060 1853/3463/2060 1857/3485/2060
f 1856/3466/2061 1855/3463/2061 1853/3485/2061
f 1856/3466/2062 1860/3463/2062 1855/3485/2062
f 1860/3466/2063 1854/3463/2063 1855/3485/2063
f 1854/3466/2064 1858/3463/2064 1869/3486/2064 1868/3487/2064
f 1860/3466/2065 1859/3463/2065 1854/3485/2065
f 1859/3466/2066 1858/3463/2066 1854/3485/2066
f 1856/3466/2067 1861/3463/2067 1860/3485/2067
s 1
f 1866/3488/2068 1867/3489/2068 1868/3490/2068 1869/3491/2068 1870/3492/2069 1863/3493/2070 1864/3494/2068 1865/3495/2068
f 1871/3496/2071 1863/3497/2070 1870/3498/2069
f 1873/3499/2072 1862/3500/2072 1863/3501/2070 1871/3502/2071 1872/3503/2072
o base_cell.034
v -6.207520 0.896304 -1.274105
v -6.196692 0.933149 -1.254094
v -6.214002 0.724105 -1.270386
v -6.186089 0.932796 -1.230903
v -6.160750 0.890667 -1.168923
v -6.167883 0.759923 -1.169869
v -6.235448 0.926789 -1.266498
v -6.205359 0.936650 -1.254061
v -6.289785 0.900322 -1.249965
v -6.292950 0.800533 -1.248220
v -6.199014 0.937152 -1.239952
v -6.292867 0.891626 -1.208205
v -6.318556 0.882169 -1.216238
v -6.319102 0.843560 -1.215632
v -6.236205 0.911001 -1.221643
v -6.244706 0.911001 -1.254540
v -6.234610 0.918172 -1.225699
v -6.235432 0.911001 -1.216678
v -6.242972 0.922181 -1.258859
v -6.239982 0.922193 -1.252222
v -6.245120 0.922078 -1.263555
v -6.248294 0.911001 -1.262513
vn 0.9134 -0.0457 -0.4045
vn 0.9141 -0.0470 -0.4027
vn -0.2804 -0.0113 -0.9598
vn -0.7792 0.0012 -0.6268
vn -0.3048 0.0193 0.9522
vn -0.1530 0.7871 0.5976
vn -0.3878 0.9005 0.1970
vn -0.3595 0.9113 0.2009
vn -0.3926 0.9057 0.1596
vn -0.3871 0.9071 0.1652
vn -0.2849 0.0086 0.9585
vn -0.2877 -0.0076 -0.9577
vn -0.5308 -0.6916 0.4900
vn 0.9090 -0.0432 -0.4145
vn -0.2734 -0.0105 -0.9618
vn -0.2857 0.0079 0.9583
vn -0.7642 0.0130 -0.6449
vn 0.9084 -0.0411 -0.4160
vn 0.4256 0.8866 -0.1811
vn 0.3665 0.9093 -0.1972
vn -0.3560 0.9258 0.1271
vn -0.1737 0.7785 0.6031
vn -0.3957 0.9060 0.1501
vn 0.1931 0.4860 -0.8524
vn 0.2143 0.4168 -0.8834
vn -0.5338 -0.6923 0.4856
vn -0.8735 0.2873 0.3930
vn -0.8921 0.3081 0.3306
vn -0.8988 0.3166 0.3031
vn -0.9119 0.3361 0.2357
vt 1.000000 0.000000
vt 1.000000 1.000000
vt 0.000000 0.000000
vt 0.378569 0.378569
vt 1.000000 0.131045
vt 0.847746 0.175570
vt 0.103750 0.000000
vt 0.131045 0.131045
vt 1.000000 0.822008
vt 0.378569 0.000000
vt 0.177992 0.000000
vt -0.040985 -0.131016
vt -0.045680 -0.131119
vt -0.044639 -0.142195
vt -0.036667 -0.142195
vt -0.034349 -0.131004
vt -0.003776 -0.142195
vt -0.010066 -0.133279
s 0
usemtl base_material
f 1877/3504/2073 1878/3505/2073 1876/3506/2073
f 1878/3505/2074 1879/3506/2074 1876/3504/2074
f 1880/3504/2075 1876/3505/2075 1883/3506/2075
f 1886/3505/2076 1883/3506/2076 1887/3504/2076
f 1886/3506/2077 1887/3504/2077 1885/3505/2077
f 1884/3504/2078 1878/3505/2078 1877/3506/2078
f 1890/3507/2079 1884/3506/2079 1880/3504/2079 1892/3508/2079 1893/3509/2079
f 1892/3508/2080 1885/3505/2080 1890/3507/2080 1893/3509/2080
f 1894/3510/2081 1892/3511/2081 1880/3506/2081
f 1886/3504/2082 1885/3505/2082 1892/3511/2082 1894/3510/2082
f 1879/3504/2083 1878/3505/2083 1885/3506/2083
f 1880/3505/2084 1883/3506/2084 1882/3504/2084 1894/3512/2084
f 1887/3506/2085 1876/3504/2085 1879/3505/2085
f 1877/3504/2086 1876/3505/2086 1874/3506/2086
f 1880/3506/2087 1874/3504/2087 1876/3505/2087
f 1879/3504/2088 1885/3505/2088 1887/3506/2088
f 1883/3504/2089 1886/3505/2089 1882/3506/2089
f 1874/3506/2090 1875/3504/2090 1877/3505/2090
f 1875/3506/2091 1884/3504/2091 1877/3505/2091
f 1875/3506/2092 1881/3504/2092 1884/3505/2092
f 1881/3506/2093 1880/3504/2093 1884/3505/2093
f 1878/3505/2094 1884/3506/2094 1890/3513/2094 1885/3504/2094
f 1894/3514/2095 1882/3504/2095 1886/3505/2095
f 1881/3506/2096 1875/3504/2096 1880/3505/2096
f 1875/3506/2097 1874/3504/2097 1880/3505/2097
f 1883/3504/2098 1876/3505/2098 1887/3506/2098
s 1
f 1892/3515/2099 1894/3516/2099 1895/3517/2099 1889/3518/2100 1893/3519/2101
f 1889/3518/2100 1888/3520/2102 1890/3521/2102 1893/3519/2101
l 1888 1891
o base_cell.035
v -6.724682 0.782928 -1.180600
v -6.737796 0.819269 -1.232241
v -6.633264 0.723407 -1.186973
v -6.608136 0.750644 -1.187062
v -6.583714 0.768567 -1.198056
v -6.613310 0.749961 -1.183992
v -6.615908 0.792202 -1.179673
v -6.697913 0.833762 -1.247022
v -6.521257 0.793428 -1.300560
v -6.662564 0.693166 -1.280392
v -6.662732 0.712567 -1.283744
v -6.607380 0.795866 -1.183953
v -6.623162 0.803416 -1.195754
v -6.583512 0.784450 -1.199414
v -6.577055 0.781361 -1.209359
v -6.680076 0.833761 -1.244784
v -6.675991 0.830779 -1.240133
v -6.666904 0.824339 -1.230103
v -6.742006 0.794923 -1.320884
v -6.738128 0.779850 -1.314274
v -6.716911 0.700504 -1.277756
v -6.719201 0.710234 -1.279279
v -6.734220 0.765101 -1.307823
v -6.698642 0.650330 -1.210404
v -6.696933 0.628188 -1.239986
v -6.695987 0.622631 -1.242589
v -6.714668 0.690900 -1.276424
v -6.695637 0.597426 -1.291139
v -6.698673 0.612434 -1.288597
v -6.698826 0.642336 -1.228556
v -6.694090 0.650330 -1.194276
v -6.682470 0.650330 -1.210404
v -6.683244 0.625039 -1.241461
v -6.668703 0.600014 -1.293567
v -6.659653 0.610431 -1.292966
v -6.594310 0.689787 -1.283370
v -6.676745 0.642336 -1.228556
v -6.588271 0.697211 -1.282470
v -6.583921 0.701414 -1.283277
v -6.566908 0.717522 -1.286859
v -6.549323 0.730853 -1.294789
v -6.561278 0.721720 -1.289486
v -6.513166 0.758904 -1.311113
v -6.569778 0.777880 -1.220906
v -6.561072 0.777093 -1.234875
v -6.553251 0.776547 -1.247432
v -6.510123 0.767150 -1.316386
v -6.539675 0.788270 -1.269813
v -6.547111 0.779971 -1.257468
v -6.534773 0.793853 -1.277955
v -6.530543 0.801789 -1.285762
v -6.547258 0.799080 -1.336805
v -6.556622 0.814385 -1.290253
v -6.598921 0.819020 -1.281119
v -6.588930 0.817793 -1.283694
v -6.574286 0.816019 -1.287394
v -6.639113 0.823915 -1.270717
v -6.652321 0.826089 -1.265516
v -6.562965 0.799949 -1.336800
v -6.569834 0.800181 -1.336933
v -6.714132 0.806851 -1.330626
v -6.731950 0.800614 -1.325059
v -6.608836 0.801266 -1.337544
v -6.660791 0.804436 -1.333080
v -6.676446 0.805123 -1.332557
v -6.706474 0.806342 -1.331501
v -6.693420 0.607736 -1.249565
v -6.691015 0.574860 -1.294968
v -6.518965 0.778324 -1.324345
v -6.524991 0.782978 -1.327806
v -6.538774 0.794398 -1.334256
vn -0.0716 0.8027 0.5921
vn -0.0270 -0.5178 -0.8551
vn 0.0051 -0.5320 -0.8467
vn -0.0173 -0.5221 -0.8527
vn -0.0124 -0.4507 -0.8926
vn -0.0140 -0.5180 -0.8553
vn 0.4600 -0.0623 0.8857
vn 0.5225 0.0125 0.8526
vn 0.8431 0.0351 0.5365
vn -0.0731 0.8091 0.5831
vn -0.0000 -0.1024 0.9947
vn -0.0000 -1.0000 -0.0000
vn -0.0000 -0.9741 0.2262
vn -0.0000 -0.9623 0.2719
vn -0.9733 -0.2054 0.1026
vn -0.9717 -0.2126 0.1026
vn -0.9682 -0.2177 0.1228
vn 0.1472 -0.2189 0.9646
vn 0.4978 -0.4568 0.7372
vn 0.5194 -0.1978 0.8313
vn 0.6492 -0.5907 0.4791
vn 0.6535 -0.5947 0.4683
vn 0.6584 -0.5920 0.4649
vn 0.6642 -0.5858 0.4645
vn 0.8491 0.0242 0.5278
vn 0.8575 0.0531 0.5117
vn 0.4651 0.8619 -0.2020
vn 0.0430 0.9526 -0.3013
vn 0.0379 0.9526 -0.3018
vn -0.3818 0.8988 -0.2153
vn -0.4324 0.8784 -0.2038
vn 0.0313 0.9501 -0.3103
vn 0.0276 0.9500 -0.3111
vn -0.9705 -0.2167 0.1055
vn 0.6475 -0.6005 0.4691
vn 0.6190 -0.5693 0.5412
vn 0.8366 0.4953 -0.2339
vn 0.6893 0.6398 -0.3399
vn -0.0752 0.8063 0.5867
vn -0.0749 -0.0240 -0.9969
vn -0.0540 -0.0123 -0.9985
vn -0.0984 0.1441 -0.9847
vn -0.1027 0.1459 -0.9840
vn -0.0872 0.1467 -0.9853
vn -0.0230 -0.0889 -0.9958
vn -0.0357 0.1489 -0.9882
vn -0.0699 -0.4609 -0.8847
vn -0.1305 -0.4261 -0.8952
vn -0.0771 -0.4569 -0.8862
vn -0.0501 -0.4717 -0.8803
vn -0.0771 -0.4705 -0.8791
vn -0.0436 -0.3344 -0.9414
vn -0.0600 -0.3417 -0.9379
vn -0.0374 -0.5015 -0.8643
vn -0.0010 -0.5182 -0.8553
vn 0.0522 -0.5516 -0.8324
vn 0.4057 0.8892 0.2114
vn 0.4124 0.8954 0.1679
vn 0.4172 0.8988 0.1343
vn 0.4059 0.8894 0.2102
vn 0.4054 0.8888 0.2138
vn 0.3598 0.8554 0.3726
vn 0.3908 0.8800 0.2699
vn 0.3120 0.8052 0.5043
vn 0.2859 0.7704 0.5698
vn 0.2540 0.7249 0.6403
vn 0.2523 0.7232 0.6428
vn 0.2533 0.7242 0.6414
vn 0.2383 0.7080 0.6648
vn 0.2178 0.6846 0.6957
vn 0.1801 0.6394 0.7475
vn -0.0000 -0.4242 0.9056
vn -0.0116 -0.5293 0.8484
vn -0.0131 -0.5426 0.8399
vn 0.4315 0.9021 -0.0000
vn -0.0105 -0.7919 0.6105
vn -0.0108 -0.7878 0.6159
vn -0.0698 -0.1636 -0.9841
vn -0.0208 -0.1879 -0.9820
vt 0.282625 0.000000
vt 1.000000 0.000000
vt 1.000000 1.000000
vt 0.778416 0.778416
vt 7.676116 -0.254095
vt 7.667632 -0.258776
vt 7.653852 -0.270195
vt 7.690133 -0.331441
vt 7.692501 -0.333183
vt 7.687960 -0.253390
vt 0.000000 0.000000
vt 1.000000 0.693842
vt 0.476586 0.000000
vt 0.370041 0.370041
vt 0.231702 0.000000
vt 0.739541 0.000000
vt 0.904287 0.133921
vt 0.027013 0.000000
vt 7.825743 0.976414
vt 7.827472 0.992539
vt 7.811303 0.992539
vt 0.594324 0.000000
vt 1.000000 0.334259
vt 0.334259 0.334259
vt 0.446001 0.391626
vt 0.884904 0.627862
vt 0.944671 0.651988
vt 1.000000 0.673843
vt 0.655117 0.000000
vt 0.828493 0.000000
vt 0.836151 0.032829
vt 0.873769 0.096948
vt 0.939149 0.085785
vt 1.000000 0.020434
vt 0.674265 0.669971
vt 0.658870 0.106842
vt 0.036471 0.000000
vt 1.000000 0.022859
vt 0.210610 0.090472
vt 0.167297 0.000000
vt 0.353167 0.000000
vt 0.432558 0.082562
vt 1.000000 0.691832
vt 0.022860 0.022860
vt 0.140024 0.084566
vt 0.924173 0.669585
vt 1.000000 0.650371
vt 0.691832 0.691832
vt 0.739716 0.695057
vt 0.770307 0.692119
vt 0.909381 0.673696
vt 0.650371 0.650371
vt 1.000000 0.132091
vt 1.000000 0.768298
vt 0.132091 0.132091
vt 0.146443 0.000000
vt 0.589141 0.048346
vt 0.612054 0.176991
vt 0.647837 0.370296
vt 0.697878 0.492442
vt 0.790956 0.594394
vt 0.895631 0.705922
vt 1.000000 0.275438
vt 0.587072 0.587072
vt 0.357135 0.000000
vt 0.289446 0.289446
vt 0.823689 0.000000
vt 1.000000 0.066130
vt 1.000000 0.572778
vt 0.613675 0.613675
vt 0.151224 0.151224
vt 0.134696 0.000000
vt 0.624606 0.000000
vt 0.617772 0.139841
vt 0.608511 0.345700
vt 1.000000 0.260459
vt 0.804590 0.238434
vt 0.749243 0.310269
vt 0.624605 0.624605
vt 0.138857 0.087435
vt 0.144746 0.000000
vt 0.084701 0.084701
vt 1.000000 0.262772
vt 0.262772 0.262772
vt 0.258783 0.000000
vt 1.000000 0.350641
vt 0.144746 0.144746
vt 0.462124 0.204183
vt 0.874170 0.321263
vt 0.866454 0.134169
vt 1.000000 0.084701
vt 0.350640 0.350640
vt 1.000000 0.171507
vt 1.000000 0.344883
vt 0.324676 0.000000
vt 0.630055 0.000000
vt 1.000000 0.646833
vt 1.000000 0.832703
vt 0.630055 0.630055
vt 0.324676 0.324676
vt 0.973166 0.973166
vt 1.000000 0.642865
vt 0.863741 0.000000
vt 0.863741 0.863741
vt 0.901189 0.596748
vt 1.000000 0.717375
vt 0.345162 0.284411
vt 0.212515 0.212515
vt 7.843495 -0.362256
vt 7.791400 -0.359991
vt 7.827503 -0.440708
vt 7.824467 -0.455713
vt 7.827503 -0.440708
vt 7.788490 -0.442710
vt 7.797539 -0.453126
vt 7.819846 -0.478275
vt 7.717120 -0.355946
vt 7.723158 -0.363369
vt 7.788490 -0.442710
vt 7.863043 -0.288068
vt 7.866951 -0.273322
vt 7.871278 -0.256490
vt 7.860775 -0.252561
vt 7.842959 -0.246326
vt 7.835303 -0.246835
vt 7.805281 -0.248054
vt 7.789628 -0.248740
vt 7.791568 -0.340592
vt 7.848027 -0.342925
vt 7.789628 -0.248740
vt 7.737682 -0.251909
vt 7.695762 -0.335639
vt 7.698687 -0.252994
vt 7.691819 -0.253226
vt 7.638987 -0.286020
vt 7.642029 -0.294264
vt 7.678179 -0.322310
vt 7.690133 -0.331441
vt 7.647826 -0.274847
vt -6.802362 1.019525
vt -6.795740 1.012235
vt -6.698631 1.003039
vt -6.689927 1.017006
vt -6.808909 1.026912
vt -6.804825 1.022263
vt -6.682107 1.029561
vt -6.781159 1.047641
vt -6.767953 1.052841
vt -6.682107 1.029561
vt -6.675968 1.039595
vt -6.727769 1.063242
vt -6.668533 1.051937
vt -6.717779 1.065816
vt -6.703137 -0.237160
vt -6.717779 -0.235386
vt -6.668533 -0.264903
vt -6.663632 -0.259321
vt -6.685478 -0.238793
vt -6.662134 -0.256790
vt -6.661895 -0.250058
vt -6.822250 -0.445405
vt -6.810267 -0.424957
vt -6.825763 -0.424957
vt -6.824818 -0.430513
vt -6.752005 0.977891
vt -6.736226 0.966093
vt -6.712362 0.981550
vt -6.705906 0.991494
vt -6.698631 1.003039
vt -6.795740 1.012235
vt 7.827472 0.992539
vt 7.827656 1.010688
vt 7.805579 1.010688
vt -6.805579 -0.410811
vt -6.827657 -0.410811
vt -6.810268 -0.424957
vt 7.845738 -0.352653
vt 7.843604 -0.361793
vt 7.845737 -0.352653
vt 7.712771 -0.351744
s 0
usemtl base_material
f 1908/3522/2103 1896/3523/2103 1902/3524/2103 1907/3525/2103
s 1
f 1947/3526/2104 1966/3527/2104 1965/3528/2105 1937/3529/2106 1935/3530/2107 1954/3531/2108
s 0
f 1902/3524/2109 1901/3532/2109 1900/3523/2109
f 1907/3533/2110 1902/3524/2110 1900/3532/2110 1909/3534/2110
f 1909/3535/2111 1900/3532/2111 1910/3536/2111
f 1911/3537/2112 1903/3523/2112 1912/3538/2112
f 1926/3539/2113 1901/3523/2113 1902/3524/2113 1896/3524/2113
s 1
f 1926/3540/2114 1919/3541/2115 1927/3542/2116
s 0
f 1897/3532/2117 1914/3543/2117 1915/3544/2117 1896/3524/2117
f 1896/3524/2118 1915/3545/2118 1918/3546/2118 1917/3547/2118 1916/3548/2118 1922/3549/2118
f 1923/3550/2119 1921/3551/2119 1920/3552/2119 1925/3553/2119 1919/3554/2119 1926/3555/2119 1896/3524/2119 1922/3556/2119 1924/3557/2119
f 1926/3558/2120 1898/3523/2120 1901/3524/2120
f 1901/3524/2121 1898/3532/2121 1899/3523/2121
f 1901/3524/2122 1899/3532/2122 1900/3523/2122
f 1926/3559/2123 1900/3524/2123 1899/3532/2123
f 1932/3560/2124 1928/3561/2124 1929/3562/2124 1930/3563/2124 1931/3564/2124 1900/3524/2124 1926/3565/2124 1927/3566/2124
f 1937/3567/2125 1936/3568/2125 1900/3524/2125 1931/3569/2125 1933/3570/2125 1934/3571/2125 1935/3572/2125
f 1900/3524/2126 1936/3573/2126 1938/3574/2126
f 1910/3575/2127 1900/3524/2127 1938/3576/2127 1942/3577/2127 1945/3578/2127 1943/3579/2127 1944/3580/2127 1941/3581/2127 1940/3582/2127 1939/3583/2127
f 1904/3523/2128 1946/3584/2128 1945/3585/2128 1942/3586/2128
f 1946/3587/2129 1904/3532/2129 1966/3588/2129 1947/3589/2129 1948/3590/2129
f 1948/3591/2130 1947/3592/2130 1954/3593/2130 1949/3594/2130 1950/3595/2130 1951/3596/2130
f 1903/3523/2131 1911/3597/2131 1953/3598/2131 1952/3599/2131 1949/3600/2131 1954/3601/2131 1955/3602/2131
f 1903/3524/2132 1956/3603/2132 1957/3604/2132
f 1897/3523/2133 1903/3524/2133 1957/3605/2133 1914/3606/2133
f 1960/3607/2134 1903/3524/2134 1955/3608/2134 1958/3609/2134 1959/3610/2134
f 1961/3611/2135 1956/3612/2135 1903/3524/2135 1960/3613/2135
f 1921/3614/2136 1923/3615/2136 1963/3616/2136 1962/3617/2136
f 1929/3618/2137 1928/3619/2137 1962/3620/2137 1963/3621/2137
f 1899/3532/2138 1898/3523/2138 1926/3622/2138
f 1904/3523/2139 1942/3623/2139 1964/3624/2139
f 1966/3523/2140 1904/3524/2140 1964/3625/2140 1965/3626/2140
f 1897/3523/2141 1896/3523/2141 1908/3627/2141 1913/3628/2141 1912/3629/2141 1903/3532/2141
s 1
f 1922/3630/2142 1905/3631/2143 1924/3632/2144
f 1923/3633/2145 1924/3634/2144 1905/3631/2143 1930/3635/2146 1929/3636/2145 1963/3637/2145
f 1905/3631/2143 1933/3638/2147 1931/3639/2148 1930/3640/2146
f 1918/3641/2149 1915/3642/2150 1914/3643/2150 1957/3644/2150 1956/3645/2150 1961/3646/2151
f 1960/3647/2152 1959/3648/2153 1906/3649/2154 1917/3650/2155 1918/3641/2149 1961/3646/2151
f 1959/3651/2153 1958/3652/2156 1906/3649/2154
f 1935/3653/2107 1906/3649/2154 1958/3652/2156 1955/3654/2157 1954/3655/2108
f 1942/3656/2158 1938/3657/2158 1936/3658/2158 1937/3659/2106 1965/3528/2105 1964/3660/2158
f 1912/3661/2159 1913/3662/2160 1939/3663/2161 1940/3664/2162
f 1911/3665/2163 1912/3666/2159 1940/3664/2162 1941/3667/2164 1953/3668/2165
f 1952/3669/2166 1953/3668/2165 1941/3670/2164 1944/3671/2167
f 1949/3672/2168 1952/3669/2166 1944/3671/2167 1943/3673/2169 1950/3674/2170
f 1951/3675/2171 1950/3676/2170 1943/3677/2169 1945/3678/2172
f 1948/3679/2173 1951/3675/2171 1945/3680/2172 1946/3681/2173
f 1962/3682/2174 1928/3683/2175 1920/3684/2176 1921/3685/2174
f 1908/3686/2177 1907/3687/2177 1909/3688/2177 1910/3689/2177 1939/3690/2161 1913/3691/2160
f 1919/3692/2115 1925/3693/2178 1932/3694/2179 1927/3542/2116
f 1932/3695/2179 1925/3696/2178 1920/3684/2176 1928/3697/2175
f 1916/3698/2180 1917/3650/2155 1906/3649/2154 1905/3631/2143
f 1922/3699/2142 1916/3700/2180 1905/3631/2143
f 1906/3649/2154 1934/3701/2181 1933/3638/2147 1905/3631/2143
f 1906/3649/2154 1935/3653/2107 1934/3701/2181
o base_cell.036
v -6.774399 1.048888 -1.207002
v -6.779138 1.071981 -1.188318
v -6.779674 1.082159 -1.210667
v -6.783054 1.092242 -1.201921
v -6.743489 1.055852 -1.186287
v -6.737402 1.106029 -1.186287
v -6.741292 1.092273 -1.232516
v -6.742366 1.084916 -1.236302
v -6.739267 1.106029 -1.225109
v -6.738829 1.111313 -1.222015
v -6.743949 1.073966 -1.241877
v -6.735319 1.152477 -1.195859
v -6.735595 1.143550 -1.191434
v -6.744484 1.059602 -1.155827
v -6.742885 1.071083 -1.160406
v -6.737977 1.106029 -1.174314
v -6.735934 1.132836 -1.186287
v -6.746268 1.053282 -1.234377
v -6.753246 1.012768 -1.216732
v -6.752403 1.017545 -1.218831
v -6.751397 1.019884 -1.206280
v -6.744735 1.055852 -1.160064
v -6.746440 1.043171 -1.175514
v -6.747684 1.034399 -1.186287
vn -0.5285 0.4482 -0.7210
vn -0.5243 0.4622 -0.7152
vn -0.5294 0.4445 -0.7226
vn -0.5266 0.4874 -0.6965
vn -0.5706 0.3789 0.7286
vn -0.5602 0.3730 0.7396
vn -0.6703 -0.1854 -0.7186
vn -0.9692 -0.1730 -0.1752
vn -0.9808 -0.1949 -0.0079
vn -0.6676 -0.1976 -0.7178
vn -0.6904 -0.5354 0.4866
vn -0.6718 -0.5345 0.5128
vn 0.9897 -0.1350 0.0470
vn 0.9807 -0.1902 0.0447
vn 0.9879 -0.1551 -0.0002
vn 0.9812 -0.1919 -0.0184
vn 0.9962 -0.0875 -0.0000
vn 0.9979 -0.0546 -0.0350
vn 0.9942 -0.0960 0.0478
vn 0.9917 -0.1199 0.0474
vn 0.9917 -0.1194 0.0471
vn 0.9805 -0.1917 -0.0429
vn 0.9807 -0.1907 -0.0442
vn 0.9874 -0.1506 -0.0481
vn 0.9940 -0.0984 -0.0477
vn 0.9974 -0.0546 -0.0479
vn 0.9909 -0.1252 -0.0490
vn 0.9913 -0.1227 -0.0483
vn 0.9916 -0.1203 -0.0476
vt 0.000000 0.000000
vt 1.000000 0.000000
vt 1.000000 0.295691
vt 0.270631 0.270631
vt 0.244547 0.000000
vt 0.260480 0.083809
vt 0.295691 0.295691
vt 1.000000 0.270631
vt 0.596022 0.000000
vt 0.731095 0.000000
vt 0.244547 0.244547
vt 1.000000 0.659623
vt 0.682636 0.682636
vt 0.666761 0.577588
vt 0.659623 0.659623
vt 0.608782 0.000000
vt 0.622317 0.091256
vt 0.664163 0.369101
vt 1.000000 1.000000
vt 0.596022 0.596022
vt 0.661717 0.000000
vt 1.000000 0.338283
vt 0.775879 0.040106
vt 0.745940 0.000000
vt 0.254060 0.000000
vt 1.000000 0.684765
vt 1.000000 0.391218
vt 0.684765 0.684765
vt 0.803140 0.554909
vt 0.872008 0.495450
vt 0.971310 0.411278
vt 0.942208 0.002631
vt 0.957655 -0.010048
vt 0.968426 0.002631
vt 0.968426 -0.018818
vt 0.957655 -0.010048
vt 0.968426 0.052799
vt 0.968426 0.079601
vt 0.956455 0.052799
vt 0.956455 0.052799
vt 0.942550 0.017860
vt 0.942550 0.017860
vt 0.937972 0.006380
vt 0.942208 0.002631
vt 0.988416 -0.033331
vt 0.998865 -0.040446
vt 1.000964 -0.035669
vt 0.968426 -0.018818
vt 1.000964 -0.035669
vt 1.017584 0.002631
vt 0.968426 0.079601
vt 1.007242 0.052799
vt 1.004148 0.058082
vt 0.977995 0.099239
vt 0.973574 0.090314
vt 1.024007 0.020741
vt 1.018285 0.031975
vt 1.018285 0.031975
vt 1.014648 0.039045
s 0
usemtl base_material
f 1969/3702/2182 1970/3703/2182 1973/3704/2182 1974/3705/2182
f 1970/3702/2183 1976/3706/2183 1975/3707/2183 1973/3708/2183
f 1969/3703/2184 1974/3709/2184 1977/3710/2184
f 1970/3702/2185 1978/3711/2185 1976/3712/2185
f 1979/3713/2186 1978/3714/2186 1970/3702/2186 1968/3703/2186
f 1983/3715/2187 1979/3716/2187 1968/3702/2187 1980/3717/2187 1981/3718/2187 1982/3719/2187
f 1967/3703/2188 1969/3720/2188 1977/3721/2188 1984/3722/2188
f 1967/3702/2189 1970/3703/2189 1969/3720/2189
f 1967/3702/2190 1968/3703/2190 1970/3720/2190
f 1967/3703/2191 1984/3723/2191 1986/3724/2191 1985/3725/2191
f 1968/3720/2192 1967/3702/2192 1985/3726/2192 1987/3727/2192
f 1980/3728/2193 1968/3720/2193 1987/3729/2193 1990/3730/2193 1989/3731/2193 1988/3732/2193
s 1
f 1988/3733/2194 1989/3734/2195 1971/3735/2196
f 1990/3736/2197 1971/3735/2196 1989/3737/2195
f 1972/3738/2198 1983/3739/2199 1982/3740/2200
f 1971/3735/2196 1972/3738/2198 1982/3741/2200 1981/3742/2201
f 1981/3743/2201 1980/3744/2202 1988/3745/2194 1971/3735/2196
f 1987/3746/2203 1985/3747/2203 1986/3748/2204 1971/3735/2196 1990/3749/2197
f 1971/3735/2196 1986/3750/2204 1984/3751/2205
f 1983/3752/2199 1972/3738/2198 1975/3753/2206 1976/3754/2207 1978/3755/2207 1979/3756/2207
f 1977/3757/2208 1974/3758/2209 1971/3735/2196 1984/3751/2205
f 1975/3753/2206 1972/3738/2198 1971/3735/2196 1974/3759/2209 1973/3760/2210
o base_cell.037
v -6.830437 1.402483 -1.147896
v -6.873107 1.402380 -1.112171
v -6.784368 1.402380 -1.112171
v -6.743348 1.397065 -1.103816
v -6.829710 1.402380 -1.099213
v -6.852368 1.402483 -1.156677
v -6.808020 1.402483 -1.156677
v -6.830679 1.403387 -1.164124
v -6.845455 1.403387 -1.171512
v -6.815904 1.403387 -1.171512
v -6.882104 1.402380 -1.186287
v -6.732329 1.228948 -1.151787
v -6.732480 1.293866 -1.101325
v -6.731882 1.254863 -1.131557
v -6.921973 1.402380 -1.200740
v -6.869410 1.402461 -1.186287
v -6.808476 1.403235 -1.169513
v -6.803377 1.402483 -1.168125
v -6.792696 1.402454 -1.165188
v -6.863630 1.402581 -1.184695
v -6.850191 1.403387 -1.180984
v -6.741001 1.397065 -1.151070
v -6.767772 1.400580 -1.158368
v -6.733572 1.388292 -1.149189
v -6.728829 1.356908 -1.148466
v -6.727435 1.381119 -1.147634
v -6.730951 1.254863 -1.150941
v -6.781607 1.402380 -1.162139
v -6.732328 1.301245 -1.101114
v -6.729909 1.380486 -1.099218
v -6.731294 1.356908 -1.099475
v -6.733379 1.385033 -1.097443
v -6.784776 1.402380 -1.073951
v -6.744292 1.397065 -1.092250
v -6.751969 1.398158 -1.088777
v -6.799757 1.402380 -1.067512
v -6.921973 1.402380 -1.074593
v -6.896128 1.402380 -1.062262
v -6.874901 1.402380 -1.052183
v -6.870322 1.402380 -1.050054
v -6.830163 1.402380 -1.059963
vn 0.9983 -0.0310 0.0485
vn 0.9974 -0.0546 0.0479
vn 0.9981 -0.0383 0.0483
vn 0.0149 0.9997 0.0204
vn 0.0003 0.9998 0.0219
vn -0.0000 1.0000 0.0010
vn 0.0635 0.9980 0.0027
vn -0.0152 0.9997 0.0174
vn -0.0008 1.0000 0.0009
vn -0.0187 0.9998 0.0075
vn -0.0026 1.0000 0.0003
vn 0.9980 -0.0404 0.0494
vn 0.9980 -0.0399 0.0494
vn 0.9435 0.3276 0.0507
vn 0.9358 0.3491 0.0484
vn 0.0623 0.9977 0.0253
vn 0.0040 1.0000 0.0008
vn 0.0588 0.9983 0.0033
vn 0.4819 0.8759 0.0234
vn 0.1275 0.9918 0.0068
vn 0.4387 0.8984 0.0218
vn 0.3963 0.9179 0.0203
vn 0.1318 0.9913 0.0035
vn 0.0468 0.9989 0.0005
vn 0.0164 0.9984 0.0542
vn 0.0559 0.9968 0.0564
vn -0.0441 0.9984 0.0363
vn -0.0694 0.9970 0.0347
vn -0.0559 0.9981 0.0263
vn 0.0020 0.9985 0.0543
vn 0.7615 0.6474 0.0313
vn 0.7622 0.6460 0.0412
vn 0.9986 -0.0213 0.0487
vn -0.0000 1.0000 -0.0000
vt 0.913707 0.201606
vt 0.933932 0.175696
vt 0.933087 0.201606
vt -6.936830 0.938821
vt -6.959243 0.930043
vt -6.958516 0.881368
vt -6.913182 0.894324
vt -6.981170 0.938821
vt -7.001906 0.894324
vt -6.998210 0.968426
vt -7.010901 0.968426
vt -6.994720 0.967466
vt 0.883370 0.303633
vt 0.930612 0.303633
vt 0.929780 0.327840
vt 0.883185 0.327840
vt -6.932188 0.950268
vt -6.921510 0.947331
vt -6.910421 0.944283
vt -6.921510 0.947331
vt -6.872169 0.885970
vt -6.896589 0.940512
vt -6.869823 0.933215
vt -6.873114 0.874406
vt -6.880789 0.870934
vt -6.913591 0.856110
vt -6.944713 0.953654
vt -6.937286 0.951656
vt -6.974258 0.953654
vt -6.978993 0.963124
vt -6.992431 0.966835
vt -6.994112 0.967299
vt -6.959486 0.946267
vt 0.885970 0.343783
vt 0.874406 0.343783
vt 0.879598 0.331753
vt 0.931335 0.335011
vt 0.933215 0.343783
vt 0.929780 0.327840
vt 0.931335 0.335011
vt 0.930612 0.303633
vt 0.883269 0.247981
vt 0.883256 0.240598
vt 0.913706 0.201606
vt -7.050763 0.856753
vt -7.024922 0.844423
vt -7.003700 0.834347
vt -6.999122 0.832218
vt -6.958970 0.842125
vt -6.926735 0.850211
vt -6.913590 0.856110
vt -7.010491 0.971806
vt -7.050763 0.982876
s 1
usemtl base_material
f 2004/3761/2211 2002/3762/2212 2017/3763/2213
f 1997/3764/2214 1991/3765/2215 1995/3766/2216 1993/3767/2217
f 1996/3768/2218 1992/3769/2219 1995/3766/2216 1991/3765/2215
f 2006/3770/2220 2001/3771/2221 1992/3769/2219
f 2006/3772/2220 1992/3769/2219 1996/3768/2218
f 2021/3773/2222 2015/3774/2223 2016/3775/2224 2020/3776/2225
f 2008/3777/2226 1997/3764/2214 1993/3767/2217 2009/3778/2227
f 1993/3767/2217 2018/3779/2228 2009/3780/2227
f 2018/3779/2228 1993/3767/2217 1994/3781/2229 2013/3782/2230
f 1994/3781/2229 2012/3783/2231 2013/3782/2230
f 2024/3784/2232 1994/3781/2229 2025/3785/2233
f 1993/3767/2217 2023/3786/2234 2025/3785/2233 1994/3781/2229
f 2000/3787/2235 1997/3764/2214 2007/3788/2236
f 1997/3764/2214 2008/3777/2226 2007/3788/2236
f 1999/3789/2237 2011/3790/2238 2010/3791/2239
f 1996/3768/2218 1999/3789/2237 2010/3791/2239 2006/3792/2220
f 1998/3793/2240 1996/3768/2218 1991/3765/2215
f 1999/3789/2237 1996/3768/2218 1998/3793/2240
f 2000/3787/2235 1991/3765/2215 1997/3764/2214
f 1998/3793/2240 1991/3765/2215 2000/3787/2235
f 2020/3776/2225 1994/3794/2229 2024/3795/2232 2022/3796/2241
f 1994/3794/2229 2014/3797/2242 2012/3798/2231
f 2016/3799/2224 2014/3800/2242 1994/3794/2229 2020/3776/2225
f 2017/3763/2213 2015/3801/2223 2021/3773/2222 2019/3802/2243 2003/3803/2243 2004/3804/2211
f 2027/3805/2244 2028/3806/2244 2029/3807/2244 2030/3808/2244 2031/3809/2244 2026/3810/2244 2023/3811/2234 1993/3767/2217 1995/3766/2216 1992/3769/2219 2001/3812/2221 2005/3813/2244
o base_cell.038
v -6.921973 1.402380 -1.390870
v -6.907192 1.402380 -1.277049
v -6.900045 1.402380 -1.281700
v -6.921973 1.402380 -1.268000
v -6.921973 1.398169 -1.411114
v -6.900304 1.398204 -1.410946
v -6.899924 1.402380 -1.304617
v -6.900239 1.402380 -1.390870
vn -0.0000 0.9948 -0.1021
vn -0.0000 0.9947 -0.1024
vn -0.0000 1.0000 -0.0000
vn -0.0000 0.9790 -0.2037
vt -7.029033 1.172973
vt -7.050763 1.172973
vt -7.050763 1.050125
vt -7.035985 1.059172
vt -7.028840 1.063823
vt -7.028718 1.086736
vt -7.029098 1.193045
vt -7.050763 1.193214
s 1
usemtl base_material
f 2039/3814/2245 2032/3815/2246 2035/3816/2247 2033/3817/2247 2034/3818/2247 2038/3819/2247
f 2032/3815/2246 2039/3814/2245 2037/3820/2248 2036/3821/2248
o base_cell.039
v -6.334920 0.955315 -1.389419
v -6.299923 0.955317 -1.375318
v -6.298080 0.951376 -1.378490
v -6.333657 0.951376 -1.392864
v -6.333657 0.911001 -1.392864
v -6.283038 0.957289 -1.334439
v -6.266393 0.955422 -1.354268
v -6.265174 0.951376 -1.359560
v -6.278960 0.928123 -1.367491
v -6.316500 0.957660 -1.347146
v -6.330928 0.956284 -1.373407
v -6.336843 0.955712 -1.384173
v -6.343345 0.951376 -1.395583
v -6.344622 0.933971 -1.395942
v -6.340606 0.955315 -1.391016
v -6.281838 0.923278 -1.369146
v -6.288041 0.957850 -1.328493
v -6.338706 0.912748 -1.383058
v -6.325324 0.910490 -1.385375
v -6.320416 0.918292 -1.376037
v -6.312825 0.911001 -1.384447
v -6.334747 0.918292 -1.376410
v -6.306353 0.958055 -1.328727
v -6.294626 0.958104 -1.328364
v -6.298080 0.915722 -1.378490
v -6.339083 0.918292 -1.384298
v -6.346114 0.911001 -1.396360
vn -0.8763 0.0545 0.4786
vn 0.6097 -0.5555 0.5654
vn -0.0168 -0.7630 0.6462
vn -0.8753 0.0481 0.4812
vn 0.3985 -0.1743 -0.9004
vn 0.3012 0.3619 -0.8822
vn 0.2605 0.2653 -0.9283
vn 0.1591 0.8084 -0.5667
vn 0.1423 0.8971 -0.4184
vn 0.0231 0.9975 -0.0670
vn 0.0268 0.9974 -0.0670
vn 0.0269 0.9979 -0.0589
vn 0.1938 0.8957 -0.4002
vn 0.0269 0.9981 -0.0549
vn 0.0322 0.9977 -0.0594
vn 0.0367 0.9973 -0.0633
vn 0.1831 0.9374 -0.2962
vn 0.0439 0.9974 -0.0570
vn 0.3229 -0.0000 -0.9464
vn 0.2702 -0.0000 -0.9628
vn -0.0000 1.0000 -0.0000
vn -0.0431 -0.9872 0.1537
vn -0.0789 -0.9920 0.0985
vn -0.0944 -0.9874 0.1273
vn 0.0496 -0.9912 -0.1228
vn -0.0035 -0.9979 -0.0641
vn 0.4987 -0.0000 -0.8668
vn 0.4239 -0.0000 -0.9057
vn 0.4089 0.3602 -0.8385
vn 0.4271 0.5553 -0.7136
vn 0.6108 -0.5548 0.5649
vn 0.3746 -0.0000 -0.9272
vt 0.465016 0.025017
vt 0.389962 0.035257
vt 0.342163 0.041690
vt 0.299861 0.037903
vt 0.248141 0.000000
vt 0.648033 0.000000
vt 0.380917 0.000000
vt 1.000000 0.608234
vt 1.000000 0.795745
vt 0.142485 0.000000
vt 0.232890 0.000000
vt 0.685624 0.000000
vt 0.613625 0.110621
vt 0.756303 0.035017
vt 0.699119 0.115743
vt 0.632341 0.209406
vt 0.521449 0.297194
vt 0.380917 0.380917
vt 0.146686 0.135311
vt 0.173587 0.090249
vt 0.748744 0.000000
vt 0.735990 0.581275
vt 0.685624 0.685624
vt 0.233780 0.216785
vt 0.351967 0.000000
vt 0.751859 0.000000
vt 0.840195 0.620381
vt 0.748744 0.748744
vt 7.467977 -0.134905
vt 7.449313 -0.134905
vt 7.467599 -0.140448
vt 7.462552 -0.101827
vt 7.471582 -0.100883
vt 7.469499 -0.097889
vt 7.463814 -0.097888
vt -6.469499 1.173119
vt -6.465738 1.166277
vt -6.463814 1.171522
vt -6.459823 1.155513
vt -6.465738 1.166277
vt -6.445294 1.129071
vt -6.428824 1.157423
vt -6.433771 1.110321
vt -6.423528 1.110478
vt -6.445294 1.129071
vt -6.417843 1.110582
vt -6.395328 1.138209
vt -6.416943 1.110607
vt -6.411941 1.116551
vt 7.462552 -0.142195
vt 7.483633 -0.119228
vt 7.499606 -0.101827
vt -6.467977 1.166402
vt -6.463642 1.158515
vt -6.449313 1.158142
vt 7.475006 1.178462
vt 7.462552 1.174966
vt 7.469593 1.168510
vt 7.441723 1.166551
vt 7.454220 1.167479
vt 7.454219 1.167479
vt 7.464967 1.168240
vt 7.412575 -0.125075
vt 7.416651 -0.129919
vt 7.423009 -0.137474
vt 7.393011 -0.101827
vt -6.426981 1.160595
vt -6.394081 1.141668
vt -6.394173 1.139626
vt -6.394087 1.141544
vt 7.426981 -0.101827
vt 7.428824 -0.097886
vt 0.355549 0.095310
vt 0.325858 0.091601
vt 0.204255 0.000000
vt 0.391766 0.000000
vt 7.458392 -0.137474
s 0
usemtl base_material
f 2050/3822/2249 2051/3823/2249 2054/3824/2249 2052/3825/2249 2053/3826/2249 2049/3827/2249
f 2055/3828/2250 2048/3829/2250 2045/3830/2250 2056/3831/2250
f 2062/3832/2251 2061/3833/2251 2059/3834/2251 2057/3835/2251 2058/3836/2251 2060/3837/2251 2064/3838/2251 2055/3839/2251 2056/3840/2251 2063/3841/2251
f 2061/3833/2251 2057/3842/2251 2059/3834/2251
f 2065/3843/2252 2061/3844/2252 2062/3845/2252 2049/3846/2252 2053/3847/2252 2066/3848/2252 2057/3849/2252
f 2057/3849/2252 2061/3844/2252 2065/3843/2252
s 1
f 2065/3850/2253 2059/3851/2253 2057/3852/2253
f 2043/3853/2254 2052/3854/2255 2054/3855/2256 2040/3856/2257
f 2054/3857/2256 2051/3858/2258 2040/3859/2257
f 2050/3860/2259 2040/3859/2257 2051/3861/2258
f 2049/3862/2260 2041/3863/2261 2040/3859/2257 2050/3860/2259
f 2062/3864/2262 2063/3865/2263 2041/3863/2261 2049/3866/2260
f 2056/3867/2264 2046/3868/2265 2041/3863/2261 2063/3865/2263
f 2056/3869/2264 2045/3870/2266 2046/3868/2265
f 2044/3871/2267 2066/3871/2268 2053/3872/2268 2052/3873/2255 2043/3873/2254
f 2065/3874/2269 2061/3875/2269 2059/3876/2269
f 2066/3877/2270 2044/3878/2271 2057/3879/2272
f 2044/3878/2271 2060/3880/2273 2058/3881/2274
f 2058/3882/2274 2057/3883/2272 2044/3878/2271
f 2048/3884/2275 2055/3885/2275 2064/3886/2276 2042/3887/2277 2047/3887/2278
f 2042/3888/2277 2041/3863/2261 2047/3889/2278
f 2041/3863/2261 2046/3890/2265 2047/3891/2278
f 2043/3853/2254 2040/3856/2257 2042/3892/2277
f 2041/3893/2261 2042/3892/2277 2040/3856/2257
s 0
f 2047/3894/2279 2046/3895/2279 2045/3896/2279 2048/3897/2279
s 1
f 2042/3892/2277 2064/3898/2276 2060/3871/2280 2044/3871/2267 2043/3892/2254
o base_cell.040
v -6.972123 1.454691 -1.215700
v -6.971539 1.453871 -1.237563
v -6.971837 1.211352 -1.219001
v -6.971528 1.223825 -1.235886
v -6.661147 1.453857 -1.129967
v -6.918609 1.454156 -1.267581
v -6.930412 1.232786 -1.259821
v -6.851037 1.184750 -1.214599
v -6.878399 1.199851 -1.229828
v -6.767285 1.189621 -1.170606
v -6.807719 1.171500 -1.190534
v -6.786030 1.188207 -1.169311
v -6.859860 1.165622 -1.189199
v -6.857393 1.185926 -1.216830
v -6.857371 1.181066 -1.210617
v -6.796011 1.402483 -1.186287
v -6.780272 1.402380 -1.186287
v -6.809072 1.404218 -1.186287
v -6.852368 1.402483 -1.215897
v -6.845455 1.403387 -1.201062
v -6.830679 1.403387 -1.208450
v -6.815904 1.403387 -1.201062
v -6.732352 1.227298 -1.153177
v -6.730885 1.254863 -1.152321
v -6.727356 1.381119 -1.149286
v -6.728753 1.356908 -1.150065
v -6.738128 1.393770 -1.152027
v -6.733229 1.387984 -1.150781
v -6.921973 1.402380 -1.202599
v -6.865909 1.402482 -1.187139
v -6.881480 1.402380 -1.191434
v -6.808540 1.403341 -1.171309
v -6.802731 1.402483 -1.169719
v -6.792986 1.402457 -1.167033
v -6.815155 1.403478 -1.173131
v -6.768659 1.400708 -1.160349
v -6.781511 1.402380 -1.163870
v -6.851240 1.403387 -1.183082
v -6.888991 1.402380 -1.248600
v -6.921370 1.402380 -1.265766
v -6.875421 1.402380 -1.241348
v -6.871004 1.402410 -1.238989
v -6.860518 1.402443 -1.233387
v -6.802550 1.402483 -1.202410
v -6.812380 1.402983 -1.207693
v -6.838315 1.402483 -1.221524
v -6.830545 1.402889 -1.217396
v -6.823707 1.402902 -1.213742
v -6.728277 1.356908 -1.159942
v -6.726811 1.381119 -1.160632
v -6.730088 1.282223 -1.156364
v -6.730609 1.385634 -1.162937
v -6.794181 1.402467 -1.197936
v -6.772508 1.401374 -1.186287
v -6.740124 1.397065 -1.168718
vn -0.1676 -0.7926 -0.5863
vn -0.1632 -0.7912 -0.5894
vn 0.0769 -0.8130 -0.5772
vn 0.1079 -0.8347 0.5400
vn 0.1007 -0.8224 0.5599
vn -0.2390 -0.0715 0.9684
vn -0.2639 -0.0177 0.9644
vn -0.9998 -0.0009 -0.0189
vn -0.1696 -0.7912 -0.5875
vn -0.2640 -0.0158 0.9644
vn -0.0000 1.0000 -0.0000
vn -0.0035 1.0000 -0.0004
vn -0.0024 1.0000 -0.0003
vn 0.4677 -0.0559 -0.8821
vn 0.4669 -0.0591 -0.8823
vn 0.3778 -0.2220 -0.8989
vn -0.1472 -0.7829 -0.6044
vn -0.5021 -0.0063 -0.8648
vn 0.9980 -0.0410 0.0480
vn 0.9309 0.3624 0.0447
vn 0.9503 0.3078 0.0457
vn 0.9980 -0.0408 0.0480
vn 0.0704 -0.7856 -0.6148
vn 0.0881 -0.7971 -0.5974
vn -0.1399 -0.7801 -0.6098
vn 0.4671 -0.0732 -0.8812
vn 0.4708 -0.0515 -0.8807
vn 0.4705 -0.0563 -0.8806
vn 0.5464 -0.0709 -0.8345
vn 0.4813 -0.0705 -0.8737
vn 0.0968 -0.4904 0.8661
vn -0.0270 0.9989 -0.0382
vn -0.9996 -0.0002 -0.0267
vn 0.0043 1.0000 -0.0059
vn 0.2108 -0.4779 -0.8527
vn -0.4933 -0.0042 -0.8699
vn 0.0039 1.0000 -0.0006
vn 0.0493 0.9988 -0.0015
vn 0.0051 1.0000 0.0005
vn 0.0751 0.9972 0.0041
vn 0.0630 0.9978 0.0197
vn 0.0719 0.9970 0.0292
vn 0.1396 0.9891 0.0470
vn 0.1445 0.9875 0.0626
vn 0.5637 0.8245 0.0499
vn 0.3524 0.9341 0.0581
vn 0.0806 0.9952 0.0554
vn 0.0992 0.9951 -0.0034
vn 0.0046 0.9983 0.0583
vn 0.7571 0.6522 0.0370
vn 0.7572 0.6522 0.0370
vn 0.9986 -0.0219 0.0481
vn -0.2658 -0.0134 0.9639
vn -0.0295 0.9995 -0.0107
vn -0.0052 1.0000 -0.0009
vn -0.0159 0.9997 -0.0178
vn -0.0022 1.0000 -0.0013
vn 0.0872 0.9950 -0.0484
vn 0.0437 0.9975 -0.0554
vn 0.0121 0.9984 -0.0557
vn -0.0565 0.9982 -0.0182
vn -0.0477 0.9982 -0.0358
vn -0.0164 0.9990 -0.0410
vn 0.0020 0.9985 -0.0543
vn -0.0050 0.9984 -0.0557
vn 0.0263 0.9982 -0.0543
vt 0.000000 0.000000
vt 1.000000 0.000000
vt 1.000000 1.000000
vt 1.000000 0.020167
vt 0.010601 0.000000
vt 1.000000 0.247777
vt 0.010601 0.010601
vt 0.158345 0.038675
vt 0.742776 0.160820
vt 0.877391 0.186040
vt 0.944046 0.219655
vt -7.050764 1.047549
vt -7.050763 0.984736
vt -7.010277 0.973572
vt -7.004219 1.023477
vt -7.017787 1.030729
vt 0.233890 0.233890
vt 0.195725 0.000000
vt 0.942086 0.303633
vt 0.942776 0.327840
vt 0.931432 0.327840
vt 0.932211 0.303633
vt 0.531150 0.194954
vt 0.563665 0.194979
vt 0.624027 0.196067
vt 0.649510 0.199019
vt 0.781952 0.215178
vt 0.836717 0.258376
vt 0.858504 0.275438
vt 0.890568 0.367029
vt 1.000000 0.649549
vt 0.195725 0.195725
vt 0.248409 0.195666
vt 0.265511 0.195533
vt 0.306166 0.195363
vt 0.392302 0.195111
vt 0.421832 0.193544
vt 0.448360 0.193465
vt 0.507545 0.192690
vt 0.492210 0.193108
vt 0.616869 0.195249
vt 0.649549 0.649549
vt 0.822478 0.351737
vt 1.000000 0.071369
vt 0.047184 0.000000
vt 1.000000 0.233890
vt -6.922994 0.980074
vt -6.924824 0.968426
vt -6.921800 0.949176
vt -6.910326 0.946013
vt -6.909327 0.972764
vt -6.931541 0.951861
vt -6.897477 0.942493
vt -6.909087 0.968426
vt -6.910326 0.946013
vt -6.901325 0.968426
vt -6.897476 0.942493
vt -6.869740 0.934896
vt -6.868947 0.950860
vt -6.937350 0.953451
vt -6.937882 0.968426
vt -6.943964 0.955273
vt -6.931542 0.951861
vt 0.945081 0.332354
vt 0.950860 0.343783
vt 0.934173 0.340489
vt 0.932927 0.334704
vt 0.932927 0.334704
vt 0.931432 0.327840
vt 0.938495 0.228961
vt 0.942086 0.303633
vt 0.936983 0.201606
vt 0.247777 0.247777
vt -7.004219 1.023477
vt -6.994709 0.969278
vt -6.999803 1.021119
vt -6.994290 0.969163
vt -6.981170 0.998032
vt -6.989319 1.015519
vt -6.922994 0.980074
vt -6.931361 0.984546
vt -6.937198 0.987702
vt -6.941189 0.989829
vt -6.944713 0.983199
vt -6.991630 0.968426
vt -6.981644 0.968426
vt -6.974258 0.983199
vt -6.993798 0.969027
vt -6.967120 1.003657
vt -6.959486 0.990586
vt -6.959352 0.999530
vt -6.952515 0.995877
vt -6.989319 1.015519
vt -6.967120 1.003657
s 0
usemtl base_material
f 2069/3899/2281 2073/3900/2281 2079/3901/2281
f 2073/3899/2282 2081/3900/2282 2079/3901/2282
f 2081/3899/2283 2077/3900/2283 2079/3901/2283
f 2077/3899/2284 2076/3900/2284 2079/3901/2284
f 2076/3899/2285 2078/3900/2285 2079/3901/2285
f 2079/3901/2286 2078/3899/2286 2089/3902/2286
f 2069/3900/2287 2079/3901/2287 2089/3903/2287
f 2067/3899/2288 2070/3900/2288 2069/3901/2288
f 2070/3899/2289 2073/3900/2289 2069/3901/2289
f 2093/3904/2290 2069/3901/2290 2089/3905/2290 2090/3906/2290 2092/3907/2290 2091/3908/2290 2094/3909/2290
f 2090/3906/2290 2089/3899/2290 2071/3900/2290 2093/3904/2290 2094/3909/2290 2091/3908/2290 2092/3907/2290
s 1
f 2106/3910/2291 2095/3911/2291 2097/3912/2292 2107/3913/2293 2105/3914/2291
s 0
f 2076/3900/2294 2073/3901/2294 2106/3915/2294 2105/3916/2294
f 2105/3916/2294 2106/3915/2294 2072/3899/2294
f 2076/3899/2295 2074/3900/2295 2073/3901/2295
f 2074/3899/2296 2075/3900/2296 2073/3901/2296
f 2075/3899/2297 2081/3900/2297 2073/3901/2297
f 2070/3899/2298 2068/3900/2298 2073/3901/2298
s 1
f 2115/3917/2299 2116/3918/2300 2091/3919/2301 2092/3920/2302
s 0
f 2080/3899/2303 2074/3900/2303 2081/3901/2303
f 2074/3899/2304 2077/3900/2304 2081/3901/2304
f 2075/3899/2305 2080/3900/2305 2081/3901/2305
f 2074/3899/2306 2076/3900/2306 2077/3901/2306
f 2110/3921/2307 2119/3922/2307 2083/3923/2307 2120/3924/2307 2121/3925/2307 2118/3926/2307 2116/3927/2307 2115/3928/2307 2117/3929/2307 2076/3901/2307 2105/3930/2307 2107/3931/2307 2108/3932/2307 2109/3933/2307 2112/3934/2307 2113/3935/2307 2114/3936/2307 2111/3937/2307
f 2111/3938/2308 2114/3936/2308 2113/3935/2308 2112/3934/2308 2109/3933/2308 2108/3932/2308 2107/3931/2308 2105/3930/2308 2072/3899/2308 2071/3900/2308 2117/3929/2308 2115/3928/2308 2116/3927/2308 2118/3926/2308 2121/3925/2308 2120/3924/2308 2083/3939/2308 2119/3922/2308 2110/3921/2308
f 2076/3901/2309 2117/3940/2309 2090/3941/2309 2089/3942/2309
f 2071/3899/2310 2089/3942/2310 2090/3941/2310 2117/3940/2310
f 2078/3900/2311 2076/3901/2311 2089/3943/2311
f 2072/3899/2312 2068/3900/2312 2067/3901/2312
f 2068/3899/2313 2070/3900/2313 2067/3901/2313
f 2071/3899/2314 2072/3900/2314 2067/3901/2314
f 2080/3899/2315 2075/3900/2315 2074/3901/2315
f 2072/3900/2316 2106/3944/2316 2073/3901/2316 2068/3899/2316
s 1
f 2119/3945/2317 2082/3946/2318 2100/3947/2319 2103/3948/2320 2083/3949/2321
f 2100/3947/2319 2082/3946/2318 2099/3950/2322
f 2102/3951/2323 2083/3952/2321 2103/3953/2320
f 2120/3954/2324 2083/3952/2321 2102/3955/2323 2093/3956/2325 2121/3957/2326
f 2098/3958/2327 2084/3959/2328 2101/3960/2329
f 2099/3961/2322 2082/3946/2318 2084/3959/2328 2098/3958/2327
f 2118/3962/2330 2121/3963/2326 2093/3964/2325 2094/3965/2331
f 2094/3966/2331 2091/3967/2301 2116/3918/2300 2118/3962/2330
f 2117/3968/2332 2115/3969/2299 2092/3920/2302 2090/3970/2332
s 0
f 2067/3900/2333 2069/3901/2333 2093/3971/2333 2071/3899/2333
s 1
f 2107/3972/2293 2097/3912/2292 2096/3973/2334 2108/3974/2335
f 2096/3975/2334 2085/3976/2336 2109/3977/2337 2108/3974/2335
f 2082/3946/2318 2119/3978/2317 2110/3979/2338
f 2111/3980/2339 2084/3959/2328 2082/3946/2318 2110/3979/2338
f 2111/3981/2339 2088/3982/2340 2084/3959/2328
f 2096/3983/2334 2104/3984/2341 2086/3985/2342
f 2096/3986/2334 2086/3985/2342 2085/3976/2336
f 2112/3987/2343 2085/3976/2336 2087/3988/2344 2113/3989/2345
f 2085/3976/2336 2086/3985/2342 2087/3988/2344
f 2088/3982/2340 2111/3981/2339 2114/3990/2346
f 2113/3989/2345 2087/3988/2344 2088/3982/2340 2114/3990/2346
f 2109/3991/2337 2085/3976/2336 2112/3992/2343
o base_cell.041
v -6.244706 0.911001 -1.118034
v -6.236205 0.911001 -1.150930
v -6.258756 0.911001 -1.086812
v -6.226735 0.953577 -1.126853
v -6.273240 0.911001 -1.065640
v -6.276316 0.926170 -1.062556
v -6.231847 0.911001 -1.178936
v -6.217556 0.953036 -1.154955
v -6.192467 0.956732 -1.145736
v -6.212190 0.958223 -1.150921
v -6.203286 0.957260 -1.136797
v -6.269281 0.947089 -1.071757
v -6.245500 0.953596 -1.097562
v -6.219467 0.958094 -1.123616
v -6.231246 0.958462 -1.113835
v -6.278503 0.945283 -1.064311
vn 0.0698 0.9973 0.0240
vn 0.0706 0.9972 0.0235
vn 0.0689 0.9973 0.0246
vn -0.6051 -0.1412 -0.7835
vn -0.7309 -0.0192 -0.6822
vn -0.7811 -0.0336 -0.6235
vn -0.8217 0.1003 -0.5610
vn -0.8128 -0.0096 -0.5824
vn -0.7990 0.1544 -0.5812
vn -0.9098 0.3901 -0.1416
vn -0.9074 0.3664 -0.2058
vn -0.7990 0.5509 -0.2412
vn -0.7434 0.5734 -0.3444
vn -0.8921 0.3081 -0.3306
vn -0.5759 0.7940 -0.1947
vn -0.5338 0.7982 -0.2793
vn -0.5728 0.6822 -0.4545
vt -6.344215 0.933881
vt -6.348382 0.905767
vt -6.332204 0.918945
vt -6.341106 0.933066
vt -6.321387 0.927882
vt 7.407063 -0.104973
vt 7.398188 -0.106113
vt 7.405220 -0.127028
vt 0.131032 -0.142195
vt 0.152199 -0.142195
vt 0.153886 -0.127104
vt 0.142281 -0.104216
vt 0.117919 -0.099610
vt 0.142281 -0.104216
vt 0.038924 -0.142195
vt 0.066924 -0.142195
vt 0.062900 -0.100166
vt 0.090997 -0.099626
vt 0.099815 -0.142195
vt 0.065859 -0.095173
vt 0.063200 -0.099610
vt 0.065859 -0.095173
vt 0.092215 -0.094741
vt 0.104013 -0.094741
vt 0.118018 -0.099333
s 1
usemtl base_material
f 2131/3993/2347 2135/3994/2348 2132/3995/2347
f 2131/3996/2347 2132/3995/2347 2130/3997/2349
f 2137/3998/2350 2133/3999/2351 2127/4000/2352
f 2124/4001/2353 2126/4002/2354 2127/4003/2352 2133/4004/2351
f 2134/4005/2355 2124/4001/2353 2133/4006/2351
f 2128/4007/2356 2123/4008/2357 2129/4009/2358
f 2134/4005/2355 2125/4010/2359 2124/4001/2353
f 2124/4001/2353 2125/4010/2359 2122/4011/2360
f 2125/4010/2359 2129/4009/2358 2123/4008/2357
f 2125/4010/2359 2123/4008/2357 2122/4011/2360
f 2131/4012/2361 2129/4013/2358 2125/4010/2359
f 2131/4014/2361 2125/4010/2359 2135/4015/2362
f 2136/4016/2363 2135/4015/2362 2125/4010/2359 2134/4017/2355
o base_cell.042
v -6.864107 1.077417 -1.424940
v -6.880483 1.065164 -1.424940
v -6.921961 1.102695 -1.424940
v -6.904056 1.086406 -1.424940
v -6.921973 1.238808 -1.424940
v -6.887498 1.218465 -1.424940
v -6.858822 1.199863 -1.424940
v -6.858681 1.106029 -1.424940
v -6.858799 1.081518 -1.424940
vn -0.0000 -0.0000 -1.0000
vt 8.050763 0.052799
vt 8.009942 0.185932
vt 8.016294 0.165215
vt 7.991297 0.146616
vt 8.005138 0.052799
vt 7.987135 0.028293
vt 7.984122 0.024192
vt 8.013456 0.011941
vt 8.032848 0.033179
s 1
usemtl base_material
f 2140/4018/2364 2142/4019/2364 2143/4020/2364 2144/4021/2364 2145/4022/2364 2146/4023/2364 2138/4024/2364 2139/4025/2364 2141/4026/2364
o base_cell.044
v -6.526032 1.021294 -1.474663
v -6.391009 0.982915 -1.475245
v -6.526431 0.873395 -1.475338
v -6.389145 0.964883 -1.474981
v -6.495956 0.930093 -1.382296
v -6.406536 0.963391 -1.447890
v -6.519679 0.944147 -1.391106
v -6.519908 0.912166 -1.386362
vn 0.8354 0.0942 0.5415
vn 0.5292 -0.7952 0.2959
vn 0.0116 -0.0134 -0.9998
vn 0.2116 0.7347 0.6445
vn -0.0030 0.0046 -1.0000
vn 0.1872 0.7288 0.6587
vn 0.2071 0.7290 0.6524
vn -0.9974 0.0024 0.0721
vn 0.5253 -0.7935 0.3073
vn -0.2689 0.1432 0.9525
vn 0.5304 -0.7826 0.3258
vn -0.9952 0.0213 0.0953
vt 0.000000 0.000000
vt 1.000000 0.000000
vt 1.000000 1.000000
s 0
usemtl base_material
f 2148/4027/2365 2152/4028/2365 2150/4029/2365
f 2152/4027/2366 2149/4028/2366 2150/4029/2366
f 2149/4027/2367 2148/4028/2367 2150/4029/2367
f 2147/4027/2368 2152/4028/2368 2148/4029/2368
f 2149/4027/2369 2147/4028/2369 2148/4029/2369
f 2147/4029/2370 2153/4027/2370 2151/4028/2370
f 2151/4028/2371 2152/4029/2371 2147/4027/2371
f 2147/4028/2372 2149/4029/2372 2154/4027/2372
f 2149/4028/2373 2152/4029/2373 2154/4027/2373
f 2153/4027/2374 2154/4028/2374 2151/4029/2374
f 2154/4028/2375 2152/4029/2375 2151/4027/2375
f 2147/4029/2376 2154/4027/2376 2153/4028/2376
o base_cell.045
v -6.494041 0.931697 -1.382091
v -6.520561 0.947199 -1.391210
v -6.445699 0.955306 -1.409027
v -6.446325 0.951376 -1.412643
v -6.452595 0.947162 -1.412639
v -6.439951 0.955307 -1.408582
v -6.441548 0.955659 -1.403706
v -6.443658 0.956129 -1.397242
v -6.475775 0.956816 -1.386396
v -6.463804 0.956640 -1.389830
v -6.467680 0.951376 -1.412629
v -6.518273 0.955618 -1.401315
v -6.483438 0.953841 -1.410415
v -6.494358 0.955280 -1.408545
v -6.517953 0.956225 -1.390918
v -6.491057 0.956828 -1.382606
vn 0.4805 -0.8512 0.2112
vn 0.2935 -0.0655 0.9537
vn -0.2051 -0.7324 -0.6493
vn -0.2079 -0.7278 -0.6535
vn -0.9607 0.2771 0.0134
vn -0.2960 0.0547 0.9536
vn -0.0051 0.9893 -0.1457
vn -0.0231 0.9930 -0.1156
vn -0.0236 0.9945 -0.1021
vn -0.0193 0.9959 -0.0887
vn 0.0106 0.8962 -0.4436
vn 0.0037 0.9965 -0.0837
vn 0.0254 0.9977 -0.0626
vn 0.0056 0.9975 -0.0704
vn 0.0244 0.9489 -0.3148
vn 0.0148 0.5662 -0.8241
vn -0.0005 0.6223 -0.7828
vn -0.0006 -0.0000 -1.0000
vt 0.825237 0.522160
vt 0.857164 0.666538
vt 0.911269 0.911269
vt 0.000000 0.000000
vt 0.491382 0.000000
vt 0.656579 0.217913
vt 0.893565 0.000000
vt 1.000000 0.000000
vt 1.000000 0.911269
vt 0.954007 0.522059
vt 0.926114 0.283896
vt 0.491382 0.491382
vt 1.000000 0.373495
vt 0.821908 0.434380
vt 0.373495 0.373495
vt 0.130575 0.025944
vt 0.294879 0.239177
vt 0.035270 0.000000
vt 0.110484 0.110484
vt 0.959141 0.000000
vt 1.000000 1.000000
vt 0.895927 0.862063
vt -6.611894 1.191221
vt -6.604644 1.168500
vt -6.592675 1.171933
vt -6.572534 1.179343
vt -6.574574 1.191127
vt -6.592675 1.171933
vt -6.618937 1.164406
vt -6.619924 1.164710
vt -6.623223 1.190645
vt -6.647134 1.183416
vt -6.642453 1.171673
vt -6.570424 1.185807
vt -6.568827 1.190682
vt 7.574574 -0.097897
vt 7.569527 -0.098431
vt 7.575200 -0.101827
vt 7.611894 -0.097914
vt 7.596551 -0.101827
vt 7.575847 -0.102518
vt 7.579146 -0.106039
s 0
usemtl base_material
f 2160/4030/2377 2161/4031/2377 2162/4032/2377 2155/4033/2377 2159/4034/2377 2158/4035/2377
f 2170/4036/2378 2155/4037/2378 2162/4038/2378 2164/4039/2378 2163/4040/2378
f 2159/4041/2379 2155/4033/2379 2156/4037/2379 2167/4042/2379 2165/4043/2379
f 2167/4044/2380 2156/4033/2380 2166/4045/2380 2168/4046/2380
f 2169/4047/2381 2166/4048/2381 2156/4033/2381
f 2169/4049/2382 2156/4037/2382 2155/4050/2382 2170/4051/2382
s 1
f 2167/4052/2383 2163/4053/2384 2164/4054/2385
f 2162/4055/2386 2157/4056/2387 2167/4052/2383 2164/4057/2385
f 2163/4053/2384 2167/4052/2383 2170/4058/2388
f 2170/4059/2388 2167/4052/2383 2168/4060/2389 2166/4061/2389 2169/4062/2389
f 2161/4063/2390 2160/4064/2391 2157/4056/2387 2162/4055/2386
f 2157/4065/2387 2160/4066/2391 2158/4067/2392
f 2167/4068/2383 2158/4067/2392 2165/4069/2393
f 2167/4068/2383 2157/4065/2387 2158/4067/2392
f 2158/4070/2392 2159/4071/2394 2165/4067/2393
o base_cell.047
v -6.474708 0.911001 -1.383206
v -6.458704 0.928263 -1.373697
v -6.460325 0.911001 -1.383360
v -6.471836 0.927199 -1.374153
v -6.491424 0.923226 -1.373723
v -6.508743 0.911919 -1.377836
vn 0.0552 -0.4941 0.8676
vn 0.0691 -0.4955 0.8659
vn 0.0094 -0.4891 0.8722
vn 0.1212 -0.4996 0.8578
vt -6.600707 -0.125999
vt -6.603577 -0.142195
vt -6.589197 -0.142195
vt -6.587577 -0.124935
vt -6.637827 -0.142195
vt -6.600706 -0.125999
vt -6.620291 -0.129971
s 1
usemtl base_material
f 2174/4072/2395 2171/4073/2396 2173/4074/2397 2172/4075/2397
f 2176/4076/2398 2171/4073/2396 2174/4077/2395 2175/4078/2398
o base_cell.048
v -6.822185 1.363986 -1.346257
v -6.771209 1.331489 -1.384598
v -6.898766 1.303993 -1.353219
v -6.898531 1.266284 -1.301515
v -6.872683 1.282212 -1.291890
v -6.840313 1.318729 -1.305063
v -6.912228 1.256596 -1.323621
v -6.835785 1.302758 -1.301592
v -6.837453 1.356883 -1.423515
v -6.812071 1.356886 -1.423536
v -6.837401 1.381119 -1.424940
v -6.882295 1.356882 -1.423511
v -6.907635 1.267192 -1.424769
v -6.878487 1.370285 -1.424301
v -6.846700 1.394334 -1.417968
v -6.836842 1.387573 -1.421554
v -6.827633 1.381119 -1.424940
v -6.812200 1.369251 -1.424252
v -6.818930 1.374425 -1.424546
v -6.803864 1.362350 -1.421390
v -6.776909 1.340174 -1.413047
v -6.797272 1.356890 -1.419101
v -6.768054 1.331678 -1.402219
v -6.777333 1.325353 -1.413216
v -6.797981 1.312953 -1.419438
v -6.812916 1.303955 -1.424264
v -6.898550 1.254862 -1.424940
v -6.913298 1.246484 -1.424940
v -6.911006 1.254862 -1.424940
v -6.855844 1.388672 -1.420905
v -6.868142 1.381119 -1.424940
vn -0.9620 0.2721 -0.0207
vn 0.5998 0.7894 0.1305
vn 0.6090 0.7844 0.1175
vn 0.4841 -0.8712 0.0818
vn -0.9644 0.2638 -0.0161
vn -0.8366 0.4407 0.3252
vn -0.5828 0.6553 0.4806
vn -0.5679 0.6693 0.4792
vn -0.5760 0.6675 0.4718
vn -0.5560 0.6702 0.4916
vn 0.6707 0.3341 0.6622
vn 0.6912 0.3194 0.6483
vn 0.5031 -0.8591 0.0940
vn 0.4988 -0.8623 0.0876
vn 0.1180 0.2427 0.9629
vn -0.0001 0.0058 -1.0000
vn -0.0002 0.0117 -0.9999
vn -0.0000 -0.0000 -1.0000
vn 0.4724 -0.0035 -0.8814
vn 0.4595 -0.0030 -0.8882
vn 0.7684 -0.0147 -0.6398
vn 0.1471 -0.0237 -0.9888
vn 0.2870 -0.0095 -0.9579
vn 0.2960 0.0059 -0.9552
vn 0.1004 0.0123 -0.9949
vn -0.0001 -0.0160 -0.9999
vn -0.0000 -0.0587 -0.9983
vn -0.0000 0.0521 -0.9986
vn -0.0007 0.2111 -0.9775
vn -0.0000 0.0536 -0.9986
vn -0.0005 -0.0582 -0.9983
vn -0.0002 -0.0223 -0.9998
vn 0.0805 -0.0568 -0.9951
vn 0.2860 -0.0539 -0.9567
vn -0.0002 0.0140 -0.9999
vn -0.0034 0.4648 -0.8854
vn -0.0023 0.4647 -0.8855
vn -0.0011 0.4690 -0.8832
vn 0.4950 -0.8652 0.0799
vt 0.927934 0.507326
vt 0.410941 0.000000
vt 1.000000 0.000000
vt 1.000000 0.586004
vt 0.837515 0.517922
vt 0.697266 0.540070
vt 0.561279 0.561279
vt 0.000000 0.000000
vt 1.000000 0.440993
vt 0.929084 0.474502
vt 0.408740 0.359850
vt 0.440993 0.440993
vt 0.194271 0.000000
vt 0.314504 0.098974
vt 0.382951 0.295644
vt 0.712740 0.712740
vt 0.670702 0.670702
vt 1.000000 0.589059
vt 0.804493 0.638101
vt 1.000000 1.000000
vt 0.880446 0.256846
vt 1.000000 0.387842
vt 0.581560 0.000000
vt 0.708893 0.109706
vt 8.005136 0.201606
vt 8.007705 0.193229
vt 1.195315 0.272084
vt 1.195146 0.286902
vt 1.184309 0.278407
vt 7.940881 0.303611
vt 7.940868 0.303573
vt 7.905725 0.286902
vt 7.906148 0.272084
vt 7.926793 0.259686
vt 7.941725 0.250689
vt 8.011092 0.303608
vt 8.006489 0.319385
vt 7.996942 0.327840
vt 7.966206 0.327840
vt 7.956440 0.327840
vt 7.947738 0.321147
vt 7.966259 0.303608
vt 7.940775 0.315791
vt 7.932675 0.309075
vt 7.926084 0.303615
vt 8.027343 0.201606
vt 8.039798 0.201606
vt 8.036427 0.213934
vt 7.974548 0.340527
vt 7.965647 0.334293
vt 7.984646 0.335392
vt 7.984646 0.335392
vt 1.000000 0.712740
vt 0.919198 0.673973
vt 0.868059 0.307469
vt 0.822414 0.207943
vt 0.754858 0.070853
vt 0.805729 0.000000
s 0
usemtl base_material
f 2188/4079/2399 2189/4080/2399 2179/4081/2399 2190/4082/2399
f 2193/4083/2400 2192/4084/2400 2191/4085/2400 2177/4086/2400 2178/4081/2400 2194/4087/2400 2195/4088/2400
f 2196/4089/2401 2194/4090/2401 2178/4086/2401 2199/4091/2401 2197/4092/2401 2198/4093/2401
f 2204/4094/2402 2180/4086/2402 2183/4081/2402
f 2204/4095/2403 2183/4086/2403 2179/4081/2403 2189/4096/2403 2205/4097/2403
f 2183/4086/2404 2180/4081/2404 2179/4098/2404
f 2180/4086/2405 2181/4081/2405 2179/4098/2405
f 2181/4086/2406 2177/4081/2406 2179/4098/2406
f 2207/4099/2407 2190/4100/2407 2179/4098/2407 2177/4086/2407 2191/4101/2407 2206/4102/2407
f 2181/4086/2408 2182/4081/2408 2177/4098/2408
f 2182/4086/2409 2184/4081/2409 2177/4098/2409
f 2177/4098/2410 2184/4086/2410 2178/4081/2410
f 2181/4081/2411 2178/4098/2411 2184/4086/2411
f 2180/4081/2412 2178/4098/2412 2181/4086/2412
f 2184/4086/2413 2182/4081/2413 2181/4098/2413
s 1
f 2205/4103/2414 2203/4103/2415 2204/4104/2416
f 2200/4105/2417 2197/4106/2418 2199/4107/2419
f 2186/4108/2420 2198/4109/2421 2197/4110/2418 2200/4111/2417 2201/4112/2422
f 2201/4112/2422 2202/4113/2423 2186/4108/2420
f 2188/4114/2424 2190/4115/2425 2207/4116/2426 2187/4117/2427 2193/4118/2428 2195/4119/2429 2185/4120/2430
f 2194/4121/2431 2196/4122/2432 2186/4108/2420
f 2196/4122/2432 2198/4123/2421 2186/4108/2420
f 2202/4113/2423 2203/4124/2415 2205/4125/2414 2189/4126/2433 2188/4114/2424 2185/4120/2430 2186/4108/2420
f 2186/4108/2420 2185/4120/2430 2195/4119/2429 2194/4121/2431
f 2191/4127/2434 2192/4128/2435 2187/4117/2427 2206/4129/2436
f 2206/4130/2436 2187/4117/2427 2207/4116/2426
f 2192/4128/2435 2193/4118/2428 2187/4117/2427
s 0
f 2178/4086/2437 2180/4081/2437 2204/4131/2437 2203/4132/2437 2202/4133/2437 2201/4134/2437 2200/4135/2437 2199/4136/2437
o base_cell.049
v -6.863597 1.373042 -1.017953
v -6.812792 1.319280 -1.062276
v -6.867913 1.354375 -1.048751
v -6.809048 1.313051 -1.064262
v -6.891623 1.286267 -1.061921
v -6.812071 1.356886 -0.949038
v -6.776431 1.356895 -0.959718
v -6.837453 1.356883 -0.949059
v -6.772977 1.366176 -0.963062
v -6.771218 1.361220 -0.965592
v -6.769722 1.356898 -0.967774
v -6.879470 1.279175 -0.947974
v -6.759306 1.321114 -0.981103
v -6.777684 1.313086 -0.959218
v -6.795963 1.306662 -0.953722
v -6.812969 1.300653 -0.948264
v -6.904473 1.271122 -0.947859
v -6.776746 1.370794 -0.958826
v -6.839612 1.381119 -0.947634
v -6.788036 1.372889 -0.955322
v -6.815365 1.377801 -0.947829
v -6.890438 1.310435 -0.948407
v -6.864637 1.381119 -0.947634
v -6.873418 1.356882 -0.949066
vn 0.6471 0.5555 -0.5222
vn 0.7516 0.4287 -0.5012
vn 0.3057 -0.9478 -0.0910
vn 0.3049 -0.9480 -0.0915
vn -0.0996 0.2222 -0.9699
vn -0.0660 0.2669 -0.9615
vn 0.3646 0.7728 -0.5195
vn 0.3701 0.7737 -0.5142
vn 0.0985 0.9843 -0.1467
vn -0.9379 0.3429 -0.0533
vn -0.9403 0.3348 -0.0615
vn -0.9371 0.3408 -0.0752
vn 0.7684 -0.0147 0.6398
vn 0.7681 -0.0290 0.6396
vn 0.5525 -0.0290 0.8330
vn 0.4986 -0.0044 0.8668
vn 0.1492 -0.0164 0.9887
vn 0.2950 0.0055 0.9555
vn 0.1201 0.0119 0.9927
vn -0.0002 -0.0223 0.9998
vn 0.1050 -0.0412 0.9936
vn -0.0001 -0.0588 0.9983
vn -0.0001 -0.0143 0.9999
vn 0.7573 -0.0480 0.6513
vn 0.4464 -0.0514 0.8933
vn 0.7465 -0.0385 0.6643
vn 0.2808 -0.0453 0.9587
vn -0.0002 0.0140 0.9999
vt 0.000000 0.000000
vt 1.000000 0.087895
vt 1.000000 1.000000
vt 1.000000 0.519933
vt 0.087895 0.087895
vt 0.178557 0.131549
vt 0.269202 0.175267
vt 0.684123 0.305464
vt 1.000000 0.303600
vt 0.523265 0.502185
vt 0.547671 0.371116
vt 0.618876 0.338176
vt 1.000000 0.000000
vt 0.303600 0.303600
vt 0.307218 0.000000
vt 0.932413 0.009476
vt 1.000000 0.086192
vt 0.838409 0.547097
vt 0.893807 0.800404
vt 0.920277 0.920277
vt 0.572888 0.000000
vt 0.703647 0.253000
vt 0.427112 0.000000
vt 1.000000 0.576303
vt 0.639773 0.212731
vt 1.000000 0.692782
vt 0.576303 0.576303
vt 0.764740 0.272139
vt 0.749953 0.303623
vt 0.741898 0.303621
vt 0.741398 0.259819
vt -6.906500 0.259819
vt -6.905247 0.303621
vt -6.940881 0.303611
vt -6.924775 0.253396
vt -6.941778 0.247388
vt -6.966259 0.303608
vt -6.944174 0.324522
vt -6.968416 0.327840
vt -6.993438 0.327840
vt -7.002217 0.303607
vt 0.747771 0.307944
vt 0.741255 0.317001
vt 0.747771 0.307944
vt 0.745241 0.312899
vt -6.940704 0.324048
vt -6.916850 0.319611
vt -6.916850 0.319611
vt -6.905562 0.317516
vt -7.008267 0.225914
vt -7.002216 0.303607
vt -7.019234 0.257168
vt -7.033266 0.217863
s 0
usemtl base_material
f 2209/4137/2438 2216/4138/2438 2211/4139/2438
f 2220/4140/2439 2211/4139/2439 2216/4141/2439 2217/4142/2439 2218/4143/2439
f 2223/4144/2440 2219/4145/2440 2211/4139/2440 2220/4146/2440 2221/4147/2440 2222/4148/2440
f 2212/4149/2441 2211/4139/2441 2219/4150/2441 2224/4151/2441
f 2212/4137/2442 2210/4149/2442 2211/4139/2442
f 2210/4137/2443 2209/4149/2443 2211/4139/2443
f 2210/4137/2444 2208/4149/2444 2209/4139/2444
f 2225/4152/2445 2216/4153/2445 2209/4139/2445 2208/4137/2445
f 2228/4154/2446 2227/4155/2446 2225/4156/2446 2208/4137/2446 2230/4157/2446 2226/4158/2446
f 2230/4159/2447 2208/4149/2447 2229/4160/2447 2231/4161/2447
f 2208/4137/2448 2212/4149/2448 2224/4162/2448 2229/4163/2448
f 2208/4137/2449 2210/4149/2449 2212/4139/2449
s 1
f 2220/4164/2450 2218/4165/2451 2214/4166/2452 2221/4167/2453
f 2221/4168/2453 2214/4169/2452 2213/4170/2454 2222/4171/2455
f 2222/4171/2455 2213/4170/2454 2223/4172/2456
f 2215/4173/2457 2228/4174/2458 2226/4175/2459 2230/4176/2459 2231/4177/2460
f 2217/4178/2461 2214/4166/2452 2218/4165/2451
f 2225/4179/2462 2214/4166/2452 2217/4180/2461 2216/4181/2463
f 2228/4182/2458 2213/4170/2454 2227/4183/2464
f 2227/4184/2464 2213/4170/2454 2214/4169/2452 2225/4185/2462
f 2219/4186/2465 2223/4172/2456 2213/4170/2454 2215/4173/2457 2231/4187/2460 2229/4188/2465 2224/4189/2465
f 2228/4174/2458 2215/4173/2457 2213/4170/2454
o base_cell.050
v -6.680856 1.027404 -1.474796
v -6.680895 0.739082 -1.475365
v -6.765736 0.954047 -1.474953
v -6.785478 0.745672 -1.475117
v -6.694613 1.019699 -1.475214
v -6.744897 0.730552 -1.475233
v -6.664915 0.894812 -1.375272
v -6.669531 1.042371 -1.403640
v -6.665200 0.791202 -1.379964
v -6.704324 0.934506 -1.342763
v -6.708257 1.028237 -1.359663
v -6.715909 0.805748 -1.340135
v -6.715917 1.022747 -1.367402
v -6.732784 0.794131 -1.358411
v -6.722543 1.017665 -1.381340
v -6.745982 0.777079 -1.385720
vn 0.0217 -0.8527 0.5220
vn 0.1192 -0.8740 0.4710
vn 0.9875 0.0022 -0.1576
vn 0.6103 -0.0388 0.7912
vn -0.7575 0.0814 0.6478
vn -0.9114 0.0831 0.4030
vn -0.3133 -0.8442 0.4350
vn 0.1183 -0.8805 0.4591
vn 0.1209 -0.8794 0.4605
vn -0.9220 0.0829 0.3782
vn 0.6132 -0.0374 0.7890
vn 0.9867 0.0002 -0.1624
vn -0.9165 0.0822 0.3916
vn -0.0023 0.0005 -1.0000
vn 0.7159 0.1529 0.6812
vn -0.5564 0.8300 -0.0381
vn -0.4689 0.8754 -0.1179
vn -0.4820 0.8673 -0.1246
vn -0.6672 0.7221 -0.1829
vn -0.9258 0.0874 0.3678
vn -0.0048 0.0012 -1.0000
vn 0.0293 0.0020 -0.9996
vn 0.7167 0.1532 0.6804
vn -0.7389 0.0894 0.6679
vn 0.9899 0.0037 -0.1418
vn -0.4524 0.8845 -0.1141
vt 1.000000 0.000000
vt 1.000000 1.000000
vt 0.000000 0.000000
s 0
usemtl base_material
f 2247/4190/2466 2243/4191/2466 2245/4192/2466
f 2247/4192/2467 2240/4190/2467 2243/4191/2467
f 2240/4191/2468 2232/4192/2468 2239/4190/2468
f 2240/4192/2469 2241/4190/2469 2243/4191/2469
f 2245/4190/2470 2243/4191/2470 2241/4192/2470 2244/4192/2470
f 2245/4191/2471 2244/4192/2471 2246/4190/2471
f 2235/4192/2472 2237/4190/2472 2247/4191/2472
f 2237/4192/2473 2233/4190/2473 2247/4191/2473
f 2233/4192/2474 2240/4190/2474 2247/4191/2474
f 2246/4192/2475 2235/4190/2475 2247/4191/2475
f 2238/4192/2476 2241/4190/2476 2240/4191/2476
f 2232/4190/2477 2240/4191/2477 2233/4192/2477
f 2246/4192/2478 2247/4190/2478 2245/4191/2478
f 2236/4192/2479 2233/4190/2479 2237/4190/2479 2235/4191/2479
f 2242/4190/2480 2241/4191/2480 2238/4192/2480
f 2242/4192/2481 2246/4190/2481 2244/4191/2481
f 2242/4192/2482 2232/4190/2482 2246/4191/2482
f 2232/4192/2483 2236/4190/2483 2246/4191/2483
f 2234/4190/2484 2246/4191/2484 2236/4192/2484
f 2234/4192/2485 2235/4190/2485 2246/4191/2485
f 2234/4192/2486 2236/4190/2486 2235/4191/2486
f 2236/4192/2487 2232/4190/2487 2233/4191/2487
f 2242/4190/2488 2238/4191/2488 2239/4192/2488
f 2241/4191/2489 2242/4192/2489 2244/4190/2489
f 2238/4190/2490 2240/4191/2490 2239/4192/2490
f 2242/4192/2491 2239/4190/2491 2232/4191/2491
o base_cell.051
v -6.862720 1.375366 -1.017384
v -6.836019 1.397065 -0.955999
v -6.806340 1.397065 -0.955540
v -6.831873 1.402380 -0.981092
v -6.821975 1.402380 -0.982850
v -6.862856 1.402380 -1.011111
v -6.779400 1.381119 -0.957430
v -6.778117 1.372913 -0.958293
v -6.805271 1.400599 -0.971463
v -6.798433 1.399601 -0.966859
v -6.789014 1.397065 -0.960768
v -6.792960 1.375539 -0.953676
v -6.785927 1.374293 -0.955873
v -6.843490 1.383613 -0.948966
v -6.837257 1.382784 -0.948508
v -6.863074 1.386223 -0.950360
v -6.811878 1.379234 -0.947743
v -6.824780 1.381119 -0.947634
v -6.863103 1.391645 -0.953257
v -6.863090 1.400634 -0.973260
v -6.863132 1.397065 -0.956102
v -6.863056 1.402380 -0.981521
vn 0.5582 0.1903 -0.8075
vn 0.5673 0.1735 -0.8050
vn -0.1289 -0.9812 0.1438
vn -0.1415 -0.9773 0.1576
vn -1.0000 -0.0076 -0.0041
vn -1.0000 -0.0040 -0.0064
vn 0.0030 0.7973 0.6036
vn -0.0018 0.9944 0.1057
vn -0.0014 0.9946 0.1034
vn -0.0022 0.9786 0.2058
vn -0.0023 0.7990 0.6013
vn -0.0000 1.0000 -0.0000
vn -0.0029 0.9894 0.1450
vn 0.2811 0.1035 0.9541
vn 0.1218 0.3628 0.9239
vn 0.2884 -0.0579 0.9558
vn 0.2878 -0.0572 0.9560
vn 0.2865 -0.0558 0.9565
vn 0.1001 0.7326 0.6732
vn 0.0393 0.9688 0.2446
vn -0.0035 0.9781 0.2081
vn 0.2261 0.5752 0.7861
vn 0.0203 0.4766 0.8789
vn -0.0021 0.4671 0.8842
vn -0.0031 0.4653 0.8851
vn -0.0000 0.4712 0.8821
vn 0.0419 0.4871 0.8723
vt 1.000000 0.656264
vt 1.000000 1.000000
vt 0.659289 0.659289
vt 0.709411 0.289286
vt 0.927716 0.124107
vt 1.000000 0.094672
vt 0.655093 0.621141
vt 0.672074 0.473277
vt 0.681815 0.397490
vt 0.094671 0.094671
vt 0.570562 0.290873
vt 1.000000 0.467805
vt 0.851256 0.428275
vt 1.000000 0.439860
vt 0.467805 0.467805
vt 0.624190 0.418047
vt 0.709157 0.417206
vt 0.803916 0.424464
vt 0.439860 0.439860
vt 0.562538 0.464144
vt 0.684601 0.487998
vt 1.000000 0.669228
vt 0.669228 0.669228
vt 0.708018 0.659245
vt 1.000000 0.659289
vt -6.964824 0.738179
vt -6.960679 0.763269
vt -6.991857 0.763697
vt -6.991890 0.755437
vt -6.991933 0.738282
vt -6.991657 0.793282
vt -6.991857 0.763697
vt -6.950781 0.765026
vt -6.908216 0.327840
vt -6.940688 0.325955
vt -6.921772 0.322261
vt -6.914741 0.321015
vt -6.907869 0.325591
vt -6.914741 0.321015
vt -6.906933 0.319635
vt -6.935150 0.737721
vt -6.927245 0.749038
vt -6.934082 0.753641
vt -6.947472 0.762693
vt -6.917827 0.742948
vt -6.966062 0.329505
vt -6.964824 0.343783
vt -6.991933 0.343783
vt -6.991903 0.338364
vt -6.972293 0.330333
vt -6.991874 0.332942
vt -6.972293 0.330333
vt -6.966062 0.329505
vt -6.953588 0.327840
vt -6.940671 0.327840
vt -6.935150 0.343783
vt -6.917827 0.343783
vt -6.908216 0.327840
s 0
usemtl base_material
f 2252/4193/2492 2248/4194/2492 2253/4195/2492
f 2258/4196/2493 2254/4197/2493 2255/4198/2493 2248/4194/2493 2252/4199/2493 2256/4200/2493 2257/4201/2493
f 2248/4194/2494 2255/4202/2494 2260/4203/2494 2259/4204/2494
f 2261/4205/2495 2263/4206/2495 2248/4194/2495 2259/4207/2495 2264/4208/2495 2265/4209/2495 2262/4210/2495
f 2248/4194/2496 2263/4211/2496 2266/4212/2496 2268/4213/2496 2267/4214/2496
f 2248/4194/2497 2267/4215/2497 2269/4216/2497 2253/4217/2497
s 1
f 2249/4218/2498 2251/4219/2499 2269/4220/2500 2267/4221/2501
f 2267/4221/2501 2268/4222/2502 2249/4218/2498
f 2253/4223/2503 2269/4224/2500 2251/4219/2499 2252/4225/2504
f 2254/4226/2505 2264/4227/2506 2259/4228/2507 2260/4229/2508
f 2254/4230/2505 2260/4231/2508 2255/4232/2509
f 2249/4218/2498 2250/4233/2510 2257/4234/2511 2256/4235/2512
f 2251/4219/2499 2249/4218/2498 2256/4235/2512 2252/4236/2504
f 2257/4234/2511 2250/4233/2510 2258/4237/2513
f 2262/4238/2514 2249/4239/2498 2268/4240/2502 2266/4241/2515 2261/4242/2516
f 2263/4243/2517 2261/4244/2516 2266/4241/2515
f 2249/4239/2498 2262/4245/2514 2265/4246/2518 2264/4247/2506
f 2249/4239/2498 2264/4247/2506 2250/4248/2510
f 2258/4249/2513 2250/4248/2510 2264/4247/2506 2254/4250/2505
o base_cell.052
v -6.566401 0.567727 -1.474563
v -6.479825 0.658010 -1.474578
v -6.605970 0.749353 -1.187291
v -6.639643 0.712464 -1.187768
v -6.682938 0.528830 -1.186955
v -6.568623 0.735909 -1.187292
v -6.582786 0.766564 -1.198038
v -6.500831 0.754766 -1.329731
v -6.687613 0.540989 -1.336984
v -6.667058 0.459958 -1.469627
v -6.438951 0.604546 -1.262185
v -6.669209 0.412556 -1.368855
v -6.688538 0.484682 -1.244468
v -6.419950 0.680036 -1.383996
v -6.654444 0.462398 -1.315465
v -6.563679 0.698550 -1.283157
v -6.584690 0.642336 -1.228556
v -6.588912 0.650330 -1.210404
v -6.568450 0.611586 -1.247762
v -6.577218 0.628188 -1.239986
v -6.552141 0.580706 -1.257755
v -6.560340 0.596230 -1.254954
v -6.543105 0.563598 -1.252360
v -6.459864 0.612320 -1.234152
v -6.459905 0.616101 -1.238493
v -6.460911 0.622894 -1.244635
v -6.463728 0.633798 -1.252360
v -6.456304 0.652739 -1.287637
v -6.434493 0.622258 -1.290764
v -6.466371 0.640102 -1.255028
v -6.444853 0.612266 -1.292854
v -6.513371 0.756571 -1.309579
v -6.523396 0.687868 -1.210404
v -6.518038 0.686458 -1.218213
v -6.530605 0.683737 -1.192803
v -6.512296 0.686624 -1.228556
v -6.506823 0.682356 -1.233207
v -6.501088 0.679504 -1.239986
v -6.490021 0.669491 -1.247762
v -6.495449 0.673818 -1.243262
v -6.484542 0.663994 -1.250977
v -6.474645 0.653628 -1.256273
v -6.470694 0.648954 -1.257755
v -6.477760 0.682394 -1.284610
v -6.482940 0.689431 -1.283735
v -6.479653 0.660030 -1.254954
v -6.493563 0.703629 -1.281667
v -6.503287 0.721888 -1.285963
v -6.532574 0.682609 -1.188149
v -6.673062 0.533834 -1.187065
v -6.615866 0.650330 -1.187153
v -6.588912 0.650330 -1.187541
v -6.614012 0.538226 -1.223305
v -6.632898 0.533834 -1.215878
v -6.654599 0.531582 -1.203448
v -6.577691 0.547206 -1.238493
v -6.540977 0.559568 -1.248951
v -6.476851 0.600439 -1.238493
v -6.493495 0.589357 -1.241913
v -6.640978 0.462398 -1.316031
v -6.543819 0.517107 -1.310766
v -6.562494 0.506010 -1.312656
v -6.480459 0.578236 -1.299932
v -6.525886 0.747130 -1.304107
v -6.586037 0.697332 -1.282532
v -6.582075 0.701153 -1.283266
v -6.564627 0.717640 -1.286933
v -6.649783 0.619067 -1.292022
v -6.662258 0.650330 -1.186973
v -6.684794 0.533499 -1.186966
v -6.696545 0.533834 -1.215878
v -6.689062 0.530973 -1.200081
v -6.696744 0.547206 -1.238493
v -6.697632 0.563598 -1.252360
v -6.698155 0.568960 -1.254051
v -6.691648 0.546151 -1.299160
v -6.682254 0.477450 -1.310330
v -6.680133 0.462398 -1.312784
v -6.698554 0.574454 -1.255784
v -6.692950 0.557316 -1.297369
v -6.692226 0.602898 -1.251831
v -6.689649 0.607610 -1.249624
v -6.684959 0.576963 -1.295289
v -6.689852 0.571035 -1.295657
v -6.690900 0.650330 -1.193523
v -6.673495 0.642336 -1.228556
v -6.679086 0.650330 -1.210404
v -6.659531 0.606953 -1.293495
v -6.678084 0.628188 -1.239986
v -6.679808 0.650330 -1.187191
v -6.696481 0.580706 -1.257755
v -6.693182 0.596230 -1.254954
vn 0.7559 0.4972 0.4260
vn 0.6930 -0.6562 -0.2985
vn 0.4131 0.7838 -0.4637
vn 0.7516 0.5065 0.4226
vn 0.7518 0.5063 0.4225
vn 0.7530 0.5013 0.4261
vn 0.7531 0.5013 0.4261
vn 0.7481 0.4990 0.4374
vn 0.0084 0.0056 0.9999
vn 0.0144 -0.0063 0.9999
vn 0.3858 -0.7496 0.5378
vn 0.4015 -0.7605 0.5104
vn -0.0000 0.4754 0.8798
vn -0.0000 0.7623 0.6472
vn -0.0000 0.6811 0.7322
vn -0.2062 0.5662 0.7980
vn -0.1600 0.4511 0.8780
vn 0.6889 -0.6615 -0.2964
vn 0.6898 -0.6595 -0.2988
vn 0.6897 -0.6595 -0.2988
vn 0.6715 -0.6440 -0.3667
vn -0.6279 0.6020 -0.4932
vn -0.6541 0.5999 -0.4608
vn -0.6567 0.5920 -0.4672
vn -0.6573 0.5919 -0.4664
vn -0.6574 0.6059 -0.4480
vn 0.1382 0.3839 0.9130
vn -0.0028 0.0048 1.0000
vn 0.0039 -0.0005 1.0000
vn -0.8708 -0.3454 0.3499
vn -0.9892 -0.1221 -0.0810
vn -0.9894 -0.1223 -0.0787
vn -0.0000 -0.7953 0.6062
vn -0.0000 -0.5080 0.8613
vn 0.1318 -0.4616 0.8772
vn 0.1927 -0.7280 0.6579
vn -0.9906 -0.1008 -0.0919
vn -0.6708 0.5821 -0.4596
vn -0.6621 0.5891 -0.4633
vn -0.4710 0.3121 0.8251
vn -0.0829 0.0628 0.9946
vn -0.9436 0.2414 -0.2266
vn -0.0140 0.9994 0.0319
vn -0.0064 0.9937 0.1121
vn -0.0000 0.8884 0.4591
vn -0.0000 0.9265 0.3764
vn -0.0333 0.9839 -0.1754
vn 0.0357 0.1446 -0.9889
vn 0.0592 0.1439 -0.9878
vn 0.0368 0.1445 -0.9888
vn -0.0705 0.1484 -0.9864
vn -0.1027 0.1459 -0.9840
vn -0.0514 0.1483 -0.9876
vn -0.0319 0.0737 -0.9968
vn -0.0032 -0.0202 -0.9998
vn -0.0357 0.1489 -0.9882
vn -0.0243 0.1513 -0.9882
vn -0.0415 0.1511 -0.9877
vn 0.0178 0.0251 -0.9995
vn 0.0160 0.1494 -0.9886
vn 0.0131 0.1504 -0.9885
vn 0.0516 -0.5520 -0.8322
vn 0.0397 -0.3586 -0.9327
vn 0.0228 -0.2762 -0.9608
vn 0.4007 -0.6549 0.6407
vn 0.4816 -0.8074 0.3408
vn 0.4755 -0.8299 0.2917
vn 0.2418 -0.9423 0.2316
vn 0.2776 -0.3892 0.8783
vn 0.1139 -0.3741 0.9204
vn 0.2756 -0.3733 0.8858
vn 0.3134 -0.4649 0.8280
vn 0.3792 -0.5828 0.7187
vn 0.1242 -0.1519 0.9806
vn -0.0286 0.1012 0.9945
vn 0.0005 -0.0006 1.0000
vn 0.2155 -0.2726 0.9377
vn 0.0805 -0.2406 0.9673
vn 0.2869 -0.3727 0.8825
vn -0.5260 0.5691 0.6321
vn -0.4377 0.4866 0.7560
vn -0.4140 0.4657 0.7821
vn -0.5048 0.5462 0.6685
vn -0.3139 0.3549 0.8806
vn -0.2061 0.2398 0.9487
vn -0.5701 0.6168 0.5428
vn 0.4025 -0.7634 0.5052
vn -0.9887 -0.1262 -0.0805
vn -0.0000 -0.2905 0.9569
vn -0.0000 0.1023 0.9948
vn 0.4971 -0.8677 -0.0000
vn 0.2553 -0.9669 -0.0000
vn -0.0000 -1.0000 -0.0000
vn -0.0000 -0.9882 0.1533
vn -0.0000 0.8608 0.5090
vn -0.0000 -0.4242 0.9056
vn -0.0193 -0.1775 -0.9839
vn -0.0000 0.3008 0.9537
vt 0.505643 0.505643
vt 1.000000 0.234624
vt 1.000000 1.000000
vt 0.599900 0.045625
vt 0.616546 0.000000
vt 1.000000 0.000000
vt 0.390176 0.307241
vt 0.461095 0.242773
vt 0.554361 0.123380
vt 0.234624 0.234624
vt 0.144398 0.000000
vt 0.000000 0.000000
vt 0.153022 0.000000
vt 1.000000 0.483283
vt 0.622279 0.457652
vt 0.728484 0.473145
vt 0.780810 0.480035
vt 1.000000 0.505644
vt 0.499862 0.474067
vt 0.966378 0.350792
vt 1.000000 0.344218
vt 0.596209 0.460785
vt 0.483283 0.483283
vt 0.584339 0.000000
vt 0.590482 0.090580
vt 0.616502 0.131841
vt 0.636356 0.185819
vt 0.676482 0.211523
vt 0.710765 0.247877
vt 0.758273 0.266871
vt 0.798518 0.291804
vt 0.844547 0.310416
vt 0.881114 0.332499
vt 0.929786 0.341504
vt 0.584339 0.584339
vt 1.000000 0.479789
vt 0.976677 0.000000
vt 0.993524 0.038158
vt 0.479789 0.479789
vt 0.413268 0.000000
vt 0.504826 0.197521
vt 0.052130 0.052130
vt 1.000000 0.382083
vt 0.771294 0.278693
vt 0.438830 0.157889
vt 1.000000 0.383454
vt 0.914432 0.303342
vt 0.833220 0.236870
vt 0.610127 0.086533
vt 0.487812 0.199953
vt 0.382083 0.382083
vt -6.826462 -0.489536
vt -6.825574 -0.505924
vt -6.706542 -0.505924
vt -6.669836 -0.493564
vt -6.671963 -0.489536
vt 0.544564 0.544564
vt 1.000000 0.818032
vt 0.552291 0.549128
vt 0.818032 0.818032
vt 1.000000 0.855602
vt 0.827583 0.819757
vt 1.000000 0.846978
vt 0.819502 0.819502
vt 0.630120 0.000000
vt 0.871114 0.411632
vt 0.881819 0.438057
vt 0.930562 0.566121
vt 1.000000 0.819502
vt 0.716412 0.000000
vt 1.000000 0.314144
vt 1.000000 0.586732
vt 0.314144 0.314144
vt 0.918369 0.918369
vt 0.786768 0.559035
vt 0.511685 0.000000
vt 0.395445 0.000000
vt 1.000000 0.707486
vt 0.563807 0.563807
vt 0.445675 0.332347
vt 0.285172 0.069758
vt 0.235466 0.000000
vt -6.802330 -0.410811
vt -6.806918 -0.424957
vt -6.706069 -0.424957
vt -6.713541 -0.410811
vt 0.734709 0.000000
vt 0.395445 0.395445
vt 0.235466 0.235466
vt 0.456227 0.000000
vt 0.289076 0.000000
vt 1.000000 0.367432
vt 0.595639 0.000000
vt 1.000000 0.201741
vt 1.000000 0.369880
vt 0.367432 0.367432
vt 0.825717 0.371238
vt 0.201741 0.201741
vt 0.394582 0.171826
vt 0.457697 0.132677
vt 0.324192 0.065311
vt 0.080015 0.000000
vt 0.080015 0.080015
vt 1.000000 0.386826
vt 0.283588 0.000000
vt 0.710924 0.000000
vt 1.000000 0.265291
vt 0.404361 0.000000
vt 1.000000 0.543773
vt 0.843072 0.380331
vt 0.523879 0.093509
vt -6.817894 0.982218
vt -6.783437 0.985584
vt -6.761740 0.998012
vt -6.825375 0.998012
vt -6.809105 0.969102
vt -6.801235 0.969679
vt 7.606630 -0.370760
vt 7.585177 -0.400410
vt 7.563370 -0.430886
vt 7.573729 -0.440876
vt 7.607470 -0.473101
vt 7.783282 -0.590717
vt 7.808967 -0.590717
vt 7.811087 -0.575668
vt 7.820479 -0.506979
vt 7.821781 -0.495816
vt 7.818684 -0.482100
vt 7.813792 -0.476173
vt 7.788367 -0.446188
vt 7.714887 -0.355825
vt 7.692533 -0.354608
vt 7.778622 -0.434076
vt 7.691348 -0.547113
vt 7.769819 -0.590717
vt 7.691348 -0.547113
vt 7.622429 -0.349529
vt 7.611808 -0.363725
vt 7.672676 -0.536018
vt 7.609328 -0.474900
vt 7.671619 -0.534992
vt 7.611808 -0.363725
vt 7.606630 -0.370760
vt 7.642234 -0.296596
vt 7.632152 -0.331273
vt 7.691816 -0.334282
vt 7.654747 -0.306036
vt 7.713541 1.010688
vt 7.641159 1.010688
vt 7.646900 1.000347
vt 7.652257 0.992539
vt 7.717762 0.992539
vt -6.624315 -0.379334
vt -6.697303 -0.441556
vt -6.618888 -0.383661
vt -6.624314 -0.379334
vt -6.629952 -0.373650
vt -6.629953 -0.373650
vt -6.635686 -0.370799
vt -6.635686 -0.370799
vt -6.641159 -0.366531
vt -6.603515 -0.399521
vt -6.680997 -0.472430
vt -6.599565 -0.404194
vt -6.608522 -0.393120
vt -6.689195 -0.456909
vt -6.613411 -0.389157
vt -6.618889 -0.383661
vt -6.588777 -0.437041
vt -6.589783 -0.430250
vt -6.622362 -0.463781
vt -6.605721 -0.452701
vt -6.592601 -0.419348
vt -6.669836 -0.493564
vt -6.595243 -0.413044
vt -6.592601 -0.419348
vt -6.597046 -0.409322
vt -6.588737 1.016283
vt -6.588777 1.020623
vt -6.605721 1.020623
vt 1.000000 0.544564
vt 0.707486 0.707486
vt -6.822013 -0.456909
vt -6.825311 -0.472430
vt 7.659465 0.974941
vt 7.661434 0.970288
vt 7.717762 0.969681
vt 7.744710 0.969292
vt 7.791095 0.969113
vt 7.808641 0.969330
vt 7.819732 0.975661
vt 7.807920 0.992539
vt 7.717761 0.969681
vt -6.706543 1.020623
vt -6.825574 1.020623
vt -6.825376 0.998012
vt -6.761739 0.998012
vt -6.742857 1.005438
vt 7.802330 1.010688
vt 0.927568 0.554719
vt -6.818480 -0.445531
vt -6.821057 -0.450242
vt 7.624527 -0.345661
vt 7.692520 -0.335471
vt 7.622430 -0.349529
vt 7.710926 -0.352005
vt 7.714887 -0.355825
vt 7.710925 -0.352005
vt -6.827384 -0.478681
vt -6.826985 -0.484174
s 0
usemtl base_material
f 2297/4251/2519 2298/4252/2519 2283/4253/2519
f 2294/4254/2519 2293/4255/2519 2280/4256/2519 2298/4252/2519 2297/4251/2519 2299/4257/2519 2296/4258/2519 2295/4259/2519
f 2283/4253/2520 2298/4260/2520 2300/4261/2520 2271/4256/2520
f 2298/4260/2520 2280/4262/2520 2300/4261/2520
f 2271/4262/2521 2277/4256/2521 2283/4253/2521
f 2283/4253/2522 2277/4262/2522 2301/4263/2522 2317/4264/2522
f 2276/4256/2523 2317/4264/2523 2301/4263/2523
f 2316/4265/2524 2314/4266/2524 2313/4267/2524 2297/4268/2524 2283/4253/2524 2317/4269/2524
f 2312/4270/2525 2299/4271/2525 2297/4268/2525 2313/4267/2525 2314/4266/2525 2316/4272/2525 2317/4273/2525 2276/4262/2525 2304/4274/2525 2302/4275/2525 2303/4276/2525 2305/4277/2525 2306/4278/2525 2307/4279/2525 2309/4280/2525 2308/4281/2525 2310/4282/2525 2315/4283/2525 2311/4284/2525
f 2304/4285/2526 2276/4262/2526 2275/4256/2526 2318/4286/2526
f 2339/4287/2527 2274/4256/2527 2319/4288/2527
f 2318/4289/2528 2275/4262/2528 2320/4290/2528 2321/4291/2528
f 2319/4292/2529 2274/4262/2529 2282/4256/2529 2322/4293/2529 2323/4294/2529 2324/4295/2529
f 2282/4262/2530 2280/4256/2530 2293/4296/2530 2327/4297/2530 2328/4298/2530 2326/4299/2530 2325/4300/2530 2322/4301/2530
s 1
f 2343/4302/2531 2342/4303/2532 2325/4304/2533 2326/4305/2534 2292/4306/2535
s 0
f 2330/4307/2536 2281/4262/2536 2279/4256/2536 2332/4308/2536
f 2332/4308/2536 2280/4253/2536 2330/4309/2536
f 2332/4310/2537 2279/4262/2537 2271/4256/2537 2300/4311/2537
f 2300/4311/2538 2280/4253/2538 2332/4312/2538
f 2279/4262/2539 2270/4256/2539 2271/4253/2539
f 2277/4256/2540 2271/4253/2540 2270/4262/2540
f 2301/4313/2541 2277/4253/2541 2333/4314/2541
f 2276/4256/2541 2301/4313/2541 2333/4314/2541 2273/4262/2541
f 2277/4253/2542 2270/4262/2542 2279/4256/2542
f 2277/4253/2543 2279/4262/2543 2337/4315/2543 2334/4316/2543 2335/4317/2543 2336/4318/2543 2333/4319/2543
f 2272/4256/2544 2276/4253/2544 2273/4262/2544
f 2276/4253/2545 2272/4262/2545 2275/4256/2545
f 2272/4262/2546 2359/4320/2546 2338/4321/2546 2275/4253/2546
f 2320/4322/2547 2275/4253/2547 2338/4323/2547
f 2282/4256/2548 2274/4253/2548 2339/4324/2548 2341/4325/2548 2340/4326/2548
f 2345/4327/2549 2279/4256/2549 2346/4328/2549
f 2346/4328/2550 2282/4253/2550 2340/4329/2550 2342/4330/2550 2343/4331/2550 2344/4332/2550 2345/4327/2550
s 1
f 2355/4333/2551 2358/4334/2552 2289/4335/2553 2286/4336/2554
s 0
f 2349/4337/2555 2278/4256/2555 2279/4253/2555 2345/4338/2555
f 2345/4338/2555 2344/4339/2555 2348/4340/2555 2349/4337/2555
f 2278/4262/2556 2353/4341/2556 2352/4342/2556 2279/4253/2556
f 2353/4341/2556 2350/4343/2556 2351/4344/2556 2352/4342/2556
f 2337/4345/2557 2279/4253/2557 2352/4346/2557 2357/4347/2557
f 2352/4346/2557 2351/4348/2557 2358/4349/2557 2355/4350/2557 2356/4351/2557 2354/4352/2557 2273/4256/2557 2337/4345/2557 2357/4347/2557
f 2354/4353/2558 2359/4354/2558 2273/4253/2558
f 2273/4253/2559 2359/4355/2559 2272/4256/2559
f 2353/4356/2560 2278/4256/2560 2349/4357/2560
f 2350/4358/2560 2353/4356/2560 2349/4357/2560 2348/4359/2560 2360/4360/2560 2361/4361/2560
s 1
f 2341/4362/2561 2324/4363/2562 2323/4364/2563 2340/4365/2564
f 2341/4362/2561 2339/4366/2565 2319/4367/2565 2324/4363/2562
f 2313/4368/2566 2297/4369/2567 2298/4370/2567 2300/4371/2567 2332/4372/2568
f 2284/4373/2569 2347/4374/2570 2346/4375/2570 2345/4376/2570 2349/4377/2570 2353/4378/2570 2352/4379/2570 2357/4380/2571
f 2334/4381/2572 2285/4382/2573 2284/4373/2569 2357/4380/2571 2337/4383/2574
f 2284/4373/2569 2285/4382/2573 2331/4384/2575 2329/4385/2576
f 2331/4386/2575 2285/4382/2573 2316/4387/2577 2314/4388/2578 2330/4389/2579
f 2332/4390/2568 2330/4391/2579 2314/4392/2578 2313/4393/2566
f 2301/4394/2580 2317/4395/2581 2336/4396/2582 2333/4397/2580
f 2286/4398/2554 2305/4399/2583 2303/4400/2584
f 2286/4398/2554 2303/4400/2584 2302/4401/2585 2287/4402/2586
f 2309/4403/2587 2288/4404/2588 2308/4405/2589
f 2309/4406/2587 2307/4407/2590 2289/4335/2553 2288/4404/2588
f 2289/4335/2553 2307/4408/2590 2306/4409/2591
f 2286/4336/2554 2289/4335/2553 2306/4410/2591 2305/4411/2583
f 2311/4412/2592 2290/4413/2593 2312/4414/2594
f 2311/4412/2592 2315/4415/2595 2291/4416/2596 2290/4413/2593
f 2310/4417/2597 2291/4416/2596 2315/4415/2595
f 2310/4417/2597 2308/4418/2589 2288/4404/2588 2291/4416/2596
f 2294/4419/2598 2295/4420/2599 2328/4421/2600 2327/4422/2601
f 2296/4423/2602 2292/4306/2535 2326/4424/2534 2328/4421/2600 2295/4420/2599
f 2299/4425/2603 2292/4306/2535 2296/4426/2602
f 2312/4414/2594 2290/4413/2593 2292/4306/2535 2299/4427/2603
f 2293/4428/2604 2294/4429/2598 2327/4430/2601
s 0
f 2281/4256/2605 2330/4431/2605 2280/4253/2605 2282/4262/2605
f 2282/4253/2606 2346/4432/2606 2279/4262/2606 2281/4256/2606
s 1
f 2361/4433/2607 2360/4434/2608 2290/4413/2593 2291/4416/2596
f 2304/4435/2609 2318/4436/2609 2321/4437/2610 2287/4402/2586 2302/4401/2585
f 2320/4438/2611 2338/4439/2611 2359/4440/2611 2354/4441/2611 2356/4442/2612 2287/4402/2586 2321/4443/2610
f 2325/4444/2533 2342/4445/2532 2340/4446/2564 2323/4447/2563 2322/4448/2613
f 2287/4402/2586 2356/4442/2612 2355/4449/2551 2286/4398/2554
s 0
f 2334/4316/2543 2337/4315/2543 2273/4256/2543 2333/4319/2543 2336/4450/2543 2335/4317/2543
s 1
f 2358/4334/2552 2351/4451/2614 2350/4452/2614 2361/4433/2607 2291/4416/2596 2288/4404/2588 2289/4335/2553
f 2317/4395/2581 2316/4453/2577 2336/4454/2582
f 2316/4455/2577 2285/4382/2573 2336/4454/2582
f 2335/4456/2615 2285/4382/2573 2334/4457/2572
f 2336/4454/2582 2285/4382/2573 2335/4458/2615
f 2290/4413/2593 2360/4434/2608 2348/4459/2616 2344/4460/2616 2343/4302/2531 2292/4306/2535
o base_cell.054
v -6.971538 0.723214 -0.897368
v -6.971504 0.668933 -0.897730
v -6.971842 1.032784 -1.088133
v -6.972447 0.693429 -0.996018
v -6.971789 0.970420 -0.996651
v -6.862208 0.685556 -0.897982
v -6.821612 1.004378 -1.082145
v -6.828565 0.741074 -1.010366
v -6.898444 1.055564 -1.094432
v -6.871540 1.052856 -1.093990
v -6.854398 0.713048 -1.003092
v -6.858483 1.004892 -1.025971
v -6.899175 1.004448 -1.019833
v -6.832126 0.826675 -0.967061
v -6.837106 0.712120 -0.919566
v -6.857235 0.686814 -0.899285
v -6.824251 0.996605 -1.051548
v -6.848478 1.011997 -1.036907
vn -1.0000 -0.0007 0.0094
vn 0.0033 -0.0067 1.0000
vn 0.1316 0.3671 0.9208
vn 0.1207 0.3701 0.9211
vn -1.0000 0.0024 0.0085
vn -1.0000 0.0024 0.0022
vn -0.0143 -0.2619 -0.9650
vn 0.1480 0.3664 0.9186
vn 0.1348 0.3673 0.9203
vn 0.1796 -0.9549 -0.2364
vn 0.0809 0.8004 0.5940
vn 0.0676 0.8227 0.5644
vn -0.2027 0.8087 0.5522
vn -0.2037 0.8089 0.5515
vn 0.6310 0.3217 0.7059
vn 0.5787 0.3318 0.7450
vn 0.0141 -0.2633 -0.9646
vn 0.7059 -0.6910 -0.1553
vn -0.0084 -0.2414 -0.9704
vn -0.0076 -0.2448 -0.9696
vn 0.7104 -0.6871 -0.1523
vn 0.4319 0.3293 0.8396
vn 0.4003 0.3404 0.8508
vn 0.0738 0.8248 0.5606
vn -0.0108 -0.2607 -0.9654
vn 0.6272 0.7307 0.2696
vn 0.6464 0.7243 0.2398
vn 0.9957 -0.0051 0.0920
vn 0.9964 -0.0031 0.0852
vn 0.9962 -0.0027 0.0873
vn 0.1453 -0.9597 -0.2404
vt 0.000000 0.000000
vt 1.000000 0.000000
vt 1.000000 1.000000
s 0
usemtl base_material
f 2365/4461/2617 2363/4462/2617 2362/4463/2617
f 2363/4461/2618 2367/4462/2618 2362/4463/2618
f 2374/4462/2619 2362/4463/2619 2367/4461/2619
f 2366/4462/2620 2362/4463/2620 2374/4461/2620
f 2366/4461/2621 2365/4462/2621 2362/4463/2621
f 2366/4461/2622 2364/4462/2622 2365/4463/2622
f 2364/4461/2623 2372/4462/2623 2365/4463/2623
f 2373/4462/2624 2367/4463/2624 2377/4461/2624
f 2374/4462/2625 2367/4463/2625 2373/4461/2625
f 2372/4461/2626 2377/4462/2626 2367/4463/2626
f 2373/4461/2627 2379/4462/2627 2374/4463/2627
f 2379/4461/2628 2370/4462/2628 2374/4463/2628
f 2370/4461/2629 2366/4462/2629 2374/4463/2629
f 2370/4461/2630 2364/4462/2630 2366/4463/2630
f 2375/4461/2631 2378/4462/2631 2379/4463/2631
f 2379/4462/2632 2373/4463/2632 2375/4461/2632
f 2372/4463/2633 2368/4461/2633 2369/4462/2633
f 2369/4461/2634 2377/4462/2634 2372/4463/2634
f 2370/4461/2635 2371/4462/2635 2364/4463/2635
f 2371/4461/2636 2368/4462/2636 2364/4463/2636
f 2369/4461/2637 2376/4462/2637 2377/4463/2637
f 2376/4461/2638 2375/4462/2638 2377/4463/2638
f 2373/4462/2639 2377/4463/2639 2375/4461/2639
f 2371/4461/2640 2370/4462/2640 2379/4463/2640
f 2372/4463/2641 2364/4461/2641 2368/4462/2641
f 2378/4461/2642 2371/4462/2642 2379/4463/2642
f 2371/4461/2643 2378/4462/2643 2368/4463/2643
f 2375/4461/2644 2376/4462/2644 2369/4463/2644
f 2369/4462/2645 2368/4463/2645 2378/4461/2645
f 2375/4462/2646 2369/4463/2646 2378/4461/2646
f 2372/4461/2647 2367/4462/2647 2363/4462/2647 2365/4463/2647
o base_cell.055
v -6.551396 0.844194 -1.125579
v -6.550353 0.828391 -1.127467
v -6.600873 0.911001 -1.045741
v -6.584276 0.798616 -1.036607
v -6.600016 0.795850 -1.038301
v -6.585393 0.803070 -1.033910
v -6.603818 0.877276 -0.993805
v -6.588801 0.911001 -1.035843
v -6.585848 0.922299 -1.044573
v -6.592331 0.828431 -1.018553
v -6.600960 0.956560 -1.009040
v -6.613896 0.869660 -0.999071
v -6.629824 0.855037 -1.008775
v -6.608992 0.956069 -0.997725
v -6.622508 0.793487 -1.040808
v -6.613513 0.793570 -1.039698
v -6.632488 0.817640 -1.029081
v -6.624856 0.798981 -1.038150
v -6.625232 0.956747 -1.036904
v -6.640173 0.836801 -1.019750
v -6.610104 0.911001 -1.055325
v -6.602530 0.924045 -1.064322
v -6.620462 0.956919 -1.042619
v -6.607421 0.957093 -1.034995
v -6.592974 0.928424 -1.057858
v -6.594546 0.957187 -1.026777
v -6.597658 0.956937 -1.018180
v -6.584740 0.927169 -1.048471
v -6.636116 0.846408 -1.014133
v -6.612489 0.956354 -1.005583
v -6.623345 0.956633 -1.032241
v -6.617843 0.956524 -1.018747
vn -0.7679 0.0040 -0.6406
vn 0.1930 -0.9515 -0.2397
vn 0.9270 0.0382 0.3730
vn -0.4707 0.0130 0.8822
vn -0.6977 0.0658 0.7133
vn 0.9346 0.0193 0.3552
vn -0.0204 0.9996 0.0211
vn -0.0046 0.9996 0.0263
vn -0.0212 0.9996 0.0208
vn -0.5316 0.0170 0.8469
vn -0.7479 0.0299 -0.6632
vn 0.4134 0.6857 -0.5991
vn 0.4052 0.6559 -0.6369
vn 0.9381 0.0598 0.3413
vn 0.1313 -0.9502 -0.2825
vn -0.8994 0.1617 0.4061
vn -0.9125 0.1671 0.3734
vn -0.1040 -0.4689 0.8771
vn -0.0735 -0.4842 0.8719
vn -0.0810 -0.4805 0.8733
vn -0.0010 -0.5182 0.8553
vn -0.0186 0.9995 0.0244
vn -0.0210 0.9995 0.0215
vn -0.0232 0.9995 0.0204
vn -0.0224 0.9995 0.0208
vn -0.0121 0.9994 0.0319
vn -0.0062 0.9992 0.0390
vn 0.5406 -0.6323 -0.5550
vn 0.5362 -0.6676 -0.5165
vn 0.5896 -0.6354 -0.4987
vn 0.5773 -0.6262 -0.5241
vn 0.5263 -0.6229 -0.5788
vn 0.5040 -0.6067 -0.6148
vn -0.7670 -0.0054 -0.6416
vt 1.000000 0.294661
vt 1.000000 1.000000
vt 0.110834 0.110834
vt 0.138800 0.000000
vt 0.950862 0.000000
vt 1.000000 0.052246
vt 0.292252 0.000000
vt 1.000000 0.000000
vt 1.000000 0.659817
vt 0.626755 0.000000
vt 0.901679 0.000000
vt 1.000000 0.068971
vt 0.994653 0.489736
vt 0.796559 0.619939
vt 0.674947 0.674947
vt 0.000000 0.000000
vt 0.068530 0.000000
vt 0.531934 0.000000
vt 0.472727 0.472727
vt 0.916508 0.916508
vt 0.217202 0.217202
vt 1.000000 0.355971
vt 1.000000 0.674947
vt 0.659817 0.659817
vt -6.749307 0.824785
vt -6.754074 0.819070
vt -6.752188 0.814408
vt 0.072135 0.000000
vt 0.644029 0.000000
vt 0.531934 0.531934
vt 0.316326 0.000000
vt 0.653710 0.352018
vt 1.000000 0.396028
vt 0.370865 0.323076
vt 0.316326 0.316326
vt 0.080355 0.062353
vt 0.524963 0.129789
vt 1.000000 0.202421
vt 0.611836 0.387276
vt 1.000000 0.373245
vt 0.396028 0.396028
vt 0.202421 0.202421
vt 0.586552 0.151868
vt 1.000000 0.098321
vt 1.000000 0.707748
vt 0.377359 0.287436
vt 1.000000 0.916508
vt 0.174303 0.000000
vt 1.000000 0.217203
vt 1.000000 0.049137
vt 1.000000 0.861200
vt 0.822435 0.822435
vt 0.205811 0.169332
vt 0.539574 0.118785
vt 0.881969 0.067378
vt -6.748342 -0.260473
vt -6.742358 -0.259604
vt -6.721179 -0.224749
vt -6.734443 -0.175938
vt -6.742741 -0.183528
vt -6.758666 -0.198148
vt -6.764957 -0.206775
vt -6.769013 -0.216381
vt -6.761330 -0.235539
vt -6.753698 -0.254195
vt -6.728864 -0.257325
vt -6.713126 -0.254559
vt -6.714243 -0.250106
vt -6.726506 0.800350
vt -6.723394 0.808945
vt -6.736267 0.817162
vt -6.746687 0.800916
vt -6.741334 0.787755
vt -6.734893 0.778052
vt -6.729807 0.791211
vt -6.726506 0.800350
vt -6.740832 0.786508
vt -6.746687 0.800916
vt -6.736267 0.817162
vt -6.748284 0.824919
vt 7.729720 0.827906
vt 7.738950 0.837487
vt 7.728713 0.846685
vt 7.721822 0.840021
vt 7.728713 0.846685
vt 7.721822 0.840021
vt 7.713591 0.830635
vt 7.714698 0.826737
vt 7.717650 0.818010
vt 1.000000 0.110834
vt 0.233926 0.000000
s 0
usemtl base_material
f 2401/4464/2648 2381/4465/2648 2396/4466/2648 2399/4467/2648 2398/4468/2648 2402/4469/2648
f 2384/4470/2649 2381/4471/2649 2383/4472/2649
f 2388/4473/2650 2390/4474/2650 2393/4475/2650 2386/4476/2650 2389/4477/2650 2385/4478/2650 2380/4479/2650
f 2393/4480/2651 2391/4481/2651 2386/4482/2651
f 2393/4483/2652 2408/4484/2652 2392/4485/2652
f 2385/4486/2653 2383/4487/2653 2381/4479/2653 2380/4471/2653
s 1
f 2402/4488/2654 2398/4489/2655 2410/4490/2656
s 0
f 2393/4491/2657 2392/4492/2657 2391/4493/2657
f 2401/4494/2658 2380/4471/2658 2381/4465/2658
f 2404/4495/2659 2407/4496/2659 2380/4465/2659 2401/4497/2659
f 2401/4498/2660 2402/4499/2660 2403/4500/2660 2405/4501/2660 2407/4496/2660 2404/4495/2660
f 2380/4465/2661 2407/4502/2661 2388/4503/2661
f 2407/4504/2661 2405/4505/2661 2406/4506/2661 2390/4507/2661 2388/4503/2661
f 2394/4479/2662 2381/4471/2662 2384/4508/2662 2395/4509/2662
f 2393/4510/2663 2409/4511/2663 2408/4512/2663
f 2398/4513/2664 2399/4514/2664 2408/4515/2664 2409/4516/2664 2411/4517/2664 2410/4518/2664
s 1
f 2394/4519/2665 2395/4520/2666 2389/4521/2667 2386/4522/2665 2391/4523/2665 2392/4524/2665 2408/4525/2665 2399/4526/2665 2396/4527/2665 2397/4528/2665
f 2384/4529/2668 2383/4530/2668 2385/4531/2668 2389/4521/2667 2395/4520/2666
f 2406/4532/2669 2405/4533/2670 2403/4534/2671 2411/4535/2672 2409/4536/2673
f 2393/4537/2674 2390/4538/2674 2406/4539/2669 2409/4540/2673
f 2411/4541/2672 2403/4542/2671 2402/4543/2654 2410/4490/2656
f 2382/4544/2675 2400/4545/2676 2401/4546/2677
f 2404/4547/2678 2382/4544/2675 2401/4548/2677
f 2404/4549/2678 2407/4550/2679 2382/4544/2675
f 2382/4544/2675 2407/4550/2679 2388/4551/2680 2387/4552/2680
s 0
f 2396/4553/2681 2381/4465/2681 2394/4479/2681 2397/4554/2681
o base_cell.056
v -6.972076 1.133440 -1.203135
v -6.971856 0.736391 -1.202407
v -6.972368 1.089343 -1.234769
v -6.972400 0.738960 -1.234590
v -6.777364 0.818365 -1.203025
v -6.777160 1.053651 -1.202467
v -6.907803 0.748695 -1.202778
v -6.960895 1.136200 -1.203152
v -6.783928 1.090983 -1.202779
v -6.858590 1.129222 -1.202802
v -6.782541 0.822719 -1.231894
v -6.799708 1.068924 -1.232048
v -6.921527 0.749267 -1.234169
v -6.921793 1.100974 -1.233759
v -6.857860 1.097006 -1.233110
v -6.852591 1.095759 -1.233000
v -6.771200 0.824968 -1.218807
v -6.775870 1.048416 -1.207336
v -6.781410 1.081538 -1.210297
v -6.857705 1.121649 -1.210597
v -6.778532 0.958361 -1.217135
v -6.775231 0.958462 -1.207852
v -6.777242 0.958462 -1.202693
v -6.791986 0.958184 -1.231979
v -6.883312 0.957993 -1.233534
v -6.819724 0.958126 -1.232494
v -6.803162 0.958462 -1.202584
v -6.835613 0.958401 -1.202449
v -6.889422 0.958297 -1.202584
v -6.889127 0.957981 -1.233618
vn 0.9317 -0.0017 0.3632
vn -0.0027 0.0018 1.0000
vn 0.9422 0.0086 -0.3351
vn 0.9681 0.0054 0.2506
vn 0.0042 -0.0024 1.0000
vn 0.4630 -0.8675 -0.1821
vn 0.4567 -0.8632 -0.2154
vn 0.4558 -0.8548 -0.2481
vn 0.7397 0.0512 -0.6710
vn 0.0163 0.0001 -0.9999
vn 0.3429 0.6522 -0.6760
vn 0.0186 0.0007 -0.9998
vn 0.7447 0.0652 -0.6642
vn 0.9823 0.1711 0.0762
vn 0.0145 0.0004 -0.9999
vn 0.8330 0.0527 -0.5507
vn 0.9785 0.1783 0.1038
vn 0.0044 0.0092 0.9999
vn 0.0080 -0.0115 0.9999
vn 0.1876 -0.9789 -0.0813
vn 0.1983 -0.9746 -0.1045
vn 0.0084 -0.0005 -1.0000
vn 0.0234 0.0107 -0.9997
vn 0.3665 0.6373 -0.6779
vn 0.0122 0.0336 -0.9994
vn 0.0493 0.6735 -0.7376
vn 0.1724 0.6638 -0.7278
vn -0.9999 -0.0005 0.0169
vn 0.3539 0.6906 -0.6307
vn 0.0514 0.7192 -0.6929
vn -0.0023 0.0157 0.9999
vn -1.0000 0.0001 0.0091
vn -0.1438 0.5775 -0.8037
vn -0.1160 0.5749 -0.8099
vn 0.0436 0.6824 -0.7297
vn -0.0011 1.0000 -0.0059
vn -0.0019 0.9999 -0.0102
vn -0.0018 1.0000 -0.0096
vn -0.0000 1.0000 -0.0000
vt 1.000000 1.000000
vt 0.413732 0.326579
vt 0.404568 0.000000
vt 1.000000 0.000000
vt 1.000000 0.699773
vt 0.000000 0.000000
vt 1.000000 0.402747
vt 0.600995 0.000000
vt 0.402747 0.402747
vt 1.000000 0.595432
vt 0.866684 0.641880
vt 0.699773 0.699773
vt 0.416307 0.416307
vt 0.449786 0.449786
vt 1.000000 0.399005
vt 0.600238 0.000000
vt 1.000000 0.506331
vt 1.000000 0.449786
vt 0.506331 0.506331
vt 1.000000 0.399762
vt -6.902805 0.994091
vt -6.907347 0.999269
vt -6.920799 1.014110
vt -6.948532 1.014626
vt -7.012108 1.015665
vt -7.017922 1.015749
vt -7.018218 0.984720
vt -6.964418 0.984585
vt -6.931973 0.984721
vt -6.906058 0.984829
vt -6.904047 0.989987
s 0
usemtl base_material
f 2428/4555/2682 2433/4556/2682 2434/4557/2682 2416/4558/2682
f 2412/4558/2683 2413/4558/2683 2439/4559/2683 2417/4555/2683 2421/4560/2683
f 2429/4558/2684 2433/4561/2684 2432/4562/2684
f 2433/4563/2685 2429/4560/2685 2417/4558/2685
f 2413/4560/2686 2416/4558/2686 2434/4564/2686 2438/4565/2686 2439/4566/2686
f 2433/4567/2682 2417/4560/2682 2434/4557/2682
f 2418/4558/2687 2428/4555/2687 2416/4560/2687
f 2424/4558/2688 2428/4555/2688 2418/4560/2688
f 2422/4558/2689 2428/4555/2689 2424/4560/2689
f 2422/4555/2690 2435/4568/2690 2432/4569/2690
f 2435/4568/2690 2423/4560/2690 2429/4558/2690 2432/4569/2690
f 2422/4555/2691 2424/4560/2691 2436/4570/2691 2437/4571/2691
f 2427/4560/2692 2431/4558/2692 2420/4558/2692 2423/4555/2692
f 2437/4571/2691 2436/4570/2691 2426/4558/2691
f 2426/4560/2693 2423/4558/2693 2435/4572/2693 2437/4573/2693
f 2423/4560/2694 2430/4558/2694 2429/4555/2694
f 2430/4560/2695 2417/4558/2695 2429/4555/2695
f 2436/4574/2696 2424/4555/2696 2414/4560/2696 2426/4558/2696
f 2428/4555/2697 2422/4560/2697 2432/4562/2697 2433/4561/2697
f 2434/4564/2686 2417/4555/2686 2439/4566/2686 2438/4565/2686
f 2430/4560/2698 2420/4558/2698 2417/4555/2698
f 2420/4560/2699 2421/4558/2699 2417/4555/2699
f 2422/4555/2693 2437/4573/2693 2435/4572/2693
f 2413/4560/2700 2418/4558/2700 2416/4555/2700
f 2413/4560/2701 2415/4558/2701 2418/4555/2701
f 2415/4560/2702 2424/4558/2702 2418/4555/2702
f 2415/4560/2703 2414/4558/2703 2424/4555/2703
f 2426/4560/2704 2427/4558/2704 2423/4555/2704
f 2420/4560/2705 2430/4558/2705 2423/4555/2705
f 2414/4560/2706 2425/4558/2706 2426/4555/2706
f 2425/4560/2707 2431/4558/2707 2426/4555/2707
f 2431/4560/2708 2427/4558/2708 2426/4555/2708
f 2412/4560/2709 2415/4558/2709 2413/4555/2709
f 2431/4560/2710 2421/4558/2710 2420/4555/2710
f 2431/4560/2711 2419/4558/2711 2421/4555/2711
f 2419/4560/2712 2412/4558/2712 2421/4555/2712
f 2412/4560/2713 2414/4558/2713 2415/4555/2713
f 2412/4560/2714 2419/4558/2714 2414/4555/2714
f 2419/4560/2715 2425/4558/2715 2414/4555/2715
f 2419/4560/2716 2431/4558/2716 2425/4555/2716
s 1
f 2433/4575/2717 2432/4576/2718 2435/4577/2718 2437/4578/2718 2436/4579/2718 2441/4580/2718 2440/4581/2718 2439/4582/2718 2438/4583/2719
f 2438/4583/2719 2434/4584/2720 2433/4585/2717
o base_cell.057
v -6.898017 1.309301 -1.355995
v -6.898538 1.267482 -1.297559
v -6.898495 1.265188 -1.282876
v -6.823020 1.365608 -1.345330
v -6.840759 1.321573 -1.304500
v -6.878069 1.279004 -1.290248
v -6.876333 1.402380 -1.390870
v -6.876337 1.397065 -1.416422
v -6.827640 1.402380 -1.329522
v -6.836771 1.402380 -1.306068
v -6.820985 1.402380 -1.347291
v -6.847239 1.402380 -1.302077
v -6.892101 1.402380 -1.285103
v -6.858231 1.389650 -1.420383
v -6.847608 1.396247 -1.416960
v -6.872077 1.381119 -1.424940
v -6.839602 1.401148 -1.397203
v -6.845069 1.398258 -1.410804
v -6.837358 1.402380 -1.391406
v -6.893940 1.397065 -1.416422
v -6.898154 1.398102 -1.411433
v -6.879416 1.379485 -1.424845
v -6.898328 1.399837 -1.403092
v -6.898144 1.402380 -1.286998
v -6.898302 1.402380 -1.390870
vn 0.9311 -0.0389 0.3626
vn 0.9360 -0.0331 0.3505
vn 0.3539 0.0012 0.9353
vn 0.3563 0.0006 0.9344
vn 0.5824 -0.6663 -0.4656
vn 0.0008 0.9942 -0.1077
vn 0.0004 0.9943 -0.1069
vn -0.0004 0.9775 -0.2108
vn 0.0003 0.9114 -0.4114
vn -0.0090 0.7907 -0.6122
vn -0.0051 0.8943 -0.4474
vn 0.0016 0.9769 -0.2139
vn 0.9306 -0.0853 -0.3559
vn 0.9352 -0.0703 -0.3471
vn -0.7500 -0.3511 -0.5605
vn -0.9998 -0.0128 -0.0181
vn -1.0000 0.0028 0.0015
vn -1.0000 0.0027 0.0034
vn 0.1993 0.0066 0.9799
vn 0.5542 -0.6792 -0.4811
vn 0.5219 -0.8426 -0.1332
vn -0.0011 0.9967 -0.0810
vn -0.0028 0.9784 -0.2068
vn -0.0000 1.0000 -0.0000
vn -0.0089 0.4598 -0.8880
vn -0.0200 0.4496 -0.8930
vn 0.5553 -0.6717 -0.4905
vt 0.607547 0.607547
vt 0.000000 0.000000
vt 1.000000 0.000000
vt 1.000000 0.413302
vt 0.413667 0.000000
vt 0.413302 0.413302
vt 0.295681 0.000000
vt 1.000000 0.702699
vt 0.702699 0.702699
vt 1.000000 0.607547
vt 1.000000 1.000000
vt -7.027096 1.172973
vt -7.005131 1.172973
vt -6.973873 1.192904
vt -6.976172 1.198630
vt -7.005135 1.198521
vt -7.022735 1.198521
vt -7.026949 1.193533
vt -7.027122 1.185193
vt 1.000000 0.599272
vt 0.451765 0.421730
vt 0.613683 0.474311
vt 1.000000 0.586333
vt 0.599272 0.599272
vt 0.646277 0.585525
vt 0.387803 0.000000
vt 1.000000 0.612430
vt 0.872413 0.509515
vt 0.612430 0.612430
vt 1.000000 0.708475
vt 0.708475 0.708475
vt 0.722567 0.000000
vt 0.722142 0.634977
vt 0.722567 0.722567
vt 0.725935 0.725935
vt 1.000000 0.704319
vt -6.973872 1.192904
vt -6.966163 1.173509
vt -6.968406 1.179304
vt -6.949793 1.129402
vt -7.026924 1.065047
vt -7.020897 1.067225
vt -6.976043 1.084195
vt -6.965577 1.088186
vt -6.956446 1.111636
vt 8.022735 0.343783
vt 8.005135 0.343783
vt 7.987032 0.336369
vt 8.000875 0.327840
vt 8.008906 0.327840
vt 7.976411 0.342965
vt 0.695394 0.073476
vt 0.867560 0.267800
vt 1.000000 0.416612
vt 0.612198 0.000000
s 0
usemtl base_material
f 2451/4586/2721 2446/4587/2721 2445/4588/2721 2450/4589/2721
f 2452/4590/2722 2450/4591/2722 2445/4587/2722
f 2454/4592/2723 2447/4588/2723 2453/4593/2723
f 2453/4594/2724 2447/4587/2724 2446/4588/2724 2451/4595/2724
f 2447/4587/2725 2445/4588/2725 2446/4596/2725
s 1
f 2466/4597/2726 2448/4598/2727 2459/4599/2728 2456/4600/2729 2449/4601/2730 2461/4602/2731 2462/4603/2732 2464/4604/2732
s 0
f 2458/4605/2733 2445/4596/2733 2456/4606/2733 2459/4607/2733
f 2452/4608/2734 2445/4596/2734 2458/4609/2734 2460/4610/2734
f 2463/4611/2735 2442/4588/2735 2462/4612/2735 2461/4613/2735
f 2462/4614/2736 2442/4587/2736 2443/4588/2736 2464/4615/2736
f 2464/4616/2737 2443/4587/2737 2465/4617/2737 2466/4618/2737
f 2443/4587/2738 2444/4588/2738 2465/4619/2738
f 2465/4620/2739 2444/4587/2739 2447/4588/2739 2454/4621/2739
f 2443/4587/2740 2442/4588/2740 2447/4596/2740
f 2444/4587/2741 2443/4588/2741 2447/4596/2741
s 1
f 2459/4622/2728 2448/4598/2727 2460/4623/2742 2458/4624/2743
f 2452/4625/2744 2460/4623/2742 2448/4598/2727 2466/4597/2726 2465/4626/2744 2454/4627/2744 2453/4628/2744 2451/4629/2744 2450/4630/2744
f 2461/4631/2731 2449/4632/2730 2455/4633/2745 2457/4634/2746 2463/4635/2746
f 2455/4633/2745 2449/4632/2730 2456/4636/2729
s 0
f 2457/4637/2747 2455/4638/2747 2456/4639/2747 2445/4596/2747 2447/4587/2747 2442/4587/2747 2463/4640/2747
o base_cell.058
v -6.471332 0.929580 -0.996450
v -6.568516 0.937231 -0.926096
v -6.465869 0.919111 -1.000807
v -6.465880 0.774304 -1.000900
v -6.567886 0.762294 -0.926094
v -6.471832 0.769308 -0.996007
v -6.537749 0.980595 -1.014497
v -6.570697 0.950489 -0.942297
v -6.489653 0.953293 -1.015337
v -6.513008 0.981208 -1.036580
v -6.488558 0.856742 -1.124185
v -6.570241 0.770353 -0.942717
v -6.509105 0.815052 -1.077866
v -6.494089 0.844023 -1.110437
v -6.453666 0.889452 -1.022468
v -6.456546 0.790117 -1.018405
v -6.508121 0.970036 -1.047023
v -6.443377 0.845886 -1.088583
v -6.468142 0.868822 -1.132658
vn 0.4344 0.7421 0.5105
vn 0.8383 0.5036 -0.2089
vn 0.6237 0.0002 0.7817
vn 0.4319 0.7453 0.5079
vn 0.5865 0.0021 0.8099
vn 0.2840 -0.7759 -0.5633
vn -0.9903 -0.0036 0.1386
vn 0.2224 -0.8045 -0.5508
vn -0.9914 -0.0028 0.1311
vn -0.9116 -0.0013 -0.4110
vn -0.2232 -0.8907 -0.3961
vn -0.9105 0.0046 -0.4136
vn 0.2669 -0.7816 -0.5637
vn -0.3677 -0.6042 -0.7069
vn 0.2494 -0.7778 -0.5768
vn -0.9093 -0.0140 -0.4159
vn 0.6353 -0.0005 0.7723
vn 0.5885 0.0004 0.8085
vn -0.2303 -0.8880 -0.3979
vn 0.4418 0.7225 0.5318
vn -0.6281 0.3610 -0.6893
vn -0.5447 0.4058 -0.7339
vn 0.1889 -0.7575 -0.6249
vn 0.8415 0.5115 -0.1740
vn 0.9856 -0.0217 0.1677
vn 0.8199 0.5390 -0.1930
vn 0.4326 0.7466 0.5054
vn 0.8848 -0.0066 0.4658
vn 0.8421 0.5003 -0.2016
vn 0.8710 -0.0004 0.4912
vn 0.8515 0.4888 -0.1896
vn 0.8323 0.5108 -0.2152
vn 0.2688 -0.7803 -0.5648
vn -0.6235 0.3707 -0.6883
vt 0.000000 0.000000
vt 1.000000 0.000000
vt 1.000000 1.000000
s 0
usemtl base_material
f 2475/4641/2748 2474/4642/2748 2467/4643/2748
f 2484/4642/2749 2485/4643/2749 2475/4641/2749
f 2467/4642/2750 2472/4643/2750 2469/4641/2750
f 2475/4641/2751 2473/4642/2751 2474/4643/2751
f 2467/4641/2752 2468/4642/2752 2471/4643/2752
f 2482/4643/2753 2485/4641/2753 2484/4642/2753
f 2468/4641/2754 2478/4642/2754 2471/4643/2754
f 2472/4642/2755 2479/4643/2755 2470/4641/2755
f 2468/4641/2756 2474/4642/2756 2478/4643/2756
f 2478/4643/2757 2474/4641/2757 2477/4642/2757
f 2479/4641/2758 2472/4642/2758 2471/4643/2758
f 2477/4643/2759 2474/4641/2759 2473/4642/2759
f 2479/4643/2760 2482/4641/2760 2470/4642/2760
f 2479/4643/2761 2477/4641/2761 2480/4642/2761
f 2480/4641/2762 2485/4642/2762 2479/4643/2762
f 2479/4642/2763 2478/4643/2763 2477/4641/2763
f 2469/4642/2764 2472/4643/2764 2470/4641/2764
f 2472/4641/2765 2467/4642/2765 2471/4643/2765
f 2478/4641/2766 2479/4642/2766 2471/4643/2766
f 2468/4642/2767 2467/4643/2767 2474/4641/2767
f 2483/4642/2768 2477/4643/2768 2473/4641/2768
f 2483/4641/2769 2485/4642/2769 2477/4643/2769
f 2477/4643/2770 2485/4641/2770 2480/4642/2770
f 2469/4641/2771 2475/4642/2771 2467/4643/2771
f 2481/4642/2772 2482/4643/2772 2484/4641/2772
f 2475/4643/2773 2483/4641/2773 2476/4642/2773
f 2475/4643/2774 2476/4641/2774 2473/4642/2774
f 2482/4643/2775 2481/4641/2775 2470/4642/2775
f 2475/4642/2776 2469/4643/2776 2484/4641/2776
f 2469/4642/2777 2470/4643/2777 2481/4641/2777
f 2469/4643/2778 2481/4641/2778 2484/4642/2778
f 2485/4643/2779 2483/4641/2779 2475/4642/2779
f 2482/4642/2780 2479/4643/2780 2485/4641/2780
f 2476/4641/2781 2483/4642/2781 2473/4643/2781
o base_cell.059
v -6.362273 0.917926 -1.423559
v -6.354464 1.355731 -1.458194
v -6.291786 0.979738 -1.301961
v -6.355379 0.891719 -1.406783
v -6.289014 0.988498 -1.296497
v -6.272516 1.428547 -1.317389
v -6.387102 0.877574 -1.317038
v -6.410829 0.874361 -1.212589
v -6.417450 0.896558 -1.188141
v -6.417199 1.294666 -1.187568
v -6.292784 0.980841 -1.292216
v -6.360792 0.927302 -1.205727
v -6.403433 0.886813 -1.195539
v -6.406761 0.881752 -1.200244
v -6.378699 0.993911 -1.184294
v -6.379123 1.329753 -1.184012
v -6.409011 0.889137 -1.192328
vn -0.6733 0.7393 0.0095
vn -0.6781 0.7349 0.0086
vn -0.0921 -0.0010 0.9957
vn 0.7680 0.0004 0.6404
vn 0.7805 0.0018 0.6252
vn 0.7844 -0.0000 0.6203
vn 0.9221 -0.0528 -0.3833
vn 0.8749 -0.0537 -0.4814
vn -0.9735 -0.0044 -0.2286
vn -0.9742 0.0009 -0.2256
vn -0.0954 -0.0014 0.9954
vn 0.3191 -0.1639 0.9335
vn 0.3952 -0.1834 0.9001
vn 0.7225 -0.6748 0.1504
vn 0.8035 -0.0647 0.5918
vn 0.4173 -0.2175 0.8824
vn 0.6983 -0.6766 0.2338
vn 0.7031 -0.6879 0.1802
vn -0.9736 -0.0007 -0.2283
vn 0.7157 -0.6842 0.1404
vn 0.9169 -0.3752 0.1363
vn 0.8783 -0.0716 -0.4727
vn -0.8195 -0.4460 -0.3600
vn -0.9739 -0.0453 -0.2226
vn -0.3780 -0.7341 0.5641
vn -0.3547 -0.7318 0.5819
vn 0.1025 -0.7127 0.6940
vn 0.7103 -0.6896 0.1412
vn 0.7018 -0.6989 0.1379
vn 0.8756 -0.0541 -0.4800
vt 0.000000 0.000000
vt 1.000000 0.000000
vt 1.000000 1.000000
s 0
usemtl base_material
f 2491/4644/2782 2487/4645/2782 2501/4646/2782
f 2487/4644/2783 2495/4645/2783 2501/4646/2783
f 2495/4644/2784 2500/4645/2784 2501/4646/2784
f 2500/4644/2785 2497/4645/2785 2501/4646/2785
f 2501/4646/2786 2497/4644/2786 2491/4645/2786
f 2497/4644/2787 2490/4645/2787 2491/4646/2787
f 2490/4644/2788 2488/4645/2788 2491/4646/2788
f 2491/4646/2789 2486/4644/2789 2487/4645/2789
f 2494/4645/2790 2486/4646/2790 2492/4644/2790
f 2495/4645/2791 2487/4646/2791 2494/4644/2791
f 2494/4644/2792 2500/4645/2792 2495/4646/2792
f 2494/4644/2793 2502/4645/2793 2500/4646/2793
f 2502/4644/2794 2497/4645/2794 2500/4646/2794
f 2496/4645/2795 2497/4646/2795 2488/4644/2795
f 2496/4644/2796 2490/4645/2796 2497/4646/2796
f 2502/4644/2797 2498/4645/2797 2497/4646/2797
f 2498/4644/2798 2499/4645/2798 2497/4646/2798
f 2499/4644/2799 2493/4645/2799 2497/4646/2799
f 2486/4644/2800 2494/4645/2800 2487/4646/2800
f 2497/4646/2801 2489/4644/2801 2488/4645/2801
f 2496/4644/2802 2488/4645/2802 2490/4646/2802
f 2488/4646/2803 2489/4644/2803 2486/4645/2803
f 2489/4644/2804 2492/4645/2804 2486/4646/2804
f 2494/4646/2805 2492/4644/2805 2493/4645/2805
f 2493/4644/2806 2499/4645/2806 2494/4646/2806
f 2499/4644/2807 2502/4645/2807 2494/4646/2807
f 2499/4644/2808 2498/4645/2808 2502/4646/2808
f 2497/4646/2809 2493/4644/2809 2489/4645/2809
f 2489/4645/2810 2493/4646/2810 2492/4644/2810
f 2486/4645/2811 2491/4646/2811 2488/4644/2811
o base_cell.060
v -6.821170 1.364755 -1.344639
v -6.769876 1.331874 -1.384077
v -6.838562 1.320932 -1.304398
v -6.833725 1.302766 -1.301596
v -6.748478 1.356905 -1.379289
v -6.738663 1.356907 -1.340877
v -6.731104 1.356908 -1.271359
v -6.747230 1.381119 -1.379951
v -6.737291 1.381119 -1.341274
v -6.729674 1.381119 -1.271544
v -6.743348 1.397065 -1.268758
v -6.757865 1.397065 -1.383292
v -6.749278 1.397065 -1.341413
v -6.785238 1.402380 -1.341830
v -6.759465 1.333687 -1.391950
v -6.796724 1.402380 -1.363716
v -6.787763 1.402380 -1.370497
v -6.767046 1.398594 -1.386176
v -6.762897 1.397065 -1.389318
v -6.758093 1.381119 -1.392962
v -6.758505 1.371766 -1.392656
v -6.759187 1.356901 -1.392149
v -6.756325 1.330969 -1.388117
v -6.750010 1.325516 -1.380434
v -6.740022 1.303411 -1.341675
v -6.743979 1.312589 -1.357847
v -6.819195 1.402380 -1.346364
v -6.825066 1.402380 -1.331491
v -6.834958 1.402380 -1.306098
v -6.784604 1.402380 -1.282498
v -6.751932 1.398177 -1.267010
v -6.730325 1.356908 -1.255166
v -6.728904 1.381119 -1.255507
v -6.731512 1.298631 -1.253297
v -6.738044 1.391413 -1.260219
v -6.745495 1.397374 -1.263963
v -6.734488 1.273669 -1.285727
v -6.733099 1.266184 -1.271523
v -6.732385 1.256205 -1.252107
v -6.732229 1.263616 -1.252237
vn 0.9961 -0.0407 -0.0782
vn 0.9442 0.3231 -0.0636
vn 0.9590 0.2813 -0.0342
vn 0.9980 -0.0403 -0.0480
vn -0.1941 -0.8682 -0.4567
vn -0.1865 -0.8733 -0.4500
vn -0.6962 -0.3089 -0.6480
vn -0.6112 -0.0042 -0.7915
vn -0.9297 0.0320 -0.3670
vn -0.9313 0.0336 -0.3628
vn -0.4241 0.0377 0.9048
vn -0.1861 -0.8766 -0.4437
vn -0.4294 0.0249 0.9028
vn -0.7229 -0.2893 -0.6275
vn -0.1851 -0.8752 -0.4469
vn -0.4244 0.0361 0.9048
vn -0.0000 1.0000 -0.0000
vn 0.0826 0.9966 -0.0009
vn 0.0762 0.9971 -0.0084
vn 0.1148 0.9933 -0.0101
vn 0.7679 -0.0144 -0.6404
vn 0.7684 -0.0147 -0.6398
vn 0.7680 -0.0358 -0.6395
vn 0.8904 -0.0399 -0.4535
vn 0.9151 -0.0222 -0.4027
vn 0.9872 -0.0218 -0.1580
vn 0.9674 -0.0232 -0.2524
vn 0.9829 -0.0412 -0.1797
vn 0.9986 -0.0219 -0.0481
vn 0.9974 -0.0220 -0.0693
vn 0.8820 0.2034 -0.4251
vn 0.7670 -0.0562 -0.6392
vn 0.7585 0.1535 -0.6333
vn 0.9471 0.2762 -0.1633
vn 0.9938 -0.0223 -0.1089
vn 0.4615 0.8871 -0.0091
vn 0.5116 0.8589 -0.0218
vn 0.1280 0.9918 -0.0025
vn 0.5165 0.7397 -0.4313
vn 0.1837 0.9809 -0.0646
vn 0.5678 0.7621 -0.3112
vn 0.5164 0.8526 -0.0798
vn -0.6034 0.0005 -0.7974
vn 0.7367 0.6762 -0.0101
vt 1.053483 0.303633
vt 1.053668 0.327840
vt 1.037634 0.327840
vt 1.037293 0.303633
vt 1.000000 0.000000
vt 1.000000 0.086411
vt 0.818456 0.208688
vt 0.454161 0.454161
vt 0.000000 0.000000
vt 0.768583 0.000000
vt 0.992009 0.440788
vt 0.864187 0.188541
vt 1.000000 1.000000
vt 0.420468 0.000000
vt 1.000000 0.423803
vt 1.000000 0.610983
vt 0.420468 0.420468
vt 0.610983 0.610983
vt 0.610728 0.000000
vt 1.000000 0.679244
vt 1.000000 0.710841
vt 0.982041 0.708006
vt 0.854489 0.688664
vt 0.610728 0.610728
vt 0.355788 0.000000
vt 0.786027 0.434824
vt 0.969264 0.616909
vt 1.000000 0.481760
vt 0.647275 0.647275
vt 0.793653 0.575950
vt 0.481760 0.481760
vt 0.469348 0.000000
vt 1.000000 0.647275
vt 0.770962 0.767026
vt 0.469348 0.469348
vt 1.000000 0.644212
vt -6.953873 1.113604
vt -6.963763 1.088216
vt -6.913418 1.064620
vt -6.914052 1.123941
vt -6.916577 1.152604
vt -6.925537 1.145824
vt -6.948003 1.128474
vt 1.170220 0.277699
vt 1.174056 0.280416
vt 1.174252 0.303626
vt 1.161394 0.303630
vt 1.162536 0.272247
vt 1.170220 0.277699
vt 1.123784 0.250146
vt 1.139955 0.259322
vt 1.122989 0.303632
vt 1.161602 0.271600
vt 1.034235 0.202948
vt 1.053647 0.212926
vt 1.035425 0.245367
vt 1.034363 0.210358
vt 1.162055 0.327840
vt 1.174759 0.318488
vt 1.175065 0.327840
vt 1.123385 0.327840
vt 1.123198 0.249815
vt 1.053647 0.212926
vt 1.067847 0.220409
vt -6.874316 1.046088
vt -6.872169 1.050883
vt -6.880752 1.049135
vt -6.891715 1.171421
vt -6.895864 1.168280
vt -6.886684 1.165396
vt -6.878098 1.123524
vt 0.325515 0.158557
vt 0.204156 0.120694
vt 0.913589 0.000000
vt 0.576197 0.000000
vt 0.576030 0.053493
vt 0.544733 0.168555
vt 0.532168 0.189852
vt 0.401879 0.182277
vt 1.123524 0.343783
vt 1.165396 0.343783
vt 1.050883 0.343783
vt 1.042346 0.338132
vt 1.037634 0.327840
vt 1.044361 0.342522
vt 1.171421 0.343783
s 1
usemtl base_material
f 2509/4647/2812 2512/4648/2813 2535/4649/2814 2534/4650/2815
s 0
f 2504/4651/2816 2517/4652/2816 2525/4653/2816 2526/4654/2816 2506/4655/2816
f 2527/4656/2817 2506/4651/2817 2526/4657/2817 2528/4658/2817
f 2503/4651/2818 2504/4659/2818 2506/4655/2818
f 2504/4659/2819 2503/4655/2819 2529/4660/2819 2518/4661/2819
f 2530/4662/2820 2529/4663/2820 2503/4655/2820 2505/4651/2820
f 2530/4664/2821 2505/4655/2821 2531/4665/2821
f 2537/4666/2822 2538/4667/2822 2533/4668/2822 2532/4669/2822 2531/4670/2822 2505/4655/2822 2536/4671/2822 2534/4672/2822 2535/4673/2822
f 2541/4674/2823 2506/4659/2823 2539/4675/2823 2540/4676/2823
f 2505/4651/2824 2506/4659/2824 2541/4677/2824 2542/4678/2824
f 2505/4655/2825 2503/4651/2825 2506/4659/2825
f 2539/4679/2826 2506/4659/2826 2527/4680/2826
f 2505/4659/2827 2542/4681/2827 2536/4682/2827
s 1
f 2530/4683/2828 2531/4684/2828 2532/4685/2829 2516/4686/2830 2519/4687/2831 2518/4688/2828 2529/4689/2828
f 2525/4690/2832 2517/4691/2833 2524/4692/2834 2507/4693/2835
f 2526/4694/2836 2525/4695/2832 2507/4693/2835
f 2527/4696/2837 2528/4697/2838 2508/4698/2839
f 2526/4699/2836 2507/4693/2835 2508/4698/2839 2528/4697/2838
f 2541/4700/2840 2540/4701/2841 2509/4647/2812 2534/4650/2815 2536/4702/2840 2542/4703/2840
f 2510/4704/2842 2507/4693/2835 2524/4692/2834 2523/4705/2843
f 2510/4704/2842 2523/4705/2843 2522/4706/2844
f 2511/4707/2845 2507/4693/2835 2510/4704/2842
f 2511/4707/2845 2508/4698/2839 2507/4693/2835
f 2527/4708/2837 2508/4698/2839 2509/4647/2812 2540/4709/2841 2539/4710/2846
f 2512/4648/2813 2508/4698/2839 2511/4707/2845
f 2512/4648/2813 2509/4647/2812 2508/4698/2839
f 2538/4711/2847 2513/4712/2848 2533/4713/2849
f 2521/4714/2850 2520/4715/2851 2514/4716/2852
f 2514/4716/2852 2516/4686/2830 2515/4717/2853
f 2516/4686/2830 2514/4716/2852 2520/4715/2851 2519/4687/2831
f 2515/4717/2853 2516/4686/2830 2513/4712/2848
f 2533/4713/2849 2513/4712/2848 2516/4686/2830 2532/4685/2829
s 0
f 2523/4718/2854 2524/4719/2854 2517/4720/2854 2504/4655/2854 2518/4721/2854 2519/4722/2854 2520/4723/2854 2521/4724/2854 2522/4725/2854
s 1
f 2515/4726/2853 2511/4707/2845 2514/4727/2852
f 2511/4707/2845 2510/4704/2842 2514/4727/2852
f 2512/4648/2813 2511/4707/2845 2515/4726/2853
f 2513/4728/2848 2512/4648/2813 2515/4726/2853
f 2537/4729/2855 2535/4730/2814 2512/4648/2813 2513/4728/2848 2538/4731/2847
f 2510/4704/2842 2522/4706/2844 2521/4732/2850 2514/4727/2852
o base_cell.061
v -6.112488 0.411965 -1.474466
v -6.112611 0.612277 -1.475055
v -6.113191 0.411990 -1.034070
v -6.113196 0.604797 -1.315287
v -6.112402 0.607110 -1.332041
v -6.683479 0.411969 -1.474486
v -6.616502 0.511912 -1.474867
v -6.477334 0.657201 -1.475015
v -6.667293 0.457417 -1.475200
v -6.330007 0.672411 -1.474597
v -6.234284 0.651700 -1.475136
v -6.140692 0.623601 -1.475388
v -6.666720 0.412185 -1.368739
v -6.236578 0.412808 -1.001380
v -6.669559 0.411931 -1.374815
v -6.437063 0.603482 -1.263147
v -6.393488 0.590909 -1.220056
v -6.417331 0.678581 -1.384229
v -6.357472 0.685246 -1.365420
v -6.365789 0.685880 -1.372155
v -6.239968 0.659992 -1.361008
v -6.127978 0.613156 -1.322856
v -6.235044 0.658062 -1.369824
v -6.273520 0.462398 -1.128387
v -6.254116 0.462398 -1.186287
v -6.479566 0.462398 -1.316857
v -6.396906 0.462398 -1.309411
v -6.324729 0.462398 -1.288141
v -6.273520 0.462398 -1.244187
v -6.562225 0.462398 -1.319338
v -6.478626 0.576902 -1.300073
v -6.540317 0.517475 -1.310621
v -6.432546 0.620673 -1.290864
v -6.416956 0.624138 -1.288984
v -6.402957 0.627141 -1.287310
v -6.378422 0.630373 -1.280867
v -6.364595 0.626096 -1.278108
v -6.279208 0.508874 -1.129746
v -6.309001 0.495012 -1.102312
v -6.323765 0.609287 -1.263920
v -6.337858 0.616910 -1.271451
v -6.309183 0.601232 -1.256155
v -6.260549 0.544194 -1.186287
v -6.273694 0.515033 -1.140221
v -6.269378 0.556504 -1.201820
v -6.284025 0.583359 -1.236961
v -6.580186 0.462398 -1.318584
v -6.562382 0.487857 -1.315438
v -6.545308 0.510840 -1.311742
v -6.311252 0.483827 -1.098879
v -6.315503 0.462398 -1.092352
vn 0.2870 0.9563 -0.0557
vn 0.3052 0.9515 -0.0378
vn 0.3735 0.9271 0.0292
vn 0.0107 -0.0029 -0.9999
vn 0.0010 -0.0042 -1.0000
vn -0.0009 0.0018 -1.0000
vn -0.0003 0.0079 -1.0000
vn 0.2758 0.9596 -0.0560
vn 0.0001 0.0265 -0.9996
vn 0.2107 0.9756 -0.0617
vn 0.2119 0.9754 -0.0603
vn 0.3761 0.9260 0.0326
vn 0.1557 0.8204 0.5502
vn 1.0000 0.0006 -0.0014
vn 0.3785 0.9250 0.0329
vn 1.0000 -0.0016 0.0016
vn -0.6112 0.3391 0.7151
vn -0.0000 -0.0157 -0.9999
vn -0.9333 0.3345 0.1305
vn -0.7031 0.6536 0.2803
vn -0.2582 0.2464 -0.9341
vn 0.0001 -1.0000 -0.0000
vn -0.6881 0.6614 0.2984
vn -0.6880 0.6615 0.2985
vn 0.1405 0.9868 -0.0807
vn -0.2105 0.9143 0.3461
vn -0.2451 0.8413 0.4818
vn -0.2385 0.8406 0.4864
vn 0.1396 0.8145 0.5632
vn 0.1522 0.8149 0.5593
vn 0.1536 0.8145 0.5595
vn 0.1741 0.8122 0.5568
vn 0.4305 0.8911 0.1434
vn 0.9945 0.0861 0.0590
vn -0.0046 -1.0000 0.0077
vn -0.0567 -0.9961 0.0680
vn -0.1007 0.9812 -0.1643
vn -0.6899 0.6611 0.2948
vn -0.6089 0.3422 0.7156
vn 0.6480 0.1014 0.7549
vn 0.8213 0.0938 0.5628
vn 0.7783 0.1133 0.6176
vn 0.9231 0.0872 0.3745
vn 0.9958 0.0908 -0.0081
vn 0.9729 0.0765 -0.2184
vn 0.0832 0.1374 -0.9870
vn 0.0565 0.1411 -0.9884
vn 0.0526 0.1444 -0.9881
vn 0.1827 0.1325 -0.9742
vn 0.0889 0.1356 -0.9868
vn 0.1696 0.1372 -0.9759
vn 0.2346 0.1377 -0.9623
vn 0.2564 0.1325 -0.9574
vn 0.4674 0.1187 -0.8760
vn 0.3714 0.1308 -0.9192
vn 0.5764 0.1216 -0.8081
vn 0.5229 0.1353 -0.8416
vn 0.8249 0.1048 -0.5554
vn 0.7651 0.1044 -0.6353
vn -0.0079 0.1487 -0.9889
vn -0.0415 0.1511 -0.9877
vn -0.0001 0.1514 -0.9885
vn 0.0278 0.1454 -0.9890
vn 0.0297 0.1447 -0.9890
vn 0.9325 0.0937 -0.3489
vt 0.000000 0.000000
vt 1.000000 0.000000
vt 1.000000 1.000000
vt 0.372463 0.000000
vt 1.000000 0.449601
vt 0.223671 0.008473
vt 0.835177 0.092142
vt 0.550399 0.000000
vt 0.228916 0.000000
vt 0.771084 0.000000
vt 1.000000 0.252630
vt 1.000000 0.418333
vt 0.252630 0.252630
vt 0.518307 0.319872
vt 0.862478 0.659264
vt 1.000000 0.721186
vt 0.418333 0.418333
vt 0.571495 0.502759
vt 0.538442 0.000000
vt 1.000000 0.352616
vt 0.663844 0.520885
vt 0.706371 0.650634
vt 0.721186 0.721186
vt 0.357751 0.348117
vt 0.386270 0.344517
vt 0.528254 0.354428
vt 0.568930 0.412147
vt 0.352616 0.352616
vt 0.372463 0.372463
vt 0.461558 0.000000
vt -6.440150 -0.569292
vt -6.444402 -0.590717
vt -6.402426 -0.590717
vt -6.408113 -0.544249
vt -6.437900 -0.558109
vt 0.913355 -0.543545
vt 0.910537 -0.590717
vt 0.922368 -0.538092
vt 0.968426 -0.590717
vt 0.968426 -0.508936
vt 7.562035 -0.433045
vt 7.608435 -0.590717
vt 7.607495 -0.476234
vt 7.525790 -0.590717
vt 7.561423 -0.432470
vt 7.545836 -0.429006
vt 7.531840 -0.426003
vt 7.531840 -0.426003
vt 7.507308 -0.422772
vt 7.493485 -0.427048
vt 7.453626 -0.590717
vt 7.493485 -0.427048
vt 7.466753 -0.436233
vt 7.438083 -0.451907
vt 7.452662 -0.443855
vt 7.402426 -0.590717
vt 7.412929 -0.469778
vt 7.691080 -0.590717
vt 7.709037 -0.590717
vt 7.691236 -0.565263
vt 7.674165 -0.542283
vt 7.669175 -0.535650
vt 0.968426 -0.508936
vt 0.983956 -0.496628
vt 0.983956 -0.496628
vt 1.026316 -0.590717
vt 1.019091 -0.469778
s 0
usemtl base_material
f 2553/4733/2856 2565/4734/2856 2554/4735/2856
f 2565/4733/2857 2563/4734/2857 2554/4735/2857
f 2563/4733/2858 2544/4734/2858 2554/4735/2858
f 2544/4733/2859 2543/4734/2859 2554/4735/2859
f 2543/4733/2860 2551/4734/2860 2554/4735/2860
f 2551/4733/2861 2550/4734/2861 2554/4735/2861
f 2550/4733/2862 2553/4734/2862 2554/4735/2862
f 2563/4733/2863 2565/4734/2863 2553/4735/2863
f 2550/4733/2864 2552/4734/2864 2553/4735/2864
f 2552/4733/2865 2561/4734/2865 2553/4735/2865
f 2561/4733/2866 2563/4734/2866 2553/4735/2866
f 2564/4733/2867 2544/4734/2867 2563/4735/2867
f 2561/4733/2868 2564/4734/2868 2563/4735/2868
f 2547/4733/2869 2543/4734/2869 2544/4735/2869
f 2564/4733/2870 2547/4734/2870 2544/4735/2870
f 2547/4733/2871 2545/4734/2871 2543/4735/2871
f 2556/4733/2872 2592/4736/2872 2558/4734/2872 2574/4737/2872 2555/4735/2872
f 2548/4733/2873 2551/4734/2873 2543/4735/2873
f 2548/4733/2874 2557/4734/2874 2551/4735/2874
f 2557/4733/2875 2549/4734/2875 2551/4735/2875
f 2549/4733/2876 2550/4734/2876 2551/4735/2876
f 2557/4733/2877 2548/4734/2877 2543/4735/2877 2545/4733/2877
f 2575/4738/2878 2573/4739/2878 2574/4740/2878 2558/4733/2878
f 2575/4741/2879 2560/4734/2879 2550/4735/2879 2555/4733/2879 2574/4740/2879 2573/4739/2879
f 2562/4733/2880 2561/4734/2880 2552/4735/2880
f 2562/4733/2881 2560/4734/2881 2561/4735/2881
f 2560/4733/2882 2575/4742/2882 2576/4743/2882 2561/4735/2882
f 2575/4742/2882 2558/4734/2882 2576/4743/2882
f 2578/4744/2883 2561/4735/2883 2576/4745/2883 2577/4746/2883
f 2576/4745/2883 2558/4733/2883 2559/4734/2883 2578/4744/2883 2577/4746/2883
f 2583/4747/2884 2582/4748/2884 2561/4735/2884 2578/4749/2884 2579/4750/2884
f 2578/4749/2884 2559/4733/2884 2581/4751/2884 2580/4752/2884 2582/4748/2884 2583/4747/2884 2579/4750/2884
f 2580/4752/2884 2581/4751/2884 2556/4734/2884
f 2588/4753/2885 2584/4754/2885 2582/4755/2885 2580/4756/2885 2586/4757/2885 2585/4758/2885 2587/4759/2885
f 2556/4733/2885 2564/4734/2885 2561/4735/2885 2582/4755/2885 2584/4754/2885 2588/4753/2885 2587/4759/2885 2585/4758/2885 2586/4757/2885 2580/4760/2885
f 2556/4733/2886 2545/4734/2886 2564/4735/2886
f 2545/4733/2887 2546/4734/2887 2564/4735/2887
f 2546/4733/2888 2547/4734/2888 2564/4735/2888
f 2546/4733/2889 2545/4734/2889 2547/4735/2889
f 2556/4733/2890 2557/4734/2890 2545/4735/2890
f 2556/4733/2891 2555/4734/2891 2557/4735/2891
f 2562/4733/2892 2552/4734/2892 2550/4735/2892 2560/4733/2892
f 2549/4734/2893 2557/4735/2893 2555/4734/2893 2550/4735/2893
f 2592/4761/2894 2581/4762/2894 2559/4734/2894 2558/4735/2894
f 2581/4762/2894 2592/4761/2894 2556/4733/2894
s 1
f 2592/4763/2895 2593/4764/2895 2566/4765/2896 2580/4766/2897 2581/4767/2895
f 2580/4768/2897 2566/4769/2896 2586/4770/2898
f 2586/4770/2898 2566/4769/2896 2567/4771/2899 2585/4772/2900
f 2575/4773/2901 2568/4774/2902 2573/4775/2903
f 2569/4776/2904 2568/4774/2902 2575/4777/2901 2576/4778/2905 2577/4779/2906
f 2577/4780/2906 2578/4781/2907 2579/4782/2908 2569/4776/2904
f 2570/4783/2909 2569/4776/2904 2579/4784/2908 2583/4785/2910
f 2584/4786/2911 2570/4783/2909 2583/4785/2910 2582/4787/2912
f 2571/4788/2913 2570/4783/2909 2584/4786/2911 2588/4789/2914
f 2572/4790/2915 2589/4791/2916 2590/4792/2917
f 2572/4790/2915 2590/4792/2917 2591/4793/2918
f 2568/4774/2902 2572/4790/2915 2591/4793/2918 2574/4794/2919 2573/4775/2903
f 2585/4795/2900 2567/4771/2899 2587/4796/2920
f 2587/4797/2920 2567/4771/2899 2571/4798/2913 2588/4799/2914
o base_cell.062
v -6.810266 1.319825 -1.062917
v -6.806730 1.313275 -1.064346
v -6.749277 1.397065 -1.031161
v -6.747229 1.381119 -0.992623
v -6.738663 1.356907 -1.031697
v -6.757865 1.397065 -0.989282
v -6.785238 1.402380 -1.030744
v -6.748478 1.356905 -0.993285
v -6.737290 1.381119 -1.031300
v -6.744417 1.397065 -1.090710
v -6.730088 1.380005 -1.097839
v -6.730711 1.369476 -1.097909
v -6.749354 1.320027 -0.993046
v -6.743775 1.314285 -1.015377
v -6.755468 1.322582 -0.985667
v -6.739718 1.310132 -1.031515
v -6.732688 1.294247 -1.099214
v -6.784797 1.402380 -1.071987
v -6.753187 1.398313 -1.086651
v -6.798040 1.402380 -1.065898
v -6.731457 1.356908 -1.097968
v -6.771972 1.365555 -0.964319
v -6.757379 1.327483 -0.983271
v -6.768822 1.356898 -0.968855
v -6.775865 1.400207 -0.993139
v -6.770422 1.379645 -0.964971
v -6.770420 1.397065 -0.974245
v -6.773219 1.399622 -0.984458
vn -0.1488 -0.9660 0.2112
vn -0.4337 -0.0377 -0.9003
vn -0.4172 0.0280 -0.9084
vn -0.6878 -0.5172 0.5093
vn -0.9425 0.1578 0.2946
vn -0.9414 0.1586 0.2977
vn -0.7092 -0.4929 0.5041
vn 0.7676 -0.0432 0.6394
vn 0.7678 -0.0143 0.6405
vn 0.8903 -0.0386 0.4538
vn 0.7675 -0.0141 0.6408
vn 0.9051 -0.0188 0.4248
vn 0.9854 -0.0215 0.1686
vn 0.9832 -0.0402 0.1780
vn 0.9685 -0.0212 0.2481
vn -0.4160 0.0305 -0.9088
vn 0.8812 0.2030 0.4269
vn 0.7668 -0.0558 0.6395
vn 0.7606 0.1055 0.6406
vn 0.9471 0.2781 0.1603
vn 0.9644 0.2460 0.0965
vn 0.9933 -0.0405 0.1081
vn 0.9924 -0.0594 0.1079
vn 0.1935 0.9762 0.0982
vn 0.6067 0.6044 0.5164
vn 0.5692 0.7586 0.3170
vn 0.1298 0.9914 0.0148
vn 0.5179 0.8519 0.0776
vn 0.1688 0.9855 0.0149
vn 0.9939 -0.0218 0.1082
vn 0.1428 0.9897 0.0099
vn 0.5907 0.8054 0.0482
vn 0.0823 0.9966 0.0009
vn -0.0000 1.0000 -0.0000
vt 1.000000 0.000000
vt 1.000000 0.526741
vt 0.704865 0.248358
vt 0.639652 0.169030
vt 0.549337 0.059456
vt 0.528711 0.000000
vt 0.526741 0.526741
vt 0.000000 0.000000
vt 1.000000 0.479998
vt 0.916572 0.487409
vt 0.538853 0.538853
vt 0.612095 0.000000
vt 0.727987 0.088038
vt 1.000000 0.319637
vt 0.098003 0.000000
vt 1.000000 0.471289
vt 0.897040 0.417248
vt 0.279093 0.093118
vt 1.000000 0.347118
vt 0.834363 0.475184
vt 0.612095 0.612095
vt 0.904119 0.000000
vt 1.000000 0.100764
vt 0.347118 0.347118
vt 0.118546 0.105802
vt 0.310439 0.212296
vt 0.340639 0.287633
vt 0.095881 0.000000
vt 1.000000 1.000000
vt 0.751033 0.303623
vt 0.765446 0.274213
vt 0.775459 0.303630
vt 0.767840 0.269314
vt 0.775220 0.266759
vt 0.813682 0.256865
vt 0.813864 0.303632
vt 0.797547 0.261018
vt 0.675396 0.042353
vt 0.579310 0.060579
vt 0.520002 0.000000
vt 0.680362 0.000000
vt 0.751033 0.303623
vt 0.774797 0.327840
vt 0.748487 0.308471
vt 0.747150 0.326366
vt 0.813467 0.327840
vt 0.879986 0.327840
vt 0.879994 0.326726
vt 0.880123 0.303633
vt 0.880064 0.316199
vt -6.902036 0.766634
vt -6.899237 0.756422
vt -6.886684 0.771457
vt -6.914052 0.812911
vt -6.878098 0.813328
vt -6.904682 0.775312
vt -6.914478 0.808081
vt 0.880123 0.303633
vt 0.813682 0.256866
vt 0.881511 0.243566
vt -6.882007 0.868809
vt -6.873239 0.872867
vt -6.913611 0.854147
vt -6.882008 0.868809
vt -6.926852 0.848059
vt 0.813328 0.343783
vt 0.771457 0.343783
vt 0.879667 0.328643
vt 0.872867 0.343783
vt 0.879667 0.328643
vt 0.747275 0.327840
vt 0.756422 0.343783
s 0
usemtl base_material
f 2595/4800/2921 2610/4801/2921 2609/4802/2921 2607/4803/2921 2606/4804/2921 2608/4805/2921
f 2610/4806/2922 2595/4807/2922 2594/4800/2922
f 2605/4808/2923 2614/4809/2923 2610/4810/2923 2594/4807/2923 2613/4811/2923 2611/4812/2923 2612/4813/2923
f 2615/4814/2924 2595/4800/2924 2608/4815/2924 2616/4816/2924 2617/4817/2924
f 2618/4818/2925 2600/4819/2925 2613/4820/2925 2594/4807/2925 2615/4821/2925 2619/4822/2925
f 2618/4823/2926 2619/4824/2926 2620/4825/2926 2621/4826/2926
f 2615/4827/2927 2594/4800/2927 2595/4828/2927
s 1
f 2617/4829/2928 2616/4830/2929 2601/4831/2930
f 2616/4830/2929 2608/4832/2931 2606/4833/2932 2601/4831/2930
f 2609/4834/2933 2598/4835/2934 2607/4836/2935
f 2601/4831/2930 2606/4833/2932 2607/4836/2935 2598/4835/2934
s 0
f 2603/4837/2936 2604/4838/2936 2605/4839/2936 2612/4840/2936
s 1
f 2617/4841/2928 2601/4831/2930 2597/4842/2937 2615/4843/2938
f 2615/4843/2938 2597/4842/2937 2619/4844/2939
f 2597/4842/2937 2601/4831/2930 2602/4845/2940
f 2602/4845/2940 2601/4831/2930 2598/4835/2934
f 2604/4846/2941 2602/4845/2940 2598/4835/2934
f 2604/4847/2941 2598/4835/2934 2614/4848/2942 2605/4849/2943
f 2621/4850/2944 2620/4851/2945 2599/4852/2946
f 2600/4853/2947 2599/4852/2946 2596/4854/2948
f 2618/4855/2949 2621/4850/2944 2599/4852/2946 2600/4856/2947
f 2614/4857/2942 2598/4835/2934 2609/4858/2933 2610/4859/2950
f 2612/4860/2951 2600/4853/2947 2596/4854/2948 2603/4861/2952
f 2611/4862/2953 2600/4853/2947 2612/4863/2951
f 2613/4864/2954 2600/4853/2947 2611/4862/2953
f 2596/4865/2948 2599/4866/2946 2602/4845/2940
f 2599/4866/2946 2597/4842/2937 2602/4845/2940
f 2596/4865/2948 2602/4845/2940 2604/4867/2941
f 2603/4868/2952 2596/4865/2948 2604/4869/2941
f 2619/4870/2939 2597/4842/2937 2599/4866/2946 2620/4871/2945
o base_cell.063
v -6.972324 1.034270 -1.090741
v -6.972000 0.693357 -0.998179
v -6.972116 1.067377 -1.128361
v -6.971571 0.720547 -1.128059
v -6.972320 0.713098 -1.115445
v -6.821482 1.005001 -1.084203
v -6.828218 0.741417 -1.012898
v -6.898977 1.056973 -1.097637
v -6.871716 1.054384 -1.097173
v -6.853938 0.713646 -1.004933
v -6.805525 1.017567 -1.130347
v -6.792759 0.844672 -1.130907
v -6.898681 1.084423 -1.129198
v -6.885516 1.083886 -1.129701
v -6.792866 0.788658 -1.130890
v -6.805318 0.774958 -1.130099
v -6.867768 0.741974 -1.130124
v -6.790905 0.789340 -1.124906
v -6.845467 0.731190 -1.104885
v -6.808405 0.766862 -1.072370
v -6.816195 0.758970 -1.076769
v -6.846437 0.729182 -1.093443
v -6.801706 0.957946 -1.128925
v -6.821490 0.823277 -1.047713
v -6.817748 0.805888 -1.054515
v -6.810476 0.957316 -1.104722
v -6.825636 0.842432 -1.040225
v -6.839211 0.845856 -1.040903
v -6.826892 0.956431 -1.070988
v -6.857158 0.727695 -1.095026
v -6.887737 0.857562 -1.043558
v -6.844959 0.956393 -1.070786
v -6.887893 0.723792 -1.100432
v -6.872908 0.725612 -1.097303
v -6.836671 0.957919 -1.130336
v -6.878973 0.957832 -1.129857
v -6.887560 0.956306 -1.070364
v -6.888967 0.957810 -1.129701
vn 0.7252 -0.6866 -0.0522
vn 0.7173 -0.6941 -0.0610
vn 0.7165 -0.6946 -0.0649
vn 0.7256 -0.6688 -0.1617
vn 0.9503 -0.0019 -0.3113
vn 0.9374 0.0682 0.3415
vn -0.0156 0.0004 -0.9999
vn 0.0403 0.0207 -0.9990
vn 0.9079 0.1077 0.4052
vn 0.9228 0.0485 0.3822
vn 0.9369 0.0688 0.3427
vn 0.0090 0.2621 0.9650
vn 0.0175 0.2607 0.9653
vn 0.1585 -0.9747 -0.1577
vn 0.0103 0.2615 0.9652
vn 0.9384 0.0682 0.3387
vn 0.1646 -0.8461 -0.5069
vn 0.3666 -0.6935 -0.6202
vn -0.0113 0.0006 -0.9999
vn 0.1629 -0.8538 -0.4945
vn 0.0590 -0.1109 -0.9921
vn -0.0100 -0.0003 -0.9999
vn 0.0050 -0.0028 -1.0000
vn 0.5898 0.7039 0.3957
vn 0.5893 0.7069 0.3912
vn -1.0000 -0.0002 0.0027
vn -0.9982 -0.0016 -0.0602
vn -0.0197 -0.0009 -0.9998
vn 0.1527 -0.9745 -0.1645
vn -1.0000 0.0004 -0.0052
vn 0.0558 0.7531 0.6555
vn 0.0603 0.7520 0.6565
vn -0.0340 0.0975 -0.9947
vn 0.0087 0.2647 0.9643
vn -0.1680 0.7405 0.6507
vn -0.1655 0.7449 0.6463
vn -0.1432 -0.3871 0.9109
vn -0.1246 -0.3987 0.9086
vn -0.1264 -0.3976 0.9088
vn -0.0733 -0.4294 0.9001
vn -0.0018 0.9997 0.0254
vt 0.530963 0.530963
vt 1.000000 0.598774
vt 1.000000 1.000000
vt 0.000000 0.000000
vt 1.000000 0.000000
vt 0.598774 0.598774
vt 0.885525 0.000000
vt 0.261234 0.261234
vt 0.218180 0.000000
vt 0.703567 0.000000
vt 0.793426 0.154948
vt 1.000000 0.530963
vt 1.000000 0.368674
vt 1.000000 0.344594
vt 0.526585 0.526585
vt 1.000000 0.184234
vt 1.000000 0.616764
vt 0.703567 0.703567
vt 0.218180 0.218180
vt 1.000000 0.844027
vt 0.546226 0.000000
vt 0.616764 0.616764
vt 0.907606 0.000000
vt 1.000000 0.114476
vt 0.166706 0.166706
vt 0.155973 0.000000
vt 1.000000 0.261234
vt 1.000000 0.526585
vt 0.631326 0.000000
vt 0.546226 0.546226
vt 0.166706 0.000000
vt 0.907606 0.907606
vt -7.016533 -0.195624
vt -7.016689 -0.329370
vt -7.001707 -0.327551
vt -6.946557 -0.247289
vt -6.950298 -0.229903
vt -6.954443 -0.210751
vt -6.968016 -0.207328
vt -6.985960 -0.325468
vt -6.975240 -0.323981
vt -6.945004 -0.294198
vt -6.937216 -0.286307
vt -6.946556 -0.247289
vt -7.001707 -0.327551
vt -6.951530 0.853226
vt -6.939285 0.886876
vt -6.929938 0.912689
vt -6.965477 0.912485
vt -7.007770 0.912006
vt -7.017762 0.911851
vt -7.016356 0.852524
vt -6.973763 0.852946
s 0
usemtl base_material
f 2641/4872/2955 2642/4873/2955 2639/4874/2955
f 2642/4873/2955 2641/4872/2955 2628/4875/2955 2631/4876/2955
f 2642/4877/2956 2631/4875/2956 2643/4878/2956
f 2643/4878/2956 2640/4876/2956 2639/4874/2956 2642/4877/2956
f 2639/4874/2957 2640/4875/2957 2637/4876/2957
f 2639/4874/2958 2637/4875/2958 2636/4876/2958
f 2639/4874/2959 2636/4875/2959 2633/4876/2959
f 2639/4874/2960 2644/4879/2960 2647/4880/2960 2645/4881/2960 2646/4882/2960 2641/4883/2960
f 2638/4874/2961 2624/4875/2961 2635/4876/2961 2657/4884/2961
f 2644/4879/2960 2632/4875/2960 2647/4880/2960
f 2645/4881/2960 2628/4876/2960 2641/4883/2960 2646/4882/2960
f 2644/4885/2962 2633/4874/2962 2656/4886/2962
f 2650/4887/2963 2648/4888/2963 2645/4889/2963 2647/4890/2963
f 2647/4890/2964 2632/4875/2964 2627/4876/2964 2650/4887/2964
f 2648/4888/2965 2628/4874/2965 2645/4889/2965
f 2623/4876/2966 2653/4891/2966 2627/4874/2966 2630/4875/2966 2622/4875/2966
f 2649/4892/2967 2631/4876/2967 2628/4874/2967 2648/4893/2967
f 2631/4874/2968 2623/4875/2968 2651/4894/2968 2643/4895/2968
f 2643/4895/2968 2651/4894/2968 2640/4876/2968
f 2650/4896/2969 2627/4875/2969 2653/4897/2969
f 2644/4898/2970 2639/4874/2970 2633/4875/2970
f 2638/4876/2971 2640/4874/2971 2625/4875/2971
f 2638/4875/2972 2637/4876/2972 2640/4874/2972
f 2656/4899/2973 2633/4874/2973 2638/4875/2973 2657/4900/2973
f 2625/4876/2974 2640/4874/2974 2626/4875/2974
f 2638/4875/2975 2636/4876/2975 2637/4874/2975
f 2638/4875/2976 2633/4876/2976 2636/4874/2976
f 2649/4901/2969 2650/4896/2969 2653/4897/2969 2623/4876/2969 2631/4874/2969
f 2635/4875/2977 2632/4876/2977 2644/4885/2977 2656/4886/2977
f 2635/4876/2973 2656/4899/2973 2657/4900/2973
f 2630/4875/2978 2627/4876/2978 2632/4874/2978
f 2635/4875/2979 2630/4876/2979 2632/4874/2979
f 2650/4902/2967 2649/4892/2967 2648/4893/2967
f 2622/4875/2980 2626/4876/2980 2623/4874/2980
f 2626/4875/2981 2624/4876/2981 2625/4874/2981
f 2624/4875/2982 2638/4876/2982 2625/4874/2982
f 2640/4874/2983 2651/4903/2983 2623/4875/2983 2626/4876/2983
f 2622/4875/2984 2624/4876/2984 2626/4874/2984
f 2634/4875/2985 2629/4876/2985 2635/4874/2985
f 2629/4875/2986 2630/4876/2986 2635/4874/2986
f 2624/4875/2987 2634/4876/2987 2635/4874/2987
f 2629/4875/2988 2622/4876/2988 2630/4874/2988
f 2629/4875/2989 2624/4876/2989 2622/4874/2989
f 2629/4875/2990 2634/4876/2990 2624/4874/2990
s 1
f 2652/4904/2991 2654/4905/2991 2655/4906/2992 2646/4907/2993 2645/4908/2991 2648/4909/2991 2649/4910/2991
f 2651/4911/2994 2643/4912/2994 2642/4913/2994 2641/4914/2994 2646/4915/2993 2655/4916/2992
f 2650/4917/2995 2647/4918/2995 2644/4919/2995 2656/4920/2995 2657/4921/2995 2659/4922/2995 2658/4923/2995 2653/4924/2995
o base_cell.065
v -6.772460 0.688387 -1.272023
v -6.772619 0.708027 -1.275055
v -6.743941 0.795825 -1.321031
v -6.735360 0.763408 -1.306851
v -6.771228 0.798296 -1.318228
v -6.842178 0.796142 -1.310076
v -6.829964 0.802365 -1.314641
v -6.887839 0.770387 -1.291952
v -6.692229 0.572005 -1.295265
v -6.695016 0.559721 -1.296796
v -6.699846 0.609812 -1.288863
v -6.716290 0.690829 -1.276300
v -6.718601 0.700733 -1.277674
v -6.720820 0.710167 -1.279150
v -6.820504 0.801876 -1.315921
v -6.874535 0.704263 -1.264955
v -6.883448 0.710272 -1.267095
v -6.887906 0.713415 -1.267730
v -6.795888 0.642030 -1.275372
v -6.849233 0.685411 -1.264588
v -6.770469 0.621051 -1.281505
v -6.714941 0.576063 -1.292293
vn -0.0930 -0.0812 -0.9924
vn -0.0885 -0.0102 -0.9960
vn -0.1150 0.1293 -0.9849
vn -0.0932 0.1361 -0.9863
vn -0.0763 0.0077 -0.9971
vn -0.0854 0.1385 -0.9867
vn -0.0938 0.1421 -0.9854
vn -0.1027 0.1459 -0.9840
vn -0.1069 -0.4094 -0.9060
vn -0.1432 -0.3871 -0.9109
vn -0.0964 -0.4158 -0.9043
vn -0.1015 -0.4280 -0.8981
vn -0.0787 -0.3015 -0.9502
vn -0.0777 -0.3697 -0.9259
vn -0.1110 -0.4376 -0.8923
vn -0.1305 -0.4261 -0.8952
vn -0.0623 -0.3087 -0.9491
vn -0.0693 -0.1596 -0.9847
vt 7.978036 -0.367744
vt 7.901276 -0.364769
vt 7.924701 -0.411117
vt 7.924700 -0.411117
vt 7.899286 -0.432093
vt 7.845116 -0.362327
vt 7.828675 -0.443330
vt 7.843768 -0.477072
vt 7.899286 -0.432093
vt 7.828676 -0.443330
vt 7.821059 -0.481129
vt 7.823846 -0.493412
vt 7.843768 -0.477072
vt 8.012244 -0.342887
vt 8.016701 -0.339745
vt 8.016635 -0.282783
vt 7.970982 -0.257033
vt 7.958645 -0.250751
vt 7.949312 -0.251299
vt 7.945212 -0.251465
vt 7.900045 -0.254879
vt 7.901435 -0.345132
vt 8.003332 -0.348895
vt 7.864182 -0.289761
vt 7.900045 -0.254879
vt 7.872762 -0.257350
vt 7.849646 -0.342992
vt 7.864182 -0.289761
vt 7.847427 -0.352425
vt 7.845116 -0.362327
vt 7.999598 -0.351670
s 1
usemtl base_material
f 2679/4925/2996 2660/4926/2997 2678/4927/2998
f 2678/4928/2998 2660/4926/2997 2680/4929/2999
f 2660/4926/2997 2671/4930/3000 2670/4931/3001 2681/4932/3002 2680/4933/2999
f 2670/4934/3001 2668/4935/3003 2669/4936/3003 2681/4937/3002
f 2676/4938/3004 2677/4939/3005 2667/4940/3005 2665/4941/3005 2666/4942/3005 2674/4943/3006
f 2674/4944/3006 2664/4945/3007 2661/4946/3008 2675/4947/3009 2676/4938/3004
f 2663/4948/3010 2661/4946/3008 2664/4949/3007 2662/4950/3011
f 2673/4951/3012 2661/4946/3008 2663/4952/3010
f 2673/4951/3012 2672/4953/3013 2661/4946/3008
f 2671/4954/3000 2660/4926/2997 2661/4946/3008 2672/4953/3013
f 2675/4955/3009 2660/4926/2997 2679/4925/2996
f 2675/4947/3009 2661/4946/3008 2660/4926/2997
o base_cell.066
v -6.266260 0.830823 -1.474674
v -6.234761 0.654057 -1.475248
v -6.330011 0.831907 -1.475007
v -6.328945 0.674016 -1.475423
v -6.292078 0.976515 -1.303969
v -6.292275 0.978338 -1.291426
v -6.281461 0.919530 -1.269192
v -6.236727 0.660563 -1.369829
v -6.353847 0.889772 -1.407491
v -6.389512 0.873848 -1.308617
v -6.410232 0.871241 -1.215640
v -6.360412 0.926302 -1.206823
v -6.400749 0.885280 -1.196364
v -6.405254 0.879346 -1.202305
v -6.291738 0.901695 -1.251781
v -6.294683 0.799637 -1.250274
v -6.263590 0.717735 -1.313870
v -6.240949 0.662293 -1.361219
v -6.413722 0.852986 -1.239046
v -6.321052 0.882126 -1.216843
v -6.321712 0.844541 -1.216076
v -6.365245 0.687910 -1.372028
v -6.377375 0.786846 -1.275689
v -6.357007 0.686632 -1.365796
v -6.323820 0.911001 -1.354413
v -6.300725 0.911001 -1.337824
v -6.295761 0.953635 -1.320086
v -6.309205 0.953629 -1.327282
v -6.332342 0.924282 -1.351503
v -6.342585 0.911001 -1.363573
v -6.323577 0.935183 -1.343329
v -6.317719 0.942956 -1.335614
v -6.281625 0.919253 -1.315365
v -6.287880 0.953632 -1.314001
v -6.288587 0.957425 -1.317405
v -6.280126 0.911001 -1.316218
v -6.288806 0.958048 -1.325606
v -6.294300 0.958275 -1.325477
v -6.299632 0.958462 -1.325388
vn -0.7233 0.6784 -0.1289
vn -0.1476 -0.6416 0.7527
vn -0.1426 -0.6414 0.7539
vn 0.2450 0.0063 0.9695
vn 0.5937 0.3778 0.7105
vn -0.6891 0.7155 -0.1148
vn -0.7136 0.6848 -0.1480
vn -0.5308 -0.6238 0.5737
vn 0.7760 -0.0131 0.6305
vn 0.2625 0.0151 0.9648
vn 0.5955 0.3687 0.7138
vn -0.5355 -0.6180 0.5756
vn 0.9859 0.1672 0.0081
vn -0.7149 0.6834 -0.1478
vn -0.7226 0.6765 -0.1420
vn 0.9821 0.1880 -0.0119
vn -0.5527 -0.6152 0.5622
vn -0.0522 -0.6247 0.7791
vn -0.9410 0.0071 -0.3383
vn 0.7662 -0.0004 0.6426
vn 0.6220 0.3333 0.7085
vn 0.0037 0.7659 -0.6430
vn 0.8689 -0.0178 0.4947
vn -0.9440 -0.0115 -0.3299
vn 0.9838 0.1792 -0.0046
vn 0.8964 -0.0173 0.4430
vn 0.9845 0.1754 -0.0029
vn -0.1718 -0.6777 0.7150
vn -0.1386 -0.6438 0.7525
vn 0.0161 0.7618 -0.6476
vn -0.2835 0.7802 -0.5576
vn -0.9420 -0.0055 -0.3355
vn -0.8923 0.4108 -0.1873
vn 0.8854 -0.0244 0.4643
vn 0.8923 -0.0208 0.4511
vn -0.2087 -0.9763 0.0579
vn -0.2088 -0.9750 0.0759
vn -0.9435 -0.0095 -0.3312
vn -0.2079 -0.9737 0.0937
vn -0.1706 -0.6793 0.7138
vn -0.2071 -0.9767 0.0564
vn 0.0024 0.0027 -1.0000
vn 0.0053 0.0042 -1.0000
vn 0.0429 0.9963 0.0745
vn -0.3473 -0.4078 0.8444
vn -0.3957 -0.4315 0.8107
vn -0.4479 -0.3888 0.8051
vn -0.5066 -0.3550 0.7857
vn -0.5954 -0.2799 0.7531
vn -0.4884 -0.3160 0.8134
vn -0.5795 0.2843 0.7638
vn -0.4417 -0.1495 0.8846
vn -0.7093 -0.1988 0.6763
vn -0.7011 -0.1940 0.6862
vn -0.6073 0.1127 0.7865
vn -0.3954 0.6527 0.6462
vn 0.0027 -0.3696 0.9292
vn -0.5361 0.5822 0.6112
vt 0.000000 0.000000
vt 1.000000 0.000000
vt 1.000000 1.000000
vt 0.229193 0.000000
vt 0.858231 0.858231
vt 0.873248 0.000000
vt 1.000000 0.770807
vt 1.000000 0.874484
vt 0.959974 0.874169
vt 0.873248 0.873248
vt 0.858231 0.000000
vt 0.867946 0.650671
vt 0.913155 0.873748
vt 0.918484 0.846262
vt -6.420234 1.107648
vt -6.422847 1.104442
vt -6.417700 1.100465
vt -6.461238 -0.128915
vt -6.471478 -0.142195
vt -6.452717 -0.142195
vt -6.452474 -0.118016
vt -6.452475 -0.118016
vt -6.429626 -0.142195
vt -6.446617 -0.110245
vt -6.424663 -0.099568
vt -6.438104 -0.099573
vt -6.409031 -0.142195
vt -6.410529 -0.133944
vt -6.416784 -0.099571
vt -6.410530 -0.133944
vt -6.422847 -0.094741
vt -6.438104 -0.099573
vt -6.428533 -0.094741
vt -6.435362 -0.096798
vt -6.417012 -0.098345
vt -6.416784 -0.099571
vt -6.417700 -0.094741
s 0
usemtl base_material
f 2693/4956/3014 2695/4957/3014 2694/4958/3014
f 2694/4958/3015 2695/4956/3015 2704/4957/3015
f 2694/4958/3016 2704/4956/3016 2702/4957/3016
f 2693/4957/3017 2694/4958/3017 2702/4956/3017
f 2688/4956/3018 2687/4957/3018 2693/4958/3018
f 2693/4958/3019 2687/4956/3019 2686/4957/3019
f 2690/4957/3020 2693/4958/3020 2686/4956/3020 2709/4959/3020
f 2705/4957/3021 2704/4958/3021 2703/4956/3021
f 2697/4956/3022 2696/4957/3022 2702/4958/3022
f 2693/4958/3023 2702/4956/3023 2701/4957/3023
f 2693/4958/3024 2701/4956/3024 2688/4957/3024
f 2692/4956/3025 2704/4957/3025 2695/4958/3025
f 2689/4956/3026 2683/4957/3026 2688/4958/3026
f 2693/4958/3027 2690/4956/3027 2691/4957/3027
f 2692/4956/3028 2695/4957/3028 2693/4958/3028 2691/4956/3028
f 2716/4960/3029 2682/4956/3029 2718/4961/3029
f 2700/4956/3030 2703/4957/3030 2704/4958/3030 2692/4956/3030
f 2697/4957/3031 2702/4958/3031 2698/4956/3031
f 2690/4958/3032 2684/4956/3032 2691/4957/3032
f 2701/4957/3033 2702/4958/3033 2696/4956/3033
f 2701/4956/3034 2696/4957/3034 2688/4958/3034
f 2690/4957/3035 2709/4962/3035 2720/4963/3035 2719/4964/3035 2718/4965/3035 2682/4956/3035 2684/4956/3035
f 2696/4956/3036 2697/4957/3036 2688/4958/3036
f 2703/4958/3037 2700/4956/3037 2685/4957/3037
f 2688/4958/3038 2682/4956/3038 2716/4966/3038 2687/4957/3038
f 2699/4956/3039 2689/4957/3039 2688/4958/3039
f 2682/4957/3040 2688/4958/3040 2683/4956/3040
f 2704/4958/3041 2705/4956/3041 2698/4957/3041
f 2702/4957/3042 2704/4958/3042 2698/4956/3042
f 2686/4957/3029 2687/4958/3029 2716/4967/3029 2718/4961/3029
f 2686/4958/3043 2718/4968/3043 2719/4964/3043 2720/4963/3043
f 2720/4969/3044 2709/4962/3044 2686/4958/3044
f 2684/4956/3045 2685/4957/3045 2691/4958/3045
f 2692/4957/3046 2691/4958/3046 2700/4956/3046
f 2688/4958/3047 2697/4956/3047 2698/4957/3047
f 2688/4958/3048 2698/4956/3048 2699/4957/3048
f 2685/4956/3049 2689/4957/3049 2703/4958/3049
f 2689/4956/3050 2705/4957/3050 2703/4958/3050
f 2700/4957/3051 2691/4958/3051 2685/4956/3051
f 2689/4956/3052 2699/4957/3052 2705/4958/3052
f 2699/4956/3053 2698/4957/3053 2705/4958/3053
f 2685/4956/3054 2683/4957/3054 2689/4958/3054
f 2685/4956/3055 2684/4957/3055 2683/4958/3055
f 2684/4956/3056 2682/4957/3056 2683/4958/3056
s 1
f 2718/4970/3057 2719/4971/3057 2716/4972/3057
f 2710/4973/3058 2711/4974/3059 2706/4975/3060
f 2706/4975/3060 2712/4976/3061 2710/4973/3058
f 2712/4977/3061 2706/4975/3060 2707/4978/3062 2713/4979/3063
f 2707/4978/3062 2708/4980/3064 2709/4981/3065 2713/4979/3063
f 2707/4978/3062 2717/4982/3066 2714/4983/3067 2708/4980/3064
f 2715/4984/3068 2708/4980/3064 2714/4985/3067
f 2708/4980/3064 2719/4986/3069 2709/4987/3065
f 2720/4988/3070 2709/4989/3065 2719/4986/3069
f 2716/4990/3071 2708/4980/3064 2715/4991/3068
f 2716/4992/3071 2719/4986/3069 2708/4980/3064
o base_cell.067
v -6.856975 1.082569 -1.253226
v -6.856889 1.183627 -1.219607
v -6.856822 1.113890 -1.220100
v -6.857057 1.097713 -1.234803
v -6.830185 1.082020 -1.343463
v -6.849698 1.082544 -1.250987
v -6.857030 1.102071 -1.424940
v -6.856328 1.198382 -1.424940
v -6.813313 1.180963 -1.424174
v -6.813246 1.158160 -1.423954
v -6.813264 1.142242 -1.423821
v -6.813612 1.087798 -1.423054
v -6.813479 1.106029 -1.423390
v -6.813359 1.123135 -1.423685
v -6.818946 1.085986 -1.424940
v -6.830189 1.082158 -1.424940
v -6.846904 1.082260 -1.424940
v -6.857045 1.082442 -1.424940
vn -1.0000 0.0073 -0.0022
vn 0.3735 0.9252 0.0675
vn 0.9781 0.0049 0.2083
vn 0.9785 0.0006 0.2065
vn 0.9790 -0.0034 0.2036
vn 0.3223 -0.9466 -0.0016
vn -0.0061 -1.0000 -0.0017
vn -0.0180 -0.9998 0.0007
vn -1.0000 -0.0059 0.0004
vn -1.0000 0.0017 -0.0001
vn -0.9999 -0.0011 0.0172
vn 0.9743 -0.0007 0.2254
vn -0.0048 -1.0000 0.0047
vn 0.2276 -0.6567 0.7190
vn -0.1940 -0.7583 0.6224
vn 0.0239 0.0026 -0.9997
vn 0.0225 0.0026 -0.9997
vn 0.0503 0.0007 -0.9987
vn 0.1239 -0.0044 -0.9923
vn -0.4790 -0.0070 -0.8778
vn 0.3392 -0.0198 -0.9405
vt 1.000000 0.000000
vt 1.000000 0.804716
vt 0.194282 0.000000
vt 0.805186 0.047434
vt 0.804716 0.804716
vt 0.000000 0.000000
vt 1.000000 0.773471
vt 0.802211 0.802211
vt 1.000000 0.612728
vt 0.773471 0.773471
vt 0.610887 0.397578
vt 0.612728 0.612728
vt 0.604609 0.000000
vt 0.607930 0.205106
vt 0.619326 0.410094
vt 0.604609 0.604609
vt 0.620103 0.000000
vt 0.622014 0.000000
vt 0.620103 0.620103
vt 1.000000 0.776193
vt 0.622014 0.622014
vt 0.776193 0.776193
vt 0.793398 0.793398
vt 1.000000 0.805718
vt 1.000000 1.000000
vt 7.990925 0.145135
vt 7.956832 0.128736
vt 7.946584 0.052799
vt 7.955252 0.032759
vt 7.956906 0.028932
vt 7.987679 0.029034
vt 7.990110 0.032342
vt 8.002232 0.048842
vt 7.942117 0.127719
vt 7.942049 0.104921
vt 7.942074 0.089006
vt 7.942168 0.069902
vt 7.942288 0.052799
vt 7.942423 0.034571
vt 7.947754 0.032759
s 0
usemtl base_material
f 2722/4993/3072 2728/4994/3072 2727/4995/3072
f 2729/4996/3073 2728/4997/3073 2722/4998/3073
f 2730/4999/3074 2729/5000/3074 2722/4998/3074 2726/4993/3074
f 2726/4998/3075 2725/4993/3075 2731/5001/3075 2730/5002/3075
f 2734/5003/3076 2731/5004/3076 2725/4998/3076 2732/5005/3076 2733/5006/3076
f 2735/5007/3077 2732/5008/3077 2725/4998/3077 2736/5009/3077
f 2725/4998/3078 2737/5010/3078 2736/5011/3078
f 2725/4998/3079 2721/4993/3079 2738/5012/3079 2737/5013/3079
f 2738/5014/3080 2721/4998/3080 2724/4993/3080
f 2738/5015/3081 2724/4998/3081 2722/4993/3081 2727/5016/3081
f 2724/4998/3082 2723/4993/3082 2722/5017/3082
f 2723/4998/3083 2726/4993/3083 2722/5017/3083
f 2721/4998/3084 2725/4993/3084 2726/5017/3084
f 2723/4998/3085 2724/4993/3085 2726/5017/3085
f 2724/4998/3086 2721/4993/3086 2726/5017/3086
s 1
f 2728/5018/3087 2729/5019/3088 2733/5020/3089 2735/5021/3090 2736/5022/3087 2737/5023/3087 2738/5024/3087 2727/5025/3087
f 2733/5020/3089 2729/5026/3088 2730/5027/3091 2731/5028/3091 2734/5029/3091
f 2733/5030/3089 2732/5031/3092 2735/5032/3090
o base_cell.068
v -6.784397 0.955498 -0.992623
v -6.812843 0.955498 -0.958554
v -6.823590 1.016864 -0.948033
v -6.817973 1.020977 -0.951429
v -6.824884 0.955498 -0.950762
v -6.801206 1.015995 -0.958554
v -6.813627 1.023620 -0.952971
v -6.793136 1.008438 -0.969961
v -6.774445 0.985928 -1.008576
v -6.782869 0.955498 -0.998571
v -6.777213 0.992846 -0.992623
vn 0.6360 -0.0966 0.7656
vn 0.8716 -0.1677 0.4606
vn 0.8519 -0.1639 0.4973
vn 0.7594 -0.1461 0.6340
vn 0.5364 -0.1032 0.8376
vn 0.5426 -0.0487 0.8386
vn 0.4360 -0.0635 0.8977
vn 0.3720 -0.0716 0.9255
vn 0.9522 -0.1831 0.2447
vt 0.740734 -0.097705
vt 0.774797 -0.097705
vt 0.774797 -0.060364
vt 0.752139 -0.044775
vt 0.740734 -0.037219
vt -6.952398 -0.036350
vt -6.953691 -0.097705
vt -6.941652 -0.097705
vt -6.946781 -0.032238
vt -6.930018 -0.037219
vt -6.942437 -0.029596
vt -6.946781 -0.032238
vt 0.780744 -0.097705
vt 0.790747 -0.067280
vt 0.774797 -0.060364
s 1
usemtl base_material
f 2740/5033/3093 2739/5034/3094 2749/5035/3095 2746/5036/3096 2744/5037/3097
f 2741/5038/3098 2743/5039/3098 2740/5040/3093 2742/5041/3099
f 2744/5042/3097 2745/5043/3100 2742/5044/3099 2740/5040/3093
f 2739/5034/3094 2748/5045/3101 2747/5046/3101 2749/5047/3095
o base_cell.069
v -6.490314 0.880618 -1.323135
v -6.446080 1.044952 -1.190550
v -6.491099 0.932980 -1.378817
v -6.456692 1.170800 -1.382914
v -6.491998 0.892213 -1.343534
v -6.442300 1.071443 -1.187583
v -6.498646 0.881770 -1.339470
v -6.561202 1.182044 -1.373986
v -6.493537 1.247146 -1.224740
v -6.525711 1.231007 -1.292332
v -6.495375 0.930105 -1.380214
v -6.520572 0.945161 -1.389401
v -6.533988 1.200337 -1.408011
v -6.457147 1.273234 -1.389085
v -6.465296 1.269074 -1.391313
v -6.520422 0.912354 -1.385136
v -6.441980 1.275473 -1.187852
v -6.499586 0.958462 -1.354446
v -6.498657 0.953882 -1.352157
v -6.484180 0.958462 -1.358079
v -6.484454 0.953815 -1.355386
v -6.491002 0.926466 -1.371891
v -6.487611 0.957090 -1.379233
v -6.512797 0.956452 -1.387582
v -6.512921 0.953949 -1.346119
v -6.517345 0.928428 -1.362455
v -6.514548 0.958462 -1.348001
v -6.523170 0.909670 -1.379555
v -6.522271 0.904160 -1.379411
v -6.520846 0.911001 -1.374560
v -6.530046 0.956828 -1.379167
v -6.494745 0.923034 -1.373369
v -6.512302 0.911001 -1.377320
v -6.501673 0.918448 -1.375074
v -6.508250 0.913971 -1.376581
v -6.518150 0.909670 -1.381002
v -6.527115 0.956611 -1.383307
v -6.521154 0.956246 -1.390210
vn 0.9972 -0.0017 -0.0743
vn -0.5826 0.0020 0.8128
vn -0.5973 -0.0046 0.8020
vn 0.9828 -0.1250 -0.1360
vn 0.9972 -0.0001 -0.0752
vn 0.9784 -0.1439 -0.1481
vn 0.9782 -0.1441 -0.1493
vn 0.3501 -0.0667 -0.9343
vn 0.3118 -0.0610 -0.9482
vn 0.3124 -0.0575 -0.9482
vn 0.2949 -0.0562 -0.9539
vn -0.4599 0.8876 0.0248
vn -0.8847 -0.1327 0.4469
vn -0.8886 -0.1018 0.4473
vn 0.2893 -0.0550 -0.9557
vn 0.6962 -0.5978 -0.3973
vn 0.9672 -0.1780 -0.1810
vn -0.8807 -0.1300 0.4555
vn -0.8853 -0.1472 0.4412
vn 0.6680 -0.4860 -0.5635
vn 0.6258 -0.5385 -0.5643
vn 0.2744 -0.1227 -0.9537
vn -0.4975 0.8669 0.0298
vn -0.0125 0.9984 -0.0543
vn -0.0063 0.9983 -0.0580
vn -0.0064 0.9983 -0.0579
vn -0.0089 0.9985 -0.0549
vn 0.5273 -0.5662 -0.6335
vn -0.7567 -0.0875 -0.6479
vn -0.7563 -0.0875 -0.6484
vn -0.7546 -0.0871 -0.6504
vn 0.2871 -0.0546 -0.9563
vn -0.6791 0.7169 -0.1577
vn -0.6791 0.7211 -0.1372
vn -0.8145 -0.0995 -0.5715
vn -0.8452 -0.1128 -0.5224
vn 0.5198 -0.5763 -0.6306
vn -0.0086 0.9982 -0.0594
vn -0.0147 0.9979 -0.0624
vn -0.0186 0.9989 -0.0431
vn 0.3115 -0.5557 0.7708
vn 0.2608 -0.5817 0.7705
vn 0.2540 -0.5664 0.7840
vn 0.3034 -0.0424 0.9519
vn 0.3914 -0.0053 0.9202
vn 0.1757 -0.5422 0.8217
vn 0.1746 -0.5414 0.8225
vn 0.2196 0.0049 0.9756
vn 0.1203 -0.5005 0.8574
vn 0.1995 0.4764 0.8563
vn 0.2751 0.4759 0.8353
vn 0.3502 0.4652 0.8130
vn 0.4117 -0.5826 -0.7008
vt 0.000000 0.000000
vt 1.000000 0.000000
vt 1.000000 1.000000
vt 0.589121 0.187345
vt 0.613416 0.192267
vt 1.000000 0.101379
vt 0.836418 0.024510
vt 0.875611 0.000000
vt 0.565719 0.183226
vt 0.101379 0.101379
vt 1.000000 0.049525
vt 0.130866 0.110188
vt 0.844610 0.060408
vt 0.111565 0.111565
vt 0.033987 0.000000
vt 0.811638 0.000000
vt 0.981682 0.000000
vt 1.000000 0.016753
vt 0.034405 0.000000
vt 1.000000 0.124389
vt 0.027341 0.000000
vt 0.813386 0.000000
vt 0.817790 0.817790
vt -6.628451 1.136555
vt -6.641660 1.169685
vt -6.651348 1.170778
vt -6.655975 1.165411
vt -6.658762 1.161476
vt 1.000000 0.029386
vt 0.813386 0.813386
vt 0.164104 0.000000
vt 1.000000 0.952861
vt 0.952861 0.952861
vt 0.956557 0.956557
vt 0.164104 0.164104
vt 1.000000 0.188362
vt 1.000000 0.018317
vt 0.958699 0.187180
vt 0.022821 0.000000
vt -6.620501 1.162806
vt -6.613048 1.140188
vt -6.643411 1.130111
vt -6.658906 1.161272
vt -6.646207 -0.124771
vt -6.649707 -0.142195
vt -6.641165 -0.142195
vt -6.638669 -0.140443
vt -6.637114 -0.139225
vt -6.627522 -0.099321
vt -6.641784 -0.099254
vt -6.646207 -0.124771
vt -6.637114 -0.139225
vt -6.630538 -0.134748
vt -6.618994 -0.122956
vt -6.613321 -0.099388
vt -6.623610 -0.130163
vt -6.618994 -0.122956
vt -6.613198 -0.097184
vt -6.613048 -0.094741
vt -6.628451 -0.094741
vt -6.643411 -0.094741
vt -6.642671 -0.096838
vt 0.404256 0.000000
vt 0.641463 0.000000
s 0
usemtl base_material
f 2753/5048/3102 2766/5049/3102 2755/5050/3102
f 2766/5048/3103 2758/5049/3103 2755/5050/3103
f 2758/5048/3104 2751/5049/3104 2755/5050/3104
f 2751/5048/3105 2753/5049/3105 2755/5050/3105
f 2763/5048/3106 2766/5049/3106 2753/5050/3106
f 2751/5048/3107 2750/5049/3107 2753/5050/3107
f 2770/5051/3108 2769/5052/3108 2772/5053/3108 2753/5050/3108 2750/5048/3108 2771/5054/3108
f 2771/5055/3108 2752/5049/3108 2772/5053/3108 2769/5052/3108 2770/5056/3108
f 2772/5057/3109 2752/5048/3109 2760/5049/3109
f 2787/5058/3110 2753/5050/3110 2772/5059/3110 2773/5060/3110
f 2772/5061/3111 2760/5048/3111 2761/5049/3111 2787/5058/3111 2773/5060/3111
f 2753/5050/3112 2787/5062/3112 2763/5049/3112
f 2763/5048/3113 2764/5049/3113 2766/5050/3113
f 2780/5063/3114 2777/5064/3114 2778/5065/3114 2750/5050/3114 2757/5048/3114
f 2759/5048/3115 2757/5049/3115 2758/5050/3115
f 2787/5066/3116 2764/5049/3116 2763/5050/3116
f 2750/5050/3117 2756/5048/3117 2754/5049/3117
f 2750/5050/3118 2754/5048/3118 2771/5067/3118
f 2757/5048/3119 2750/5049/3119 2751/5049/3119 2758/5050/3119
f 2778/5068/3120 2756/5049/3120 2750/5050/3120
f 2754/5048/3121 2781/5069/3121 2771/5070/3121
f 2760/5049/3122 2752/5050/3122 2771/5070/3122 2781/5069/3122
f 2761/5049/3123 2760/5050/3123 2765/5048/3123
f 2764/5048/3124 2759/5049/3124 2758/5049/3124 2766/5050/3124
s 1
f 2767/5071/3125 2773/5072/3126 2787/5073/3127 2786/5074/3127 2780/5075/3128
s 0
f 2778/5076/3129 2760/5050/3129 2781/5077/3129 2754/5048/3129
f 2761/5050/3130 2765/5048/3130 2786/5078/3130 2787/5079/3130
f 2757/5049/3131 2787/5079/3131 2786/5078/3131
f 2757/5048/3132 2762/5049/3132 2787/5080/3132
f 2762/5048/3133 2764/5049/3133 2787/5081/3133
f 2762/5048/3134 2757/5049/3134 2764/5050/3134
f 2757/5048/3135 2759/5049/3135 2764/5050/3135
f 2757/5050/3136 2786/5082/3136 2780/5083/3136
f 2765/5048/3137 2777/5084/3137 2780/5085/3137 2786/5082/3137
f 2754/5049/3138 2756/5050/3138 2778/5086/3138
s 1
f 2772/5087/3139 2767/5071/3125 2769/5088/3140
f 2767/5071/3125 2772/5087/3139 2773/5072/3126
f 2776/5089/3141 2767/5071/3125 2780/5090/3128
f 2775/5091/3142 2779/5092/3143 2782/5093/3143 2784/5094/3144
f 2784/5095/3144 2768/5096/3145 2774/5097/3146 2775/5098/3142
f 2768/5096/3145 2784/5099/3144 2783/5100/3147 2771/5101/3148 2770/5102/3149
f 2781/5103/3150 2771/5104/3148 2783/5100/3147
f 2770/5105/3149 2769/5106/3151 2767/5107/3152 2768/5096/3145
f 2767/5107/3152 2774/5097/3146 2768/5096/3145
f 2776/5108/3153 2774/5109/3146 2767/5107/3152
s 0
f 2765/5049/3154 2760/5050/3154 2778/5110/3154 2777/5111/3154
l 2777 2785
o base_cell.070
v -6.323820 0.911001 -1.018161
v -6.278233 0.911001 -1.058342
v -6.300725 0.911001 -1.034750
v -6.347562 0.911001 -1.006571
v -6.323392 0.953624 -1.037697
v -6.279803 0.944390 -1.063146
v -6.312331 0.953628 -1.043618
v -6.296507 0.947218 -1.049819
v -6.316962 0.954680 -1.040438
v -6.328909 0.957306 -1.033345
v -6.358117 0.925006 -1.010841
v -6.334249 0.953617 -1.033707
v -6.343817 0.942165 -1.024988
v -6.349604 0.935190 -1.018450
v -6.366500 0.911001 -1.000788
v -6.276860 0.916534 -1.060399
vn -0.2600 -0.4555 -0.8514
vn -0.2476 -0.4484 -0.8588
vn -0.3211 -0.4434 -0.8368
vn -0.3626 -0.4353 -0.8241
vn -0.4479 -0.3888 -0.8051
vn -0.3479 -0.4081 -0.8440
vn -0.4201 -0.1995 -0.8853
vn -0.3382 -0.1952 -0.9206
vn -0.5954 -0.2799 -0.7531
vn -0.4575 -0.2450 -0.8548
vn -0.5681 -0.2330 -0.7893
vn -0.6751 -0.1726 -0.7172
vn -0.6296 -0.1396 -0.7643
vn -0.4072 0.5061 -0.7603
vn -0.2970 0.5095 -0.8076
vt 7.496121 -0.139111
vt 7.487008 -0.128192
vt 7.476455 -0.142195
vt 7.487008 -0.128192
vt 7.478497 -0.118009
vt 7.452717 -0.142195
vt 7.472710 -0.111036
vt 7.452289 -0.099579
vt 7.463144 -0.099586
vt 7.429626 -0.142195
vt 7.441230 -0.099575
vt 7.425409 -0.105983
vt 7.407137 -0.142195
vt 7.422007 -0.106028
vt 7.405765 -0.136663
vt 7.422007 -0.106028
vt 7.408708 -0.108811
vt 7.441230 -0.099575
vt 7.445860 -0.098523
vt 7.456640 -0.095704
vt 7.460505 -0.096552
s 1
usemtl base_material
f 2802/5112/3155 2798/5113/3156 2791/5114/3157
f 2791/5114/3157 2798/5115/3156 2801/5116/3158
f 2788/5117/3159 2791/5114/3157 2801/5116/3158 2800/5118/3160
f 2792/5119/3161 2788/5117/3159 2800/5118/3160 2799/5120/3162
f 2792/5119/3161 2790/5121/3163 2788/5117/3159
f 2790/5121/3163 2792/5119/3161 2794/5122/3164 2795/5123/3165
f 2789/5124/3166 2790/5121/3163 2795/5125/3165
f 2803/5126/3167 2789/5124/3166 2795/5127/3165 2793/5128/3167
f 2794/5129/3164 2792/5119/3161 2796/5130/3168
f 2797/5131/3169 2792/5119/3161 2799/5132/3162
o base_cell.071
v -6.614014 0.749481 -1.182088
v -6.617081 0.791295 -1.177588
v -6.619545 0.804116 -1.120436
v -6.637726 0.716428 -1.185955
v -6.724473 0.782128 -1.178550
v -6.772618 0.708027 -1.097519
v -6.789756 0.785197 -1.139309
v -6.843637 0.730937 -1.104904
v -6.802032 0.775565 -1.131330
v -6.708914 0.807871 -1.066746
v -6.704963 0.804846 -1.048228
v -6.789424 0.788158 -1.124950
v -6.792151 0.786580 -1.131907
v -6.662564 0.693166 -1.092182
v -6.772459 0.688387 -1.100551
v -6.662732 0.712567 -1.088830
v -6.613855 0.697900 -1.090460
v -6.614311 0.705715 -1.089117
v -6.614862 0.715043 -1.087274
v -6.616636 0.740147 -1.072067
v -6.619786 0.783246 -1.045960
v -6.620361 0.791078 -1.041842
v -6.678008 0.567959 -1.075224
v -6.694501 0.550475 -1.074353
v -6.715075 0.575762 -1.080250
v -6.631677 0.618423 -1.079800
v -6.658884 0.588570 -1.076285
v -6.612035 0.653216 -1.084333
v -6.615279 0.647381 -1.083571
v -6.694160 0.802344 -1.042514
v -6.660935 0.797609 -1.043160
v -6.714435 0.799805 -1.045346
v -6.709741 0.801486 -1.043861
v -6.817644 0.755587 -1.078501
v -6.844708 0.728846 -1.093462
v -6.778232 0.652891 -1.096427
v -6.785706 0.662176 -1.098657
v -6.805970 0.687088 -1.103796
v -6.811719 0.693617 -1.103406
v -6.822814 0.706173 -1.102494
v -6.758263 0.646237 -1.152876
v -6.748305 0.629024 -1.133264
v -6.757117 0.642336 -1.144018
v -6.771152 0.644158 -1.094323
v -6.710821 0.580706 -1.114818
v -6.723640 0.596230 -1.117620
v -6.694587 0.563598 -1.120214
v -6.665180 0.650330 -1.162170
v -6.680058 0.650330 -1.184562
v -6.662882 0.647640 -1.156062
v -6.679349 0.580706 -1.114818
v -6.671072 0.596230 -1.117620
v -6.658403 0.642336 -1.144018
v -6.660097 0.628188 -1.132588
v -6.697362 0.650330 -1.192283
v -6.771522 0.779217 -1.063470
v -6.806608 0.766017 -1.072627
v -6.749899 0.649585 -1.160479
v -6.755085 0.647933 -1.156728
v -6.725101 0.650330 -1.175723
v -6.710782 0.650330 -1.184343
vn 0.9982 0.0534 0.0283
vn 0.9980 0.0561 0.0284
vn 0.7085 -0.6781 -0.1954
vn 0.7132 -0.6727 -0.1972
vn 0.9988 0.0438 0.0229
vn 0.9972 0.0706 0.0242
vn 0.7381 -0.4732 -0.4810
vn 0.0118 0.1078 -0.9941
vn -0.7413 -0.6455 -0.1837
vn -0.0000 0.3008 -0.9537
vn -0.0000 -0.0494 -0.9988
vn -0.0000 -0.0365 -0.9993
vn 0.9962 0.0836 0.0242
vn -0.0928 0.8356 0.5415
vn -0.3952 0.8844 0.2483
vn -0.7052 0.7053 0.0727
vn -0.7181 0.6934 0.0596
vn -0.7428 -0.6428 -0.1870
vn 0.7313 -0.4786 -0.4859
vn 0.7334 -0.4795 -0.4819
vn -0.0006 0.1112 -0.9938
vn -0.0810 0.9718 -0.2215
vn 0.3924 -0.2698 -0.8793
vn -0.0076 0.1021 -0.9947
vn -0.0842 0.9727 -0.2161
vn 0.1466 0.9761 0.1607
vn 0.1222 0.9833 0.1346
vn -0.3840 0.8947 0.2281
vn -0.3967 0.8849 0.2442
vn -0.6669 0.7392 0.0938
vn -0.7078 0.6169 -0.3442
vn -0.7448 0.6655 -0.0487
vn -0.1104 0.9777 -0.1785
vn -0.5646 -0.0901 -0.8204
vn -0.6714 -0.2906 -0.6818
vn -0.5676 0.0423 -0.8222
vn -0.5231 -0.0208 -0.8520
vn -0.5092 -0.0151 -0.8605
vn -0.5157 -0.0159 -0.8566
vn -0.0938 -0.0631 0.9936
vn -0.1166 0.1301 0.9846
vn -0.0885 -0.0102 0.9960
vn -0.0904 0.1362 0.9865
vn -0.1260 0.1347 0.9829
vn -0.0952 0.1427 0.9852
vn -0.0551 -0.0112 0.9984
vn -0.1027 0.1459 0.9840
vn -0.0871 0.1457 0.9855
vn -0.0392 0.1446 0.9887
vn -0.0288 -0.0179 0.9994
vn -0.0733 -0.4294 0.9001
vn -0.0793 -0.3531 0.9322
vn -0.0787 -0.3015 0.9502
vn -0.1100 -0.4275 0.8973
vn -0.0677 -0.4621 0.8842
vn -0.1305 -0.4261 0.8952
vn -0.0436 -0.3344 0.9414
vn -0.0752 -0.4706 0.8792
vn -0.0501 -0.4717 0.8803
vn -0.0863 -0.4778 0.8742
vn -0.1040 -0.4689 0.8771
vn -0.0116 -0.3621 0.9321
vn -0.0010 -0.5182 0.8553
vn -0.0000 -0.8246 -0.5657
vn -0.0000 -0.7813 -0.6242
vn 0.0008 -0.5443 -0.8389
vn 0.0006 -0.5678 -0.8232
vn -0.0000 -0.9152 -0.4030
vn 0.0006 -0.9408 -0.3388
vn 0.0012 -0.9620 -0.2730
vn -0.0850 0.9741 -0.2096
vn 0.0011 -0.3381 -0.9411
vn 0.0013 -0.3571 -0.9341
vn 0.0035 -0.9999 -0.0154
vn -0.0915 -0.1494 0.9845
vn -0.0198 -0.1812 0.9833
vt 0.677318 0.000000
vt 1.000000 0.000000
vt 1.000000 0.386114
vt 0.805581 0.139000
vt 0.735723 0.062916
vt 0.386114 0.386114
vt 0.000000 0.000000
vt 1.000000 0.022760
vt 0.913196 0.076783
vt 0.198571 0.000000
vt 0.201907 0.201907
vt 0.757109 0.000000
vt 0.429232 0.121469
vt 0.198571 0.198571
vt 0.953001 0.302407
vt 0.149196 0.000000
vt 1.000000 1.000000
vt 0.149196 0.149196
vt 0.137922 0.000000
vt 0.891625 0.094508
vt 1.000000 0.201907
vt 0.869135 0.107538
vt 0.574125 0.440599
vt 0.474712 0.474712
vt 0.279462 0.262615
vt 0.725513 0.157729
vt 7.823417 -0.489536
vt 7.839648 -0.472430
vt 7.808182 -0.472430
vt 0.180245 0.180245
vt 0.130195 0.000000
vt 0.130195 0.130195
vt 0.077747 0.000000
vt 0.518021 0.000000
vt 1.000000 0.418662
vt 1.000000 0.113774
vt 0.418662 0.418662
vt 0.113774 0.113774
vt 0.641845 0.000000
vt 0.757245 0.099734
vt 1.000000 0.264580
vt 1.000000 0.474712
vt 0.871549 0.407224
vt 0.533489 0.233773
vt 0.458360 0.203971
vt 0.315133 0.148106
vt 0.407411 0.000000
vt 1.000000 0.447148
vt 0.892911 0.352018
vt 0.537236 0.421228
vt 0.447148 0.447148
vt 0.862078 0.000000
vt 1.000000 0.242891
vt 0.987618 0.987618
vt 0.951653 0.806856
vt 0.873262 0.681481
vt 0.659357 0.480446
vt 0.365841 0.365841
vt 1.000000 0.063710
vt 0.032999 0.000000
vt 0.180245 0.000000
vt 0.555771 0.433249
vt 0.653444 0.347383
vt 1.000000 0.922252
vt 0.459813 0.000000
vt 0.459813 0.459813
vt 0.314863 0.314863
vt 1.000000 0.341502
vt 0.341502 0.341502
vt 1.000000 0.358155
vt 0.779585 0.000000
vt 1.000000 0.314863
vt 0.032999 0.032999
vt 1.000000 0.224397
vt 0.224397 0.224397
vt 0.220415 0.000000
vt -6.934780 -0.366067
vt -6.914520 -0.390975
vt -6.901276 -0.364769
vt -6.899969 -0.408990
vt -6.914520 -0.390975
vt -6.907047 -0.400259
vt -6.843903 -0.477373
vt -6.791400 -0.359991
vt -6.823332 -0.502656
vt -6.806841 -0.485175
vt -6.787721 -0.464567
vt -6.740880 -0.399933
vt -6.742600 -0.357334
vt -6.760519 -0.434720
vt -6.744124 -0.405767
vt -6.946453 -0.297580
vt -6.973512 -0.324317
vt -6.951622 -0.346986
vt -6.901435 -0.345132
vt -6.900339 -0.273954
vt -6.937659 -0.289037
vt -6.838569 -0.251690
vt -6.843263 -0.253370
vt -6.791568 -0.340592
vt -6.789772 -0.255566
vt -6.822990 -0.250832
vt -6.748630 -0.269926
vt -6.752325 -0.261248
vt -6.743707 -0.338118
vt -6.745481 -0.313018
vt 7.885937 -0.410811
vt 7.787241 -0.410811
vt 7.788934 -0.424957
vt 7.877126 -0.424121
vt 7.887082 0.935021
vt 7.883905 0.938872
vt 7.875995 0.944314
vt 7.794016 0.944314
vt 7.791719 0.938207
vt 7.787241 0.926165
vt 7.885937 0.926165
vt 7.876566 -0.424957
vt 7.788934 -0.424957
vt 7.799908 -0.456909
vt 7.852466 -0.456909
vt 7.799907 -0.456909
vt 7.808182 -0.472430
vt 7.839649 -0.472430
vt 7.821527 0.974457
vt 7.808891 0.966702
vt 7.794016 0.944314
vt 7.853926 0.957864
vt 7.839609 0.966482
vt -6.940528 -0.359539
vt -6.934780 -0.366068
vt -6.951622 -0.346986
vt -6.940529 -0.359539
vt -6.742700 -0.355257
vt -6.743156 -0.347444
vt -6.743707 -0.338118
s 0
usemtl base_material
f 2820/5133/3170 2804/5134/3170 2823/5135/3170 2822/5136/3170 2821/5137/3170
f 2823/5138/3171 2804/5139/3171 2825/5140/3171 2824/5141/3171
f 2826/5142/3172 2827/5143/3172 2850/5139/3172
f 2850/5139/3173 2829/5144/3173 2830/5145/3173 2826/5146/3173
f 2804/5134/3174 2820/5147/3174 2831/5148/3174
f 2805/5139/3175 2825/5134/3175 2804/5149/3175
f 2807/5134/3176 2804/5149/3176 2831/5150/3176 2832/5151/3176
f 2805/5134/3177 2804/5149/3177 2807/5139/3177
f 2848/5152/3178 2850/5134/3178 2827/5153/3178 2828/5154/3178 2847/5155/3178 2839/5156/3178 2845/5157/3178 2849/5158/3178
s 1
f 2850/5159/3179 2848/5160/3180 2854/5161/3181
s 0
f 2806/5134/3182 2825/5149/3182 2805/5139/3182
f 2833/5162/3183 2814/5139/3183 2836/5163/3183
f 2836/5164/3184 2814/5139/3184 2835/5165/3184
f 2860/5166/3185 2816/5134/3185 2837/5167/3185
f 2811/5134/3186 2838/5168/3186 2837/5169/3186 2816/5139/3186
f 2838/5170/3187 2811/5139/3187 2844/5171/3187 2846/5172/3187 2845/5173/3187 2839/5174/3187 2840/5175/3187 2841/5176/3187 2842/5177/3187 2843/5178/3187
f 2852/5179/3188 2807/5134/3188 2853/5180/3188 2851/5181/3188
f 2856/5182/3189 2853/5183/3189 2807/5139/3189 2832/5184/3189 2829/5185/3189 2850/5186/3189 2854/5187/3189 2855/5188/3189 2857/5189/3189
f 2808/5134/3190 2805/5149/3190 2807/5139/3190
f 2808/5139/3191 2806/5134/3191 2805/5149/3191
f 2852/5190/3192 2858/5191/3192 2807/5149/3192
f 2808/5134/3193 2807/5149/3193 2858/5192/3193
f 2808/5139/3194 2810/5134/3194 2806/5149/3194
f 2825/5149/3195 2806/5139/3195 2814/5139/3195 2833/5193/3195 2834/5194/3195
f 2813/5139/3196 2814/5134/3196 2806/5149/3196
f 2813/5139/3197 2815/5134/3197 2814/5149/3197
f 2859/5195/3198 2835/5196/3198 2814/5149/3198 2815/5139/3198 2860/5197/3198
f 2860/5198/3199 2815/5139/3199 2816/5134/3199
f 2816/5149/3200 2810/5139/3200 2812/5134/3200
f 2811/5134/3201 2816/5149/3201 2812/5139/3201
f 2816/5149/3202 2815/5139/3202 2813/5134/3202
f 2811/5149/3203 2861/5199/3203 2862/5200/3203
f 2811/5149/3204 2862/5201/3204 2844/5202/3204
f 2812/5139/3205 2810/5134/3205 2811/5149/3205
f 2810/5139/3206 2863/5203/3206 2861/5204/3206 2811/5149/3206
f 2808/5149/3207 2858/5205/3207 2864/5206/3207
f 2810/5134/3208 2808/5149/3208 2864/5207/3208 2863/5208/3208
s 1
f 2841/5209/3209 2840/5210/3210 2818/5211/3211
f 2847/5212/3212 2818/5211/3211 2840/5213/3210 2839/5214/3213
f 2828/5215/3214 2817/5216/3215 2818/5211/3211 2847/5212/3212
f 2828/5215/3214 2827/5217/3216 2826/5218/3216 2830/5219/3217 2817/5216/3215
f 2831/5220/3218 2820/5221/3219 2817/5216/3215 2830/5219/3217 2829/5222/3218 2832/5223/3218
f 2837/5224/3220 2838/5225/3220 2843/5226/3221 2809/5227/3222 2859/5228/3223 2860/5229/3220
f 2859/5228/3223 2809/5227/3222 2836/5230/3224 2835/5231/3225
f 2836/5230/3224 2809/5227/3222 2819/5232/3226 2834/5233/3227 2833/5234/3228
f 2834/5233/3227 2819/5232/3226 2824/5235/3229 2825/5236/3230
f 2824/5235/3229 2819/5232/3226 2822/5237/3231 2823/5238/3232
f 2846/5239/3233 2856/5240/3234 2857/5241/3235 2845/5242/3236
f 2844/5243/3237 2862/5244/3237 2861/5245/3238 2851/5246/3239 2853/5247/3237 2856/5248/3234 2846/5249/3233
s 0
f 2810/5134/3240 2816/5149/3240 2813/5134/3240 2806/5149/3240
s 1
f 2845/5250/3236 2857/5251/3235 2855/5252/3241 2849/5253/3242
f 2849/5253/3242 2855/5254/3241 2854/5255/3181 2848/5256/3180
f 2858/5257/3243 2852/5258/3243 2851/5259/3239 2861/5245/3238 2863/5260/3243 2864/5261/3243
f 2819/5232/3226 2809/5227/3222 2817/5216/3215
f 2809/5227/3222 2818/5211/3211 2817/5216/3215
f 2842/5262/3244 2841/5263/3209 2818/5211/3211
f 2809/5227/3222 2843/5264/3221 2842/5265/3244 2818/5211/3211
f 2819/5232/3226 2817/5216/3215 2820/5266/3219 2821/5267/3245
f 2822/5268/3231 2819/5232/3226 2821/5267/3245
o base_cell.072
v -6.112394 0.856514 -1.330555
v -6.112769 0.902994 -1.301149
v -6.113222 0.609052 -1.330590
v -6.113041 0.918861 -1.178893
v -6.113214 0.902492 -1.159871
v -6.112705 0.721650 -1.160439
v -6.112281 0.611797 -1.308882
v -6.112283 0.607421 -1.315265
v -6.205448 0.894990 -1.275259
v -6.194407 0.932538 -1.254056
v -6.211964 0.721799 -1.270785
v -6.183020 0.932126 -1.228865
v -6.158090 0.890689 -1.168262
v -6.164744 0.758471 -1.168525
v -6.143123 0.633744 -1.313138
v -6.126944 0.614792 -1.321810
v -6.146746 0.891902 -1.163536
v -6.153941 0.752111 -1.164392
vn -0.2969 0.7251 0.6213
vn -0.1085 -0.0005 0.9941
vn -0.0979 -0.0034 0.9952
vn 0.9999 0.0028 0.0115
vn 0.2528 0.9625 -0.0985
vn 1.0000 0.0020 0.0034
vn 1.0000 0.0073 0.0013
vn 0.2741 0.9538 -0.1232
vn -0.9129 0.0438 0.4058
vn -0.3861 0.0176 0.9223
vn -0.3510 0.0123 0.9363
vn -0.5735 -0.6504 0.4981
vn -0.5542 -0.6705 0.4933
vn -0.5478 -0.6736 0.4962
vn -0.5458 -0.6743 0.4974
vn 1.0000 0.0007 0.0024
vn -0.5030 0.0018 -0.8643
vn -0.5099 0.0031 -0.8602
vn -0.2718 0.5130 -0.8143
vn 1.0000 0.0004 -0.0005
vn 0.9981 -0.0033 -0.0615
vn -0.3348 0.7080 0.6218
vn -0.2701 0.5324 -0.8022
vn -0.3017 0.7279 0.6157
vn -0.9163 0.0448 0.3979
vn -0.9119 0.0451 0.4080
vn -0.9095 0.0554 0.4120
vn -0.5260 -0.0022 -0.8505
vn -0.5684 -0.1123 -0.8150
vn -0.5548 -0.6878 0.4681
vn -0.5537 -0.6868 0.4709
vn -0.4229 -0.9035 -0.0702
vt 0.000000 0.000000
vt 1.000000 0.000000
vt 1.000000 1.000000
s 0
usemtl base_material
f 2868/5269/3246 2881/5270/3246 2869/5271/3246
f 2881/5269/3247 2882/5270/3247 2869/5271/3247
f 2882/5269/3248 2870/5270/3248 2869/5271/3248
f 2870/5269/3249 2868/5270/3249 2869/5271/3249
f 2874/5269/3250 2876/5270/3250 2868/5271/3250
f 2870/5269/3251 2865/5270/3251 2868/5271/3251
f 2865/5269/3252 2866/5270/3252 2868/5271/3252
f 2866/5269/3253 2874/5270/3253 2868/5271/3253
f 2874/5271/3254 2875/5269/3254 2878/5270/3254
f 2877/5269/3255 2878/5270/3255 2881/5271/3255
f 2878/5269/3256 2882/5270/3256 2881/5271/3256
f 2875/5270/3257 2882/5271/3257 2878/5269/3257
f 2875/5269/3258 2879/5270/3258 2882/5271/3258
f 2879/5269/3259 2871/5270/3259 2882/5271/3259
f 2871/5269/3260 2870/5270/3260 2882/5271/3260
f 2871/5269/3261 2865/5270/3261 2870/5271/3261
f 2867/5269/3262 2879/5270/3262 2865/5271/3262
f 2873/5270/3263 2865/5271/3263 2879/5269/3263
f 2866/5270/3264 2865/5271/3264 2873/5269/3264
f 2871/5269/3265 2872/5270/3265 2865/5271/3265
f 2872/5269/3266 2867/5270/3266 2865/5271/3266
f 2876/5269/3267 2877/5270/3267 2881/5271/3267
f 2873/5269/3268 2874/5270/3268 2866/5271/3268
f 2868/5271/3269 2876/5269/3269 2881/5270/3269
f 2875/5270/3270 2874/5271/3270 2873/5269/3270
f 2874/5271/3271 2878/5269/3271 2877/5270/3271
f 2874/5269/3272 2877/5270/3272 2876/5271/3272
f 2873/5269/3273 2879/5270/3273 2875/5271/3273
f 2867/5269/3274 2880/5270/3274 2879/5271/3274
f 2880/5269/3275 2872/5270/3275 2879/5271/3275
f 2872/5269/3276 2871/5270/3276 2879/5271/3276
f 2872/5269/3277 2880/5270/3277 2867/5271/3277
o base_cell.073
v -6.610893 0.954319 -1.134435
v -6.638030 0.923353 -1.158228
v -6.660754 0.958462 -1.151347
v -6.628268 0.937303 -1.158835
v -6.614485 0.954794 -1.159872
v -6.635818 0.915218 -1.110319
v -6.663765 0.957517 -1.099016
v -6.663927 0.957401 -1.093348
v -6.637455 0.918451 -1.121395
v -6.662816 0.957866 -1.115983
v -6.637810 0.920235 -1.132782
v -6.661211 0.958462 -1.144722
v -6.661752 0.958379 -1.136110
v -6.637856 0.921683 -1.145414
v -6.601224 0.958462 -1.103207
v -6.655805 0.957386 -1.091125
v -6.624889 0.923832 -1.102275
v -6.637504 0.957355 -1.086193
v -6.617391 0.929762 -1.096798
vn -0.8381 -0.5444 -0.0351
vn -0.8432 -0.5344 -0.0581
vn -0.2307 -0.4916 0.8397
vn -0.2277 -0.4895 0.8418
vn 0.0788 0.9966 0.0222
vn 0.0563 0.9984 -0.0010
vn 0.8837 0.4144 -0.2176
vn 0.0110 0.9991 -0.0421
vn 0.0429 0.9989 -0.0194
vn 0.7362 0.6026 -0.3079
vn 0.7152 -0.6354 -0.2911
vn 0.7408 -0.6317 -0.2285
vn 0.7602 -0.5963 -0.2578
vn 0.8190 -0.5687 -0.0767
vn 0.7888 -0.6049 -0.1086
vn 0.7839 -0.6104 -0.1135
vn 0.9231 0.3641 -0.1239
vn -0.1745 0.0794 -0.9814
vn 0.4252 -0.0376 0.9043
vn 0.0798 0.9968 0.0104
vn 0.0805 0.9967 0.0069
vt 1.000000 0.189163
vt 0.987121 0.409704
vt 0.552532 0.000000
vt 0.807674 0.000000
vt 0.797103 0.508722
vt 0.597699 0.461605
vt 0.422128 0.422128
vt 0.189163 0.189163
vt 0.452195 0.258138
vt 0.764498 0.339606
vt 0.897720 0.374950
vt 1.000000 0.402365
vt 1.000000 0.555811
vt 0.783210 0.000000
vt 1.000000 0.192326
vt 1.000000 0.447468
vt 0.554547 0.000000
vt 0.568955 0.000000
vt 0.742670 0.064172
vt 0.783210 0.783210
vt 0.554547 0.554547
vt -6.790589 0.918258
vt -6.791653 0.898135
vt -6.741989 0.918122
vt -6.766346 0.868351
vt -6.792601 0.881171
vt -6.792763 0.875504
vt -6.784643 0.873282
vt -6.763010 0.868748
vt -6.730071 0.885361
vt 0.892472 -0.137978
vt 0.903546 -0.134745
vt 0.916584 -0.098884
vt 0.878954 -0.123436
vt 0.884429 -0.129365
vt 0.940560 -0.126318
vt 0.940980 -0.115897
vt 0.914931 -0.132962
vt 0.927560 -0.131514
vt 0.903902 -0.134697
vt 0.940980 -0.115897
vt 0.942016 -0.098409
vt 0.466705 0.121669
vt 0.455973 0.052084
vt 0.444189 0.000000
vt 0.597635 0.000000
vt 0.403549 0.000000
vt 0.500168 0.098980
vt 0.251128 0.000000
vt -6.790048 0.926869
vt -6.789590 0.933492
vt -6.790048 0.926869
vt -6.745137 0.941398
vt 0.886062 -0.098816
s 0
usemtl base_material
f 2889/5272/3278 2891/5273/3278 2888/5274/3278 2890/5275/3278
f 2896/5276/3279 2893/5277/3279 2891/5278/3279 2889/5279/3279 2892/5280/3279 2895/5281/3279 2894/5282/3279 2885/5283/3279 2884/5284/3279
f 2898/5285/3280 2890/5286/3280 2888/5287/3280 2899/5288/3280
f 2901/5289/3281 2900/5290/3281 2898/5291/3281 2899/5292/3281
s 1
f 2895/5293/3282 2892/5294/3283 2883/5295/3284
f 2900/5296/3285 2883/5295/3284 2892/5294/3283 2889/5297/3286 2890/5298/3286 2898/5299/3286
f 2883/5295/3284 2900/5300/3285 2897/5301/3287
f 2888/5302/3288 2891/5303/3289 2883/5304/3284 2901/5305/3290 2899/5306/3288
f 2884/5307/3291 2886/5308/3292 2893/5309/3293 2896/5310/3291
f 2883/5304/3284 2891/5311/3289 2893/5309/3293 2886/5312/3292 2887/5313/3294
s 0
f 2887/5314/3295 2886/5315/3295 2884/5316/3295 2885/5317/3295
f 2901/5318/3296 2897/5319/3296 2900/5320/3296
s 1
f 2894/5321/3297 2895/5293/3282 2883/5295/3284
f 2885/5322/3298 2894/5323/3297 2883/5295/3284 2887/5324/3294
f 2901/5305/3290 2883/5304/3284 2897/5325/3287
o base_cell.075
v -6.406898 0.950797 -0.997692
v -6.456374 0.938301 -0.985114
v -6.485935 0.951936 -1.013438
v -6.407011 0.939883 -0.999027
v -6.433005 0.935442 -0.983174
v -6.464923 0.930418 -0.992576
v -6.469265 0.930020 -0.996812
v -6.467133 0.953733 -1.013250
v -6.440331 0.922356 -0.995030
v -6.448659 0.923057 -0.995848
v -6.463140 0.924700 -0.996926
v -6.414145 0.932289 -1.002673
v -6.421024 0.929434 -1.000586
v -6.473960 0.935337 -1.003469
v -6.408541 0.934669 -1.004401
v -6.407092 0.941410 -1.008135
v -6.407741 0.947046 -1.010929
v -6.408593 0.953591 -1.014162
v -6.432210 0.956009 -1.010666
v -6.409255 0.958462 -1.011140
v -6.480393 0.954325 -1.015954
v -6.437564 0.955413 -1.010570
v -6.478785 0.941830 -1.007936
v -6.488160 0.953832 -1.018030
vn -0.1282 -0.6255 0.7696
vn 0.4412 -0.7102 0.5486
vn 0.5311 -0.1083 0.8404
vn 0.0201 0.6687 0.7433
vn -0.1386 -0.5973 0.7899
vn -0.6802 0.0452 0.7316
vn -0.6989 0.0109 0.7151
vn -0.5220 -0.6136 0.5925
vn 0.4645 -0.6980 0.5450
vn 0.9955 -0.0914 -0.0241
vn 0.9938 0.0729 -0.0839
vn 0.9884 0.1296 -0.0797
vn -0.0815 0.8597 0.5043
vn -0.0856 0.8573 0.5076
vn -0.1272 0.8440 0.5211
vn -0.8484 -0.4856 0.2106
vn 0.0261 -0.4599 -0.8876
vn -0.1287 -0.4994 -0.8568
vn -0.0325 -0.5145 -0.8569
vn 0.1229 -0.4935 -0.8610
vn -0.0212 -0.3881 -0.9214
vn 0.0109 -0.4314 -0.9021
vn -0.1257 -0.4387 -0.8898
vn -0.1232 -0.4373 -0.8909
vn -0.1158 -0.4271 -0.8967
vn -0.1161 -0.0172 -0.9931
vn 0.1920 -0.4828 -0.8544
vn 0.2401 -0.5364 -0.8091
vn 0.2792 -0.5295 -0.8011
vn -0.0730 0.5186 -0.8519
vn -0.0713 0.5008 -0.8626
vn 0.1947 0.4958 -0.8463
vn -0.1526 -0.4533 -0.8782
vt 1.000000 0.697755
vt 1.000000 1.000000
vt 0.000000 0.000000
vt 0.145977 0.000000
vt 0.658560 0.417126
vt 0.843864 0.000000
vt 1.000000 0.000000
vt 0.697755 0.697755
vt 0.802709 0.192261
vt 1.000000 0.389879
vt 0.944531 0.000000
vt 1.000000 0.156136
vt 0.931171 0.931171
vt 0.880363 0.000000
vt 0.880363 0.880363
vt 1.000000 0.929870
vt 1.000000 0.928553
vt 0.929870 0.929870
vt 0.958871 0.912262
vt 0.929498 0.924015
vt 1.000000 0.743433
vt 0.593451 0.185861
vt 0.511619 0.000000
vt 0.743433 0.743433
vt 0.726716 0.651833
vt 0.511619 0.511619
vt 0.875047 0.000000
vt 0.844445 0.794839
vt 0.893208 0.338610
vt 0.870610 0.000000
vt 7.577534 -0.130141
vt 7.596218 -0.126575
vt 7.599946 -0.121714
vt 7.596004 -0.099470
vt 7.566264 -0.099567
vt 7.569207 -0.130842
vt 7.537423 -0.118530
vt 7.543026 -0.120910
vt 7.549903 -0.123765
vt 7.537407 -0.100121
vt 7.617027 -0.099371
vt 7.607654 -0.111371
vt 7.602830 -0.117862
vt 7.607654 -0.111371
vt 7.599947 -0.121714
vt 7.537631 -0.094780
vt 7.537475 -0.099612
vt 7.537632 -0.094780
vt 7.566441 -0.097790
vt 7.561088 -0.097194
vt 7.617253 -0.098870
vt 7.609262 -0.098878
vt 7.535974 -0.111791
vt 7.537423 -0.118530
vt 7.537408 -0.100121
vt 7.536623 -0.106156
s 0
usemtl base_material
f 2910/5326/3299 2906/5327/3299 2907/5328/3299 2912/5329/3299 2911/5330/3299
f 2913/5331/3300 2905/5332/3300 2906/5327/3300 2910/5333/3300 2914/5334/3300
f 2906/5327/3301 2905/5328/3301 2902/5332/3301
f 2903/5332/3302 2906/5327/3302 2902/5328/3302
f 2903/5328/3303 2907/5332/3303 2906/5327/3303
f 2904/5332/3304 2907/5327/3304 2903/5328/3304
f 2904/5328/3305 2908/5332/3305 2907/5327/3305
f 2912/5335/3306 2907/5327/3306 2908/5328/3306
f 2916/5336/3307 2905/5332/3307 2913/5337/3307
f 2902/5332/3308 2905/5327/3308 2916/5338/3308 2917/5339/3308
f 2902/5327/3309 2917/5340/3309 2918/5341/3309
f 2921/5342/3310 2902/5327/3310 2918/5343/3310 2919/5344/3310
f 2902/5327/3311 2921/5345/3311 2920/5346/3311
f 2909/5347/3312 2922/5348/3312 2903/5332/3312 2902/5327/3312 2920/5349/3312 2923/5350/3312
f 2904/5332/3313 2903/5327/3313 2922/5351/3313 2925/5352/3313
f 2908/5332/3314 2904/5327/3314 2925/5353/3314 2924/5354/3314 2915/5355/3314
s 1
f 2911/5356/3315 2912/5357/3316 2908/5358/3317 2909/5359/3318
f 2909/5359/3318 2923/5360/3319 2910/5361/3320 2911/5356/3315
f 2916/5362/3321 2913/5363/3322 2914/5364/3323 2923/5360/3319 2919/5365/3324
f 2910/5361/3320 2923/5360/3319 2914/5364/3323
f 2925/5366/3325 2909/5359/3318 2924/5367/3326
f 2915/5368/3327 2924/5369/3326 2909/5359/3318 2908/5370/3317
f 2921/5371/3328 2919/5372/3324 2923/5360/3319
f 2921/5373/3328 2923/5374/3319 2920/5375/3329
f 2925/5376/3325 2922/5377/3330 2909/5359/3318
f 2917/5378/3331 2916/5379/3321 2919/5380/3324 2918/5381/3331
o base_cell.076
v -6.722227 1.050297 -1.133563
v -6.573365 0.820759 -1.178221
v -6.687055 0.987799 -1.081068
v -6.577415 0.822354 -1.147473
v -6.703609 1.016263 -1.089642
v -6.573720 0.819943 -1.169884
v -6.692053 0.905009 -1.245053
v -6.774101 1.044881 -1.206065
v -6.631233 0.835221 -1.237546
v -6.776416 1.052105 -1.201835
v -6.779708 1.070069 -1.186900
v -6.583078 0.812547 -1.200184
v -6.689825 0.981388 -1.078717
v -6.708928 0.810259 -1.067175
v -6.702170 0.966814 -1.075238
v -6.714767 1.007473 -1.087562
v -6.791002 0.849707 -1.131763
v -6.788614 1.020957 -1.143448
v -6.789443 0.789792 -1.126008
v -6.697801 0.834879 -1.245314
v -6.768750 0.825698 -1.218735
v -6.739118 0.819606 -1.230339
v -6.791299 0.788808 -1.131386
v -6.789553 0.786442 -1.140394
v -6.775810 0.817349 -1.201352
v -6.616159 0.793377 -1.179063
v -6.725142 0.784201 -1.179912
v -6.587473 0.806516 -1.192417
v -6.467961 0.958462 -1.010670
v -6.408522 0.958462 -1.011200
v -6.350166 0.958462 -1.024731
v -6.293945 0.958462 -1.050247
v -6.240859 0.958462 -1.098186
v -6.214402 0.958462 -1.154429
v -6.529658 0.954029 -1.033539
v -6.581267 0.954244 -1.075816
v -6.408557 0.909670 -0.987933
v -6.476084 0.909670 -0.985072
v -6.341904 0.909670 -1.002669
v -6.278697 0.909670 -1.031649
v -6.222372 0.909670 -1.084488
v -6.191680 0.909670 -1.150142
v -6.545148 0.909670 -0.999354
v -6.606865 0.909670 -1.036344
v -6.889181 0.909227 -1.120701
v -6.446325 0.951376 -0.959931
v -6.298080 0.951376 -0.994084
v -6.231842 0.951376 -1.039547
v -6.182063 0.951376 -1.106956
v -6.521983 0.951376 -0.961955
v -6.443946 0.909227 -0.974000
v -6.373133 0.909227 -0.983192
v -6.304718 0.909227 -1.005716
v -6.241278 0.909227 -1.048615
v -6.194088 0.909227 -1.112311
v -6.515687 0.909227 -0.977522
v -6.588212 0.909227 -0.996437
v -6.655930 0.909227 -1.025249
v -6.370718 0.911001 -0.969309
v -6.244707 0.911001 -1.118034
v -6.508964 0.911001 -0.994176
v -6.602065 0.911001 -0.970623
v -6.573705 0.911001 -1.023467
v -6.688510 0.911001 -0.983716
v -6.446325 0.911001 -0.959931
v -6.298080 0.911001 -0.994084
v -6.231842 0.911001 -1.039547
v -6.182063 0.911001 -1.106956
v -6.323820 0.911001 -1.018161
v -6.278233 0.911001 -1.058342
v -6.521983 0.911001 -0.961955
v -6.622355 0.911001 -1.068043
v -6.370718 0.951376 -0.969309
v -6.602065 0.951376 -0.970623
v -6.688510 0.951376 -0.983716
v -6.642972 0.911001 -1.118687
v -6.437868 0.958462 -1.008774
v -6.379149 0.958462 -1.016628
v -6.321951 0.958462 -1.035174
v -6.265567 0.958462 -1.072173
v -6.223999 0.958462 -1.125635
v -6.498657 0.953882 -1.020417
v -6.557834 0.954135 -1.053023
v -6.598022 0.954398 -1.098875
v -6.610894 0.954319 -1.134435
v -6.408542 0.909227 -0.977012
v -6.442120 0.909670 -0.984787
v -6.479582 0.909227 -0.974166
v -6.338323 0.909227 -0.992705
v -6.374985 0.909670 -0.993830
v -6.272356 0.909227 -1.023821
v -6.309816 0.909670 -1.014644
v -6.214262 0.909227 -1.078608
v -6.248524 0.909670 -1.055580
v -6.181524 0.909227 -1.148118
v -6.203313 0.909670 -1.116419
v -6.510858 0.909670 -0.989470
v -6.551987 0.909227 -0.984727
v -6.577658 0.909670 -1.016102
v -6.623234 0.909227 -1.010622
v -6.631247 0.909670 -1.056715
v -6.887991 0.909227 -1.074385
v -6.542514 0.911001 -1.005014
v -6.600873 0.911001 -1.045741
v -6.886404 0.911001 -1.022286
v -6.644791 0.911001 -0.976737
v -6.560930 0.911001 -0.965615
v -6.484141 0.911001 -0.959955
v -6.408522 0.911001 -0.962757
v -6.333657 0.911001 -0.979710
v -6.264104 0.911001 -1.013630
v -6.203695 0.911001 -1.070951
v -6.168283 0.911001 -1.145475
v -6.236205 0.911001 -1.150930
v -6.258756 0.911001 -1.086812
v -6.300725 0.911001 -1.034750
v -6.347562 0.911001 -1.006571
v -6.886404 0.951376 -1.022286
v -6.642806 0.955162 -0.979832
v -6.559394 0.955227 -0.968953
v -6.483026 0.955289 -0.963452
v -6.408522 0.955312 -0.966426
v -6.334920 0.955315 -0.983155
v -6.266421 0.955319 -1.016474
v -6.206654 0.955325 -1.073119
v -6.171885 0.955320 -1.146175
v -6.889577 0.909227 -1.155453
v -6.889134 0.957988 -1.136748
v -6.681214 0.909670 -1.139246
v -6.467133 0.953733 -1.013250
v -6.408526 0.953591 -1.014168
v -6.351160 0.953607 -1.027494
v -6.295761 0.953635 -1.052488
v -6.243258 0.953593 -1.099926
v -6.217309 0.953593 -1.155008
v -6.437387 0.953636 -1.011617
v -6.379659 0.953589 -1.019556
v -6.323393 0.953624 -1.037697
v -6.267661 0.953624 -1.074187
v -6.226735 0.953577 -1.126853
v -6.499586 0.958462 -1.018128
v -6.445699 0.955306 -0.963546
v -6.299923 0.955317 -0.997256
v -6.234478 0.955320 -1.042098
v -6.185414 0.955326 -1.108448
v -6.520623 0.955261 -0.965366
v -6.371362 0.955314 -0.972921
v -6.600327 0.955191 -0.973862
v -6.686238 0.955141 -0.986607
v -6.886508 0.955181 -1.025961
v -6.644791 0.951376 -0.976737
v -6.560930 0.951376 -0.965615
v -6.484141 0.951376 -0.959955
v -6.408522 0.951376 -0.962757
v -6.333657 0.951376 -0.979710
v -6.264104 0.951376 -1.013630
v -6.203695 0.951376 -1.070951
v -6.168283 0.951376 -1.145475
v -6.630032 0.938020 -1.186287
v -6.618215 0.955287 -1.186287
v -6.889577 0.958462 -1.186287
v -6.437868 0.958462 -1.363800
v -6.467961 0.958462 -1.361904
v -6.483026 0.955289 -1.409122
v -6.445699 0.955306 -1.409028
v -6.408522 0.958462 -1.361373
v -6.408522 0.955312 -1.406148
v -6.379149 0.958462 -1.355946
v -6.371362 0.955314 -1.399653
v -6.350166 0.958462 -1.347843
v -6.334920 0.955315 -1.389419
v -6.321951 0.958462 -1.337399
v -6.299923 0.955317 -1.375318
v -6.293945 0.958462 -1.322327
v -6.266421 0.955319 -1.356100
v -6.265567 0.958462 -1.300400
v -6.234478 0.955320 -1.330476
v -6.240859 0.958462 -1.274388
v -6.206654 0.955325 -1.299454
v -6.223999 0.958462 -1.246939
v -6.185414 0.955326 -1.264125
v -6.214402 0.958462 -1.218144
v -6.171885 0.955320 -1.226399
v -6.499586 0.958462 -1.354446
v -6.520623 0.955261 -1.407208
v -6.559394 0.955227 -1.403621
v -6.600327 0.955191 -1.398712
v -6.642806 0.955162 -1.392742
v -6.686238 0.955141 -1.385967
v -6.886508 0.955181 -1.346613
v -6.446325 0.951376 -1.412643
v -6.484141 0.951376 -1.412619
v -6.484141 0.911001 -1.412619
v -6.446325 0.911001 -1.412643
v -6.408522 0.951376 -1.409817
v -6.408522 0.911001 -1.409817
v -6.298080 0.951376 -1.378490
v -6.333657 0.951376 -1.392864
v -6.333657 0.911001 -1.392864
v -6.298080 0.911001 -1.378490
v -6.264104 0.951376 -1.358944
v -6.264104 0.911001 -1.358944
v -6.231842 0.951376 -1.333026
v -6.231842 0.911001 -1.333026
v -6.203695 0.951376 -1.301623
v -6.203695 0.911001 -1.301623
v -6.182063 0.951376 -1.265618
v -6.182063 0.911001 -1.265618
v -6.168283 0.951376 -1.227098
v -6.168283 0.911001 -1.227098
v -6.408561 0.911001 -1.380390
v -6.408526 0.953591 -1.358406
v -6.379659 0.953589 -1.353018
v -6.347562 0.911001 -1.366003
v -6.351160 0.953607 -1.345080
v -6.323820 0.911001 -1.354413
v -6.323393 0.953624 -1.334877
v -6.300725 0.911001 -1.337824
v -6.295761 0.953635 -1.320086
v -6.278233 0.911001 -1.314232
v -6.267661 0.953624 -1.298387
v -6.258756 0.911001 -1.285762
v -6.243258 0.953593 -1.272647
v -6.236205 0.911001 -1.221644
v -6.217309 0.953593 -1.217566
v -6.521983 0.951376 -1.410619
v -6.560930 0.951376 -1.406959
v -6.560930 0.911001 -1.406959
v -6.521983 0.911001 -1.410619
v -6.622355 0.911001 -1.304531
v -6.598022 0.954398 -1.273699
v -6.600873 0.911001 -1.326833
v -6.581267 0.954244 -1.296758
v -6.886404 0.911001 -1.350288
v -6.688510 0.911001 -1.388858
v -6.688510 0.951376 -1.388858
v -6.886404 0.951376 -1.350288
v -6.443946 0.909227 -1.398574
v -6.479582 0.909227 -1.398408
v -6.408542 0.909227 -1.395561
v -6.373133 0.909227 -1.389382
v -6.370718 0.911001 -1.403265
v -6.374985 0.909670 -1.378744
v -6.341904 0.909670 -1.369905
v -6.338323 0.909227 -1.379869
v -6.304718 0.909227 -1.366858
v -6.309816 0.909670 -1.357930
v -6.278697 0.909670 -1.340925
v -6.272356 0.909227 -1.348753
v -6.241278 0.909227 -1.323959
v -6.248524 0.909670 -1.316993
v -6.222372 0.909670 -1.288086
v -6.214262 0.909227 -1.293966
v -6.194088 0.909227 -1.260263
v -6.203313 0.909670 -1.256155
v -6.191680 0.909670 -1.222432
v -6.181524 0.909227 -1.224456
v -6.515687 0.909227 -1.395052
v -6.551987 0.909227 -1.387847
v -6.545148 0.909670 -1.373219
v -6.510858 0.909670 -1.383104
v -6.588212 0.909227 -1.376137
v -6.602065 0.911001 -1.401951
v -6.623234 0.909227 -1.361952
v -6.644791 0.911001 -1.395837
v -6.606865 0.909670 -1.336229
v -6.577658 0.909670 -1.356472
v -6.655930 0.909227 -1.347325
v -6.887991 0.909227 -1.298189
v -6.889181 0.909227 -1.251873
v -6.665930 0.909511 -1.284245
v -6.631247 0.909670 -1.315859
v -6.370718 0.951376 -1.403265
v -6.441400 0.911001 -1.383564
v -6.474708 0.911001 -1.383206
v -6.467133 0.953733 -1.359324
v -6.437387 0.953636 -1.360957
v -6.226735 0.953577 -1.245721
v -6.244707 0.911001 -1.254540
v -6.508964 0.911001 -1.378398
v -6.542514 0.911001 -1.367560
v -6.529658 0.954029 -1.339035
v -6.498657 0.953882 -1.352157
v -6.602065 0.951376 -1.401951
v -6.644791 0.951376 -1.395837
v -6.557834 0.954135 -1.319551
v -6.573705 0.911001 -1.349107
v -6.642177 0.911001 -1.255841
v -6.610187 0.954324 -1.240092
v -6.889577 0.909227 -1.217121
v -6.889088 0.957939 -1.237779
v -6.681214 0.909670 -1.233328
v -6.166383 0.955320 -1.186287
v -6.208900 0.958462 -1.186287
v -6.211808 0.953593 -1.186287
v -6.162781 0.911001 -1.186287
v -6.176022 0.909227 -1.186287
v -6.186178 0.909670 -1.186287
v -6.162781 0.951376 -1.186287
v -6.230703 0.911001 -1.186287
v -6.639054 0.922049 -1.158515
v -6.662669 0.958462 -1.151430
v -6.644246 0.917058 -1.170899
v -6.668478 0.958462 -1.159297
v -6.663661 0.958376 -1.136115
v -6.638801 0.919710 -1.140477
v -6.663104 0.958462 -1.145067
v -6.664781 0.957843 -1.115193
v -6.665480 0.957675 -1.107115
v -6.638823 0.918424 -1.130019
v -6.638708 0.916760 -1.120781
v -6.617063 0.803250 -1.135137
v -6.610704 0.797457 -1.174616
v -6.616969 0.800453 -1.147200
v -6.666902 0.957388 -1.093274
v -6.672785 0.957281 -1.089139
v -6.639307 0.911001 -1.109684
v -6.679976 0.957163 -1.084659
v -6.619135 0.807507 -1.121373
v -6.609836 0.797041 -1.183100
v -6.619071 0.801458 -1.190358
v -6.700840 0.958462 -1.201190
v -6.714858 0.958462 -1.219238
v -6.694685 0.909597 -1.243705
v -6.686364 0.909659 -1.232928
v -6.650469 0.911001 -1.185242
v -6.674815 0.909499 -1.087771
v -6.697859 0.909412 -1.073862
v -6.638748 0.819301 -1.109536
v -6.655343 0.831667 -1.099519
v -6.667151 0.909523 -1.092397
v -6.674689 0.828931 -1.234643
v -6.670825 0.826214 -1.230474
v -6.694565 0.956929 -1.075937
v -6.702335 0.956869 -1.074445
v -6.705200 0.875589 -1.069577
v -6.703271 0.909392 -1.070821
v -6.683302 0.834953 -1.243623
v -6.697241 0.841713 -1.245289
v -6.680184 0.832737 -1.240325
v -6.706893 0.845215 -1.241547
v -6.737437 0.858078 -1.229480
v -6.722743 0.851048 -1.235391
v -6.731228 0.909564 -1.229438
v -6.770380 0.873835 -1.215142
v -6.771586 0.909478 -1.212481
v -6.773510 0.958462 -1.208176
v -6.775963 0.876506 -1.201474
v -6.776048 0.909468 -1.201542
v -6.776175 0.958462 -1.201642
v -6.781047 0.958462 -1.180178
v -6.784888 0.880775 -1.162211
v -6.783471 0.909453 -1.168843
v -6.786256 0.881429 -1.155969
v -6.785284 0.909449 -1.160563
v -6.787931 0.909443 -1.147547
v -6.783897 0.958462 -1.167052
v -6.789167 0.882822 -1.141649
v -6.789061 0.909419 -1.141995
v -6.789340 0.958195 -1.140187
v -6.790531 0.883474 -1.134067
v -6.790170 0.909392 -1.135836
v -6.782198 0.880395 -1.127582
v -6.786783 0.881682 -1.131118
v -6.785879 0.958166 -1.136459
v -6.730831 0.868173 -1.088140
v -6.735785 0.867826 -1.091823
v -6.746426 0.909408 -1.103067
v -6.767415 0.909382 -1.118788
v -6.721988 0.909439 -1.084809
v -6.738155 0.957343 -1.100693
v -6.708498 0.956932 -1.078669
v -6.725032 0.957119 -1.090945
vn 0.8562 0.5093 0.0863
vn 0.7278 -0.6849 -0.0361
vn 0.7493 -0.6567 -0.0858
vn 0.6784 0.5374 -0.5010
vn 0.8431 0.5342 0.0611
vn 0.8430 0.5345 0.0596
vn 0.8428 0.5352 0.0578
vn 0.8465 0.5258 0.0842
vn 0.4802 -0.8453 0.2344
vn 0.1683 -0.9610 0.2194
vn 0.4743 -0.8616 0.1805
vn 0.5445 -0.8332 0.0965
vn 0.5246 -0.8329 0.1761
vn 0.8615 0.4730 0.1845
vn 0.8472 0.5222 0.0978
vn 0.8386 0.4636 0.2860
vn 0.0018 -1.0000 -0.0003
vn 0.0018 -1.0000 0.0003
vn 0.0024 -1.0000 0.0035
vn 0.0021 -1.0000 -0.0000
vn 0.0023 -1.0000 -0.0018
vn 0.5736 0.0520 0.8175
vn 0.5286 0.0067 0.8488
vn 0.1067 -0.8137 -0.5714
vn 0.0843 -0.8000 -0.5941
vn 0.6629 0.5197 -0.5390
vn 0.6673 0.5350 -0.5182
vn 0.8045 -0.0000 0.5939
vn 0.9038 -0.0000 0.4280
vn 0.8440 0.3579 0.3994
vn 0.7511 0.3583 0.5545
vn 0.4377 -0.0000 0.8991
vn 0.5642 -0.0000 0.8257
vn 0.5272 0.3594 0.7700
vn 0.4089 0.3602 0.8385
vn 0.4315 0.9021 -0.0000
vn 0.4274 0.9028 -0.0476
vn 0.4233 0.9019 -0.0860
vn 0.4280 0.9029 0.0408
vn 0.4291 0.9028 0.0287
vn 0.0023 -1.0000 -0.0033
vn 0.0015 -1.0000 -0.0040
vn 0.0012 -1.0000 -0.0011
vn 0.0013 -1.0000 -0.0000
vn -0.1072 -0.0000 -0.9942
vn -0.1313 -0.0000 -0.9913
vn -0.1228 0.3576 -0.9257
vn -0.1006 0.3584 -0.9281
vn -0.0441 0.2828 0.9582
vn 0.0611 0.3203 0.9453
vn 0.0968 -0.9729 0.2098
vn 0.0925 -0.9660 0.2414
vn 0.4089 0.3602 -0.8385
vn 0.4377 -0.0000 -0.8991
vn 0.3229 -0.0000 -0.9464
vn 0.3012 0.3618 -0.8823
vn 0.5132 -0.0019 0.8583
vn 0.5164 0.0013 0.8564
vn 0.0810 -0.9789 0.1875
vn 0.0725 -0.8067 -0.5865
vn 0.0764 -0.8015 -0.5931
vn -0.0534 0.2745 0.9601
vn 0.1876 0.0711 0.9797
vn 0.1875 0.0749 0.9794
vn 0.4899 0.0041 0.8718
vn 0.1159 -0.0058 -0.9932
vn 0.0745 -0.7937 -0.6038
vn -0.3513 0.0323 -0.9357
vn -0.3512 0.0325 -0.9357
vn -0.3579 0.0365 -0.9331
vn 0.8440 0.3579 -0.3994
vn 0.9038 -0.0000 -0.4280
vn 0.8045 -0.0000 -0.5939
vn 0.7511 0.3583 -0.5545
vn 0.0218 0.9975 -0.0675
vn 0.1423 0.8970 -0.4184
vn 0.0980 0.8976 -0.4298
vn 0.0160 0.9975 -0.0692
vn -0.3918 0.0401 -0.9192
vn -0.3758 0.0489 -0.9254
vn -0.3757 0.0563 -0.9250
vn 0.6404 0.5305 -0.5554
vn -0.8729 0.0059 -0.4879
vn -0.9259 -0.0032 -0.3776
vn -0.9752 -0.0030 -0.2214
vn -0.9770 -0.0011 -0.2131
vn -0.9771 -0.0007 -0.2129
vn -0.9769 -0.0012 -0.2139
vn -0.9800 0.0012 -0.1991
vn -0.9800 0.0016 -0.1989
vn -0.9799 0.0013 -0.1993
vn -0.9842 0.0009 -0.1772
vn -0.9842 0.0016 -0.1772
vn -0.9828 0.0021 -0.1846
vn -0.7320 0.0438 0.6799
vn -0.7306 0.0729 0.6789
vn -0.9895 0.0039 -0.1446
vn 0.1228 -0.0000 0.9924
vn 0.2208 -0.0000 0.9753
vn 0.2057 0.3620 0.9092
vn 0.1140 0.3606 0.9257
vn -0.5984 0.0628 0.7987
vn -0.5974 0.0635 0.7995
vn -0.5943 0.0670 0.8015
vn -0.5633 0.0739 0.8229
vn -0.5633 0.0749 0.8229
vn 0.0820 -0.9708 0.2254
vn -0.5990 0.0611 0.7984
vn -0.1423 -0.9638 0.2255
vn -0.3335 -0.8084 -0.4851
vn -0.3240 -0.8142 -0.4818
vn -0.3624 -0.7741 -0.5190
vn -0.9456 0.0066 0.3251
vn 0.4062 0.8898 -0.2078
vn 0.4065 0.8902 -0.2057
vn 0.4054 0.8888 -0.2138
vn 0.3841 0.8750 -0.2946
vn 0.3980 0.8845 -0.2435
vn 0.3004 0.7896 -0.5351
vn 0.3124 0.8051 -0.5042
vn 0.2540 0.7249 -0.6403
vn 0.0019 0.9976 0.0690
vn -0.0089 0.9979 0.0642
vn -0.0120 0.8977 0.4404
vn 0.0181 0.8969 0.4419
vn -0.0523 0.9152 -0.3996
vn -0.0594 0.9128 -0.4041
vn 0.5591 0.4506 0.6960
vn -0.0514 0.9129 -0.4049
vn 0.0160 0.9975 0.0692
vn 0.0096 0.9975 0.0703
vn 0.0558 0.8971 0.4382
vn 0.0980 0.8976 0.4298
vn 0.0295 0.9974 0.0650
vn 0.0218 0.9975 0.0675
vn 0.1423 0.8970 0.4184
vn 0.1939 0.8952 0.4013
vn 0.0392 0.9974 0.0603
vn 0.2513 0.8942 0.3705
vn 0.0485 0.9974 0.0536
vn 0.3074 0.8940 0.3260
vn 0.0586 0.9973 0.0442
vn 0.3626 0.8926 0.2680
vn 0.3012 0.3618 0.8823
vn 0.0712 0.9973 0.0179
vn 0.0670 0.9973 0.0311
vn 0.4080 0.8922 0.1936
vn 0.4390 0.8920 0.1079
vn 0.4618 0.8870 -0.0000
vn 0.0737 0.9973 -0.0000
vn 0.1201 0.8874 -0.4450
vn -0.0313 0.8993 0.4362
vn 0.3494 0.4515 -0.8211
vn -0.0514 0.9129 0.4049
vn 0.5591 0.4506 -0.6960
vn 0.0044 -0.9995 -0.0327
vn -0.0008 -0.9999 -0.0145
vn 0.0148 -0.9923 -0.1234
vn 0.0272 -0.9921 -0.1224
vn 0.6827 0.4493 -0.5762
vn -0.0594 0.9128 0.4041
vn 0.7834 0.4674 -0.4096
vn -0.0674 0.9049 0.4202
vn 0.8734 0.4387 -0.2113
vn 0.0759 0.9969 0.0220
vn 0.0365 0.9990 0.0256
vn 0.6682 0.5357 -0.5162
vn 0.0030 0.9997 0.0238
vn -0.0648 0.9319 0.3570
vn 0.0134 0.9996 0.0232
vn -0.0038 0.9998 0.0204
vn -0.0025 0.9997 0.0236
vn 0.6628 0.5468 -0.5116
vn 0.6421 0.3594 -0.6771
vn 0.6878 -0.0000 -0.7259
vn 0.5642 -0.0000 -0.8257
vn 0.5272 0.3594 -0.7700
vn 0.5158 -0.0004 0.8567
vn 0.6878 -0.0000 0.7259
vn 0.6421 0.3594 0.6771
vn -0.3848 0.6498 0.6555
vn -0.1382 -0.8699 -0.4734
vn -0.0659 -0.8640 -0.4992
vn -0.1366 0.0034 -0.9906
vn -0.2394 0.0181 -0.9708
vn -0.3499 -0.4605 -0.8158
vn -0.3160 0.0529 -0.9473
vn -0.4479 -0.3888 -0.8051
vn -0.4231 0.0918 -0.9014
vn -0.5954 -0.2799 -0.7531
vn -0.5576 0.1600 -0.8146
vn -0.7339 -0.1149 -0.6695
vn -0.6698 0.2540 -0.6977
vn -0.8251 0.0987 -0.5563
vn -0.7573 0.3288 -0.5642
vn -0.8653 0.4536 -0.2135
vn -0.8865 0.4626 -0.0000
vn -0.9172 0.3984 -0.0000
vn -0.9074 0.3664 -0.2058
vn -0.0301 -0.9990 0.0322
vn -0.0244 -0.9990 0.0368
vn 0.0277 -0.9988 -0.0413
vn 0.0342 -0.9988 -0.0365
vn 0.7385 -0.6321 -0.2345
vn 0.6245 -0.6573 -0.4218
vn 0.7152 -0.6354 -0.2911
vn 0.7535 -0.6245 -0.2055
vn 0.7600 -0.6261 -0.1742
vn 0.5404 -0.6339 -0.5533
vn 0.0409 -0.9987 -0.0302
vn -0.0354 -0.9990 0.0262
vn 0.0024 -0.9990 0.0450
vn 0.0045 -0.9921 0.1255
vn -0.0060 -0.9927 0.1205
vn -0.0012 -0.9990 0.0438
vn -0.0127 -0.9991 -0.0397
vn 0.0145 -0.9990 0.0432
vn 0.0098 -0.9990 0.0434
vn -0.0160 -0.8697 -0.4934
vn 0.0057 -0.9990 0.0440
vn 0.0148 -0.9923 0.1234
vn -0.0419 -0.9991 -0.0104
vn 0.0481 -0.9988 0.0120
vn 0.0460 -0.9987 0.0218
vn -0.0396 -0.9990 -0.0186
vn 0.0407 -0.9918 0.1214
vn 0.0272 -0.9921 0.1224
vn 0.0206 -0.9989 0.0433
vn 0.0576 -0.9912 0.1189
vn -0.0180 -0.9991 -0.0392
vn -0.0244 -0.9990 -0.0368
vn 0.0277 -0.9988 0.0413
vn 0.0762 -0.9909 0.1110
vn 0.0342 -0.9988 0.0365
vn 0.0927 -0.9909 0.0976
vn -0.1496 -0.0000 -0.9887
vn -0.1399 0.3538 -0.9248
vn 0.0409 -0.9987 0.0302
vn 0.1083 -0.9909 0.0798
vn 0.2057 0.3620 -0.9092
vn 0.1267 -0.9915 0.0305
vn 0.1209 -0.9911 0.0567
vn -0.0036 -0.9992 0.0405
vn -0.0126 -0.9945 0.1044
vn -0.0053 -0.9994 0.0333
vn -0.0148 -0.9967 0.0799
vn 0.0094 -0.9996 -0.0267
vn 0.0063 -0.9994 -0.0350
vn 0.0597 -0.8832 -0.4651
vn -0.0053 -0.9997 0.0241
vn -0.0122 -0.9983 0.0569
vn -0.0048 -0.9998 0.0176
vn -0.0094 -0.9991 0.0423
vn 0.0085 -0.9999 -0.0129
vn 0.0097 -0.9998 -0.0184
vn -0.0024 -0.9999 0.0140
vn -0.0071 -0.9993 0.0369
vn -0.0022 -0.9999 0.0143
vn -0.0067 -0.9994 0.0342
vn 0.0033 -1.0000 -0.0044
vn 0.0086 -0.9999 -0.0084
vn 0.0010 -1.0000 -0.0036
vn 0.0010 -1.0000 -0.0046
vn 0.0010 -1.0000 -0.0047
vn 0.0014 -1.0000 -0.0005
vn -0.5942 0.0673 0.8015
vn 0.1329 -0.0287 -0.9907
vn -0.0205 -0.0069 -0.9998
vn -0.8350 0.4169 -0.3592
vn -0.8921 0.3081 -0.3306
vn 0.2364 -0.5636 -0.7915
vn 0.3323 -0.5881 -0.7374
vn 0.3058 -0.0439 -0.9511
vn -0.0000 1.0000 -0.0000
vn 0.0017 0.9996 -0.0298
vn 0.0007 0.9998 -0.0220
vn -0.0009 1.0000 0.0047
vn -0.6779 0.5199 -0.5198
vn -0.7730 0.5225 -0.3598
vn 0.4637 -0.6016 -0.6505
vn 0.9075 0.3577 -0.2202
vn 0.9716 -0.0000 -0.2365
vn 0.7975 -0.6033 0.0001
vn 0.8152 -0.5792 0.0041
vn 0.8204 -0.5675 -0.0698
vn 0.7927 -0.6030 -0.0893
vn 0.7958 -0.5992 -0.0872
vn 0.9487 0.3159 -0.0120
vn 0.7846 -0.6098 -0.1121
vn 0.8162 -0.5728 -0.0763
vn 0.0487 0.9987 -0.0161
vn 0.0613 0.9981 -0.0021
vn 0.8708 0.4444 0.2101
vn 0.0103 0.9994 -0.0324
vn 0.0244 0.9997 -0.0080
vn -0.0009 1.0000 0.0049
vn -0.0009 1.0000 0.0051
vn -0.1228 0.3576 0.9257
vn -0.1313 -0.0000 0.9913
vn -0.1072 -0.0000 0.9942
vn -0.1006 0.3584 0.9281
vn -0.0018 0.9998 0.0174
vn -0.0018 0.9998 0.0175
vn -0.0017 1.0000 0.0096
vn -0.0018 0.9999 0.0172
vn 0.0529 -0.9986 -0.0000
vn 0.1320 -0.9912 -0.0000
vn -0.1654 0.3476 0.9230
vn -0.1745 -0.0000 0.9847
vn -0.1496 -0.0000 0.9887
vn -0.1399 0.3538 0.9248
vn 0.0370 -0.0000 0.9993
vn 0.0337 0.3586 0.9329
vn 0.0337 0.3586 -0.9329
vn 0.0370 -0.0000 -0.9993
vn -0.0267 -0.0000 -0.9996
vn -0.0259 0.3565 -0.9339
vn 0.3229 -0.0000 0.9464
vn 0.0024 -1.0000 -0.0039
vn 0.0024 -1.0000 -0.0037
vn 0.0023 -1.0000 -0.0020
vn 0.0023 -1.0000 -0.0021
vn -0.1133 0.5159 -0.8492
vn -0.0074 0.5054 -0.8629
vn 0.1293 0.4909 -0.8616
vn -0.2641 0.5174 -0.8140
vn -0.1928 0.5196 -0.8324
vn -0.4693 0.5114 -0.7199
vn -0.3541 0.5136 -0.7816
vn -0.5759 0.5139 -0.6358
vn -0.8287 0.5197 -0.2077
vn 0.9075 0.3577 0.2202
vn 0.9716 -0.0000 0.2365
vn 1.0000 -0.0000 -0.0000
vn 0.9360 0.3521 -0.0000
vn -0.8577 0.5141 -0.0000
vn -0.0259 0.3565 0.9339
vn -0.0693 0.3571 0.9315
vn -0.1765 0.3860 0.9055
vn 0.4390 0.8920 -0.1079
vn 0.0460 -0.9987 -0.0218
vn 0.0481 -0.9988 -0.0120
vn -0.0419 -0.9991 0.0104
vn -0.0396 -0.9990 0.0186
vn -0.0523 0.9152 0.3996
vn 0.4068 0.8906 0.2033
vn 0.4065 0.8902 0.2056
vn 0.4066 0.8904 0.2047
vn 0.4054 0.8888 0.2138
vn -0.0120 0.8977 -0.4404
vn -0.0089 0.9979 -0.0642
vn 0.0019 0.9976 -0.0690
vn 0.0181 0.8969 -0.4419
vn 0.0145 -0.9990 -0.0432
vn -0.0127 -0.9991 0.0397
vn -0.1264 -0.8698 0.4769
vn 0.0558 0.8971 -0.4382
vn 0.0096 0.9975 -0.0703
vn -0.0267 -0.0000 0.9996
vn 0.0295 0.9974 -0.0650
vn 0.1939 0.8952 -0.4013
vn 0.0392 0.9974 -0.0603
vn 0.2513 0.8942 -0.3705
vn 0.0485 0.9974 -0.0536
vn 0.3074 0.8940 -0.3260
vn 0.0584 0.9973 -0.0443
vn 0.3626 0.8926 -0.2680
vn 0.0670 0.9973 -0.0311
vn 0.4080 0.8922 -0.1936
vn 0.0712 0.9973 -0.0179
vn 0.1201 0.8874 0.4450
vn -0.0313 0.8993 -0.4362
vn 0.3494 0.4515 0.8211
vn -0.3834 0.6442 0.6619
vn 0.6827 0.4493 0.5762
vn 0.7834 0.4674 0.4096
vn -0.0690 0.9069 -0.4158
vn -0.0695 0.9314 -0.3572
vn 0.0029 0.9993 -0.0379
vn -0.0732 -0.0000 0.9973
vn -0.0693 0.3571 -0.9315
vn -0.0732 -0.0000 -0.9973
vn 0.1140 0.3606 -0.9257
vn 0.1228 -0.0000 -0.9924
vn -0.1913 -0.0000 -0.9815
vn -0.1765 0.3860 -0.9055
vn -0.1654 0.3476 -0.9230
vn -0.1745 -0.0000 -0.9847
vn 0.2208 -0.0000 -0.9753
vn -0.1261 0.0239 0.9917
vn -0.0531 -0.8213 0.5680
vn -0.2394 0.0180 0.9708
vn -0.3499 -0.4605 0.8158
vn -0.3160 0.0529 0.9473
vn -0.4479 -0.3888 0.8051
vn -0.4231 0.0918 0.9014
vn -0.5954 -0.2799 0.7531
vn -0.5576 0.1600 0.8146
vn -0.7339 -0.1149 0.6695
vn -0.6698 0.2540 0.6977
vn -0.8251 0.0987 0.5563
vn -0.7573 0.3288 0.5642
vn 0.6245 -0.6572 0.4220
vn 0.7538 -0.6232 0.2082
vn 0.5404 -0.6339 0.5533
vn -0.0189 -0.8337 0.5518
vn 0.0471 -0.8378 0.5440
vn 0.0062 -0.9999 -0.0138
vn 0.0010 -1.0000 -0.0078
vn -0.0060 -0.9927 -0.1205
vn 0.0045 -0.9921 -0.1255
vn -0.1913 -0.0000 0.9815
vn -0.0354 -0.9990 -0.0262
vn -0.0301 -0.9990 -0.0322
vn 0.1083 -0.9909 -0.0798
vn 0.1209 -0.9911 -0.0567
vn 0.0407 -0.9918 -0.1214
vn 0.0576 -0.9912 -0.1189
vn 0.0206 -0.9989 -0.0433
vn -0.0180 -0.9991 0.0392
vn 0.0762 -0.9909 -0.1110
vn 0.0927 -0.9909 -0.0976
vn 0.0031 -1.0000 0.0043
vn -0.0022 -0.9999 -0.0143
vn 0.1267 -0.9915 -0.0305
vn -0.0036 -0.9992 -0.0405
vn -0.0126 -0.9945 -0.1044
vn -0.0053 -0.9994 -0.0333
vn -0.0148 -0.9967 -0.0799
vn 0.0094 -0.9996 0.0267
vn 0.0105 -0.9990 0.0438
vn -0.0053 -0.9997 -0.0241
vn -0.0122 -0.9983 -0.0569
vn -0.0048 -0.9998 -0.0176
vn -0.0094 -0.9991 -0.0423
vn 0.0085 -0.9999 0.0129
vn 0.0097 -0.9998 0.0184
vn -0.0024 -0.9999 -0.0140
vn -0.0071 -0.9993 -0.0369
vn -0.0067 -0.9994 -0.0342
vn 0.0086 -0.9999 0.0084
vn 0.1236 -0.0063 0.9923
vn -0.0206 0.0243 0.9995
vn -0.8350 0.4169 0.3592
vn -0.8921 0.3081 0.3306
vn -0.9074 0.3664 0.2058
vn -0.8653 0.4536 0.2135
vn 0.3323 -0.5881 0.7374
vn 0.2142 -0.5485 0.8082
vn 0.3058 -0.0439 0.9511
vn -0.7730 0.5225 0.3598
vn -0.6779 0.5199 0.5198
vn 0.4637 -0.6016 0.6505
vn -0.0436 -0.9990 -0.0000
vn 0.0022 -1.0000 0.0004
vn 0.0023 -1.0000 0.0019
vn 0.0023 -1.0000 0.0022
vn 0.0024 -1.0000 0.0039
vn -0.1133 0.5158 0.8492
vn -0.0074 0.5054 0.8629
vn 0.1293 0.4909 0.8616
vn -0.2641 0.5174 0.8140
vn -0.1928 0.5196 0.8324
vn -0.4693 0.5114 0.7199
vn -0.3541 0.5136 0.7816
vn -0.5759 0.5139 0.6358
vn -0.8287 0.5197 0.2077
vt 0.000000 0.000000
vt 1.000000 0.000000
vt 1.000000 1.000000
vt 0.439584 0.000000
vt 1.000000 0.558725
vt 0.613734 0.000000
vt 1.000000 0.400087
vt 0.558725 0.558725
vt 0.880550 0.514662
vt 1.000000 0.497798
vt 0.400086 0.400086
vt 0.507322 0.381418
vt 0.658830 0.355486
vt 1.000000 0.298701
vt 0.497798 0.497798
vt 0.299069 0.268474
vt 0.302140 0.000000
vt 0.512745 0.048320
vt 0.298701 0.298701
vt 0.501517 0.369882
vt 0.515443 0.000000
vt 0.033585 0.033585
vt 0.243668 0.020117
vt 0.449236 0.010740
vt 1.000000 0.140788
vt 0.140788 0.140788
vt 0.249015 0.000000
vt 0.302140 0.302140
vt 1.000000 0.183813
vt 1.000000 0.449929
vt 0.515443 0.515443
vt 8.018373 0.937598
vt 8.018373 0.999255
vt 7.860053 1.011569
vt 7.900403 0.994616
vt 7.904865 0.983678
vt 7.912285 0.950985
vt 7.914099 0.942707
vt 7.916745 0.929693
vt 1.000000 0.151580
vt 0.183813 0.183813
vt 0.137855 0.000000
vt 0.151580 0.151580
vt 1.000000 0.033585
vt 0.191143 0.000000
vt 0.191143 0.191143
vt 0.193131 0.000000
vt 0.031190 0.000000
vt 1.000000 0.390898
vt 0.853111 -0.142195
vt 0.889109 -0.101827
vt 0.449929 0.449929
vt -6.426981 -0.142195
vt -6.393011 -0.101827
vt -6.917981 0.923796
vt -6.919344 0.916216
vt -6.915597 0.913268
vt -6.745813 0.929346
vt -6.739550 0.956757
vt -6.738682 0.965240
vt -6.747914 0.972496
vt -6.799660 1.012606
vt -6.851568 1.017522
vt -6.866261 1.011611
vt -6.899197 0.997276
vt -6.904779 0.983611
vt -6.913703 0.944354
vt -6.915070 0.938114
vt 7.896233 0.900940
vt 7.803649 0.869928
vt 7.850814 0.866967
vt 7.875247 0.885221
vt 7.689784 -0.142195
vt 7.730912 -0.101827
vt 7.426981 -0.101827
vt 7.462552 -0.142195
vt 0.142744 0.000000
vt 0.137855 0.137855
vt 0.634299 0.000000
vt 0.989489 0.989489
vt 0.926746 0.759644
vt 0.859789 0.562231
vt 0.597196 0.000000
vt 1.000000 0.806869
vt 0.622621 0.074413
vt 0.185132 0.000000
vt 1.000000 0.641839
vt 0.641839 0.641839
vt 0.036046 0.000000
vt 1.000000 0.579405
vt 1.000000 0.365701
vt 0.217804 0.217804
vt 0.097442 0.000000
vt 0.851797 0.356638
vt 1.000000 0.217804
vt 0.597196 0.597196
vt 1.000000 0.364772
vt 0.097443 0.097443
vt 0.449504 0.201416
vt 0.394979 0.366108
vt 1.000000 0.408262
vt 0.364772 0.364772
vt 1.047743 -0.101827
vt 1.083741 -0.142195
vt -6.479058 1.129953
vt -6.463814 1.171522
vt -6.500249 1.181754
vt -6.508035 1.138055
vt 1.000000 0.967202
vt 0.703753 0.503211
vt 0.382245 0.000000
vt 0.605602 0.000000
vt 0.408262 0.408262
vt 0.218617 0.000000
vt 0.967202 0.967202
vt 1.000000 0.586370
vt 0.623736 0.587724
vt 1.000000 0.601106
vt 0.586370 0.586370
vt 0.370041 0.370041
vt 1.000000 0.392405
vt 0.212614 0.212614
vt 1.000000 0.251993
vt 0.601106 0.601106
vt 1.000000 0.647512
vt 0.392405 0.392405
vt 1.000000 0.463032
vt 0.251993 0.251993
vt 1.000000 0.355085
vt 0.647512 0.647512
vt 0.606502 0.000000
vt 0.463032 0.463032
vt 0.433692 0.000000
vt 0.355085 0.355085
vt 0.334902 0.000000
vt 0.614075 0.570343
vt 0.732481 0.000000
vt 0.606502 0.606502
vt 0.433692 0.433692
vt 0.497338 0.129659
vt 0.524388 0.000000
vt 0.334902 0.334902
vt 0.410975 0.000000
vt 0.524388 0.524388
vt 1.000000 0.519461
vt 0.732481 0.732481
vt 0.410975 0.410975
vt 1.000000 0.407114
vt 1.000000 0.633451
vt 0.729650 0.729650
vt 1.000000 0.348529
vt 0.407114 0.407114
vt -6.537403 -0.142195
vt -6.499606 -0.101827
vt 0.633451 0.633451
vt 0.348529 0.348529
vt 0.687314 0.411907
vt 1.000000 0.470576
vt 1.000000 0.274868
vt 0.197183 0.197183
vt 0.242898 0.197233
vt 0.303932 0.202552
vt 0.924288 0.259047
vt 0.990334 0.272251
vt 1.000000 0.410208
vt 0.470576 0.470576
vt 0.750337 0.204113
vt 0.274868 0.274868
vt 0.635255 0.000000
vt 0.963954 0.000000
vt 0.464460 0.000000
vt 0.433758 0.228777
vt 0.410209 0.410209
vt 0.814868 0.000000
vt 0.464460 0.464460
vt -6.745907 0.917286
vt -6.745813 0.929346
vt -6.915597 0.913268
vt -6.911013 0.909732
vt -6.745852 0.904838
vt -6.864607 0.873979
vt -6.767588 0.891689
vt -6.864607 0.873979
vt -6.860240 0.870721
vt -6.784180 0.881674
vt -6.830771 0.853555
vt -6.859655 0.870297
vt -6.566745 0.790945
vt -6.596832 0.792841
vt -6.611894 0.745631
vt -6.574574 0.745725
vt -6.729174 1.180814
vt -6.771645 1.174845
vt -6.687689 1.103531
vt -6.688249 1.185721
vt -6.508036 0.798798
vt -6.537403 0.793371
vt -6.537403 0.748604
vt -6.500250 0.755098
vt -6.450848 0.817341
vt -6.479058 0.806899
vt -6.463815 0.765330
vt -6.428824 0.779429
vt -6.422847 0.832411
vt -6.395328 0.798643
vt -6.394474 0.854333
vt -6.363391 0.824263
vt -6.369770 0.880340
vt -6.335571 0.855279
vt -6.500250 -0.097889
vt -6.462552 -0.101827
vt -6.463815 -0.097888
vt -6.343318 0.936574
vt -6.352913 0.907785
vt -6.314335 0.890602
vt -6.300808 0.928321
vt -6.295308 0.968426
vt -6.337817 0.968426
vt -6.628451 0.800297
vt -6.649484 0.747545
vt -6.659483 0.813665
vt -6.688249 0.751131
vt -6.687689 0.833321
vt 7.502020 1.171485
vt 7.537423 1.177663
vt 7.537403 1.191917
vt 7.499606 1.185366
vt -6.711165 0.856294
vt -6.771645 0.762008
vt -6.727978 0.879607
vt -6.815070 0.768782
vt -6.741989 0.918122
vt -6.792497 0.918264
vt -6.793616 0.897345
vt 0.390898 0.390898
vt 1.000000 0.386266
vt -6.853857 0.873101
vt -7.015304 0.808129
vt -6.794316 0.889269
vt -6.795737 0.875430
vt -6.801620 0.871295
vt -6.808809 0.866817
vt -6.823396 0.858097
vt -6.831164 0.856605
vt -6.837325 0.860828
vt -6.821383 0.859228
vt 1.000000 0.560416
vt 7.360754 -0.101827
vt 7.393011 -0.142195
vt 0.420595 0.000000
vt 0.821713 -0.142195
vt 0.853111 -0.101827
vt 7.504599 -0.142195
vt 7.537442 -0.142195
vt 7.537407 -0.099612
vt 7.508545 -0.099614
vt 7.476455 -0.142195
vt 7.480051 -0.099595
vt 7.452717 -0.142195
vt 7.452289 -0.099579
vt 7.429626 -0.142195
vt 7.424663 -0.099568
vt 7.407137 -0.142195
vt 7.396567 -0.099579
vt 0.131032 -0.142195
vt 0.159496 -0.142195
vt 0.143654 -0.099579
vt 0.117919 -0.099610
vt 0.062847 -0.099610
vt 0.031574 -0.099610
vt 0.031574 -0.142195
vt 0.066924 -0.142195
vt 7.377434 1.099109
vt 7.407601 1.123037
vt 7.401262 1.130863
vt 7.370189 1.106073
vt 0.902932 -0.136436
vt 0.916584 -0.098884
vt 0.850204 -0.142195
vt 0.893098 -0.139835
vt 0.891838 -0.142195
vt 0.900838 -0.142195
vt 0.901602 -0.136882
vt 0.881030 -0.098805
vt 7.751199 0.850204
vt 7.726870 0.881030
vt 7.729720 0.827906
vt 7.710118 0.857975
vt 7.343178 1.076086
vt 7.351286 1.070207
vt 7.572821 0.756177
vt 7.575200 0.742110
vt 7.613009 0.742135
vt 7.608451 0.756343
vt 7.470798 0.784841
vt 7.467217 0.774879
vt 7.502020 0.765368
vt 7.503872 0.776003
vt 7.570995 0.766962
vt 7.537438 0.770108
vt 7.537424 0.759189
vt 7.537403 0.744936
vt 7.320600 0.932288
vt 7.310446 0.930264
vt 7.323008 0.894463
vt 7.332232 0.898571
vt 7.462552 0.761886
vt 7.499606 0.751487
vt 7.433618 0.787888
vt 7.426981 0.776257
vt 7.438715 0.796813
vt 7.407601 0.813816
vt 7.401262 0.805989
vt 7.393011 0.795800
vt 7.370189 0.830779
vt 7.360754 0.821713
vt 7.730912 -0.142195
vt 7.773630 -0.101827
vt 7.343178 0.860767
vt 7.332613 0.853111
vt 7.462552 -0.101827
vt 7.499606 -0.101827
vt 7.500249 -0.097889
vt 7.463814 -0.097888
vt 7.297207 0.927622
vt 7.310985 0.889109
vt 7.644549 0.759699
vt 7.650844 0.744134
vt 7.680843 0.766902
vt 7.689785 0.747794
vt 7.674005 0.781527
vt 7.639721 0.771644
vt 7.604953 0.767247
vt 7.717061 0.778611
vt 7.730912 0.752801
vt 7.752077 0.792793
vt 7.773630 0.758914
vt 7.735712 0.818511
vt 7.706509 0.798272
vt 7.784767 0.807417
vt 7.817342 0.765891
vt 8.016787 0.856544
vt 8.015200 0.804455
vt 7.794766 0.870486
vt 7.760088 0.838877
vt 7.850813 0.866967
vt 7.832100 0.852981
vt 7.826689 0.856022
vt 7.803649 0.869928
vt 8.017977 0.902852
vt 7.570275 -0.142195
vt 7.603578 -0.142195
vt 7.596004 -0.099470
vt 7.566264 -0.099567
vt 0.090997 -0.099626
vt 0.099815 -0.142195
vt 7.637827 -0.142195
vt 7.671372 -0.142195
vt 7.658518 -0.099174
vt 7.627522 -0.099321
vt -6.904990 0.983779
vt -6.902326 0.990312
vt -7.018373 0.968426
vt -6.912396 0.950743
vt -6.909862 0.962318
vt 0.119660 -0.094741
vt 0.092215 -0.094741
vt 7.686689 0.835186
vt 7.702557 0.805636
vt 7.702557 -0.142195
vt 7.686689 -0.099068
vt 1.009230 -0.101827
vt 1.047743 -0.142195
vt 0.968426 -0.142195
vt 0.968426 -0.115180
vt 0.922624 -0.133487
vt 0.940659 -0.131149
vt 0.953041 -0.136138
vt 0.967382 -0.142195
vt 0.922624 -0.133487
vt 0.968426 -0.097916
vt 0.915886 -0.134255
vt 0.912168 -0.134772
vt 0.912168 -0.134772
vt -6.791506 0.933576
vt -6.791941 0.927214
vt -6.748792 0.968426
vt -6.741278 1.020684
vt -6.843684 1.001371
vt -6.829669 0.983326
vt -6.797314 0.941441
vt -6.912712 0.949195
vt -6.730912 -0.101827
vt -6.689785 -0.142195
vt -6.792497 0.918264
vt -7.017930 0.918897
vt -6.918303 0.921313
vt -6.917678 0.924778
vt -6.912712 0.949195
vt -6.918154 0.922335
vt -6.914693 0.918607
vt 7.304945 0.968426
vt 7.291707 0.968426
vt -6.817342 -0.101827
vt -6.773630 -0.142195
vt -6.575200 -0.142195
vt -6.537403 -0.101827
vt 7.575200 -0.101827
vt 7.613009 -0.142195
vt -6.462552 -0.142195
vt -6.426981 -0.101827
vt 7.918983 0.917984
vt 7.917874 0.924143
vt 7.918718 0.919800
vt 7.810047 0.921394
vt 7.795987 0.874553
vt 7.800082 0.872082
vt 7.537403 -0.094741
vt 7.566745 -0.094741
vt 7.596832 -0.094741
vt 7.479058 -0.094741
vt 7.508036 -0.094741
vt 7.422847 -0.094741
vt 7.450848 -0.094741
vt 0.145667 -0.094741
vt 7.394474 -0.094741
vt 0.063426 -0.094741
vt 0.927622 -0.101827
vt 0.968426 -0.142195
vt 0.031574 -0.094741
vt 7.628451 -0.094741
vt -6.574574 -0.097897
vt -6.575200 -0.101827
vt -6.537403 -0.097891
vt -6.611894 -0.097914
vt -6.613009 -0.101827
vt -6.426981 0.776257
vt -6.393011 0.795800
vt -6.428824 -0.097886
vt -6.360754 0.821713
vt -6.332613 0.853111
vt 0.890602 -0.097877
vt 0.928321 -0.097883
vt -6.310985 0.889109
vt -6.649484 -0.097942
vt -6.650844 -0.101827
vt -6.688249 -0.097977
vt -6.689785 -0.101827
vt -7.015304 -0.098022
vt -7.015200 -0.101827
vt -6.815070 -0.098063
vt 1.008531 -0.097883
vt 0.968426 -0.097883
vt 0.968426 -0.101827
vt 7.323008 1.042389
vt 7.310446 1.006588
vt 7.320600 1.004564
vt 7.332232 1.038281
vt -6.729174 -0.098012
vt -6.771645 -0.098041
vt -6.773630 -0.101827
vt -6.803524 1.016774
vt -6.809017 1.022454
vt -6.835722 1.023676
vt -6.812135 1.025752
vt -6.826071 1.027418
vt -6.611894 1.191221
vt -6.596831 1.144012
vt -6.566744 1.145907
vt -6.574574 1.191127
vt 7.467216 1.161974
vt 7.470797 1.152011
vt 7.503872 1.160849
vt -6.537403 1.188248
vt -6.537403 1.143481
vt -6.613009 -0.142195
vt -6.450848 1.119512
vt -6.428824 1.157423
vt -6.422847 1.104442
vt -6.395328 1.138209
vt -6.394474 1.082519
vt -6.363391 1.112589
vt -6.369770 1.056512
vt -6.335571 1.081573
vt -6.352913 1.029067
vt -6.314335 1.046251
vt -6.343318 1.000278
vt -6.300808 1.008531
vt -6.628451 1.136555
vt -6.649484 1.189308
vt -6.659483 1.123188
vt -6.711165 1.080558
vt -6.727978 1.057245
vt -6.815070 1.168071
vt -7.015304 1.128724
vt -7.017883 1.019909
vt 7.650844 -0.101827
vt 7.537403 -0.101827
vt 7.575200 -0.142195
vt 8.015200 -0.142195
vt 7.817341 -0.101827
vt 1.083741 -0.101827
vt 1.115139 -0.142195
vt 7.393011 -0.101827
vt 7.426981 -0.142195
vt -6.537407 -0.099612
vt -6.537442 -0.142195
vt -6.504599 -0.142195
vt -6.508545 -0.099614
vt -6.476455 -0.142195
vt -6.480051 -0.099595
vt -6.452717 -0.142195
vt -6.452289 -0.099579
vt -6.429626 -0.142195
vt -6.424663 -0.099568
vt -6.407137 -0.142195
vt -6.396567 -0.099579
vt -0.080507 -0.099579
vt -0.096348 -0.142195
vt -0.067884 -0.142195
vt -0.054771 -0.099610
vt 0.889109 -0.142195
vt -6.393011 -0.142195
vt -6.360754 -0.101827
vt 1.055823 -0.098805
vt 1.022222 -0.098879
vt 1.086649 -0.142195
vt 1.037968 -0.142195
vt 7.726870 1.055823
vt 7.751199 1.086649
vt 7.729720 1.108947
vt 7.710117 1.078878
vt 7.570995 1.169890
vt 7.604953 1.169605
vt 7.608450 1.180509
vt 7.572821 1.180676
vt 7.613009 1.194718
vt 7.575200 1.194742
vt -7.015200 -0.142195
vt 7.537438 1.166745
vt 7.351286 0.866645
vt 7.377434 0.837743
vt 7.332613 1.083741
vt 7.310985 1.047743
vt 7.462552 1.174966
vt 7.426981 1.160595
vt 7.433618 1.148965
vt 7.438715 1.140039
vt 7.393011 1.141052
vt 7.360754 1.115139
vt 7.794765 1.066366
vt 8.017977 1.034001
vt 8.016787 1.080309
vt 7.297207 1.009230
vt 7.644549 1.177154
vt 7.650844 1.192719
vt 7.680843 1.169950
vt 7.689784 1.189059
vt 7.674005 1.155325
vt 7.639721 1.165209
vt 7.717061 1.158242
vt 7.730912 1.184052
vt 7.752077 1.144060
vt 7.773630 1.177939
vt 7.735711 1.118342
vt 7.706509 1.138581
vt 7.784767 1.129435
vt 7.817341 1.170961
vt 8.015200 1.132398
vt -6.730912 -0.142195
vt 7.760088 1.097975
vt -6.650844 -0.142195
vt -6.596004 -0.099470
vt -6.603577 -0.142195
vt -6.570275 -0.142195
vt -6.566264 -0.099567
vt -0.027849 -0.099626
vt -0.036667 -0.142195
vt -0.003776 -0.142195
vt 0.000301 -0.099610
vt -6.658517 -0.099174
vt -6.671372 -0.142195
vt -6.637827 -0.142195
vt -6.627522 -0.099321
vt 7.537403 -0.142195
vt -0.029067 -0.094741
vt -0.056512 -0.094741
vt 7.686689 1.101667
vt 7.702557 1.131217
vt -6.686689 -0.099068
vt -6.702557 -0.142195
vt 1.009230 -0.142195
vt -6.902326 0.990312
vt 7.773630 -0.142195
vt 7.315099 0.968426
vt 7.899612 0.996026
vt 7.815196 1.015059
vt 7.810047 1.015459
vt 7.823575 1.025904
vt 7.823515 1.025834
vt -6.537403 -0.094741
vt -6.566744 -0.094741
vt -6.596831 -0.094741
vt -6.479058 -0.094741
vt -6.508035 -0.094741
vt -6.422847 -0.094741
vt -6.450848 -0.094741
vt -0.082519 -0.094741
vt -6.394474 -0.094741
vt -0.000278 -0.094741
vt -6.729174 0.756039
vt -6.628451 -0.094741
vt 7.574574 -0.097897
vt 7.537403 -0.097891
vt 7.613009 -0.101827
vt 7.611894 -0.097914
vt -6.393011 1.141052
vt -6.426981 1.160595
vt 7.428824 -0.097886
vt -6.332613 1.083741
vt -6.360754 1.115139
vt 1.046251 -0.097877
vt -6.310985 1.047743
vt 7.649484 -0.097942
vt 7.689784 -0.101827
vt 7.688249 -0.097977
vt 8.015200 -0.101827
vt 8.015304 -0.098022
vt 7.815070 -0.098063
vt 7.729174 -0.098012
vt 7.771645 -0.098041
vt -6.853858 0.873101
vt -6.793540 0.898253
vt -6.914693 0.918607
vt 7.650844 -0.142195
s 0
usemtl base_material
f 2929/5382/3332 2931/5383/3332 2927/5384/3332
f 2927/5384/3333 2931/5382/3333 2953/5383/3333
f 2927/5384/3334 2953/5382/3334 2937/5383/3334
f 2927/5384/3335 2937/5382/3335 3228/5385/3335 3226/5386/3335
f 3226/5386/3335 3228/5385/3335 3229/5387/3335 3227/5388/3335
f 2926/5383/3335 3227/5388/3335 3229/5387/3335
f 2927/5384/3336 3226/5389/3336 3231/5390/3336 3235/5391/3336
f 3231/5390/3337 3226/5389/3337 3227/5392/3337 3232/5393/3337 3230/5394/3337 3233/5395/3337 3235/5391/3337
f 3232/5393/3338 3227/5392/3338 2926/5382/3338 2930/5383/3338 3233/5395/3338 3230/5394/3338
f 3235/5396/3339 3233/5397/3339 3234/5398/3339 3236/5399/3339
f 3233/5400/3339 2930/5382/3339 3234/5398/3339
f 3235/5401/3339 3236/5402/3339 2929/5383/3339 2927/5384/3339
f 2929/5384/3340 3244/5403/3340 3237/5404/3340 3239/5405/3340 3238/5406/3340
f 3237/5404/3341 3244/5382/3341 2951/5383/3341 3238/5406/3341 3239/5405/3341
f 2953/5383/3342 2929/5384/3342 3238/5407/3342 3245/5408/3342
f 2951/5382/3343 3245/5408/3343 3238/5407/3343
f 2953/5382/3344 2931/5383/3344 2929/5384/3344
f 3234/5409/3345 3240/5410/3345 3242/5411/3345 3236/5412/3345
f 2930/5382/3346 2928/5383/3346 3240/5410/3346 3234/5409/3346
f 2929/5384/3347 3236/5412/3347 3242/5411/3347
s 1
f 3052/5413/3348 3215/5414/3349 3269/5415/3350 3271/5416/3351 3274/5417/3351 3278/5418/3351 3280/5419/3351 3281/5420/3352
s 0
f 2928/5382/3353 2938/5383/3353 3241/5421/3353 3240/5422/3353
f 2938/5382/3354 3243/5423/3354 3241/5424/3354
f 3244/5425/3354 2929/5384/3354 3241/5424/3354 3243/5423/3354
f 2953/5384/3355 3245/5426/3355 2937/5383/3355
f 2934/5383/3356 2937/5384/3356 3245/5427/3356 3246/5428/3356
f 3245/5427/3356 2951/5382/3356 3246/5428/3356
f 2937/5384/3357 2934/5382/3357 2932/5383/3357
f 3249/5429/3358 2935/5383/3358 3247/5430/3358 2937/5384/3358 2932/5382/3358
s 1
f 3037/5431/3359 2993/5431/3360 2974/5432/3361 3082/5432/3362
s 0
f 3240/5422/3353 3241/5421/3353 2929/5384/3353 3242/5433/3353
s 1
f 2991/5434/3363 3036/5434/3364 3081/5435/3365 2972/5435/3366
f 3283/5436/3367 3286/5437/3367 3289/5438/3368 3239/5439/3369 3238/5440/3367 3245/5441/3367 3246/5442/3367 3258/5443/3370 3268/5444/3371 3267/5445/3367 3270/5446/3367 3273/5447/3367 3277/5448/3367 3279/5449/3367
f 3294/5450/3372 3252/5451/3373 3295/5452/3374 3293/5453/3375
f 3153/5454/3376 3188/5454/3377 3209/5455/3378 3152/5455/3379
s 0
f 2941/5382/3380 2938/5383/3380 2930/5384/3380
f 2938/5382/3381 2928/5383/3381 2930/5384/3381
f 2949/5383/3382 3244/5384/3382 2939/5382/3382
f 2949/5382/3383 2951/5383/3383 3244/5384/3383
s 1
f 3122/5456/3384 3125/5457/3385 3124/5457/3386 3123/5456/3387
s 0
f 2938/5382/3388 3259/5458/3388 3243/5459/3388
f 3261/5460/3389 2939/5383/3389 3244/5461/3389 3254/5462/3389 3255/5463/3389
f 2952/5383/3390 2951/5384/3390 2949/5382/3390
f 2947/5383/3391 2951/5384/3391 2952/5382/3391
f 3257/5464/3392 2934/5383/3392 3246/5465/3392 3258/5466/3392
f 2951/5384/3392 2947/5382/3392 3257/5464/3392 3258/5466/3392 3246/5465/3392
f 2941/5382/3393 2940/5383/3393 2938/5384/3393
f 3260/5467/3394 3262/5383/3394 3259/5468/3394
f 2940/5382/3395 3260/5467/3395 3259/5468/3395 2938/5384/3395
f 3259/5469/3396 3262/5470/3396 3253/5471/3396
f 3261/5472/3396 3253/5471/3396 3262/5470/3396
f 3263/5473/3397 3264/5474/3397 2932/5383/3397 2934/5384/3397
f 3264/5474/3397 3263/5473/3397 2945/5382/3397
f 3265/5475/3398 3263/5476/3398 2934/5384/3398 3257/5477/3398
f 2945/5383/3398 3263/5476/3398 3265/5475/3398 3257/5477/3398 2947/5382/3398
f 3268/5478/3399 2932/5384/3399 3264/5479/3399 3266/5480/3399
f 2945/5382/3400 2947/5383/3400 3268/5478/3400 3266/5480/3400 3264/5479/3400
f 3268/5481/3401 3267/5482/3401 2932/5384/3401
f 3268/5483/3401 2947/5382/3401 2946/5383/3401 3267/5482/3401
s 1
f 3132/5484/3402 3133/5485/3403 3131/5485/3404 3130/5484/3405
f 3095/5486/3406 3096/5487/3407 3094/5488/3408 3093/5489/3409
s 0
f 3249/5490/3410 3269/5491/3410 3271/5492/3410 3272/5493/3410 2933/5383/3410
f 2932/5384/3411 3267/5494/3411 3270/5495/3411 3271/5492/3411 3269/5491/3411 3249/5490/3411
f 3267/5494/3412 2946/5382/3412 3270/5495/3412
f 3249/5496/3413 2933/5382/3413 2935/5383/3413
f 2933/5382/3414 3272/5497/3414 2935/5384/3414
f 2935/5384/3415 3272/5498/3415 3275/5499/3415
f 3272/5500/3415 3271/5501/3415 3274/5502/3415 3275/5499/3415
f 3274/5502/3415 3271/5501/3415 3270/5503/3415 3273/5504/3415
f 2946/5382/3415 2950/5383/3415 3273/5504/3415 3270/5503/3415
f 3275/5505/3416 3276/5506/3416 2935/5384/3416
f 3275/5505/3416 3274/5507/3416 3278/5508/3416 3276/5506/3416
f 3278/5508/3416 3274/5507/3416 3273/5509/3416 3277/5510/3416
f 2950/5382/3416 2949/5383/3416 3277/5510/3416 3273/5509/3416
f 2935/5384/3417 3276/5511/3417 3282/5512/3417 2936/5383/3417
f 3282/5512/3418 3276/5511/3418 3278/5513/3418 3280/5514/3418
f 3280/5514/3419 3278/5513/3419 3277/5515/3419 3279/5516/3419
f 3279/5516/3419 3277/5515/3419 2949/5382/3419
f 2943/5383/3420 2936/5384/3420 3282/5517/3420 3285/5518/3420
f 3282/5519/3421 3280/5520/3421 3281/5521/3421 3284/5522/3421 3285/5518/3421
f 3284/5522/3422 3281/5521/3422 3280/5520/3422 3279/5523/3422 3283/5524/3422
f 3283/5524/3422 3279/5523/3422 2949/5382/3422
f 3284/5525/3423 3287/5526/3423 3285/5527/3423
f 3287/5526/3424 3284/5525/3424 3283/5528/3424 3286/5529/3424
f 2949/5382/3425 2948/5383/3425 3286/5529/3425 3283/5528/3425
f 3290/5530/3426 2943/5384/3426 3285/5531/3426
f 3285/5531/3427 3287/5532/3427 3290/5530/3427
f 2942/5383/3428 3286/5533/3428 2948/5382/3428
s 1
f 3034/5534/3429 2984/5534/3430 2998/5535/3431 3079/5535/3432
s 0
f 2943/5384/3433 3290/5536/3433 3287/5537/3433 3294/5538/3433 3293/5539/3433
f 3291/5540/3433 3293/5539/3433 3294/5538/3433 3287/5537/3433 3286/5541/3433 3289/5542/3433 3288/5543/3433 3292/5544/3433
f 3286/5541/3433 2942/5382/3433 2939/5383/3433 3291/5545/3433 3292/5544/3433 3288/5543/3433 3289/5542/3433
f 3296/5546/3434 2943/5384/3434 3293/5547/3434 3295/5548/3434 3262/5383/3434
f 3293/5547/3434 3291/5549/3434 3261/5550/3434 3262/5551/3434 3295/5548/3434
f 2939/5382/3434 3261/5550/3434 3291/5549/3434
f 3262/5382/3435 3297/5552/3435 3298/5553/3435 3296/5554/3435
f 3262/5382/3436 3260/5555/3436 3297/5556/3436
f 3260/5555/3437 2940/5383/3437 2941/5384/3437 3297/5556/3437
f 2949/5383/3438 2939/5384/3438 2944/5382/3438
f 2942/5382/3439 2944/5383/3439 2939/5384/3439
f 2949/5384/3440 2944/5382/3440 2948/5383/3440
f 2950/5382/3441 2947/5383/3441 2949/5384/3441
f 2947/5382/3442 2952/5383/3442 2949/5384/3442
f 2946/5383/3443 2947/5384/3443 2950/5382/3443
f 2944/5382/3444 2942/5383/3444 2948/5384/3444
s 1
f 3237/5557/3445 3239/5558/3369 3289/5559/3368 3288/5560/3446
f 3244/5561/3447 3237/5557/3445 3288/5560/3446 3292/5562/3448 3254/5563/3449
f 3292/5564/3448 3291/5565/3450 3255/5566/3451 3254/5563/3449
f 3261/5567/3452 3255/5566/3451 3291/5568/3450
f 3002/5569/3453 2954/5570/3454 3046/5571/3455
f 3046/5571/3455 3067/5572/3456 3002/5569/3453
f 3112/5573/3457 3113/5574/3458 3211/5575/3459 3111/5576/3460
f 3003/5577/3461 2955/5578/3462 3047/5579/3463
f 3047/5579/3463 3072/5580/3464 3003/5577/3461
f 3004/5581/3465 2956/5582/3466 3048/5583/3467
f 3048/5583/3467 3068/5584/3468 3004/5581/3465
f 2957/5585/3469 3004/5581/3465 3068/5584/3468
f 3068/5584/3468 3049/5586/3470 2957/5585/3469
f 3005/5587/3471 2957/5585/3469 3049/5586/3470
f 3049/5586/3470 3069/5588/3472 3005/5587/3471
f 2958/5589/3473 3005/5587/3471 3069/5588/3472
f 3069/5588/3472 3050/5590/3474 2958/5589/3473
f 3072/5591/3464 2998/5535/3431 3080/5592/3475 3048/5593/3467
f 2959/5594/3476 3006/5595/3477 3070/5596/3478
f 3070/5596/3478 3051/5597/3479 2959/5594/3476
f 3218/5598/3480 3219/5599/3481 2959/5594/3476
f 2959/5594/3476 3051/5597/3479 3218/5598/3480
f 3046/5571/3455 2954/5570/3454 3066/5600/3482
f 3066/5600/3482 3071/5601/3483 3046/5571/3455
f 3066/5600/3482 2960/5602/3484 3045/5603/3485
f 3045/5603/3485 3071/5601/3483 3066/5600/3482
f 3045/5603/3485 2960/5602/3484 3008/5604/3486
f 3166/5605/3487 3165/5606/3488 3121/5607/3489 3167/5608/3490
f 2961/5609/3491 3044/5610/3492 3008/5604/3486
f 3009/5611/3493 3044/5610/3492 2961/5609/3491
f 3074/5612/3494 3044/5610/3492 3009/5611/3493
f 3010/5613/3495 3230/5614/3496 3233/5615/3497
s 0
f 3247/5616/3498 2935/5382/3498 2926/5383/3498 3229/5617/3498
s 1
f 3298/5618/3499 3075/5619/3500 3074/5612/3494 3010/5613/3495 3233/5615/3497 3234/5620/3501 3240/5621/3501 3241/5622/3501 3243/5623/3501 3259/5624/3501 3260/5625/3501 3297/5626/3501
f 3260/5625/3502 3259/5627/3502 3243/5623/3502 3241/5622/3502 3240/5621/3502 3234/5620/3502 3233/5615/3503 3298/5618/3499 3297/5626/3502
f 3010/5613/3495 3074/5612/3494 3009/5611/3493
s 0
f 3229/5617/3498 3228/5628/3498 2937/5384/3498 3247/5616/3498
f 2936/5383/3504 2926/5384/3504 2935/5382/3504
s 1
f 3128/5629/3505 3129/5630/3506 3127/5630/3507 3126/5629/3508
s 0
f 3253/5631/3509 3261/5460/3509 3255/5463/3509 3254/5462/3509 3244/5461/3509 3243/5459/3509 3259/5458/3509
s 1
f 2992/5632/3510 3037/5632/3359 3082/5633/3362 2973/5633/3511
s 0
f 2926/5384/3512 2936/5382/3512 2943/5383/3512
s 1
f 3015/5634/3513 2962/5635/3514 3056/5636/3515
f 3056/5636/3515 3062/5637/3516 3015/5634/3513
f 3042/5638/3517 3015/5634/3513 3062/5637/3516
f 3062/5637/3516 3057/5639/3518 3042/5638/3517
f 2994/5640/3519 3042/5638/3517 3057/5639/3518
f 3057/5639/3518 3063/5641/3520 2994/5640/3519
f 3041/5642/3521 2994/5640/3519 3063/5641/3520
f 3063/5641/3520 3058/5643/3522 3041/5642/3521
f 2995/5644/3523 3041/5642/3521 3058/5643/3522
f 3058/5643/3522 3064/5645/3524 2995/5644/3523
f 3040/5646/3525 2995/5647/3523 3064/5648/3524
f 3064/5648/3524 3059/5649/3526 3040/5646/3525
f 3060/5650/3527 3220/5651/3528 3225/5652/3529
f 3225/5652/3529 3039/5653/3530 3060/5650/3527
f 3176/5654/3531 3173/5655/3532 3174/5656/3533 3175/5657/3534
f 3236/5658/3535 3010/5659/3495 2997/5660/3536 3242/5661/3537
f 3242/5662/3537 3001/5663/3538 3236/5664/3539
f 3009/5665/3493 2997/5660/3536 3010/5659/3495
f 2997/5666/3536 3009/5667/3493 3029/5668/3540
f 2961/5669/3491 3029/5668/3540 3009/5667/3493
f 3175/5657/3534 3178/5670/3541 3177/5671/3542 3176/5654/3531
f 2976/5672/3543 2990/5673/3544 3033/5674/3545
f 3033/5674/3545 3013/5675/3546 2976/5672/3543
f 2964/5676/3547 3014/5677/3548 2977/5678/3549 3015/5679/3513
f 2976/5672/3543 3012/5680/3550 2962/5681/3514
f 2962/5681/3514 3011/5682/3551 2976/5672/3543
f 3011/5682/3551 3034/5683/3552 2990/5673/3544
f 2990/5673/3544 2976/5672/3543 3011/5682/3551
f 3067/5572/3456 3047/5579/3463 2955/5578/3462 3002/5569/3453
f 2967/5684/3553 3020/5685/3554 2980/5686/3555 3021/5687/3556
f 3014/5677/3548 3035/5688/3557 2984/5689/3558
f 2984/5689/3558 2977/5678/3549 3014/5677/3548
f 2978/5690/3559 2991/5691/3560 3035/5688/3557
f 3035/5688/3557 3014/5677/3548 2978/5690/3559
f 3017/5692/3561 2978/5690/3559 3014/5677/3548
f 3014/5677/3548 2964/5676/3547 3017/5692/3561
f 2978/5690/3559 3017/5692/3561 2965/5693/3562
f 2965/5693/3562 3016/5694/3563 2978/5690/3559
f 3016/5694/3563 3036/5695/3564 2991/5691/3560
f 2991/5691/3560 2978/5690/3559 3016/5694/3563
f 2979/5696/3565 2992/5697/3566 3036/5695/3564
f 3036/5695/3564 3016/5694/3563 2979/5696/3565
f 3188/5698/3377 3190/5698/3567 3210/5699/3568 3209/5699/3378
f 3018/5700/3569 3037/5701/3570 2992/5697/3566
f 2992/5697/3566 2979/5696/3565 3018/5700/3569
f 3123/5702/3387 3198/5703/3571 3094/5704/3408 3096/5705/3407
f 3050/5590/3474 3070/5596/3478 3006/5595/3477 2958/5589/3473
f 3020/5685/3554 3038/5706/3572 2993/5707/3573
f 2993/5707/3573 2980/5686/3555 3020/5685/3554
f 2981/5708/3574 3013/5675/3546 3033/5674/3545
f 3033/5674/3545 2996/5709/3575 2981/5708/3574
f 3023/5710/3576 2981/5708/3574 2996/5709/3575
f 2996/5709/3575 3032/5711/3577 3023/5710/3576
f 2981/5708/3574 3023/5710/3576 2968/5712/3578
f 2968/5712/3578 3022/5713/3579 2981/5708/3574
f 3013/5675/3546 2981/5708/3574 3022/5713/3579
f 3022/5713/3579 2963/5714/3580 3013/5675/3546
f 2982/5715/3581 3023/5710/3576 3032/5711/3577
f 3032/5711/3577 2987/5716/3582 2982/5715/3581
f 3025/5717/3583 2982/5715/3581 2987/5716/3582
f 2987/5716/3582 3031/5718/3584 3025/5717/3583
f 2982/5715/3581 3025/5717/3583 2969/5719/3585
f 2969/5719/3585 3024/5720/3586 2982/5715/3581
f 3023/5710/3576 2982/5715/3581 3024/5720/3586
f 3024/5720/3586 2968/5712/3578 3023/5710/3576
f 2983/5721/3587 3025/5717/3583 3031/5718/3584
f 3031/5718/3584 2989/5722/3588 2983/5721/3587
f 3027/5723/3589 2989/5722/3588 3030/5724/3590
f 3027/5723/3589 2983/5721/3587 2989/5722/3588
f 3256/5725/3591 3026/5726/3592 2983/5721/3587
f 2983/5721/3587 3027/5723/3589 3295/5727/3593 3262/5728/3594 3253/5729/3595 3252/5730/3373 3256/5725/3591
f 3253/5729/3595 3262/5728/3595 3295/5727/3374 3252/5730/3373
f 3037/5701/3570 3018/5700/3569 2980/5686/3555 2993/5707/3573
f 3025/5717/3583 2983/5721/3587 3026/5726/3592
f 3026/5726/3592 2969/5719/3585 3025/5717/3583
f 3293/5453/3375 3295/5452/3593 3027/5723/3589 2970/5731/3375 3052/5413/3348 3294/5450/3596
s 0
f 2943/5384/3597 3296/5554/3597 3298/5553/3597 3297/5552/3597 2941/5383/3597
s 1
f 3012/5732/3550 2963/5733/3580 3055/5734/3598
f 3055/5734/3598 3061/5735/3599 3012/5732/3550
f 3061/5735/3599 3056/5636/3515 2962/5635/3514
f 2962/5635/3514 3012/5732/3550 3061/5735/3599
f 3040/5646/3525 3059/5649/3526 3065/5736/3600
f 3065/5736/3600 2985/5737/3601 3040/5646/3525
f 3065/5736/3600 3060/5650/3527 3039/5653/3530
f 3039/5653/3530 2985/5737/3601 3065/5736/3600
f 2986/5738/3602 3028/5739/3603 2960/5740/3484
f 2960/5740/3484 3007/5741/3604 2986/5738/3602
f 2986/5738/3602 3007/5741/3604 3055/5734/3598
f 3055/5734/3598 2963/5733/3580 2986/5738/3602
f 3275/5742/3605 3272/5743/3606 3086/5744/3607 3282/5745/3608 3276/5746/3605
f 3059/5649/3526 2958/5747/3609 3006/5748/3610 3065/5736/3600
f 3029/5668/3540 2961/5669/3491 3008/5749/3486
f 3008/5749/3486 2988/5750/3611 3029/5668/3540
f 2988/5751/3611 3008/5752/3486 2960/5740/3484
f 2960/5740/3484 3028/5739/3603 2988/5751/3611
f 3134/5753/3612 3135/5754/3613 3133/5754/3403 3132/5753/3402
f 3251/5755/3614 3084/5756/3615 3231/5757/3616 3226/5758/3617 3228/5759/3617
f 3231/5757/3618 3001/5663/3538 3251/5760/3614 3228/5759/3617 3226/5758/3617
f 3231/5761/3616 3084/5756/3615 3085/5762/3619 3235/5763/3620
f 3235/5764/3621 3001/5663/3538 3231/5761/3618
f 3010/5659/3495 3236/5658/3535 3235/5765/3620 3085/5762/3619
f 3236/5658/3539 3001/5663/3538 3235/5765/3621
f 3227/5766/3622 3232/5767/3623 3010/5613/3495 3085/5768/3619 3214/5769/3624 3248/5770/3625 3247/5771/3626 3229/5772/3622
f 3275/5742/3605 3276/5746/3605 3282/5773/3627 3232/5767/3628 3227/5766/3605 3229/5772/3605 3247/5771/3626 3248/5770/3625 3272/5743/3606
f 2999/5774/3629 2987/5775/3630 3032/5775/3631 3077/5774/3632
f 3232/5767/3623 3230/5776/3496 3010/5613/3495
f 3086/5744/3607 3053/5777/3633 3290/5778/3634 3285/5779/3635 3282/5780/3608
f 3230/5776/3636 3232/5767/3628 3282/5780/3627 3285/5781/3635 3290/5782/3634
f 3020/5685/3554 3222/5783/3637 3221/5784/3638
f 3221/5784/3638 3038/5706/3572 3020/5685/3554
f 3000/5785/3639 2989/5786/3640 3031/5786/3641 3076/5785/3642
f 3072/5580/3464 3048/5583/3467 2956/5582/3466 3003/5577/3461
f 2990/5787/3643 3034/5787/3429 3079/5788/3432 2971/5788/3644
f 3116/5789/3645 3119/5790/3646 3118/5790/3647 3117/5789/3648
f 3035/5791/3649 2991/5791/3363 2972/5792/3366 3080/5792/3475
f 3287/5793/3650 3294/5450/3596 3052/5413/3348 3281/5420/3352 3284/5794/3650
f 3287/5795/3651 3284/5794/3651 3281/5420/3652 3054/5796/3653 3256/5797/3591 3252/5798/3373 3294/5450/3372
f 2955/5799/3654 3056/5636/3515 3061/5735/3599
f 3061/5735/3599 3002/5800/3655 2955/5799/3654
f 3002/5800/3655 3061/5735/3599 3055/5734/3598
f 3055/5734/3598 2954/5801/3656 3002/5800/3655
f 2956/5802/3657 3057/5639/3518 3062/5637/3516
f 3062/5637/3516 3003/5803/3658 2956/5802/3657
f 3003/5803/3658 3062/5637/3516 3056/5636/3515
f 3056/5636/3515 2955/5799/3654 3003/5803/3658
f 2957/5804/3659 3058/5643/3522 3063/5641/3520
f 3063/5641/3520 3004/5805/3660 2957/5804/3659
f 3004/5805/3660 3063/5641/3520 3057/5639/3518
f 3057/5639/3518 2956/5802/3657 3004/5805/3660
f 2958/5747/3609 3059/5649/3526 3064/5648/3524
f 3064/5648/3524 3005/5806/3661 2958/5747/3609
f 3005/5807/3661 3064/5645/3524 3058/5643/3522
f 3058/5643/3522 2957/5804/3659 3005/5807/3661
f 2959/5808/3662 3060/5650/3527 3065/5736/3600
f 3065/5736/3600 3006/5748/3610 2959/5808/3662
f 3083/5809/3663 3038/5810/3664 3221/5810/3665 3224/5809/3666
f 3060/5650/3527 2959/5808/3662 3219/5811/3667
f 3219/5811/3667 3220/5651/3528 3060/5650/3527
f 2954/5801/3656 3055/5734/3598 3007/5741/3604
f 3007/5741/3604 3066/5812/3482 2954/5801/3656
f 3066/5812/3482 3007/5741/3604 2960/5740/3484
f 3067/5813/3456 2971/5814/3644 3079/5788/3432
f 3079/5788/3432 3047/5815/3463 3067/5813/3456
f 3046/5816/3455 3078/5817/3668 2971/5814/3644
f 2971/5814/3644 3067/5813/3456 3046/5816/3455
f 3068/5584/3468 2972/5818/3366 3081/5819/3365
f 3081/5819/3365 3049/5586/3470 3068/5584/3468
f 3048/5593/3467 3080/5592/3475 2972/5792/3366
f 2972/5792/3366 3068/5820/3468 3048/5593/3467
f 3069/5588/3472 2973/5821/3511 3082/5822/3362
f 3082/5822/3362 3050/5590/3474 3069/5588/3472
f 3049/5586/3470 3081/5819/3365 2973/5821/3511
f 2973/5821/3511 3069/5588/3472 3049/5586/3470
f 3070/5823/3478 2974/5432/3361 3083/5809/3663
f 3083/5809/3663 3051/5824/3479 3070/5823/3478
f 3050/5590/3474 3082/5822/3362 2974/5825/3361
f 2974/5825/3361 3070/5596/3478 3050/5590/3474
f 3071/5826/3483 2975/5827/3669 3078/5817/3668
f 3078/5817/3668 3046/5816/3455 3071/5826/3483
f 3045/5828/3485 3077/5829/3632 2975/5827/3669
f 2975/5827/3669 3071/5826/3483 3045/5828/3485
f 3075/5830/3500 3043/5831/3670 3000/5785/3639
f 3000/5785/3639 3074/5832/3494 3075/5830/3500
f 3108/5833/3671 3218/5834/3480 3224/5835/3666
f 3224/5835/3666 3134/5753/3612 3108/5833/3671
f 3179/5836/3672 3182/5837/3673 3181/5838/3674 3180/5839/3675
f 3047/5815/3463 3079/5788/3432 2998/5535/3431
f 2998/5535/3431 3072/5591/3464 3047/5815/3463
f 3077/5829/3632 3045/5828/3485 3073/5840/3676
f 3073/5840/3676 2999/5774/3629 3077/5829/3632
f 3044/5841/3492 3076/5842/3642 2999/5774/3629
f 2999/5774/3629 3073/5840/3676 3044/5841/3492
f 3076/5842/3642 3044/5841/3492 3074/5832/3494
f 3074/5832/3494 3000/5785/3639 3076/5842/3642
f 2998/5535/3431 2984/5791/3430 3035/5791/3649 3080/5535/3475
f 3268/5444/3371 3258/5443/3370 3257/5843/3677 3265/5844/3678 3266/5845/3679
f 3263/5846/3680 3264/5847/3680 3266/5845/3679 3265/5844/3678
f 3089/5848/3681 3088/5849/3682 3087/5850/3683
f 3087/5850/3683 3090/5851/3684 3089/5848/3681
f 3166/5605/3487 3170/5852/3685 3169/5853/3686 3168/5854/3687
f 3092/5855/3688 3091/5856/3689 3093/5489/3409
f 3093/5489/3409 3094/5488/3408 3092/5855/3688
f 3033/5857/3690 2990/5857/3643 2971/5814/3644 3078/5814/3668
f 3096/5487/3407 3095/5486/3406 3097/5858/3691
f 3097/5858/3691 3098/5859/3692 3096/5487/3407
f 3098/5859/3692 3097/5858/3691 3099/5860/3693
f 3099/5860/3693 3100/5861/3694 3098/5859/3692
f 3100/5861/3694 3099/5860/3693 3101/5862/3695
f 3101/5862/3695 3102/5863/3696 3100/5861/3694
f 3102/5863/3696 3101/5862/3695 3103/5864/3697
f 3103/5864/3697 3104/5865/3698 3102/5863/3696
f 3104/5865/3698 3103/5864/3697 3105/5866/3699
f 3105/5866/3699 3106/5867/3700 3104/5865/3698
f 3106/5867/3700 3105/5866/3699 3107/5868/3701
f 3107/5868/3701 3108/5869/3671 3106/5867/3700
f 3109/5870/3702 3088/5849/3682 3089/5848/3681
f 3089/5848/3681 3110/5871/3703 3109/5870/3702
f 3111/5576/3460 3207/5872/3704 3109/5870/3702
f 3109/5870/3702 3110/5871/3703 3111/5576/3460
f 3211/5575/3459 3207/5872/3704 3111/5576/3460
s 0
f 2943/5382/3705 2941/5383/3705 2930/5383/3705 2926/5384/3705
s 1
f 3113/5574/3458 3158/5873/3706 3211/5575/3459
f 3156/5874/3707 3158/5873/3706 3113/5574/3458
f 3113/5574/3458 3114/5875/3708 3156/5874/3707
f 3115/5876/3709 3216/5877/3710 3114/5875/3708
f 3114/5875/3708 3216/5877/3710 3214/5769/3624
f 3114/5875/3708 3214/5769/3624 3156/5874/3707
f 3032/5775/3631 2996/5775/3711 2975/5827/3669 3077/5827/3632
f 3151/5878/3712 3154/5454/3713 3153/5454/3376 3152/5878/3379
f 3120/5879/3714 3121/5880/3715 3119/5880/3646 3116/5879/3645
f 3011/5682/3551 2962/5681/3514 3015/5679/3513 2977/5678/3549
f 3159/5881/3716 3162/5882/3717 3161/5882/3718 3160/5881/3719
f 3124/5457/3386 3167/5457/3720 3198/5703/3571 3123/5703/3387
f 3130/5883/3405 3131/5884/3404 3129/5884/3506 3128/5883/3505
f 3126/5885/3508 3127/5886/3507 3125/5886/3385 3122/5885/3384
f 3137/5887/3721 3136/5888/3722 3168/5889/3687
f 3168/5889/3687 3138/5890/3723 3137/5887/3721
f 3138/5890/3723 3168/5889/3687 3139/5891/3724
f 3139/5891/3724 3140/5892/3725 3138/5890/3723
f 3140/5892/3725 3139/5891/3724 3141/5893/3726
f 3141/5893/3726 3142/5894/3727 3140/5892/3725
f 3142/5894/3727 3141/5893/3726 3143/5895/3728
f 3143/5895/3728 3144/5896/3729 3142/5894/3727
f 3144/5896/3729 3143/5895/3728 3145/5897/3730
f 3145/5897/3730 3146/5898/3731 3144/5896/3729
f 3146/5899/3731 3145/5900/3730 3147/5901/3732
f 3147/5901/3732 3148/5902/3733 3146/5899/3731
f 2993/5903/3360 3038/5903/3664 3083/5809/3663 2974/5809/3361
f 3036/5904/3364 2992/5904/3510 2973/5905/3511 3081/5905/3365
f 3156/5906/3707 3214/5907/3624 3155/5908/3734
f 3214/5907/3624 3213/5909/3735 3155/5908/3734
f 3156/5910/3707 3155/5911/3734 3157/5912/3736
f 3157/5912/3736 3158/5913/3706 3156/5910/3707
f 3199/5914/3737 3200/5915/3738 3164/5916/3739 3163/5917/3740
f 3118/5918/3741 3119/5919/3742 3163/5917/3740
f 3163/5917/3740 3164/5916/3739 3118/5918/3741
f 3000/5785/3639 3043/5785/3670 3030/5920/3743 2989/5920/3640
f 3136/5921/3722 3199/5914/3737 3163/5917/3740
f 3163/5917/3740 3165/5606/3488 3136/5921/3722
f 3119/5919/3742 3121/5607/3489 3165/5606/3488
f 3165/5606/3488 3163/5917/3740 3119/5919/3742
f 3034/5683/3552 3011/5682/3551 2977/5678/3549 2984/5689/3558
f 2966/5922/3744 3018/5700/3569 2979/5696/3565 3019/5923/3745
f 3179/5836/3672 3178/5670/3541 3131/5924/3746 3133/5925/3747
f 3167/5608/3490 3124/5926/3748 3170/5852/3685
f 3170/5852/3685 3166/5605/3487 3167/5608/3490
f 3124/5926/3748 3125/5927/3749 3171/5928/3750
f 3171/5928/3750 3170/5852/3685 3124/5926/3748
f 3170/5852/3685 3171/5928/3750 3172/5929/3751
f 3172/5929/3751 3169/5853/3686 3170/5852/3685
f 3173/5655/3532 3172/5929/3751 3171/5928/3750
f 3171/5928/3750 3174/5656/3533 3173/5655/3532
f 3125/5927/3749 3127/5930/3752 3174/5656/3533
f 3174/5656/3533 3171/5928/3750 3125/5927/3749
f 3127/5930/3752 3129/5931/3753 3175/5657/3534
f 3175/5657/3534 3174/5656/3533 3127/5930/3752
f 3180/5839/3675 3177/5671/3542 3178/5670/3541 3179/5836/3672
f 3016/5694/3563 2965/5693/3562 3019/5923/3745 2979/5696/3565
f 3129/5931/3753 3131/5924/3746 3178/5670/3541
f 3178/5670/3541 3175/5657/3534 3129/5931/3753
f 3013/5675/3546 2963/5714/3580 3012/5680/3550 2976/5672/3543
f 3196/5932/3754 3215/5414/3349 3195/5933/3375 3194/5934/3755
f 3133/5925/3747 3135/5935/3756 3182/5837/3673
f 3182/5837/3673 3179/5836/3672 3133/5925/3747
f 3118/5918/3741 3164/5916/3739 3183/5936/3757
f 3183/5936/3757 3154/5937/3758 3118/5918/3741
f 3154/5937/3758 3183/5936/3757 3184/5938/3759
f 3184/5938/3759 3153/5939/3760 3154/5937/3758
f 3185/5940/3761 3184/5938/3759 3183/5936/3757
f 3183/5936/3757 3186/5941/3762 3185/5940/3761
f 3186/5941/3762 3183/5936/3757 3164/5916/3739
f 3164/5916/3739 3200/5915/3738 3186/5941/3762
f 3153/5939/3760 3184/5938/3759 3187/5942/3763
f 3187/5942/3763 3188/5943/3764 3153/5939/3760
f 3188/5943/3764 3187/5942/3763 3189/5944/3765
f 3189/5944/3765 3190/5945/3766 3188/5943/3764
f 3191/5946/3767 3189/5944/3765 3187/5942/3763
f 3187/5942/3763 3192/5947/3768 3191/5946/3767
f 3192/5947/3768 3187/5942/3763 3184/5938/3759
f 3184/5938/3759 3185/5940/3761 3192/5947/3768
f 3190/5945/3766 3189/5944/3765 3193/5948/3769
f 3193/5948/3769 3160/5949/3770 3190/5945/3766
f 3194/5934/3755 3159/5950/3771 3160/5949/3770
f 3160/5949/3770 3193/5948/3769 3194/5934/3755
f 3076/5842/3642 3031/5951/3641 2987/5951/3630 2999/5842/3629
f 3196/5932/3754 3194/5934/3755 3193/5948/3769
f 3196/5932/3754 3193/5948/3769 3197/5952/3772
f 3197/5952/3772 3193/5948/3769 3189/5944/3765
f 3189/5944/3765 3191/5946/3767 3197/5952/3772
f 2996/5953/3711 3033/5953/3690 3078/5817/3668 2975/5817/3669
f 3201/5954/3773 3200/5955/3738 3199/5956/3737
f 3199/5956/3737 3202/5957/3774 3201/5954/3773
f 3136/5888/3722 3137/5887/3721 3202/5957/3774
f 3202/5957/3774 3199/5956/3737 3136/5888/3722
f 3203/5958/3775 3148/5902/3733 3147/5901/3732
f 3147/5901/3732 3204/5959/3776 3203/5958/3775
f 3149/5960/3777 3150/5961/3778 3203/5958/3775
f 3203/5958/3775 3204/5959/3776 3149/5960/3777
f 3207/5962/3704 3206/5963/3779 3205/5964/3780
f 3205/5964/3780 3208/5965/3781 3207/5962/3704
f 3201/5954/3773 3208/5965/3781 3205/5964/3780
f 3205/5964/3780 3200/5955/3738 3201/5954/3773
f 3198/5703/3571 3167/5966/3720 3121/5966/3715 3120/5703/3714
f 3105/5967/3782 3103/5968/3783 3148/5902/3733 3203/5958/3775
f 3211/5969/3459 3158/5913/3706 3157/5912/3736
f 3157/5912/3736 3212/5970/3784 3211/5969/3459
f 3207/5962/3704 3211/5971/3459 3212/5972/3784
f 3212/5972/3784 3206/5963/3779 3207/5962/3704
f 3018/5700/3569 2966/5922/3744 3021/5687/3556 2980/5686/3555
f 3214/5907/3624 3085/5762/3619 3213/5909/3735
f 3085/5762/3619 3084/5756/3615 3213/5909/3735
f 3084/5756/3615 3251/5755/3614 3213/5909/3735
f 3224/5835/3666 3221/5973/3665 3135/5973/3613 3134/5835/3612
f 3272/5974/3606 3248/5770/3625 3214/5769/3624 3216/5877/3710 3086/5744/3607
f 3190/5975/3567 3160/5975/3719 3161/5882/3718 3210/5882/3568
f 2967/5684/3553 3223/5976/3785 3222/5783/3637
f 3222/5783/3637 3020/5685/3554 2967/5684/3553
f 3054/5796/3653 3281/5420/3652 3280/5419/3351 3278/5418/3351 3274/5417/3351 3271/5977/3351 3269/5415/3786 3250/5978/3787 3217/5979/3788
f 3215/5414/3349 3196/5932/3754 3217/5979/3788 3250/5978/3787 3249/5980/3789 3269/5415/3350
f 3249/5981/3789 3250/5978/3787 3269/5415/3786
f 3202/5957/3774 3137/5887/3721 3091/5982/3790
f 3091/5982/3790 3087/5983/3791 3202/5957/3774
f 3201/5954/3773 3202/5957/3774 3087/5983/3791
f 3087/5983/3791 3088/5984/3792 3201/5954/3773
f 3138/5890/3723 3140/5892/3725 3095/5985/3793
f 3095/5985/3793 3093/5986/3794 3138/5890/3723
f 3137/5887/3721 3138/5890/3723 3093/5986/3794
f 3093/5986/3794 3091/5982/3790 3137/5887/3721
f 3142/5894/3727 3144/5896/3729 3099/5987/3795
f 3099/5987/3795 3097/5988/3796 3142/5894/3727
f 3140/5892/3725 3142/5894/3727 3097/5988/3796
f 3097/5988/3796 3095/5985/3793 3140/5892/3725
f 3146/5899/3731 3148/5902/3733 3103/5968/3783
f 3103/5968/3783 3101/5989/3797 3146/5899/3731
f 3144/5896/3729 3146/5898/3731 3101/5990/3797
f 3101/5990/3797 3099/5987/3795 3144/5896/3729
f 3203/5958/3775 3150/5961/3778 3107/5991/3798
f 3107/5991/3798 3105/5967/3782 3203/5958/3775
f 3044/5610/3492 3073/5992/3676 3045/5603/3485 3008/5604/3486
f 3208/5965/3781 3201/5954/3773 3088/5984/3792
f 3088/5984/3792 3109/5993/3702 3208/5965/3781
f 3207/5962/3704 3208/5965/3781 3109/5993/3702
f 3120/5879/3714 3116/5789/3645 3090/5994/3684
f 3090/5994/3684 3092/5995/3688 3120/5879/3714
f 3116/5789/3645 3117/5996/3648 3089/5997/3681
f 3089/5997/3681 3090/5994/3684 3116/5789/3645
f 3126/5998/3508 3122/5999/3384 3098/5859/3692
f 3098/5859/3692 3100/5861/3694 3126/5998/3508
f 3122/5456/3384 3123/5702/3387 3096/5705/3407
f 3096/5705/3407 3098/6000/3692 3122/5456/3384
f 3130/6001/3405 3128/6002/3505 3102/5863/3696
f 3102/5863/3696 3104/5865/3698 3130/6001/3405
f 3128/6002/3505 3126/5998/3508 3100/5861/3694
f 3100/5861/3694 3102/5863/3696 3128/6002/3505
f 3134/5753/3612 3132/5484/3402 3106/6003/3700
f 3106/6003/3700 3108/5833/3671 3134/5753/3612
f 3132/6004/3402 3130/6001/3405 3104/5865/3698
f 3104/5865/3698 3106/5867/3700 3132/6004/3402
f 3117/5996/3648 3151/5878/3712 3110/6005/3703
f 3110/6005/3703 3089/5997/3681 3117/5996/3648
f 3151/5878/3712 3152/6006/3379 3111/6007/3460
f 3111/6007/3460 3110/6005/3703 3151/5878/3712
f 3161/5882/3718 3162/6008/3717 3115/6009/3709
f 3115/6009/3709 3114/6010/3708 3161/5882/3718
f 3091/5856/3689 3092/5855/3688 3090/5851/3684 3087/5850/3683
f 3198/5703/3571 3120/5879/3714 3092/5995/3688
f 3092/5995/3688 3094/5704/3408 3198/5703/3571
f 3112/6011/3457 3111/6007/3460 3152/6006/3379
f 3152/6006/3379 3209/5455/3378 3112/6011/3457
f 3209/5455/3378 3210/5699/3568 3113/6012/3458
f 3113/6012/3458 3112/6011/3457 3209/5455/3378
f 3114/6010/3708 3113/6012/3458 3210/5699/3568
f 3210/5699/3568 3161/5882/3718 3114/6010/3708
f 3168/5854/3687 3136/5921/3722 3165/5606/3488 3166/5605/3487
f 3298/6013/3499 3233/6014/3503 3230/5614/3636 3290/6015/3634 3053/5777/3633 3075/5619/3500
f 3218/5598/3480 3108/5869/3671 3107/5868/3701
f 3107/5868/3701 3219/5599/3481 3218/5598/3480
f 3150/5961/3778 3149/5960/3777 3225/5652/3529
f 3225/5652/3529 3220/5651/3528 3150/5961/3778
f 3182/5837/3673 3135/5935/3756 3221/5784/3638
f 3221/5784/3638 3222/5783/3637 3182/5837/3673
f 3219/5811/3667 3107/5991/3798 3150/5961/3778
f 3150/5961/3778 3220/5651/3528 3219/5811/3667
f 3051/5824/3479 3083/5809/3663 3224/5835/3666
f 3224/5835/3666 3218/5834/3480 3051/5824/3479
f 3181/5838/3674 3182/5837/3673 3222/5783/3637
f 3222/5783/3637 3223/5976/3785 3181/5838/3674
f 3117/5996/3648 3118/6016/3647 3154/6016/3713 3151/5996/3712
o base_cell.077
v -6.465993 0.931483 -0.990249
v -6.470429 0.931238 -0.995546
v -6.457321 0.938836 -0.982953
v -6.446735 0.947824 -0.971679
v -6.487518 0.953060 -1.011716
v -6.521982 0.951376 -0.961955
v -6.483026 0.955289 -0.963452
v -6.520622 0.955261 -0.965366
v -6.484141 0.951376 -0.959955
v -6.446721 0.951376 -0.959931
v -6.446456 0.955306 -0.963544
v -6.446338 0.955805 -0.970709
v -6.499501 0.934586 -0.960767
v -6.484141 0.934273 -0.959955
v -6.465875 0.933828 -0.959943
v -6.449719 0.946379 -0.959933
v -6.456974 0.956546 -0.981378
v -6.461610 0.956863 -0.985995
v -6.472435 0.957520 -0.996645
v -6.481335 0.957936 -1.005409
v -6.517012 0.935090 -0.961692
v -6.505904 0.934753 -0.961105
v -6.492782 0.958447 -1.016272
v -6.542762 0.951376 -0.963908
v -6.531518 0.944134 -0.962851
v -6.545019 0.955239 -0.967623
v -6.497629 0.958087 -1.011668
v -6.504819 0.957666 -1.005001
v -6.521982 0.938099 -0.961955
vn 0.9711 -0.2290 0.0676
vn -0.0244 -0.9967 0.0772
vn 0.6124 -0.7883 0.0586
vn 0.6444 -0.7647 0.0047
vn 0.7087 0.0492 -0.7038
vn 0.7065 0.0490 -0.7060
vn 0.7020 0.0471 -0.7106
vn -0.0338 -0.9972 0.0669
vn -0.0298 -0.9970 0.0711
vn 0.7439 -0.2718 -0.6105
vn 0.6911 0.0056 -0.7228
vn 0.6966 0.0429 -0.7162
vn 0.4580 -0.2691 -0.8472
vn -0.4307 -0.7435 -0.5115
vn -0.4279 -0.7507 -0.5033
vn -0.0110 0.9979 0.0636
vn -0.0120 0.8977 0.4404
vn -0.0023 0.9977 0.0676
vn 0.0006 0.9050 0.4254
vn -0.0004 0.9976 0.0695
vn -0.0147 0.9979 0.0624
vn -0.0108 0.9981 0.0612
vn -0.0041 0.9983 0.0589
vn -0.0313 0.8992 0.4364
vn -0.0453 0.8762 0.4799
vn -0.0263 -0.0000 0.9997
vn -0.0259 0.3566 0.9339
vn -0.0694 0.3569 0.9315
vn -0.0660 -0.0000 0.9978
vn -0.0528 -0.0000 0.9986
vn -0.0006 -0.0000 1.0000
vn 0.0006 0.4416 0.8972
vn -0.0780 0.5489 0.8323
vn -0.0936 -0.0000 0.9956
vt 0.848386 0.007441
vt 0.840899 0.000000
vt 1.000000 0.000000
vt 1.000000 0.022615
vt 0.909697 0.019732
vt 0.682555 0.000000
vt 1.000000 0.326085
vt 0.827542 0.153620
vt 0.000000 0.000000
vt 1.000000 0.157943
vt 0.326085 0.326085
vt 1.000000 1.000000
vt 0.051555 0.000000
vt 1.000000 0.976037
vt 0.051555 0.051555
vt 0.064260 0.005842
vt 0.065868 0.065868
vt 0.430110 0.000000
vt 0.265718 0.030024
vt 0.523939 0.000000
vt 1.000000 0.350826
vt 0.350826 0.350826
vt 1.000000 0.317445
vt 1.000000 0.569890
vt 0.178012 0.000000
vt 0.178012 0.178012
vt 0.826523 0.159630
vt 0.854302 0.192029
vt 0.598927 0.445897
vt 0.553084 0.491016
vt 0.523179 0.523179
vt 0.609426 0.000000
vt 0.521927 0.201808
vt 0.609426 0.609426
vt 0.476061 0.000000
vt -6.601306 0.778818
vt -6.611894 0.745631
vt -6.590483 0.768170
vt -6.589958 0.767647
vt -6.575331 0.745724
vt -6.575703 0.753394
vt -6.585847 0.763554
vt -6.610204 0.787580
vt -6.621649 0.798442
vt -6.626495 0.793839
vt -6.633684 0.787172
vt -6.649484 0.747545
vt -6.673876 0.749802
vt -6.629036 -0.118926
vt -6.613009 -0.101827
vt -6.625451 -0.115101
vt -6.628270 -0.118109
vt -6.628587 -0.118447
vt -6.628743 -0.118614
vt -6.577600 -0.104390
vt -6.575200 -0.101827
vt -6.591216 -0.118926
vt -6.591633 -0.119372
vt -6.575593 -0.101785
vt -6.611894 -0.097914
vt -6.575593 -0.101785
vt -6.575331 -0.097897
vt -6.649484 -0.097942
vt -6.650844 -0.101827
vt -6.672956 -0.099551
vt -6.673877 -0.097964
vt -6.663649 -0.115101
vt -6.657828 -0.109067
s 0
usemtl base_material
f 3308/6017/3799 3314/6018/3799 3302/6019/3799 3310/6020/3799 3309/6021/3799
f 3311/6022/3800 3299/6019/3800 3313/6023/3800 3312/6024/3800
f 3299/6025/3801 3302/6019/3801 3314/6026/3801 3313/6027/3801
f 3301/6019/3802 3302/6028/3802 3299/6025/3802
f 3302/6028/3803 3301/6025/3803 3315/6029/3803 3310/6030/3803
f 3315/6031/3804 3301/6025/3804 3316/6032/3804
f 3316/6033/3805 3301/6025/3805 3318/6034/3805 3317/6035/3805
f 3319/6036/3806 3300/6019/3806 3320/6037/3806
f 3320/6038/3807 3300/6025/3807 3299/6019/3807 3311/6039/3807
f 3301/6019/3808 3299/6028/3808 3300/6025/3808
f 3303/6019/3809 3301/6028/3809 3300/6025/3809
f 3318/6040/3810 3301/6028/3810 3303/6025/3810 3321/6041/3810
f 3303/6025/3811 3300/6019/3811 3321/6042/3811
f 3322/6043/3812 3324/6044/3812 3326/6045/3812 3325/6046/3812 3321/6047/3812 3300/6025/3812 3323/6048/3812
f 3327/6049/3813 3323/6050/3813 3300/6025/3813 3319/6051/3813
s 1
f 3317/6052/3814 3305/6053/3815 3316/6054/3816
f 3316/6055/3816 3305/6053/3815 3309/6056/3817 3310/6057/3818 3315/6058/3818
f 3305/6053/3815 3317/6052/3814 3318/6059/3819 3321/6060/3819 3325/6061/3820
f 3326/6062/3821 3306/6063/3822 3305/6053/3815 3325/6061/3820
f 3306/6063/3822 3326/6062/3821 3324/6064/3823
f 3312/6065/3824 3307/6066/3825 3304/6066/3826 3327/6067/3827 3319/6068/3828 3320/6069/3828 3311/6070/3828
f 3314/6071/3829 3308/6072/3830 3307/6072/3825 3312/6073/3824 3313/6074/3829
f 3308/6075/3830 3305/6076/3815 3307/6066/3825
f 3305/6076/3815 3308/6077/3830 3309/6078/3817
f 3306/6079/3822 3304/6080/3826 3307/6066/3825
f 3306/6079/3822 3307/6066/3825 3305/6076/3815
f 3322/6081/3831 3304/6080/3826 3306/6079/3822 3324/6082/3823
f 3327/6083/3827 3304/6080/3826 3322/6080/3831 3323/6084/3832
o base_cell.078
v -6.837358 1.080063 -1.424940
v -6.831420 1.079709 -1.424940
v -6.857492 1.080393 -1.424940
v -6.863148 1.076204 -1.424940
v -6.879447 1.063579 -1.424940
v -6.879473 1.055852 -1.424940
v -6.831377 1.074582 -1.424940
v -6.831325 1.055852 -1.424940
v -6.879605 0.955498 -1.424940
v -6.879602 0.965611 -1.424940
v -6.833967 0.955498 -1.424940
vn -0.0000 -0.0000 -1.0000
vt 7.949513 0.002631
vt 7.969575 -0.097705
vt 8.003673 -0.097705
vt 8.008400 -0.087594
vt 8.004955 0.002631
vt 8.012010 0.010357
vt 7.983232 0.022980
vt 7.986309 0.027167
vt 7.957813 0.026837
vt 7.957966 0.026483
vt 7.960183 0.021358
s 1
usemtl base_material
f 3335/6085/3833 3338/6086/3833 3336/6087/3833 3337/6088/3833 3333/6089/3833 3332/6090/3833 3331/6091/3833 3330/6092/3833 3328/6093/3833 3329/6094/3833 3334/6095/3833
o base_cell.079
v -6.112718 0.752389 -1.474529
v -6.112511 0.614205 -1.475159
v -6.113220 0.856847 -1.332746
v -6.113015 0.918608 -1.361329
v -6.112988 0.608815 -1.333180
v -6.112686 0.965014 -1.430823
v -6.138607 0.624887 -1.475173
v -6.207348 0.895033 -1.276482
v -6.235992 0.927341 -1.268078
v -6.219486 0.954697 -1.294257
v -6.214262 0.722129 -1.272875
v -6.129041 0.615195 -1.323053
v -6.288167 0.901648 -1.253075
v -6.291947 0.797854 -1.250800
v -6.225644 0.972806 -1.314063
v -6.279992 0.919062 -1.269375
v -6.234135 0.660460 -1.368966
v -6.260779 0.716345 -1.314641
v -6.238571 0.661359 -1.360465
v -6.258756 0.911001 -1.285762
v -6.249056 0.911001 -1.264206
v -6.245741 0.922540 -1.265275
v -6.246503 0.927293 -1.270440
v -6.250326 0.934166 -1.278629
v -6.258128 0.940682 -1.287352
v -6.260816 0.920862 -1.288683
v -6.261598 0.911001 -1.289916
vn 0.2712 0.0112 0.9624
vn -0.9182 -0.0427 -0.3937
vn -0.3789 -0.9247 -0.0363
vn 0.5835 0.3395 0.7377
vn 0.5353 0.6996 0.4733
vn -0.8900 0.0180 -0.4556
vn -0.1554 0.7197 0.6766
vn -0.1564 0.7153 0.6811
vn -0.1543 0.7135 0.6835
vn -0.9035 0.0235 -0.4280
vn -0.8854 0.0218 -0.4644
vn -0.4616 -0.6496 0.6041
vn 0.5814 0.3514 0.7338
vn -0.0997 0.7187 0.6881
vn -0.7089 0.1425 -0.6907
vn -0.7129 0.1384 -0.6875
vn 0.2902 0.0084 0.9569
vn 0.2798 0.0072 0.9600
vn -0.5106 -0.8413 -0.1775
vn -0.3817 -0.9240 -0.0228
vn -0.4767 -0.6684 0.5710
vn -0.4610 -0.6506 0.6035
vn 0.5053 -0.0022 0.8629
vn 0.5780 0.3169 0.7520
vn -0.7064 0.1442 -0.6930
vn 0.5351 0.7014 0.4709
vn 0.5133 0.0008 0.8582
vn 0.5333 -0.0010 0.8459
vn 1.0000 0.0009 0.0091
vn 1.0000 0.0005 0.0051
vn -0.6955 0.1448 -0.7038
vn 0.0024 0.0046 -1.0000
vn 1.0000 0.0001 0.0034
vn 1.0000 0.0015 -0.0082
vn -0.7419 0.0432 0.6691
vn -0.8253 -0.0052 0.5646
vn -0.8251 0.0987 0.5563
vn -0.7828 0.0955 0.6149
vn -0.7247 0.0521 0.6871
vn -0.8635 0.2247 0.4516
vn -0.8735 0.2873 0.3930
vt 0.186851 0.000000
vt 1.000000 0.000000
vt 1.000000 1.000000
vt 0.000000 0.000000
vt 0.597711 0.000000
vt 0.955668 0.706369
vt 0.781189 0.403951
vt 0.768226 0.768226
vt 1.000000 0.813149
vt 1.000000 0.768226
vt 0.597711 0.597711
vt -0.070804 -0.132335
vt -0.072037 -0.142195
vt -0.067884 -0.142195
vt -0.060752 -0.119033
vt -0.069473 -0.112518
vt -0.070804 -0.132335
vt -0.052564 -0.125905
vt -0.046332 -0.142195
vt -0.047400 -0.130657
s 0
usemtl base_material
f 3360/6096/3834 3351/6097/3834 3352/6098/3834 3347/6099/3834
f 3352/6098/3835 3357/6099/3835 3356/6097/3835
f 3340/6099/3836 3343/6097/3836 3357/6098/3836 3345/6098/3836
f 3347/6098/3837 3341/6099/3837 3342/6097/3837
f 3348/6098/3838 3342/6099/3838 3353/6097/3838
f 3354/6099/3839 3357/6097/3839 3352/6098/3839
f 3363/6100/3840 3354/6097/3840 3361/6101/3840 3362/6102/3840
f 3361/6103/3841 3360/6104/3841 3347/6098/3841
f 3360/6104/3842 3361/6103/3842 3354/6099/3842 3351/6097/3842
f 3353/6099/3840 3363/6100/3840 3362/6102/3840 3361/6105/3840 3347/6098/3840
f 3352/6098/3843 3351/6099/3843 3354/6097/3843
f 3354/6098/3844 3355/6099/3844 3357/6097/3844
f 3349/6097/3845 3352/6098/3845 3356/6099/3845
f 3342/6099/3846 3348/6097/3846 3347/6098/3846
f 3353/6097/3847 3347/6098/3847 3348/6099/3847
f 3363/6106/3848 3353/6099/3848 3345/6097/3848 3354/6098/3848
f 3355/6097/3849 3354/6098/3849 3345/6099/3849
f 3349/6099/3850 3346/6097/3850 3347/6098/3850
f 3349/6099/3851 3347/6097/3851 3352/6098/3851
f 3355/6099/3852 3345/6097/3852 3357/6098/3852
f 3343/6099/3853 3350/6097/3853 3357/6098/3853
f 3350/6099/3854 3356/6097/3854 3357/6098/3854
f 3350/6099/3855 3349/6097/3855 3356/6098/3855
f 3346/6097/3856 3349/6098/3856 3350/6099/3856
f 3347/6098/3857 3346/6099/3857 3341/6097/3857
f 3344/6099/3858 3345/6097/3858 3353/6098/3858
f 3353/6098/3859 3342/6099/3859 3344/6097/3859
f 3346/6098/3860 3350/6099/3860 3341/6097/3860
f 3350/6099/3861 3343/6097/3861 3341/6098/3861
f 3343/6099/3862 3342/6097/3862 3341/6098/3862
f 3343/6099/3863 3344/6097/3863 3342/6098/3863
f 3344/6099/3864 3339/6097/3864 3345/6098/3864
f 3339/6099/3865 3340/6097/3865 3345/6098/3865
f 3340/6099/3866 3344/6097/3866 3343/6098/3866
f 3340/6099/3867 3339/6097/3867 3344/6098/3867
s 1
f 3364/6107/3868 3365/6108/3869 3358/6109/3870
f 3362/6110/3871 3363/6111/3872 3364/6112/3868 3358/6109/3870
f 3358/6109/3870 3361/6113/3873 3362/6110/3871
f 3358/6109/3870 3359/6114/3874 3360/6115/3874 3361/6113/3873
o base_cell.080
v -6.898185 1.112665 -0.897702
v -6.791760 1.033410 -0.897436
v -6.967902 1.227578 -0.897982
v -6.715434 1.146208 -0.897555
v -6.939370 1.235357 -0.897433
v -6.898616 1.112635 -1.144583
v -6.890595 1.107138 -1.141956
v -6.964150 1.221834 -1.098495
v -6.928604 1.162700 -1.179304
v -6.848684 1.180578 -1.156344
v -6.882718 1.154946 -1.183115
v -6.878428 1.162719 -1.183553
v -6.951891 1.226209 -1.092602
v -6.787498 1.106029 -0.958554
v -6.817775 1.106029 -0.947634
v -6.921973 1.151725 -0.947634
v -6.898272 1.112659 -0.947634
v -6.921973 1.224810 -0.947634
v -6.814691 1.050411 -0.950472
v -6.820786 1.054954 -0.947634
v -6.815681 1.182499 -0.947634
v -6.799763 1.175794 -0.952753
v -6.784044 1.169118 -0.958554
v -6.761264 1.158029 -0.986564
v -6.782885 1.106029 -0.964079
v -6.804157 1.065460 -0.953821
v -6.789218 1.091743 -0.958554
v -6.809702 1.055852 -0.952057
vn -0.3218 0.9462 -0.0331
vn -0.0171 -0.0079 0.9998
vn -0.2624 0.9645 -0.0284
vn -0.8550 -0.5187 0.0016
vn 0.0181 0.8267 -0.5624
vn -0.0126 0.8151 -0.5792
vn -0.0515 0.7950 -0.6044
vn -0.0844 -0.0096 -0.9964
vn -0.1691 -0.6269 -0.7605
vn -0.1884 -0.6334 -0.7506
vn -0.5600 -0.8282 -0.0234
vn -0.5973 -0.8020 0.0011
vn -0.0055 -0.0040 1.0000
vn -0.8577 -0.5142 -0.0012
vn 0.3689 0.9271 -0.0669
vn 0.0008 0.0005 1.0000
vn 0.7403 -0.5014 -0.4478
vn 0.7354 -0.5068 -0.4498
vn 0.7353 -0.5069 -0.4498
vn 0.7359 -0.4353 -0.5187
vn 0.7164 -0.5338 -0.4493
vn 0.5807 -0.6681 -0.4652
vn 0.7663 -0.0586 0.6398
vn 0.5784 -0.0476 0.8143
vn 0.4349 -0.0525 0.8990
vn 0.1187 -0.0033 0.9929
vn 0.1724 -0.0095 0.9850
vn 0.3198 -0.0131 0.9474
vn 0.5315 -0.0291 0.8466
vn 0.2525 -0.0332 0.9670
vn 0.3736 -0.0525 0.9261
vn 0.3732 -0.0451 0.9267
vn 0.3748 -0.0745 0.9241
vn -0.0000 -0.0000 1.0000
vn 0.7669 -0.0420 0.6403
vt 0.000000 0.000000
vt 1.000000 0.000000
vt 1.000000 1.000000
vt 0.797747 0.000000
vt 1.000000 0.214595
vt 0.214595 0.214595
vt 0.271907 0.203038
vt 1.000000 0.202253
vt 0.270399 0.203488
vt 0.343944 0.000000
vt 0.343944 0.343944
vt 0.691855 0.257260
vt 0.790716 0.235964
vt 1.000000 0.217780
vt 0.217780 0.217780
vt 0.191756 0.000000
vt 0.194982 0.168718
vt 0.219240 0.000000
vt 0.191756 0.191756
vt 0.746258 0.052799
vt 0.740734 0.052799
vt 0.740734 0.038516
vt -6.944490 0.129256
vt -6.946584 0.052799
vt -6.928575 0.122551
vt -6.928575 0.122551
vt -6.916313 0.052799
vt -6.912859 0.115877
vt -6.949513 0.002631
vt -6.918033 0.038516
vt -6.938012 0.003494
vt -6.932969 0.012237
vt -6.949433 0.001614
vt -6.942239 -0.003646
vt -6.938512 0.002631
vt -6.956902 0.129256
vt -7.014349 0.171559
vt -7.036754 0.098487
vt -7.048730 0.059428
vt -6.968283 0.002631
vt 0.746258 0.052799
vt 0.768740 0.104790
vt 0.740734 0.115877
s 0
usemtl base_material
f 3378/6116/3875 3373/6117/3875 3368/6118/3875
f 3366/6116/3876 3370/6117/3876 3368/6118/3876
f 3370/6116/3877 3378/6117/3877 3368/6118/3877
f 3382/6119/3878 3366/6117/3878 3368/6118/3878 3371/6116/3878
f 3375/6116/3879 3377/6117/3879 3378/6118/3879
f 3377/6116/3880 3373/6117/3880 3378/6118/3880
f 3377/6116/3881 3374/6117/3881 3373/6118/3881
f 3377/6116/3882 3376/6117/3882 3374/6118/3882
f 3376/6116/3883 3372/6117/3883 3374/6118/3883
f 3372/6116/3884 3371/6117/3884 3374/6118/3884
f 3372/6116/3885 3384/6120/3885 3371/6118/3885
f 3371/6118/3886 3384/6121/3886 3385/6122/3886 3382/6123/3886
f 3385/6124/3886 3384/6121/3886 3367/6116/3886 3366/6117/3886 3382/6123/3886
f 3367/6116/3887 3370/6117/3887 3366/6118/3887
f 3374/6116/3888 3371/6117/3888 3368/6118/3888 3373/6116/3888
f 3375/6117/3889 3378/6118/3889 3370/6118/3889 3369/6116/3889 3389/6125/3889
f 3367/6116/3890 3369/6117/3890 3370/6118/3890
f 3375/6118/3891 3389/6126/3891 3390/6127/3891 3392/6128/3891 3391/6129/3891
f 3390/6127/3891 3389/6126/3891 3369/6116/3891 3367/6117/3891 3391/6129/3891 3392/6128/3891
f 3376/6117/3892 3375/6118/3892 3391/6130/3892 3393/6131/3892
f 3367/6116/3893 3393/6131/3893 3391/6130/3893
f 3376/6116/3894 3377/6117/3894 3375/6118/3894
f 3393/6132/3895 3384/6133/3895 3372/6117/3895 3376/6118/3895
f 3367/6116/3896 3384/6133/3896 3393/6134/3896
s 1
f 3390/6135/3897 3379/6136/3898 3392/6137/3899
f 3386/6138/3900 3380/6139/3901 3387/6140/3902
f 3387/6141/3902 3380/6139/3901 3379/6142/3898 3388/6143/3903
f 3380/6139/3901 3385/6144/3904 3379/6142/3898
f 3392/6145/3899 3379/6142/3898 3385/6144/3904 3393/6146/3905 3391/6147/3906
f 3385/6148/3904 3384/6149/3907 3393/6150/3905
f 3386/6151/3900 3383/6152/3908 3381/6153/3908 3382/6154/3908 3385/6155/3904 3380/6139/3901
f 3379/6136/3898 3390/6156/3897 3389/6157/3909 3388/6158/3903
o base_cell.081
v -6.971704 1.145771 -1.474941
v -6.971663 1.145647 -1.197548
v -6.972245 1.089572 -1.236141
v -6.972123 1.137858 -1.202604
v -6.881504 1.063500 -1.475229
v -6.881250 0.905574 -1.474973
v -6.968899 0.808328 -1.474615
v -6.881309 1.063327 -1.275361
v -6.923616 1.101572 -1.235606
v -6.964854 1.139667 -1.202436
v -6.881612 0.963576 -1.360374
v -6.921790 1.055852 -1.424940
v -6.920503 0.955498 -1.424940
v -6.921953 1.100420 -1.424940
v -6.896869 1.077542 -1.424940
v -6.881454 1.063457 -1.424940
v -6.881281 0.955498 -1.424940
vn -0.9983 0.0587 0.0002
vn 0.1166 -0.5456 0.8299
vn 0.6599 0.7513 0.0002
vn -0.0041 -0.0010 -1.0000
vn -1.0000 -0.0083 -0.0042
vn -1.0000 0.0035 -0.0014
vn 0.1222 -0.5664 0.8150
vn 0.1309 -0.5667 0.8135
vn 0.7177 0.6890 0.1009
vn 0.6745 0.7382 -0.0000
vn -0.0023 -0.0016 -1.0000
vn 0.6739 0.7388 -0.0004
vn 0.7037 -0.6330 0.3226
vn 0.1564 -0.6409 0.7515
vn 0.1415 -0.6392 0.7559
vn 0.1471 -0.6300 0.7626
vn 0.9999 -0.0101 0.0083
vn -0.0000 -0.0000 -1.0000
vn 1.0000 0.0016 -0.0010
vt 0.000000 0.000000
vt 1.000000 0.000000
vt 1.000000 1.000000
vt 1.000000 0.184349
vt 0.748388 0.000000
vt 0.815651 0.000000
vt 8.011898 0.010234
vt 8.003673 -0.097705
vt 8.004955 0.002631
vt 8.045644 0.047191
vt 8.024757 0.024317
vt 0.748388 0.748388
s 0
usemtl base_material
f 3394/6159/3910 3397/6160/3910 3395/6161/3910
f 3397/6159/3911 3403/6160/3911 3395/6161/3911
f 3403/6159/3912 3394/6160/3912 3395/6161/3912
f 3398/6159/3913 3400/6160/3913 3394/6161/3913
f 3400/6159/3914 3396/6160/3914 3394/6161/3914
f 3396/6159/3915 3397/6160/3915 3394/6161/3915
f 3396/6159/3916 3403/6160/3916 3397/6161/3916
f 3396/6159/3917 3402/6160/3917 3403/6161/3917
f 3402/6159/3918 3401/6160/3918 3403/6161/3918
f 3408/6162/3919 3403/6161/3919 3401/6159/3919 3409/6163/3919
f 3409/6163/3919 3398/6160/3919 3408/6162/3919
f 3399/6159/3920 3400/6160/3920 3398/6161/3920
f 3408/6164/3921 3398/6160/3921 3394/6161/3921 3403/6159/3921
f 3404/6160/3922 3400/6161/3922 3399/6159/3922
f 3400/6161/3923 3404/6159/3923 3401/6160/3923
f 3396/6160/3924 3400/6161/3924 3401/6159/3924
f 3401/6159/3925 3402/6160/3925 3396/6161/3925
f 3401/6161/3926 3404/6159/3926 3399/6160/3926
s 1
f 3409/6165/3927 3410/6166/3927 3406/6166/3927 3405/6167/3927 3407/6168/3927 3408/6169/3927
s 0
f 3399/6160/3928 3398/6161/3928 3409/6170/3928 3401/6159/3928
o base_cell.083
v -6.383001 0.960796 -1.475412
v -6.368823 0.951428 -1.474769
v -6.386274 0.964953 -1.475069
v -6.388724 0.984524 -1.475193
v -6.402967 1.319580 -1.475154
v -6.357515 1.353845 -1.474576
v -6.437629 0.951410 -1.389681
v -6.424165 0.859482 -1.235364
v -6.438242 0.958534 -1.395340
v -6.455233 1.170736 -1.383716
v -6.440063 1.071821 -1.187849
v -6.426468 0.898351 -1.188126
v -6.439499 1.059453 -1.187572
v -6.363925 0.920786 -1.426719
v -6.392274 0.875173 -1.305476
v -6.355204 1.354759 -1.461118
v -6.412752 0.872438 -1.215942
v -6.418951 0.897188 -1.188329
v -6.418605 0.906183 -1.187546
v -6.418818 1.293545 -1.187871
v -6.415521 0.854219 -1.238388
v -6.406319 0.963744 -1.446388
v -6.455453 1.274334 -1.389452
v -6.440563 1.277096 -1.187439
v -6.431914 1.060392 -1.186970
v -6.431689 1.283089 -1.187132
v -6.408522 0.958462 -1.361373
v -6.408522 0.955312 -1.406148
v -6.408522 0.951376 -1.409817
v -6.408525 0.953591 -1.358406
v -6.436282 0.945005 -1.365348
v -6.435783 0.938810 -1.368529
v -6.436831 0.953635 -1.360908
v -6.437320 0.958462 -1.363754
v -6.438049 0.956641 -1.389538
v -6.376572 0.917409 -1.371402
v -6.375974 0.911341 -1.374470
v -6.369373 0.919331 -1.402888
v -6.369490 0.911833 -1.402921
v -6.380658 0.953589 -1.353205
v -6.380006 0.958320 -1.356018
v -6.376048 0.957209 -1.373350
v -6.370121 0.955314 -1.399305
v -6.369314 0.951376 -1.402871
v -6.424227 0.953036 -1.409484
v -6.400370 0.935929 -1.408404
v -6.408522 0.942349 -1.409817
v -6.421861 0.930671 -1.371424
v -6.408551 0.923015 -1.374189
v -6.388926 0.911001 -1.376929
vn -0.0351 0.0008 0.9994
vn -0.0790 -0.0010 0.9969
vn -0.0779 -0.0097 0.9969
vn -0.0644 -0.0093 0.9979
vn 0.0510 0.0007 0.9987
vn -0.3756 0.5167 0.7694
vn 0.0566 0.0009 0.9984
vn -0.6192 0.7844 0.0349
vn -0.9973 0.0020 0.0735
vn -0.9971 -0.0026 0.0759
vn -0.4906 -0.0029 0.8714
vn -0.9975 -0.0443 0.0549
vn 0.0139 0.9971 -0.0750
vn 0.0584 0.9045 -0.4224
vn 0.0158 0.9294 -0.3687
vn 0.0146 0.9965 -0.0827
vn -0.9950 -0.0954 0.0300
vn -0.2463 -0.7543 0.6086
vn -0.1476 -0.7589 0.6342
vn -0.0987 -0.7519 0.6518
vn 0.0134 -0.0872 0.9961
vn -0.9961 -0.0809 0.0339
vn 0.9610 -0.0604 0.2699
vn 0.9748 -0.0180 0.2224
vn 0.9749 -0.0161 0.2219
vn 0.1760 0.0009 -0.9844
vn 0.1748 0.0009 -0.9846
vn 0.1157 0.0006 -0.9933
vn 0.0887 0.3469 -0.9337
vn 0.1632 0.3619 -0.9178
vn 0.9749 -0.0019 0.2228
vn 0.9739 0.0007 0.2269
vn -0.5846 0.8101 0.0454
vn 0.0117 0.0014 -0.9999
vn -0.0458 -0.0018 -0.9989
vn -0.5175 -0.7524 -0.4074
vn -0.8449 -0.0314 -0.5340
vn -0.8455 -0.0385 -0.5326
vn -0.9968 -0.0802 0.0071
vn -0.6990 -0.5206 -0.4903
vn -0.7106 -0.4741 -0.5198
vn -0.6774 -0.5501 -0.4883
vn -0.5185 -0.7491 -0.4124
vn -0.5168 -0.7544 -0.4047
vn 0.2702 -0.0000 -0.9628
vn -0.5744 -0.7243 -0.3814
vn -0.4510 -0.7955 -0.4047
vn 0.9048 -0.3783 0.1954
vn -0.4824 -0.7600 -0.4355
vn 0.9923 -0.0294 -0.1199
vn 0.9855 -0.0276 -0.1674
vn 0.0448 -0.0008 -0.9990
vn -0.6966 -0.5064 -0.5082
vn -0.1333 -0.0230 -0.9908
vn -0.8130 -0.1054 -0.5726
vn -0.6020 0.7975 0.0391
vn -0.1576 -0.4547 0.8766
vn -0.1364 0.0347 0.9900
vn -0.1300 -0.4547 0.8811
vn -0.1548 -0.4530 0.8779
vn -0.1833 0.0369 0.9824
vn -0.1631 -0.4579 0.8739
vn -0.8414 -0.0357 -0.5392
vn -0.9962 -0.0808 0.0340
vn -0.0867 0.0510 0.9949
vn -0.0800 -0.4577 0.8855
vn -0.0852 -0.4603 0.8837
vn -0.1132 0.5159 0.8492
vn -0.0713 0.5012 0.8624
vn -0.1565 0.5197 0.8399
vn 0.0132 0.9976 -0.0684
vn 0.0778 0.8976 -0.4338
vt 0.000000 0.000000
vt 1.000000 0.000000
vt 1.000000 1.000000
vt -6.537403 1.143481
vt -6.537403 1.188248
vt -6.556606 1.189713
vt -6.566931 1.175709
vt -6.566925 1.171641
vt -6.566196 1.145862
vt 0.137068 0.000000
vt 0.120723 0.120723
vt 1.000000 0.120723
vt 0.955291 0.141146
vt 0.937178 0.126772
vt 0.976150 0.000000
vt 1.000000 0.099640
vt 0.803712 0.000000
vt 7.535767 -0.140447
vt 7.514066 -0.117271
vt 7.508056 -0.110852
vt 7.499606 -0.101827
vt 1.000000 0.231286
vt 0.099640 0.099640
vt 0.231286 0.231286
vt 0.406136 0.319788
vt 0.406467 0.309244
vt 0.328237 0.236355
vt 0.210503 0.126678
vt 0.184583 0.110382
vt 0.125043 0.000000
vt 1.000000 0.862166
vt 0.494474 0.494474
vt 0.306160 0.000000
vt 1.000000 0.023850
vt 1.000000 0.683767
vt 0.306159 0.306159
vt 0.683767 0.683767
vt 0.773517 0.773517
vt 1.000000 0.494474
vt 0.905467 0.580609
vt 0.783536 0.716062
vt 0.129177 0.005778
vt 7.470197 -0.133866
vt 7.464156 -0.140447
vt 0.862166 0.862166
vt 0.196288 0.000000
vt 0.406451 0.309546
vt -6.504861 -0.141854
vt -6.537407 -0.099612
vt -6.537432 -0.130183
vt -6.517810 -0.142195
vt -6.509544 -0.099614
vt -6.504861 -0.141854
vt -6.505459 -0.135788
vt 0.960298 0.139281
vt -6.537433 -0.130183
vt -6.565650 -0.100475
vt -6.550740 -0.122527
vt -6.565650 -0.100475
vt -6.565158 -0.108196
vt -6.563459 -0.115186
vt -6.550739 -0.122527
vt -6.565708 -0.099568
vt -6.537403 -0.094741
vt -6.566196 -0.094741
vt -6.565718 -0.099476
vt -6.509544 -0.099614
vt -6.508893 -0.094884
vt -6.508873 -0.094741
vt 7.556589 -0.097894
vt 7.537403 -0.097891
vt 7.537403 -0.101827
vt -6.504935 1.155456
vt -6.500249 1.181754
vt -6.508873 1.138210
vt 7.500249 -0.097889
vt 7.545853 -0.110852
s 0
usemtl base_material
f 3436/6171/3929 3434/6172/3929 3435/6173/3929
f 3434/6171/3930 3423/6172/3930 3435/6173/3930
f 3423/6171/3931 3422/6172/3931 3435/6173/3931
f 3422/6171/3932 3429/6172/3932 3435/6173/3932
f 3429/6171/3933 3436/6172/3933 3435/6173/3933
f 3430/6171/3934 3434/6172/3934 3436/6173/3934
f 3429/6171/3935 3430/6172/3935 3436/6173/3935
f 3415/6171/3936 3433/6172/3936 3434/6173/3936
f 3433/6171/3937 3420/6172/3937 3434/6173/3937
f 3420/6171/3938 3421/6172/3938 3434/6173/3938
f 3421/6171/3939 3423/6172/3939 3434/6173/3939
f 3421/6171/3940 3420/6172/3940 3423/6173/3940
s 1
f 3437/6174/3941 3438/6175/3942 3455/6176/3943 3419/6177/3944 3445/6178/3944 3444/6179/3944
s 0
f 3442/6180/3945 3418/6172/3945 3422/6173/3945 3441/6181/3945
f 3441/6181/3945 3417/6171/3945 3442/6180/3945
f 3418/6171/3946 3431/6172/3946 3422/6173/3946
f 3431/6171/3947 3427/6172/3947 3422/6173/3947
f 3427/6171/3948 3428/6172/3948 3422/6173/3948
f 3428/6171/3949 3429/6172/3949 3422/6173/3949
f 3417/6172/3950 3441/6182/3950 3443/6183/3950 3444/6184/3950 3445/6185/3950
f 3428/6171/3951 3427/6172/3951 3429/6173/3951
f 3429/6173/3952 3427/6171/3952 3425/6172/3952
f 3448/6186/3953 3449/6187/3953 3424/6172/3953
s 1
f 3449/6188/3954 3456/6189/3955 3457/6190/3956 3439/6191/3957 3454/6191/3958
s 0
f 3446/6192/3953 3429/6173/3953 3425/6171/3953 3449/6187/3953 3448/6186/3953
f 3448/6193/3959 3424/6171/3959 3426/6172/3959 3429/6173/3959 3446/6194/3959 3450/6195/3959 3451/6196/3959 3452/6197/3959 3453/6198/3959 3454/6199/3959
f 3430/6172/3960 3429/6173/3960 3426/6171/3960
f 3426/6171/3961 3416/6172/3961 3430/6173/3961
f 3416/6171/3962 3411/6172/3962 3415/6173/3962
f 3411/6171/3963 3414/6172/3963 3415/6173/3963
f 3449/6200/3964 3431/6172/3964 3442/6201/3964 3417/6173/3964 3456/6202/3964
f 3420/6171/3965 3433/6172/3965 3415/6173/3965
f 3432/6171/3966 3419/6172/3966 3420/6173/3966
f 3420/6173/3967 3419/6203/3967 3445/6204/3967
f 3417/6172/3967 3445/6204/3967 3419/6203/3967
f 3419/6171/3968 3432/6172/3968 3455/6205/3968
f 3455/6205/3969 3417/6173/3969 3419/6206/3969
f 3455/6207/3970 3432/6171/3970 3411/6172/3970
f 3455/6208/3971 3411/6171/3971 3424/6172/3971 3456/6209/3971 3457/6210/3971
f 3456/6209/3971 3417/6173/3971 3455/6211/3971 3457/6210/3971
f 3456/6202/3972 3424/6171/3972 3449/6212/3972
s 1
f 3448/6213/3973 3449/6214/3954 3454/6191/3958
s 0
f 3431/6171/3974 3418/6172/3974 3442/6215/3974
f 3449/6216/3975 3425/6172/3975 3431/6173/3975
f 3427/6172/3976 3431/6173/3976 3425/6171/3976
f 3411/6171/3977 3412/6172/3977 3424/6173/3977
f 3412/6171/3978 3426/6172/3978 3424/6173/3978
f 3412/6171/3979 3416/6172/3979 3426/6173/3979
f 3412/6171/3980 3411/6172/3980 3416/6173/3980
f 3432/6171/3981 3413/6172/3981 3411/6173/3981
f 3413/6171/3982 3414/6172/3982 3411/6173/3982
f 3413/6171/3983 3432/6172/3983 3414/6173/3983
f 3416/6171/3984 3415/6172/3984 3434/6173/3984 3430/6173/3984
f 3446/6194/3959 3448/6193/3959 3454/6199/3959 3453/6198/3959 3452/6197/3959 3451/6217/3959 3450/6195/3959
s 1
f 3447/6218/3985 3440/6219/3986 3459/6220/3987 3460/6221/3988
f 3450/6222/3989 3440/6219/3986 3447/6223/3985 3446/6224/3990
s 0
f 3432/6171/3991 3420/6172/3991 3415/6173/3991 3414/6171/3991
f 3443/6225/3992 3441/6182/3992 3422/6172/3992 3423/6173/3992 3420/6171/3992 3445/6185/3992 3444/6184/3992
s 1
f 3459/6226/3987 3440/6219/3986 3443/6227/3993 3458/6228/3994
f 3443/6229/3993 3441/6230/3995 3442/6231/3995 3458/6232/3994
f 3443/6233/3993 3440/6219/3986 3437/6234/3996
f 3444/6235/3997 3443/6236/3993 3437/6234/3996
f 3440/6219/3986 3450/6237/3989 3451/6238/3998
f 3451/6239/3998 3437/6234/3996 3440/6219/3986
f 3455/6240/3943 3438/6241/3942 3439/6242/3957
f 3452/6243/3999 3453/6244/4000 3438/6175/3942 3437/6174/3941 3451/6245/3999
f 3438/6241/3942 3454/6191/3958 3439/6242/3957
f 3453/6246/4000 3454/6191/3958 3438/6241/3942
f 3457/6247/3956 3455/6242/3943 3439/6242/3957
o base_cell.084
v -6.863244 1.374161 -1.019864
v -6.811924 1.321892 -1.062396
v -6.867719 1.357116 -1.048485
v -6.789773 1.402380 -0.979258
v -6.779199 1.397065 -0.963730
v -6.862994 1.402380 -1.013326
v -6.866143 1.402380 -1.029861
v -6.869453 1.402380 -1.048287
v -6.776914 1.380294 -0.958230
v -6.775890 1.374228 -0.958885
v -6.815817 1.402380 -0.980393
v -6.803664 1.400783 -0.972271
v -6.797512 1.399897 -0.968178
v -6.786894 1.397065 -0.961408
v -6.771842 1.377245 -0.963475
v -6.771569 1.397065 -0.972868
v -6.774605 1.399853 -0.984023
v -6.777915 1.400586 -0.994990
v -6.848240 1.402380 -1.053647
v -6.799687 1.402380 -1.065325
v -6.773101 1.368141 -0.962744
v -6.786027 1.402380 -1.021784
vn -0.9818 -0.0346 0.1870
vn -0.9835 -0.0385 0.1767
vn -0.3611 -0.7753 0.5182
vn 0.9432 -0.1528 -0.2949
vn -0.2339 0.0002 -0.9723
vn 0.9427 -0.1541 -0.2958
vn -0.2450 -0.0052 -0.9695
vn -0.3816 -0.7646 0.5194
vn -0.0000 1.0000 -0.0000
vn -0.0016 0.9993 0.0366
vn 0.0908 0.9879 0.1259
vn 0.0209 0.9998 0.0018
vn 0.1605 0.8314 0.5320
vn 0.7071 0.2075 0.6759
vn 0.4136 0.6850 0.5998
vn 0.7527 -0.0084 0.6583
vn 0.7589 0.1266 0.6388
vn -0.0070 0.9778 0.2094
vn 0.0394 0.9688 0.2447
vn 0.4603 0.8050 0.3744
vn 0.1935 0.9762 0.0982
vn 0.1688 0.9855 0.0149
vn -0.5628 -0.1820 0.8063
vt 1.000000 0.000000
vt 1.000000 0.353069
vt 0.645473 0.000000
vt 1.000000 1.000000
vt 0.645473 0.645473
vt 0.531629 0.000000
vt 1.000000 0.057718
vt 0.000000 0.000000
vt 0.310209 0.117929
vt 0.070258 0.000000
vt 0.352726 0.000000
vt 0.343915 0.067752
vt 0.610380 0.000000
vt 0.608933 0.608933
vt 0.352726 0.352726
vt 0.070258 0.070258
vt 0.066583 0.000000
vt 1.000000 0.608933
vt 0.598933 0.458592
vt 0.610380 0.610380
vt 1.000000 0.468371
vt 0.933417 0.000000
vt 1.000000 0.048704
vt -6.977044 0.835810
vt -6.998253 0.830451
vt -6.994943 0.812028
vt -6.991796 0.795497
vt -6.944627 0.762569
vt -6.918587 0.761434
vt -6.914842 0.803953
vt -6.928499 0.847486
vt -6.915709 0.343783
vt -6.904491 0.327840
vt -6.908015 0.343783
vt 0.740734 0.327840
vt 0.742339 0.317465
vt 0.744924 0.314864
vt 0.745960 0.327840
vt -6.932476 0.754449
vt -6.926324 0.750356
vt -6.932475 0.754449
vt -6.926324 0.750356
vt -6.915709 0.743587
vt -6.908015 0.745909
vt -6.900386 0.755046
vt -6.903421 0.766199
vt -6.906730 0.777163
vt 0.745960 0.327840
vt 0.755046 0.343783
vt 0.745909 0.343783
vt 0.216261 0.102403
vt 0.559907 0.258049
vt 0.712458 0.380327
vt 0.789395 0.448783
vt 0.939036 0.583529
vt 0.353069 0.353069
vt 0.099673 0.068149
s 0
usemtl base_material
f 3461/6248/4001 3466/6249/4001 3467/6250/4001
f 3463/6248/4002 3461/6251/4002 3467/6252/4002 3468/6253/4002
f 3470/6254/4003 3461/6251/4003 3463/6255/4003
f 3476/6256/4004 3475/6257/4004 3478/6258/4004 3477/6259/4004
f 3479/6260/4005 3480/6261/4005 3462/6255/4005
f 3478/6262/4006 3475/6263/4006 3481/6264/4006 3462/6248/4006 3480/6265/4006 3482/6266/4006
f 3479/6267/4007 3462/6255/4007 3463/6248/4007 3468/6268/4007
f 3462/6255/4008 3481/6269/4008 3470/6270/4008 3463/6251/4008
s 1
f 3479/6271/4009 3468/6272/4009 3467/6273/4009 3466/6274/4009 3471/6275/4010 3464/6276/4011 3482/6277/4012 3480/6278/4009
f 3474/6279/4013 3469/6280/4014 3465/6281/4015
f 3469/6282/4014 3470/6283/4016 3481/6284/4016 3475/6285/4017
f 3472/6286/4018 3473/6287/4019 3464/6276/4011
f 3471/6275/4010 3472/6288/4018 3464/6276/4011
f 3464/6276/4011 3473/6289/4019 3474/6290/4013 3465/6291/4015
f 3476/6292/4020 3477/6293/4021 3464/6276/4011 3465/6291/4015
f 3482/6277/4012 3464/6276/4011 3477/6293/4021 3478/6294/4022
f 3475/6295/4017 3476/6296/4020 3465/6297/4015 3469/6282/4014
s 0
f 3469/6298/4023 3474/6299/4023 3473/6300/4023 3472/6301/4023 3471/6302/4023 3466/6303/4023 3461/6251/4023 3470/6304/4023
o base_cell.085
v -6.567008 0.732911 -1.184828
v -6.613327 0.748355 -1.183464
v -6.628777 0.725637 -1.185100
v -6.584690 0.642336 -1.144018
v -6.588912 0.650330 -1.162170
v -6.577218 0.628188 -1.132588
v -6.553718 0.670494 -1.185437
v -6.588912 0.650330 -1.185521
v -6.671278 0.650330 -1.185471
v -6.533120 0.682296 -1.185248
v -6.527038 0.680500 -1.152964
v -6.530602 0.683739 -1.162170
v -6.632777 0.596230 -1.117620
v -6.640732 0.592448 -1.116937
v -6.617605 0.625538 -1.080363
v -6.588094 0.640353 -1.081529
v -6.512521 0.654652 -1.125769
v -6.529152 0.645087 -1.127234
v -6.573327 0.620820 -1.129137
v -6.691306 0.564275 -1.120000
v -6.628085 0.620301 -1.079953
v -6.665546 0.580706 -1.114818
v -6.604694 0.648447 -1.083349
v -6.610592 0.651187 -1.083975
v -6.526691 0.677818 -1.144018
v -6.522480 0.665084 -1.132588
v -6.522566 0.670242 -1.137851
v -6.677131 0.580706 -1.114818
v -6.668858 0.596230 -1.117620
v -6.658055 0.644367 -1.148630
v -6.656312 0.642336 -1.144018
v -6.657948 0.628188 -1.132588
v -6.675791 0.650330 -1.181336
v -6.663121 0.650330 -1.162170
vn -0.0006 0.0053 -1.0000
vn 0.0032 0.0104 -0.9999
vn 0.8112 0.5816 -0.0608
vn 0.4143 -0.7897 0.4525
vn 0.4125 -0.7899 0.4538
vn -0.6304 0.3592 -0.6882
vn -0.0044 0.0748 -0.9972
vn -0.7837 0.5072 0.3585
vn 0.2518 0.6958 0.6726
vn 0.2632 0.6912 0.6730
vn -0.7315 0.4776 0.4866
vn -0.7329 0.4776 0.4845
vn -0.0357 0.1489 0.9882
vn 0.4737 -0.8013 -0.3654
vn 0.4331 -0.7079 -0.5580
vn 0.1927 -0.7280 -0.6579
vn 0.2418 -0.9423 -0.2316
vn 0.4816 -0.8405 -0.2482
vn 0.3449 -0.5058 -0.7907
vn 0.2249 -0.3213 -0.9199
vn 0.1139 -0.3753 -0.9199
vn 0.1345 -0.4623 -0.8765
vn 0.3557 -0.5562 -0.7511
vn 0.2571 -0.9664 -0.0000
vn -0.0000 -0.9886 -0.1502
vn -0.0000 -1.0000 -0.0000
vn -0.0000 -0.5181 -0.8553
vn -0.0000 -0.3907 -0.9205
vn -0.0000 -0.2740 -0.9617
vn 0.4971 -0.8677 -0.0000
vn -0.0000 -0.8042 -0.5944
vn -0.0000 -0.1776 -0.9841
vn -0.0000 -0.0933 -0.9956
vn -0.0000 0.1491 -0.9888
vn -0.0000 0.3008 -0.9537
vn -0.0000 -0.9152 -0.4030
vt 1.000000 0.000000
vt 1.000000 0.572351
vt 0.761451 0.443984
vt 0.447794 0.000000
vt 1.000000 0.488479
vt 0.572351 0.572351
vt 0.000000 0.000000
vt 0.488479 0.488479
vt 0.693456 0.000000
vt 0.652022 0.078958
vt 0.578969 0.169717
vt 0.786399 0.000000
vt 1.000000 0.100911
vt 1.000000 0.414805
vt 0.940777 0.389912
vt 0.469527 0.244063
vt 0.166071 0.070159
vt 0.055170 0.000000
vt 0.414805 0.414805
vt 0.100911 0.100911
vt 0.215649 0.000000
vt 0.976690 0.000000
vt 0.684627 0.159432
vt 0.378258 0.000000
vt 1.000000 0.552206
vt 1.000000 1.000000
vt 0.318517 0.000000
vt 1.000000 0.126856
vt 0.866184 0.000000
vt 0.929458 0.139067
vt 0.962646 0.197481
vt 1.000000 0.306544
vt 0.126856 0.126856
vt 0.213601 0.000000
vt 0.948983 0.038117
vt 0.976690 0.976690
vt 0.215649 0.215649
vt 0.133816 0.000000
vt 1.000000 0.559688
vt 0.949115 0.539898
vt 0.862546 0.563779
vt 0.807385 0.702478
vt 0.838423 0.804774
vt 0.559688 0.559688
vt 0.652936 0.000000
vt 0.574709 0.329290
vt -6.756927 -0.432843
vt -6.746449 -0.427606
vt -6.716944 -0.412794
vt -6.733541 -0.404701
vt -6.739438 -0.401962
vt 7.655899 0.935110
vt 7.655552 0.926165
vt 7.713541 0.926165
vt 7.717762 0.944314
vt 7.659461 0.944314
vt 7.651340 -0.388067
vt 7.643249 -0.395475
vt 7.658011 -0.408061
vt 7.702179 -0.432323
vt 7.706069 -0.424957
vt 7.651427 -0.382911
vt 7.651341 -0.388067
vt 7.713541 -0.410811
vt 7.655552 -0.375336
vt 7.717762 0.967661
vt 7.791957 0.944314
vt 7.806790 0.967061
vt 7.800112 0.967610
vt 7.786784 -0.424957
vt 7.702179 -0.432323
vt 7.761619 -0.456909
vt 7.797693 -0.456909
vt 7.659461 0.944314
vt 7.717761 0.967661
vt 7.682573 0.967576
vt 7.661980 0.967388
vt 7.785150 -0.410811
vt 7.786785 -0.424957
vt 7.769572 -0.460690
vt 7.794382 -0.472430
vt 7.805964 -0.472430
vt 7.794382 -0.472430
vt 7.820138 -0.488858
vt 7.785150 0.926165
vt 7.786892 0.930777
s 0
usemtl base_material
f 3485/6305/4024 3489/6306/4024 3490/6307/4024 3491/6308/4024
f 3483/6305/4025 3492/6309/4025 3489/6310/4025 3485/6311/4025
f 3492/6312/4026 3483/6311/4026 3507/6313/4026 3493/6314/4026 3494/6315/4026
f 3498/6316/4027 3497/6317/4027 3496/6318/4027 3495/6319/4027 3501/6320/4027 3500/6321/4027 3499/6322/4027
f 3496/6323/4028 3497/6324/4028 3503/6325/4028 3502/6326/4028 3504/6327/4028
f 3515/6328/4029 3485/6305/4029 3491/6329/4029
f 3484/6311/4030 3483/6305/4030 3485/6330/4030
f 3484/6305/4031 3485/6330/4031 3515/6331/4031
f 3505/6332/4032 3483/6330/4032 3484/6311/4032 3506/6333/4032
f 3508/6334/4033 3509/6335/4033 3507/6336/4033 3483/6330/4033 3505/6337/4033 3498/6338/4033 3499/6339/4033
f 3502/6340/4034 3503/6341/4034 3506/6342/4034 3484/6305/4034 3512/6343/4034 3513/6344/4034 3514/6345/4034 3511/6346/4034 3510/6347/4034
f 3512/6348/4035 3484/6311/4035 3515/6349/4035 3516/6350/4035
s 1
f 3503/6351/4036 3497/6352/4036 3498/6353/4036 3505/6354/4036 3506/6355/4036
f 3493/6356/4037 3507/6357/4038 3486/6358/4039
f 3493/6356/4037 3486/6358/4039 3487/6359/4040 3494/6360/4041
f 3508/6361/4042 3499/6362/4043 3500/6363/4043 3501/6364/4044 3488/6365/4045
f 3509/6366/4046 3508/6367/4042 3488/6365/4045
f 3486/6368/4039 3507/6369/4038 3509/6366/4046 3488/6365/4045
f 3490/6370/4047 3487/6359/4040 3516/6371/4048 3515/6372/4049 3491/6373/4049
f 3514/6374/4050 3488/6365/4045 3501/6375/4044 3495/6376/4051 3511/6377/4052
f 3494/6378/4041 3487/6359/4040 3490/6379/4047 3489/6380/4053 3492/6381/4053
f 3513/6382/4054 3486/6368/4039 3488/6365/4045 3514/6383/4050
f 3496/6384/4055 3504/6385/4056 3510/6386/4057 3511/6377/4052 3495/6376/4051
f 3510/6386/4057 3504/6387/4056 3502/6388/4058
f 3516/6371/4048 3487/6359/4040 3486/6358/4039 3513/6389/4054 3512/6390/4059
o base_cell.086
v -6.593933 1.017638 -0.897316
v -6.731927 0.887766 -0.898063
v -6.756775 0.794528 -0.897406
v -6.760504 0.739722 -0.897655
v -6.573340 0.939876 -0.898028
v -6.573023 0.746005 -0.897618
v -6.620227 0.727793 -0.898017
v -6.605585 0.985882 -0.992424
v -6.711714 0.887557 -0.987309
v -6.644816 0.812935 -1.015369
v -6.606922 0.972160 -0.994965
v -6.654947 0.793399 -1.016956
v -6.709492 0.791700 -1.004802
v -6.586846 1.009588 -0.963314
v -6.738755 0.875469 -0.927466
v -6.644864 0.792522 -1.014945
v -6.602410 0.782489 -0.987426
v -6.620783 0.781719 -0.998757
v -6.572340 0.951208 -0.941898
v -6.572417 0.769977 -0.942066
v -6.570449 0.938503 -0.924745
v -6.570115 0.761308 -0.924186
vn 0.3271 -0.8331 -0.4461
vn 0.9918 -0.0003 -0.1279
vn 0.9941 0.0015 -0.1085
vn 0.9942 0.0022 0.1075
vn 0.9939 0.0019 0.1099
vn 0.0428 0.0022 0.9991
vn 0.0009 -0.0010 1.0000
vn -0.0000 -0.0046 1.0000
vn 0.0006 -0.0234 0.9997
vn -0.0501 -0.8806 -0.4711
vn 0.3124 -0.8368 -0.4497
vn 0.5254 -0.0957 -0.8454
vn 0.5404 -0.0206 -0.8412
vn 0.8339 -0.0021 -0.5519
vn -0.0762 -0.8823 -0.4644
vn 0.8394 0.0092 -0.5434
vn 0.9616 0.2650 0.0709
vn 0.9629 0.2566 0.0839
vn 0.9629 0.2541 0.0911
vn -0.6690 0.7257 -0.1604
vn -0.6748 0.7209 -0.1580
vn -0.6778 0.7210 -0.1441
vn -0.0161 0.0113 0.9998
vn -0.9229 0.0645 -0.3795
vn -0.9596 0.2566 0.1155
vn -0.9141 0.0583 -0.4013
vn -0.9114 0.0533 -0.4080
vn -0.2194 0.1702 -0.9607
vn 0.0520 -0.7933 -0.6067
vn -0.2116 0.1751 -0.9615
vn -0.6750 0.7203 -0.1595
vn -0.2301 0.1988 -0.9526
vn -0.1626 0.1634 -0.9731
vn 0.5341 -0.0188 -0.8452
vn 0.1938 -0.0208 -0.9808
vn 0.8378 0.0001 -0.5459
vn 0.8327 0.0213 -0.5534
vn 0.3253 -0.8342 -0.4453
vt 1.000000 0.000000
vt 1.000000 1.000000
vt 0.000000 0.000000
s 0
usemtl base_material
f 3536/6391/4060 3538/6392/4060 3533/6393/4060
f 3536/6393/4061 3535/6391/4061 3538/6392/4061
f 3535/6393/4062 3537/6391/4062 3538/6392/4062
f 3537/6393/4063 3521/6391/4063 3538/6392/4063
f 3521/6393/4064 3522/6391/4064 3538/6392/4064
f 3521/6393/4065 3517/6391/4065 3522/6392/4065
f 3517/6393/4066 3519/6391/4066 3522/6392/4066
f 3519/6393/4067 3520/6391/4067 3522/6392/4067
f 3520/6393/4068 3523/6391/4068 3522/6392/4068
f 3534/6391/4069 3523/6392/4069 3528/6393/4069
f 3534/6393/4070 3533/6391/4070 3523/6392/4070
f 3532/6391/4071 3533/6392/4071 3534/6393/4071
f 3532/6393/4072 3527/6391/4072 3533/6392/4072
f 3536/6391/4073 3533/6392/4073 3527/6393/4073
f 3528/6391/4074 3523/6392/4074 3520/6393/4074 3529/6393/4074
f 3530/6391/4075 3535/6392/4075 3527/6393/4075
f 3530/6393/4076 3517/6391/4076 3535/6392/4076
f 3517/6393/4077 3537/6391/4077 3535/6392/4077
f 3517/6393/4078 3521/6391/4078 3537/6392/4078
f 3530/6393/4079 3524/6391/4079 3517/6392/4079
f 3524/6393/4080 3531/6391/4080 3517/6392/4080
f 3531/6393/4081 3518/6391/4081 3517/6392/4081
f 3518/6393/4082 3519/6391/4082 3517/6392/4082
f 3531/6393/4083 3520/6391/4083 3519/6392/4083
f 3518/6393/4084 3531/6391/4084 3519/6392/4084
f 3531/6393/4085 3525/6391/4085 3520/6392/4085
f 3525/6393/4086 3529/6391/4086 3520/6392/4086
f 3525/6393/4087 3528/6391/4087 3529/6392/4087
f 3532/6393/4088 3534/6391/4088 3528/6392/4088
f 3525/6393/4089 3527/6391/4089 3528/6392/4089
f 3525/6393/4090 3531/6391/4090 3524/6392/4090
f 3525/6393/4091 3524/6391/4091 3527/6392/4091
f 3528/6392/4092 3527/6393/4092 3526/6391/4092
f 3532/6392/4093 3526/6393/4093 3527/6391/4093
f 3528/6392/4094 3526/6393/4094 3532/6391/4094
f 3536/6392/4095 3527/6393/4095 3535/6391/4095
f 3524/6393/4096 3530/6391/4096 3527/6392/4096
f 3533/6391/4097 3538/6392/4097 3522/6393/4097 3523/6393/4097
o base_cell.087
v -6.972022 0.412629 -1.475277
v -6.971876 0.709348 -1.475009
v -6.971604 0.412001 -1.286277
v -6.972474 0.734970 -1.393065
v -6.971958 0.711343 -1.116992
v -6.972098 0.737529 -1.235050
v -6.971813 0.733635 -1.201671
v -6.972178 0.719168 -1.129104
v -6.685576 0.411916 -1.474623
v -6.695483 0.501006 -1.474924
v -6.669276 0.458063 -1.474987
v -6.695553 0.412378 -1.286895
v -6.672003 0.412559 -1.366803
v -6.670733 0.412848 -1.373474
v -6.832778 0.718541 -1.113140
v -6.844989 0.730051 -1.106155
v -6.689094 0.539338 -1.339872
v -6.709872 0.603448 -1.184733
v -6.922307 0.747571 -1.234480
v -6.906990 0.747247 -1.201554
v -6.868373 0.740103 -1.131403
v -6.710983 0.599030 -1.181703
v -6.707402 0.588833 -1.186797
v -6.689656 0.481625 -1.247692
v -6.830345 0.650330 -1.162170
v -6.887872 0.683913 -1.260846
v -6.886675 0.462398 -1.288352
v -6.765780 0.462398 -1.303845
v -6.887917 0.703769 -1.263628
v -6.830338 0.642336 -1.228556
v -6.830345 0.650330 -1.210404
v -6.830325 0.628188 -1.239986
v -6.830281 0.580706 -1.257755
v -6.830296 0.596230 -1.254954
v -6.830251 0.547206 -1.238493
v -6.830266 0.563598 -1.252360
v -6.786841 0.632605 -1.277823
v -6.770407 0.618950 -1.281800
v -6.732708 0.588179 -1.289156
v -6.887907 0.712071 -1.267158
v -6.796572 0.640677 -1.275470
v -6.851225 0.685333 -1.264395
v -6.873244 0.701814 -1.264695
v -6.762534 0.650330 -1.162170
v -6.782352 0.650330 -1.210404
v -6.779271 0.642336 -1.228556
v -6.729256 0.596230 -1.254954
v -6.700370 0.574129 -1.255681
v -6.694805 0.556960 -1.297228
v -6.709909 0.580706 -1.257755
v -6.715734 0.574291 -1.292473
v -6.765294 0.628188 -1.239986
v -6.698129 0.547206 -1.238493
v -6.698158 0.544467 -1.233859
v -6.682981 0.471633 -1.311117
v -6.699059 0.563598 -1.252360
v -6.757500 0.648048 -1.156989
v -6.830239 0.534578 -1.217137
v -6.830341 0.646550 -1.153588
v -6.753085 0.534681 -1.217311
v -6.805722 0.646577 -1.153648
v -6.763721 0.646638 -1.153788
v -6.703772 0.534772 -1.217464
v -6.698456 0.534790 -1.217494
v -6.681779 0.462398 -1.312612
vn -0.1978 0.9750 0.1016
vn 0.5012 0.8356 -0.2249
vn -0.1975 0.9802 -0.0154
vn -0.9864 0.1619 0.0273
vn -0.2043 0.9721 0.1152
vn -0.9999 0.0166 0.0021
vn -0.2021 0.9607 0.1905
vn -0.1893 0.9609 0.2021
vn 0.5845 0.7742 -0.2429
vn 0.5625 0.7903 -0.2430
vn -1.0000 0.0005 -0.0074
vn -1.0000 -0.0017 0.0010
vn -0.1676 0.8267 0.5371
vn -0.1618 0.8562 0.4907
vn -1.0000 -0.0030 0.0022
vn -0.9999 -0.0084 0.0128
vn 0.5881 0.7738 -0.2356
vn 0.5895 0.7738 -0.2320
vn 0.5860 0.7736 -0.2411
vn 0.5859 0.7737 -0.2411
vn 0.5859 0.7737 -0.2412
vn 0.9897 0.1251 0.0699
vn 0.8387 0.5121 -0.1850
vn 0.5833 0.7737 -0.2472
vn 0.9867 0.1455 0.0720
vn 0.9861 0.1517 0.0683
vn 0.9892 0.1231 0.0796
vn 0.9893 0.1239 0.0768
vn 0.9893 0.1227 0.0786
vn 0.0008 0.0009 -1.0000
vn 0.0026 0.0031 -1.0000
vn 0.0023 -0.0087 -1.0000
vn -0.0025 -1.0000 -0.0033
vn -0.0018 -0.4923 0.8704
vn 0.7408 0.5788 0.3408
vn 0.5830 0.7744 -0.2457
vn 0.0036 -0.4932 0.8699
vn 0.1037 -0.4151 0.9038
vn 0.3778 -0.1533 0.9131
vn 0.0014 -1.0000 0.0025
vn 0.4662 -0.0515 0.8832
vn 0.5749 0.1390 0.8064
vn 0.8881 0.0863 0.4515
vn -0.0000 0.3008 0.9537
vn -0.0000 0.2024 0.9793
vn -0.0000 0.0633 0.9980
vn -0.0000 0.4827 0.8758
vn -0.0000 0.4920 0.8706
vn 0.9896 0.1150 0.0860
vn 0.9807 -0.0663 0.1838
vn 0.1540 -0.9880 -0.0135
vn 0.9341 -0.3310 -0.1340
vn 0.0065 -0.4931 0.8700
vn 0.0195 -0.9998 0.0035
vn 0.9326 -0.2347 0.2743
vn -0.0962 -0.0053 -0.9953
vn -0.0987 0.0648 -0.9930
vn -0.1113 0.1275 -0.9856
vn -0.1183 0.1309 -0.9843
vn -0.1109 0.1392 -0.9840
vn -0.1260 0.1347 -0.9829
vn -0.1139 0.1352 -0.9842
vn -0.0900 0.1405 -0.9860
vn -0.0811 0.1366 -0.9873
vn -0.1027 0.1459 -0.9840
vn -0.1182 -0.3884 -0.9139
vn -0.0952 -0.1806 -0.9789
vn -0.1060 -0.2744 -0.9557
vn -0.0000 -0.5302 0.8479
vn -0.0000 -0.3035 0.9528
vn -0.0000 -0.2382 0.9712
vn -0.0000 -0.4840 0.8751
vn -0.0000 -0.9813 0.1927
vn -0.0000 -0.9786 0.2059
vn -0.0000 -0.7943 0.6075
vn -0.0000 -0.7603 0.6495
vn 0.0026 -0.4936 0.8697
vn -0.0000 -0.9152 -0.4030
vn -0.0000 -0.9786 -0.2059
vn -0.0000 -0.9625 -0.2714
vn -0.0000 0.7640 0.6453
vn -0.0000 0.7653 0.6436
vn -0.0000 0.8608 0.5090
vt 0.000000 0.000000
vt 1.000000 0.000000
vt 1.000000 1.000000
vt 0.756724 0.000000
vt 0.931814 0.317074
vt 1.000000 0.448596
vt 0.647547 0.000000
vt 1.000000 0.343065
vt 0.853729 0.207554
vt 1.000000 0.243276
vt 0.343065 0.343065
vt 0.839473 0.501582
vt 0.950710 0.497287
vt 0.913885 0.415056
vt 0.708218 0.190202
vt 0.557846 0.064858
vt 0.457324 0.000000
vt 0.725124 0.000000
vt 0.874625 0.134063
vt 0.725124 0.725124
vt 0.457324 0.457324
vt 1.000000 0.435854
vt 0.725814 0.725814
vt 0.665963 0.000000
vt 0.420644 0.385733
vt 0.290420 0.074970
vt 0.252104 0.000000
vt 0.435854 0.435854
vt 1.000000 0.352453
vt 0.448596 0.448596
vt 0.693626 0.000000
vt 0.384997 0.384997
vt 0.737232 0.737232
vt 1.000000 0.409334
vt 0.409334 0.409334
vt 0.400131 0.000000
vt 0.599869 0.000000
vt 0.612487 0.612487
vt -6.829199 -0.479006
vt -6.838737 -0.472430
vt -6.959087 -0.472430
vt -6.959072 -0.489536
vt -6.828252 -0.485873
vt 0.252104 0.252104
vt 0.504099 0.000000
vt 1.000000 0.495901
vt 0.693626 0.693626
vt 0.665963 0.665963
vt 8.016668 -0.369242
vt 7.980027 -0.367821
vt 7.925384 -0.412470
vt 8.015471 -0.590717
vt 7.894598 -0.590717
vt 7.925384 -0.412470
vt 7.915655 -0.420540
vt 7.899224 -0.434193
vt 7.844560 -0.478844
vt 7.861532 -0.464958
vt 7.810612 -0.590717
vt 7.822944 -0.500222
vt 7.811815 -0.581483
vt 8.012871 -0.343799
vt 8.005232 -0.348965
vt 8.016712 -0.349389
vt -6.959131 -0.424957
vt -6.959102 -0.456909
vt -6.858080 -0.456909
vt -6.894112 -0.424957
vt 7.911167 0.992539
vt 7.959151 0.992539
vt 7.959144 1.010688
vt 7.908086 1.010688
vt 1.000000 0.384997
vt 1.000000 0.737232
vt 7.892539 0.935933
vt 7.934533 0.935793
vt 7.959147 0.935734
vt 7.959151 0.944314
vt 7.891352 0.944314
vt 7.886320 0.939134
vt -6.959144 -0.410811
vt -6.894112 -0.424957
vt -6.908086 -0.410811
vt -6.959057 -0.505924
vt -6.826959 -0.505924
vt -6.827889 -0.489536
vt 7.980028 -0.367821
vt 8.002042 -0.351344
vt -6.826987 1.015990
vt -6.826959 1.020623
vt -6.959057 1.020623
vt -6.959046 0.999271
vt -6.881905 0.999445
vt -6.832600 0.999598
vt -6.827286 0.999628
s 0
usemtl base_material
f 3544/6394/4098 3558/6395/4098 3557/6396/4098
f 3558/6394/4099 3542/6395/4099 3557/6396/4099
f 3542/6394/4100 3544/6395/4100 3557/6396/4100
f 3546/6394/4101 3545/6395/4101 3544/6396/4101
f 3545/6394/4102 3558/6395/4102 3544/6396/4102
f 3542/6394/4103 3546/6395/4103 3544/6396/4103
f 3545/6394/4104 3546/6395/4104 3558/6396/4104
f 3546/6394/4105 3559/6395/4105 3558/6396/4105
f 3558/6396/4106 3559/6394/4106 3577/6397/4106 3576/6398/4106 3575/6399/4106
f 3576/6398/4106 3577/6397/4106 3555/6395/4106 3575/6399/4106
f 3540/6394/4107 3542/6395/4107 3558/6396/4107
f 3540/6394/4108 3539/6395/4108 3542/6396/4108
f 3539/6394/4109 3546/6395/4109 3542/6396/4109
f 3546/6396/4110 3543/6394/4110 3554/6395/4110
f 3559/6395/4111 3546/6396/4111 3554/6394/4111
f 3539/6394/4112 3541/6395/4112 3546/6396/4112
f 3541/6394/4113 3543/6395/4113 3546/6396/4113
f 3559/6396/4114 3554/6394/4114 3595/6400/4114 3582/6401/4114
f 3595/6400/4115 3556/6395/4115 3582/6402/4115
f 3577/6403/4116 3559/6396/4116 3582/6404/4116 3583/6405/4116 3584/6406/4116 3590/6407/4116 3585/6408/4116 3588/6409/4116 3586/6410/4116 3587/6411/4116 3589/6412/4116
f 3583/6405/4117 3582/6404/4117 3556/6394/4117 3586/6410/4117 3588/6409/4117 3585/6408/4117 3590/6407/4117 3584/6406/4117
f 3587/6411/4118 3555/6395/4118 3577/6403/4118 3589/6412/4118
f 3552/6394/4119 3549/6395/4119 3555/6396/4119
f 3549/6394/4120 3548/6395/4120 3555/6396/4120
f 3548/6394/4121 3540/6395/4121 3555/6396/4121
f 3587/6413/4122 3586/6414/4122 3594/6415/4122
f 3556/6394/4123 3561/6395/4123 3594/6415/4123 3586/6414/4123
f 3555/6396/4124 3587/6416/4124 3593/6417/4124 3552/6395/4124
f 3593/6417/4125 3587/6416/4125 3594/6418/4125 3591/6419/4125 3592/6420/4125
f 3591/6419/4126 3594/6421/4126 3561/6394/4126 3592/6420/4126
f 3549/6394/4127 3539/6395/4127 3540/6396/4127
f 3548/6394/4128 3549/6395/4128 3540/6396/4128
f 3549/6394/4129 3547/6395/4129 3539/6396/4129
f 3547/6394/4130 3541/6395/4130 3539/6396/4130
f 3543/6396/4131 3541/6394/4131 3554/6395/4131
f 3554/6396/4132 3553/6394/4132 3595/6422/4132
f 3558/6396/4133 3575/6423/4133 3555/6394/4133 3540/6395/4133
f 3550/6394/4134 3601/6424/4134 3598/6425/4134
f 3554/6396/4134 3599/6426/4134 3600/6427/4134
f 3561/6395/4134 3600/6427/4134 3599/6426/4134 3598/6425/4134 3601/6424/4134
f 3561/6394/4135 3560/6395/4135 3600/6428/4135
f 3600/6429/4136 3553/6395/4136 3554/6396/4136
f 3547/6394/4137 3550/6395/4137 3541/6396/4137
f 3553/6394/4138 3600/6430/4138 3595/6431/4138
f 3560/6395/4139 3556/6396/4139 3595/6431/4139 3600/6430/4139
f 3560/6394/4140 3561/6395/4140 3556/6396/4140
s 1
f 3586/6432/4141 3588/6433/4142 3571/6434/4143 3574/6435/4144 3594/6436/4145
s 0
f 3592/6437/4146 3561/6394/4146 3602/6438/4146
f 3562/6394/4147 3551/6395/4147 3552/6396/4147
f 3551/6394/4148 3547/6395/4148 3552/6396/4148
f 3547/6394/4149 3549/6395/4149 3552/6396/4149
f 3550/6394/4150 3562/6395/4150 3602/6439/4150 3601/6440/4150
f 3561/6396/4150 3601/6440/4150 3602/6439/4150
f 3551/6394/4151 3550/6395/4151 3547/6396/4151
f 3562/6395/4152 3550/6396/4152 3551/6394/4152
f 3592/6437/4146 3602/6438/4146 3562/6395/4146 3552/6396/4146 3593/6441/4146
s 1
f 3564/6442/4153 3580/6443/4154 3579/6444/4155 3565/6445/4156
f 3566/6446/4157 3565/6445/4156 3579/6447/4155 3575/6448/4158 3576/6449/4159
f 3589/6450/4160 3566/6446/4157 3576/6449/4159 3577/6451/4161
f 3603/6452/4162 3566/6446/4157 3589/6450/4160 3587/6453/4162 3593/6454/4162
f 3578/6455/4163 3581/6456/4164 3567/6457/4165
f 3570/6458/4166 3572/6459/4167 3585/6460/4168 3590/6461/4169
f 3583/6462/4170 3569/6463/4171 3568/6464/4172 3584/6465/4173
s 0
f 3598/6466/4174 3599/6467/4174 3554/6396/4174 3541/6394/4174 3550/6395/4174
s 1
f 3600/6468/4175 3599/6469/4175 3597/6470/4175 3563/6471/4176 3582/6472/4177 3595/6473/4175
f 3568/6474/4172 3570/6458/4166 3590/6475/4169 3584/6476/4173
f 3574/6435/4144 3573/6477/4178 3591/6478/4179 3594/6479/4145
f 3582/6472/4177 3563/6471/4176 3569/6463/4171 3583/6462/4170
f 3572/6459/4167 3571/6434/4143 3588/6433/4142 3585/6460/4168
f 3580/6480/4154 3564/6442/4153 3567/6457/4165 3581/6481/4164
f 3592/6482/4180 3591/6483/4179 3573/6484/4178 3596/6485/4180 3598/6486/4180 3601/6487/4180 3602/6488/4180
o base_cell.088
v -6.324730 0.462398 -1.084432
v -6.479566 0.462398 -1.055717
v -6.396906 0.462398 -1.063163
v -6.562226 0.462398 -1.053236
v -6.310591 0.495604 -1.101027
v -6.317283 0.462398 -1.090824
v -6.562489 0.505220 -1.059796
v -6.543295 0.516606 -1.061736
v -6.639312 0.462398 -1.056473
v -6.395696 0.575207 -1.079602
v -6.377950 0.558440 -1.081528
v -6.320079 0.503935 -1.094002
v -6.328945 0.512007 -1.089791
v -6.478802 0.555544 -1.069371
v -6.430544 0.585858 -1.077104
v -6.446175 0.575866 -1.074322
v -6.425080 0.589077 -1.078038
v -6.401163 0.578280 -1.078709
vn 0.0503 0.1444 0.9882
vn 0.0565 0.1410 0.9884
vn 0.0823 0.1376 0.9871
vn 0.1392 0.1367 0.9808
vn 0.0889 0.1356 0.9868
vn 0.1827 0.1325 0.9742
vn 0.2499 0.1341 0.9589
vn 0.2346 0.1377 0.9623
vn 0.4674 0.1187 0.8760
vn 0.3472 0.1298 0.9288
vn 0.5702 0.1233 0.8122
vn 0.6480 0.1014 0.7549
vn -0.0415 0.1511 0.9877
vn -0.0079 0.1487 0.9889
vn -0.0073 0.1514 0.9884
vn 0.0253 0.1462 0.9889
vt -6.607671 -0.497587
vt -6.608435 -0.590717
vt -6.575049 -0.477269
vt -6.530046 -0.474856
vt -6.553959 -0.464061
vt -6.559422 -0.467279
vt -6.575049 -0.477269
vt -6.525790 -0.590717
vt -6.506836 -0.494692
vt -6.526190 -0.476520
vt -6.506837 -0.494692
vt -6.453627 -0.590717
vt -6.457841 -0.541117
vt -6.448977 -0.549188
vt -6.446181 -0.590717
vt -6.439490 -0.557517
vt -6.768152 -0.590717
vt -6.691080 -0.590717
vt -6.691343 -0.547903
vt -6.672153 -0.536519
vt -6.691343 -0.547903
vt -6.672152 -0.536519
vt -6.607671 -0.497587
s 1
usemtl base_material
f 3617/6489/4181 3605/6490/4182 3619/6491/4183
f 3621/6492/4184 3620/6493/4185 3618/6494/4185 3619/6495/4183 3605/6490/4182 3606/6496/4186
f 3606/6496/4186 3614/6497/4187 3613/6498/4188 3621/6492/4184
f 3614/6499/4187 3606/6496/4186 3604/6500/4189 3616/6501/4190
f 3604/6500/4189 3615/6502/4191 3616/6501/4190
f 3615/6502/4191 3604/6500/4189 3609/6503/4192 3608/6504/4192
f 3612/6505/4193 3607/6506/4194 3610/6507/4195
f 3607/6506/4194 3611/6508/4196 3610/6509/4195
f 3611/6510/4196 3607/6506/4194 3605/6490/4182 3617/6511/4181
o base_cell.089
v -6.644597 0.819378 -1.015972
v -6.656577 0.794286 -1.017985
v -6.711128 0.888061 -0.988717
v -6.708767 0.792968 -1.006478
v -6.702320 0.915481 -1.069471
v -6.704948 0.806474 -1.046911
v -6.638452 0.955524 -0.992785
v -6.661426 0.956087 -1.018181
v -6.667597 0.955988 -1.024698
v -6.678539 0.956191 -1.036715
v -6.631285 0.955715 -0.994277
v -6.612030 0.956080 -0.998503
v -6.623903 0.955905 -0.995888
v -6.614326 0.956281 -1.004022
v -6.627953 0.956722 -1.036447
v -6.624684 0.956531 -1.028633
v -6.619458 0.956436 -1.016229
v -6.702341 0.956645 -1.063461
v -6.701436 0.956826 -1.072134
v -6.641098 0.956862 -1.044049
v -6.654419 0.956587 -1.051629
v -6.686228 0.956838 -1.069923
v -6.694242 0.956896 -1.074263
vn 0.4623 -0.1904 -0.8661
vn -0.5635 0.6387 0.5239
vn -0.9945 0.0146 -0.1035
vn -0.9953 -0.0067 -0.0963
vn 0.2141 -0.1740 0.9612
vn -0.9942 0.0016 -0.1079
vn 0.9081 -0.1673 -0.3839
vn -0.0468 -0.9461 -0.3204
vn 0.5316 -0.1876 -0.8260
vn 0.2052 -0.1629 0.9651
vn 0.4894 -0.1833 -0.8526
vn 0.2161 -0.1802 0.9596
vn 0.4679 -0.1903 -0.8631
vn -0.5700 0.6377 0.5181
vn -0.2828 -0.0556 -0.9576
vn -0.0132 0.9996 0.0235
vn -0.0215 0.9995 0.0213
vn -0.0191 0.9995 0.0240
vn -0.0153 0.9995 0.0284
vn -0.0240 0.9995 0.0194
vn -0.0062 0.9992 0.0390
vn -0.0097 0.9997 0.0244
vn -0.0143 0.9997 0.0187
vn -0.0143 0.9997 0.0188
vn -0.0046 0.9996 0.0263
vn -0.0038 0.9998 0.0204
vn -0.0175 0.9998 0.0136
vn -0.0145 0.9998 0.0152
vt 1.000000 0.000000
vt 0.876370 0.876370
vt 0.000000 0.000000
vt 1.000000 0.691027
vt 0.626403 0.293528
vt 0.530309 0.188788
vt 0.353483 0.000000
vt 1.000000 1.000000
vt 0.109657 0.109657
vt 0.166632 0.000000
vt 0.768757 0.768757
vt 1.000000 0.872452
vt 0.857272 0.808770
vt 0.872452 0.872452
vt 0.936015 0.000000
vt 0.922540 0.179455
vt 0.902514 0.465056
vt 0.882408 0.745910
vt 0.936015 0.936015
vt 0.691027 0.691027
vt 0.768757 0.000000
vt 0.884341 0.000000
vt 0.916869 0.519816
vt 0.932638 0.738648
vt 0.945394 0.945394
vt 0.884341 0.884341
vt 1.000000 0.876370
vt 0.109657 0.000000
vt 1.000000 0.646518
vt 0.833368 0.000000
vt 0.661407 0.661407
vt -6.762729 0.775908
vt -6.760127 0.776450
vt -6.752746 0.778061
vt -6.743171 0.786194
vt -6.748302 0.798399
vt -6.743171 0.786194
vt -6.752746 0.778061
vt -6.740875 0.780676
vt -6.748302 0.798399
vt -6.753528 0.810801
vt -6.769938 0.826214
vt -6.790262 0.800351
vt -6.766797 0.775063
vt -6.757282 0.818928
vt -6.823072 0.856422
vt -6.830265 0.854294
vt -6.831171 0.845622
vt -6.807373 0.818881
vt -6.796433 0.806867
vt -6.783257 0.833792
vt -6.815061 0.852084
vt -6.769938 0.826214
vt -6.796433 0.806867
s 0
usemtl base_material
f 3626/6512/4197 3644/6513/4197 3627/6514/4197
f 3624/6512/4198 3628/6515/4198 3629/6516/4198 3630/6517/4198 3631/6518/4198
f 3624/6519/4199 3639/6520/4199 3640/6521/4199 3626/6512/4199
f 3627/6514/4200 3625/6512/4200 3624/6519/4200
f 3632/6522/4201 3624/6519/4201 3625/6514/4201 3622/6512/4201 3633/6523/4201 3634/6524/4201
f 3627/6512/4202 3624/6519/4202 3626/6514/4202
f 3633/6525/4203 3622/6514/4203 3636/6526/4203 3637/6527/4203 3638/6528/4203 3635/6529/4203
f 3623/6514/4204 3625/6512/4204 3627/6519/4204
f 3622/6514/4205 3623/6512/4205 3636/6530/4205
f 3628/6531/4206 3624/6514/4206 3632/6532/4206
f 3623/6514/4207 3643/6533/4207 3642/6534/4207 3641/6535/4207 3636/6536/4207
f 3625/6514/4208 3623/6512/4208 3622/6519/4208
f 3643/6537/4209 3623/6514/4209 3627/6512/4209 3644/6538/4209
f 3639/6539/4210 3624/6512/4210 3631/6540/4210
f 3640/6541/4211 3644/6542/4211 3626/6514/4211
s 1
f 3628/6543/4212 3632/6544/4213 3634/6545/4214 3635/6546/4215 3638/6547/4216
f 3635/6548/4215 3634/6549/4214 3633/6550/4217
f 3638/6551/4216 3637/6552/4218 3628/6543/4212
f 3641/6553/4219 3629/6554/4220 3628/6555/4212 3637/6552/4218 3636/6556/4221
f 3644/6557/4222 3640/6558/4222 3639/6559/4222 3631/6560/4222 3630/6561/4223 3642/6562/4224 3643/6563/4222
f 3641/6564/4219 3642/6562/4224 3630/6565/4223 3629/6554/4220
o base_cell.090
v -6.474708 0.911001 -0.989368
v -6.466001 0.911001 -0.989275
v -6.469959 0.922047 -0.995511
v -6.473608 0.917206 -0.992836
vn 0.0094 -0.4891 -0.8722
vt 7.594871 -0.129450
vt 7.594872 -0.142195
vt 7.603578 -0.142195
vt 7.602478 -0.135991
s 1
usemtl base_material
f 3647/6566/4225 3646/6567/4225 3645/6568/4225 3648/6569/4225
o base_cell.091
v -6.698699 1.330806 -0.898109
v -6.911234 1.262406 -0.897509
v -6.442922 1.292615 -0.897755
v -6.936770 1.236361 -0.897562
v -6.713746 1.146790 -0.897830
v -6.578940 1.156652 -0.897805
v -6.807995 1.311507 -1.064713
v -6.893049 1.284221 -1.063291
v -6.666523 1.275148 -1.130538
v -6.551129 1.252396 -1.156304
v -6.528564 1.253535 -1.138498
v -6.494780 1.257807 -1.093941
v -6.540259 1.252510 -1.149325
v -6.454896 1.280993 -0.956607
v -6.949791 1.227845 -1.091897
v -6.846819 1.182000 -1.155559
v -6.784481 1.187785 -1.167191
v -6.763428 1.190502 -1.169314
v -6.680209 1.196715 -1.174620
v -6.602631 1.190013 -1.101293
v -6.562560 1.174378 -0.995368
v -6.633307 1.194489 -1.137428
v -6.719229 1.235270 -1.147672
v -6.523632 1.213888 -1.030306
v -6.813699 1.254863 -0.947634
v -6.750904 1.254863 -0.992623
v -6.733349 1.254863 -1.101030
v -6.779349 1.254863 -0.958554
v -6.837862 1.254862 -0.947634
v -6.740965 1.254863 -1.031300
v -6.733429 1.192157 -1.170828
v -6.733199 1.199315 -1.167461
v -6.735814 1.184845 -1.129510
v -6.732608 1.221719 -1.154223
v -6.745758 1.167322 -1.031300
v -6.747291 1.166231 -1.025569
v -6.737456 1.179853 -1.101030
v -6.756090 1.160146 -0.992623
v -6.760190 1.159079 -0.987782
v -6.732444 1.229753 -1.148489
v -6.732714 1.217331 -1.157024
v -6.733555 1.294377 -1.091256
v -6.732675 1.292150 -1.099758
v -6.734288 1.296216 -1.084175
v -6.732241 1.241195 -1.139658
v -6.921973 1.226878 -0.947634
v -6.799379 1.177283 -0.952862
v -6.815635 1.184180 -0.947634
v -6.783958 1.170688 -0.958554
v -6.732003 1.254863 -1.129050
v -6.755859 1.320713 -0.985240
v -6.759962 1.318947 -0.980366
v -6.749401 1.318079 -0.993033
v -6.743975 1.312623 -1.014740
v -6.739560 1.307966 -1.033415
v -6.921176 1.253494 -0.947634
v -6.905714 1.269028 -0.947830
v -6.777736 1.311275 -0.959197
v -6.795451 1.305065 -0.953871
v -6.812997 1.298881 -0.948240
v -6.827951 1.294066 -0.948174
v -6.837717 1.290922 -0.948138
vn -0.0106 -0.5634 -0.8261
vn -0.0930 0.4904 -0.8665
vn -0.0690 0.4264 -0.9019
vn 0.3883 -0.7051 -0.5934
vn 0.3940 -0.7428 -0.5413
vn 0.1487 -0.9581 -0.2449
vn 0.0811 -0.9811 -0.1755
vn 0.0721 -0.9828 -0.1698
vn -0.1537 0.5489 -0.8216
vn 0.0709 -0.9832 -0.1682
vn 0.0604 -0.9843 -0.1657
vn -0.1968 0.5922 -0.7814
vn -0.1899 0.5729 -0.7973
vn -0.1340 0.5354 -0.8339
vn -0.0933 0.5010 -0.8604
vn 0.1365 0.9617 -0.2378
vn 0.1374 0.9621 -0.2356
vn 0.1565 0.9531 -0.2592
vn 0.4589 -0.7821 -0.4216
vn 0.4271 -0.7790 -0.4590
vn 0.5200 -0.7927 -0.3182
vn 0.5205 -0.7940 -0.3141
vn 0.0720 -0.9834 -0.1666
vn 0.5280 -0.7918 -0.3071
vn 0.7061 -0.7080 -0.0139
vn 0.7055 -0.7087 -0.0103
vn -0.2029 0.6005 -0.7734
vn 0.9952 -0.0545 0.0817
vn 0.9963 -0.0376 0.0779
vn 0.9832 -0.0372 0.1786
vn 0.9808 -0.0537 0.1874
vn 0.6150 -0.0337 0.7878
vn 0.7669 -0.0420 0.6403
vn 0.8757 -0.0480 0.4804
vn 0.8901 -0.0330 0.4545
vn 0.5589 -0.0154 0.8291
vn -0.3718 -0.9260 0.0655
vn -0.2089 0.6015 -0.7711
vn -0.2062 0.6026 -0.7709
vn -0.2042 0.6025 -0.7716
vn -0.3033 0.9487 0.0891
vn -0.3030 0.9488 0.0890
vn 0.1448 0.9676 -0.2070
vn 0.1455 0.9671 -0.2088
vn 0.1592 0.9640 -0.2131
vn 0.7515 -0.6507 -0.1084
vn 0.3034 0.9212 -0.2436
vn 0.7070 -0.7072 -0.0042
vn 0.0006 -0.0010 1.0000
vn 0.0001 -0.0026 1.0000
vn -0.7086 0.7055 0.0151
vn -0.3048 0.9480 0.0913
vn -0.0001 0.0089 1.0000
vn 0.9825 -0.0206 0.1849
vn 0.9954 -0.0213 0.0931
vn 0.9939 -0.0218 0.1084
vn -0.0000 0.0069 1.0000
vn -0.0005 0.0138 0.9999
vn -0.0001 0.0136 0.9999
vn -0.0000 0.0044 1.0000
vn -0.0000 -0.0000 1.0000
vn 0.1879 -0.0051 0.9822
vn 0.1537 0.0035 0.9881
vn 0.6031 -0.0081 0.7976
vn 0.7678 -0.0143 0.6406
vn 0.7675 -0.0141 0.6408
vn 0.8745 -0.0176 0.4847
vn 0.9691 -0.0204 0.2457
vn 0.9974 -0.0546 0.0479
vn 0.9979 -0.0445 0.0479
vn 0.9672 -0.0530 0.2485
vn 0.2950 0.0055 0.9555
vn 0.1857 0.0106 0.9825
vn 0.3225 -0.0138 0.9465
vn -0.0003 0.0138 0.9999
vn -0.7140 0.7000 0.0172
vt 1.000000 0.000000
vt 0.489605 0.489605
vt 0.000000 0.000000
vt 0.142390 0.000000
vt 1.000000 1.000000
vt 0.361103 0.361103
vt 0.780703 0.000000
vt 1.000000 0.489605
vt 0.302693 0.000000
vt 0.780703 0.780703
vt 1.000000 0.474232
vt 0.982820 0.489287
vt 0.832290 0.693651
vt 0.349018 0.000000
vt 0.363444 0.096578
vt 0.474232 0.474232
vt 1.000000 0.203672
vt 0.896432 0.000000
vt 0.302694 0.302694
vt 1.000000 0.683049
vt 0.683049 0.683049
vt 1.000000 0.857610
vt 0.467598 0.000000
vt 1.000000 0.289801
vt 0.289801 0.289801
vt 0.263775 0.000000
vt 0.635496 0.000000
vt 0.896432 0.896432
vt 0.883185 0.126610
vt 0.883185 0.201606
vt 0.813467 0.201606
vt 0.813467 0.114081
vt 0.740734 0.117447
vt 0.769956 0.105839
vt 0.774797 0.106906
vt 0.774797 0.201606
vt 0.740734 0.201606
vt 1.000000 0.650982
vt 0.548219 0.011804
vt 0.876253 0.266079
vt 1.000000 0.364504
vt 0.532402 0.000000
vt 1.000000 0.522985
vt 0.915099 0.409549
vt 0.608673 0.000000
vt 0.615133 0.569856
vt 0.522985 0.522985
vt 0.982872 0.801084
vt 0.822546 0.700310
vt 1.000000 0.812543
vt 1.000000 0.736225
vt 0.812543 0.812543
vt 0.261788 0.235113
vt 0.303539 0.000000
vt 0.257863 0.257863
vt 0.853954 0.338113
vt 1.000000 0.391327
vt 0.303539 0.303539
vt 0.624110 0.304238
vt 0.670105 0.304288
vt 0.740600 0.304433
vt 0.966417 0.369948
vt 0.813675 0.255137
vt 0.881916 0.238886
vt 0.873408 0.241113
vt 0.866336 0.242952
vt -6.966666 0.201606
vt -6.966522 0.237659
vt -7.034509 0.215769
vt -7.048604 0.201606
vt -7.005805 0.199425
vt -7.013715 0.173626
vt -6.957129 0.130936
vt -7.005136 0.201606
vt 0.741377 0.258008
vt 0.762542 0.265679
vt 0.767419 0.267445
vt 0.775207 0.264811
vt 0.796910 0.259356
vt 0.949604 0.146068
vt 0.939167 0.164081
vt 0.933792 0.172348
vt 0.930634 0.176501
vt 0.921805 0.187941
vt 0.911200 0.201606
vt 0.883185 0.126610
vt 0.911660 0.131601
vt 0.953372 0.139500
vt 0.883249 0.237212
vt 0.813467 0.114081
vt 0.774797 0.106906
vt 0.807737 0.112991
vt -6.908165 0.201606
vt -6.906551 0.258008
vt -6.924263 0.251800
vt -6.941806 0.245617
vt -6.942509 0.201606
vt -6.928190 0.124040
vt -6.944444 0.130936
vt -6.928190 0.124040
vt -6.912773 0.117447
vt -6.956758 0.240802
vt -6.941806 0.245617
vt 0.257863 0.000000
s 0
usemtl base_material
f 3666/6570/4226 3679/6571/4226 3665/6572/4226
f 3680/6573/4227 3658/6570/4227 3667/6574/4227 3679/6575/4227
f 3666/6572/4228 3680/6573/4228 3679/6575/4228
f 3658/6572/4229 3661/6570/4229 3667/6574/4229
f 3661/6572/4230 3670/6570/4230 3667/6574/4230
f 3670/6572/4231 3668/6570/4231 3667/6574/4231
f 3668/6572/4232 3669/6570/4232 3667/6574/4232
f 3667/6574/4233 3669/6572/4233 3681/6576/4233 3679/6577/4233
f 3665/6570/4233 3679/6577/4233 3681/6576/4233
f 3682/6578/4234 3666/6570/4234 3665/6574/4234
f 3681/6579/4235 3669/6572/4235 3653/6570/4235 3684/6580/4235 3683/6581/4235 3685/6582/4235
f 3665/6574/4235 3681/6579/4235 3685/6582/4235 3683/6581/4235 3684/6580/4235
f 3653/6572/4236 3687/6583/4236 3686/6584/4236 3684/6585/4236
f 3664/6570/4236 3665/6574/4236 3684/6585/4236 3686/6584/4236 3687/6583/4236
f 3682/6586/4237 3665/6574/4237 3664/6572/4237 3688/6587/4237
f 3688/6587/4238 3671/6570/4238 3682/6586/4238
f 3666/6574/4239 3682/6588/4239 3689/6589/4239
f 3671/6572/4239 3657/6570/4239 3689/6589/4239 3682/6588/4239
f 3666/6574/4240 3689/6590/4240 3680/6591/4240
f 3657/6572/4240 3658/6570/4240 3680/6591/4240 3689/6590/4240
f 3658/6574/4241 3657/6572/4241 3691/6592/4241 3690/6593/4241
f 3655/6570/4241 3690/6593/4241 3691/6592/4241
f 3659/6570/4242 3658/6574/4242 3690/6594/4242 3692/6595/4242
f 3655/6572/4242 3692/6595/4242 3690/6594/4242
f 3659/6572/4243 3661/6570/4243 3658/6574/4243
f 3659/6572/4244 3668/6570/4244 3661/6574/4244
f 3668/6572/4245 3670/6570/4245 3661/6574/4245
f 3659/6572/4246 3660/6570/4246 3668/6574/4246
f 3660/6572/4247 3669/6570/4247 3668/6574/4247
f 3654/6572/4248 3653/6570/4248 3669/6574/4248
f 3660/6572/4249 3672/6570/4249 3669/6574/4249
f 3672/6572/4250 3662/6570/4250 3669/6574/4250
f 3662/6572/4251 3654/6570/4251 3669/6574/4251
f 3664/6572/4252 3693/6596/4252 3688/6597/4252
f 3693/6596/4252 3657/6570/4252 3671/6574/4252 3688/6597/4252
s 1
f 3685/6598/4253 3675/6599/4254 3678/6600/4255 3683/6601/4256
f 3697/6602/4257 3687/6603/4258 3686/6604/4259 3674/6605/4260 3676/6606/4261
s 0
f 3687/6607/4262 3653/6574/4262 3652/6572/4262 3663/6572/4262 3664/6570/4262
f 3663/6572/4263 3656/6570/4263 3664/6574/4263
f 3656/6572/4264 3655/6570/4264 3664/6574/4264
f 3655/6572/4265 3691/6608/4265 3698/6609/4265 3693/6610/4265 3664/6574/4265
f 3691/6611/4265 3657/6570/4265 3693/6610/4265 3698/6609/4265
f 3649/6570/4266 3699/6612/4266 3700/6613/4266 3706/6614/4266
f 3700/6613/4267 3699/6612/4267 3655/6574/4267 3656/6572/4267 3706/6614/4267
f 3701/6615/4268 3699/6616/4268 3649/6572/4268 3651/6570/4268 3703/6617/4268 3702/6618/4268
f 3703/6619/4268 3655/6574/4268 3699/6616/4268 3701/6615/4268 3702/6618/4268
f 3651/6572/4269 3659/6570/4269 3692/6620/4269 3703/6621/4269
f 3655/6574/4269 3703/6621/4269 3692/6620/4269
f 3651/6572/4270 3660/6570/4270 3659/6574/4270
f 3662/6572/4271 3672/6570/4271 3660/6574/4271
f 3651/6572/4272 3662/6570/4272 3660/6574/4272
f 3662/6572/4273 3651/6570/4273 3654/6574/4273
f 3651/6572/4274 3650/6570/4274 3654/6574/4274
f 3650/6572/4275 3652/6570/4275 3653/6574/4275 3654/6574/4275
f 3656/6570/4276 3663/6574/4276 3704/6622/4276 3705/6623/4276
f 3650/6572/4276 3705/6623/4276 3704/6624/4276
f 3707/6625/4277 3706/6626/4277 3656/6574/4277 3705/6627/4277 3710/6628/4277 3709/6629/4277 3708/6630/4277
f 3705/6627/4277 3650/6572/4277 3649/6570/4277 3706/6631/4277 3707/6625/4277 3708/6630/4277 3709/6629/4277 3710/6628/4277
f 3650/6572/4278 3651/6570/4278 3649/6574/4278
s 1
f 3703/6632/4279 3678/6600/4255 3675/6599/4254 3691/6633/4280 3690/6634/4281 3692/6635/4281
f 3677/6636/4282 3710/6637/4283 3705/6638/4284 3704/6639/4285
f 3704/6640/4285 3694/6641/4286 3696/6642/4287 3673/6636/4288 3677/6643/4282
f 3706/6644/4289 3676/6606/4261 3700/6645/4290
f 3699/6646/4291 3700/6645/4290 3676/6606/4261 3674/6605/4260 3701/6647/4292
f 3702/6648/4293 3674/6605/4260 3678/6600/4255 3703/6632/4279
f 3701/6647/4292 3674/6605/4260 3702/6648/4293
f 3680/6649/4294 3689/6650/4294 3682/6651/4294 3688/6652/4294 3693/6653/4294 3698/6654/4295 3675/6599/4254 3685/6655/4253 3681/6656/4294 3679/6657/4294
f 3675/6599/4254 3698/6654/4295 3691/6658/4280
f 3683/6659/4256 3678/6600/4255 3674/6605/4260 3686/6660/4259 3684/6661/4296
f 3676/6662/4261 3706/6663/4289 3707/6664/4297
f 3708/6665/4298 3673/6666/4288 3676/6662/4261 3707/6664/4297
f 3695/6667/4299 3676/6662/4261 3673/6666/4288 3696/6668/4287
f 3695/6669/4299 3697/6670/4257 3676/6662/4261
f 3710/6637/4283 3677/6636/4282 3709/6671/4300
f 3709/6671/4300 3677/6636/4282 3673/6666/4288 3708/6672/4298
s 0
f 3650/6572/4301 3704/6673/4301 3663/6570/4301 3652/6574/4301
o base_cell.092
v -6.383434 0.732608 -1.109122
v -6.398098 0.594249 -1.198117
v -6.393255 0.592544 -1.218089
v -6.346450 0.718029 -1.112046
v -6.387948 0.718292 -1.114818
v -6.349737 0.717920 -1.134081
v -6.368423 0.718086 -1.120214
v -6.334504 0.717803 -1.156696
v -6.346450 0.718029 -1.260528
v -6.343344 0.736623 -1.264202
v -6.360580 0.733371 -1.257910
v -6.338863 0.733514 -1.242598
v -6.368423 0.718086 -1.252360
v -6.349737 0.717920 -1.238493
v -6.334504 0.717803 -1.215878
v -6.388840 0.675978 -1.231318
v -6.392706 0.662291 -1.215878
v -6.397090 0.658109 -1.197491
v -6.340916 0.755697 -1.258868
v -6.357267 0.772793 -1.281885
v -6.331083 0.750575 -1.265524
v -6.325712 0.744967 -1.257995
v -6.334423 0.755250 -1.274927
v -6.334105 0.748894 -1.250547
v -6.345136 0.765434 -1.285967
v -6.372481 0.763946 -1.293952
v -6.374167 0.772464 -1.286258
v -6.387009 0.683473 -1.238493
v -6.383700 0.702362 -1.251084
v -6.382225 0.718231 -1.256174
v -6.375983 0.761432 -1.279397
v -6.378008 0.639457 -1.279466
v -6.379238 0.714778 -1.268986
v -6.378488 0.725127 -1.271414
v -6.377911 0.733336 -1.273263
v -6.380426 0.732708 -1.262722
v -6.377829 0.632640 -1.280398
v -6.309728 0.497481 -1.102020
v -6.315929 0.502650 -1.097391
v -6.377597 0.560225 -1.081870
v -6.319840 0.506067 -1.094493
v -6.329158 0.514510 -1.090062
v -6.395996 0.578198 -1.079956
v -6.396031 0.589588 -1.081578
v -6.395489 0.638760 -1.088747
v -6.394210 0.728611 -1.095817
v -6.394517 0.713263 -1.099646
v -6.394565 0.725559 -1.113373
v -6.394424 0.732159 -1.111211
v -6.393833 0.742911 -1.086990
v -6.394075 0.743902 -1.101708
v -6.393889 0.750158 -1.096707
v -6.394794 0.712555 -1.114818
v -6.394722 0.718377 -1.115888
v -6.395171 0.694430 -1.120214
v -6.395710 0.675431 -1.134081
v -6.395896 0.670088 -1.139957
v -6.396366 0.658800 -1.156696
v -6.326216 0.737784 -1.228278
v -6.306505 0.726441 -1.237407
v -6.318872 0.737792 -1.248383
v -6.387925 0.743799 -1.088298
v -6.388631 0.747065 -1.098772
v -6.363072 0.733287 -1.114059
v -6.369068 0.734177 -1.101629
v -6.350256 0.727568 -1.126213
v -6.340951 0.718239 -1.115497
v -6.344642 0.725226 -1.132157
v -6.339117 0.723979 -1.142007
v -6.331151 0.722145 -1.156099
v -6.322945 0.732767 -1.217935
v -6.299442 0.719826 -1.231030
v -6.274269 0.688562 -1.179233
v -6.293473 0.692151 -1.142112
v -6.271922 0.688789 -1.186287
v -6.295272 0.716159 -1.228172
v -6.298716 0.694711 -1.137956
v -6.364185 0.628178 -1.277710
v -6.336452 0.617851 -1.270426
v -6.260695 0.546043 -1.186287
v -6.269720 0.558613 -1.202168
v -6.274499 0.516111 -1.138880
v -6.284175 0.585090 -1.236857
v -6.277790 0.511556 -1.131324
v -6.309017 0.602716 -1.255813
vn -0.9735 0.0176 -0.2281
vn 0.5568 0.8055 0.2027
vn 0.1716 0.6788 -0.7140
vn -0.9728 0.0163 -0.2312
vn -0.9717 0.0067 -0.2362
vn -0.6812 -0.7247 -0.1033
vn -0.6915 -0.7170 -0.0879
vn -0.7008 -0.7085 -0.0838
vn -0.9998 -0.0006 0.0177
vn -0.9997 0.0137 0.0183
vn -0.9997 0.0156 0.0175
vn 0.5575 0.8047 0.2040
vn 0.2986 0.8511 0.4319
vn -0.1552 -0.8128 -0.5615
vn -0.7207 0.6580 0.2184
vn -0.7207 0.6580 -0.2184
vn -0.7576 0.6152 -0.2182
vn -0.7496 0.5980 0.2838
vn -0.1527 -0.8156 -0.5581
vn 0.2346 0.1377 0.9623
vn 0.2654 0.1303 0.9553
vn 0.3717 0.0699 0.9257
vn 0.2533 -0.0397 0.9666
vn 0.4652 0.1340 0.8750
vn 0.5229 0.1353 0.8416
vn 0.6049 0.1138 0.7881
vn 0.5797 0.1207 0.8058
vn 0.7659 0.1044 0.6344
vn 0.6480 0.1014 0.7549
vn 0.7474 0.1041 0.6561
vn 0.9213 0.0875 0.3788
vn 0.9040 0.0963 0.4165
vn 0.9929 0.0779 0.0893
vn 0.9880 0.0776 -0.1335
vn 0.2921 -0.5187 0.8035
vn 0.2811 -0.3708 0.8852
vn 0.2756 -0.3003 0.9132
vn 0.1161 0.6191 -0.7767
vn -0.0711 0.4877 -0.8701
vn 0.1483 0.4555 -0.8778
vn -0.0351 0.5801 -0.8138
vn -0.1767 0.5301 -0.8293
vn -0.3300 0.4686 -0.8195
vn 0.1565 0.0714 -0.9851
vn -0.0843 0.2847 -0.9549
vn -0.1427 0.1609 -0.9766
vn -0.3949 0.4730 -0.7876
vn -0.5840 0.5898 -0.5577
vn -0.5457 0.5932 -0.5919
vn -0.4270 0.4727 -0.7709
vn 0.5607 0.7988 0.2179
vn -0.6087 0.6443 -0.4630
vn -0.6786 0.7115 -0.1826
vn 0.1559 0.3179 -0.9352
vn -0.4986 0.5134 -0.6984
vn -0.5935 0.5648 -0.5733
vn -0.6829 0.7160 0.1449
vn -0.6902 0.7236 -0.0000
vn -0.6726 0.5835 -0.4551
vn 0.2346 0.1377 -0.9623
vn 0.2531 -0.0380 -0.9667
vn 0.3979 -0.0587 -0.9155
vn 0.2666 0.1300 -0.9550
vn 0.4489 0.1310 -0.8839
vn 0.5358 0.0582 -0.8424
vn 0.6843 0.1170 -0.7198
vn 0.6007 0.1174 -0.7908
vn 0.8750 0.1054 -0.4725
vn 0.2585 -0.5720 -0.7785
vn 0.3756 -0.5910 -0.7139
vn 0.4031 -0.4150 -0.8157
vn 0.2678 -0.3984 -0.8772
vn 0.5642 -0.5539 -0.6123
vn 0.4878 -0.4967 -0.7179
vn 0.5304 -0.2736 -0.8023
vn -0.2108 0.5235 0.8255
vn -0.2229 0.4693 0.8545
vn -0.3861 0.4942 0.7789
vn -0.3026 0.5168 0.8008
vn -0.2092 0.5253 0.8248
vn -0.6146 0.5293 0.5849
vn -0.4911 0.4852 0.7235
vn -0.5016 0.5178 0.6930
vn -0.7202 0.4916 0.4895
vn -0.5854 0.5902 0.5559
vn -0.3914 0.4806 0.7848
vn -0.4481 0.4957 0.7440
vn -0.5627 0.6088 0.5592
vn -0.2405 0.3742 0.8956
vn -0.6153 0.6499 0.4462
vn 0.2661 -0.2334 -0.9353
vn 0.5368 -0.2090 -0.8174
vn 0.9046 0.0775 -0.4192
vn -0.1519 -0.8152 -0.5589
vt 0.429613 0.429613
vt 0.000000 0.000000
vt 0.348511 0.000000
vt 0.362438 0.232831
vt 1.000000 0.723156
vt 1.000000 0.830077
vt 0.608253 0.229791
vt 0.462474 0.000000
vt 0.525991 0.000000
vt 0.654236 0.196674
vt 0.798836 0.394489
vt 0.723156 0.723156
vt 1.000000 0.790529
vt 1.000000 0.877392
vt 0.830077 0.830077
vt 0.790529 0.790529
vt 0.854816 0.660776
vt 0.843242 0.612019
vt 0.829408 0.550915
vt 0.509523 0.000000
vt 1.000000 0.000000
vt 0.988705 0.434740
vt 0.967839 0.453426
vt 0.927570 0.546445
vt 0.938456 0.640073
vt 0.934907 0.696279
vt 0.895924 0.828379
vt 0.877392 0.877392
vt 0.572890 0.000000
vt 1.000000 1.000000
vt 0.509523 0.509523
vt 1.000000 0.496107
vt 0.527904 0.000000
vt 0.496107 0.496107
vt 0.528462 0.497271
vt 0.602865 0.507380
vt 1.000000 0.611589
vt 0.611589 0.611589
vt 1.000000 0.341534
vt 1.000000 0.611788
vt 0.341534 0.341534
vt 1.000000 0.594433
vt 0.611788 0.611788
vt 0.594433 0.594433
vt 0.637730 0.205201
vt 0.621314 0.097497
vt 0.581177 0.000000
vt 0.628133 0.000000
vt 0.646527 0.041522
vt 0.681478 0.119626
vt 0.689284 0.158775
vt 0.698387 0.201619
vt 0.695040 0.238108
vt 0.721821 0.363419
vt 0.764553 0.462531
vt 0.786236 0.500385
vt 0.848143 0.586814
vt 1.000000 0.651489
vt 0.852486 0.554482
vt 1.000000 0.474009
vt 0.982123 0.546742
vt 0.724656 0.724656
vt 0.645993 0.645993
vt 1.000000 0.637976
vt 1.000000 0.673078
vt 0.628133 0.628133
vt 0.741560 0.603105
vt 0.629234 0.000000
vt 1.000000 0.427110
vt 0.878995 0.291601
vt 0.001988 -0.335357
vt 0.061159 -0.335357
vt 0.061756 -0.331017
vt -0.000069 -0.320397
vt 1.000000 0.472096
vt 0.576170 0.576170
vt 0.636075 0.550787
vt -6.524916 -0.463550
vt -6.524880 -0.474938
vt -6.506484 -0.492907
vt -6.475343 -0.335131
vt -6.523401 -0.339897
vt -6.524373 -0.414387
vt -6.458054 -0.538614
vt -6.506485 -0.492907
vt -6.469845 -0.334921
vt -6.458054 -0.538614
vt -6.448738 -0.547056
vt -6.427617 -0.358446
vt -6.422375 -0.361005
vt -6.427617 -0.358446
vt -6.448737 -0.547056
vt -6.444827 -0.550472
vt -6.438627 -0.555641
vt -6.406694 -0.541568
vt 0.961374 -0.364594
vt 0.924260 -0.361005
vt 0.913473 -0.541568
vt 0.922859 -0.535906
vt 0.968426 -0.507087
vt 0.968426 -0.364366
vt -6.522717 -0.310255
vt -6.523031 -0.321371
vt -6.497957 -0.318986
vt -6.516810 -0.309367
vt 7.522959 -0.309264
vt 7.512321 -0.320556
vt 7.523309 -0.321005
vt 7.522959 -0.309264
vt 7.518714 -0.305461
vt 7.517517 -0.306101
vt 7.491962 -0.319876
vt 7.523605 -0.334784
vt 7.516833 -0.334869
vt 7.523677 -0.340604
vt 7.497312 -0.335075
vt 7.478629 -0.335241
vt 7.524594 -0.377722
vt 7.524156 -0.362704
vt 7.524055 -0.358726
vt 7.523699 -0.341715
vt 0.970336 0.608671
vt 0.985087 0.629044
vt 1.000000 0.645993
vt 1.000000 0.724656
vt 0.972371 0.715136
vt 0.837143 0.765175
vt 0.812906 0.800070
vt 0.961045 0.784894
vt 0.918218 0.764981
vt 0.825565 0.724270
vt 0.673078 0.673078
vt 0.637976 0.637976
vt 0.757884 0.682623
vt 0.881391 0.715722
vt 0.914988 0.729053
vt 0.759862 0.645610
vt 0.763888 0.624172
vt 0.829656 0.539116
vt 0.843559 0.527975
vt -6.524781 0.922105
vt -6.478629 0.916230
vt -6.463399 0.938841
vt -6.525249 0.938841
vt -6.524781 0.922105
vt -6.524594 0.916230
vt 7.523449 -0.327603
vt 7.479149 -0.325595
vt 7.473536 -0.327936
vt 7.490057 -0.320935
vt 7.490057 -0.320935
vt 7.490799 -0.320525
vt -6.525249 0.938841
vt -6.463399 0.998012
vt -6.521590 0.998012
vt -6.525974 0.979629
vt 0.083770 -0.335241
vt 0.075846 -0.329183
vt 0.085694 -0.327936
vt -6.523094 -0.324552
vt -6.474895 -0.332453
vt -6.497956 -0.318986
vt -6.523094 -0.324552
vt 7.506895 -0.413689
vt 7.508124 -0.338382
vt 7.475343 -0.335131
vt 7.493074 -0.424967
vt 7.506716 -0.420506
vt 7.466907 -0.434421
vt 7.493074 -0.424967
vt 7.428343 -0.333335
vt 7.425105 -0.336014
vt 7.437917 -0.450424
vt 7.424498 -0.336555
vt 7.413079 -0.468047
vt 7.437917 -0.450424
vt 7.474029 -0.287735
vt 7.463318 -0.297918
vt 7.472238 -0.316541
vt 7.506798 -0.319827
vt 7.501369 -0.289223
vt 7.459979 -0.302592
vt 7.454609 -0.308198
vt 7.447770 -0.315372
vt 7.459979 -0.302592
vt -6.504869 -0.291737
vt -6.509313 -0.320455
vt -6.489470 -0.319793
vt -6.488503 -0.281057
vt -6.503055 -0.280706
vt -6.504870 -0.291737
vt -6.488503 -0.281057
vt -6.467758 -0.319649
vt -6.469810 -0.297471
vt -6.463000 -0.304272
vt -0.024728 -0.319649
vt -0.001783 -0.319613
vt -0.010409 -0.315380
vt -0.031573 -0.305175
vt -6.478629 -0.335241
vt -6.497312 -0.335075
vt -6.512587 -0.350796
vt -6.515895 -0.369682
vt -6.511111 -0.334930
vt -6.512241 -0.348278
vt -6.478629 1.020623
vt -6.517725 1.013449
vt -6.515895 1.020623
vt -6.517152 1.015719
vt -6.510669 -0.331473
vt -0.020623 -0.335241
vt -0.000779 -0.320070
vt -0.001783 -0.319613
vt 7.507375 -0.328035
vt 7.507375 -0.328035
vt 7.435404 -0.326721
vt 7.430682 -0.331131
vt 0.984304 -0.494519
vt 1.010304 -0.337001
vt 0.968426 -0.507087
vt 1.018987 -0.468047
vt 0.984304 -0.494519
vt 0.898513 0.653488
vt 0.675995 0.610866
vt 0.764668 0.559232
vt 0.799578 0.527004
vt 1.000000 0.576170
vt 0.629234 0.629234
s 0
usemtl base_material
f 3726/6674/4302 3712/6675/4302 3728/6676/4302 3727/6677/4302
f 3735/6678/4303 3730/6679/4303 3729/6680/4303 3734/6681/4303 3732/6682/4303 3731/6683/4303 3733/6684/4303
f 3735/6685/4304 3736/6686/4304 3737/6687/4304 3730/6688/4304
f 3736/6689/4305 3745/6690/4305 3744/6691/4305 3743/6692/4305 3742/6693/4305 3712/6694/4305 3726/6695/4305 3738/6696/4305 3739/6697/4305 3740/6698/4305 3746/6699/4305 3741/6700/4305 3737/6701/4305
f 3747/6702/4306 3713/6694/4306 3712/6703/4306 3742/6704/4306
f 3749/6705/4307 3712/6703/4307 3713/6675/4307 3748/6706/4307
f 3712/6703/4308 3749/6707/4308 3751/6708/4308 3752/6709/4308 3750/6710/4308
f 3712/6703/4309 3750/6711/4309 3753/6712/4309
f 3754/6713/4310 3712/6703/4310 3753/6714/4310
f 3755/6715/4311 3712/6703/4311 3754/6716/4311
f 3712/6703/4312 3755/6717/4312 3757/6718/4312 3756/6719/4312 3760/6720/4312 3762/6721/4312 3761/6722/4312 3759/6723/4312 3758/6724/4312 3764/6725/4312 3763/6726/4312 3765/6727/4312 3766/6728/4312 3767/6729/4312 3768/6730/4312 3728/6731/4312
f 3771/6732/4313 3732/6733/4313 3734/6734/4313 3769/6735/4313 3770/6736/4313
f 3772/6737/4314 3773/6738/4314 3762/6739/4314 3760/6740/4314
f 3789/6741/4315 3713/6694/4315 3747/6742/4315 3788/6743/4315
s 1
f 3725/6744/4316 3718/6745/4317 3780/6746/4318 3781/6747/4319
s 0
f 3748/6748/4320 3713/6703/4320 3792/6749/4320 3794/6750/4320
s 1
f 3754/6751/4321 3753/6752/4321 3750/6753/4322 3714/6754/4323 3757/6755/4324 3755/6756/4321
f 3752/6757/4325 3714/6754/4323 3750/6758/4322
f 3777/6759/4326 3714/6754/4323 3752/6760/4325 3751/6761/4327 3787/6762/4328
f 3784/6763/4329 3787/6764/4328 3751/6765/4327 3749/6766/4330 3748/6767/4330 3794/6768/4331
f 3783/6769/4332 3784/6770/4329 3794/6771/4331 3792/6772/4333
f 3790/6773/4334 3785/6774/4335 3783/6769/4332 3792/6772/4333
f 3760/6775/4336 3756/6776/4337 3775/6777/4338 3772/6778/4336
f 3761/6779/4339 3711/6780/4340 3759/6781/4341
f 3711/6780/4340 3761/6782/4339 3762/6783/4342
f 3711/6780/4340 3762/6783/4342 3773/6784/4343 3774/6785/4344
f 3764/6786/4345 3715/6787/4346 3763/6788/4347
f 3717/6789/4348 3716/6790/4349 3766/6791/4350 3765/6792/4351
f 3715/6787/4346 3717/6789/4348 3765/6793/4351 3763/6794/4347
s 0
f 3786/6795/4352 3782/6796/4352 3770/6797/4352 3769/6798/4352 3781/6799/4352 3780/6800/4352 3779/6801/4352 3778/6802/4352 3776/6803/4352 3774/6804/4352 3773/6805/4352 3772/6806/4352 3775/6807/4352 3714/6808/4352 3777/6809/4352 3787/6810/4352 3784/6811/4352 3783/6812/4352 3785/6813/4352
s 1
f 3767/6814/4353 3716/6815/4349 3718/6816/4317 3768/6817/4354
f 3767/6818/4353 3766/6819/4350 3716/6815/4349
f 3758/6820/4355 3711/6780/4340 3715/6787/4346 3764/6786/4345
f 3759/6781/4341 3711/6780/4340 3758/6820/4355
f 3716/6790/4349 3717/6789/4348 3776/6821/4356 3778/6822/4357
f 3774/6823/4344 3776/6821/4356 3717/6789/4348
f 3774/6824/4344 3717/6789/4348 3715/6787/4346
f 3774/6825/4344 3715/6787/4346 3711/6780/4340
f 3768/6826/4354 3718/6816/4317 3725/6827/4316 3727/6828/4358 3728/6829/4359
f 3718/6745/4317 3716/6830/4349 3779/6831/4360 3780/6746/4318
f 3779/6831/4360 3716/6830/4349 3778/6832/4357
f 3756/6833/4337 3714/6834/4323 3775/6835/4338
f 3756/6836/4337 3757/6755/4324 3714/6754/4323
f 3742/6837/4361 3743/6838/4362 3719/6839/4363 3788/6840/4364 3747/6841/4361
f 3789/6842/4365 3788/6843/4364 3719/6839/4363
f 3719/6839/4363 3782/6844/4366 3786/6845/4367 3795/6846/4368 3789/6842/4365
f 3786/6847/4367 3793/6848/4369 3795/6849/4368
f 3735/6850/4370 3733/6851/4371 3720/6852/4372 3745/6853/4373 3736/6854/4370
f 3731/6855/4374 3720/6852/4372 3733/6851/4371
f 3732/6856/4375 3771/6857/4376 3720/6852/4372 3731/6858/4374
f 3741/6859/4377 3746/6860/4378 3721/6861/4379
f 3721/6861/4379 3730/6862/4380 3737/6863/4381 3741/6864/4377
f 3730/6865/4380 3721/6861/4379 3722/6866/4382 3729/6867/4383
f 3729/6867/4383 3722/6866/4382 3734/6868/4384
f 3722/6869/4382 3781/6870/4319 3769/6871/4385 3734/6872/4384
f 3724/6873/4386 3723/6874/4387 3739/6875/4388 3738/6876/4389
f 3740/6877/4390 3739/6878/4388 3723/6874/4387
f 3725/6827/4316 3724/6879/4386 3726/6880/4391 3727/6828/4358
f 3738/6881/4389 3726/6882/4391 3724/6879/4386
f 3723/6874/4387 3724/6873/4386 3722/6866/4382
f 3721/6861/4379 3723/6874/4387 3722/6866/4382
f 3723/6874/4387 3721/6861/4379 3740/6877/4390
f 3746/6860/4378 3740/6883/4390 3721/6861/4379
f 3724/6884/4386 3725/6744/4316 3781/6885/4319
f 3781/6886/4319 3722/6869/4382 3724/6884/4386
f 3745/6853/4373 3720/6852/4372 3719/6839/4363 3744/6887/4392
f 3744/6888/4392 3719/6839/4363 3743/6838/4362
f 3782/6844/4366 3719/6839/4363 3720/6852/4372
f 3770/6889/4393 3782/6890/4366 3720/6852/4372 3771/6857/4376
f 3791/6891/4394 3786/6892/4367 3785/6774/4335 3790/6893/4334
f 3793/6894/4369 3786/6892/4367 3791/6895/4394
s 0
f 3795/6896/4395 3793/6897/4395 3791/6898/4395 3790/6899/4395 3792/6900/4395 3713/6703/4395 3789/6901/4395
o base_cell.093
v -6.829201 1.080091 -1.345710
v -6.828743 1.062263 -1.262507
v -6.829199 1.015877 -1.310463
v -6.829306 1.029798 -1.288881
v -6.815989 1.053523 -1.263924
v -6.793540 1.055852 -1.414020
v -6.820705 1.055852 -1.424940
v -6.819088 1.083548 -1.424940
v -6.812536 1.085816 -1.422624
v -6.829421 1.079973 -1.424940
v -6.808172 1.082724 -1.420985
v -6.791783 1.070440 -1.414020
v -6.766852 1.046715 -1.379951
v -6.764239 1.042067 -1.366306
v -6.776340 1.055852 -1.393419
v -6.759453 1.033509 -1.341274
v -6.813849 0.968340 -1.415418
v -6.829302 0.957891 -1.424810
v -6.761997 1.023705 -1.343837
v -6.775774 1.000332 -1.379951
v -6.829492 1.066427 -1.424940
v -6.759051 1.031589 -1.334211
vn -0.3269 0.9450 -0.0005
vn 0.5244 0.8332 0.1756
vn 0.5413 0.8221 0.1764
vn 0.5442 0.8195 0.1796
vn 0.3120 -0.8475 0.4295
vn -0.9989 -0.0423 0.0224
vn -1.0000 -0.0017 0.0009
vn -1.0000 0.0052 0.0028
vn -0.9999 0.0110 0.0079
vn 0.5684 0.7949 0.2124
vn -0.3245 -0.5930 0.7369
vn 0.3618 -0.7666 0.5305
vn 0.3450 -0.7880 0.5100
vn 0.9568 -0.1911 -0.2190
vn 0.9624 -0.2025 -0.1809
vn 0.9684 -0.2212 -0.1153
vn 0.8500 -0.1710 -0.4983
vn 0.8274 -0.1679 -0.5359
vn 0.5874 -0.0811 -0.8052
vn 0.5868 -0.0939 -0.8043
vn 0.7512 -0.1456 -0.6438
vn 0.1941 -0.0273 -0.9806
vn 0.5033 -0.0453 -0.8629
vn -0.0010 -0.0008 -1.0000
vn 0.2136 -0.0128 -0.9768
vn 0.3392 -0.0198 -0.9405
vn 0.3533 -0.0286 -0.9351
vn 0.5243 -0.0595 -0.8495
vn 0.9522 -0.1831 -0.2447
vt 0.751349 0.363336
vt 0.387119 0.000000
vt 1.000000 0.000000
vt 1.000000 0.593511
vt 1.000000 0.744748
vt 0.593511 0.593511
vt 0.000000 0.000000
vt 0.712216 0.546718
vt 0.744748 0.744748
vt 0.488379 0.000000
vt 0.552450 0.106022
vt 0.615614 0.276722
vt 0.821154 0.000000
vt 0.779335 0.068912
vt 0.488379 0.488379
vt 0.211041 0.000000
vt 1.000000 0.695106
vt 0.773152 0.571183
vt 0.372322 0.261006
vt 0.695106 0.695106
vt 0.731093 0.000000
vt 0.730825 0.730825
vt 1.000000 0.612881
vt 0.731093 0.731093
vt 1.000000 1.000000
vt 1.000000 0.178846
vt 1.000000 0.804694
vt 0.791164 0.791164
vt 0.804694 0.804694
vt 1.123385 -0.027384
vt 1.123385 -0.019708
vt 1.116324 -0.021628
vt 1.162055 -0.006504
vt 1.162055 -0.052879
vt 1.196119 -0.082726
vt 1.196119 0.002631
vt 1.175522 0.002631
vt 7.949513 0.002631
vt 7.968730 -0.093479
vt 7.963709 0.013204
vt 7.957851 0.026748
vt 7.956306 0.030322
vt 7.947896 0.030322
vt 7.941344 0.032590
vt 7.933457 0.026893
vt 7.922353 0.002631
vt 7.933457 0.026893
vt 7.920596 0.017216
vt 7.942658 -0.084865
vt 7.958144 -0.093479
vt 1.125948 -0.029510
vt 1.162055 -0.006504
vt 1.148413 -0.011151
vt 1.196119 0.017216
s 0
usemtl base_material
f 3803/6902/4396 3805/6903/4396 3796/6904/4396 3804/6905/4396
f 3806/6906/4397 3804/6907/4397 3796/6908/4397 3797/6904/4397
f 3807/6909/4398 3806/6910/4398 3797/6908/4398 3809/6911/4398 3808/6912/4398 3810/6913/4398
f 3817/6914/4399 3811/6915/4399 3809/6916/4399 3797/6908/4399
f 3814/6917/4400 3798/6904/4400 3813/6918/4400 3812/6919/4400 3815/6920/4400
f 3813/6921/4401 3798/6908/4401 3799/6904/4401
f 3799/6908/4402 3816/6922/4402 3813/6923/4402
f 3796/6904/4403 3805/6924/4403 3816/6925/4403 3799/6908/4403
f 3799/6908/4404 3797/6904/4404 3796/6926/4404
f 3797/6926/4405 3800/6908/4405 3817/6927/4405
f 3799/6908/4406 3800/6904/4406 3797/6926/4406
f 3799/6904/4407 3814/6928/4407 3817/6929/4407 3800/6908/4407
f 3798/6904/4408 3814/6930/4408 3799/6908/4408
s 1
f 3814/6931/4409 3811/6932/4410 3817/6933/4411
f 3808/6934/4412 3815/6935/4413 3812/6936/4414 3801/6937/4415 3810/6938/4416
f 3802/6939/4417 3813/6940/4418 3816/6941/4419 3805/6942/4419 3803/6943/4420
f 3803/6944/4420 3804/6945/4421 3806/6946/4422 3802/6939/4417
f 3801/6947/4415 3802/6939/4417 3806/6948/4422 3807/6949/4423
f 3812/6950/4414 3813/6951/4418 3802/6939/4417
f 3802/6939/4417 3801/6947/4415 3812/6950/4414
f 3811/6932/4410 3814/6952/4409 3815/6935/4413 3808/6953/4412 3809/6954/4424
f 3807/6955/4423 3810/6938/4416 3801/6937/4415
o base_cell.094
v -6.405006 0.951740 -0.997826
v -6.405056 0.939755 -0.998687
v -6.350165 0.958462 -1.024731
v -6.379148 0.958462 -1.016628
v -6.351159 0.953607 -1.027494
v -6.379658 0.953589 -1.019556
v -6.394346 0.956832 -0.990653
v -6.372430 0.955746 -0.978920
v -6.356260 0.931193 -0.973366
v -6.359466 0.951376 -0.972466
v -6.364704 0.955314 -0.974790
v -6.348758 0.951376 -0.975471
v -6.341245 0.956621 -1.000405
v -6.347212 0.955314 -0.979702
v -6.404899 0.957417 -0.997015
v -6.407242 0.953591 -1.014408
v -6.406833 0.948011 -1.011587
v -6.406879 0.958462 -1.011504
v -6.405168 0.934768 -1.005047
v -6.386665 0.925218 -1.003380
v -6.368871 0.915488 -1.002464
v -6.376542 0.919957 -1.002513
v -6.333332 0.958265 -1.028008
v -6.350109 0.937418 -0.975092
v -6.363328 0.922010 -1.007647
v -6.359406 0.926715 -1.011362
v -6.349854 0.938152 -1.019904
v -6.344998 0.944005 -1.025391
v -6.336976 0.953616 -1.032706
vn 0.0203 0.9975 0.0681
vn 0.0217 0.9975 0.0676
vn 0.0160 0.9975 0.0692
vn 0.0172 0.9975 0.0688
vn 0.0716 0.9643 0.2551
vn 0.0862 0.9477 0.3072
vn 0.9588 -0.0854 0.2709
vn -0.9908 -0.0006 0.1354
vn -0.9790 -0.0105 0.2035
vn -0.9911 -0.0054 0.1331
vn -0.9930 -0.0838 0.0831
vn -0.4180 -0.7113 0.5651
vn 0.7453 -0.6665 -0.0175
vn 0.7673 -0.6412 0.0136
vn 0.7723 -0.6352 0.0111
vn 0.9590 -0.0871 0.2697
vn 0.0130 0.9975 0.0702
vn 0.0125 0.9975 0.0699
vn 0.2416 0.4483 0.8606
vn 0.2449 0.4225 0.8726
vn 0.0246 0.9975 0.0665
vn -0.1611 -0.4568 -0.8749
vn -0.1616 -0.4571 -0.8746
vn -0.1548 -0.4530 -0.8779
vn -0.1823 0.0351 -0.9826
vn -0.2289 0.0385 -0.9727
vn -0.2284 -0.4567 -0.8598
vn -0.2600 -0.4555 -0.8514
vn -0.2521 -0.4510 -0.8562
vn -0.2950 0.0965 -0.9506
vn -0.2746 -0.4424 -0.8537
vn -0.3657 -0.4169 -0.8321
vn -0.2667 0.3891 -0.8818
vn -0.4778 -0.1103 0.8715
vn -0.2123 0.5945 -0.7755
vn -0.1928 0.5196 -0.8324
vn -0.1558 0.5143 -0.8433
vn -0.1940 0.6625 -0.7235
vn 0.2702 -0.0000 0.9628
vt -6.470140 0.782578
vt -6.479058 0.806899
vt -6.508036 0.798798
vt -6.501318 0.761096
vt -6.493594 0.756967
vt -6.476105 0.761879
vt 0.077732 0.025634
vt 0.035975 0.000000
vt 0.233781 0.002026
vt 0.113808 0.027917
vt 1.000000 0.016638
vt 0.938887 0.000000
vt 1.000000 0.000000
vt 0.000000 0.000000
vt 0.015439 0.015439
vt 0.162099 0.089498
vt 0.698911 0.613221
vt 1.000000 0.930827
vt 1.000000 1.000000
vt 0.930827 0.930827
vt 1.000000 0.923745
vt 1.000000 0.030242
vt 0.923745 0.923745
vt 0.827727 0.457222
vt 0.774648 0.201400
vt 0.727072 0.000000
vt 0.520367 0.000000
vt 0.961378 0.000000
vt 0.988554 0.988554
vt 0.498795 0.498795
vt 0.990191 0.990191
vt 0.727072 0.727072
vt 1.000000 0.812859
vt 1.000000 0.498795
vt 0.993925 0.993925
vt 0.812859 0.812859
vt 0.836417 0.767439
vt 0.895341 0.660205
vt 0.921721 0.598098
vt 0.520367 0.520367
vt 1.000000 0.756902
vt 0.961378 0.961378
vt -6.533614 0.778386
vt -6.523231 0.772827
vt -6.535461 0.791445
vt -6.501319 0.761096
vt -6.523231 0.772827
vt -6.488357 -0.101827
vt -6.477651 -0.101827
vt -6.476105 -0.097889
vt -6.493594 -0.097889
vt -6.461960 0.813228
vt -6.469675 0.784188
vt 7.535988 -0.101454
vt 7.515552 -0.127980
vt 7.534050 -0.118431
vt 7.536124 -0.099612
vt 7.508545 -0.099614
vt 7.505429 -0.133240
vt 7.535988 -0.101454
vt 7.497760 -0.137708
vt 7.505429 -0.133240
vt 7.488296 -0.126483
vt 7.492218 -0.131187
vt 7.480051 -0.099595
vt 7.478746 -0.115048
vt 7.488296 -0.126483
vt 7.473891 -0.109196
vt 7.478746 -0.115048
vt 7.465870 -0.099587
vt 7.473891 -0.109196
vt 0.969758 0.000000
vt 0.886106 0.043815
vt 0.778931 0.050558
vt 0.626326 0.048495
vt 0.193576 0.042333
vt 0.953636 0.000000
vt 7.479058 -0.094741
vt 7.508036 -0.094741
vt 7.536108 -0.099396
vt 7.535761 -0.094741
vt 7.536108 -0.099396
vt 7.461960 -0.094741
vt 7.463500 -0.096844
vt -6.499606 -0.101827
vt -6.481384 -0.121678
vt -6.487990 -0.114482
s 1
usemtl base_material
f 3830/6956/4425 3820/6957/4426 3821/6958/4427 3825/6959/4428 3828/6960/4429 3831/6961/4430
s 0
f 3829/6962/4431 3841/6963/4431 3830/6964/4431 3831/6965/4431
f 3832/6966/4432 3835/6967/4432 3818/6968/4432
f 3818/6969/4433 3819/6968/4433 3832/6970/4433
f 3818/6969/4434 3835/6971/4434 3833/6972/4434 3834/6973/4434 3819/6974/4434
f 3819/6974/4435 3834/6975/4435 3836/6976/4435
f 3826/6977/4436 3819/6974/4436 3836/6978/4436 3837/6979/4436 3839/6980/4436 3838/6981/4436
f 3840/6982/4437 3841/6983/4437 3826/6984/4437 3846/6985/4437
f 3826/6986/4438 3838/6987/4438 3842/6988/4438
f 3846/6989/4439 3826/6990/4439 3842/6991/4439 3843/6992/4439 3844/6993/4439 3845/6994/4439
f 3840/6995/4440 3830/6996/4440 3841/6997/4440
s 1
f 3832/6998/4441 3824/6999/4442 3821/6958/4427 3835/7000/4441
f 3825/7001/4428 3821/6958/4427 3824/7002/4442
f 3827/7003/4443 3829/7004/4444 3831/7005/4430 3828/7006/4429
f 3840/7007/4445 3820/6957/4426 3830/7008/4425
f 3834/7009/4446 3837/7010/4447 3836/7011/4448
f 3833/7012/4449 3823/7013/4450 3839/7014/4451 3837/7010/4447 3834/7015/4446
f 3838/7016/4452 3839/7017/4451 3823/7013/4450 3843/7018/4453 3842/7019/4452
f 3823/7013/4450 3822/7020/4454 3844/7021/4455 3843/7022/4453
f 3822/7020/4454 3845/7023/4456 3844/7024/4455
f 3822/7020/4454 3846/7025/4457 3845/7026/4456
s 0
f 3819/6969/4458 3826/7027/4458 3827/7028/4458 3828/7029/4458 3825/7030/4458 3824/7031/4458 3832/7032/4458
s 1
f 3823/7013/4450 3820/7033/4459 3822/7020/4454
f 3821/7034/4460 3820/7033/4459 3823/7013/4450
f 3833/7035/4449 3821/7034/4460 3823/7013/4450
f 3835/7036/4461 3821/7034/4460 3833/7037/4449
f 3820/7033/4459 3840/7038/4462 3846/7039/4457 3822/7020/4454
f 3827/7040/4443 3826/7041/4463 3841/7042/4463 3829/7040/4444
o base_cell.095
v -6.664087 0.895985 -1.374968
v -6.579101 0.892495 -1.355704
v -6.703831 0.936863 -1.340975
v -6.640040 0.957139 -1.302211
v -6.614462 0.957878 -1.294631
v -6.587413 0.912106 -1.336777
v -6.606851 0.957969 -1.292515
v -6.638085 0.955519 -1.380032
v -6.665617 0.955234 -1.386017
v -6.616589 0.956000 -1.375406
v -6.624382 0.955886 -1.377094
v -6.604415 0.956671 -1.360134
v -6.598460 0.957030 -1.349266
v -6.599808 0.957203 -1.339886
v -6.601525 0.957414 -1.328388
v -6.645055 0.956994 -1.303711
v -6.698237 0.956573 -1.318435
v -6.701890 0.956250 -1.333058
v -6.704677 0.956001 -1.344391
v -6.683755 0.955553 -1.367061
v -6.679170 0.955459 -1.371850
vn -0.1775 -0.7213 0.6695
vn -0.1801 -0.7265 0.6631
vn 0.7858 0.2716 -0.5557
vn -0.7279 -0.1516 -0.6687
vn 0.2109 -0.1739 -0.9619
vn -0.7160 -0.1458 -0.6827
vn -0.1805 -0.7178 0.6725
vn -0.9702 -0.0019 0.2424
vn -0.9711 -0.0003 0.2388
vn 0.9530 0.2727 0.1319
vn 0.9527 0.2713 0.1373
vn -0.0216 0.9995 -0.0212
vn -0.0206 0.9995 -0.0224
vn -0.0192 0.9995 -0.0240
vn -0.0115 0.9996 -0.0239
vn -0.0240 0.9995 -0.0196
vn -0.0062 0.9992 -0.0390
vn -0.0125 0.9997 -0.0233
vn -0.0100 0.9997 -0.0224
vn -0.0063 0.9997 -0.0254
vn -0.0060 0.9997 -0.0227
vn -0.0020 0.9998 -0.0216
vn -0.0197 0.9997 -0.0127
vn -0.0261 0.9996 -0.0095
vt 1.000000 1.000000
vt 0.735128 0.735128
vt 0.115694 0.115694
vt 0.160193 0.087982
vt 0.316646 0.000000
vt 1.000000 0.000000
vt 0.000000 0.000000
vt 1.000000 0.665212
vt 0.591915 0.591915
vt 0.822741 0.633075
vt 0.550968 0.000000
vt 0.791481 0.791481
vt 0.403320 0.000000
vt 0.786181 0.371299
vt 0.905213 0.485910
vt 1.000000 0.577740
vt 0.550968 0.550968
vt 0.719084 0.567671
vt 1.000000 0.596680
vt 1.000000 0.683354
vt 0.972175 0.624793
vt 0.655648 0.000000
vt 1.000000 0.844004
vt 0.655648 0.655648
vt 0.844004 0.844004
vt 1.000000 0.791481
vt 1.000000 0.673135
vt 0.665212 0.665212
vt 1.000000 0.115694
vt 1.000000 0.735128
vt 0.673135 0.673135
vt 0.752302 0.537775
vt -6.728655 1.121997
vt -6.727307 1.131376
vt -6.733262 1.142242
vt -6.753225 1.159199
vt -6.762947 1.161285
vt -6.730372 1.110502
vt -6.745434 1.157511
vt -6.766926 1.162136
vt -6.735332 1.077050
vt -6.730372 1.110502
vt -6.743307 1.076751
vt -6.735332 1.077050
vt -6.794453 1.168120
vt -6.805800 1.156275
vt -6.833505 1.126502
vt -6.830719 1.115171
vt -6.827066 1.100551
vt -6.773894 1.085830
vt -6.808003 1.153956
vt -6.812588 1.149168
vt -6.768881 1.084329
vt -6.743307 1.076751
vt -6.808003 1.153957
s 0
usemtl base_material
f 3848/7043/4464 3852/7044/4464 3853/7045/4464 3851/7046/4464 3850/7047/4464 3849/7048/4464
f 3848/7043/4465 3849/7049/4465 3847/7048/4465
f 3859/7050/4466 3848/7043/4466 3856/7051/4466 3858/7052/4466
f 3866/7053/4467 3847/7048/4467 3849/7043/4467 3865/7054/4467
f 3855/7055/4468 3854/7056/4468 3857/7057/4468 3856/7058/4468 3848/7043/4468 3847/7049/4468
f 3866/7059/4469 3867/7060/4469 3855/7061/4469 3847/7043/4469
f 3849/7048/4470 3850/7062/4470 3862/7063/4470 3863/7064/4470
f 3864/7065/4471 3849/7043/4471 3863/7066/4471
f 3849/7043/4472 3864/7067/4472 3865/7068/4472
f 3860/7069/4473 3848/7043/4473 3859/7070/4473
f 3853/7071/4474 3852/7072/4474 3848/7043/4474 3860/7073/4474 3861/7074/4474
s 1
f 3860/7075/4475 3859/7076/4475 3858/7077/4476 3857/7078/4477 3854/7079/4478 3861/7080/4479
f 3858/7077/4476 3856/7081/4480 3857/7078/4477
f 3854/7082/4478 3853/7083/4481 3861/7084/4479
f 3851/7085/4482 3853/7086/4481 3854/7082/4478 3855/7087/4483 3867/7088/4484
f 3865/7089/4485 3864/7090/4485 3863/7091/4485 3862/7092/4486 3867/7093/4484 3866/7094/4485
f 3862/7092/4486 3850/7095/4487 3851/7096/4482 3867/7097/4484
o base_cell.096
v -6.829163 1.081553 -1.337885
v -6.848060 1.081848 -1.250669
v -6.856544 1.123373 -1.210055
v -6.856790 1.178589 -1.210676
v -6.855079 1.182886 -1.216693
v -6.851310 1.097049 -1.234329
v -6.829105 1.064621 -1.260788
v -6.814903 1.055015 -1.262340
v -6.857734 1.131887 -1.202229
v -6.858490 1.144386 -1.192621
v -6.859469 1.163860 -1.189755
v -6.848752 1.183489 -1.215361
v -6.737751 1.176695 -1.194823
v -6.798571 1.070125 -1.234121
v -6.780517 1.083129 -1.212273
v -6.783727 1.093842 -1.202752
v -6.807000 1.170491 -1.191892
v -6.755155 1.055852 -1.341274
v -6.741498 1.106029 -1.271544
v -6.765094 1.055852 -1.379950
v -6.759053 1.106029 -1.379950
v -6.749114 1.106029 -1.341274
v -6.787498 1.106029 -1.414020
v -6.743178 1.080233 -1.241530
v -6.743969 1.074851 -1.244554
v -6.742277 1.086390 -1.238176
v -6.738820 1.112788 -1.223500
v -6.739382 1.106029 -1.227496
v -6.735158 1.156969 -1.197633
v -6.736459 1.177104 -1.247658
v -6.738230 1.177273 -1.277345
v -6.737599 1.177223 -1.271544
v -6.798563 1.180442 -1.419480
v -6.783469 1.179612 -1.414020
v -6.755107 1.178082 -1.379950
v -6.745196 1.177583 -1.341274
v -6.811038 1.180938 -1.423450
v -6.811358 1.130884 -1.423116
v -6.811517 1.106029 -1.422682
v -6.755348 1.040668 -1.316301
v -6.751846 1.048960 -1.298838
v -6.748974 1.055852 -1.284679
v -6.746779 1.062164 -1.271544
v -6.811432 1.087922 -1.422271
v -6.791510 1.072711 -1.414020
v -6.804141 1.082272 -1.419522
v -6.759099 1.035350 -1.341274
v -6.758684 1.033551 -1.334304
v -6.773835 1.055852 -1.390419
v -6.766472 1.048689 -1.379950
v -6.756957 1.036892 -1.324377
vn -0.9987 -0.0479 -0.0163
vn 0.0369 -0.1437 0.9889
vn 0.0544 -0.1250 0.9907
vn 0.0461 -0.0433 0.9980
vn -0.0781 0.8067 0.5857
vn -0.1757 0.8154 0.5516
vn -0.9916 -0.0033 -0.1294
vn -0.3358 -0.6624 0.6697
vn -0.2995 -0.5928 0.7476
vn -0.9896 -0.0060 -0.1439
vn -0.3372 -0.6673 0.6641
vn -0.3105 -0.6818 0.6624
vn 0.5195 -0.4754 0.7100
vn 0.5254 -0.4650 0.7126
vn 0.5251 -0.4620 0.7147
vn 0.0674 -0.1320 0.9890
vn -0.0512 0.8323 0.5520
vn -0.1909 0.8236 0.5340
vn 0.0594 0.9982 0.0092
vn 0.0574 0.9983 0.0023
vn 0.9824 -0.0538 -0.1789
vn 0.9802 -0.0856 -0.1783
vn 0.8881 -0.0775 -0.4530
vn 0.8889 -0.0487 -0.4555
vn -0.0889 0.9956 -0.0283
vn -0.9734 0.0958 -0.2082
vn -0.9777 0.0041 -0.2100
vn -0.9781 -0.0033 -0.2082
vn -0.9802 -0.0066 -0.1980
vn -0.9895 -0.1074 -0.0969
vn -0.3458 -0.6723 0.6545
vn -0.3672 -0.7147 0.5952
vn 0.1450 -0.9047 0.4005
vn 0.8823 -0.1374 -0.4503
vn 0.7637 -0.1009 -0.6376
vn 0.6453 -0.0777 -0.7600
vn 0.5784 -0.0476 -0.8144
vn -0.9742 -0.0810 -0.2108
vn -0.5429 -0.8204 -0.1794
vn -0.5596 -0.8093 -0.1787
vn -0.4757 -0.7716 0.4224
vn -0.3707 -0.7156 0.5920
vn -0.7078 -0.6901 -0.1510
vn -0.5646 -0.8062 -0.1766
vn 0.0381 -0.9491 0.3128
vn 0.1404 -0.9074 0.3962
vn 0.9764 -0.1878 -0.1066
vn 0.9686 -0.1863 -0.1644
vn 0.9725 -0.1517 -0.1769
vn 0.9858 -0.1288 -0.1077
vn 0.5730 -0.0314 -0.8189
vn 0.0540 0.9985 -0.0016
vn 0.8979 -0.1727 -0.4049
vn 0.9987 -0.0336 -0.0395
vn 0.9971 -0.0629 -0.0423
vn 0.9938 -0.0817 -0.0758
vn 0.9963 -0.0440 -0.0741
vn 0.1556 -0.9001 0.4069
vn 0.9926 -0.0544 -0.1084
vn 0.3029 -0.0083 -0.9530
vn 0.3237 -0.0142 -0.9461
vn 0.3362 -0.0177 -0.9416
vn 0.3392 -0.0192 -0.9405
vn 0.3392 -0.0198 -0.9405
vn 0.3547 -0.0321 -0.9344
vn 0.9891 -0.1191 -0.0862
vn 0.9917 -0.1198 -0.0474
vn 0.9917 -0.1194 -0.0471
vt 0.000000 0.000000
vt 1.000000 0.000000
vt 1.000000 1.000000
vt 0.413924 0.000000
vt 1.000000 0.556867
vt 0.905910 0.706861
vt 1.000000 0.749864
vt 0.556867 0.556867
vt 0.640221 0.592720
vt 0.749863 0.749863
vt 1.000000 0.231574
vt 0.231574 0.231574
vt 1.000000 0.540827
vt 0.105868 0.105868
vt 1.000000 0.586100
vt 0.540827 0.540827
vt 0.907875 0.575985
vt 1.123385 0.124340
vt 1.123385 0.052799
vt 1.162055 0.052799
vt 1.162055 0.124840
vt 0.200597 0.000000
vt 1.000000 0.195968
vt 0.195968 0.195968
vt 0.752421 0.196769
vt 1.000000 0.197954
vt 0.203701 0.167156
vt 0.234982 0.000000
vt 0.561098 0.000000
vt 1.000000 0.479722
vt 1.162055 0.002631
vt 1.172522 0.002631
vt 1.196119 0.019486
vt 1.196119 0.052799
vt 0.615077 0.615077
vt 0.845240 0.627199
vt 0.615718 0.389038
vt 0.519584 0.286542
vt 0.400351 0.038648
vt 0.389733 0.000000
vt 0.992472 0.733580
vt 1.000000 0.615077
vt 0.738844 0.738844
vt 0.235349 0.235349
vt 1.000000 0.406851
vt 0.406851 0.406851
vt 1.000000 0.438902
vt 1.116417 -0.019666
vt 1.123385 -0.017867
vt 1.123385 0.002631
vt 1.066801 0.002631
vt 1.080958 -0.004260
vt 1.098418 -0.012551
vt 1.106492 -0.016326
vt 1.162055 0.124839
vt 1.196119 0.126368
vt 0.873972 0.235618
vt 0.946472 0.214745
vt 1.000000 0.201088
vt 0.586100 0.586100
vt 0.640432 0.515029
vt 0.717649 0.366393
vt 1.123385 -0.017867
vt 1.162055 -0.004531
vt 1.029788 0.123861
vt 0.977239 0.123298
vt 0.979770 0.103730
vt 1.005633 0.059557
vt 1.009628 0.052799
vt 1.053668 0.052799
vt 1.053668 0.123981
vt 0.869028 0.492630
vt 0.586076 0.000000
vt 0.479722 0.479722
vt 0.683347 0.484387
vt 1.162055 -0.004531
vt 1.053668 0.123981
vt 1.059469 0.124030
vt 7.938596 0.127817
vt 7.927375 0.127198
vt 7.940167 0.077650
vt 7.912284 0.126368
vt 7.916312 0.052799
vt 7.940320 0.055835
vt 7.940167 0.077650
vt 7.940358 0.036316
vt 7.940326 0.052799
vt 7.932950 0.029047
vt 7.920323 0.019486
vt 7.932335 0.028588
vt 1.053668 0.008942
vt 1.020306 0.033164
vt 1.023659 0.027007
vt 1.026683 0.021626
vt 1.053668 0.008942
s 0
usemtl base_material
f 3876/7098/4488 3877/7099/4488 3878/7100/4488
f 3877/7098/4489 3883/7099/4489 3878/7100/4489
f 3878/7100/4490 3883/7098/4490 3880/7099/4490
f 3884/7099/4491 3878/7100/4491 3880/7098/4491
f 3884/7098/4492 3879/7099/4492 3878/7100/4492
f 3879/7098/4493 3871/7099/4493 3878/7100/4493
f 3871/7098/4494 3876/7099/4494 3878/7100/4494
f 3870/7098/4495 3883/7099/4495 3876/7100/4495
f 3883/7098/4496 3877/7099/4496 3876/7100/4496
f 3871/7098/4497 3870/7099/4497 3876/7100/4497
f 3870/7098/4498 3881/7099/4498 3883/7100/4498
f 3881/7098/4499 3882/7099/4499 3883/7100/4499
f 3883/7100/4500 3882/7098/4500 3892/7101/4500 3891/7102/4500
f 3895/7103/4501 3894/7104/4501 3883/7100/4501 3891/7105/4501 3893/7106/4501
f 3883/7100/4502 3894/7107/4502 3896/7108/4502
f 3896/7109/4503 3880/7099/4503 3883/7100/4503
f 3879/7098/4504 3884/7099/4504 3880/7100/4504
f 3872/7098/4505 3871/7099/4505 3879/7100/4505
f 3897/7110/4506 3879/7100/4506 3880/7111/4506
f 3898/7112/4507 3879/7100/4507 3897/7113/4507 3899/7114/4507
s 1
f 3903/7115/4508 3889/7116/4509 3888/7117/4510 3902/7118/4511
s 0
f 3904/7119/4512 3872/7099/4512 3879/7100/4512
f 3872/7098/4513 3904/7120/4513 3871/7100/4513
f 3871/7100/4514 3904/7121/4514 3905/7122/4514 3906/7123/4514
f 3869/7099/4515 3871/7100/4515 3906/7124/4515 3911/7125/4515
f 3869/7098/4516 3870/7099/4516 3871/7100/4516
f 3869/7098/4517 3873/7099/4517 3870/7100/4517
f 3873/7098/4518 3881/7099/4518 3870/7100/4518
f 3873/7098/4519 3875/7099/4519 3881/7100/4519
f 3875/7098/4520 3907/7126/4520 3908/7127/4520 3881/7100/4520
s 1
f 3888/7117/4510 3887/7128/4521 3916/7129/4522 3912/7130/4523 3890/7131/4524
s 0
f 3911/7132/4525 3868/7098/4525 3869/7099/4525
f 3912/7133/4526 3916/7134/4526 3917/7135/4526 3914/7136/4526 3915/7137/4526 3875/7099/4526 3913/7138/4526
f 3868/7099/4527 3911/7139/4527 3913/7140/4527 3875/7098/4527
f 3874/7098/4528 3875/7099/4528 3869/7100/4528
f 3875/7098/4529 3873/7099/4529 3869/7100/4529
f 3868/7098/4530 3874/7099/4530 3869/7100/4530
f 3874/7098/4531 3868/7099/4531 3875/7100/4531
f 3915/7141/4532 3918/7142/4532 3875/7100/4532
f 3918/7143/4533 3907/7144/4533 3875/7100/4533
s 1
f 3915/7145/4534 3914/7146/4535 3885/7147/4536 3909/7148/4537 3908/7149/4534 3907/7150/4534 3918/7151/4534
f 3902/7152/4511 3888/7117/4510 3890/7131/4524 3901/7153/4538
s 0
f 3901/7154/4539 3900/7155/4539 3904/7156/4539 3879/7100/4539 3898/7157/4539 3903/7158/4539 3902/7159/4539
s 1
f 3885/7147/4536 3914/7160/4535 3917/7161/4540 3887/7128/4521
f 3897/7162/4541 3880/7163/4541 3896/7164/4541 3894/7165/4541 3895/7166/4542 3886/7167/4543 3899/7168/4544
s 0
f 3910/7169/4545 3892/7170/4545 3882/7099/4545 3881/7100/4545 3908/7171/4545 3909/7172/4545
s 1
f 3887/7128/4521 3917/7173/4540 3916/7129/4522
f 3887/7128/4521 3888/7117/4510 3889/7116/4509 3885/7147/4536
f 3899/7174/4544 3886/7167/4543 3889/7116/4509 3903/7115/4508 3898/7175/4546
f 3904/7176/4547 3900/7177/4548 3905/7178/4549
f 3901/7179/4538 3890/7180/4524 3906/7181/4550 3905/7182/4549 3900/7177/4548
f 3911/7183/4551 3906/7184/4550 3890/7180/4524 3913/7185/4552
f 3912/7186/4523 3913/7187/4552 3890/7180/4524
f 3910/7188/4553 3886/7167/4543 3893/7189/4554 3891/7190/4555 3892/7191/4555
f 3895/7166/4542 3893/7189/4554 3886/7167/4543
f 3885/7147/4536 3889/7116/4509 3886/7167/4543 3910/7192/4553 3909/7148/4537
o base_cell.097
v -6.804181 0.730047 -0.897151
v -6.759806 0.790038 -0.897766
v -6.809361 0.717526 -0.897362
v -6.762293 0.738948 -0.897727
v -6.740220 0.875403 -0.929372
v -6.754644 0.982064 -0.995430
v -6.830948 0.822345 -0.965528
v -6.822841 0.995852 -1.050836
v -6.713418 0.887909 -0.987761
v -6.703732 0.966073 -1.073455
v -6.716442 1.006660 -1.086220
v -6.711223 0.792449 -1.006038
v -6.704112 0.906489 -1.069096
v -6.706319 0.806455 -1.048769
v -6.834504 0.712706 -0.919706
v -6.819335 1.004537 -1.082583
v -6.825960 0.742204 -1.012185
v -6.792497 0.863849 -1.131261
v -6.789886 0.789819 -1.123660
v -6.803780 1.017447 -1.130497
v -6.709274 0.809638 -1.065661
v -6.789809 1.019971 -1.141627
vn -0.6684 0.2648 0.6950
vn 0.0190 -0.0247 0.9995
vn 0.0137 0.0001 0.9999
vn -0.5259 0.3968 0.7523
vn -0.6743 0.3033 0.6733
vn -0.9955 -0.0071 -0.0942
vn 0.3896 -0.8872 -0.2470
vn 0.9135 -0.0562 0.4030
vn 0.9118 -0.0531 0.4072
vn 0.8974 -0.0434 0.4390
vn -0.5172 0.3990 0.7572
vn -0.0109 0.9663 0.2571
vn 0.6251 -0.0609 -0.7782
vn -0.9405 -0.0674 -0.3332
vn 0.8031 0.3884 0.4518
vn 0.8051 0.3921 0.4450
vn -0.9938 -0.0047 -0.1110
vn -0.9441 -0.0630 -0.3235
vn -0.5292 0.3965 0.7501
vn 0.8059 0.3892 0.4461
vn -0.9949 -0.0031 -0.1010
vn -0.0178 0.9649 0.2620
vn 0.6036 -0.0610 -0.7949
vn 0.5943 -0.0621 -0.8018
vn -0.5478 0.3896 0.7403
vn 0.4120 -0.8790 -0.2400
vn 0.4000 -0.8830 -0.2454
vn 0.9935 0.0011 0.1141
vn 0.9814 -0.0588 -0.1827
vn 0.9935 0.0020 0.1141
vn 0.0051 0.9738 0.2272
vn -0.6180 -0.0415 -0.7851
vn 0.4209 -0.8752 -0.2385
vn 0.3973 -0.8837 -0.2474
vn 0.3965 -0.8836 -0.2491
vn 0.5674 -0.0643 -0.8209
vn 0.5930 -0.0629 -0.8027
vt 0.000000 0.000000
vt 1.000000 0.000000
vt 1.000000 1.000000
s 0
usemtl base_material
f 3933/7193/4556 3921/7194/4556 3919/7195/4556
f 3921/7193/4557 3922/7194/4557 3919/7195/4557
f 3922/7193/4558 3920/7194/4558 3919/7195/4558
f 3919/7195/4559 3920/7193/4559 3924/7194/4559
f 3925/7193/4560 3933/7194/4560 3919/7195/4560
f 3925/7193/4561 3935/7194/4561 3933/7195/4561
f 3935/7193/4562 3921/7194/4562 3933/7195/4562
f 3927/7194/4563 3922/7195/4563 3930/7193/4563
f 3927/7193/4564 3923/7194/4564 3922/7195/4564
f 3923/7193/4565 3920/7194/4565 3922/7195/4565
f 3924/7194/4566 3920/7195/4566 3923/7193/4566
f 3929/7195/4567 3938/7193/4567 3934/7194/4567 3924/7195/4567
f 3931/7194/4568 3939/7195/4568 3928/7193/4568
f 3937/7194/4569 3935/7195/4569 3938/7195/4569 3936/7193/4569
f 3923/7193/4570 3927/7194/4570 3924/7195/4570
f 3924/7195/4571 3928/7193/4571 3929/7194/4571
f 3934/7193/4572 3935/7194/4572 3926/7195/4572
f 3934/7193/4573 3938/7194/4573 3935/7195/4573
f 3919/7195/4574 3924/7193/4574 3926/7194/4574
f 3928/7194/4575 3924/7195/4575 3927/7193/4575
f 3926/7195/4576 3935/7193/4576 3925/7194/4576
f 3934/7193/4577 3926/7194/4577 3924/7195/4577
f 3928/7194/4578 3939/7195/4578 3929/7193/4578
f 3939/7195/4579 3940/7193/4579 3929/7194/4579
f 3926/7193/4580 3925/7194/4580 3919/7195/4580
f 3930/7194/4581 3922/7195/4581 3939/7193/4581
f 3939/7193/4582 3922/7194/4582 3921/7195/4582
f 3927/7194/4583 3930/7195/4583 3932/7193/4583 3931/7194/4583
f 3931/7193/4584 3932/7194/4584 3939/7195/4584
f 3928/7194/4585 3927/7195/4585 3931/7193/4585
f 3940/7193/4586 3938/7194/4586 3929/7195/4586
f 3938/7195/4587 3940/7193/4587 3936/7194/4587
f 3932/7193/4588 3930/7194/4588 3939/7195/4588
f 3935/7193/4589 3939/7194/4589 3921/7195/4589
f 3935/7195/4590 3937/7193/4590 3939/7194/4590
f 3940/7194/4591 3937/7195/4591 3936/7193/4591
f 3940/7194/4592 3939/7195/4592 3937/7193/4592
o base_cell.099
v -6.383467 0.958770 -1.474524
v -6.502751 0.683333 -1.475021
v -6.369239 0.947860 -1.474915
v -6.332563 0.833474 -1.474600
v -6.330975 0.673894 -1.474466
v -6.483042 0.662012 -1.475290
v -6.477614 0.659292 -1.474573
v -6.438754 0.949265 -1.388492
v -6.489629 0.891453 -1.343407
v -6.498806 0.878078 -1.339201
v -6.537221 0.795998 -1.334056
v -6.425636 0.857911 -1.236285
v -6.488315 0.876913 -1.320431
v -6.466282 0.845296 -1.252121
v -6.363830 0.918466 -1.426424
v -6.390080 0.875039 -1.312171
v -6.415428 0.853043 -1.239783
v -6.519755 0.794555 -1.301173
v -6.356430 0.889328 -1.408793
v -6.366867 0.688507 -1.373304
v -6.499701 0.757707 -1.329795
v -6.418309 0.680942 -1.385181
v -6.408561 0.911001 -1.380390
v -6.441400 0.911001 -1.383564
v -6.453253 0.930684 -1.372399
v -6.438951 0.937012 -1.369772
v -6.396818 0.914603 -1.376461
v -6.390909 0.911001 -1.377278
v -6.420163 0.928161 -1.372568
v -6.408552 0.921633 -1.374902
v -6.458365 0.911001 -1.383382
vn 0.5028 0.7647 0.4030
vn -0.4262 0.7590 0.4923
vn -0.4272 0.7582 0.4926
vn -0.0397 -0.6367 0.7701
vn -0.0894 -0.6434 0.7603
vn -0.0928 -0.6418 0.7612
vn -0.7963 0.4045 0.4497
vn -0.6878 -0.6402 0.3423
vn 0.4773 0.7720 0.4197
vn 0.9434 0.0097 0.3316
vn -0.8053 0.3496 -0.4789
vn -0.1021 -0.6337 0.7668
vn -0.8078 0.3564 -0.4694
vn 0.5155 0.7529 0.4093
vn -0.8010 0.4026 0.4431
vn -0.7955 0.4038 -0.4517
vn -0.6821 0.5997 0.4185
vn -0.4699 0.7335 0.4911
vn -0.7663 0.4521 0.4564
vn 0.5029 0.7573 0.4166
vn -0.6922 -0.6368 0.3397
vn 0.9437 0.0136 0.3307
vn 0.9428 0.0077 0.3334
vn -0.4461 -0.7703 0.4556
vn -0.4181 -0.7797 0.4662
vn 0.0975 -0.9801 0.1727
vn 0.1029 -0.9787 0.1779
vn 0.9430 0.0086 0.3328
vn 0.0056 -0.0009 -1.0000
vn 0.8333 0.4253 0.3531
vn -0.8077 0.3482 -0.4758
vn 0.5331 0.7429 0.4048
vn 0.5698 0.7294 0.3786
vn -0.0196 0.0103 -0.9998
vn 0.0220 -0.2134 -0.9767
vn -0.0240 -0.4666 0.8842
vn -0.0280 -0.4733 0.8805
vn -0.1176 -0.4566 0.8819
vn -0.0844 -0.4599 0.8839
vn -0.0811 -0.6437 0.7610
vn -0.0085 0.0047 -1.0000
vn 0.9492 0.3046 0.0787
vn 0.9503 0.2972 0.0924
vn -0.1042 -0.4561 0.8838
vn -0.1548 -0.4530 0.8779
vn 0.0350 -0.4771 0.8782
vn 0.0094 -0.4891 0.8722
vt 1.000000 1.000000
vt 0.000000 0.000000
vt 1.000000 0.126543
vt 0.309904 0.019804
vt 0.126543 0.126543
vt 0.342489 0.000000
vt 1.000000 0.000000
vt 0.146270 0.113194
vt 0.417748 0.417748
vt 0.591894 0.327486
vt 0.766028 0.242437
vt 1.000000 0.127796
vt 1.000000 0.702400
vt 1.000000 0.417748
vt 0.702400 0.702400
vt -6.567828 -0.116188
vt -6.570275 -0.142195
vt -6.537442 -0.142195
vt -6.549043 -0.125037
vt -6.537433 -0.131564
vt -6.519794 -0.142195
vt -6.525702 -0.138593
vt -6.585498 -0.125119
vt -6.587237 -0.142195
vt -6.582127 -0.122514
vt -6.537434 -0.131564
vt -6.549043 -0.125037
s 0
usemtl base_material
f 3952/7196/4593 3957/7197/4593 3966/7198/4593
f 3948/7197/4594 3965/7199/4594 3966/7200/4594
f 3965/7201/4594 3949/7202/4594 3952/7196/4594 3966/7203/4594
f 3949/7197/4595 3954/7202/4595 3952/7196/4595
f 3960/7197/4596 3957/7202/4596 3952/7196/4596
f 3952/7196/4597 3961/7197/4597 3962/7202/4597
f 3958/7197/4598 3961/7202/4598 3952/7196/4598
f 3958/7202/4599 3954/7196/4599 3950/7197/4599
f 3958/7196/4600 3942/7197/4600 3946/7197/4600 3961/7202/4600
f 3957/7196/4601 3967/7204/4601 3970/7205/4601 3969/7206/4601 3966/7207/4601
f 3956/7196/4602 3945/7197/4602 3944/7202/4602
f 3942/7202/4603 3948/7196/4603 3941/7197/4603
f 3954/7197/4604 3958/7202/4604 3952/7196/4604
f 3950/7202/4605 3965/7208/4605 3948/7196/4605 3942/7197/4605
f 3956/7197/4606 3941/7202/4606 3967/7209/4606 3957/7196/4606
f 3951/7202/4607 3958/7196/4607 3950/7197/4607
f 3949/7202/4608 3965/7210/4608 3950/7197/4608
f 3953/7202/4609 3949/7196/4609 3950/7197/4609
f 3949/7196/4610 3953/7197/4610 3954/7202/4610
f 3953/7197/4611 3950/7202/4611 3954/7196/4611
f 3967/7204/4612 3941/7197/4612 3948/7202/4612 3966/7207/4612 3969/7206/4612 3970/7205/4612
f 3958/7196/4613 3951/7197/4613 3942/7202/4613
f 3944/7197/4614 3959/7202/4614 3956/7196/4614
f 3960/7197/4615 3945/7202/4615 3957/7196/4615
f 3946/7197/4616 3947/7202/4616 3961/7196/4616
f 3947/7197/4617 3962/7202/4617 3961/7196/4617
f 3947/7197/4618 3945/7202/4618 3962/7196/4618
f 3945/7197/4619 3960/7202/4619 3962/7196/4619
f 3945/7197/4620 3956/7202/4620 3957/7196/4620
f 3943/7197/4621 3944/7202/4621 3945/7196/4621 3946/7197/4621
f 3956/7196/4622 3959/7197/4622 3955/7202/4622
f 3942/7196/4623 3951/7197/4623 3950/7202/4623
f 3956/7196/4624 3955/7197/4624 3941/7202/4624
f 3955/7197/4625 3943/7202/4625 3941/7196/4625
f 3943/7197/4626 3942/7202/4626 3941/7196/4626
f 3947/7197/4627 3946/7202/4627 3945/7196/4627
s 1
f 3966/7211/4628 3964/7212/4629 3963/7213/4630 3969/7214/4631
s 0
f 3952/7196/4632 3962/7197/4632 3960/7202/4632
f 3943/7197/4633 3946/7202/4633 3942/7196/4633
f 3943/7197/4634 3955/7202/4634 3944/7196/4634
f 3955/7197/4635 3959/7202/4635 3944/7196/4635
s 1
f 3970/7215/4636 3963/7213/4630 3968/7216/4637 3967/7217/4637
f 3964/7212/4629 3965/7218/4638 3971/7219/4639
f 3964/7212/4629 3966/7211/4628 3965/7220/4638
f 3963/7213/4630 3970/7221/4636 3969/7222/4631
o base_cell.025
v -6.581267 0.954244 -1.296758
v -6.592631 0.929179 -1.314191
v -6.557834 0.954135 -1.319551
v -6.599617 0.957518 -1.325414
v -6.600543 0.958354 -1.279022
v -6.598222 0.951352 -1.277428
v -6.598864 0.941579 -1.289394
v -6.601494 0.947007 -1.279647
v -6.604638 0.958046 -1.289953
v -6.605226 0.958230 -1.282879
v -6.596242 0.957087 -1.348786
v -6.578039 0.956948 -1.357193
v -6.559137 0.956712 -1.365878
v -6.544983 0.956847 -1.372291
v -6.532078 0.956837 -1.378083
v -6.529657 0.954028 -1.339035
v -6.518832 0.931519 -1.359627
v -6.542514 0.911001 -1.367559
v -6.514721 0.953958 -1.345357
v -6.573705 0.911001 -1.349107
v -6.516342 0.958462 -1.347228
v -6.583894 0.911001 -1.340753
v -6.589514 0.922589 -1.324679
v -6.523181 0.911001 -1.373805
vn 0.5772 0.4227 0.6987
vn 0.7409 0.3852 0.5501
vn 0.5632 -0.6285 0.5365
vn 0.5188 -0.6173 0.5914
vn 0.7344 -0.1956 0.6499
vn 0.6269 -0.6195 0.4724
vn 0.0557 0.9975 0.0441
vn 0.0946 0.9953 0.0218
vn 0.1335 0.9909 -0.0164
vn 0.1073 0.9941 -0.0183
vn 0.6707 0.3688 0.6435
vn 0.5362 -0.6676 0.5165
vn -0.0048 0.9996 -0.0263
vn 0.0356 0.9978 0.0555
vn 0.0359 0.9976 0.0584
vn 0.3541 0.4163 0.8374
vn -0.0441 0.9966 0.0697
vn -0.1248 0.9890 0.0789
vn 0.1086 0.8666 0.4871
vn 0.2617 -0.5799 0.7715
vn 0.3878 -0.0924 0.9171
vn 0.3323 -0.5881 0.7374
vn 0.2492 -0.5857 0.7713
vn 0.4639 -0.6016 0.6503
vn 0.5045 -0.6067 0.6143
vt 7.686689 1.101667
vt 7.710117 1.078878
vt 7.721480 1.096307
vt 7.718294 1.107014
vt 7.727070 1.059551
vt 7.727712 1.071515
vt 7.721479 1.096307
vt -6.711165 1.080558
vt -6.687689 1.103531
vt -6.725089 1.130896
vt -6.728465 1.107529
vt -6.733485 1.072074
vt -6.726445 1.059371
vt -6.728466 1.107529
vt 1.059371 -0.094741
vt 1.058501 -0.098365
vt 1.080558 -0.094741
vt 7.727231 1.059643
vt 7.730341 1.061770
vt -6.729438 1.061177
vt -6.732981 1.063612
vt -6.706890 1.139302
vt -6.721734 1.132449
vt -6.687992 1.147985
vt -6.687992 1.147985
vt -6.659483 1.123188
vt -6.673840 1.154398
vt -6.660938 1.160188
vt -6.673840 1.154398
vt -6.645205 1.129339
vt -6.658517 -0.099174
vt -6.647694 -0.121680
vt -6.643584 -0.099245
vt -6.671372 -0.142195
vt -6.652043 -0.142195
vt -6.702557 -0.142195
vt -6.644376 -0.097089
vt -6.686689 -0.099068
vt 7.712744 1.122865
vt 7.702557 1.131217
vt 7.718294 1.107014
s 1
usemtl base_material
f 3974/7223/4640 3972/7224/4641 3973/7225/4642 3994/7226/4643
f 3972/7224/4641 3977/7227/4644 3978/7228/4645 3973/7229/4642
f 3972/7230/4641 3974/7231/4640 3982/7232/4646 3975/7233/4647
f 3980/7234/4648 3976/7235/4649 3972/7230/4641 3975/7236/4647
f 3976/7237/4650 3977/7238/4644 3972/7239/4641
f 3977/7240/4644 3979/7241/4651 3978/7228/4645
f 3976/7242/4649 3980/7234/4648 3981/7243/4652
f 3983/7244/4653 3982/7245/4646 3974/7231/4640 3984/7246/4654
f 3984/7247/4654 3974/7231/4640 3987/7248/4655 3985/7249/4656
f 3986/7250/4657 3985/7251/4656 3987/7248/4655 3992/7252/4658
f 3987/7253/4655 3988/7254/4659 3990/7255/4660
f 3987/7253/4655 3989/7256/4661 3995/7257/4662 3988/7254/4659
f 3991/7258/4663 3989/7256/4661 3987/7253/4655
f 3992/7259/4658 3987/7253/4655 3990/7255/4660
f 3974/7260/4640 3991/7258/4663 3987/7253/4655
f 3993/7261/4664 3991/7262/4663 3974/7223/4640 3994/7263/4643
o base_cell.028
v -6.527175 0.909670 -1.378400
o base_cell.043
v -6.622355 0.911001 -1.068043
v -6.638437 0.911001 -1.107546
v -6.617800 0.928215 -1.094427
v -6.611649 0.930095 -1.081609
v -6.611545 0.911001 -1.056821
v -6.602659 0.926366 -1.067456
v -6.625243 0.922618 -1.100493
vn 0.7152 -0.6354 -0.2911
vn 0.7264 -0.6263 -0.2832
vn 0.6245 -0.6573 -0.4218
vn 0.6707 -0.6411 -0.3730
vn 0.5362 -0.6676 -0.5165
vt 0.890854 -0.139501
vt 0.882648 -0.130579
vt 0.876583 -0.124983
vt 0.850204 -0.142195
vt 0.863767 -0.123104
vt 0.874892 -0.123353
vt 7.751199 0.850204
vt 7.740494 0.863767
vt 7.731505 0.849617
vt 7.740391 0.838983
s 1
usemtl base_material
f 3998/7264/4665 4003/7265/4665 3999/7266/4666 3997/7267/4667
f 4000/7268/4668 3997/7267/4667 3999/7269/4666
f 3997/7270/4667 4000/7271/4668 4002/7272/4669 4001/7273/4669
o base_cell.046
v -6.631246 0.909670 -1.056715
v -6.645276 0.909418 -1.038830
v -6.627874 0.909484 -1.037315
v -6.619705 0.909670 -1.047072
v -6.670779 0.909504 -1.088025
v -6.659269 0.909321 -1.046312
v -6.700981 0.909390 -1.069773
v -6.694486 0.909377 -1.065712
v -6.632511 0.909407 -1.032045
vn 0.0060 -0.9999 -0.0107
vn 0.0047 -0.9999 -0.0104
vn 0.0076 -0.9999 -0.0085
vn 0.0084 -0.9999 -0.0088
vn 0.0039 -1.0000 -0.0054
vn 0.0076 -1.0000 -0.0063
vn 0.0094 -0.9999 -0.0113
vn 0.0010 -1.0000 -0.0047
vt 7.756716 0.819481
vt 7.763569 0.815339
vt 7.774115 0.820996
vt 7.760088 0.838877
vt 7.794766 0.870486
vt 7.774116 0.820996
vt 7.788106 0.828476
vt 7.748549 0.829237
vt 7.823317 0.847873
vt 7.829696 0.852022
s 1
usemtl base_material
f 4006/7274/4670 4012/7275/4671 4005/7276/4672 4004/7277/4673
f 4008/7278/4674 4004/7277/4673 4005/7279/4672 4009/7280/4675
f 4004/7277/4673 4007/7281/4676 4006/7274/4670
f 4011/7282/4677 4010/7283/4677 4008/7278/4674 4009/7280/4675
o base_cell.053
v -6.621302 0.956984 -1.045230
v -6.627878 0.957366 -1.060870
v -6.626860 0.956798 -1.039132
v -6.639581 0.956920 -1.045978
v -6.653550 0.956626 -1.053405
v -6.690042 0.956894 -1.073344
v -6.639134 0.957281 -1.082861
v -6.657594 0.957335 -1.088961
v -6.665538 0.957348 -1.091081
vn -0.0165 0.9997 0.0170
vn -0.0046 0.9996 0.0263
vn -0.0186 0.9997 0.0153
vn -0.0125 0.9998 0.0161
vn -0.0152 0.9998 0.0148
vn -0.0038 0.9998 0.0204
vt -6.768422 0.828143
vt -6.755300 0.821237
vt -6.750145 0.827395
vt -6.756721 0.843032
vt -6.756721 0.843032
vt -6.767976 0.865019
vt -6.782388 0.835568
vt -6.768421 0.828143
vt -6.782388 0.835568
vt -6.767975 0.865019
vt -6.786431 0.871118
vt -6.794374 0.873237
vt -6.818874 0.855504
s 1
usemtl base_material
f 4016/7284/4678 4015/7285/4679 4013/7286/4679 4014/7287/4680
f 4014/7288/4680 4019/7289/4681 4017/7290/4682 4016/7291/4678
f 4017/7292/4682 4019/7293/4681 4020/7294/4683 4021/7295/4683 4018/7296/4683
o base_cell.064
v -6.199302 0.874324 -1.186287
v -6.220929 0.832195 -1.186287
v -6.193594 0.883756 -1.186287
vn -0.0000 -0.0000 -1.0000
vt 0.968426 -0.178865
vt 0.968426 -0.169434
vt 0.968426 -0.220002
s 1
usemtl base_material
f 4022/7297/4684 4024/7298/4684 4023/7299/4684
o base_cell.074
v -6.630032 0.938020 -1.186287
v -6.635031 0.927582 -1.160171
v -6.642177 0.911001 -1.255841
v -6.650387 0.911001 -1.187937
v -6.619948 0.958462 -1.186287
v -6.616498 0.958462 -1.160778
v -6.612433 0.958462 -1.238554
v -6.627646 0.938416 -1.160535
v -6.713956 0.958270 -1.238270
v -6.630398 0.957654 -1.274437
v -6.712725 0.958462 -1.219640
v -6.601554 0.958377 -1.277438
v -6.600015 0.950844 -1.276224
v -6.615938 0.933848 -1.270548
v -6.606680 0.958220 -1.279956
v -6.718644 0.958371 -1.227488
v -6.702875 0.958462 -1.206737
v -6.661542 0.958462 -1.153070
v -6.691172 0.957860 -1.259348
v -6.638471 0.923029 -1.159961
vn 0.8553 -0.5178 -0.0174
vn 0.9133 0.4069 -0.0173
vn 0.8697 -0.4862 -0.0854
vn 0.8254 -0.5588 -0.0805
vn 0.7974 -0.6029 0.0258
vn 0.7976 -0.5973 -0.0844
vn 0.7968 -0.5718 0.1954
vn 0.8321 0.5059 0.2274
vn -0.0012 1.0000 -0.0066
vn -0.0000 1.0000 -0.0000
vn 0.8281 0.5494 -0.1120
vn -0.0019 0.9999 -0.0133
vn -0.0019 0.9999 -0.0102
vn -0.0020 0.9998 -0.0216
vn -0.0122 0.9998 -0.0164
vn 0.5313 0.8343 0.1468
vn -0.0261 0.9996 -0.0095
vn 0.9287 -0.1540 0.3373
vn 0.7274 -0.5801 0.3666
vt 0.968426 -0.115180
vt 0.968426 -0.097916
vt 0.942679 -0.114784
vt 0.942315 -0.125616
vt 0.968426 -0.141253
vt 0.942105 -0.130168
vt 0.970077 -0.142195
vt 1.037968 -0.142195
vt -6.748792 0.968426
vt -6.741278 1.020684
vt -6.841552 1.001773
vt -6.831704 0.988872
vt -6.790379 0.935215
vt -6.745343 0.942922
vt 0.943532 -0.098381
vt 0.942679 -0.114784
vt 1.022222 -0.098879
vt -6.842783 1.020400
vt -6.847470 1.009620
vt -6.820004 1.041475
vt -6.759240 1.056560
vt -6.730402 1.059561
vt -6.735526 1.062079
vt 1.055823 -0.098805
vt 1.057245 -0.094741
vt 1.052672 -0.119351
vt 1.040022 -0.142195
vt 1.052672 -0.119351
s 1
usemtl base_material
f 4025/7300/4685 4029/7301/4686 4032/7302/4687 4026/7303/4688
f 4028/7304/4689 4025/7300/4685 4026/7303/4688 4044/7305/4690
f 4025/7300/4685 4028/7306/4689 4027/7307/4691
f 4029/7301/4686 4025/7300/4685 4027/7307/4691
f 4029/7308/4686 4031/7309/4692 4035/7310/4693 4041/7311/4694 4042/7312/4694 4030/7313/4695
f 4030/7314/4695 4032/7315/4687 4029/7301/4686
f 4031/7316/4692 4029/7301/4686 4027/7307/4691
f 4035/7310/4693 4031/7309/4692 4033/7317/4696 4040/7318/4697
f 4043/7319/4698 4033/7317/4696 4031/7309/4692 4034/7320/4699
f 4031/7309/4692 4036/7321/4700 4039/7322/4701 4034/7320/4699
f 4031/7316/4692 4037/7323/4702 4036/7324/4700
f 4037/7323/4702 4031/7316/4692 4038/7325/4703
f 4031/7316/4692 4027/7326/4691 4038/7327/4703
o base_cell.082
v -6.676351 0.909619 -1.249530
v -6.692827 0.909599 -1.244521
v -6.684107 0.909664 -1.233103
vn 0.0024 -1.0000 0.0039
vt 7.819858 1.028319
vt 7.805184 1.031658
vt 7.812940 1.015234
s 1
usemtl base_material
f 4046/7328/4704 4045/7329/4704 4047/7330/4704
o base_cell.098
v -6.238830 0.799792 -1.189501
v -6.226636 0.821429 -1.186287
v -6.232029 0.811937 -1.187891
vn 0.8666 -0.4594 -0.1948
vt 0.968426 -0.231750
vt 0.971639 -0.253383
vt 0.970030 -0.241240
s 1
usemtl base_material
f 4049/7331/4705 4048/7332/4705 4050/7333/4705
o base_cell.100
v -6.698837 0.650330 -1.193341
v -6.700599 0.650330 -1.210404
v -6.706944 0.650330 -1.188411
v -6.750624 0.650330 -1.162170
v -6.758999 0.650330 -1.162170
v -6.769393 0.650330 -1.186287
v -6.775481 0.650330 -1.200626
v -6.779602 0.650330 -1.210404
v -6.776578 0.642336 -1.228556
v -6.700727 0.642336 -1.228556
v -6.762502 0.628188 -1.239986
v -6.698812 0.628188 -1.239986
v -6.726135 0.596230 -1.254954
v -6.706585 0.580706 -1.257755
v -6.695765 0.596230 -1.254954
v -6.694666 0.603879 -1.251371
v -6.700466 0.576538 -1.256441
vn -0.0000 -1.0000 -0.0000
vn -0.0000 -0.9742 0.2256
vn -0.0000 -0.9800 0.1990
vn -0.0000 -0.7897 0.6134
vn -0.0000 -0.8373 0.5468
vn -0.0000 -0.5792 0.8152
vn -0.0000 -0.5218 0.8531
vn -0.0116 -0.3642 0.9312
vn -0.0231 -0.3034 0.9526
vn -0.0000 -0.4242 0.9056
vn -0.0519 -0.1423 0.9885
vt 7.898211 0.968426
vt 7.904297 0.982763
vt 7.908417 0.992539
vt 7.829428 0.992539
vt 7.827666 0.975479
vt 7.835772 0.970550
vt 7.879444 0.944314
vt 7.887817 0.944314
vt 7.829556 1.010688
vt 7.905394 1.010688
vt -6.829556 -0.410811
vt -6.905394 -0.410811
vt -6.891320 -0.424957
vt -6.827641 -0.424957
vt -6.854959 -0.456909
vt -6.824594 -0.456909
vt -6.823497 -0.449262
vt -6.891320 -0.424957
vt -6.827906 -0.472430
vt -6.854959 -0.456909
vt -6.835413 -0.472430
s 1
usemtl base_material
f 4056/7334/4706 4057/7335/4706 4058/7336/4707 4052/7337/4708 4051/7338/4706 4053/7339/4706 4054/7340/4706 4055/7341/4706
f 4060/7342/4709 4052/7337/4708 4058/7336/4707 4059/7343/4710
f 4060/7344/4709 4059/7345/4710 4061/7346/4711 4062/7347/4712
f 4063/7348/4713 4065/7349/4714 4066/7350/4715 4062/7347/4712 4061/7351/4711
f 4067/7352/4716 4065/7349/4714 4063/7353/4713 4064/7354/4716
o base_cell.101
v -6.839505 0.955172 -1.016724
v -6.825803 0.955469 -1.028788
v -6.841249 0.951376 -1.013485
v -6.795722 0.953436 -1.006591
v -6.820731 0.955419 -1.025340
v -6.818544 0.927347 -1.009060
v -6.827549 0.919159 -1.010815
vn 0.0178 0.9976 0.0673
vn -0.0898 0.8477 0.5228
vn -0.1322 0.4907 0.8612
vn -0.6213 -0.3234 -0.7137
vn -0.1607 0.3910 0.9062
vn 0.5312 -0.3937 -0.7502
vn -0.1619 0.0287 0.9864
vn 0.5124 -0.4006 -0.7596
vt -6.954610 0.810956
vt -6.968309 0.798894
vt -6.925755 0.790532
vt -6.949539 0.807508
vt 1.000000 0.464701
vt 0.416378 0.307401
vt 0.429612 0.300746
vt 1.000000 0.244235
vt -6.968309 -0.098031
vt -6.968670 -0.098918
vt -6.925755 -0.098040
vt 0.541970 0.149803
vt 0.262446 0.262446
vt 0.154656 0.154656
vt -6.935092 -0.125851
vt -6.817342 -0.101827
vt -6.975220 -0.134038
vt 0.244235 0.244235
vt 0.154656 0.000000
vt 0.262445 0.000000
vt 0.464701 0.464701
s 1
usemtl base_material
f 4069/7355/4717 4068/7356/4718 4071/7357/4719 4072/7358/4717
s 0
f 4074/7359/4720 4070/7360/4720 4068/7361/4720 4069/7362/4720
s 1
f 4068/7363/4718 4070/7364/4721 4071/7365/4719
s 0
f 4071/7366/4722 4073/7367/4722 4072/7368/4722
s 1
f 4073/7369/4723 4071/7370/4719 4070/7370/4721 4074/7371/4723
s 0
f 4069/7372/4724 4072/7373/4724 4073/7374/4724 4074/7375/4724
o base_cell.102
v -6.678034 0.533834 -1.185140
v -6.684757 0.533834 -1.178942
v -6.684998 0.533834 -1.185078
vn -0.0000 -1.0000 -0.0000
vt 1.000000 1.000000
vt 0.975386 0.975386
vt 1.000000 0.970820
s 1
usemtl base_material
f 4077/7376/4725 4075/7377/4725 4076/7378/4725
o base_cell.103
v -6.534449 0.547206 -1.134081
v -6.499431 0.583247 -1.131156
v -6.485448 0.592493 -1.134081
v -6.540081 0.557871 -1.125059
v -6.527386 0.533834 -1.156696
v -6.570794 0.547206 -1.134081
v -6.622602 0.533834 -1.156696
v -6.660471 0.533834 -1.188936
v -6.527386 0.533834 -1.215878
v -6.645197 0.531749 -1.204367
v -6.626851 0.533834 -1.215878
v -6.573267 0.547206 -1.238493
v -6.534449 0.547206 -1.238493
v -6.540343 0.558368 -1.247936
v -6.497529 0.585206 -1.241576
v -6.482708 0.595026 -1.238493
v -6.459100 0.611459 -1.232372
v -6.453899 0.609984 -1.225233
v -6.448954 0.608642 -1.215878
v -6.447899 0.609648 -1.156696
v -6.453096 0.610816 -1.147239
v -6.457689 0.611750 -1.141354
vn -0.2659 0.6979 -0.6650
vn -0.2090 0.5649 -0.7982
vn -0.4901 0.5322 -0.6903
vn -0.5652 0.6116 -0.5536
vn -0.3598 0.8931 -0.2700
vn -0.5701 0.6168 -0.5428
vn -0.6029 0.6403 -0.4760
vn -0.0000 0.8367 -0.5477
vn -0.0000 0.9965 -0.0838
vn -0.0135 0.9977 -0.0665
vn -0.3604 0.8929 0.2700
vn -0.0285 0.9933 -0.1119
vn -0.0000 0.9732 0.2298
vn -0.0000 0.8373 0.5468
vn -0.2659 0.6979 0.6650
vn -0.2086 0.5652 0.7982
vn -0.4902 0.5323 0.6902
vn -0.5653 0.6116 0.5535
vn -0.6022 0.6398 0.4775
vn -0.5701 0.6168 0.5428
vn -0.6767 0.7095 0.1967
vn -0.6765 0.7093 -0.1981
vt 7.663308 -0.505924
vt 7.668939 -0.495261
vt 7.628297 -0.469889
vt 7.628297 -0.469889
vt 7.614316 -0.460645
vt -6.656247 0.938841
vt -6.663308 0.916230
vt -6.614316 0.916230
vt -6.586200 0.923608
vt -6.581970 0.929385
vt 7.699646 -0.505924
vt -6.751446 0.938841
vt -6.699646 0.916230
vt -6.789308 0.971074
vt -6.656246 0.998012
vt -6.774036 0.986503
vt -6.787774 0.972309
vt -6.755693 0.998012
vt -6.702119 1.020623
vt -6.755693 0.998012
vt -6.663308 1.020623
vt -6.663308 -0.505924
vt -6.669202 -0.494764
vt -6.702119 -0.505924
vt -6.626394 -0.467931
vt -6.611576 -0.458113
vt -6.582773 1.007365
vt -6.587974 1.014503
vt -6.611576 1.020623
vt -6.582772 1.007365
vt -6.577828 0.998012
vt -6.576774 0.938841
s 1
usemtl base_material
f 4078/7379/4726 4081/7380/4727 4079/7381/4728
f 4079/7382/4728 4080/7383/4729 4078/7379/4726
f 4082/7384/4730 4078/7385/4726 4080/7386/4729 4099/7387/4731 4098/7388/4732
f 4078/7379/4726 4083/7389/4733 4081/7380/4727
f 4084/7390/4734 4083/7391/4733 4078/7385/4726 4082/7384/4730
f 4085/7392/4735 4084/7390/4734 4082/7384/4730 4086/7393/4736
f 4086/7393/4736 4087/7394/4737 4085/7395/4735
f 4088/7396/4738 4087/7394/4737 4086/7393/4736
f 4089/7397/4739 4088/7398/4738 4086/7393/4736 4090/7399/4740
f 4090/7400/4740 4091/7401/4741 4089/7402/4739
f 4091/7401/4741 4090/7400/4740 4092/7403/4742
f 4092/7403/4742 4090/7400/4740 4093/7404/4743
f 4095/7405/4744 4094/7406/4745 4093/7407/4743 4090/7399/4740 4086/7393/4736
f 4095/7408/4744 4086/7393/4736 4096/7409/4746
f 4086/7393/4736 4082/7384/4730 4097/7410/4747 4096/7409/4746
f 4082/7384/4730 4098/7388/4732 4097/7410/4747
o base_cell.104
v -6.636020 0.462398 -1.316239
v -6.586138 0.462398 -1.318334
v -6.562478 0.503415 -1.313054
v -6.562432 0.495906 -1.314204
v -6.552169 0.509564 -1.312007
vn -0.0415 0.1511 -0.9877
vn -0.0073 0.1514 -0.9884
vn -0.0310 0.1512 -0.9880
vn 0.0100 0.1515 -0.9884
vt 7.714988 -0.590717
vt 7.764861 -0.590717
vt 7.691332 -0.549707
vt 7.691286 -0.557215
vt 7.691332 -0.549707
vt 7.681025 -0.543559
vt 7.691286 -0.557215
s 1
usemtl base_material
f 4101/7411/4748 4100/7412/4748 4102/7413/4749 4103/7414/4750
f 4102/7415/4749 4104/7416/4751 4103/7417/4750
