# Blender 4.3.2
# www.blender.org
mtllib Vase.mtl
o Circle
v 0.338944 0.395728 -0.140395
v -0.088512 0.147894 0.213686
v -0.213686 0.147894 -0.088512
v 0.213686 0.147894 -0.088512
v 0.088512 0.147894 0.213686
v -0.213686 0.147894 0.088512
v -0.088512 0.147894 -0.213686
v 0.088512 0.147894 -0.213686
v 0.213686 0.147894 0.088512
v -0.328482 0.573929 -0.136062
v 0.140395 0.395728 0.338944
v -0.338944 0.395728 0.140395
v -0.140395 0.395728 -0.338944
v 0.140395 0.395728 -0.338944
v 0.338944 0.395728 0.140395
v -0.140395 0.395728 0.338944
v -0.338944 0.395728 -0.140395
v 0.118012 0.728118 -0.284905
v 0.328482 0.573929 -0.136062
v 0.136062 0.573929 0.328482
v -0.328482 0.573929 0.136062
v -0.136062 0.573929 -0.328482
v 0.136062 0.573929 -0.328482
v 0.328482 0.573929 0.136062
v -0.136062 0.573929 0.328482
v -0.218174 0.872857 0.090371
v 0.284905 0.728118 0.118012
v -0.118012 0.728118 0.284905
v -0.284905 0.728118 -0.118012
v 0.284905 0.728118 -0.118012
v 0.118012 0.728118 0.284905
v -0.284905 0.728118 0.118011
v -0.118012 0.728118 -0.284905
v 0.113885 1.067123 -0.047173
v -0.090371 0.872857 -0.218174
v 0.090371 0.872857 -0.218174
v 0.218174 0.872857 0.090371
v -0.090371 0.872857 0.218174
v -0.218174 0.872857 -0.090371
v 0.218174 0.872857 -0.090371
v 0.090371 0.872857 0.218174
v -0.024573 1.391545 0.059324
v 0.047173 1.067123 0.113885
v -0.113885 1.067123 0.047173
v -0.047173 1.067123 -0.113885
v 0.047173 1.067123 -0.113885
v 0.113885 1.067123 0.047173
v -0.047173 1.067123 0.113885
v -0.113885 1.067123 -0.047173
v 0.030189 1.732090 -0.072885
v -0.059324 1.391545 -0.024573
v 0.059324 1.391545 -0.024573
v 0.024573 1.391545 0.059324
v -0.059324 1.391545 0.024573
v -0.024573 1.391545 -0.059324
v 0.024573 1.391545 -0.059324
v 0.059324 1.391545 0.024573
v 0.032984 1.792712 0.079631
v 0.072884 1.732090 0.030190
v -0.030190 1.732090 0.072884
v -0.072885 1.732090 -0.030190
v 0.072884 1.732090 -0.030190
v 0.030189 1.732090 0.072884
v -0.072885 1.732090 0.030190
v -0.030190 1.732090 -0.072885
v 0.067253 1.774241 0.027857
v -0.079631 1.792712 0.032984
v -0.032984 1.792712 -0.079631
v 0.032984 1.792712 -0.079631
v 0.079631 1.792712 0.032984
v -0.032984 1.792712 0.079631
v -0.079631 1.792712 -0.032984
v 0.079631 1.792712 -0.032984
v -0.032506 1.827958 -0.078475
v -0.078475 1.827958 -0.032506
v -0.078475 1.827958 0.032505
v -0.032506 1.827958 0.078475
v 0.032505 1.827958 0.078475
v 0.078475 1.827958 0.032505
v 0.078475 1.827958 -0.032506
v 0.032505 1.827958 -0.078475
v -0.021480 1.412093 -0.051858
v -0.027857 1.774241 0.067253
v -0.067253 1.774241 -0.027857
v 0.067253 1.774241 -0.027857
v 0.027857 1.774241 0.067253
v -0.067253 1.774241 0.027857
v -0.027857 1.774241 -0.067253
v 0.027857 1.774241 -0.067253
v 0.021480 1.412093 -0.051858
v 0.051857 1.412093 0.021480
v -0.021480 1.412093 0.051857
v -0.051858 1.412093 -0.021480
v 0.051857 1.412093 -0.021480
v 0.021480 1.412093 0.051857
v -0.051858 1.412093 0.021480
v -0.134347 0.321384 -0.324343
v -0.324343 0.321384 -0.134347
v -0.324343 0.321384 0.134347
v -0.134347 0.321384 0.324343
v 0.134347 0.321384 0.324343
v 0.324343 0.321384 0.134347
v 0.324343 0.321384 -0.134347
v 0.134347 0.321384 -0.324343
v -0.000000 0.147894 0.232017
v -0.164061 0.147894 0.164061
v -0.232017 0.147894 -0.000000
v -0.164061 0.147894 -0.164061
v 0.164061 0.147894 -0.164061
v 0.232017 0.147894 0.000000
v 0.164061 0.147894 0.164061
v 0.000000 0.147894 -0.232017
v -0.140635 0.488801 -0.339524
v -0.339524 0.488801 -0.140635
v -0.339524 0.488801 0.140635
v -0.140635 0.488801 0.339524
v 0.140635 0.488801 0.339524
v 0.339524 0.488801 0.140635
v 0.339524 0.488801 -0.140635
v 0.140635 0.488801 -0.339524
v 0.260230 0.395728 -0.260230
v 0.368021 0.395728 -0.000000
v 0.260230 0.395728 0.260230
v -0.000000 0.395728 0.368021
v -0.260230 0.395728 0.260230
v -0.368021 0.395728 -0.000000
v -0.260230 0.395728 -0.260230
v 0.000000 0.395728 -0.368021
v -0.128059 0.653589 -0.309162
v -0.309162 0.653589 -0.128059
v -0.309162 0.653589 0.128059
v -0.128059 0.653589 0.309162
v 0.128059 0.653589 0.309162
v 0.309162 0.653589 0.128059
v 0.309162 0.653589 -0.128059
v 0.128059 0.653589 -0.309162
v -0.356662 0.573929 -0.000000
v -0.252198 0.573929 -0.252198
v 0.252198 0.573929 -0.252198
v 0.356662 0.573929 -0.000000
v 0.252198 0.573929 0.252198
v -0.000000 0.573929 0.356661
v -0.252198 0.573929 0.252198
v 0.000000 0.573929 -0.356662
v -0.105566 0.799791 -0.254860
v -0.254860 0.799791 -0.105567
v -0.254860 0.799791 0.105566
v -0.105566 0.799791 0.254860
v 0.105566 0.799791 0.254860
v 0.254860 0.799791 0.105566
v 0.254860 0.799791 -0.105566
v 0.105566 0.799791 -0.254860
v -0.000000 0.728118 -0.309346
v 0.218741 0.728118 -0.218741
v 0.309346 0.728118 -0.000000
v 0.218741 0.728118 0.218741
v -0.000000 0.728118 0.309346
v -0.218741 0.728118 0.218741
v -0.309346 0.728118 -0.000000
v -0.218741 0.728118 -0.218741
v -0.067974 0.976106 -0.164104
v -0.164104 0.976106 -0.067974
v -0.164104 0.976106 0.067974
v -0.067974 0.976106 0.164104
v 0.067974 0.976106 0.164104
v 0.164104 0.976106 0.067974
v 0.164104 0.976106 -0.067974
v 0.067974 0.976106 -0.164104
v -0.167507 0.872857 0.167507
v -0.236890 0.872857 -0.000000
v -0.167507 0.872857 -0.167507
v -0.000000 0.872857 -0.236890
v 0.167507 0.872857 -0.167507
v 0.236890 0.872857 -0.000000
v 0.167507 0.872857 0.167507
v -0.000000 0.872857 0.236890
v -0.031790 1.159235 -0.076748
v -0.076748 1.159235 -0.031790
v -0.076748 1.159235 0.031790
v -0.031790 1.159235 0.076748
v 0.031790 1.159235 0.076748
v 0.076748 1.159235 0.031790
v 0.076748 1.159235 -0.031790
v 0.031790 1.159235 -0.076748
v 0.087437 1.067123 -0.087437
v 0.123655 1.067123 -0.000000
v 0.087437 1.067123 0.087437
v -0.000000 1.067123 0.123655
v -0.087437 1.067123 0.087437
v -0.123655 1.067123 -0.000000
v -0.087437 1.067123 -0.087437
v -0.000000 1.067123 -0.123655
v -0.027185 1.634732 -0.065631
v -0.065631 1.634732 -0.027185
v -0.065631 1.634732 0.027185
v -0.027185 1.634732 0.065631
v 0.027185 1.634732 0.065631
v 0.065631 1.634732 0.027185
v 0.065631 1.634732 -0.027185
v 0.027185 1.634732 -0.065631
v -0.000000 1.391545 0.064413
v -0.045547 1.391545 0.045547
v -0.064414 1.391545 -0.000000
v -0.045547 1.391545 -0.045547
v 0.045547 1.391545 -0.045547
v 0.064413 1.391545 -0.000000
v 0.045547 1.391545 0.045547
v -0.000000 1.391545 -0.064414
v -0.031254 1.759934 -0.075454
v -0.075454 1.759934 -0.031254
v -0.075454 1.759934 0.031254
v -0.031254 1.759934 0.075454
v 0.031254 1.759934 0.075454
v 0.075454 1.759934 0.031254
v 0.075454 1.759934 -0.031254
v 0.031254 1.759934 -0.075454
v -0.000000 1.732090 -0.079137
v 0.055958 1.732090 -0.055958
v 0.079137 1.732090 -0.000000
v 0.055958 1.732090 0.055958
v -0.000000 1.732090 0.079137
v -0.055958 1.732090 0.055958
v -0.079137 1.732090 -0.000000
v -0.055958 1.732090 -0.055958
v -0.033896 1.819146 -0.081832
v -0.081832 1.819146 -0.033896
v -0.081832 1.819146 0.033896
v -0.033896 1.819146 0.081832
v 0.033896 1.819146 0.081832
v 0.081832 1.819146 0.033896
v 0.081832 1.819146 -0.033896
v 0.033896 1.819146 -0.081832
v 0.061138 1.792712 0.061138
v -0.000000 1.792712 0.086462
v -0.061138 1.792712 0.061138
v -0.086462 1.792712 -0.000000
v -0.061138 1.792712 -0.061138
v -0.000000 1.792712 -0.086462
v 0.061138 1.792712 -0.061138
v 0.086462 1.792712 -0.000000
v -0.030073 1.814529 -0.072601
v -0.072601 1.814529 -0.030073
v -0.072601 1.814529 0.030072
v -0.030073 1.814529 0.072601
v 0.030072 1.814529 0.072601
v 0.072601 1.814529 0.030072
v 0.072601 1.814529 -0.030073
v 0.030072 1.814529 -0.072601
v -0.060251 1.827958 -0.060251
v -0.000000 1.827958 -0.085207
v -0.085207 1.827958 -0.000000
v -0.060251 1.827958 0.060250
v -0.000000 1.827958 0.085207
v 0.060250 1.827958 0.060250
v 0.085207 1.827958 -0.000000
v 0.060250 1.827958 -0.060251
v -0.024100 1.656379 -0.058183
v -0.058183 1.656379 -0.024100
v -0.058183 1.656379 0.024100
v -0.024100 1.656379 0.058182
v 0.024100 1.656379 0.058182
v 0.058182 1.656379 0.024100
v 0.058182 1.656379 -0.024100
v 0.024100 1.656379 -0.058183
v 0.073022 1.774241 -0.000000
v 0.051634 1.774241 0.051634
v -0.000000 1.774241 0.073022
v -0.051635 1.774241 0.051634
v -0.073022 1.774241 -0.000000
v -0.051635 1.774241 -0.051635
v 0.051634 1.774241 -0.051635
v -0.000000 1.774241 -0.073022
v -0.039815 1.412093 -0.039815
v -0.000000 1.412093 -0.056306
v 0.039814 1.412093 -0.039815
v 0.056306 1.412093 -0.000000
v 0.039814 1.412093 0.039814
v -0.000000 1.412093 0.056306
v -0.039815 1.412093 0.039814
v -0.056307 1.412093 -0.000000
v -0.249020 0.321384 -0.249020
v 0.000000 0.321384 -0.352168
v -0.352168 0.321384 -0.000000
v -0.249020 0.321384 0.249020
v -0.000000 0.321384 0.352168
v 0.249020 0.321384 0.249020
v 0.352168 0.321384 0.000000
v 0.249020 0.321384 -0.249020
v -0.260675 0.488801 -0.260675
v 0.000000 0.488801 -0.368650
v -0.368650 0.488801 -0.000000
v -0.260675 0.488801 0.260675
v -0.000000 0.488801 0.368650
v 0.260675 0.488801 0.260675
v 0.368650 0.488801 -0.000000
v 0.260675 0.488801 -0.260675
v -0.237364 0.653589 -0.237364
v 0.000000 0.653589 -0.335684
v -0.335684 0.653589 -0.000000
v -0.237364 0.653589 0.237364
v -0.000000 0.653589 0.335684
v 0.237364 0.653589 0.237364
v 0.335684 0.653589 -0.000000
v 0.237364 0.653589 -0.237364
v -0.195673 0.799791 -0.195673
v -0.000000 0.799791 -0.276723
v -0.276723 0.799791 -0.000000
v -0.195673 0.799791 0.195673
v -0.000000 0.799791 0.276723
v 0.195673 0.799791 0.195673
v 0.276723 0.799791 -0.000000
v 0.195673 0.799791 -0.195673
v -0.125993 0.976106 -0.125993
v -0.000000 0.976106 -0.178182
v -0.178182 0.976106 -0.000000
v -0.125993 0.976106 0.125993
v -0.000000 0.976106 0.178181
v 0.125993 0.976106 0.125993
v 0.178181 0.976106 -0.000000
v 0.125993 0.976106 -0.125993
v -0.058925 1.159235 -0.058925
v -0.000000 1.159235 -0.083332
v -0.083332 1.159235 -0.000000
v -0.058925 1.159235 0.058924
v -0.000000 1.159235 0.083332
v 0.058924 1.159235 0.058924
v 0.083332 1.159235 -0.000000
v 0.058924 1.159235 -0.058925
v -0.050389 1.634732 -0.050389
v -0.000000 1.634732 -0.071261
v -0.071261 1.634732 -0.000000
v -0.050389 1.634732 0.050389
v -0.000000 1.634732 0.071261
v 0.050389 1.634732 0.050389
v 0.071261 1.634732 -0.000000
v 0.050389 1.634732 -0.050389
v -0.057931 1.759934 -0.057931
v -0.000000 1.759934 -0.081927
v -0.081927 1.759934 -0.000000
v -0.057931 1.759934 0.057931
v -0.000000 1.759934 0.081927
v 0.057931 1.759934 0.057931
v 0.081927 1.759934 -0.000000
v 0.057931 1.759934 -0.057931
v -0.055741 1.814529 -0.055741
v -0.000000 1.814529 -0.078830
v -0.078830 1.814529 -0.000000
v -0.055741 1.814529 0.055741
v -0.000000 1.814529 0.078829
v 0.055741 1.814529 0.055741
v 0.078829 1.814529 -0.000000
v 0.055741 1.814529 -0.055741
v -0.062828 1.819147 -0.062828
v -0.000000 1.819147 -0.088852
v -0.088852 1.819147 -0.000000
v -0.062828 1.819147 0.062828
v -0.000000 1.819147 0.088852
v 0.062828 1.819147 0.062828
v 0.088852 1.819147 -0.000000
v 0.062828 1.819147 -0.062828
v -0.044671 1.656379 -0.044671
v -0.000000 1.656379 -0.063174
v -0.063174 1.656379 -0.000000
v -0.044671 1.656379 0.044670
v -0.000000 1.656379 0.063173
v 0.044670 1.656379 0.044670
v 0.063173 1.656379 -0.000000
v 0.044670 1.656379 -0.044671
v -0.122796 0.261968 0.296455
v -0.296455 0.261968 -0.122796
v 0.296455 0.261968 -0.122796
v 0.122796 0.261968 0.296455
v -0.296455 0.261968 0.122796
v -0.122796 0.261968 -0.296455
v 0.122796 0.261968 -0.296455
v 0.296455 0.261968 0.122796
v -0.000000 0.261968 0.321887
v -0.227608 0.261968 0.227608
v -0.321887 0.261968 -0.000000
v -0.227608 0.261968 -0.227608
v 0.227608 0.261968 -0.227608
v 0.321887 0.261968 0.000000
v 0.227608 0.261968 0.227608
v 0.000000 0.261968 -0.321887
v -0.202556 0.204931 0.202556
v -0.202556 0.204931 -0.202556
v 0.286457 0.204931 0.000000
v 0.000000 0.204931 -0.286457
v -0.109280 0.204931 0.263825
v -0.263825 0.204931 -0.109280
v 0.263825 0.204931 -0.109280
v 0.109280 0.204931 0.263825
v -0.263825 0.204931 0.109280
v -0.109280 0.204931 -0.263825
v 0.109280 0.204931 -0.263825
v 0.263825 0.204931 0.109280
v -0.000000 0.204931 0.286457
v -0.286457 0.204931 -0.000000
v 0.202556 0.204931 -0.202556
v 0.202556 0.204931 0.202556
v -0.026398 1.274369 0.063731
v -0.063731 1.274369 -0.026398
v 0.063731 1.274369 -0.026398
v 0.026398 1.274369 0.063731
v -0.063731 1.274369 0.026398
v -0.026398 1.274369 -0.063731
v 0.026398 1.274369 -0.063731
v 0.063731 1.274369 0.026398
v -0.000000 1.274369 0.069198
v -0.048931 1.274369 0.048930
v -0.069198 1.274369 -0.000000
v -0.048931 1.274369 -0.048931
v 0.048930 1.274369 -0.048931
v 0.069198 1.274369 -0.000000
v 0.048930 1.274369 0.048930
v -0.000000 1.274369 -0.069198
v -0.088512 0.147894 0.213686
v -0.000000 0.147894 0.232017
v -0.164061 0.147894 0.164061
v -0.213686 0.147894 -0.088512
v -0.232017 0.147894 -0.000000
v -0.164061 0.147894 -0.164061
v 0.213686 0.147894 -0.088512
v 0.164061 0.147894 -0.164061
v 0.232017 0.147894 0.000000
v 0.088512 0.147894 0.213686
v 0.164061 0.147894 0.164061
v -0.213686 0.147894 0.088512
v -0.088512 0.147894 -0.213686
v 0.000000 0.147894 -0.232017
v 0.088512 0.147894 -0.213686
v 0.213686 0.147894 0.088512
vn 0.9186 -0.1066 -0.3805
vn 0.9943 -0.1068 -0.0000
vn 0.9443 -0.3290 -0.0000
vn 0.8726 -0.3285 -0.3614
vn 0.6677 -0.3290 -0.6677
vn 0.7031 -0.1068 -0.7031
vn 0.7056 0.0659 -0.7056
vn 0.9219 0.0658 -0.3819
vn 0.9978 0.0659 -0.0000
vn -0.3340 -0.4880 0.8064
vn -0.0000 -0.4890 0.8723
vn -0.0000 -0.3290 0.9443
vn -0.3614 -0.3285 0.8726
vn -0.6677 -0.3290 0.6677
vn -0.6168 -0.4890 0.6168
vn -0.8064 -0.4880 -0.3340
vn -0.8723 -0.4890 -0.0000
vn -0.9443 -0.3290 -0.0000
vn -0.8726 -0.3285 -0.3614
vn -0.6677 -0.3290 -0.6677
vn -0.6168 -0.4890 -0.6168
vn -0.0000 -1.0000 -0.0000
vn 0.8064 -0.4880 -0.3340
vn 0.6168 -0.4890 -0.6168
vn 0.8723 -0.4890 -0.0000
vn 0.3340 -0.4880 0.8064
vn 0.6168 -0.4890 0.6168
vn 0.6677 -0.3290 0.6677
vn 0.3614 -0.3285 0.8726
vn -0.8064 -0.4880 0.3340
vn -0.8726 -0.3285 0.3614
vn -0.3340 -0.4880 -0.8064
vn -0.3614 -0.3285 -0.8726
vn -0.0000 -0.3290 -0.9443
vn -0.0000 -0.4890 -0.8723
vn 0.3340 -0.4880 -0.8064
vn 0.3614 -0.3285 -0.8726
vn 0.8064 -0.4880 0.3340
vn 0.8726 -0.3285 0.3614
vn -0.9061 0.1955 -0.3753
vn -0.6934 0.1959 -0.6934
vn -0.7056 0.0659 -0.7056
vn -0.9219 0.0658 -0.3819
vn -0.9978 0.0659 -0.0000
vn -0.9806 0.1959 -0.0000
vn -0.9562 0.2927 -0.0000
vn -0.8836 0.2920 -0.3660
vn -0.6761 0.2927 -0.6761
vn 0.3805 -0.1066 0.9186
vn -0.0000 -0.1068 0.9943
vn 0.7031 -0.1068 0.7031
vn 0.7056 0.0659 0.7056
vn 0.3819 0.0658 0.9219
vn -0.0000 0.0659 0.9978
vn -0.9186 -0.1066 0.3805
vn -0.9943 -0.1068 -0.0000
vn -0.7031 -0.1068 0.7031
vn -0.7056 0.0659 0.7056
vn -0.9219 0.0658 0.3819
vn -0.3805 -0.1066 -0.9186
vn -0.0000 -0.1068 -0.9943
vn -0.7031 -0.1068 -0.7031
vn -0.3819 0.0658 -0.9219
vn -0.0000 0.0659 -0.9978
vn 0.3805 -0.1066 -0.9186
vn 0.3819 0.0658 -0.9219
vn 0.9186 -0.1066 0.3805
vn 0.9219 0.0658 0.3819
vn -0.3805 -0.1066 0.9186
vn -0.3819 0.0658 0.9219
vn -0.9186 -0.1066 -0.3805
vn 0.3553 0.3713 -0.8578
vn 0.6563 0.3721 -0.6563
vn 0.6761 0.2927 -0.6761
vn 0.3660 0.2920 -0.8836
vn -0.0000 0.2927 -0.9562
vn -0.0000 0.3721 -0.9282
vn -0.0000 0.4449 -0.8956
vn 0.3429 0.4439 -0.8279
vn 0.6333 0.4449 -0.6333
vn 0.9061 0.1955 -0.3753
vn 0.9806 0.1959 -0.0000
vn 0.6934 0.1959 -0.6934
vn 0.8836 0.2920 -0.3660
vn 0.9562 0.2927 -0.0000
vn 0.3753 0.1955 0.9061
vn -0.0000 0.1959 0.9806
vn 0.6934 0.1959 0.6934
vn 0.6761 0.2927 0.6761
vn 0.3660 0.2920 0.8836
vn -0.0000 0.2927 0.9562
vn -0.9061 0.1955 0.3753
vn -0.6934 0.1959 0.6934
vn -0.6761 0.2927 0.6761
vn -0.8836 0.2920 0.3660
vn -0.3753 0.1955 -0.9061
vn -0.0000 0.1959 -0.9806
vn -0.3660 0.2920 -0.8836
vn 0.3753 0.1955 -0.9061
vn 0.9061 0.1955 0.3753
vn 0.8836 0.2920 0.3660
vn -0.3753 0.1955 0.9061
vn -0.3660 0.2920 0.8836
vn -0.8080 0.4849 0.3347
vn -0.8740 0.4860 -0.0000
vn -0.8956 0.4449 -0.0000
vn -0.8279 0.4439 0.3429
vn -0.6333 0.4449 0.6333
vn -0.6180 0.4860 0.6180
vn -0.6109 0.5035 0.6109
vn -0.7988 0.5024 0.3309
vn -0.8640 0.5035 -0.0000
vn 0.8578 0.3713 0.3553
vn 0.6563 0.3721 0.6563
vn 0.9282 0.3721 -0.0000
vn 0.8956 0.4449 -0.0000
vn 0.8279 0.4439 0.3429
vn 0.6333 0.4449 0.6333
vn -0.3553 0.3713 0.8578
vn -0.6563 0.3721 0.6563
vn -0.0000 0.3721 0.9282
vn -0.0000 0.4449 0.8956
vn -0.3429 0.4439 0.8279
vn -0.8578 0.3713 -0.3553
vn -0.6563 0.3721 -0.6563
vn -0.9282 0.3721 -0.0000
vn -0.8279 0.4439 -0.3429
vn -0.6333 0.4449 -0.6333
vn 0.8578 0.3713 -0.3553
vn 0.8279 0.4439 -0.3429
vn 0.3553 0.3713 0.8578
vn 0.3429 0.4439 0.8279
vn -0.8578 0.3713 0.3553
vn -0.3553 0.3713 -0.8578
vn -0.3429 0.4439 -0.8279
vn 0.8202 0.4604 -0.3397
vn 0.8870 0.4618 -0.0000
vn 0.8640 0.5035 -0.0000
vn 0.7988 0.5024 -0.3309
vn 0.6109 0.5035 -0.6109
vn 0.6272 0.4618 -0.6272
vn 0.6810 0.2691 -0.6810
vn 0.8901 0.2680 -0.3687
vn 0.9631 0.2691 -0.0000
vn -0.3347 0.4849 -0.8080
vn -0.0000 0.4860 -0.8740
vn -0.6180 0.4860 -0.6180
vn -0.6109 0.5035 -0.6109
vn -0.3309 0.5024 -0.7988
vn -0.0000 0.5035 -0.8640
vn 0.3347 0.4849 -0.8080
vn 0.6180 0.4860 -0.6180
vn 0.3309 0.5024 -0.7988
vn 0.8080 0.4849 0.3347
vn 0.6180 0.4860 0.6180
vn 0.8740 0.4860 -0.0000
vn 0.7988 0.5024 0.3309
vn 0.6109 0.5035 0.6109
vn -0.3347 0.4849 0.8080
vn -0.0000 0.4860 0.8740
vn -0.0000 0.5035 0.8640
vn -0.3309 0.5024 0.7988
vn -0.8080 0.4849 -0.3347
vn -0.7988 0.5024 -0.3309
vn 0.8080 0.4849 -0.3347
vn 0.3347 0.4849 0.8080
vn 0.3309 0.5024 0.7988
vn -0.3814 0.0815 0.9208
vn -0.7047 0.0818 0.7047
vn -0.6810 0.2691 0.6810
vn -0.3687 0.2680 0.8901
vn -0.0000 0.2691 0.9631
vn -0.0000 0.0818 0.9966
vn -0.3827 0.0063 0.9239
vn -0.0000 0.0064 1.0000
vn -0.0000 -0.0546 0.9985
vn -0.3821 -0.0544 0.9225
vn -0.7061 -0.0546 0.7061
vn -0.7071 0.0064 0.7071
vn 0.3397 0.4604 0.8202
vn -0.0000 0.4618 0.8870
vn 0.6272 0.4618 0.6272
vn 0.6810 0.2691 0.6810
vn 0.3687 0.2680 0.8901
vn -0.8202 0.4604 0.3397
vn -0.8870 0.4618 -0.0000
vn -0.6272 0.4618 0.6272
vn -0.8901 0.2680 0.3687
vn -0.9631 0.2691 -0.0000
vn -0.3397 0.4604 -0.8202
vn -0.0000 0.4618 -0.8870
vn -0.6272 0.4618 -0.6272
vn -0.6810 0.2691 -0.6810
vn -0.3687 0.2680 -0.8901
vn -0.0000 0.2691 -0.9631
vn 0.3397 0.4604 -0.8202
vn 0.3687 0.2680 -0.8901
vn 0.8202 0.4604 0.3397
vn 0.8901 0.2680 0.3687
vn -0.3397 0.4604 0.8202
vn -0.8202 0.4604 -0.3397
vn -0.8901 0.2680 -0.3687
vn 0.3811 -0.0900 -0.9201
vn 0.7042 -0.0903 -0.7042
vn 0.7061 -0.0546 -0.7061
vn 0.3821 -0.0544 -0.9225
vn -0.0000 -0.0546 -0.9985
vn -0.0000 -0.0903 -0.9959
vn -0.0000 -0.1187 -0.9929
vn 0.3800 -0.1183 -0.9174
vn 0.7021 -0.1187 -0.7021
vn -0.9208 0.0815 -0.3814
vn -0.7047 0.0818 -0.7047
vn -0.9966 0.0818 -0.0000
vn -0.9239 0.0063 -0.3827
vn -1.0000 0.0064 -0.0000
vn -0.9985 -0.0546 -0.0000
vn -0.9225 -0.0544 -0.3821
vn -0.7061 -0.0546 -0.7061
vn -0.7071 0.0064 -0.7071
vn 0.9208 0.0815 -0.3814
vn 0.9966 0.0818 -0.0000
vn 0.7047 0.0818 -0.7047
vn 0.9239 0.0063 -0.3827
vn 0.7071 0.0064 -0.7071
vn 0.9225 -0.0544 -0.3821
vn 0.9985 -0.0546 -0.0000
vn 1.0000 0.0064 -0.0000
vn 0.3814 0.0815 0.9208
vn 0.7047 0.0818 0.7047
vn 0.3827 0.0063 0.9239
vn 0.7071 0.0064 0.7071
vn 0.7061 -0.0546 0.7061
vn 0.3821 -0.0544 0.9225
vn -0.9208 0.0815 0.3814
vn -0.9239 0.0063 0.3827
vn -0.9225 -0.0544 0.3821
vn -0.3814 0.0815 -0.9208
vn -0.0000 0.0818 -0.9966
vn -0.3827 0.0063 -0.9239
vn -0.3821 -0.0544 -0.9225
vn -0.0000 0.0064 -1.0000
vn 0.3814 0.0815 -0.9208
vn 0.3827 0.0063 -0.9239
vn 0.9208 0.0815 0.3814
vn 0.9239 0.0063 0.3827
vn 0.9225 -0.0544 0.3821
vn 0.3802 -0.1129 0.9180
vn -0.0000 -0.1132 0.9936
vn -0.0000 -0.1187 0.9929
vn 0.3800 -0.1183 0.9174
vn 0.7021 -0.1187 0.7021
vn 0.7026 -0.1132 0.7026
vn 0.6995 0.1461 0.6995
vn 0.3786 0.1460 0.9140
vn -0.0000 0.1461 0.9893
vn 0.9201 -0.0900 0.3811
vn 0.7042 -0.0903 0.7042
vn 0.9959 -0.0903 -0.0000
vn 0.9929 -0.1187 -0.0000
vn 0.9174 -0.1183 0.3800
vn -0.3811 -0.0900 0.9201
vn -0.7042 -0.0903 0.7042
vn -0.0000 -0.0903 0.9959
vn -0.3800 -0.1183 0.9174
vn -0.7021 -0.1187 0.7021
vn -0.9201 -0.0900 -0.3811
vn -0.7042 -0.0903 -0.7042
vn -0.9959 -0.0903 -0.0000
vn -0.9929 -0.1187 -0.0000
vn -0.9174 -0.1183 -0.3800
vn -0.7021 -0.1187 -0.7021
vn 0.9201 -0.0900 -0.3811
vn 0.9174 -0.1183 -0.3800
vn 0.3811 -0.0900 0.9201
vn -0.9201 -0.0900 0.3811
vn -0.9174 -0.1183 0.3800
vn -0.3811 -0.0900 -0.9201
vn -0.3800 -0.1183 -0.9174
vn -0.9180 0.1131 -0.3802
vn -0.7025 0.1135 -0.7025
vn -0.6757 0.2946 -0.6757
vn -0.8832 0.2933 -0.3659
vn -0.9556 0.2946 -0.0000
vn -0.9935 0.1135 -0.0000
vn -0.9984 0.0559 -0.0000
vn -0.9224 0.0557 -0.3821
vn -0.7060 0.0559 -0.7060
vn -0.9180 -0.1129 0.3802
vn -0.9936 -0.1132 -0.0000
vn -0.7026 -0.1132 0.7026
vn -0.6995 0.1461 0.6995
vn -0.9140 0.1460 0.3786
vn -0.9893 0.1461 -0.0000
vn -0.3802 -0.1129 -0.9180
vn -0.0000 -0.1132 -0.9936
vn -0.7026 -0.1132 -0.7026
vn -0.6995 0.1461 -0.6995
vn -0.3786 0.1460 -0.9140
vn -0.0000 0.1461 -0.9893
vn 0.3802 -0.1129 -0.9180
vn 0.7026 -0.1132 -0.7026
vn 0.3786 0.1460 -0.9140
vn 0.6995 0.1461 -0.6995
vn 0.9180 -0.1129 0.3802
vn 0.9936 -0.1132 -0.0000
vn 0.9893 0.1461 -0.0000
vn 0.9140 0.1460 0.3786
vn -0.3802 -0.1129 0.9180
vn -0.3786 0.1460 0.9140
vn -0.9180 -0.1129 -0.3802
vn -0.9140 0.1460 -0.3786
vn 0.9180 -0.1129 -0.3802
vn 0.9140 0.1460 -0.3786
vn -0.0510 0.9911 -0.1232
vn -0.1004 0.9899 -0.1004
vn 0.6757 0.2946 0.6757
vn 0.3659 0.2933 0.8832
vn -0.0000 0.2946 0.9556
vn -0.0000 0.9899 -0.1421
vn -0.1232 0.9911 -0.0510
vn -0.1421 0.9899 -0.0000
vn 0.9556 0.2946 -0.0000
vn 0.8832 0.2933 0.3659
vn -0.1232 0.9911 0.0510
vn -0.1004 0.9899 0.1004
vn 0.6757 0.2946 -0.6757
vn 0.8832 0.2933 -0.3659
vn -0.0510 0.9911 0.1232
vn -0.0000 0.9899 0.1421
vn -0.0000 0.2946 -0.9556
vn 0.3659 0.2933 -0.8832
vn 0.0510 0.9911 0.1232
vn 0.1005 0.9899 0.1004
vn -0.3659 0.2933 -0.8832
vn 0.1232 0.9911 0.0510
vn 0.1421 0.9899 -0.0000
vn 0.1232 0.9911 -0.0510
vn 0.1004 0.9899 -0.1004
vn -0.6757 0.2946 0.6757
vn -0.8832 0.2933 0.3659
vn 0.0510 0.9911 -0.1232
vn -0.3659 0.2933 0.8832
vn 0.2815 0.6776 0.6795
vn -0.0000 0.6745 0.7382
vn -0.0000 0.0559 0.9984
vn 0.3821 0.0557 0.9224
vn 0.7060 0.0559 0.7060
vn 0.5220 0.6745 0.5220
vn 0.3802 0.1131 -0.9180
vn 0.7025 0.1135 -0.7025
vn -0.0000 0.1135 -0.9935
vn -0.0000 0.0559 -0.9984
vn 0.3821 0.0557 -0.9224
vn 0.7060 0.0559 -0.7060
vn 0.9180 0.1131 0.3802
vn 0.7025 0.1135 0.7025
vn 0.9935 0.1135 -0.0000
vn 0.9984 0.0559 -0.0000
vn 0.9224 0.0557 0.3821
vn -0.9180 0.1131 0.3802
vn -0.7025 0.1135 0.7025
vn -0.7060 0.0559 0.7060
vn -0.9224 0.0557 0.3821
vn -0.3802 0.1131 -0.9180
vn -0.3821 0.0557 -0.9224
vn 0.9180 0.1131 -0.3802
vn 0.9224 0.0557 -0.3821
vn 0.3802 0.1131 0.9180
vn -0.0000 0.1135 0.9935
vn -0.3802 0.1131 0.9180
vn -0.3821 0.0557 0.9224
vn -0.2815 0.6776 0.6795
vn -0.5220 0.6745 0.5220
vn 0.6795 0.6776 0.2815
vn 0.7382 0.6745 -0.0000
vn 0.6795 0.6776 -0.2815
vn 0.5220 0.6745 -0.5220
vn 0.2815 0.6776 -0.6795
vn -0.0000 0.6745 -0.7382
vn -0.2815 0.6776 -0.6795
vn -0.5220 0.6745 -0.5220
vn -0.6795 0.6776 -0.2815
vn -0.7382 0.6745 -0.0000
vn -0.6795 0.6776 0.2814
vn 0.7354 -0.6053 0.3046
vn 0.5625 -0.6059 0.5625
vn 0.7955 -0.6059 -0.0000
vn 0.3046 -0.6053 -0.7354
vn 0.5625 -0.6059 -0.5625
vn -0.0000 -0.6059 -0.7955
vn -0.3046 -0.6053 -0.7354
vn -0.5625 -0.6059 -0.5625
vn -0.7354 -0.6053 0.3046
vn -0.7955 -0.6059 -0.0000
vn -0.5625 -0.6059 0.5625
vn 0.3046 -0.6053 0.7354
vn -0.0000 -0.6059 0.7955
vn 0.7354 -0.6053 -0.3046
vn -0.7354 -0.6053 -0.3046
vn -0.3046 -0.6053 0.7354
vn -0.2772 -0.6893 0.6693
vn -0.0000 -0.6904 0.7234
vn -0.5115 -0.6904 0.5115
vn -0.6693 -0.6893 -0.2772
vn -0.7234 -0.6904 -0.0000
vn -0.5115 -0.6904 -0.5115
vn 0.6693 -0.6893 -0.2772
vn 0.5115 -0.6904 -0.5115
vn 0.7234 -0.6904 -0.0000
vn 0.2772 -0.6893 0.6693
vn 0.5115 -0.6904 0.5115
vn -0.6693 -0.6893 0.2772
vn -0.2772 -0.6893 -0.6693
vn -0.0000 -0.6904 -0.7234
vn 0.2772 -0.6893 -0.6693
vn 0.6693 -0.6893 0.2772
vt 0.457686 0.120897
vt 0.423631 0.130262
vt 0.418547 0.112152
vt 0.452164 0.102257
vt 0.486851 0.091373
vt 0.493208 0.110705
vt 0.499918 0.134613
vt 0.463772 0.143575
vt 0.429452 0.152110
vt 0.245523 0.145052
vt 0.279767 0.133649
vt 0.285500 0.150716
vt 0.252039 0.162289
vt 0.219146 0.175724
vt 0.212187 0.158984
vt 0.113905 0.201799
vt 0.146873 0.187869
vt 0.154114 0.204396
vt 0.121016 0.218848
vt 0.086538 0.233397
vt 0.079920 0.215491
vt 0.680669 0.138975
vt 0.666711 0.106724
vt 0.666711 0.071581
vt 0.679647 0.038906
vt 0.704496 0.014057
vt 0.736748 0.000099
vt 0.771890 0.000099
vt 0.804565 0.013035
vt 0.829414 0.037885
vt 0.843372 0.070136
vt 0.843372 0.105279
vt 0.830436 0.137953
vt 0.805587 0.162803
vt 0.773335 0.176761
vt 0.738193 0.176760
vt 0.705518 0.163825
vt 0.446774 0.085192
vt 0.480478 0.073979
vt 0.413696 0.095400
vt 0.313663 0.122896
vt 0.347336 0.113742
vt 0.352146 0.130526
vt 0.318852 0.139970
vt 0.179228 0.173029
vt 0.186503 0.189656
vt 0.043275 0.226995
vt 0.048983 0.246881
vt 0.005557 0.259349
vt 0.001858 0.235724
vt 0.514764 0.059359
vt 0.550784 0.039592
vt 0.563024 0.059314
vt 0.523119 0.077628
vt 0.380519 0.104305
vt 0.385247 0.121144
vt 0.149427 0.279056
vt 0.116166 0.297085
vt 0.105101 0.275923
vt 0.139261 0.259005
vt 0.171788 0.243153
vt 0.181204 0.262558
vt 0.190878 0.281540
vt 0.160109 0.298557
vt 0.128141 0.317462
vt 0.324450 0.158020
vt 0.291642 0.168686
vt 0.357325 0.148403
vt 0.363489 0.169657
vt 0.331131 0.179284
vt 0.298962 0.189820
vt 0.194276 0.207348
vt 0.162031 0.222094
vt 0.226500 0.193436
vt 0.235236 0.214323
vt 0.203610 0.228260
vt 0.056663 0.268568
vt 0.012998 0.285205
vt 0.094445 0.252778
vt 0.068053 0.294332
vt 0.025774 0.315140
vt 0.531171 0.098498
vt 0.573946 0.083068
vt 0.583560 0.113246
vt 0.539087 0.124774
vt 0.390283 0.139181
vt 0.396174 0.160709
vt 0.258898 0.180351
vt 0.266991 0.201479
vt 0.129040 0.237184
vt 0.550011 0.200671
vt 0.512077 0.203289
vt 0.509121 0.180178
vt 0.548156 0.175252
vt 0.592154 0.171537
vt 0.592217 0.200402
vt 0.589559 0.229966
vt 0.550227 0.227299
vt 0.514084 0.227826
vt 0.468809 0.164969
vt 0.434528 0.172587
vt 0.505093 0.157369
vt 0.473140 0.186346
vt 0.439178 0.192979
vt 0.337323 0.198875
vt 0.305760 0.209237
vt 0.369153 0.189349
vt 0.374665 0.208807
vt 0.343418 0.218160
vt 0.312484 0.228299
vt 0.212426 0.247503
vt 0.243385 0.233518
vt 0.251523 0.252334
vt 0.221328 0.266359
vt 0.080624 0.317579
vt 0.040851 0.341726
vt 0.094681 0.339536
vt 0.058235 0.366068
vt 0.544565 0.149989
vt 0.589397 0.142456
vt 0.401478 0.180749
vt 0.406526 0.200623
vt 0.274495 0.220845
vt 0.281940 0.239823
vt 0.252591 0.328186
vt 0.225623 0.343014
vt 0.212201 0.320321
vt 0.240595 0.305185
vt 0.268883 0.291218
vt 0.279579 0.314403
vt 0.297716 0.352724
vt 0.272969 0.365811
vt 0.248524 0.379689
vt 0.411398 0.220756
vt 0.380123 0.228468
vt 0.443470 0.213672
vt 0.447607 0.235841
vt 0.416348 0.242334
vt 0.385827 0.249510
vt 0.289508 0.258871
vt 0.259850 0.271195
vt 0.319284 0.247463
vt 0.326565 0.267894
vt 0.297666 0.279146
vt 0.171481 0.317819
vt 0.141125 0.337292
vt 0.201010 0.300447
vt 0.184173 0.337841
vt 0.155754 0.357513
vt 0.476830 0.208049
vt 0.480041 0.231243
vt 0.349538 0.237596
vt 0.356035 0.258368
vt 0.230529 0.285223
vt 0.110169 0.360377
vt 0.077554 0.388343
vt 0.127696 0.380966
vt 0.099414 0.409217
vt 0.488897 0.349276
vt 0.463997 0.351611
vt 0.457943 0.304370
vt 0.486178 0.301898
vt 0.514717 0.300793
vt 0.513336 0.348020
vt 0.514498 0.403075
vt 0.493822 0.405814
vt 0.472434 0.409192
vt 0.148668 0.402690
vt 0.125152 0.429710
vt 0.173400 0.379716
vt 0.203087 0.413582
vt 0.182961 0.433984
vt 0.165037 0.456609
vt 0.548650 0.257122
vt 0.515136 0.255898
vt 0.583842 0.261911
vt 0.571840 0.308164
vt 0.543384 0.303052
vt 0.421796 0.267530
vt 0.392306 0.274081
vt 0.451883 0.261656
vt 0.430212 0.309401
vt 0.402754 0.315101
vt 0.307268 0.302711
vt 0.335072 0.291686
vt 0.349296 0.331347
vt 0.323418 0.341787
vt 0.199460 0.360371
vt 0.225412 0.395940
vt 0.482931 0.258091
vt 0.363551 0.282610
vt 0.375931 0.323001
vt 0.393976 0.519337
vt 0.375122 0.526164
vt 0.343323 0.449013
vt 0.364149 0.440488
vt 0.385371 0.432410
vt 0.413122 0.512743
vt 0.422670 0.605319
vt 0.441177 0.599635
vt 0.490385 0.777795
vt 0.472119 0.782139
vt 0.454049 0.786835
vt 0.404336 0.611058
vt 0.389741 0.368531
vt 0.365361 0.376161
vt 0.414234 0.361353
vt 0.428840 0.419029
vt 0.407055 0.425455
vt 0.295906 0.407292
vt 0.274127 0.419529
vt 0.318290 0.395566
vt 0.323279 0.458536
vt 0.303961 0.468386
vt 0.217851 0.464399
vt 0.203359 0.481104
vt 0.234715 0.448179
vt 0.268743 0.489707
vt 0.253245 0.500735
vt 0.239355 0.511282
vt 0.537145 0.349292
vt 0.559536 0.352234
vt 0.552668 0.400357
vt 0.534298 0.401472
vt 0.439153 0.356155
vt 0.450755 0.413808
vt 0.341678 0.385652
vt 0.253813 0.433540
vt 0.285783 0.479008
vt 0.640137 0.830118
vt 0.616268 0.830147
vt 0.608672 0.754926
vt 0.630482 0.750572
vt 0.652962 0.745581
vt 0.666512 0.829014
vt 0.666512 0.856092
vt 0.638855 0.853214
vt 0.614951 0.850584
vt 0.321159 0.547897
vt 0.304261 0.555205
vt 0.338647 0.540515
vt 0.350464 0.628317
vt 0.368223 0.622592
vt 0.418036 0.797122
vt 0.399899 0.802676
vt 0.381545 0.808499
vt 0.332909 0.633946
vt 0.510114 0.484847
vt 0.490870 0.489771
vt 0.529022 0.480108
vt 0.535312 0.571922
vt 0.554251 0.566352
vt 0.587500 0.758823
vt 0.567029 0.762531
vt 0.516370 0.577429
vt 0.432492 0.506520
vt 0.451961 0.500584
vt 0.459823 0.594009
vt 0.478594 0.588445
vt 0.527805 0.769851
vt 0.508902 0.773684
vt 0.356655 0.533282
vt 0.386179 0.616825
vt 0.436045 0.791803
vt 0.287960 0.562470
vt 0.272298 0.569411
vt 0.315545 0.639430
vt 0.362877 0.814428
vt 0.343814 0.820423
vt 0.298362 0.644690
vt 0.547593 0.475590
vt 0.565630 0.471063
vt 0.573151 0.560682
vt 0.591982 0.554829
vt 0.471471 0.495040
vt 0.497450 0.582926
vt 0.547135 0.766136
vt 0.523003 0.865067
vt 0.507780 0.866886
vt 0.505243 0.851283
vt 0.521400 0.848992
vt 0.538114 0.847612
vt 0.538748 0.864298
vt 0.538795 0.876435
vt 0.523896 0.876794
vt 0.509473 0.878247
vt 0.555043 0.830779
vt 0.536939 0.832105
vt 0.574117 0.830141
vt 0.573897 0.847371
vt 0.555520 0.847021
vt 0.486162 0.840111
vt 0.469930 0.844284
vt 0.502660 0.836748
vt 0.489462 0.854356
vt 0.473963 0.858350
vt 0.421182 0.861370
vt 0.404268 0.868741
vt 0.437609 0.854888
vt 0.443226 0.868982
vt 0.427672 0.875736
vt 0.411708 0.883664
vt 0.594374 0.829965
vt 0.593520 0.848524
vt 0.519519 0.834042
vt 0.453788 0.849156
vt 0.458588 0.863166
vt 0.386515 0.876811
vt 0.367415 0.885475
vt 0.394956 0.892747
vt 0.376912 0.903290
vt 0.549988 0.907839
vt 0.537399 0.905993
vt 0.538577 0.887443
vt 0.553080 0.888735
vt 0.568181 0.891456
vt 0.562822 0.911194
vt 0.544451 0.955278
vt 0.537655 0.952360
vt 0.530704 0.950441
vt 0.464015 0.878093
vt 0.449742 0.883928
vt 0.478385 0.873383
vt 0.481664 0.884283
vt 0.468144 0.888884
vt 0.454790 0.894632
vt 0.405745 0.909409
vt 0.389285 0.921729
vt 0.420873 0.899324
vt 0.428325 0.910210
vt 0.414968 0.920778
vt 0.400586 0.934411
vt 0.633821 0.879132
vt 0.610995 0.873025
vt 0.661413 0.887091
vt 0.652400 0.911083
vt 0.626748 0.897881
vt 0.606113 0.889043
vt 0.555135 0.864531
vt 0.572407 0.865981
vt 0.570468 0.879418
vt 0.554255 0.877254
vt 0.492933 0.869623
vt 0.495417 0.880744
vt 0.435418 0.890897
vt 0.441549 0.901646
vt 0.590830 0.868687
vt 0.587603 0.883177
vt 0.418463 0.924398
vt 0.431048 0.913863
vt 0.435514 0.919574
vt 0.424146 0.929879
vt 0.414043 0.942525
vt 0.406104 0.938091
vt 0.443782 0.905334
vt 0.456613 0.898327
vt 0.459585 0.904224
vt 0.447412 0.911144
vt 0.469632 0.892638
vt 0.482831 0.888073
vt 0.484705 0.894166
vt 0.472028 0.898620
vt 0.496292 0.884629
vt 0.510050 0.882205
vt 0.510926 0.888580
vt 0.497663 0.890845
vt 0.524175 0.880891
vt 0.538756 0.880657
vt 0.524540 0.887447
vt 0.553863 0.881682
vt 0.569675 0.884058
vt 0.586303 0.888145
vt 0.604134 0.894408
vt 0.600494 0.902762
vt 0.583927 0.895954
vt 0.623582 0.903927
vt 0.645878 0.920339
vt 0.634334 0.928203
vt 0.617713 0.912881
vt 0.517096 0.997121
vt 0.518566 0.999901
vt 0.471136 0.978259
vt 0.475129 0.972059
vt 0.479766 0.966537
vt 0.516124 0.994984
vt 0.501324 0.907926
vt 0.489905 0.910861
vt 0.513055 0.906122
vt 0.516706 0.949347
vt 0.509830 0.950129
vt 0.503147 0.951803
vt 0.457801 0.926448
vt 0.448121 0.934106
vt 0.468081 0.920083
vt 0.490634 0.957608
vt 0.484952 0.961681
vt 0.575776 0.916220
vt 0.588642 0.923290
vt 0.557077 0.963982
vt 0.550968 0.959119
vt 0.525077 0.905442
vt 0.523687 0.949422
vt 0.478807 0.914890
vt 0.496720 0.954284
vt 0.439291 0.943052
vt 0.431745 0.953312
vt 0.600919 0.932621
vt 0.611671 0.944540
vt 0.567511 0.976411
vt 0.562650 0.969729
vt 0.519920 0.997132
vt 0.520761 0.994849
vt 0.515642 0.993050
vt 0.515619 0.991353
vt 0.515953 0.989949
vt 0.516550 0.988922
vt 0.517305 0.988290
vt 0.518198 0.988060
vt 0.519116 0.988235
vt 0.519965 0.988830
vt 0.520643 0.989811
vt 0.521058 0.991167
vt 0.521119 0.992838
vt 0.375309 0.085596
vt 0.342084 0.094961
vt 0.408272 0.076968
vt 0.505042 0.040612
vt 0.473122 0.055471
vt 0.536793 0.020707
vt 0.038308 0.205793
vt 0.000099 0.211553
vt 0.073304 0.196026
vt 0.171046 0.154485
vt 0.138922 0.169572
vt 0.204249 0.140143
vt 0.308006 0.103641
vt 0.273440 0.114273
vt 0.440654 0.066651
vt 0.106348 0.183060
vt 0.238092 0.125355
vt 0.227519 0.097462
vt 0.265057 0.087049
vt 0.192858 0.114146
vt 0.096479 0.158226
vt 0.128067 0.144901
vt 0.065106 0.170544
vt 0.432410 0.042243
vt 0.463138 0.031585
vt 0.401016 0.052153
vt 0.300649 0.077145
vt 0.335217 0.069132
vt 0.159703 0.129417
vt 0.033155 0.179022
vt 0.000536 0.183146
vt 0.491947 0.017675
vt 0.518528 0.000099
vt 0.368454 0.060312
s 1
f 1/1/1 122/2/2 287/3/3 103/4/4
f 1/1/1 103/4/4 288/5/5 121/6/6
f 1/1/1 121/6/6 296/7/7 119/8/8
f 1/1/1 119/8/8 295/9/9 122/2/2
f 369/10/10 377/11/11 285/12/12 100/13/13
f 369/10/10 100/13/13 284/14/14 378/15/15
f 370/16/16 379/17/17 283/18/18 98/19/19
f 370/16/16 98/19/19 281/20/20 380/21/21
f 417/22/22 419/23/22 428/24/22 421/25/22 420/26/22 422/27/22 429/28/22 430/29/22 431/30/22 424/31/22 423/32/22 425/33/22 432/34/22 427/35/22 426/36/22 418/37/22
f 371/38/23 381/39/24 288/5/5 103/4/4
f 371/38/23 103/4/4 287/3/3 382/40/25
f 372/41/26 383/42/27 286/43/28 101/44/29
f 372/41/26 101/44/29 285/12/12 377/11/11
f 373/45/30 378/15/15 284/14/14 99/46/31
f 373/45/30 99/46/31 283/18/18 379/17/17
f 374/47/32 380/21/21 281/20/20 97/48/33
f 374/47/32 97/48/33 282/49/34 384/50/35
f 375/51/36 384/52/35 282/53/34 104/54/37
f 375/51/36 104/54/37 288/5/5 381/39/24
f 376/55/38 382/40/25 287/3/3 102/56/39
f 376/55/38 102/56/39 286/43/28 383/42/27
f 10/57/40 138/58/41 289/59/42 114/60/43
f 10/57/40 114/60/43 291/61/44 137/62/45
f 10/57/40 137/62/45 299/63/46 130/64/47
f 10/57/40 130/64/47 297/65/48 138/58/41
f 11/66/49 124/67/50 285/12/12 101/44/29
f 11/66/49 101/44/29 286/43/28 123/68/51
f 11/66/49 123/68/51 294/69/52 117/70/53
f 11/66/49 117/70/53 293/71/54 124/67/50
f 12/72/55 126/73/56 283/18/18 99/46/31
f 12/72/55 99/46/31 284/14/14 125/74/57
f 12/72/55 125/74/57 292/75/58 115/76/59
f 12/72/55 115/76/59 291/61/44 126/73/56
f 13/77/60 128/78/61 282/49/34 97/48/33
f 13/77/60 97/48/33 281/20/20 127/79/62
f 13/77/60 127/79/62 289/59/42 113/80/63
f 13/77/60 113/80/63 290/81/64 128/78/61
f 14/82/65 121/6/6 288/5/5 104/54/37
f 14/82/65 104/54/37 282/53/34 128/83/61
f 14/82/65 128/83/61 290/84/64 120/85/66
f 14/82/65 120/85/66 296/7/7 121/6/6
f 15/86/67 123/68/51 286/43/28 102/56/39
f 15/86/67 102/56/39 287/3/3 122/2/2
f 15/86/67 122/2/2 295/9/9 118/87/68
f 15/86/67 118/87/68 294/69/52 123/68/51
f 16/88/69 125/74/57 284/14/14 100/13/13
f 16/88/69 100/13/13 285/12/12 124/67/50
f 16/88/69 124/67/50 293/71/54 116/89/70
f 16/88/69 116/89/70 292/75/58 125/74/57
f 17/90/71 127/79/62 281/20/20 98/19/19
f 17/90/71 98/19/19 283/18/18 126/73/56
f 17/90/71 126/73/56 291/61/44 114/60/43
f 17/90/71 114/60/43 289/59/42 127/79/62
f 18/91/72 154/92/73 304/93/74 136/94/75
f 18/91/72 136/94/75 298/95/76 153/96/77
f 18/91/72 153/96/77 306/97/78 152/98/79
f 18/91/72 152/98/79 312/99/80 154/92/73
f 19/100/81 140/101/82 295/9/9 119/8/8
f 19/100/81 119/8/8 296/7/7 139/102/83
f 19/100/81 139/102/83 304/93/74 135/103/84
f 19/100/81 135/103/84 303/104/85 140/101/82
f 20/105/86 142/106/87 293/71/54 117/70/53
f 20/105/86 117/70/53 294/69/52 141/107/88
f 20/105/86 141/107/88 302/108/89 133/109/90
f 20/105/86 133/109/90 301/110/91 142/106/87
f 21/111/92 137/62/45 291/61/44 115/76/59
f 21/111/92 115/76/59 292/75/58 143/112/93
f 21/111/92 143/112/93 300/113/94 131/114/95
f 21/111/92 131/114/95 299/63/46 137/62/45
f 22/115/96 144/116/97 290/81/64 113/80/63
f 22/115/96 113/80/63 289/59/42 138/58/41
f 22/115/96 138/58/41 297/65/48 129/117/98
f 22/115/96 129/117/98 298/118/76 144/116/97
f 23/119/99 139/102/83 296/7/7 120/85/66
f 23/119/99 120/85/66 290/84/64 144/120/97
f 23/119/99 144/120/97 298/95/76 136/94/75
f 23/119/99 136/94/75 304/93/74 139/102/83
f 24/121/100 141/107/88 294/69/52 118/87/68
f 24/121/100 118/87/68 295/9/9 140/101/82
f 24/121/100 140/101/82 303/104/85 134/122/101
f 24/121/100 134/122/101 302/108/89 141/107/88
f 25/123/102 143/112/93 292/75/58 116/89/70
f 25/123/102 116/89/70 293/71/54 142/106/87
f 25/123/102 142/106/87 301/110/91 132/124/103
f 25/123/102 132/124/103 300/113/94 143/112/93
f 26/125/104 170/126/105 307/127/106 147/128/107
f 26/125/104 147/128/107 308/129/108 169/130/109
f 26/125/104 169/130/109 316/131/110 163/132/111
f 26/125/104 163/132/111 315/133/112 170/126/105
f 27/134/113 156/135/114 302/108/89 134/122/101
f 27/134/113 134/122/101 303/104/85 155/136/115
f 27/134/113 155/136/115 311/137/116 150/138/117
f 27/134/113 150/138/117 310/139/118 156/135/114
f 28/140/119 158/141/120 300/113/94 132/124/103
f 28/140/119 132/124/103 301/110/91 157/142/121
f 28/140/119 157/142/121 309/143/122 148/144/123
f 28/140/119 148/144/123 308/129/108 158/141/120
f 29/145/124 160/146/125 297/65/48 130/64/47
f 29/145/124 130/64/47 299/63/46 159/147/126
f 29/145/124 159/147/126 307/127/106 146/148/127
f 29/145/124 146/148/127 305/149/128 160/146/125
f 30/150/129 155/136/115 303/104/85 135/103/84
f 30/150/129 135/103/84 304/93/74 154/92/73
f 30/150/129 154/92/73 312/99/80 151/151/130
f 30/150/129 151/151/130 311/137/116 155/136/115
f 31/152/131 157/142/121 301/110/91 133/109/90
f 31/152/131 133/109/90 302/108/89 156/135/114
f 31/152/131 156/135/114 310/139/118 149/153/132
f 31/152/131 149/153/132 309/143/122 157/142/121
f 32/154/133 159/147/126 299/63/46 131/114/95
f 32/154/133 131/114/95 300/113/94 158/141/120
f 32/154/133 158/141/120 308/129/108 147/128/107
f 32/154/133 147/128/107 307/127/106 159/147/126
f 33/155/134 153/156/77 298/118/76 129/117/98
f 33/155/134 129/117/98 297/65/48 160/146/125
f 33/155/134 160/146/125 305/149/128 145/157/135
f 33/155/134 145/157/135 306/158/78 153/156/77
f 34/159/136 186/160/137 319/161/138 167/162/139
f 34/159/136 167/162/139 320/163/140 185/164/141
f 34/159/136 185/164/141 328/165/142 183/166/143
f 34/159/136 183/166/143 327/167/144 186/160/137
f 35/168/145 172/169/146 306/158/78 145/157/135
f 35/168/145 145/157/135 305/149/128 171/170/147
f 35/168/145 171/170/147 313/171/148 161/172/149
f 35/168/145 161/172/149 314/173/150 172/169/146
f 36/174/151 173/175/152 312/99/80 152/98/79
f 36/174/151 152/98/79 306/97/78 172/176/146
f 36/174/151 172/176/146 314/177/150 168/178/153
f 36/174/151 168/178/153 320/163/140 173/175/152
f 37/179/154 175/180/155 310/139/118 150/138/117
f 37/179/154 150/138/117 311/137/116 174/181/156
f 37/179/154 174/181/156 319/161/138 166/182/157
f 37/179/154 166/182/157 318/183/158 175/180/155
f 38/184/159 169/130/109 308/129/108 148/144/123
f 38/184/159 148/144/123 309/143/122 176/185/160
f 38/184/159 176/185/160 317/186/161 164/187/162
f 38/184/159 164/187/162 316/131/110 169/130/109
f 39/188/163 171/170/147 305/149/128 146/148/127
f 39/188/163 146/148/127 307/127/106 170/126/105
f 39/188/163 170/126/105 315/133/112 162/189/164
f 39/188/163 162/189/164 313/171/148 171/170/147
f 40/190/165 174/181/156 311/137/116 151/151/130
f 40/190/165 151/151/130 312/99/80 173/175/152
f 40/190/165 173/175/152 320/163/140 167/162/139
f 40/190/165 167/162/139 319/161/138 174/181/156
f 41/191/166 176/185/160 309/143/122 149/153/132
f 41/191/166 149/153/132 310/139/118 175/180/155
f 41/191/166 175/180/155 318/183/158 165/192/167
f 41/191/166 165/192/167 317/186/161 176/185/160
f 401/193/168 410/194/169 324/195/170 180/196/171
f 401/193/168 180/196/171 325/197/172 409/198/173
f 42/199/174 201/200/175 333/201/176 196/202/177
f 42/199/174 196/202/177 332/203/178 202/204/179
f 43/205/180 188/206/181 317/186/161 165/192/167
f 43/205/180 165/192/167 318/183/158 187/207/182
f 43/205/180 187/207/182 326/208/183 181/209/184
f 43/205/180 181/209/184 325/197/172 188/206/181
f 44/210/185 190/211/186 315/133/112 163/132/111
f 44/210/185 163/132/111 316/131/110 189/212/187
f 44/210/185 189/212/187 324/195/170 179/213/188
f 44/210/185 179/213/188 323/214/189 190/211/186
f 45/215/190 192/216/191 314/173/150 161/172/149
f 45/215/190 161/172/149 313/171/148 191/217/192
f 45/215/190 191/217/192 321/218/193 177/219/194
f 45/215/190 177/219/194 322/220/195 192/216/191
f 46/221/196 185/164/141 320/163/140 168/178/153
f 46/221/196 168/178/153 314/177/150 192/222/191
f 46/221/196 192/222/191 322/223/195 184/224/197
f 46/221/196 184/224/197 328/165/142 185/164/141
f 47/225/198 187/207/182 318/183/158 166/182/157
f 47/225/198 166/182/157 319/161/138 186/160/137
f 47/225/198 186/160/137 327/167/144 182/226/199
f 47/225/198 182/226/199 326/208/183 187/207/182
f 48/227/200 189/212/187 316/131/110 164/187/162
f 48/227/200 164/187/162 317/186/161 188/206/181
f 48/227/200 188/206/181 325/197/172 180/196/171
f 48/227/200 180/196/171 324/195/170 189/212/187
f 49/228/201 191/217/192 313/171/148 162/189/164
f 49/228/201 162/189/164 315/133/112 190/211/186
f 49/228/201 190/211/186 323/214/189 178/229/202
f 49/228/201 178/229/202 321/218/193 191/217/192
f 50/230/203 218/231/204 336/232/205 200/233/206
f 50/230/203 200/233/206 330/234/207 217/235/208
f 50/230/203 217/235/208 338/236/209 216/237/210
f 50/230/203 216/237/210 344/238/211 218/231/204
f 402/239/212 412/240/213 321/218/193 178/229/202
f 402/239/212 178/229/202 323/214/189 411/241/214
f 51/242/215 203/243/216 331/244/217 194/245/218
f 51/242/215 194/245/218 329/246/219 204/247/220
f 403/248/221 414/249/222 327/167/144 183/166/143
f 403/248/221 183/166/143 328/165/142 413/250/223
f 52/251/224 205/252/225 336/232/205 199/253/226
f 52/251/224 199/253/226 335/254/227 206/255/228
f 404/256/229 409/198/173 325/197/172 181/209/184
f 404/256/229 181/209/184 326/208/183 415/257/230
f 53/258/231 207/259/232 334/260/233 197/261/234
f 53/258/231 197/261/234 333/201/176 201/200/175
f 405/262/235 411/241/214 323/214/189 179/213/188
f 405/262/235 179/213/188 324/195/170 410/194/169
f 54/263/236 202/204/179 332/203/178 195/264/237
f 54/263/236 195/264/237 331/244/217 203/243/216
f 406/265/238 416/266/239 322/220/195 177/219/194
f 406/265/238 177/219/194 321/218/193 412/240/213
f 55/267/240 204/247/220 329/246/219 193/268/241
f 55/267/240 193/268/241 330/269/207 208/270/242
f 407/271/243 413/250/223 328/165/142 184/224/197
f 407/271/243 184/224/197 322/223/195 416/272/239
f 56/273/244 208/274/242 330/234/207 200/233/206
f 56/273/244 200/233/206 336/232/205 205/252/225
f 408/275/245 415/257/230 326/208/183 182/226/199
f 408/275/245 182/226/199 327/167/144 414/249/222
f 57/276/246 206/255/228 335/254/227 198/277/247
f 57/276/246 198/277/247 334/260/233 207/259/232
f 58/278/248 234/279/249 341/280/250 213/281/251
f 58/278/248 213/281/251 342/282/252 233/283/253
f 58/278/248 233/283/253 358/284/254 229/285/255
f 58/278/248 229/285/255 357/286/256 234/279/249
f 59/287/257 220/288/258 334/260/233 198/277/247
f 59/287/257 198/277/247 335/254/227 219/289/259
f 59/287/257 219/289/259 343/290/260 214/291/261
f 59/287/257 214/291/261 342/282/252 220/288/258
f 60/292/262 222/293/263 332/203/178 196/202/177
f 60/292/262 196/202/177 333/201/176 221/294/264
f 60/292/262 221/294/264 341/280/250 212/295/265
f 60/292/262 212/295/265 340/296/266 222/293/263
f 61/297/267 224/298/268 329/246/219 194/245/218
f 61/297/267 194/245/218 331/244/217 223/299/269
f 61/297/267 223/299/269 339/300/270 210/301/271
f 61/297/267 210/301/271 337/302/272 224/298/268
f 62/303/273 219/289/259 335/254/227 199/253/226
f 62/303/273 199/253/226 336/232/205 218/231/204
f 62/303/273 218/231/204 344/238/211 215/304/274
f 62/303/273 215/304/274 343/290/260 219/289/259
f 63/305/275 221/294/264 333/201/176 197/261/234
f 63/305/275 197/261/234 334/260/233 220/288/258
f 63/305/275 220/288/258 342/282/252 213/281/251
f 63/305/275 213/281/251 341/280/250 221/294/264
f 64/306/276 223/299/269 331/244/217 195/264/237
f 64/306/276 195/264/237 332/203/178 222/293/263
f 64/306/276 222/293/263 340/296/266 211/307/277
f 64/306/276 211/307/277 339/300/270 223/299/269
f 65/308/278 217/309/208 330/269/207 193/268/241
f 65/308/278 193/268/241 329/246/219 224/298/268
f 65/308/278 224/298/268 337/302/272 209/310/279
f 65/308/278 209/310/279 338/311/209 217/309/208
f 66/312/280 266/313/281 350/314/282 246/315/283
f 66/312/280 246/315/283 351/316/284 265/317/285
f 66/312/280 265/317/285 367/318/286 262/319/287
f 66/312/280 262/319/287 366/320/288 266/313/281
f 67/321/289 236/322/290 339/300/270 211/307/277
f 67/321/289 211/307/277 340/296/266 235/323/291
f 67/321/289 235/323/291 356/324/292 227/325/293
f 67/321/289 227/325/293 355/326/294 236/322/290
f 68/327/295 238/328/296 338/311/209 209/310/279
f 68/327/295 209/310/279 337/302/272 237/329/297
f 68/327/295 237/329/297 353/330/298 225/331/299
f 68/327/295 225/331/299 354/332/300 238/328/296
f 69/333/301 239/334/302 344/238/211 216/237/210
f 69/333/301 216/237/210 338/236/209 238/335/296
f 69/333/301 238/335/296 354/336/300 232/337/303
f 69/333/301 232/337/303 360/338/304 239/334/302
f 70/339/305 233/283/253 342/282/252 214/291/261
f 70/339/305 214/291/261 343/290/260 240/340/306
f 70/339/305 240/340/306 359/341/307 230/342/308
f 70/339/305 230/342/308 358/284/254 233/283/253
f 71/343/309 235/323/291 340/296/266 212/295/265
f 71/343/309 212/295/265 341/280/250 234/279/249
f 71/343/309 234/279/249 357/286/256 228/344/310
f 71/343/309 228/344/310 356/324/292 235/323/291
f 72/345/311 237/329/297 337/302/272 210/301/271
f 72/345/311 210/301/271 339/300/270 236/322/290
f 72/345/311 236/322/290 355/326/294 226/346/312
f 72/345/311 226/346/312 353/330/298 237/329/297
f 73/347/313 240/340/306 343/290/260 215/304/274
f 73/347/313 215/304/274 344/238/211 239/334/302
f 73/347/313 239/334/302 360/338/304 231/348/314
f 73/347/313 231/348/314 359/341/307 240/340/306
f 74/349/315 249/350/316 345/351/317 241/352/318
f 74/349/315 241/352/318 346/353/319 250/354/320
f 74/349/315 250/354/320 354/332/300 225/331/299
f 74/349/315 225/331/299 353/330/298 249/350/316
f 75/355/321 251/356/322 347/357/323 242/358/324
f 75/355/321 242/358/324 345/351/317 249/350/316
f 75/355/321 249/350/316 353/330/298 226/346/312
f 75/355/321 226/346/312 355/326/294 251/356/322
f 76/359/325 252/360/326 348/361/327 243/362/328
f 76/359/325 243/362/328 347/357/323 251/356/322
f 76/359/325 251/356/322 355/326/294 227/325/293
f 76/359/325 227/325/293 356/324/292 252/360/326
f 77/363/329 253/364/330 349/365/331 244/366/332
f 77/363/329 244/366/332 348/361/327 252/360/326
f 77/363/329 252/360/326 356/324/292 228/344/310
f 77/363/329 228/344/310 357/286/256 253/364/330
f 78/367/333 254/368/334 350/314/282 245/369/335
f 78/367/333 245/369/335 349/365/331 253/364/330
f 78/367/333 253/364/330 357/286/256 229/285/255
f 78/367/333 229/285/255 358/284/254 254/368/334
f 79/370/336 255/371/337 351/316/284 246/315/283
f 79/370/336 246/315/283 350/314/282 254/368/334
f 79/370/336 254/368/334 358/284/254 230/342/308
f 79/370/336 230/342/308 359/341/307 255/371/337
f 80/372/338 256/373/339 352/374/340 247/375/341
f 80/372/338 247/375/341 351/316/284 255/371/337
f 80/372/338 255/371/337 359/341/307 231/348/314
f 80/372/338 231/348/314 360/338/304 256/373/339
f 81/376/342 250/377/320 346/378/319 248/379/343
f 81/376/342 248/379/343 352/374/340 256/373/339
f 81/376/342 256/373/339 360/338/304 232/337/303
f 81/376/342 232/337/303 354/336/300 250/377/320
f 82/380/344 274/381/345 362/382/346 257/383/347
f 82/380/344 257/383/347 361/384/348 273/385/349
f 83/386/350 268/387/351 348/361/327 244/366/332
f 83/386/350 244/366/332 349/365/331 267/388/352
f 83/386/350 267/388/352 365/389/353 260/390/354
f 83/386/350 260/390/354 364/391/355 268/387/351
f 84/392/356 270/393/357 345/351/317 242/358/324
f 84/392/356 242/358/324 347/357/323 269/394/358
f 84/392/356 269/394/358 363/395/359 258/396/360
f 84/392/356 258/396/360 361/384/348 270/393/357
f 85/397/361 265/317/285 351/316/284 247/375/341
f 85/397/361 247/375/341 352/374/340 271/398/362
f 85/397/361 271/398/362 368/399/363 263/400/364
f 85/397/361 263/400/364 367/318/286 265/317/285
f 86/401/365 267/388/352 349/365/331 245/369/335
f 86/401/365 245/369/335 350/314/282 266/313/281
f 86/401/365 266/313/281 366/320/288 261/402/366
f 86/401/365 261/402/366 365/389/353 267/388/352
f 87/403/367 269/394/358 347/357/323 243/362/328
f 87/403/367 243/362/328 348/361/327 268/387/351
f 87/403/367 268/387/351 364/391/355 259/404/368
f 87/403/367 259/404/368 363/395/359 269/394/358
f 88/405/369 272/406/370 346/353/319 241/352/318
f 88/405/369 241/352/318 345/351/317 270/393/357
f 88/405/369 270/393/357 361/384/348 257/383/347
f 88/405/369 257/383/347 362/382/346 272/406/370
f 89/407/371 271/398/362 352/374/340 248/379/343
f 89/407/371 248/379/343 346/378/319 272/408/370
f 89/407/371 272/408/370 362/409/346 264/410/372
f 89/407/371 264/410/372 368/399/363 271/398/362
f 90/411/373 275/412/374 368/399/363 264/410/372
f 90/411/373 264/410/372 362/409/346 274/381/345
f 82/380/344 273/385/349 93/413/375 280/414/376 96/415/377 279/416/378 92/417/379 278/418/380 95/419/381 277/420/382 91/421/383 276/422/384 94/423/385 275/412/374 90/411/373 274/381/345
f 91/421/383 277/420/382 366/320/288 262/319/287
f 91/421/383 262/319/287 367/318/286 276/422/384
f 92/417/379 279/416/378 364/391/355 260/390/354
f 92/417/379 260/390/354 365/389/353 278/418/380
f 93/413/375 273/385/349 361/384/348 258/396/360
f 93/413/375 258/396/360 363/395/359 280/414/376
f 94/423/385 276/422/384 367/318/286 263/400/364
f 94/423/385 263/400/364 368/399/363 275/412/374
f 95/419/381 278/418/380 365/389/353 261/402/366
f 95/419/381 261/402/366 366/320/288 277/420/382
f 96/415/377 280/414/376 363/395/359 259/404/368
f 96/415/377 259/404/368 364/391/355 279/416/378
f 396/424/386 376/55/38 383/42/27 400/425/387
f 396/424/386 387/426/388 382/40/25 376/55/38
f 395/427/389 375/51/36 381/39/24 399/428/390
f 395/427/389 388/429/391 384/52/35 375/51/36
f 394/430/392 374/47/32 384/50/35 388/431/391
f 394/430/392 386/432/393 380/21/21 374/47/32
f 393/433/394 373/45/30 379/17/17 398/434/395
f 393/433/394 385/435/396 378/15/15 373/45/30
f 392/436/397 372/41/26 377/11/11 397/437/398
f 392/436/397 400/425/387 383/42/27 372/41/26
f 391/438/399 371/38/23 382/40/25 387/426/388
f 391/438/399 399/428/390 381/39/24 371/38/23
f 390/439/400 370/16/16 380/21/21 386/432/393
f 390/439/400 398/434/395 379/17/17 370/16/16
f 389/440/401 369/10/10 378/15/15 385/435/396
f 389/440/401 397/437/398 377/11/11 369/10/10
f 2/441/402 105/442/403 397/437/398 389/440/401
f 2/441/402 389/440/401 385/435/396 106/443/404
f 3/444/405 107/445/406 398/434/395 390/439/400
f 3/444/405 390/439/400 386/432/393 108/446/407
f 4/447/408 109/448/409 399/428/390 391/438/399
f 4/447/408 391/438/399 387/426/388 110/449/410
f 5/450/411 111/451/412 400/425/387 392/436/397
f 5/450/411 392/436/397 397/437/398 105/442/403
f 6/452/413 106/443/404 385/435/396 393/433/394
f 6/452/413 393/433/394 398/434/395 107/445/406
f 7/453/414 108/446/407 386/432/393 394/430/392
f 7/453/414 394/430/392 388/431/391 112/454/415
f 8/455/416 112/456/415 388/429/391 395/427/389
f 8/455/416 395/427/389 399/428/390 109/448/409
f 9/457/417 110/449/410 387/426/388 396/424/386
f 9/457/417 396/424/386 400/425/387 111/451/412
f 57/276/246 408/275/245 414/249/222 206/255/228
f 57/276/246 207/259/232 415/257/230 408/275/245
f 56/273/244 407/271/243 416/272/239 208/274/242
f 56/273/244 205/252/225 413/250/223 407/271/243
f 55/267/240 406/265/238 412/240/213 204/247/220
f 55/267/240 208/270/242 416/266/239 406/265/238
f 54/263/236 405/262/235 410/194/169 202/204/179
f 54/263/236 203/243/216 411/241/214 405/262/235
f 53/258/231 404/256/229 415/257/230 207/259/232
f 53/258/231 201/200/175 409/198/173 404/256/229
f 52/251/224 403/248/221 413/250/223 205/252/225
f 52/251/224 206/255/228 414/249/222 403/248/221
f 51/242/215 402/239/212 411/241/214 203/243/216
f 51/242/215 204/247/220 412/240/213 402/239/212
f 42/199/174 401/193/168 409/198/173 201/200/175
f 42/199/174 202/204/179 410/194/169 401/193/168
o Circle_cell
v 0.001439 0.932231 0.000935
v 0.001529 1.067846 0.001343
v 0.055212 1.043261 -0.053538
v 0.004402 0.938672 -0.002449
v 0.113885 1.067124 -0.047173
v 0.113885 1.067124 0.047173
v 0.123655 1.067124 -0.000000
v 0.087437 1.067124 0.087437
v 0.125993 0.976106 0.125993
v 0.148277 1.004791 0.061418
v 0.143869 1.033381 -0.000000
v 0.139658 0.976106 0.105191
v 0.117294 0.976106 0.131708
v 0.087187 1.008720 0.128593
v 0.133023 0.958622 0.133023
v 0.081773 1.024780 0.120877
v 0.058583 1.105963 0.086471
v 0.067895 1.067124 0.100274
v 0.081403 1.136072 0.042789
v 0.054010 1.126010 0.079193
v 0.063153 1.145574 0.063153
v 0.124779 1.047379 -0.051685
v 0.110431 1.060644 -0.059354
v 0.110761 1.067124 -0.051929
v 0.111780 1.072346 -0.046301
v 0.107042 1.098966 -0.012909
v 0.087378 1.132870 0.036193
v 0.105219 1.109238 -0.000000
v 0.148277 1.004791 0.061418
v 0.143869 1.033381 -0.000000
v 0.139658 0.976106 0.105191
v 0.117294 0.976106 0.131708
v 0.087187 1.008720 0.128593
v 0.133023 0.958622 0.133023
v 0.081773 1.024780 0.120877
v 0.058583 1.105963 0.086471
v 0.067895 1.067124 0.100274
v 0.054010 1.126010 0.079193
v 0.063153 1.145574 0.063153
v 0.124779 1.047379 -0.051685
v 0.110431 1.060644 -0.059354
v 0.111780 1.072346 -0.046301
v 0.107042 1.098966 -0.012909
v 0.110761 1.067124 -0.051929
v 0.087378 1.132870 0.036193
v 0.105219 1.109238 -0.000000
v 0.081403 1.136072 0.042789
vn -0.7547 0.0025 -0.6561
vn 0.0964 -0.4973 -0.8622
vn 0.8202 0.4604 -0.3397
vn 0.8870 0.4618 -0.0000
vn 0.8570 0.5134 0.0450
vn 0.8197 0.5113 -0.2582
vn -0.5771 -0.4689 0.6686
vn -0.8275 -0.0092 0.5614
vn -0.8305 -0.0011 0.5571
vn -0.3009 0.7271 -0.6171
vn -0.7138 0.0047 -0.7003
vn -0.8329 0.0109 0.5533
vn -0.8331 0.5270 0.1679
vn 0.0508 -0.4581 -0.8874
vn -0.2941 0.7266 -0.6210
vn -0.2951 0.7269 -0.6201
vn 0.7346 0.4770 -0.4825
vn 0.7209 0.5060 -0.4735
vn 0.8762 0.3985 -0.2710
vn 0.9132 0.3998 0.0794
vn 0.9000 0.3940 -0.1864
vn 0.6510 0.4936 0.5767
vn 0.7229 0.5020 0.4748
vn 0.6109 0.5035 0.6109
vn 0.4755 0.4997 0.7240
vn 0.6272 0.4618 0.6272
vn 0.4901 0.4507 0.7461
vn 0.4735 0.5060 0.7209
vn 0.5046 0.3940 0.7682
vn 0.6831 0.4005 0.6107
vn 0.7678 0.5117 0.3855
vn 0.8202 0.4604 0.3397
vn 0.8248 0.3994 0.4004
vn 0.7682 0.3940 0.5046
vn 0.5292 -0.7551 -0.3870
vt 0.000000 0.000000
vt 1.000000 0.000000
vt 1.000000 1.000000
vt 1.000000 0.197819
vt 0.488897 0.349276
vt 0.463997 0.351611
vt 0.461752 0.334098
vt 0.488307 0.338998
vt 1.000000 0.694590
vt 0.218577 0.212724
vt 0.489239 0.379104
vt 1.000000 0.713191
vt 0.694590 0.694590
vt 0.796241 0.000000
vt 0.713191 0.713191
vt 0.762878 0.332417
vt 0.345076 0.345076
vt 0.353259 0.000000
vt 1.000000 0.515288
vt 0.796241 0.796241
vt 1.000000 0.345076
vt 0.515288 0.515288
vt 1.000000 0.203872
vt 0.548908 0.000000
vt 0.480548 0.414799
vt 0.505962 0.468791
vt 0.548908 0.548908
vt 0.229644 0.000000
vt 0.800386 0.122341
vt 0.770356 0.000000
vt 1.000000 0.646741
vt 0.956260 0.550497
vt 0.491784 0.349127
vt 0.495013 0.345589
vt 0.489176 0.352481
vt 0.467854 0.377938
vt 0.474179 0.370701
vt 0.401104 0.307707
vt 0.412599 0.313058
vt 0.402754 0.315101
vt 0.400985 0.308155
vt 0.398732 0.316286
vt 0.414234 0.361353
vt 0.402346 0.364837
vt 0.397289 0.343249
vt 0.395050 0.335153
vt 0.409650 0.388825
vt 0.426674 0.410475
vt 0.413302 0.401242
vt 0.433030 0.324136
vt 0.439153 0.356155
vt 0.461752 0.334098
vt 0.447434 0.397306
vt 0.426674 0.410475
vt 0.442641 0.400493
vt 0.808597 0.527211
vt 0.785246 0.492367
vt 1.000000 0.204322
vt 0.197819 0.197819
vt 0.444289 0.308397
s 0
f 434/458/418 436/459/418 433/460/418
f 436/458/419 472/461/419 433/460/419
s 1
f 437/462/420 439/463/421 462/464/422 454/465/423
s 0
f 465/466/424 433/460/424 466/467/424 464/468/424
f 467/469/425 433/460/425 465/470/425
f 468/471/426 434/459/426 433/460/426 467/472/426 469/473/426
f 435/459/427 434/460/427 471/474/427 479/475/427
f 435/458/428 436/459/428 434/460/428
f 470/476/429 434/460/429 468/477/429
f 471/478/430 434/460/430 470/479/430
f 472/480/431 436/460/431 435/458/431 473/481/431
f 474/482/432 476/483/432 473/484/432 435/458/432 475/485/432
f 478/486/433 475/487/433 435/459/433 479/488/433 477/489/433
s 1
f 456/490/434 437/462/420 454/465/423 455/491/435
f 437/462/420 456/490/434 457/492/436
f 460/493/437 439/463/421 437/462/420 457/492/436 458/494/438
f 447/495/439 463/496/440 441/497/441
f 447/498/439 441/497/441 445/499/442
f 445/499/442 441/497/441 440/500/443 450/501/444 448/502/445 446/503/445
f 449/504/446 450/501/444 440/500/443 453/505/447 452/506/446
f 461/507/448 438/508/449 440/500/443 441/497/441 463/496/440
f 462/509/422 439/463/421 438/508/449 461/507/448
f 459/510/450 438/508/449 439/463/421 460/493/437
f 453/511/447 440/500/443 438/508/449 459/510/450 451/512/451
s 0
f 442/513/452 444/514/452 466/515/452 433/460/452 472/516/452 443/517/452
o Circle_cell.001
v -0.065631 1.634732 0.027185
v -0.058182 1.656379 0.024100
v -0.071261 1.634732 -0.000000
v -0.050389 1.634732 0.050389
v -0.063174 1.656379 -0.000000
v -0.075858 1.693679 0.000831
v -0.051362 1.524879 -0.043391
v -0.064529 1.592232 -0.026729
v -0.068182 1.634732 -0.014866
v -0.065205 1.680691 -0.000000
v -0.065500 1.694354 0.004087
v -0.048151 1.552061 -0.034141
v -0.056605 1.595448 -0.023446
v -0.061846 1.656379 -0.006412
v -0.074845 1.694790 0.006153
v -0.073636 1.693130 0.011345
v -0.069535 1.687139 0.028802
v -0.060550 1.687147 0.025081
v -0.057370 1.685308 0.029648
v -0.062855 1.683271 0.038414
v -0.047313 1.522378 -0.033928
v -0.043159 1.526353 -0.040452
v -0.062623 1.518723 -0.025939
v -0.056088 1.516035 -0.015163
v -0.054610 1.518390 -0.022620
v -0.065276 1.514496 -0.012552
v -0.044526 1.533381 -0.038723
v -0.067900 1.515375 -0.000000
v -0.059258 1.517097 -0.000000
v -0.040652 1.615683 0.056157
v -0.035690 1.616078 0.049242
v -0.050844 1.642675 0.050843
v -0.044336 1.639545 0.044336
v -0.048763 1.656379 0.038441
v -0.014468 1.551168 0.065912
v -0.026566 1.577044 0.064135
v -0.023303 1.582100 0.056259
v -0.022636 1.531547 0.063668
v -0.022751 1.530550 0.054924
v -0.014300 1.533433 0.065447
v -0.012535 1.532861 0.057105
v -0.062638 1.519324 0.025945
v -0.054666 1.520548 0.022643
v -0.042064 1.525243 0.042064
v -0.048199 1.524704 0.048198
v -0.012618 1.558674 0.057814
v -0.014228 1.545301 0.065796
v -0.012473 1.543196 0.057409
v -0.075858 1.693679 0.000831
v -0.068182 1.634732 -0.014866
v -0.074845 1.694790 0.006153
v -0.051362 1.524879 -0.043391
v -0.064529 1.592232 -0.026729
v -0.065205 1.680691 -0.000000
v -0.065500 1.694354 0.004087
v -0.061846 1.656379 -0.006412
v -0.056605 1.595448 -0.023446
v -0.048151 1.552061 -0.034141
v -0.073636 1.693130 0.011345
v -0.060550 1.687147 0.025081
v -0.069535 1.687139 0.028802
v -0.062855 1.683271 0.038414
v -0.057370 1.685308 0.029648
v -0.047313 1.522378 -0.033928
v -0.043159 1.526353 -0.040452
v -0.062623 1.518723 -0.025939
v -0.054610 1.518390 -0.022620
v -0.056088 1.516035 -0.015163
v -0.065276 1.514496 -0.012552
v -0.044526 1.533381 -0.038723
v -0.067900 1.515375 -0.000000
v -0.059258 1.517097 -0.000000
v -0.044336 1.639545 0.044336
v -0.048763 1.656379 0.038441
v -0.050844 1.642675 0.050843
v -0.035690 1.616078 0.049242
v -0.023303 1.582100 0.056259
v -0.040652 1.615683 0.056157
v -0.026566 1.577044 0.064135
v -0.014468 1.551168 0.065912
v -0.022636 1.531547 0.063668
v -0.014300 1.533433 0.065447
v -0.022751 1.530550 0.054924
v -0.012535 1.532861 0.057105
v -0.062638 1.519324 0.025945
v -0.048199 1.524704 0.048198
v -0.054666 1.520548 0.022643
v -0.042064 1.525243 0.042064
v -0.012618 1.558674 0.057814
v -0.012473 1.543196 0.057409
v -0.014228 1.545301 0.065796
v -0.050389 1.634732 0.050389
vn 0.0787 -0.9550 -0.2860
vn 0.1947 -0.9748 0.1090
vn 0.0005 0.9789 -0.2045
vn 0.2699 0.2804 -0.9212
vn 0.1065 0.9540 0.2802
vn 0.1220 0.9472 0.2964
vn 0.2878 -0.8883 -0.3579
vn 0.2796 0.2796 -0.9185
vn 0.2788 0.2802 -0.9186
vn 0.7012 0.3831 0.6013
vn 0.7437 0.3833 0.5476
vn 0.1973 -0.9743 0.1085
vn 0.9669 0.0345 0.2528
vn 0.9790 0.0039 0.2039
vn 0.9781 -0.0120 0.2077
vn -0.2027 -0.0276 0.9788
vn -0.5016 -0.0346 0.8644
vn -0.3911 -0.0323 0.9198
vn -0.8004 -0.0514 0.5973
vn -0.7219 -0.0316 0.6913
vn -0.5360 -0.0353 0.8435
vn -0.9995 -0.0281 -0.0146
vn -0.9986 -0.0531 -0.0009
vn -0.9782 -0.0464 -0.2026
vn -0.9711 -0.0277 -0.2370
vn -0.9365 -0.0280 -0.3495
vn -0.9788 -0.0276 -0.2027
vn -0.8355 -0.0276 -0.5488
vn -0.9225 -0.0544 0.3821
vn -0.9315 -0.0281 0.3627
vn -0.9850 -0.0790 0.1536
vn -0.9762 -0.0790 0.2022
vn -0.9352 -0.0803 0.3449
vn -0.8332 -0.0790 0.5473
vn 0.9822 0.0821 -0.1692
vn 0.9984 0.0559 -0.0000
vn 0.9780 0.0497 0.2026
vn 0.8330 0.0816 -0.5472
vn 0.8349 0.0477 -0.5484
vn 0.9224 0.0557 -0.3821
vn 0.9350 0.0829 -0.3448
vn 0.9760 0.0816 -0.2021
vn 0.5488 0.0275 -0.8355
vn 0.5064 0.0277 -0.8618
vn 0.4071 0.0280 -0.9130
vn 0.7264 0.0281 -0.6867
vn 0.8066 0.0278 -0.5904
vn 0.2027 0.0275 -0.9788
vn 0.8355 0.0275 0.5488
vn 0.9711 0.0277 0.2369
vn 0.9365 0.0280 0.3495
vn 0.9788 0.0275 0.2027
vn 0.9995 0.0281 0.0146
vn 0.9315 0.0280 -0.3627
vn 0.2703 0.2805 -0.9210
vt 1.000000 1.000000
vt 0.639257 0.639257
vt 0.300143 0.276459
vt 0.030813 0.000000
vt 0.055393 0.000000
vt 0.538890 0.496294
vt 0.946041 0.856812
vt 0.075492 0.043973
vt 0.055393 0.055393
vt 0.030813 0.030813
vt 0.055093 0.017019
vt 0.864006 0.801180
vt 0.574141 0.533420
vt 0.286564 0.286564
vt 0.230785 0.221134
vt 0.613901 0.550002
vt 1.000000 0.019328
vt 0.983149 0.000000
vt 1.000000 0.000000
vt 0.853277 0.853277
vt 0.908763 0.826864
vt 0.889220 0.665070
vt 0.972880 0.388315
vt 0.835399 0.000000
vt 0.983571 0.983571
vt 1.000000 0.980422
vt 0.980422 0.980422
vt 0.945464 0.449019
vt 0.928486 0.000000
vt 0.949908 0.000000
vt 0.957973 0.213559
vt 0.315009 0.315009
vt 1.000000 0.639257
vt 1.000000 0.909412
vt 0.835399 0.835399
vt 0.909412 0.909412
vt 1.000000 0.315009
vt 0.921015 0.553451
vt 0.949908 0.949908
vt 0.928486 0.928486
vt 0.887726 0.372206
vt 0.882370 0.262497
vt 0.867647 0.000000
vt 0.884210 0.000000
vt 0.902350 0.323370
vt 1.000000 0.115790
vt 1.000000 0.132354
vt 0.520651 0.058497
vt 0.197085 0.000000
vt 0.297217 0.000000
vt 0.578471 0.050846
vt 0.797251 0.000000
vt 1.000000 0.181459
vt 0.942713 0.222367
vt 0.694256 0.000000
vt 0.197085 0.197085
vt 1.000000 0.053093
vt 0.297216 0.297216
vt 0.177004 0.000000
vt 0.171182 0.171182
vt 0.054902 0.000000
vt 0.797251 0.797251
vt 0.694256 0.694256
vt 0.822996 0.000000
vt 0.945098 0.000000
vt 0.463560 0.718172
vt 0.463644 0.718985
vt 0.460389 0.740194
vt 0.453686 0.706355
vt 0.460093 0.706032
vt 0.454049 0.786835
vt 0.431556 0.707306
vt 0.450981 0.706555
vt 0.460389 0.740194
vt 0.457563 0.771082
vt 0.393588 0.711462
vt 0.418036 0.797122
vt 0.408118 0.800159
vt 0.391259 0.772205
vt 0.376316 0.719501
vt 0.384707 0.713564
vt 0.391259 0.772205
vt 0.363481 0.728404
vt 0.436045 0.791803
vt 0.412380 0.708764
vt 0.431556 0.707306
vt 0.429327 0.830444
vt 0.433307 0.831717
vt 0.429327 0.830444
vt 0.445596 0.822675
vt 0.436406 0.829592
vt 0.451766 0.818426
vt 0.445596 0.822675
vt 0.455344 0.791522
vt 0.485982 0.949868
vt 0.490634 0.957608
vt 0.489122 0.958692
vt 0.493933 0.944005
vt 0.501200 0.952555
vt 0.496720 0.954284
vt 0.492044 0.944000
vt 0.484594 0.944883
vt 0.492044 0.944000
vt 0.507508 0.957345
vt 0.512103 0.961733
vt 0.513119 0.970074
vt 0.510342 0.971729
vt 0.504070 0.954361
vt 0.514714 0.969254
vt 0.513680 0.969786
vt 0.512103 0.961733
vt 0.514222 0.965194
vt 0.514532 0.967626
vt 0.496440 0.977151
vt 0.492607 0.969506
vt 0.502288 0.979401
vt 0.500534 0.980804
vt 0.499288 0.981407
vt 0.498466 0.980263
vt 0.503371 0.978814
vt 0.502288 0.979401
vt 0.492607 0.969506
vt 0.489122 0.958692
vt 0.504880 0.976848
vt 0.507415 0.974115
vt 0.507415 0.974115
vt 0.501200 0.952555
vt 0.510342 0.971729
vt 0.980672 0.000000
vt 0.000000 0.000000
vt 1.000000 0.006754
vt 0.604455 0.020693
vt 0.354742 0.016908
s 0
f 486/518/453 543/519/453 546/520/453 547/521/453 548/522/453 545/523/453
f 564/524/454 550/525/454 548/526/454 547/527/454 551/528/454 566/529/454 567/530/454 562/531/454 560/532/454 565/533/454
f 485/534/455 530/535/455 534/536/455
f 486/536/456 534/537/456 533/538/456 535/539/456 536/540/456 537/541/456
f 530/542/457 538/543/457 534/518/457
f 534/518/458 538/544/458 540/545/458 541/546/458 542/547/458 539/548/458
f 486/518/459 544/549/459 543/550/459
f 549/551/460 486/518/460 537/552/460
f 549/553/461 544/554/461 486/518/461
f 553/555/462 542/556/462 541/557/462 554/558/462 483/559/462 557/560/462 555/561/462 552/562/462
f 555/563/463 557/564/463 558/565/463 559/566/463 568/567/463 556/568/463
f 561/569/464 560/570/464 562/571/464 563/572/464
f 559/573/465 570/574/465 568/575/465
f 569/576/466 568/577/466 570/578/466
f 561/579/467 563/580/467 569/581/467 570/582/467
s 1
f 526/583/468 514/584/468 515/585/469 517/586/470 519/587/468
f 571/588/471 524/589/472 517/590/470 515/591/469 509/592/473
f 507/593/474 482/594/475 529/595/476 532/596/477 502/597/478 505/598/479
f 532/599/477 531/600/480 502/597/478
f 571/588/471 480/601/481 521/602/482 524/603/472
f 480/601/481 482/594/475 507/593/474 521/602/482
f 529/595/476 482/594/475 528/604/483
f 494/605/484 528/606/483 482/594/475 480/601/481 496/607/485 495/608/484
f 499/609/486 496/610/485 480/601/481 571/588/471 511/611/486
f 489/612/487 484/613/488 493/614/489
f 498/615/490 513/616/491 481/617/492 497/618/493
f 481/617/492 484/613/488 489/612/487 490/619/494 497/620/493
f 510/621/495 516/622/496 518/623/497 523/624/498 512/625/499
f 520/626/500 518/627/497 516/628/496 525/629/500 527/630/500
f 491/631/501 492/632/502 504/633/503 500/634/501 501/635/501 506/636/501
f 503/637/504 504/638/503 492/639/502 493/640/489 484/613/488 508/641/505
f 508/641/505 484/613/488 481/617/492 522/642/506
f 522/643/506 481/617/492 513/644/491 512/625/499 523/645/498
s 0
f 485/646/507 534/647/507 486/648/507 487/649/507 488/650/507
o Circle_cell.002
v 0.232704 0.581164 -0.001070
v 0.001810 0.524780 -0.001255
v 0.037528 0.620933 -0.023517
v 0.003146 0.581687 -0.001449
v -0.005099 0.559121 -0.001303
v -0.001296 0.532667 -0.001392
v -0.005596 0.549770 -0.004178
v 0.309162 0.653589 -0.128059
v 0.237364 0.653589 -0.237364
v 0.233498 0.635981 -0.245336
v 0.245336 0.610778 -0.245336
v 0.229102 0.645811 -0.245191
v 0.229492 0.653589 -0.242535
v 0.228733 0.710644 -0.214543
v 0.230343 0.681687 -0.230343
v 0.228390 0.720237 -0.209018
v 0.293068 0.724652 -0.084511
v 0.285261 0.727024 -0.118159
v 0.318572 0.614789 -0.131957
v 0.342292 0.609815 -0.023752
v 0.343614 0.609628 -0.017607
v 0.336908 0.627184 -0.027666
v 0.326764 0.653589 -0.043068
v 0.233498 0.635981 -0.245336
v 0.245336 0.610778 -0.245336
v 0.229102 0.645811 -0.245191
v 0.228733 0.710644 -0.214543
v 0.230343 0.681687 -0.230343
v 0.228390 0.720237 -0.209018
v 0.293068 0.724652 -0.084511
v 0.285261 0.727024 -0.118159
v 0.318572 0.614789 -0.131957
v 0.342292 0.609815 -0.023752
v 0.343614 0.609628 -0.017607
v 0.336908 0.627184 -0.027666
v 0.326764 0.653589 -0.043068
v 0.229492 0.653589 -0.242535
vn -0.6233 -0.2928 -0.7251
vn -0.6329 -0.2723 -0.7248
vn -0.7415 0.2329 -0.6293
vn -0.7411 0.2621 -0.6181
vn -0.7396 0.2885 -0.6081
vn -0.7407 0.3152 -0.5933
vn -0.3422 0.9284 0.1449
vn 0.2313 -0.9671 -0.1054
vn -0.0011 0.0012 1.0000
vn -0.0825 -0.0152 0.9965
vn -0.6861 -0.2818 -0.6708
vn 0.2365 -0.9683 -0.0804
vn -0.8333 -0.1216 0.5393
vn -0.0016 0.0071 1.0000
vn -0.0003 0.4904 0.8715
vn 0.0016 0.4976 0.8674
vn 0.0014 0.5043 0.8635
vn 0.7680 0.3292 -0.5494
vn 0.6761 0.2927 -0.6761
vn 0.5266 0.2828 -0.8017
vn 0.7698 0.2525 -0.5862
vn 0.8836 0.2920 -0.3660
vn 0.8940 0.2539 -0.3693
vn 0.9482 0.2497 -0.1964
vn 0.9415 0.2747 -0.1950
vn 0.5316 0.2497 -0.8093
vn 0.8713 0.3323 -0.3612
vn 0.9254 0.3270 -0.1917
vn 0.7899 0.3270 -0.5188
vt 0.413799 0.000000
vt 1.000000 0.000000
vt 1.000000 0.584941
vt 1.000000 0.581662
vt 0.584941 0.584941
vt 0.000000 0.000000
vt 0.581662 0.581662
vt 0.581470 0.581470
vt 0.773935 0.578110
vt 0.573504 0.573504
vt 0.542471 0.000000
vt 0.562737 0.323128
vt 1.000000 0.500335
vt 0.542471 0.542471
vt 0.649854 0.126963
vt 0.500335 0.500335
vt 0.670443 0.000000
vt 0.183235 0.000000
vt 1.000000 0.586201
vt 0.522733 0.282572
vt 1.000000 1.000000
vt 0.403621 0.000000
vt 0.183235 0.183235
vt 0.596379 0.000000
vt 1.000000 0.214534
vt 1.000000 0.329557
vt 0.214534 0.214534
vt 0.422530 0.241148
vt 0.510236 0.188891
vt 0.509121 0.180178
vt 0.511717 0.181291
vt 0.506957 0.167920
vt 0.473140 0.186346
vt 0.471031 0.175934
vt 0.441148 0.180772
vt 0.442742 0.180486
vt 0.450600 0.190748
vt 0.444828 0.184741
vt 0.511932 0.179823
vt 0.506957 0.167920
vt 0.510768 0.174799
vt 0.512083 0.178658
vt 0.476776 0.207731
vt 0.467091 0.208667
vt 0.510236 0.188891
vt 0.508470 0.198312
vt 0.507732 0.201424
vt 0.476776 0.207731
s 0
f 596/651/508 573/652/508 595/653/508
f 578/652/509 597/654/509 595/655/509 573/656/509
f 576/652/510 597/657/510 578/656/510
f 597/658/511 576/656/511 575/652/511 584/659/511
f 584/660/512 575/656/512 598/661/512 599/662/512
f 574/652/513 600/663/513 598/664/513 575/656/513
f 602/665/514 600/666/514 574/656/514 601/667/514
f 604/668/515 573/652/515 596/669/515 603/670/515
f 572/656/516 576/652/516 573/671/516
f 576/656/517 577/652/517 573/671/517
f 577/656/518 578/652/518 573/671/518
f 605/672/519 572/652/519 573/671/519 604/673/519
f 577/656/520 576/652/520 578/671/520
f 572/656/521 575/652/521 576/671/521
f 572/656/522 574/652/522 575/671/522
f 574/671/523 572/656/523 605/674/523 606/675/523
f 601/676/524 574/671/524 606/677/524 607/678/524
s 1
f 586/679/525 580/680/526 608/681/527
f 582/682/528 580/680/526 579/683/529 590/684/530
f 592/685/531 591/686/531 590/684/530 579/683/529 594/687/532 593/688/531
f 608/689/527 580/680/526 582/690/528 581/691/533 583/692/533
f 594/687/532 579/683/529 589/693/534 588/694/535
f 579/683/529 580/680/526 586/695/525 585/696/536 587/697/536 589/698/534
o Circle_cell.003
v -0.089698 1.057645 0.038606
v -0.000496 1.069000 0.000985
v 0.000190 1.206345 0.000970
v -0.031790 1.159236 0.076748
v 0.031790 1.159235 0.076748
v -0.058925 1.159235 0.058925
v -0.000000 1.159235 0.083332
v 0.061832 1.147425 0.063072
v 0.055223 1.195061 0.056203
v 0.058218 1.159235 0.059389
v -0.095026 1.112884 0.040154
v -0.076284 1.159235 0.032496
v -0.069825 1.215838 0.029936
v -0.068923 1.223656 0.029598
v -0.028987 1.219097 0.069980
v -0.053251 1.224597 0.053251
v 0.029735 1.203122 0.071786
v -0.000000 1.211627 0.076900
v 0.052194 1.127302 0.079723
v -0.111490 1.071257 0.047592
v -0.035397 1.106893 0.098914
v 0.037143 1.127185 0.089670
v 0.000000 1.119924 0.100541
v -0.094891 1.072718 0.071721
v -0.082687 1.082470 0.082687
v -0.040865 1.104893 0.098657
v -0.101732 1.070416 0.063103
v -0.098099 1.070174 0.068824
v 0.061832 1.147425 0.063072
v 0.058218 1.159235 0.059389
v 0.055223 1.195061 0.056203
v -0.095026 1.112884 0.040154
v -0.076284 1.159235 0.032496
v -0.069825 1.215838 0.029936
v -0.068923 1.223656 0.029598
v 0.029735 1.203122 0.071786
v -0.028987 1.219097 0.069980
v -0.053251 1.224597 0.053251
v -0.000000 1.211627 0.076900
v 0.052194 1.127302 0.079723
v -0.111490 1.071257 0.047592
v -0.035397 1.106893 0.098914
v 0.000000 1.119924 0.100541
v 0.037143 1.127185 0.089670
v -0.082687 1.082470 0.082687
v -0.040865 1.104893 0.098657
v -0.094891 1.072718 0.071721
v -0.101732 1.070416 0.063103
v -0.098099 1.070174 0.068824
vn 0.7080 -0.0036 -0.7062
vn -0.3821 0.0018 -0.9241
vn -0.3818 0.0042 -0.9242
vn 0.2480 0.9652 -0.0834
vn 0.8310 -0.5321 -0.1621
vn -0.3873 -0.0115 -0.9219
vn 0.2936 -0.8517 0.4342
vn 0.2915 -0.8526 0.4338
vn -0.4444 -0.8651 0.2327
vn -0.4345 -0.8683 0.2392
vn 0.2859 -0.8545 0.4338
vn -0.7093 0.1218 0.6943
vn -0.6810 0.2691 0.6810
vn -0.3687 0.2680 0.8901
vn -0.4040 0.1214 0.9067
vn -0.0000 0.2691 0.9631
vn -0.0341 0.1218 0.9920
vn 0.3401 0.3999 0.8511
vn 0.5046 0.3940 0.7682
vn 0.5296 0.2636 0.8063
vn 0.3687 0.2680 0.8901
vn -0.0352 0.4008 0.9155
vn -0.7682 0.3940 0.5046
vn -0.6943 0.4001 0.5982
vn -0.8062 0.2637 0.5296
vn -0.3964 0.3995 0.8266
vn -0.1864 0.3940 0.9000
vn 0.3500 0.1214 0.9288
vn 0.5451 0.1193 0.8298
vn -0.8298 0.1193 0.5451
vt 0.336622 0.000000
vt 1.000000 0.000000
vt 1.000000 1.000000
vt 0.409948 0.409948
vt 0.375958 0.119847
vt 0.000000 0.000000
vt 0.226044 0.000000
vt 0.581788 0.399904
vt 1.000000 0.832852
vt 1.000000 0.834962
vt 0.832852 0.832852
vt 1.000000 0.409948
vt 0.784805 0.784805
vt 0.766106 0.538630
vt 0.782940 0.352922
vt 0.831902 0.258657
vt 0.909097 0.281231
vt 1.000000 0.663378
vt 0.508286 0.000000
vt 1.000000 0.773955
vt 0.066239 0.000000
vt 1.000000 0.765397
vt 0.508286 0.508286
vt 0.578352 0.527645
vt 0.780930 0.626468
vt 0.867381 0.167153
vt 0.912810 0.000000
vt 0.765397 0.765397
vt 0.772624 0.699271
vt 0.066239 0.066239
vt 0.064535 0.000000
vt 1.000000 0.935465
vt 0.817950 0.817950
vt 1.000000 0.817950
vt 0.912810 0.912810
vt 0.361376 0.492812
vt 0.343323 0.449013
vt 0.364149 0.440488
vt 0.379657 0.481484
vt 0.379657 0.481484
vt 0.385371 0.432410
vt 0.397999 0.468965
vt 0.401030 0.405648
vt 0.412445 0.402364
vt 0.426451 0.411786
vt 0.428273 0.419196
vt 0.407055 0.425455
vt 0.401030 0.405648
vt 0.376831 0.408404
vt 0.311857 0.402943
vt 0.322461 0.404470
vt 0.323800 0.458289
vt 0.309888 0.432556
vt 0.297763 0.409264
vt 0.306100 0.404306
vt 0.309189 0.402517
vt 0.350892 0.408137
vt 0.353960 0.408294
vt 0.350892 0.408137
vt 0.322461 0.404470
vt 0.416751 0.456355
vt 0.397999 0.468965
vt 0.435557 0.444547
vt 0.342592 0.500082
vt 0.340300 0.495014
vt 0.323800 0.458289
s 0
f 637/699/537 610/700/537 611/701/537 639/702/537 638/703/537
f 611/701/538 610/704/538 640/705/538 641/706/538 642/707/538
f 643/708/539 611/701/539 642/709/539
f 639/710/540 611/701/540 643/711/540 646/712/540 645/713/540 647/714/540 644/715/540
f 610/700/541 637/716/541 648/717/541
f 640/718/542 610/701/542 609/704/542 649/719/542
f 650/720/543 610/701/543 648/721/543 652/722/543 651/723/543
f 653/724/544 655/725/544 609/700/544 610/701/544 650/726/544 654/727/544
f 649/728/545 609/704/545 656/729/545
f 656/730/546 609/701/546 657/731/546
f 657/732/547 609/701/547 655/733/547
s 1
f 624/734/548 614/735/549 612/736/550 623/737/551
f 623/738/551 612/736/550 615/739/552 626/740/553
f 630/741/554 627/742/555 616/743/555 618/744/556 613/745/557
f 630/746/554 613/745/557 615/739/552 631/747/558
f 632/748/559 633/749/560 614/735/549 620/750/561 619/751/559 628/752/559 635/753/559 636/754/559
f 631/747/558 615/739/552 612/736/550 634/755/562 629/756/563
f 634/757/562 612/736/550 614/735/549 633/758/560
f 615/739/552 613/745/557 625/759/564 626/760/553
f 625/759/564 613/745/557 618/744/556 617/761/565
f 622/762/566 621/763/566 620/764/561 614/735/549 624/734/548
o Circle_cell.004
v 0.067253 1.774241 0.027857
v 0.079631 1.792712 0.032984
v 0.075454 1.759934 0.031254
v 0.069646 1.747769 0.005620
v 0.079278 1.743742 0.004958
v 0.070496 1.745734 0.000696
v 0.072842 1.774241 0.000868
v 0.075872 1.795614 0.001115
v 0.081779 1.759934 0.000715
v 0.086236 1.792712 0.001093
v 0.080456 1.746449 0.000579
v 0.065962 1.757467 0.027322
v 0.070622 1.759934 0.038611
v 0.064135 1.766885 0.050202
v 0.054684 1.769425 0.046273
v 0.061734 1.769902 0.054602
v 0.060250 1.777649 0.058772
v 0.052701 1.778946 0.051220
v 0.053584 1.774241 0.048666
v 0.075501 1.800642 0.006405
v 0.085727 1.798877 0.006240
v 0.075071 1.806428 0.012510
v 0.084880 1.805581 0.013255
v 0.055468 1.806602 0.054118
v 0.062506 1.805764 0.061160
v 0.071486 1.806125 0.029610
v 0.080672 1.805222 0.033416
v 0.061694 1.792712 0.060291
v 0.069646 1.747769 0.005620
v 0.070496 1.745734 0.000696
v 0.072842 1.774241 0.000868
v 0.075872 1.795614 0.001115
v 0.081779 1.759934 0.000715
v 0.086236 1.792712 0.001093
v 0.065962 1.757467 0.027322
v 0.070622 1.759934 0.038611
v 0.064135 1.766885 0.050202
v 0.054684 1.769425 0.046273
v 0.053584 1.774241 0.048666
v 0.061734 1.769902 0.054602
v 0.060250 1.777649 0.058772
v 0.052701 1.778946 0.051220
v 0.075501 1.800642 0.006405
v 0.085727 1.798877 0.006240
v 0.084880 1.805581 0.013255
v 0.075071 1.806428 0.012510
v 0.071486 1.806125 0.029610
v 0.055468 1.806602 0.054118
v 0.062506 1.805764 0.061160
v 0.080672 1.805222 0.033416
v 0.061694 1.792712 0.060291
v 0.075454 1.759934 0.031254
v 0.080456 1.746449 0.000579
v 0.079278 1.743742 0.004958
vn -0.3493 -0.8857 0.3057
vn -0.0029 0.0100 -0.9999
vn 0.0554 -0.8559 -0.5142
vn -0.2044 -0.9011 0.3823
vn -0.3819 -0.8461 0.3718
vn -0.6698 -0.4474 0.5926
vn -0.9760 0.0816 -0.2021
vn -0.9407 0.0829 -0.3288
vn -0.9180 0.1131 -0.3802
vn -0.9732 0.1110 -0.2016
vn 0.1478 0.6807 -0.7175
vn 0.1142 0.7251 -0.6792
vn 0.0834 0.9959 0.0351
vn -0.8330 0.0816 -0.5472
vn -0.8298 0.1199 -0.5450
vn 0.9745 -0.0977 0.2018
vn 0.9726 -0.1161 0.2014
vn 0.9262 -0.1311 0.3535
vn -0.8276 0.1398 -0.5436
vn -0.9145 0.1422 -0.3787
vn -0.9696 0.1398 -0.2008
vn 0.8282 -0.1342 0.5440
vn 0.9180 -0.1129 0.3802
vn 0.8307 -0.1109 0.5456
vn 0.9724 -0.1177 0.2014
vn 0.9754 -0.0882 0.2020
vn 0.9202 -0.0898 0.3811
vn 0.8326 -0.0882 0.5469
vn -0.7076 -0.0032 0.7066
vt 0.845346 0.845346
vt 0.483377 0.000000
vt 0.571785 0.000000
vt 1.000000 0.967731
vt 0.536844 0.454163
vt 0.130502 0.000000
vt 0.180689 0.026240
vt 0.803778 0.722131
vt 1.000000 0.940188
vt 1.000000 0.715020
vt 0.968060 0.968060
vt 0.940942 0.940942
vt 0.914674 0.000000
vt 0.949530 0.211160
vt 1.000000 0.428215
vt 1.000000 0.516623
vt 0.939223 0.256976
vt 0.922213 0.154752
vt 0.895989 0.000000
vt 0.914674 0.914674
vt 0.895989 0.895989
vt 1.000000 0.885579
vt 0.547273 0.547273
vt 0.446568 0.446568
vt 0.397199 0.000000
vt 0.488767 0.000000
vt 0.519002 0.271415
vt 0.558089 0.921772
vt 0.556328 0.920417
vt 0.548233 0.914175
vt 0.549988 0.907839
vt 0.562422 0.911089
vt 1.000000 0.869498
vt 0.162516 0.000000
vt 0.187452 0.000000
vt 1.000000 0.842954
vt 0.185384 0.000000
vt 0.187452 0.187452
vt 0.162516 0.162516
vt 0.161464 0.000000
vt 0.838536 0.000000
vt 0.893097 0.050815
vt 1.000000 0.126059
vt 1.000000 0.145092
vt 0.878890 0.059904
vt 0.814616 0.000000
vt 0.539776 0.908207
vt 0.538971 0.906223
vt 0.573552 0.836299
vt 0.573616 0.840980
vt 0.573476 0.847363
vt 0.555441 0.844342
vt 0.538971 0.906223
vt 0.538024 0.903886
vt 0.538800 0.891138
vt 0.552435 0.892720
vt 0.563214 0.897610
vt 0.565127 0.900606
vt 0.562422 0.911089
vt 0.552435 0.892720
vt 0.560926 0.894217
vt 0.543055 0.851315
vt 0.543541 0.851048
vt 0.550720 0.847184
vt 0.555520 0.847021
vt 0.555135 0.864531
vt 0.539241 0.864305
vt 0.538996 0.856628
vt 0.571835 0.865933
vt 0.571747 0.866560
vt 0.568770 0.868804
vt 0.564814 0.871811
vt 0.554719 0.870552
vt 0.539219 0.870308
vt 0.145092 0.145092
vt 0.126059 0.126059
vt 0.488767 0.488767
vt 0.397199 0.397199
vt 0.480154 0.043550
s 0
f 687/765/567 711/766/567 686/767/567
f 687/768/568 688/769/568 689/770/568 691/771/568 690/772/568 710/773/568
f 711/774/569 687/775/569 710/776/569
f 695/777/570 692/778/570 686/779/570 711/780/570 660/781/570 693/782/570 694/783/570
f 695/784/571 694/785/571 697/786/571
f 695/787/572 697/788/572 698/789/572 699/790/572 696/791/572
s 1
f 663/792/573 661/793/573 669/794/574 658/795/575 664/796/576
s 0
f 689/797/577 700/798/577 701/799/577 691/800/577
f 702/801/578 701/802/578 700/803/578 703/804/578
f 703/805/579 704/806/579 705/807/579 706/808/579 707/809/579 702/810/579
s 1
f 672/811/580 676/812/581 658/795/575 669/794/574
f 662/813/582 668/814/582 666/815/583 709/816/584
f 658/795/575 676/817/581 675/818/585 681/819/585 683/820/586
f 677/821/587 665/822/587 664/823/576 658/795/575 683/824/586 679/825/587
f 673/826/588 671/827/588 670/828/588 709/829/584 659/830/589 708/831/590 674/832/588
f 667/833/591 659/830/589 709/829/584 666/815/583
f 659/830/589 667/834/591 678/835/592 680/836/592 684/837/593
f 682/838/594 708/831/590 659/830/589 684/837/593
s 0
f 706/839/595 705/840/595 699/841/595 698/842/595 685/843/595
o Circle_cell.005
v 0.240621 0.581011 -0.000896
v 0.001715 0.523185 -0.000520
v 0.093447 0.493144 0.014420
v 0.167307 0.511987 -0.165006
v 0.001574 0.481644 -0.000006
v 0.032630 0.485211 0.013185
v 0.000995 0.518393 0.000775
v 0.001019 0.487498 0.000197
v 0.003566 0.504455 0.004278
v 0.328482 0.573929 -0.136062
v 0.356662 0.573929 0.000000
v 0.246458 0.606680 -0.245553
v 0.248978 0.593158 -0.248068
v 0.252640 0.573929 -0.251525
v 0.255053 0.550662 -0.253695
v 0.256359 0.540101 -0.254360
v 0.352632 0.583783 0.006926
v 0.356305 0.553064 0.015909
v 0.354596 0.573929 0.009972
v 0.351471 0.589827 0.004850
v 0.359090 0.529380 -0.018567
v 0.319013 0.612971 -0.132140
v 0.344376 0.607594 -0.016514
v 0.265254 0.528937 -0.243623
v 0.333872 0.532375 -0.138294
v 0.351364 0.594048 0.000000
v 0.361284 0.541109 0.000000
v 0.246458 0.606680 -0.245553
v 0.248978 0.593158 -0.248068
v 0.252640 0.573929 -0.251525
v 0.255053 0.550662 -0.253695
v 0.256359 0.540101 -0.254360
v 0.356305 0.553064 0.015909
v 0.354596 0.573929 0.009972
v 0.352632 0.583783 0.006926
v 0.351471 0.589827 0.004850
v 0.359090 0.529380 -0.018567
v 0.361284 0.541109 0.000000
v 0.319013 0.612971 -0.132140
v 0.344376 0.607594 -0.016514
v 0.265254 0.528937 -0.243623
v 0.333872 0.532375 -0.138294
v 0.351364 0.594048 0.000000
vn -0.8268 -0.0111 0.5624
vn -0.1539 0.2141 0.9646
vn -0.0901 0.2724 0.9580
vn -0.8862 0.0080 -0.4632
vn -0.6409 -0.0873 0.7626
vn -0.7075 -0.0004 -0.7068
vn -0.7060 -0.0072 -0.7082
vn -0.2339 0.9675 0.0960
vn -0.3735 -0.1396 0.9171
vn -0.0696 0.2867 0.9555
vn 0.1300 -0.9908 -0.0382
vn -0.0394 0.1485 0.9881
vn -0.0643 0.2682 0.9612
vn -0.0739 0.3114 0.9474
vn -0.7011 -0.0419 -0.7119
vn 0.1302 -0.9907 -0.0396
vn -0.3081 -0.7755 -0.5511
vn -0.0936 0.7500 0.6548
vn 0.1747 -0.8049 0.5671
vn 0.9870 0.1390 -0.0808
vn 0.9700 0.1366 -0.2009
vn 0.9148 0.1390 -0.3791
vn 0.9061 0.1955 -0.3753
vn 0.9806 0.1959 -0.0000
vn 0.8280 0.1366 -0.5439
vn 0.8202 0.1923 -0.5388
vn 0.8936 0.2539 -0.3701
vn 0.8093 0.2497 -0.5316
vn 0.9632 0.2536 -0.0891
vn 0.9482 0.2497 -0.1964
vn 0.9624 0.1844 0.1993
vn 0.9700 0.1366 0.2009
vn 0.9482 0.2497 0.1964
vn 0.1295 -0.9902 -0.0520
vt 0.000000 0.000000
vt 1.000000 0.000000
vt 1.000000 1.000000
vt 0.587585 0.000000
vt 1.000000 0.405687
vt 0.677669 0.397221
vt 1.000000 0.391802
vt 0.405687 0.405687
vt 0.582186 0.000000
vt 0.440899 0.306340
vt 1.000000 0.412415
vt 0.167124 0.167124
vt 0.158052 0.000000
vt 1.000000 0.161251
vt 1.000000 0.167124
vt 0.161251 0.161251
vt 0.158052 0.158052
vt 0.376851 0.000000
vt 0.391802 0.391802
vt 0.645767 0.000000
vt 0.180110 0.000000
vt 1.000000 0.354233
vt 0.610192 0.000000
vt 0.417814 0.000000
vt 1.000000 0.623150
vt 0.865681 0.487979
vt 0.180110 0.180110
vt 0.577710 0.175823
vt 1.000000 0.191116
vt 0.432571 0.164693
vt 0.436473 0.160786
vt 0.466350 0.154526
vt 0.468809 0.164969
vt 0.434528 0.172587
vt 0.502668 0.148412
vt 0.503428 0.151208
vt 0.504883 0.157413
vt 0.466350 0.154526
vt 0.498377 0.146277
vt 0.470932 0.175446
vt 0.504883 0.157413
vt 0.505892 0.162909
vt 0.506576 0.166781
vt 0.435703 0.177737
vt 0.440745 0.180309
vt 0.432571 0.164693
vt 0.432106 0.173186
vt 0.429369 0.168321
vt 0.434258 0.176947
vt 0.433398 0.175525
vt 0.610192 0.610192
vt 0.801787 0.336625
vt 1.000000 0.142118
s 0
f 719/844/596 720/845/596 718/846/596
f 720/844/597 717/845/597 718/846/597
f 717/844/598 713/845/598 718/846/598
f 713/844/599 719/845/599 718/846/599
f 716/844/600 720/845/600 719/846/600
f 713/844/601 739/847/601 740/848/601 719/846/601
f 741/849/602 742/850/602 719/846/602 740/851/602
f 712/844/603 751/852/603 750/853/603 739/854/603 713/846/603
f 716/844/604 717/845/604 720/846/604
f 713/845/605 717/846/605 745/855/605 746/856/605
f 716/844/606 714/845/606 717/846/606
f 717/846/607 714/844/607 744/857/607
f 745/858/608 717/846/608 744/859/608
f 746/860/609 747/861/609 712/845/609 713/846/609
f 715/844/610 716/845/610 719/846/610 742/862/610 743/863/610
f 748/864/611 714/845/611 716/846/611
f 743/865/612 752/866/612 715/845/612
f 751/867/613 712/845/613 747/868/613 754/869/613
f 748/870/614 749/871/614 744/872/614 714/846/614
s 1
f 738/873/615 732/874/616 753/875/617 721/876/618 722/877/619
f 727/878/620 726/879/620 725/880/621 721/876/618 753/881/617 735/882/620
f 733/883/622 721/876/618 725/884/621 724/885/623 723/886/623
f 737/887/624 722/877/619 721/876/618 733/883/622 734/888/625
f 738/889/615 722/877/619 730/890/626 729/891/627
f 730/890/626 722/877/619 737/887/624 731/892/628 728/893/628
s 0
f 715/846/629 752/894/629 736/895/629 748/896/629 716/846/629
o Circle_cell.006
v -0.003484 0.445451 -0.002824
v -0.002604 0.478883 -0.002082
v -0.328482 0.573929 -0.136062
v -0.035068 0.568404 -0.081849
v -0.005443 0.493867 -0.003122
v -0.082679 0.592856 -0.018143
v -0.018789 0.550409 -0.012073
v -0.043819 0.588599 -0.018660
v -0.339524 0.488801 -0.140635
v -0.309162 0.653589 -0.128059
v -0.252198 0.573929 -0.252198
v -0.260675 0.488801 -0.260675
v -0.237364 0.653589 -0.237364
v -0.353667 0.460898 -0.071433
v -0.350581 0.443304 -0.085761
v -0.353719 0.466154 -0.071354
v -0.353857 0.488801 -0.071429
v -0.342303 0.573929 -0.069329
v -0.325384 0.640692 -0.066131
v -0.315608 0.653589 -0.096936
v -0.305275 0.665533 -0.126449
v -0.240809 0.693968 -0.206668
v -0.225615 0.700608 -0.225615
v -0.151039 0.711743 -0.269990
v -0.339239 0.443149 -0.140518
v -0.141685 0.443408 -0.338475
v -0.260457 0.443092 -0.260457
v -0.141614 0.449866 -0.338572
v -0.141582 0.472819 -0.338775
v -0.139156 0.713492 -0.277071
v -0.131352 0.700594 -0.287538
v -0.128758 0.653589 -0.308703
v -0.124062 0.688031 -0.297528
v -0.141597 0.488801 -0.338892
v -0.136886 0.573929 -0.327941
v -0.126480 0.692472 -0.294101
v -0.353667 0.460898 -0.071433
v -0.350581 0.443304 -0.085761
v -0.353719 0.466154 -0.071354
v -0.353857 0.488801 -0.071429
v -0.342303 0.573929 -0.069329
v -0.325384 0.640692 -0.066131
v -0.315608 0.653589 -0.096936
v -0.305275 0.665533 -0.126449
v -0.240809 0.693968 -0.206668
v -0.225615 0.700608 -0.225615
v -0.151039 0.711743 -0.269990
v -0.339239 0.443149 -0.140518
v -0.260457 0.443092 -0.260457
v -0.141685 0.443408 -0.338475
v -0.141614 0.449866 -0.338572
v -0.141582 0.472819 -0.338775
v -0.139156 0.713492 -0.277071
v -0.131352 0.700594 -0.287538
v -0.141597 0.488801 -0.338892
v -0.136886 0.573929 -0.327941
v -0.128758 0.653589 -0.308703
v -0.124062 0.688031 -0.297528
v -0.126480 0.692472 -0.294101
vn -0.1748 -0.6400 0.7482
vn -0.1929 -0.0167 0.9811
vn 0.1001 0.9089 0.4047
vn 0.1031 0.9100 0.4016
vn 0.0052 -1.0000 0.0039
vn 0.9246 -0.0159 -0.3806
vn -0.1380 0.0425 0.9895
vn 0.9244 -0.0047 -0.3815
vn 0.9645 0.1686 -0.2033
vn 0.1050 0.9100 0.4011
vn 0.0119 0.1591 0.9872
vn 0.0340 0.1915 0.9809
vn 0.8377 0.5442 -0.0460
vn 0.9240 -0.0019 -0.3823
vn 0.9643 0.2002 -0.1733
vn 0.8540 0.5161 -0.0661
vn 0.8392 0.5418 -0.0475
vn -0.9061 0.1955 -0.3753
vn -0.6934 0.1959 -0.6934
vn -0.7056 0.0659 -0.7056
vn -0.9219 0.0658 -0.3819
vn -0.9607 0.1933 -0.1990
vn -0.9771 0.0650 -0.2024
vn -0.9482 0.2497 -0.1964
vn -0.9457 0.2593 -0.1959
vn -0.8836 0.2920 -0.3660
vn -0.6761 0.2927 -0.6761
vn -0.5490 -0.0066 -0.8358
vn -0.7072 -0.0068 -0.7070
vn -0.5479 0.0647 -0.8341
vn -0.9238 -0.0067 -0.3829
vn -0.9792 -0.0066 -0.2028
vn -0.5388 0.1922 -0.8202
vn -0.5259 0.2873 -0.8006
vn -0.8561 0.3320 -0.3960
vn -0.7899 0.3270 -0.5188
vn -0.6480 0.3331 -0.6849
vn -0.5188 0.3270 -0.7899
vn -0.1936 0.0021 0.9811
vt 1.000000 0.842568
vt 0.164905 0.000000
vt 1.000000 0.000000
vt 0.842568 0.842568
vt 0.000000 0.000000
vt 1.000000 0.843025
vt 0.692864 0.596004
vt 0.721275 0.721275
vt 0.470563 0.000000
vt 0.662174 0.470658
vt 0.517893 0.381088
vt 0.470563 0.470563
vt 0.628790 0.000000
vt 1.000000 0.835095
vt 0.846905 0.744668
vt 0.477230 0.402659
vt 0.193779 0.000000
vt 1.000000 1.000000
vt 0.193779 0.193779
vt 0.193200 0.000000
vt 0.193200 0.193200
vt 0.238286 0.000000
vt 1.000000 0.371210
vt 0.646014 0.000000
vt 0.646014 0.646014
vt 0.672277 0.000000
vt 0.688921 0.419010
vt 0.456594 0.130018
vt 0.359551 0.000000
vt 1.000000 0.761714
vt 0.948649 0.710791
vt 0.359551 0.359551
vt 0.306269 0.000000
vt 0.693731 0.000000
vt 1.000000 0.327723
vt 0.149427 0.279056
vt 0.116166 0.297085
vt 0.105101 0.275923
vt 0.139261 0.259005
vt 0.165012 0.270964
vt 0.155267 0.251204
vt 0.173457 0.287293
vt 0.167587 0.294421
vt 0.160109 0.298557
vt 0.128141 0.317462
vt 0.062865 0.281610
vt 0.099868 0.264556
vt 0.068350 0.294184
vt 0.066408 0.289775
vt 0.063628 0.283409
vt 0.155267 0.251204
vt 0.134247 0.248302
vt 0.147031 0.242310
vt 0.152264 0.244782
vt 0.152848 0.245984
vt 0.134247 0.248302
vt 0.099868 0.264556
vt 0.080876 0.317434
vt 0.068350 0.294184
vt 0.080876 0.317434
vt 0.094895 0.339394
vt 0.161932 0.301644
vt 0.141280 0.324463
vt 0.136332 0.329973
vt 0.167587 0.294421
vt 0.102036 0.349034
vt 0.116225 0.349015
vt 0.113014 0.352085
vt 0.107400 0.350669
vt 0.103883 0.349655
vt 0.966506 0.000000
vt 0.940928 0.329091
vt 0.869795 0.740705
vt 0.843025 0.843025
s 0
f 791/897/630 792/898/630 755/899/630
f 791/900/631 755/901/631 756/899/631 793/902/631
f 797/903/632 796/904/632 760/901/632 799/905/632 798/906/632
f 800/907/633 799/908/633 760/901/633 801/909/633
f 755/899/634 792/910/634 802/911/634 803/912/634 804/913/634
f 756/899/635 755/914/635 804/915/635 805/916/635
f 759/901/636 760/899/636 756/914/636
f 805/917/637 806/918/637 758/899/637 756/914/637
f 758/901/638 759/899/638 756/914/638
f 801/919/639 760/914/639 762/901/639 807/920/639
f 759/901/640 761/899/640 760/914/640
f 761/901/641 762/899/641 760/914/641
f 807/921/642 762/901/642 808/922/642
f 810/923/643 811/924/643 812/925/643 758/899/643 806/926/643 809/927/643
f 758/901/644 761/899/644 759/914/644
f 761/899/645 758/914/645 812/928/645 813/929/645
f 813/930/646 808/931/646 762/914/646 761/901/646
s 1
f 757/932/647 765/933/648 766/934/649 763/935/650
f 795/936/651 757/932/647 763/935/650 794/937/652
f 757/932/647 795/936/651 773/938/653 774/939/654 764/940/655
f 757/932/647 764/940/655 767/941/656 765/933/648
f 780/942/657 781/943/658 766/934/649 788/944/659 783/945/657 782/946/657
f 794/947/652 763/935/650 779/948/660 769/949/661 768/950/661 770/951/661
f 779/952/660 763/935/650 766/934/649 781/953/658
f 766/934/649 765/933/648 789/954/662 788/955/659
f 789/956/662 765/933/648 767/941/656 786/957/663
f 767/941/656 764/940/655 775/958/664 776/959/665 777/960/666
f 764/940/655 774/961/654 775/958/664
f 787/962/667 786/957/663 767/941/656 777/960/666 778/963/667 784/964/667 785/965/667 790/966/667
s 0
f 756/914/668 760/901/668 796/967/668 772/968/668 771/969/668 793/970/668
o Circle_cell.007
v -0.071024 1.763827 -0.029550
v -0.079631 1.792713 -0.032984
v -0.081832 1.819147 -0.033896
v -0.072601 1.814529 -0.030072
v -0.060250 1.827958 -0.060250
v -0.062828 1.819147 -0.062828
v -0.073795 1.765220 -0.035085
v -0.075755 1.762291 -0.031379
v -0.077649 1.767829 -0.025930
v -0.084348 1.793040 -0.010349
v -0.073569 1.794730 -0.011620
v -0.066825 1.768684 -0.027680
v -0.067987 1.774241 -0.024310
v -0.084056 1.800810 -0.015152
v -0.073666 1.800648 -0.015271
v -0.073712 1.807205 -0.019610
v -0.083660 1.809252 -0.020748
v -0.083180 1.819147 -0.027387
v -0.073752 1.814529 -0.024515
v -0.078882 1.826890 -0.032674
v -0.052909 1.827328 -0.064722
v -0.065185 1.774241 -0.031005
v -0.067107 1.792713 -0.052050
v -0.055676 1.813891 -0.055676
v -0.062276 1.810508 -0.062276
v -0.075755 1.762291 -0.031379
v -0.077649 1.767829 -0.025930
v -0.066825 1.768684 -0.027680
v -0.067987 1.774241 -0.024310
v -0.073569 1.794730 -0.011620
v -0.073666 1.800648 -0.015271
v -0.084348 1.793040 -0.010349
v -0.084056 1.800810 -0.015152
v -0.073712 1.807205 -0.019610
v -0.083660 1.809252 -0.020748
v -0.083180 1.819147 -0.027387
v -0.078882 1.826890 -0.032674
v -0.073752 1.814529 -0.024515
v -0.065185 1.774241 -0.031005
v -0.055676 1.813891 -0.055676
v -0.073795 1.765220 -0.035085
v -0.067107 1.792713 -0.052050
v -0.062276 1.810508 -0.062276
v -0.062828 1.819147 -0.062828
v -0.052909 1.827328 -0.064722
vn 0.4219 -0.8065 -0.4142
vn -0.0426 -0.7081 0.7048
vn 0.1768 -0.4830 0.8576
vn 0.0179 0.5253 0.8508
vn 0.0182 0.5518 0.8338
vn 0.7024 -0.4690 -0.5354
vn -0.8282 -0.1342 -0.5440
vn -0.9089 -0.1366 -0.3941
vn -0.9180 -0.1130 -0.3801
vn -0.8314 -0.1029 -0.5461
vn -0.9733 -0.1105 -0.2013
vn -0.9705 -0.1341 -0.2005
vn -0.9140 0.1460 -0.3786
vn -0.9754 -0.0882 -0.2020
vn -0.9778 0.0542 -0.2025
vn -0.7707 0.1918 -0.6076
vn -0.8326 -0.0882 -0.5469
vn 0.2529 0.9246 0.2849
vn -0.0786 0.9892 -0.1237
vn 0.7506 0.3488 0.5613
vn 0.8766 0.3162 0.3628
vn -0.2747 0.9571 -0.0917
vn 0.9461 0.2579 0.1959
vn 0.9080 0.0857 0.4102
vn 0.8749 0.0864 0.4766
vn 0.9696 0.1398 0.2008
vn 0.9217 -0.0412 0.3858
vn 0.0195 0.5564 0.8307
vt 1.000000 0.000000
vt 1.000000 0.048510
vt 0.985785 0.000000
vt 0.048510 0.048510
vt 0.000000 0.000000
vt 0.161028 0.000000
vt 0.989173 0.612897
vt 0.161028 0.161028
vt 0.134144 0.000892
vt 0.317505 0.096754
vt 1.000000 0.470784
vt 0.094235 0.000000
vt 0.122672 0.000000
vt 0.618589 0.618589
vt 0.470784 0.470784
vt 0.090933 0.000000
vt 0.117170 0.000000
vt 0.122672 0.122672
vt 0.094234 0.094234
vt 0.269905 0.060902
vt 0.831300 0.002307
vt 0.856100 0.000000
vt 1.000000 0.014215
vt 0.610138 0.054477
vt 0.354586 0.078569
vt 0.223156 0.085718
vt 0.082545 0.082545
vt 0.426910 0.879240
vt 0.428229 0.876826
vt 0.435418 0.890897
vt 0.425568 0.896604
vt 0.445161 0.886157
vt 0.432282 0.878155
vt 0.441549 0.901646
vt 0.445318 0.886246
vt 0.444923 0.890387
vt 0.444472 0.894951
vt 0.444092 0.900300
vt 0.428325 0.910210
vt 0.425890 0.906653
vt 0.427836 0.916552
vt 0.431048 0.913863
vt 0.435379 0.919697
vt 0.427580 0.916363
vt 0.447412 0.911144
vt 0.444287 0.906143
vt 0.449662 0.909865
vt 0.435514 0.919574
vt 0.443365 0.905614
vt 0.443511 0.904887
vt 0.457801 0.926448
vt 0.456519 0.927462
vt 0.449662 0.909865
vt 0.453301 0.911614
vt 0.456506 0.913194
vt 0.459250 0.914683
vt 0.457302 0.927674
vt 0.456519 0.927462
vt 0.344319 0.085207
vt 0.244575 0.105513
vt 0.117170 0.117170
vt 0.090933 0.090933
vt 0.185226 0.083433
s 0
f 814/971/669 839/972/669 854/973/669
f 839/974/670 814/975/670 840/976/670
f 845/977/671 840/978/671 814/975/671 841/979/671 842/980/671 843/981/671
f 844/982/672 846/983/672 845/984/672 843/985/672
f 847/986/673 848/987/673 846/988/673 844/989/673
f 853/990/674 852/991/674 841/992/674 814/971/674 854/993/674 855/994/674 856/995/674 857/996/674 858/997/674
s 1
f 820/998/675 821/999/676 815/1000/677 836/1001/678
f 823/1002/679 815/1000/677 821/999/676 822/1003/680
f 816/1004/681 815/1000/677 823/1005/679 827/1006/682 830/1007/682 849/1008/683
f 815/1000/677 816/1004/681 819/1009/684 838/1010/685 836/1001/678
f 834/1011/686 818/1012/687 837/1013/688
f 819/1009/684 818/1012/687 834/1014/686
f 817/1015/689 850/1016/690 851/1017/691
f 850/1016/690 817/1015/689 837/1018/688 818/1012/687
f 818/1012/687 819/1009/684 816/1004/681 850/1019/690
f 816/1004/681 849/1008/683 850/1020/690
f 817/1015/689 826/1021/692 835/1022/693 837/1018/688
f 826/1021/692 817/1015/689 851/1023/691 829/1024/694 828/1025/694 824/1026/694
f 826/1021/692 825/1027/695 835/1028/693
s 0
f 833/1029/696 831/1030/696 848/1031/696 847/1032/696 832/1033/696
o Circle_cell.008
v 0.000824 1.377328 -0.000034
v 0.000919 1.332066 0.000405
v -0.001179 1.339063 0.008676
v 0.059324 1.391545 -0.024573
v 0.059324 1.391545 0.024573
v 0.051857 1.412094 0.021480
v 0.064413 1.391545 -0.000000
v 0.056306 1.412094 -0.000000
v 0.044411 1.423051 0.033365
v 0.047081 1.443751 0.030339
v 0.052271 1.437529 0.037621
v 0.054435 1.454312 0.035168
v 0.038463 1.412094 0.030144
v 0.025035 1.412094 0.015863
v 0.067531 1.299743 0.003047
v 0.057233 1.328372 0.032358
v 0.061991 1.320624 0.025678
v 0.044727 1.347407 0.048197
v 0.041278 1.350913 0.050295
v 0.045766 1.383978 0.045766
v 0.046375 1.391545 0.044287
v 0.043007 1.412094 0.034954
v 0.050301 1.412094 -0.016871
v 0.065756 1.439232 -0.000000
v 0.060958 1.419581 -0.020498
v 0.060923 1.453188 0.025235
v 0.056830 1.430725 -0.000000
v 0.052652 1.442786 0.021809
v 0.048106 1.391545 -0.041652
v 0.045701 1.386231 -0.045701
v 0.059943 1.415386 -0.024829
v 0.035754 1.371317 -0.052948
v 0.026435 1.343621 -0.060394
v 0.047452 1.325560 -0.047452
v 0.062396 1.309875 -0.025845
v 0.044411 1.423051 0.033365
v 0.047081 1.443751 0.030339
v 0.052271 1.437529 0.037621
v 0.054435 1.454312 0.035168
v 0.038463 1.412094 0.030144
v 0.025035 1.412094 0.015863
v 0.067531 1.299743 0.003047
v 0.061991 1.320624 0.025678
v 0.057233 1.328372 0.032358
v 0.044727 1.347407 0.048197
v 0.041278 1.350913 0.050295
v 0.043007 1.412094 0.034954
v 0.045766 1.383978 0.045766
v 0.046375 1.391545 0.044287
v 0.050301 1.412094 -0.016871
v 0.056830 1.430725 -0.000000
v 0.052652 1.442786 0.021809
v 0.060923 1.453188 0.025235
v 0.065756 1.439232 -0.000000
v 0.060958 1.419581 -0.020498
v 0.048106 1.391545 -0.041652
v 0.059943 1.415386 -0.024829
v 0.045701 1.386231 -0.045701
v 0.035754 1.371317 -0.052948
v 0.026435 1.343621 -0.060394
v 0.047452 1.325560 -0.047452
v 0.062396 1.309875 -0.025845
vn -0.7152 0.1905 0.6725
vn -0.9702 -0.0044 -0.2424
vn -0.3854 -0.7504 0.5370
vn -0.3682 -0.7265 0.5802
vn -0.3740 -0.7188 0.5861
vn -0.7138 0.1893 0.6743
vn -0.6089 0.6390 -0.4700
vn -0.6085 0.6364 -0.4739
vn -0.7454 0.3951 -0.5369
vn -0.9217 -0.0057 -0.3879
vn -0.4433 -0.8455 -0.2978
vn 0.9575 -0.0279 -0.2871
vn 0.9259 0.0046 -0.3777
vn 0.8356 0.0216 -0.5489
vn 0.9956 -0.0280 0.0895
vn 1.0000 0.0046 0.0033
vn 0.9788 -0.0276 -0.2027
vn 0.9221 0.0049 0.3868
vn 0.9069 -0.0280 0.4204
vn 0.8355 -0.0276 0.5488
vn 0.8302 0.0072 0.5574
vn -0.5921 0.7058 -0.3889
vn -0.6795 0.6776 -0.2815
vn -0.7481 0.6616 0.0518
vn -0.5814 0.7869 0.2069
vn -0.0000 1.0000 -0.0000
vn -0.8355 0.0275 -0.5488
vn -0.9069 0.0280 -0.4204
vn -0.9978 0.0281 -0.0595
vn 0.9991 0.0367 -0.0211
vn 0.9528 0.0391 0.3009
vn 0.8165 0.0346 0.5763
vn 0.7572 0.0365 0.6521
vn 0.8253 0.0343 0.5636
vn 0.5486 0.0400 -0.8351
vn 0.7824 0.0405 -0.6215
vn 0.7606 0.0407 -0.6479
vn 0.5486 0.0400 0.8351
vn 0.9480 0.0362 -0.3161
vn -0.3684 -0.7256 0.5811
vt 0.456476 0.000000
vt 0.476622 0.476622
vt 0.386398 0.386398
vt 0.370059 0.000000
vt 1.000000 0.000000
vt 1.000000 1.000000
vt 0.544904 0.544904
vt 0.715520 0.000000
vt 0.000000 0.000000
vt 1.000000 0.352110
vt 0.352110 0.352110
vt 0.833420 0.672034
vt 1.000000 0.792836
vt 0.890636 0.890636
vt 1.000000 0.866253
vt 1.000000 0.544905
vt 0.866253 0.866253
vt 0.916227 0.682587
vt 0.929214 0.641251
vt 1.000000 0.386398
vt 1.000000 0.476622
vt 0.983132 0.537349
vt 0.763195 0.000000
vt 1.000000 0.284480
vt 0.941486 0.465331
vt 1.000000 0.543524
vt 1.000000 0.629941
vt 0.931859 0.538884
vt 0.795472 0.260839
vt 0.712193 0.000000
vt 0.751761 0.000000
vt 0.823613 0.225035
vt 0.884574 0.804749
vt 0.917223 0.822179
vt 1.000000 0.875613
vt 0.751761 0.751761
vt 0.712193 0.712193
vt 0.737364 0.722739
vt 1.000000 0.053615
vt 0.816834 0.816834
vt 0.051961 0.000000
vt 1.000000 0.352455
vt 0.051961 0.051961
vt 0.256423 0.001682
vt 0.594392 0.108229
vt 0.540428 0.590245
vt 0.535312 0.571922
vt 0.550734 0.567386
vt 0.526304 0.613726
vt 0.516370 0.577429
vt 0.540428 0.590245
vt 0.537965 0.594400
vt 0.497450 0.582926
vt 0.510044 0.629366
vt 0.501522 0.632561
vt 0.495715 0.620630
vt 0.479727 0.588113
vt 0.510044 0.629366
vt 0.520144 0.989090
vt 0.520643 0.989811
vt 0.521058 0.991167
vt 0.520555 0.989684
vt 0.519280 0.988351
vt 0.519902 0.988786
vt 0.520145 0.989090
vt 0.520837 0.987484
vt 0.522211 0.984459
vt 0.522780 0.985105
vt 0.522780 0.985105
vt 0.522842 0.988430
vt 0.521113 0.992678
vt 0.495868 0.506950
vt 0.481726 0.529733
vt 0.479727 0.588113
vt 0.476874 0.582771
vt 0.468074 0.553738
vt 0.477467 0.537263
vt 0.561751 0.526128
vt 0.558489 0.550318
vt 0.553107 0.562441
vt 0.540044 0.517786
vt 0.464582 0.559416
vt 0.517749 0.511232
vt 0.495868 0.506950
vt 0.792836 0.792836
vt 1.000000 0.890636
s 0
f 895/1034/697 894/1035/697 896/1036/697 897/1037/697
f 859/1038/697 861/1039/697 898/1040/697 899/1041/697
f 859/1042/698 860/1038/698 861/1039/698
f 860/1042/699 900/1043/699 861/1039/699
f 861/1039/700 900/1044/700 901/1045/700 902/1046/700
f 861/1039/701 903/1047/701 904/1048/701
f 898/1049/702 861/1039/702 904/1050/702 906/1051/702 907/1052/702 896/1053/702 894/1054/702 905/1055/702
f 908/1056/703 859/1038/703 899/1057/703
f 910/1058/703 895/1059/703 897/1060/703 911/1061/703 912/1062/703 913/1063/703 908/1064/703 909/1065/703
f 914/1066/704 916/1067/704 917/1068/704 859/1039/704 908/1069/704 913/1070/704 915/1071/704
f 918/1072/705 859/1039/705 917/1073/705
f 918/1074/706 860/1038/706 859/1039/706
f 900/1075/707 860/1039/707 918/1076/707 919/1077/707 920/1078/707
s 1
f 889/1079/708 862/1080/709 887/1081/710
f 882/1082/711 865/1083/712 862/1080/709 889/1084/708 883/1085/713
f 863/1086/714 865/1083/712 882/1082/711 884/1087/715
f 870/1088/716 869/1089/716 879/1090/717 863/1086/714 884/1091/715
f 880/1092/718 864/1093/719 866/1094/720 881/1095/721 872/1096/722 871/1097/722
f 864/1093/719 880/1098/718 867/1099/723 868/1100/723 886/1101/724
f 866/1094/720 864/1093/719 886/1102/724 885/1103/725
f 881/1104/721 866/1094/720 885/1103/725
f 873/1105/726 865/1083/712 863/1086/714 875/1106/727
f 875/1106/727 863/1086/714 879/1107/717 878/1108/728 876/1109/729 874/1110/730
f 891/1111/731 890/1112/731 888/1113/732 892/1114/733
f 877/1115/734 876/1109/729 878/1108/728
f 887/1081/710 862/1080/709 893/1116/735 892/1114/733 888/1113/732
f 893/1116/735 862/1080/709 865/1083/712 873/1117/726
s 0
f 902/1118/736 903/1119/736 861/1039/736
o Circle_cell.009
v -0.001132 0.418426 -0.000794
v -0.088512 0.147894 -0.213686
v -0.164061 0.147894 -0.164061
v 0.000000 0.147894 -0.232017
v 0.048286 0.147894 -0.118548
v -0.000943 0.147894 -0.000946
v 0.000000 0.183892 -0.266376
v 0.020417 0.147894 -0.227789
v -0.098535 0.175423 -0.237886
v -0.147613 0.147894 -0.099474
v -0.188702 0.184404 -0.188702
v -0.175557 0.147894 -0.146560
v 0.048286 0.147894 -0.118548
v -0.000943 0.147894 -0.000946
v 0.020417 0.147894 -0.227789
v 0.000000 0.183892 -0.266376
v -0.188702 0.184404 -0.188702
v -0.175557 0.147894 -0.146560
v -0.147613 0.147894 -0.099474
v -0.098535 0.175423 -0.237886
vn 0.9224 0.0004 0.3861
vn 0.9320 0.2737 -0.2378
vn -0.2602 0.7257 -0.6369
vn -0.8282 0.2692 0.4915
vn -0.5576 -0.0009 0.8301
vn -0.2267 -0.9625 -0.1489
vn -0.3075 -0.9005 -0.3075
vn -0.1655 -0.9016 -0.3996
vn -0.0000 -0.9005 -0.4349
vn 0.0549 -0.9627 -0.2650
vn -0.0000 -1.0000 -0.0000
vn -0.4507 -0.6880 -0.5688
vn -0.2775 -0.6893 -0.6692
vn -0.0833 -0.6880 -0.7209
vt 1.000000 0.155121
vt 1.000000 1.000000
vt 0.156341 0.156341
vt 0.638151 0.155678
vt 1.000000 0.271762
vt 0.155121 0.155121
vt 1.000000 0.272387
vt 0.271762 0.271762
vt 0.620452 0.241851
vt 0.669497 0.155737
vt 1.000000 0.155677
vt 0.280212 0.269756
vt 1.000000 0.156341
vt 0.155677 0.155677
vt 0.666711 0.098583
vt 0.666711 0.106724
vt 0.680669 0.138975
vt 0.705518 0.163825
vt 0.810297 0.018767
vt 0.818121 0.026591
vt 0.705253 0.163560
vt 0.669750 0.113745
vt 0.070353 0.186855
vt 0.065106 0.170544
vt 0.072374 0.167691
vt 0.070338 0.187270
vt 0.035642 0.191943
vt 0.033155 0.179022
vt 0.000260 0.201074
vt 0.000536 0.183146
vt 0.530055 0.013105
vt 0.512396 0.004154
vt 0.518528 0.000099
s 0
f 933/1120/737 921/1121/737 934/1122/737
f 935/1123/738 936/1124/738 921/1121/738 933/1125/738
f 937/1126/739 921/1121/739 936/1127/739 929/1128/739
f 938/1129/740 939/1130/740 921/1121/740 937/1131/740
f 934/1132/741 921/1121/741 939/1133/741
s 1
f 932/1134/742 923/1135/743 922/1136/744 924/1137/745 928/1138/746 925/1139/747 926/1140/747 930/1141/747
f 931/1142/748 923/1143/743 932/1144/742
f 931/1145/748 940/1146/749 922/1147/744 923/1143/743
f 927/1148/750 924/1149/745 922/1147/744 940/1146/749
f 927/1150/750 928/1151/746 924/1152/745
o Circle_cell.010
v -0.000412 0.438767 -0.012120
v -0.004496 0.437720 -0.017817
v 0.011893 0.435872 -0.036193
v 0.124142 0.348008 -0.283123
v 0.000000 0.395728 -0.368021
v 0.000000 0.321384 -0.352168
v 0.000000 0.261968 -0.321887
v -0.129423 0.321384 -0.325363
v -0.141806 0.334908 -0.322823
v -0.134756 0.326404 -0.325329
v -0.054087 0.261968 -0.310685
v -0.001486 0.222868 -0.297291
v -0.137568 0.360970 -0.332118
v -0.130661 0.395728 -0.340960
v -0.127925 0.405991 -0.341596
v 0.141809 0.334745 -0.322780
v 0.137580 0.361119 -0.332147
v 0.136509 0.366586 -0.333534
v 0.134742 0.326230 -0.325295
v 0.129597 0.321384 -0.325327
v 0.092122 0.291773 -0.317997
v 0.053995 0.261968 -0.310704
v 0.127524 0.405640 -0.341677
v 0.000000 0.403222 -0.368071
v 0.130700 0.395728 -0.340952
v -0.129423 0.321384 -0.325363
v -0.134756 0.326404 -0.325329
v -0.054087 0.261968 -0.310685
v -0.001486 0.222868 -0.297291
v -0.141806 0.334908 -0.322823
v -0.130661 0.395728 -0.340960
v -0.127925 0.405991 -0.341596
v -0.137568 0.360970 -0.332118
v 0.141809 0.334745 -0.322780
v 0.137580 0.361119 -0.332147
v 0.136509 0.366586 -0.333534
v 0.134742 0.326230 -0.325295
v 0.129597 0.321384 -0.325327
v 0.092122 0.291773 -0.317997
v 0.053995 0.261968 -0.310704
v 0.127524 0.405640 -0.341677
v 0.000000 0.403222 -0.368071
v 0.130700 0.395728 -0.340952
vn -0.5980 -0.6385 0.4844
vn -0.9099 0.2625 0.3211
vn 0.9114 0.2595 0.3193
vn 0.5995 -0.6397 0.4810
vn 0.5876 -0.6448 0.4889
vn -0.5391 -0.6705 0.5097
vn -0.2480 0.9687 -0.0004
vn 0.0013 0.9951 -0.0994
vn 0.1585 0.9866 -0.0376
vn 0.9086 0.2699 0.3187
vn 0.8609 -0.2068 0.4649
vn -0.1956 -0.2645 -0.9443
vn -0.0000 -0.3290 -0.9443
vn 0.0015 -0.4913 -0.8710
vn -0.1796 -0.4644 -0.8672
vn 0.1956 -0.2646 -0.9443
vn 0.1815 -0.4465 -0.8762
vn 0.1794 -0.4662 -0.8663
vn -0.0000 -0.1068 -0.9943
vn -0.2818 -0.2069 -0.9369
vn -0.2294 -0.2055 -0.9514
vn -0.2013 -0.1221 -0.9719
vn -0.5374 -0.2044 -0.8182
vn -0.0002 -0.0068 -1.0000
vn -0.2028 -0.0066 -0.9792
vn 0.2291 -0.2055 -0.9515
vn 0.5374 -0.2044 -0.8182
vn 0.2819 -0.2069 -0.9369
vn 0.2012 -0.1240 -0.9717
vn 0.1985 -0.2044 -0.9585
vn 0.2028 -0.0066 -0.9792
vn -0.0042 -0.5323 -0.8465
vt 0.926771 0.693535
vt 0.554690 0.285256
vt 0.302556 0.000000
vt 1.000000 0.000000
vt 1.000000 0.760354
vt 0.955723 0.722372
vt 0.805589 0.107658
vt 0.783535 0.479107
vt 0.760354 0.760354
vt 0.000000 0.000000
vt 0.807178 0.000000
vt 1.000000 0.291595
vt 0.690045 0.051834
vt 0.627744 0.000000
vt 0.310281 0.265937
vt 0.291595 0.291595
vt 0.257554 0.000000
vt 0.310639 0.238358
vt 0.257554 0.257554
vt 0.997995 0.700071
vt 0.564007 0.443958
vt 0.701082 0.701082
vt 1.000000 1.000000
vt 1.000000 0.192822
vt 0.810869 0.000000
vt 0.875385 0.437466
vt 0.810051 0.810051
vt 0.810869 0.810869
vt 1.000000 0.372256
vt 0.852350 0.696259
vt 0.798661 0.798661
vt 0.047392 0.247338
vt 0.005557 0.259349
vt 0.001858 0.235724
vt 0.020101 0.231879
vt 0.563024 0.059314
vt 0.524530 0.076980
vt 0.529742 0.063249
vt 0.534946 0.048283
vt 0.550784 0.039592
vt 0.012998 0.285205
vt 0.049502 0.248346
vt 0.053072 0.258429
vt 0.053635 0.269722
vt 0.052458 0.250074
vt 0.014027 0.287616
vt 0.053635 0.269722
vt 0.053972 0.273050
vt 0.527423 0.088782
vt 0.522550 0.082136
vt 0.523644 0.078988
vt 0.573946 0.083068
vt 0.534125 0.097433
vt 0.528477 0.090150
vt 0.527423 0.088782
vt 0.523644 0.078988
vt 0.574721 0.085498
vt 0.535804 0.100002
vt 0.541027 0.026421
vt 0.001172 0.219076
vt 0.020101 0.231879
s 0
f 966/1153/751 968/1154/751 969/1155/751 942/1156/751 970/1157/751 967/1158/751
f 971/1159/752 973/1160/752 970/1161/752 942/1162/752 972/1163/752
f 944/1156/753 974/1164/753 975/1165/753 976/1166/753
f 977/1167/754 974/1168/754 944/1162/754 979/1169/754 978/1170/754
f 979/1171/755 944/1162/755 941/1156/755 969/1172/755 980/1173/755
f 941/1162/756 942/1156/756 969/1174/756
f 942/1175/757 941/1162/757 972/1176/757
f 941/1162/758 981/1177/758 982/1178/758 972/1179/758
f 941/1162/759 943/1156/759 981/1180/759
f 943/1162/760 944/1156/760 976/1181/760 983/1182/760 981/1183/760
f 943/1162/761 941/1156/761 944/1175/761
s 1
f 948/1184/762 946/1185/763 947/1186/764 951/1187/765
f 946/1188/763 960/1189/766 961/1190/767 962/1191/768 947/1192/764
f 945/1193/769 946/1185/763 948/1184/762 950/1194/770 953/1195/771 954/1196/772
f 950/1194/770 949/1197/773 953/1195/771
f 964/1198/774 945/1193/769 954/1199/772 955/1200/775
f 957/1201/776 956/1202/777 959/1203/778
f 946/1188/763 945/1204/769 965/1205/779 958/1206/780 957/1207/776 959/1208/778 960/1189/766
f 965/1205/779 945/1204/769 964/1209/774 963/1210/781
f 952/1211/782 947/1192/764 962/1191/768
f 952/1212/782 951/1213/765 947/1186/764
o Circle_cell.011
v -0.000000 1.827958 0.085207
v -0.000000 1.814529 0.078829
v -0.000000 1.819147 0.088852
v -0.015746 1.826619 0.082500
v -0.016328 1.819147 0.085470
v -0.014546 1.816663 0.076830
v -0.016022 1.810405 0.084743
v -0.014073 1.810045 0.075269
v -0.009052 1.803496 0.085562
v -0.008171 1.804244 0.075655
v -0.000829 1.796045 0.086592
v -0.001295 1.798065 0.076188
v 0.011206 1.806205 0.085361
v 0.010417 1.807011 0.075588
v 0.018349 1.814529 0.075029
v 0.024749 1.819147 0.083726
v 0.032609 1.827299 0.078726
v -0.015746 1.826619 0.082500
v -0.016328 1.819147 0.085470
v -0.014073 1.810045 0.075269
v -0.008171 1.804244 0.075655
v -0.016022 1.810405 0.084743
v -0.009052 1.803496 0.085562
v -0.000829 1.796045 0.086592
v -0.001295 1.798065 0.076188
v 0.010417 1.807011 0.075588
v 0.018349 1.814529 0.075029
v 0.024749 1.819147 0.083726
v 0.032609 1.827299 0.078726
v 0.011206 1.806205 0.085361
v -0.014546 1.816663 0.076830
vn -0.9796 -0.0036 -0.2010
vn -0.9799 -0.0200 -0.1987
vn -0.6924 -0.7122 -0.1154
vn -0.6591 -0.7433 -0.1148
vn 0.6132 -0.7762 -0.1469
vn 0.0005 0.1444 0.9895
vn -0.0082 -0.0932 0.9956
vn 0.1948 -0.0946 0.9763
vn 0.1937 0.2659 0.9443
vn -0.2005 0.1494 0.9682
vn -0.2020 -0.0882 0.9754
vn -0.0491 0.9981 0.0376
vn -0.0098 0.9915 0.1296
vn -0.0098 0.3133 -0.9496
vn 0.1764 0.2933 -0.9396
vn 0.1524 0.4170 -0.8960
vn 0.0110 0.9999 -0.0093
vn -0.1781 0.3679 -0.9126
vn 0.2008 0.1398 -0.9696
vn 0.0150 0.1508 -0.9885
vn -0.1885 0.1567 -0.9695
vn 0.6791 -0.7251 -0.1147
vt 0.178030 0.178030
vt 0.167127 0.000000
vt 0.188193 0.042667
vt 1.000000 0.128902
vt 1.000000 0.152932
vt 0.187687 0.187687
vt 0.167127 0.167127
vt 0.128902 0.128902
vt 0.130055 0.000000
vt 0.155216 0.000000
vt 0.152932 0.152932
vt 0.893331 0.000000
vt 0.155216 0.155216
vt 0.130055 0.130055
vt 0.743787 0.000000
vt 1.000000 0.192552
vt 0.082399 0.000000
vt 0.200385 0.000000
vt 1.000000 0.168858
vt 0.509473 0.878247
vt 0.508000 0.868363
vt 0.513563 0.872153
vt 0.520004 0.877186
vt 0.502538 0.878456
vt 0.502122 0.875709
vt 0.504572 0.872225
vt 0.503438 0.883370
vt 0.510050 0.882205
vt 0.510926 0.888580
vt 0.504620 0.889657
vt 0.504419 0.888661
vt 0.502702 0.879450
vt 0.503317 0.882775
vt 0.524196 0.881280
vt 0.519233 0.887888
vt 0.524175 0.880891
vt 0.520004 0.877186
vt 0.507878 0.893667
vt 0.511225 0.895846
vt 0.516023 0.891471
vt 0.511791 0.895709
vt 0.168858 0.168858
vt 0.232655 0.135422
vt 0.355646 0.088241
vt 0.300274 0.133598
vt 0.192552 0.192552
s 0
f 1001/1214/783 1014/1215/783 1002/1216/783
f 1003/1217/784 1005/1218/784 1002/1219/784 1014/1220/784
f 1003/1221/785 1004/1222/785 1006/1223/785 1005/1224/785
f 1007/1225/786 1006/1226/786 1004/1227/786 1008/1228/786
f 1013/1229/787 1007/1230/787 1008/1231/787 1009/1232/787
s 1
f 986/1233/788 994/1234/789 996/1235/790 1011/1236/791
f 994/1234/789 986/1233/788 988/1237/792 990/1238/793 992/1239/793
f 987/1240/794 984/1241/795 985/1242/796 991/1243/797 989/1244/798
f 988/1245/792 986/1233/788 984/1241/795 987/1246/794
f 984/1241/795 1012/1247/799 1010/1248/800 985/1242/796
f 1012/1249/799 984/1241/795 986/1233/788 1011/1250/791
f 993/1251/801 991/1243/797 985/1242/796 995/1252/802
f 985/1242/796 1010/1248/800 997/1253/803 995/1254/802
s 0
f 1009/1255/804 998/1256/804 1000/1257/804 999/1258/804 1013/1259/804
o Circle_cell.012
v -0.213686 0.147894 0.088512
v -0.010993 0.412222 0.000590
v -0.001080 0.412763 0.001101
v -0.232017 0.147894 0.000000
v -0.189515 0.157890 0.142326
v -0.248924 0.184469 0.086926
v -0.239132 0.176841 0.099052
v -0.258447 0.175585 0.000000
v -0.253103 0.180824 -0.049947
v -0.215915 0.147894 -0.077751
v -0.149106 0.147894 -0.096972
v -0.001147 0.147894 0.000636
v -0.179337 0.147894 0.140805
v -0.030586 0.147894 0.072251
v -0.248924 0.184469 0.086926
v -0.239132 0.176841 0.099052
v -0.189515 0.157890 0.142326
v -0.258447 0.175585 0.000000
v -0.253103 0.180824 -0.049947
v -0.215915 0.147894 -0.077751
v -0.149106 0.147894 -0.096972
v -0.179337 0.147894 0.140805
v -0.030586 0.147894 0.072251
v -0.001147 0.147894 0.000636
vn -0.3570 0.6333 0.6867
vn -0.6911 0.7227 0.0019
vn -0.2474 0.4466 -0.8598
vn 0.0304 0.3321 -0.9428
vn 0.5507 0.0013 -0.8347
vn 0.4059 0.1975 0.8923
vn -0.0723 0.5238 0.8488
vn 0.9249 -0.0009 0.3802
vn -0.2815 -0.9416 0.1849
vn -0.3996 -0.9016 0.1655
vn -0.4349 -0.9005 -0.0000
vn -0.2368 -0.9703 -0.0490
vn -0.0000 -1.0000 -0.0000
vn -0.7234 -0.6904 -0.0002
vn -0.7154 -0.6828 -0.1482
vn -0.6106 -0.6828 0.4011
vn -0.6860 -0.6886 0.2350
vn -0.7154 -0.6828 0.1482
vt 1.000000 0.723486
vt 0.835362 0.583116
vt 0.191897 0.000000
vt 1.000000 0.000000
vt 0.723486 0.723486
vt 0.000000 0.000000
vt 0.735609 0.000000
vt 0.752062 0.271638
vt 0.735609 0.735609
vt 0.839745 0.000000
vt 0.840008 0.405477
vt 0.839745 0.839745
vt 0.840020 0.840020
vt 0.841184 0.000000
vt 0.919812 0.760067
vt 0.158636 0.000000
vt 1.000000 0.810902
vt 0.810902 0.810902
vt 1.000000 0.158816
vt 1.000000 1.000000
vt 0.158636 0.158636
vt 0.666711 0.095906
vt 0.666711 0.071581
vt 0.679647 0.038906
vt 0.668284 0.067609
vt 0.669758 0.113766
vt 0.705196 0.163503
vt 0.696931 0.155238
vt 0.100319 0.156606
vt 0.128067 0.144901
vt 0.133337 0.156879
vt 0.118074 0.165942
vt 0.182735 0.124237
vt 0.165460 0.142139
vt 0.159703 0.129417
vt 0.182651 0.118847
vt 0.162037 0.147874
s 0
f 1029/1260/805 1030/1261/805 1031/1262/805 1016/1263/805
f 1029/1264/806 1016/1265/806 1033/1266/806 1032/1267/806
f 1033/1268/807 1016/1265/807 1035/1269/807 1034/1270/807
f 1035/1271/808 1016/1265/808 1017/1263/808
f 1035/1272/809 1017/1265/809 1038/1273/809
f 1036/1274/810 1037/1275/810 1017/1263/810 1031/1276/810
f 1016/1263/811 1031/1277/811 1017/1265/811
f 1038/1278/812 1017/1279/812 1037/1280/812
s 1
f 1027/1281/813 1015/1282/814 1018/1283/815 1024/1284/816 1025/1285/817 1026/1286/817 1028/1287/817
f 1024/1288/816 1018/1289/815 1022/1290/818 1023/1291/819
f 1019/1292/820 1021/1293/821 1015/1294/814 1027/1295/813
f 1018/1289/815 1015/1294/814 1021/1293/821 1020/1296/822 1022/1290/818
o Circle_cell.013
v 0.078475 1.827958 0.032505
v 0.081832 1.819147 0.033896
v 0.072601 1.814529 0.030072
v 0.060250 1.827958 0.060250
v 0.075226 1.808119 0.012937
v 0.075794 1.814529 0.014656
v 0.085371 1.819147 0.016807
v 0.084944 1.807280 0.013688
v 0.081336 1.827958 0.018690
v 0.071711 1.807827 0.029704
v 0.080815 1.806933 0.033475
v 0.055582 1.808396 0.054405
v 0.062208 1.809452 0.062208
v 0.059479 1.819147 0.065027
v 0.053991 1.827958 0.064362
v 0.054274 1.814529 0.056704
v 0.085371 1.819147 0.016807
v 0.084944 1.807280 0.013688
v 0.075226 1.808119 0.012937
v 0.075794 1.814529 0.014656
v 0.081336 1.827958 0.018690
v 0.071711 1.807827 0.029704
v 0.080815 1.806933 0.033475
v 0.062208 1.809452 0.062208
v 0.059479 1.819147 0.065027
v 0.053991 1.827958 0.064362
v 0.054274 1.814529 0.056704
v 0.055582 1.808396 0.054405
vn 0.0960 0.2498 -0.9635
vn -0.0445 -0.9989 0.0147
vn -0.6785 -0.3760 0.6311
vn -0.7547 0.3169 -0.5744
vn -0.8830 0.2870 -0.3713
vn -0.9154 0.1164 -0.3854
vn -0.8266 0.0886 -0.5558
vn -0.9443 0.2647 -0.1956
vn -0.9696 0.1398 -0.2008
vn 0.9735 0.1080 0.2016
vn 0.9098 0.1450 0.3889
vn 0.9200 -0.0554 0.3880
vn 0.9754 -0.0882 0.2020
vn 0.8248 -0.0191 0.5651
vn 0.7541 0.2018 0.6250
vn -0.0515 0.9956 -0.0784
vn 0.1472 0.9848 0.0924
vn 0.1416 0.9873 0.0722
vn 0.0773 0.9969 0.0160
vt 1.000000 0.814713
vt 1.000000 0.838460
vt 0.901498 0.742846
vt 0.689378 0.526394
vt 0.818450 0.640002
vt 0.892852 0.847087
vt 0.838460 0.838460
vt 0.814713 0.814713
vt 0.878853 0.824849
vt 1.000000 0.868725
vt 1.000000 0.885849
vt 0.886481 0.886481
vt 0.875086 0.852748
vt 0.909707 0.760543
vt 0.947510 0.687698
vt 0.892158 0.868903
vt 0.538577 0.887443
vt 0.553080 0.888735
vt 0.552565 0.891913
vt 0.538746 0.890227
vt 0.560822 0.890130
vt 0.560917 0.893364
vt 0.552565 0.891913
vt 0.562429 0.878345
vt 0.554255 0.877254
vt 0.554662 0.871375
vt 0.564510 0.872635
vt 0.539447 0.871103
vt 0.538795 0.876435
vt 0.535467 0.880710
vt 0.538756 0.880657
vt 0.537776 0.887443
vt 0.535467 0.880710
vt 0.553863 0.881682
vt 0.560583 0.882692
vt 0.560583 0.882692
s 0
f 1056/1297/823 1057/1298/823 1058/1299/823 1059/1300/823 1055/1301/823
f 1060/1302/824 1057/1303/824 1056/1304/824 1061/1305/824 1062/1306/824 1066/1307/824
f 1066/1308/825 1062/1309/825 1063/1310/825 1064/1311/825 1065/1312/825
s 1
f 1054/1313/826 1041/1314/827 1048/1315/828 1050/1316/829
f 1041/1314/827 1044/1317/830 1043/1318/831 1048/1319/828
f 1045/1320/832 1040/1321/833 1049/1322/834 1046/1323/835
f 1051/1324/836 1049/1322/834 1040/1321/833 1052/1325/837
f 1053/1326/838 1042/1327/839 1054/1328/826
f 1052/1325/837 1042/1327/839 1053/1329/838
f 1044/1317/830 1041/1314/827 1039/1330/840 1047/1331/841
f 1039/1330/840 1041/1314/827 1054/1313/826 1042/1327/839
f 1039/1330/840 1042/1327/839 1052/1325/837 1040/1321/833
f 1047/1332/841 1039/1330/840 1040/1321/833 1045/1320/832
o Circle_cell.014
v 0.213686 0.147894 -0.088512
v 0.006615 0.416184 -0.005021
v 0.002192 0.423123 0.000106
v 0.014292 0.424548 0.002651
v 0.232017 0.147894 0.000000
v 0.286457 0.204931 0.000000
v 0.263825 0.204931 -0.109280
v 0.100979 0.147894 -0.148516
v 0.050536 0.147894 -0.118618
v 0.169872 0.147894 -0.155214
v 0.286065 0.243806 -0.118492
v 0.247455 0.204931 -0.134201
v 0.295874 0.255881 -0.107343
v 0.267535 0.196452 0.052288
v 0.284511 0.204931 0.009398
v 0.001270 0.147894 -0.000353
v 0.223022 0.147894 0.043431
v 0.100979 0.147894 -0.148516
v 0.050536 0.147894 -0.118618
v 0.169872 0.147894 -0.155214
v 0.286065 0.243806 -0.118492
v 0.247455 0.204931 -0.134201
v 0.267535 0.196452 0.052288
v 0.284511 0.204931 0.009398
v 0.223022 0.147894 0.043431
v 0.286457 0.204931 0.000000
v 0.295874 0.255881 -0.107343
v 0.001270 0.147894 -0.000353
vn -0.4909 0.2703 -0.8282
vn -0.0866 0.4460 -0.8908
vn 0.0641 0.6191 -0.7827
vn 0.0853 0.6400 -0.7636
vn 0.0836 0.6385 -0.7651
vn 0.5837 0.7218 0.3718
vn -0.9231 0.0037 -0.3845
vn -0.1937 -0.0015 0.9811
vn -0.2057 -0.0009 0.9786
vn -0.5363 0.2531 -0.8052
vn 0.3996 -0.9016 -0.1655
vn 0.4349 -0.9005 -0.0000
vn 0.3881 -0.9181 0.0804
vn -0.0000 -1.0000 -0.0000
vn 0.2022 -0.9703 -0.1328
vn 0.7446 -0.6669 -0.0272
vn 0.7354 -0.6053 -0.3046
vn 0.8196 -0.5239 -0.2319
vn 0.8366 -0.5197 -0.1733
vn 0.6438 -0.6377 -0.4229
vn 0.7154 -0.6828 0.1482
vt 1.000000 0.000000
vt 1.000000 0.843712
vt 0.156035 0.000000
vt 0.843713 0.843713
vt 0.000000 0.000000
vt 0.678229 0.000976
vt 0.767954 0.252516
vt 0.886574 0.673347
vt 0.677809 0.677809
vt 0.682943 0.682943
vt 0.695591 0.000000
vt 0.677333 0.677333
vt 0.695591 0.695591
vt 0.698034 0.000000
vt 0.722287 0.194617
vt 0.726500 0.236921
vt 0.847298 0.000000
vt 0.845201 0.845201
vt 0.415151 0.261551
vt 0.301966 0.000000
vt 1.000000 0.845875
vt 0.845875 0.845875
vt 0.847298 0.847298
vt 0.843372 0.105279
vt 0.830436 0.137953
vt 0.836784 0.121920
vt 0.804922 0.013392
vt 0.818753 0.027223
vt 0.831718 0.043207
vt 0.843372 0.074252
vt 0.408272 0.076968
vt 0.440654 0.066651
vt 0.444223 0.080547
vt 0.442298 0.084399
vt 0.444825 0.079288
vt 0.449328 0.063664
vt 0.432410 0.042243
vt 0.459540 0.032833
vt 0.401016 0.052153
vt 0.385039 0.056156
vt 0.405437 0.077710
vt 0.391194 0.077453
s 0
f 1068/1333/842 1084/1334/842 1085/1335/842
f 1084/1336/843 1068/1337/843 1087/1338/843 1088/1339/843 1086/1340/843
f 1087/1341/844 1068/1337/844 1069/1333/844
f 1070/1333/845 1087/1342/845 1069/1337/845
f 1070/1337/846 1093/1343/846 1087/1344/846
f 1093/1345/847 1070/1337/847 1089/1346/847 1090/1347/847 1092/1348/847
f 1069/1337/848 1085/1349/848 1094/1350/848
f 1091/1351/849 1089/1352/849 1070/1333/849 1094/1353/849
f 1069/1333/850 1094/1354/850 1070/1337/850
f 1068/1333/851 1085/1355/851 1069/1337/851
s 1
f 1067/1356/852 1071/1357/853 1083/1358/854 1082/1359/855 1075/1360/855 1074/1361/855 1076/1362/856
f 1072/1363/857 1073/1364/858 1077/1365/859 1079/1366/860
f 1077/1367/859 1073/1364/858 1078/1368/861
f 1078/1368/861 1073/1364/858 1067/1369/852 1076/1370/856
f 1067/1369/852 1073/1364/858 1072/1363/857 1071/1371/853
f 1083/1372/854 1071/1371/853 1072/1363/857 1081/1373/862 1080/1374/862
o Circle_cell.015
v -0.029179 1.763765 0.071717
v -0.032984 1.792712 0.079631
v -0.041225 1.775656 0.071453
v -0.033220 1.763295 0.074708
v -0.030622 1.774241 0.065436
v -0.034542 1.780247 0.063876
v -0.027702 1.769364 0.066877
v -0.051216 1.791301 0.067426
v -0.042929 1.793275 0.060567
v -0.059374 1.804925 0.063590
v -0.052646 1.808957 0.056833
v -0.010264 1.802693 0.085239
v -0.005998 1.800050 0.075500
v -0.001264 1.795145 0.075774
v -0.003326 1.791233 0.085568
v -0.018819 1.774241 0.069124
v -0.058371 1.809703 0.064755
v -0.033563 1.809482 0.081027
v -0.029774 1.809097 0.071880
v -0.017036 1.809110 0.084416
v -0.015048 1.808764 0.074882
v -0.041225 1.775656 0.071453
v -0.033220 1.763295 0.074708
v -0.030622 1.774241 0.065436
v -0.034542 1.780247 0.063876
v -0.027702 1.769364 0.066877
v -0.042929 1.793275 0.060567
v -0.051216 1.791301 0.067426
v -0.005998 1.800050 0.075500
v -0.001264 1.795145 0.075774
v -0.058371 1.809703 0.064755
v -0.033563 1.809482 0.081027
v -0.017036 1.809110 0.084416
v -0.029774 1.809097 0.071880
v -0.015048 1.808764 0.074882
v -0.010264 1.802693 0.085239
v -0.052646 1.808957 0.056833
v -0.059374 1.804925 0.063590
v -0.003326 1.791233 0.085568
v -0.018819 1.774241 0.069124
vn -0.4771 -0.4993 -0.7232
vn -0.4816 -0.4939 -0.7239
vn -0.4759 -0.4805 -0.7366
vn -0.7595 0.3001 -0.5771
vn 0.7747 0.5632 0.2876
vn 0.4712 -0.7085 0.5254
vn 0.0315 0.9986 -0.0415
vn 0.6818 0.7233 0.1091
vn -0.3673 -0.1507 0.9178
vn -0.3765 -0.1197 0.9186
vn -0.5464 -0.1050 0.8309
vn -0.5440 -0.1342 0.8283
vn -0.2014 -0.1212 0.9720
vn -0.2012 -0.0901 0.9754
vn -0.3828 -0.0918 0.9193
vn -0.5475 -0.0903 0.8320
vn 0.3252 0.0696 -0.9431
vn 0.5436 0.1398 -0.8276
vn 0.3831 0.1461 -0.9121
vn 0.2281 0.1478 -0.9624
vn 0.2413 0.1041 -0.9648
vn 0.7350 -0.6730 -0.0827
vn 0.2967 -0.1028 -0.9494
vt 0.102213 0.102213
vt 0.000000 0.000000
vt 0.114334 0.000000
vt 1.000000 0.367160
vt 1.000000 0.472469
vt 0.568647 0.293986
vt 0.472469 0.472469
vt 0.367160 0.367160
vt 1.000000 0.631421
vt 1.000000 0.692328
vt 0.692329 0.692329
vt 0.669561 0.580054
vt 1.000000 0.142775
vt 1.000000 0.277070
vt 1.000000 0.000000
vt 0.277070 0.277070
vt 0.142775 0.142775
vt 0.847986 0.847986
vt 1.000000 0.006467
vt 1.000000 0.179091
vt 0.873744 0.873744
vt 1.000000 0.986473
vt 1.000000 1.000000
vt 0.072461 0.072461
vt 1.000000 0.902017
vt 0.986860 0.986860
vt 0.893572 0.374315
vt 0.853277 0.000000
vt 0.877587 0.000000
vt 0.913438 0.333448
vt 1.000000 0.851016
vt 1.000000 0.876413
vt 0.877587 0.877587
vt 0.853277 0.853277
vt 0.489808 0.855879
vt 0.492933 0.869623
vt 0.483300 0.871416
vt 0.486252 0.862938
vt 0.490967 0.856020
vt 0.506917 0.867045
vt 0.507246 0.867306
vt 0.503980 0.871980
vt 0.501580 0.875237
vt 0.494509 0.876678
vt 0.494509 0.876678
vt 0.480842 0.879686
vt 0.481201 0.878083
vt 0.483048 0.872178
vt 0.499996 0.908267
vt 0.497666 0.906179
vt 0.492628 0.901643
vt 0.486560 0.896029
vt 0.498157 0.893148
vt 0.509054 0.895332
vt 0.511532 0.898171
vt 0.505130 0.907341
vt 0.501324 0.907926
vt 0.504618 0.892211
vt 0.786715 0.156652
vt 0.216573 0.216573
vt 0.072461 0.000000
vt 1.000000 0.124918
vt 0.505130 0.907341
vt 0.501676 0.909672
s 0
f 1120/1375/863 1095/1376/863 1117/1377/863 1116/1378/863 1119/1379/863 1118/1380/863
f 1119/1381/864 1116/1382/864 1122/1383/864 1121/1384/864
f 1121/1385/865 1122/1386/865 1132/1387/865 1131/1388/865
f 1125/1389/866 1131/1390/866 1132/1391/866
f 1130/1392/867 1133/1393/867 1124/1394/867 1123/1395/867
f 1117/1396/868 1095/1397/868 1133/1398/868
f 1131/1399/869 1125/1400/869 1126/1401/869 1127/1402/869 1129/1403/869 1128/1404/869
f 1130/1405/870 1123/1406/870 1129/1407/870 1127/1408/870
s 1
f 1098/1409/871 1096/1410/872 1102/1411/873 1097/1412/874
f 1098/1413/871 1109/1414/875 1096/1410/872
f 1109/1415/875 1106/1416/876 1114/1417/876 1112/1418/877 1096/1410/872
f 1112/1419/877 1111/1420/878 1104/1421/878 1102/1422/873 1096/1410/872
f 1099/1423/879 1100/1424/880 1103/1425/880 1105/1426/880 1113/1427/881
f 1107/1428/882 1108/1429/882 1110/1430/883 1099/1431/879 1113/1427/881 1115/1432/882
s 0
f 1134/1433/884 1124/1434/884 1133/1435/884 1095/1389/884 1120/1436/884
s 1
f 1099/1431/879 1110/1437/883 1101/1438/885
o Circle_cell.016
v -0.085207 1.827958 -0.000000
v -0.078830 1.814529 -0.000000
v -0.088852 1.819147 -0.000000
v -0.084801 1.794204 0.008670
v -0.084527 1.799739 0.012410
v -0.074050 1.795727 0.009994
v -0.074069 1.800024 0.012891
v -0.086579 1.794008 -0.000000
v -0.075368 1.795658 -0.003578
v -0.075364 1.795464 0.003465
v -0.084283 1.806460 0.016520
v -0.074198 1.807256 0.017301
v -0.075551 1.814795 0.016440
v -0.085748 1.819147 0.014988
v -0.082278 1.827958 0.014140
v -0.084838 1.794569 -0.008651
v -0.074129 1.796116 -0.009881
v -0.084390 1.802513 -0.014285
v -0.083534 1.819147 -0.025680
v -0.074120 1.814529 -0.022738
v -0.074101 1.806873 -0.017503
v -0.081203 1.823323 -0.028590
v -0.078640 1.827958 -0.031708
v -0.074050 1.795727 0.009994
v -0.074069 1.800024 0.012891
v -0.084801 1.794204 0.008670
v -0.084527 1.799739 0.012410
v -0.075364 1.795464 0.003465
v -0.084283 1.806460 0.016520
v -0.074198 1.807256 0.017301
v -0.075551 1.814795 0.016440
v -0.082278 1.827958 0.014140
v -0.085748 1.819147 0.014988
v -0.075368 1.795658 -0.003578
v -0.074129 1.796116 -0.009881
v -0.084390 1.802513 -0.014285
v -0.083534 1.819147 -0.025680
v -0.081203 1.823323 -0.028590
v -0.074120 1.814529 -0.022738
v -0.074101 1.806873 -0.017503
v -0.084838 1.794569 -0.008651
v -0.086579 1.794008 -0.000000
vn -0.0228 -0.5590 0.8289
vn 0.1333 -0.9910 -0.0150
vn 0.1388 -0.9902 0.0121
vn -0.0250 -0.5209 0.8533
vn -0.0907 0.1045 0.9904
vn -0.0857 0.1288 0.9880
vn 0.1355 -0.9899 -0.0404
vn -0.0189 -0.5644 -0.8253
vn -0.0102 -0.5781 -0.8159
vn -0.9754 -0.0882 0.2020
vn -0.9700 0.1365 0.2009
vn -0.9893 0.1461 -0.0000
vn -0.9959 -0.0900 0.0028
vn -0.9754 -0.0882 -0.2020
vn -0.9508 0.2390 -0.1969
vn 0.0082 0.9960 -0.0885
vn -0.1295 0.9908 -0.0384
vn 0.9581 0.2861 -0.0159
vn 0.9415 0.3085 0.1356
vn -0.4062 0.9013 -0.1503
vn 0.1267 0.9916 -0.0262
vn 0.9433 0.2687 -0.1947
vn 0.9882 0.1474 -0.0408
vn 0.9755 0.1480 0.1629
vn 0.9694 0.1427 -0.1995
vt 0.211165 0.000000
vt 0.269926 0.000000
vt 0.629463 0.629463
vt 0.489385 0.489385
vt 1.000000 0.660432
vt 1.000000 0.753676
vt 0.242057 0.000000
vt 0.335668 0.000000
vt 1.000000 0.489385
vt 0.753676 0.753676
vt 0.660432 0.660432
vt 0.277572 0.000000
vt 1.000000 0.730074
vt 1.000000 0.788835
vt 0.221601 0.000000
vt 0.169576 0.000000
vt 0.315042 0.315042
vt 0.263049 0.263049
vt 0.142421 0.000000
vt 0.375939 0.159192
vt 0.169576 0.169576
vt 0.142421 0.142421
vt 1.000000 0.664332
vt 1.000000 0.757943
vt 0.633341 0.633341
vt 0.491870 0.491870
vt 0.893227 0.129035
vt 0.882897 0.000000
vt 0.949709 0.282903
vt 1.000000 0.523429
vt 1.000000 0.650808
vt 1.000000 0.633341
vt 0.650808 0.650808
vt 0.523429 0.523429
vt 1.000000 0.491870
vt 0.456320 0.884603
vt 0.459624 0.888137
vt 0.460695 0.892090
vt 0.454790 0.894632
vt 0.449989 0.884452
vt 0.453753 0.883003
vt 0.446378 0.886504
vt 0.449989 0.884452
vt 0.444759 0.899946
vt 0.445654 0.890890
vt 0.444096 0.905163
vt 0.456613 0.898327
vt 0.459585 0.904224
vt 0.450381 0.909456
vt 0.446164 0.906643
vt 0.444096 0.905162
vt 0.444432 0.902413
vt 0.462276 0.895852
vt 0.466404 0.901153
vt 0.462276 0.895852
vt 0.463606 0.911730
vt 0.462173 0.912473
vt 0.459621 0.913739
vt 0.454220 0.911260
vt 0.450381 0.909456
vt 0.468196 0.903863
vt 0.467848 0.907531
vt 0.467554 0.909762
vt 0.463606 0.911730
s 0
f 1159/1439/886 1161/1440/886 1160/1441/886 1158/1442/886
f 1162/1443/887 1160/1444/887 1142/1445/887 1168/1446/887
f 1158/1447/888 1160/1448/888 1162/1449/888
f 1163/1450/889 1161/1451/889 1159/1452/889 1164/1453/889
f 1167/1454/890 1163/1455/890 1164/1456/890 1165/1457/890
f 1166/1458/891 1167/1459/891 1165/1460/891
f 1168/1461/892 1142/1462/892 1175/1463/892 1169/1464/892
f 1171/1465/893 1172/1466/893 1173/1467/893 1174/1468/893 1170/1469/893
f 1175/1470/894 1170/1471/894 1174/1472/894 1169/1473/894
s 1
f 1139/1474/895 1145/1475/895 1148/1476/896 1137/1477/897 1176/1478/898 1138/1479/895
f 1150/1480/899 1176/1481/898 1137/1477/897 1153/1482/900 1152/1483/899
f 1157/1484/901 1135/1485/902 1136/1486/903 1154/1487/904 1156/1488/905
f 1137/1477/897 1135/1485/902 1157/1489/901 1156/1490/905 1153/1482/900
f 1136/1486/903 1135/1485/902 1149/1491/906 1147/1492/907
f 1135/1485/902 1137/1477/897 1148/1476/896 1149/1493/906
f 1136/1486/903 1144/1494/908 1143/1495/909 1151/1496/909 1155/1497/909 1154/1498/904
f 1146/1499/910 1141/1500/910 1140/1501/910 1144/1502/908 1136/1486/903 1147/1492/907
o Circle_cell.017
v 0.063173 1.656379 -0.000000
v 0.052948 1.671721 0.034355
v 0.058434 1.659648 0.024204
v 0.059735 1.615661 -0.011074
v 0.071151 1.630819 -0.000000
v 0.070603 1.634732 0.003178
v 0.068040 1.614455 -0.012796
v 0.062427 1.629823 -0.000000
v 0.067935 1.665656 0.028139
v 0.061433 1.679862 0.040087
v 0.060835 1.656379 -0.011290
v 0.068588 1.634732 -0.012908
v 0.077836 1.716010 -0.000000
v 0.076346 1.723254 -0.010025
v 0.068074 1.715025 -0.000000
v 0.064203 1.687377 0.036954
v 0.069621 1.693369 0.029571
v 0.066598 1.722299 -0.010063
v 0.054033 1.687645 0.035076
v 0.061202 1.695622 0.025351
v 0.075120 1.718854 -0.014223
v 0.065727 1.717365 -0.012275
v 0.071151 1.630819 -0.000000
v 0.068040 1.614455 -0.012796
v 0.070603 1.634732 0.003178
v 0.067935 1.665656 0.028139
v 0.061433 1.679862 0.040087
v 0.052948 1.671721 0.034355
v 0.058434 1.659648 0.024204
v 0.059735 1.615661 -0.011074
v 0.062427 1.629823 -0.000000
v 0.077836 1.716010 -0.000000
v 0.069621 1.693369 0.029571
v 0.060835 1.656379 -0.011290
v 0.064203 1.687377 0.036954
v 0.061202 1.695622 0.025351
v 0.068074 1.715025 -0.000000
v 0.068588 1.634732 -0.012908
v 0.076346 1.723254 -0.010025
v 0.066598 1.722299 -0.010063
v 0.054033 1.687645 0.035076
v 0.075120 1.718854 -0.014223
v 0.065727 1.717365 -0.012275
vn 0.0711 -0.6228 0.7792
vn -0.2032 0.0004 -0.9791
vn -0.0813 0.8021 0.5916
vn -0.1163 0.6775 0.7263
vn -0.5603 0.0007 0.8283
vn -0.1540 0.5827 -0.7980
vn 0.9949 -0.0530 -0.0863
vn 0.9819 0.0238 -0.1878
vn 0.9840 -0.0313 -0.1755
vn 0.8332 -0.0790 0.5473
vn 0.9543 -0.0780 0.2885
vn 0.9447 -0.0785 0.3185
vn 0.9947 -0.0845 -0.0589
vn 0.9829 -0.0860 -0.1627
vn -0.9985 0.0547 0.0019
vn -0.9554 0.0700 -0.2868
vn -0.9463 0.0828 -0.3125
vn -0.9930 0.0830 0.0839
vn -0.8330 0.0816 -0.5472
vn -0.9760 0.0816 0.2021
vn -0.9778 0.0545 0.2025
vn -0.9927 0.0279 0.1170
vn -0.9788 0.0275 0.2027
vt 0.754360 0.127237
vt 0.698357 0.117560
vt 0.252281 0.044566
vt 0.058563 0.000000
vt 0.195481 0.000000
vt 0.407383 0.045491
vt 0.787419 0.111162
vt 1.000000 0.136405
vt 1.000000 0.156403
vt 0.378730 0.076513
vt 0.728921 0.000000
vt 0.838461 0.000000
vt 0.196998 0.147388
vt 0.156403 0.156403
vt 0.136405 0.136405
vt 0.272387 0.190439
vt 0.270435 0.000000
vt 0.637395 0.000000
vt 0.640090 0.191165
vt 1.000000 0.619136
vt 1.000000 0.893903
vt 0.692895 0.692895
vt 1.000000 0.946407
vt 0.893903 0.893903
vt 0.690915 0.668967
vt 1.000000 0.821652
vt 0.946407 0.946407
vt 0.821652 0.821652
vt 1.000000 0.804519
vt 0.285106 0.285106
vt 0.362605 0.000000
vt 0.729565 0.000000
vt 0.573802 0.573802
vt 0.567029 0.762531
vt 0.566213 0.759553
vt 0.572458 0.745268
vt 0.576748 0.760771
vt 0.541868 0.797398
vt 0.549646 0.786669
vt 0.551457 0.805129
vt 0.545156 0.801953
vt 0.551934 0.805371
vt 0.572946 0.818975
vt 0.582910 0.822296
vt 0.580277 0.823824
vt 0.544451 0.955278
vt 0.537997 0.951125
vt 0.543028 0.937060
vt 0.553592 0.933342
vt 0.535745 0.945671
vt 0.537069 0.939658
vt 0.541761 0.937537
vt 0.558619 0.932352
vt 0.558608 0.934567
vt 0.547504 0.957077
vt 0.538370 0.952667
vt 0.541908 0.959179
vt 0.543103 0.962889
s 0
f 1199/1503/911 1201/1504/911 1202/1505/911 1203/1506/911 1204/1507/911 1205/1508/911 1207/1509/911 1206/1510/911 1200/1511/911
f 1210/1512/912 1219/1513/912 1218/1514/912 1214/1515/912 1200/1516/912 1206/1517/912
f 1208/1518/913 1215/1519/913 1216/1520/913 1213/1521/913 1212/1522/913 1211/1523/913 1209/1524/913
f 1203/1525/914 1211/1526/914 1212/1527/914 1217/1528/914
f 1203/1529/915 1217/1530/915 1204/1531/915
f 1219/1532/916 1216/1533/916 1215/1534/916 1218/1535/916
s 1
f 1182/1536/917 1181/1537/918 1183/1538/918 1188/1539/919
f 1186/1540/920 1185/1541/921 1193/1542/922 1192/1543/920
f 1193/1544/922 1185/1541/921 1182/1536/917 1189/1545/923
f 1197/1546/924 1190/1547/924 1189/1545/923 1182/1536/917 1188/1539/919
f 1177/1548/925 1179/1549/926 1196/1550/927 1191/1551/928
f 1179/1549/926 1178/1552/929 1195/1553/929 1196/1554/927
f 1177/1548/925 1191/1551/928 1194/1555/930 1198/1556/930 1187/1557/931
f 1179/1558/926 1177/1548/925 1184/1559/932
f 1184/1559/932 1177/1548/925 1187/1557/931 1180/1560/933
o Circle_cell.018
v 0.007031 0.603183 0.013563
v 0.236916 0.580250 0.001120
v 0.001274 0.581587 0.000712
v -0.004026 0.588214 0.005493
v 0.043353 0.590396 0.102540
v 0.000716 0.523028 0.000824
v -0.005407 0.563821 0.001472
v 0.083747 0.491239 0.016400
v 0.037054 0.485393 0.014814
v 0.003968 0.506940 0.005945
v 0.044139 0.481233 0.018686
v 0.107057 0.474194 0.061825
v 0.006249 0.563181 0.051496
v -0.006638 0.582657 0.005802
v 0.328482 0.573929 0.136062
v 0.284905 0.728118 0.118012
v 0.339524 0.488801 0.140635
v 0.309162 0.653589 0.128059
v 0.237364 0.653589 0.237364
v 0.273314 0.759403 0.105223
v 0.291344 0.728118 0.086921
v 0.326714 0.653589 0.043311
v 0.351122 0.589941 0.006389
v 0.352287 0.584157 0.008120
v 0.353991 0.575559 0.010821
v 0.270622 0.762190 0.112095
v 0.201680 0.637972 0.265622
v 0.214104 0.653589 0.252643
v 0.231554 0.676843 0.231554
v 0.256176 0.728118 0.161750
v 0.355860 0.552434 0.018488
v 0.327820 0.476964 0.158311
v 0.323165 0.472445 0.165343
v 0.249348 0.573929 0.254070
v 0.252718 0.568710 0.252717
v 0.258173 0.556366 0.247513
v 0.280364 0.506588 0.226233
v 0.283157 0.500895 0.223411
v 0.301069 0.488801 0.199180
v 0.273314 0.759403 0.105223
v 0.291344 0.728118 0.086921
v 0.326714 0.653589 0.043311
v 0.351122 0.589941 0.006389
v 0.352287 0.584157 0.008120
v 0.353991 0.575559 0.010821
v 0.231554 0.676843 0.231554
v 0.256176 0.728118 0.161750
v 0.270622 0.762190 0.112095
v 0.201680 0.637972 0.265622
v 0.214104 0.653589 0.252643
v 0.327820 0.476964 0.158311
v 0.323165 0.472445 0.165343
v 0.252718 0.568710 0.252717
v 0.258173 0.556366 0.247513
v 0.249348 0.573929 0.254070
v 0.280364 0.506588 0.226233
v 0.283157 0.500895 0.223411
v 0.301069 0.488801 0.199180
v 0.355860 0.552434 0.018488
v 0.339524 0.488801 0.140635
vn -0.1108 -0.0008 -0.9938
vn -0.5189 0.1592 -0.8399
vn -0.5121 0.1942 -0.8367
vn -0.1000 0.5284 -0.8431
vn -0.1078 0.6334 -0.7663
vn 0.0015 0.5043 -0.8635
vn 0.0041 0.4403 -0.8978
vn 0.0017 -0.0019 -1.0000
vn 0.0675 -0.2736 -0.9595
vn 0.0696 -0.2864 -0.9556
vn 0.0686 -0.2887 -0.9549
vn 0.0668 -0.2903 -0.9546
vn -0.9770 -0.1491 0.1522
vn -0.9645 -0.1414 0.2229
vn -0.9678 -0.1148 0.2240
vn -0.8319 0.3857 0.3990
vn -0.8265 0.4010 0.3950
vn -0.8307 0.4114 0.3751
vn 0.0766 -0.3082 -0.9482
vn 0.2022 -0.8782 -0.4335
vn 0.2001 -0.8791 -0.4326
vn 0.1975 -0.8802 -0.4316
vn 0.1002 -0.5811 -0.8076
vn -0.5705 -0.8005 0.1837
vn -0.5409 -0.5160 0.6642
vn -0.5384 -0.5158 0.6664
vn -0.5758 0.7426 0.3421
vn -0.5306 -0.5220 0.6678
vn -0.5072 -0.5695 0.6469
vn -0.1691 -0.9261 0.3373
vn 0.8924 0.1205 0.4349
vn 0.8288 0.1273 0.5448
vn 0.8358 -0.0066 0.5490
vn 0.7722 0.2134 0.5985
vn 0.6776 0.2906 0.6756
vn 0.5289 0.2684 0.8052
vn 0.5316 0.2497 0.8093
vn 0.9055 0.1962 0.3763
vn 0.8267 0.1459 0.5434
vn 0.9699 0.1383 0.2005
vn 0.9585 0.2047 0.1984
vn 0.9482 0.2497 0.1964
vn 0.9415 0.2747 0.1950
vn 0.8836 0.2901 0.3675
vn 0.7251 0.3320 0.6034
vn 0.8578 0.3713 0.3553
vn 0.7849 0.3437 0.5156
vn 0.9162 0.3530 0.1897
vn 0.8485 0.4131 0.3307
vn 0.8944 0.4071 0.1852
vn -0.5334 -0.5177 0.6689
vt 0.000000 0.000000
vt 1.000000 0.000000
vt 1.000000 1.000000
vt 0.639880 0.000000
vt 1.000000 0.348695
vt 1.000000 0.164208
vt 0.348695 0.348695
vt 0.471866 0.305295
vt 0.764299 0.220087
vt 0.370622 0.000000
vt 0.629378 0.000000
vt 1.000000 0.158234
vt 0.192402 0.000000
vt 0.158234 0.158234
vt 0.940790 0.749251
vt 0.187866 0.000000
vt 1.000000 0.270358
vt 0.187866 0.187866
vt 0.872661 0.235586
vt 0.305567 0.000000
vt 0.270358 0.270358
vt 0.584286 0.487449
vt 1.000000 0.360120
vt 0.515630 0.000000
vt 0.538560 0.078523
vt 0.568822 0.197530
vt 0.428209 0.000000
vt 1.000000 0.631049
vt 1.000000 0.565475
vt 0.631049 0.631049
vt 0.694433 0.000000
vt 0.623201 0.325242
vt 0.565475 0.565475
vt 0.396174 0.160709
vt 0.380233 0.165073
vt 0.388378 0.158789
vt 0.390590 0.159303
vt 0.369153 0.189349
vt 0.374665 0.208807
vt 0.368016 0.210797
vt 0.362728 0.208242
vt 0.401478 0.180749
vt 0.368806 0.188142
vt 0.369766 0.184809
vt 0.373632 0.171341
vt 0.374160 0.169771
vt 0.428797 0.168533
vt 0.431765 0.173270
vt 0.396362 0.160660
vt 0.433671 0.178038
vt 0.428135 0.195564
vt 0.406526 0.200623
vt 0.431987 0.173654
vt 0.433127 0.175692
vt 0.376368 0.214942
vt 0.411398 0.220756
vt 0.397818 0.224105
vt 0.419848 0.218890
vt 0.413751 0.231014
vt 0.419848 0.218890
vt 0.415626 0.229729
vt 0.413751 0.231014
vt 0.368016 0.210797
vt 0.376368 0.214942
vt 0.571791 0.000000
vt 0.584819 0.151823
vt 0.588209 0.219981
vt 1.000000 0.484370
s 0
f 1225/1561/934 1226/1562/934 1222/1563/934
f 1226/1561/935 1233/1562/935 1222/1563/935
f 1233/1561/936 1223/1562/936 1222/1563/936
f 1223/1561/937 1220/1562/937 1222/1563/937
f 1220/1561/938 1267/1564/938 1259/1565/938 1222/1563/938
f 1262/1566/939 1222/1563/939 1259/1567/939 1260/1568/939 1261/1569/939
f 1262/1570/940 1221/1562/940 1222/1563/940
f 1221/1561/941 1225/1562/941 1222/1563/941
f 1221/1561/942 1262/1571/942 1263/1572/942 1225/1563/942
f 1264/1573/943 1227/1562/943 1225/1563/943 1263/1574/943
f 1227/1561/944 1228/1562/944 1225/1563/944
f 1228/1561/945 1229/1562/945 1225/1563/945
f 1229/1561/946 1226/1562/946 1225/1563/946
f 1229/1561/947 1232/1562/947 1226/1563/947
f 1232/1561/948 1233/1562/948 1226/1563/948
f 1232/1561/949 1224/1562/949 1233/1563/949
f 1224/1561/950 1220/1562/950 1233/1563/950
f 1220/1561/951 1223/1562/951 1233/1563/951
f 1264/1575/952 1278/1576/952 1227/1562/952
f 1270/1577/953 1227/1563/953 1278/1578/953 1236/1579/953
f 1271/1580/954 1231/1562/954 1227/1563/954 1270/1581/954
f 1231/1561/955 1230/1562/955 1227/1563/955
f 1230/1561/956 1228/1562/956 1227/1563/956
f 1230/1561/957 1229/1562/957 1228/1563/957
f 1230/1561/958 1232/1562/958 1229/1563/958
f 1230/1561/959 1224/1562/959 1232/1563/959
f 1266/1582/960 1267/1583/960 1220/1563/960 1224/1561/960 1268/1584/960 1269/1585/960 1265/1586/960
f 1273/1587/961 1230/1562/961 1275/1588/961
f 1230/1561/962 1231/1562/962 1276/1589/962 1275/1590/962
f 1231/1561/963 1271/1591/963 1277/1592/963 1276/1593/963
s 1
f 1279/1594/964 1258/1595/965 1252/1596/966 1251/1597/966
f 1274/1598/967 1238/1599/968 1247/1600/969 1246/1601/970
f 1279/1594/964 1234/1602/971 1274/1598/967 1272/1603/972 1255/1604/972 1256/1605/972 1257/1606/972 1258/1595/965
f 1250/1607/973 1244/1608/974 1234/1602/971 1279/1609/964
f 1242/1610/975 1241/1611/976 1237/1612/977 1234/1602/971 1244/1613/974 1243/1614/975
f 1234/1602/971 1237/1612/977 1238/1599/968 1274/1598/967
f 1248/1615/978 1238/1599/968 1237/1612/977 1235/1616/979 1249/1617/980
f 1240/1618/981 1235/1616/979 1237/1612/977 1241/1611/976
f 1245/1619/982 1235/1616/979 1240/1620/981 1239/1621/983
f 1235/1616/979 1245/1622/982 1249/1617/980
f 1247/1623/969 1238/1599/968 1248/1624/978
s 0
f 1273/1625/984 1254/1626/984 1253/1627/984 1268/1628/984 1224/1563/984 1230/1561/984
o Circle_cell.019
v -0.009178 0.788809 0.047854
v 0.000120 0.808221 0.001824
v -0.001585 0.933082 0.001313
v -0.090371 0.872857 0.218174
v -0.067974 0.976106 0.164104
v -0.076129 1.038819 0.114730
v -0.096331 0.976106 0.145477
v -0.110801 0.928787 0.167495
v -0.116121 0.911318 0.175638
v -0.128636 0.846233 0.210045
v -0.091478 0.867533 0.220848
v -0.045283 0.885229 0.220477
v -0.077685 0.872857 0.220801
v -0.038723 0.940171 0.190595
v -0.036024 0.965219 0.176911
v -0.035024 0.976106 0.170928
v -0.030809 1.019314 0.145916
v -0.055255 1.031759 0.133397
v -0.131813 0.857464 0.200784
v -0.127467 0.872857 0.193807
v -0.128636 0.846233 0.210045
v -0.091478 0.867533 0.220848
v -0.096331 0.976106 0.145477
v -0.110801 0.928787 0.167495
v -0.076129 1.038819 0.114730
v -0.116121 0.911318 0.175638
v -0.045283 0.885229 0.220477
v -0.077685 0.872857 0.220801
v -0.038723 0.940171 0.190595
v -0.036024 0.965219 0.176911
v -0.035024 0.976106 0.170928
v -0.030809 1.019314 0.145916
v -0.055255 1.031759 0.133397
v -0.127467 0.872857 0.193807
v -0.131813 0.857464 0.200784
vn -0.8357 -0.0015 -0.5492
vn 0.3105 -0.8008 0.5122
vn 0.9783 -0.0042 0.2070
vn 0.9799 0.0033 0.1993
vn 0.9817 0.0142 0.1899
vn 0.5588 0.7571 -0.3385
vn -0.8349 -0.0137 -0.5502
vn -0.7631 -0.5258 -0.3759
vn -0.4843 0.4709 0.7373
vn -0.3853 0.4768 0.7901
vn -0.3347 0.4849 0.8080
vn -0.4820 0.4788 0.7338
vn -0.1774 0.4844 0.8567
vn -0.1772 0.4865 0.8555
vn -0.1761 0.4961 0.8502
vn -0.3309 0.5024 0.7988
vn -0.4766 0.4963 0.7256
vn -0.4797 0.4865 0.7302
vn -0.4735 0.5060 0.7209
vn -0.3663 0.5123 0.7768
vn -0.1749 0.5060 0.8446
vn -0.8357 -0.0000 -0.5492
vt 0.398667 0.398667
vt 0.000000 0.000000
vt 0.519337 0.000000
vt 0.439842 0.439842
vt 0.466050 0.000000
vt 0.466967 0.171166
vt 0.467110 0.244129
vt 0.385051 0.000000
vt 0.466050 0.466050
vt 1.000000 0.000000
vt 1.000000 0.420138
vt 0.385051 0.385051
vt 1.000000 0.346563
vt 0.535623 0.405939
vt 0.420138 0.420138
vt 0.346563 0.346563
vt 0.551411 0.000000
vt 0.462662 0.174517
vt 1.000000 0.480663
vt 1.000000 1.000000
vt 0.593629 0.000000
vt 0.709994 0.136972
vt 0.593629 0.593629
vt 1.000000 0.560966
vt 0.293023 0.299149
vt 0.306568 0.300994
vt 0.307268 0.302711
vt 0.293952 0.308334
vt 0.291594 0.303509
vt 0.311171 0.301163
vt 0.334215 0.332640
vt 0.335962 0.336726
vt 0.323418 0.341787
vt 0.311171 0.301163
vt 0.322291 0.302202
vt 0.330240 0.323215
vt 0.310857 0.347132
vt 0.302260 0.329723
vt 0.299460 0.323132
vt 0.323392 0.377358
vt 0.310857 0.347132
vt 0.334583 0.368609
vt 0.334583 0.368609
vt 0.342863 0.358267
vt 0.398667 0.000000
vt 0.345633 0.141180
vt 0.448589 0.000000
s 0
f 1303/1629/985 1282/1630/985 1305/1631/985
f 1300/1632/986 1280/1630/986 1306/1633/986 1307/1634/986 1301/1635/986
f 1280/1630/987 1308/1636/987 1306/1637/987
f 1280/1630/988 1281/1638/988 1309/1639/988 1308/1640/988
f 1281/1630/989 1282/1638/989 1311/1641/989 1310/1642/989 1309/1643/989
f 1311/1644/990 1282/1630/990 1304/1645/990 1312/1646/990
f 1305/1647/991 1282/1648/991 1281/1630/991 1314/1649/991 1313/1650/991
f 1314/1651/992 1281/1630/992 1280/1638/992 1300/1652/992
s 1
f 1289/1653/993 1290/1654/994 1283/1655/995 1299/1656/996 1298/1657/993
f 1283/1655/995 1290/1654/994 1292/1658/997
f 1294/1659/998 1295/1660/999 1284/1661/1000 1283/1655/995 1292/1662/997 1291/1663/998 1293/1664/998
f 1283/1655/995 1284/1661/1000 1302/1665/1001 1287/1666/1002 1288/1667/1002 1299/1656/996
f 1285/1668/1003 1302/1669/1001 1284/1661/1000 1297/1670/1004
f 1297/1671/1004 1284/1661/1000 1295/1660/999 1296/1672/1005
s 0
f 1282/1630/1006 1303/1673/1006 1286/1674/1006 1304/1675/1006
o Circle_cell.020
v 0.008034 0.432013 0.005057
v 0.008711 0.439437 0.006041
v 0.107637 0.471585 0.063020
v 0.260230 0.395728 0.260230
v 0.249020 0.321384 0.249020
v 0.227608 0.261968 0.227608
v 0.260560 0.464712 0.260560
v 0.200980 0.405148 0.299223
v 0.279146 0.492428 0.231644
v 0.277019 0.488801 0.235793
v 0.200949 0.395728 0.299169
v 0.176233 0.261968 0.261354
v 0.168025 0.237327 0.248814
v 0.192468 0.321384 0.286167
v 0.213205 0.229175 0.213205
v 0.283678 0.240762 0.118753
v 0.283197 0.498790 0.223878
v 0.297952 0.488801 0.203924
v 0.323102 0.470124 0.165410
v 0.324209 0.462533 0.163633
v 0.333512 0.395728 0.148664
v 0.331936 0.364087 0.139030
v 0.295785 0.261968 0.123816
v 0.323601 0.321384 0.135477
v 0.260560 0.464712 0.260560
v 0.200980 0.405148 0.299223
v 0.277019 0.488801 0.235793
v 0.279146 0.492428 0.231644
v 0.200949 0.395728 0.299169
v 0.176233 0.261968 0.261354
v 0.168025 0.237327 0.248814
v 0.192468 0.321384 0.286167
v 0.213205 0.229175 0.213205
v 0.283678 0.240762 0.118753
v 0.283197 0.498790 0.223878
v 0.297952 0.488801 0.203924
v 0.323102 0.470124 0.165410
v 0.324209 0.462533 0.163633
v 0.333512 0.395728 0.148664
v 0.295785 0.261968 0.123816
v 0.323601 0.321384 0.135477
v 0.331936 0.364087 0.139030
vn -0.4950 0.7639 0.4140
vn -0.8362 -0.0005 0.5484
vn -0.8349 0.0031 0.5504
vn -0.4153 -0.8213 -0.3910
vn 0.1676 0.9256 -0.3394
vn -0.4807 0.7845 0.3919
vn 0.4154 0.2644 -0.8704
vn 0.4173 0.2510 -0.8734
vn 0.3960 0.0851 -0.9143
vn 0.3826 0.0022 -0.9239
vn 0.6168 -0.4890 0.6168
vn 0.6677 -0.3290 0.6677
vn 0.5186 -0.3281 0.7895
vn 0.4806 -0.4835 0.7316
vn 0.7909 -0.3234 0.5195
vn 0.7326 -0.4814 0.4812
vn 0.7031 -0.1068 0.7031
vn 0.5459 -0.1060 0.8311
vn 0.5490 -0.0066 0.8358
vn 0.7686 -0.0067 0.6397
vn 0.8296 -0.1213 0.5450
vn 0.8182 -0.2044 0.5374
vn 0.8358 0.0110 0.5490
vn 0.8356 0.0240 0.5489
vn 0.8358 -0.0066 0.5490
vn 0.8280 0.1366 0.5439
vn 0.6027 -0.5277 0.5986
vn 0.7141 -0.5197 0.4691
vn 0.4691 -0.5197 0.7141
vt 0.542999 0.237427
vt 0.367049 0.031659
vt 0.340966 0.000000
vt 1.000000 0.000000
vt 1.000000 0.709749
vt 0.709749 0.709749
vt 0.000000 0.000000
vt 0.591490 0.000000
vt 0.621282 0.118688
vt 0.679994 0.389587
vt 0.709821 0.677726
vt 0.591490 0.591490
vt 0.671462 0.000000
vt 0.640678 0.411665
vt 0.589538 0.589538
vt 1.000000 0.563732
vt 0.756256 0.367410
vt 0.308009 0.000000
vt 1.000000 0.659034
vt 0.563732 0.563732
vt 0.691991 0.000000
vt 1.000000 0.231047
vt 1.000000 1.000000
vt 0.754156 0.208035
vt 1.000000 0.211171
vt 0.231047 0.231047
vt 0.211378 0.000000
vt 0.700878 0.551985
vt 0.671462 0.671462
vt 0.788622 0.000000
vt 0.768441 0.223664
vt 0.347336 0.113742
vt 0.352146 0.130526
vt 0.335727 0.135183
vt 0.330831 0.118229
vt 0.384921 0.121237
vt 0.380196 0.104397
vt 0.335727 0.135183
vt 0.357325 0.148403
vt 0.341062 0.153160
vt 0.341696 0.155312
vt 0.341062 0.153160
vt 0.361894 0.164156
vt 0.388008 0.139817
vt 0.384921 0.121237
vt 0.387869 0.131986
vt 0.378941 0.165427
vt 0.370264 0.167802
vt 0.361894 0.164156
vt 0.388202 0.156378
vt 0.388209 0.158260
vt 0.373942 0.169302
vt 0.371550 0.168360
vt 0.370264 0.167802
vt 0.344316 0.102944
vt 0.378258 0.097441
vt 0.380196 0.104397
vt 0.344316 0.102944
vt 0.328250 0.109213
s 0
f 1339/1676/1007 1341/1677/1007 1342/1678/1007 1316/1679/1007 1340/1680/1007
f 1340/1681/1008 1316/1682/1008 1345/1683/1008 1344/1684/1008 1346/1685/1008 1343/1686/1008
f 1315/1679/1009 1345/1687/1009 1316/1682/1009
f 1315/1682/1010 1348/1688/1010 1347/1689/1010 1345/1690/1010
f 1317/1679/1011 1349/1691/1011 1350/1692/1011 1351/1693/1011
f 1342/1694/1012 1349/1695/1012 1317/1682/1012 1316/1679/1012
f 1317/1682/1013 1351/1696/1013 1352/1697/1013 1316/1698/1013
f 1353/1699/1014 1356/1700/1014 1316/1698/1014 1352/1701/1014
f 1356/1702/1015 1315/1679/1015 1316/1698/1015
f 1354/1703/1016 1348/1704/1016 1315/1682/1016 1356/1705/1016 1355/1706/1016
s 1
f 1320/1707/1017 1319/1708/1018 1328/1709/1019 1326/1710/1020
f 1338/1711/1021 1319/1708/1018 1320/1707/1017 1337/1712/1022
f 1328/1713/1019 1319/1708/1018 1318/1714/1023 1325/1715/1024
f 1322/1716/1025 1325/1717/1024 1318/1714/1023 1321/1718/1026
f 1335/1719/1027 1318/1714/1023 1319/1708/1018 1338/1720/1021 1336/1721/1028
f 1332/1722/1029 1324/1723/1030 1321/1724/1026 1318/1714/1023 1335/1719/1027 1334/1725/1031 1333/1726/1031
f 1332/1722/1029 1331/1727/1032 1323/1728/1032 1324/1729/1030
f 1320/1707/1017 1329/1730/1033 1330/1731/1034 1337/1732/1022
f 1329/1733/1033 1320/1707/1017 1326/1710/1020 1327/1734/1035
o Circle_cell.021
v -0.009930 0.813949 -0.000020
v -0.073240 1.031334 0.013652
v -0.002287 0.933007 0.000473
v -0.002885 0.810963 -0.000008
v -0.164104 0.976106 -0.067974
v -0.125993 0.976106 -0.125993
v -0.178182 0.976106 -0.000000
v -0.127867 1.060093 -0.000000
v -0.126207 1.054539 0.024081
v -0.118239 1.063020 -0.038021
v -0.118844 1.058136 -0.049227
v -0.115058 1.041241 -0.073044
v -0.096441 0.982779 -0.140721
v -0.109347 1.015402 -0.109347
v -0.115952 0.920348 -0.169733
v -0.098625 0.976106 -0.143970
v -0.151414 0.919320 -0.144885
v -0.122133 0.909971 -0.172587
v -0.200441 0.922484 -0.039743
v -0.190511 0.925681 -0.078912
v -0.171292 0.976106 0.033265
v -0.150422 1.012272 0.029418
v -0.146340 1.019382 0.028562
v -0.181493 0.957617 0.034771
v -0.195817 0.945091 -0.000000
v -0.127867 1.060093 -0.000000
v -0.126207 1.054539 0.024081
v -0.118239 1.063020 -0.038021
v -0.118844 1.058136 -0.049227
v -0.115058 1.041241 -0.073044
v -0.096441 0.982779 -0.140721
v -0.109347 1.015402 -0.109347
v -0.098625 0.976106 -0.143970
v -0.115952 0.920348 -0.169733
v -0.200441 0.922484 -0.039743
v -0.190511 0.925681 -0.078912
v -0.151414 0.919320 -0.144885
v -0.171292 0.976106 0.033265
v -0.150422 1.012272 0.029418
v -0.146340 1.019382 0.028562
v -0.195817 0.945091 -0.000000
v -0.181493 0.957617 0.034771
v -0.122133 0.909971 -0.172587
vn 0.4239 0.8885 0.1757
vn 0.7536 0.5867 -0.2964
vn 0.7549 0.5846 -0.2973
vn 0.8317 -0.0019 -0.5553
vn 0.7220 -0.2529 -0.6440
vn -0.4556 -0.8701 -0.1879
vn -0.4566 -0.8698 -0.1867
vn 0.1875 -0.0067 0.9822
vn 0.1950 0.0062 0.9808
vn 0.1980 0.0115 0.9801
vn -0.3774 -0.8915 -0.2507
vn -0.1860 -0.4354 0.8808
vn -0.5089 -0.7215 0.4696
vn -0.8555 0.4865 0.1772
vn -0.8501 0.4964 0.1761
vn -0.8640 0.5035 -0.0000
vn -0.8680 0.4935 -0.0549
vn -0.6135 0.5008 -0.6105
vn -0.4874 0.4925 -0.7211
vn -0.5011 0.4787 -0.7209
vn -0.6155 0.4891 -0.6180
vn -0.7988 0.5024 -0.3309
vn -0.8036 0.4931 -0.3331
vn -0.8555 0.4865 -0.1772
vn -0.8446 0.5060 0.1749
vn -0.8577 0.5138 -0.0196
vn -0.6700 0.5117 -0.5378
vn -0.4735 0.5060 -0.7209
vn -0.8161 0.5117 -0.2688
vn -0.7209 0.5060 -0.4735
vn -0.8446 0.5060 -0.1749
vt 0.846642 0.000000
vt 1.000000 0.000000
vt 1.000000 0.130209
vt 0.894370 0.052502
vt 0.130209 0.130209
vt 0.000000 0.000000
vt 0.200577 0.000000
vt 0.153586 0.099073
vt 1.000000 0.336937
vt 0.575783 0.275409
vt 0.200577 0.200577
vt 0.336937 0.336937
vt 1.000000 0.405487
vt 0.408586 0.344616
vt 0.405487 0.405487
vt 0.417357 0.000000
vt 0.952924 0.308575
vt 0.587774 0.000000
vt 0.466662 0.000000
vt 0.442079 0.123629
vt 0.345841 0.345841
vt 1.000000 0.355432
vt 0.613176 0.404951
vt 0.427747 0.427747
vt 0.346005 0.000000
vt 0.355432 0.355432
vt 1.000000 0.153358
vt 0.346005 0.346005
vt 0.417357 0.417357
vt 1.000000 1.000000
vt 0.048687 0.000000
vt 1.000000 0.533338
vt 0.048688 0.048688
vt 0.477193 0.252809
vt 0.256831 0.366565
vt 0.260487 0.372898
vt 0.248524 0.379689
vt 0.241644 0.368672
vt 0.203087 0.413582
vt 0.193593 0.423205
vt 0.176244 0.405786
vt 0.174009 0.401571
vt 0.186647 0.394828
vt 0.225412 0.395940
vt 0.212737 0.378569
vt 0.224421 0.368930
vt 0.188159 0.393889
vt 0.212737 0.378569
vt 0.281308 0.407988
vt 0.272149 0.416452
vt 0.270316 0.388951
vt 0.272194 0.392138
vt 0.216742 0.428519
vt 0.196000 0.425612
vt 0.193593 0.423205
vt 0.251008 0.429827
vt 0.236957 0.429647
vt 0.216742 0.428519
vt 0.272149 0.416452
vt 0.256804 0.428895
s 0
f 1383/1735/1036 1358/1736/1036 1384/1737/1036 1382/1738/1036
f 1384/1739/1037 1358/1740/1037 1386/1741/1037 1385/1742/1037
f 1358/1740/1038 1359/1736/1038 1387/1743/1038 1388/1744/1038 1386/1745/1038
f 1387/1746/1039 1359/1740/1039 1360/1736/1039 1390/1747/1039 1389/1748/1039
f 1390/1749/1040 1360/1740/1040 1399/1750/1040
f 1357/1736/1041 1393/1751/1041 1399/1752/1041
f 1357/1740/1042 1391/1753/1042 1392/1754/1042 1393/1755/1042
f 1360/1740/1043 1359/1736/1043 1395/1756/1043 1394/1757/1043 1398/1758/1043
f 1396/1759/1044 1395/1760/1044 1359/1740/1044
f 1359/1740/1045 1358/1736/1045 1383/1761/1045 1396/1762/1045
f 1399/1763/1046 1360/1740/1046 1357/1736/1046
f 1357/1736/1047 1360/1764/1047 1398/1765/1047
f 1391/1766/1048 1357/1764/1048 1398/1767/1048 1397/1768/1048
s 1
f 1380/1769/1049 1377/1770/1050 1363/1771/1051 1381/1772/1052
f 1362/1773/1053 1372/1774/1054 1371/1775/1055 1374/1776/1055 1373/1777/1056
f 1363/1771/1051 1361/1778/1057 1376/1779/1058 1375/1780/1059 1381/1772/1052
f 1361/1778/1057 1362/1773/1053 1373/1781/1056 1376/1782/1058
f 1365/1783/1060 1364/1784/1061 1363/1771/1051 1377/1770/1050 1378/1785/1060 1379/1786/1060
f 1362/1773/1053 1370/1787/1062 1369/1788/1063 1372/1789/1054
f 1362/1773/1053 1361/1778/1057 1367/1790/1064 1368/1791/1065 1370/1792/1062
f 1361/1778/1057 1363/1771/1051 1364/1793/1061 1366/1794/1066 1367/1790/1064
o Circle_cell.022
v -0.066660 1.696593 0.003658
v -0.072884 1.732090 0.030190
v -0.055958 1.732090 0.055958
v -0.074358 1.719698 0.018235
v -0.074069 1.732090 0.024469
v -0.074000 1.744182 0.030652
v -0.064729 1.746653 0.027588
v -0.065518 1.720806 0.014672
v -0.073035 1.749913 0.033146
v -0.074738 1.696314 0.007264
v -0.071815 1.692007 0.019697
v -0.062818 1.692166 0.016156
v -0.069682 1.689108 0.028863
v -0.060718 1.689321 0.025150
v -0.057132 1.687450 0.030330
v -0.063277 1.750803 0.030416
v -0.050405 1.751688 0.050144
v -0.061732 1.685790 0.040488
v -0.053534 1.689700 0.053533
v -0.037079 1.696709 0.053605
v -0.042231 1.694767 0.061438
v -0.046796 1.692353 0.046796
v -0.057450 1.753142 0.057450
v -0.039204 1.751251 0.057549
v -0.044625 1.752630 0.065814
v -0.038100 1.724461 0.055652
v -0.043594 1.732090 0.064079
v -0.043191 1.721943 0.063383
v -0.074358 1.719698 0.018235
v -0.074069 1.732090 0.024469
v -0.074000 1.744182 0.030652
v -0.073035 1.749913 0.033146
v -0.074738 1.696314 0.007264
v -0.071815 1.692007 0.019697
v -0.069682 1.689108 0.028863
v -0.062818 1.692166 0.016156
v -0.060718 1.689321 0.025150
v -0.057132 1.687450 0.030330
v -0.063277 1.750803 0.030416
v -0.050405 1.751688 0.050144
v -0.053534 1.689700 0.053533
v -0.042231 1.694767 0.061438
v -0.061732 1.685790 0.040488
v -0.037079 1.696709 0.053605
v -0.046796 1.692353 0.046796
v -0.057450 1.753142 0.057450
v -0.044625 1.752630 0.065814
v -0.043594 1.732090 0.064079
v -0.043191 1.721943 0.063383
v -0.039204 1.751251 0.057549
v -0.038100 1.724461 0.055652
v -0.064729 1.746653 0.027588
v -0.065518 1.720806 0.014672
v -0.066660 1.696593 0.003658
vn -0.3839 0.4221 -0.8213
vn -0.3855 0.3971 -0.8329
vn -0.1028 -0.9471 -0.3039
vn -0.0974 -0.9622 -0.2542
vn -0.2653 0.6046 -0.7510
vn -0.0160 0.9964 -0.0828
vn 0.3918 -0.9196 0.0289
vn 0.1031 0.9899 -0.0976
vn 0.8358 -0.0044 0.5490
vn 0.8366 -0.0096 0.5478
vn -0.5473 -0.0790 0.8332
vn -0.5469 -0.0883 0.8325
vn -0.7042 -0.0903 0.7042
vn -0.7329 -0.0806 0.6756
vn -0.5464 -0.0977 0.8318
vn -0.6997 -0.0997 0.7074
vn -0.9201 -0.0900 0.3811
vn -0.9756 -0.0856 0.2021
vn -0.9762 -0.0790 0.2022
vn -0.9079 -0.0803 0.4113
vn -0.8332 -0.0790 0.5473
vn -0.8593 -0.0985 0.5019
vn 0.5497 0.0809 -0.8314
vn 0.7332 0.0829 -0.6750
vn 0.7058 0.0829 -0.7036
vn 0.8330 0.0816 -0.5472
vn 0.9030 0.0813 -0.4219
vn 0.8600 0.0816 -0.5037
vn 0.9708 0.0780 -0.2268
vn -0.8318 -0.0977 0.5464
vt 1.000000 0.159275
vt 1.000000 0.187142
vt 0.646046 0.111000
vt 0.299878 0.037206
vt 0.139152 0.000000
vt 0.305468 0.010055
vt 1.000000 0.000000
vt 1.000000 0.030424
vt 0.187142 0.187142
vt 0.159275 0.159275
vt 0.030424 0.030424
vt 0.040619 0.000000
vt 1.000000 0.066749
vt 1.000000 0.097919
vt 0.074374 0.000000
vt 0.094160 0.061843
vt 0.097919 0.097919
vt 0.066749 0.066749
vt 0.063035 0.031318
vt 0.053005 0.000000
vt 0.873062 0.873062
vt 0.759889 0.759889
vt 1.000000 0.475332
vt 1.000000 0.759889
vt 1.000000 0.873062
vt 0.591817 0.000000
vt 0.644807 0.000000
vt 0.144334 0.000000
vt 0.574553 0.457287
vt 1.000000 0.922242
vt 1.000000 0.944582
vt 0.495645 0.393363
vt 0.125588 0.000000
vt 1.000000 0.355193
vt 0.994374 0.405020
vt 0.332525 0.000000
vt 0.418850 0.000000
vt 0.780037 0.681465
vt 1.000000 0.852604
vt 1.000000 0.871141
vt 0.418850 0.418850
vt 0.332525 0.332525
vt 0.871141 0.871141
vt 0.852604 0.852604
vt 0.855666 0.000000
vt 0.874412 0.000000
vt 0.476261 0.836239
vt 0.477718 0.842282
vt 0.469930 0.844284
vt 0.463015 0.819271
vt 0.472081 0.820129
vt 0.480576 0.852686
vt 0.472980 0.854918
vt 0.453788 0.849156
vt 0.450722 0.850242
vt 0.445150 0.844061
vt 0.434639 0.832266
vt 0.441074 0.827321
vt 0.445955 0.823835
vt 0.445955 0.823835
vt 0.453576 0.819516
vt 0.455872 0.855240
vt 0.502202 0.936888
vt 0.499105 0.939307
vt 0.492438 0.918694
vt 0.497310 0.917615
vt 0.499705 0.927084
vt 0.493835 0.943204
vt 0.491714 0.943274
vt 0.483378 0.922397
vt 0.483781 0.922206
vt 0.492438 0.918694
vt 0.499105 0.939307
vt 0.483912 0.944102
vt 0.483137 0.934660
vt 0.483234 0.924626
vt 0.491714 0.943274
vt 0.488573 0.943727
vt 0.458235 0.857702
vt 0.455872 0.855240
vt 0.472915 0.854937
s 0
f 1452/1795/1067 1428/1796/1067 1429/1797/1067 1430/1798/1067 1431/1799/1067 1451/1800/1067
f 1453/1801/1068 1432/1802/1068 1428/1803/1068 1452/1804/1068
f 1432/1805/1069 1453/1806/1069 1435/1807/1069 1433/1808/1069
f 1442/1809/1070 1434/1810/1070 1433/1811/1070 1435/1812/1070 1436/1813/1070 1437/1814/1070
f 1431/1815/1071 1438/1816/1071 1451/1817/1071
f 1438/1818/1072 1431/1819/1072 1445/1820/1072 1439/1821/1072
f 1441/1822/1073 1440/1823/1073 1442/1824/1073 1437/1825/1073 1444/1826/1073 1443/1827/1073
f 1439/1828/1074 1445/1829/1074 1446/1830/1074 1449/1831/1074
f 1447/1832/1075 1448/1833/1075 1450/1834/1075 1449/1835/1075 1446/1836/1075
f 1450/1837/1076 1448/1838/1076 1441/1839/1076 1443/1840/1076
s 1
f 1427/1841/1077 1426/1842/1078 1402/1843/1079 1418/1844/1080 1420/1845/1077
f 1424/1846/1081 1422/1847/1082 1402/1843/1079 1426/1842/1078
f 1401/1848/1083 1404/1849/1084 1403/1850/1085 1409/1851/1085 1410/1852/1085 1412/1853/1086
f 1402/1843/1079 1401/1848/1083 1412/1854/1086 1417/1855/1087 1418/1844/1080
f 1404/1849/1084 1401/1848/1083 1405/1856/1088
f 1419/1857/1089 1421/1858/1090 1416/1859/1091 1423/1860/1089 1425/1861/1089
f 1414/1862/1092 1413/1863/1093 1406/1864/1094 1415/1865/1092 1416/1866/1091 1421/1867/1090
f 1400/1868/1095 1407/1869/1095 1406/1870/1094 1413/1871/1093 1411/1872/1095
f 1408/1873/1096 1405/1874/1088 1401/1848/1083 1402/1843/1079 1422/1875/1082
o Circle_cell.023
v -0.001005 0.931997 -0.004514
v -0.001234 0.806471 -0.007901
v -0.021208 0.762540 -0.109215
v -0.090371 0.872857 -0.218174
v -0.067974 0.976106 -0.164104
v -0.000000 0.872857 -0.236890
v -0.000000 0.976106 -0.178182
v 0.044480 0.878567 -0.224432
v 0.045088 0.872857 -0.227552
v 0.046457 0.859425 -0.234592
v 0.033478 0.976106 -0.171248
v 0.027034 1.030330 -0.140098
v 0.026000 1.038391 -0.135483
v -0.000000 1.031652 -0.144905
v -0.061871 1.002812 -0.149369
v -0.094130 0.981654 -0.143029
v -0.095967 0.976106 -0.145717
v -0.097515 0.971179 -0.147981
v -0.117026 0.905732 -0.178765
v 0.040636 0.849140 -0.241404
v -0.111708 0.872857 -0.204159
v -0.102018 0.816157 -0.246673
v -0.098169 0.799791 -0.256392
v -0.096110 0.792123 -0.260309
v 0.025584 0.844148 -0.247243
v -0.079818 0.799791 -0.260193
v -0.000000 0.836181 -0.256885
v 0.045088 0.872857 -0.227552
v 0.046457 0.859425 -0.234592
v 0.044480 0.878567 -0.224432
v 0.033478 0.976106 -0.171248
v 0.027034 1.030330 -0.140098
v 0.026000 1.038391 -0.135483
v -0.000000 1.031652 -0.144905
v -0.061871 1.002812 -0.149369
v -0.094130 0.981654 -0.143029
v -0.095967 0.976106 -0.145717
v -0.097515 0.971179 -0.147981
v -0.117026 0.905732 -0.178765
v 0.040636 0.849140 -0.241404
v -0.111708 0.872857 -0.204159
v -0.098169 0.799791 -0.256392
v -0.096110 0.792123 -0.260309
v -0.102018 0.816157 -0.246673
v 0.025584 0.844148 -0.247243
v -0.079818 0.799791 -0.260193
v -0.000000 0.836181 -0.256885
vn 0.9789 -0.0073 0.2042
vn 0.9793 -0.0000 0.2025
vn 0.9783 0.0069 0.2073
vn -0.3878 0.7529 0.5317
vn -0.3891 0.7525 0.5314
vn -0.8293 0.0037 0.5589
vn -0.8314 -0.0135 0.5556
vn 0.8520 -0.5204 0.0577
vn -0.8494 -0.4018 0.3422
vn -0.8490 -0.4028 0.3420
vn 0.4153 -0.8377 -0.3545
vn 0.3990 -0.8422 -0.3627
vn -0.1852 0.4071 -0.8944
vn -0.1815 0.4457 -0.8766
vn -0.1799 0.4612 -0.8688
vn -0.2157 0.4735 -0.8539
vn -0.3349 0.4847 -0.8080
vn -0.0000 0.4860 -0.8740
vn -0.0474 0.4781 -0.8770
vn -0.4814 0.4807 -0.7329
vn -0.3309 0.5024 -0.7988
vn -0.4797 0.4865 -0.7302
vn -0.4767 0.4962 -0.7257
vn -0.0000 0.5035 -0.8640
vn 0.1781 0.4788 -0.8597
vn 0.1789 0.4709 -0.8638
vn 0.1761 0.4963 -0.8501
vn 0.1772 0.4865 -0.8555
vn -0.2712 0.5118 -0.8152
vn 0.0449 0.5134 -0.8570
vn -0.4735 0.5060 -0.7209
vn 0.1749 0.5060 -0.8446
vt 1.000000 1.000000
vt 0.000000 0.000000
vt 0.866295 0.000000
vt 0.960295 0.119357
vt 1.000000 0.170327
vt 1.000000 0.672575
vt 0.170327 0.170327
vt 0.700686 0.489631
vt 1.000000 0.605227
vt 0.672575 0.672575
vt 1.000000 0.664356
vt 0.605227 0.605227
vt 0.875318 0.650240
vt 1.000000 0.665579
vt 0.674344 0.660964
vt 0.843215 0.659079
vt 1.000000 0.653601
vt 0.665579 0.665579
vt 0.653602 0.653602
vt 0.584052 0.000000
vt 1.000000 0.000000
vt 0.824306 0.000000
vt 1.000000 0.133706
vt 1.000000 0.418770
vt 0.584053 0.584053
vt 0.736795 0.522246
vt 0.511797 0.000000
vt 0.418770 0.418770
vt 0.481151 0.132278
vt 0.445577 0.000000
vt 0.824306 0.824306
vt 0.888316 0.523193
vt 1.000000 0.554423
vt 0.511797 0.511797
vt 0.575012 0.512230
vt 0.122922 0.381620
vt 0.125714 0.382946
vt 0.120798 0.387857
vt 0.132487 0.385930
vt 0.148668 0.402690
vt 0.125152 0.429710
vt 0.112232 0.419423
vt 0.125714 0.382946
vt 0.155509 0.396335
vt 0.132487 0.385930
vt 0.182961 0.433984
vt 0.170588 0.402246
vt 0.191141 0.422602
vt 0.192671 0.424140
vt 0.165037 0.456609
vt 0.583842 0.261911
vt 0.566284 0.259521
vt 0.566982 0.253873
vt 0.570149 0.249841
vt 0.576353 0.248377
vt 0.586712 0.245876
vt 0.571840 0.308164
vt 0.557825 0.305647
vt 0.565816 0.262080
vt 0.193198 0.442908
vt 0.188424 0.471558
vt 0.192671 0.424140
vt 0.194657 0.426154
vt 0.193198 0.442908
vt 0.552532 0.332537
vt 0.562572 0.335257
vt 0.551756 0.336546
s 0
f 1454/1876/1097 1455/1877/1097 1482/1878/1097 1481/1879/1097 1483/1880/1097
f 1485/1881/1098 1454/1876/1098 1483/1882/1098 1484/1883/1098
f 1486/1884/1099 1454/1876/1099 1485/1885/1099
f 1487/1886/1100 1454/1876/1100 1486/1887/1100
f 1488/1888/1101 1489/1889/1101 1454/1876/1101 1487/1890/1101
f 1490/1891/1102 1491/1892/1102 1454/1876/1102 1489/1893/1102
f 1454/1876/1103 1491/1894/1103 1492/1895/1103 1455/1896/1103
f 1455/1876/1104 1456/1877/1104 1493/1897/1104 1482/1898/1104
f 1497/1899/1105 1455/1876/1105 1492/1900/1105 1494/1901/1105
f 1496/1902/1106 1456/1896/1106 1455/1876/1106 1497/1903/1106 1495/1904/1106
f 1498/1905/1107 1493/1906/1107 1456/1877/1107
f 1500/1907/1108 1498/1908/1108 1456/1876/1108 1496/1909/1108 1499/1910/1108
s 1
f 1477/1911/1109 1476/1912/1110 1479/1913/1111
f 1475/1914/1112 1457/1915/1113 1459/1916/1114 1480/1917/1115 1479/1913/1111 1476/1918/1110
f 1474/1919/1116 1457/1915/1113 1475/1920/1112
f 1458/1921/1117 1457/1915/1113 1474/1919/1116 1472/1922/1118 1471/1923/1118 1470/1924/1119
f 1457/1915/1113 1458/1921/1117 1460/1925/1120 1459/1916/1114
f 1459/1926/1114 1462/1927/1121 1463/1928/1122 1473/1929/1122 1478/1930/1122 1480/1931/1115
f 1462/1927/1121 1459/1926/1114 1460/1932/1120 1464/1933/1123 1461/1934/1124
f 1460/1925/1120 1458/1921/1117 1468/1935/1125 1467/1936/1126
f 1458/1921/1117 1470/1937/1119 1469/1938/1127 1468/1939/1125
f 1465/1940/1128 1464/1933/1123 1460/1932/1120 1467/1941/1126 1466/1942/1128
o Circle_cell.024
v -0.063020 0.467573 0.061639
v -0.001778 0.484831 0.000837
v -0.220274 0.652268 0.044253
v -0.085633 0.593660 -0.016594
v -0.010418 0.444551 0.008433
v -0.338944 0.395728 0.140395
v -0.001121 0.446696 0.000035
v -0.000924 0.478154 -0.000704
v -0.328482 0.573929 0.136062
v -0.339524 0.488801 0.140635
v -0.356662 0.573929 0.000000
v -0.368650 0.488801 0.000000
v -0.335684 0.653589 0.000000
v -0.331412 0.665678 0.000000
v -0.312021 0.683594 0.063055
v -0.329579 0.655750 -0.025787
v -0.329190 0.653589 -0.031357
v -0.325806 0.640507 -0.064327
v -0.330779 0.620690 -0.065514
v -0.354100 0.466798 -0.069537
v -0.354228 0.488801 -0.069637
v -0.342647 0.573929 -0.067669
v -0.360616 0.395728 0.035753
v -0.368168 0.417454 0.000000
v -0.349058 0.375077 0.070296
v -0.313619 0.635212 0.129905
v -0.311952 0.653589 0.114586
v -0.307031 0.583534 0.164208
v -0.306663 0.685022 0.086488
v -0.305822 0.573929 0.170560
v -0.287664 0.491675 0.218865
v -0.334432 0.372752 0.138526
v -0.321409 0.373722 0.158721
v -0.319055 0.384084 0.166245
v -0.316920 0.395728 0.173924
v -0.285647 0.484612 0.222608
v -0.331412 0.665678 0.000000
v -0.312021 0.683594 0.063055
v -0.329579 0.655750 -0.025787
v -0.329190 0.653589 -0.031357
v -0.325806 0.640507 -0.064327
v -0.330779 0.620690 -0.065514
v -0.342647 0.573929 -0.067669
v -0.354100 0.466798 -0.069537
v -0.354228 0.488801 -0.069637
v -0.360616 0.395728 0.035753
v -0.349058 0.375077 0.070296
v -0.368168 0.417454 0.000000
v -0.313619 0.635212 0.129905
v -0.307031 0.583534 0.164208
v -0.311952 0.653589 0.114586
v -0.306663 0.685022 0.086488
v -0.305822 0.573929 0.170560
v -0.287664 0.491675 0.218865
v -0.334432 0.372752 0.138526
v -0.321409 0.373722 0.158721
v -0.316920 0.395728 0.173924
v -0.285647 0.484612 0.222608
v -0.319055 0.384084 0.166245
vn 0.2427 0.9110 -0.3335
vn 0.2442 0.9097 -0.3359
vn 0.1967 0.0094 -0.9804
vn 0.1914 -0.0033 -0.9815
vn 0.1920 -0.0242 -0.9811
vn 0.0664 -0.8333 -0.5489
vn 0.5261 0.5158 0.6761
vn 0.2974 0.9464 -0.1257
vn 0.5290 0.5156 0.6740
vn 0.5280 0.5137 0.6762
vn 0.5026 0.2549 -0.8261
vn 0.8844 0.0054 0.4667
vn 0.1868 -0.9796 -0.0734
vn 0.2189 -0.9757 -0.0069
vn 0.4618 -0.5585 0.6891
vn 0.4632 -0.5455 0.6984
vn 0.7049 -0.0028 0.7093
vn 0.6805 -0.1171 0.7234
vn 0.5292 0.5103 0.6779
vn -0.9771 0.0653 -0.2024
vn -0.9978 0.0659 -0.0000
vn -0.9806 0.1959 -0.0000
vn -0.9607 0.1937 -0.1990
vn -0.9562 0.2927 -0.0000
vn -0.9457 0.2594 -0.1959
vn -0.9482 0.2497 -0.1964
vn -0.9186 -0.1066 0.3805
vn -0.9784 -0.0401 0.2026
vn -0.9585 -0.2044 0.1985
vn -0.9038 -0.2079 0.3739
vn -0.8182 -0.2044 0.5374
vn -0.8338 -0.0699 0.5477
vn -0.8342 0.0612 0.5480
vn -0.9219 0.0655 0.3819
vn -0.9970 -0.0067 0.0769
vn -0.9792 -0.0066 -0.2028
vn -0.9062 0.1943 0.3755
vn -0.8235 0.1708 0.5410
vn -0.8284 0.1320 0.5443
vn -0.8093 0.2497 0.5316
vn -0.9314 0.2523 0.2626
vn -0.9423 0.2721 0.1952
vn -0.9254 0.3270 -0.1917
vn -0.9421 0.3329 0.0413
vn -0.9254 0.3270 0.1917
vt 0.537738 0.000000
vt 1.000000 0.000000
vt 1.000000 0.551509
vt 0.839376 0.399902
vt 0.615971 0.576414
vt 0.551509 0.551509
vt 0.000000 0.000000
vt 1.000000 0.721599
vt 1.000000 0.789989
vt 0.721599 0.721599
vt 0.789989 0.789989
vt 0.845236 0.000000
vt 0.845624 0.113525
vt 0.818220 0.550740
vt 0.845236 0.845236
vt 0.845145 0.845145
vt 0.834139 0.000000
vt 0.861569 0.221464
vt 0.879392 0.445337
vt 0.563453 0.000000
vt 1.000000 0.434447
vt 0.856364 0.317490
vt 0.774707 0.244263
vt 0.462262 0.000000
vt 0.434447 0.434447
vt 1.000000 1.000000
vt 0.563453 0.563453
vt 0.535434 0.504416
vt 0.314802 0.000000
vt 0.834139 0.834139
vt 0.766335 0.000000
vt 0.797924 0.217650
vt 0.766335 0.766335
vt 1.000000 0.719102
vt 0.759958 0.759958
vt 0.625375 0.000000
vt 0.713119 0.636732
vt 0.719102 0.719102
vt 0.625375 0.625375
vt 1.000000 0.685198
vt 0.155682 0.251002
vt 0.171788 0.243153
vt 0.181204 0.262558
vt 0.165400 0.270763
vt 0.190878 0.281540
vt 0.183344 0.285707
vt 0.173910 0.286839
vt 0.171332 0.282076
vt 0.194276 0.207348
vt 0.170242 0.218339
vt 0.176192 0.209706
vt 0.191874 0.201880
vt 0.200358 0.201434
vt 0.203292 0.203455
vt 0.197712 0.199672
vt 0.224662 0.218983
vt 0.203610 0.228260
vt 0.164309 0.227010
vt 0.152844 0.244795
vt 0.212426 0.247503
vt 0.221622 0.243349
vt 0.224662 0.218983
vt 0.224564 0.219801
vt 0.221286 0.246250
vt 0.219275 0.262009
vt 0.218125 0.267956
vt 0.184967 0.285528
vt 0.183344 0.285707
vt 0.192521 0.284606
vt 0.218125 0.267956
vt 0.216152 0.278893
vt 0.210258 0.281417
s 0
f 1538/1943/1129 1503/1944/1129 1539/1945/1129 1537/1946/1129
f 1540/1947/1130 1539/1948/1130 1503/1949/1130 1504/1944/1130 1541/1950/1130
f 1504/1949/1131 1508/1944/1131 1542/1951/1131 1541/1952/1131
f 1542/1953/1132 1508/1949/1132 1544/1954/1132 1545/1955/1132 1543/1956/1132
f 1544/1957/1133 1508/1949/1133 1507/1944/1133
f 1544/1958/1134 1507/1949/1134 1547/1959/1134 1546/1960/1134 1548/1961/1134
f 1550/1962/1135 1503/1944/1135 1552/1963/1135 1551/1964/1135 1549/1965/1135
f 1538/1966/1136 1552/1967/1136 1503/1949/1136
f 1502/1949/1137 1504/1944/1137 1503/1968/1137
f 1502/1944/1138 1503/1968/1138 1550/1969/1138 1553/1970/1138 1554/1971/1138
f 1502/1949/1139 1508/1944/1139 1504/1968/1139
f 1502/1949/1140 1507/1944/1140 1508/1968/1140
f 1547/1972/1141 1507/1949/1141 1556/1973/1141 1555/1974/1141
f 1505/1944/1142 1556/1975/1142 1507/1949/1142
f 1505/1949/1143 1501/1944/1143 1559/1976/1143 1556/1977/1143
f 1501/1949/1144 1558/1978/1144 1557/1979/1144 1559/1980/1144
f 1502/1949/1145 1501/1944/1145 1507/1968/1145
f 1501/1949/1146 1505/1944/1146 1507/1968/1146
f 1558/1981/1147 1501/1949/1147 1502/1944/1147 1554/1982/1147
s 1
f 1521/1983/1148 1512/1984/1149 1511/1985/1150 1522/1986/1151
f 1522/1986/1151 1511/1985/1150 1513/1987/1152 1517/1988/1153 1518/1989/1154 1519/1990/1154
f 1506/1991/1155 1523/1992/1156 1525/1993/1157 1532/1994/1158
f 1534/1995/1159 1535/1996/1160 1506/1991/1155 1532/1994/1158 1533/1997/1159
f 1536/1998/1161 1510/1999/1162 1506/1991/1155 1535/1996/1160
f 1506/1991/1155 1510/1999/1162 1512/1984/1149 1524/2000/1163 1523/1992/1156
f 1524/2000/1163 1512/1984/1149 1521/1983/1148 1520/2001/1164
f 1509/2002/1165 1511/1985/1150 1512/1984/1149 1510/1999/1162
f 1530/2003/1166 1509/2002/1165 1510/1999/1162 1536/2004/1161 1531/2005/1167
f 1509/2002/1165 1530/2003/1166 1528/2006/1168 1526/2007/1169
f 1509/2002/1165 1526/2007/1169 1527/2008/1170 1513/1987/1152 1511/1985/1150
f 1516/2009/1171 1517/2010/1153 1513/1987/1152 1514/2011/1172
f 1513/1987/1152 1527/2012/1170 1529/2013/1173 1515/2014/1173 1514/2011/1172
o Circle_cell.025
v -0.066793 1.695297 0.001294
v -0.027185 1.634732 -0.065631
v -0.065631 1.634732 -0.027185
v -0.024100 1.656379 -0.058182
v -0.058182 1.656379 -0.024100
v -0.050389 1.634732 -0.050389
v -0.044671 1.656379 -0.044671
v -0.049566 1.714530 -0.045884
v -0.056112 1.713717 -0.053074
v -0.057020 1.714633 -0.034551
v -0.065048 1.713841 -0.039487
v -0.029636 1.714140 -0.071547
v -0.025965 1.714886 -0.062685
v -0.005343 1.715820 -0.067034
v -0.003357 1.715330 -0.077086
v -0.008596 1.654996 -0.061355
v -0.000000 1.688019 -0.065817
v 0.006494 1.710202 -0.066326
v 0.003995 1.711842 -0.076672
v -0.000000 1.698234 -0.076398
v -0.020789 1.619252 -0.066520
v -0.016536 1.634732 -0.067837
v -0.026785 1.597480 -0.064665
v -0.023505 1.600861 -0.056745
v -0.037370 1.554165 -0.056283
v -0.032834 1.562686 -0.049359
v -0.048215 1.525546 -0.048215
v -0.051156 1.529089 -0.043917
v -0.042162 1.526812 -0.041993
v -0.066791 1.622481 -0.019916
v -0.064678 1.597984 -0.026790
v -0.056753 1.601171 -0.023508
v -0.058591 1.622487 -0.017526
v -0.074754 1.685603 -0.003005
v -0.067846 1.634732 -0.016491
v -0.061507 1.656379 -0.008049
v -0.065718 1.686826 -0.000000
v -0.075636 1.693462 -0.001817
v -0.071760 1.705409 -0.025196
v -0.062756 1.707567 -0.022671
v -0.061152 1.710268 -0.027610
v -0.070015 1.708606 -0.031169
v -0.000088 1.715862 -0.068126
v -0.056112 1.713717 -0.053074
v -0.065048 1.713841 -0.039487
v -0.049566 1.714530 -0.045884
v -0.057020 1.714633 -0.034551
v -0.029636 1.714140 -0.071547
v -0.003357 1.715330 -0.077086
v -0.025965 1.714886 -0.062685
v -0.005343 1.715820 -0.067034
v -0.000000 1.698234 -0.076398
v -0.016536 1.634732 -0.067837
v 0.003995 1.711842 -0.076672
v -0.000000 1.688019 -0.065817
v 0.006494 1.710202 -0.066326
v -0.020789 1.619252 -0.066520
v -0.023505 1.600861 -0.056745
v -0.032834 1.562686 -0.049359
v -0.026785 1.597480 -0.064665
v -0.037370 1.554165 -0.056283
v -0.008596 1.654996 -0.061355
v -0.042162 1.526812 -0.041993
v -0.056753 1.601171 -0.023508
v -0.058591 1.622487 -0.017526
v -0.066791 1.622481 -0.019916
v -0.064678 1.597984 -0.026790
v -0.051156 1.529089 -0.043917
v -0.074754 1.685603 -0.003005
v -0.067846 1.634732 -0.016491
v -0.061507 1.656379 -0.008049
v -0.065718 1.686826 -0.000000
v -0.075636 1.693462 -0.001817
v -0.071760 1.705409 -0.025196
v -0.070015 1.708606 -0.031169
v -0.061152 1.710268 -0.027610
v -0.000088 1.715862 -0.068126
v -0.048215 1.525546 -0.048215
v -0.066793 1.695297 0.001294
v -0.062756 1.707567 -0.022671
vn -0.0660 0.9964 -0.0525
vn -0.0578 0.9965 -0.0600
vn 0.9233 -0.2764 -0.2668
vn 0.9238 -0.2769 -0.2644
vn 0.8391 -0.3601 -0.4079
vn -0.3098 -0.8268 0.4696
vn -0.2683 -0.2817 0.9212
vn -0.2684 -0.2807 0.9215
vn -0.2911 -0.1778 0.9400
vn -0.3165 0.8649 0.3895
vn -0.3142 0.8721 0.3750
vn -0.3115 0.8770 0.3660
vn -0.0188 0.9985 -0.0524
vn 0.5581 0.8211 -0.1196
vn -0.1171 -0.0629 -0.9911
vn 0.0410 -0.0321 -0.9986
vn -0.1660 -0.0722 -0.9835
vn -0.9776 -0.0579 -0.2025
vn -0.9237 -0.0542 -0.3793
vn -0.8538 -0.0277 -0.5199
vn -0.9788 -0.0276 -0.2027
vn -0.7118 -0.0532 -0.7003
vn -0.3855 -0.0531 -0.9212
vn -0.5204 -0.0277 -0.8535
vn -0.5488 -0.0276 -0.8355
vn -0.7593 -0.0281 -0.6502
vn -0.2025 -0.0578 -0.9776
vn -0.2027 -0.0276 -0.9788
vn -0.8467 -0.0786 -0.5263
vn -0.7209 -0.0779 -0.6887
vn -0.9069 -0.0799 -0.4138
vn -0.9762 -0.0790 -0.2022
vn -0.3848 -0.0779 -0.9197
vn 0.2029 0.0574 0.9775
vn 0.3872 0.0542 0.9204
vn 0.5212 0.0278 0.8530
vn 0.7046 0.0282 0.7091
vn 0.5496 0.0277 0.8349
vn 0.7114 0.0535 0.7007
vn 0.9757 0.0827 0.2031
vn 0.9773 0.0601 0.2030
vn 0.9231 0.0558 0.3805
vn 0.9055 0.0828 0.4163
vn 0.7228 0.0787 0.6865
vn 0.8445 0.0810 0.5294
vn 0.3875 0.0785 0.9185
vn 0.0614 0.0822 0.9947
vn 0.2030 0.0809 0.9758
vn 0.1670 0.0814 0.9826
vn -0.1980 0.0804 0.9769
vn 0.8538 0.0277 0.5199
vn 0.9788 0.0275 0.2027
vn -0.8355 -0.0276 -0.5488
vt 0.632638 0.000000
vt 0.693593 0.000000
vt 1.000000 0.088422
vt 1.000000 0.106013
vt 0.521588 0.055611
vt 0.106013 0.106013
vt 0.123654 0.086161
vt 0.462288 0.043638
vt 0.683219 0.000000
vt 0.803094 0.000000
vt 0.478722 0.072297
vt 0.423880 0.000000
vt 0.682967 0.000000
vt 0.773905 0.117799
vt 1.000000 0.290024
vt 1.000000 0.484887
vt 0.912995 0.403499
vt 1.000000 0.612123
vt 1.000000 0.699275
vt 0.644392 0.567824
vt 0.484887 0.484887
vt 0.290024 0.290024
vt 0.686601 0.496258
vt 0.699275 0.699275
vt 0.612123 0.612123
vt 1.000000 0.006440
vt 1.000000 0.229651
vt 0.035073 0.000000
vt 1.000000 0.060360
vt 0.229651 0.229651
vt 0.777375 0.111668
vt 1.000000 0.137860
vt 1.000000 0.157482
vt 0.744160 0.127379
vt 0.024582 0.024582
vt 0.000726 0.000726
vt 1.000000 0.059296
vt 1.000000 0.083339
vt 0.319820 0.141917
vt 0.157481 0.157481
vt 0.137860 0.137860
vt 0.586957 0.094799
vt 1.000000 0.000000
vt 1.000000 0.025114
vt 0.083339 0.083339
vt 0.059296 0.059296
vt 1.000000 0.136974
vt 0.025114 0.025114
vt 0.055013 0.006087
vt 1.000000 0.114587
vt 0.113382 0.046508
vt 0.110733 0.000000
vt 0.132793 0.000000
vt 0.136974 0.136974
vt 0.132793 0.132793
vt 0.110733 0.110733
vt 0.306407 0.000000
vt 0.367362 0.000000
vt 0.699569 0.000000
vt 1.000000 0.196906
vt 1.000000 0.316781
vt 0.704008 0.694877
vt 1.000000 0.317033
vt 1.000000 0.576120
vt 0.813256 0.813256
vt 0.664172 0.814605
vt 0.660374 0.812344
vt 0.661800 0.800000
vt 0.407034 0.800491
vt 0.399899 0.802676
vt 0.392429 0.776329
vt 0.402193 0.792423
vt 0.381545 0.808499
vt 0.362877 0.814428
vt 0.355626 0.787621
vt 0.356183 0.753603
vt 0.359709 0.730128
vt 0.355409 0.816776
vt 0.355495 0.804662
vt 0.410544 0.853143
vt 0.399971 0.857348
vt 0.415803 0.846537
vt 0.414888 0.847689
vt 0.407034 0.800491
vt 0.426464 0.827937
vt 0.428771 0.832351
vt 0.382157 0.865310
vt 0.363339 0.874240
vt 0.359208 0.862853
vt 0.382157 0.865310
vt 0.472497 0.976145
vt 0.475129 0.972059
vt 0.484667 0.977755
vt 0.499046 0.981663
vt 0.492295 0.979671
vt 0.479766 0.966537
vt 0.483054 0.944996
vt 0.484808 0.947915
vt 0.488736 0.958969
vt 0.484952 0.961681
vt 0.474073 0.945777
vt 0.472809 0.945924
vt 0.464874 0.949923
vt 0.468600 0.946721
vt 0.471930 0.946081
vt 0.457339 0.957660
vt 0.464166 0.950550
vt 0.451271 0.965646
vt 0.452167 0.964290
vt 0.457339 0.957660
vt 0.460562 0.971562
vt 0.589768 0.960347
vt 0.579365 0.967855
vt 0.586344 0.960037
vt 0.499066 0.981638
vt 0.491888 0.968771
vt 0.491888 0.968771
vt 0.488736 0.958969
vt 0.490480 0.965058
vt 0.359709 0.730128
vt 0.363962 0.731542
vt 0.392429 0.776329
s 0
f 1604/2015/1174 1606/2016/1174 1605/2017/1174 1603/2018/1174
f 1607/2019/1175 1603/2020/1175 1605/2021/1175 1609/2022/1175 1610/2023/1175 1608/2024/1175
f 1611/2025/1176 1613/2026/1176 1615/2027/1176 1614/2028/1176 1621/2029/1176 1616/2030/1176 1612/2031/1176
f 1618/2032/1177 1620/2033/1177 1619/2034/1177 1616/2035/1177 1621/2036/1177 1617/2037/1177
f 1620/2038/1178 1618/2039/1178 1622/2040/1178 1586/2041/1178
f 1622/2042/1179 1627/2043/1179 1586/2044/1179
f 1623/2045/1180 1624/2046/1180 1625/2047/1180 1626/2048/1180 1627/2049/1180 1622/2050/1180
f 1631/2051/1181 1628/2052/1181 1629/2053/1181 1625/2054/1181 1624/2055/1181 1630/2056/1181
f 1638/2057/1182 1632/2058/1182 1628/2059/1182 1631/2060/1182
f 1633/2061/1183 1632/2062/1183 1638/2063/1183 1639/2064/1183
f 1639/2065/1184 1635/2066/1184 1634/2067/1184 1633/2068/1184
f 1634/2069/1185 1635/2070/1185 1606/2071/1185 1604/2072/1185
f 1636/2073/1186 1608/2074/1186 1610/2075/1186
f 1636/2076/1187 1615/2077/1187 1613/2078/1187 1608/2079/1187
s 1
f 1574/2080/1188 1578/2081/1189 1579/2082/1190
f 1594/2083/1191 1562/2084/1192 1590/2085/1193 1589/2086/1194
f 1565/2087/1195 1561/2088/1196 1582/2089/1197 1584/2090/1198 1637/2091/1199
f 1561/2088/1196 1581/2092/1200 1580/2093/1201 1582/2089/1197
f 1570/2094/1202 1568/2095/1203 1565/2087/1195 1562/2084/1192 1598/2096/1204 1601/2097/1202
f 1562/2084/1192 1594/2098/1191 1593/2099/1205 1597/2100/1205 1598/2096/1204
f 1581/2092/1200 1561/2088/1196 1571/2101/1206 1574/2102/1188 1579/2103/1190
f 1561/2088/1196 1565/2087/1195 1568/2095/1203 1571/2104/1206
f 1575/2105/1207 1563/2106/1208 1583/2107/1209
f 1588/2108/1210 1585/2109/1211 1583/2107/1209 1563/2106/1208 1566/2110/1212
f 1560/2111/1213 1596/2112/1213 1595/2113/1214 1564/2114/1215 1599/2115/1216
f 1599/2116/1216 1564/2114/1215 1566/2110/1212 1567/2117/1217 1569/2118/1218 1600/2119/1218
f 1566/2110/1212 1563/2106/1208 1572/2120/1219 1567/2121/1217
f 1602/2122/1220 1573/2123/1221 1572/2124/1219 1563/2106/1208 1575/2105/1207 1576/2125/1222
f 1602/2126/1220 1576/2127/1222 1577/2128/1223
f 1588/2129/1210 1566/2110/1212 1564/2114/1215 1591/2130/1224
f 1591/2131/1224 1564/2114/1215 1595/2132/1214 1592/2133/1225
f 1565/2087/1195 1637/2134/1199 1587/2135/1226 1590/2136/1193 1562/2084/1192
o Circle_cell.026
v -0.002608 1.382550 -0.001541
v -0.001646 1.370515 0.001069
v -0.001605 1.331489 0.001220
v -0.002738 1.337964 0.007726
v -0.059324 1.391545 -0.024573
v -0.051858 1.412093 -0.021480
v -0.064414 1.391545 -0.000000
v -0.045547 1.391545 -0.045547
v -0.039815 1.412093 -0.039814
v -0.056306 1.412093 -0.000000
v -0.061945 1.365153 0.017121
v -0.061932 1.355358 0.019118
v -0.066046 1.449514 -0.000000
v -0.065070 1.506096 -0.012404
v -0.062038 1.391545 0.011471
v -0.057068 1.439195 -0.000000
v -0.014133 1.412093 -0.004784
v -0.055196 1.412093 0.005363
v -0.055833 1.510604 -0.015655
v -0.064958 1.512498 -0.013817
v -0.061937 1.330823 0.023932
v -0.063047 1.325717 0.019575
v -0.067845 1.305480 0.000399
v -0.012542 1.412093 -0.010457
v -0.047788 1.519707 -0.033072
v -0.043756 1.504918 -0.038468
v -0.062561 1.516355 -0.025914
v -0.054548 1.515992 -0.022594
v -0.051329 1.522529 -0.043323
v -0.062278 1.313009 -0.025796
v -0.038857 1.327796 -0.052992
v -0.047519 1.323260 -0.047519
v -0.036191 1.373468 -0.052558
v -0.035771 1.391545 -0.051969
v -0.035886 1.399808 -0.052166
v -0.013241 1.412093 -0.017583
v -0.037284 1.478897 -0.053856
v -0.032376 1.465260 -0.046452
v -0.031437 1.412093 -0.045317
v -0.041494 1.496574 -0.041494
v -0.048021 1.515769 -0.048021
v -0.061945 1.365153 0.017121
v -0.061932 1.355358 0.019118
v -0.066046 1.449514 -0.000000
v -0.065070 1.506096 -0.012404
v -0.062038 1.391545 0.011471
v -0.014133 1.412093 -0.004784
v -0.055196 1.412093 0.005363
v -0.057068 1.439195 -0.000000
v -0.055833 1.510604 -0.015655
v -0.064958 1.512498 -0.013817
v -0.061937 1.330823 0.023932
v -0.063047 1.325717 0.019575
v -0.067845 1.305480 0.000399
v -0.047788 1.519707 -0.033072
v -0.043756 1.504918 -0.038468
v -0.054548 1.515992 -0.022594
v -0.062561 1.516355 -0.025914
v -0.051329 1.522529 -0.043323
v -0.062278 1.313009 -0.025796
v -0.047519 1.323260 -0.047519
v -0.038857 1.327796 -0.052992
v -0.036191 1.373468 -0.052558
v -0.035771 1.391545 -0.051969
v -0.035886 1.399808 -0.052166
v -0.013241 1.412093 -0.017583
v -0.031437 1.412093 -0.045317
v -0.037284 1.478897 -0.053856
v -0.032376 1.465260 -0.046452
v -0.012542 1.412093 -0.010457
v -0.041494 1.496574 -0.041494
v -0.048021 1.515769 -0.048021
vn 0.2362 0.1945 0.9521
vn 0.2348 0.2043 0.9503
vn 0.2342 0.2056 0.9502
vn 0.2383 0.1869 0.9530
vn 0.2649 -0.6956 0.6678
vn 0.2716 -0.6581 0.7022
vn 0.9377 -0.0004 -0.3474
vn 0.7434 0.3524 0.5684
vn 0.9855 0.0017 0.1699
vn 0.9161 0.3319 -0.2252
vn -0.0168 0.9357 0.3525
vn 0.3611 -0.9138 -0.1859
vn 0.8308 -0.0277 -0.5559
vn 0.8354 -0.0015 -0.5496
vn 0.8361 0.0031 -0.5486
vn 0.9519 0.2919 -0.0933
vn 0.9485 0.3083 -0.0731
vn -0.9241 0.0061 -0.3820
vn -1.0000 0.0061 0.0004
vn -0.9837 -0.0277 -0.1777
vn -0.9788 -0.0276 -0.2027
vn -0.9090 -0.0280 -0.4158
vn -0.7071 0.0064 -0.7071
vn -0.8355 -0.0276 -0.5488
vn -0.8095 -0.0278 -0.5864
vn -0.9792 0.0106 0.2028
vn -0.5490 0.0062 -0.8358
vn -0.5488 -0.0276 -0.8355
vn 0.8120 0.0277 0.5829
vn 0.5220 0.6745 0.5220
vn 0.3825 0.7173 0.5824
vn 0.5488 0.0275 0.8355
vn 0.6795 0.6776 0.2815
vn 0.7382 0.6745 -0.0000
vn 0.6425 0.7546 -0.1331
vn -0.0000 1.0000 -0.0000
vn 0.8968 0.0280 0.4415
vn 0.8355 0.0275 0.5488
vn 0.9788 0.0275 0.2027
vn 0.9837 0.0277 0.1777
vn -0.5486 0.0400 -0.8351
vn -0.7430 0.0407 -0.6681
vn -0.9784 0.0400 0.2026
vn -0.9979 0.0401 -0.0499
vn -0.9386 0.0400 -0.3428
vt 0.756785 0.000000
vt 1.000000 0.000000
vt 1.000000 0.144505
vt 1.000000 0.052999
vt 0.663096 0.094940
vt 0.303253 0.126221
vt 0.144505 0.144505
vt 0.000000 0.000000
vt 0.286264 0.000000
vt 0.406594 0.095846
vt 0.574819 0.081219
vt 1.000000 0.028280
vt 0.052999 0.052999
vt 0.028132 0.000000
vt 0.052723 0.000000
vt 1.000000 0.243215
vt 0.239886 0.239886
vt 0.424693 0.000000
vt 1.000000 0.247839
vt 1.000000 0.239887
vt 0.247839 0.247839
vt 1.000000 1.000000
vt 0.221782 0.000000
vt 1.000000 0.713736
vt 0.872382 0.000000
vt 1.000000 0.440825
vt 0.440825 0.440825
vt 0.004211 0.000000
vt 0.556798 0.515843
vt 1.000000 0.947277
vt 1.000000 0.971868
vt 0.773394 0.751279
vt 0.999043 0.573611
vt 0.936883 0.368861
vt 0.884241 0.108821
vt 0.870831 0.000000
vt 0.869000 0.869000
vt 0.877585 0.000000
vt 0.877585 0.877585
vt 0.962099 0.878987
vt 1.000000 0.878509
vt 1.000000 0.789659
vt 0.878509 0.878509
vt 1.000000 0.314042
vt 1.000000 0.411135
vt 0.918324 0.790590
vt 1.000000 0.789378
vt 0.789659 0.789659
vt 1.000000 0.127618
vt 0.836376 0.187320
vt 0.411135 0.411135
vt 0.314042 0.314042
vt 0.814700 0.050505
vt 0.350464 0.628317
vt 0.368223 0.622592
vt 0.380097 0.664196
vt 0.383066 0.707516
vt 0.383415 0.712409
vt 0.375835 0.717803
vt 0.332909 0.633946
vt 0.361359 0.727478
vt 0.357753 0.723111
vt 0.376605 0.619900
vt 0.380097 0.664196
vt 0.324815 0.636503
vt 0.357753 0.723111
vt 0.342205 0.699233
vt 0.326443 0.642443
vt 0.503550 0.985146
vt 0.516124 0.994984
vt 0.516568 0.995960
vt 0.507943 0.990175
vt 0.516568 0.995960
vt 0.515642 0.993050
vt 0.515619 0.991353
vt 0.515625 0.991777
vt 0.517599 0.998072
vt 0.517708 0.998277
vt 0.517660 0.998187
vt 0.502589 0.979709
vt 0.502563 0.983679
vt 0.500989 0.980993
vt 0.503958 0.979591
vt 0.512847 0.987610
vt 0.515703 0.991003
vt 0.310612 0.593544
vt 0.316214 0.588060
vt 0.324815 0.636503
vt 0.320369 0.624416
vt 0.365358 0.571440
vt 0.369760 0.573938
vt 0.372759 0.592514
vt 0.373875 0.599928
vt 0.376605 0.619900
vt 0.346777 0.562202
vt 0.346512 0.562342
vt 0.330823 0.574417
s 0
f 1682/2137/1227 1641/2138/1227 1681/2139/1227
f 1684/2140/1228 1683/2141/1228 1685/2142/1228 1681/2143/1228 1641/2144/1228 1686/2145/1228 1687/2146/1228 1688/2147/1228 1689/2148/1228
f 1684/2149/1229 1689/2150/1229 1690/2151/1229
f 1643/2144/1230 1641/2138/1230 1682/2152/1230 1691/2153/1230
f 1693/2154/1231 1642/2138/1231 1692/2155/1231
f 1642/2144/1232 1643/2138/1232 1691/2156/1232 1692/2157/1232
f 1642/2144/1233 1640/2138/1233 1641/2158/1233
f 1641/2158/1234 1640/2144/1234 1709/2159/1234 1686/2160/1234
f 1643/2144/1235 1642/2138/1235 1641/2158/1235
f 1695/2161/1236 1698/2138/1236 1694/2162/1236
f 1694/2163/1237 1698/2164/1237 1697/2165/1237 1690/2166/1237 1689/2167/1237 1696/2168/1237
f 1642/2138/1238 1693/2169/1238 1699/2170/1238 1700/2171/1238 1701/2172/1238
f 1640/2138/1239 1642/2158/1239 1701/2173/1239 1702/2174/1239
f 1640/2158/1240 1702/2175/1240 1703/2176/1240 1704/2177/1240
f 1705/2178/1241 1640/2158/1241 1704/2179/1241 1707/2180/1241 1708/2181/1241 1706/2182/1241
f 1709/2183/1242 1640/2158/1242 1705/2184/1242
f 1698/2138/1243 1695/2185/1243 1710/2186/1243 1708/2187/1243 1707/2188/1243 1711/2189/1243
s 1
f 1644/2190/1244 1646/2191/1245 1652/2192/1246 1653/2193/1247 1659/2194/1247 1666/2195/1248
f 1647/2196/1249 1644/2190/1244 1666/2195/1248 1668/2197/1250 1680/2198/1251
f 1646/2191/1245 1654/2199/1252 1652/2200/1246
f 1673/2201/1253 1647/2196/1249 1680/2202/1251 1676/2203/1254 1674/2204/1254
f 1679/2205/1255 1648/2206/1256 1678/2207/1257 1677/2208/1258
f 1678/2209/1257 1648/2206/1256 1645/2210/1259 1649/2211/1260 1657/2212/1261 1656/2213/1262 1663/2214/1262 1675/2215/1262
f 1667/2216/1263 1645/2210/1259 1648/2206/1256 1679/2205/1255 1665/2217/1264 1664/2218/1264
f 1667/2216/1263 1658/2219/1265 1655/2220/1266 1649/2211/1260 1645/2210/1259
f 1649/2211/1260 1655/2220/1266 1657/2221/1261
f 1670/2222/1267 1671/2223/1268 1647/2196/1249 1673/2224/1253 1672/2225/1267
f 1661/2226/1269 1660/2227/1269 1651/2228/1269 1650/2229/1269 1654/2230/1252 1646/2191/1245 1662/2231/1270
f 1662/2232/1270 1646/2191/1245 1644/2190/1244 1669/2233/1271
f 1644/2190/1244 1647/2196/1249 1671/2223/1268 1669/2233/1271
o Circle_cell.027
v -0.007510 0.551099 -0.005490
v -0.033486 0.569556 -0.082787
v -0.017899 0.551472 -0.012500
v -0.003082 0.681056 -0.019146
v -0.021145 0.760318 -0.109450
v 0.118012 0.728118 -0.284905
v 0.034508 0.621050 -0.023646
v 0.000172 0.628806 0.000187
v -0.006883 0.652915 -0.004286
v 0.000930 0.582087 -0.001006
v -0.006316 0.563123 -0.001103
v -0.005265 0.589770 0.003987
v -0.042024 0.588939 -0.017845
v -0.021283 0.616251 -0.003363
v -0.028033 0.602374 -0.005037
v -0.007842 0.584310 0.004052
v -0.118012 0.728118 -0.284905
v 0.128059 0.653589 -0.309162
v 0.105566 0.799791 -0.254860
v 0.000000 0.728118 -0.309346
v 0.218741 0.728118 -0.218741
v 0.000000 0.653589 -0.335684
v 0.000000 0.799791 -0.276723
v -0.107541 0.772066 -0.267070
v -0.096279 0.789857 -0.261305
v -0.075358 0.799791 -0.261116
v 0.000000 0.834448 -0.257830
v 0.026586 0.842829 -0.247755
v -0.125600 0.693494 -0.294256
v -0.123211 0.689553 -0.297457
v -0.133254 0.706533 -0.283829
v -0.005318 0.644788 -0.336900
v -0.028190 0.653589 -0.329845
v -0.138126 0.714856 -0.277183
v -0.126499 0.737926 -0.274100
v -0.131724 0.728118 -0.275898
v -0.111473 0.765774 -0.269120
v 0.041316 0.847026 -0.242416
v 0.048487 0.844516 -0.242299
v 0.145916 0.799791 -0.228356
v 0.100065 0.826245 -0.241578
v 0.202463 0.765158 -0.209682
v 0.228103 0.704789 -0.219192
v 0.229147 0.686474 -0.229147
v 0.228921 0.679443 -0.232206
v 0.227925 0.653589 -0.243565
v 0.000000 0.645655 -0.337773
v 0.222853 0.646706 -0.249020
v 0.227261 0.646578 -0.246164
v 0.215313 0.744398 -0.210742
v 0.209419 0.754941 -0.210560
v 0.223942 0.728118 -0.210822
v 0.227130 0.720800 -0.210582
v 0.227723 0.711233 -0.215709
v -0.107541 0.772066 -0.267070
v -0.096279 0.789857 -0.261305
v -0.075358 0.799791 -0.261116
v 0.000000 0.834448 -0.257830
v 0.026586 0.842829 -0.247755
v -0.125600 0.693494 -0.294256
v -0.123211 0.689553 -0.297457
v -0.133254 0.706533 -0.283829
v -0.005318 0.644788 -0.336900
v -0.028190 0.653589 -0.329845
v -0.138126 0.714856 -0.277183
v -0.126499 0.737926 -0.274100
v -0.131724 0.728118 -0.275898
v -0.111473 0.765774 -0.269120
v 0.041316 0.847026 -0.242416
v 0.048487 0.844516 -0.242299
v 0.100065 0.826245 -0.241578
v 0.145916 0.799791 -0.228356
v 0.228103 0.704789 -0.219192
v 0.229147 0.686474 -0.229147
v 0.228921 0.679443 -0.232206
v 0.227925 0.653589 -0.243565
v 0.222853 0.646706 -0.249020
v 0.227261 0.646578 -0.246164
v 0.202463 0.765158 -0.209682
v 0.209419 0.754941 -0.210560
v 0.223942 0.728118 -0.210822
v 0.227130 0.720800 -0.210582
v 0.227723 0.711233 -0.215709
v 0.128059 0.653589 -0.309162
v 0.000000 0.645655 -0.337773
v 0.215313 0.744398 -0.210742
vn -0.8070 0.3588 0.4691
vn -0.4024 0.8406 0.3626
vn -0.8374 -0.5446 0.0456
vn -0.8426 -0.5361 0.0518
vn -0.4247 -0.8543 -0.2997
vn -0.8430 -0.5353 0.0525
vn -0.8122 0.3466 0.4693
vn -0.8093 0.3526 0.4699
vn -0.8022 0.3599 0.4764
vn 0.2532 0.7516 0.6091
vn -0.3772 0.8468 0.3750
vn 0.2575 0.7501 0.6091
vn 0.7398 -0.2883 0.6079
vn 0.1115 -0.9562 -0.2707
vn -0.5490 -0.2392 0.8009
vn 0.1132 -0.9553 -0.2731
vn 0.1340 -0.9590 -0.2497
vn -0.7883 0.3201 0.5254
vn -0.7897 0.3233 0.5214
vn -0.5481 -0.2382 0.8018
vn -0.5467 -0.2349 0.8037
vn -0.5475 -0.2036 0.8116
vn -0.2311 0.1206 0.9654
vn -0.1985 0.1223 0.9724
vn 0.5760 0.3089 0.7568
vn 0.5692 0.3225 0.7563
vn -0.2448 0.1203 0.9621
vn 0.5791 0.3032 0.7568
vn 0.5892 0.2814 0.7573
vn 0.7394 -0.2819 0.6115
vn 0.7396 -0.2857 0.6094
vn 0.4173 -0.1863 0.8895
vn 0.4687 -0.1835 0.8641
vn -0.3617 0.0637 0.9301
vn 0.5703 0.0005 0.8214
vn 0.5931 -0.0440 0.8039
vn 0.5246 0.2950 -0.7986
vn 0.3614 0.3292 -0.8724
vn 0.3553 0.3713 -0.8578
vn 0.6539 0.3730 -0.6583
vn 0.5494 0.3292 -0.7680
vn 0.5188 0.3270 -0.7899
vn -0.0000 0.2927 -0.9562
vn -0.0000 0.3721 -0.9282
vn -0.0000 0.4449 -0.8956
vn 0.3429 0.4439 -0.8279
vn 0.4985 0.4191 -0.7589
vn 0.5015 0.4071 -0.7634
vn 0.5297 0.4099 -0.7426
vn -0.1923 0.3182 -0.9283
vn -0.0145 0.2546 -0.9669
vn -0.1964 0.2497 -0.9482
vn 0.5316 0.2497 -0.8093
vn 0.7744 0.3629 -0.5182
vn 0.7899 0.3270 -0.5188
vn 0.7511 0.4117 -0.5161
vn -0.2813 0.3311 -0.9007
vn -0.3553 0.3713 -0.8578
vn -0.5123 0.3595 -0.7800
vn -0.5188 0.3270 -0.7899
vn -0.5015 0.4071 -0.7634
vn -0.2258 0.4097 -0.8838
vn -0.1852 0.4071 -0.8944
vn -0.1843 0.4172 -0.8899
vn 0.0470 0.4781 -0.8770
vn 0.2878 0.4769 -0.8305
vn 0.1789 0.4709 -0.8638
vn 0.7399 -0.2943 0.6050
vt 1.000000 0.490736
vt 0.489517 0.000000
vt 1.000000 0.000000
vt 0.490302 0.409986
vt 0.490736 0.490736
vt 0.000000 0.000000
vt 0.447923 0.000000
vt 0.480300 0.115672
vt 1.000000 0.693460
vt 0.639669 0.639669
vt 0.668767 0.000000
vt 0.693460 0.693460
vt 0.242775 0.000000
vt 1.000000 0.639669
vt 0.388787 0.124828
vt 1.000000 0.647744
vt 0.668767 0.668767
vt 1.000000 0.651835
vt 0.847985 0.651199
vt 0.647744 0.647744
vt 1.000000 0.510483
vt 0.935263 0.539171
vt 0.651835 0.651835
vt 1.000000 1.000000
vt 0.880543 0.000000
vt 1.000000 0.184873
vt 1.000000 0.552077
vt 0.184873 0.184873
vt 0.119457 0.000000
vt 1.000000 0.479487
vt 0.657120 0.305986
vt 0.370430 0.157306
vt 0.448937 0.000000
vt 1.000000 0.553296
vt 0.851926 0.405670
vt 0.198818 0.000000
vt 1.000000 0.417648
vt 0.198818 0.198818
vt 0.200059 0.198583
vt 0.601181 0.268751
vt 0.417476 0.000000
vt 0.417648 0.417648
vt 1.000000 0.491369
vt 0.514434 0.000000
vt 0.491369 0.491369
vt 0.512308 0.000000
vt 0.514434 0.514434
vt 0.531268 0.000000
vt 1.000000 0.500876
vt 0.531268 0.531268
vt 1.000000 0.542374
vt 0.500876 0.500876
vt 1.000000 0.551063
vt 0.542374 0.542374
vt 0.512492 0.179753
vt 0.548156 0.175252
vt 0.550011 0.200671
vt 0.512077 0.203289
vt 0.510425 0.190376
vt 0.510883 0.188134
vt 0.592154 0.171537
vt 0.592217 0.200402
vt 0.589559 0.229966
vt 0.550227 0.227299
vt 0.534042 0.227535
vt 0.514828 0.215916
vt 0.512772 0.211783
vt 0.066258 0.360227
vt 0.058235 0.366068
vt 0.056504 0.363644
vt 0.057844 0.362340
vt 0.591880 0.168641
vt 0.548115 0.174961
vt 0.512831 0.177646
vt 0.514401 0.177482
vt 0.509306 0.203663
vt 0.508344 0.201515
vt 0.508942 0.198428
vt 0.509333 0.196337
vt 0.509306 0.203663
vt 0.511545 0.208986
vt 0.102155 0.349593
vt 0.110169 0.360377
vt 0.077554 0.388343
vt 0.066258 0.360227
vt 0.114383 0.357234
vt 0.102155 0.349592
vt 0.103869 0.350094
vt 0.109465 0.351718
vt 0.113038 0.352640
vt 0.115702 0.360841
vt 0.119377 0.371194
vt 0.119377 0.371194
vt 0.120149 0.373738
vt 0.122305 0.381018
vt 0.119603 0.389050
vt 0.099414 0.409217
vt 0.119603 0.389050
vt 0.111622 0.418937
vt 0.549656 0.238096
vt 0.586847 0.245118
vt 0.576081 0.247773
vt 0.570075 0.248924
vt 0.567552 0.247566
vt 1.000000 0.582524
vt 0.580674 0.038946
vt 0.553296 0.553296
s 0
f 1767/2234/1272 1766/2235/1272 1716/2236/1272
f 1768/2237/1273 1767/2238/1273 1716/2239/1273 1770/2240/1273 1769/2241/1273
f 1771/2242/1274 1772/2243/1274 1713/2239/1274 1714/2236/1274
f 1773/2244/1275 1771/2245/1275 1714/2239/1275
f 1774/2246/1276 1713/2236/1276 1772/2247/1276 1775/2248/1276
f 1724/2236/1277 1776/2249/1277 1773/2250/1277 1714/2239/1277
f 1720/2236/1278 1777/2251/1278 1778/2252/1278 1776/2253/1278 1724/2239/1278
f 1716/2236/1279 1766/2254/1279 1779/2255/1279 1777/2256/1279 1720/2239/1279
f 1720/2239/1280 1715/2236/1280 1716/2257/1280
f 1781/2258/1281 1780/2259/1281 1716/2257/1281 1715/2239/1281
f 1770/2260/1282 1716/2257/1282 1780/2261/1282
f 1781/2262/1283 1715/2236/1283 1790/2263/1283 1783/2264/1283 1782/2265/1283
f 1784/2266/1284 1722/2236/1284 1786/2267/1284 1785/2268/1284
f 1713/2257/1285 1774/2269/1285 1714/2236/1285
f 1712/2239/1286 1724/2236/1286 1714/2257/1286
f 1788/2270/1287 1714/2257/1287 1774/2271/1287 1758/2272/1287 1729/2273/1287
f 1789/2274/1288 1712/2236/1288 1714/2257/1288 1788/2275/1288
f 1726/2239/1289 1725/2236/1289 1724/2257/1289
f 1725/2239/1290 1720/2236/1290 1724/2257/1290
f 1712/2239/1291 1722/2236/1291 1724/2257/1291
f 1722/2239/1292 1727/2236/1292 1724/2257/1292
f 1727/2239/1293 1726/2236/1293 1724/2257/1293
f 1727/2239/1294 1723/2236/1294 1720/2257/1294
f 1723/2239/1295 1719/2236/1295 1720/2257/1295
f 1791/2276/1296 1720/2257/1296 1719/2239/1296 1797/2277/1296
f 1791/2278/1297 1790/2279/1297 1715/2236/1297 1720/2257/1297
f 1725/2239/1298 1727/2236/1298 1720/2257/1298
f 1797/2280/1299 1719/2239/1299 1792/2281/1299
f 1793/2282/1300 1792/2283/1300 1719/2239/1300 1718/2236/1300
f 1794/2284/1301 1793/2285/1301 1718/2239/1301 1721/2236/1301
f 1784/2286/1302 1794/2287/1302 1721/2239/1302 1722/2236/1302
f 1723/2239/1303 1727/2236/1303 1722/2257/1303
f 1721/2239/1304 1723/2236/1304 1722/2257/1304
f 1727/2239/1305 1725/2236/1305 1726/2257/1305
f 1718/2239/1306 1719/2236/1306 1723/2257/1306
f 1721/2239/1307 1718/2236/1307 1723/2257/1307
s 1
f 1787/2288/1308 1795/2289/1309 1717/2290/1310 1732/2291/1311 1755/2292/1312 1756/2293/1313
f 1717/2290/1310 1795/2289/1309 1733/2294/1314 1731/2295/1315
f 1717/2290/1310 1731/2295/1315 1734/2296/1316 1730/2297/1317
f 1732/2291/1311 1717/2290/1310 1730/2297/1317 1751/2298/1318 1753/2299/1319 1762/2300/1320
f 1744/2301/1321 1733/2302/1314 1796/2303/1322 1743/2304/1323
f 1796/2305/1322 1733/2294/1314 1795/2306/1309
f 1795/2289/1309 1787/2288/1308 1760/2307/1324 1759/2308/1324
f 1732/2291/1311 1763/2309/1325 1764/2310/1326 1765/2311/1326 1754/2312/1326 1755/2292/1312
f 1763/2313/1325 1732/2291/1311 1762/2300/1320 1761/2314/1327
f 1741/2315/1328 1728/2316/1329 1731/2317/1315 1733/2302/1314 1744/2318/1321
f 1747/2319/1330 1728/2316/1329 1741/2320/1328 1740/2321/1331 1742/2322/1331 1745/2323/1331
f 1728/2316/1329 1747/2319/1330 1746/2324/1332 1748/2325/1333
f 1728/2316/1329 1748/2326/1333 1735/2327/1334 1736/2328/1334 1737/2329/1335 1734/2330/1316 1731/2317/1315
f 1734/2330/1316 1737/2331/1335 1738/2332/1336
f 1730/2297/1317 1752/2333/1337 1751/2298/1318
f 1730/2297/1317 1734/2296/1316 1738/2334/1336 1739/2335/1338 1749/2336/1338 1750/2337/1338 1752/2333/1337
s 0
f 1789/2338/1339 1757/2339/1339 1786/2340/1339 1722/2239/1339 1712/2236/1339
o Circle_cell.028
v 0.338944 0.395728 -0.140395
v 0.078575 0.488639 0.015196
v 0.155472 0.507739 -0.155003
v 0.001075 0.480238 -0.000022
v 0.035973 0.483023 0.013584
v 0.077185 0.419603 -0.030925
v 0.042342 0.480303 0.016171
v 0.142589 0.399076 -0.060503
v 0.003704 0.446238 -0.006121
v 0.017931 0.460905 -0.026840
v 0.000658 0.445235 -0.000312
v 0.339524 0.488801 -0.140635
v 0.283962 0.488801 -0.225223
v 0.265952 0.526994 -0.243048
v 0.317410 0.391452 -0.171552
v 0.316631 0.395728 -0.174365
v 0.270760 0.527622 -0.235571
v 0.334138 0.530327 -0.138404
v 0.359073 0.526976 -0.020284
v 0.341437 0.378577 -0.110700
v 0.347189 0.395728 -0.100585
v 0.359964 0.488801 -0.041944
v 0.336475 0.363923 -0.119568
v 0.329900 0.349678 -0.136649
v 0.325498 0.347465 -0.142509
v 0.317410 0.391452 -0.171552
v 0.316631 0.395728 -0.174365
v 0.283962 0.488801 -0.225223
v 0.265952 0.526994 -0.243048
v 0.270760 0.527622 -0.235571
v 0.334138 0.530327 -0.138404
v 0.359073 0.526976 -0.020284
v 0.341437 0.378577 -0.110700
v 0.347189 0.395728 -0.100585
v 0.359964 0.488801 -0.041944
v 0.336475 0.363923 -0.119568
v 0.325498 0.347465 -0.142509
v 0.329900 0.349678 -0.136649
vn -0.4626 -0.5446 -0.6996
vn -0.1575 0.9874 0.0183
vn -0.1262 0.9905 0.0547
vn -0.1241 0.9885 0.0866
vn 0.1694 -0.5275 0.8325
vn 0.1618 -0.5504 0.8190
vn 0.0685 -0.7423 0.6666
vn 0.0191 -0.8167 0.5768
vn -0.4594 -0.6246 -0.6316
vn -0.4634 -0.5460 -0.6979
vn -0.4724 -0.5333 -0.7018
vn -0.7035 0.2880 -0.6497
vn -0.3653 -0.0034 0.9309
vn -0.3651 0.0300 0.9305
vn -0.1347 0.9802 0.1449
vn -0.8350 0.0340 -0.5493
vn -0.8865 0.0144 -0.4624
vn -0.1036 0.5474 0.8305
vn 0.1489 -0.5514 0.8209
vn 0.1423 -0.5545 0.8199
vn -0.4181 -0.8424 -0.3400
vn -0.4245 -0.8283 -0.3657
vn 0.8773 -0.2075 -0.4328
vn 0.9186 -0.1066 -0.3805
vn 0.9768 -0.0702 -0.2023
vn 0.9585 -0.2044 -0.1985
vn 0.8182 -0.2044 -0.5374
vn 0.8338 -0.0700 -0.5477
vn 0.8323 0.0914 -0.5467
vn 0.9219 0.0658 -0.3819
vn 0.9752 0.0902 -0.2020
vn 0.9148 0.1390 -0.3792
vn 0.9700 0.1366 -0.2009
vn 0.8280 0.1366 -0.5439
vt 0.384000 0.000000
vt 1.000000 0.000000
vt 1.000000 0.419831
vt 0.823816 0.312265
vt 0.402808 0.015825
vt 1.000000 0.645875
vt 0.419831 0.419831
vt 0.000000 0.000000
vt 0.645875 0.645875
vt 0.857009 0.000000
vt 0.797467 0.350466
vt 0.857009 0.857009
vt 0.826566 0.826566
vt 0.773288 0.000000
vt 0.790118 0.103714
vt 0.827234 0.625593
vt 1.000000 0.759676
vt 0.773288 0.773288
vt 0.759676 0.759676
vt 0.679134 0.183232
vt 0.699905 0.699905
vt 0.664890 0.000000
vt 0.664890 0.664890
vt 1.000000 0.616000
vt 0.776052 0.776052
vt 1.000000 1.000000
vt 0.454265 0.109351
vt 0.457686 0.120897
vt 0.448029 0.123552
vt 0.449489 0.118537
vt 0.451207 0.113608
vt 0.454265 0.109351
vt 0.455905 0.108260
vt 0.466715 0.117131
vt 0.467755 0.118008
vt 0.489243 0.137260
vt 0.463772 0.143575
vt 0.467755 0.118008
vt 0.439687 0.149565
vt 0.466229 0.154011
vt 0.435908 0.160254
vt 0.466229 0.154011
vt 0.498027 0.145814
vt 0.495802 0.146511
s 0
f 1823/2341/1340 1800/2342/1340 1826/2343/1340 1825/2344/1340 1824/2345/1340
f 1827/2346/1341 1826/2347/1341 1800/2348/1341 1801/2342/1341
f 1827/2349/1342 1801/2348/1342 1829/2350/1342 1828/2351/1342
f 1801/2348/1343 1799/2342/1343 1829/2352/1343
f 1829/2353/1344 1799/2348/1344 1830/2354/1344 1831/2355/1344 1832/2356/1344
f 1799/2348/1345 1803/2342/1345 1833/2357/1345 1830/2358/1345
f 1805/2342/1346 1833/2359/1346 1803/2348/1346
f 1821/2360/1347 1833/2361/1347 1805/2348/1347 1834/2362/1347
f 1834/2363/1348 1805/2348/1348 1806/2342/1348
f 1800/2342/1349 1823/2364/1349 1834/2365/1349 1806/2348/1349
f 1806/2348/1350 1807/2342/1350 1800/2366/1350
f 1807/2348/1351 1801/2342/1351 1800/2366/1351
f 1808/2348/1352 1804/2342/1352 1801/2366/1352
f 1804/2348/1353 1802/2342/1353 1801/2366/1353
f 1802/2348/1354 1799/2342/1354 1801/2366/1354
f 1807/2348/1355 1806/2342/1355 1801/2366/1355
f 1806/2348/1356 1808/2342/1356 1801/2366/1356
f 1802/2348/1357 1804/2342/1357 1799/2366/1357
f 1804/2348/1358 1803/2342/1358 1799/2366/1358
f 1804/2348/1359 1808/2342/1359 1803/2366/1359
f 1808/2348/1360 1805/2342/1360 1803/2366/1360
f 1808/2348/1361 1806/2342/1361 1805/2366/1361
s 1
f 1835/2367/1362 1798/2368/1363 1818/2369/1364 1817/2370/1365 1820/2371/1365
f 1798/2368/1363 1835/2372/1362 1822/2373/1366 1812/2374/1366 1813/2375/1367
f 1810/2376/1368 1809/2377/1369 1798/2368/1363 1813/2378/1367
f 1818/2369/1364 1798/2368/1363 1809/2377/1369 1819/2379/1370
f 1809/2377/1369 1815/2380/1371 1816/2381/1372 1819/2379/1370
f 1815/2382/1371 1809/2377/1369 1810/2376/1368 1811/2383/1373 1814/2384/1373
o Circle_cell.029
v -0.000000 1.634732 0.071261
v -0.000000 1.656379 0.063174
v -0.012555 1.604596 0.067812
v -0.012889 1.634732 0.068592
v -0.013832 1.678242 0.071916
v -0.011385 1.656379 0.060816
v -0.011959 1.682234 0.062857
v -0.010832 1.606465 0.059527
v -0.014076 1.692876 0.073049
v -0.012176 1.694809 0.063863
v 0.013404 1.703976 0.074086
v -0.000000 1.698207 0.076396
v -0.000000 1.699419 0.066770
v 0.011474 1.704355 0.064806
v 0.012587 1.634732 0.068654
v 0.010889 1.656379 0.060918
v 0.010839 1.621517 0.059949
v 0.012568 1.622047 0.068301
v 0.012486 1.611745 0.068028
v 0.010768 1.612631 0.059714
v 0.008713 1.602498 0.068549
v 0.007513 1.604655 0.060163
v -0.000000 1.581414 0.069760
v -0.010270 1.564097 0.058452
v -0.000000 1.586472 0.061208
v -0.011903 1.555481 0.066564
v -0.012555 1.604596 0.067812
v -0.012889 1.634732 0.068592
v -0.013832 1.678242 0.071916
v -0.011385 1.656379 0.060816
v -0.011959 1.682234 0.062857
v -0.010832 1.606465 0.059527
v -0.012176 1.694809 0.063863
v -0.014076 1.692876 0.073049
v -0.000000 1.699419 0.066770
v -0.000000 1.698207 0.076396
v 0.013404 1.703976 0.074086
v 0.011474 1.704355 0.064806
v 0.010889 1.656379 0.060918
v 0.010839 1.621517 0.059949
v 0.012587 1.634732 0.068654
v 0.012568 1.622047 0.068301
v 0.010768 1.612631 0.059714
v 0.012486 1.611745 0.068028
v 0.008713 1.602498 0.068549
v 0.007513 1.604655 0.060163
v -0.000000 1.586472 0.061208
v -0.000000 1.581414 0.069760
v -0.011903 1.555481 0.066564
v -0.010270 1.564097 0.058452
vn -0.9788 -0.0056 -0.2048
vn -0.9792 -0.0006 -0.2027
vn -0.3758 0.9195 0.1157
vn 0.9792 -0.0024 -0.2026
vn 0.8975 -0.3789 -0.2258
vn 0.8955 -0.3831 -0.2266
vn -0.9787 -0.0078 -0.2053
vn -0.1519 -0.0278 0.9880
vn -0.0000 -0.0546 0.9985
vn -0.2025 -0.0534 0.9778
vn -0.2027 -0.0276 0.9788
vn 0.2027 -0.0276 0.9788
vn 0.2025 -0.0532 0.9778
vn -0.2022 -0.0790 0.9762
vn 0.0494 -0.0805 0.9955
vn 0.2022 -0.0790 0.9762
vn -0.0000 0.0559 -0.9984
vn 0.2025 0.0547 -0.9778
vn 0.2021 0.0816 -0.9760
vn -0.0494 0.0832 -0.9953
vn -0.2021 0.0816 -0.9760
vn -0.2025 0.0545 -0.9778
vn 0.2027 0.0275 -0.9788
vn 0.1519 0.0278 -0.9880
vn -0.2027 0.0275 -0.9788
vn 0.9792 0.0044 -0.2030
vt 0.491383 0.342624
vt 1.000000 0.842906
vt 1.000000 0.864939
vt 0.697432 0.567485
vt 0.126534 0.000000
vt 0.146695 0.000000
vt 0.864939 0.864939
vt 0.842906 0.842906
vt 1.000000 0.840066
vt 1.000000 0.862421
vt 0.862421 0.862421
vt 0.840066 0.840066
vt 0.918554 0.518828
vt 1.000000 0.250406
vt 1.000000 0.354610
vt 0.930296 0.584475
vt 0.872467 0.872467
vt 0.852146 0.852146
vt 1.000000 0.852731
vt 1.000000 0.872970
vt 0.852731 0.852731
vt 1.000000 0.851672
vt 1.000000 0.872056
vt 0.872970 0.872970
vt 0.872056 0.872056
vt 0.851672 0.851672
vt 0.911450 0.584393
vt 1.000000 0.251710
vt 1.000000 0.354531
vt 0.923603 0.641570
vt 0.251710 0.251710
vt 1.000000 0.853305
vt 1.000000 0.873466
vt 0.354531 0.354531
vt 0.479596 0.738734
vt 0.490385 0.777795
vt 0.481725 0.779855
vt 0.475848 0.757726
vt 0.466310 0.721673
vt 0.496380 0.766600
vt 0.498958 0.775892
vt 0.479596 0.738734
vt 0.489800 0.752860
vt 0.494241 0.759064
vt 0.489869 0.814631
vt 0.487932 0.805829
vt 0.498388 0.816231
vt 0.506645 0.818500
vt 0.498388 0.816231
vt 0.498958 0.775892
vt 0.516706 0.949347
vt 0.513457 0.949717
vt 0.511694 0.940443
vt 0.510885 0.935924
vt 0.515373 0.933563
vt 0.519941 0.931517
vt 0.519860 0.949381
vt 0.513945 0.957607
vt 0.517133 0.960426
vt 0.514604 0.964281
vt 0.517133 0.960426
vt 0.520047 0.954906
vt 0.520075 0.956314
vt 0.519185 0.957568
vt 0.560790 0.525849
vt 0.354610 0.354610
vt 0.250406 0.250406
vt 0.840187 0.726023
vt 1.000000 0.852146
vt 1.000000 0.872467
s 0
f 1863/2385/1374 1864/2386/1374 1866/2387/1374 1865/2388/1374 1867/2389/1374 1862/2390/1374
f 1866/2391/1375 1864/2392/1375 1869/2393/1375 1868/2394/1375
f 1868/2395/1376 1869/2396/1376 1871/2397/1376 1872/2398/1376 1873/2399/1376 1870/2400/1376
f 1852/2401/1377 1853/2402/1377 1879/2403/1377 1878/2404/1377
f 1879/2405/1378 1880/2406/1378 1881/2407/1378 1878/2408/1378
f 1881/2409/1379 1880/2410/1379 1883/2411/1379 1884/2412/1379 1885/2413/1379 1882/2414/1379
f 1884/2415/1380 1862/2416/1380 1867/2417/1380 1885/2418/1380
s 1
f 1858/2419/1381 1836/2420/1382 1839/2421/1383 1838/2422/1384 1861/2423/1384
f 1877/2424/1385 1876/2425/1386 1836/2420/1382 1858/2426/1381 1856/2427/1385 1854/2428/1385
f 1844/2429/1387 1840/2430/1387 1839/2421/1383 1836/2420/1382 1847/2431/1388
f 1846/2432/1389 1847/2433/1388 1836/2420/1382 1876/2434/1386
f 1837/2435/1390 1841/2436/1391 1842/2437/1392 1845/2438/1392 1848/2439/1393
f 1837/2435/1390 1848/2439/1393 1849/2440/1394 1874/2441/1395
f 1843/2442/1396 1841/2436/1391 1837/2435/1390 1860/2443/1397 1859/2444/1396
f 1860/2445/1397 1837/2435/1390 1874/2441/1395 1875/2446/1398 1855/2447/1398 1857/2448/1398
s 0
f 1851/2449/1399 1873/2450/1399 1872/2451/1399 1850/2452/1399 1853/2453/1399 1852/2454/1399
o Circle_cell.030
v 0.007452 0.605433 0.013947
v 0.045173 0.592536 0.106749
v 0.001509 0.631465 0.002353
v 0.009264 0.772377 0.020132
v 0.002369 0.702214 0.001777
v 0.180414 0.818505 0.037022
v 0.016272 0.779410 0.016198
v 0.011361 0.773087 0.015514
v 0.058065 0.779875 0.013405
v 0.218174 0.872857 0.090371
v 0.254860 0.799791 0.105566
v 0.218741 0.728118 0.218741
v 0.167507 0.872857 0.167507
v 0.195673 0.799791 0.195673
v 0.223625 0.867732 0.077541
v 0.237695 0.848822 0.059385
v 0.179829 0.905647 0.115493
v 0.219807 0.872857 0.082488
v 0.214688 0.879515 0.088927
v 0.229681 0.677386 0.232559
v 0.210648 0.652105 0.255371
v 0.254233 0.728118 0.164708
v 0.269548 0.764754 0.111650
v 0.254321 0.809117 0.083618
v 0.258221 0.799791 0.089336
v 0.142425 0.932094 0.144520
v 0.089492 0.880370 0.213746
v 0.098729 0.835650 0.236448
v 0.091099 0.872857 0.217695
v 0.123846 0.690262 0.296746
v 0.106218 0.799791 0.254432
v 0.118717 0.728118 0.284442
v 0.200095 0.639135 0.266304
v 0.126727 0.669549 0.303429
v 0.165996 0.653589 0.284243
v 0.223625 0.867732 0.077541
v 0.237695 0.848822 0.059385
v 0.219807 0.872857 0.082488
v 0.179829 0.905647 0.115493
v 0.214688 0.879515 0.088927
v 0.254233 0.728118 0.164708
v 0.269548 0.764754 0.111650
v 0.254321 0.809117 0.083618
v 0.258221 0.799791 0.089336
v 0.142425 0.932094 0.144520
v 0.089492 0.880370 0.213746
v 0.091099 0.872857 0.217695
v 0.098729 0.835650 0.236448
v 0.106218 0.799791 0.254432
v 0.123846 0.690262 0.296746
v 0.118717 0.728118 0.284442
v 0.210648 0.652105 0.255371
v 0.200095 0.639135 0.266304
v 0.165996 0.653589 0.284243
v 0.126727 0.669549 0.303429
v 0.229681 0.677386 0.232559
vn -0.0628 0.6665 -0.7428
vn -0.0649 0.6675 -0.7418
vn -0.0835 0.6807 -0.7278
vn 0.5764 -0.7423 -0.3417
vn 0.5780 -0.7399 -0.3441
vn 0.4992 -0.3339 -0.7996
vn 0.4809 -0.3012 -0.8234
vn -0.0580 0.6479 -0.7595
vn 0.4518 -0.2748 -0.8487
vn 0.2007 -0.0104 -0.9796
vn 0.1851 0.0144 -0.9826
vn -0.1279 0.2043 -0.9705
vn -0.7520 0.6108 -0.2476
vn -0.7299 0.6777 -0.0888
vn -0.0676 0.1950 -0.9785
vn -0.7404 0.6689 -0.0663
vn -0.9244 0.0027 0.3815
vn -0.9234 -0.0003 0.3838
vn 0.5715 -0.7485 -0.3363
vn -0.1601 -0.8948 0.4168
vn -0.9276 -0.0467 0.3706
vn -0.9231 -0.0043 0.3845
vn -0.9525 0.0140 0.3041
vn -0.9047 0.1888 -0.3819
vn 0.5316 0.2497 0.8093
vn 0.5224 0.3079 0.7951
vn 0.5206 0.3182 0.7923
vn 0.7703 0.3880 0.5060
vn 0.6592 0.3683 0.6555
vn 0.5998 0.3277 0.7300
vn 0.8752 0.4485 0.1813
vn 0.8279 0.4439 0.3429
vn 0.7898 0.4103 0.4559
vn 0.6333 0.4449 0.6333
vn 0.5111 0.3654 0.7780
vn 0.5191 0.3265 0.7899
vn 0.4937 0.4376 0.7515
vn 0.8074 0.4857 0.3350
vn 0.6180 0.4867 0.6174
vn 0.8617 0.4749 0.1785
vn 0.8638 0.4709 0.1789
vn 0.7706 0.4942 0.4025
vn 0.6119 0.4958 0.6162
vn 0.7272 0.4898 0.4810
vn 0.4822 0.4783 0.7340
vn 0.4843 0.4709 0.7373
vn 0.4797 0.4865 0.7302
vt 1.000000 0.181231
vt 0.759205 0.000000
vt 1.000000 0.000000
vt 0.181231 0.181231
vt 0.000000 0.000000
vt 1.000000 0.406275
vt 0.394502 0.245986
vt 0.273396 0.209323
vt 0.838468 0.002354
vt 0.406275 0.406275
vt 1.000000 0.540281
vt 0.404085 0.000000
vt 0.637850 0.013073
vt 0.600342 0.241366
vt 0.540281 0.540281
vt 0.610358 0.144514
vt 0.637836 0.637836
vt 0.600884 0.000000
vt 1.000000 0.240796
vt 0.600884 0.600884
vt 1.000000 1.000000
vt 1.000000 0.159359
vt 0.485493 0.000000
vt 0.842901 0.842901
vt 0.485493 0.485493
vt 1.000000 0.561947
vt 0.572867 0.498701
vt 0.561947 0.561947
vt 0.707678 0.000000
vt 0.677899 0.143896
vt 0.605375 0.421129
vt 0.510855 0.510855
vt 1.000000 0.595915
vt 1.000000 0.510855
vt 0.702812 0.271794
vt 0.368812 0.000000
vt 1.000000 0.292322
vt 0.631188 0.000000
vt 0.362408 0.208646
vt 0.367365 0.210992
vt 0.354263 0.214914
vt 0.396900 0.224331
vt 0.380123 0.228468
vt 0.376536 0.215547
vt 0.421154 0.241336
vt 0.416348 0.242334
vt 0.414907 0.232066
vt 0.413928 0.231785
vt 0.385827 0.249510
vt 0.396900 0.224331
vt 0.376536 0.215547
vt 0.349752 0.237532
vt 0.346650 0.227658
vt 0.344976 0.222248
vt 0.354263 0.214914
vt 0.349752 0.237532
vt 0.356250 0.258304
vt 0.421796 0.267530
vt 0.392306 0.274081
vt 0.424421 0.267018
vt 0.423065 0.244310
vt 0.431419 0.256956
vt 0.425942 0.264869
vt 0.422339 0.270230
vt 0.398361 0.297853
vt 0.411552 0.283652
vt 0.363823 0.282529
vt 0.359953 0.270198
vt 0.364774 0.285454
vt 0.363823 0.282529
vt 0.397820 0.297758
s 0
f 1921/2455/1400 1922/2456/1400 1891/2457/1400
f 1921/2458/1401 1891/2459/1401 1892/2457/1401 1924/2460/1401 1925/2461/1401 1923/2462/1401
f 1930/2463/1402 1924/2464/1402 1892/2459/1402
f 1886/2457/1403 1941/2465/1403 1937/2466/1403
f 1927/2467/1404 1926/2468/1404 1941/2469/1404 1886/2459/1404
f 1929/2470/1405 1927/2471/1405 1886/2459/1405 1928/2472/1405
f 1891/2457/1406 1922/2473/1406 1928/2474/1406 1886/2459/1406
f 1894/2459/1407 1892/2457/1407 1891/2475/1407
f 1886/2459/1408 1888/2457/1408 1891/2475/1408
f 1888/2459/1409 1890/2457/1409 1891/2475/1409
f 1890/2459/1410 1894/2457/1410 1891/2475/1410
f 1890/2459/1411 1893/2457/1411 1892/2475/1411
f 1893/2459/1412 1889/2457/1412 1892/2475/1412
f 1892/2475/1413 1889/2459/1413 1930/2476/1413
f 1894/2459/1414 1890/2457/1414 1892/2475/1414
f 1889/2459/1415 1931/2477/1415 1930/2478/1415
f 1931/2479/1416 1889/2459/1416 1888/2457/1416 1933/2480/1416 1932/2481/1416
f 1933/2482/1417 1888/2459/1417 1935/2483/1417 1936/2484/1417 1934/2485/1417
f 1938/2486/1418 1887/2459/1418 1886/2457/1418 1937/2487/1418
f 1887/2457/1419 1938/2488/1419 1939/2489/1419 1940/2490/1419
f 1887/2459/1420 1888/2457/1420 1886/2475/1420
f 1935/2491/1421 1888/2475/1421 1887/2459/1421 1940/2492/1421
f 1889/2459/1422 1890/2457/1422 1888/2475/1422
f 1889/2459/1423 1893/2457/1423 1890/2475/1423
s 1
f 1918/2493/1424 1906/2494/1425 1920/2495/1426
f 1907/2496/1427 1897/2497/1428 1905/2498/1429
f 1910/2499/1430 1896/2500/1431 1908/2501/1432
f 1908/2502/1432 1896/2500/1431 1899/2503/1433 1897/2497/1428 1907/2504/1427
f 1905/2505/1429 1897/2497/1428 1917/2506/1434 1915/2507/1435 1919/2508/1435 1920/2509/1426 1906/2494/1425
f 1917/2510/1434 1897/2497/1428 1899/2503/1433 1916/2511/1436
f 1895/2512/1437 1898/2513/1438 1899/2503/1433 1896/2500/1431
f 1903/2514/1439 1895/2512/1437 1896/2500/1431 1910/2499/1430 1909/2515/1440 1901/2516/1440 1900/2517/1440
f 1904/2518/1441 1895/2512/1437 1903/2514/1439
f 1911/2519/1442 1898/2513/1438 1895/2512/1437 1904/2518/1441 1902/2520/1443
f 1916/2511/1436 1899/2503/1433 1898/2513/1438 1914/2521/1444 1913/2522/1445
f 1912/2523/1446 1914/2524/1444 1898/2513/1438 1911/2525/1442
o Circle_cell.031
v 0.173120 0.387882 -0.075419
v 0.005359 0.445519 -0.009108
v 0.141052 0.337015 -0.317400
v 0.013619 0.436771 -0.035288
v 0.166662 0.510998 -0.166980
v 0.019063 0.460271 -0.029946
v 0.140395 0.395728 -0.338944
v 0.260230 0.395728 -0.260230
v 0.260675 0.488801 -0.260675
v 0.143148 0.335430 -0.322072
v 0.138127 0.367850 -0.333469
v 0.130004 0.406731 -0.341170
v 0.132839 0.395728 -0.340509
v 0.133521 0.418450 -0.340521
v 0.164777 0.449478 -0.323354
v 0.140474 0.426364 -0.339135
v 0.255591 0.538734 -0.255776
v 0.206330 0.488801 -0.296372
v 0.264457 0.527617 -0.245168
v 0.170255 0.333196 -0.303708
v 0.321876 0.335037 -0.143297
v 0.249838 0.326805 -0.249837
v 0.324888 0.346259 -0.142978
v 0.315511 0.396577 -0.176080
v 0.282866 0.488801 -0.226892
v 0.130004 0.406731 -0.341170
v 0.133521 0.418450 -0.340521
v 0.143148 0.335430 -0.322072
v 0.138127 0.367850 -0.333469
v 0.132839 0.395728 -0.340509
v 0.164777 0.449478 -0.323354
v 0.140474 0.426364 -0.339135
v 0.206330 0.488801 -0.296372
v 0.255591 0.538734 -0.255776
v 0.321876 0.335037 -0.143297
v 0.249838 0.326805 -0.249837
v 0.170255 0.333196 -0.303708
v 0.264457 0.527617 -0.245168
v 0.282866 0.488801 -0.226892
v 0.315511 0.396577 -0.176080
v 0.324888 0.346259 -0.142978
vn -0.8973 0.2472 -0.3657
vn -0.8856 0.2860 -0.3658
vn -0.8806 0.3021 -0.3652
vn -0.5583 0.7720 -0.3039
vn -0.5449 0.7825 -0.3013
vn 0.3099 0.7740 0.5522
vn -0.2272 -0.9487 0.2200
vn -0.9119 -0.2543 -0.3220
vn -0.2278 -0.9429 0.2432
vn 0.4624 0.5179 0.7197
vn 0.4623 0.5459 0.6988
vn 0.4516 0.5608 0.6940
vn 0.4637 0.5478 0.6964
vn 0.3742 -0.1266 0.9187
vn 0.8187 -0.2030 -0.5371
vn 0.6920 -0.2079 -0.6913
vn 0.7032 -0.1068 -0.7030
vn 0.8277 -0.1409 -0.5432
vn 0.7055 0.0660 -0.7056
vn 0.8350 0.0389 -0.5488
vn 0.5374 -0.2044 -0.8182
vn 0.5113 -0.2055 -0.8345
vn 0.3805 -0.1066 -0.9186
vn 0.2020 -0.0908 -0.9752
vn 0.2028 -0.0066 -0.9792
vn 0.4702 -0.0067 -0.8825
vn 0.5489 0.0240 -0.8356
vn 0.5490 -0.0066 -0.8358
vn 0.6983 0.1396 -0.7020
vn 0.8274 0.1370 -0.5446
vn -0.2316 -0.9454 0.2294
vt 0.797216 0.797216
vt 0.000000 0.000000
vt 1.000000 0.000000
vt 0.809749 0.000000
vt 0.810036 0.810036
vt 0.809749 0.809749
vt 0.838440 0.772826
vt 0.799037 0.799037
vt 1.000000 0.621997
vt 0.621997 0.621997
vt 0.353096 0.000000
vt 0.514626 0.352880
vt 0.353095 0.353095
vt 0.388846 0.000000
vt 1.000000 0.021066
vt 0.894716 0.000000
vt 1.000000 0.797216
vt 0.846388 0.682547
vt 0.449861 0.372646
vt 0.953771 0.000000
vt 1.000000 1.000000
vt 1.000000 0.227521
vt 0.410123 0.000000
vt 0.227521 0.227521
vt 1.000000 0.611154
vt 0.410123 0.410123
vt 0.822912 0.538546
vt 0.606417 0.000000
vt 0.618655 0.618655
vt 0.455466 0.107457
vt 0.455525 0.104975
vt 0.487315 0.092782
vt 0.493208 0.110705
vt 0.468126 0.117901
vt 0.499918 0.134613
vt 0.489745 0.137135
vt 0.522218 0.082481
vt 0.528152 0.090672
vt 0.531171 0.098498
vt 0.487315 0.092782
vt 0.513345 0.085099
vt 0.533473 0.097668
vt 0.528152 0.090672
vt 0.535330 0.100921
vt 0.535239 0.105350
vt 0.533777 0.107147
vt 0.517651 0.130159
vt 0.528003 0.116018
vt 0.502948 0.147936
vt 0.498729 0.145824
vt 0.502948 0.147936
vt 0.894716 0.894716
vt 0.616232 0.543273
vt 0.393583 0.000000
s 0
f 1967/2526/1447 1945/2527/1447 1943/2528/1447
f 1968/2529/1448 1967/2530/1448 1943/2527/1448
f 1947/2528/1449 1968/2531/1449 1943/2527/1449
f 1973/2532/1450 1968/2533/1450 1947/2527/1450 1946/2528/1450 1972/2534/1450
f 1972/2535/1451 1946/2527/1451 1975/2536/1451 1974/2537/1451
f 1975/2538/1452 1946/2527/1452 1979/2539/1452
f 1969/2540/1453 1978/2541/1453 1944/2528/1453
f 1944/2527/1454 1945/2528/1454 1967/2542/1454 1971/2543/1454 1970/2544/1454 1969/2545/1454
f 1942/2527/1455 1943/2528/1455 1945/2546/1455
f 1943/2546/1456 1942/2527/1456 1982/2547/1456
f 1981/2548/1457 1946/2528/1457 1943/2546/1457 1982/2549/1457
f 1946/2527/1458 1947/2528/1458 1943/2546/1458
f 1979/2550/1459 1946/2546/1459 1981/2551/1459 1980/2552/1459
f 1942/2527/1460 1962/2553/1460 1982/2554/1460
s 1
f 1964/2555/1461 1976/2556/1461 1977/2557/1462 1949/2558/1463 1965/2559/1464
f 1965/2559/1464 1949/2558/1463 1950/2560/1465 1966/2561/1466
f 1951/2562/1467 1952/2563/1468 1948/2564/1469 1949/2558/1463 1977/2565/1462 1961/2566/1467
f 1954/2567/1470 1948/2564/1469 1952/2568/1468
f 1948/2564/1469 1954/2567/1470 1953/2569/1471 1955/2570/1471 1957/2571/1472
f 1959/2572/1473 1950/2560/1465 1949/2558/1463 1948/2564/1469 1957/2571/1472 1956/2573/1474
f 1966/2561/1466 1950/2560/1465 1958/2574/1475 1960/2575/1476
f 1950/2560/1465 1959/2572/1473 1958/2576/1475
s 0
f 1942/2527/1477 1945/2528/1477 1944/2546/1477 1978/2577/1477 1963/2578/1477 1962/2579/1477
o Circle_cell.032
v 0.088512 0.147894 0.213686
v 0.213686 0.147894 0.088512
v 0.044641 0.228900 0.229414
v 0.004906 0.430206 0.004361
v 0.000641 0.413238 0.002000
v 0.011025 0.426498 0.004101
v 0.164061 0.147894 0.164061
v 0.109280 0.204931 0.263825
v 0.263825 0.204931 0.109280
v 0.202556 0.204931 0.202556
v 0.267281 0.196560 0.054016
v 0.263864 0.192831 0.053327
v 0.000270 0.147894 0.002078
v 0.222629 0.147894 0.045331
v -0.028803 0.147894 0.072534
v -0.004243 0.147894 0.140517
v 0.100434 0.204931 0.265657
v 0.165575 0.232980 0.247260
v 0.212382 0.227303 0.212382
v 0.282962 0.239181 0.118091
v 0.272259 0.204931 0.068556
v 0.027095 0.147894 0.226406
v 0.051232 0.194985 0.266354
v 0.267281 0.196560 0.054016
v 0.263864 0.192831 0.053327
v 0.000270 0.147894 0.002078
v 0.222629 0.147894 0.045331
v -0.028803 0.147894 0.072534
v 0.212382 0.227303 0.212382
v 0.282962 0.239181 0.118091
v 0.165575 0.232980 0.247260
v 0.272259 0.204931 0.068556
v 0.027095 0.147894 0.226406
v 0.051232 0.194985 0.266354
v -0.004243 0.147894 0.140517
v 0.109280 0.204931 0.263825
v 0.100434 0.204931 0.265657
vn 0.0359 0.1289 -0.9910
vn 0.1941 0.0034 -0.9810
vn 0.1909 -0.0006 -0.9816
vn -0.9244 0.0012 -0.3814
vn -0.9279 0.1885 0.3217
vn -0.9232 0.1908 0.3336
vn 0.9914 0.0793 -0.1041
vn -0.1273 0.7250 0.6769
vn 0.4003 0.8228 0.4033
vn 0.5170 0.8425 0.1512
vn 0.6196 0.5751 -0.5342
vn -0.9228 0.1874 0.3367
vn 0.3925 -0.9161 0.0813
vn 0.3996 -0.9016 0.1655
vn 0.3075 -0.9005 0.3075
vn 0.1655 -0.9016 0.3996
vn 0.0705 -0.9376 0.3406
vn -0.0000 -1.0000 -0.0000
vn 0.5625 -0.6059 0.5625
vn 0.7369 -0.6038 0.3039
vn 0.7672 -0.5239 0.3700
vn 0.6008 -0.5277 0.6005
vn 0.7465 -0.6471 0.1546
vn 0.3086 -0.6658 0.6793
vn 0.4691 -0.5197 0.7141
vn 0.7154 -0.6828 0.1482
vn 0.1482 -0.6828 0.7154
vt 0.000000 0.000000
vt 1.000000 0.000000
vt 1.000000 1.000000
vt 1.000000 0.300990
vt 0.699807 0.000000
vt 1.000000 0.157800
vt 0.300990 0.300990
vt 0.410197 0.158274
vt 1.000000 0.158206
vt 0.157800 0.157800
vt 0.150124 0.000000
vt 0.150124 0.150124
vt 0.381039 0.000000
vt 1.000000 0.296321
vt 0.615454 0.329013
vt 1.000000 0.406852
vt 0.296321 0.296321
vt 0.559929 0.322571
vt 1.000000 0.327965
vt 0.406852 0.406852
vt 0.587701 0.356175
vt 0.331907 0.000000
vt 1.000000 0.300193
vt 0.331907 0.331907
vt 0.849368 0.303650
vt 0.740754 0.000000
vt 1.000000 0.618961
vt 0.699746 0.318828
vt 0.837062 0.121219
vt 0.843372 0.105279
vt 0.843372 0.070136
vt 0.829414 0.037885
vt 0.812172 0.020642
vt 0.704327 0.162633
vt 0.697432 0.155738
vt 0.804641 0.013111
vt 0.342084 0.094961
vt 0.375309 0.085596
vt 0.378208 0.096895
vt 0.344144 0.102327
vt 0.378428 0.096794
vt 0.387593 0.082381
vt 0.308006 0.103641
vt 0.344144 0.102327
vt 0.327726 0.108646
vt 0.300649 0.077145
vt 0.335217 0.069132
vt 0.368454 0.060312
vt 0.384340 0.056332
vt 0.390296 0.075984
vt 0.390680 0.077637
vt 0.387593 0.082381
vt 0.275952 0.084017
vt 0.305208 0.104502
vt 0.288810 0.104435
s 0
f 1986/2580/1478 1988/2581/1478 1987/2582/1478
f 2007/2583/1479 1987/2582/1479 1988/2580/1479 2006/2584/1479
f 2008/2585/1480 1987/2582/1480 2007/2586/1480 2009/2587/1480
f 2010/2588/1481 1987/2582/1481 2008/2589/1481
f 1987/2582/1482 2010/2590/1482 1986/2581/1482
f 1985/2581/1483 1986/2582/1483 2010/2591/1483 2017/2592/1483
f 1986/2582/1484 1985/2580/1484 2016/2593/1484
f 2018/2594/1485 2013/2595/1485 1986/2582/1485 2016/2596/1485 2019/2597/1485
f 2012/2598/1486 1986/2582/1486 2013/2599/1486 2011/2600/1486
f 1988/2581/1487 1986/2582/1487 2012/2601/1487
f 2006/2602/1488 1988/2582/1488 2012/2603/1488 2014/2604/1488
f 2016/2605/1489 1985/2581/1489 2017/2606/1489 2015/2607/1489
s 1
f 1996/2608/1490 1984/2609/1491 1989/2610/1492 1983/2611/1493 2004/2612/1494 1998/2613/1495 1997/2614/1495 1995/2615/1495
f 1992/2616/1496 1991/2617/1497 2002/2618/1498 2001/2619/1499
f 2002/2620/1498 1991/2617/1497 2003/2621/1500
f 1990/2622/1501 1992/2616/1496 2001/2623/1499 2000/2624/1502
f 1983/2625/1493 1989/2626/1492 1992/2616/1496 1990/2622/1501
f 1991/2617/1497 1984/2627/1491 1996/2628/1490 1994/2629/1503 1993/2630/1503 2003/2631/1500
f 1984/2627/1491 1991/2617/1497 1992/2616/1496 1989/2626/1492
f 2004/2632/1494 1983/2625/1493 1990/2622/1501 1999/2633/1504 2005/2634/1504
o Circle_cell.033
v -0.004576 0.813136 0.002261
v -0.004677 0.935933 0.002135
v -0.073995 1.032469 0.016490
v -0.090408 1.054963 0.037744
v -0.164104 0.976106 0.067974
v -0.125993 0.976106 0.125993
v -0.129389 0.872857 0.192545
v -0.100348 0.967784 0.148382
v -0.097821 0.976106 0.144498
v -0.077499 1.039632 0.113260
v -0.145600 1.020137 0.029954
v -0.125431 1.054983 0.026544
v -0.176171 0.966502 0.036075
v -0.170928 0.976106 0.035024
v -0.180782 0.957979 0.037214
v -0.118946 1.062182 0.037033
v -0.133361 0.860099 0.198085
v -0.099109 1.067931 0.069038
v -0.114477 1.067124 0.044316
v -0.180522 0.944755 0.074775
v -0.142253 0.872857 0.184095
v -0.158196 0.896015 0.158196
v -0.091232 1.058166 0.091232
v -0.095147 1.063326 0.079758
v -0.129389 0.872857 0.192545
v -0.100348 0.967784 0.148382
v -0.133361 0.860099 0.198085
v -0.097821 0.976106 0.144498
v -0.077499 1.039632 0.113260
v -0.145600 1.020137 0.029954
v -0.125431 1.054983 0.026544
v -0.176171 0.966502 0.036075
v -0.170928 0.976106 0.035024
v -0.180782 0.957979 0.037214
v -0.118946 1.062182 0.037033
v -0.114477 1.067124 0.044316
v -0.180522 0.944755 0.074775
v -0.142253 0.872857 0.184095
v -0.158196 0.896015 0.158196
v -0.091232 1.058166 0.091232
v -0.095147 1.063326 0.079758
v -0.099109 1.067931 0.069038
vn 0.8358 -0.0028 0.5491
vn -0.1868 0.0120 -0.9823
vn -0.1943 -0.0012 -0.9809
vn -0.2087 -0.0179 -0.9778
vn 0.2017 0.7449 -0.6359
vn 0.3768 0.8881 -0.2632
vn 0.2047 0.7470 -0.6325
vn -0.6440 -0.7230 -0.2501
vn 0.8112 0.5846 -0.0139
vn 0.7929 0.6085 -0.0317
vn -0.5571 0.4928 0.6684
vn -0.6119 0.5041 0.6094
vn -0.7989 0.5027 0.3303
vn -0.7829 0.4925 0.3803
vn -0.8501 0.4962 0.1761
vn -0.8555 0.4865 0.1772
vn -0.4843 0.4709 0.7373
vn -0.4820 0.4788 0.7338
vn -0.4808 0.4827 0.7320
vn -0.4797 0.4865 0.7302
vn -0.4766 0.4963 0.7256
vn -0.8446 0.5060 0.1749
vn -0.7810 0.5133 0.3557
vn -0.7242 0.5080 0.4663
vn -0.6570 0.5144 0.5511
vn -0.4735 0.5060 0.7209
vn 0.8370 0.0013 0.5472
vt 1.000000 0.000000
vt 1.000000 0.350999
vt 0.574339 0.030964
vt 0.533535 0.000000
vt 0.000000 0.000000
vt 1.000000 0.340222
vt 0.149136 0.149136
vt 1.000000 0.414172
vt 0.883538 0.401488
vt 0.340222 0.340222
vt 0.414172 0.414172
vt 0.663694 0.000000
vt 1.000000 0.149136
vt 0.869653 0.000000
vt 0.810785 0.000000
vt 1.000000 0.068608
vt 0.068608 0.068608
vt 1.000000 0.130347
vt 1.000000 0.336306
vt 1.000000 1.000000
vt 0.452702 0.452702
vt 0.503338 0.424965
vt 0.596747 0.375535
vt 0.879110 0.323542
vt 0.338979 0.000000
vt 0.529830 0.120135
vt 1.000000 0.447129
vt 0.890289 0.213444
vt 0.338979 0.338979
vt 0.283647 0.322998
vt 0.297716 0.352724
vt 0.272969 0.365811
vt 0.266781 0.354387
vt 0.261119 0.372538
vt 0.259145 0.369057
vt 0.257452 0.365937
vt 0.266781 0.354387
vt 0.291810 0.305750
vt 0.293262 0.308625
vt 0.288644 0.310575
vt 0.308608 0.344385
vt 0.310196 0.347413
vt 0.272986 0.392141
vt 0.294587 0.408033
vt 0.289628 0.407871
vt 0.282553 0.407553
vt 0.308993 0.400436
vt 0.295906 0.407292
vt 0.316265 0.391350
vt 0.312340 0.396447
vt 0.316265 0.391350
vt 0.322702 0.378111
vt 0.552871 0.000000
vt 0.442837 0.341700
vt 0.350999 0.350999
s 0
f 2020/2635/1505 2045/2636/1505 2044/2637/1505 2046/2638/1505
f 2022/2639/1506 2021/2635/1506 2049/2640/1506 2050/2641/1506
f 2021/2639/1507 2020/2635/1507 2051/2642/1507 2052/2643/1507 2049/2644/1507
f 2051/2645/1508 2020/2639/1508 2053/2646/1508
f 2050/2647/1509 2054/2648/1509 2022/2635/1509
f 2061/2649/1510 2023/2635/1510 2055/2650/1510
f 2055/2651/1511 2023/2639/1511 2022/2635/1511 2054/2652/1511
f 2053/2653/1512 2020/2654/1512 2046/2655/1512 2057/2656/1512 2058/2657/1512 2056/2658/1512
f 2021/2654/1513 2022/2639/1513 2060/2659/1513 2059/2660/1513 2048/2661/1513
f 2022/2639/1514 2023/2635/1514 2061/2662/1514 2060/2663/1514
s 1
f 2041/2664/1515 2025/2665/1516 2024/2666/1517 2039/2667/1518
f 2024/2666/1517 2033/2668/1519 2032/2669/1520 2034/2670/1520 2039/2671/1518
f 2036/2672/1521 2026/2673/1522 2040/2674/1523
f 2025/2665/1516 2041/2664/1515 2040/2674/1523 2026/2673/1522 2027/2675/1524 2047/2676/1525
f 2030/2677/1526 2033/2668/1519 2024/2666/1517 2038/2678/1527 2035/2679/1526 2031/2680/1526
f 2037/2681/1528 2038/2682/1527 2024/2666/1517 2025/2665/1516 2042/2683/1529 2043/2684/1528
f 2042/2685/1529 2025/2665/1516 2047/2676/1525 2029/2686/1530
s 0
f 2021/2639/1531 2048/2687/1531 2028/2688/1531 2045/2689/1531 2020/2639/1531
o Circle_cell.034
v 0.009960 0.413147 -0.009176
v 0.164061 0.147894 -0.164061
v 0.202556 0.204931 -0.202556
v 0.239130 0.236604 -0.181966
v 0.284296 0.243375 -0.120708
v 0.167711 0.237867 -0.249413
v 0.214755 0.232705 -0.214755
v 0.165303 0.230930 -0.245947
v 0.102757 0.147894 -0.150638
v 0.156625 0.204931 -0.232726
v 0.127376 0.147894 -0.188158
v 0.168688 0.147894 -0.157016
v 0.260853 0.219638 -0.130099
v 0.246253 0.204931 -0.136032
v 0.239130 0.236604 -0.181966
v 0.284296 0.243375 -0.120708
v 0.167711 0.237867 -0.249413
v 0.214755 0.232705 -0.214755
v 0.165303 0.230930 -0.245947
v 0.156625 0.204931 -0.232726
v 0.127376 0.147894 -0.188158
v 0.102757 0.147894 -0.150638
v 0.260853 0.219638 -0.130099
v 0.246253 0.204931 -0.136032
v 0.168688 0.147894 -0.157016
vn 0.3752 0.8497 -0.3705
vn 0.3704 0.8492 -0.3763
vn -0.8319 0.0116 -0.5547
vn -0.8361 0.0001 -0.5486
vn 0.0862 -0.4452 0.8913
vn 0.0896 -0.4417 0.8927
vn 0.2187 -0.9172 -0.3329
vn 0.3075 -0.9005 -0.3075
vn 0.4426 -0.8483 -0.2907
vn -0.0000 -1.0000 -0.0000
vn 0.6010 -0.5277 -0.6003
vn 0.5625 -0.6059 -0.5625
vn 0.4374 -0.6044 -0.6659
vn 0.4691 -0.5197 -0.7141
vn 0.7141 -0.5197 -0.4691
vn 0.6869 -0.5698 -0.4512
vt 1.000000 0.439702
vt 1.000000 1.000000
vt 0.328669 0.328669
vt 1.000000 0.412855
vt 0.439702 0.439702
vt 0.661995 0.414313
vt 0.412855 0.412855
vt 1.000000 0.421900
vt 0.844618 0.157583
vt 1.000000 0.157384
vt 0.421900 0.421900
vt 0.534074 0.339166
vt 1.000000 0.386346
vt 0.157384 0.157384
vt 0.378617 0.157764
vt 0.887025 0.339513
vt 0.386346 0.386346
vt 1.000000 0.328669
vt 0.836595 0.054476
vt 0.843372 0.070136
vt 0.843372 0.073413
vt 0.832046 0.043966
vt 0.476704 0.064484
vt 0.473122 0.055471
vt 0.488840 0.048154
vt 0.492602 0.056849
vt 0.493626 0.059116
vt 0.445539 0.078893
vt 0.448039 0.069464
vt 0.449966 0.063445
vt 0.465619 0.069679
vt 0.463138 0.031585
vt 0.460273 0.032579
vt 0.477127 0.024831
s 0
f 2076/2690/1532 2062/2691/1532 2077/2692/1532
f 2078/2693/1533 2062/2691/1533 2076/2694/1533 2079/2695/1533
f 2062/2691/1534 2078/2696/1534 2080/2697/1534
f 2082/2698/1535 2083/2699/1535 2062/2691/1535 2080/2700/1535 2081/2701/1535
f 2084/2702/1536 2062/2691/1536 2083/2703/1536 2086/2704/1536 2085/2705/1536
f 2062/2691/1537 2084/2706/1537 2077/2707/1537
s 1
f 2072/2708/1538 2063/2709/1539 2073/2710/1540 2070/2711/1541
f 2068/2712/1542 2064/2713/1543 2071/2714/1544 2069/2715/1545 2067/2716/1545
f 2066/2717/1546 2074/2718/1546 2075/2719/1547 2064/2713/1543 2068/2712/1542 2065/2720/1546
f 2063/2721/1539 2064/2713/1543 2075/2719/1547 2073/2722/1540
f 2071/2714/1544 2064/2713/1543 2063/2721/1539 2072/2723/1538
o Circle_cell.035
v 0.035478 0.620857 -0.021771
v 0.184708 0.819345 0.036721
v 0.243585 0.582839 -0.000342
v 0.003002 0.583520 0.000263
v 0.005534 0.603888 0.012023
v -0.003845 0.591535 0.004977
v 0.001062 0.626408 0.001142
v 0.309346 0.728118 -0.000000
v 0.335684 0.653589 -0.000000
v 0.276723 0.799791 -0.000000
v 0.320267 0.667956 -0.049922
v 0.327078 0.653589 -0.041551
v 0.344276 0.608805 -0.015456
v 0.350852 0.595990 -0.000000
v 0.349689 0.595001 0.006872
v 0.292851 0.725896 -0.083436
v 0.272103 0.799791 -0.022312
v 0.266479 0.815205 -0.008891
v 0.291767 0.728118 0.084881
v 0.327150 0.653589 0.041206
v 0.262799 0.825332 -0.000000
v 0.243427 0.850454 0.027412
v 0.238495 0.848037 0.057585
v 0.254698 0.809185 0.081622
v 0.258632 0.799791 0.087352
v 0.270256 0.765453 0.106694
v 0.251437 0.816974 0.076861
v 0.327078 0.653589 -0.041551
v 0.344276 0.608805 -0.015456
v 0.320267 0.667956 -0.049922
v 0.350852 0.595990 -0.000000
v 0.292851 0.725896 -0.083436
v 0.272103 0.799791 -0.022312
v 0.266479 0.815205 -0.008891
v 0.291767 0.728118 0.084881
v 0.327150 0.653589 0.041206
v 0.262799 0.825332 -0.000000
v 0.243427 0.850454 0.027412
v 0.238495 0.848037 0.057585
v 0.254698 0.809185 0.081622
v 0.258632 0.799791 0.087352
v 0.270256 0.765453 0.106694
v 0.251437 0.816974 0.076861
v 0.349689 0.595001 0.006872
vn 0.0001 -0.5034 -0.8640
vn 0.1040 -0.8345 -0.5411
vn 0.0007 -0.5147 0.8574
vn -0.0036 -0.5059 -0.8626
vn -0.0026 -0.5016 -0.8651
vn -0.3934 0.5179 -0.7596
vn 0.0002 -0.5053 0.8630
vn 0.0003 -0.5068 0.8621
vn -0.5744 -0.0092 -0.8185
vn -0.5551 -0.0080 -0.8318
vn -0.3957 0.5205 -0.7566
vn -0.4102 0.5276 -0.7439
vn -0.4689 0.8832 -0.0059
vn -0.4791 0.3021 0.8242
vn -0.0155 -0.4865 0.8736
vn -0.7284 0.1753 0.6623
vn -0.4795 0.3027 0.8237
vn -0.4824 0.3079 0.8201
vn 0.9562 0.2927 -0.0000
vn 0.9650 0.2541 0.0656
vn 0.9482 0.2497 -0.1964
vn 0.9334 0.3024 -0.1933
vn 0.9482 0.2497 0.1964
vn 0.9334 0.3024 0.1933
vn 0.9281 0.3724 -0.0004
vn 0.9051 0.3817 0.1874
vn 0.8944 0.4071 0.1852
vn 0.8956 0.4448 -0.0005
vn 0.8837 0.4307 0.1830
vn 0.9254 0.3270 -0.1917
vn 0.9114 0.3651 -0.1897
vn 0.8854 0.4266 -0.1847
vn 0.8737 0.4763 0.0993
vn 0.8638 0.4709 0.1789
vn 0.8638 0.4709 -0.1789
vt 1.000000 0.425840
vt 1.000000 1.000000
vt 0.562245 0.562245
vt 0.670263 0.523531
vt 0.425840 0.425840
vt 0.860026 0.388110
vt 1.000000 0.387358
vt 1.000000 0.000000
vt 0.166351 0.000000
vt 0.000000 0.000000
vt 1.000000 0.562245
vt 0.671505 0.000000
vt 0.671505 0.671505
vt 0.602579 0.000000
vt 0.617272 0.121327
vt 0.348982 0.000000
vt 1.000000 0.835121
vt 0.777605 0.560722
vt 0.487714 0.187251
vt 0.835121 0.835121
vt 0.250802 0.000000
vt 0.818705 0.296298
vt 1.000000 0.397421
vt 0.230365 0.000000
vt 0.250802 0.250802
vt 0.396203 0.000000
vt 1.000000 0.640732
vt 0.530002 0.143163
vt 0.640732 0.640732
vt 0.603797 0.000000
vt 1.000000 0.399771
vt 0.769635 0.000000
vt 0.399771 0.399771
vt 0.439178 0.192979
vt 0.435816 0.178235
vt 0.440545 0.180677
vt 0.450198 0.190827
vt 0.434357 0.177427
vt 0.435816 0.178235
vt 0.428672 0.195439
vt 0.428672 0.195439
vt 0.443470 0.213672
vt 0.420402 0.218767
vt 0.415569 0.231111
vt 0.420402 0.218767
vt 0.447607 0.235841
vt 0.421742 0.241214
vt 0.450198 0.190827
vt 0.453398 0.194419
vt 0.466566 0.209779
vt 0.454462 0.234869
vt 0.449102 0.244865
vt 0.441771 0.255492
vt 0.431974 0.256562
vt 0.425258 0.246696
vt 0.423664 0.244211
vt 0.454462 0.234869
vt 0.451306 0.240907
s 0
f 2115/2724/1548 2089/2725/1548 2116/2726/1548 2114/2727/1548
f 2115/2728/1549 2117/2729/1549 2130/2730/1549 2089/2725/1549
f 2090/2731/1550 2089/2725/1550 2130/2732/1550
f 2090/2733/1551 2087/2731/1551 2089/2725/1551
f 2116/2734/1552 2089/2725/1552 2087/2733/1552 2118/2735/1552
f 2118/2736/1553 2087/2733/1553 2120/2737/1553 2119/2738/1553
f 2128/2739/1554 2092/2731/1554 2130/2740/1554 2122/2741/1554 2121/2742/1554
f 2092/2733/1555 2090/2731/1555 2130/2743/1555
f 2092/2733/1556 2093/2731/1556 2090/2725/1556
f 2093/2733/1557 2087/2731/1557 2090/2725/1557
f 2088/2733/1558 2124/2744/1558 2123/2745/1558 2120/2746/1558 2087/2725/1558
f 2093/2733/1559 2088/2731/1559 2087/2725/1559
f 2088/2733/1560 2125/2747/1560 2124/2748/1560
f 2126/2749/1561 2091/2731/1561 2128/2750/1561 2127/2751/1561
f 2128/2752/1562 2091/2733/1562 2092/2731/1562
f 2091/2733/1563 2093/2731/1563 2092/2725/1563
f 2126/2753/1564 2129/2754/1564 2093/2725/1564 2091/2733/1564
f 2125/2755/1565 2088/2731/1565 2093/2725/1565 2129/2756/1565
s 1
f 2095/2757/1566 2100/2758/1567 2099/2759/1568 2098/2760/1569
f 2101/2761/1570 2100/2762/1567 2095/2757/1566 2106/2763/1571
f 2106/2764/1571 2095/2757/1566 2094/2765/1572 2105/2766/1573
f 2112/2767/1574 2105/2768/1573 2094/2765/1572 2096/2769/1575 2111/2770/1576
f 2094/2765/1572 2095/2757/1566 2098/2771/1569 2097/2772/1577 2102/2773/1578
f 2103/2774/1579 2096/2769/1575 2094/2765/1572 2102/2773/1578
f 2096/2769/1575 2107/2775/1580 2108/2776/1581 2109/2777/1581 2113/2778/1581 2110/2779/1581 2111/2770/1576
f 2107/2775/1580 2096/2769/1575 2103/2780/1579 2104/2781/1582
o Circle_cell.036
v 0.032984 1.792712 0.079631
v 0.033896 1.819147 0.081832
v 0.030072 1.814529 0.072601
v 0.020550 1.814529 0.074573
v 0.031929 1.824780 0.077085
v 0.026924 1.819147 0.083276
v 0.056084 1.821942 0.065903
v 0.052334 1.827958 0.065450
v 0.052462 1.821262 0.061640
v 0.054252 1.807440 0.055521
v 0.052558 1.814529 0.057831
v 0.061266 1.806606 0.062525
v 0.052744 1.792038 0.053911
v 0.060049 1.788619 0.061190
v 0.059077 1.778432 0.060177
v 0.051525 1.779791 0.052643
v 0.053828 1.778002 0.063555
v 0.045201 1.779274 0.056710
v 0.039722 1.777359 0.072716
v 0.033568 1.778744 0.064262
v 0.014227 1.778911 0.070749
v 0.016347 1.777508 0.080973
v 0.032161 1.777121 0.077644
v 0.028095 1.778572 0.067828
v 0.009891 1.784081 0.083219
v 0.008943 1.784293 0.072619
v 0.002039 1.792712 0.086040
v 0.001480 1.792501 0.075348
v 0.020550 1.814529 0.074573
v 0.031929 1.824780 0.077085
v 0.052334 1.827958 0.065450
v 0.052462 1.821262 0.061640
v 0.056084 1.821942 0.065903
v 0.052558 1.814529 0.057831
v 0.054252 1.807440 0.055521
v 0.052744 1.792038 0.053911
v 0.060049 1.788619 0.061190
v 0.059077 1.778432 0.060177
v 0.051525 1.779791 0.052643
v 0.053828 1.778002 0.063555
v 0.045201 1.779274 0.056710
v 0.033568 1.778744 0.064262
v 0.039722 1.777359 0.072716
v 0.014227 1.778911 0.070749
v 0.028095 1.778572 0.067828
v 0.032161 1.777121 0.077644
v 0.016347 1.777508 0.080973
v 0.009891 1.784081 0.083219
v 0.008943 1.784293 0.072619
v 0.001480 1.792501 0.075348
v 0.002039 1.792712 0.086040
v 0.026924 1.819147 0.083276
v 0.061266 1.806606 0.062525
vn -0.7259 0.6808 0.0974
vn 0.2011 0.1290 0.9710
vn 0.2015 -0.1112 0.9731
vn 0.3832 -0.1063 0.9175
vn 0.3623 0.2591 0.8953
vn 0.6765 0.3738 -0.6345
vn 0.6783 0.3691 -0.6353
vn 0.7069 0.0047 -0.7073
vn 0.7065 0.0030 -0.7077
vn -0.0206 -0.9873 -0.1575
vn -0.0409 -0.9903 -0.1325
vn -0.0506 -0.9908 -0.1255
vn -0.7042 -0.7084 0.0488
vn -0.7303 -0.6812 0.0517
vn 0.2010 -0.1342 0.9704
vn 0.3790 -0.1366 0.9153
vn 0.5440 -0.1342 0.8283
vn 0.5502 -0.1032 0.8287
vn 0.5206 0.1841 0.8337
vn 0.5565 -0.0675 0.8281
vn -0.5308 0.2552 -0.8081
vn -0.3659 0.2933 -0.8832
vn -0.0426 0.9989 0.0219
vn -0.0495 0.9969 0.0603
vn -0.4978 0.4217 -0.7579
vn -0.1980 0.2161 -0.9561
vn -0.2008 0.1398 -0.9696
vn -0.3787 0.1422 -0.9145
vn -0.5436 0.1398 -0.8276
vt 0.633841 0.347399
vt 0.471225 0.294830
vt 0.141421 0.141421
vt 0.005342 0.005342
vt 0.479673 0.235086
vt 0.520929 0.877093
vt 0.508721 0.866773
vt 0.523003 0.865067
vt 0.523896 0.876794
vt 1.000000 0.872375
vt 0.859999 0.770025
vt 1.000000 0.861954
vt 0.872375 0.872375
vt 0.886242 0.859306
vt 1.000000 0.859179
vt 1.000000 0.877759
vt 0.935411 0.877122
vt 1.000000 0.492334
vt 0.877759 0.877759
vt 0.859179 0.859179
vt 1.000000 0.409248
vt 0.409248 0.409248
vt 0.426501 0.000000
vt 0.513660 0.000000
vt 0.492334 0.492334
vt 0.461804 0.000000
vt 0.556203 0.000000
vt 0.513660 0.513660
vt 0.426501 0.426501
vt 1.000000 0.899288
vt 0.556203 0.556203
vt 0.461804 0.461804
vt 1.000000 0.877858
vt 1.000000 0.882775
vt 0.929532 0.890226
vt 0.899288 0.899288
vt 0.877858 0.877858
vt 0.919646 0.865334
vt 1.000000 0.856843
vt 0.856843 0.856843
vt 1.000000 0.851166
vt 1.000000 0.878049
vt 0.882775 0.882775
vt 1.000000 0.184536
vt 0.878049 0.878049
vt 0.851166 0.851166
vt 1.000000 0.006827
vt 0.511752 0.862207
vt 0.514479 0.858638
vt 0.522240 0.857421
vt 0.508721 0.866773
vt 0.538063 0.857060
vt 0.538354 0.864317
vt 0.526569 0.857297
vt 0.534882 0.857078
vt 0.536211 0.876497
vt 0.538352 0.870697
vt 0.536837 0.887443
vt 0.524540 0.887447
vt 0.525622 0.880868
vt 0.534596 0.880724
vt 0.535691 0.884062
vt 0.520230 0.887806
vt 0.524261 0.882442
vt 0.524092 0.879672
vt 0.535724 0.877846
vt 0.534596 0.880724
vt 0.512679 0.896233
vt 0.525019 0.903507
vt 0.519000 0.903709
vt 0.516462 0.901478
vt 0.536837 0.887443
vt 0.537968 0.890693
vt 0.537552 0.897784
vt 0.537210 0.903423
vt 0.533937 0.903522
vt 0.527900 0.903515
s 0
f 2160/2782/1583 2159/2783/1583 2180/2784/1583 2181/2785/1583 2136/2786/1583
s 1
f 2182/2787/1584 2157/2788/1585 2131/2789/1586 2132/2790/1587
s 0
f 2162/2791/1588 2161/2792/1588 2163/2793/1588
f 2162/2794/1589 2163/2795/1589 2183/2796/1589 2165/2797/1589 2164/2798/1589
f 2166/2799/1590 2165/2800/1590 2183/2801/1590 2167/2802/1590
f 2167/2803/1591 2168/2804/1591 2169/2805/1591 2166/2806/1591
f 2170/2807/1592 2171/2808/1592 2169/2809/1592 2168/2810/1592
f 2172/2811/1593 2171/2812/1593 2170/2813/1593 2173/2814/1593
f 2174/2815/1594 2175/2816/1594 2172/2817/1594 2173/2818/1594 2176/2819/1594 2177/2820/1594
f 2177/2821/1595 2178/2822/1595 2179/2823/1595 2174/2824/1595
f 2180/2825/1596 2179/2826/1596 2178/2827/1596 2181/2828/1596
s 1
f 2155/2829/1597 2152/2830/1597 2153/2831/1598 2131/2789/1586 2157/2832/1585
f 2145/2833/1599 2144/2834/1600 2131/2789/1586 2153/2831/1598 2149/2835/1599 2147/2836/1599
f 2137/2837/1601 2132/2790/1587 2131/2789/1586 2144/2834/1600 2142/2838/1602
f 2141/2839/1603 2133/2840/1604 2135/2841/1605 2138/2842/1606 2139/2843/1607
f 2133/2840/1604 2134/2844/1608 2135/2845/1605
f 2132/2790/1587 2135/2846/1605 2182/2787/1584
f 2135/2846/1605 2132/2790/1587 2137/2847/1601 2138/2848/1606
f 2158/2849/1609 2134/2844/1608 2133/2840/1604 2154/2850/1610 2151/2851/1609 2156/2852/1609
f 2133/2840/1604 2141/2853/1603 2140/2854/1611 2143/2855/1611 2146/2856/1611 2148/2857/1611 2150/2858/1611 2154/2850/1610
o Circle_cell.037
v 0.030190 1.732090 -0.072884
v 0.072884 1.732090 -0.030190
v 0.027857 1.774241 -0.067253
v 0.031254 1.759934 -0.075454
v 0.055958 1.732090 -0.055958
v 0.061138 1.792712 -0.061138
v 0.051634 1.774241 -0.051634
v 0.057931 1.759934 -0.057931
v 0.000674 1.756529 -0.071403
v 0.000684 1.750199 -0.080810
v 0.000678 1.739350 -0.069966
v 0.000689 1.731010 -0.078907
v 0.000829 1.721106 -0.078077
v 0.000898 1.723844 -0.068625
v 0.001052 1.717335 -0.068049
v 0.029951 1.788185 -0.079633
v 0.021299 1.784049 -0.070025
v 0.023568 1.780309 -0.079865
v 0.028087 1.792395 -0.069822
v 0.013741 1.774241 -0.070176
v 0.007922 1.759934 -0.080286
v 0.009310 1.711725 -0.065870
v 0.007905 1.712894 -0.075947
v 0.032050 1.708130 -0.069392
v 0.022650 1.709152 -0.062892
v 0.054640 1.712073 -0.054927
v 0.048034 1.713311 -0.048034
v 0.071703 1.718768 -0.030066
v 0.064004 1.720271 -0.021767
v 0.076375 1.724861 -0.010513
v 0.068375 1.734560 -0.006428
v 0.077165 1.729814 -0.008631
v 0.068474 1.744541 -0.009976
v 0.064127 1.774241 -0.032616
v 0.063823 1.800940 -0.058377
v 0.066056 1.792712 -0.053650
v 0.057350 1.802505 -0.050200
v 0.075086 1.755949 -0.031102
v 0.066570 1.765372 -0.027574
v 0.060309 1.807121 -0.063209
v 0.053969 1.808506 -0.055887
v 0.038047 1.792712 -0.076305
v 0.065957 1.722381 -0.013189
v 0.075224 1.722448 -0.015127
v 0.000674 1.756529 -0.071403
v 0.000678 1.739350 -0.069966
v 0.000689 1.731010 -0.078907
v 0.000829 1.721106 -0.078077
v 0.000898 1.723844 -0.068625
v 0.001052 1.717335 -0.068049
v 0.021299 1.784049 -0.070025
v 0.028087 1.792395 -0.069822
v 0.029951 1.788185 -0.079633
v 0.023568 1.780309 -0.079865
v 0.013741 1.774241 -0.070176
v 0.007922 1.759934 -0.080286
v 0.009310 1.711725 -0.065870
v 0.022650 1.709152 -0.062892
v 0.032050 1.708130 -0.069392
v 0.054640 1.712073 -0.054927
v 0.064127 1.774241 -0.032616
v 0.066570 1.765372 -0.027574
v 0.068474 1.744541 -0.009976
v 0.063823 1.800940 -0.058377
v 0.066056 1.792712 -0.053650
v 0.057350 1.802505 -0.050200
v 0.060309 1.807121 -0.063209
v 0.038047 1.792712 -0.076305
v 0.064004 1.720271 -0.021767
v 0.065957 1.722381 -0.013189
v 0.076375 1.724861 -0.010513
v 0.075224 1.722448 -0.015127
v 0.000684 1.750199 -0.080810
v 0.007905 1.712894 -0.075947
v 0.048034 1.713311 -0.048034
v 0.071703 1.718768 -0.030066
v 0.068375 1.734560 -0.006428
v 0.077165 1.729814 -0.008631
v 0.075086 1.755949 -0.031102
v 0.053969 1.808506 -0.055887
vn -1.0000 -0.0003 -0.0008
vn -0.9999 -0.0132 0.0112
vn -0.9997 -0.0224 0.0139
vn -0.7107 0.5874 -0.3871
vn -0.7301 0.5666 -0.3821
vn -0.1692 -0.9814 -0.0903
vn -0.6426 -0.7545 -0.1333
vn 0.0371 -0.9772 0.2092
vn 0.0531 -0.9728 0.2255
vn -0.1150 -0.4646 0.8780
vn 0.0389 -0.3604 0.9320
vn 0.3835 0.3060 0.8714
vn 0.7312 0.4778 0.4869
vn 0.6214 0.6830 0.3837
vn -0.3031 0.8535 -0.4238
vn 0.0545 -0.9724 0.2267
vn 0.0988 -0.8918 0.4416
vn 0.4069 -0.0898 -0.9091
vn 0.3785 -0.0955 -0.9207
vn 0.7044 -0.0909 -0.7039
vn 0.6860 -0.0817 -0.7230
vn 0.2194 -0.0999 -0.9705
vn 0.2108 -0.0986 -0.9725
vn 0.2021 -0.0973 -0.9745
vn 0.2018 -0.1083 -0.9734
vn 0.3816 -0.1174 -0.9168
vn 0.6986 -0.1186 -0.7056
vn 0.9200 -0.0920 -0.3811
vn 0.9078 -0.0838 -0.4110
vn 0.8708 -0.1086 -0.4794
vn 0.9748 -0.0889 -0.2046
vn 0.5339 -0.1247 -0.8363
vn 0.6972 -0.1063 -0.7090
vn 0.4456 -0.1342 -0.8851
vn 0.2010 -0.1342 -0.9704
vn 0.6458 -0.0820 -0.7590
vn 0.8209 -0.1121 -0.5600
vn 0.8074 -0.0668 -0.5862
vn -0.7006 0.1172 0.7039
vn -0.8373 0.1083 0.5360
vn -0.8179 0.1370 0.5588
vn -0.6678 0.1382 0.7314
vn -0.6868 0.0947 0.7207
vn -0.9194 0.0901 0.3828
vn -0.8773 0.0933 0.4708
vn -0.9760 0.0816 0.2021
vn -0.2018 0.0988 0.9744
vn -0.3789 0.1138 0.9184
vn -0.4585 0.1377 0.8780
vn -0.2008 0.1398 0.9696
vn -0.3690 0.0872 0.9253
vn -0.2021 0.0816 0.9760
vn 0.9752 -0.0837 -0.2051
vt 1.000000 0.261451
vt 0.439962 0.439962
vt 0.366022 0.366022
vt 1.000000 0.166874
vt 0.166874 0.166874
vt 0.176869 0.000000
vt 0.277542 0.000000
vt 0.261451 0.261451
vt 0.200341 0.000000
vt 0.314579 0.000000
vt 0.277542 0.277542
vt 1.000000 0.698118
vt 0.249761 0.000000
vt 0.293405 0.000000
vt 1.000000 0.657334
vt 1.000000 0.358426
vt 1.000000 0.431116
vt 0.818752 0.594023
vt 0.698118 0.698118
vt 0.657334 0.657334
vt 0.906995 0.441075
vt 0.909289 0.000000
vt 0.949531 0.000000
vt 1.000000 0.153212
vt 1.000000 0.291937
vt 0.286487 0.286487
vt 1.000000 0.685421
vt 1.000000 0.799659
vt 0.545833 0.545833
vt 0.050469 0.000000
vt 0.090711 0.000000
vt 1.000000 0.782245
vt 1.000000 0.813013
vt 0.813013 0.813013
vt 0.782805 0.776801
vt 0.905423 0.000000
vt 0.924409 0.097645
vt 1.000000 0.074082
vt 1.000000 0.219616
vt 0.468317 0.000000
vt 0.187061 0.000000
vt 0.219616 0.219616
vt 0.074082 0.074082
vt 1.000000 0.075911
vt 1.000000 0.224625
vt 0.445853 0.000000
vt 0.510384 0.465937
vt 0.224625 0.224625
vt 0.078757 0.078316
vt 0.459387 0.400974
vt 0.892164 0.782090
vt 1.000000 0.877814
vt 1.000000 0.897728
vt 0.626509 0.569137
vt 1.000000 0.401220
vt 0.897728 0.897728
vt 0.877814 0.877814
vt 1.000000 0.287346
vt 1.000000 0.706595
vt 0.982777 0.738845
vt 0.392100 0.392100
vt 0.286656 0.286656
vt 0.814020 0.592864
vt 1.000000 0.054221
vt 0.983361 0.092615
vt 0.368945 0.000000
vt 0.640136 0.000000
vt 1.000000 0.178996
vt 0.640136 0.640136
vt 0.368945 0.368945
vt 0.637821 0.811037
vt 0.640137 0.830118
vt 0.616268 0.830147
vt 0.614867 0.814679
vt 0.664297 0.819749
vt 0.665911 0.829039
vt 0.637821 0.811037
vt 0.659477 0.813960
vt 0.665911 0.829039
vt 0.664685 0.848545
vt 0.659502 0.855362
vt 0.638855 0.853214
vt 0.614951 0.850584
vt 0.614709 0.814709
vt 0.594374 0.829965
vt 0.593679 0.820226
vt 0.593642 0.845868
vt 0.581156 0.830080
vt 0.593642 0.845868
vt 0.629716 0.878033
vt 0.610995 0.873025
vt 0.634328 0.876521
vt 0.659502 0.855362
vt 0.643122 0.871232
vt 0.634328 0.876520
vt 0.608597 0.880892
vt 0.595265 0.848691
vt 0.605632 0.871871
vt 0.607185 0.877463
vt 0.608397 0.880664
vt 0.588642 0.923290
vt 0.578351 0.917635
vt 0.594373 0.907682
vt 0.598459 0.906286
vt 0.578351 0.917635
vt 0.572324 0.944326
vt 0.564193 0.936249
vt 0.573909 0.919448
vt 0.559062 0.931895
vt 0.559289 0.925456
vt 0.562394 0.924055
vt 0.562750 0.935115
vt 0.606367 0.938661
vt 0.600919 0.932621
vt 0.608910 0.924117
vt 0.608349 0.931147
vt 0.579867 0.953034
vt 0.604892 0.949138
vt 0.598458 0.953784
vt 0.592604 0.957916
vt 0.590134 0.959634
vt 0.586315 0.958819
vt 0.579764 0.828476
vt 0.580711 0.824954
vt 0.583673 0.823186
vt 0.593439 0.820287
vt 0.608626 0.923561
vt 0.599491 0.906287
s 0
f 2229/2859/1612 2228/2860/1612 2256/2861/1612 2230/2862/1612
f 2230/2863/1613 2231/2864/1613 2232/2865/1613 2229/2866/1613
f 2231/2867/1614 2233/2868/1614 2232/2869/1614
f 2234/2870/1615 2235/2871/1615 2236/2872/1615 2237/2873/1615
f 2256/2874/1616 2228/2875/1616 2238/2876/1616 2234/2877/1616 2237/2878/1616 2239/2879/1616
f 2242/2880/1617 2241/2881/1617 2240/2882/1617 2257/2883/1617
f 2240/2884/1618 2233/2885/1618 2231/2886/1618 2257/2887/1618
f 2241/2888/1619 2242/2889/1619 2243/2890/1619 2210/2891/1619
f 2210/2892/1620 2243/2893/1620 2259/2894/1620 2252/2895/1620
f 2254/2896/1621 2260/2897/1621 2253/2898/1621
f 2261/2899/1622 2260/2900/1622 2254/2901/1622
f 2261/2902/1623 2246/2903/1623 2260/2904/1623
f 2245/2905/1624 2246/2906/1624 2261/2907/1624 2221/2908/1624 2248/2909/1624 2247/2910/1624 2249/2911/1624 2244/2912/1624
f 2263/2913/1625 2249/2914/1625 2247/2915/1625 2250/2916/1625
f 2236/2917/1626 2235/2918/1626 2263/2919/1626 2250/2920/1626 2251/2921/1626
f 2252/2922/1627 2259/2923/1627 2255/2924/1627 2253/2925/1627
f 2254/2926/1628 2253/2927/1628 2255/2928/1628
s 1
f 2207/2929/1629 2184/2930/1630 2188/2931/1631 2209/2932/1632
f 2196/2933/1633 2195/2934/1634 2184/2930/1630 2207/2935/1629 2206/2936/1633
f 2195/2937/1634 2193/2938/1635 2204/2939/1636 2187/2940/1637 2184/2930/1630
f 2184/2930/1630 2187/2940/1637 2191/2941/1638 2188/2931/1631
f 2209/2942/1632 2188/2931/1631 2185/2943/1639 2211/2944/1640
f 2262/2945/1641 2185/2943/1639 2188/2931/1631 2191/2941/1638
f 2215/2946/1642 2185/2943/1639 2262/2947/1641
f 2225/2948/1643 2189/2949/1644 2191/2941/1638 2187/2940/1637 2199/2950/1645
f 2187/2940/1637 2204/2951/1636 2201/2952/1646 2199/2953/1645
f 2223/2954/1647 2189/2949/1644 2225/2948/1643
f 2262/2955/1641 2191/2941/1638 2189/2949/1644 2219/2956/1648
f 2218/2957/1649 2219/2956/1648 2189/2949/1644 2223/2958/1647
f 2190/2959/1650 2217/2960/1651 2220/2961/1652 2224/2962/1653
f 2217/2963/1651 2190/2959/1650 2258/2964/1654 2212/2965/1655 2222/2966/1656
f 2226/2967/1657 2214/2968/1657 2216/2969/1657 2222/2966/1656 2212/2970/1655
f 2203/2971/1658 2186/2972/1659 2202/2973/1660 2200/2974/1661
f 2208/2975/1662 2186/2972/1659 2203/2971/1658 2192/2976/1663 2194/2977/1663 2197/2978/1663 2198/2979/1663 2205/2980/1663
f 2258/2964/1654 2190/2959/1650 2186/2972/1659 2208/2975/1662
f 2215/2981/1642 2213/2982/1664 2227/2983/1664 2211/2984/1640 2185/2943/1639
f 2202/2985/1660 2186/2972/1659 2190/2959/1650 2224/2986/1653
o Circle_cell.038
v 0.088512 0.147894 -0.213686
v 0.005783 0.416346 -0.006928
v 0.001309 0.432667 -0.016088
v 0.000670 0.420177 -0.002807
v 0.122796 0.261968 -0.296455
v 0.109280 0.204931 -0.263825
v 0.165218 0.244458 -0.255847
v 0.166261 0.238705 -0.250975
v 0.161449 0.261968 -0.271065
v 0.142524 0.333725 -0.322056
v 0.146683 0.321384 -0.316241
v 0.056814 0.261968 -0.310120
v 0.001225 0.220406 -0.295816
v 0.131714 0.321384 -0.324889
v 0.001032 0.215758 -0.292969
v 0.000734 0.202312 -0.283806
v 0.000763 0.186374 -0.268588
v 0.049209 0.147894 -0.120092
v 0.022169 0.147894 -0.227426
v 0.099910 0.147894 -0.150478
v 0.125531 0.147894 -0.189370
v 0.154921 0.204931 -0.233845
v 0.165218 0.244458 -0.255847
v 0.166261 0.238705 -0.250975
v 0.161449 0.261968 -0.271065
v 0.146683 0.321384 -0.316241
v 0.142524 0.333725 -0.322056
v 0.056814 0.261968 -0.310120
v 0.131714 0.321384 -0.324889
v 0.001225 0.220406 -0.295816
v 0.001032 0.215758 -0.292969
v 0.000734 0.202312 -0.283806
v 0.000763 0.186374 -0.268588
v 0.022169 0.147894 -0.227426
v 0.049209 0.147894 -0.120092
v 0.154921 0.204931 -0.233845
v 0.099910 0.147894 -0.150478
v 0.125531 0.147894 -0.189370
vn 0.7400 0.4719 0.4793
vn 0.8723 0.3983 0.2836
vn 0.8687 0.4180 0.2658
vn -0.6006 0.6370 -0.4832
vn -0.9994 0.0285 -0.0213
vn -0.9998 0.0144 -0.0114
vn -1.0000 -0.0012 0.0007
vn -0.9342 -0.2679 0.2354
vn 0.4680 -0.2779 0.8389
vn 0.4952 -0.2682 0.8263
vn 0.8351 -0.0014 0.5501
vn 0.1041 -0.8582 -0.5026
vn 0.1655 -0.9016 -0.3996
vn 0.2189 -0.9171 -0.3332
vn -0.0000 -1.0000 -0.0000
vn 0.4139 -0.3918 -0.8217
vn 0.3324 -0.4885 -0.8067
vn 0.1744 -0.5064 -0.8445
vn 0.4731 -0.4948 -0.7289
vn 0.4851 -0.3732 -0.7908
vn 0.4865 -0.2328 -0.8421
vn 0.3044 -0.6058 -0.7351
vn 0.4691 -0.5197 -0.7141
vn 0.4374 -0.6043 -0.6659
vn 0.1719 -0.5249 -0.8336
vn 0.1615 -0.6024 -0.7817
vn 0.1482 -0.6828 -0.7154
vt 0.000000 0.000000
vt 1.000000 0.000000
vt 1.000000 1.000000
vt 0.592659 0.000000
vt 1.000000 0.404508
vt 0.923484 0.074511
vt 1.000000 0.035595
vt 0.404508 0.404508
vt 0.525199 0.324066
vt 0.035595 0.035595
vt 0.109365 0.044137
vt 0.620580 0.188856
vt 1.000000 0.304576
vt 0.304576 0.304576
vt 0.301693 0.000000
vt 0.301693 0.301693
vt 1.000000 0.323993
vt 0.323993 0.323993
vt 1.000000 0.275028
vt 0.275028 0.275028
vt 0.528602 0.155988
vt 1.000000 0.156339
vt 0.158217 0.000000
vt 1.000000 0.156492
vt 0.158217 0.158217
vt 1.000000 0.407341
vt 0.156492 0.156492
vt 0.302131 0.147493
vt 0.762102 0.309361
vt 0.810789 0.019259
vt 0.829414 0.037885
vt 0.836254 0.053688
vt 0.831520 0.042750
vt 0.818380 0.026850
vt 0.523119 0.077628
vt 0.514764 0.059359
vt 0.534119 0.048737
vt 0.502120 0.064751
vt 0.519218 0.079106
vt 0.523412 0.078386
vt 0.522187 0.081945
vt 0.505042 0.040612
vt 0.496202 0.060550
vt 0.494330 0.059132
vt 0.489423 0.047883
vt 0.540233 0.026054
vt 0.536560 0.020852
vt 0.539149 0.024479
vt 0.491947 0.017675
vt 0.511870 0.004501
vt 0.530621 0.014154
vt 0.477831 0.024491
s 0
f 2267/2987/1665 2265/2988/1665 2266/2989/1665
f 2266/2989/1666 2265/2987/1666 2287/2990/1666 2286/2991/1666
f 2289/2992/1667 2290/2993/1667 2266/2989/1667 2286/2994/1667 2288/2995/1667
f 2266/2989/1668 2290/2996/1668 2292/2997/1668 2291/2998/1668 2293/2999/1668
f 2266/2989/1669 2293/3000/1669 2294/3001/1669 2267/2988/1669
f 2267/2989/1670 2294/3002/1670 2295/3003/1670
f 2267/2989/1671 2295/3004/1671 2296/3005/1671
f 2267/2989/1672 2296/3006/1672 2297/3007/1672 2298/3008/1672
f 2298/3009/1673 2265/2988/1673 2267/2989/1673
f 2300/3010/1674 2265/2989/1674 2298/3011/1674
f 2287/3012/1675 2265/2989/1675 2300/3013/1675 2301/3014/1675 2299/3015/1675
s 1
f 2282/3016/1676 2264/3017/1677 2284/3018/1678 2283/3019/1679 2281/3020/1679
f 2277/3021/1680 2268/3022/1681 2275/3023/1682
f 2272/3024/1683 2268/3022/1681 2277/3021/1680 2274/3025/1684
f 2274/3025/1684 2277/3026/1680 2273/3027/1685
f 2269/3028/1686 2268/3022/1681 2272/3024/1683 2270/3029/1687 2271/3030/1687 2285/3031/1688
f 2276/3032/1689 2275/3023/1682 2268/3022/1681 2269/3028/1686 2279/3033/1690 2278/3034/1689
f 2269/3028/1686 2264/3035/1677 2282/3036/1676 2280/3037/1691 2279/3033/1690
f 2264/3035/1677 2269/3028/1686 2285/3031/1688 2284/3038/1678
o Circle_cell.039
v -0.029462 1.761699 0.070593
v -0.030190 1.732090 0.072884
v -0.035338 1.759934 0.072772
v -0.041718 1.754468 0.067939
v -0.027184 1.760663 0.066258
v -0.035675 1.753518 0.060089
v -0.036793 1.723772 0.056442
v -0.042426 1.732090 0.064847
v -0.041867 1.721275 0.064189
v -0.040277 1.694776 0.062722
v -0.035130 1.696709 0.054885
v -0.025371 1.696236 0.061250
v -0.029021 1.694230 0.070064
v -0.015304 1.694747 0.072946
v -0.013403 1.696686 0.063766
v 0.008835 1.719432 0.076283
v 0.011949 1.719400 0.065965
v -0.000000 1.727979 0.078804
v -0.003753 1.732090 0.078359
v -0.014087 1.743340 0.077347
v -0.000000 1.730951 0.069405
v -0.011891 1.743963 0.068029
v -0.029360 1.759934 0.075846
v -0.005207 1.698498 0.075341
v -0.004623 1.699948 0.065857
v 0.013617 1.706230 0.074225
v 0.011763 1.706670 0.064940
v -0.000000 1.700439 0.076576
v -0.000000 1.701670 0.066958
v 0.014003 1.714182 0.074788
v -0.035338 1.759934 0.072772
v -0.041718 1.754468 0.067939
v -0.029462 1.761699 0.070593
v -0.027184 1.760663 0.066258
v -0.042426 1.732090 0.064847
v -0.041867 1.721275 0.064189
v -0.036793 1.723772 0.056442
v -0.035130 1.696709 0.054885
v -0.040277 1.694776 0.062722
v -0.029021 1.694230 0.070064
v -0.025371 1.696236 0.061250
v -0.013403 1.696686 0.063766
v -0.015304 1.694747 0.072946
v 0.011949 1.719400 0.065965
v -0.000000 1.730951 0.069405
v -0.011891 1.743963 0.068029
v -0.003753 1.732090 0.078359
v -0.014087 1.743340 0.077347
v -0.000000 1.727979 0.078804
v 0.008835 1.719432 0.076283
v -0.029360 1.759934 0.075846
v -0.005207 1.698498 0.075341
v -0.004623 1.699948 0.065857
v 0.013617 1.706230 0.074225
v -0.000000 1.700439 0.076576
v -0.000000 1.701670 0.066958
v 0.011763 1.706670 0.064940
v -0.035675 1.753518 0.060089
v 0.014003 1.714182 0.074788
vn -0.1631 0.9343 0.3170
vn -0.3977 0.8230 -0.4057
vn -0.7884 0.0877 -0.6088
vn -0.8335 -0.0195 -0.5521
vn 0.0770 -0.9786 -0.1908
vn 0.7258 0.6528 0.2170
vn 0.7101 0.6714 0.2122
vn 0.7094 0.6721 0.2121
vn 0.3704 -0.9214 -0.1180
vn 0.3713 -0.9210 -0.1179
vn 0.9767 -0.0106 -0.2142
vn -0.3812 -0.0804 0.9210
vn -0.3856 -0.0890 0.9184
vn -0.5469 -0.0880 0.8326
vn -0.5473 -0.0790 0.8332
vn -0.0493 -0.0805 0.9955
vn -0.1020 -0.0802 0.9915
vn -0.2159 -0.0832 0.9729
vn -0.2022 -0.0790 0.9762
vn -0.3887 -0.0973 0.9162
vn -0.2539 -0.0948 0.9626
vn -0.5464 -0.0977 0.8318
vn 0.2022 -0.0790 0.9762
vn 0.0912 0.0797 -0.9926
vn 0.4110 0.0999 -0.9061
vn 0.3647 0.0975 -0.9260
vn 0.0175 0.0808 -0.9966
vn -0.0206 0.0813 -0.9965
vn 0.6872 0.1091 -0.7183
vn -0.2021 0.0816 -0.9760
vt 0.985102 0.000000
vt 1.000000 0.000000
vt 1.000000 0.133924
vt 0.133924 0.133924
vt 0.093836 0.013175
vt 1.000000 0.577006
vt 1.000000 0.671314
vt 0.691888 0.691888
vt 0.603809 0.603809
vt 0.131441 0.000000
vt 0.150009 0.000000
vt 0.335352 0.236986
vt 1.000000 0.125877
vt 1.000000 0.144700
vt 0.150009 0.150009
vt 0.131441 0.131441
vt 0.144700 0.144700
vt 0.125877 0.125877
vt 0.141210 0.066706
vt 0.147300 0.000000
vt 0.169365 0.000000
vt 0.162388 0.076461
vt 1.000000 0.002561
vt 1.000000 0.031710
vt 0.970062 0.000000
vt 0.478282 0.072966
vt 1.000000 0.137529
vt 1.000000 0.160423
vt 0.548463 0.104108
vt 0.383682 0.083742
vt 0.031710 0.031710
vt 0.002561 0.002561
vt 0.925941 0.000000
vt 0.945320 0.024263
vt 0.160423 0.160423
vt 0.137529 0.137529
vt 0.175132 0.000000
vt 0.169365 0.169365
vt 0.147300 0.147300
vt 0.152336 0.000000
vt 0.190626 0.190626
vt 0.772004 0.642480
vt 1.000000 0.824868
vt 1.000000 0.847664
vt 0.797591 0.685734
vt 0.295367 0.295367
vt 0.626704 0.626704
vt 0.242822 0.000000
vt 0.376242 0.000000
vt 0.969890 0.969890
vt 0.480701 0.817567
vt 0.486162 0.840111
vt 0.478455 0.842092
vt 0.476987 0.835629
vt 0.473405 0.819792
vt 0.498669 0.817583
vt 0.502142 0.834259
vt 0.500609 0.837166
vt 0.480701 0.817567
vt 0.489403 0.815912
vt 0.495573 0.816990
vt 0.489462 0.854356
vt 0.496297 0.844098
vt 0.490418 0.854170
vt 0.478455 0.842092
vt 0.487090 0.854967
vt 0.481137 0.852604
vt 0.507054 0.819866
vt 0.506971 0.826737
vt 0.506002 0.828289
vt 0.502142 0.834259
vt 0.498669 0.817583
vt 0.510399 0.935293
vt 0.506953 0.935858
vt 0.502314 0.912839
vt 0.502374 0.912780
vt 0.509001 0.917992
vt 0.514396 0.921999
vt 0.515303 0.932737
vt 0.513426 0.933664
vt 0.500306 0.927190
vt 0.498813 0.916375
vt 0.502945 0.936700
vt 0.520007 0.926107
vt 0.520012 0.930657
s 0
f 2352/3039/1692 2334/3040/1692 2332/3041/1692
f 2332/3042/1693 2334/3043/1693 2359/3044/1693 2333/3045/1693
f 2333/3046/1694 2359/3047/1694 2338/3048/1694 2337/3049/1694 2336/3050/1694
f 2339/3051/1695 2340/3052/1695 2337/3053/1695 2338/3054/1695
f 2340/3055/1696 2339/3056/1696 2342/3057/1696 2343/3058/1696 2344/3059/1696 2341/3060/1696
f 2345/3061/1697 2351/3062/1697 2360/3063/1697
f 2346/3064/1698 2347/3065/1698 2349/3066/1698 2348/3067/1698 2350/3068/1698 2351/3069/1698 2345/3070/1698
f 2335/3071/1699 2334/3040/1699 2352/3072/1699 2349/3073/1699 2347/3074/1699
f 2353/3075/1700 2344/3076/1700 2343/3077/1700 2354/3078/1700
f 2355/3079/1701 2356/3080/1701 2353/3081/1701 2354/3082/1701 2357/3083/1701 2358/3084/1701
f 2360/3085/1702 2355/3086/1702 2358/3087/1702 2345/3088/1702
s 1
f 2314/3089/1703 2303/3090/1704 2309/3091/1705 2310/3092/1706 2311/3093/1706
f 2329/3094/1707 2319/3095/1708 2320/3096/1709 2303/3090/1704 2314/3097/1703 2315/3098/1710 2325/3099/1710
f 2304/3100/1711 2303/3090/1704 2320/3096/1709 2321/3101/1712 2324/3102/1712
f 2309/3103/1705 2303/3090/1704 2304/3104/1711 2305/3105/1713
f 2327/3106/1714 2331/3107/1714 2317/3108/1714 2319/3109/1708 2329/3110/1707
f 2316/3111/1715 2313/3112/1716 2302/3113/1717 2306/3114/1715 2323/3115/1715 2322/3116/1718 2330/3117/1719 2326/3118/1715
f 2308/3119/1720 2307/3120/1720 2302/3113/1717 2313/3112/1716 2312/3121/1720
f 2322/3116/1718 2318/3122/1721 2328/3123/1721 2330/3117/1719
o Circle_cell.040
v -0.000739 1.382619 -0.001621
v -0.047880 1.523028 -0.043167
v 0.024573 1.391545 -0.059324
v 0.021480 1.412094 -0.051857
v -0.000000 1.412094 -0.056306
v -0.011333 1.412094 -0.017640
v -0.021868 1.448267 -0.052794
v -0.031014 1.466850 -0.047399
v -0.000000 1.403496 -0.064750
v 0.005107 1.391545 -0.063356
v -0.005355 1.412094 -0.055197
v -0.025297 1.458909 -0.061071
v -0.035915 1.480484 -0.054809
v -0.010635 1.412094 -0.010343
v -0.041625 1.503162 -0.041625
v -0.043414 1.509725 -0.039231
v -0.048152 1.522361 -0.048152
v -0.042534 1.524965 -0.041334
v -0.043647 1.524862 -0.051193
v -0.038698 1.524699 -0.054439
v -0.036535 1.525213 -0.045694
v -0.025994 1.523865 -0.062756
v 0.025276 1.346390 -0.061022
v -0.010062 1.412094 -0.005371
v -0.046310 1.520799 -0.035377
v 0.033802 1.378271 -0.053897
v -0.000810 1.412094 -0.001527
v 0.035174 1.502686 -0.056028
v 0.033507 1.391545 -0.053456
v 0.029126 1.412094 -0.046835
v 0.030527 1.505687 -0.048997
v -0.022683 1.524204 -0.054760
v -0.000000 1.523074 -0.059426
v -0.000000 1.522628 -0.068105
v 0.030715 1.522382 -0.049424
v 0.035389 1.521834 -0.056518
v 0.022663 1.522426 -0.054714
v 0.025973 1.521886 -0.062704
v -0.011333 1.412094 -0.017640
v -0.005355 1.412094 -0.055197
v -0.021868 1.448267 -0.052794
v -0.031014 1.466850 -0.047399
v -0.025297 1.458909 -0.061071
v -0.035915 1.480484 -0.054809
v -0.000000 1.403496 -0.064750
v 0.005107 1.391545 -0.063356
v -0.010635 1.412094 -0.010343
v -0.041625 1.503162 -0.041625
v -0.043414 1.509725 -0.039231
v -0.048152 1.522361 -0.048152
v -0.043647 1.524862 -0.051193
v -0.038698 1.524699 -0.054439
v -0.025994 1.523865 -0.062756
v -0.010062 1.412094 -0.005371
v -0.046310 1.520799 -0.035377
v -0.000810 1.412094 -0.001527
v 0.029126 1.412094 -0.046835
v 0.033802 1.378271 -0.053897
v 0.033507 1.391545 -0.053456
v 0.035174 1.502686 -0.056028
v 0.030527 1.505687 -0.048997
v -0.042534 1.524965 -0.041334
v -0.036535 1.525213 -0.045694
v -0.022683 1.524204 -0.054760
v -0.000000 1.523074 -0.059426
v 0.022663 1.522426 -0.054714
v 0.030715 1.522382 -0.049424
v 0.035389 1.521834 -0.056518
v 0.025973 1.521886 -0.062704
v -0.000000 1.522628 -0.068105
v 0.025276 1.346390 -0.061022
vn -0.9025 -0.4059 -0.1442
vn -0.9519 -0.2926 0.0911
vn -0.4117 0.9113 -0.0089
vn 0.0242 0.9996 -0.0132
vn -0.0072 0.9984 -0.0568
vn 0.7754 -0.3280 0.5396
vn -0.9516 -0.2870 0.1097
vn 0.8343 0.0002 0.5513
vn -0.3837 -0.0039 0.9234
vn -0.4190 0.8471 0.3269
vn 0.0380 0.9979 -0.0531
vn 0.8352 0.0047 0.5499
vn -0.2612 -0.0278 -0.9649
vn -0.5488 -0.0276 -0.8355
vn -0.3882 -0.0281 -0.9211
vn 0.1482 -0.0278 -0.9886
vn -0.0049 -0.0281 -0.9996
vn 0.3827 0.0063 -0.9239
vn 0.2028 -0.0028 -0.9792
vn 0.3807 -0.0281 -0.9243
vn 0.5488 -0.0276 -0.8355
vn 0.5490 0.0062 -0.8358
vn 0.1439 0.7047 0.6947
vn -0.0000 0.6745 0.7382
vn 0.0050 0.0281 0.9996
vn 0.3902 0.0275 0.9203
vn 0.2616 0.0276 0.9648
vn 0.6804 0.0275 0.7324
vn 0.5907 0.0269 0.8064
vn 0.5514 0.0266 0.8338
vn -0.5488 0.0275 0.8355
vn -0.3807 0.0280 0.9243
vn -0.2815 0.6776 0.6795
vn -0.3831 0.7162 0.5833
vn -0.0000 1.0000 -0.0000
vn 0.8355 0.0275 0.5488
vn 0.3614 0.0407 -0.9315
vn 0.5486 0.0400 -0.8351
vt 0.572215 0.333866
vt 0.823511 0.519021
vt 1.000000 0.600428
vt 1.000000 0.697619
vt 0.795111 0.603101
vt 0.410183 0.319455
vt 0.352084 0.251072
vt 0.095521 0.000000
vt 1.000000 0.000000
vt 1.000000 0.210107
vt 0.209921 0.000000
vt 0.210107 0.210107
vt 0.000000 0.000000
vt 0.858621 0.124846
vt 0.905255 0.000000
vt 1.000000 0.136846
vt 0.995380 0.149212
vt 0.697619 0.697619
vt 0.600428 0.600428
vt 1.000000 0.051567
vt 1.000000 0.282315
vt 0.172836 0.145999
vt 0.282315 0.282315
vt 0.006634 0.000000
vt 0.036320 0.000000
vt 0.036320 0.036320
vt 0.006634 0.006634
vt 0.013209 0.000000
vt 0.058344 0.014096
vt 0.818087 0.000000
vt 0.996825 0.889703
vt 0.779008 0.779008
vt 1.000000 0.790079
vt 1.000000 1.000000
vt 1.000000 0.094745
vt 0.683069 0.000000
vt 1.000000 0.794587
vt 0.874595 0.874595
vt 0.875551 0.783274
vt 0.868525 0.000000
vt 0.885372 0.000000
vt 0.891281 0.659599
vt 0.794587 0.794587
vt 1.000000 0.779008
vt 0.683069 0.683069
vt 1.000000 0.256297
vt 1.000000 0.939233
vt 1.000000 0.986791
vt 0.913086 0.866795
vt 0.653921 0.568167
vt 0.287361 0.175723
vt 0.115609 0.000000
vt 0.132602 0.000000
vt 0.333455 0.205497
vt 0.753547 0.655254
vt 0.114628 0.000000
vt 0.131475 0.000000
vt 0.132602 0.132602
vt 0.115609 0.115609
vt 0.328656 0.687906
vt 0.341376 0.700735
vt 0.359215 0.728358
vt 0.355873 0.730810
vt 0.351818 0.731968
vt 0.341299 0.734648
vt 0.300595 0.653326
vt 0.328656 0.687906
vt 0.338166 0.735505
vt 0.322861 0.739414
vt 0.573151 0.560682
vt 0.588068 0.556045
vt 0.594979 0.564203
vt 0.624852 0.657648
vt 0.603879 0.662457
vt 0.590728 0.649692
vt 0.565100 0.563097
vt 0.595204 0.664586
vt 0.518200 0.999208
vt 0.518566 0.999901
vt 0.497018 0.990069
vt 0.497836 0.985619
vt 0.510881 0.993409
vt 0.499295 0.981817
vt 0.502570 0.984379
vt 0.507669 0.990213
vt 0.498695 0.982939
vt 0.538531 0.983244
vt 0.539219 0.984755
vt 0.519920 0.997132
vt 0.520271 0.996180
vt 0.535789 0.985205
vt 0.540802 0.989229
vt 0.519470 0.988483
vt 0.519116 0.988235
vt 0.517790 0.998434
vt 0.517838 0.998524
vt 0.517877 0.998599
vt 0.518511 0.999796
vt 0.500601 0.981240
vt 0.501808 0.983217
vt 0.499398 0.981720
vt 0.563341 0.527498
vt 0.561779 0.551473
vt 0.563302 0.527891
s 0
f 2400/3124/1722 2401/3125/1722 2402/3126/1722 2404/3127/1722 2403/3128/1722 2405/3129/1722 2406/3130/1722 2383/3131/1722 2361/3132/1722 2399/3133/1722
f 2407/3134/1723 2399/3135/1723 2361/3136/1723
f 2408/3137/1723 2409/3138/1723 2362/3139/1723 2410/3140/1723 2404/3141/1723 2402/3142/1723
f 2362/3136/1724 2422/3143/1724 2411/3144/1724 2410/3145/1724
f 2411/3146/1725 2422/3147/1725 2412/3148/1725
f 2412/3149/1726 2422/3150/1726 2423/3151/1726 2413/3152/1726
f 2418/3153/1727 2361/3132/1727 2383/3154/1727
f 2414/3155/1728 2407/3156/1728 2361/3157/1728
f 2409/3158/1728 2415/3159/1728 2362/3132/1728
f 2416/3160/1729 2361/3157/1729 2418/3161/1729 2419/3162/1729 2420/3163/1729 2421/3164/1729 2417/3165/1729
f 2361/3157/1730 2416/3166/1730 2414/3167/1730
f 2362/3157/1731 2415/3168/1731 2422/3169/1731
f 2413/3170/1732 2423/3171/1732 2424/3172/1732 2425/3173/1732 2426/3174/1732 2427/3175/1732 2428/3176/1732 2429/3177/1732 2430/3178/1732
f 2421/3179/1733 2420/3180/1733 2428/3181/1733 2427/3182/1733
s 1
f 2372/3183/1734 2373/3184/1735 2377/3185/1735 2379/3186/1735 2380/3187/1735 2382/3188/1736
f 2369/3189/1737 2372/3190/1734 2382/3191/1736 2394/3192/1738
f 2363/3193/1739 2370/3194/1740 2369/3195/1737 2394/3196/1738 2398/3197/1741
f 2388/3198/1742 2389/3199/1743 2363/3193/1739 2398/3197/1741 2396/3200/1742
f 2371/3201/1744 2365/3202/1745 2393/3203/1746 2392/3204/1747 2367/3205/1748
f 2378/3206/1749 2375/3207/1750 2368/3208/1751 2367/3205/1748 2392/3204/1747 2381/3209/1751
f 2395/3210/1752 2397/3211/1753 2364/3212/1754 2390/3213/1755 2391/3214/1752
f 2393/3215/1746 2365/3202/1745 2364/3212/1754 2397/3211/1753
f 2390/3216/1755 2364/3217/1754 2365/3202/1745 2371/3201/1744 2366/3218/1756 2374/3219/1756 2384/3220/1756 2387/3221/1756
f 2385/3222/1757 2376/3223/1757 2375/3207/1750 2378/3224/1749
f 2431/3225/1758 2370/3194/1740 2363/3193/1739
f 2363/3193/1739 2389/3199/1743 2386/3226/1759 2431/3227/1758
o Circle_cell.041
v -0.009038 0.811477 -0.001310
v -0.009239 0.667371 -0.001422
v -0.018827 0.626373 -0.003214
v -0.031475 0.602863 -0.005984
v -0.195662 0.616983 -0.039884
v -0.085902 0.595856 -0.017326
v -0.000323 0.805981 -0.001215
v -0.000797 0.698622 -0.001076
v -0.002489 0.687213 -0.001103
v -0.022126 0.761016 -0.107777
v -0.003910 0.681530 -0.016883
v -0.043549 0.590265 -0.017820
v -0.007654 0.655729 -0.004288
v -0.284905 0.728118 -0.118012
v -0.218174 0.872857 -0.090371
v -0.105566 0.799791 -0.254860
v -0.254860 0.799791 -0.105566
v -0.218741 0.728118 -0.218741
v -0.167507 0.872857 -0.167507
v -0.195673 0.799791 -0.195673
v -0.097636 0.790642 -0.260666
v -0.100055 0.799791 -0.256001
v -0.102955 0.812348 -0.248555
v -0.113267 0.872857 -0.203135
v -0.121735 0.907790 -0.174301
v -0.110927 0.768916 -0.267803
v -0.119911 0.751948 -0.270950
v -0.201279 0.920632 -0.040778
v -0.149706 0.917129 -0.149706
v -0.191486 0.923818 -0.079316
v -0.237038 0.854324 -0.048071
v -0.227344 0.872857 -0.046094
v -0.132671 0.728118 -0.275276
v -0.139010 0.715400 -0.276378
v -0.322134 0.653227 -0.065885
v -0.296803 0.728118 -0.060566
v -0.265535 0.799791 -0.054023
v -0.324735 0.642885 -0.066478
v -0.316453 0.653589 -0.092855
v -0.304764 0.667100 -0.126238
v -0.225214 0.702214 -0.225214
v -0.097636 0.790642 -0.260666
v -0.100055 0.799791 -0.256001
v -0.102955 0.812348 -0.248555
v -0.110927 0.768916 -0.267803
v -0.119911 0.751948 -0.270950
v -0.201279 0.920632 -0.040778
v -0.191486 0.923818 -0.079316
v -0.121735 0.907790 -0.174301
v -0.149706 0.917129 -0.149706
v -0.227344 0.872857 -0.046094
v -0.237038 0.854324 -0.048071
v -0.132671 0.728118 -0.275276
v -0.139010 0.715400 -0.276378
v -0.265535 0.799791 -0.054023
v -0.296803 0.728118 -0.060566
v -0.322134 0.653227 -0.065885
v -0.324735 0.642885 -0.066478
v -0.316453 0.653589 -0.092855
v -0.304764 0.667100 -0.126238
v -0.225214 0.702214 -0.225214
v -0.113267 0.872857 -0.203135
vn 0.9821 -0.0046 -0.1885
vn 0.9800 -0.0032 -0.1992
vn 0.8503 0.3995 -0.3426
vn 0.8431 0.4236 -0.3313
vn 0.5284 0.8400 0.1234
vn -0.0100 0.0013 0.9999
vn -0.0201 0.0006 0.9998
vn 0.9885 -0.1465 -0.0363
vn 0.9868 -0.1587 -0.0317
vn 0.8358 -0.3340 -0.4358
vn 0.8225 -0.3361 -0.4588
vn 0.8137 -0.3439 -0.4685
vn 0.8109 -0.3489 -0.4698
vn 0.4556 0.8702 0.1877
vn -0.2008 0.0005 0.9796
vn -0.1816 -0.0005 0.9834
vn -0.0451 -0.0007 0.9990
vn 0.2501 -0.1006 0.9630
vn 0.5288 -0.1709 0.8313
vn -0.2027 -0.0063 0.9792
vn 0.8192 -0.3914 -0.4191
vn 0.8049 -0.3603 -0.4715
vn -0.2024 -0.0011 0.9793
vn -0.2028 -0.0051 0.9792
vn -0.1003 -0.9097 -0.4030
vn -0.1068 -0.9198 -0.3776
vn -0.1292 -0.9553 -0.2659
vn -0.2029 -0.0087 0.9792
vn -0.0760 -0.6431 0.7620
vn -0.9377 0.2883 -0.1941
vn -0.9284 0.3180 -0.1921
vn -0.9482 0.2497 -0.1964
vn -0.8579 0.3713 -0.3553
vn -0.6563 0.3721 -0.6563
vn -0.6850 0.3331 -0.6479
vn -0.8857 0.3320 -0.3247
vn -0.9108 0.3674 -0.1885
vn -0.8797 0.4393 -0.1822
vn -0.8279 0.4439 -0.3429
vn -0.6333 0.4449 -0.6333
vn -0.5088 0.3757 -0.7746
vn -0.5188 0.3270 -0.7899
vn -0.3429 0.4439 -0.8279
vn -0.4665 0.4096 -0.7839
vn -0.5015 0.4071 -0.7634
vn -0.1828 0.4331 -0.8826
vn -0.1852 0.4071 -0.8944
vn -0.4497 0.4737 -0.7572
vn -0.6180 0.4860 -0.6180
vn -0.4827 0.4763 -0.7349
vn -0.4797 0.4865 -0.7302
vn -0.6297 0.4942 -0.5994
vn -0.8080 0.4849 -0.3347
vn -0.8638 0.4709 -0.1789
vn -0.8597 0.4787 -0.1781
vn -0.8555 0.4865 -0.1772
vn -0.8038 0.4931 -0.3328
vt 0.000000 0.000000
vt 1.000000 0.000000
vt 1.000000 1.000000
vt 0.491618 0.000000
vt 0.682331 0.153215
vt 1.000000 0.412351
vt 1.000000 0.578631
vt 0.412351 0.412351
vt 0.783607 0.516631
vt 0.585930 0.000000
vt 1.000000 0.508382
vt 0.644284 0.000000
vt 0.797966 0.215475
vt 0.644284 0.644284
vt 0.653470 0.000000
vt 0.530712 0.000000
vt 1.000000 0.414070
vt 0.876023 0.330243
vt 0.629061 0.112043
vt 0.530713 0.530713
vt 0.474927 0.146730
vt 0.454275 0.000000
vt 0.644283 0.000000
vt 1.000000 0.346530
vt 1.000000 0.242077
vt 0.454275 0.454275
vt 0.603518 0.383187
vt 0.798238 0.305213
vt 0.242077 0.242077
vt 0.422098 0.000000
vt 0.747112 0.000000
vt 0.768159 0.068232
vt 0.794425 0.163045
vt 0.765888 0.465896
vt 0.644283 0.644283
vt 0.252888 0.000000
vt 0.175052 0.290293
vt 0.168568 0.293879
vt 0.173669 0.287713
vt 0.171481 0.317819
vt 0.141125 0.337292
vt 0.136612 0.330400
vt 0.162171 0.302049
vt 0.185855 0.309362
vt 0.162171 0.302049
vt 0.197858 0.329287
vt 0.184173 0.337841
vt 0.185855 0.309362
vt 0.155754 0.357513
vt 0.114674 0.357017
vt 0.113445 0.352571
vt 0.136612 0.330400
vt 0.127696 0.380966
vt 0.120146 0.372097
vt 0.117855 0.365817
vt 0.126219 0.382441
vt 0.122900 0.380853
vt 0.131300 0.384700
vt 0.131300 0.384700
vt 0.173400 0.379716
vt 0.156009 0.395871
vt 0.171366 0.401856
vt 0.156009 0.395871
vt 0.186129 0.394237
vt 0.199460 0.360371
vt 0.208676 0.346084
vt 0.212278 0.351867
vt 0.223724 0.368459
vt 0.212269 0.377927
vt 0.186129 0.394237
s 0
f 2439/3228/1760 2442/3229/1760 2438/3230/1760
f 2442/3228/1761 2441/3229/1761 2438/3230/1761
f 2438/3230/1762 2441/3228/1762 2473/3231/1762 2474/3232/1762 2475/3233/1762
f 2480/3234/1763 2438/3230/1763 2475/3235/1763 2455/3236/1763
f 2432/3229/1764 2438/3230/1764 2480/3237/1764
f 2432/3228/1765 2439/3229/1765 2438/3230/1765
f 2432/3228/1766 2440/3229/1766 2439/3230/1766
f 2440/3228/1767 2442/3229/1767 2439/3230/1767
f 2440/3228/1768 2444/3229/1768 2442/3230/1768
f 2444/3228/1769 2434/3229/1769 2442/3230/1769
f 2434/3228/1770 2441/3229/1770 2442/3230/1770
f 2473/3238/1771 2441/3230/1771 2434/3228/1771 2477/3239/1771 2476/3240/1771
f 2477/3241/1772 2434/3228/1772 2484/3242/1772
f 2478/3243/1773 2432/3229/1773 2480/3244/1773 2481/3245/1773 2479/3246/1773
f 2434/3229/1774 2432/3230/1774 2478/3247/1774 2482/3248/1774 2483/3249/1774
f 2434/3228/1775 2433/3229/1775 2432/3230/1775
f 2433/3228/1776 2440/3229/1776 2432/3230/1776
f 2433/3228/1777 2434/3229/1777 2440/3230/1777
f 2434/3228/1778 2444/3229/1778 2440/3230/1778
f 2436/3228/1779 2435/3229/1779 2434/3230/1779
f 2435/3228/1780 2443/3229/1780 2434/3230/1780
f 2485/3250/1781 2484/3251/1781 2434/3230/1781 2443/3228/1781
f 2488/3252/1782 2434/3230/1782 2483/3253/1782 2486/3254/1782 2487/3255/1782
f 2436/3229/1783 2434/3230/1783 2488/3256/1783 2489/3257/1783
f 2443/3228/1784 2489/3258/1784 2490/3259/1784 2491/3260/1784 2492/3261/1784 2485/3262/1784
f 2489/3263/1785 2443/3229/1785 2436/3230/1785
f 2443/3228/1786 2437/3229/1786 2436/3230/1786
f 2437/3228/1787 2435/3229/1787 2436/3230/1787
f 2437/3228/1788 2443/3229/1788 2435/3230/1788
s 1
f 2466/3264/1789 2470/3265/1790 2469/3266/1791
f 2445/3267/1792 2449/3268/1793 2472/3269/1794 2471/3270/1795
f 2467/3271/1796 2445/3267/1792 2471/3272/1795 2470/3265/1790 2466/3264/1789
f 2468/3273/1797 2448/3274/1798 2445/3267/1792 2467/3275/1796
f 2445/3267/1792 2448/3274/1798 2451/3276/1799 2449/3268/1793
f 2449/3268/1793 2464/3277/1800 2465/3278/1801 2472/3279/1794
f 2449/3268/1793 2451/3276/1799 2447/3280/1802 2457/3281/1803 2458/3282/1804 2464/3277/1800
f 2447/3280/1802 2453/3283/1805 2452/3284/1806 2457/3281/1803
f 2454/3285/1807 2453/3283/1805 2447/3280/1802
f 2454/3286/1807 2447/3280/1802 2451/3276/1799 2450/3287/1808 2493/3288/1809
f 2456/3289/1810 2493/3290/1809 2450/3287/1808 2460/3291/1811
f 2446/3292/1812 2450/3287/1808 2451/3276/1799 2448/3274/1798
f 2462/3293/1813 2463/3294/1814 2446/3292/1812 2448/3274/1798 2468/3273/1797
f 2463/3294/1814 2459/3295/1815 2461/3296/1816 2446/3292/1812
f 2450/3287/1808 2446/3292/1812 2461/3296/1816 2460/3297/1811
o Circle_cell.042
v -0.013827 0.814023 -0.000198
v -0.014088 0.655266 0.000413
v -0.031926 0.610659 0.004053
v -0.214888 0.651751 0.041378
v -0.024548 0.612327 -0.002376
v -0.089082 0.597402 -0.015307
v -0.026957 0.605528 -0.002249
v -0.309346 0.728118 -0.000000
v -0.236890 0.872857 -0.000000
v -0.276723 0.799791 -0.000000
v -0.201542 0.920780 -0.039105
v -0.182371 0.956031 0.034891
v -0.196862 0.943254 -0.000000
v -0.202619 0.918816 0.039296
v -0.240310 0.848684 -0.047121
v -0.227672 0.872857 -0.044508
v -0.322463 0.653589 -0.063835
v -0.297187 0.728118 -0.058709
v -0.265884 0.799791 -0.052337
v -0.297211 0.728118 0.058595
v -0.227692 0.872857 0.044415
v -0.265909 0.799791 0.052215
v -0.310049 0.690256 0.061209
v -0.325420 0.642490 -0.063669
v -0.330838 0.667302 -0.000000
v -0.314725 0.682228 0.052331
v -0.328324 0.653589 -0.035537
v -0.311903 0.684870 0.061446
v -0.182371 0.956031 0.034891
v -0.196862 0.943254 -0.000000
v -0.201542 0.920780 -0.039105
v -0.202619 0.918816 0.039296
v -0.240310 0.848684 -0.047121
v -0.227672 0.872857 -0.044508
v -0.265884 0.799791 -0.052337
v -0.322463 0.653589 -0.063835
v -0.297187 0.728118 -0.058709
v -0.297211 0.728118 0.058595
v -0.265909 0.799791 0.052215
v -0.227692 0.872857 0.044415
v -0.310049 0.690256 0.061209
v -0.330838 0.667302 -0.000000
v -0.328324 0.653589 -0.035537
v -0.325420 0.642490 -0.063669
v -0.314725 0.682228 0.052331
v -0.311903 0.684870 0.061446
vn 0.5075 0.7195 -0.4742
vn 0.2066 0.0034 0.9784
vn 0.2735 -0.0042 -0.9619
vn 0.2028 -0.0002 -0.9792
vn 0.2014 -0.0045 -0.9795
vn -0.9373 0.2894 -0.1941
vn -0.9482 0.2497 -0.1964
vn -0.9285 0.3176 -0.1923
vn 0.6689 -0.2093 0.7133
vn 0.6686 -0.2237 0.7092
vn 0.2166 -0.0948 -0.9716
vn 0.1987 -0.0099 -0.9800
vn -0.2422 -0.9108 0.3343
vn -0.2406 -0.9098 0.3383
vn 0.1947 -0.0239 0.9806
vn -0.0405 -0.7646 0.6432
vn -0.0272 -0.7856 0.6181
vn -0.8740 0.4860 -0.0000
vn -0.8956 0.4449 -0.0000
vn -0.8797 0.4393 0.1822
vn -0.8597 0.4787 0.1781
vn -0.8679 0.4935 0.0565
vn -0.8555 0.4865 0.1772
vn -0.9282 0.3721 -0.0000
vn -0.9107 0.3674 -0.1886
vn -0.9420 0.3329 -0.0421
vn -0.8797 0.4393 -0.1822
vn -0.9254 0.3270 0.1917
vn -0.9107 0.3674 0.1886
vn -0.8597 0.4787 -0.1781
vn -0.8638 0.4709 -0.1789
vn -0.8555 0.4865 -0.1772
vn 0.2011 -0.0006 0.9796
vt 1.000000 0.411762
vt 1.000000 1.000000
vt 0.536751 0.536751
vt 0.774827 0.454464
vt 1.000000 0.000000
vt 0.411762 0.411762
vt 0.341403 0.000000
vt 0.000000 0.000000
vt 0.546935 0.000000
vt 0.697856 0.178115
vt 1.000000 0.536751
vt 0.546935 0.546935
vt 0.874787 0.000000
vt 0.865757 0.021045
vt 0.762040 0.220194
vt 0.641592 0.413715
vt 0.175540 0.290023
vt 0.174297 0.287245
vt 0.182340 0.286262
vt 1.000000 0.125212
vt 0.725095 0.552525
vt 0.716351 0.716351
vt 0.683709 0.000000
vt 0.732644 0.343502
vt 1.000000 0.475048
vt 0.683709 0.683709
vt 1.000000 0.718324
vt 0.475048 0.475048
vt 0.225623 0.343014
vt 0.212201 0.320321
vt 0.226245 0.312835
vt 0.238877 0.335726
vt 0.241237 0.368020
vt 0.238877 0.335726
vt 0.248534 0.352242
vt 0.256163 0.365733
vt 0.201010 0.300447
vt 0.186320 0.309089
vt 0.182340 0.286262
vt 0.192742 0.285018
vt 0.186320 0.309089
vt 0.198305 0.329007
vt 0.210783 0.283276
vt 0.215667 0.292888
vt 0.192742 0.285018
vt 0.207462 0.282392
vt 0.210054 0.281926
vt 0.226245 0.312835
vt 0.215667 0.292888
vt 0.198305 0.329007
vt 0.212737 0.351563
vt 0.208012 0.344044
vt 0.212737 0.351563
vt 0.224272 0.368161
vt 0.281676 0.000000
vt 1.000000 0.658597
vt 0.837979 0.516945
vt 0.584987 0.292502
vt 0.354119 0.075200
s 0
f 2522/3298/1817 2494/3299/1817 2524/3300/1817 2523/3301/1817
f 2495/3302/1818 2494/3299/1818 2522/3303/1818 2525/3304/1818
f 2495/3305/1819 2498/3302/1819 2494/3299/1819
f 2494/3299/1820 2498/3305/1820 2526/3306/1820 2527/3307/1820 2524/3308/1820
f 2526/3309/1821 2498/3305/1821 2537/3310/1821 2529/3311/1821 2530/3312/1821 2528/3313/1821
s 1
f 2510/3314/1822 2517/3315/1823 2520/3316/1824
s 0
f 2496/3305/1825 2498/3302/1825 2495/3299/1825
f 2496/3305/1826 2500/3302/1826 2498/3299/1826
f 2500/3305/1827 2499/3302/1827 2498/3299/1827
f 2537/3317/1828 2498/3299/1828 2499/3305/1828
f 2536/3318/1829 2537/3319/1829 2499/3305/1829 2538/3320/1829 2535/3321/1829
f 2497/3302/1830 2539/3322/1830 2538/3323/1830 2499/3305/1830
f 2497/3305/1831 2496/3302/1831 2516/3324/1831 2539/3325/1831
f 2497/3305/1832 2499/3302/1832 2496/3299/1832
f 2499/3305/1833 2500/3302/1833 2496/3299/1833
s 1
f 2502/3326/1834 2503/3327/1835 2532/3328/1836 2533/3329/1837
f 2506/3330/1838 2502/3326/1834 2533/3331/1837 2507/3332/1839 2505/3333/1839
f 2501/3334/1840 2511/3335/1841 2510/3314/1822 2520/3336/1824 2518/3337/1842
f 2511/3338/1841 2501/3334/1840 2503/3327/1835 2512/3339/1843
f 2534/3340/1844 2531/3341/1845 2501/3334/1840 2518/3342/1842 2519/3343/1844 2521/3344/1844
f 2532/3345/1836 2503/3327/1835 2501/3334/1840 2531/3346/1845
f 2512/3347/1843 2503/3327/1835 2502/3326/1834 2509/3348/1846 2508/3349/1847
f 2509/3350/1846 2502/3326/1834 2506/3330/1838 2504/3351/1848
s 0
f 2516/3352/1849 2496/3302/1849 2495/3302/1849 2525/3353/1849 2514/3354/1849 2515/3355/1849 2513/3356/1849
o Circle_cell.043
v 0.002102 0.930557 0.003433
v -0.006662 0.787120 0.044672
v 0.008507 0.773975 0.021249
v 0.003108 0.800608 0.004705
v 0.014535 0.780422 0.016407
v 0.010849 0.775045 0.015124
v 0.067974 0.976106 0.164104
v -0.000000 0.976106 0.178182
v 0.096115 0.996732 0.131142
v 0.086703 1.006950 0.130153
v -0.000000 1.019986 0.151894
v -0.028063 1.017399 0.147632
v 0.059178 1.014591 0.142869
v -0.037138 0.940717 0.190613
v -0.033066 0.976106 0.171333
v -0.043074 0.885458 0.220804
v -0.038116 0.885868 0.221598
v -0.000000 0.889234 0.227579
v 0.088372 0.881517 0.213664
v 0.141852 0.933605 0.143890
v 0.114947 0.976106 0.133249
v 0.133357 0.955413 0.134942
v 0.096115 0.996732 0.131142
v 0.086703 1.006950 0.130153
v -0.000000 1.019986 0.151894
v 0.059178 1.014591 0.142869
v -0.028063 1.017399 0.147632
v -0.037138 0.940717 0.190613
v -0.033066 0.976106 0.171333
v -0.043074 0.885458 0.220804
v -0.038116 0.885868 0.221598
v -0.000000 0.889234 0.227579
v 0.088372 0.881517 0.213664
v 0.114947 0.976106 0.133249
v 0.133357 0.955413 0.134942
v 0.141852 0.933605 0.143890
vn 0.5783 0.4680 -0.6682
vn -0.0006 0.8566 -0.5160
vn -0.9787 0.0008 -0.2052
vn -0.9797 -0.0042 -0.2002
vn 0.0006 -0.8730 0.4877
vn -0.0057 -0.8736 0.4866
vn 0.7408 -0.6681 0.0690
vn 0.5820 0.4631 -0.6684
vn -0.9706 -0.0099 -0.2406
vn 0.7089 -0.0031 -0.7053
vn -0.8581 -0.3850 -0.3397
vn -0.8266 -0.4082 -0.3875
vn 0.8295 -0.5200 -0.2036
vn 0.7108 -0.0054 -0.7034
vn 0.5390 -0.1728 -0.8244
vn -0.0000 0.5035 0.8640
vn -0.1761 0.4963 0.8501
vn -0.1772 0.4865 0.8555
vn -0.0001 0.4943 0.8693
vn 0.4776 0.4927 0.7274
vn 0.3309 0.5023 0.7989
vn 0.2966 0.4927 0.8181
vn 0.4796 0.4863 0.7304
vn 0.0001 0.5139 0.8578
vn 0.3097 0.5126 0.8008
vn 0.4735 0.5060 0.7209
vn -0.1749 0.5060 0.8446
vn 0.6713 -0.7299 0.1293
vt 1.000000 0.304907
vt 0.692553 0.000000
vt 1.000000 0.000000
vt 0.335649 0.236674
vt 0.304907 0.304907
vt 0.000000 0.000000
vt 0.347471 0.000000
vt 0.357625 0.079457
vt 1.000000 0.390471
vt 0.701992 0.371769
vt 0.347471 0.347471
vt 0.390471 0.390471
vt 0.470820 0.000000
vt 0.503997 0.503997
vt 0.484415 0.000000
vt 0.519161 0.365617
vt 1.000000 0.503997
vt 0.470820 0.470820
vt 0.487536 0.487536
vt 0.851007 0.000000
vt 0.193201 0.000000
vt 1.000000 0.307447
vt 0.595222 0.153681
vt 1.000000 1.000000
vt 0.193201 0.193201
vt 0.149599 0.000000
vt 0.851007 0.851007
vt 0.848067 0.848067
vt 0.349296 0.331347
vt 0.336707 0.336425
vt 0.330867 0.323204
vt 0.323011 0.302017
vt 0.324620 0.301558
vt 0.337328 0.297976
vt 0.397647 0.316605
vt 0.375931 0.323001
vt 0.365538 0.286247
vt 0.398452 0.299802
vt 0.400287 0.306990
vt 0.364600 0.286030
vt 0.357041 0.352952
vt 0.381770 0.342253
vt 0.397647 0.316605
vt 0.395514 0.328481
vt 0.394267 0.334419
vt 0.357041 0.352952
vt 0.343802 0.356812
vt 0.484415 0.484415
s 0
f 2563/3357/1850 2562/3358/1850 2540/3359/1850
f 2565/3360/1851 2563/3361/1851 2540/3362/1851 2566/3363/1851 2564/3364/1851
f 2540/3362/1852 2541/3359/1852 2567/3365/1852 2568/3366/1852 2566/3367/1852
f 2567/3368/1853 2541/3362/1853 2569/3369/1853
f 2570/3370/1854 2542/3362/1854 2572/3371/1854 2571/3372/1854
f 2570/3373/1855 2569/3374/1855 2541/3362/1855 2542/3359/1855
f 2572/3375/1856 2545/3362/1856 2575/3376/1856
f 2574/3377/1857 2540/3359/1857 2562/3378/1857 2573/3379/1857
f 2543/3362/1858 2541/3359/1858 2540/3380/1858
f 2543/3359/1859 2540/3380/1859 2574/3381/1859 2575/3382/1859
f 2543/3362/1860 2542/3359/1860 2541/3380/1860
f 2543/3362/1861 2545/3359/1861 2542/3380/1861
f 2545/3362/1862 2544/3359/1862 2575/3383/1862
f 2544/3362/1863 2543/3359/1863 2575/3384/1863
f 2543/3362/1864 2544/3359/1864 2545/3380/1864
s 1
f 2547/3385/1865 2554/3386/1866 2553/3387/1867 2555/3388/1867 2556/3389/1867 2557/3390/1868
f 2560/3391/1869 2546/3392/1870 2558/3393/1871 2559/3394/1872 2561/3395/1872
f 2546/3392/1870 2547/3385/1865 2557/3390/1868 2558/3396/1871
f 2550/3397/1873 2547/3385/1865 2546/3392/1870 2552/3398/1874
f 2552/3398/1874 2546/3392/1870 2560/3399/1869 2548/3400/1875 2549/3401/1875
f 2547/3385/1865 2550/3402/1873 2551/3403/1876 2554/3386/1866
s 0
f 2572/3404/1877 2542/3362/1877 2545/3359/1877
o Circle_cell.044
v 0.002838 0.436760 0.022906
v 0.039420 0.261054 0.197254
v 0.001701 0.433521 0.016034
v 0.004706 0.432702 0.004735
v 0.002278 0.437627 0.005629
v 0.140395 0.395728 0.338944
v 0.134347 0.321384 0.324343
v 0.122796 0.261968 0.296455
v 0.199240 0.402823 0.300348
v 0.199205 0.395728 0.300315
v 0.174183 0.261968 0.262701
v 0.165179 0.235156 0.249103
v 0.190568 0.321384 0.287415
v 0.091768 0.204931 0.267452
v 0.110318 0.209311 0.266331
v 0.054077 0.199393 0.269972
v 0.068414 0.321384 0.337999
v 0.071719 0.395728 0.353167
v 0.071746 0.404659 0.353222
v 0.055057 0.204931 0.275055
v 0.062248 0.261968 0.308995
v 0.140415 0.403262 0.338991
v 0.174183 0.261968 0.262701
v 0.190568 0.321384 0.287415
v 0.165179 0.235156 0.249103
v 0.199240 0.402823 0.300348
v 0.199205 0.395728 0.300315
v 0.110318 0.209311 0.266331
v 0.091768 0.204931 0.267452
v 0.068414 0.321384 0.337999
v 0.071719 0.395728 0.353167
v 0.071746 0.404659 0.353222
v 0.055057 0.204931 0.275055
v 0.062248 0.261968 0.308995
v 0.140415 0.403262 0.338991
v 0.054077 0.199393 0.269972
vn -0.8917 -0.4019 -0.2081
vn -0.9680 0.2469 0.0438
vn 0.1061 0.9933 0.0464
vn 0.7628 0.4589 -0.4556
vn -0.8879 -0.4110 -0.2064
vn 0.8353 -0.0016 -0.5498
vn 0.1099 -0.7327 -0.6716
vn 0.7869 -0.3832 -0.4836
vn -0.9873 -0.0626 0.1459
vn -0.9839 -0.0288 0.1764
vn -0.9789 0.0015 0.2041
vn 0.0492 0.9952 0.0841
vn 0.5186 -0.3280 0.7896
vn 0.3614 -0.3285 0.8726
vn 0.3340 -0.4880 0.8064
vn 0.4806 -0.4835 0.7316
vn 0.1775 -0.4836 0.8571
vn 0.1916 -0.3283 0.9249
vn 0.3805 -0.1066 0.9186
vn 0.2017 -0.1062 0.9737
vn 0.5459 -0.1059 0.8311
vn 0.5490 -0.0066 0.8358
vn 0.3812 -0.0067 0.9245
vn 0.2028 -0.0066 0.9792
vn 0.1719 -0.5310 0.8298
vn 0.2879 -0.5260 0.8002
vn 0.1616 -0.6042 0.7802
vn 0.4691 -0.5197 0.7141
vn 0.1482 -0.6828 0.7154
vt 0.000000 0.000000
vt 1.000000 0.000000
vt 1.000000 1.000000
vt 1.000000 0.284790
vt 0.285145 0.000000
vt 0.870752 0.377187
vt 1.000000 0.410267
vt 0.285145 0.285145
vt 0.309494 0.285274
vt 0.599315 0.316994
vt 0.410267 0.410267
vt 0.712401 0.333261
vt 0.809867 0.320230
vt 1.000000 0.298817
vt 0.611970 0.000000
vt 1.000000 0.303038
vt 0.304785 0.000000
vt 0.970646 0.162072
vt 1.000000 0.164754
vt 0.304785 0.304785
vt 0.318963 0.296980
vt 0.517158 0.230200
vt 0.721593 0.176501
vt 1.000000 0.293522
vt 0.164754 0.164754
vt 0.574671 0.200631
vt 0.335175 0.135340
vt 0.318852 0.139970
vt 0.313663 0.122896
vt 0.330172 0.118408
vt 0.296950 0.128198
vt 0.302484 0.145244
vt 0.324450 0.158020
vt 0.308401 0.163237
vt 0.335175 0.135340
vt 0.340584 0.153300
vt 0.340393 0.155500
vt 0.324991 0.159741
vt 0.309068 0.165272
vt 0.302467 0.105345
vt 0.308440 0.105120
vt 0.296950 0.128198
vt 0.290855 0.108916
vt 0.327547 0.109473
vt 0.308440 0.105120
vt 0.290363 0.105373
vt 0.302467 0.105345
vt 0.290855 0.108916
s 0
f 2579/3405/1878 2578/3406/1878 2580/3407/1878
f 2578/3405/1879 2576/3406/1879 2580/3407/1879
f 2580/3407/1880 2576/3405/1880 2601/3408/1880
f 2580/3407/1881 2601/3409/1881 2579/3406/1881
f 2577/3405/1882 2578/3406/1882 2579/3407/1882
f 2598/3410/1883 2600/3411/1883 2579/3407/1883 2601/3412/1883 2602/3413/1883 2599/3414/1883
f 2579/3407/1884 2600/3415/1884 2603/3416/1884 2604/3417/1884 2611/3418/1884
f 2611/3419/1885 2577/3406/1885 2579/3407/1885
f 2577/3405/1886 2611/3420/1886 2578/3407/1886
f 2611/3421/1887 2576/3406/1887 2578/3407/1887
f 2606/3422/1888 2607/3423/1888 2576/3407/1888 2611/3424/1888 2608/3425/1888 2609/3426/1888 2605/3427/1888
f 2601/3428/1889 2576/3407/1889 2607/3429/1889 2610/3430/1889
s 1
f 2588/3431/1890 2582/3432/1891 2583/3433/1892 2586/3434/1893
f 2596/3435/1894 2583/3433/1892 2582/3432/1891 2592/3436/1895
f 2582/3432/1891 2581/3437/1896 2593/3438/1897 2592/3436/1895
f 2581/3437/1896 2582/3432/1891 2588/3439/1890 2585/3440/1898
f 2584/3441/1899 2597/3442/1900 2581/3437/1896 2585/3440/1898
f 2594/3443/1901 2593/3438/1897 2581/3437/1896 2597/3442/1900
f 2589/3444/1902 2590/3445/1903 2583/3433/1892 2596/3446/1894 2595/3447/1904
f 2587/3448/1905 2586/3434/1893 2583/3433/1892 2590/3449/1903
f 2591/3450/1906 2589/3451/1902 2595/3452/1904
o Circle_cell.045
v -0.070128 1.763580 -0.027973
v -0.073022 1.774241 -0.000000
v -0.080937 1.770197 0.011636
v -0.082873 1.771182 0.002945
v -0.071864 1.764317 0.001590
v -0.069223 1.762982 0.013799
v -0.078964 1.769013 -0.020373
v -0.066634 1.762839 0.026246
v -0.078477 1.769117 0.022792
v -0.084484 1.791887 0.008997
v -0.073697 1.793505 0.010149
v -0.068499 1.774241 0.021841
v -0.086286 1.792146 0.000471
v -0.075088 1.793705 0.003570
v -0.084538 1.792341 -0.009045
v -0.073706 1.793828 -0.010331
v -0.068395 1.774241 -0.022340
v -0.080937 1.770197 0.011636
v -0.082873 1.771182 0.002945
v -0.071864 1.764317 0.001590
v -0.069223 1.762982 0.013799
v -0.078477 1.769117 0.022792
v -0.084484 1.791887 0.008997
v -0.073697 1.793505 0.010149
v -0.068499 1.774241 0.021841
v -0.086286 1.792146 0.000471
v -0.075088 1.793705 0.003570
v -0.073706 1.793828 -0.010331
v -0.068395 1.774241 -0.022340
v -0.078964 1.769013 -0.020373
v -0.070128 1.763580 -0.027973
v -0.066634 1.762839 0.026246
v -0.084538 1.792341 -0.009045
vn -0.5272 -0.8495 0.0211
vn -0.5300 -0.8479 -0.0100
vn -0.5075 -0.8593 0.0640
vn -0.1497 0.4544 0.8781
vn -0.1546 0.9860 0.0626
vn -0.2850 0.4232 -0.8600
vn -0.1366 0.9906 -0.0048
vn -0.9878 -0.1514 0.0356
vn -0.9704 -0.1342 0.2010
vn -0.9880 -0.1541 0.0053
vn -0.9734 -0.1660 -0.1578
vn 0.9904 0.1331 -0.0377
vn 0.9974 0.0707 -0.0113
vn 0.9907 0.0052 0.1361
vn 0.9793 0.1201 0.1628
vn 0.9979 0.0236 -0.0611
vn 0.9912 -0.0517 0.1222
vn 0.9696 0.1398 -0.2008
vn 0.9742 0.1013 -0.2018
vn 0.9760 0.0816 -0.2021
vt 1.000000 0.288925
vt 1.000000 0.406408
vt 0.349793 0.000000
vt 0.536806 0.000000
vt 0.406408 0.406408
vt 0.341083 0.237897
vt 0.778118 0.000000
vt 1.000000 0.067976
vt 0.000000 0.000000
vt 0.220490 0.000000
vt 1.000000 0.463194
vt 1.000000 0.650207
vt 0.220490 0.220490
vt 0.081951 0.000000
vt 0.339932 0.136293
vt 1.000000 0.501226
vt 1.000000 0.649642
vt 0.649642 0.649642
vt 0.501226 0.501226
vt 0.521282 0.000000
vt 0.675615 0.000000
vt 1.000000 1.000000
vt 0.794332 0.794332
vt 0.352141 0.000000
vt 0.502995 0.000000
vt 0.872500 0.660906
vt 0.469991 0.118695
vt 0.502995 0.502995
vt 0.352141 0.352141
vt 0.324385 0.000000
vt 0.446838 0.873574
vt 0.450757 0.871532
vt 0.455885 0.868986
vt 0.453489 0.881957
vt 0.449626 0.883662
vt 0.435256 0.877497
vt 0.445552 0.874318
vt 0.449626 0.883662
vt 0.445732 0.885670
vt 0.464001 0.912467
vt 0.468081 0.920083
vt 0.459837 0.925187
vt 0.459948 0.914742
vt 0.469935 0.923167
vt 0.459799 0.928360
vt 0.468070 0.910608
vt 0.476491 0.916012
vt 0.465403 0.911756
vt 0.480217 0.919273
vt 0.475392 0.921153
s 0
f 2630/3453/1907 2631/3454/1907 2632/3455/1907 2629/3456/1907
f 2631/3457/1908 2630/3458/1908 2641/3459/1908 2642/3460/1908
f 2643/3461/1909 2633/3462/1909 2629/3463/1909 2632/3464/1909
f 2633/3465/1910 2643/3466/1910 2636/3467/1910 2635/3468/1910 2634/3469/1910
f 2634/3470/1911 2635/3471/1911 2638/3472/1911 2637/3473/1911
f 2642/3474/1912 2641/3475/1912 2644/3476/1912 2639/3477/1912 2640/3478/1912
f 2638/3479/1913 2639/3480/1913 2644/3481/1913 2637/3482/1913
s 1
f 2615/3483/1914 2614/3484/1915 2620/3485/1915 2621/3486/1915 2624/3487/1916
f 2618/3488/1917 2615/3489/1914 2624/3490/1916 2626/3491/1917
f 2625/3492/1918 2613/3493/1919 2628/3494/1920 2627/3495/1921
f 2613/3493/1919 2616/3496/1922 2612/3497/1923 2628/3494/1920
f 2622/3498/1924 2623/3499/1925 2613/3493/1919 2625/3500/1918
f 2623/3499/1925 2619/3501/1926 2617/3502/1926 2616/3496/1922 2613/3493/1919
o Circle_cell.046
v -0.011587 0.415628 0.000969
v -0.002648 0.428645 -0.001073
v -0.001760 0.444269 -0.001532
v -0.003229 0.418923 0.001030
v -0.009785 0.442194 0.008370
v -0.025926 0.421442 0.033845
v -0.004072 0.444202 0.003336
v -0.000130 0.437519 0.004804
v -0.000476 0.424154 0.000206
v -0.324343 0.321384 0.134347
v -0.296455 0.261968 0.122796
v -0.227608 0.261968 0.227608
v -0.263825 0.204931 0.109280
v -0.348663 0.373286 0.070360
v -0.309041 0.261968 0.062024
v -0.298425 0.244137 0.059803
v -0.338062 0.321384 0.068107
v -0.295571 0.239393 0.059356
v -0.270405 0.204931 0.077507
v -0.249643 0.185565 0.088505
v -0.240692 0.178616 0.099698
v -0.334062 0.370869 0.138373
v -0.320560 0.371801 0.159282
v -0.282105 0.321384 0.198652
v -0.317315 0.367971 0.162766
v -0.231774 0.273527 0.231774
v -0.223776 0.268825 0.234220
v -0.189833 0.159587 0.144732
v -0.191654 0.163733 0.149018
v -0.220474 0.245724 0.220474
v -0.223113 0.261968 0.230561
v -0.210414 0.204931 0.190594
v -0.309041 0.261968 0.062024
v -0.338062 0.321384 0.068107
v -0.348663 0.373286 0.070360
v -0.298425 0.244137 0.059803
v -0.295571 0.239393 0.059356
v -0.270405 0.204931 0.077507
v -0.249643 0.185565 0.088505
v -0.240692 0.178616 0.099698
v -0.334062 0.370869 0.138373
v -0.320560 0.371801 0.159282
v -0.231774 0.273527 0.231774
v -0.223776 0.268825 0.234220
v -0.282105 0.321384 0.198652
v -0.317315 0.367971 0.162766
v -0.189833 0.159587 0.144732
v -0.191654 0.163733 0.149018
v -0.210414 0.204931 0.190594
v -0.223113 0.261968 0.230561
v -0.220474 0.245724 0.220474
vn -0.2031 0.0010 -0.9792
vn -0.1908 -0.0180 -0.9815
vn -0.1870 -0.0241 -0.9821
vn 0.0773 -0.4230 -0.9028
vn 0.2168 -0.5350 -0.8165
vn 0.3624 -0.6374 -0.6800
vn -0.1868 0.9795 0.0754
vn -0.2175 0.9719 -0.0898
vn 0.7626 0.5309 0.3694
vn 0.9780 0.0448 -0.2038
vn 0.4268 -0.0508 -0.9029
vn 0.1221 -0.2168 -0.9685
vn 0.0921 -0.2158 -0.9721
vn 0.1864 0.6841 0.7051
vn 0.1697 0.7127 0.6806
vn -0.0697 0.9513 0.3003
vn 0.8334 -0.3745 0.4063
vn 0.7822 -0.2475 0.5718
vn 0.7755 -0.2373 0.5850
vn 0.4444 0.5357 0.7180
vn 0.5191 0.4639 0.7179
vn 0.7865 -0.2190 0.5774
vn -0.6838 -0.4527 0.5723
vn -0.6168 -0.4890 0.6168
vn -0.4818 -0.4793 0.7335
vn -0.4912 -0.4465 0.7479
vn -0.8726 -0.3285 0.3614
vn -0.8064 -0.4880 0.3340
vn -0.7697 -0.3897 0.5056
vn -0.8571 -0.4835 0.1775
vn -0.9250 -0.3283 0.1916
vn -0.9036 -0.2079 0.3745
vn -0.9585 -0.2044 0.1985
vn -0.8182 -0.2044 0.5374
vn -0.7354 -0.6053 0.3046
vn -0.8366 -0.5197 0.1733
vn -0.7996 -0.5772 0.1656
vn -0.6789 -0.5833 0.4459
vn -0.6956 -0.5222 0.4934
vn -0.6515 -0.6886 0.3183
vn -0.6106 -0.6828 0.4011
vn -0.7154 -0.6828 0.1482
vt 0.469085 0.275704
vt 0.167581 0.000000
vt 1.000000 0.000000
vt 1.000000 0.710935
vt 0.872399 0.608941
vt 0.710935 0.710935
vt 0.000000 0.000000
vt 1.000000 0.696957
vt 0.705780 0.705780
vt 0.696957 0.696957
vt 0.721806 0.000000
vt 0.718887 0.274136
vt 0.721806 0.721806
vt 0.726573 0.726573
vt 0.808237 0.000000
vt 0.748236 0.597781
vt 0.236039 0.000000
vt 1.000000 0.831176
vt 0.428146 0.224613
vt 0.831176 0.831176
vt 1.000000 1.000000
vt 0.479615 0.000000
vt 1.000000 0.742547
vt 0.762658 0.422868
vt 0.507216 0.047123
vt 0.742547 0.742547
vt 1.000000 0.759966
vt 0.759966 0.759966
vt 0.808237 0.808237
vt 1.000000 0.796290
vt 0.810688 0.810688
vt 0.796290 0.796290
vt 0.520385 0.000000
vt 0.539090 0.045179
vt 0.582875 0.157263
vt 0.691150 0.454963
vt 0.213540 0.162240
vt 0.212187 0.158984
vt 0.213616 0.158386
vt 0.214970 0.160090
vt 0.186503 0.189656
vt 0.179228 0.173029
vt 0.213540 0.162240
vt 0.204808 0.181843
vt 0.163216 0.180374
vt 0.170533 0.196924
vt 0.191677 0.201432
vt 0.176035 0.209266
vt 0.197518 0.199187
vt 0.191677 0.201432
vt 0.198177 0.197821
vt 0.171046 0.154485
vt 0.160150 0.173653
vt 0.159936 0.173132
vt 0.161706 0.158871
vt 0.199991 0.141983
vt 0.209926 0.153618
vt 0.213616 0.158386
vt 0.165813 0.142920
vt 0.183672 0.124730
vt 0.185270 0.126250
vt 0.162653 0.148163
vt 0.165813 0.142920
s 0
f 2678/3503/1927 2679/3504/1927 2647/3505/1927 2680/3506/1927 2677/3507/1927
f 2646/3505/1928 2680/3508/1928 2647/3509/1928
f 2645/3505/1929 2681/3510/1929 2680/3511/1929 2646/3509/1929
f 2681/3512/1930 2645/3509/1930 2683/3513/1930 2682/3514/1930
f 2683/3515/1931 2645/3509/1931 2648/3505/1931
f 2683/3516/1932 2648/3509/1932 2691/3517/1932 2684/3518/1932
f 2686/3519/1933 2651/3505/1933 2679/3520/1933 2685/3521/1933
f 2679/3522/1934 2651/3509/1934 2647/3505/1934
f 2651/3509/1935 2652/3505/1935 2647/3523/1935
f 2652/3509/1936 2653/3505/1936 2647/3523/1936
f 2653/3509/1937 2646/3505/1937 2647/3523/1937
f 2653/3509/1938 2648/3505/1938 2646/3523/1938
f 2648/3509/1939 2645/3505/1939 2646/3523/1939
f 2688/3524/1940 2650/3505/1940 2690/3525/1940 2689/3526/1940 2687/3527/1940
f 2690/3528/1941 2650/3509/1941 2649/3505/1941 2686/3529/1941
f 2686/3530/1942 2649/3509/1942 2651/3505/1942
f 2691/3531/1943 2648/3509/1943 2653/3505/1943
f 2650/3505/1944 2692/3532/1944 2691/3533/1944 2653/3509/1944
f 2692/3534/1945 2650/3509/1945 2688/3535/1945 2694/3536/1945 2695/3537/1945 2693/3538/1945
f 2649/3509/1946 2650/3505/1946 2651/3523/1946
f 2650/3509/1947 2652/3505/1947 2651/3523/1947
f 2650/3509/1948 2653/3505/1948 2652/3523/1948
s 1
f 2670/3539/1949 2656/3540/1950 2675/3541/1951 2671/3542/1952
f 2654/3543/1953 2655/3544/1954 2656/3540/1950 2670/3545/1949 2668/3546/1955
f 2659/3547/1956 2655/3544/1954 2654/3543/1953 2661/3548/1957
f 2661/3548/1957 2654/3543/1953 2666/3549/1958 2658/3550/1959
f 2667/3551/1960 2666/3552/1958 2654/3543/1953 2668/3546/1955 2669/3553/1960
f 2657/3554/1961 2655/3544/1954 2659/3547/1956 2660/3555/1962 2662/3556/1962 2663/3557/1963
f 2656/3540/1950 2655/3544/1954 2657/3554/1961 2676/3558/1964 2674/3559/1965
f 2675/3560/1951 2656/3540/1950 2674/3559/1965
f 2676/3558/1964 2657/3554/1961 2665/3561/1966 2672/3562/1967 2673/3563/1967
f 2657/3554/1961 2663/3557/1963 2664/3564/1968 2665/3565/1966
o Circle_cell.047
v 0.027857 1.774241 0.067253
v 0.031254 1.759934 0.075454
v 0.014111 1.721098 0.065659
v 0.015919 1.716427 0.074573
v 0.016114 1.728358 0.075498
v 0.014388 1.737512 0.066973
v 0.055026 1.776087 0.062458
v 0.046359 1.777485 0.055647
v 0.060749 1.769026 0.055885
v 0.059455 1.775508 0.059455
v 0.053729 1.768627 0.047608
v 0.052402 1.774241 0.050465
v 0.050828 1.763587 0.051121
v 0.058260 1.764962 0.058530
v 0.030131 1.730182 0.072742
v 0.026545 1.733076 0.064085
v 0.054090 1.759934 0.060454
v 0.016870 1.759934 0.078433
v 0.015032 1.768063 0.069393
v 0.017407 1.776156 0.080566
v 0.015288 1.777576 0.070337
v 0.040393 1.776032 0.072060
v 0.032090 1.775778 0.077473
v 0.034293 1.777440 0.063566
v 0.014111 1.721098 0.065659
v 0.014388 1.737512 0.066973
v 0.015919 1.716427 0.074573
v 0.016114 1.728358 0.075498
v 0.060749 1.769026 0.055885
v 0.059455 1.775508 0.059455
v 0.053729 1.768627 0.047608
v 0.052402 1.774241 0.050465
v 0.050828 1.763587 0.051121
v 0.026545 1.733076 0.064085
v 0.058260 1.764962 0.058530
v 0.054090 1.759934 0.060454
v 0.015032 1.768063 0.069393
v 0.017407 1.776156 0.080566
v 0.032090 1.775778 0.077473
v 0.040393 1.776032 0.072060
v 0.055026 1.776087 0.062458
v 0.046359 1.777485 0.055647
v 0.034293 1.777440 0.063566
v 0.030131 1.730182 0.072742
v 0.016870 1.759934 0.078433
v 0.015288 1.777576 0.070337
v 0.027857 1.774241 0.067253
vn -0.9800 0.0006 0.1991
vn 0.2008 0.9607 -0.1918
vn 0.6674 0.4570 -0.5880
vn 0.5868 -0.6624 -0.4657
vn 0.5852 -0.6644 -0.4649
vn -0.9791 0.0046 0.2031
vn -0.9790 0.0058 0.2039
vn 0.0097 0.9999 0.0073
vn 0.0707 0.9910 0.1134
vn 0.2020 -0.1151 0.9726
vn 0.3803 -0.1176 0.9174
vn 0.3791 -0.1366 0.9152
vn 0.2010 -0.1342 0.9704
vn 0.6175 -0.1379 0.7744
vn 0.5440 -0.1342 0.8282
vn 0.5448 -0.1242 0.8293
vn 0.6153 -0.1378 0.7761
vn 0.2893 -0.0938 0.9526
vn 0.2025 -0.0868 0.9754
vn 0.2022 -0.0790 0.9762
vn -0.6317 0.1015 -0.7686
vn -0.8263 0.0878 -0.5564
vn -0.6102 0.0751 -0.7887
vn 0.8202 -0.1415 0.5543
vn -0.3912 0.0953 -0.9154
vn -0.5457 0.2208 -0.8083
vn -0.2906 0.0816 -0.9534
vn -0.2031 0.0836 -0.9756
vt 0.374804 0.374804
vt 0.271749 0.271749
vt 0.303301 0.000000
vt 0.417802 0.000000
vt 0.593408 0.000000
vt 1.000000 0.370444
vt 1.000000 0.465289
vt 0.489327 0.000000
vt 0.465289 0.465289
vt 0.371932 0.353419
vt 0.416327 0.000000
vt 0.520195 0.000000
vt 0.583673 0.000000
vt 1.000000 0.367280
vt 0.976292 0.434906
vt 0.479805 0.000000
vt 1.000000 0.256367
vt 1.000000 0.353560
vt 0.835546 0.352817
vt 0.456408 0.456408
vt 0.367280 0.367280
vt 0.431669 0.352699
vt 0.804552 0.255831
vt 1.000000 0.582198
vt 0.985875 0.625645
vt 0.859588 0.000000
vt 0.884074 0.000000
vt 0.884074 0.884074
vt 0.859588 0.859588
vt 1.000000 0.855981
vt 0.959157 0.882951
vt 0.954436 0.888600
vt 0.881856 0.881856
vt 0.855980 0.855980
vt 0.939661 0.863751
vt 1.000000 0.877408
vt 1.000000 0.898910
vt 1.000000 0.406592
vt 1.000000 0.510673
vt 0.898911 0.898911
vt 0.877408 0.877408
vt 0.513964 0.850046
vt 0.521400 0.848992
vt 0.522175 0.856762
vt 0.514930 0.857915
vt 0.538337 0.855704
vt 0.535671 0.856047
vt 0.526952 0.856613
vt 0.535707 0.847810
vt 0.538215 0.850285
vt 0.519519 0.834042
vt 0.511192 0.833042
vt 0.510197 0.826214
vt 0.535707 0.847810
vt 0.520503 0.833933
vt 0.511701 0.835297
vt 0.538018 0.906084
vt 0.539001 0.908400
vt 0.536808 0.909920
vt 0.538415 0.855540
vt 0.540098 0.852221
vt 0.537399 0.905993
vt 0.525037 0.904099
vt 0.528317 0.904126
vt 0.534584 0.904374
vt 0.524591 0.920802
vt 0.525077 0.905442
vt 0.536714 0.910005
vt 0.520637 0.925297
vt 0.520355 0.919250
vt 0.519729 0.908022
vt 0.519602 0.905752
s 0
f 2720/3566/1969 2722/3567/1969 2723/3568/1969 2721/3569/1969
f 2736/3570/1970 2725/3571/1970 2727/3572/1970 2737/3573/1970
f 2727/3574/1971 2725/3575/1971 2724/3576/1971 2726/3577/1971
f 2724/3578/1972 2730/3579/1972 2728/3580/1972 2726/3581/1972
f 2722/3582/1973 2720/3583/1973 2729/3584/1973 2728/3585/1973 2730/3586/1973 2731/3587/1973 2739/3588/1973
f 2721/3589/1974 2723/3590/1974 2713/3591/1974 2732/3592/1974
f 2732/3593/1975 2713/3594/1975 2733/3595/1975 2741/3596/1975
f 2696/3597/1976 2741/3598/1976 2733/3599/1976 2734/3600/1976 2735/3601/1976 2738/3602/1976
f 2736/3603/1977 2737/3604/1977 2738/3605/1977 2735/3606/1977
s 1
f 2740/3607/1978 2697/3608/1979 2718/3609/1980 2715/3610/1981
f 2705/3611/1982 2702/3612/1983 2717/3613/1983 2718/3609/1980 2697/3608/1979 2712/3614/1984 2709/3615/1985
f 2710/3616/1986 2700/3617/1987 2699/3618/1988
f 2712/3619/1984 2697/3608/1979 2710/3620/1986
f 2700/3621/1987 2710/3616/1986 2697/3608/1979 2740/3607/1978
f 2707/3622/1989 2706/3623/1990 2708/3624/1991
f 2705/3625/1982 2709/3615/1985 2704/3626/1992
f 2707/3627/1989 2742/3628/1993 2719/3629/1994 2703/3630/1994
f 2711/3631/1995 2742/3632/1993 2707/3627/1989 2708/3633/1991
f 2698/3634/1996 2701/3635/1996 2714/3636/1996 2716/3637/1996 2742/3632/1993 2711/3631/1995
o Circle_cell.048
v -0.000134 0.431550 0.020024
v 0.002618 0.437352 0.029637
v 0.046264 0.217766 0.244211
v 0.000261 0.443467 0.090482
v 0.000000 0.395728 0.368021
v 0.000000 0.321384 0.352168
v 0.000000 0.261968 0.321887
v 0.069739 0.404899 0.353639
v 0.000000 0.463852 0.368482
v 0.054884 0.216866 0.282504
v 0.052640 0.201834 0.272599
v 0.069722 0.395728 0.353581
v 0.060477 0.261968 0.309362
v 0.066528 0.321384 0.338389
v -0.027583 0.439653 0.362605
v -0.050440 0.395728 0.357574
v -0.087730 0.321384 0.333998
v -0.098933 0.297781 0.319649
v -0.053877 0.261968 0.310729
v 0.050403 0.196124 0.267613
v 0.031136 0.204931 0.280009
v 0.000000 0.221607 0.296816
v 0.054884 0.216866 0.282504
v 0.060477 0.261968 0.309362
v 0.069739 0.404899 0.353639
v 0.069722 0.395728 0.353581
v 0.066528 0.321384 0.338389
v -0.050440 0.395728 0.357574
v -0.087730 0.321384 0.333998
v -0.027583 0.439653 0.362605
v -0.098933 0.297781 0.319649
v -0.053877 0.261968 0.310729
v 0.000000 0.463852 0.368482
v 0.000000 0.221607 0.296816
v 0.050403 0.196124 0.267613
v 0.031136 0.204931 0.280009
v 0.052640 0.201834 0.272599
vn 0.6377 0.7683 -0.0552
vn 0.5827 0.8106 -0.0589
vn -0.6517 0.7564 -0.0561
vn 0.9778 -0.0081 -0.2092
vn 0.9792 -0.0006 -0.2029
vn 0.9679 -0.0509 -0.2460
vn 0.9677 -0.0493 -0.2473
vn -0.8368 0.5406 -0.0867
vn -0.8587 0.5061 -0.0808
vn -0.8803 0.4674 -0.0816
vn 0.0022 -0.0068 1.0000
vn -0.0000 -0.1068 0.9943
vn 0.2017 -0.1060 0.9737
vn 0.2028 -0.0066 0.9792
vn -0.1796 -0.4645 0.8672
vn 0.0003 -0.4896 0.8720
vn -0.0000 -0.3290 0.9443
vn -0.1887 -0.3662 0.9112
vn -0.1815 -0.4465 0.8762
vn 0.1782 -0.4847 0.8563
vn 0.1916 -0.3281 0.9250
vn -0.2009 -0.1371 0.9700
vn -0.2028 -0.0066 0.9792
vn 0.1613 -0.6111 0.7749
vn 0.1746 -0.5220 0.8349
vn 0.0729 -0.5280 0.8461
vn 0.1722 -0.5399 0.8239
vn 0.1482 -0.6828 0.7154
vn -0.6015 -0.6366 -0.4826
vt 0.167797 0.000000
vt 1.000000 0.000000
vt 1.000000 0.869667
vt 0.869667 0.869667
vt 0.000000 0.000000
vt 0.829218 0.000000
vt 0.845735 0.845735
vt 0.306368 0.000000
vt 1.000000 0.649272
vt 0.649272 0.649272
vt 0.832203 0.000000
vt 0.832042 0.030530
vt 0.792937 0.282928
vt 0.718309 0.490273
vt 0.824613 0.000000
vt 1.000000 1.000000
vt 0.306368 0.306368
vt 1.000000 0.170782
vt 0.846165 0.612614
vt 0.858828 0.858828
vt 0.750977 0.000000
vt 0.786976 0.160029
vt 0.297000 0.184155
vt 0.291642 0.168686
vt 0.307935 0.163389
vt 0.308618 0.165479
vt 0.264742 0.138652
vt 0.279767 0.133649
vt 0.285500 0.150716
vt 0.263649 0.158273
vt 0.257494 0.152704
vt 0.296461 0.128353
vt 0.302016 0.145395
vt 0.263649 0.158273
vt 0.279878 0.172877
vt 0.288767 0.180949
vt 0.290290 0.109090
vt 0.291587 0.113117
vt 0.296461 0.128353
vt 0.275290 0.119938
vt 0.283289 0.111244
vt 0.275290 0.119938
vt 0.288960 0.105283
vt 0.283289 0.111244
vt 0.179989 0.000000
vt 0.239952 0.102741
vt 0.312983 0.266036
vt 0.881964 0.531942
vt 0.750977 0.750977
s 0
f 2767/3638/1997 2744/3639/1997 2775/3640/1997
f 2775/3641/1998 2744/3642/1998 2746/3639/1998
f 2772/3643/1999 2775/3644/1999 2746/3642/1999
f 2779/3645/2000 2744/3639/2000 2765/3646/2000
f 2765/3647/2001 2744/3642/2001 2767/3648/2001 2768/3649/2001 2769/3650/2001 2766/3651/2001
f 2777/3652/2002 2745/3639/2002 2744/3653/2002 2779/3654/2002
f 2745/3642/2003 2743/3639/2003 2744/3653/2003
f 2743/3642/2004 2746/3639/2004 2744/3653/2004
f 2772/3655/2005 2746/3653/2005 2743/3642/2005
f 2770/3656/2006 2772/3657/2006 2743/3642/2006 2773/3658/2006 2771/3659/2006
s 1
f 2751/3660/2007 2747/3661/2008 2754/3662/2009 2750/3663/2010
f 2774/3664/2011 2749/3665/2012 2748/3666/2013 2759/3667/2014 2760/3668/2015
f 2748/3666/2013 2749/3665/2012 2755/3669/2016 2756/3670/2017
f 2754/3662/2009 2747/3661/2008 2748/3666/2013 2756/3670/2017
f 2759/3671/2014 2748/3666/2013 2747/3661/2008 2758/3672/2018
f 2757/3673/2019 2758/3672/2018 2747/3661/2008 2751/3660/2007
f 2753/3674/2020 2752/3675/2021 2755/3676/2016 2749/3665/2012 2776/3677/2022 2778/3678/2023
f 2776/3679/2022 2749/3665/2012 2774/3664/2011
f 2762/3680/2024 2753/3674/2020 2778/3681/2023
s 0
f 2745/3642/2025 2777/3682/2025 2763/3683/2025 2764/3684/2025 2761/3685/2025 2773/3686/2025 2743/3642/2025
o Circle_cell.049
v -0.010934 0.445468 0.012239
v -0.001330 0.445219 0.088867
v -0.002580 0.445228 0.003755
v -0.061592 0.467002 0.063123
v -0.000728 0.484955 0.002587
v -0.001000 0.566410 0.082376
v -0.136062 0.573929 0.328482
v -0.140635 0.488801 0.339524
v -0.129949 0.634780 0.313724
v -0.117823 0.649389 0.312388
v -0.170150 0.573929 0.306092
v -0.220084 0.488801 0.287338
v -0.222327 0.484289 0.285829
v -0.203940 0.451053 0.297643
v -0.199787 0.443575 0.300311
v -0.140518 0.443488 0.339242
v -0.028862 0.443692 0.362368
v -0.000630 0.466469 0.368369
v -0.000531 0.472083 0.368427
v -0.000598 0.488801 0.368526
v -0.001244 0.619059 0.344519
v -0.001020 0.573929 0.356450
v -0.107642 0.661039 0.310757
v -0.088494 0.653589 0.317356
v -0.114316 0.653589 0.312008
v -0.129949 0.634780 0.313724
v -0.117823 0.649389 0.312388
v -0.199787 0.443575 0.300311
v -0.140518 0.443488 0.339242
v -0.170150 0.573929 0.306092
v -0.220084 0.488801 0.287338
v -0.222327 0.484289 0.285829
v -0.203940 0.451053 0.297643
v -0.028862 0.443692 0.362368
v -0.000630 0.466469 0.368369
v -0.000531 0.472083 0.368427
v -0.000598 0.488801 0.368526
v -0.001020 0.573929 0.356450
v -0.001244 0.619059 0.344519
v -0.088494 0.653589 0.317356
v -0.107642 0.661039 0.310757
v -0.114316 0.653589 0.312008
vn -0.6972 -0.5494 -0.4605
vn -0.6963 -0.5508 -0.4601
vn -0.1049 -0.9916 -0.0753
vn 0.0022 -1.0000 -0.0043
vn 0.6193 -0.7830 0.0580
vn 0.9998 -0.0177 -0.0012
vn 1.0000 0.0038 -0.0004
vn 1.0000 0.0049 -0.0001
vn 0.4098 0.8944 -0.1793
vn -0.6745 0.5155 -0.5285
vn 0.9988 -0.0470 -0.0147
vn -0.7069 0.0122 -0.7072
vn -0.7127 -0.0196 -0.7012
vn 0.0474 -0.9989 -0.0008
vn -0.2028 -0.0066 0.9792
vn -0.2024 0.0643 0.9772
vn -0.3819 0.0658 0.9219
vn -0.3827 -0.0067 0.9238
vn -0.5486 0.0403 0.8351
vn -0.5490 -0.0066 0.8358
vn -0.5406 0.1739 0.8231
vn -0.3753 0.1955 0.9061
vn -0.1990 0.1918 0.9610
vn -0.1959 0.2590 0.9458
vn -0.1952 0.2721 0.9423
vn -0.1964 0.2497 0.9482
vn -0.2623 0.2523 0.9314
vn -0.1917 0.3270 0.9254
vn -0.6766 0.5132 -0.5281
vt 0.625594 0.625594
vt 0.000000 0.000000
vt 0.658834 0.000000
vt 1.000000 0.000000
vt 1.000000 0.708063
vt 0.658834 0.658834
vt 0.708063 0.708063
vt 0.714905 0.714905
vt 0.864770 0.000000
vt 0.808290 0.463352
vt 1.000000 0.846956
vt 0.169367 0.000000
vt 0.846956 0.846956
vt 1.000000 0.878816
vt 1.000000 0.850307
vt 0.878816 0.878816
vt 0.850307 0.850307
vt 0.780529 0.000000
vt 0.815496 0.290355
vt 0.219471 0.000000
vt 1.000000 0.679955
vt 0.857968 0.557580
vt 1.000000 0.745312
vt 0.887454 0.722795
vt 0.679955 0.679955
vt 1.000000 1.000000
vt 0.864770 0.864770
vt 0.289090 0.181881
vt 0.297063 0.184802
vt 0.297527 0.186068
vt 0.298827 0.189870
vt 0.266991 0.201479
vt 0.263051 0.191193
vt 0.245974 0.209980
vt 0.244971 0.209202
vt 0.246836 0.199732
vt 0.247404 0.197518
vt 0.265364 0.224565
vt 0.274495 0.220845
vt 0.305526 0.209324
vt 0.291377 0.236262
vt 0.285218 0.238586
vt 0.284074 0.237871
vt 0.280182 0.235342
vt 0.305526 0.209324
vt 0.309273 0.220148
vt 0.265364 0.224565
vt 0.280182 0.235342
vt 0.287327 0.239980
vt 0.285218 0.238586
vt 1.000000 0.625594
vt 0.805972 0.662827
vt 0.611685 0.341143
vt 0.324087 0.072463
vt 0.254689 0.000000
s 0
f 2811/3687/2026 2783/3688/2026 2812/3689/2026
f 2783/3688/2027 2780/3690/2027 2807/3691/2027 2812/3692/2027
f 2807/3693/2028 2780/3688/2028 2782/3690/2028
f 2807/3694/2029 2782/3688/2029 2813/3695/2029 2808/3696/2029
f 2814/3697/2030 2813/3698/2030 2781/3690/2030
f 2814/3699/2031 2781/3688/2031 2784/3690/2031 2815/3700/2031
f 2785/3690/2032 2816/3701/2032 2815/3702/2032 2784/3688/2032
f 2816/3703/2033 2785/3688/2033 2818/3704/2033 2817/3705/2033
f 2818/3706/2034 2785/3690/2034 2820/3707/2034 2819/3708/2034
f 2785/3688/2035 2784/3690/2035 2789/3709/2035 2821/3710/2035 2820/3711/2035
f 2781/3688/2036 2782/3690/2036 2784/3712/2036
f 2782/3688/2037 2783/3690/2037 2784/3712/2037
f 2782/3688/2038 2780/3690/2038 2783/3712/2038
f 2781/3690/2039 2813/3713/2039 2782/3688/2039
s 1
f 2796/3714/2040 2797/3715/2040 2798/3716/2040 2799/3717/2041 2787/3718/2042 2795/3719/2043
f 2795/3719/2043 2787/3718/2042 2810/3720/2044 2792/3721/2045 2793/3722/2045 2794/3723/2045
f 2809/3724/2046 2810/3720/2044 2787/3718/2042 2786/3725/2047
f 2801/3726/2048 2786/3725/2047 2787/3718/2042 2799/3717/2041
f 2803/3727/2049 2804/3728/2050 2806/3729/2051 2805/3730/2052 2786/3725/2047 2801/3731/2048 2800/3732/2051
f 2809/3733/2046 2786/3725/2047 2805/3734/2052
f 2803/3727/2049 2802/3735/2053 2804/3736/2050
s 0
f 2784/3688/2054 2783/3690/2054 2811/3737/2054 2791/3738/2054 2790/3739/2054 2788/3740/2054 2789/3741/2054
o Circle_cell.050
v -0.027185 1.634732 0.065631
v -0.024100 1.656379 0.058182
v -0.044671 1.656379 0.044670
v -0.026614 1.581558 0.064252
v -0.029193 1.602605 0.053066
v -0.046009 1.634732 0.053266
v -0.051130 1.647674 0.051129
v -0.044432 1.644388 0.044432
v -0.061748 1.683869 0.040186
v -0.056275 1.685932 0.031409
v -0.047556 1.656379 0.040278
v -0.012586 1.563964 0.057969
v -0.014336 1.555587 0.066063
v -0.023353 1.586720 0.056379
v -0.053410 1.687545 0.053410
v -0.035424 1.694826 0.054508
v -0.040584 1.692889 0.062342
v -0.046665 1.690141 0.046665
v -0.014104 1.606444 0.067544
v -0.012383 1.608370 0.059259
v -0.025310 1.694329 0.061103
v -0.028962 1.692318 0.069921
v -0.015829 1.692808 0.072681
v -0.013931 1.694753 0.063495
v -0.014230 1.621310 0.067936
v -0.014416 1.634732 0.068276
v -0.012493 1.621350 0.059601
v -0.012976 1.656379 0.060486
v -0.026614 1.581558 0.064252
v -0.046009 1.634732 0.053266
v -0.051130 1.647674 0.051129
v -0.061748 1.683869 0.040186
v -0.056275 1.685932 0.031409
v -0.047556 1.656379 0.040278
v -0.044432 1.644388 0.044432
v -0.029193 1.602605 0.053066
v -0.012586 1.563964 0.057969
v -0.023353 1.586720 0.056379
v -0.053410 1.687545 0.053410
v -0.040584 1.692889 0.062342
v -0.035424 1.694826 0.054508
v -0.046665 1.690141 0.046665
v -0.014336 1.555587 0.066063
v -0.014104 1.606444 0.067544
v -0.012383 1.608370 0.059259
v -0.025310 1.694329 0.061103
v -0.013931 1.694753 0.063495
v -0.028962 1.692318 0.069921
v -0.015829 1.692808 0.072681
v -0.012493 1.621350 0.059601
v -0.012976 1.656379 0.060486
v -0.014416 1.634732 0.068276
v -0.014230 1.621310 0.067936
vn -0.7403 -0.3840 -0.5519
vn -0.7345 -0.3863 -0.5579
vn -0.3757 0.9266 -0.0181
vn 0.9795 -0.0103 0.2011
vn -0.0767 0.9785 0.1914
vn 0.9789 0.0083 0.2041
vn 0.9790 0.0029 0.2041
vn -0.2027 -0.0276 0.9788
vn -0.2025 -0.0531 0.9778
vn -0.3821 -0.0544 0.9225
vn -0.2495 -0.0278 0.9680
vn -0.5480 -0.0598 0.8343
vn -0.5473 -0.0790 0.8332
vn -0.6788 -0.0806 0.7299
vn -0.5895 -0.0797 0.8038
vn -0.3817 -0.0804 0.9208
vn -0.2022 -0.0790 0.9762
vn -0.8332 -0.0790 0.5473
vn 0.2025 0.0544 -0.9778
vn 0.3821 0.0557 -0.9224
vn 0.3816 0.0830 -0.9206
vn 0.2021 0.0816 -0.9760
vn 0.7060 0.0559 -0.7060
vn 0.6787 0.0832 -0.7297
vn 0.5472 0.0816 -0.8330
vn 0.8342 0.0615 -0.5480
vn 0.8330 0.0816 -0.5472
vn 0.2498 0.0277 -0.9679
vn 0.5488 0.0275 -0.8355
vn 0.5918 0.0278 -0.8056
vn 0.2027 0.0275 -0.9788
vt 0.699467 0.002337
vt 0.376469 0.044240
vt 0.298435 0.055924
vt 0.074858 0.074858
vt 0.053374 0.053374
vt 0.235852 0.037732
vt 0.310485 0.032923
vt 0.564294 0.000000
vt 0.660355 0.000000
vt 0.756296 0.000000
vt 1.000000 0.288694
vt 1.000000 0.435706
vt 0.891658 0.274016
vt 0.944298 0.944298
vt 0.921880 0.921880
vt 0.886763 0.507918
vt 0.857073 0.000000
vt 0.875896 0.000000
vt 0.901958 0.445442
vt 0.756296 0.756296
vt 0.660355 0.660355
vt 0.136994 0.000000
vt 0.156903 0.000000
vt 0.923005 0.063107
vt 1.000000 0.124104
vt 1.000000 0.142927
vt 0.911520 0.072833
vt 0.831899 0.000000
vt 0.854015 0.000000
vt 0.592507 0.453106
vt 0.145985 0.000000
vt 0.168101 0.000000
vt 0.843860 0.685365
vt 1.000000 0.842094
vt 1.000000 0.862131
vt 1.000000 0.843097
vt 1.000000 0.863006
vt 0.862131 0.862131
vt 0.842094 0.842094
vt 0.478106 0.770237
vt 0.480699 0.780098
vt 0.472119 0.782139
vt 0.461566 0.741832
vt 0.464649 0.722182
vt 0.475181 0.759328
vt 0.461307 0.743476
vt 0.457460 0.785949
vt 0.472859 0.818740
vt 0.462664 0.817999
vt 0.456160 0.794472
vt 0.480425 0.816429
vt 0.488819 0.814817
vt 0.480425 0.816429
vt 0.480699 0.780099
vt 0.453091 0.818427
vt 0.513003 0.949768
vt 0.509830 0.950129
vt 0.507091 0.936540
vt 0.510355 0.936008
vt 0.503147 0.951803
vt 0.499353 0.940075
vt 0.502972 0.937401
vt 0.507091 0.936540
vt 0.501774 0.952333
vt 0.494749 0.943328
vt 0.511962 0.961011
vt 0.509830 0.958959
vt 0.503805 0.953625
vt 0.514132 0.964360
vt 0.513370 0.955302
vt 0.513499 0.957354
vt 0.501774 0.952333
s 0
f 2850/3742/2055 2851/3743/2055 2852/3744/2055 2853/3745/2055 2854/3746/2055 2855/3747/2055 2856/3748/2055 2857/3749/2055
f 2858/3750/2056 2864/3751/2056 2850/3752/2056 2857/3753/2056 2859/3754/2056
f 2854/3755/2057 2853/3756/2057 2860/3757/2057 2861/3758/2057 2862/3759/2057 2863/3760/2057
f 2864/3761/2058 2858/3762/2058 2866/3763/2058 2865/3764/2058
f 2867/3765/2059 2862/3766/2059 2861/3767/2059 2869/3768/2059 2870/3769/2059 2868/3770/2059
f 2872/3771/2060 2868/3772/2060 2870/3773/2060 2873/3774/2060 2874/3775/2060 2871/3776/2060
f 2865/3777/2061 2866/3778/2061 2871/3779/2061 2874/3780/2061
s 1
f 2846/3781/2062 2847/3782/2063 2822/3783/2064 2825/3784/2065 2834/3785/2062 2840/3786/2062
f 2825/3787/2065 2822/3783/2064 2827/3788/2066
f 2838/3789/2067 2836/3790/2068 2828/3791/2069 2827/3788/2066 2822/3783/2064 2843/3792/2070
f 2844/3793/2071 2843/3794/2070 2822/3783/2064 2847/3795/2063
f 2830/3796/2072 2828/3791/2069 2836/3790/2068
f 2849/3797/2073 2823/3798/2074 2842/3799/2075 2845/3800/2076
f 2823/3798/2074 2824/3801/2077 2839/3802/2078 2837/3803/2079 2842/3804/2075
f 2824/3801/2077 2832/3805/2080 2831/3806/2081 2839/3802/2078
f 2824/3801/2077 2823/3798/2074 2835/3807/2082 2826/3808/2083 2829/3809/2084
f 2833/3810/2085 2835/3807/2082 2823/3798/2074 2849/3797/2073 2848/3811/2085 2841/3812/2085
f 2824/3801/2077 2829/3809/2084 2832/3813/2080
o Circle_cell.051
v 0.078499 0.417593 -0.029739
v 0.165199 0.390560 -0.069843
v 0.011770 0.429999 0.003513
v 0.352168 0.321384 0.000000
v 0.321887 0.261968 0.000000
v 0.299101 0.261968 -0.110021
v 0.296944 0.257728 -0.107719
v 0.321841 0.321384 -0.138156
v 0.316897 0.305519 -0.131263
v 0.322382 0.330958 -0.140975
v 0.325991 0.343413 -0.140217
v 0.329347 0.346863 -0.136420
v 0.268825 0.198004 0.053215
v 0.282782 0.204931 0.017745
v 0.288995 0.209016 0.000000
v 0.284552 0.240767 0.116681
v 0.272935 0.204931 0.065294
v 0.296675 0.261968 0.121732
v 0.332727 0.363066 0.136783
v 0.324549 0.321384 0.133355
v 0.335520 0.362851 0.123077
v 0.359871 0.357508 0.000000
v 0.336362 0.362396 -0.118541
v 0.321841 0.321384 -0.138156
v 0.316897 0.305519 -0.131263
v 0.299101 0.261968 -0.110021
v 0.296944 0.257728 -0.107719
v 0.322382 0.330958 -0.140975
v 0.325991 0.343413 -0.140217
v 0.329347 0.346863 -0.136420
v 0.282782 0.204931 0.017745
v 0.288995 0.209016 0.000000
v 0.268825 0.198004 0.053215
v 0.284552 0.240767 0.116681
v 0.272935 0.204931 0.065294
v 0.296675 0.261968 0.121732
v 0.324549 0.321384 0.133355
v 0.332727 0.363066 0.136783
v 0.335520 0.362851 0.123077
v 0.359871 0.357508 0.000000
v 0.336362 0.362396 -0.118541
vn -0.4690 -0.2249 -0.8541
vn -0.4673 -0.2139 -0.8578
vn -0.4496 -0.1313 -0.8835
vn -0.3563 0.1592 -0.9207
vn -0.0570 0.7644 -0.6422
vn -0.5819 -0.7241 -0.3704
vn -0.6196 -0.5712 0.5384
vn -0.3836 -0.0007 0.9235
vn 0.1944 0.9806 0.0243
vn 0.2089 0.9779 -0.0011
vn -0.0545 0.7694 -0.6364
vn 0.9757 -0.2190 -0.0014
vn 0.9435 -0.3314 -0.0014
vn 0.9189 -0.3109 -0.2430
vn 0.9323 -0.2226 -0.2850
vn 0.9534 -0.2248 -0.2015
vn 0.8182 -0.2044 -0.5374
vn 0.8811 -0.4356 -0.1841
vn 0.8739 -0.4862 -0.0007
vn 0.8647 -0.4689 -0.1801
vn 0.8583 -0.4813 0.1778
vn 0.9267 -0.3232 0.1919
vn 0.9585 -0.2044 0.1985
vn 0.8366 -0.5197 0.1733
vn 0.8121 -0.5588 0.1682
vn 0.8283 -0.5333 0.1716
vn 0.8487 -0.5272 0.0426
vn 0.8366 -0.5197 -0.1733
vn 0.7154 -0.6828 0.1482
vt 0.765745 0.515478
vt 0.341602 0.047744
vt 0.299145 0.000000
vt 1.000000 0.000000
vt 1.000000 0.763137
vt 0.916025 0.677860
vt 0.763137 0.763137
vt 0.000000 0.000000
vt 0.717148 0.717148
vt 0.633826 0.000000
vt 0.620979 0.620979
vt 0.647168 0.491821
vt 0.633826 0.633826
vt 0.670630 0.000000
vt 0.441683 0.160791
vt 0.301913 0.000000
vt 1.000000 0.700855
vt 0.513004 0.240602
vt 1.000000 0.328805
vt 1.000000 1.000000
vt 0.301913 0.301913
vt 0.429094 0.303750
vt 0.779962 0.230689
vt 1.000000 0.210697
vt 0.328805 0.328805
vt 0.449150 0.299056
vt 0.210697 0.210697
vt 0.243844 0.000000
vt 1.000000 0.242025
vt 0.243844 0.243844
vt 0.603208 0.172579
vt 0.329370 0.000000
vt 0.421017 0.120952
vt 0.418547 0.112152
vt 0.452164 0.102257
vt 0.454056 0.108645
vt 0.450500 0.113877
vt 0.453316 0.101895
vt 0.455066 0.104955
vt 0.455018 0.107417
vt 0.450725 0.097700
vt 0.413696 0.095400
vt 0.443333 0.086254
vt 0.380806 0.104228
vt 0.385493 0.121078
vt 0.421017 0.120952
vt 0.391602 0.130252
vt 0.388302 0.131194
vt 0.378896 0.097267
vt 0.388577 0.082123
vt 0.402919 0.078369
vt 0.408660 0.078288
vt 0.442491 0.084999
vt 0.391153 0.078193
vt 0.402919 0.078369
s 0
f 2899/3814/2086 2900/3815/2086 2901/3816/2086 2877/3817/2086 2902/3818/2086 2898/3819/2086
f 2875/3817/2087 2902/3820/2087 2877/3821/2087
f 2876/3817/2088 2902/3822/2088 2875/3821/2088
f 2876/3821/2089 2903/3823/2089 2902/3824/2089
f 2904/3825/2090 2903/3826/2090 2876/3821/2090 2915/3827/2090
f 2905/3828/2091 2907/3829/2091 2877/3817/2091 2901/3830/2091 2906/3831/2091
f 2908/3832/2092 2877/3833/2092 2907/3834/2092 2909/3835/2092
f 2911/3836/2093 2912/3837/2093 2877/3833/2093 2908/3838/2093 2910/3839/2093
f 2912/3840/2094 2913/3841/2094 2875/3817/2094 2877/3833/2094
f 2915/3842/2095 2875/3833/2095 2913/3843/2095 2914/3844/2095
f 2915/3845/2096 2876/3817/2096 2875/3833/2096
s 1
f 2896/3846/2097 2878/3847/2098 2882/3848/2099 2886/3849/2100 2897/3850/2101
f 2886/3849/2100 2882/3851/2099 2884/3852/2102 2885/3853/2102
f 2883/3854/2103 2882/3848/2099 2878/3847/2098 2879/3855/2104 2880/3856/2105
f 2892/3857/2106 2879/3855/2104 2878/3847/2098 2894/3858/2107
f 2894/3858/2107 2878/3847/2098 2896/3859/2097 2895/3860/2108 2893/3861/2108
f 2892/3857/2106 2890/3862/2109 2891/3863/2110 2888/3864/2111 2889/3865/2112 2879/3855/2104
f 2881/3866/2113 2880/3856/2105 2879/3855/2104 2889/3865/2112
f 2887/3867/2114 2888/3868/2111 2891/3863/2110
o Circle_cell.052
v 0.050389 1.634732 0.050389
v -0.012313 1.550698 0.066345
v -0.012354 1.533211 0.065844
v -0.010660 1.532607 0.057486
v -0.010597 1.559240 0.058248
v -0.000000 1.582013 0.061083
v 0.002000 1.581811 0.069357
v 0.014491 1.610929 0.067590
v 0.012782 1.611810 0.059273
v 0.027102 1.626997 0.065430
v 0.032512 1.634732 0.062132
v 0.023772 1.625813 0.057391
v 0.051945 1.661930 0.051945
v 0.044656 1.655676 0.044656
v 0.051577 1.667228 0.035773
v 0.060170 1.675655 0.041403
v 0.050021 1.621357 0.034769
v 0.050833 1.656379 0.035289
v 0.057453 1.634732 0.039635
v 0.057154 1.621877 0.039444
v 0.049461 1.597949 0.034448
v 0.056511 1.595051 0.039076
v 0.048320 1.552950 0.033927
v 0.055203 1.543486 0.038478
v 0.047301 1.513410 0.033497
v 0.054367 1.511112 0.038125
v -0.000000 1.529113 0.059596
v -0.000000 1.529161 0.068288
v 0.025959 1.520593 0.062671
v 0.022655 1.521635 0.054694
v 0.047971 1.513271 0.047971
v 0.041865 1.515245 0.041865
v -0.000000 1.577074 0.069638
v -0.010660 1.532607 0.057486
v -0.010597 1.559240 0.058248
v -0.012313 1.550698 0.066345
v -0.012354 1.533211 0.065844
v 0.002000 1.581811 0.069357
v 0.014491 1.610929 0.067590
v -0.000000 1.582013 0.061083
v 0.012782 1.611810 0.059273
v 0.023772 1.625813 0.057391
v 0.027102 1.626997 0.065430
v 0.032512 1.634732 0.062132
v 0.051945 1.661930 0.051945
v 0.060170 1.675655 0.041403
v 0.044656 1.655676 0.044656
v 0.057453 1.634732 0.039635
v 0.057154 1.621877 0.039444
v 0.050021 1.621357 0.034769
v 0.050833 1.656379 0.035289
v 0.051577 1.667228 0.035773
v 0.049461 1.597949 0.034448
v 0.056511 1.595051 0.039076
v 0.048320 1.552950 0.033927
v 0.055203 1.543486 0.038478
v 0.054367 1.511112 0.038125
v 0.047301 1.513410 0.033497
v -0.000000 1.529161 0.068288
v -0.000000 1.529113 0.059596
v 0.022655 1.521635 0.054694
v 0.041865 1.515245 0.041865
v 0.047971 1.513271 0.047971
v 0.025959 1.520593 0.062671
v -0.000000 1.577074 0.069638
vn -0.9799 0.0080 -0.1992
vn -0.8904 0.3956 0.2249
vn -0.7527 0.6204 0.2204
vn 0.5482 -0.0003 -0.8364
vn 0.5483 -0.0017 -0.8363
vn 0.5475 -0.0042 -0.8368
vn 0.5468 -0.0050 -0.8373
vn -0.3124 -0.9499 0.0053
vn -0.8938 0.3890 0.2230
vn -0.2027 -0.0276 0.9788
vn 0.0409 -0.0281 0.9988
vn 0.1476 -0.0278 0.9887
vn 0.7281 -0.0281 0.6849
vn 0.7061 -0.0546 0.7061
vn 0.5485 -0.0422 0.8351
vn 0.4805 -0.0279 0.8766
vn 0.4152 -0.0280 0.9093
vn 0.2027 -0.0276 0.9788
vn 0.8355 -0.0276 0.5488
vn 0.8346 -0.0533 0.5482
vn 0.8332 -0.0790 0.5473
vn 0.7817 -0.0801 0.6185
vn -0.8349 0.0816 -0.5443
vn -0.8355 0.0556 -0.5467
vn -0.7828 0.0412 -0.6208
vn -0.8355 0.0275 -0.5488
vn -0.7281 0.0281 -0.6849
vn 0.2027 0.0275 -0.9788
vn -0.1476 0.0278 -0.9887
vn -0.0409 0.0281 -0.9988
vn -0.2027 0.0275 -0.9788
vn -0.4805 0.0278 -0.8766
vn -0.4152 0.0280 -0.9093
vt 0.692031 0.000000
vt 0.797784 0.000000
vt 1.000000 0.195760
vt 1.000000 0.298150
vt 1.000000 0.844088
vt 1.000000 0.864085
vt 0.063528 0.000000
vt 0.085202 0.000000
vt 0.864085 0.864085
vt 0.844088 0.844088
vt 0.873043 0.641665
vt 0.892054 0.552785
vt 0.955734 0.234928
vt 1.000000 0.095005
vt 1.000000 0.226810
vt 0.962719 0.344544
vt 0.889320 0.687680
vt 1.000000 0.865899
vt 1.000000 0.882985
vt 0.409216 0.382513
vt 0.226810 0.226810
vt 0.095005 0.095005
vt 0.783141 0.682190
vt 0.882985 0.882985
vt 0.865899 0.865899
vt 1.000000 0.867582
vt 1.000000 0.884452
vt 0.884452 0.884452
vt 0.867582 0.867582
vt 1.000000 0.365237
vt 1.000000 0.446084
vt 0.365237 0.365237
vt 0.371826 0.000000
vt 0.454115 0.000000
vt 0.446084 0.446084
vt 1.000000 0.202216
vt 1.000000 0.307969
vt 0.886013 0.248409
vt 0.663322 0.246227
vt 0.492563 0.359317
vt 0.454115 0.454115
vt 0.371826 0.371826
vt 0.417064 0.260286
vt 0.612726 0.130698
vt 0.867897 0.133192
vt 1.000000 0.476667
vt 1.000000 0.656389
vt 0.925884 0.100302
vt 0.914798 0.000000
vt 0.936472 0.000000
vt 0.465046 0.718253
vt 0.461416 0.705505
vt 0.469023 0.700453
vt 0.478718 0.735554
vt 0.503226 0.679247
vt 0.527805 0.769851
vt 0.513241 0.772804
vt 0.507341 0.767969
vt 0.485867 0.689354
vt 0.478718 0.735554
vt 0.469023 0.700454
vt 0.485867 0.689354
vt 0.507341 0.767969
vt 0.495442 0.758163
vt 0.481039 0.738721
vt 0.511254 0.675601
vt 0.517970 0.699826
vt 0.528633 0.738424
vt 0.534133 0.758511
vt 0.536763 0.768129
vt 0.503226 0.679247
vt 0.540341 0.794821
vt 0.530357 0.787242
vt 0.534795 0.947219
vt 0.533875 0.951316
vt 0.530907 0.950497
vt 0.533875 0.951316
vt 0.531961 0.956762
vt 0.530649 0.960396
vt 0.528108 0.967375
vt 0.525887 0.973507
vt 0.524500 0.972620
vt 0.514623 0.964998
vt 0.517160 0.961132
vt 0.517483 0.969515
vt 0.515034 0.969253
vt 0.520652 0.956450
vt 0.523115 0.954278
vt 0.521165 0.970831
vt 0.523115 0.954278
vt 0.530674 0.950551
vt 0.524500 0.972620
s 0
f 2949/3869/2115 2952/3870/2115 2951/3871/2115 2950/3872/2115
f 2954/3873/2116 2956/3874/2116 2955/3875/2116 2953/3876/2116
f 2956/3877/2117 2954/3878/2117 2958/3879/2117 2959/3880/2117 2960/3881/2117 2961/3882/2117 2967/3883/2117 2962/3884/2117 2957/3885/2117
f 2964/3886/2118 2965/3887/2118 2966/3888/2118 2967/3889/2118 2961/3890/2118 2963/3891/2118
f 2965/3892/2119 2964/3893/2119 2969/3894/2119 2968/3895/2119
f 2968/3896/2120 2969/3897/2120 2971/3898/2120 2970/3899/2120
f 2971/3900/2121 2972/3901/2121 2973/3902/2121 2970/3903/2121
f 2952/3904/2122 2949/3905/2122 2975/3906/2122 2976/3907/2122 2977/3908/2122 2973/3909/2122 2972/3910/2122 2978/3911/2122 2979/3912/2122 2974/3913/2122
f 2950/3914/2123 2951/3915/2123 2980/3916/2123 2953/3917/2123 2955/3918/2123
s 1
f 2917/3919/2124 2918/3920/2124 2943/3921/2125 2948/3922/2126
f 2946/3923/2127 2916/3924/2128 2926/3925/2129 2925/3926/2130 2944/3927/2131
f 2948/3928/2126 2943/3929/2125 2944/3930/2131 2925/3931/2130 2923/3932/2132 2922/3933/2132
f 2941/3934/2133 2939/3935/2133 2937/3936/2133 2935/3937/2133 2934/3938/2134 2916/3924/2128 2946/3939/2127
f 2931/3940/2135 2928/3941/2136 2916/3924/2128 2934/3938/2134
f 2926/3925/2129 2916/3924/2128 2928/3941/2136
f 2930/3942/2137 2933/3943/2138 2929/3944/2139
f 2929/3944/2139 2933/3945/2138 2932/3946/2140 2936/3947/2140 2938/3948/2140 2940/3949/2140 2947/3950/2141
f 2920/3951/2142 2921/3952/2143 2942/3953/2144 2919/3954/2142
f 2921/3952/2143 2924/3955/2145 2927/3956/2146 2945/3957/2147 2942/3953/2144
f 2927/3958/2146 2929/3959/2139 2947/3960/2141 2945/3957/2147
o Circle_cell.053
v 0.008702 0.771970 0.022943
v -0.008147 0.786451 0.046891
v -0.000207 0.692059 0.001569
v 0.041909 0.591743 0.103520
v 0.004259 0.604137 0.013797
v 0.000100 0.627814 0.001875
v -0.030879 0.610571 0.005831
v -0.009044 0.664864 0.000307
v -0.001672 0.686789 0.000755
v -0.000315 0.567782 0.079847
v 0.005326 0.564504 0.053655
v -0.025835 0.605174 -0.000468
v -0.008607 0.584598 0.005799
v -0.019501 0.621484 -0.001560
v -0.006094 0.590335 0.005947
v -0.007079 0.653778 -0.002681
v -0.118012 0.728118 0.284905
v -0.105566 0.799791 0.254860
v -0.000000 0.728118 0.309346
v -0.000000 0.872857 0.236890
v -0.000000 0.653589 0.335684
v -0.000000 0.799791 0.276723
v 0.120669 0.667870 0.305646
v 0.083579 0.653589 0.318374
v 0.122419 0.689166 0.297758
v 0.097642 0.834558 0.237548
v 0.104834 0.799791 0.255012
v 0.117204 0.728118 0.285072
v -0.083226 0.653589 0.318447
v -0.107819 0.663005 0.310026
v -0.000000 0.621171 0.344221
v -0.117014 0.673770 0.304318
v -0.124199 0.682222 0.299843
v -0.161409 0.728118 0.256399
v -0.173753 0.743544 0.240065
v -0.178628 0.750000 0.233421
v 0.089634 0.872857 0.218326
v 0.088204 0.879418 0.214892
v 0.074455 0.881071 0.216800
v -0.000000 0.887585 0.228516
v -0.044310 0.883700 0.221548
v -0.091866 0.865669 0.221783
v -0.073032 0.872857 0.221765
v -0.129479 0.843477 0.211251
v -0.141501 0.822192 0.216949
v -0.167345 0.773699 0.228194
v -0.154135 0.799791 0.222958
v 0.120669 0.667870 0.305646
v 0.083579 0.653589 0.318374
v 0.104834 0.799791 0.255012
v 0.117204 0.728118 0.285072
v 0.122419 0.689166 0.297758
v 0.097642 0.834558 0.237548
v -0.083226 0.653589 0.318447
v -0.107819 0.663005 0.310026
v -0.000000 0.621171 0.344221
v -0.117014 0.673770 0.304318
v -0.124199 0.682222 0.299843
v -0.161409 0.728118 0.256399
v -0.173753 0.743544 0.240065
v -0.178628 0.750000 0.233421
v 0.089634 0.872857 0.218326
v 0.088204 0.879418 0.214892
v 0.074455 0.881071 0.216800
v -0.000000 0.887585 0.228516
v -0.044310 0.883700 0.221548
v -0.073032 0.872857 0.221765
v -0.091866 0.865669 0.221783
v -0.129479 0.843477 0.211251
v -0.141501 0.822192 0.216949
v -0.167345 0.773699 0.228194
v -0.154135 0.799791 0.222958
vn 0.8322 -0.3818 -0.4020
vn 0.4363 -0.8849 0.1632
vn 0.4049 -0.8961 0.1819
vn 0.3283 -0.9260 0.1866
vn -0.7306 -0.6790 -0.0724
vn 0.8315 -0.3827 -0.4028
vn 0.8139 -0.3444 -0.4679
vn 0.7428 -0.1925 -0.6413
vn 0.9198 -0.0353 -0.3908
vn 0.9305 -0.0443 -0.3635
vn 0.9242 -0.0007 -0.3819
vn -0.4052 -0.8960 0.1814
vn -0.7402 -0.6688 -0.0690
vn -0.7415 -0.6673 -0.0699
vn -0.7510 -0.6548 -0.0852
vn 0.1885 -0.1383 -0.9723
vn 0.2119 -0.1306 -0.9685
vn 0.4360 -0.1681 -0.8841
vn 0.2069 -0.1133 -0.9718
vn 0.5320 -0.0015 -0.8468
vn 0.9197 0.0025 -0.3927
vn 0.9237 0.0009 -0.3831
vn 0.0348 0.8658 -0.4991
vn -0.0001 0.8737 -0.4865
vn -0.3152 0.7987 -0.5126
vn -0.7365 0.2475 -0.6295
vn -0.7368 0.2466 -0.6296
vn -0.7451 0.2301 -0.6260
vn -0.8283 -0.5140 -0.2229
vn -0.6747 0.1990 -0.7108
vn -0.5889 0.1759 -0.7888
vn -0.4707 0.1509 -0.8693
vn 0.4020 0.0295 -0.9152
vn -0.4306 0.1629 -0.8877
vn -0.5405 0.2731 -0.7958
vn -0.7103 0.2572 -0.6553
vn -0.7164 0.2542 -0.6497
vn 0.0001 0.2547 0.9670
vn 0.1923 0.3181 0.9284
vn -0.0000 0.2927 0.9562
vn -0.1923 0.3181 0.9284
vn -0.2768 0.3309 0.9022
vn -0.3553 0.3713 0.8578
vn -0.5058 0.3889 0.7700
vn -0.1917 0.3270 0.9254
vn -0.0000 0.3721 0.9282
vn -0.0000 0.4449 0.8956
vn -0.3429 0.4439 0.8279
vn -0.5015 0.4071 0.7634
vn -0.4947 0.4336 0.7532
vn 0.1888 0.3656 0.9114
vn 0.1917 0.3270 0.9254
vn 0.1824 0.4376 0.8805
vn -0.2860 0.4768 0.8312
vn -0.0000 0.4860 0.8740
vn -0.1787 0.4730 0.8628
vn -0.1772 0.4865 0.8555
vn -0.0000 0.4943 0.8693
vn 0.1781 0.4783 0.8600
vn 0.1789 0.4709 0.8638
vn 0.1772 0.4865 0.8555
vn -0.4843 0.4709 0.7373
vt 0.000000 0.000000
vt 1.000000 0.000000
vt 1.000000 1.000000
vt 1.000000 0.309689
vt 0.309689 0.309689
vt 0.524308 0.274932
vt 1.000000 0.205337
vt 0.220220 0.000000
vt 0.709858 0.000000
vt 1.000000 0.363568
vt 0.679388 0.530506
vt 0.709858 0.709858
vt 0.565267 0.000000
vt 0.607199 0.179377
vt 0.320279 0.000000
vt 0.998502 0.778342
vt 0.474969 0.179360
vt 0.276644 0.000000
vt 0.320279 0.320279
vt 0.276644 0.276644
vt 0.349943 0.287471
vt 0.830857 0.392644
vt 1.000000 0.432191
vt 0.432191 0.432191
vt 0.441588 0.000000
vt 0.561075 0.064090
vt 1.000000 0.434733
vt 0.484898 0.000000
vt 1.000000 0.456859
vt 0.484898 0.484898
vt 0.488564 0.177467
vt 0.456859 0.456859
vt 0.469933 0.000000
vt 0.469932 0.469932
vt 0.443041 0.000000
vt 0.470674 0.222302
vt 0.470581 0.320651
vt 0.557345 0.000000
vt 1.000000 0.457776
vt 1.000000 0.545092
vt 0.712162 0.500494
vt 0.457776 0.457776
vt 1.000000 0.550798
vt 0.545092 0.545092
vt 0.550798 0.550798
vt 0.310107 0.220486
vt 0.332674 0.221681
vt 0.312484 0.228299
vt 0.309748 0.220542
vt 0.292633 0.235788
vt 0.284847 0.247141
vt 0.289508 0.258871
vt 0.276730 0.264180
vt 0.285975 0.244231
vt 0.287422 0.240522
vt 0.319284 0.247463
vt 0.326565 0.267894
vt 0.297666 0.279146
vt 0.272390 0.273241
vt 0.273619 0.270589
vt 0.276730 0.264180
vt 0.282152 0.285653
vt 0.276691 0.279303
vt 0.349331 0.237664
vt 0.332673 0.221681
vt 0.344519 0.222435
vt 0.346135 0.227505
vt 0.355830 0.258435
vt 0.306323 0.300393
vt 0.335072 0.291686
vt 0.312603 0.300596
vt 0.322453 0.301464
vt 0.337101 0.297343
vt 0.363319 0.282684
vt 0.355830 0.258435
vt 0.359418 0.269966
vt 0.364104 0.285251
vt 0.360082 0.287243
vt 0.337101 0.297343
vt 0.286827 0.292172
vt 0.282152 0.285653
vt 0.306323 0.300393
vt 0.291716 0.298168
s 0
f 2985/3961/2148 2984/3962/2148 2991/3963/2148
f 2984/3961/2149 3028/3964/2149 2991/3963/2149
f 2991/3963/2150 3028/3965/2150 3029/3966/2150 3036/3967/2150
f 2990/3962/2151 2991/3963/2151 3036/3968/2151
f 2990/3961/2152 2993/3962/2152 2991/3963/2152
f 2993/3961/2153 2985/3962/2153 2991/3963/2153
f 2993/3961/2154 2995/3962/2154 2985/3963/2154
f 2995/3961/2155 2986/3962/2155 2985/3963/2155
f 2986/3961/2156 2984/3962/2156 2985/3963/2156
f 2984/3963/2157 2986/3961/2157 3032/3969/2157 3028/3970/2157
f 3031/3971/2158 3032/3972/2158 2986/3961/2158 3033/3973/2158 3030/3974/2158
f 3035/3975/2159 2990/3962/2159 3036/3976/2159 3034/3977/2159
f 3037/3978/2160 2993/3962/2160 2990/3963/2160 3035/3979/2160
f 2993/3963/2161 3037/3980/2161 3038/3981/2161 3039/3982/2161 3040/3983/2161
f 2992/3962/2162 2993/3963/2162 3040/3984/2162 3041/3985/2162
f 2992/3961/2163 2994/3962/2163 2993/3963/2163
f 2994/3961/2164 2986/3962/2164 2993/3963/2164
f 2986/3961/2165 2995/3962/2165 2993/3963/2165
f 2994/3961/2166 2996/3962/2166 2986/3963/2166
f 2996/3961/2167 2983/3962/2167 2986/3963/2167
f 2983/3961/2168 2981/3962/2168 2986/3963/2168
f 3042/3986/2169 3033/3987/2169 2986/3963/2169 2981/3961/2169 3043/3988/2169
f 2981/3961/2170 2982/3962/2170 3044/3989/2170 3043/3990/2170
f 3045/3991/2171 3044/3992/2171 2982/3961/2171 3046/3993/2171
f 3046/3994/2172 2982/3961/2172 3049/3995/2172 3048/3996/2172 3047/3997/2172
f 3049/3998/2173 2982/3962/2173 3050/3999/2173
f 2982/3961/2174 2988/3962/2174 3051/4000/2174 3052/4001/2174 3050/4002/2174
f 2988/3961/2175 2987/3962/2175 3041/4003/2175 3051/4004/2175
f 2987/3961/2176 2992/3962/2176 3041/4005/2176
f 2987/3961/2177 2988/3962/2177 2992/3963/2177
f 2988/3961/2178 2994/3962/2178 2992/3963/2178
f 2988/3961/2179 2996/3962/2179 2994/3963/2179
f 2989/3961/2180 2983/3962/2180 2996/3963/2180
f 2988/3961/2181 2989/3962/2181 2996/3963/2181
f 2989/3961/2182 2981/3962/2182 2983/3963/2182
f 2989/3961/2183 2982/3962/2183 2981/3963/2183
f 2989/3961/2184 2988/3962/2184 2982/3963/2184
s 1
f 3011/4006/2185 3004/4007/2186 3001/4008/2187
f 3011/4009/2185 3001/4008/2187 3009/4010/2188
f 3013/4011/2189 2997/4012/2190 3014/4013/2191
f 3012/4014/2192 3010/4015/2192 3009/4010/2188 3001/4008/2187 2999/4016/2193 2997/4012/2190 3013/4011/2189
f 2997/4012/2190 2999/4016/2193 3002/4017/2194 2998/4018/2195
f 3016/4019/2196 3015/4020/2196 3014/4021/2191 2997/4012/2190 2998/4018/2195 3027/4022/2197 3026/4023/2196
f 3008/4024/2198 2999/4016/2193 3001/4008/2187 3004/4025/2186 3003/4026/2199 3005/4027/2199
f 3007/4028/2200 3002/4017/2194 2999/4016/2193 3008/4024/2198
f 3022/4029/2201 2998/4018/2195 3002/4017/2194 3000/4030/2202 3023/4031/2203
f 3021/4032/2204 3023/4031/2203 3000/4030/2202 3020/4033/2205
f 3017/4034/2206 3000/4030/2202 3002/4017/2194 3007/4035/2200 3006/4036/2207
f 3000/4030/2202 3017/4034/2206 3018/4037/2208 3019/4038/2208 3020/4039/2205
f 3025/4040/2209 3027/4041/2197 2998/4018/2195 3022/4042/2201 3024/4043/2209
o Circle_cell.054
v 0.065179 1.067736 -0.098718
v 0.000753 0.931087 -0.000702
v 0.000761 0.807711 -0.000806
v 0.067974 0.976106 -0.164104
v 0.096033 0.976106 -0.145673
v 0.062531 1.067124 -0.103797
v 0.027955 1.039514 -0.134405
v 0.049204 1.058237 -0.118788
v 0.028940 1.030972 -0.139318
v 0.035027 0.978844 -0.169287
v 0.045955 0.881511 -0.222452
v 0.046960 0.872857 -0.227165
v 0.048330 0.860576 -0.233576
v 0.061279 0.872857 -0.224199
v 0.112772 0.921237 -0.171230
v 0.085410 0.895727 -0.206197
v 0.035027 0.978844 -0.169287
v 0.045955 0.881511 -0.222452
v 0.096033 0.976106 -0.145673
v 0.065179 1.067736 -0.098718
v 0.062531 1.067124 -0.103797
v 0.049204 1.058237 -0.118788
v 0.027955 1.039514 -0.134405
v 0.028940 1.030972 -0.139318
v 0.046960 0.872857 -0.227165
v 0.048330 0.860576 -0.233576
v 0.061279 0.872857 -0.224199
v 0.085410 0.895727 -0.206197
v 0.112772 0.921237 -0.171230
vn -0.7477 0.5819 0.3198
vn -0.9801 0.0011 -0.1985
vn -0.9800 0.0001 -0.1992
vn -0.9798 -0.0007 -0.2000
vn -0.9796 -0.0042 -0.2011
vn 0.6959 -0.7179 -0.0208
vn 0.1789 0.4709 -0.8638
vn 0.1776 0.4789 -0.8597
vn 0.1769 0.4829 -0.8576
vn 0.1763 0.4867 -0.8556
vn 0.1756 0.4970 -0.8498
vn 0.3386 0.5033 -0.7951
vn 0.2641 0.4920 -0.8296
vn 0.4797 0.4865 -0.7302
vn 0.4922 0.4970 -0.7147
vn 0.5044 0.5072 -0.6988
vn 0.4107 0.5139 -0.7532
vn 0.1749 0.5060 -0.8446
vn 0.8357 -0.0004 0.5491
vt 0.450915 0.258083
vt 1.000000 0.598828
vt 1.000000 1.000000
vt 0.009887 0.000000
vt 0.082764 0.043184
vt 1.000000 0.668662
vt 0.598828 0.598828
vt 0.668662 0.668662
vt 0.597178 0.000000
vt 1.000000 0.000000
vt 1.000000 0.469721
vt 0.608602 0.593406
vt 0.689502 0.337670
vt 1.000000 0.152010
vt 0.469721 0.469721
vt 0.595030 0.369423
vt 1.000000 0.591962
vt 0.152010 0.152010
vt 0.305753 0.227163
vt 0.566153 0.254261
vt 0.565555 0.259422
vt 0.559979 0.258664
vt 0.564874 0.263301
vt 0.557042 0.305506
vt 0.543384 0.303052
vt 0.547484 0.267296
vt 0.531276 0.277884
vt 0.529520 0.301960
vt 0.528063 0.348807
vt 0.525590 0.348675
vt 0.537754 0.344777
vt 0.550686 0.336965
vt 0.556777 0.306863
vt 0.551571 0.332723
vt 0.591962 0.591962
vt 0.398992 0.052585
s 0
f 3074/4044/2210 3075/4045/2210 3054/4046/2210 3053/4047/2210 3073/4048/2210
f 3076/4049/2211 3054/4046/2211 3075/4050/2211
f 3054/4046/2212 3076/4051/2212 3069/4052/2212 3055/4053/2212
f 3070/4054/2213 3055/4046/2213 3069/4055/2213
f 3077/4056/2214 3078/4057/2214 3055/4046/2214 3070/4058/2214
f 3080/4059/2215 3081/4060/2215 3055/4046/2215 3078/4061/2215 3079/4062/2215
s 1
f 3065/4063/2216 3064/4064/2217 3066/4065/2218
f 3064/4064/2217 3063/4066/2219 3062/4067/2220 3056/4068/2221 3068/4069/2222 3066/4065/2218
f 3067/4070/2223 3068/4069/2222 3056/4068/2221 3071/4071/2224
f 3058/4072/2225 3072/4073/2225 3071/4071/2224 3056/4068/2221 3060/4074/2226
f 3059/4075/2227 3060/4074/2226 3056/4068/2221 3062/4076/2220 3061/4077/2227
s 0
f 3053/4053/2228 3054/4046/2228 3055/4046/2228 3081/4078/2228 3057/4079/2228
o Circle_cell.055
v 0.078475 1.827958 -0.032505
v 0.081832 1.819147 -0.033896
v 0.072601 1.814529 -0.030072
v 0.075166 1.808511 -0.013500
v 0.084866 1.807676 -0.014240
v 0.075781 1.814529 -0.014717
v 0.081327 1.827958 -0.018733
v 0.085360 1.819147 -0.016862
v 0.056137 1.814529 -0.055137
v 0.062476 1.813648 -0.062476
v 0.063178 1.819147 -0.062294
v 0.061320 1.827958 -0.058621
v 0.056777 1.808282 -0.052557
v 0.062885 1.807406 -0.060848
v 0.071743 1.808068 -0.029717
v 0.080833 1.807148 -0.033482
v 0.081327 1.827958 -0.018733
v 0.085360 1.819147 -0.016862
v 0.075781 1.814529 -0.014717
v 0.063178 1.819147 -0.062294
v 0.061320 1.827958 -0.058621
v 0.062476 1.813648 -0.062476
v 0.056137 1.814529 -0.055137
v 0.084866 1.807676 -0.014240
v 0.080833 1.807148 -0.033482
v 0.075166 1.808511 -0.013500
v 0.071743 1.808068 -0.029717
v 0.056777 1.808282 -0.052557
v 0.062885 1.807406 -0.060848
vn 0.1016 0.2230 0.9695
vn -0.7700 -0.0539 -0.6357
vn -0.0823 -0.9956 0.0446
vn 0.8326 -0.0882 -0.5469
vn 0.8294 0.1233 -0.5448
vn 0.9140 0.1460 -0.3786
vn 0.9197 -0.0898 -0.3822
vn 0.9732 0.1103 -0.2016
vn 0.9754 -0.0882 -0.2020
vn -0.7964 0.3034 0.5231
vn -0.8832 0.2933 0.3659
vn 0.1232 0.9911 -0.0510
vn 0.1439 0.9851 -0.0945
vn 0.0774 0.9969 -0.0160
vn -0.9436 0.2673 0.1954
vn -0.9141 0.1422 0.3798
vn -0.9696 0.1398 0.2008
vn -0.8276 0.1398 0.5436
vt 0.995975 0.839764
vt 0.868149 0.853521
vt 0.853831 0.853831
vt 0.830281 0.830281
vt 0.900730 0.829680
vt 0.836376 0.158734
vt 0.924327 0.221700
vt 1.000000 0.278150
vt 1.000000 0.379440
vt 0.932640 0.328850
vt 0.705804 0.112054
vt 1.000000 0.848234
vt 1.000000 0.872906
vt 0.760824 0.675149
vt 0.412748 0.412748
vt 0.299169 0.299169
vt 0.716247 0.613548
vt 0.608078 0.882595
vt 0.607128 0.885711
vt 0.605771 0.888934
vt 0.587603 0.883177
vt 0.589068 0.876600
vt 0.578992 0.881288
vt 0.578825 0.874994
vt 0.600105 0.902602
vt 0.583927 0.895954
vt 0.586303 0.888145
vt 0.603087 0.894041
vt 0.579258 0.886413
vt 0.575887 0.893657
vt 0.603087 0.894041
vt 0.605771 0.888934
vt 0.582620 0.899204
vt 0.575469 0.894316
vt 0.575887 0.893657
vt 0.600105 0.902602
vt 0.597106 0.905241
vt 0.582620 0.899204
s 0
f 3098/4080/2229 3100/4081/2229 3107/4082/2229 3105/4083/2229 3099/4084/2229
f 3101/4085/2230 3103/4086/2230 3110/4087/2230 3109/4088/2230 3104/4089/2230 3102/4090/2230
f 3105/4091/2231 3107/4092/2231 3108/4093/2231 3109/4094/2231 3110/4095/2231 3106/4096/2231
s 1
f 3095/4097/2232 3091/4098/2232 3092/4099/2233 3083/4100/2234 3097/4101/2235
f 3097/4101/2235 3083/4100/2234 3089/4102/2236 3086/4103/2237
f 3090/4104/2238 3084/4105/2239 3082/4106/2240 3093/4107/2241
f 3088/4108/2242 3082/4106/2240 3084/4105/2239 3087/4109/2243
f 3083/4100/2234 3082/4106/2240 3088/4108/2242 3089/4102/2236
f 3093/4110/2241 3082/4106/2240 3083/4100/2234 3092/4111/2233
f 3084/4105/2239 3096/4112/2244 3085/4113/2245 3087/4114/2243
f 3084/4105/2239 3090/4115/2238 3094/4116/2246 3096/4117/2244
o Circle_cell.056
v 0.024100 1.656379 0.058182
v 0.014875 1.614338 0.067606
v 0.014912 1.634732 0.068173
v 0.015537 1.686143 0.072202
v 0.013167 1.615239 0.059290
v 0.013240 1.656379 0.060431
v 0.013654 1.689036 0.063074
v 0.013808 1.698797 0.063858
v 0.015708 1.697387 0.073076
v 0.014144 1.704620 0.064275
v 0.016092 1.704091 0.073539
v 0.029153 1.698484 0.070381
v 0.025482 1.699753 0.061520
v 0.046677 1.690349 0.046678
v 0.053420 1.687719 0.053420
v 0.052920 1.687404 0.036735
v 0.060483 1.680283 0.041595
v 0.052025 1.671759 0.035766
v 0.022712 1.624370 0.066266
v 0.027135 1.630083 0.065510
v 0.020006 1.623993 0.058120
v 0.023805 1.628901 0.057471
v 0.030341 1.634732 0.063558
v 0.048131 1.659978 0.054265
v 0.042749 1.656379 0.045932
v 0.045540 1.660524 0.043964
v 0.052169 1.665848 0.052169
v 0.014875 1.614338 0.067606
v 0.014912 1.634732 0.068173
v 0.015537 1.686143 0.072202
v 0.013240 1.656379 0.060431
v 0.013654 1.689036 0.063074
v 0.013167 1.615239 0.059290
v 0.013808 1.698797 0.063858
v 0.015708 1.697387 0.073076
v 0.014144 1.704620 0.064275
v 0.016092 1.704091 0.073539
v 0.029153 1.698484 0.070381
v 0.053420 1.687719 0.053420
v 0.046677 1.690349 0.046678
v 0.052920 1.687404 0.036735
v 0.025482 1.699753 0.061520
v 0.052025 1.671759 0.035766
v 0.030341 1.634732 0.063558
v 0.048131 1.659978 0.054265
v 0.027135 1.630083 0.065510
v 0.022712 1.624370 0.066266
v 0.020006 1.623993 0.058120
v 0.023805 1.628901 0.057471
v 0.042749 1.656379 0.045932
v 0.060483 1.680283 0.041595
v 0.052169 1.665848 0.052169
v 0.045540 1.660524 0.043964
vn -0.9796 -0.0038 0.2009
vn -0.9794 -0.0008 0.2018
vn -0.9773 0.0416 0.2078
vn 0.4401 0.8974 -0.0301
vn 0.5537 0.0199 -0.8325
vn 0.7564 -0.6150 -0.2229
vn 0.7538 -0.6185 -0.2219
vn 0.7640 -0.6049 -0.2246
vn 0.2791 -0.0586 0.9585
vn 0.1974 -0.0581 0.9786
vn 0.2027 -0.0276 0.9788
vn 0.8332 -0.0790 0.5473
vn 0.6648 -0.0802 0.7427
vn 0.6268 -0.0798 0.7751
vn 0.1939 -0.0772 0.9780
vn 0.3368 -0.0791 0.9383
vn 0.5522 -0.0785 0.8300
vn -0.6692 0.0839 -0.7383
vn -0.8078 0.0839 -0.5835
vn -0.6045 0.0675 -0.7937
vn -0.3821 0.0557 -0.9224
vn -0.3395 0.0829 -0.9369
vn -0.2025 0.0546 -0.9778
vn -0.2021 0.0816 -0.9760
vn -0.2027 0.0275 -0.9788
vn -0.2809 0.0279 -0.9593
vt 0.393678 0.235727
vt 1.000000 0.833193
vt 1.000000 0.855146
vt 0.614543 0.475515
vt 0.136941 0.000000
vt 0.156914 0.000000
vt 0.855146 0.855146
vt 0.833193 0.833193
vt 1.000000 0.831283
vt 1.000000 0.853428
vt 0.853428 0.853428
vt 0.831283 0.831283
vt 1.000000 0.251831
vt 1.000000 0.349876
vt 0.395715 0.139593
vt 0.799208 0.023696
vt 1.000000 0.043148
vt 1.000000 0.168364
vt 0.827712 0.151573
vt 0.474942 0.252550
vt 0.349876 0.349876
vt 0.251831 0.251831
vt 0.133734 0.000000
vt 0.523496 0.000000
vt 0.168363 0.168363
vt 0.039303 0.000000
vt 0.065720 0.000000
vt 0.729042 0.598990
vt 0.851488 0.708992
vt 1.000000 0.846284
vt 1.000000 0.865851
vt 0.872433 0.747922
vt 0.070664 0.027256
vt 1.000000 0.863059
vt 0.865851 0.865851
vt 0.846284 0.846284
vt 1.000000 0.843086
vt 0.940354 0.000000
vt 1.000000 0.476504
vt 1.000000 0.866266
vt 0.914460 0.184437
vt 0.897324 0.000000
vt 0.508902 0.773684
vt 0.500542 0.775540
vt 0.496393 0.760602
vt 0.503761 0.766767
vt 0.541064 0.800441
vt 0.532776 0.803732
vt 0.530724 0.789747
vt 0.508223 0.818297
vt 0.507222 0.814244
vt 0.505871 0.807369
vt 0.500542 0.775540
vt 0.515854 0.813208
vt 0.515854 0.813208
vt 0.511473 0.773163
vt 0.528371 0.787616
vt 0.532634 0.937630
vt 0.536396 0.939601
vt 0.535241 0.945528
vt 0.531292 0.948964
vt 0.530873 0.949320
vt 0.530049 0.950346
vt 0.523687 0.949422
vt 0.524198 0.933237
vt 0.520541 0.949388
vt 0.520711 0.937207
vt 0.520750 0.933570
vt 0.520836 0.931403
vt 0.520746 0.955908
vt 0.523173 0.953788
vt 0.522451 0.954546
s 0
f 3139/4118/2247 3140/4119/2247 3142/4120/2247 3141/4121/2247 3143/4122/2247 3138/4123/2247
f 3142/4124/2248 3140/4125/2248 3145/4126/2248 3144/4127/2248
f 3144/4128/2249 3145/4129/2249 3147/4130/2249 3146/4131/2249
f 3148/4132/2250 3149/4133/2250 3161/4134/2250 3151/4135/2250 3150/4136/2250 3152/4137/2250 3146/4138/2250 3147/4139/2250
f 3161/4140/2251 3153/4141/2251 3151/4142/2251
f 3163/4143/2252 3155/4144/2252 3154/4145/2252 3156/4146/2252 3157/4147/2252 3158/4148/2252 3159/4149/2252 3160/4150/2252
f 3143/4151/2253 3158/4152/2253 3157/4153/2253 3138/4154/2253
f 3163/4155/2254 3153/4156/2254 3161/4157/2254 3162/4158/2254 3155/4159/2254
s 1
f 3130/4160/2255 3113/4161/2256 3112/4162/2257 3129/4163/2257
f 3127/4164/2258 3125/4165/2259 3137/4166/2260
f 3121/4167/2261 3119/4168/2261 3114/4169/2261 3113/4170/2256 3130/4160/2255 3122/4171/2262
f 3137/4166/2260 3125/4165/2259 3122/4172/2262 3130/4160/2255 3133/4173/2263 3134/4174/2263
f 3124/4175/2264 3126/4176/2265 3128/4177/2265 3136/4178/2265 3135/4179/2266
f 3135/4180/2266 3111/4181/2267 3123/4182/2268 3124/4175/2264
f 3111/4181/2267 3116/4183/2269 3117/4184/2270 3118/4185/2270 3120/4186/2270 3123/4182/2268
f 3115/4187/2271 3116/4183/2269 3111/4181/2267 3132/4188/2272 3131/4189/2271
f 3135/4180/2266 3132/4188/2272 3111/4181/2267
o Circle_cell.057
v -0.213686 0.147894 -0.088512
v -0.010241 0.414075 -0.000966
v -0.002546 0.418000 -0.000457
v -0.003635 0.424980 -0.002887
v -0.011301 0.432304 -0.010138
v -0.324343 0.321384 -0.134347
v -0.296455 0.261968 -0.122796
v -0.263825 0.204931 -0.109280
v -0.274999 0.204931 -0.055325
v -0.253938 0.181931 -0.051018
v -0.295091 0.238644 -0.059428
v -0.297163 0.243014 -0.062532
v -0.327364 0.321384 -0.119763
v -0.329313 0.342112 -0.131692
v -0.305911 0.261968 -0.077140
v -0.215485 0.147894 -0.079823
v -0.149560 0.147894 -0.098998
v -0.228901 0.264377 -0.227830
v -0.226982 0.259749 -0.226103
v -0.327776 0.338865 -0.135769
v -0.309149 0.321384 -0.157479
v -0.176660 0.147894 -0.144881
v -0.190947 0.187204 -0.190051
v -0.202910 0.204931 -0.202017
v -0.274999 0.204931 -0.055325
v -0.253938 0.181931 -0.051018
v -0.295091 0.238644 -0.059428
v -0.297163 0.243014 -0.062532
v -0.305911 0.261968 -0.077140
v -0.327364 0.321384 -0.119763
v -0.329313 0.342112 -0.131692
v -0.215485 0.147894 -0.079823
v -0.149560 0.147894 -0.098998
v -0.327776 0.338865 -0.135769
v -0.309149 0.321384 -0.157479
v -0.228901 0.264377 -0.227830
v -0.176660 0.147894 -0.144881
v -0.190947 0.187204 -0.190051
v -0.202910 0.204931 -0.202017
v -0.226982 0.259749 -0.226103
vn -0.2008 -0.0004 0.9796
vn -0.4099 0.3909 0.8242
vn -0.4256 0.4210 0.8010
vn 0.0896 -0.2989 0.9501
vn 0.2485 -0.4482 0.8587
vn -0.4066 0.3917 0.8254
vn -0.2107 0.2920 0.9329
vn 0.6983 0.0226 -0.7154
vn 0.0143 0.7848 -0.6196
vn 0.8273 -0.2699 -0.4926
vn 0.7650 -0.1021 -0.6359
vn 0.7070 -0.0003 -0.7072
vn -0.9111 -0.3665 -0.1887
vn -0.8726 -0.3285 -0.3614
vn -0.8065 -0.4879 -0.3341
vn -0.8506 -0.4954 -0.1762
vn -0.7246 -0.4984 -0.4760
vn -0.7641 -0.4053 -0.5019
vn -0.3996 -0.9016 -0.1655
vn -0.4296 -0.8578 -0.2822
vn -0.0000 -1.0000 -0.0000
vn -0.5190 -0.8480 -0.1075
vn -0.9288 -0.2074 -0.3070
vn -0.9585 -0.2044 -0.1985
vn -0.7357 -0.6049 -0.3048
vn -0.7148 -0.5182 -0.4696
vn -0.6704 -0.5971 -0.4404
vn -0.7802 -0.6043 -0.1616
vn -0.8366 -0.5197 -0.1733
vn -0.7154 -0.6828 -0.1482
vn -0.6106 -0.6828 -0.4011
vt 0.265165 0.000000
vt 1.000000 0.000000
vt 1.000000 0.696623
vt 0.587294 0.312767
vt 0.696623 0.696623
vt 0.000000 0.000000
vt 1.000000 0.700916
vt 0.700916 0.700916
vt 0.780626 0.000000
vt 0.775685 0.137837
vt 0.722546 0.562085
vt 0.739483 0.739483
vt 0.157100 0.000000
vt 1.000000 0.739483
vt 0.555292 0.398951
vt 1.000000 1.000000
vt 1.000000 0.465384
vt 0.538591 0.000000
vt 0.981459 0.223130
vt 1.000000 0.219374
vt 0.465384 0.465384
vt 0.866883 0.268753
vt 0.477389 0.157151
vt 1.000000 0.275698
vt 0.157100 0.157100
vt 0.273920 0.000000
vt 0.468440 0.318581
vt 1.000000 0.461409
vt 0.273920 0.273920
vt 0.124609 0.217279
vt 0.121016 0.218848
vt 0.113905 0.201799
vt 0.126163 0.196620
vt 0.080110 0.215415
vt 0.114061 0.221783
vt 0.666711 0.071581
vt 0.666711 0.097802
vt 0.669390 0.112914
vt 0.667981 0.068374
vt 0.122903 0.223159
vt 0.124609 0.217279
vt 0.124302 0.223493
vt 0.106348 0.183060
vt 0.079841 0.214663
vt 0.073495 0.195951
vt 0.122431 0.176400
vt 0.126914 0.187382
vt 0.126803 0.189098
vt 0.118003 0.166535
vt 0.096479 0.158226
vt 0.099579 0.156918
vt 0.070857 0.187391
vt 0.073071 0.167417
vt 0.073495 0.195951
s 0
f 3189/4190/2273 3165/4191/2273 3190/4192/2273 3188/4193/2273
f 3190/4194/2274 3165/4195/2274 3168/4191/2274 3191/4196/2274
f 3191/4197/2275 3168/4195/2275 3194/4198/2275 3193/4199/2275 3192/4200/2275
f 3165/4191/2276 3189/4201/2276 3166/4195/2276
f 3196/4202/2277 3166/4191/2277 3189/4203/2277 3195/4204/2277
f 3167/4195/2278 3168/4191/2278 3165/4205/2278
f 3166/4195/2279 3167/4191/2279 3165/4205/2279
f 3199/4206/2280 3168/4205/2280 3167/4195/2280 3203/4207/2280
f 3197/4208/2281 3194/4209/2281 3168/4205/2281 3199/4210/2281 3198/4211/2281
f 3200/4212/2282 3201/4213/2282 3166/4205/2282 3196/4214/2282
f 3167/4191/2283 3166/4205/2283 3201/4215/2283
f 3202/4216/2284 3203/4217/2284 3167/4205/2284 3201/4218/2284
s 1
f 3176/4219/2285 3169/4220/2286 3170/4221/2287 3178/4222/2288
f 3181/4223/2289 3170/4221/2287 3169/4220/2286 3184/4224/2290
f 3164/4225/2291 3185/4226/2292 3180/4227/2293 3179/4228/2294
f 3183/4229/2295 3184/4224/2290 3169/4220/2286
f 3169/4220/2286 3176/4230/2285 3177/4231/2296 3183/4229/2295
f 3171/4232/2297 3170/4221/2287 3181/4223/2289 3182/4233/2298 3187/4234/2299
f 3171/4232/2297 3172/4235/2300 3174/4236/2301 3175/4237/2301 3178/4222/2288 3170/4221/2287
f 3173/4238/2302 3172/4235/2300 3171/4232/2297 3164/4239/2291 3179/4240/2294
f 3186/4241/2303 3185/4242/2292 3164/4239/2291 3171/4232/2297 3187/4243/2299
o Circle_cell.058
v -0.159929 0.938801 0.032713
v -0.009465 0.812058 0.000569
v -0.009736 0.672614 0.001470
v -0.034392 0.612039 0.006441
v -0.222023 0.654477 0.044792
v -0.003678 0.809514 0.001883
v -0.000211 0.701021 0.001486
v -0.008247 0.786237 0.044842
v -0.000144 0.803422 0.001439
v 0.007837 0.771897 0.020415
v 0.009542 0.773746 0.015363
v -0.218174 0.872857 0.090371
v -0.284905 0.728118 0.118012
v -0.254860 0.799791 0.105566
v -0.167507 0.872857 0.167507
v -0.195673 0.799791 0.195673
v -0.129911 0.844948 0.210027
v -0.133607 0.857412 0.199639
v -0.145036 0.818186 0.217185
v -0.180462 0.750714 0.231834
v -0.155468 0.799791 0.222082
v -0.182476 0.955249 0.036526
v -0.311411 0.685154 0.063341
v -0.296858 0.728118 0.060297
v -0.265583 0.799791 0.053790
v -0.227393 0.872857 0.045856
v -0.174615 0.928601 0.100150
v -0.144316 0.872857 0.182740
v -0.158928 0.894193 0.158928
v -0.181323 0.943224 0.075107
v -0.181398 0.946864 0.064755
v -0.292831 0.703766 0.121295
v -0.300931 0.693245 0.100137
v -0.213454 0.744545 0.213454
v -0.246788 0.728118 0.176041
v -0.306216 0.686442 0.086225
v -0.129911 0.844948 0.210027
v -0.133607 0.857412 0.199639
v -0.145036 0.818186 0.217185
v -0.155468 0.799791 0.222082
v -0.180462 0.750714 0.231834
v -0.311411 0.685154 0.063341
v -0.296858 0.728118 0.060297
v -0.182476 0.955249 0.036526
v -0.181398 0.946864 0.064755
v -0.227393 0.872857 0.045856
v -0.265583 0.799791 0.053790
v -0.144316 0.872857 0.182740
v -0.174615 0.928601 0.100150
v -0.158928 0.894193 0.158928
v -0.181323 0.943224 0.075107
v -0.292831 0.703766 0.121295
v -0.300931 0.693245 0.100137
v -0.213454 0.744545 0.213454
v -0.246788 0.728118 0.176041
v -0.306216 0.686442 0.086225
vn 0.8424 0.4283 0.3269
vn 0.8685 0.2926 0.4001
vn 0.9504 -0.1764 0.2562
vn 0.8201 -0.0008 -0.5722
vn 0.0925 -0.0005 -0.9957
vn 0.3178 0.2509 -0.9144
vn 0.8256 0.4546 0.3341
vn 0.7602 0.5339 0.3702
vn -0.2034 -0.0002 -0.9791
vn 0.7354 -0.2494 0.6300
vn 0.7403 -0.2501 0.6240
vn 0.7443 -0.2499 0.6193
vn 0.0210 -0.0065 -0.9998
vn 0.1099 0.3649 -0.9245
vn 0.4309 0.6660 -0.6089
vn -0.1835 -0.0060 -0.9830
vn -0.2011 -0.0037 -0.9796
vn 0.7360 -0.2475 0.6301
vn 0.6461 0.7212 0.2498
vn 0.6441 0.7230 0.2496
vn -0.1002 -0.8751 0.4735
vn -0.1028 -0.8776 0.4682
vn 0.5992 0.7734 0.2068
vn -0.2996 -0.9463 0.1213
vn -0.8797 0.4393 0.1822
vn -0.8279 0.4439 0.3429
vn -0.8080 0.4849 0.3347
vn -0.8597 0.4787 0.1781
vn -0.6333 0.4449 0.6333
vn -0.6180 0.4860 0.6180
vn -0.6675 0.4928 0.5582
vn -0.7302 0.4865 0.4797
vn -0.8227 0.4924 0.2840
vn -0.8555 0.4865 0.1772
vn -0.6655 0.4141 0.6210
vn -0.5015 0.4071 0.7634
vn -0.4917 0.4450 0.7485
vn -0.9254 0.3270 0.1917
vn -0.8882 0.3319 0.3176
vn -0.8578 0.3713 0.3553
vn -0.9107 0.3674 0.1886
vn -0.7666 0.3984 0.5036
vn -0.4843 0.4709 0.7373
vn -0.4832 0.4747 0.7356
vt 0.000000 0.000000
vt 1.000000 0.000000
vt 1.000000 1.000000
vt 1.000000 0.444735
vt 0.580871 0.000000
vt 1.000000 0.577036
vt 0.453867 0.000000
vt 0.812529 0.208031
vt 0.477188 0.374450
vt 0.721233 0.467540
vt 0.505646 0.505646
vt 0.488961 0.364120
vt 0.452940 0.000000
vt 0.916172 0.000000
vt 0.444735 0.444735
vt 1.000000 0.505646
vt 1.000000 0.419129
vt 0.217806 0.000000
vt 0.617122 0.190505
vt 0.839606 0.322900
vt 0.119820 0.050061
vt 0.217807 0.217807
vt 0.083114 0.000000
vt 0.305893 0.000000
vt 1.000000 0.547060
vt 0.848567 0.452833
vt 0.654379 0.298405
vt 0.379451 0.075452
vt 0.305893 0.305893
vt 0.571256 0.000000
vt 1.000000 0.083828
vt 0.916886 0.000000
vt 1.000000 0.546133
vt 0.571256 0.571256
vt 0.226669 0.312609
vt 0.240595 0.305185
vt 0.252591 0.328186
vt 0.239307 0.335490
vt 0.268883 0.291218
vt 0.279579 0.314403
vt 0.283327 0.322322
vt 0.271886 0.344200
vt 0.266479 0.353829
vt 0.256540 0.365146
vt 0.239307 0.335490
vt 0.264026 0.356933
vt 0.261921 0.275784
vt 0.271868 0.273695
vt 0.281726 0.285831
vt 0.220724 0.279184
vt 0.227523 0.279059
vt 0.230529 0.285223
vt 0.216092 0.292668
vt 0.210556 0.281764
vt 0.216302 0.279268
vt 0.247421 0.277141
vt 0.247421 0.277141
vt 0.216092 0.292668
vt 0.290955 0.303759
vt 0.287904 0.310888
vt 0.281726 0.285831
vt 0.285562 0.291187
vt 0.291637 0.298758
vt 0.283327 0.322322
vt 0.287904 0.310888
s 0
f 3212/4244/2304 3211/4245/2304 3214/4246/2304
f 3211/4244/2305 3213/4245/2305 3214/4246/2305
f 3213/4244/2306 3210/4245/2306 3214/4246/2306
f 3210/4244/2307 3212/4245/2307 3214/4246/2307
f 3210/4244/2308 3205/4245/2308 3212/4246/2308
f 3205/4244/2309 3209/4245/2309 3212/4246/2309
f 3209/4244/2310 3211/4245/2310 3212/4246/2310
f 3240/4247/2311 3211/4246/2311 3209/4244/2311 3241/4248/2311
f 3247/4249/2312 3205/4246/2312 3208/4244/2312 3245/4250/2312 3246/4251/2312 3250/4252/2312 3249/4253/2312
f 3207/4245/2313 3213/4246/2313 3242/4254/2313 3243/4255/2313 3244/4256/2313
f 3207/4244/2314 3206/4245/2314 3213/4246/2314
f 3206/4244/2315 3210/4245/2315 3213/4246/2315
f 3206/4244/2316 3205/4245/2316 3210/4246/2316
f 3204/4245/2317 3205/4246/2317 3247/4257/2317
f 3204/4244/2318 3209/4245/2318 3205/4246/2318
f 3206/4244/2319 3207/4245/2319 3205/4246/2319
f 3208/4245/2320 3205/4246/2320 3207/4244/2320
f 3240/4258/2321 3242/4259/2321 3213/4245/2321 3211/4246/2321
f 3241/4260/2322 3209/4246/2322 3204/4244/2322 3252/4261/2322 3253/4262/2322 3251/4263/2322
f 3254/4264/2323 3252/4265/2323 3204/4244/2323 3248/4266/2323
f 3256/4267/2324 3207/4245/2324 3244/4268/2324 3257/4269/2324 3258/4270/2324 3255/4271/2324
f 3256/4272/2325 3259/4273/2325 3208/4245/2325 3207/4246/2325
f 3247/4274/2326 3248/4275/2326 3204/4245/2326
f 3245/4276/2327 3208/4246/2327 3259/4277/2327
s 1
f 3228/4278/2328 3217/4279/2329 3215/4280/2330 3229/4281/2331
f 3215/4280/2330 3217/4279/2329 3219/4282/2332 3218/4283/2333
f 3215/4280/2330 3218/4283/2333 3232/4284/2334 3230/4285/2335 3233/4286/2336
f 3225/4287/2337 3229/4288/2331 3215/4280/2330 3233/4286/2336 3234/4289/2337
f 3219/4282/2332 3237/4290/2338 3223/4291/2339 3224/4292/2340
f 3236/4293/2341 3235/4294/2342 3216/4295/2343 3227/4296/2344 3226/4297/2341 3239/4298/2341
f 3238/4299/2345 3216/4295/2343 3235/4294/2342
f 3238/4300/2345 3237/4290/2338 3219/4282/2332 3217/4279/2329 3216/4295/2343
f 3216/4295/2343 3217/4279/2329 3228/4278/2328 3227/4301/2344
f 3221/4302/2346 3231/4303/2347 3218/4283/2333 3219/4282/2332 3224/4304/2340 3222/4305/2346 3220/4306/2346
f 3232/4307/2334 3218/4283/2333 3231/4308/2347
o Circle_cell.059
v 0.085207 1.827958 -0.000000
v 0.078829 1.814529 -0.000000
v 0.088852 1.819147 -0.000000
v 0.076405 1.797708 -0.000000
v 0.076073 1.802307 0.004802
v 0.086762 1.796030 -0.000000
v 0.086071 1.801600 0.005767
v 0.075780 1.802544 -0.006383
v 0.085911 1.800776 -0.006179
v 0.075429 1.807184 -0.011309
v 0.085200 1.806349 -0.012047
v 0.076070 1.814529 -0.013322
v 0.078635 1.820762 -0.015230
v 0.084453 1.821740 -0.016061
v 0.075797 1.807849 0.009992
v 0.076360 1.814529 0.011923
v 0.085906 1.819147 0.014225
v 0.085521 1.807004 0.010783
v 0.081838 1.827958 0.016264
v 0.081608 1.827958 -0.017378
v 0.076405 1.797708 -0.000000
v 0.076073 1.802307 0.004802
v 0.086762 1.796030 -0.000000
v 0.086071 1.801600 0.005767
v 0.085911 1.800776 -0.006179
v 0.085200 1.806349 -0.012047
v 0.075780 1.802544 -0.006383
v 0.075429 1.807184 -0.011309
v 0.076070 1.814529 -0.013322
v 0.078635 1.820762 -0.015230
v 0.085906 1.819147 0.014225
v 0.081838 1.827958 0.016264
v 0.076360 1.814529 0.011923
v 0.075797 1.807849 0.009992
v 0.085521 1.807004 0.010783
v 0.084453 1.821740 -0.016061
v 0.081608 1.827958 -0.017378
vn -0.1169 -0.7213 0.6826
vn -0.1280 -0.7957 -0.5920
vn -0.1134 -0.7273 -0.6769
vn -0.0946 -0.2555 -0.9622
vn -0.1012 -0.2684 0.9580
vn -0.1179 -0.6819 0.7219
vn -0.0961 -0.2481 -0.9640
vn -0.9696 0.1398 -0.2008
vn -0.9325 0.3052 -0.1931
vn -0.9556 0.2946 -0.0000
vn -0.9897 0.1427 0.0137
vn 0.9968 -0.0741 -0.0300
vn 0.9898 0.1422 -0.0086
vn 0.9615 0.1892 0.1991
vn 0.9754 -0.0882 0.2020
vn 0.9709 -0.0585 -0.2322
vn 0.9524 0.2218 -0.2089
vn -0.0430 0.9990 -0.0089
vn 0.1421 0.9899 -0.0000
vn -0.0461 0.9989 0.0095
vn -0.8879 0.4217 0.1839
vn -0.9329 0.3039 0.1932
vn -0.9696 0.1398 0.2008
vt 1.000000 0.132766
vt 0.996965 0.156099
vt 0.842530 0.000000
vt 0.867888 0.000000
vt 1.000000 0.156959
vt 0.159049 0.159049
vt 0.132766 0.132766
vt 1.000000 0.131278
vt 0.156959 0.156959
vt 0.131278 0.131278
vt 0.130238 0.000000
vt 0.154978 0.000000
vt 0.154978 0.154978
vt 0.130238 0.130238
vt 0.131840 0.057956
vt 0.138315 0.000000
vt 0.156063 0.027895
vt 0.685221 0.169699
vt 0.897345 0.167276
vt 1.000000 0.171158
vt 1.000000 0.194691
vt 0.814255 0.186134
vt 1.000000 0.132112
vt 1.000000 0.157469
vt 0.194691 0.194691
vt 0.171158 0.171158
vt 1.000000 0.846960
vt 1.000000 0.861685
vt 0.894442 0.753022
vt 0.562350 0.893770
vt 0.562194 0.890377
vt 0.568181 0.891456
vt 0.565944 0.899696
vt 0.564212 0.896960
vt 0.572164 0.867667
vt 0.570468 0.879418
vt 0.563664 0.878510
vt 0.565973 0.872657
vt 0.568835 0.870201
vt 0.572232 0.867626
vt 0.575143 0.870654
vt 0.577795 0.874086
vt 0.578298 0.881135
vt 0.561763 0.882869
vt 0.569675 0.884058
vt 0.561763 0.882869
vt 0.578565 0.886243
vt 0.576765 0.890134
vt 0.575157 0.893448
vt 0.578380 0.882629
vt 0.565944 0.899696
vt 0.575157 0.893448
vt 0.573005 0.896809
vt 0.569813 0.898343
s 0
f 3280/4309/2348 3282/4310/2348 3283/4311/2348 3281/4312/2348
f 3284/4313/2349 3282/4314/2349 3280/4315/2349 3286/4316/2349
f 3284/4317/2350 3286/4318/2350 3287/4319/2350 3285/4320/2350
f 3285/4321/2351 3287/4322/2351 3288/4323/2351 3289/4324/2351 3295/4325/2351
f 3291/4326/2352 3292/4327/2352 3293/4328/2352 3294/4329/2352 3290/4330/2352
f 3281/4331/2353 3283/4332/2353 3294/4333/2353 3293/4334/2353
f 3295/4335/2354 3289/4336/2354 3296/4337/2354
s 1
f 3274/4338/2355 3275/4339/2356 3261/4340/2357 3263/4341/2358 3264/4342/2355
f 3265/4343/2359 3262/4344/2360 3276/4345/2361 3277/4346/2362 3266/4347/2362
f 3262/4344/2360 3265/4348/2359 3268/4349/2363 3270/4350/2363 3273/4351/2364
f 3278/4352/2365 3260/4353/2366 3261/4340/2357 3275/4339/2356
f 3276/4345/2361 3262/4344/2360 3260/4353/2366 3278/4354/2365
f 3261/4340/2357 3260/4353/2366 3279/4355/2367 3272/4356/2368 3271/4357/2369
f 3279/4355/2367 3260/4353/2366 3262/4344/2360 3273/4358/2364
f 3263/4359/2358 3261/4340/2357 3271/4360/2369 3269/4361/2370 3267/4362/2370
o Circle_cell.060
v 0.005133 0.811244 -0.003557
v 0.005207 0.934723 -0.003287
v 0.008240 0.945673 -0.008191
v 0.065277 1.064472 -0.094839
v 0.055967 1.042816 -0.055906
v 0.125993 0.976106 -0.125993
v 0.125283 1.045542 -0.052881
v 0.109849 1.059740 -0.061206
v 0.078144 1.037045 -0.114652
v 0.068555 1.067124 -0.099840
v 0.096231 0.980788 -0.142257
v 0.193628 0.918432 -0.081518
v 0.163500 0.976106 -0.068893
v 0.097748 0.976106 -0.144546
v 0.114425 0.921905 -0.169700
v 0.146740 0.925270 -0.145966
v 0.101493 1.062669 -0.070798
v 0.078352 1.067858 -0.093028
v 0.087361 1.067370 -0.087361
v 0.125283 1.045542 -0.052881
v 0.109849 1.059740 -0.061206
v 0.078144 1.037045 -0.114652
v 0.068555 1.067124 -0.099840
v 0.096231 0.980788 -0.142257
v 0.163500 0.976106 -0.068893
v 0.193628 0.918432 -0.081518
v 0.097748 0.976106 -0.144546
v 0.114425 0.921905 -0.169700
v 0.101493 1.062669 -0.070798
v 0.078352 1.067858 -0.093028
v 0.087361 1.067370 -0.087361
v 0.146740 0.925270 -0.145966
vn -0.8522 0.0017 -0.5233
vn -0.0004 0.4089 0.9126
vn -0.0568 0.4620 0.8851
vn -0.8885 0.4570 0.0418
vn -0.8370 0.0027 -0.5473
vn -0.8361 0.0004 -0.5486
vn -0.8350 -0.0015 -0.5503
vn 0.3479 -0.8696 -0.3504
vn 0.3508 -0.8696 -0.3475
vn -0.2250 0.8598 0.4585
vn -0.2323 0.8655 0.4438
vn -0.2813 0.8715 0.4016
vn 0.7211 0.5059 -0.4733
vn 0.7260 0.4957 -0.4767
vn 0.6112 0.5031 -0.6111
vn 0.5953 0.5116 -0.6195
vn 0.4777 0.4956 -0.7254
vn 0.6166 0.4935 -0.6134
vn 0.4823 0.4852 -0.7294
vn 0.7302 0.4865 -0.4797
vn 0.4743 0.5022 -0.7231
vn 0.4731 0.5058 -0.7213
vn 0.5046 0.3940 -0.7682
vn 0.3833 -0.0021 0.9236
vt 0.000000 0.000000
vt 1.000000 0.000000
vt 1.000000 1.000000
vt 0.217111 0.000000
vt 0.464400 0.000000
vt 0.217111 0.217111
vt 0.036933 0.013742
vt 1.000000 0.698960
vt 0.698960 0.698960
vt 0.612871 0.000000
vt 1.000000 0.599388
vt 0.612871 0.612871
vt 0.644013 0.611589
vt 0.599388 0.599388
vt 1.000000 0.657302
vt 1.000000 0.547237
vt 0.657302 0.657302
vt 0.874564 0.000000
vt 1.000000 0.535600
vt 1.000000 0.878659
vt 0.874564 0.874564
vt 0.957350 0.871084
vt 0.878658 0.878658
vt 0.982142 0.000000
vt 0.488677 0.338022
vt 0.486630 0.301880
vt 0.514717 0.300793
vt 0.512784 0.348048
vt 0.502310 0.346270
vt 0.495950 0.345071
vt 0.528673 0.301893
vt 0.514923 0.278710
vt 0.530400 0.278130
vt 0.485715 0.277404
vt 0.524501 0.348617
vt 0.513336 0.348020
vt 0.528503 0.304294
vt 0.526104 0.333164
vt 0.524500 0.348989
vt 0.518601 0.348727
vt 0.512696 0.512696
vt 0.755990 0.333493
vt 1.000000 0.206693
s 0
f 3299/4363/2371 3297/4364/2371 3298/4365/2371
f 3316/4366/2372 3299/4364/2372 3298/4365/2372
f 3317/4367/2373 3301/4364/2373 3299/4365/2373 3316/4368/2373
f 3301/4363/2374 3300/4364/2374 3299/4365/2374
f 3300/4363/2375 3319/4369/2375 3318/4370/2375 3299/4365/2375
f 3299/4365/2376 3318/4371/2376 3320/4372/2376 3297/4364/2376
f 3324/4373/2377 3297/4365/2377 3320/4374/2377 3323/4375/2377
f 3324/4376/2378 3328/4377/2378 3297/4365/2378
f 3322/4378/2379 3297/4365/2379 3328/4379/2379
f 3325/4380/2380 3301/4364/2380 3317/4381/2380
f 3326/4382/2381 3301/4365/2381 3325/4383/2381 3327/4384/2381
f 3326/4385/2382 3319/4386/2382 3300/4364/2382 3301/4365/2382
s 1
f 3303/4387/2383 3321/4388/2384 3302/4389/2385 3315/4390/2386 3313/4391/2383 3304/4392/2383
f 3310/4393/2387 3302/4389/2385 3312/4394/2388 3311/4395/2389
f 3312/4394/2388 3302/4389/2385 3321/4388/2384 3308/4396/2390
f 3306/4397/2391 3315/4398/2386 3302/4389/2385 3310/4393/2387 3307/4399/2392 3305/4400/2392
f 3315/4398/2386 3306/4401/2391 3314/4402/2393
s 0
f 3297/4365/2394 3322/4403/2394 3309/4404/2394 3316/4405/2394 3298/4365/2394
o Circle_cell.061
v 0.001721 1.381564 0.000212
v 0.039814 1.412093 -0.039814
v 0.022837 1.412093 0.014060
v 0.001634 1.412093 0.000141
v 0.047342 1.447524 0.030130
v 0.055899 1.509638 0.035719
v 0.054701 1.458164 0.034957
v 0.048836 1.511869 0.031082
v 0.054490 1.513773 0.022570
v 0.054881 1.527339 -0.022525
v 0.068002 1.518995 -0.000000
v 0.062444 1.511842 0.025865
v 0.059340 1.520015 -0.000000
v 0.042046 1.524358 -0.042046
v 0.048184 1.523998 -0.048184
v 0.032846 1.523144 -0.048049
v 0.037517 1.522590 -0.055145
v 0.062847 1.527387 -0.026032
v 0.032576 1.506553 -0.047680
v 0.037206 1.503543 -0.054721
v 0.036209 1.377350 -0.052360
v 0.035855 1.391545 -0.051914
v 0.031439 1.412093 -0.045316
v 0.056020 1.410306 -0.030545
v 0.046635 1.391545 -0.043892
v 0.045707 1.412093 -0.014998
v 0.051370 1.412093 -0.022221
v 0.061085 1.422767 -0.020316
v 0.052829 1.417037 -0.017461
v 0.060020 1.418359 -0.024861
v 0.052747 1.446462 0.021849
v 0.065850 1.442559 -0.000000
v 0.061020 1.456923 0.025275
v 0.056923 1.434046 -0.000000
v 0.022837 1.412093 0.014060
v 0.001634 1.412093 0.000141
v 0.055899 1.509638 0.035719
v 0.054701 1.458164 0.034957
v 0.047342 1.447524 0.030130
v 0.048836 1.511869 0.031082
v 0.054490 1.513773 0.022570
v 0.062444 1.511842 0.025865
v 0.068002 1.518995 -0.000000
v 0.054881 1.527339 -0.022525
v 0.059340 1.520015 -0.000000
v 0.048184 1.523998 -0.048184
v 0.062847 1.527387 -0.026032
v 0.037517 1.522590 -0.055145
v 0.042046 1.524358 -0.042046
v 0.032846 1.523144 -0.048049
v 0.032576 1.506553 -0.047680
v 0.037206 1.503543 -0.054721
v 0.031439 1.412093 -0.045316
v 0.035855 1.391545 -0.051914
v 0.036209 1.377350 -0.052360
v 0.056020 1.410306 -0.030545
v 0.046635 1.391545 -0.043892
v 0.045707 1.412093 -0.014998
v 0.051370 1.412093 -0.022221
v 0.060020 1.418359 -0.024861
v 0.061085 1.422767 -0.020316
v 0.061020 1.456923 0.025275
v 0.052747 1.446462 0.021849
v 0.056923 1.434046 -0.000000
v 0.052829 1.417037 -0.017461
v 0.065850 1.442559 -0.000000
vn -0.5488 0.0004 0.8360
vn 0.1135 0.9514 0.2863
vn -0.0563 0.9918 -0.1145
vn -0.8353 0.0014 -0.5498
vn -0.8363 -0.0037 -0.5483
vn 0.5956 -0.6606 0.4570
vn 0.6066 -0.6370 0.4757
vn 0.6064 -0.6359 0.4773
vn 0.6499 -0.0114 -0.7600
vn 0.7261 -0.0294 -0.6869
vn 0.9186 -0.0281 -0.3942
vn 0.8833 -0.0279 -0.4679
vn 0.8355 -0.0276 -0.5488
vn 0.9989 -0.0281 -0.0372
vn 0.9966 -0.0281 -0.0770
vn 0.9788 -0.0276 -0.2027
vn 0.5855 0.0048 -0.8107
vn 0.5737 -0.0304 -0.8185
vn 0.9334 -0.0280 0.3578
vn 0.9357 -0.0280 0.3518
vn 0.8355 -0.0276 0.5488
vn -0.5488 0.0275 0.8355
vn -0.3834 0.7158 0.5837
vn -0.5224 0.6745 0.5216
vn -0.7184 0.0279 0.6951
vn -0.0000 1.0000 -0.0000
vn -0.6864 0.6435 0.3389
vn -0.9334 0.0280 -0.3578
vn -0.9357 0.0280 -0.3518
vn -0.8355 0.0275 -0.5488
vn -0.9987 0.0283 0.0420
vn -0.9962 0.0283 0.0824
vn -0.9179 0.0280 0.3958
vn -0.9772 0.0278 0.2104
vn 0.5965 0.0401 -0.8016
vt 0.000000 0.000000
vt 0.256220 0.000000
vt 0.210085 0.210085
vt 1.000000 0.340894
vt 1.000000 0.426161
vt 0.553568 0.000000
vt 0.642867 0.000000
vt 0.426160 0.426160
vt 0.340894 0.340894
vt 0.420852 0.329030
vt 0.685319 0.401992
vt 1.000000 0.570634
vt 1.000000 0.626423
vt 0.726007 0.479584
vt 0.495226 0.415913
vt 0.626423 0.626423
vt 0.571990 0.571408
vt 0.853303 0.759476
vt 1.000000 0.868519
vt 1.000000 0.885478
vt 0.873494 0.791442
vt 1.000000 0.886349
vt 0.885478 0.885478
vt 0.868520 0.868520
vt 1.000000 0.869522
vt 0.891470 0.235155
vt 0.886349 0.886349
vt 0.869522 0.869522
vt 0.875603 0.097418
vt 0.874459 0.000000
vt 1.000000 0.000000
vt 1.000000 0.210085
vt 1.000000 0.797965
vt 1.000000 1.000000
vt 0.830620 0.830620
vt 0.904341 0.809841
vt 1.000000 0.750377
vt 0.911220 0.785261
vt 1.000000 0.785162
vt 0.797965 0.797965
vt 0.917139 0.741165
vt 1.000000 0.710050
vt 0.785162 0.785162
vt 1.000000 0.743780
vt 1.000000 0.357133
vt 1.000000 0.446432
vt 0.942330 0.466450
vt 0.822430 0.593746
vt 0.750377 0.750377
vt 0.710050 0.710050
vt 0.793882 0.527800
vt 0.932583 0.380534
vt 0.554251 0.566352
vt 0.583892 0.669060
vt 0.564464 0.676323
vt 0.541066 0.592530
vt 0.544555 0.584875
vt 0.564345 0.676367
vt 0.542919 0.674438
vt 0.526997 0.616259
vt 0.538484 0.596889
vt 0.541066 0.592530
vt 0.583892 0.669060
vt 0.562985 0.563731
vt 0.589068 0.650826
vt 0.593426 0.665648
vt 0.542919 0.674438
vt 0.522027 0.673554
vt 0.510807 0.632180
vt 0.513016 0.673995
vt 0.502543 0.635387
vt 0.522027 0.673554
vt 0.535761 0.984721
vt 0.520377 0.995892
vt 0.520761 0.994849
vt 0.537450 0.980663
vt 0.538433 0.982734
vt 0.519965 0.988830
vt 0.519577 0.988558
vt 0.518268 0.988073
vt 0.519179 0.988279
vt 0.520296 0.989310
vt 0.520615 0.989771
vt 0.527724 0.974222
vt 0.523036 0.984542
vt 0.522452 0.983890
vt 0.526204 0.973916
vt 0.531393 0.975312
vt 0.523161 0.987942
vt 0.531393 0.975312
vt 0.535198 0.976934
vt 0.521246 0.992696
vt 0.521672 0.991827
vt 0.537450 0.980663
vt 0.559950 0.553295
vt 0.553769 0.564703
s 0
f 3329/4406/2395 3363/4407/2395 3364/4408/2395
f 3365/4409/2395 3368/4410/2395 3367/4411/2395 3366/4412/2395
f 3368/4413/2396 3365/4414/2396 3370/4415/2396 3371/4416/2396 3375/4417/2396 3372/4418/2396 3373/4419/2396 3369/4420/2396
f 3372/4421/2397 3375/4422/2397 3374/4423/2397 3376/4424/2397 3378/4425/2397 3377/4426/2397
f 3379/4427/2398 3378/4428/2398 3376/4429/2398 3380/4430/2398
f 3381/4431/2399 3379/4432/2399 3380/4433/2399 3382/4434/2399 3383/4435/2399 3329/4436/2399 3364/4437/2399
f 3384/4438/2400 3329/4439/2400 3383/4440/2400 3385/4441/2400
f 3393/4442/2401 3387/4443/2401 3386/4444/2401 3329/4439/2401 3384/4445/2401 3388/4446/2401 3389/4447/2401
f 3329/4439/2402 3386/4448/2402 3363/4449/2402
f 3366/4450/2402 3367/4451/2402 3391/4452/2402 3392/4453/2402 3393/4454/2402 3389/4455/2402 3394/4456/2402 3390/4457/2402
s 1
f 3353/4458/2403 3343/4459/2404 3346/4460/2405 3358/4461/2406 3352/4462/2407
f 3346/4463/2405 3339/4464/2408 3360/4465/2409 3356/4466/2410 3358/4467/2406
f 3343/4468/2404 3353/4458/2403 3350/4469/2411 3348/4470/2412 3345/4471/2412
f 3360/4465/2409 3339/4472/2408 3340/4473/2413 3361/4474/2414
f 3334/4475/2415 3335/4476/2415 3361/4474/2414 3340/4477/2413
f 3347/4478/2416 3351/4479/2417 3330/4480/2418 3342/4481/2419 3344/4482/2416
f 3330/4483/2418 3351/4484/2417 3332/4485/2420 3331/4486/2420 3354/4487/2420 3355/4488/2421
f 3337/4489/2422 3359/4490/2423 3333/4491/2424 3336/4492/2424
f 3337/4489/2422 3341/4493/2425 3362/4494/2426 3359/4490/2423
f 3341/4495/2425 3338/4496/2427 3355/4497/2421 3357/4498/2428 3362/4494/2426
f 3342/4499/2419 3330/4480/2418 3355/4497/2421 3338/4496/2427
f 3349/4500/2429 3350/4469/2411 3353/4501/2403
o Circle_cell.062
v 0.001227 1.069186 -0.000033
v 0.055753 1.044360 -0.055551
v 0.001680 1.206857 -0.000643
v 0.065318 1.068479 -0.096183
v 0.076748 1.159235 0.031790
v 0.076748 1.159235 -0.031790
v 0.031790 1.159235 -0.076748
v 0.083332 1.159235 -0.000000
v 0.058925 1.159235 -0.058925
v 0.019789 1.126669 -0.093490
v 0.041169 1.103076 -0.099390
v 0.062488 1.074769 -0.099904
v 0.000946 1.147573 -0.088241
v 0.001104 1.180763 -0.080461
v 0.001016 1.159235 -0.083121
v 0.029748 1.202848 -0.071817
v 0.071613 1.254068 -0.000371
v 0.067353 1.242332 -0.027899
v 0.053245 1.224662 -0.053245
v 0.077912 1.069375 -0.092539
v 0.086909 1.068829 -0.086909
v 0.091467 1.067124 -0.081301
v 0.109060 1.061173 -0.060876
v 0.110927 1.074423 -0.045977
v 0.109426 1.067124 -0.053961
v 0.096631 1.121359 0.015846
v 0.085683 1.135210 0.036947
v 0.062956 1.147767 0.061742
v 0.056427 1.195560 0.054773
v 0.059455 1.159235 0.058116
v 0.104450 1.110995 -0.000000
v 0.069085 1.227014 0.028616
v 0.041169 1.103076 -0.099390
v 0.062488 1.074769 -0.099904
v 0.019789 1.126669 -0.093490
v 0.000946 1.147573 -0.088241
v 0.001016 1.159235 -0.083121
v 0.001104 1.180763 -0.080461
v 0.029748 1.202848 -0.071817
v 0.071613 1.254068 -0.000371
v 0.067353 1.242332 -0.027899
v 0.053245 1.224662 -0.053245
v 0.091467 1.067124 -0.081301
v 0.109060 1.061173 -0.060876
v 0.077912 1.069375 -0.092539
v 0.086909 1.068829 -0.086909
v 0.109426 1.067124 -0.053961
v 0.110927 1.074423 -0.045977
v 0.085683 1.135210 0.036947
v 0.062956 1.147767 0.061742
v 0.056427 1.195560 0.054773
v 0.059455 1.159235 0.058116
v 0.065318 1.068479 -0.096183
v 0.096631 1.121359 0.015846
v 0.104450 1.110995 -0.000000
v 0.069085 1.227014 0.028616
vn -0.7098 -0.5261 -0.4684
vn -0.7125 -0.5256 -0.4648
vn -1.0000 0.0033 0.0061
vn -0.5399 0.8012 -0.2580
vn 0.2279 -0.8644 -0.4481
vn 0.1962 -0.8628 -0.4659
vn -0.6423 -0.5832 -0.4974
vn 0.2924 -0.7325 0.6148
vn 0.2914 -0.7233 0.6260
vn 0.2883 -0.7214 0.6296
vn -0.7108 0.0055 0.7033
vn -0.4549 0.6705 0.5861
vn 0.7567 0.4248 -0.4970
vn 0.7209 0.5060 -0.4735
vn 0.7649 0.4032 -0.5024
vn 0.6606 0.3971 -0.6371
vn 0.6807 0.2667 -0.6822
vn 0.8901 0.2679 -0.3687
vn 0.8097 0.3984 -0.4309
vn 0.9633 0.2686 0.0015
vn 0.9136 0.3991 -0.0778
vn 0.1956 0.2643 -0.9444
vn 0.3683 0.2655 -0.8910
vn 0.4490 0.3903 -0.8038
vn 0.1864 0.3940 -0.9000
vn 0.5039 0.3852 -0.7731
vn 0.8909 0.2672 0.3673
vn 0.8636 0.3974 0.3103
vn 0.8999 0.3910 0.1933
vn 0.8061 0.2645 0.5295
vn 0.7682 0.3940 0.5046
vn 0.9918 0.1221 -0.0374
vn 0.9381 0.1213 -0.3244
vn 0.7550 0.1215 -0.6444
vn 0.4487 0.1211 -0.8854
vn 0.2014 0.1193 -0.9722
vn 0.9500 0.1216 0.2876
vn 0.8298 0.1193 0.5451
vn 0.2943 -0.7272 0.6201
vt 0.776927 0.000000
vt 1.000000 0.000000
vt 1.000000 0.655238
vt 0.876652 0.333568
vt 1.000000 0.777722
vt 0.655238 0.655238
vt 0.000000 0.000000
vt 0.777722 0.777722
vt 1.000000 0.707549
vt 0.850168 0.731947
vt 0.707549 0.707549
vt 0.677583 0.000000
vt 0.882107 0.243877
vt 0.971394 0.468086
vt 0.908846 0.631913
vt 0.479817 0.000000
vt 1.000000 0.122795
vt 0.871609 0.099742
vt 0.789428 0.078332
vt 1.000000 0.010944
vt 0.122795 0.122795
vt 1.000000 0.223073
vt 1.000000 1.000000
vt 0.479817 0.479817
vt 0.402364 0.263516
vt 0.301289 0.000000
vt 0.771432 0.771432
vt 1.000000 0.695403
vt 0.695403 0.695403
vt 1.000000 0.337142
vt 0.409242 0.000000
vt 0.337143 0.337143
vt 0.375293 0.259135
vt 1.000000 0.322417
vt 0.409241 0.409241
vt 0.689691 0.315232
vt 0.493017 0.349064
vt 0.496030 0.345812
vt 0.509612 0.348211
vt 0.509612 0.348211
vt 0.513357 0.349039
vt 0.514498 0.403075
vt 0.493822 0.405814
vt 0.489302 0.353755
vt 0.489289 0.353772
vt 0.472434 0.409192
vt 0.468015 0.379036
vt 0.552081 0.400393
vt 0.534298 0.401472
vt 0.536034 0.369659
vt 0.544809 0.382954
vt 0.553087 0.394207
vt 0.525612 0.350885
vt 0.527039 0.353137
vt 0.536034 0.369659
vt 0.518639 0.349609
vt 0.450755 0.413808
vt 0.447662 0.398441
vt 0.459372 0.387433
vt 0.447662 0.398441
vt 0.429493 0.418873
vt 0.427590 0.411715
vt 0.487579 0.475387
vt 0.505580 0.462856
vt 0.522752 0.446850
vt 0.539334 0.429548
vt 0.522752 0.446850
vt 0.554453 0.413617
vt 0.539334 0.429548
vt 0.462950 0.461629
vt 0.436962 0.444548
vt 0.462951 0.461629
vt 0.487579 0.475387
vt 1.000000 0.771432
vt 0.301729 0.301552
vt 0.779957 0.752963
s 0
f 3428/4502/2430 3396/4503/2430 3429/4504/2430 3427/4505/2430
f 3395/4503/2431 3430/4506/2431 3429/4507/2431 3396/4508/2431
f 3430/4509/2432 3395/4508/2432 3397/4503/2432 3432/4510/2432 3431/4511/2432
f 3432/4512/2433 3397/4508/2433 3434/4513/2433 3435/4514/2433 3436/4515/2433 3433/4516/2433
f 3438/4517/2434 3396/4503/2434 3439/4518/2434 3440/4519/2434 3437/4520/2434
f 3447/4521/2435 3439/4522/2435 3396/4508/2435
f 3447/4508/2436 3396/4503/2436 3428/4523/2436
f 3396/4524/2437 3438/4525/2437 3441/4526/2437 3442/4527/2437 3395/4503/2437
f 3395/4524/2438 3448/4528/2438 3443/4529/2438
f 3395/4524/2439 3443/4530/2439 3444/4531/2439
f 3445/4532/2440 3397/4503/2440 3395/4524/2440 3444/4533/2440 3446/4534/2440
f 3434/4535/2441 3397/4524/2441 3445/4536/2441 3450/4537/2441
s 1
f 3419/4538/2442 3417/4539/2443 3416/4540/2444
f 3419/4538/2442 3416/4541/2444 3415/4542/2445 3403/4543/2446 3400/4544/2447 3418/4545/2448
f 3418/4546/2448 3400/4544/2447 3402/4547/2449 3449/4548/2450
f 3409/4549/2451 3401/4550/2452 3405/4551/2453 3404/4552/2454 3407/4553/2454
f 3398/4554/2455 3406/4555/2455 3405/4556/2453 3401/4550/2452 3403/4543/2446 3415/4542/2445 3414/4557/2455
f 3449/4548/2450 3402/4547/2449 3399/4558/2456 3421/4559/2457 3420/4560/2458
f 3421/4561/2457 3399/4558/2456 3424/4562/2459 3422/4563/2460
f 3411/4564/2461 3402/4547/2449 3400/4544/2447 3412/4565/2462
f 3400/4544/2447 3403/4543/2446 3413/4566/2463 3412/4565/2462
f 3403/4543/2446 3401/4550/2452 3410/4567/2464 3413/4568/2463
f 3401/4550/2452 3409/4549/2451 3408/4569/2465 3410/4570/2464
f 3424/4562/2459 3399/4558/2456 3426/4571/2466 3423/4572/2467
f 3426/4573/2466 3399/4558/2456 3402/4547/2449 3411/4574/2461
s 0
f 3448/4575/2468 3395/4524/2468 3442/4576/2468 3425/4577/2468
o Circle_cell.063
v -0.033846 0.568450 -0.085243
v -0.000608 0.475871 -0.003464
v 0.016626 0.460696 -0.028106
v -0.002086 0.440908 -0.010535
v 0.009543 0.438172 -0.030033
v -0.001086 0.444776 -0.003704
v 0.000000 0.573929 -0.356662
v 0.000000 0.488801 -0.368650
v -0.127377 0.653589 -0.309303
v -0.125312 0.668873 -0.304330
v -0.140018 0.488801 -0.339652
v -0.139922 0.442434 -0.339358
v -0.135409 0.573929 -0.328618
v -0.124263 0.675940 -0.302050
v -0.122546 0.687127 -0.298452
v -0.034054 0.653589 -0.328631
v -0.006424 0.642816 -0.337190
v 0.093331 0.488801 -0.349321
v 0.039889 0.573929 -0.348400
v 0.000000 0.634218 -0.340785
v -0.128801 0.408908 -0.341434
v 0.132620 0.421841 -0.340731
v 0.127922 0.407991 -0.341610
v 0.000000 0.405507 -0.368087
v -0.140018 0.488801 -0.339652
v -0.139922 0.442434 -0.339358
v -0.127377 0.653589 -0.309303
v -0.125312 0.668873 -0.304330
v -0.135409 0.573929 -0.328618
v -0.124263 0.675940 -0.302050
v -0.122546 0.687127 -0.298452
v -0.034054 0.653589 -0.328631
v -0.006424 0.642816 -0.337190
v 0.039889 0.573929 -0.348400
v 0.000000 0.634218 -0.340785
v 0.093331 0.488801 -0.349321
v -0.128801 0.408908 -0.341434
v 0.132620 0.421841 -0.340731
v 0.127922 0.407991 -0.341610
v 0.000000 0.405507 -0.368087
vn -0.9241 0.0005 0.3822
vn -0.9212 0.0112 0.3890
vn -0.9201 0.0153 0.3913
vn 0.4256 0.8543 0.2985
vn -0.2028 -0.0066 -0.9792
vn -0.2024 0.0646 -0.9772
vn -0.0000 0.0659 -0.9978
vn 0.0005 -0.0068 -1.0000
vn -0.8767 -0.3134 0.3648
vn 0.4588 -0.8003 0.3860
vn 0.8542 -0.3047 0.4213
vn 0.8144 -0.0170 0.5800
vn -0.8332 -0.4200 0.3597
vn 0.8175 0.5172 0.2533
vn 0.8790 -0.3076 0.3644
vn 0.8750 -0.3199 0.3634
vn -0.0035 -0.9953 0.0963
vn -0.0442 -0.9926 0.1129
vn 0.2026 0.0403 -0.9784
vn 0.2028 -0.0066 -0.9792
vn -0.0000 0.1959 -0.9806
vn -0.1990 0.1921 -0.9610
vn -0.1943 0.2872 -0.9380
vn -0.1959 0.2588 -0.9459
vn -0.1964 0.2497 -0.9482
vn -0.1230 0.2527 -0.9597
vn 0.1997 0.1739 -0.9643
vn -0.1917 0.3270 -0.9254
vn 0.8232 0.5139 0.2414
vt 0.190774 0.000000
vt 1.000000 0.000000
vt 1.000000 0.725044
vt 0.939146 0.676163
vt 0.637766 0.421253
vt 0.338643 0.148632
vt 1.000000 0.719708
vt 0.725044 0.725044
vt 0.000000 0.000000
vt 1.000000 0.640090
vt 0.719708 0.719708
vt 0.729416 0.152711
vt 0.640090 0.640090
vt 0.754718 0.000000
vt 0.054700 0.273710
vt 0.062200 0.281585
vt 0.067868 0.294423
vt 0.025774 0.315140
vt 0.014340 0.288350
vt 1.000000 0.809226
vt 0.185197 0.000000
vt 1.000000 1.000000
vt 0.188170 0.000000
vt 0.800194 0.800194
vt 0.799902 0.799902
vt 0.801783 0.000000
vt 0.198217 0.000000
vt 1.000000 0.804221
vt 0.567833 0.438246
vt 0.804221 0.804221
vt 0.574956 0.086239
vt 0.583560 0.113246
vt 0.554046 0.120896
vt 0.535904 0.103734
vt 0.536068 0.100692
vt 0.040851 0.341726
vt 0.067868 0.294423
vt 0.080433 0.317695
vt 0.080433 0.317695
vt 0.094487 0.339677
vt 0.067927 0.359013
vt 0.057733 0.361525
vt 0.054008 0.360149
vt 0.554046 0.120896
vt 0.589397 0.142456
vt 0.576254 0.144664
vt 0.591484 0.164465
vt 0.097667 0.343970
vt 0.099109 0.345969
vt 0.101376 0.349146
vt 0.800194 0.000000
vt 0.791575 0.172980
vt 0.788536 0.505153
vt 0.765518 0.727604
vt 0.754718 0.754718
s 0
f 3476/4578/2469 3456/4579/2469 3478/4580/2469 3477/4581/2469 3479/4582/2469 3475/4583/2469
f 3452/4579/2470 3480/4584/2470 3478/4585/2470 3456/4586/2470
f 3451/4579/2471 3481/4587/2471 3480/4588/2471 3452/4586/2471
f 3482/4589/2472 3481/4590/2472 3451/4586/2472 3483/4591/2472
s 1
f 3471/4592/2473 3462/4593/2473 3461/4594/2474 3458/4595/2475 3474/4596/2476
s 0
f 3476/4597/2477 3487/4598/2477 3456/4579/2477
f 3454/4586/2478 3455/4579/2478 3456/4599/2478
f 3455/4586/2479 3453/4579/2479 3456/4599/2479
f 3453/4586/2480 3452/4579/2480 3456/4599/2480
f 3487/4600/2481 3454/4579/2481 3456/4599/2481
f 3453/4586/2482 3451/4579/2482 3452/4599/2482
f 3453/4586/2483 3455/4579/2483 3488/4601/2483
f 3488/4602/2484 3455/4586/2484 3489/4603/2484
f 3489/4604/2485 3455/4579/2485 3487/4605/2485 3490/4606/2485
f 3455/4586/2486 3454/4579/2486 3487/4607/2486
s 1
f 3474/4608/2476 3458/4609/2475 3486/4610/2487 3472/4611/2488 3473/4612/2488
f 3457/4613/2489 3458/4595/2475 3461/4614/2474 3463/4615/2490
f 3457/4613/2489 3463/4616/2490 3459/4617/2491 3466/4618/2492 3467/4619/2493 3485/4620/2494
f 3486/4621/2487 3458/4609/2475 3457/4622/2489 3484/4623/2495
f 3485/4624/2494 3484/4623/2495 3457/4622/2489
f 3460/4625/2496 3464/4626/2496 3465/4627/2496 3466/4618/2492 3459/4617/2491
s 0
f 3488/4628/2497 3468/4629/2497 3469/4630/2497 3470/4631/2497 3483/4632/2497 3451/4599/2497 3453/4586/2497
o Circle_cell.064
v 0.065631 1.634732 -0.027185
v 0.058182 1.656379 -0.024100
v 0.044670 1.656379 -0.044671
v 0.056402 1.587615 -0.023362
v 0.058885 1.609617 -0.014361
v 0.067114 1.607716 -0.016353
v 0.064279 1.582609 -0.026625
v 0.033345 1.679251 -0.054349
v 0.044434 1.644499 -0.044434
v 0.040284 1.656379 -0.047552
v 0.053285 1.634732 -0.045981
v 0.051126 1.647607 -0.051126
v 0.046966 1.661220 -0.055148
v 0.025646 1.704899 -0.061916
v 0.033370 1.706182 -0.068340
v 0.062912 1.717841 -0.026059
v 0.069764 1.716656 -0.032713
v 0.054729 1.710605 -0.054729
v 0.047946 1.711824 -0.047947
v 0.065464 1.718123 -0.013854
v 0.074631 1.716747 -0.015762
v 0.064216 1.702252 -0.013473
v 0.073455 1.701284 -0.015399
v 0.062992 1.686891 -0.013189
v 0.072096 1.683666 -0.015082
v 0.059403 1.614299 -0.012492
v 0.060543 1.656379 -0.012701
v 0.068294 1.634732 -0.014326
v 0.067706 1.613066 -0.014218
v 0.056402 1.587615 -0.023362
v 0.058885 1.609617 -0.014361
v 0.067114 1.607716 -0.016353
v 0.064279 1.582609 -0.026625
v 0.053285 1.634732 -0.045981
v 0.051126 1.647607 -0.051126
v 0.044434 1.644499 -0.044434
v 0.040284 1.656379 -0.047552
v 0.033345 1.679251 -0.054349
v 0.046966 1.661220 -0.055148
v 0.033370 1.706182 -0.068340
v 0.025646 1.704899 -0.061916
v 0.062912 1.717841 -0.026059
v 0.047946 1.711824 -0.047947
v 0.069764 1.716656 -0.032713
v 0.054729 1.710605 -0.054729
v 0.074631 1.716747 -0.015762
v 0.073455 1.701284 -0.015399
v 0.065464 1.718123 -0.013854
v 0.064216 1.702252 -0.013473
v 0.072096 1.683666 -0.015082
v 0.062992 1.686891 -0.013189
v 0.068294 1.634732 -0.014326
v 0.060543 1.656379 -0.012701
v 0.059403 1.614299 -0.012492
v 0.067706 1.613066 -0.014218
vn 0.1312 -0.3881 0.9122
vn -0.5554 -0.3886 -0.7352
vn -0.5519 -0.3841 -0.7402
vn -0.1026 0.9751 -0.1964
vn 0.1333 0.9900 -0.0466
vn 0.2048 0.0074 0.9788
vn 0.2043 0.0018 0.9789
vn 0.2034 -0.0007 0.9791
vn 0.1338 -0.3800 0.9153
vn 0.8036 -0.0797 -0.5899
vn 0.5473 -0.0790 -0.8332
vn 0.7229 -0.0806 -0.6862
vn 0.8343 -0.0599 -0.5480
vn 0.9193 -0.0525 -0.3900
vn 0.9233 -0.0281 -0.3830
vn 0.9734 -0.0499 -0.2234
vn 0.9788 -0.0276 -0.2027
vn 0.9163 -0.0764 -0.3932
vn 0.9671 -0.0722 -0.2439
vn -0.7060 0.0559 0.7060
vn -0.9224 0.0557 0.3821
vn -0.9267 0.0830 0.3664
vn -0.7272 0.0832 0.6814
vn -0.9760 0.0816 0.2021
vn -0.9778 0.0546 0.2025
vn -0.5472 0.0816 0.8330
vn -0.5480 0.0615 0.8342
vn -0.8053 0.0278 0.5922
vn -0.9234 0.0280 0.3828
vn -0.9788 0.0275 0.2027
vt 0.861595 0.000000
vt 1.000000 0.380174
vt 0.998619 0.430738
vt 0.841873 0.000000
vt 0.816832 0.324868
vt 0.434311 0.434311
vt 0.380174 0.380174
vt 0.797120 0.260860
vt 0.861664 0.225341
vt 1.000000 0.163692
vt 1.000000 0.264455
vt 0.918065 0.301341
vt 0.264455 0.264455
vt 0.163692 0.163692
vt 0.057081 0.000000
vt 0.094241 0.000000
vt 1.000000 0.075498
vt 1.000000 0.109658
vt 0.535606 0.120039
vt 0.094241 0.094241
vt 0.073623 0.059485
vt 0.532713 0.086361
vt 0.109658 0.109658
vt 0.075498 0.075498
vt 0.410846 0.000000
vt 0.626595 0.000000
vt 1.000000 0.173735
vt 0.071823 0.071823
vt 0.047075 0.047075
vt 1.000000 0.151608
vt 0.170508 0.000000
vt 0.173735 0.173735
vt 0.151608 0.151608
vt 0.148700 0.000000
vt 0.170508 0.170508
vt 0.148700 0.148700
vt 0.508151 0.142641
vt 1.000000 0.139647
vt 1.000000 0.159547
vt 0.746755 0.161090
vt 0.139647 0.139647
vt 0.138405 0.000000
vt 0.158127 0.000000
vt 0.159547 0.159547
vt 0.609677 0.764873
vt 0.615343 0.774987
vt 0.633853 0.809347
vt 0.614591 0.813547
vt 0.604650 0.755666
vt 0.587500 0.758823
vt 0.576344 0.718595
vt 0.576315 0.718764
vt 0.577816 0.760577
vt 0.573242 0.744003
vt 0.573744 0.739596
vt 0.577816 0.760577
vt 0.593341 0.819279
vt 0.583756 0.819109
vt 0.582572 0.808077
vt 0.581289 0.795507
vt 0.593341 0.819279
vt 0.557077 0.963982
vt 0.550968 0.959119
vt 0.563905 0.936748
vt 0.571926 0.944839
vt 0.559859 0.933564
vt 0.547885 0.957302
vt 0.553519 0.946048
vt 0.556365 0.940388
vt 0.578404 0.954453
vt 0.567593 0.960068
vt 0.558265 0.965207
vt 0.555311 0.965483
vt 0.542566 0.968611
vt 0.543195 0.964235
vt 0.543283 0.963293
vt 0.555311 0.965483
s 0
f 3521/4633/2498 3520/4634/2498 3523/4635/2498 3522/4636/2498
f 3524/4637/2499 3523/4638/2499 3520/4639/2499 3526/4640/2499 3527/4641/2499 3528/4642/2499 3529/4643/2499 3525/4644/2499
f 3529/4645/2500 3528/4646/2500 3531/4647/2500 3530/4648/2500
f 3532/4649/2501 3534/4650/2501 3535/4651/2501 3530/4652/2501 3531/4653/2501 3533/4654/2501
f 3534/4655/2502 3532/4656/2502 3538/4657/2502 3536/4658/2502
f 3537/4659/2503 3536/4660/2503 3538/4661/2503 3539/4662/2503
f 3540/4663/2504 3537/4664/2504 3539/4665/2504 3541/4666/2504
f 3540/4667/2505 3541/4668/2505 3543/4669/2505 3544/4670/2505 3545/4671/2505 3542/4672/2505
f 3544/4673/2506 3521/4674/2506 3522/4675/2506 3545/4676/2506
s 1
f 3502/4677/2507 3503/4678/2508 3505/4679/2508 3508/4680/2509
f 3501/4681/2510 3491/4682/2511 3497/4683/2512
f 3497/4684/2512 3491/4682/2511 3518/4685/2513 3519/4686/2514 3496/4687/2514
f 3518/4688/2513 3491/4682/2511 3507/4689/2515 3511/4690/2516 3513/4691/2516 3515/4692/2516
f 3507/4693/2515 3491/4682/2511 3501/4681/2510 3502/4677/2507 3508/4680/2509
f 3493/4694/2517 3492/4695/2518 3506/4696/2519 3509/4697/2520
f 3510/4698/2521 3506/4696/2519 3492/4695/2518 3517/4699/2522 3514/4700/2521 3512/4701/2521
f 3504/4702/2523 3498/4703/2523 3500/4704/2524 3493/4694/2517 3509/4697/2520
f 3499/4705/2525 3493/4694/2517 3500/4704/2524
f 3517/4699/2522 3492/4695/2518 3494/4706/2526 3495/4707/2527 3516/4708/2527
f 3494/4706/2526 3492/4695/2518 3493/4694/2517 3499/4709/2525
o Circle_cell.065
v -0.009801 0.435094 -0.010112
v -0.004842 0.438787 -0.014140
v -0.002529 0.440865 -0.005017
v -0.140395 0.395728 -0.338944
v -0.338944 0.395728 -0.140395
v -0.260230 0.395728 -0.260230
v -0.249020 0.321384 -0.249020
v -0.143255 0.335527 -0.322026
v -0.138140 0.368008 -0.333500
v -0.132792 0.395728 -0.340519
v -0.129835 0.407047 -0.341208
v -0.160798 0.321384 -0.306969
v -0.229141 0.266053 -0.228989
v -0.328316 0.341610 -0.135993
v -0.306829 0.321384 -0.161011
v -0.339228 0.441387 -0.140513
v -0.350286 0.441511 -0.087126
v -0.260446 0.440987 -0.260446
v -0.329905 0.345194 -0.132010
v -0.345326 0.395728 -0.109582
v -0.140510 0.440037 -0.339220
v -0.138140 0.368008 -0.333500
v -0.132792 0.395728 -0.340519
v -0.129835 0.407047 -0.341208
v -0.143255 0.335527 -0.322026
v -0.160798 0.321384 -0.306969
v -0.328316 0.341610 -0.135993
v -0.306829 0.321384 -0.161011
v -0.229141 0.266053 -0.228989
v -0.339228 0.441387 -0.140513
v -0.260446 0.440987 -0.260446
v -0.350286 0.441511 -0.087126
v -0.329905 0.345194 -0.132010
v -0.345326 0.395728 -0.109582
v -0.140510 0.440037 -0.339220
vn 0.9107 -0.2575 -0.3230
vn 0.6190 -0.7852 -0.0149
vn 0.6032 -0.7975 0.0114
vn -0.0161 -0.7828 0.6221
vn 0.0034 1.0000 -0.0030
vn -0.2061 -0.4488 0.8695
vn 0.7733 0.5469 -0.3206
vn 0.8789 0.3064 -0.3656
vn 0.6104 -0.7917 0.0256
vn -0.1719 -0.5213 0.8359
vn -0.8096 -0.2486 -0.5318
vn -0.6677 -0.3291 -0.6678
vn -0.6300 -0.4544 -0.6298
vn -0.5318 -0.2485 -0.8096
vn -0.3805 -0.1066 -0.9186
vn -0.2020 -0.0906 -0.9752
vn -0.5110 -0.2055 -0.8347
vn -0.7031 -0.1068 -0.7031
vn -0.5374 -0.2044 -0.8182
vn -0.4960 -0.0067 -0.8683
vn -0.2028 -0.0066 -0.9792
vn -0.8713 -0.2073 -0.4448
vn -0.9186 -0.1066 -0.3805
vn -0.9763 -0.0771 -0.2022
vn -0.9585 -0.2044 -0.1985
vn -0.9792 -0.0066 -0.2028
vn -0.9240 -0.0067 -0.3824
vn -0.7075 -0.0068 -0.7067
vt 0.311776 0.118040
vt 0.192069 0.000000
vt 1.000000 0.000000
vt 1.000000 0.760770
vt 0.623470 0.412481
vt 0.000000 0.000000
vt 0.537083 0.000000
vt 0.723713 0.619054
vt 0.760770 0.760770
vt 0.537083 0.537083
vt 0.782812 0.000000
vt 0.779487 0.016276
vt 0.726772 0.148274
vt 0.536255 0.536255
vt 0.897382 0.747465
vt 0.835767 0.835767
vt 0.806903 0.000000
vt 0.926223 0.405415
vt 0.212820 0.000000
vt 1.000000 0.835767
vt 0.625756 0.449790
vt 0.806903 0.806903
vt 0.802913 0.802913
vt 0.807931 0.000000
vt 1.000000 1.000000
vt 1.000000 0.217188
vt 0.113000 0.222231
vt 0.086538 0.233397
vt 0.080404 0.216711
vt 0.057646 0.243771
vt 0.080378 0.216733
vt 0.056663 0.268568
vt 0.054298 0.269469
vt 0.053799 0.260482
vt 0.094445 0.252778
vt 0.053799 0.260482
vt 0.052979 0.250089
vt 0.057646 0.243771
vt 0.062086 0.280833
vt 0.054789 0.273053
vt 0.123199 0.223836
vt 0.129040 0.237184
vt 0.136280 0.233872
vt 0.123199 0.223836
vt 0.124617 0.224261
vt 0.146518 0.242045
vt 0.134054 0.247889
vt 0.134054 0.247889
vt 0.099627 0.264033
vt 0.099627 0.264033
vt 0.062085 0.280833
s 0
f 3568/4710/2528 3569/4711/2528 3547/4712/2528 3570/4713/2528 3567/4714/2528
f 3547/4715/2529 3574/4716/2529 3571/4717/2529 3570/4718/2529
f 3574/4719/2530 3547/4715/2530 3546/4712/2530
f 3546/4715/2531 3578/4720/2531 3572/4721/2531 3573/4722/2531 3574/4723/2531
f 3575/4724/2532 3577/4725/2532 3548/4715/2532 3580/4726/2532 3576/4727/2532
f 3578/4728/2533 3548/4712/2533 3577/4729/2533 3579/4730/2533
f 3548/4715/2534 3547/4712/2534 3580/4731/2534
f 3580/4732/2535 3547/4715/2535 3569/4733/2535
f 3548/4715/2536 3546/4712/2536 3547/4734/2536
f 3578/4735/2537 3546/4734/2537 3548/4715/2537
s 1
f 3560/4736/2538 3552/4737/2539 3558/4738/2540
f 3552/4737/2539 3557/4739/2541 3558/4740/2540
f 3549/4741/2542 3555/4742/2543 3554/4743/2544
f 3552/4737/2539 3551/4744/2545 3549/4741/2542 3554/4745/2544 3553/4746/2546 3557/4747/2541
f 3549/4741/2542 3566/4748/2547 3556/4749/2548 3555/4742/2543
f 3560/4736/2538 3559/4750/2549 3550/4751/2550 3551/4744/2545 3552/4737/2539
f 3565/4752/2551 3550/4751/2550 3559/4753/2549 3564/4754/2552
f 3562/4755/2553 3561/4756/2554 3550/4751/2550 3565/4752/2551
f 3551/4744/2545 3550/4751/2550 3561/4757/2554 3563/4758/2555
f 3549/4741/2542 3551/4744/2545 3563/4759/2555 3566/4760/2547
o Circle_cell.066
v -0.001597 1.209073 0.001347
v -0.000677 1.329650 0.001169
v -0.001999 1.336978 0.009670
v -0.026398 1.274369 0.063731
v 0.026398 1.274369 0.063731
v -0.063731 1.274369 0.026398
v 0.063731 1.274369 0.026398
v -0.000000 1.274369 0.069198
v -0.048931 1.274369 0.048930
v 0.048930 1.274369 0.048930
v 0.054597 1.196995 0.056337
v 0.068688 1.230524 0.028451
v 0.071232 1.256380 0.000843
v -0.071309 1.255368 0.001071
v -0.069010 1.274369 0.000911
v -0.068671 1.283035 0.000839
v 0.069053 1.274369 0.000698
v -0.067808 1.303306 0.001010
v 0.068195 1.294833 0.000806
v 0.048544 1.339635 0.044765
v 0.062101 1.317699 0.025723
v -0.028897 1.221010 0.069764
v -0.000000 1.213436 0.076678
v 0.029652 1.204886 0.071587
v -0.053072 1.226655 0.053072
v -0.068494 1.229415 0.028990
v -0.062986 1.323938 0.020225
v 0.045481 1.343640 0.047882
v 0.040219 1.348752 0.051094
v -0.061422 1.329726 0.025882
v -0.057817 1.331049 0.031273
v -0.025377 1.339933 0.061265
v -0.047188 1.334738 0.047187
v -0.000000 1.344532 0.066333
v 0.025255 1.347779 0.060970
v 0.031868 1.348251 0.056604
v 0.068688 1.230524 0.028451
v 0.071232 1.256380 0.000843
v 0.069053 1.274369 0.000698
v -0.071309 1.255368 0.001071
v -0.069010 1.274369 0.000911
v -0.068671 1.283035 0.000839
v -0.067808 1.303306 0.001010
v 0.068195 1.294833 0.000806
v 0.062101 1.317699 0.025723
v 0.048544 1.339635 0.044765
v -0.000000 1.213436 0.076678
v 0.029652 1.204886 0.071587
v -0.028897 1.221010 0.069764
v 0.054597 1.196995 0.056337
v -0.053072 1.226655 0.053072
v -0.068494 1.229415 0.028990
v -0.062986 1.323938 0.020225
v 0.045481 1.343640 0.047882
v 0.040219 1.348752 0.051094
v -0.000000 1.344532 0.066333
v 0.025255 1.347779 0.060970
v 0.031868 1.348251 0.056604
v -0.057817 1.331049 0.031273
v -0.047188 1.334738 0.047187
v -0.025377 1.339933 0.061265
v -0.061422 1.329726 0.025882
vn 0.4355 -0.6767 -0.5936
vn -0.0015 -0.0083 -1.0000
vn -0.0009 0.0076 -1.0000
vn 0.3653 0.7286 -0.5793
vn -0.4473 -0.6771 -0.5843
vn -0.2689 0.6893 -0.6727
vn 0.3608 0.7334 -0.5762
vn 0.3647 0.7294 -0.5788
vn -0.2647 0.7096 -0.6530
vn -0.1526 0.9803 -0.1253
vn -0.1563 0.9784 -0.1354
vn -0.1451 0.9807 -0.1308
vn -0.3552 0.1214 0.9269
vn -0.3814 0.0815 0.9208
vn -0.7047 0.0818 0.7047
vn -0.6886 0.1218 0.7149
vn 0.0349 0.1218 0.9919
vn -0.0000 0.0818 0.9966
vn 0.4105 0.1214 0.9037
vn 0.3814 0.0815 0.9208
vn 0.6562 0.1201 0.7450
vn 0.7029 0.0809 0.7067
vn -0.8889 0.1201 0.4421
vn -0.9208 0.0808 0.3817
vn -0.9756 0.0785 0.2050
vn -0.9721 0.1161 0.2038
vn 0.8749 0.1180 0.4696
vn 0.9188 0.0808 0.3863
vn 0.9722 0.1193 0.2014
vn 0.9761 0.0801 0.2022
vn 0.8805 0.0411 0.4722
vn 0.9784 0.0400 0.2026
vn 0.6302 0.0407 0.7754
vn 0.8270 0.0407 0.5608
vn -0.8921 0.0407 0.4501
vn -0.6883 0.0408 0.7242
vn -0.8351 0.0400 0.5486
vn -0.9777 0.0404 0.2060
vn 0.3929 0.0407 0.9187
vn 0.5486 0.0400 0.8351
vn 0.0201 0.0408 0.9990
vn -0.3613 0.0407 0.9316
vn -0.2669 -0.9618 0.0613
vt 1.000000 0.000000
vt 1.000000 0.694997
vt 0.709447 0.403553
vt 0.416817 0.000000
vt 0.694997 0.694997
vt 0.000000 0.000000
vt 0.612659 0.000000
vt 0.878904 0.149122
vt 1.000000 0.213713
vt 0.944981 0.815169
vt 0.414760 0.000000
vt 1.000000 0.663065
vt 0.843104 0.843104
vt 0.213713 0.213713
vt 0.663065 0.663065
vt 0.117293 0.000000
vt 0.402059 0.335503
vt 1.000000 0.387341
vt 1.000000 1.000000
vt 0.789428 0.776384
vt 0.747357 0.000000
vt 1.000000 0.585240
vt 0.132339 0.000000
vt 1.000000 0.854709
vt 0.910288 0.864658
vt 1.000000 0.882707
vt 0.757759 0.000000
vt 0.747357 0.747357
vt 0.881771 0.024507
vt 0.885225 0.000000
vt 1.000000 0.179231
vt 0.961715 0.181373
vt 0.918667 0.152126
vt 0.890204 0.097609
vt 0.242241 0.000000
vt 0.179231 0.179231
vt 0.885225 0.885225
vt 1.000000 0.867661
vt 0.380153 0.482794
vt 0.393976 0.519337
vt 0.375122 0.526164
vt 0.361944 0.494191
vt 0.398436 0.470227
vt 0.413122 0.512743
vt 0.380153 0.482794
vt 0.417141 0.457598
vt 0.432492 0.506520
vt 0.436686 0.446702
vt 0.451961 0.500584
vt 0.417141 0.457598
vt 0.343800 0.504494
vt 0.356655 0.533282
vt 0.339268 0.540265
vt 0.333634 0.528308
vt 0.344002 0.503935
vt 0.361944 0.494191
vt 0.463582 0.464106
vt 0.471471 0.495040
vt 0.436686 0.446702
vt 0.463582 0.464106
vt 0.487380 0.477338
vt 0.490357 0.489910
vt 0.481078 0.527539
vt 0.491238 0.492858
vt 0.494725 0.505244
vt 0.467372 0.551425
vt 0.481078 0.527539
vt 0.468816 0.548937
vt 0.370501 0.572463
vt 0.390173 0.569901
vt 0.375765 0.571971
vt 0.339268 0.540265
vt 0.370501 0.572463
vt 0.365351 0.570015
vt 0.346652 0.560518
vt 0.341411 0.546359
vt 0.449615 0.561332
vt 0.466439 0.552907
vt 0.463109 0.558092
vt 0.455606 0.559930
vt 0.449615 0.561332
vt 0.429921 0.564773
vt 0.410032 0.567447
vt 1.000000 0.785472
vt 1.000000 0.583183
vt 0.947933 0.514680
vt 0.903154 0.370674
vt 0.875107 0.173325
vt 0.887772 0.849494
s 0
f 3581/4761/2556 3618/4762/2556 3617/4763/2556 3630/4764/2556
f 3618/4765/2557 3581/4766/2557 3620/4767/2557 3621/4768/2557 3622/4769/2557 3619/4770/2557
f 3623/4771/2558 3582/4761/2558 3624/4772/2558 3619/4773/2558 3622/4774/2558
f 3624/4775/2559 3582/4766/2559 3626/4776/2559 3625/4777/2559
f 3620/4778/2560 3581/4779/2560 3606/4780/2560
f 3633/4781/2561 3582/4761/2561 3623/4782/2561
f 3582/4779/2562 3583/4766/2562 3635/4783/2562 3634/4784/2562
f 3634/4785/2563 3626/4786/2563 3582/4779/2563
f 3642/4787/2564 3583/4761/2564 3582/4779/2564 3633/4788/2564
f 3637/4789/2565 3638/4790/2565 3583/4761/2565 3639/4791/2565 3640/4792/2565 3641/4793/2565 3636/4794/2565
f 3642/4795/2566 3639/4796/2566 3583/4766/2566
f 3583/4779/2567 3638/4797/2567 3635/4798/2567
s 1
f 3629/4799/2568 3584/4800/2569 3589/4801/2570 3631/4802/2571
f 3627/4803/2572 3588/4804/2573 3584/4800/2569 3629/4805/2568
f 3628/4806/2574 3585/4807/2575 3588/4804/2573 3627/4803/2572
f 3591/4808/2576 3590/4809/2577 3585/4807/2575 3628/4810/2574
f 3632/4811/2578 3586/4812/2579 3595/4813/2580 3594/4814/2581
f 3632/4815/2578 3631/4816/2571 3589/4801/2570 3586/4812/2579
f 3592/4817/2582 3587/4818/2583 3590/4809/2577 3591/4819/2576
f 3587/4818/2583 3592/4820/2582 3593/4821/2584 3597/4822/2585
f 3601/4823/2586 3587/4818/2583 3597/4824/2585 3599/4825/2587
f 3608/4826/2588 3590/4809/2577 3587/4818/2583 3601/4827/2586 3600/4828/2589
f 3610/4829/2590 3586/4812/2579 3589/4801/2570 3613/4830/2591 3611/4831/2592
f 3595/4832/2580 3586/4812/2579 3610/4833/2590 3607/4834/2593 3598/4835/2593 3596/4836/2593
f 3615/4837/2594 3585/4807/2575 3590/4809/2577 3608/4838/2588 3609/4839/2595 3616/4840/2595
f 3588/4804/2573 3585/4807/2575 3615/4841/2594 3614/4842/2596
f 3612/4843/2597 3584/4800/2569 3588/4804/2573 3614/4842/2596
f 3613/4830/2591 3589/4801/2570 3584/4800/2569 3612/4843/2597
s 0
f 3606/4844/2598 3581/4761/2598 3630/4845/2598 3604/4846/2598 3603/4847/2598 3602/4848/2598 3605/4849/2598
o Circle_cell.067
v -0.015293 0.411046 -0.000057
v -0.286457 0.204931 0.000000
v -0.270847 0.204931 0.075375
v -0.250578 0.185983 0.085918
v -0.294860 0.237798 0.058006
v -0.303536 0.232426 0.000000
v -0.294927 0.237767 -0.057588
v -0.277019 0.207894 -0.054459
v -0.254612 0.182244 -0.049208
v -0.259919 0.177126 0.000000
v -0.270847 0.204931 0.075375
v -0.250578 0.185983 0.085918
v -0.294860 0.237798 0.058006
v -0.303536 0.232426 0.000000
v -0.294927 0.237767 -0.057588
v -0.277019 0.207894 -0.054459
v -0.259919 0.177126 0.000000
v -0.254612 0.182244 -0.049208
vn -0.0745 0.4229 0.9031
vn -0.5267 0.8500 0.0001
vn 0.1936 0.0133 -0.9810
vn 0.2135 -0.0135 -0.9769
vn 0.6911 -0.7227 -0.0006
vn -0.7956 -0.6058 -0.0014
vn -0.7597 -0.6309 0.1573
vn -0.8366 -0.5197 0.1733
vn -0.8495 -0.5277 -0.0000
vn -0.7848 -0.5972 -0.1654
vn -0.8366 -0.5197 -0.1733
vn -0.7210 -0.6754 -0.1552
vn -0.7266 -0.6871 -0.0035
vn -0.7154 -0.6828 0.1482
vt 0.280915 0.000000
vt 1.000000 0.000000
vt 1.000000 0.693532
vt 0.566790 0.282326
vt 0.693531 0.693531
vt 0.000000 0.000000
vt 0.693014 0.000000
vt 0.714702 0.356183
vt 0.693014 0.693014
vt 0.649376 0.000000
vt 0.649376 0.649376
vt 0.731444 0.000000
vt 0.719085 0.000000
vt 0.747652 0.478335
vt 0.731444 0.731444
vt 0.138922 0.169572
vt 0.161079 0.159166
vt 0.159388 0.172766
vt 0.142755 0.178392
vt 0.122815 0.176241
vt 0.127279 0.186894
vt 0.122815 0.176241
vt 0.118654 0.166424
vt 0.133631 0.157545
vt 0.161855 0.148769
vt 0.133631 0.157545
s 0
f 3654/4850/2599 3643/4851/2599 3655/4852/2599 3653/4853/2599
f 3655/4854/2600 3643/4855/2600 3657/4856/2600 3656/4857/2600
f 3657/4858/2601 3643/4855/2601 3658/4859/2601
f 3658/4860/2602 3643/4855/2602 3660/4861/2602
f 3643/4855/2603 3654/4862/2603 3659/4863/2603 3660/4864/2603
s 1
f 3644/4865/2604 3645/4866/2605 3647/4867/2606 3648/4868/2607
f 3650/4869/2608 3644/4865/2604 3648/4868/2607 3649/4870/2609
f 3644/4865/2604 3650/4871/2608 3651/4872/2610 3652/4873/2611
f 3646/4874/2612 3645/4866/2605 3644/4865/2604 3652/4875/2611
o Circle_cell.068
v -0.015531 0.413814 -0.000350
v -0.004299 0.430085 -0.002330
v -0.007285 0.444018 -0.002151
v -0.002751 0.438166 -0.002852
v -0.009074 0.434847 -0.007589
v -0.368021 0.395728 -0.000000
v -0.352168 0.321384 -0.000000
v -0.321887 0.261968 -0.000000
v -0.327694 0.321384 -0.118171
v -0.296024 0.239730 -0.058178
v -0.306274 0.261968 -0.075384
v -0.304784 0.234435 -0.000000
v -0.361443 0.395728 0.031762
v -0.368150 0.414831 -0.000000
v -0.353941 0.459205 -0.070056
v -0.350572 0.440903 -0.085725
v -0.329777 0.343460 -0.130843
v -0.345700 0.395728 -0.107776
v -0.297387 0.241884 0.058060
v -0.348641 0.371519 0.068647
v -0.309351 0.261968 0.060529
v -0.338390 0.321384 0.066526
v -0.296024 0.239730 -0.058178
v -0.306274 0.261968 -0.075384
v -0.327694 0.321384 -0.118171
v -0.304784 0.234435 -0.000000
v -0.368150 0.414831 -0.000000
v -0.353941 0.459205 -0.070056
v -0.361443 0.395728 0.031762
v -0.329777 0.343460 -0.130843
v -0.345700 0.395728 -0.107776
v -0.350572 0.440903 -0.085725
v -0.309351 0.261968 0.060529
v -0.338390 0.321384 0.066526
v -0.297387 0.241884 0.058060
v -0.348641 0.371519 0.068647
vn 0.4268 -0.4216 -0.8001
vn 0.5269 -0.8496 0.0219
vn -0.0637 0.8426 0.5348
vn 0.1723 0.6587 -0.7324
vn 0.2070 0.4471 -0.8702
vn 0.4266 -0.4087 -0.8069
vn 0.4576 -0.4117 -0.7881
vn 0.2238 -0.0360 0.9740
vn 0.2019 -0.0002 0.9794
vn 0.1977 0.0255 0.9799
vn 0.1959 0.0345 0.9800
vn 0.4003 0.4084 -0.8204
vn 0.2048 0.4694 -0.8589
vn 0.6469 -0.1720 -0.7429
vn -0.9443 -0.3290 -0.0000
vn -0.9376 -0.2886 -0.1942
vn -0.8636 -0.4715 -0.1788
vn -0.8723 -0.4890 -0.0000
vn -0.9250 -0.3282 0.1916
vn -0.8571 -0.4835 0.1775
vn -0.9585 -0.2044 0.1985
vn -0.9648 -0.1710 0.1998
vn -0.9943 -0.1068 -0.0000
vn -0.9975 -0.0067 -0.0710
vn -0.9585 -0.2044 -0.1985
vn -0.9703 -0.1350 -0.2009
vn -0.9792 -0.0066 -0.2028
vn -0.8366 -0.5197 0.1733
vn -0.8495 -0.5277 -0.0024
vn -0.8366 -0.5197 -0.1733
vt 0.221447 0.000000
vt 1.000000 0.000000
vt 1.000000 0.695634
vt 0.814900 0.536005
vt 0.344307 0.118661
vt 0.000000 0.000000
vt 0.696175 0.000000
vt 0.717393 0.357194
vt 0.695634 0.695634
vt 0.560733 0.437475
vt 0.377112 0.237749
vt 0.169037 0.000000
vt 1.000000 0.841801
vt 0.841801 0.841801
vt 0.835743 0.000000
vt 0.541353 0.363699
vt 0.165398 0.000000
vt 1.000000 0.783031
vt 0.783031 0.783031
vt 1.000000 1.000000
vt 1.000000 0.303825
vt 0.736118 0.594168
vt 0.707237 0.707237
vt 0.830983 0.000000
vt 0.806222 0.265192
vt 0.830983 0.830983
vt 0.832251 0.832251
vt 1.000000 0.164257
vt 0.154114 0.204396
vt 0.125001 0.217108
vt 0.126634 0.196421
vt 0.146873 0.187869
vt 0.170152 0.197097
vt 0.162822 0.180554
vt 0.175699 0.209587
vt 0.169326 0.218758
vt 0.162031 0.222094
vt 0.169326 0.218758
vt 0.164034 0.226417
vt 0.124711 0.222491
vt 0.125001 0.217108
vt 0.136705 0.233678
vt 0.136705 0.233678
vt 0.152402 0.244239
vt 0.146779 0.241751
vt 0.159858 0.174135
vt 0.143035 0.179037
vt 0.127448 0.187573
s 0
f 3690/4876/2613 3661/4877/2613 3683/4878/2613 3684/4879/2613 3685/4880/2613
f 3661/4881/2614 3695/4882/2614 3686/4883/2614 3683/4884/2614
f 3687/4885/2615 3689/4886/2615 3696/4887/2615 3663/4877/2615 3688/4888/2615
f 3688/4889/2616 3663/4881/2616 3692/4890/2616
f 3691/4891/2617 3692/4892/2617 3665/4877/2617 3690/4893/2617
f 3661/4877/2618 3690/4894/2618 3665/4881/2618
f 3665/4881/2619 3662/4877/2619 3661/4895/2619
f 3695/4896/2620 3661/4895/2620 3662/4881/2620
f 3693/4897/2621 3695/4898/2621 3662/4881/2621 3696/4899/2621 3694/4900/2621
f 3696/4901/2622 3662/4881/2622 3664/4877/2622
f 3663/4877/2623 3696/4902/2623 3664/4881/2623
f 3664/4881/2624 3665/4877/2624 3663/4895/2624
f 3665/4881/2625 3692/4903/2625 3663/4895/2625
f 3664/4881/2626 3662/4877/2626 3665/4895/2626
s 1
f 3667/4904/2627 3669/4905/2628 3671/4906/2629 3668/4907/2630
f 3682/4908/2631 3667/4904/2627 3668/4907/2630 3681/4909/2632
f 3680/4910/2633 3673/4911/2634 3666/4912/2635 3667/4904/2627 3682/4908/2631
f 3666/4912/2635 3673/4913/2634 3674/4914/2636
f 3677/4915/2637 3669/4916/2628 3667/4904/2627 3666/4912/2635 3678/4917/2638
f 3678/4918/2638 3666/4912/2635 3674/4914/2636 3675/4919/2639 3676/4920/2639
f 3679/4921/2640 3681/4909/2632 3668/4907/2630 3672/4922/2641
f 3668/4907/2630 3671/4906/2629 3670/4923/2642 3672/4922/2641
o Circle_cell.069
v -0.000272 1.376836 -0.001952
v -0.000464 1.330803 -0.002036
v -0.024573 1.391545 -0.059324
v -0.021480 1.412093 -0.051857
v -0.000000 1.391545 -0.064414
v -0.034897 1.355244 -0.054280
v -0.035402 1.328007 -0.055251
v -0.029757 1.412093 -0.046421
v -0.030197 1.440328 -0.047062
v -0.022532 1.412093 -0.035455
v -0.034115 1.391545 -0.053057
v -0.035162 1.458618 -0.054581
v -0.025522 1.330638 -0.061615
v 0.009568 1.338299 -0.064606
v -0.000000 1.336457 -0.066663
v -0.012911 1.412093 -0.021041
v -0.035376 1.474766 -0.054973
v -0.030471 1.461082 -0.047565
v 0.024122 1.343207 -0.061392
v -0.007379 1.412093 -0.054778
v -0.021818 1.443607 -0.052673
v -0.000000 1.399205 -0.064629
v 0.009490 1.377399 -0.063026
v -0.025247 1.454309 -0.060952
v -0.034897 1.355244 -0.054280
v -0.035402 1.328007 -0.055251
v -0.034115 1.391545 -0.053057
v -0.029757 1.412093 -0.046421
v -0.022532 1.412093 -0.035455
v -0.030197 1.440328 -0.047062
v -0.035162 1.458618 -0.054581
v 0.009568 1.338299 -0.064606
v -0.000000 1.336457 -0.066663
v -0.025522 1.330638 -0.061615
v -0.012911 1.412093 -0.021041
v -0.035376 1.474766 -0.054973
v -0.030471 1.461082 -0.047565
v -0.025247 1.454309 -0.060952
v -0.021818 1.443607 -0.052673
v -0.007379 1.412093 -0.054778
v -0.000000 1.399205 -0.064629
v 0.024122 1.343207 -0.061392
v 0.009490 1.377399 -0.063026
v -0.000000 1.391545 -0.064414
vn -0.8358 -0.0041 0.5490
vn -0.8351 -0.0005 0.5501
vn 0.2057 -0.9750 -0.0838
vn -0.8317 0.0025 0.5552
vn 0.3308 -0.9418 -0.0598
vn 0.9242 -0.0045 0.3819
vn 0.9050 0.4037 0.1343
vn 0.9066 0.3951 0.1485
vn -0.3827 0.0063 -0.9239
vn -0.5490 0.0062 -0.8358
vn -0.5488 -0.0276 -0.8355
vn -0.5045 -0.0278 -0.8630
vn -0.1393 0.0118 -0.9902
vn -0.2027 -0.0276 -0.9788
vn 0.2815 0.6776 0.6795
vn 0.1374 0.7356 0.6633
vn 0.5045 0.0278 0.8630
vn 0.5488 0.0275 0.8355
vn 0.3831 0.7164 0.5832
vn -0.0000 1.0000 -0.0000
vn 0.2026 0.0400 -0.9784
vn -0.0266 0.0408 -0.9988
vn -0.5486 0.0400 -0.8351
vn -0.4070 0.0407 -0.9125
vt 0.872271 0.000000
vt 1.000000 0.000000
vt 1.000000 0.125517
vt 0.125517 0.125517
vt 0.000000 0.000000
vt 0.423621 0.000000
vt 0.423140 0.032621
vt 0.570755 0.000000
vt 0.666072 0.000000
vt 0.315396 0.077488
vt 0.849700 0.000000
vt 1.000000 0.127729
vt 0.958660 0.101696
vt 0.873865 0.029083
vt 0.241721 0.000000
vt 1.000000 0.576379
vt 1.000000 1.000000
vt 1.000000 0.333928
vt 1.000000 0.429245
vt 0.577582 0.000000
vt 0.671391 0.000000
vt 1.000000 0.037419
vt 0.849700 0.849700
vt 0.038465 0.000000
vt 0.671391 0.671391
vt 0.577582 0.577582
vt 0.492015 0.456848
vt 0.321005 0.239577
vt 0.241721 0.241721
vt 0.146676 0.000000
vt 0.227322 0.097421
vt 0.272198 0.150149
vt 0.571223 0.530060
vt 0.961535 0.000000
vt 0.146676 0.146676
vt 0.315545 0.639430
vt 0.323444 0.636936
vt 0.336718 0.685129
vt 0.339879 0.696742
vt 0.327761 0.684595
vt 0.298362 0.644690
vt 0.327761 0.684595
vt 0.299794 0.650226
vt 0.517096 0.997121
vt 0.518061 0.998946
vt 0.511682 0.993888
vt 0.511956 0.993158
vt 0.516657 0.996156
vt 0.508596 0.990909
vt 0.516657 0.996156
vt 0.517040 0.996998
vt 0.517682 0.998230
vt 0.518061 0.998946
vt 0.563151 0.524014
vt 0.573430 0.518439
vt 0.579594 0.515449
vt 0.589469 0.555610
vt 0.581784 0.546772
vt 0.314595 0.612755
vt 0.323444 0.636936
vt 0.301207 0.599428
vt 0.308004 0.594701
vt 0.286109 0.609300
s 0
f 3722/4924/2643 3698/4925/2643 3721/4926/2643
f 3721/4927/2644 3698/4928/2644 3725/4929/2644 3724/4930/2644 3726/4931/2644 3727/4932/2644 3723/4933/2644
f 3728/4934/2645 3698/4925/2645 3722/4935/2645 3730/4936/2645 3729/4937/2645
f 3697/4928/2646 3731/4938/2646 3725/4939/2646 3698/4940/2646
f 3727/4941/2646 3726/4942/2646 3733/4943/2646 3732/4944/2646
f 3738/4945/2647 3698/4940/2647 3728/4946/2647
f 3697/4925/2648 3698/4940/2648 3738/4947/2648
f 3732/4948/2649 3733/4949/2649 3735/4950/2649 3736/4951/2649 3731/4952/2649 3697/4928/2649 3739/4953/2649 3740/4954/2649 3737/4955/2649 3734/4956/2649
f 3697/4928/2650 3738/4957/2650 3739/4958/2650
s 1
f 3699/4959/2651 3707/4960/2652 3708/4961/2653 3713/4962/2653 3720/4963/2654
f 3701/4964/2655 3699/4959/2651 3720/4965/2654 3718/4966/2656
f 3700/4967/2657 3716/4968/2658 3717/4969/2659
f 3705/4970/2660 3704/4971/2661 3700/4967/2657 3717/4969/2659 3714/4972/2660
f 3700/4967/2657 3704/4973/2661 3706/4974/2662 3712/4975/2662 3716/4976/2658
f 3715/4977/2663 3710/4978/2663 3711/4979/2664 3701/4980/2655 3719/4981/2663
f 3702/4982/2665 3707/4983/2652 3699/4959/2651 3709/4984/2666 3703/4985/2665
f 3709/4984/2666 3699/4959/2651 3701/4964/2655 3711/4986/2664
o Circle_cell.070
v 0.072884 1.732090 0.030190
v 0.079137 1.732090 -0.000000
v 0.055958 1.732090 0.055958
v 0.057931 1.759934 0.057931
v 0.076713 1.724690 -0.008811
v 0.067557 1.727320 -0.007454
v 0.015560 1.710885 0.074199
v 0.013786 1.713987 0.065132
v 0.013703 1.706555 0.064528
v 0.067263 1.721783 -0.006641
v 0.069425 1.738411 -0.002911
v 0.070258 1.743622 0.000994
v 0.079783 1.738534 -0.000000
v 0.078100 1.732090 -0.005008
v 0.059987 1.696186 0.027285
v 0.077980 1.717788 -0.000000
v 0.070186 1.695867 0.029072
v 0.068226 1.716848 -0.000000
v 0.053487 1.689137 0.036130
v 0.061196 1.686070 0.041345
v 0.053527 1.689587 0.053527
v 0.046787 1.692210 0.046788
v 0.029205 1.700179 0.070507
v 0.025537 1.701466 0.061652
v 0.014774 1.719438 0.065383
v 0.026473 1.730834 0.063912
v 0.033342 1.732090 0.070814
v 0.038043 1.737937 0.068412
v 0.033705 1.739944 0.060054
v 0.030062 1.727950 0.072576
v 0.050459 1.760947 0.051105
v 0.067572 1.751227 0.017030
v 0.069478 1.746166 0.005783
v 0.079107 1.742092 0.004984
v 0.076900 1.748173 0.018583
v 0.054387 1.767328 0.046414
v 0.061361 1.767673 0.054619
v 0.065832 1.755786 0.027269
v 0.074876 1.753674 0.031015
v 0.068844 1.759934 0.041318
v 0.013786 1.713987 0.065132
v 0.013703 1.706555 0.064528
v 0.079783 1.738534 -0.000000
v 0.078100 1.732090 -0.005008
v 0.077980 1.717788 -0.000000
v 0.070186 1.695867 0.029072
v 0.059987 1.696186 0.027285
v 0.053487 1.689137 0.036130
v 0.046787 1.692210 0.046788
v 0.061196 1.686070 0.041345
v 0.053527 1.689587 0.053527
v 0.025537 1.701466 0.061652
v 0.033342 1.732090 0.070814
v 0.030062 1.727950 0.072576
v 0.038043 1.737937 0.068412
v 0.026473 1.730834 0.063912
v 0.033705 1.739944 0.060054
v 0.014774 1.719438 0.065383
v 0.050459 1.760947 0.051105
v 0.079107 1.742092 0.004984
v 0.076900 1.748173 0.018583
v 0.067572 1.751227 0.017030
v 0.069478 1.746166 0.005783
v 0.070258 1.743622 0.000994
v 0.074876 1.753674 0.031015
v 0.068844 1.759934 0.041318
v 0.065832 1.755786 0.027269
v 0.067557 1.727320 -0.007454
v 0.067263 1.721783 -0.006641
v 0.069425 1.738411 -0.002911
v 0.076713 1.724690 -0.008811
v 0.068226 1.716848 -0.000000
v 0.029205 1.700179 0.070507
v 0.015560 1.710885 0.074199
v 0.057931 1.759934 0.057931
v 0.061361 1.767673 0.054619
v 0.054387 1.767328 0.046414
vn -0.1827 -0.1334 -0.9741
vn -0.9817 -0.0045 0.1905
vn -0.0269 0.3828 -0.9235
vn 0.1042 0.4391 -0.8924
vn 0.2632 0.6348 -0.7265
vn 0.0878 -0.7846 -0.6137
vn 0.0776 -0.8060 -0.5868
vn 0.0761 -0.8063 -0.5866
vn -0.3842 -0.9229 0.0250
vn -0.4545 -0.8474 0.2747
vn -0.5890 0.6253 0.5119
vn -0.9565 0.1622 0.2426
vn 0.3431 0.8769 -0.3365
vn 0.3286 0.8552 -0.4008
vn -0.5577 0.6098 0.5631
vn 0.3391 0.8807 -0.3307
vn 0.8332 -0.0790 0.5473
vn 0.8903 -0.0802 0.4483
vn 0.9201 -0.0900 0.3811
vn 0.7042 -0.0903 0.7042
vn 0.7320 -0.0806 0.6765
vn 0.9932 -0.0803 0.0846
vn 0.9959 -0.0903 -0.0000
vn 0.8974 -0.0993 0.4298
vn 0.9891 -0.0991 0.1092
vn 0.9745 -0.0977 0.2018
vn 0.7765 -0.1105 0.6204
vn 0.8314 -0.1032 0.5461
vn 0.9762 -0.0790 -0.2022
vn 0.9757 -0.0846 -0.2021
vn 0.4761 -0.0799 0.8758
vn 0.4415 -0.0802 0.8937
vn 0.5471 -0.0840 0.8329
vn 0.5464 -0.0977 0.8318
vn -0.9875 0.0892 -0.1301
vn -0.9914 0.0883 -0.0969
vn -0.8849 0.0854 -0.4580
vn -0.8973 0.0863 -0.4329
vn -0.9723 0.0911 -0.2154
vn -0.8310 0.0813 -0.5503
vn -0.7309 0.0830 -0.6774
vn -0.7758 0.0826 -0.6256
vn -0.9823 0.0776 0.1702
vn -0.4227 0.0829 -0.9025
vn -0.4683 0.0826 -0.8797
vn -0.5472 0.0816 -0.8330
vn -0.2021 0.0816 -0.9760
vn -0.5108 0.6756 0.5317
vn 0.2022 -0.0790 0.9762
vn 0.8282 -0.1342 0.5440
vt 0.177950 0.177950
vt 0.158558 0.000000
vt 0.450623 0.000000
vt 1.000000 0.180674
vt 1.000000 0.278865
vt 0.707295 0.000000
vt 1.000000 0.062656
vt 1.000000 0.177950
vt 0.774557 0.000000
vt 0.920521 0.920521
vt 1.000000 0.399457
vt 1.000000 0.788130
vt 0.399457 0.399457
vt 0.142365 0.000000
vt 0.288649 0.000000
vt 0.359831 0.103870
vt 0.788130 0.788130
vt 0.757723 0.757723
vt 0.628822 0.628822
vt 1.000000 0.831127
vt 1.000000 0.889813
vt 0.987565 0.350677
vt 0.889813 0.889813
vt 0.831494 0.824520
vt 0.938830 0.280806
vt 1.000000 0.109168
vt 0.063562 0.000000
vt 0.184144 0.000000
vt 0.315870 0.315870
vt 0.184144 0.184144
vt 0.063562 0.063562
vt 0.353150 0.261655
vt 1.000000 0.747376
vt 1.000000 0.779743
vt 0.437285 0.357274
vt 0.779743 0.779743
vt 0.782927 0.660255
vt 1.000000 0.189504
vt 1.000000 0.292705
vt 0.881191 0.192585
vt 0.847088 0.000000
vt 0.867291 0.000000
vt 0.919928 0.299019
vt 1.000000 0.702580
vt 1.000000 0.807203
vt 0.905078 0.328407
vt 1.000000 0.690146
vt 0.807203 0.807203
vt 0.702580 0.702580
vt 1.000000 0.454361
vt 1.000000 0.548200
vt 0.776954 0.776954
vt 0.730149 0.730149
vt 0.857635 0.000000
vt 0.548200 0.548200
vt 0.711351 0.000000
vt 0.920529 0.734443
vt 1.000000 0.478484
vt 1.000000 0.573600
vt 0.898632 0.898632
vt 0.962176 0.777630
vt 1.000000 0.730149
vt 1.000000 0.776954
vt 0.968813 0.816460
vt 0.916397 0.916397
vt 0.897949 0.897949
vt 0.928680 0.840956
vt 0.544274 0.802824
vt 0.552100 0.806728
vt 0.555043 0.830779
vt 0.536939 0.832105
vt 0.532952 0.804927
vt 0.573076 0.820209
vt 0.574117 0.830141
vt 0.552100 0.806728
vt 0.555413 0.843369
vt 0.574066 0.834129
vt 0.570976 0.836371
vt 0.562724 0.840136
vt 0.538114 0.847612
vt 0.548953 0.847244
vt 0.578778 0.827552
vt 0.577477 0.830112
vt 0.573336 0.820373
vt 0.574066 0.834129
vt 0.519067 0.831475
vt 0.517386 0.813513
vt 0.532952 0.804927
vt 0.521650 0.833805
vt 0.524915 0.836682
vt 0.521650 0.833805
vt 0.536786 0.847721
vt 0.557825 0.923185
vt 0.553877 0.932660
vt 0.541977 0.936760
vt 0.548057 0.914810
vt 0.551913 0.917749
vt 0.556021 0.920997
vt 0.541057 0.937154
vt 0.536804 0.939008
vt 0.532740 0.936928
vt 0.536672 0.910818
vt 0.540942 0.909847
vt 0.558479 0.926895
vt 0.558451 0.930032
vt 0.557209 0.931956
vt 0.553876 0.932660
vt 0.536672 0.910818
vt 0.524218 0.932598
vt 0.524565 0.921639
vt 0.528139 0.918420
vt 0.520598 0.926296
vt 0.520911 0.925902
vt 0.524565 0.921639
vt 0.520680 0.930686
vt 0.878602 0.000000
vt 0.898632 0.000000
vt 0.867291 0.867291
vt 0.847088 0.847088
vt 0.508115 0.819563
vt 0.516039 0.814259
vt 0.540790 0.851517
vt 0.548953 0.847244
s 0
f 3808/4987/2667 3811/4988/2667 3809/4989/2667
f 3814/4990/2668 3781/4991/2668 3782/4992/2668
f 3811/4993/2669 3808/4994/2669 3810/4995/2669
f 3811/4996/2670 3810/4997/2670 3784/4998/2670
f 3810/4999/2671 3804/5000/2671 3800/5001/2671 3783/5002/2671 3784/5003/2671
f 3809/5004/2672 3811/5005/2672 3785/5006/2672 3812/5007/2672
f 3787/5008/2673 3812/5009/2673 3785/5010/2673 3786/5011/2673 3790/5012/2673
f 3790/5013/2674 3788/5014/2674 3787/5015/2674
f 3788/5016/2675 3790/5017/2675 3791/5018/2675 3763/5019/2675 3792/5020/2675 3789/5021/2675
f 3792/5022/2676 3763/5023/2676 3814/5024/2676 3782/5025/2676
f 3793/5026/2677 3795/5027/2677 3797/5028/2677 3796/5029/2677 3798/5030/2677 3814/5031/2677 3794/5032/2677
f 3781/5033/2678 3814/5034/2678 3798/5035/2678
f 3800/5036/2679 3803/5037/2679 3802/5038/2679 3801/5039/2679
f 3804/5040/2680 3803/5041/2680 3800/5042/2680
f 3744/5043/2681 3816/5044/2681 3817/5045/2681 3771/5046/2681
f 3805/5047/2682 3801/5048/2682 3802/5049/2682 3807/5050/2682 3817/5051/2682 3816/5052/2682 3806/5053/2682
s 1
f 3760/5054/2683 3757/5055/2684 3741/5056/2685 3743/5057/2686 3761/5058/2687
f 3756/5059/2688 3742/5060/2689 3741/5056/2685 3757/5061/2684
f 3779/5062/2690 3741/5056/2685 3742/5060/2689 3753/5063/2691 3774/5064/2692 3775/5065/2692
f 3815/5066/2693 3743/5057/2686 3741/5056/2685 3779/5062/2690 3780/5067/2694
f 3745/5068/2695 3754/5069/2696 3742/5060/2689 3756/5070/2688
f 3753/5071/2691 3742/5060/2689 3754/5069/2696
f 3770/5072/2697 3813/5073/2698 3761/5074/2687 3743/5057/2686 3767/5075/2699
f 3768/5076/2700 3767/5077/2699 3743/5057/2686 3815/5078/2693
f 3752/5079/2701 3758/5080/2702 3755/5081/2703 3778/5082/2704 3772/5083/2705 3773/5084/2705
f 3755/5085/2703 3759/5086/2706 3762/5087/2707 3799/5088/2708 3776/5089/2706 3778/5082/2704
f 3751/5090/2709 3746/5091/2709 3750/5092/2709 3758/5093/2702 3752/5079/2701
f 3799/5094/2708 3762/5087/2707 3764/5095/2710 3766/5096/2711 3769/5097/2712
f 3748/5098/2713 3765/5099/2713 3766/5100/2711 3764/5095/2710 3749/5101/2713
s 0
f 3744/5102/2714 3771/5103/2714 3797/5104/2714 3795/5105/2714
s 1
f 3770/5072/2697 3747/5106/2715 3813/5107/2698
f 3777/5108/2716 3815/5066/2693 3780/5109/2694
o Circle_cell.071
v 0.027185 1.634732 -0.065631
v 0.024100 1.656379 -0.058182
v -0.000000 1.634732 -0.071261
v -0.000000 1.656379 -0.063174
v 0.047735 1.525575 -0.048531
v 0.042079 1.526006 -0.042079
v 0.054272 1.528863 -0.023659
v 0.062274 1.528933 -0.026983
v 0.031740 1.524690 -0.048827
v 0.036408 1.524137 -0.055925
v -0.039897 1.526815 -0.043539
v -0.042476 1.526379 -0.052013
v -0.041161 1.531939 -0.053060
v -0.016161 1.629552 -0.067768
v -0.026718 1.591210 -0.064502
v -0.023435 1.594401 -0.056578
v -0.014092 1.628336 -0.059467
v -0.006337 1.656379 -0.061861
v -0.000000 1.680643 -0.065201
v -0.000000 1.690966 -0.075810
v 0.004673 1.706763 -0.076120
v -0.014729 1.634732 -0.068211
v 0.007934 1.707540 -0.065805
v 0.008364 1.710986 -0.075698
v 0.031835 1.706139 -0.069344
v 0.022355 1.707157 -0.062787
v 0.025501 1.700349 -0.061566
v 0.036391 1.691262 -0.064942
v 0.038778 1.656379 -0.048541
v 0.044352 1.640369 -0.044352
v 0.050894 1.643564 -0.050894
v 0.052362 1.634732 -0.047386
v 0.052252 1.602334 -0.030418
v 0.059604 1.599859 -0.034609
v 0.055837 1.584538 -0.024067
v 0.063698 1.579535 -0.027355
v -0.033144 1.526367 -0.047960
v -0.000000 1.524829 -0.059475
v -0.019746 1.525040 -0.064083
v -0.022699 1.525685 -0.054799
v 0.022686 1.524551 -0.054769
v 0.025995 1.523977 -0.062759
v -0.000000 1.524296 -0.068152
v -0.037037 1.526015 -0.055573
v -0.026010 1.525286 -0.062793
v 0.042079 1.526006 -0.042079
v 0.054272 1.528863 -0.023659
v 0.047735 1.525575 -0.048531
v 0.036408 1.524137 -0.055925
v -0.023435 1.594401 -0.056578
v -0.014092 1.628336 -0.059467
v -0.016161 1.629552 -0.067768
v -0.026718 1.591210 -0.064502
v -0.041161 1.531939 -0.053060
v -0.014729 1.634732 -0.068211
v -0.006337 1.656379 -0.061861
v -0.000000 1.680643 -0.065201
v 0.007934 1.707540 -0.065805
v -0.000000 1.690966 -0.075810
v 0.004673 1.706763 -0.076120
v 0.031835 1.706139 -0.069344
v 0.036391 1.691262 -0.064942
v 0.022355 1.707157 -0.062787
v 0.025501 1.700349 -0.061566
v 0.050894 1.643564 -0.050894
v 0.038778 1.656379 -0.048541
v 0.044352 1.640369 -0.044352
v 0.052252 1.602334 -0.030418
v 0.052362 1.634732 -0.047386
v 0.059604 1.599859 -0.034609
v 0.063698 1.579535 -0.027355
v 0.055837 1.584538 -0.024067
v 0.062274 1.528933 -0.026983
v 0.025995 1.523977 -0.062759
v -0.000000 1.524296 -0.068152
v 0.031740 1.524690 -0.048827
v 0.022686 1.524551 -0.054769
v -0.000000 1.524829 -0.059475
v -0.022699 1.525685 -0.054799
v -0.033144 1.526367 -0.047960
v -0.019746 1.525040 -0.064083
v -0.026010 1.525286 -0.062793
v -0.037037 1.526015 -0.055573
v -0.042476 1.526379 -0.052013
v -0.039897 1.526815 -0.043539
v 0.008364 1.710986 -0.075698
vn 0.0569 -0.9916 0.1161
vn 0.0528 -0.9923 0.1123
vn -0.9252 0.2691 0.2677
vn -0.9220 0.2769 0.2708
vn -0.9217 0.2780 0.2705
vn 0.0863 0.9768 0.1962
vn -0.7487 0.6354 0.1888
vn 0.5522 0.3875 0.7382
vn 0.5514 0.3856 0.7398
vn 0.5512 0.3767 0.7445
vn 0.3837 -0.0040 0.9234
vn -0.0250 -0.9978 0.0614
vn -0.0268 -0.9978 0.0599
vn -0.0278 -0.9978 0.0597
vn 0.6034 -0.0518 -0.7957
vn 0.3912 -0.0560 -0.9186
vn 0.2885 -0.0792 -0.9542
vn 0.5511 -0.0964 -0.8288
vn 0.0047 -0.0534 -0.9986
vn 0.1865 -0.0749 -0.9796
vn 0.2205 -0.0740 -0.9726
vn 0.8322 -0.0288 -0.5538
vn 0.7002 -0.0253 -0.7135
vn -0.5488 -0.0276 -0.8355
vn -0.2365 -0.0277 -0.9712
vn -0.3773 -0.0281 -0.9257
vn 0.0032 -0.0281 -0.9996
vn -0.2027 -0.0276 -0.9788
vn -0.2026 -0.0487 -0.9781
vn 0.3939 -0.0250 -0.9188
vn 0.5694 -0.0215 -0.8218
vn -0.0032 0.0281 0.9996
vn -0.0000 0.0559 0.9984
vn 0.2026 0.0498 0.9780
vn 0.2027 0.0275 0.9788
vn 0.2365 0.0277 0.9712
vn 0.3774 0.0280 0.9256
vn -0.1695 0.0821 0.9821
vn -0.2466 0.0822 0.9656
vn -0.3821 0.0557 0.9224
vn -0.5484 0.0477 0.8349
vn -0.3825 0.0280 0.9235
vn -0.5488 0.0275 0.8355
vn -0.6958 0.0281 0.7177
vn -0.5902 0.0278 0.8068
vn -0.8355 0.0275 0.5488
vn 0.5488 0.0275 0.8355
vn -0.2021 0.0816 0.9760
vt 1.000000 0.098344
vt 0.990380 0.110931
vt 0.563742 0.000000
vt 0.620249 0.000000
vt 0.113038 0.113038
vt 0.098344 0.098344
vt 0.113784 0.000000
vt 0.130784 0.000000
vt 0.029961 0.029961
vt 0.007849 0.000000
vt 0.032371 0.000000
vt 1.000000 0.140128
vt 1.000000 0.159998
vt 0.616187 0.115522
vt 0.032371 0.032371
vt 0.007849 0.007849
vt 0.660304 0.100768
vt 0.159998 0.159998
vt 0.140128 0.140128
vt 0.444699 0.101292
vt 0.709253 0.071025
vt 1.000000 0.029327
vt 1.000000 0.057697
vt 0.829278 0.082305
vt 0.216266 0.152824
vt 0.140480 0.140480
vt 0.046440 0.000000
vt 0.118639 0.040739
vt 0.276224 0.276224
vt 1.000000 0.140480
vt 1.000000 0.276224
vt 0.519184 0.000000
vt 0.093616 0.000000
vt 0.086281 0.086281
vt 0.046441 0.046441
vt 0.055371 0.000000
vt 0.093616 0.093616
vt 0.055371 0.055371
vt 0.463162 0.116501
vt 0.616411 0.142435
vt 1.000000 0.185639
vt 1.000000 0.212013
vt 0.648286 0.172404
vt 0.557878 0.163635
vt 0.446308 0.000000
vt 0.212013 0.212013
vt 0.185639 0.185639
vt 0.390793 0.000000
vt 0.446308 0.446308
vt 0.390793 0.390793
vt 1.000000 0.379751
vt 1.000000 0.436258
vt 0.772602 0.646969
vt 1.000000 0.869216
vt 1.000000 0.886216
vt 0.802262 0.692957
vt 0.408966 0.325605
vt 0.109612 0.065779
vt 0.018869 0.000000
vt 0.061519 0.000000
vt 0.321933 0.226028
vt 0.061519 0.061519
vt 0.018869 0.018869
vt 0.009473 0.000000
vt 0.039071 0.000000
vt 0.058137 0.038289
vt 1.000000 0.271361
vt 0.960929 0.000000
vt 1.000000 0.065795
vt 0.608672 0.754926
vt 0.630482 0.750572
vt 0.635279 0.809170
vt 0.629114 0.797639
vt 0.609361 0.761749
vt 0.652962 0.745581
vt 0.660789 0.793772
vt 0.658513 0.811976
vt 0.656500 0.811964
vt 0.637624 0.809408
vt 0.576350 0.716260
vt 0.565645 0.677321
vt 0.584259 0.670332
vt 0.605932 0.755430
vt 0.587123 0.730626
vt 0.355212 0.732864
vt 0.355158 0.736565
vt 0.354406 0.783109
vt 0.341575 0.735670
vt 0.350708 0.733347
vt 0.343814 0.820423
vt 0.323173 0.740619
vt 0.337138 0.736871
vt 0.341575 0.735670
vt 0.354177 0.813119
vt 0.354142 0.817175
vt 0.604372 0.664090
vt 0.625270 0.658956
vt 0.584691 0.670180
vt 0.594827 0.666599
vt 0.604372 0.664090
vt 0.357446 0.857997
vt 0.496678 0.989913
vt 0.471136 0.978259
vt 0.472186 0.976629
vt 0.478345 0.977430
vt 0.485777 0.978417
vt 0.497581 0.985467
vt 0.463027 0.973123
vt 0.576926 0.955885
vt 0.562650 0.969729
vt 0.558673 0.965628
vt 0.539591 0.984517
vt 0.538806 0.982775
vt 0.537695 0.980455
vt 0.554697 0.966005
vt 0.567511 0.976411
vt 0.541154 0.989060
vt 0.537695 0.980455
vt 0.535527 0.976885
vt 0.542352 0.969187
vt 0.546014 0.968050
vt 0.497582 0.985467
vt 0.498668 0.982362
vt 0.498196 0.983479
vt 0.580425 0.955173
vt 0.585049 0.960352
vt 0.576602 0.969850
vt 0.576926 0.955885
s 0
f 3863/5110/2717 3865/5111/2717 3890/5112/2717 3864/5113/2717
f 3865/5114/2718 3863/5115/2718 3893/5116/2718 3866/5117/2718
f 3901/5118/2719 3902/5119/2719 3871/5120/2719
f 3868/5121/2720 3869/5122/2720 3870/5123/2720 3871/5124/2720 3902/5125/2720 3867/5126/2720
f 3869/5127/2721 3868/5128/2721 3873/5129/2721 3874/5130/2721 3875/5131/2721 3877/5132/2721 3876/5133/2721 3872/5134/2721
f 3875/5135/2722 3880/5136/2722 3878/5137/2722 3903/5138/2722
f 3875/5139/2723 3903/5140/2723 3877/5141/2723
f 3879/5142/2724 3878/5143/2724 3880/5144/2724 3881/5145/2724
f 3879/5146/2725 3881/5147/2725 3883/5148/2725 3884/5149/2725 3885/5150/2725 3887/5151/2725 3886/5152/2725 3882/5153/2725
f 3888/5154/2726 3887/5155/2726 3885/5156/2726 3889/5157/2726
f 3888/5158/2727 3889/5159/2727 3864/5160/2727 3890/5161/2727
f 3891/5162/2728 3866/5163/2728 3893/5164/2728 3894/5165/2728 3895/5166/2728 3896/5167/2728 3897/5168/2728 3898/5169/2728 3892/5170/2728
f 3898/5171/2729 3897/5172/2729 3902/5173/2729 3900/5174/2729 3899/5175/2729
f 3901/5176/2730 3900/5177/2730 3902/5178/2730
s 1
f 3849/5179/2731 3818/5180/2732 3842/5181/2733 3845/5182/2734 3848/5183/2734
f 3818/5180/2732 3820/5184/2735 3837/5185/2736 3838/5186/2737 3841/5187/2737 3842/5188/2733
f 3853/5189/2738 3825/5190/2738 3822/5191/2739 3849/5192/2731 3851/5193/2738
f 3829/5194/2740 3830/5195/2740 3832/5196/2741 3862/5197/2742 3861/5198/2740
f 3820/5199/2735 3860/5200/2743 3856/5201/2744 3862/5202/2742 3832/5196/2741 3831/5203/2744 3839/5204/2745
f 3820/5184/2735 3818/5180/2732 3859/5205/2746 3860/5206/2743
f 3818/5180/2732 3849/5179/2731 3822/5207/2739 3827/5208/2747 3859/5209/2746
f 3820/5199/2735 3839/5204/2745 3837/5210/2736
f 3855/5211/2748 3821/5212/2749 3835/5213/2750 3834/5214/2751 3833/5215/2752 3857/5216/2753
f 3835/5213/2750 3821/5212/2749 3836/5217/2754
f 3844/5218/2755 3819/5219/2756 3846/5220/2757
f 3858/5221/2758 3826/5222/2759 3823/5223/2760 3847/5224/2761 3846/5220/2757 3819/5219/2756
f 3858/5221/2758 3819/5219/2756 3821/5225/2749 3855/5226/2748
f 3847/5224/2761 3823/5227/2760 3824/5228/2762 3852/5229/2762 3850/5230/2762
f 3857/5231/2753 3833/5215/2752 3828/5232/2763 3854/5233/2763
f 3843/5234/2764 3840/5235/2764 3836/5236/2754 3821/5225/2749 3819/5219/2756 3844/5237/2755
o Circle_cell.072
v -0.065764 0.468330 0.065547
v -0.213657 0.650021 0.043193
v -0.085594 0.595234 -0.015530
v -0.004663 0.493260 -0.000542
v -0.000526 0.565726 0.077278
v -0.001573 0.486454 0.001422
v -0.032923 0.609236 0.005002
v 0.004505 0.562472 0.052392
v -0.009164 0.583053 0.005240
v -0.030113 0.601711 -0.003286
v 0.001951 0.505565 0.005615
v -0.042298 0.588378 -0.015861
v -0.018009 0.549968 -0.010413
v -0.007239 0.561115 -0.000031
v -0.002370 0.527113 0.000341
v -0.001503 0.520273 0.001061
v -0.007961 0.549730 -0.003041
v -0.309162 0.653589 0.128059
v -0.128059 0.653589 0.309162
v -0.252198 0.573929 0.252198
v -0.218741 0.728118 0.218741
v -0.260675 0.488801 0.260675
v -0.237364 0.653589 0.237364
v -0.312954 0.637956 0.129630
v -0.284661 0.485297 0.224116
v -0.304778 0.573929 0.172150
v -0.222730 0.488801 0.285600
v -0.172407 0.573929 0.304609
v -0.129599 0.638257 0.312881
v -0.119323 0.650537 0.311775
v -0.109168 0.662114 0.310062
v -0.118226 0.672826 0.304400
v -0.124476 0.680166 0.300512
v -0.163424 0.728118 0.255076
v -0.174745 0.742240 0.240109
v -0.180330 0.749111 0.232776
v -0.220855 0.739570 0.206225
v -0.213972 0.742933 0.213972
v -0.293395 0.702033 0.121528
v -0.301145 0.691966 0.101284
v -0.244088 0.728118 0.180152
v -0.306507 0.683443 0.089939
v -0.309617 0.665035 0.106330
v -0.311540 0.653589 0.116577
v -0.284661 0.485297 0.224116
v -0.304778 0.573929 0.172150
v -0.312954 0.637956 0.129630
v -0.222730 0.488801 0.285600
v -0.172407 0.573929 0.304609
v -0.119323 0.650537 0.311775
v -0.109168 0.662114 0.310062
v -0.260675 0.488801 0.260675
v -0.129599 0.638257 0.312881
v -0.118226 0.672826 0.304400
v -0.124476 0.680166 0.300512
v -0.163424 0.728118 0.255076
v -0.174745 0.742240 0.240109
v -0.180330 0.749111 0.232776
v -0.220855 0.739570 0.206225
v -0.213972 0.742933 0.213972
v -0.244088 0.728118 0.180152
v -0.293395 0.702033 0.121528
v -0.301145 0.691966 0.101284
v -0.306507 0.683443 0.089939
v -0.309617 0.665035 0.106330
v -0.311540 0.653589 0.116577
vn 0.9658 0.1375 -0.2199
vn -0.0238 -0.9964 0.0808
vn -0.5285 -0.5154 -0.6746
vn 0.6755 -0.5144 0.5283
vn 0.7428 0.6657 0.0710
vn 0.7410 0.6679 0.0697
vn 0.7386 0.6708 0.0661
vn 0.1027 0.8759 -0.4714
vn 0.1000 0.8751 -0.4735
vn -0.5260 -0.4695 -0.7091
vn -0.5280 -0.5132 -0.6766
vn 0.0760 0.8592 -0.5060
vn -0.3520 -0.4035 -0.8446
vn 0.4630 -0.0451 -0.8852
vn 0.5554 -0.0112 -0.8315
vn 0.5915 -0.0098 -0.8062
vn 0.7837 -0.0082 -0.6210
vn 0.9496 -0.2233 0.2199
vn 0.9491 -0.2242 0.2212
vn 0.7537 0.6538 0.0669
vn 0.5486 0.2406 -0.8007
vn 0.5484 0.2512 -0.7976
vn 0.6990 0.6312 -0.3361
vn 0.0583 0.7488 -0.6602
vn 0.0409 0.7735 -0.6324
vn -0.0330 -0.1608 -0.9864
vn -0.0477 -0.1822 -0.9821
vn 0.0948 0.6358 -0.7660
vn 0.5918 0.0258 -0.8057
vn 0.5426 0.2285 -0.8083
vn 0.5854 0.1723 -0.7923
vn 0.7952 0.1073 -0.5968
vn 0.9623 0.1352 -0.2362
vn 0.8824 0.0628 -0.4663
vn -0.7053 0.1374 0.6954
vn -0.6942 0.1950 0.6929
vn -0.8175 0.2119 0.5356
vn -0.8303 0.1327 0.5412
vn -0.6761 0.2927 0.6761
vn -0.8836 0.2920 0.3660
vn -0.8449 0.2523 0.4717
vn -0.9326 0.3049 0.1931
vn -0.5364 0.2132 0.8166
vn -0.5439 0.1366 0.8280
vn -0.1918 0.2925 0.9368
vn -0.3649 0.2941 0.8834
vn -0.4716 0.2523 0.8450
vn -0.5152 0.3456 0.7843
vn -0.6563 0.3721 0.6563
vn -0.4413 0.3293 0.8347
vn -0.1887 0.3201 0.9284
vn -0.6212 0.4141 0.6653
vn -0.5015 0.4071 0.7634
vn -0.8528 0.3319 0.4032
vn -0.9254 0.3270 0.1917
vn -0.7872 0.3360 0.5171
vn -0.7634 0.4071 0.5015
vn 0.6738 -0.5163 0.5286
vt 0.000000 0.000000
vt 1.000000 0.000000
vt 1.000000 1.000000
vt 0.641021 0.319866
vt 0.620687 0.620687
vt 0.620222 0.000000
vt 0.738801 0.738801
vt 0.985322 0.609349
vt 0.625490 0.303119
vt 0.352829 0.053570
vt 0.935440 0.708468
vt 0.743305 0.743305
vt 1.000000 0.681301
vt 1.000000 0.723110
vt 0.681301 0.681301
vt 0.713740 0.659272
vt 0.723110 0.723110
vt 0.568007 0.000000
vt 0.604122 0.155303
vt 1.000000 0.550533
vt 0.568007 0.568007
vt 0.505629 0.118988
vt 0.550533 0.550533
vt 0.487045 0.000000
vt 0.487045 0.487045
vt 0.695593 0.000000
vt 0.675437 0.083841
vt 0.547380 0.361744
vt 0.451511 0.451511
vt 1.000000 0.738801
vt 0.663539 0.663539
vt 1.000000 0.451511
vt 0.695593 0.695593
vt 0.235236 0.214323
vt 0.243385 0.233518
vt 0.222046 0.243158
vt 0.225142 0.218771
vt 0.251523 0.252334
vt 0.221328 0.266359
vt 0.219581 0.262659
vt 0.218598 0.267720
vt 0.264759 0.224811
vt 0.245274 0.210263
vt 0.284630 0.238808
vt 0.281940 0.239823
vt 0.280507 0.236170
vt 0.264759 0.224811
vt 0.280507 0.236170
vt 0.276137 0.264427
vt 0.259850 0.271195
vt 0.284639 0.246615
vt 0.284630 0.238808
vt 0.287038 0.240404
vt 0.285620 0.244088
vt 0.261717 0.275333
vt 0.273280 0.270297
vt 0.271855 0.273169
vt 0.227309 0.278621
vt 0.220807 0.278737
vt 0.216749 0.278090
vt 0.217893 0.271690
vt 0.218598 0.267720
vt 0.248618 0.276569
vt 0.258646 0.275677
vt 0.752734 0.707977
vt 0.676686 0.265711
vt 0.620222 0.620222
vt 1.000000 0.743305
s 0
f 3914/5238/2765 3917/5239/2765 3912/5240/2765 3911/5238/2765
f 3955/5241/2766 3948/5242/2766 3904/5238/2766 3951/5243/2766
f 3968/5244/2767 3909/5238/2767 3904/5239/2767 3948/5245/2767 3949/5246/2767 3950/5247/2767 3969/5248/2767
f 3953/5249/2768 3909/5238/2768 3908/5239/2768 3954/5250/2768
f 3908/5238/2769 3912/5239/2769 3957/5251/2769 3954/5252/2769
f 3958/5253/2770 3957/5254/2770 3912/5238/2770 3960/5255/2770 3959/5256/2770
f 3912/5238/2771 3910/5239/2771 3961/5257/2771 3960/5258/2771
f 3963/5259/2772 3961/5260/2772 3910/5238/2772 3962/5261/2772
f 3962/5262/2773 3910/5238/2773 3966/5263/2773 3965/5264/2773 3964/5265/2773
f 3905/5238/2774 3906/5239/2774 3967/5266/2774
f 3906/5238/2775 3909/5239/2775 3968/5267/2775 3967/5268/2775
f 3905/5239/2776 3967/5269/2776 3966/5270/2776 3910/5238/2776
f 3906/5238/2777 3907/5239/2777 3909/5240/2777
f 3907/5238/2778 3916/5239/2778 3909/5240/2778
f 3916/5238/2779 3918/5239/2779 3909/5240/2779
f 3918/5238/2780 3919/5239/2780 3909/5240/2780
f 3919/5238/2781 3914/5239/2781 3909/5240/2781
f 3914/5238/2782 3911/5239/2782 3909/5240/2782
f 3911/5238/2783 3908/5239/2783 3909/5240/2783
f 3911/5238/2784 3912/5239/2784 3908/5240/2784
f 3917/5238/2785 3915/5239/2785 3912/5240/2785
f 3915/5238/2786 3913/5239/2786 3912/5240/2786
f 3913/5238/2787 3910/5239/2787 3912/5240/2787
f 3913/5238/2788 3906/5239/2788 3910/5240/2788
f 3906/5238/2789 3905/5239/2789 3910/5240/2789
f 3915/5238/2790 3916/5239/2790 3906/5240/2790
f 3916/5238/2791 3907/5239/2791 3906/5240/2791
f 3913/5238/2792 3915/5239/2792 3906/5240/2792
f 3920/5238/2793 3918/5239/2793 3916/5240/2793
f 3915/5238/2794 3917/5239/2794 3916/5240/2794
f 3917/5238/2795 3920/5239/2795 3916/5240/2795
f 3920/5238/2796 3917/5239/2796 3918/5240/2796
f 3917/5238/2797 3914/5239/2797 3918/5240/2797
f 3914/5238/2798 3919/5239/2798 3918/5240/2798
s 1
f 3925/5271/2799 3923/5272/2800 3929/5273/2801 3928/5274/2802
f 3926/5275/2803 3921/5276/2804 3927/5277/2805 3929/5273/2801 3923/5272/2800
f 3921/5276/2804 3947/5278/2806 3927/5277/2805
f 3952/5279/2807 3923/5272/2800 3925/5271/2799 3930/5280/2808
f 3933/5281/2809 3922/5282/2810 3956/5283/2811
f 3952/5284/2807 3956/5285/2811 3922/5282/2810 3926/5275/2803 3923/5272/2800
f 3937/5286/2812 3924/5287/2813 3926/5275/2803 3922/5282/2810 3936/5288/2814
f 3936/5288/2814 3922/5282/2810 3933/5289/2809 3934/5290/2815 3935/5291/2815
f 3941/5292/2816 3924/5287/2813 3937/5286/2812 3938/5293/2817 3939/5294/2817
f 3921/5276/2804 3942/5295/2818 3943/5296/2819 3945/5297/2819 3946/5298/2819 3947/5299/2806
f 3921/5276/2804 3926/5275/2803 3924/5287/2813 3944/5300/2820 3942/5295/2818
f 3940/5301/2821 3944/5300/2820 3924/5287/2813 3941/5292/2816
s 0
f 3932/5302/2822 3931/5303/2822 3951/5304/2822 3904/5238/2822 3909/5239/2822 3953/5305/2822
o Circle_cell.073
v -0.001389 1.328781 -0.000519
v -0.000351 1.208632 -0.001174
v -0.063731 1.274369 -0.026398
v 0.063731 1.274369 -0.026398
v -0.026398 1.274369 -0.063731
v 0.026398 1.274369 -0.063731
v -0.048931 1.274369 -0.048931
v 0.048930 1.274369 -0.048931
v -0.000000 1.274369 -0.069198
v -0.037781 1.325409 -0.053812
v -0.025549 1.328925 -0.061679
v 0.025193 1.339822 -0.061308
v -0.000000 1.334869 -0.066728
v -0.042721 1.322856 -0.050690
v -0.071266 1.255823 -0.001009
v -0.069011 1.274369 -0.000905
v -0.067879 1.302877 -0.000748
v 0.071172 1.256128 -0.001282
v 0.068955 1.274369 -0.001172
v 0.068150 1.294661 -0.001059
v 0.062491 1.307324 -0.025885
v 0.047517 1.323317 -0.047517
v -0.062386 1.310126 -0.025841
v -0.047604 1.320323 -0.047604
v -0.000140 1.182965 -0.080390
v -0.047169 1.221480 -0.057694
v -0.029629 1.205384 -0.071530
v -0.053052 1.226891 -0.053052
v -0.067119 1.244404 -0.027802
v 0.029618 1.205616 -0.071504
v 0.053026 1.227189 -0.053026
v 0.067078 1.244762 -0.027785
v 0.025193 1.339822 -0.061308
v -0.000000 1.334869 -0.066728
v -0.025549 1.328925 -0.061679
v -0.037781 1.325409 -0.053812
v -0.042721 1.322856 -0.050690
v -0.069011 1.274369 -0.000905
v -0.067879 1.302877 -0.000748
v -0.071266 1.255823 -0.001009
v 0.068955 1.274369 -0.001172
v 0.068150 1.294661 -0.001059
v 0.071172 1.256128 -0.001282
v 0.062491 1.307324 -0.025885
v 0.047517 1.323317 -0.047517
v -0.062386 1.310126 -0.025841
v -0.047604 1.320323 -0.047604
v -0.000140 1.182965 -0.080390
v -0.029629 1.205384 -0.071530
v -0.047169 1.221480 -0.057694
v -0.053052 1.226891 -0.053052
v -0.067119 1.244404 -0.027802
v 0.067078 1.244762 -0.027785
v 0.029618 1.205616 -0.071504
v 0.053026 1.227189 -0.053026
vn -0.2123 0.9734 0.0862
vn -0.3562 0.9159 0.1852
vn -0.0013 -0.0055 1.0000
vn 0.0051 -0.0054 1.0000
vn 0.4170 0.8446 0.3358
vn -0.3572 0.9153 0.1862
vn -0.5339 -0.8048 0.2593
vn -0.5345 -0.8042 0.2600
vn -0.9208 0.0815 -0.3814
vn -0.7047 0.0818 -0.7047
vn -0.6459 0.1215 -0.7537
vn -0.8944 0.1213 -0.4305
vn -0.9722 0.1193 -0.2014
vn -0.9761 0.0800 -0.2022
vn 0.8943 0.1213 -0.4307
vn 0.9208 0.0815 -0.3814
vn 0.9761 0.0800 -0.2022
vn 0.9722 0.1193 -0.2014
vn 0.6458 0.1215 -0.7538
vn 0.7045 0.0820 -0.7049
vn -0.3076 0.1211 -0.9438
vn -0.3814 0.0815 -0.9208
vn -0.0001 0.0817 -0.9967
vn -0.0008 0.1217 -0.9926
vn -0.5451 0.1193 -0.8298
vn 0.3811 0.0816 -0.9209
vn 0.3069 0.1209 -0.9440
vn 0.0275 0.0408 -0.9988
vn 0.3541 0.0409 -0.9343
vn 0.6531 0.0411 -0.7562
vn -0.5486 0.0400 -0.8351
vn -0.3564 0.0407 -0.9335
vn -0.6698 0.0407 -0.7414
vn 0.8988 0.0406 -0.4364
vn 0.9784 0.0400 -0.2026
vn -0.9784 0.0400 -0.2026
vn -0.9080 0.0406 -0.4170
vn 0.5340 -0.8038 0.2621
vt 0.684386 0.060269
vt 0.333234 0.111307
vt 0.128899 0.128899
vt 0.000000 0.000000
vt 0.925730 0.000000
vt 1.000000 0.000000
vt 1.000000 0.127565
vt 0.855944 0.000000
vt 0.400637 0.167817
vt 0.379376 0.000000
vt 1.000000 1.000000
vt 0.412764 0.412764
vt 1.000000 0.335486
vt 0.690315 0.000000
vt 0.833688 0.163132
vt 1.000000 0.074270
vt 0.335486 0.335486
vt 0.493838 0.113810
vt 0.728120 0.015766
vt 1.000000 0.412764
vt 0.855944 0.855944
vt 0.864879 0.799110
vt 0.927690 0.572201
vt 0.303838 0.000000
vt 1.000000 0.162592
vt 0.693299 0.102000
vt 0.162592 0.162592
vt 0.620624 0.000000
vt 0.467441 0.076898
vt 0.234273 0.149303
vt 0.321159 0.547897
vt 0.304261 0.555205
vt 0.289614 0.528196
vt 0.311952 0.529968
vt 0.332412 0.529191
vt 0.338047 0.540768
vt 0.505924 0.464524
vt 0.510114 0.484847
vt 0.491725 0.489552
vt 0.488867 0.476789
vt 0.523071 0.448541
vt 0.529022 0.480108
vt 0.267160 0.525480
vt 0.287960 0.562470
vt 0.272298 0.569411
vt 0.246206 0.523216
vt 0.267160 0.525480
vt 0.283613 0.527311
vt 0.547593 0.475590
vt 0.539654 0.431330
vt 0.565630 0.471063
vt 0.555349 0.414983
vt 0.579236 0.514313
vt 0.561846 0.523044
vt 0.539561 0.516135
vt 0.308490 0.592905
vt 0.300804 0.598302
vt 0.315496 0.586086
vt 0.312329 0.589160
vt 0.300804 0.598302
vt 0.285755 0.608279
vt 0.517201 0.509337
vt 0.496067 0.504746
vt 0.345335 0.560683
vt 0.330101 0.572438
vt 1.000000 0.309685
vt 0.305533 0.304946
vt 0.777138 0.652130
vt 0.855944 0.673341
vt 0.926238 0.445722
s 0
f 4003/5306/2823 4004/5307/2823 4005/5308/2823 3970/5309/2823 4002/5310/2823
f 3970/5311/2824 4005/5312/2824 4006/5313/2824
f 4007/5314/2825 4009/5315/2825 3971/5311/2825 3970/5316/2825 4008/5317/2825
f 4011/5318/2826 3970/5316/2826 3971/5309/2826 4012/5319/2826 4010/5320/2826
f 4002/5321/2827 3970/5316/2827 4011/5322/2827 4013/5323/2827 4014/5324/2827
f 4008/5325/2828 3970/5316/2828 4006/5326/2828 4016/5327/2828 4015/5328/2828
f 4017/5329/2829 3971/5311/2829 4019/5330/2829 4018/5331/2829
f 4019/5332/2830 3971/5309/2830 4009/5333/2830 4021/5334/2830 4020/5335/2830
s 1
f 3972/5336/2831 3976/5337/2832 3997/5338/2833 3998/5339/2834
f 3984/5340/2835 3985/5341/2836 3972/5336/2831 3998/5339/2834
f 4022/5342/2837 3973/5343/2838 3988/5344/2839 3987/5345/2840
f 4024/5346/2841 3977/5347/2842 3973/5343/2838 4022/5342/2837
f 3996/5348/2843 3974/5349/2844 3978/5350/2845 3994/5351/2846
f 3976/5337/2832 3974/5349/2844 3996/5352/2843 3995/5353/2847 3997/5338/2833
f 3975/5354/2848 3977/5347/2842 4024/5346/2841 4023/5355/2849
f 3978/5356/2845 3975/5354/2848 4023/5355/2849 3994/5357/2846
f 3975/5354/2848 3978/5356/2845 3982/5358/2850 3981/5359/2851
f 3977/5347/2842 3975/5354/2848 3981/5359/2851 3991/5360/2852
f 3979/5361/2853 3980/5362/2854 3974/5349/2844 3976/5337/2832 3993/5363/2855 3983/5364/2853
f 3978/5350/2845 3974/5349/2844 3980/5365/2854 3982/5366/2850
f 3973/5343/2838 3977/5347/2842 3991/5360/2852 3990/5367/2856
f 3988/5344/2839 3973/5343/2838 3990/5367/2856 3989/5368/2857
f 3972/5336/2831 3985/5341/2836 3986/5369/2858 3992/5370/2859
f 3976/5337/2832 3972/5336/2831 3992/5370/2859 3993/5363/2855
s 0
f 4012/5371/2860 3971/5316/2860 4017/5372/2860 3999/5373/2860 4000/5374/2860 4001/5375/2860
o Circle_cell.074
v -0.071369 1.031700 0.012889
v -0.000553 1.067615 -0.001533
v 0.063427 1.065833 -0.094877
v 0.005383 0.944914 -0.007531
v -0.001145 0.934477 -0.000720
v 0.054183 1.043047 -0.055156
v -0.047173 1.067124 -0.113885
v 0.047173 1.067124 -0.113885
v -0.113885 1.067124 -0.047173
v -0.087437 1.067124 -0.087437
v 0.000000 1.067124 -0.123655
v 0.002520 1.035234 -0.142237
v 0.026059 1.041649 -0.133519
v -0.061148 1.005973 -0.147624
v -0.094655 0.983995 -0.141041
v 0.041842 1.054254 -0.122699
v -0.117265 1.064042 -0.039766
v -0.109548 1.023253 -0.100651
v -0.117756 1.060107 -0.048776
v -0.108314 1.017842 -0.108314
v 0.059679 1.067124 -0.105670
v 0.064216 1.070256 -0.101083
v 0.048765 1.060157 -0.117729
v 0.045596 1.095013 -0.100617
v 0.018992 1.125296 -0.094256
v -0.000067 1.146050 -0.089090
v 0.041637 1.100274 -0.100520
v -0.077483 1.106046 -0.072201
v -0.036190 1.132891 -0.087369
v 0.002520 1.035234 -0.142237
v 0.026059 1.041649 -0.133519
v -0.061148 1.005973 -0.147624
v -0.094655 0.983995 -0.141041
v -0.109548 1.023253 -0.100651
v -0.117756 1.060107 -0.048776
v -0.117265 1.064042 -0.039766
v -0.108314 1.017842 -0.108314
v 0.059679 1.067124 -0.105670
v 0.048765 1.060157 -0.117729
v 0.064216 1.070256 -0.101083
v 0.041842 1.054254 -0.122699
v 0.045596 1.095013 -0.100617
v 0.018992 1.125296 -0.094256
v 0.041637 1.100274 -0.100520
v -0.000067 1.146050 -0.089090
v -0.036190 1.132891 -0.087369
v -0.077483 1.106046 -0.072201
v -0.113885 1.067124 -0.047173
vn 0.3993 -0.7517 -0.5249
vn 0.3913 -0.7544 -0.5270
vn 0.7187 -0.6035 -0.3454
vn 0.6349 -0.6596 -0.4022
vn 0.7001 0.0013 0.7140
vn 0.1971 0.0051 0.9804
vn -0.7538 -0.5861 0.2971
vn -0.7531 -0.5884 0.2942
vn 0.7900 -0.0992 0.6051
vn 0.7380 -0.5904 -0.3269
vn 0.7114 0.5263 0.4657
vn 0.8808 -0.4691 -0.0641
vn 0.7035 0.5274 0.4764
vn 0.7106 0.5261 0.4672
vn -0.2332 0.7249 0.6481
vn -0.2473 0.7280 0.6394
vn -0.3829 0.5099 -0.7703
vn -0.3407 0.4614 -0.8192
vn -0.0011 0.4595 -0.8882
vn -0.0317 0.5087 -0.8603
vn -0.4735 0.5060 -0.7209
vn -0.5380 0.5117 -0.6699
vn -0.6262 0.4639 -0.6266
vn -0.6017 0.4065 -0.6875
vn -0.3045 0.4035 -0.8628
vn -0.0498 0.4006 -0.9149
vn 0.3396 0.4604 -0.8202
vn 0.5004 0.4114 -0.7618
vn 0.2715 0.5118 -0.8151
vn 0.1749 0.5060 -0.8446
vn 0.1861 0.3941 -0.9000
vn 0.2482 0.3977 -0.8833
vn 0.5046 0.3940 -0.7682
vn -0.7830 0.4883 -0.3854
vn -0.7209 0.5060 -0.4735
vn -0.7680 0.5117 -0.3851
vn -0.8446 0.5060 -0.1749
vt 1.000000 0.338287
vt 0.598326 0.000000
vt 1.000000 0.000000
vt 0.338287 0.338287
vt 0.000000 0.000000
vt 0.335502 0.000000
vt 0.351214 0.130845
vt 0.535369 0.000000
vt 1.000000 0.384074
vt 0.384074 0.384074
vt 1.000000 1.000000
vt 1.000000 0.740522
vt 0.132055 0.000000
vt 0.241280 0.089689
vt 1.000000 0.664498
vt 0.740522 0.740522
vt 0.779876 0.725318
vt 0.235746 0.126619
vt 0.038662 0.038662
vt 1.000000 0.464631
vt 0.720452 0.346072
vt 0.718530 0.000000
vt 1.000000 0.038662
vt 0.769814 0.769814
vt 1.000000 0.650419
vt 0.650419 0.650419
vt 1.000000 0.281470
vt 0.967864 0.339280
vt 0.816118 0.000000
vt 1.000000 0.769814
vt 0.914119 0.464501
vt 0.856062 0.132081
vt 0.867945 0.000000
vt 0.816118 0.816118
vt 0.194410 0.443964
vt 0.217851 0.464399
vt 0.203359 0.481104
vt 0.189653 0.472343
vt 0.194410 0.443964
vt 0.195952 0.426542
vt 0.217590 0.429446
vt 0.234715 0.448179
vt 0.250200 0.467077
vt 0.243123 0.490343
vt 0.234181 0.506944
vt 0.243123 0.490343
vt 0.537145 0.349292
vt 0.529750 0.348897
vt 0.537623 0.345753
vt 0.563937 0.336472
vt 0.559536 0.352234
vt 0.541868 0.343290
vt 0.551221 0.338135
vt 0.553655 0.393440
vt 0.545379 0.382201
vt 0.536120 0.368071
vt 0.534422 0.365020
vt 0.526636 0.350528
vt 0.253813 0.433540
vt 0.221732 0.429741
vt 0.251623 0.430641
vt 0.255894 0.432105
vt 0.251623 0.430641
vt 0.255400 0.435797
s 0
f 4054/5376/2861 4055/5377/2861 4029/5378/2861
f 4054/5379/2862 4029/5380/2862 4057/5381/2862 4056/5382/2862
f 4065/5383/2863 4028/5378/2863 4055/5384/2863
f 4055/5385/2864 4028/5380/2864 4029/5378/2864
f 4030/5380/2865 4026/5378/2865 4029/5386/2865
f 4026/5380/2866 4025/5378/2866 4029/5386/2866
f 4058/5387/2867 4029/5386/2867 4025/5380/2867 4060/5388/2867 4059/5389/2867
f 4057/5390/2868 4029/5386/2868 4058/5391/2868 4061/5392/2868
f 4028/5380/2869 4030/5378/2869 4029/5386/2869
f 4062/5393/2870 4064/5394/2870 4027/5380/2870 4028/5378/2870 4065/5395/2870 4063/5396/2870
f 4066/5397/2871 4027/5378/2871 4064/5398/2871
f 4030/5378/2872 4028/5386/2872 4027/5380/2872
f 4069/5399/2873 4026/5380/2873 4030/5378/2873 4067/5400/2873
f 4067/5401/2874 4030/5380/2874 4027/5378/2874 4066/5402/2874 4068/5403/2874
f 4071/5404/2875 4026/5378/2875 4069/5405/2875 4070/5406/2875
f 4033/5407/2876 4060/5408/2876 4025/5378/2876 4026/5386/2876 4071/5409/2876
s 1
f 4038/5410/2877 4031/5411/2878 4035/5412/2879 4036/5413/2880
f 4031/5411/2878 4038/5414/2877 4039/5415/2881 4044/5416/2882 4034/5417/2883
f 4031/5411/2878 4034/5417/2883 4052/5418/2884 4053/5419/2885
f 4050/5420/2886 4035/5412/2879 4031/5411/2878 4053/5421/2885
f 4032/5422/2887 4045/5423/2888 4047/5424/2889
f 4036/5425/2880 4035/5426/2879 4032/5422/2887 4047/5424/2889 4040/5427/2890 4037/5428/2890
f 4032/5422/2887 4035/5426/2879 4050/5429/2886 4049/5430/2891 4051/5431/2892
f 4045/5423/2888 4032/5422/2887 4051/5431/2892 4048/5432/2893 4046/5433/2893
f 4072/5434/2894 4034/5417/2883 4044/5416/2882 4042/5435/2895 4043/5436/2896
f 4041/5437/2897 4072/5434/2894 4043/5438/2896
f 4052/5418/2884 4034/5417/2883 4072/5439/2894
o Circle_cell.075
v 0.060765 0.780145 0.011497
v -0.002368 0.680825 -0.016830
v 0.037097 0.622924 -0.023974
v 0.180240 0.818006 0.035712
v 0.000917 0.633870 0.000074
v -0.005986 0.655509 -0.004570
v 0.001242 0.695569 0.000176
v 0.218174 0.872857 -0.090371
v 0.254860 0.799791 -0.105566
v 0.209210 0.757731 -0.209210
v 0.204240 0.765567 -0.208295
v 0.221617 0.734461 -0.209212
v 0.209287 0.799791 -0.174947
v 0.225066 0.728118 -0.209112
v 0.227967 0.721862 -0.208638
v 0.214904 0.879101 -0.089016
v 0.211399 0.893105 -0.067491
v 0.214544 0.872857 -0.095897
v 0.277544 0.728118 -0.129219
v 0.287685 0.728118 -0.104590
v 0.284544 0.728979 -0.117862
v 0.270589 0.802848 -0.021576
v 0.291954 0.728118 -0.083977
v 0.233284 0.872857 -0.017412
v 0.240789 0.865706 -0.000000
v 0.243269 0.851386 0.025720
v 0.261559 0.827607 -0.000000
v 0.209210 0.757731 -0.209210
v 0.204240 0.765567 -0.208295
v 0.221617 0.734461 -0.209212
v 0.225066 0.728118 -0.209112
v 0.227967 0.721862 -0.208638
v 0.209287 0.799791 -0.174947
v 0.214544 0.872857 -0.095897
v 0.214904 0.879101 -0.089016
v 0.211399 0.893105 -0.067491
v 0.277544 0.728118 -0.129219
v 0.284544 0.728979 -0.117862
v 0.287685 0.728118 -0.104590
v 0.233284 0.872857 -0.017412
v 0.240789 0.865706 -0.000000
v 0.243269 0.851386 0.025720
v 0.261559 0.827607 -0.000000
v 0.270589 0.802848 -0.021576
v 0.291954 0.728118 -0.083977
vn -0.5867 -0.2835 -0.7586
vn -0.5749 -0.3077 -0.7581
vn -0.5897 -0.3448 -0.7303
vn -0.5548 0.0015 0.8320
vn -0.9835 0.1702 0.0612
vn -0.7482 0.5716 -0.3368
vn -0.5675 -0.3206 -0.7584
vn 0.3473 -0.9284 -0.1318
vn 0.3933 -0.5205 0.7579
vn 0.3655 -0.5070 0.7806
vn -0.1943 -0.0006 0.9809
vn -0.2020 0.0111 0.9793
vn -0.3519 0.8042 0.4790
vn -0.3496 0.8039 0.4811
vn 0.3945 -0.5177 0.7592
vn 0.7619 0.4070 -0.5039
vn 0.7899 0.3270 -0.5188
vn 0.7736 0.3757 -0.5102
vn 0.7612 0.4088 -0.5035
vn 0.7549 0.4263 -0.4984
vn 0.8277 0.4442 -0.3430
vn 0.8406 0.4145 -0.3487
vn 0.8945 0.4078 -0.1832
vn 0.8733 0.4526 -0.1803
vn 0.8738 0.4763 -0.0983
vn 0.8766 0.4779 -0.0570
vn 0.8638 0.4709 0.1789
vn 0.8080 0.4849 -0.3347
vn 0.8628 0.4730 -0.1787
vn 0.7354 0.4753 -0.4830
vn 0.8324 0.4915 -0.2561
vn 0.8555 0.4865 -0.1772
vn -0.6736 0.5644 -0.4771
vt 1.000000 0.491070
vt 1.000000 1.000000
vt 0.000000 0.000000
vt 0.491045 0.000000
vt 0.516060 0.000000
vt 1.000000 0.000000
vt 0.491070 0.491070
vt 0.743825 0.236312
vt 0.500377 0.000000
vt 1.000000 0.483940
vt 0.875324 0.350944
vt 0.925732 0.342573
vt 1.000000 0.330523
vt 0.500377 0.500377
vt 0.828482 0.369435
vt 0.620242 0.000000
vt 0.335067 0.324720
vt 0.291369 0.025488
vt 1.000000 0.544130
vt 0.256480 0.256480
vt 0.264725 0.000000
vt 0.272452 0.159189
vt 0.735275 0.000000
vt 1.000000 0.379757
vt 0.860007 0.201706
vt 0.480752 0.207520
vt 0.507795 0.201922
vt 0.508708 0.203744
vt 0.508708 0.203744
vt 0.509608 0.205805
vt 0.512906 0.213427
vt 0.513233 0.217427
vt 0.506253 0.228611
vt 0.480041 0.231243
vt 0.476869 0.208328
vt 0.467209 0.209671
vt 0.473036 0.208689
vt 0.476869 0.208328
vt 0.455058 0.234784
vt 0.449235 0.245668
vt 0.451464 0.259130
vt 0.442360 0.255714
vt 0.482931 0.258091
vt 0.456934 0.260708
vt 0.485238 0.257934
vt 0.506253 0.228611
vt 0.485238 0.257934
vt 0.483127 0.260740
vt 0.476874 0.267397
vt 0.457865 0.260969
vt 0.455870 0.000000
vt 0.459457 0.085333
vt 0.455845 0.115975
vt 0.562086 0.124754
vt 1.000000 0.508955
s 0
f 4100/5440/2898 4078/5441/2898 4074/5442/2898 4101/5443/2898
f 4102/5444/2899 4075/5445/2899 4078/5441/2899 4100/5446/2899
f 4075/5442/2900 4077/5445/2900 4078/5441/2900
f 4077/5442/2901 4079/5445/2901 4078/5441/2901
f 4079/5442/2902 4074/5445/2902 4078/5441/2902
f 4079/5442/2903 4073/5445/2903 4074/5441/2903
f 4103/5447/2904 4104/5448/2904 4075/5445/2904 4102/5449/2904
f 4110/5450/2905 4111/5451/2905 4117/5452/2905 4075/5441/2905 4104/5453/2905 4109/5454/2905
f 4116/5455/2906 4076/5445/2906 4075/5441/2906 4117/5456/2906
f 4076/5442/2907 4077/5445/2907 4075/5441/2907
f 4076/5442/2908 4079/5445/2908 4077/5441/2908
f 4076/5442/2909 4073/5445/2909 4079/5441/2909
f 4073/5441/2910 4076/5442/2910 4112/5457/2910 4108/5458/2910
f 4112/5459/2911 4076/5442/2911 4114/5460/2911 4113/5461/2911
f 4114/5462/2912 4076/5445/2912 4116/5463/2912 4115/5464/2912
s 1
f 4091/5465/2913 4087/5466/2914 4086/5467/2915
f 4086/5468/2915 4084/5469/2916 4082/5470/2916 4083/5471/2916 4105/5472/2917 4081/5473/2918 4093/5474/2919 4091/5465/2913
f 4095/5475/2920 4092/5476/2920 4093/5477/2919 4081/5473/2918 4094/5478/2921
f 4099/5479/2922 4097/5480/2923 4098/5481/2924
f 4080/5482/2925 4096/5483/2926 4097/5480/2923 4099/5479/2922 4094/5478/2921 4081/5473/2918
f 4106/5484/2927 4080/5482/2925 4081/5473/2918 4105/5485/2917
f 4080/5482/2925 4106/5486/2927 4107/5487/2928
f 4080/5482/2925 4107/5487/2928 4089/5488/2929 4096/5489/2926
s 0
f 4073/5442/2930 4108/5490/2930 4088/5491/2930 4090/5492/2930 4085/5493/2930 4101/5494/2930 4074/5441/2930
o Circle_cell.076
v -0.032506 1.827958 -0.078475
v -0.033896 1.819147 -0.081832
v -0.000000 1.792713 -0.086462
v -0.030073 1.814529 -0.072601
v -0.000000 1.827958 -0.085207
v -0.000000 1.774241 -0.073022
v -0.000000 1.759934 -0.081927
v -0.000000 1.814529 -0.078830
v -0.000000 1.819147 -0.088852
v -0.040639 1.814529 -0.065661
v -0.051366 1.827958 -0.066086
v -0.047916 1.819147 -0.072623
v 0.018025 1.813221 -0.074908
v 0.015832 1.819147 -0.085573
v 0.020164 1.808264 -0.083692
v 0.012248 1.827958 -0.082670
v -0.032991 1.802722 -0.068690
v -0.012583 1.775755 -0.070634
v -0.029097 1.796781 -0.070245
v -0.014396 1.771387 -0.080530
v -0.033075 1.795330 -0.079849
v -0.000000 1.759412 -0.071783
v -0.000000 1.753091 -0.081241
v -0.005306 1.759934 -0.080828
v 0.007233 1.768184 -0.071018
v 0.006117 1.760278 -0.080708
v 0.025881 1.792429 -0.070284
v 0.027752 1.788245 -0.080096
v 0.011761 1.774241 -0.070586
v -0.047916 1.819147 -0.072623
v -0.033075 1.795330 -0.079849
v 0.018025 1.813221 -0.074908
v 0.012248 1.827958 -0.082670
v -0.040639 1.814529 -0.065661
v -0.051366 1.827958 -0.066086
v 0.015832 1.819147 -0.085573
v 0.020164 1.808264 -0.083692
v -0.032991 1.802722 -0.068690
v -0.029097 1.796781 -0.070245
v -0.012583 1.775755 -0.070634
v -0.014396 1.771387 -0.080530
v -0.005306 1.759934 -0.080828
v -0.000000 1.753091 -0.081241
v 0.025881 1.792429 -0.070284
v 0.006117 1.760278 -0.080708
v 0.027752 1.788245 -0.080096
v 0.011761 1.774241 -0.070586
v 0.007233 1.768184 -0.071018
v -0.000000 1.759412 -0.071783
vn 0.9280 0.3722 0.0160
vn -0.7221 -0.5743 0.3858
vn -0.7172 -0.5794 0.3872
vn 0.6831 -0.6047 0.4095
vn 0.9333 0.3582 0.0252
vn 0.7269 -0.5707 0.3820
vn 0.0058 -0.0997 -0.9950
vn -0.0010 -0.1180 -0.9930
vn 0.2007 -0.1246 -0.9717
vn -0.2027 -0.1226 -0.9715
vn -0.2735 -0.1014 -0.9565
vn 0.0002 -0.1132 -0.9936
vn -0.2030 -0.1328 -0.9701
vn -0.5333 0.2378 -0.8118
vn -0.3786 0.1460 -0.9140
vn 0.0007 0.1452 -0.9894
vn 0.2027 -0.1135 -0.9726
vn 0.2035 0.0942 -0.9745
vn 0.2045 -0.0915 -0.9746
vn -0.0510 0.9911 -0.1232
vn 0.0268 0.9988 0.0409
vn 0.5172 0.3354 0.7874
vn 0.3659 0.2933 0.8832
vn 0.0034 0.2951 0.9555
vn 0.0065 0.9902 -0.1392
vn 0.0044 0.9984 0.0563
vn -0.1929 0.2369 0.9522
vn 0.1995 0.1250 0.9719
vn -0.0018 0.1123 0.9937
vn 0.2722 0.1413 0.9518
vn 0.5436 0.1398 0.8276
vn -0.0086 0.0833 0.9965
vn -0.2013 0.1226 0.9718
vn -0.2008 0.1398 0.9696
vn -0.2021 0.0816 0.9760
vn -0.7275 -0.5694 0.3828
vt 0.983697 0.667546
vt 0.308829 0.000000
vt 0.345596 0.000000
vt 0.754809 0.417065
vt 0.811965 0.811965
vt 0.740965 0.656258
vt 0.649789 0.000000
vt 0.693356 0.000000
vt 0.782971 0.648545
vt 1.000000 0.380221
vt 0.992769 0.458053
vt 0.693356 0.693356
vt 0.649789 0.649789
vt 0.866141 0.483874
vt 0.491184 0.000000
vt 0.453275 0.453275
vt 0.380221 0.380221
vt 0.410924 0.000000
vt 1.000000 0.654404
vt 1.000000 0.691171
vt 0.263376 0.000000
vt 0.463781 0.148182
vt 0.305957 0.305957
vt 0.263376 0.263376
vt 0.447493 0.063541
vt 0.508816 0.000000
vt 0.589076 0.000000
vt 0.666512 0.849437
vt 0.666512 0.856092
vt 0.661339 0.855553
vt 0.379975 0.901501
vt 0.376912 0.903290
vt 0.374578 0.898912
vt 0.404798 0.910118
vt 0.389285 0.921729
vt 0.379975 0.901501
vt 0.389269 0.904748
vt 0.421441 0.915657
vt 0.414968 0.920778
vt 0.407182 0.910705
vt 0.400586 0.934411
vt 0.406659 0.910535
vt 0.661413 0.887091
vt 0.638688 0.876802
vt 0.639611 0.880802
vt 0.652400 0.911083
vt 0.640418 0.904916
vt 0.640087 0.894770
vt 0.418463 0.924398
vt 0.427018 0.917237
vt 0.428825 0.925637
vt 0.424146 0.929879
vt 0.414043 0.942525
vt 0.406104 0.938091
vt 0.637477 0.914155
vt 0.645878 0.920339
vt 0.634334 0.928203
vt 0.624659 0.919284
vt 0.434827 0.949121
vt 0.431745 0.953312
vt 0.430818 0.935682
vt 0.428825 0.925637
vt 0.429970 0.932376
vt 0.436702 0.956451
vt 0.434827 0.949121
vt 0.611671 0.944540
vt 0.607131 0.939508
vt 0.610139 0.925223
vt 0.606831 0.943264
vt 0.605932 0.948549
vt 0.942874 0.048483
vt 0.756371 0.000000
vt 0.811965 0.000000
vt 0.919925 0.007597
vt 0.997697 0.086328
s 0
f 4150/5495/2931 4149/5496/2931 4154/5497/2931 4153/5498/2931
f 4155/5499/2932 4138/5500/2932 4158/5501/2932 4157/5502/2932 4156/5503/2932
f 4160/5504/2933 4139/5505/2933 4157/5506/2933 4158/5507/2933 4159/5508/2933
f 4165/5509/2934 4139/5510/2934 4160/5511/2934 4162/5512/2934
f 4154/5513/2935 4149/5514/2935 4161/5515/2935 4163/5516/2935
f 4163/5517/2936 4161/5518/2936 4164/5519/2936 4165/5520/2936 4162/5521/2936
s 1
f 4140/5522/2937 4124/5523/2938 4143/5524/2939
f 4141/5525/2940 4124/5526/2938 4140/5527/2937
f 4148/5528/2941 4120/5529/2942 4124/5526/2938 4141/5530/2940 4137/5531/2943
f 4147/5532/2944 4119/5533/2945 4148/5534/2941
f 4119/5533/2945 4126/5535/2946 4120/5529/2942 4148/5536/2941
f 4124/5523/2938 4120/5537/2942 4145/5538/2947 4143/5524/2939
f 4145/5539/2947 4120/5537/2942 4126/5540/2946 4131/5541/2948 4132/5542/2949
f 4118/5543/2950 4152/5544/2951 4151/5545/2952 4121/5546/2953
f 4118/5543/2950 4121/5546/2953 4125/5547/2954 4122/5548/2955
f 4118/5543/2950 4122/5548/2955 4126/5535/2946 4119/5533/2945
f 4152/5544/2951 4118/5543/2950 4119/5533/2945 4147/5532/2944
f 4133/5549/2956 4122/5550/2955 4125/5551/2954 4130/5552/2957
f 4131/5541/2948 4126/5540/2946 4122/5550/2955 4133/5549/2956
f 4135/5553/2958 4123/5554/2959 4125/5547/2954 4121/5546/2953 4136/5555/2960
f 4121/5546/2953 4151/5556/2952 4134/5557/2961 4136/5555/2960
f 4166/5558/2962 4123/5554/2959 4135/5559/2958
f 4130/5552/2957 4125/5551/2954 4123/5560/2959 4146/5561/2963 4144/5562/2964
f 4142/5563/2965 4146/5561/2963 4123/5560/2959 4166/5564/2962
s 0
f 4129/5565/2966 4138/5566/2966 4155/5567/2966 4127/5568/2966 4128/5569/2966
o Circle_cell.077
v 0.065631 1.634732 0.027185
v 0.056694 1.585281 -0.021633
v 0.059731 1.612380 -0.010651
v 0.068035 1.611172 -0.012374
v 0.064557 1.580143 -0.024950
v 0.062324 1.626165 -0.000000
v 0.060289 1.640895 0.011826
v 0.071049 1.627189 -0.000000
v 0.070007 1.634732 0.006056
v 0.069224 1.644017 0.013464
v 0.048701 1.519015 0.031646
v 0.049194 1.542093 0.032053
v 0.056355 1.544173 0.036759
v 0.055787 1.517627 0.036291
v 0.048692 1.513566 0.031387
v 0.055776 1.511361 0.035992
v 0.054535 1.515504 0.022589
v 0.055122 1.528590 -0.021527
v 0.068049 1.520652 -0.000000
v 0.062489 1.513586 0.025884
v 0.059386 1.521670 -0.000000
v 0.063127 1.528641 -0.024853
v 0.058258 1.624545 0.037898
v 0.051132 1.624054 0.033213
v 0.051944 1.656379 0.033597
v 0.052742 1.667701 0.034070
v 0.058514 1.634732 0.038020
v 0.061313 1.675717 0.039672
v 0.057932 1.656379 0.024480
v 0.067660 1.661973 0.028026
v 0.068035 1.611172 -0.012374
v 0.064557 1.580143 -0.024950
v 0.056694 1.585281 -0.021633
v 0.059731 1.612380 -0.010651
v 0.062324 1.626165 -0.000000
v 0.060289 1.640895 0.011826
v 0.070007 1.634732 0.006056
v 0.069224 1.644017 0.013464
v 0.071049 1.627189 -0.000000
v 0.056355 1.544173 0.036759
v 0.055787 1.517627 0.036291
v 0.048701 1.519015 0.031646
v 0.049194 1.542093 0.032053
v 0.055776 1.511361 0.035992
v 0.048692 1.513566 0.031387
v 0.054535 1.515504 0.022589
v 0.059386 1.521670 -0.000000
v 0.055122 1.528590 -0.021527
v 0.068049 1.520652 -0.000000
v 0.063127 1.528641 -0.024853
v 0.062489 1.513586 0.025884
v 0.058258 1.624545 0.037898
v 0.051132 1.624054 0.033213
v 0.051944 1.656379 0.033597
v 0.052742 1.667701 0.034070
v 0.058514 1.634732 0.038020
v 0.061313 1.675717 0.039672
v 0.067660 1.661973 0.028026
v 0.057932 1.656379 0.024480
vn -0.1336 0.3850 -0.9132
vn -0.0725 0.6183 -0.7826
vn -0.5486 -0.0030 0.8361
vn -0.5531 -0.0388 0.8322
vn -0.1119 -0.9523 -0.2840
vn -0.3837 0.0089 -0.9234
vn -0.5494 0.0012 0.8355
vn -0.5496 0.0039 0.8354
vn -0.0755 0.6241 -0.7777
vn 0.9788 -0.0276 -0.2027
vn 0.9926 -0.0280 0.1178
vn 0.9989 -0.0281 0.0377
vn 0.9783 -0.0422 0.2026
vn 0.9225 -0.0544 0.3821
vn 0.9127 -0.0280 0.4077
vn 0.8346 -0.0532 0.5482
vn 0.8355 -0.0276 0.5488
vn 0.8752 -0.0799 0.4772
vn 0.8332 -0.0790 0.5473
vn 0.9762 -0.0790 0.2022
vn -0.8330 0.0816 -0.5472
vn -0.8776 0.0422 -0.4776
vn -0.8346 0.0545 -0.5482
vn -0.8355 0.0275 -0.5488
vn -0.9122 0.0278 -0.4088
vn -0.9781 0.0272 -0.2062
vn -0.9923 0.0276 -0.1206
vn -0.9988 0.0279 -0.0398
vn -0.9788 0.0275 0.2027
vt 0.556961 0.000000
vt 0.613085 0.000000
vt 1.000000 0.137562
vt 1.000000 0.157519
vt 0.202789 0.075004
vt 0.258025 0.000000
vt 0.297913 0.000000
vt 0.261594 0.046426
vt 0.233306 0.084836
vt 0.157519 0.157519
vt 0.137562 0.137562
vt 1.000000 0.129956
vt 0.868469 0.000000
vt 0.885652 0.000000
vt 1.000000 0.112981
vt 0.644320 0.000000
vt 0.129956 0.129956
vt 0.112981 0.112981
vt 0.560162 0.000000
vt 0.740238 0.255110
vt 1.000000 0.379913
vt 1.000000 0.436663
vt 0.700112 0.292579
vt 0.437280 0.096295
vt 0.355680 0.000000
vt 0.439838 0.000000
vt 0.510861 0.083812
vt 1.000000 0.443039
vt 0.436663 0.436663
vt 0.379913 0.379913
vt 1.000000 0.386915
vt 0.131531 0.000000
vt 1.000000 0.865882
vt 1.000000 0.883021
vt 0.114348 0.000000
vt 1.000000 0.233085
vt 0.970643 0.402204
vt 0.883021 0.883021
vt 0.865882 0.865882
vt 0.893497 0.714345
vt 1.000000 0.102263
vt 1.000000 0.702087
vt 1.000000 0.741975
vt 0.575236 0.451981
vt 0.233085 0.233085
vt 0.102263 0.102263
vt 0.518035 0.368082
vt 0.563826 0.677494
vt 0.574537 0.717125
vt 0.571458 0.742816
vt 0.565457 0.756790
vt 0.543264 0.675699
vt 0.562597 0.763334
vt 0.547135 0.766136
vt 0.522384 0.674869
vt 0.565457 0.756790
vt 0.522384 0.674869
vt 0.538109 0.767871
vt 0.536002 0.760250
vt 0.519590 0.700002
vt 0.514250 0.680082
vt 0.513153 0.675339
vt 0.549347 0.784223
vt 0.541691 0.794667
vt 0.549347 0.784223
vt 0.562597 0.763334
vt 0.557990 0.770610
vt 0.535441 0.947199
vt 0.537527 0.952325
vt 0.534446 0.951474
vt 0.526540 0.972776
vt 0.527858 0.969192
vt 0.532597 0.956485
vt 0.537624 0.952429
vt 0.527844 0.973957
vt 0.526256 0.973633
vt 0.539815 0.956161
vt 0.541558 0.959716
vt 0.531551 0.975069
vt 0.542655 0.963298
vt 0.541945 0.968699
vt 0.535189 0.976615
vt 0.531551 0.975069
s 0
f 4198/5570/2967 4199/5571/2967 4200/5572/2967 4197/5573/2967
f 4201/5574/2968 4202/5575/2968 4204/5576/2968 4203/5577/2968 4205/5578/2968 4197/5579/2968 4200/5580/2968
f 4207/5581/2969 4206/5582/2969 4209/5583/2969 4208/5584/2969
f 4210/5585/2970 4207/5586/2970 4208/5587/2970 4211/5588/2970
f 4213/5589/2971 4214/5590/2971 4216/5591/2971 4215/5592/2971 4217/5593/2971 4210/5594/2971 4211/5595/2971 4212/5596/2971
f 4198/5597/2972 4216/5598/2972 4214/5599/2972 4199/5600/2972
f 4206/5601/2973 4218/5602/2973 4219/5603/2973 4209/5604/2973
f 4221/5605/2974 4220/5606/2974 4219/5607/2974 4218/5608/2974 4222/5609/2974 4223/5610/2974
f 4204/5611/2975 4202/5612/2975 4225/5613/2975 4221/5614/2975 4223/5615/2975 4224/5616/2975
s 1
f 4188/5617/2976 4171/5618/2976 4170/5619/2976 4174/5620/2977 4185/5621/2978
f 4175/5622/2979 4167/5623/2980 4186/5624/2981 4185/5621/2978 4174/5625/2977
f 4186/5626/2981 4167/5623/2980 4193/5627/2982 4189/5628/2983 4179/5629/2983 4180/5630/2983 4182/5631/2983
f 4193/5627/2982 4167/5623/2980 4196/5632/2984 4194/5633/2985
f 4196/5634/2984 4167/5623/2980 4175/5635/2979 4176/5636/2986
f 4192/5637/2987 4195/5638/2988 4191/5639/2989
f 4177/5640/2990 4178/5641/2990 4190/5642/2990 4191/5639/2989 4195/5643/2988 4183/5644/2991 4181/5645/2990
f 4195/5643/2988 4173/5646/2992 4172/5647/2993 4187/5648/2994 4183/5644/2991
f 4169/5649/2995 4168/5650/2995 4184/5651/2995 4187/5652/2994 4172/5647/2993
o Circle_cell.078
v -0.002595 1.338779 0.009797
v 0.000040 1.378769 0.001346
v -0.024573 1.391545 0.059324
v 0.024573 1.391545 0.059324
v -0.059324 1.391545 0.024573
v -0.021480 1.412093 0.051857
v 0.021480 1.412093 0.051857
v -0.051858 1.412093 0.021480
v -0.000000 1.391545 0.064414
v -0.045547 1.391545 0.045547
v -0.000000 1.412093 0.056306
v -0.039815 1.412093 0.039814
v -0.000104 1.412093 0.001309
v -0.010680 1.412093 -0.003139
v -0.019751 1.412093 -0.001344
v -0.066352 1.460376 -0.000000
v -0.065524 1.511978 -0.011014
v -0.061577 1.355042 0.020893
v -0.061666 1.391545 0.013268
v -0.056342 1.513500 -0.013591
v -0.054800 1.412093 0.007274
v -0.057367 1.449830 -0.000000
v -0.067829 1.512836 -0.000000
v -0.064883 1.515164 0.014543
v -0.059187 1.514560 -0.000000
v -0.056590 1.516612 0.012819
v -0.062576 1.516940 0.025920
v -0.048152 1.522378 0.048152
v -0.054603 1.518141 0.022617
v -0.026044 1.528473 0.062875
v -0.042017 1.522886 0.042017
v -0.013659 1.531239 0.065518
v -0.011962 1.530608 0.057160
v -0.022726 1.528205 0.054864
v -0.000000 1.526773 0.059530
v -0.000000 1.526860 0.068224
v 0.025936 1.518439 0.062615
v 0.022631 1.519425 0.054636
v 0.054502 1.508977 0.037812
v 0.047930 1.511198 0.047930
v 0.041822 1.513107 0.041822
v 0.047466 1.511200 0.033135
v 0.022991 1.412093 0.016676
v 0.053332 1.456147 0.036941
v 0.046013 1.445521 0.032053
v 0.045304 1.391545 0.045707
v 0.044553 1.385676 0.046481
v 0.041903 1.412093 0.036635
v 0.039790 1.350652 0.051285
v -0.025349 1.341712 0.061198
v -0.000000 1.346318 0.066260
v 0.025226 1.349588 0.060902
v -0.047136 1.336533 0.047136
v -0.057840 1.332845 0.031108
v -0.061343 1.331742 0.025855
v -0.000104 1.412093 0.001309
v -0.010680 1.412093 -0.003139
v -0.019751 1.412093 -0.001344
v -0.054800 1.412093 0.007274
v -0.061577 1.355042 0.020893
v -0.061666 1.391545 0.013268
v -0.066352 1.460376 -0.000000
v -0.065524 1.511978 -0.011014
v -0.056342 1.513500 -0.013591
v -0.057367 1.449830 -0.000000
v -0.059187 1.514560 -0.000000
v -0.067829 1.512836 -0.000000
v -0.064883 1.515164 0.014543
v -0.056590 1.516612 0.012819
v -0.054603 1.518141 0.022617
v -0.062576 1.516940 0.025920
v -0.048152 1.522378 0.048152
v -0.026044 1.528473 0.062875
v -0.013659 1.531239 0.065518
v -0.011962 1.530608 0.057160
v -0.022726 1.528205 0.054864
v -0.042017 1.522886 0.042017
v -0.000000 1.526773 0.059530
v -0.000000 1.526860 0.068224
v 0.025936 1.518439 0.062615
v 0.047930 1.511198 0.047930
v 0.054502 1.508977 0.037812
v 0.041822 1.513107 0.041822
v 0.047466 1.511200 0.033135
v 0.022631 1.519425 0.054636
v 0.022991 1.412093 0.016676
v 0.046013 1.445521 0.032053
v 0.053332 1.456147 0.036941
v 0.041903 1.412093 0.036635
v 0.045304 1.391545 0.045707
v 0.044553 1.385676 0.046481
v 0.039790 1.350652 0.051285
v -0.061343 1.331742 0.025855
v 0.025226 1.349588 0.060902
v -0.000000 1.346318 0.066260
v -0.025349 1.341712 0.061198
v -0.047136 1.336533 0.047136
v -0.057840 1.332845 0.031108
vn 0.3877 0.0006 -0.9218
vn -0.1906 -0.1909 -0.9629
vn -0.2340 -0.1994 -0.9516
vn -0.1942 0.9740 -0.1166
vn -0.1935 0.9746 -0.1128
vn 0.3070 0.9517 -0.0095
vn 0.5540 0.0015 -0.8325
vn 0.7140 -0.1805 -0.6765
vn 0.7134 -0.1896 -0.6746
vn 0.1473 -0.9832 0.1082
vn -0.2352 -0.2047 -0.9502
vn -0.2027 -0.0276 0.9788
vn -0.3575 -0.0280 0.9335
vn -0.3827 0.0063 0.9239
vn -0.0000 0.0064 1.0000
vn -0.0405 -0.0281 0.9988
vn -0.7071 0.0064 0.7071
vn -0.6867 -0.0281 0.7264
vn -0.9995 -0.0281 0.0149
vn -0.9788 -0.0276 -0.2027
vn -0.9840 -0.0277 0.1761
vn 0.3504 -0.0280 0.9362
vn 0.3827 0.0063 0.9239
vn 0.5681 0.0022 0.8230
vn 0.6853 -0.0284 0.7277
vn -0.9232 0.0061 0.3842
vn -0.9152 -0.0281 0.4021
vn -0.9785 0.0015 0.2063
vn -0.9788 -0.0276 0.2027
vn 0.8338 -0.0282 0.5514
vn 0.6795 0.6776 -0.2815
vn 0.5220 0.6745 -0.5220
vn 0.2815 0.6776 -0.6795
vn -0.0000 0.6745 -0.7382
vn -0.2937 0.6722 -0.6796
vn -0.4629 0.6541 -0.5982
vn -0.0000 1.0000 -0.0000
vn 0.7150 0.6833 -0.1481
vn -0.6954 0.0320 -0.7179
vn -0.8355 0.0275 -0.5488
vn 0.6867 0.0281 -0.7264
vn 0.3575 0.0280 -0.9335
vn 0.2027 0.0275 -0.9788
vn 0.0405 0.0281 -0.9988
vn 0.9995 0.0281 -0.0149
vn 0.9840 0.0277 -0.1761
vn 0.9788 0.0275 0.2027
vn -0.3618 0.0309 -0.9317
vn 0.9152 0.0280 -0.4021
vn 0.9788 0.0275 -0.2027
vn -0.8585 0.0401 0.5112
vn -0.8351 0.0400 0.5486
vn -0.7244 0.0408 0.6881
vn -0.9768 0.0391 0.2106
vn 0.5486 0.0400 0.8351
vn 0.3720 0.0407 0.9273
vn -0.0197 0.0408 0.9990
vn -0.4032 0.0407 0.9142
vn 0.1533 -0.9804 0.1237
vt 1.000000 0.000000
vt 1.000000 0.243626
vt 0.774248 0.000000
vt 0.000000 0.000000
vt 1.000000 0.414735
vt 0.243626 0.243626
vt 0.414735 0.414735
vt 0.141817 0.000000
vt 0.340680 0.220589
vt 0.719740 0.629005
vt 1.000000 0.942431
vt 1.000000 0.966944
vt 0.654201 0.580215
vt 0.446381 0.356298
vt 0.966945 0.966945
vt 0.942431 0.942431
vt 0.896811 0.555958
vt 0.846171 0.000000
vt 0.866015 0.000000
vt 0.910653 0.490064
vt 0.866015 0.866015
vt 0.846171 0.846171
vt 0.857703 0.707283
vt 0.905016 0.434503
vt 0.967718 0.252117
vt 1.000000 0.218211
vt 1.000000 0.319770
vt 0.971945 0.349234
vt 0.917232 0.508379
vt 0.875947 0.746402
vt 0.319770 0.319770
vt 0.218211 0.218211
vt 0.286467 0.137473
vt 0.531123 0.122097
vt 0.844897 0.236504
vt 1.000000 0.344225
vt 1.000000 0.427964
vt 0.866812 0.335464
vt 0.593021 0.235638
vt 0.379544 0.249059
vt 0.724756 0.000000
vt 1.000000 0.225752
vt 0.448657 0.000000
vt 0.427964 0.427964
vt 0.344225 0.344225
vt 0.360893 0.000000
vt 0.751890 0.684479
vt 0.448657 0.448657
vt 0.360893 0.360893
vt 0.946800 0.816819
vt 1.000000 0.858287
vt 1.000000 1.000000
vt 0.724756 0.724756
vt 0.858287 0.858287
vt 0.866185 0.000000
vt 1.000000 0.765167
vt 0.825387 0.825387
vt 0.784402 0.772455
vt 1.000000 0.858182
vt 0.460091 0.704312
vt 0.450513 0.704879
vt 0.422670 0.605319
vt 0.441177 0.599635
vt 0.468558 0.698768
vt 0.404336 0.611058
vt 0.450513 0.704879
vt 0.431081 0.705625
vt 0.393068 0.709640
vt 0.385251 0.711425
vt 0.382322 0.671990
vt 0.485432 0.687762
vt 0.459823 0.594009
vt 0.478912 0.589615
vt 0.502807 0.677701
vt 0.386179 0.616825
vt 0.411891 0.707049
vt 0.382322 0.671990
vt 0.377918 0.619478
vt 0.411891 0.707049
vt 0.403643 0.708200
vt 0.500360 0.634345
vt 0.511061 0.673943
vt 0.515642 0.993050
vt 0.516124 0.994984
vt 0.517096 0.997121
vt 0.518566 0.999901
vt 0.519116 0.988235
vt 0.520082 0.989000
vt 0.519186 0.988284
vt 0.518559 0.999887
vt 0.517835 0.998518
vt 0.517214 0.997344
vt 0.515627 0.991928
vt 0.519965 0.988830
vt 0.524406 0.972956
vt 0.525821 0.973874
vt 0.522178 0.984085
vt 0.517305 0.988290
vt 0.516550 0.988922
vt 0.510471 0.972087
vt 0.513752 0.970152
vt 0.518198 0.988060
vt 0.514847 0.969596
vt 0.517497 0.969886
vt 0.505139 0.977199
vt 0.511760 0.986140
vt 0.503830 0.978963
vt 0.521124 0.971182
vt 0.524406 0.972956
vt 0.507604 0.974467
vt 0.515953 0.989949
vt 0.515732 0.990878
vt 0.511760 0.986140
vt 0.506509 0.975655
vt 0.371404 0.574083
vt 0.376106 0.573297
vt 0.390620 0.571202
vt 0.373945 0.591852
vt 0.371601 0.575575
vt 0.476230 0.584352
vt 0.478376 0.588510
vt 0.450037 0.562682
vt 0.463207 0.559616
vt 0.430349 0.566096
vt 0.430349 0.566096
vt 0.410467 0.568752
vt 0.410467 0.568752
vt 0.390620 0.571202
vt 1.000000 0.825387
vt 0.866185 0.866185
vt 0.876751 0.845216
vt 0.911816 0.840584
vt 0.962548 0.865225
vt 0.925793 0.868440
s 0
f 4227/5653/2996 4282/5654/2996 4281/5655/2996
f 4227/5656/2997 4226/5653/2997 4283/5657/2997 4282/5658/2997
f 4283/5659/2998 4226/5656/2998 4285/5660/2998 4286/5661/2998 4287/5662/2998 4288/5663/2998 4289/5664/2998 4290/5665/2998 4284/5666/2998
f 4289/5667/2999 4288/5668/2999 4292/5669/2999 4293/5670/2999 4294/5671/2999 4291/5672/2999
f 4294/5673/3000 4293/5674/3000 4296/5675/3000 4297/5676/3000 4298/5677/3000 4299/5678/3000 4300/5679/3000 4301/5680/3000 4302/5681/3000 4295/5682/3000
f 4300/5683/3001 4299/5684/3001 4304/5685/3001 4305/5686/3001 4306/5687/3001 4307/5688/3001 4309/5689/3001 4308/5690/3001 4310/5691/3001 4303/5692/3001
f 4311/5693/3002 4227/5653/3002 4281/5694/3002
f 4312/5695/3002 4309/5696/3002 4307/5697/3002 4313/5698/3002
f 4314/5699/3003 4312/5700/3003 4313/5701/3003 4315/5702/3003 4316/5703/3003 4227/5704/3003 4311/5705/3003
f 4226/5653/3004 4227/5704/3004 4316/5706/3004 4317/5707/3004
f 4318/5708/3005 4226/5704/3005 4279/5709/3005
f 4318/5710/3006 4285/5711/3006 4226/5704/3006
s 1
f 4257/5712/3007 4255/5713/3008 4228/5714/3009 4234/5715/3010 4261/5716/3011
f 4235/5717/3012 4228/5714/3009 4255/5718/3008 4253/5719/3013
f 4248/5720/3014 4242/5721/3015 4241/5722/3016
f 4262/5723/3017 4229/5724/3018 4271/5725/3019 4265/5726/3020
f 4234/5715/3010 4229/5724/3018 4262/5723/3017 4261/5716/3011
f 4230/5727/3021 4235/5717/3012 4253/5719/3013 4252/5728/3022
f 4241/5729/3016 4244/5730/3023 4230/5727/3021 4252/5731/3022 4249/5732/3024 4248/5720/3014
f 4269/5733/3025 4264/5734/3025 4265/5726/3020 4271/5725/3019
f 4233/5735/3026 4237/5736/3027 4231/5737/3028 4236/5738/3029 4232/5739/3030 4273/5740/3031 4268/5741/3032 4238/5742/3032 4239/5743/3032 4240/5744/3032 4246/5745/3033
f 4273/5746/3031 4266/5747/3034 4267/5748/3035 4270/5749/3035
f 4231/5750/3028 4237/5751/3027 4256/5752/3036 4259/5753/3037
f 4236/5754/3029 4231/5750/3028 4259/5753/3037 4258/5755/3038 4260/5756/3039
f 4250/5757/3040 4247/5758/3041 4245/5759/3042
f 4232/5739/3030 4236/5754/3029 4260/5756/3039 4263/5760/3043
f 4273/5746/3031 4232/5739/3030 4263/5760/3043 4266/5761/3034
f 4254/5762/3044 4233/5763/3026 4246/5764/3033 4247/5765/3041 4250/5757/3040 4251/5766/3045
f 4237/5751/3027 4233/5763/3026 4254/5762/3044 4256/5752/3036
f 4280/5767/3046 4323/5768/3047 4322/5769/3048 4235/5717/3012 4230/5727/3021
f 4230/5727/3021 4244/5730/3023 4243/5770/3049 4280/5771/3046
f 4272/5772/3050 4271/5773/3019 4229/5724/3018 4319/5774/3051 4274/5775/3050
f 4319/5774/3051 4229/5724/3018 4234/5715/3010 4320/5776/3052
f 4320/5777/3052 4234/5715/3010 4228/5714/3009 4321/5778/3053
f 4321/5779/3053 4228/5714/3009 4235/5717/3012 4322/5780/3048
s 0
f 4279/5781/3054 4226/5704/3054 4317/5782/3054 4277/5783/3054 4276/5784/3054 4275/5785/3054 4278/5786/3054
o Circle_cell.079
v -0.087874 1.055151 0.037397
v -0.001615 1.066181 0.001659
v -0.001711 0.935838 0.001565
v -0.070853 1.032042 0.015731
v 0.047173 1.067124 0.113885
v -0.047173 1.067124 0.113885
v -0.000000 1.067124 0.123655
v -0.087437 1.067124 0.087437
v 0.062283 1.082539 0.096054
v 0.051966 1.125501 0.080797
v 0.083990 1.011279 0.128897
v 0.065916 1.067124 0.101574
v -0.030399 1.020880 0.145062
v 0.058322 1.018339 0.140802
v -0.000000 1.023630 0.149711
v -0.054837 1.033587 0.132389
v -0.075686 1.040884 0.113573
v -0.090350 1.060248 0.090350
v -0.095727 1.067124 0.074816
v 0.007688 1.119774 0.099014
v 0.037428 1.125475 0.090359
v -0.083375 1.080246 0.083375
v -0.000000 1.118265 0.101267
v -0.041172 1.103057 0.099398
v 0.062283 1.082539 0.096054
v 0.051966 1.125501 0.080797
v 0.065916 1.067124 0.101574
v 0.083990 1.011279 0.128897
v -0.030399 1.020880 0.145062
v -0.000000 1.023630 0.149711
v 0.058322 1.018339 0.140802
v -0.054837 1.033587 0.132389
v -0.075686 1.040884 0.113573
v -0.090350 1.060248 0.090350
v -0.095727 1.067124 0.074816
v 0.007688 1.119774 0.099014
v 0.037428 1.125475 0.090359
v -0.000000 1.118265 0.101267
v -0.041172 1.103057 0.099398
v -0.083375 1.080246 0.083375
vn 0.8281 -0.0002 -0.5605
vn 0.8306 -0.0036 -0.5569
vn -0.0002 -0.8603 0.5098
vn -0.5654 -0.7542 0.3340
vn -0.8079 -0.5891 0.0189
vn -0.8132 -0.5817 -0.0184
vn -0.1996 0.0009 -0.9799
vn -0.3893 0.4609 -0.7975
vn -0.2909 0.8496 -0.4399
vn -0.3232 0.8436 -0.4288
vn 0.3472 0.5126 0.7853
vn 0.3397 0.4604 0.8202
vn -0.0000 0.4618 0.8870
vn -0.0000 0.5139 0.8578
vn 0.4735 0.5060 0.7209
vn 0.4900 0.4509 0.7460
vn 0.3611 0.3999 0.8424
vn 0.5046 0.3940 0.7682
vn 0.0358 0.4008 0.9155
vn 0.1864 0.3940 0.9000
vn -0.7522 0.4360 0.4941
vn -0.5584 0.5128 0.6521
vn -0.6272 0.4618 0.6272
vn -0.5876 0.3997 0.7036
vn -0.2898 0.5123 0.8084
vn -0.3397 0.4604 0.8202
vn -0.4735 0.5060 0.7209
vn -0.1749 0.5060 0.8446
vn -0.3045 0.3995 0.8647
vt 1.000000 1.000000
vt 0.000000 0.000000
vt 0.488077 0.000000
vt 1.000000 0.417579
vt 0.417579 0.417579
vt 0.537542 0.477709
vt 1.000000 0.695030
vt 1.000000 0.655823
vt 0.695030 0.695030
vt 0.758922 0.666385
vt 0.914047 0.644795
vt 1.000000 0.439492
vt 0.655823 0.655823
vt 0.826694 0.533611
vt 0.795331 0.000000
vt 1.000000 0.000000
vt 0.439492 0.439492
vt 0.641780 0.161739
vt 0.809767 0.304642
vt 1.000000 0.511922
vt 0.487467 0.000000
vt 0.494207 0.456954
vt 0.487467 0.487467
vt 0.204669 0.000000
vt 0.297540 0.074964
vt 0.441493 0.276734
vt 0.382339 0.344127
vt 0.389741 0.368531
vt 0.365361 0.376161
vt 0.357684 0.354746
vt 0.394259 0.336781
vt 0.401142 0.365190
vt 0.382339 0.344127
vt 0.400709 0.404591
vt 0.401142 0.365189
vt 0.404191 0.374665
vt 0.411666 0.401381
vt 0.376471 0.407391
vt 0.400709 0.404591
vt 0.382022 0.406638
vt 0.311274 0.399241
vt 0.316736 0.392329
vt 0.318290 0.395566
vt 0.321856 0.403180
vt 0.311274 0.399241
vt 0.334950 0.369489
vt 0.341678 0.385652
vt 0.323725 0.378387
vt 0.357684 0.354746
vt 0.334950 0.369489
vt 0.343253 0.358992
vt 0.350444 0.407044
vt 0.321856 0.403180
vt 0.350444 0.407044
s 0
f 4326/5787/3055 4325/5788/3055 4349/5789/3055 4348/5790/3055
f 4326/5787/3056 4348/5791/3056 4350/5792/3056 4351/5793/3056
f 4352/5794/3057 4326/5787/3057 4351/5795/3057 4354/5796/3057 4353/5797/3057
f 4356/5798/3058 4326/5787/3058 4352/5799/3058 4355/5800/3058
f 4358/5801/3059 4324/5802/3059 4326/5787/3059 4356/5803/3059 4357/5804/3059
f 4324/5788/3060 4327/5802/3060 4326/5787/3060
f 4327/5788/3061 4325/5802/3061 4326/5787/3061
f 4327/5788/3062 4324/5802/3062 4325/5787/3062
f 4360/5805/3063 4349/5806/3063 4325/5787/3063 4324/5788/3063 4359/5807/3063
f 4361/5808/3064 4359/5809/3064 4324/5788/3064 4358/5810/3064 4363/5811/3064 4362/5812/3064
s 1
f 4337/5813/3065 4328/5814/3066 4330/5815/3067 4338/5816/3068
f 4334/5817/3069 4335/5818/3070 4328/5814/3066 4337/5819/3065
f 4344/5820/3071 4328/5814/3066 4335/5821/3070 4332/5822/3072 4333/5823/3072
f 4346/5824/3073 4330/5815/3067 4328/5814/3066 4344/5825/3071 4343/5826/3074
f 4342/5827/3075 4341/5828/3076 4331/5829/3077
f 4345/5830/3078 4342/5831/3075 4331/5829/3077
f 4339/5832/3079 4329/5833/3080 4331/5829/3077 4341/5828/3076 4340/5834/3081
f 4338/5835/3068 4330/5815/3067 4329/5833/3080 4339/5836/3079 4336/5837/3082
f 4347/5838/3083 4329/5833/3080 4330/5815/3067 4346/5824/3073
f 4345/5839/3078 4331/5829/3077 4329/5833/3080 4347/5840/3083
o Circle_cell.080
v -0.026891 1.763592 0.069688
v -0.000000 1.774241 0.073022
v -0.000000 1.759934 0.081927
v -0.011755 1.780152 0.082290
v -0.004104 1.787223 0.074043
v -0.009300 1.781924 0.072204
v -0.005136 1.786901 0.084594
v -0.016558 1.774241 0.069593
v -0.013558 1.745461 0.077669
v -0.025772 1.759934 0.076590
v -0.011362 1.746131 0.068320
v -0.001439 1.732090 0.078839
v 0.012259 1.721531 0.066079
v -0.000000 1.733529 0.069620
v 0.014150 1.716633 0.074956
v 0.015405 1.776650 0.081049
v 0.013237 1.774241 0.070281
v 0.013195 1.768910 0.069844
v 0.015198 1.765497 0.079549
v 0.009106 1.783121 0.083249
v 0.008194 1.783323 0.072634
v -0.000000 1.791526 0.086298
v -0.000000 1.790920 0.075426
v 0.014463 1.728317 0.075836
v 0.012707 1.737897 0.067353
v 0.015050 1.759934 0.078810
v -0.004104 1.787223 0.074043
v -0.009300 1.781924 0.072204
v -0.011755 1.780152 0.082290
v -0.005136 1.786901 0.084594
v -0.016558 1.774241 0.069593
v -0.013558 1.745461 0.077669
v -0.025772 1.759934 0.076590
v -0.001439 1.732090 0.078839
v -0.011362 1.746131 0.068320
v -0.000000 1.733529 0.069620
v 0.012259 1.721531 0.066079
v 0.015405 1.776650 0.081049
v 0.015198 1.765497 0.079549
v 0.013237 1.774241 0.070281
v 0.013195 1.768910 0.069844
v 0.009106 1.783121 0.083249
v -0.000000 1.790920 0.075426
v -0.000000 1.791526 0.086298
v 0.014150 1.716633 0.074956
v 0.014463 1.728317 0.075836
v 0.012707 1.737897 0.067353
v 0.015050 1.759934 0.078810
v -0.026891 1.763592 0.069688
v 0.008194 1.783323 0.072634
vn -0.7050 0.7076 -0.0473
vn -0.7763 0.6190 0.1190
vn -0.7376 -0.6388 -0.2190
vn -0.7141 -0.6661 -0.2154
vn 0.9799 0.0087 -0.1992
vn 0.7706 0.6130 -0.1742
vn -0.6609 0.7493 -0.0417
vn 0.9769 -0.0101 -0.2136
vn 0.9794 0.0008 -0.2019
vn 0.6707 0.7405 -0.0424
vn 0.0803 -0.1004 0.9917
vn -0.0023 -0.1207 0.9927
vn -0.2014 -0.1166 0.9725
vn -0.2018 -0.0977 0.9745
vn 0.1670 -0.0785 0.9828
vn 0.1728 -0.0903 0.9808
vn 0.1907 -0.1201 0.9743
vn -0.0015 -0.1370 0.9906
vn -0.2010 -0.1342 0.9704
vn -0.0165 0.1102 -0.9938
vn 0.1530 0.0878 -0.9843
vn 0.2008 0.1398 -0.9696
vn 0.0017 0.1427 -0.9898
vn 0.1365 0.0700 -0.9882
vn -0.1213 0.0796 -0.9894
vn -0.2017 0.1047 -0.9738
vn -0.2008 0.1398 -0.9696
vn -0.2021 0.0816 -0.9760
vn 0.2010 -0.1342 0.9704
vt 0.898893 0.000000
vt 1.000000 0.096207
vt 1.000000 0.122504
vt 0.871357 0.000000
vt 1.000000 0.000000
vt 1.000000 0.019453
vt 0.122504 0.122504
vt 0.096207 0.096207
vt 0.484175 0.050524
vt 0.019453 0.019453
vt 0.052194 0.000000
vt 1.000000 0.133084
vt 1.000000 0.156205
vt 0.733588 0.000000
vt 0.426511 0.090656
vt 0.156205 0.156205
vt 0.133084 0.133084
vt 0.388039 0.071868
vt 0.625854 0.000000
vt 1.000000 0.139319
vt 0.864547 0.000000
vt 0.889257 0.000000
vt 1.000000 0.113256
vt 0.139319 0.139319
vt 0.113256 0.113256
vt 0.118075 0.000000
vt 0.145153 0.000000
vt 1.000000 0.101107
vt 1.000000 0.128643
vt 0.135063 0.000000
vt 0.331478 0.001881
vt 0.701362 0.000000
vt 1.000000 0.266412
vt 1.000000 0.374146
vt 0.581141 0.000000
vt 0.701362 0.701362
vt 0.581141 0.581141
vt 0.110743 0.000000
vt 0.135453 0.000000
vt 0.220623 0.106116
vt 0.283455 0.283455
vt 0.119841 0.119841
vt 1.000000 0.854847
vt 1.000000 0.881925
vt 0.502660 0.836748
vt 0.505243 0.851283
vt 0.492230 0.853817
vt 0.496819 0.845135
vt 0.502459 0.835781
vt 0.508630 0.826111
vt 0.510769 0.835446
vt 0.513024 0.850180
vt 0.507688 0.866321
vt 0.505014 0.864547
vt 0.501353 0.861928
vt 0.513055 0.906122
vt 0.506082 0.907194
vt 0.508673 0.903411
vt 0.510580 0.900767
vt 0.512174 0.898860
vt 0.502883 0.910952
vt 0.506082 0.907194
vt 0.514316 0.921053
vt 0.509154 0.917164
vt 0.518767 0.905799
vt 0.512852 0.899237
vt 0.516180 0.901925
vt 0.518912 0.907756
vt 0.519636 0.919146
vt 0.519903 0.925169
vt 0.513337 0.852880
vt 0.513976 0.858283
vt 0.511314 0.861794
s 0
f 4390/5841/3084 4391/5842/3084 4392/5843/3084 4393/5844/3084
f 4412/5845/3085 4396/5846/3085 4392/5847/3085 4391/5848/3085 4394/5849/3085
f 4396/5850/3086 4412/5851/3086 4398/5852/3086 4395/5853/3086
f 4408/5854/3087 4397/5855/3087 4395/5856/3087 4398/5857/3087 4399/5858/3087 4400/5859/3087
f 4401/5860/3088 4402/5861/3088 4404/5862/3088 4403/5863/3088
f 4401/5864/3089 4403/5865/3089 4413/5866/3089 4405/5867/3089
f 4390/5868/3090 4393/5869/3090 4407/5870/3090 4406/5871/3090
f 4409/5872/3091 4408/5873/3091 4400/5874/3091 4410/5875/3091
f 4409/5876/3092 4410/5877/3092 4404/5878/3092 4402/5879/3092 4411/5880/3092
f 4406/5881/3093 4407/5882/3093 4405/5883/3093 4413/5884/3093
s 1
f 4375/5885/3094 4366/5886/3095 4373/5887/3096 4372/5888/3097
f 4375/5889/3094 4378/5890/3098 4387/5891/3099
f 4366/5886/3095 4375/5885/3094 4387/5891/3099 4389/5892/3100
f 4373/5887/3096 4366/5886/3095 4385/5893/3101 4370/5894/3102 4367/5895/3102
f 4365/5896/3103 4371/5897/3104 4369/5898/3105 4368/5899/3105 4386/5900/3106
f 4364/5901/3107 4371/5902/3104 4365/5896/3103 4377/5903/3108 4374/5904/3107
f 4380/5905/3109 4365/5896/3103 4386/5906/3106 4384/5907/3110
f 4377/5903/3108 4365/5896/3103 4380/5905/3109 4381/5908/3111 4388/5909/3111 4376/5910/3111
f 4385/5893/3101 4366/5886/3095 4389/5892/3100 4382/5911/3112 4379/5912/3112 4383/5913/3112
o Circle_cell.081
v -0.088512 0.147894 0.213686
v 0.000119 0.431539 0.016646
v 0.038390 0.253846 0.203752
v -0.028135 0.418427 0.038558
v 0.000443 0.435441 0.007274
v -0.000944 0.418442 0.001077
v 0.001355 0.427312 0.002719
v 0.000000 0.147894 0.232017
v -0.164061 0.147894 0.164061
v -0.122796 0.261968 0.296455
v -0.202556 0.204931 0.202556
v -0.109280 0.204931 0.263825
v 0.000000 0.204931 0.286457
v 0.047892 0.191549 0.263766
v 0.025338 0.147894 0.226770
v -0.030504 0.147894 0.073770
v -0.178366 0.147894 0.142283
v -0.188557 0.158432 0.144708
v -0.218776 0.241860 0.218776
v -0.209691 0.204931 0.191693
v -0.222347 0.268704 0.235086
v -0.221946 0.261968 0.231328
v -0.185226 0.298695 0.277376
v -0.100746 0.296310 0.318523
v -0.129096 0.294375 0.311666
v 0.049528 0.195294 0.267001
v 0.035704 0.201664 0.275945
v -0.056501 0.261968 0.310185
v 0.000000 0.220025 0.295833
v 0.020292 0.209293 0.284964
v 0.028500 0.204931 0.280555
v 0.025338 0.147894 0.226770
v -0.030504 0.147894 0.073770
v 0.047892 0.191549 0.263766
v -0.178366 0.147894 0.142283
v -0.188557 0.158432 0.144708
v -0.209691 0.204931 0.191693
v -0.218776 0.241860 0.218776
v -0.222347 0.268704 0.235086
v -0.221946 0.261968 0.231328
v -0.100746 0.296310 0.318523
v -0.129096 0.294375 0.311666
v 0.049528 0.195294 0.267001
v 0.035704 0.201664 0.275945
v -0.185226 0.298695 0.277376
v 0.000000 0.220025 0.295833
v 0.020292 0.209293 0.284964
v -0.056501 0.261968 0.310185
v 0.028500 0.204931 0.280555
vn -0.6780 0.3000 -0.6710
vn 0.9275 -0.1798 -0.3277
vn 0.9221 -0.1912 -0.3365
vn -0.4124 -0.1941 -0.8901
vn -0.7763 0.2380 -0.5837
vn -0.1529 0.9201 0.3607
vn -0.1505 0.9199 0.3623
vn -0.0971 0.9200 0.3797
vn 0.8944 0.4011 0.1980
vn 0.9879 0.1435 -0.0582
vn 0.9446 -0.1412 -0.2962
vn 0.6041 0.6350 0.4815
vn -0.6190 0.7852 -0.0135
vn 0.5952 0.6408 0.4850
vn 0.5990 0.6382 0.4836
vn -0.1815 -0.4465 0.8762
vn -0.3411 -0.4529 0.8237
vn -0.3340 -0.4880 0.8064
vn -0.1753 -0.5026 0.8465
vn -0.4791 -0.4883 0.7294
vn -0.4912 -0.4465 0.7479
vn 0.0903 -0.8955 0.4358
vn -0.0000 -0.9005 0.4349
vn -0.1655 -0.9016 0.3996
vn -0.3075 -0.9005 0.3075
vn -0.3724 -0.8952 0.2446
vn -0.0000 -1.0000 -0.0000
vn -0.5625 -0.6059 0.5625
vn -0.4934 -0.5222 0.6956
vn -0.6525 -0.6249 0.4286
vn -0.0705 -0.5263 0.8473
vn -0.0000 -0.6059 0.7955
vn 0.1527 -0.6578 0.7375
vn 0.1733 -0.5197 0.8366
vn -0.3046 -0.6053 0.7354
vn 0.1482 -0.6828 0.7154
vn -0.6106 -0.6828 0.4011
vn -0.7796 0.2691 -0.5655
vt 0.000000 0.000000
vt 1.000000 0.000000
vt 1.000000 1.000000
vt 1.000000 0.292632
vt 1.000000 0.154716
vt 0.292632 0.292632
vt 0.463493 0.155872
vt 1.000000 0.188070
vt 0.154716 0.154716
vt 0.909200 0.155116
vt 1.000000 0.451499
vt 0.188070 0.188070
vt 0.588338 0.305987
vt 0.870311 0.403476
vt 1.000000 0.340244
vt 1.000000 0.242560
vt 0.340244 0.340244
vt 0.788813 0.259390
vt 0.247883 0.000000
vt 0.374951 0.000000
vt 1.000000 0.289972
vt 0.374951 0.374951
vt 0.335251 0.000000
vt 0.371389 0.000000
vt 1.000000 0.517580
vt 0.333282 0.000000
vt 1.000000 0.752117
vt 0.750936 0.481395
vt 0.435129 0.129142
vt 0.664750 0.000000
vt 0.333282 0.333282
vt 0.508267 0.155457
vt 0.256806 0.152458
vt 0.249077 0.154453
vt 0.245523 0.145052
vt 0.264011 0.138896
vt 0.213988 0.158231
vt 0.249077 0.154453
vt 0.233132 0.162466
vt 0.215394 0.159873
vt 0.811679 0.020149
vt 0.705518 0.163825
vt 0.680669 0.138975
vt 0.666711 0.106724
vt 0.666711 0.096594
vt 0.696954 0.155261
vt 0.204249 0.140143
vt 0.209388 0.152342
vt 0.200383 0.141814
vt 0.275114 0.119400
vt 0.273440 0.114273
vt 0.282455 0.111500
vt 0.280248 0.113803
vt 0.213474 0.157588
vt 0.238092 0.125355
vt 0.227519 0.097462
vt 0.265057 0.087049
vt 0.192858 0.114146
vt 0.282455 0.111500
vt 0.275246 0.084214
vt 0.287841 0.103845
vt 0.288271 0.104755
vt 0.284376 0.109219
vt 0.183300 0.118548
vt 0.200383 0.141814
vt 0.183721 0.124081
vt 0.459117 0.336339
vt 0.482420 0.000000
s 0
f 4418/5914/3113 4420/5915/3113 4419/5916/3113
f 4447/5917/3114 4419/5916/3114 4420/5914/3114
f 4446/5918/3115 4419/5916/3115 4447/5919/3115 4445/5920/3115
f 4449/5921/3116 4419/5916/3116 4446/5922/3116 4448/5923/3116
f 4435/5924/3117 4419/5916/3117 4449/5925/3117 4450/5926/3117 4451/5927/3117
f 4417/5914/3118 4458/5928/3118 4418/5916/3118
f 4454/5929/3119 4418/5916/3119 4458/5930/3119 4455/5931/3119
f 4454/5932/3120 4415/5915/3120 4418/5916/3120
f 4415/5914/3121 4416/5915/3121 4418/5916/3121
f 4416/5914/3122 4420/5915/3122 4418/5916/3122
f 4416/5914/3123 4456/5933/3123 4447/5934/3123 4420/5916/3123
f 4456/5935/3124 4416/5914/3124 4457/5936/3124
f 4458/5937/3125 4417/5915/3125 4434/5938/3125
f 4460/5939/3126 4415/5915/3126 4454/5940/3126 4461/5941/3126 4459/5942/3126
f 4457/5943/3127 4416/5915/3127 4415/5916/3127 4460/5944/3127 4462/5945/3127
s 1
f 4437/5946/3128 4438/5947/3129 4423/5948/3130 4441/5949/3131
f 4453/5950/3132 4423/5948/3130 4438/5951/3129 4436/5952/3133 4452/5953/3133
f 4428/5954/3134 4421/5955/3135 4414/5956/3136 4422/5957/3137 4430/5958/3138 4429/5959/3139
f 4424/5960/3140 4432/5961/3141 4433/5962/3142
f 4442/5963/3143 4426/5964/3144 4444/5965/3145 4443/5966/3146
f 4453/5967/3132 4432/5961/3141 4424/5960/3140 4425/5968/3147 4423/5948/3130
f 4423/5948/3130 4425/5968/3147 4426/5964/3144 4442/5963/3143 4441/5949/3131
f 4414/5969/3136 4421/5970/3135 4426/5964/3144 4425/5968/3147
f 4414/5969/3136 4425/5968/3147 4424/5960/3140 4422/5971/3137
f 4444/5972/3145 4426/5964/3144 4421/5970/3135 4428/5973/3134 4427/5974/3148 4439/5975/3148 4440/5976/3148
f 4430/5977/3138 4422/5971/3137 4424/5960/3140 4433/5978/3142 4431/5979/3149
s 0
f 4417/5914/3150 4418/5915/3150 4419/5916/3150 4435/5980/3150 4434/5981/3150
o Circle_cell.082
v -0.002545 0.683290 -0.018646
v 0.058015 0.779786 0.010860
v 0.001515 0.702736 -0.000770
v -0.019633 0.761258 -0.106958
v 0.015910 0.779804 0.014290
v 0.001281 0.805357 -0.000564
v 0.010839 0.774335 0.013537
v 0.090371 0.872857 -0.218174
v 0.167507 0.872857 -0.167507
v 0.195673 0.799791 -0.195673
v 0.074666 0.883652 -0.215289
v 0.063440 0.872857 -0.223752
v 0.048280 0.858272 -0.234843
v 0.114001 0.919638 -0.171488
v 0.085788 0.893985 -0.207110
v 0.147208 0.923343 -0.147208
v 0.195254 0.916107 -0.081401
v 0.210776 0.892906 -0.071048
v 0.213601 0.881590 -0.088476
v 0.213088 0.872857 -0.098114
v 0.204864 0.777360 -0.199891
v 0.207743 0.799791 -0.177298
v 0.204274 0.773067 -0.204274
v 0.202355 0.767221 -0.208652
v 0.048782 0.846148 -0.241348
v 0.148965 0.799791 -0.226353
v 0.099664 0.828174 -0.240609
v 0.042563 0.848415 -0.241401
v 0.203496 0.904384 -0.074684
v 0.063440 0.872857 -0.223752
v 0.048280 0.858272 -0.234843
v 0.074666 0.883652 -0.215289
v 0.085788 0.893985 -0.207110
v 0.114001 0.919638 -0.171488
v 0.147208 0.923343 -0.147208
v 0.213601 0.881590 -0.088476
v 0.213088 0.872857 -0.098114
v 0.210776 0.892906 -0.071048
v 0.195254 0.916107 -0.081401
v 0.204864 0.777360 -0.199891
v 0.207743 0.799791 -0.177298
v 0.204274 0.773067 -0.204274
v 0.202355 0.767221 -0.208652
v 0.148965 0.799791 -0.226353
v 0.048782 0.846148 -0.241348
v 0.099664 0.828174 -0.240609
v 0.042563 0.848415 -0.241401
v 0.203496 0.904384 -0.074684
vn -0.7009 0.7130 0.0204
vn -0.6911 0.7223 0.0272
vn -0.3519 0.8687 0.3487
vn -0.3497 0.8687 0.3509
vn 0.6711 -0.5728 0.4707
vn -0.2565 -0.7511 -0.6084
vn -0.2672 -0.7475 -0.6082
vn -0.8487 0.5264 -0.0514
vn -0.9814 0.0023 0.1920
vn -0.9745 -0.0027 0.2242
vn -0.8308 -0.0030 0.5565
vn -0.4167 0.2666 0.8691
vn 0.0543 0.5249 0.8494
vn 0.1069 0.4749 0.8735
vn 0.0794 -0.2055 0.9754
vn 0.0760 -0.2049 0.9758
vn 0.4877 0.4593 -0.7424
vn 0.6333 0.4449 -0.6333
vn 0.5597 0.4116 -0.7193
vn 0.5015 0.4071 -0.7634
vn 0.7634 0.4071 -0.5015
vn 0.7450 0.4534 -0.4893
vn 0.3347 0.4849 -0.8080
vn 0.6180 0.4860 -0.6180
vn 0.3832 0.4769 -0.7910
vn 0.1789 0.4709 -0.8638
vn 0.1785 0.4748 -0.8618
vn 0.3974 0.4919 -0.7747
vn 0.1772 0.4865 -0.8555
vn 0.4797 0.4865 -0.7302
vn 0.6147 0.4943 -0.6146
vn 0.7322 0.4822 -0.4810
vn 0.7700 0.4920 -0.4062
vn 0.7699 0.4920 -0.4065
vn 0.8529 0.4889 -0.1831
vn 0.6736 -0.5654 0.4759
vt 0.124778 0.000000
vt 1.000000 0.000000
vt 1.000000 0.513770
vt 0.626320 0.294687
vt 0.513770 0.513770
vt 0.000000 0.000000
vt 0.408951 0.000000
vt 0.494195 0.389391
vt 0.996400 0.347117
vt 0.591049 0.000000
vt 0.350008 0.350008
vt 0.512419 0.000000
vt 1.000000 0.486649
vt 0.715474 0.488463
vt 0.487667 0.487667
vt 0.486649 0.486649
vt 0.892247 0.000000
vt 0.802271 0.154208
vt 0.655523 0.313055
vt 1.000000 0.833572
vt 0.892247 0.892247
vt 0.833572 0.833572
vt 1.000000 0.875222
vt 1.000000 1.000000
vt 0.515467 0.000000
vt 1.000000 0.487581
vt 1.000000 0.473506
vt 0.515467 0.515467
vt 0.532819 0.227553
vt 0.514084 0.227826
vt 0.513335 0.218677
vt 0.514668 0.216630
vt 0.512369 0.220276
vt 0.507141 0.228522
vt 0.548650 0.257122
vt 0.515136 0.255898
vt 0.549615 0.238884
vt 0.566383 0.253307
vt 0.559138 0.258549
vt 0.549615 0.238884
vt 0.567292 0.248235
vt 0.569474 0.249452
vt 0.547572 0.266521
vt 0.553339 0.262659
vt 0.547573 0.266521
vt 0.530980 0.277161
vt 0.514931 0.277850
vt 0.486164 0.257871
vt 0.514794 0.277844
vt 0.484274 0.276214
vt 0.483205 0.261796
vt 0.486164 0.257871
vt 0.478123 0.267176
vt 0.480635 0.271806
vt 1.000000 0.487667
vt 0.620451 0.443144
vt 0.429922 0.315974
vt 0.431309 0.361098
vt 0.423422 0.423422
s 0
f 4493/5982/3151 4468/5983/3151 4494/5984/3151 4492/5985/3151
f 4494/5986/3152 4468/5987/3152 4496/5988/3152 4495/5989/3152
f 4497/5990/3153 4496/5991/3153 4468/5983/3153
f 4497/5992/3154 4468/5987/3154 4501/5993/3154
f 4505/5994/3155 4504/5995/3155 4502/5996/3155 4465/5987/3155 4463/5983/3155
f 4505/5997/3156 4463/5987/3156 4507/5998/3156 4508/5999/3156 4506/6000/3156
f 4466/5983/3157 4509/6001/3157 4507/6002/3157 4463/5987/3157
f 4509/6003/3158 4466/5987/3158 4468/5983/3158 4493/6004/3158
f 4466/5987/3159 4463/5983/3159 4468/6005/3159
f 4463/5987/3160 4465/5983/3160 4468/6005/3160
f 4465/5987/3161 4469/5983/3161 4468/6005/3161
f 4469/5987/3162 4467/5983/3162 4468/6005/3162
f 4510/6006/3163 4501/6007/3163 4468/6005/3163 4467/5987/3163
f 4467/5987/3164 4464/5983/3164 4500/6008/3164 4510/6009/3164
f 4467/5987/3165 4465/5983/3165 4464/6005/3165
f 4467/5987/3166 4469/5983/3166 4465/6005/3166
s 1
f 4488/6010/3167 4472/6011/3168 4485/6012/3169 4486/6013/3170
f 4483/6014/3171 4485/6012/3169 4472/6011/3168 4503/6015/3172
f 4470/6016/3173 4471/6017/3174 4472/6011/3168 4488/6010/3167 4489/6018/3175
f 4475/6019/3176 4474/6020/3177 4470/6016/3173 4489/6021/3175 4487/6022/3176 4490/6023/3176
f 4477/6024/3178 4470/6016/3173 4474/6020/3177 4473/6025/3179
f 4471/6017/3174 4470/6016/3173 4477/6026/3178 4476/6027/3180 4478/6028/3181
f 4499/6029/3182 4503/6015/3172 4472/6011/3168 4471/6017/3174
f 4471/6017/3174 4478/6030/3181 4479/6031/3183 4498/6032/3184 4499/6033/3182
f 4480/6034/3185 4498/6032/3184 4479/6031/3183 4491/6035/3185
s 0
f 4464/5987/3186 4465/5983/3186 4502/6036/3186 4484/6037/3186 4482/6038/3186 4481/6039/3186 4500/6040/3186
o Circle_cell.083
v -0.032505 1.827958 0.078475
v -0.033896 1.819147 0.081832
v -0.061116 1.824999 0.061116
v -0.062067 1.819147 0.063327
v -0.060165 1.811472 0.063764
v -0.042185 1.810697 0.063998
v -0.048991 1.811032 0.071057
v -0.029868 1.810803 0.072107
v -0.033621 1.811164 0.081167
v -0.017349 1.811054 0.084527
v -0.015385 1.810704 0.075092
v -0.054598 1.814529 0.056492
v -0.017521 1.819147 0.085223
v -0.016823 1.827958 0.081723
v -0.060165 1.811472 0.063764
v -0.048991 1.811032 0.071057
v -0.033621 1.811164 0.081167
v -0.017349 1.811054 0.084527
v -0.042185 1.810697 0.063998
v -0.029868 1.810803 0.072107
v -0.015385 1.810704 0.075092
v -0.017521 1.819147 0.085223
v -0.016823 1.827958 0.081723
v -0.062067 1.819147 0.063327
v -0.061116 1.824999 0.061116
v -0.054598 1.814529 0.056492
vn -0.7147 -0.1426 -0.6847
vn -0.0392 -0.9749 -0.2190
vn -0.0138 -0.9993 0.0341
vn -0.7287 -0.2176 -0.6493
vn 0.9791 0.0034 0.2036
vn -0.3786 0.1460 0.9140
vn -0.3812 -0.0898 0.9201
vn -0.2020 -0.0882 0.9754
vn -0.2006 0.1473 0.9685
vn -0.5409 0.1717 0.8234
vn -0.5469 -0.0882 0.8326
vn 0.1894 0.3666 -0.9109
vn 0.3395 0.4051 -0.8489
vn -0.0558 0.9934 0.1002
vn 0.0021 1.0000 -0.0049
vn -0.1207 0.9819 0.1457
vn 0.4788 0.4374 -0.7612
vn 0.5436 0.1398 -0.8276
vt 0.099530 0.099530
vt 0.091212 0.091212
vt 0.088042 0.000000
vt 1.000000 0.116001
vt 0.020734 0.020734
vt 0.000871 0.000871
vt 1.000000 0.098026
vt 0.141566 0.057154
vt 0.116001 0.116001
vt 0.098026 0.098026
vt 0.118530 0.050864
vt 0.126007 0.000000
vt 0.149983 0.000000
vt 1.000000 0.000871
vt 1.000000 0.020734
vt 0.103416 0.103416
vt 0.400196 0.158081
vt 0.273810 0.158972
vt 0.149983 0.149983
vt 0.184917 0.130750
vt 0.495417 0.880744
vt 0.494667 0.877386
vt 0.501612 0.876086
vt 0.502207 0.879538
vt 0.481969 0.883763
vt 0.481815 0.880834
vt 0.487230 0.879242
vt 0.504087 0.889748
vt 0.497663 0.890845
vt 0.496292 0.884629
vt 0.502929 0.883459
vt 0.482831 0.888073
vt 0.484486 0.892527
vt 0.482439 0.886800
vt 0.482026 0.884190
vt 0.491800 0.894062
vt 0.485282 0.894018
vt 0.498002 0.892425
s 0
f 4514/6041/3187 4535/6042/3187 4536/6043/3187
f 4526/6044/3188 4525/6045/3188 4536/6046/3188 4529/6047/3188
f 4527/6048/3189 4526/6049/3189 4529/6050/3189 4530/6051/3189 4531/6052/3189 4528/6053/3189
f 4536/6054/3190 4525/6055/3190 4514/6056/3190
f 4533/6057/3191 4532/6058/3191 4528/6059/3191 4531/6060/3191
s 1
f 4512/6061/3192 4519/6062/3193 4520/6063/3194 4523/6064/3195
f 4512/6061/3192 4534/6065/3196 4515/6066/3197 4517/6067/3197 4519/6062/3193
f 4521/6068/3198 4518/6069/3199 4511/6070/3200 4524/6071/3201
f 4513/6072/3202 4511/6070/3200 4518/6069/3199 4522/6073/3203
f 4512/6061/3192 4511/6070/3200 4513/6074/3202 4534/6075/3196
f 4511/6070/3200 4512/6061/3192 4523/6064/3195 4524/6071/3201
f 4516/6076/3204 4522/6077/3203 4518/6078/3199
o Circle_cell.084
v 0.032505 1.827958 -0.078475
v 0.033896 1.819147 -0.081832
v 0.030072 1.814529 -0.072601
v 0.019831 1.814529 -0.074722
v 0.018014 1.819147 -0.085121
v 0.014309 1.827958 -0.082243
v 0.028532 1.794480 -0.070030
v 0.060539 1.827958 -0.059811
v 0.054949 1.814529 -0.056261
v 0.058649 1.823191 -0.058650
v 0.062117 1.819147 -0.063294
v 0.058690 1.807998 -0.064365
v 0.052628 1.809532 -0.056942
v 0.032912 1.791354 -0.079458
v 0.019831 1.814529 -0.074722
v 0.014309 1.827958 -0.082243
v 0.018014 1.819147 -0.085121
v 0.054949 1.814529 -0.056261
v 0.058649 1.823191 -0.058650
v 0.028532 1.794480 -0.070030
v 0.032912 1.791354 -0.079458
v 0.052628 1.809532 -0.056942
v 0.058690 1.807998 -0.064365
v 0.062117 1.819147 -0.063294
vn -0.8843 -0.4503 -0.1239
vn 0.3030 -0.8536 0.4238
vn 0.1981 0.2133 -0.9567
vn 0.3920 0.1469 -0.9082
vn 0.4395 -0.0914 -0.8936
vn -0.1919 0.3232 0.9267
vn -0.3671 0.2932 0.8828
vn 0.0814 0.9916 -0.1004
vn 0.0298 0.9892 -0.1438
vn -0.2478 0.8542 0.4571
vn 0.0696 0.9972 0.0258
vn -0.5217 0.3124 0.7939
vn 0.5679 0.1715 -0.8050
vn -0.4419 0.1462 0.8850
vn -0.5421 0.1460 0.8275
vn 0.7358 -0.2697 0.6212
vn 0.5463 -0.0898 -0.8328
vt 1.000000 0.742027
vt 0.922431 0.784434
vt 0.851397 0.805941
vt 0.883104 0.769432
vt 1.000000 0.700148
vt 0.756253 0.736616
vt 1.000000 0.877161
vt 1.000000 0.895534
vt 0.757561 0.757561
vt 0.638767 0.904067
vt 0.626748 0.897881
vt 0.637223 0.880784
vt 0.623374 0.918099
vt 0.617713 0.912881
vt 0.623582 0.903927
vt 0.636063 0.913114
vt 0.602842 0.897374
vt 0.604134 0.894408
vt 0.601025 0.903074
vt 0.606619 0.889260
vt 0.604886 0.892369
vt 0.636063 0.913114
vt 0.609435 0.922611
vt 0.600703 0.903862
vt 0.609435 0.922611
vt 0.623374 0.918099
vt 0.120222 0.063104
vt 0.108769 0.094694
vt 0.102758 0.013070
vt 0.102627 0.000000
vt 0.120266 0.000000
vt 0.633821 0.879132
vt 0.606620 0.889260
vt 0.610646 0.883305
s 0
f 4556/6079/3205 4551/6080/3205 4552/6081/3205 4553/6082/3205 4557/6083/3205
f 4557/6084/3206 4559/6085/3206 4558/6086/3206 4556/6087/3206
s 1
f 4541/6088/3207 4538/6089/3208 4550/6090/3209
f 4540/6091/3210 4539/6092/3211 4537/6093/3212 4542/6094/3213
f 4555/6095/3214 4544/6096/3215 4537/6093/3212 4539/6092/3211 4554/6097/3216
f 4560/6098/3217 4538/6089/3208 4537/6093/3212 4544/6096/3215 4555/6099/3214
f 4542/6100/3213 4537/6093/3212 4538/6089/3208 4541/6088/3207
f 4543/6101/3218 4549/6102/3219 4554/6097/3216 4539/6092/3211
f 4543/6103/3218 4539/6092/3211 4540/6104/3210
s 0
f 4547/6105/3220 4546/6106/3220 4545/6107/3220 4558/6108/3220 4559/6109/3220
s 1
f 4550/6110/3209 4538/6089/3208 4560/6111/3217 4548/6112/3221
o Circle_cell.085
v -0.070056 1.762631 -0.029772
v -0.030190 1.732090 -0.072884
v -0.032984 1.792713 -0.079631
v -0.027857 1.774241 -0.067253
v -0.031254 1.759934 -0.075454
v -0.055958 1.732090 -0.055958
v -0.061138 1.792713 -0.061138
v -0.051635 1.774241 -0.051634
v -0.057931 1.759934 -0.057931
v -0.067805 1.786332 -0.049413
v -0.066237 1.792713 -0.053375
v -0.059385 1.794783 -0.045117
v -0.055403 1.811213 -0.055403
v -0.062103 1.807802 -0.062103
v -0.051804 1.825984 -0.064700
v -0.057436 1.819147 -0.066369
v -0.055864 1.715205 -0.053666
v -0.030407 1.716390 -0.059914
v -0.033083 1.715676 -0.069428
v -0.049328 1.716019 -0.046468
v -0.056920 1.716348 -0.034960
v -0.064963 1.715599 -0.039870
v -0.074236 1.759620 -0.033053
v -0.068268 1.732090 -0.037217
v -0.064254 1.774241 -0.032423
v -0.066235 1.766733 -0.028287
v -0.042046 1.814529 -0.064737
v -0.049534 1.819147 -0.071560
v -0.045853 1.813713 -0.073402
v -0.028970 1.794486 -0.069940
v -0.021943 1.785408 -0.070087
v -0.025020 1.782708 -0.079896
v -0.013313 1.774241 -0.070265
v -0.013748 1.768069 -0.080205
v -0.026017 1.716511 -0.062810
v -0.022534 1.716149 -0.073180
v -0.012619 1.716697 -0.075278
v -0.011030 1.717329 -0.065982
v -0.065752 1.759965 -0.028014
v -0.000969 1.742336 -0.070155
v -0.001049 1.732090 -0.078920
v -0.000976 1.756970 -0.071377
v -0.001038 1.750589 -0.080776
v -0.007756 1.759934 -0.080321
v -0.001201 1.717992 -0.068073
v -0.001188 1.717468 -0.077708
v -0.059385 1.794783 -0.045117
v -0.055403 1.811213 -0.055403
v -0.066237 1.792713 -0.053375
v -0.062103 1.807802 -0.062103
v -0.067805 1.786332 -0.049413
v -0.049328 1.716019 -0.046468
v -0.056920 1.716348 -0.034960
v -0.055864 1.715205 -0.053666
v -0.064963 1.715599 -0.039870
v -0.074236 1.759620 -0.033053
v -0.068268 1.732090 -0.037217
v -0.064254 1.774241 -0.032423
v -0.051804 1.825984 -0.064700
v -0.051804 1.825984 -0.064700
v -0.051804 1.825984 -0.064700
v -0.042046 1.814529 -0.064737
v -0.049534 1.819147 -0.071560
v -0.045853 1.813713 -0.073402
v -0.028970 1.794486 -0.069940
v -0.021943 1.785408 -0.070087
v -0.025020 1.782708 -0.079896
v -0.013748 1.768069 -0.080205
v -0.013313 1.774241 -0.070265
v -0.030407 1.716390 -0.059914
v -0.026017 1.716511 -0.062810
v -0.022534 1.716149 -0.073180
v -0.012619 1.716697 -0.075278
v -0.000969 1.742336 -0.070155
v -0.000976 1.756970 -0.071377
v -0.007756 1.759934 -0.080321
v -0.001038 1.750589 -0.080776
v -0.001188 1.717468 -0.077708
v -0.011030 1.717329 -0.065982
v -0.001201 1.717992 -0.068073
v -0.001049 1.732090 -0.078920
v -0.057436 1.819147 -0.066369
v -0.033083 1.715676 -0.069428
v -0.065752 1.759965 -0.028014
v -0.066235 1.766733 -0.028287
v -0.032984 1.792713 -0.079631
vn -0.7302 0.4808 0.4854
vn -0.7298 0.4825 0.4844
vn 0.0605 -0.9965 0.0577
vn 0.0537 -0.9965 0.0639
vn -0.4901 -0.2332 0.8399
vn -0.7280 0.4764 0.4930
vn 0.7073 0.6038 -0.3677
vn 0.7234 0.5693 -0.3905
vn 0.7274 0.5682 -0.3846
vn 0.0647 -0.9963 0.0565
vn 0.0667 -0.9962 0.0568
vn -0.3723 0.0108 0.9280
vn 0.5166 0.2360 0.8231
vn 0.5801 0.2145 0.7858
vn 0.7034 0.1148 0.7014
vn 0.3834 0.1145 0.9165
vn 0.4812 0.1413 0.8651
vn 1.0000 -0.0008 -0.0071
vn 0.7422 0.5533 -0.3782
vn 0.0786 -0.9954 0.0542
vn -0.8324 -0.0897 -0.5468
vn -0.7018 -0.0948 -0.7061
vn -0.7160 -0.0887 -0.6925
vn -0.8332 -0.0790 -0.5473
vn -0.7021 -0.1187 -0.7022
vn -0.8304 -0.1132 -0.5456
vn -0.2258 -0.0904 -0.9700
vn -0.4259 -0.0952 -0.8997
vn -0.3763 -0.0969 -0.9214
vn -0.2136 -0.0941 -0.9724
vn -0.3800 -0.1183 -0.9174
vn -0.2016 -0.1087 -0.9734
vn -0.2018 -0.0977 -0.9745
vn -0.4814 -0.1214 -0.8681
vn -0.2010 -0.1342 -0.9704
vn -0.7025 -0.1132 -0.7026
vn -0.6031 -0.0892 -0.7927
vn -0.5432 0.1448 -0.8270
vn -0.5457 0.1103 -0.8307
vn -0.5469 -0.0882 -0.8326
vn -0.8281 -0.1341 -0.5442
vn -0.8297 -0.1195 -0.5452
vn 0.4605 0.3898 0.7975
vn -0.4590 0.5487 -0.6987
vn 0.8276 0.1398 0.5436
vn 0.8316 0.1003 0.5462
vn 0.8330 0.0816 0.5472
vn 0.7124 0.0859 0.6965
vn 0.2018 0.0989 0.9744
vn 0.2008 0.1398 0.9696
vn 0.3923 0.0860 0.9158
vn 0.5588 0.0870 0.8247
vn 0.2021 0.0816 0.9760
vn 1.0000 -0.0094 0.0018
vt 1.000000 0.065273
vt 0.967637 0.075692
vt 0.767853 0.023106
vt 0.682243 0.000000
vt 0.755921 0.000000
vt 0.090878 0.000000
vt 0.091533 0.037699
vt 0.083088 0.083088
vt 0.066855 0.057695
vt 0.991887 0.101501
vt 0.855045 0.000000
vt 0.878350 0.000000
vt 1.000000 0.088735
vt 0.088735 0.088735
vt 0.312976 0.000000
vt 0.375167 0.000000
vt 0.106369 0.106369
vt 1.000000 0.000000
vt 1.000000 0.055208
vt 0.607742 0.254138
vt 0.375167 0.375167
vt 0.312976 0.312976
vt 0.916545 0.000000
vt 0.000000 0.000000
vt 0.118862 0.000000
vt 0.269905 0.040314
vt 1.000000 0.244079
vt 1.000000 0.317757
vt 0.055208 0.055208
vt 1.000000 0.912801
vt 0.152310 0.000000
vt 0.171769 0.000000
vt 0.526482 0.386072
vt 0.186837 0.060462
vt 0.171769 0.171769
vt 0.152310 0.152310
vt 0.163517 0.053128
vt 0.163894 0.000000
vt 0.187433 0.000000
vt 0.373359 0.000000
vt 0.187433 0.187433
vt 0.163894 0.163894
vt 0.326580 0.000000
vt 0.891659 0.096951
vt 0.687793 0.000000
vt 0.859964 0.059603
vt 1.000000 0.121649
vt 0.687793 0.687793
vt 0.673013 0.000000
vt 0.718835 0.000000
vt 0.734629 0.734629
vt 1.000000 0.943502
vt 1.000000 1.000000
vt 0.939319 0.939319
vt 0.429449 0.925072
vt 0.436552 0.920770
vt 0.448121 0.934106
vt 0.439291 0.943052
vt 0.431681 0.936432
vt 1.000000 0.445183
vt 0.296050 0.296050
vt 0.203574 0.203574
vt 1.000000 0.370244
vt 1.000000 0.626641
vt 1.000000 0.673420
vt 0.445183 0.445183
vt 0.370244 0.370244
vt 0.704381 0.507008
vt 1.000000 0.326987
vt 0.235627 0.000000
vt 0.342723 0.000000
vt 1.000000 0.281165
vt 0.416569 0.863381
vt 0.404268 0.868741
vt 0.401248 0.857927
vt 0.410726 0.854301
vt 0.411708 0.883664
vt 0.416569 0.863381
vt 0.426487 0.876324
vt 0.364701 0.875440
vt 0.371951 0.871844
vt 0.378111 0.868651
vt 0.382553 0.866354
vt 0.386515 0.876811
vt 0.368079 0.885174
vt 0.385047 0.865316
vt 0.400322 0.858279
vt 0.394956 0.892747
vt 0.381390 0.900674
vt 0.374381 0.897012
vt 0.405622 0.909501
vt 0.398698 0.907081
vt 0.387748 0.903149
vt 0.405745 0.909409
vt 0.420873 0.899324
vt 0.425286 0.907064
vt 0.425836 0.912179
vt 0.422188 0.915066
vt 0.418997 0.914034
vt 0.426487 0.876325
vt 0.425066 0.892960
vt 0.424884 0.897001
vt 0.424884 0.897001
vt 0.425127 0.905538
vt 0.428177 0.917663
vt 0.434804 0.920218
vt 0.429449 0.925072
vt 0.426781 0.916164
vt 0.425836 0.912179
vt 0.445403 0.923900
vt 0.455942 0.927919
vt 0.436552 0.920770
vt 0.460992 0.931220
vt 0.468066 0.946320
vt 0.463761 0.950135
vt 0.459686 0.929415
vt 0.435351 0.948408
vt 0.433074 0.942006
vt 0.456845 0.957260
vt 0.463761 0.950135
vt 0.458091 0.955948
vt 0.435351 0.948408
vt 0.455587 0.958819
vt 0.452686 0.962423
vt 0.450746 0.964907
vt 0.442572 0.959812
vt 0.437685 0.956710
vt 0.235627 0.235627
vt 1.000000 0.203574
vt 1.000000 0.296050
vt 0.342723 0.342723
s 0
f 4608/6113/3222 4610/6114/3222 4609/6115/3222 4611/6116/3222 4607/6117/3222
f 4620/6118/3223 4576/6119/3223 4610/6120/3223 4608/6121/3223
f 4614/6122/3224 4643/6123/3224 4630/6124/3224 4612/6125/3224
f 4612/6126/3225 4613/6127/3225 4615/6128/3225 4614/6129/3225
f 4561/6130/3226 4616/6131/3226 4617/6132/3226 4615/6133/3226 4613/6134/3226 4644/6135/3226
f 4561/6136/3227 4645/6137/3227 4618/6138/3227 4607/6139/3227 4611/6140/3227 4616/6141/3227
f 4619/6142/3228 4622/6143/3228 4624/6144/3228 4623/6145/3228
f 4563/6146/3229 4624/6147/3229 4622/6148/3229 4625/6149/3229 4626/6150/3229 4627/6151/3229
f 4628/6152/3230 4627/6153/3230 4626/6154/3230 4629/6155/3230
f 4643/6156/3231 4632/6157/3231 4631/6158/3231 4630/6159/3231
f 4632/6160/3232 4633/6161/3232 4639/6162/3232 4631/6163/3232
f 4645/6164/3233 4561/6165/3233 4644/6166/3233
s 1
f 4587/6167/3234 4573/6168/3235 4568/6169/3236 4564/6170/3237 4590/6171/3238
s 0
f 4635/6172/3239 4634/6173/3239 4601/6174/3239 4637/6175/3239
f 4628/6176/3240 4629/6177/3240 4635/6178/3240 4637/6179/3240 4636/6180/3240
f 4633/6181/3241 4638/6182/3241 4640/6183/3241 4639/6184/3241
s 1
f 4584/6185/3242 4566/6186/3243 4577/6187/3244 4582/6188/3245
f 4569/6189/3246 4566/6186/3243 4584/6190/3242 4583/6191/3247
f 4606/6192/3248 4597/6193/3248 4596/6194/3248 4579/6195/3249 4562/6196/3250 4641/6197/3251
f 4566/6186/3243 4562/6196/3250 4579/6198/3249 4577/6199/3244
f 4562/6196/3250 4566/6186/3243 4569/6189/3246 4565/6200/3252
f 4562/6196/3250 4565/6200/3252 4604/6201/3253 4603/6202/3254 4641/6197/3251
f 4604/6201/3253 4565/6200/3252 4646/6203/3255 4592/6204/3256 4594/6205/3256
f 4646/6206/3255 4565/6200/3252 4569/6189/3246 4567/6207/3257
f 4646/6206/3255 4567/6207/3257 4574/6208/3258 4642/6209/3259 4588/6210/3260 4589/6211/3261
f 4567/6207/3257 4569/6189/3246 4583/6212/3247 4570/6213/3262 4571/6214/3263
f 4567/6207/3257 4571/6215/3263 4574/6216/3258
f 4621/6217/3264 4573/6218/3235 4587/6219/3234
f 4575/6220/3265 4588/6210/3260 4642/6221/3259
f 4572/6222/3266 4585/6223/3267 4568/6169/3236 4573/6224/3235
f 4599/6225/3268 4581/6226/3268 4580/6227/3269 4568/6169/3236 4585/6223/3267 4586/6228/3268
f 4590/6171/3238 4564/6170/3237 4593/6229/3270 4591/6230/3271
f 4595/6231/3272 4564/6170/3237 4568/6169/3236 4580/6232/3269 4578/6233/3273
f 4593/6234/3270 4564/6170/3237 4595/6235/3272 4598/6236/3274 4605/6237/3274 4600/6238/3274 4602/6239/3274
s 0
f 4638/6240/3275 4601/6241/3275 4634/6242/3275 4640/6243/3275
o Circle_cell.086
v -0.012811 0.443145 0.012106
v -0.030758 0.419250 0.039765
v -0.065418 0.466741 0.065684
v -0.260230 0.395728 0.260230
v -0.249020 0.321384 0.249020
v -0.224173 0.483483 0.284610
v -0.260653 0.484253 0.260653
v -0.284809 0.483753 0.223873
v -0.223503 0.270398 0.235339
v -0.186555 0.300079 0.277330
v -0.201254 0.395728 0.298969
v -0.201521 0.434112 0.299097
v -0.192471 0.321384 0.286164
v -0.205822 0.449852 0.296397
v -0.287039 0.477592 0.220403
v -0.201603 0.441584 0.299103
v -0.319650 0.373321 0.161246
v -0.315608 0.395728 0.175922
v -0.316313 0.368848 0.164625
v -0.280500 0.321384 0.201094
v -0.232573 0.275743 0.232573
v -0.260653 0.484253 0.260653
v -0.284809 0.483753 0.223873
v -0.223503 0.270398 0.235339
v -0.186555 0.300079 0.277330
v -0.192471 0.321384 0.286164
v -0.201254 0.395728 0.298969
v -0.201521 0.434112 0.299097
v -0.224173 0.483483 0.284610
v -0.205822 0.449852 0.296397
v -0.287039 0.477592 0.220403
v -0.201603 0.441584 0.299103
v -0.319650 0.373321 0.161246
v -0.315608 0.395728 0.175922
v -0.316313 0.368848 0.164625
v -0.280500 0.321384 0.201094
v -0.232573 0.275743 0.232573
vn 0.0482 0.9980 -0.0413
vn 0.0459 0.9980 -0.0437
vn 0.6184 -0.7858 0.0113
vn 0.8353 0.0040 0.5498
vn 0.6985 0.5441 0.4649
vn -0.4572 0.5563 -0.6939
vn 0.7131 0.5184 0.4719
vn -0.4639 0.5425 -0.7004
vn -0.1906 -0.6783 -0.7096
vn -0.1877 -0.6836 -0.7053
vn 0.8354 0.0087 0.5496
vn -0.4912 -0.4465 0.7479
vn -0.5185 -0.3285 0.7894
vn -0.6677 -0.3290 0.6677
vn -0.5720 -0.4526 0.6840
vn -0.8059 -0.2653 0.5293
vn -0.7031 -0.1068 0.7031
vn -0.8273 -0.1420 0.5434
vn -0.8182 -0.2044 0.5374
vn -0.7074 -0.0068 0.7068
vn -0.8358 -0.0066 0.5490
vn -0.5459 -0.1063 0.8311
vn -0.5490 -0.0066 0.8358
vt 0.379486 0.000000
vt 1.000000 0.000000
vt 1.000000 0.552026
vt 0.552026 0.552026
vt 0.000000 0.000000
vt 0.620849 0.000000
vt 0.484056 0.000000
vt 1.000000 0.626298
vt 0.626298 0.626298
vt 0.685314 0.000000
vt 0.684543 0.181008
vt 0.649878 0.528198
vt 1.000000 0.620514
vt 0.345484 0.000000
vt 1.000000 1.000000
vt 0.675473 0.000000
vt 1.000000 0.379151
vt 0.345484 0.345484
vt 0.293238 0.000000
vt 0.755770 0.000000
vt 0.745820 0.149861
vt 0.675473 0.675473
vt 1.000000 0.735875
vt 0.755770 0.755770
vt 0.735875 0.735875
vt 0.515944 0.000000
vt 0.538153 0.053417
vt 0.652597 0.410939
vt 1.000000 0.314686
vt 0.706762 0.000000
vt 0.215414 0.160425
vt 0.233006 0.162979
vt 0.235367 0.169099
vt 0.219146 0.175724
vt 0.213800 0.162865
vt 0.205503 0.181547
vt 0.213800 0.162865
vt 0.226500 0.193436
vt 0.203829 0.203224
vt 0.198174 0.199334
vt 0.198756 0.197820
vt 0.234809 0.213302
vt 0.225064 0.217460
vt 0.223567 0.216477
vt 0.242445 0.186996
vt 0.244410 0.209218
vt 0.242445 0.186996
vt 0.245932 0.195654
vt 0.246596 0.197346
vt 0.246224 0.199664
s 0
f 4675/6244/3276 4649/6245/3276 4668/6246/3276
f 4668/6247/3277 4649/6248/3277 4669/6249/3277
f 4670/6250/3278 4648/6245/3278 4671/6251/3278
f 4671/6252/3279 4648/6248/3279 4674/6253/3279 4673/6254/3279 4672/6255/3279
f 4675/6256/3280 4676/6257/3280 4649/6245/3280
f 4649/6258/3281 4647/6248/3281 4677/6259/3281 4669/6260/3281
f 4647/6245/3282 4649/6258/3282 4676/6261/3282 4678/6262/3282
f 4647/6248/3283 4679/6263/3283 4680/6264/3283 4677/6265/3283
f 4648/6245/3284 4681/6266/3284 4679/6267/3284 4647/6248/3284
f 4681/6268/3285 4648/6248/3285 4670/6269/3285 4683/6270/3285 4682/6271/3285
f 4674/6272/3286 4648/6258/3286 4647/6248/3286 4678/6273/3286
s 1
f 4655/6274/3287 4656/6275/3287 4659/6276/3288 4651/6277/3289 4667/6278/3290
f 4651/6277/3289 4666/6279/3291 4667/6280/3290
f 4651/6277/3289 4650/6281/3292 4664/6282/3293 4663/6283/3294 4665/6284/3294 4666/6279/3291
f 4664/6282/3293 4650/6281/3292 4653/6285/3295 4654/6286/3296 4661/6287/3296
f 4657/6288/3297 4650/6281/3292 4651/6277/3289 4659/6276/3288
f 4652/6289/3298 4653/6285/3295 4650/6281/3292 4657/6290/3297 4658/6291/3298 4662/6292/3298 4660/6293/3298
o Circle_cell.087
v -0.004387 1.067427 0.000694
v -0.000850 1.207002 -0.000468
v -0.089262 1.056110 0.035792
v -0.072881 1.033322 0.014534
v -0.031790 1.159235 -0.076748
v -0.076748 1.159235 -0.031790
v -0.123655 1.067123 -0.000000
v -0.058925 1.159235 -0.058925
v -0.083332 1.159235 -0.000000
v -0.125024 1.056246 0.024851
v -0.118470 1.063550 0.035374
v -0.112638 1.070763 0.045501
v -0.115270 1.067123 0.040487
v -0.076928 1.159235 0.030921
v -0.070455 1.216277 0.028365
v -0.069138 1.227914 0.027824
v -0.071695 1.254031 -0.000000
v -0.073730 1.111406 -0.073730
v -0.079695 1.105496 -0.069263
v -0.035831 1.135037 -0.086504
v -0.002111 1.147349 -0.088098
v -0.117460 1.064720 -0.036866
v -0.110770 1.074850 -0.045882
v -0.126758 1.061944 -0.000000
v -0.001290 1.180649 -0.080436
v -0.001825 1.159235 -0.082954
v -0.048090 1.220024 -0.057299
v -0.029751 1.202775 -0.071825
v -0.053237 1.224756 -0.053237
v -0.067354 1.242323 -0.027899
v -0.125024 1.056246 0.024851
v -0.118470 1.063550 0.035374
v -0.112638 1.070763 0.045501
v -0.115270 1.067123 0.040487
v -0.117460 1.064720 -0.036866
v -0.110770 1.074850 -0.045882
v -0.076928 1.159235 0.030921
v -0.070455 1.216277 0.028365
v -0.069138 1.227914 0.027824
v -0.071695 1.254031 -0.000000
v -0.073730 1.111406 -0.073730
v -0.035831 1.135037 -0.086504
v -0.002111 1.147349 -0.088098
v -0.079695 1.105496 -0.069263
v -0.126758 1.061944 -0.000000
v -0.001290 1.180649 -0.080436
v -0.001825 1.159235 -0.082954
v -0.048090 1.220024 -0.057299
v -0.029751 1.202775 -0.071825
v -0.053237 1.224756 -0.053237
v -0.067354 1.242323 -0.027899
vn -0.1998 -0.7423 0.6396
vn -0.1979 -0.7409 0.6418
vn 0.3827 -0.0003 0.9239
vn 0.4497 0.6715 0.5890
vn 0.2343 -0.7255 -0.6471
vn 0.2319 -0.7277 -0.6456
vn -0.4250 -0.8883 -0.1741
vn 0.3908 -0.4618 0.7962
vn 0.9997 -0.0253 0.0028
vn 0.5402 0.7984 -0.2661
vn 0.5340 0.8052 -0.2579
vn -0.8900 0.4170 0.1843
vn -0.8875 0.4609 -0.0000
vn -0.8577 0.5138 0.0198
vn -0.8446 0.5060 0.1749
vn -0.9630 0.2696 0.0001
vn -0.9000 0.3940 0.1864
vn -0.9446 0.2634 0.1956
vn -0.7024 0.3997 -0.5890
vn -0.6810 0.2691 -0.6810
vn -0.3687 0.2680 -0.8901
vn -0.3991 0.3994 -0.8253
vn -0.1957 0.2618 -0.9451
vn -0.1864 0.3940 -0.9000
vn -0.8961 0.4034 -0.1852
vn -0.8900 0.2685 -0.3686
vn -0.8768 0.3998 -0.2671
vn -0.7682 0.3940 -0.5046
vn -0.9380 0.1213 -0.3248
vn -0.7547 0.1215 -0.6448
vn -0.9919 0.1218 -0.0365
vn -0.9722 0.1193 0.2014
vn -0.2014 0.1193 -0.9722
vn -0.4492 0.1211 -0.8852
vn -0.5451 0.1193 -0.8298
vn 0.3824 -0.0020 0.9240
vt 0.849031 0.000000
vt 1.000000 0.000000
vt 1.000000 0.131782
vt 1.000000 0.070931
vt 0.577478 0.099919
vt 0.131782 0.131782
vt 0.000000 0.000000
vt 0.215815 0.000000
vt 0.166532 0.166532
vt 0.215815 0.215815
vt 0.607755 0.001230
vt 0.502375 0.079421
vt 0.219889 0.000000
vt 1.000000 0.181817
vt 0.914116 0.168020
vt 0.181817 0.181817
vt 0.954876 0.132502
vt 0.819752 0.145311
vt 0.150969 0.000000
vt 0.155938 0.053947
vt 0.128950 0.128950
vt 1.000000 1.000000
vt 0.290168 0.000000
vt 0.219889 0.219889
vt 0.266301 0.147072
vt 1.000000 0.836810
vt 0.290168 0.290168
vt 0.673057 0.573918
vt 0.920687 0.545828
vt 1.000000 0.390524
vt 0.836810 0.836810
vt 0.848367 0.775258
vt 0.292819 0.409026
vt 0.274127 0.419529
vt 0.272670 0.417262
vt 0.282190 0.408511
vt 0.289316 0.408863
vt 0.303961 0.468386
vt 0.292819 0.409026
vt 0.296482 0.409598
vt 0.322751 0.458805
vt 0.251074 0.468144
vt 0.268743 0.489707
vt 0.253245 0.500735
vt 0.243947 0.491189
vt 0.243947 0.491189
vt 0.240152 0.510677
vt 0.235373 0.506643
vt 0.257691 0.429352
vt 0.272670 0.417262
vt 0.257372 0.431085
vt 0.285783 0.479008
vt 0.256495 0.437354
vt 0.252160 0.463133
vt 0.311313 0.528723
vt 0.288956 0.526981
vt 0.332450 0.527888
vt 0.339331 0.495789
vt 0.342702 0.503340
vt 0.332520 0.527773
vt 0.246047 0.521666
vt 0.266373 0.524081
vt 0.283708 0.526210
vt 0.586537 0.178520
vt 0.070931 0.070931
vt 1.000000 0.166532
s 0
f 4714/6294/3299 4687/6295/3299 4715/6296/3299
f 4686/6295/3300 4716/6297/3300 4717/6298/3300 4715/6299/3300 4687/6300/3300
f 4722/6301/3301 4698/6302/3301 4685/6300/3301
f 4722/6303/3302 4685/6300/3302 4723/6304/3302
f 4725/6305/3303 4726/6306/3303 4684/6295/3303 4727/6307/3303 4724/6308/3303
f 4727/6309/3304 4684/6300/3304 4687/6295/3304 4718/6310/3304 4719/6311/3304
f 4687/6300/3305 4714/6312/3305 4728/6313/3305 4718/6314/3305
f 4686/6295/3306 4687/6315/3306 4684/6300/3306
f 4729/6316/3307 4685/6295/3307 4684/6315/3307 4726/6317/3307 4730/6318/3307
f 4731/6319/3308 4685/6315/3308 4729/6320/3308 4732/6321/3308
f 4734/6322/3309 4723/6323/3309 4685/6315/3309 4731/6324/3309 4733/6325/3309
s 1
f 4696/6326/3310 4690/6327/3311 4707/6328/3312 4693/6329/3313 4694/6330/3313
f 4692/6331/3314 4690/6327/3311 4696/6332/3310 4695/6333/3315 4720/6334/3316
f 4701/6335/3317 4691/6336/3318 4688/6337/3319 4703/6338/3320
f 4703/6339/3320 4688/6337/3319 4709/6340/3321 4704/6341/3322
f 4690/6327/3311 4705/6342/3323 4707/6343/3312
f 4705/6344/3323 4690/6327/3311 4692/6331/3314 4689/6345/3324 4706/6346/3325
f 4689/6345/3324 4691/6336/3318 4701/6335/3317 4702/6347/3326 4706/6346/3325
f 4691/6336/3318 4689/6345/3324 4713/6348/3327 4712/6349/3328
f 4689/6345/3324 4692/6331/3314 4700/6350/3329 4713/6348/3327
f 4692/6331/3314 4720/6334/3316 4721/6351/3330 4699/6352/3330 4700/6353/3329
f 4708/6354/3331 4709/6340/3321 4688/6337/3319 4711/6355/3332
f 4688/6337/3319 4691/6336/3318 4712/6349/3328 4710/6356/3333 4711/6355/3332
s 0
f 4697/6357/3334 4716/6358/3334 4686/6300/3334 4684/6300/3334 4685/6295/3334 4698/6359/3334
o Circle_cell.088
v -0.071347 1.761718 0.029088
v -0.070956 1.761834 -0.028947
v -0.069676 1.696033 0.002229
v -0.072884 1.732090 -0.030190
v -0.079137 1.732090 -0.000000
v -0.081927 1.759934 -0.000000
v -0.075967 1.695102 -0.000858
v -0.075226 1.695853 0.004729
v -0.075447 1.759853 -0.031251
v -0.069065 1.732090 -0.036005
v -0.065816 1.715734 -0.038590
v -0.057783 1.716501 -0.033668
v -0.071214 1.709667 -0.029498
v -0.062408 1.711291 -0.025851
v -0.074642 1.720711 0.017261
v -0.065803 1.721845 0.013716
v -0.074400 1.732090 0.022870
v -0.065344 1.746291 0.025795
v -0.074354 1.748010 0.030798
v -0.064816 1.751751 0.028214
v -0.073537 1.753256 0.032979
v -0.078011 1.766266 -0.023141
v -0.080152 1.767607 0.013697
v -0.083259 1.769560 -0.000000
v -0.068423 1.760238 0.016555
v -0.072042 1.762513 -0.000000
v -0.067573 1.759708 -0.020448
v -0.066168 1.758818 -0.026873
v -0.074896 1.759218 0.031975
v -0.066131 1.758533 0.026934
v -0.077383 1.765562 0.025699
v -0.069065 1.732090 -0.036005
v -0.065816 1.715734 -0.038590
v -0.071214 1.709667 -0.029498
v -0.057783 1.716501 -0.033668
v -0.062408 1.711291 -0.025851
v -0.075226 1.695853 0.004729
v -0.074642 1.720711 0.017261
v -0.074400 1.732090 0.022870
v -0.065803 1.721845 0.013716
v -0.065344 1.746291 0.025795
v -0.074354 1.748010 0.030798
v -0.073537 1.753256 0.032979
v -0.078011 1.766266 -0.023141
v -0.083259 1.769560 -0.000000
v -0.080152 1.767607 0.013697
v -0.068423 1.760238 0.016555
v -0.072042 1.762513 -0.000000
v -0.067573 1.759708 -0.020448
v -0.066168 1.758818 -0.026873
v -0.074896 1.759218 0.031975
v -0.066131 1.758533 0.026934
v -0.077383 1.765562 0.025699
v -0.075967 1.695102 -0.000858
v -0.075447 1.759853 -0.031251
v -0.069676 1.696033 0.002229
v -0.064816 1.751751 0.028214
vn 0.0867 -0.9888 0.1214
vn -0.0238 0.7806 -0.6246
vn 0.4737 0.2327 -0.8494
vn 0.3835 -0.4229 0.8210
vn 0.3830 -0.4143 0.8257
vn 0.3837 -0.4048 0.8300
vn 0.5320 0.8467 0.0001
vn 0.5332 0.8460 -0.0006
vn 0.4971 0.2530 0.8300
vn 0.5279 0.8490 0.0229
vn -0.9496 -0.0814 -0.3026
vn -0.9234 -0.0905 -0.3730
vn -0.8327 -0.0868 -0.5469
vn -0.8332 -0.0790 -0.5473
vn -0.9960 -0.0889 0.0019
vn -0.9827 -0.0803 -0.1671
vn -0.9946 -0.0811 -0.0643
vn -0.9654 -0.1080 -0.2373
vn -0.9926 -0.1216 0.0015
vn -0.9752 -0.0869 0.2036
vn -0.9762 -0.0790 0.2022
vn -0.9623 -0.1103 0.2488
vn -0.9654 -0.0926 0.2438
vn -0.8318 -0.0977 0.5464
vn -0.9673 -0.1509 0.2041
vn -0.9894 -0.1455 0.0016
vn -0.9704 -0.1341 -0.2009
vn 0.9584 0.0614 0.2789
vn 0.9337 0.0662 0.3518
vn 0.8345 0.0777 0.5455
vn 0.9557 0.0608 -0.2878
vn 0.9538 0.0625 -0.2939
vn 0.9042 0.0968 -0.4159
vn 0.9945 0.0598 0.0857
vn 0.9982 0.0596 -0.0078
vn 0.9610 0.0561 -0.2708
vn 0.3193 -0.8649 -0.3872
vn 0.0637 0.7144 0.6969
vn 0.9680 0.0590 0.2439
vt 0.018040 0.018040
vt 0.000000 0.000000
vt 0.018399 0.000000
vt 1.000000 0.015510
vt 0.843142 0.000000
vt 1.000000 0.000000
vt 1.000000 0.367383
vt 0.642287 0.246944
vt 0.051347 0.051347
vt 0.112699 0.006787
vt 1.000000 0.304836
vt 0.181169 0.000000
vt 1.000000 0.978972
vt 0.935561 0.935561
vt 0.153222 0.000000
vt 1.000000 0.082093
vt 0.575089 0.133137
vt 0.181169 0.181169
vt 0.153222 0.153222
vt 1.000000 0.050184
vt 0.246011 0.026524
vt 0.451011 0.000000
vt 0.739241 0.000000
vt 0.082093 0.082093
vt 1.000000 1.000000
vt 0.832342 0.832342
vt 0.573501 0.288294
vt 0.531521 0.000000
vt 0.721110 0.000000
vt 0.774293 0.349187
vt 1.000000 0.829012
vt 0.829012 0.829012
vt 1.000000 0.910689
vt 0.741476 0.000000
vt 1.000000 0.352081
vt 0.739241 0.739241
vt 0.451010 0.451010
vt 0.721110 0.721110
vt 0.531521 0.531521
vt 0.855208 0.000000
vt 1.000000 0.258524
vt 0.416280 0.847852
vt 0.421182 0.861370
vt 0.417365 0.863034
vt 0.411619 0.854020
vt 0.437609 0.854888
vt 0.416280 0.847852
vt 0.429668 0.833123
vt 0.430095 0.832710
vt 0.427653 0.875694
vt 0.443226 0.868982
vt 0.427000 0.875520
vt 0.449865 0.850545
vt 0.433078 0.832479
vt 0.444800 0.844849
vt 0.458588 0.863166
vt 0.456532 0.857166
vt 0.458626 0.859440
vt 0.458594 0.863183
vt 0.456732 0.866804
vt 0.451284 0.869963
vt 0.445139 0.873371
vt 0.432141 0.877164
vt 0.427713 0.875718
vt 0.461758 0.931583
vt 0.472302 0.945266
vt 0.468469 0.945905
vt 0.482658 0.923360
vt 0.481442 0.920686
vt 0.482682 0.922239
vt 0.482642 0.944311
vt 0.470325 0.923817
vt 0.476911 0.921538
vt 0.481442 0.920686
vt 0.482640 0.924437
vt 0.482639 0.934483
vt 1.000000 0.073599
vt 0.582425 0.295292
vt 0.367383 0.367383
vt 0.304836 0.304836
vt 0.489471 0.242818
vt 0.352081 0.352081
vt 0.144792 0.000000
vt 0.472302 0.945266
vt 0.461525 0.930951
vt 0.463592 0.929259
s 0
f 4788/6360/3335 4790/6361/3335 4771/6362/3335
f 4743/6363/3336 4778/6364/3336 4736/6365/3336
f 4767/6366/3337 4766/6367/3337 4743/6368/3337 4736/6361/3337 4784/6369/3337 4769/6370/3337
f 4772/6371/3338 4771/6372/3338 4790/6373/3338 4774/6374/3338
f 4776/6375/3339 4773/6376/3339 4772/6377/3339 4774/6378/3339 4775/6379/3339
f 4775/6380/3340 4791/6381/3340 4777/6382/3340 4776/6383/3340
f 4736/6384/3341 4778/6385/3341 4779/6386/3341 4780/6387/3341 4781/6388/3341 4782/6389/3341 4783/6390/3341
f 4736/6384/3342 4783/6391/3342 4784/6392/3342
f 4786/6393/3343 4735/6365/3343 4785/6394/3343 4777/6395/3343 4791/6396/3343
f 4781/6397/3344 4780/6398/3344 4787/6399/3344 4735/6365/3344 4786/6400/3344
s 1
f 4768/6401/3345 4738/6402/3346 4744/6403/3347 4745/6404/3348
f 4739/6405/3349 4738/6402/3346 4768/6406/3345 4741/6407/3350 4742/6408/3351
f 4789/6409/3352 4738/6402/3346 4739/6405/3349 4740/6410/3353
f 4744/6403/3347 4738/6402/3346 4789/6411/3352
f 4751/6412/3354 4739/6405/3349 4742/6413/3351 4749/6414/3355
f 4763/6415/3356 4753/6416/3357 4755/6417/3358
f 4763/6415/3356 4740/6410/3353 4739/6405/3349 4751/6412/3354 4753/6416/3357
f 4740/6410/3353 4763/6418/3356 4765/6419/3359 4757/6420/3359 4758/6421/3360
f 4756/6422/3361 4789/6423/3352 4740/6410/3353 4758/6421/3360
f 4762/6424/3362 4770/6425/3363 4746/6426/3364
f 4752/6427/3365 4764/6428/3366 4754/6429/3367
f 4737/6430/3368 4760/6431/3369 4759/6432/3370 4764/6433/3366 4752/6434/3365 4750/6435/3370
s 0
f 4790/6365/3371 4788/6436/3371 4747/6437/3371 4767/6438/3371 4769/6439/3371 4748/6440/3371
f 4785/6441/3372 4735/6361/3372 4787/6442/3372
s 1
f 4760/6431/3369 4737/6430/3368 4770/6443/3363 4762/6444/3362 4761/6445/3373
o Circle_cell.089
v 0.006802 0.440622 0.005093
v 0.003246 0.438684 0.026731
v 0.001928 0.441297 0.002943
v 0.102685 0.472388 0.060631
v 0.001093 0.443946 0.078206
v 0.001229 0.565365 0.077969
v 0.000779 0.488248 0.002896
v 0.000994 0.480971 0.001621
v 0.043457 0.590500 0.106445
v 0.006155 0.562897 0.053943
v 0.003721 0.504258 0.006844
v 0.136062 0.573929 0.328482
v 0.042293 0.480327 0.018634
v 0.033663 0.484126 0.014571
v 0.140635 0.488801 0.339524
v 0.128059 0.653589 0.309162
v 0.260675 0.488801 0.260675
v 0.000944 0.609256 0.347163
v 0.001033 0.619350 0.344487
v 0.000977 0.472511 0.368338
v 0.001017 0.466443 0.368288
v 0.000975 0.488801 0.368448
v 0.000954 0.573929 0.356464
v 0.247564 0.573929 0.255242
v 0.253039 0.565483 0.253039
v 0.257139 0.556241 0.249119
v 0.263596 0.541642 0.242956
v 0.204403 0.631708 0.265766
v 0.215274 0.421459 0.289963
v 0.196638 0.406522 0.302086
v 0.140420 0.405316 0.339004
v 0.068348 0.408560 0.353952
v 0.011505 0.623489 0.341228
v 0.125862 0.667504 0.304700
v 0.089285 0.653589 0.317192
v 0.199856 0.637244 0.267045
v 0.160729 0.653589 0.287703
v 0.282052 0.499670 0.225401
v 0.260570 0.466727 0.260570
v 0.275669 0.488801 0.237849
v 0.000944 0.609256 0.347163
v 0.001033 0.619350 0.344487
v 0.000977 0.472511 0.368338
v 0.001017 0.466443 0.368288
v 0.000954 0.573929 0.356464
v 0.000975 0.488801 0.368448
v 0.215274 0.421459 0.289963
v 0.196638 0.406522 0.302086
v 0.247564 0.573929 0.255242
v 0.253039 0.565483 0.253039
v 0.257139 0.556241 0.249119
v 0.263596 0.541642 0.242956
v 0.204403 0.631708 0.265766
v 0.140420 0.405316 0.339004
v 0.068348 0.408560 0.353952
v 0.011505 0.623489 0.341228
v 0.089285 0.653589 0.317192
v 0.125862 0.667504 0.304700
v 0.199856 0.637244 0.267045
v 0.160729 0.653589 0.287703
v 0.282052 0.499670 0.225401
v 0.260570 0.466727 0.260570
v 0.275669 0.488801 0.237849
vn -0.9993 -0.0245 -0.0293
vn 0.3126 0.1729 -0.9340
vn 0.3495 0.1659 -0.9221
vn 0.3703 -0.0222 -0.9287
vn -0.0913 -0.9904 -0.1037
vn -0.9090 -0.4168 0.0046
vn -0.9996 -0.0245 -0.0102
vn 0.3978 -0.0460 -0.9163
vn -1.0000 0.0082 -0.0024
vn -0.9516 0.2172 -0.2174
vn -0.9423 0.2326 -0.2408
vn -1.0000 -0.0067 0.0003
vn -1.0000 -0.0002 0.0005
vn 0.5238 0.5201 -0.6746
vn 0.5340 0.5182 -0.6681
vn 0.5389 0.4956 -0.6812
vn 0.4064 -0.0522 -0.9122
vn 0.5405 -0.2049 -0.8160
vn 0.4718 -0.7867 -0.3982
vn -0.0312 -0.9951 -0.0943
vn -0.0499 -0.9952 -0.0844
vn -0.6271 -0.7771 0.0532
vn -0.6435 -0.7632 0.0590
vn -0.4031 0.8971 -0.1809
vn -0.4079 0.8949 -0.1811
vn -0.4320 0.8839 -0.1794
vn 0.5032 0.5645 -0.6543
vn 0.1564 0.8970 -0.4134
vn 0.5359 0.5154 -0.6687
vn 0.4956 -0.7641 -0.4130
vn 0.5490 -0.0066 0.8358
vn 0.6407 -0.0067 0.7678
vn 0.7056 0.0659 0.7056
vn 0.3819 0.0658 0.9219
vn 0.3842 -0.0067 0.9232
vn 0.2028 -0.0066 0.9792
vn 0.2024 0.0646 0.9772
vn 0.8311 0.1059 0.5459
vn 0.3753 0.1955 0.9061
vn 0.1990 0.1920 0.9610
vn 0.5409 0.1716 0.8234
vn 0.6021 0.1383 0.7864
vn 0.3668 0.2938 0.8827
vn 0.5316 0.2497 0.8093
vn 0.5302 0.2597 0.8071
vn 0.1964 0.2497 0.9482
vn 0.1959 0.2588 0.9459
vn 0.8280 0.1366 0.5439
vn 0.3574 0.3359 0.8714
vn 0.5330 0.5198 -0.6677
vt 0.000000 0.000000
vt 1.000000 0.000000
vt 1.000000 1.000000
vt 0.171802 0.171802
vt 0.217527 0.000000
vt 0.852140 0.000000
vt 1.000000 0.120955
vt 1.000000 0.171802
vt 0.120955 0.120955
vt 0.220029 0.120679
vt 0.764698 0.149452
vt 0.490513 0.000000
vt 0.419320 0.419320
vt 0.641004 0.000000
vt 1.000000 0.287282
vt 0.296972 0.000000
vt 0.625603 0.203068
vt 1.000000 0.166507
vt 0.296973 0.296973
vt 0.190223 0.000000
vt 0.190223 0.190223
vt 1.000000 0.147860
vt 1.000000 0.752187
vt 0.567982 0.242541
vt 0.365757 0.000000
vt 0.752187 0.752187
vt 1.000000 0.795930
vt 0.795930 0.795930
vt 0.514599 0.000000
vt 1.000000 0.419011
vt 0.580251 0.240704
vt 0.514599 0.514599
vt 0.634113 0.002002
vt 0.431998 0.000000
vt 1.000000 0.509487
vt 0.655498 0.375981
vt 1.000000 0.358996
vt 0.431998 0.431998
vt 0.504068 0.410839
vt 0.341616 0.155705
vt 0.346691 0.157896
vt 0.362027 0.164616
vt 0.363489 0.169657
vt 0.331131 0.179284
vt 0.325138 0.160210
vt 0.308966 0.165807
vt 0.299185 0.189747
vt 0.297905 0.186048
vt 0.297437 0.184667
vt 0.369704 0.167956
vt 0.299185 0.189747
vt 0.337323 0.198875
vt 0.305981 0.209164
vt 0.367883 0.189729
vt 0.368591 0.187395
vt 0.343418 0.218160
vt 0.362793 0.206563
vt 0.362129 0.208228
vt 0.352757 0.215364
vt 0.309843 0.220024
vt 0.308970 0.217616
vt 0.305981 0.209164
vt 0.334052 0.221230
vt 0.312715 0.220188
vt 0.370450 0.180956
vt 0.369317 0.184899
vt 0.368591 0.187395
vt 0.369704 0.167956
vt 0.373564 0.169626
vt 0.344483 0.221814
vt 0.344554 0.221768
vt 0.580989 0.000000
vt 0.783507 0.404184
vt 0.889920 0.409626
vt 1.000000 0.419320
s 0
f 4794/6446/3374 4798/6447/3374 4799/6448/3374
f 4798/6446/3375 4802/6447/3375 4799/6448/3375
f 4802/6446/3376 4805/6447/3376 4799/6448/3376
f 4805/6446/3377 4794/6447/3377 4799/6448/3377
f 4792/6446/3378 4793/6447/3378 4794/6448/3378
f 4793/6446/3379 4796/6447/3379 4794/6448/3379
f 4796/6446/3380 4798/6447/3380 4794/6448/3380
f 4805/6446/3381 4792/6447/3381 4794/6448/3381
f 4797/6447/3382 4798/6448/3382 4832/6449/3382 4833/6450/3382
f 4797/6446/3383 4801/6447/3383 4798/6448/3383
f 4801/6446/3384 4802/6447/3384 4798/6448/3384
f 4796/6446/3385 4835/6451/3385 4834/6452/3385 4798/6448/3385
f 4832/6453/3386 4798/6448/3386 4834/6454/3386 4837/6455/3386 4836/6456/3386
f 4801/6446/3387 4805/6447/3387 4802/6448/3387
f 4843/6457/3388 4795/6447/3388 4805/6448/3388 4817/6458/3388
f 4795/6446/3389 4804/6447/3389 4805/6448/3389
f 4804/6446/3390 4792/6447/3390 4805/6448/3390
f 4804/6446/3391 4795/6447/3391 4792/6448/3391
f 4795/6446/3392 4838/6459/3392 4839/6460/3392 4792/6448/3392
f 4839/6461/3393 4793/6447/3393 4792/6448/3393
f 4845/6462/3394 4846/6463/3394 4793/6448/3394 4839/6464/3394
f 4846/6465/3395 4796/6447/3395 4793/6448/3395
f 4846/6466/3396 4835/6467/3396 4796/6448/3396
f 4800/6447/3397 4847/6468/3397 4848/6469/3397 4849/6470/3397
f 4847/6471/3398 4800/6446/3398 4801/6447/3398 4833/6472/3398
f 4797/6447/3399 4833/6473/3399 4801/6446/3399
f 4800/6446/3400 4850/6474/3400 4819/6475/3400 4801/6448/3400
f 4851/6476/3401 4850/6477/3401 4800/6446/3401 4849/6478/3401
f 4852/6479/3402 4795/6447/3402 4843/6480/3402
f 4853/6481/3403 4838/6482/3403 4795/6448/3403 4852/6483/3403 4854/6484/3403
s 1
f 4821/6485/3404 4820/6486/3404 4830/6487/3405 4808/6488/3406 4806/6489/3407 4822/6490/3408
f 4823/6491/3409 4822/6490/3408 4806/6489/3407 4813/6492/3410 4811/6493/3409 4812/6494/3409
f 4808/6488/3406 4830/6487/3405 4831/6495/3411
f 4813/6496/3410 4806/6489/3407 4803/6497/3412 4814/6498/3413
f 4840/6499/3414 4803/6497/3412 4806/6489/3407 4808/6488/3406 4841/6500/3415
f 4807/6501/3416 4803/6497/3412 4840/6499/3414 4844/6502/3417 4827/6503/3417 4828/6504/3418
f 4810/6505/3419 4809/6506/3419 4814/6507/3413 4803/6497/3412 4807/6501/3416 4826/6508/3420 4824/6509/3419
f 4818/6510/3421 4842/6511/3421 4841/6512/3415 4808/6488/3406 4831/6513/3411 4829/6514/3421
f 4807/6501/3416 4825/6515/3422 4826/6508/3420
f 4807/6501/3416 4828/6504/3418 4825/6516/3422
s 0
f 4805/6448/3423 4801/6446/3423 4819/6517/3423 4815/6518/3423 4816/6519/3423 4817/6520/3423
o Circle_cell.090
v -0.057646 1.810151 0.057468
v -0.078475 1.827958 0.032505
v -0.081832 1.819147 0.033896
v -0.072601 1.814529 0.030072
v -0.081880 1.827958 0.016065
v -0.077100 1.818615 0.017719
v -0.085349 1.819147 0.016913
v -0.073908 1.808227 0.019379
v -0.083940 1.807411 0.018593
v -0.063097 1.819147 0.062418
v -0.061282 1.827958 0.058680
v -0.057017 1.817210 0.056068
v -0.062984 1.807257 0.060672
v -0.056928 1.808157 0.052295
v -0.080820 1.806992 0.033477
v -0.071726 1.807938 0.029710
v -0.062460 1.813396 0.062460
v -0.081880 1.827958 0.016065
v -0.077100 1.818615 0.017719
v -0.085349 1.819147 0.016913
v -0.083940 1.807411 0.018593
v -0.063097 1.819147 0.062418
v -0.061282 1.827958 0.058680
v -0.057017 1.817210 0.056068
v -0.056928 1.808157 0.052295
v -0.071726 1.807938 0.029710
v -0.062984 1.807257 0.060672
v -0.080820 1.806992 0.033477
v -0.073908 1.808227 0.019379
v -0.057646 1.810151 0.057468
v -0.062460 1.813396 0.062460
vn 0.0881 -0.1298 -0.9876
vn 0.0880 -0.1308 -0.9875
vn 0.7357 0.1304 0.6646
vn 0.6020 -0.7135 0.3586
vn 0.0846 -0.9954 -0.0457
vn 0.7077 -0.0232 0.7062
vn -0.8293 0.1248 0.5447
vn -0.9140 0.1460 0.3786
vn -0.9197 -0.0898 0.3822
vn -0.8326 -0.0882 0.5469
vn -0.9663 0.1617 0.2001
vn -0.9754 -0.0882 0.2020
vn 0.8145 0.3026 -0.4950
vn 0.8828 0.3016 -0.3602
vn -0.1232 0.9911 0.0510
vn -0.1375 0.9864 0.0903
vn 0.9127 0.3546 -0.2029
vn -0.2031 0.9783 0.0421
vn 0.9483 0.2089 -0.2390
vn 0.9108 0.1932 -0.3650
vn 0.8580 0.1744 -0.4831
vt 1.000000 0.108927
vt 1.000000 0.129567
vt 0.874376 0.123155
vt 0.129567 0.129567
vt 0.143116 0.065383
vt 0.205298 0.000000
vt 0.258670 0.000000
vt 0.899608 0.000000
vt 0.915844 0.000000
vt 0.905498 0.172246
vt 1.000000 0.128736
vt 1.000000 0.319451
vt 0.722130 0.000000
vt 0.319451 0.319451
vt 0.128736 0.128736
vt 0.684591 0.495804
vt 1.000000 0.741330
vt 1.000000 0.794702
vt 0.781093 0.624381
vt 0.948799 0.388960
vt 0.986430 0.000000
vt 1.000000 0.069014
vt 0.915844 0.915844
vt 0.899608 0.899608
vt 0.481473 0.884348
vt 0.468144 0.888884
vt 0.466245 0.883922
vt 0.480485 0.880364
vt 0.480951 0.881912
vt 0.461453 0.891764
vt 0.460193 0.886667
vt 0.484472 0.894248
vt 0.472028 0.898620
vt 0.469632 0.892638
vt 0.482084 0.888331
vt 0.465933 0.899195
vt 0.463047 0.895515
vt 0.463047 0.895515
vt 0.461453 0.891764
vt 0.482084 0.888331
vt 0.468856 0.903093
vt 0.467218 0.900786
vt 0.473137 0.901282
vt 0.484883 0.896482
vt 0.484158 0.897290
vt 0.484472 0.894248
s 0
f 4873/6521/3424 4874/6522/3424 4872/6523/3424
f 4874/6524/3425 4873/6525/3425 4883/6526/3425 4875/6527/3425
f 4876/6528/3426 4878/6529/3426 4877/6530/3426
f 4881/6531/3427 4879/6532/3427 4884/6533/3427
f 4879/6534/3428 4881/6535/3428 4882/6536/3428 4875/6537/3428 4883/6538/3428 4880/6539/3428
f 4885/6540/3429 4881/6541/3429 4884/6542/3429 4878/6543/3429 4876/6544/3429
s 1
f 4864/6545/3430 4857/6546/3431 4869/6547/3432 4867/6548/3433 4871/6549/3433
f 4857/6546/3431 4861/6550/3434 4863/6551/3435 4869/6547/3432
f 4866/6552/3436 4858/6553/3437 4856/6554/3438 4865/6555/3439
f 4856/6554/3438 4858/6553/3437 4860/6556/3440 4859/6557/3441
f 4857/6546/3431 4856/6554/3438 4859/6558/3441 4861/6559/3434
f 4856/6554/3438 4857/6546/3431 4864/6545/3430 4865/6560/3439
f 4862/6561/3442 4860/6562/3440 4858/6553/3437 4870/6563/3443
f 4855/6564/3444 4868/6565/3444 4870/6563/3443 4858/6553/3437 4866/6566/3436
o Circle_cell.091
v -0.009133 0.444026 0.009420
v -0.001160 0.443741 0.072704
v -0.000855 0.443256 0.003503
v -0.024799 0.422386 0.033964
v -0.000542 0.433621 0.016211
v 0.000996 0.438202 0.023767
v 0.000488 0.437205 0.007341
v -0.140395 0.395728 0.338944
v -0.134347 0.321384 0.324343
v -0.199378 0.441388 0.300563
v -0.190927 0.321384 0.287179
v -0.185902 0.302860 0.279419
v -0.199291 0.395728 0.300258
v -0.105125 0.297514 0.318231
v -0.129388 0.295875 0.312370
v -0.052962 0.395728 0.357052
v -0.030122 0.440173 0.362083
v -0.089729 0.321384 0.333584
v -0.188292 0.441415 0.307845
v -0.140513 0.441381 0.339228
v -0.199378 0.441388 0.300563
v -0.199291 0.395728 0.300258
v -0.190927 0.321384 0.287179
v -0.185902 0.302860 0.279419
v -0.105125 0.297514 0.318231
v -0.129388 0.295875 0.312370
v -0.052962 0.395728 0.357052
v -0.089729 0.321384 0.333584
v -0.030122 0.440173 0.362083
v -0.188292 0.441415 0.307845
v -0.140513 0.441381 0.339228
vn -0.8371 0.0021 -0.5470
vn -0.8269 -0.0379 -0.5611
vn 0.1186 -0.9200 -0.3735
vn 0.1617 -0.9195 -0.3582
vn 0.1863 -0.9183 -0.3493
vn 0.8731 -0.4817 0.0750
vn 0.0041 0.9999 0.0110
vn -0.0058 1.0000 0.0052
vn -0.5540 -0.4165 -0.7208
vn 0.0880 0.9961 -0.0066
vn -0.4313 -0.5496 -0.7155
vn 0.8940 -0.4399 0.0848
vn 0.9098 -0.4061 0.0860
vn 0.9534 -0.3016 -0.0111
vn 0.9807 0.1912 -0.0419
vn 0.9368 0.3498 0.0017
vn -0.3614 -0.3285 0.8726
vn -0.3389 -0.4529 0.8246
vn -0.1815 -0.4465 0.8762
vn -0.1945 -0.2840 0.9389
vn -0.5186 -0.3284 0.7895
vn -0.4912 -0.4465 0.7479
vn -0.3805 -0.1066 0.9186
vn -0.5459 -0.1062 0.8311
vn -0.2022 -0.0750 0.9765
vn -0.2028 -0.0066 0.9792
vn -0.3833 -0.0067 0.9236
vn -0.5490 -0.0066 0.8358
vt 0.289383 0.000000
vt 1.000000 0.000000
vt 1.000000 0.659864
vt 0.892722 0.571412
vt 0.507055 0.217209
vt 0.659864 0.659864
vt 0.000000 0.000000
vt 0.724347 0.180578
vt 0.635442 0.635442
vt 0.739771 0.000000
vt 0.739771 0.739771
vt 0.759043 0.759043
vt 0.789415 0.630163
vt 0.754000 0.754000
vt 0.860135 0.000000
vt 0.847681 0.236345
vt 0.162295 0.000000
vt 1.000000 0.678774
vt 0.698466 0.468530
vt 0.678774 0.678774
vt 1.000000 0.710617
vt 1.000000 1.000000
vt 0.860135 0.860135
vt 0.857628 0.857628
vt 0.252039 0.162289
vt 0.249241 0.154889
vt 0.257046 0.152887
vt 0.263152 0.158445
vt 0.235810 0.168918
vt 0.233471 0.162826
vt 0.235810 0.168918
vt 0.258898 0.180351
vt 0.242975 0.186782
vt 0.279290 0.173086
vt 0.279290 0.173086
vt 0.288497 0.181556
vt 0.262868 0.190714
vt 0.247173 0.197061
vt 0.250140 0.195868
s 0
f 4906/6567/3445 4886/6568/3445 4909/6569/3445 4908/6570/3445 4907/6571/3445
f 4889/6568/3446 4909/6572/3446 4886/6573/3446
f 4911/6574/3447 4909/6575/3447 4889/6573/3447 4910/6576/3447
f 4910/6577/3448 4889/6573/3448 4892/6568/3448
f 4890/6568/3449 4910/6578/3449 4892/6573/3449
f 4913/6579/3450 4910/6580/3450 4890/6573/3450 4914/6581/3450 4912/6582/3450
f 4914/6583/3451 4887/6568/3451 4915/6584/3451 4916/6585/3451
f 4915/6586/3452 4887/6573/3452 4886/6568/3452 4906/6587/3452
f 4888/6573/3453 4889/6568/3453 4886/6588/3453
f 4887/6573/3454 4888/6568/3454 4886/6588/3454
f 4888/6573/3455 4892/6568/3455 4889/6588/3455
f 4891/6568/3456 4914/6589/3456 4890/6573/3456
f 4887/6568/3457 4914/6590/3457 4891/6573/3457
f 4891/6573/3458 4890/6568/3458 4892/6588/3458
f 4888/6573/3459 4891/6568/3459 4892/6588/3459
f 4891/6573/3460 4888/6568/3460 4887/6588/3460
s 1
f 4894/6591/3461 4900/6592/3462 4899/6593/3463 4903/6594/3464
f 4894/6591/3461 4896/6595/3465 4897/6596/3466 4900/6592/3462
f 4896/6597/3465 4894/6591/3461 4893/6598/3467 4898/6599/3468
f 4893/6598/3467 4894/6591/3461 4903/6594/3464 4901/6600/3469
f 4893/6598/3467 4901/6601/3469 4902/6602/3470 4905/6603/3471
f 4895/6604/3472 4898/6599/3468 4893/6598/3467 4905/6603/3471 4904/6605/3472
o Circle_cell.092
v -0.079631 1.792713 0.032984
v -0.067273 1.805520 0.053863
v -0.060335 1.806356 0.046646
v -0.083734 1.805482 0.018748
v -0.080670 1.805195 0.033415
v -0.073597 1.806282 0.019524
v -0.071480 1.806085 0.029608
v -0.077572 1.767905 0.026354
v -0.075782 1.762508 0.031390
v -0.066922 1.769467 0.027529
v -0.067106 1.792713 0.052052
v -0.064352 1.802892 0.057887
v -0.065212 1.774241 0.030965
v -0.084072 1.798286 0.013976
v -0.084289 1.792960 0.010601
v -0.073489 1.794477 0.011831
v -0.067932 1.774241 0.024580
v -0.083734 1.805482 0.018748
v -0.080670 1.805195 0.033415
v -0.073597 1.806282 0.019524
v -0.071480 1.806085 0.029608
v -0.077572 1.767905 0.026354
v -0.075782 1.762508 0.031390
v -0.067106 1.792713 0.052052
v -0.064352 1.802892 0.057887
v -0.084072 1.798286 0.013976
v -0.084289 1.792960 0.010601
v -0.066922 1.769467 0.027529
v -0.067932 1.774241 0.024580
v -0.073489 1.794477 0.011831
v -0.067273 1.805520 0.053863
v -0.060335 1.806356 0.046646
v -0.065212 1.774241 0.030965
vn 0.2816 0.8840 0.3731
vn -0.0812 0.9960 0.0370
vn 0.0244 0.5481 -0.8360
vn 0.0211 0.5344 -0.8450
vn 0.1678 -0.5093 -0.8441
vn -0.9180 -0.1130 0.3801
vn -0.9732 -0.1106 0.2014
vn -0.9704 -0.1342 0.2006
vn -0.9224 -0.1366 0.3613
vn -0.8314 -0.1024 0.5461
vn -0.8326 -0.0882 0.5469
vn -0.9203 -0.0898 0.3808
vn -0.9754 -0.0882 0.2020
vn 0.9721 0.1382 -0.1893
vn 0.9151 0.1411 -0.3776
vn 0.9100 0.1411 -0.3898
vn 0.8230 0.1385 -0.5509
vn 0.7977 -0.4341 0.4186
vt 1.000000 0.068511
vt 1.000000 0.088843
vt 0.238525 0.000000
vt 0.266557 0.000000
vt 0.208120 0.034877
vt 0.080454 0.080454
vt 0.062042 0.062042
vt 0.168560 0.023979
vt 0.208797 0.000000
vt 1.000000 0.733443
vt 1.000000 0.791203
vt 0.199149 0.000000
vt 0.259854 0.000000
vt 0.473921 0.000000
vt 0.622330 0.000000
vt 0.259854 0.259854
vt 0.852478 0.000000
vt 1.000000 0.000000
vt 1.000000 0.145391
vt 0.622330 0.622330
vt 0.473921 0.473921
vt 0.777481 0.086611
vt 0.464015 0.878093
vt 0.454396 0.882025
vt 0.457397 0.867770
vt 0.459014 0.864339
vt 0.473747 0.874903
vt 0.460774 0.864408
vt 0.478625 0.878981
vt 0.475767 0.880078
vt 0.465965 0.883189
vt 0.473747 0.874903
vt 0.456736 0.883735
vt 0.459943 0.885849
vt 0.468756 0.907840
vt 0.469299 0.903832
vt 0.473449 0.902030
vt 0.478807 0.914890
vt 0.477545 0.915501
vt 0.480258 0.914364
vt 0.483775 0.898360
vt 0.607531 0.569154
vt 1.000000 0.586995
vt 0.765729 0.000000
vt 0.781289 0.209031
vt 0.801741 0.801741
vt 0.610874 0.610874
s 0
f 4948/6606/3473 4947/6607/3473 4928/6608/3473
f 4934/6609/3474 4935/6610/3474 4947/6611/3474 4948/6612/3474 4937/6613/3474 4936/6614/3474
f 4934/6615/3475 4936/6616/3475 4946/6617/3475 4942/6618/3475
f 4946/6619/3476 4943/6620/3476 4942/6621/3476
f 4944/6622/3477 4939/6623/3477 4938/6624/3477 4943/6625/3477 4946/6626/3477 4945/6627/3477
s 1
f 4917/6628/3478 4931/6629/3479 4924/6630/3480 4925/6631/3481
f 4940/6632/3482 4917/6628/3478 4925/6633/3481
f 4941/6634/3483 4918/6635/3483 4921/6636/3484 4917/6628/3478 4940/6637/3482
f 4930/6638/3485 4931/6629/3479 4917/6628/3478 4921/6636/3484 4920/6639/3485
f 4932/6640/3486 4922/6641/3486 4923/6642/3487 4926/6643/3488 4933/6644/3486
f 4949/6645/3489 4926/6643/3488 4923/6642/3487 4919/6646/3489
s 0
f 4929/6647/3490 4948/6648/3490 4928/6649/3490 4927/6650/3490 4939/6651/3490 4944/6652/3490
o Circle_cell.093
v -0.029004 1.763761 0.068606
v -0.061138 1.792713 0.061138
v -0.051635 1.774241 0.051634
v -0.057931 1.759934 0.057931
v -0.066227 1.766382 0.028247
v -0.042137 1.756202 0.067867
v -0.038697 1.752936 0.058046
v -0.057562 1.754730 0.057562
v -0.050395 1.753262 0.050395
v -0.063463 1.752734 0.030421
v -0.072818 1.754163 0.034235
v -0.065733 1.760214 0.028081
v -0.073214 1.763039 0.035431
v -0.066221 1.792713 0.053399
v -0.057058 1.804235 0.051089
v -0.064097 1.774241 0.032661
v -0.062413 1.806366 0.061398
v -0.055134 1.808578 0.055134
v -0.042790 1.775216 0.070354
v -0.036483 1.780414 0.062629
v -0.053636 1.792713 0.066066
v -0.032635 1.774241 0.064115
v -0.038215 1.759934 0.070882
v -0.038697 1.752936 0.058046
v -0.050395 1.753262 0.050395
v -0.066227 1.766382 0.028247
v -0.064097 1.774241 0.032661
v -0.057058 1.804235 0.051089
v -0.042790 1.775216 0.070354
v -0.053636 1.792713 0.066066
v -0.036483 1.780414 0.062629
v -0.032635 1.774241 0.064115
v -0.042137 1.756202 0.067867
v -0.038215 1.759934 0.070882
v -0.065733 1.760214 0.028081
v -0.057562 1.754730 0.057562
v -0.063463 1.752734 0.030421
v -0.072818 1.754163 0.034235
v -0.073214 1.763039 0.035431
v -0.066221 1.792713 0.053399
v -0.062413 1.806366 0.061398
v -0.055134 1.808578 0.055134
v -0.029004 1.763761 0.068606
vn -0.0979 -0.9728 0.2100
vn -0.1093 -0.9893 0.0965
vn -0.4811 0.5342 -0.6951
vn -0.8213 0.3972 -0.4096
vn -0.5724 -0.1497 -0.8062
vn -0.5882 0.6752 -0.4451
vn 0.4519 0.5347 0.7140
vn 0.5031 0.5058 0.7007
vn 0.3838 0.3304 0.8623
vn 0.4353 -0.7972 0.4183
vn -0.5464 -0.0977 0.8318
vn -0.5449 -0.1221 0.8296
vn -0.7016 -0.1202 0.7023
vn -0.7072 -0.1040 0.6993
vn -0.8294 -0.1178 0.5460
vn -0.8302 -0.1059 0.5474
vn -0.7005 -0.1076 0.7054
vn -0.8298 -0.1196 0.5451
vn -0.5440 -0.1342 0.8283
vn -0.5454 -0.1138 0.8304
vn -0.7105 -0.0797 0.6992
vn 0.5784 0.0857 -0.8112
vn 0.7128 0.1076 -0.6931
vn 0.7197 0.1426 -0.6795
vn 0.5436 0.1398 -0.8276
vn 0.5945 0.0592 -0.8019
vn 0.7249 0.0715 -0.6852
vn 0.8316 0.1003 -0.5462
vn 0.8276 0.1398 -0.5436
vn 0.8330 0.0816 -0.5472
vt 0.393056 0.393056
vt 0.302943 0.302943
vt 1.000000 0.577896
vt 0.999037 0.632090
vt 1.000000 0.208487
vt 0.632519 0.632519
vt 0.577896 0.577896
vt 1.000000 0.090955
vt 1.000000 0.335851
vt 1.000000 1.000000
vt 0.943716 0.943716
vt 1.000000 0.899464
vt 0.307993 0.301649
vt 0.074185 0.000000
vt 0.272419 0.000000
vt 0.855530 0.711720
vt 0.798366 0.798366
vt 0.469554 0.000000
vt 0.768606 0.000000
vt 1.000000 0.555608
vt 0.236082 0.000000
vt 0.273548 0.273548
vt 0.065219 0.000000
vt 0.991139 0.991139
vt 0.905203 0.905203
vt 1.000000 0.745524
vt 0.336580 0.000000
vt 0.445270 0.000000
vt 0.977214 0.977214
vt 0.670503 0.611574
vt 0.445270 0.445270
vt 0.336580 0.336580
vt 0.814796 0.000000
vt 1.000000 0.047566
vt 0.685979 0.276464
vt 0.000000 0.000000
vt 0.545447 0.141152
vt 1.000000 0.317905
vt 1.000000 0.412848
vt 0.482586 0.854105
vt 0.485418 0.855398
vt 0.473963 0.858350
vt 0.473210 0.855721
vt 0.459667 0.862484
vt 0.459730 0.859580
vt 0.473210 0.855721
vt 0.459947 0.862740
vt 0.478385 0.873383
vt 0.473844 0.874144
vt 0.487669 0.856281
vt 0.485328 0.862959
vt 0.482262 0.872381
vt 0.480089 0.879045
vt 0.481695 0.874270
vt 0.499029 0.908516
vt 0.489905 0.910861
vt 0.486093 0.896600
vt 0.496715 0.906348
vt 0.499029 0.908516
vt 0.502001 0.911914
vt 0.497433 0.916949
vt 0.492262 0.918149
vt 0.481049 0.914076
vt 0.484606 0.897786
vt 0.485473 0.896632
vt 0.483068 0.921678
vt 0.480511 0.917965
vt 0.480283 0.917414
vt 0.481049 0.914076
vt 0.492254 0.918152
vt 0.479290 0.878816
vt 0.474435 0.874677
s 0
f 4973/6653/3491 4982/6654/3491 4957/6655/3491 4974/6656/3491
f 4986/6657/3492 4974/6658/3492 4957/6659/3492 4987/6660/3492
f 4963/6661/3493 4984/6662/3493 4988/6663/3493
f 4975/6664/3494 4984/6662/3494 4963/6665/3494 4990/6666/3494 4977/6667/3494 4976/6668/3494
f 4984/6669/3495 4986/6670/3495 4987/6671/3495 4988/6672/3495
f 4967/6673/3496 4977/6674/3496 4990/6675/3496
f 4967/6676/3497 4990/6677/3497 4979/6678/3497
f 4978/6679/3498 4980/6680/3498 4967/6681/3498 4979/6682/3498
f 4980/6683/3499 4978/6684/3499 4983/6685/3499 4992/6686/3499 4981/6687/3499
f 4992/6688/3500 4983/6689/3500 4982/6690/3500 4973/6691/3500
s 1
f 4955/6692/3501 4972/6693/3502 4953/6694/3503 4985/6695/3504
f 4953/6694/3503 4962/6696/3505 4960/6697/3506 4985/6698/3504
f 4962/6699/3505 4953/6694/3503 4951/6700/3507 4989/6701/3508
f 4972/6702/3502 4968/6703/3509 4970/6704/3510 4951/6700/3507 4953/6694/3503
f 4966/6705/3511 4951/6700/3507 4970/6706/3510
f 4971/6707/3512 4952/6708/3513 4991/6709/3514 4969/6710/3515
f 4971/6711/3512 4950/6712/3516 4956/6713/3516 4958/6714/3517 4952/6708/3513
f 4952/6708/3513 4965/6715/3518 4964/6716/3519 4991/6717/3514
f 4959/6718/3520 4961/6719/3520 4954/6720/3520 4965/6721/3518 4952/6708/3513 4958/6722/3517
f 4966/6723/3511 4989/6724/3508 4951/6700/3507
o Circle_cell.094
v 0.008222 0.417330 -0.006268
v 0.114645 0.355432 -0.258690
v 0.001288 0.435181 -0.012925
v 0.001321 0.425697 -0.000373
v 0.143831 0.396158 -0.062769
v 0.010214 0.437474 -0.029463
v 0.003115 0.444416 -0.007005
v 0.011130 0.427411 0.001675
v 0.068133 0.420947 -0.026925
v 0.000117 0.438783 -0.009363
v 0.002799 0.441859 0.000650
v -0.000636 0.440206 -0.004315
v 0.003811 0.432430 0.002497
v 0.249020 0.321384 -0.249020
v 0.296455 0.261968 -0.122796
v 0.227608 0.261968 -0.227608
v 0.144364 0.333351 -0.320754
v 0.145848 0.328913 -0.318670
v 0.167777 0.240394 -0.251208
v 0.163141 0.261968 -0.269954
v 0.148386 0.321384 -0.315122
v 0.317795 0.332756 -0.148642
v 0.215369 0.234103 -0.215369
v 0.287097 0.245611 -0.118919
v 0.294091 0.254348 -0.111357
v 0.298699 0.261968 -0.111959
v 0.313734 0.298780 -0.129953
v 0.321349 0.332429 -0.143107
v 0.320740 0.321384 -0.139833
v 0.144364 0.333351 -0.320754
v 0.145848 0.328913 -0.318670
v 0.148386 0.321384 -0.315122
v 0.163141 0.261968 -0.269954
v 0.167777 0.240394 -0.251208
v 0.287097 0.245611 -0.118919
v 0.294091 0.254348 -0.111357
v 0.313734 0.298780 -0.129953
v 0.320740 0.321384 -0.139833
v 0.321349 0.332429 -0.143107
v 0.317795 0.332756 -0.148642
v 0.215369 0.234103 -0.215369
v 0.298699 0.261968 -0.111959
v 0.249020 0.321384 -0.249020
vn -0.8279 0.0403 0.5594
vn -0.6573 0.7225 0.2142
vn -0.7982 0.5381 -0.2708
vn -0.9819 -0.1600 -0.1014
vn -0.9738 -0.1827 -0.1354
vn -0.8811 -0.3785 -0.2836
vn -0.8689 -0.4163 -0.2679
vn -0.8681 -0.4185 -0.2669
vn -0.7987 -0.5949 -0.0905
vn -0.0594 -0.6072 0.7923
vn -0.1334 -0.3465 0.9285
vn -0.7931 0.0340 0.6082
vn 0.2515 0.2120 0.9444
vn 0.4536 0.3205 0.8316
vn 0.4046 0.8622 0.3047
vn 0.3826 0.9059 0.1814
vn 0.2159 0.9390 -0.2679
vn 0.2500 0.9489 -0.1926
vn -0.7279 0.5556 -0.4019
vn -0.8777 0.1610 -0.4514
vn -0.8787 0.1489 -0.4536
vn -0.0848 0.9252 -0.3698
vn 0.8182 -0.2044 -0.5374
vn 0.7851 -0.3432 -0.5157
vn 0.6349 -0.4401 -0.6350
vn -0.3754 -0.8489 0.3720
vn -0.0674 -0.6215 0.7805
vn -0.0555 -0.6080 0.7920
vn 0.4234 0.1192 0.8981
vn 0.4703 0.2260 0.8531
vn 0.4989 0.4799 0.7217
vn 0.8064 -0.4880 -0.3340
vn 0.6168 -0.4890 -0.6168
vn 0.7615 -0.4484 -0.4680
vn 0.8550 -0.4875 -0.1771
vn 0.5256 -0.2889 -0.8002
vn 0.4841 -0.4716 -0.7370
vn 0.5374 -0.2044 -0.8182
vn 0.4691 -0.5197 -0.7141
vn 0.6011 -0.5277 -0.6002
vn 0.8366 -0.5197 -0.1733
vn 0.7608 -0.5255 -0.3808
vn 0.2391 0.9414 -0.2377
vt 0.000000 0.000000
vt 1.000000 0.000000
vt 1.000000 1.000000
vt 0.387522 0.000000
vt 1.000000 0.239383
vt 0.239383 0.239383
vt 0.295184 0.247786
vt 0.805264 0.355077
vt 1.000000 0.399632
vt 0.407802 0.000000
vt 1.000000 0.235968
vt 0.235968 0.235968
vt 0.246151 0.000000
vt 1.000000 0.612478
vt 0.457021 0.103891
vt 0.455340 0.104316
vt 0.453823 0.101736
vt 0.487174 0.092354
vt 0.321734 0.000000
vt 1.000000 0.592198
vt 0.767401 0.413421
vt 0.371117 0.319982
vt 1.000000 0.304028
vt 0.301462 0.000000
vt 0.301462 0.301462
vt 0.340309 0.000000
vt 0.340309 0.340309
vt 0.684663 0.299143
vt 0.902236 0.278667
vt 1.000000 0.276721
vt 0.353350 0.000000
vt 0.446774 0.085192
vt 0.480478 0.073979
vt 0.486851 0.091373
vt 0.453823 0.101736
vt 0.450113 0.095765
vt 0.443855 0.086093
vt 0.518679 0.079310
vt 0.501567 0.064986
vt 0.520491 0.081040
vt 0.521266 0.082282
vt 0.494274 0.059815
vt 0.476884 0.064937
vt 0.443317 0.083535
vt 0.445019 0.079875
vt 0.445172 0.079618
vt 0.448888 0.035116
vt 0.746517 0.746517
vt 1.000000 0.753849
s 0
f 4996/6725/3521 5003/6726/3521 5004/6727/3521
f 5003/6725/3522 4999/6726/3522 5004/6727/3522
f 4999/6725/3523 5002/6726/3523 5004/6727/3523
f 5002/6725/3524 4996/6726/3524 5004/6727/3524
f 5002/6725/3525 4995/6726/3525 4996/6727/3525
f 4995/6725/3526 4994/6726/3526 4996/6727/3526
f 4994/6725/3527 5022/6728/3527 5023/6729/3527 4996/6727/3527
f 4996/6727/3528 5023/6730/3528 5024/6731/3528 5025/6732/3528 5026/6733/3528
f 5026/6734/3529 4993/6726/3529 4996/6727/3529
f 4993/6725/3530 5000/6726/3530 4996/6727/3530
f 5000/6725/3531 5005/6726/3531 4996/6727/3531
f 5005/6725/3532 5003/6726/3532 4996/6727/3532
f 5005/6725/3533 5000/6726/3533 5003/6727/3533
f 5000/6725/3534 5001/6726/3534 5003/6727/3534
f 5001/6725/3535 4999/6726/3535 5003/6727/3535
f 5001/6725/3536 4997/6726/3536 4999/6727/3536
f 4999/6727/3537 4997/6725/3537 5031/6735/3537
f 5031/6736/3538 5032/6737/3538 4998/6726/3538 4999/6727/3538
f 4998/6725/3539 5002/6726/3539 4999/6727/3539
f 4998/6725/3540 4995/6726/3540 5002/6727/3540
f 4998/6725/3541 4994/6726/3541 4995/6727/3541
f 5022/6738/3542 4994/6727/3542 4998/6725/3542
s 1
f 5014/6739/3543 5020/6740/3543 5021/6741/3544 5035/6742/3545
s 0
f 5027/6743/3546 4993/6726/3546 5026/6744/3546 5015/6745/3546
f 4993/6727/3547 5027/6746/3547 5028/6747/3547
f 5000/6726/3548 4993/6727/3548 5028/6748/3548
f 5001/6726/3549 5000/6727/3549 5028/6749/3549 5018/6750/3549
f 5001/6727/3550 5018/6751/3550 5029/6752/3550 5030/6753/3550 5031/6754/3550
f 5031/6755/3551 4997/6726/3551 5001/6727/3551
s 1
f 5007/6756/3552 5008/6757/3553 5035/6758/3545 5021/6759/3544 5019/6760/3554
f 5007/6756/3552 5019/6760/3554 5034/6761/3555
f 5013/6762/3556 5035/6758/3545 5008/6757/3553 5012/6763/3557
f 5035/6758/3545 5013/6762/3556 5010/6764/3558 5009/6765/3558
f 5011/6766/3559 5012/6763/3557 5008/6757/3553 5033/6767/3560
f 5017/6768/3561 5016/6769/3562 5007/6756/3552 5034/6761/3555
f 5033/6767/3560 5008/6757/3553 5007/6756/3552 5016/6770/3562
s 0
f 5006/6771/3563 5022/6772/3563 4998/6726/3563 5032/6773/3563
o Circle_cell.095
v 0.079631 1.792712 -0.032984
v 0.067253 1.774241 -0.027857
v 0.072134 1.766790 -0.001280
v 0.072759 1.774241 -0.001270
v 0.074912 1.789147 -0.001248
v 0.085289 1.786067 -0.001225
v 0.081590 1.759186 -0.001265
v 0.075845 1.795673 -0.001286
v 0.086200 1.792712 -0.001264
v 0.075541 1.802083 -0.007216
v 0.085691 1.800280 -0.007028
v 0.058511 1.802892 -0.048532
v 0.063835 1.805896 -0.059157
v 0.060009 1.796287 -0.044553
v 0.066647 1.794854 -0.053095
v 0.068045 1.789284 -0.049777
v 0.061103 1.791661 -0.041698
v 0.076937 1.739996 -0.014447
v 0.068507 1.750602 -0.012261
v 0.075398 1.759327 -0.031231
v 0.066831 1.768762 -0.027682
v 0.069275 1.742368 -0.005234
v 0.079784 1.741428 -0.001392
v 0.077584 1.732487 -0.007689
v 0.075215 1.806574 -0.011914
v 0.085013 1.805727 -0.012678
v 0.071505 1.806271 -0.029618
v 0.080685 1.805371 -0.033421
v 0.072759 1.774241 -0.001270
v 0.074912 1.789147 -0.001248
v 0.072134 1.766790 -0.001280
v 0.085289 1.786067 -0.001225
v 0.086200 1.792712 -0.001264
v 0.075845 1.795673 -0.001286
v 0.075541 1.802083 -0.007216
v 0.058511 1.802892 -0.048532
v 0.060009 1.796287 -0.044553
v 0.061103 1.791661 -0.041698
v 0.068507 1.750602 -0.012261
v 0.066831 1.768762 -0.027682
v 0.076937 1.739996 -0.014447
v 0.075398 1.759327 -0.031231
v 0.069275 1.742368 -0.005234
v 0.081590 1.759186 -0.001265
v 0.079784 1.741428 -0.001392
v 0.077584 1.732487 -0.007689
v 0.075215 1.806574 -0.011914
v 0.085691 1.800280 -0.007028
v 0.085013 1.805727 -0.012678
v 0.071505 1.806271 -0.029618
v 0.080685 1.805371 -0.033421
v 0.063835 1.805896 -0.059157
v 0.067253 1.774241 -0.027857
v 0.066647 1.794854 -0.053095
v 0.068045 1.789284 -0.049777
vn -0.0025 -0.0011 1.0000
vn -0.0004 0.0059 1.0000
vn 0.1409 0.6401 0.7553
vn -0.7349 -0.4620 -0.4965
vn -0.7317 -0.4748 -0.4890
vn -0.7679 -0.4630 -0.4426
vn -0.7291 -0.4868 -0.4810
vn -0.2180 -0.0701 0.9734
vn -0.3382 -0.4848 0.8066
vn 0.1156 0.7220 0.6822
vn 0.9745 -0.0977 -0.2018
vn 0.9543 -0.1244 -0.2717
vn 0.9726 -0.1159 -0.2014
vn 0.9180 -0.1126 -0.3804
vn 0.9725 -0.1166 -0.2014
vn 0.9705 -0.1335 -0.2010
vn 0.8283 -0.1312 -0.5447
vn 0.8315 -0.1009 -0.5463
vn 0.9201 -0.0898 -0.3812
vn 0.8326 -0.0882 -0.5469
vn 0.9754 -0.0882 -0.2020
vn -0.9560 0.1178 0.2688
vn -0.9732 0.1112 0.2015
vn -0.9696 0.1398 0.2008
vn -0.9185 0.1422 0.3691
vn -0.8276 0.1398 0.5436
vn -0.9760 0.0816 0.2021
vn -0.0384 0.9993 -0.0028
vt 1.000000 0.876266
vt 0.696937 0.656915
vt 0.548044 0.548044
vt 0.469533 0.465467
vt 1.000000 0.849779
vt 1.000000 0.847476
vt 1.000000 0.874147
vt 0.876266 0.876266
vt 0.849779 0.849779
vt 0.874147 0.874147
vt 0.847475 0.847475
vt 0.849464 0.000000
vt 0.875331 0.000000
vt 0.509601 0.509601
vt 0.416497 0.416497
vt 1.000000 0.876046
vt 1.000000 0.896510
vt 1.000000 0.883995
vt 1.000000 0.903349
vt 0.896510 0.896510
vt 0.923396 0.878969
vt 1.000000 0.346140
vt 0.951128 0.595760
vt 0.940266 0.669060
vt 0.903349 0.903349
vt 0.883995 0.883995
vt 0.947037 0.481320
vt 1.000000 0.215123
vt 0.215123 0.215123
vt 0.482587 0.000000
vt 0.772448 0.000000
vt 0.346140 0.346140
vt 1.000000 0.454522
vt 1.000000 0.548044
vt 0.113951 0.000000
vt 0.260722 0.000000
vt 0.704706 0.000000
vt 0.260722 0.260722
vt 0.310656 0.000000
vt 1.000000 0.124669
vt 1.000000 0.150536
vt 0.851160 0.000000
vt 0.876135 0.000000
vt 0.580773 0.831904
vt 0.583561 0.835135
vt 0.593520 0.848524
vt 0.574704 0.846948
vt 0.574951 0.835938
vt 0.574690 0.847418
vt 0.590830 0.868687
vt 0.573113 0.866084
vt 0.573420 0.862291
vt 0.593788 0.848549
vt 0.603368 0.869106
vt 0.604361 0.871598
vt 0.589285 0.875626
vt 0.604784 0.873035
vt 0.606614 0.880530
vt 0.589284 0.875626
vt 0.578190 0.873824
vt 0.575645 0.870476
vt 0.575776 0.916220
vt 0.563413 0.911423
vt 0.565418 0.904099
vt 0.566312 0.900904
vt 0.570171 0.898702
vt 0.573227 0.897206
vt 0.582256 0.900108
vt 0.593445 0.907013
vt 0.589632 0.909421
vt 0.586983 0.911069
vt 0.582256 0.900108
vt 0.562230 0.914209
vt 0.563413 0.911423
vt 0.574623 0.918214
vt 0.564418 0.922202
vt 0.558902 0.922293
vt 0.917651 0.862161
vt 1.000000 0.429395
vt 1.000000 0.523462
vt 0.932929 0.885565
vt 0.876135 0.876135
vt 0.851160 0.851160
s 0
f 5065/6774/3564 5064/6775/3564 5066/6776/3564 5079/6777/3564 5067/6778/3564
f 5068/6779/3565 5069/6780/3565 5065/6781/3565 5067/6782/3565
f 5069/6783/3566 5068/6784/3566 5083/6785/3566 5070/6786/3566
f 5071/6787/3567 5048/6788/3567 5089/6789/3567 5072/6790/3567
f 5090/6791/3568 5073/6792/3568 5072/6793/3568 5089/6794/3568
f 5074/6795/3569 5075/6796/3569 5037/6797/3569 5073/6798/3569 5090/6799/3569 5077/6800/3569 5076/6801/3569
f 5076/6802/3570 5081/6803/3570 5078/6804/3570 5074/6805/3570
f 5079/6806/3571 5066/6807/3571 5078/6808/3571 5080/6809/3571
f 5081/6810/3572 5080/6811/3572 5078/6812/3572
f 5070/6813/3573 5083/6814/3573 5084/6815/3573 5082/6816/3573
s 1
f 5059/6817/3574 5053/6818/3574 5055/6819/3575 5042/6820/3576 5058/6821/3574
f 5042/6822/3576 5055/6819/3575 5036/6823/3577 5044/6824/3578 5041/6825/3579
f 5036/6823/3577 5055/6826/3575 5051/6827/3580 5050/6828/3581
f 5086/6829/3582 5036/6823/3577 5050/6830/3581 5087/6831/3583
f 5044/6824/3578 5036/6823/3577 5086/6832/3582 5061/6833/3584 5046/6834/3584
f 5088/6835/3585 5039/6836/3586 5040/6837/3587 5043/6838/3587 5045/6839/3587 5060/6840/3587 5085/6841/3588
f 5047/6842/3589 5049/6843/3589 5052/6844/3589 5088/6835/3585 5085/6845/3588
f 5038/6846/3590 5039/6847/3586 5088/6835/3585 5056/6848/3590 5054/6849/3590 5057/6850/3590
s 0
f 5063/6851/3591 5048/6852/3591 5071/6853/3591 5062/6854/3591 5082/6855/3591 5084/6856/3591
o Circle_cell.096
v -0.032656 0.567070 -0.080512
v -0.006889 0.548806 -0.005821
v -0.016851 0.549470 -0.011594
v 0.018555 0.462253 -0.029687
v 0.158721 0.510423 -0.160190
v -0.000733 0.522928 -0.001309
v -0.000540 0.486771 -0.000587
v -0.000064 0.480189 -0.001802
v 0.136062 0.573929 -0.328482
v 0.140635 0.488801 -0.339524
v 0.223824 0.644534 -0.249052
v 0.128361 0.650587 -0.309890
v 0.240348 0.617635 -0.246497
v 0.244913 0.607540 -0.246613
v 0.247695 0.593812 -0.249021
v 0.251432 0.573929 -0.252701
v 0.253810 0.550462 -0.255011
v 0.252552 0.538031 -0.257888
v 0.140480 0.428582 -0.339149
v 0.134191 0.423704 -0.340418
v 0.204034 0.488801 -0.297880
v 0.119814 0.447948 -0.343560
v 0.095816 0.488801 -0.348806
v 0.042302 0.573929 -0.347901
v -0.003943 0.643009 -0.337653
v 0.000000 0.637748 -0.339855
v 0.223824 0.644534 -0.249052
v 0.240348 0.617635 -0.246497
v 0.128361 0.650587 -0.309890
v 0.244913 0.607540 -0.246613
v 0.247695 0.593812 -0.249021
v 0.251432 0.573929 -0.252701
v 0.253810 0.550462 -0.255011
v 0.252552 0.538031 -0.257888
v 0.204034 0.488801 -0.297880
v 0.140480 0.428582 -0.339149
v 0.134191 0.423704 -0.340418
v 0.119814 0.447948 -0.343560
v -0.003943 0.643009 -0.337653
v 0.000000 0.637748 -0.339855
v 0.042302 0.573929 -0.347901
v 0.095816 0.488801 -0.348806
vn -0.0994 0.9544 0.2814
vn 0.5712 0.4180 0.7064
vn 0.6297 0.2764 0.7260
vn 0.7034 0.0179 0.7106
vn 0.7070 0.0020 0.7073
vn 0.7177 -0.0617 0.6936
vn 0.5706 -0.7492 0.3363
vn 0.5461 -0.7821 0.3002
vn -0.8207 -0.5179 -0.2412
vn -0.8223 -0.5143 -0.2437
vn -0.9633 -0.2098 0.1673
vn -0.8768 -0.1478 0.4576
vn -0.5211 0.0142 0.8534
vn -0.4995 0.0321 0.8657
vn 0.7115 -0.0775 0.6984
vn 0.7039 -0.2825 0.6517
vn -0.8287 -0.5132 -0.2233
vn 0.2020 0.0900 -0.9753
vn 0.3819 0.0658 -0.9219
vn 0.3071 -0.0067 -0.9517
vn 0.2028 -0.0066 -0.9792
vn 0.5459 0.1062 -0.8311
vn 0.3749 0.1983 -0.9056
vn 0.5388 0.1920 -0.8203
vn 0.5439 0.1366 -0.8280
vn 0.1970 0.2207 -0.9552
vn 0.1946 0.2609 -0.9455
vn 0.3693 0.2596 -0.8923
vn 0.5316 0.2497 -0.8093
vn -0.1115 0.9564 0.2700
vt 0.000000 0.000000
vt 1.000000 0.000000
vt 0.582690 0.582690
vt 0.582366 0.582366
vt 0.583288 0.000000
vt 1.000000 0.588074
vt 0.583288 0.583288
vt 1.000000 0.594548
vt 0.588074 0.588074
vt 0.594548 0.594548
vt 0.608382 0.000000
vt 0.603119 0.318757
vt 1.000000 0.370811
vt 0.608382 0.608382
vt 0.370811 0.370811
vt 0.586488 0.586488
vt 0.799217 0.000000
vt 0.795931 0.026601
vt 0.689544 0.337055
vt 1.000000 0.778318
vt 0.799217 0.799217
vt 0.766307 0.023376
vt 0.790447 0.285161
vt 0.793600 0.622880
vt 0.778318 0.778318
vt 0.759768 0.000000
vt 1.000000 1.000000
vt 0.553260 0.121100
vt 0.539087 0.124774
vt 0.533965 0.107773
vt 0.535527 0.105863
vt 0.542111 0.111416
vt 0.518400 0.129970
vt 0.533965 0.107773
vt 0.544565 0.149989
vt 0.505354 0.157320
vt 0.503912 0.151048
vt 0.504000 0.147561
vt 0.518400 0.129970
vt 0.575459 0.144798
vt 0.591810 0.167910
vt 0.548021 0.174300
vt 0.591606 0.165754
vt 0.548021 0.174300
vt 0.512656 0.176970
vt 0.508617 0.169704
vt 0.507156 0.166943
vt 0.506382 0.163023
vt 0.759768 0.759768
vt 1.000000 0.582690
vt 0.598040 0.330171
s 0
f 5093/6857/3592 5092/6858/3592 5117/6859/3592
f 5117/6860/3593 5092/6857/3593 5118/6861/3593
f 5092/6857/3594 5096/6858/3594 5120/6862/3594 5118/6863/3594
f 5121/6864/3595 5120/6865/3595 5096/6857/3595 5097/6858/3595
f 5121/6866/3596 5097/6857/3596 5123/6867/3596 5122/6868/3596
f 5097/6857/3597 5095/6858/3597 5124/6869/3597 5123/6870/3597
f 5124/6871/3598 5095/6857/3598 5094/6858/3598
f 5124/6872/3599 5094/6857/3599 5127/6873/3599 5126/6874/3599 5125/6875/3599
f 5091/6858/3600 5128/6876/3600 5127/6877/3600 5094/6857/3600
f 5130/6878/3601 5131/6879/3601 5132/6880/3601 5128/6881/3601 5091/6857/3601 5129/6882/3601
f 5091/6857/3602 5098/6858/3602 5093/6883/3602
f 5098/6857/3603 5097/6858/3603 5093/6883/3603
f 5097/6857/3604 5096/6858/3604 5093/6883/3604
f 5096/6857/3605 5092/6858/3605 5093/6883/3605
f 5098/6857/3606 5095/6858/3606 5097/6883/3606
f 5098/6857/3607 5094/6858/3607 5095/6883/3607
f 5098/6857/3608 5091/6858/3608 5094/6883/3608
s 1
f 5113/6884/3609 5100/6885/3610 5109/6886/3611 5110/6887/3612 5112/6888/3612
f 5111/6889/3613 5109/6890/3611 5100/6885/3610
f 5099/6891/3614 5106/6892/3615 5107/6893/3616 5108/6894/3616 5111/6895/3613 5100/6885/3610
f 5114/6896/3617 5099/6891/3614 5100/6885/3610 5113/6884/3609
f 5115/6897/3618 5119/6898/3619 5099/6891/3614 5114/6896/3617 5116/6899/3618
f 5106/6892/3615 5099/6891/3614 5119/6900/3619 5101/6901/3620 5103/6902/3620 5104/6903/3620 5105/6904/3620
s 0
f 5129/6905/3621 5091/6857/3621 5093/6858/3621 5117/6906/3621 5102/6907/3621
o Circle_cell.097
v 0.001644 0.930197 0.000617
v 0.002350 0.807142 0.000664
v 0.059459 0.781866 0.012218
v 0.016586 0.781048 0.015926
v 0.182652 0.820978 0.037043
v 0.164104 0.976106 0.067974
v 0.236890 0.872857 -0.000000
v 0.178182 0.976106 -0.000000
v 0.179791 0.906675 0.114507
v 0.143282 0.934314 0.142058
v 0.220235 0.872857 0.080421
v 0.223844 0.868017 0.075737
v 0.213783 0.881242 0.088552
v 0.237297 0.850018 0.058156
v 0.134794 0.955467 0.133527
v 0.126114 1.045251 -0.051396
v 0.149309 1.002921 0.061846
v 0.141326 0.976106 0.102650
v 0.144806 1.031817 -0.000000
v 0.242297 0.852444 0.027629
v 0.240344 0.864250 0.005982
v 0.211080 0.894351 -0.065613
v 0.234228 0.872857 -0.012854
v 0.239769 0.867578 -0.000000
v 0.164326 0.976106 -0.066901
v 0.194556 0.918490 -0.079121
v 0.133513 1.031851 -0.054431
v 0.179791 0.906675 0.114507
v 0.143282 0.934314 0.142058
v 0.220235 0.872857 0.080421
v 0.213783 0.881242 0.088552
v 0.223844 0.868017 0.075737
v 0.237297 0.850018 0.058156
v 0.126114 1.045251 -0.051396
v 0.144806 1.031817 -0.000000
v 0.134794 0.955467 0.133527
v 0.141326 0.976106 0.102650
v 0.149309 1.002921 0.061846
v 0.242297 0.852444 0.027629
v 0.240344 0.864250 0.005982
v 0.239769 0.867578 -0.000000
v 0.211080 0.894351 -0.065613
v 0.234228 0.872857 -0.012854
v 0.164326 0.976106 -0.066901
v 0.194556 0.918490 -0.079121
v 0.133513 1.031851 -0.054431
vn 0.0604 -0.6636 0.7457
vn 0.0663 -0.6679 0.7413
vn 0.0702 -0.6697 0.7393
vn -0.5319 0.7517 0.3899
vn -0.7066 0.0018 0.7076
vn -0.7346 -0.0040 0.6784
vn -0.0631 -0.5293 -0.8461
vn 0.0753 -0.6925 0.7175
vn 0.4674 -0.8840 0.0063
vn 0.3518 -0.8081 -0.4724
vn 0.3496 -0.8040 -0.4810
vn -0.3814 -0.0040 -0.9244
vn -0.3835 -0.0026 -0.9235
vn -0.0556 -0.5163 -0.8546
vn 0.8446 0.5060 -0.1749
vn 0.8570 0.5134 -0.0451
vn 0.8640 0.5035 -0.0000
vn 0.8504 0.4957 -0.1761
vn 0.8765 0.4779 0.0578
vn 0.8740 0.4860 -0.0000
vn 0.8577 0.4825 0.1776
vn 0.8638 0.4709 0.1789
vn 0.7988 0.5024 0.3309
vn 0.8303 0.4917 0.2623
vn 0.7302 0.4865 0.4797
vn 0.7283 0.4907 0.4784
vn 0.8566 0.4844 -0.1774
vn 0.8555 0.4865 -0.1772
vn 0.8152 0.5118 0.2711
vt 0.149778 0.000000
vt 1.000000 0.000000
vt 1.000000 0.405762
vt 0.834924 0.247908
vt 0.405762 0.405762
vt 0.000000 0.000000
vt 1.000000 0.174426
vt 0.940136 0.201240
vt 0.174426 0.174426
vt 0.231936 0.000000
vt 0.209837 0.000000
vt 1.000000 0.812104
vt 0.832351 0.690873
vt 0.613703 0.529488
vt 0.356596 0.255009
vt 1.000000 0.850222
vt 0.812104 0.812104
vt 1.000000 1.000000
vt 0.746929 0.746929
vt 1.000000 0.768064
vt 1.000000 0.746929
vt 0.504032 0.000000
vt 0.504032 0.504032
vt 0.422369 0.000000
vt 0.486959 0.376157
vt 0.502419 0.467505
vt 0.538061 0.000000
vt 1.000000 0.836398
vt 0.769955 0.422510
vt 1.000000 0.790163
vt 0.836398 0.836398
vt 0.534512 0.000000
vt 0.494438 0.494438
vt 0.487458 0.330950
vt 0.487863 0.337925
vt 0.461648 0.333286
vt 0.457943 0.304370
vt 0.485732 0.301937
vt 0.451574 0.259791
vt 0.451883 0.261656
vt 0.425109 0.266884
vt 0.426545 0.264854
vt 0.431846 0.257304
vt 0.441792 0.256211
vt 0.449442 0.258999
vt 0.425109 0.266884
vt 0.430212 0.309401
vt 0.422480 0.270930
vt 0.401012 0.306829
vt 0.398849 0.298429
vt 0.411920 0.284005
vt 0.422480 0.270930
vt 0.413801 0.312808
vt 0.456299 0.261149
vt 0.483854 0.277504
vt 0.485732 0.301937
vt 0.476786 0.268142
vt 0.432846 0.323175
vt 0.413801 0.312808
vt 0.432846 0.323175
s 0
f 5161/6908/3622 5136/6909/3622 5160/6910/3622
f 5163/6911/3623 5160/6912/3623 5136/6913/3623 5137/6909/3623 5164/6914/3623 5162/6915/3623
f 5164/6916/3624 5137/6913/3624 5165/6917/3624
f 5166/6918/3625 5133/6909/3625 5168/6919/3625 5169/6920/3625 5170/6921/3625 5167/6922/3625
f 5161/6923/3626 5168/6924/3626 5133/6913/3626 5136/6909/3626
f 5133/6913/3627 5134/6909/3627 5136/6925/3627
f 5134/6913/3628 5135/6909/3628 5136/6925/3628
f 5135/6913/3629 5137/6909/3629 5136/6925/3629
f 5137/6925/3630 5171/6926/3630 5165/6927/3630
f 5171/6928/3631 5137/6925/3631 5135/6913/3631 5172/6929/3631
f 5172/6930/3632 5135/6913/3632 5174/6931/3632 5175/6932/3632 5173/6933/3632
f 5177/6934/3633 5134/6909/3633 5178/6935/3633 5176/6936/3633
f 5133/6909/3634 5166/6937/3634 5178/6938/3634 5134/6913/3634
f 5174/6939/3635 5135/6909/3635 5134/6925/3635 5177/6940/3635
s 1
f 5159/6941/3636 5148/6942/3636 5151/6943/3637 5140/6944/3638 5157/6945/3639
f 5156/6946/3640 5139/6947/3641 5143/6948/3642 5144/6949/3643 5146/6950/3643 5152/6951/3643 5153/6952/3643
f 5143/6953/3642 5139/6947/3641 5140/6944/3638 5138/6954/3644 5145/6955/3645
f 5147/6956/3646 5142/6957/3646 5141/6958/3646 5145/6959/3645 5138/6954/3644 5150/6960/3647
f 5155/6961/3648 5139/6947/3641 5156/6946/3640
f 5158/6962/3649 5157/6963/3639 5140/6944/3638 5139/6947/3641 5155/6961/3648 5154/6964/3649
f 5138/6954/3644 5149/6965/3650 5150/6966/3647
f 5149/6967/3650 5138/6954/3644 5140/6944/3638 5151/6943/3637
o Circle_cell.098
v -0.000596 0.421026 -0.002862
v -0.000528 0.434796 -0.012594
v -0.007810 0.434313 -0.009181
v -0.001990 0.429278 -0.002865
v -0.002307 0.438056 -0.005474
v -0.122796 0.261968 -0.296455
v -0.109280 0.204931 -0.263825
v -0.226594 0.260826 -0.227444
v -0.190216 0.188140 -0.191885
v -0.201674 0.204931 -0.203135
v -0.143450 0.332979 -0.321261
v -0.157767 0.321384 -0.308960
v -0.134576 0.324193 -0.324895
v -0.056917 0.261968 -0.310099
v -0.001168 0.220180 -0.295688
v -0.000773 0.202641 -0.284111
v -0.000951 0.186945 -0.269093
v -0.000751 0.206891 -0.287519
v -0.099175 0.177180 -0.239430
v -0.190216 0.188140 -0.191885
v -0.201674 0.204931 -0.203135
v -0.226594 0.260826 -0.227444
v -0.143450 0.332979 -0.321261
v -0.157767 0.321384 -0.308960
v -0.056917 0.261968 -0.310099
v -0.001168 0.220180 -0.295688
v -0.000773 0.202641 -0.284111
v -0.000951 0.186945 -0.269093
v -0.000751 0.206891 -0.287519
v -0.099175 0.177180 -0.239430
v -0.134576 0.324193 -0.324895
vn -0.7049 -0.0058 0.7093
vn -0.6368 0.7705 0.0283
vn -0.5462 0.8370 -0.0344
vn 0.1637 0.9118 -0.3766
vn 0.5957 0.6418 -0.4830
vn 1.0000 -0.0069 0.0047
vn 0.9996 0.0204 -0.0177
vn 1.0000 -0.0035 0.0021
vn 0.2564 -0.7244 0.6399
vn -0.6331 -0.1068 0.7667
vn 0.9021 0.1525 0.4036
vn -0.6369 0.1984 0.7450
vn 0.9745 0.1264 0.1856
vn -0.4352 -0.3801 -0.8161
vn -0.3333 -0.4861 -0.8078
vn -0.4748 -0.4991 -0.7249
vn -0.4976 -0.4113 -0.7637
vn -0.1751 -0.5037 -0.8460
vn -0.5374 -0.2044 -0.8182
vn -0.1726 -0.5242 -0.8339
vn -0.1621 -0.6009 -0.7828
vn -0.3045 -0.6057 -0.7351
vn -0.4402 -0.5975 -0.6702
vn -0.4011 -0.6828 -0.6106
vn -0.2766 -0.6893 -0.6696
vn -0.1482 -0.6828 -0.7154
vn -0.7202 0.0367 0.6928
vt 0.272914 0.000000
vt 1.000000 0.000000
vt 1.000000 0.540734
vt 0.457540 0.142653
vt 0.537127 0.537127
vt 0.000000 0.000000
vt 0.761849 0.000000
vt 0.731951 0.084833
vt 0.761849 0.761849
vt 0.765311 0.765311
vt 0.768852 0.723094
vt 0.762482 0.762482
vt 0.697760 0.000000
vt 0.732906 0.302141
vt 0.725457 0.000000
vt 0.676036 0.676036
vt 1.000000 0.676664
vt 0.302240 0.000000
vt 0.812941 0.676921
vt 0.676664 0.676664
vt 1.000000 0.724225
vt 0.623183 0.378047
vt 0.274543 0.000000
vt 0.724225 0.724225
vt 1.000000 1.000000
vt 0.048983 0.246881
vt 0.043275 0.226995
vt 0.079962 0.216264
vt 0.056653 0.244127
vt 0.021055 0.231678
vt 0.048101 0.247135
vt 0.052322 0.249499
vt 0.000978 0.217953
vt 0.000422 0.212344
vt 0.000365 0.211513
vt 0.038308 0.205793
vt 0.021055 0.231678
vt 0.079724 0.215553
vt 0.072973 0.196118
vt 0.070512 0.188630
vt 0.035801 0.192768
vt 0.000396 0.210374
vt 0.000587 0.202550
vt 0.540734 0.540734
s 0
f 5198/6968/3651 5182/6969/3651 5200/6970/3651 5199/6971/3651
f 5200/6972/3652 5181/6973/3652 5201/6974/3652 5202/6975/3652
f 5181/6973/3653 5183/6969/3653 5201/6976/3653
f 5183/6973/3654 5180/6969/3654 5201/6977/3654
f 5209/6978/3655 5201/6979/3655 5180/6973/3655 5204/6980/3655 5203/6981/3655
f 5179/6973/3656 5206/6982/3656 5205/6983/3656
f 5180/6969/3657 5207/6984/3657 5204/6985/3657
f 5205/6986/3658 5207/6987/3658 5180/6973/3658 5179/6969/3658
f 5179/6969/3659 5198/6988/3659 5208/6989/3659 5206/6990/3659
f 5198/6991/3660 5179/6973/3660 5182/6969/3660
f 5179/6973/3661 5183/6969/3661 5182/6992/3661
f 5183/6973/3662 5181/6969/3662 5182/6992/3662
f 5179/6973/3663 5180/6969/3663 5183/6992/3663
s 1
f 5191/6993/3664 5184/6994/3665 5186/6995/3666 5190/6996/3667
f 5192/6997/3668 5184/6994/3665 5191/6998/3664
f 5191/6993/3664 5190/6996/3667 5189/6999/3669
f 5193/7000/3670 5196/7001/3670 5194/7002/3671 5185/7003/3672 5184/6994/3665 5192/7004/3668
f 5186/7005/3666 5184/6994/3665 5185/7003/3672 5188/7006/3673
f 5187/7007/3674 5188/7006/3673 5185/7003/3672 5197/7008/3675
f 5185/7003/3672 5194/7009/3671 5195/7010/3676 5197/7008/3675
s 0
f 5200/7011/3677 5182/6973/3677 5181/6969/3677
o Circle_cell.099
v 0.063075 0.422808 -0.022668
v 0.009760 0.434502 0.002925
v 0.092321 0.491211 0.016252
v 0.044338 0.479518 0.017615
v 0.103207 0.472258 0.059002
v 0.005973 0.438239 0.003083
v 0.338944 0.395728 0.140395
v 0.368021 0.395728 0.000000
v 0.368650 0.488801 0.000000
v 0.335137 0.365087 0.127226
v 0.360332 0.359672 0.000000
v 0.337067 0.364556 -0.117363
v 0.340463 0.374796 -0.111508
v 0.347497 0.395728 -0.099098
v 0.360328 0.488801 -0.040184
v 0.360183 0.526799 -0.015043
v 0.356236 0.551024 0.017628
v 0.361603 0.538845 0.000000
v 0.339507 0.486116 0.140628
v 0.340546 0.488801 0.135700
v 0.334446 0.395728 0.147244
v 0.324956 0.462940 0.162501
v 0.333107 0.365597 0.137557
v 0.323919 0.470785 0.164174
v 0.360332 0.359672 0.000000
v 0.337067 0.364556 -0.117363
v 0.335137 0.365087 0.127226
v 0.340463 0.374796 -0.111508
v 0.360328 0.488801 -0.040184
v 0.360183 0.526799 -0.015043
v 0.347497 0.395728 -0.099098
v 0.356236 0.551024 0.017628
v 0.361603 0.538845 0.000000
v 0.339507 0.486116 0.140628
v 0.340546 0.488801 0.135700
v 0.334446 0.395728 0.147244
v 0.324956 0.462940 0.162501
v 0.333107 0.365597 0.137557
v 0.323919 0.470785 0.164174
vn -0.2078 -0.9782 0.0005
vn -0.1735 0.5316 -0.8290
vn -0.1664 0.5437 -0.8226
vn -0.1716 0.6144 -0.7701
vn -0.1743 0.7808 -0.6000
vn 0.9182 -0.1078 0.3811
vn 0.9469 -0.2066 0.2462
vn 0.9585 -0.2044 0.1985
vn 0.9780 -0.2086 -0.0001
vn 0.9943 -0.1068 -0.0000
vn -0.4161 -0.2583 0.8719
vn -0.4230 -0.4617 0.7797
vn -0.2111 -0.9774 0.0068
vn -0.4653 -0.4390 -0.7686
vn -0.2353 0.5100 -0.8274
vn -0.5429 0.2192 0.8107
vn -0.2076 0.8697 0.4478
vn -0.4187 -0.2420 0.8753
vn 0.9585 -0.2044 -0.1985
vn 0.9693 -0.1421 -0.2007
vn 0.9785 0.0390 -0.2026
vn 0.9978 0.0659 -0.0000
vn 0.8322 -0.0924 0.5467
vn 0.9791 0.0156 0.2028
vn 0.9452 -0.0067 0.3265
vn 0.8358 -0.0066 0.5490
vn 0.9868 0.1390 0.0836
vn 0.9700 0.1366 -0.2009
vn 0.9700 0.1366 0.2009
vn -0.2013 0.8772 0.4360
vt 1.000000 0.000000
vt 1.000000 0.771562
vt 0.606108 0.443200
vt 0.233842 0.000000
vt 0.771562 0.771562
vt 0.000000 0.000000
vt 1.000000 0.792095
vt 0.844899 0.000000
vt 0.845272 0.202048
vt 0.810918 0.686454
vt 0.792095 0.792095
vt 0.844899 0.844899
vt 0.822116 0.822116
vt 0.808867 0.000000
vt 0.825916 0.452848
vt 0.390283 0.139181
vt 0.388336 0.131845
vt 0.390791 0.131053
vt 0.421165 0.121479
vt 0.423631 0.130262
vt 0.998256 0.792068
vt 0.756925 0.553812
vt 0.226102 0.000000
vt 0.793743 0.793743
vt 1.000000 0.766158
vt 0.791712 0.791712
vt 1.000000 1.000000
vt 1.000000 0.247635
vt 1.000000 0.773898
vt 0.700800 0.700800
vt 0.450331 0.114510
vt 0.449471 0.117522
vt 0.447668 0.123652
vt 0.421165 0.121479
vt 0.439258 0.149671
vt 0.429452 0.152110
vt 0.447668 0.123652
vt 0.388296 0.132065
vt 0.388399 0.139708
vt 0.397341 0.160407
vt 0.396004 0.160088
vt 0.388538 0.156386
vt 0.396004 0.160088
vt 0.388589 0.158320
vt 0.432436 0.164148
vt 0.439258 0.149671
vt 0.435335 0.160602
vt 0.432436 0.164148
vt 0.428921 0.168143
vt 0.247635 0.247635
vt 0.758479 0.114465
vt 0.761627 0.143427
vt 0.808866 0.808866
s 0
f 5210/7012/3678 5235/7013/3678 5234/7014/3678 5236/7015/3678
f 5235/7016/3679 5210/7017/3679 5213/7012/3679 5237/7018/3679
f 5213/7017/3680 5239/7019/3680 5238/7020/3680 5240/7021/3680 5237/7022/3680
f 5212/7012/3681 5239/7023/3681 5213/7017/3681
f 5239/7024/3682 5212/7017/3682 5241/7025/3682 5242/7026/3682
s 1
f 5216/7027/3683 5232/7028/3684 5219/7029/3685 5220/7030/3686 5217/7031/3687
s 0
f 5247/7032/3688 5245/7033/3688 5246/7034/3688 5215/7012/3688
f 5215/7017/3689 5211/7012/3689 5247/7035/3689
f 5210/7012/3690 5236/7036/3690 5247/7037/3690 5211/7017/3690
f 5211/7017/3691 5215/7012/3691 5210/7038/3691
f 5215/7017/3692 5213/7012/3692 5210/7038/3692
f 5215/7017/3693 5214/7012/3693 5213/7038/3693
f 5213/7038/3694 5214/7017/3694 5248/7039/3694
f 5246/7040/3695 5248/7041/3695 5214/7017/3695 5215/7012/3695
s 1
f 5221/7042/3696 5222/7043/3696 5223/7044/3697 5217/7031/3687 5220/7045/3686
f 5224/7046/3698 5218/7047/3699 5217/7031/3687 5223/7048/3697
f 5232/7049/3684 5216/7027/3683 5230/7050/3700
f 5216/7027/3683 5217/7031/3687 5218/7047/3699 5244/7051/3701 5243/7052/3702
f 5231/7053/3703 5230/7050/3700 5216/7027/3683 5243/7054/3702 5233/7055/3703
f 5227/7056/3704 5218/7047/3699 5224/7057/3698 5225/7058/3705
f 5244/7051/3701 5218/7047/3699 5227/7059/3704 5226/7060/3706
s 0
f 5248/7061/3707 5228/7062/3707 5229/7063/3707 5241/7064/3707 5212/7012/3707 5213/7038/3707
