# Blender 4.3.2
# www.blender.org
mtllib VineBootleDestructable.mtl
o Label
v -0.000000 0.331699 0.069120
v -0.034685 0.065526 0.060312
v 0.000000 0.065542 0.069606
v 0.034685 0.065526 0.060312
v 0.034674 0.331682 0.059829
v -0.034674 0.331682 0.059829
v 0.034529 0.331270 0.059587
v -0.000000 0.331698 0.068620
v -0.034540 0.331267 0.059585
v -0.034591 0.065986 0.060141
v 0.000000 0.065541 0.069106
v 0.034584 0.065985 0.060141
v 0.034556 0.065525 0.059829
v 0.034545 0.331681 0.059346
v -0.034556 0.065525 0.059829
v -0.034545 0.331681 0.059346
v -0.017337 0.331690 0.066276
v -0.017278 0.065533 0.066269
v -0.017273 0.331690 0.065785
v -0.017343 0.065534 0.066761
v 0.017337 0.331690 0.066276
v 0.017343 0.065534 0.066761
v 0.017272 0.331690 0.065785
v 0.017278 0.065533 0.066269
v 0.017337 0.331690 0.066276
v -0.000000 0.331699 0.069120
v 0.034674 0.331682 0.059829
v 0.034674 0.331682 0.059829
v 0.034685 0.065526 0.060312
v 0.034685 0.065526 0.060312
v 0.017343 0.065534 0.066761
v 0.000000 0.065542 0.069606
v -0.017337 0.331690 0.066276
v -0.034674 0.331682 0.059829
v -0.034674 0.331682 0.059829
v 0.017272 0.331690 0.065785
v -0.000000 0.331698 0.068620
v -0.017278 0.065533 0.066269
v -0.034556 0.065525 0.059829
v -0.034556 0.065525 0.059829
v 0.034545 0.331681 0.059346
v 0.034545 0.331681 0.059346
v 0.034556 0.065525 0.059829
v 0.034556 0.065525 0.059829
v 0.017278 0.065533 0.066269
v 0.000000 0.065541 0.069106
v -0.034545 0.331681 0.059346
v -0.034545 0.331681 0.059346
v -0.017273 0.331690 0.065785
v -0.017343 0.065534 0.066761
v -0.034685 0.065526 0.060312
v -0.034685 0.065526 0.060312
vn 0.2564 0.0018 0.9666
vn -0.0000 0.0018 1.0000
vn -0.2564 0.0018 0.9666
vn -0.3485 0.0017 0.9373
vn 0.9594 0.0184 -0.2814
vn 0.9828 0.0727 -0.1696
vn 0.9758 -0.1248 -0.1795
vn 0.9623 -0.0331 -0.2701
vn -0.2568 -0.0018 -0.9665
vn -0.0000 -0.0018 -1.0000
vn -0.9813 0.0622 -0.1822
vn -0.9600 0.0155 -0.2797
vn -0.9625 -0.0282 -0.2698
vn -0.9756 -0.1075 -0.1914
vn 0.2568 -0.0018 -0.9665
vn 0.3493 -0.0017 -0.9370
vn -0.0000 1.0000 -0.0018
vn -0.0002 1.0000 -0.0017
vn -0.9340 -0.1008 -0.3428
vn -0.0000 -1.0000 0.0018
vn -0.0002 -1.0000 0.0018
vn 0.9416 0.0869 -0.3254
vn 0.9272 -0.1167 -0.3559
vn -0.9458 0.0747 -0.3162
vn 0.0002 1.0000 -0.0017
vn 0.0002 -1.0000 0.0018
vn -0.3493 -0.0017 -0.9370
vn 0.3485 0.0017 0.9373
vt 0.639367 0.160503
vt 0.639347 0.987956
vt 0.583546 0.987955
vt 0.583548 0.160502
vt 0.527730 0.160503
vt 0.527745 0.987956
vt 0.471944 0.987957
vt 0.471912 0.160504
vt 0.944749 0.427945
vt 0.944908 0.427792
vt 0.944924 0.603777
vt 0.944800 0.603622
vt 0.956736 0.427789
vt 0.968564 0.427786
vt 0.968573 0.603780
vt 0.956749 0.603778
vt 0.992219 0.427787
vt 0.992380 0.427966
vt 0.992335 0.603634
vt 0.992221 0.603775
vt 0.980391 0.427786
vt 0.980397 0.603777
vt 0.956664 0.604021
vt 0.944755 0.603940
vt 0.992382 0.603944
vt 0.980476 0.427542
vt 0.992389 0.427619
vt 0.944755 0.427638
vt 0.956659 0.427551
vt 0.968563 0.427464
vt 0.980477 0.604024
vt 0.968573 0.604103
vt 0.695185 0.160504
vt 0.695148 0.987957
s 1
f 31/1/1 25/2/1 26/3/2 32/4/2
f 50/5/3 33/6/3 34/7/4 52/8/4
f 12/9/5 43/10/6 41/11/7 7/12/8
f 45/13/9 46/14/10 37/15/10 36/16/9
f 40/17/11 10/18/12 9/19/13 47/20/14
f 38/21/15 39/17/16 48/20/16 49/22/15
f 21/23/17 28/24/18 42/11/18 23/16/17
f 35/25/19 47/20/14 9/19/13
f 20/26/20 2/27/21 15/17/21 18/21/20
f 29/28/22 43/10/6 12/9/5
f 27/24/23 7/12/8 41/11/7
f 51/27/24 10/18/12 40/17/11
f 22/29/20 3/30/20 11/14/20 24/13/20
f 17/31/17 1/32/17 8/15/17 19/22/17
f 27/24/23 29/28/22 12/9/5 7/12/8
f 51/27/24 35/25/19 9/19/13 10/18/12
f 6/25/25 17/31/17 19/22/17 16/20/25
f 3/30/20 20/26/20 18/21/20 11/14/20
f 46/14/10 38/21/15 49/22/15 37/15/10
f 32/4/2 26/3/2 33/6/3 50/5/3
f 30/28/26 22/29/20 24/13/20 44/10/26
f 1/32/17 21/23/17 23/16/17 8/15/17
f 13/10/27 45/13/9 36/16/9 14/11/27
f 4/33/28 5/34/28 25/2/1 31/1/1
o Bottle
v -0.000000 0.030870 -0.006976
v -0.000000 0.423422 -0.027943
v 0.003461 0.030872 -0.006049
v 0.013602 0.423428 -0.024298
v 0.005995 0.030877 -0.003515
v 0.023559 0.423446 -0.014341
v 0.006922 0.030883 -0.000054
v 0.027204 0.423469 -0.000739
v 0.005995 0.030889 0.003407
v 0.023559 0.423493 0.012863
v 0.003461 0.030893 0.005941
v 0.013602 0.423511 0.022820
v -0.000000 0.030895 0.006868
v -0.000000 0.423517 0.026465
v -0.003461 0.030893 0.005941
v -0.013602 0.423511 0.022820
v -0.005995 0.030889 0.003407
v -0.023559 0.423493 0.012863
v -0.006922 0.030883 -0.000054
v -0.027204 0.423469 -0.000739
v -0.005995 0.030877 -0.003515
v -0.023559 0.423446 -0.014341
v -0.003461 0.030872 -0.006049
v -0.013602 0.423428 -0.024298
v -0.000056 0.573365 -0.020226
v 0.009533 0.573370 -0.017657
v 0.016553 0.573382 -0.010637
v 0.019122 0.573398 -0.001049
v 0.016553 0.573415 0.008540
v 0.009533 0.573427 0.015560
v -0.000056 0.573432 0.018129
v -0.009645 0.573427 0.015560
v -0.016664 0.573415 0.008540
v -0.019234 0.573398 -0.001049
v -0.016664 0.573382 -0.010637
v -0.009645 0.573370 -0.017657
v -0.000000 0.362434 -0.069981
v 0.034674 0.362450 -0.060690
v 0.060058 0.362495 -0.035307
v 0.069349 0.362555 -0.000633
v 0.060058 0.362616 0.034042
v 0.034674 0.362660 0.059425
v -0.000000 0.362676 0.068716
v -0.034675 0.362660 0.059425
v -0.060058 0.362616 0.034042
v -0.069349 0.362555 -0.000633
v -0.060058 0.362495 -0.035307
v -0.034675 0.362450 -0.060690
v -0.000000 0.378602 -0.066175
v 0.032757 0.378617 -0.057398
v 0.056737 0.378659 -0.033418
v 0.065514 0.378716 -0.000661
v 0.056737 0.378773 0.032096
v 0.032757 0.378815 0.056076
v -0.000000 0.378830 0.064853
v -0.032757 0.378815 0.056076
v -0.056737 0.378773 0.032096
v -0.065514 0.378716 -0.000661
v -0.056737 0.378659 -0.033418
v -0.032757 0.378617 -0.057398
v -0.000000 0.397161 -0.057318
v 0.028312 0.397175 -0.049732
v 0.049038 0.397211 -0.029006
v 0.056625 0.397260 -0.000693
v 0.049038 0.397310 0.027619
v 0.028312 0.397346 0.048345
v -0.000000 0.397359 0.055931
v -0.028313 0.397346 0.048345
v -0.049039 0.397310 0.027619
v -0.056625 0.397260 -0.000693
v -0.049039 0.397211 -0.029006
v -0.028313 0.397175 -0.049732
v -0.000000 0.410895 -0.045766
v 0.022524 0.410906 -0.039730
v 0.039013 0.410935 -0.023241
v 0.045048 0.410974 -0.000717
v 0.039013 0.411013 0.021807
v 0.022524 0.411042 0.038296
v -0.000000 0.411053 0.044331
v -0.022524 0.411042 0.038296
v -0.039013 0.411013 0.021807
v -0.045049 0.410974 -0.000717
v -0.039013 0.410935 -0.023241
v -0.022524 0.410906 -0.039730
v 0.034688 0.003365 -0.060083
v 0.060081 0.003410 -0.034689
v 0.069376 0.003470 -0.000002
v 0.060081 0.003531 0.034686
v 0.034688 0.003575 0.060079
v -0.000000 0.003591 0.069374
v -0.034688 0.003575 0.060079
v -0.060081 0.003531 0.034686
v -0.069376 0.003470 -0.000002
v -0.060081 0.003410 -0.034689
v -0.034688 0.003365 -0.060083
v -0.000000 0.003349 -0.069377
v 0.034131 0.370306 -0.059763
v 0.059116 0.370349 -0.034777
v 0.068261 0.370409 -0.000646
v 0.059116 0.370468 0.033484
v 0.034131 0.370512 0.058470
v -0.000000 0.370528 0.067615
v -0.034131 0.370512 0.058470
v -0.059116 0.370468 0.033484
v -0.068262 0.370409 -0.000647
v -0.059116 0.370349 -0.034777
v -0.034131 0.370306 -0.059763
v -0.000000 0.370290 -0.068908
v 0.013602 0.564594 -0.024545
v -0.027204 0.564635 -0.000986
v -0.023559 0.564659 0.012616
v -0.013602 0.564676 0.022574
v -0.000000 0.564682 0.026218
v 0.013602 0.564676 0.022574
v 0.023559 0.564659 0.012616
v 0.027203 0.564635 -0.000986
v -0.013602 0.564594 -0.024545
v 0.023559 0.564611 -0.014587
v -0.023559 0.564611 -0.014587
v -0.000000 0.564587 -0.028189
v 0.028365 0.563289 -0.017360
v -0.028365 0.563289 -0.017360
v -0.000000 0.563260 -0.033736
v 0.016376 0.563268 -0.029348
v -0.032754 0.563317 -0.000983
v -0.028365 0.563346 0.015393
v -0.016377 0.563367 0.027382
v -0.000000 0.563375 0.031770
v 0.016376 0.563367 0.027382
v 0.028365 0.563346 0.015393
v 0.032753 0.563317 -0.000983
v -0.016377 0.563268 -0.029348
v 0.028365 0.549789 -0.017336
v -0.028365 0.549789 -0.017336
v -0.000000 0.549760 -0.033713
v 0.016376 0.549768 -0.029325
v -0.032754 0.549817 -0.000960
v -0.028365 0.549846 0.015417
v -0.016377 0.549867 0.027405
v -0.000000 0.549874 0.031794
v 0.016376 0.549867 0.027405
v 0.028365 0.549846 0.015417
v 0.032753 0.549817 -0.000960
v -0.016377 0.549768 -0.029325
v 0.023559 0.548403 -0.014559
v -0.023559 0.548403 -0.014559
v -0.000000 0.548380 -0.028161
v 0.013602 0.548386 -0.024516
v -0.027204 0.548427 -0.000957
v -0.023559 0.548451 0.012645
v -0.013602 0.548468 0.022602
v -0.000000 0.548475 0.026246
v 0.013602 0.548468 0.022602
v 0.023559 0.548451 0.012645
v 0.027203 0.548427 -0.000957
v -0.013602 0.548386 -0.024516
v 0.013602 0.573223 -0.024560
v -0.000000 0.573217 -0.028204
v 0.023559 0.573241 -0.014602
v 0.027203 0.573265 -0.001001
v 0.023559 0.573288 0.012601
v 0.013602 0.573306 0.022559
v -0.000000 0.573312 0.026203
v -0.013602 0.573306 0.022559
v -0.023559 0.573288 0.012601
v -0.027204 0.573265 -0.001001
v -0.023560 0.573241 -0.014602
v -0.013602 0.573223 -0.024560
v -0.000000 -0.000116 -0.066627
v 0.033313 -0.000101 -0.057700
v 0.057700 -0.000058 -0.033313
v 0.066627 0.000000 0.000000
v 0.057700 0.000058 0.033313
v 0.033313 0.000101 0.057700
v -0.000000 0.000116 0.066627
v -0.033313 0.000101 0.057700
v -0.057701 0.000058 0.033313
v -0.066627 -0.000000 -0.000000
v -0.057701 -0.000058 -0.033313
v -0.033314 -0.000101 -0.057700
v -0.020919 0.427760 -0.000739
v -0.000000 0.427796 0.020181
v 0.020919 0.427760 -0.000738
v -0.000000 0.427723 -0.021658
v -0.018117 0.427741 -0.011198
v -0.010460 0.427791 0.017378
v 0.018116 0.427778 0.009721
v -0.010460 0.427728 -0.018855
v 0.010459 0.427728 -0.018855
v -0.018117 0.427778 0.009721
v 0.010459 0.427791 0.017378
v 0.018116 0.427741 -0.011198
v 0.012315 0.023902 -0.021372
v -0.000000 0.023896 -0.024672
v 0.021331 0.023918 -0.012357
v 0.024630 0.023939 -0.000042
v 0.021331 0.023961 0.012274
v -0.000000 0.023982 0.024589
v 0.012315 0.023977 0.021289
v -0.012315 0.023977 0.021289
v -0.021331 0.023961 0.012274
v -0.024631 0.023939 -0.000042
v -0.021331 0.023918 -0.012357
v -0.012315 0.023902 -0.021372
v -0.000000 0.008583 -0.033549
v 0.016767 0.008692 0.029026
v 0.016767 0.008591 -0.029056
v 0.029041 0.008612 -0.016782
v 0.033534 0.008642 -0.000015
v 0.029041 0.008671 0.016752
v -0.000000 0.008700 0.033519
v -0.016767 0.008692 0.029026
v -0.029041 0.008671 0.016752
v -0.033534 0.008642 -0.000015
v -0.029041 0.008612 -0.016782
v -0.016767 0.008591 -0.029056
v -0.014103 0.426169 -0.000736
v -0.012214 0.426157 -0.007787
v -0.000000 0.426193 0.013367
v -0.007052 0.426190 0.011478
v 0.014102 0.426169 -0.000736
v 0.012213 0.426181 0.006316
v -0.007052 0.426148 -0.012949
v -0.000000 0.426144 -0.014838
v 0.007051 0.426148 -0.012949
v -0.012214 0.426181 0.006316
v 0.012213 0.426157 -0.007787
v 0.007051 0.426190 0.011478
v -0.000000 -0.000116 -0.066627
v 0.033313 -0.000101 -0.057700
v 0.013602 0.423428 -0.024298
v -0.000000 0.423422 -0.027943
v 0.057700 -0.000058 -0.033313
v 0.023559 0.423446 -0.014341
v 0.066627 0.000000 0.000000
v 0.027204 0.423469 -0.000739
v 0.057700 0.000058 0.033313
v 0.023559 0.423493 0.012863
v 0.033313 0.000101 0.057700
v -0.000000 0.000116 0.066627
v -0.000000 0.423517 0.026465
v 0.013602 0.423511 0.022820
v -0.033313 0.000101 0.057700
v -0.013602 0.423511 0.022820
v -0.057701 0.000058 0.033313
v -0.023559 0.423493 0.012863
v -0.066627 -0.000000 -0.000000
v -0.027204 0.423469 -0.000739
v -0.057701 -0.000058 -0.033313
v -0.023559 0.423446 -0.014341
v -0.033314 -0.000101 -0.057700
v -0.013602 0.423428 -0.024298
v 0.013602 0.573223 -0.024560
v -0.000000 0.573217 -0.028204
v 0.023559 0.573241 -0.014602
v 0.027203 0.573265 -0.001001
v 0.023559 0.573288 0.012601
v -0.000000 0.573312 0.026203
v 0.013602 0.573306 0.022559
v -0.013602 0.573306 0.022559
v -0.023559 0.573288 0.012601
v -0.027204 0.573265 -0.001001
v -0.023560 0.573241 -0.014602
v -0.013602 0.573223 -0.024560
v -0.000000 0.003349 -0.069377
v 0.034688 0.003365 -0.060083
v 0.060081 0.003410 -0.034689
v 0.069376 0.003470 -0.000002
v 0.060081 0.003531 0.034686
v 0.034688 0.003575 0.060079
v -0.000000 0.003591 0.069374
v -0.034688 0.003575 0.060079
v -0.060081 0.003531 0.034686
v -0.069376 0.003470 -0.000002
v -0.060081 0.003410 -0.034689
v -0.034688 0.003365 -0.060083
v 0.013602 0.564594 -0.024545
v 0.023559 0.564611 -0.014587
v -0.027204 0.564635 -0.000986
v -0.023559 0.564611 -0.014587
v -0.023559 0.564659 0.012616
v -0.013602 0.564676 0.022574
v -0.000000 0.564682 0.026218
v 0.013602 0.564676 0.022574
v 0.027203 0.564635 -0.000986
v 0.023559 0.564659 0.012616
v -0.013602 0.564594 -0.024545
v -0.000000 0.564587 -0.028189
v -0.028365 0.563289 -0.017360
v -0.016377 0.563268 -0.029348
v 0.028365 0.563289 -0.017360
v 0.032753 0.563317 -0.000983
v -0.000000 0.563260 -0.033736
v 0.016376 0.563268 -0.029348
v 0.028365 0.563346 0.015393
v 0.016376 0.563367 0.027382
v -0.000000 0.563375 0.031770
v -0.016377 0.563367 0.027382
v -0.028365 0.563346 0.015393
v -0.032754 0.563317 -0.000983
v 0.016376 0.549768 -0.029325
v 0.028365 0.549789 -0.017336
v -0.032754 0.549817 -0.000960
v -0.028365 0.549789 -0.017336
v -0.028365 0.549846 0.015417
v -0.016377 0.549867 0.027405
v -0.000000 0.549874 0.031794
v 0.016376 0.549867 0.027405
v 0.032753 0.549817 -0.000960
v 0.028365 0.549846 0.015417
v -0.016377 0.549768 -0.029325
v -0.000000 0.549760 -0.033713
v -0.023559 0.548403 -0.014559
v -0.013602 0.548386 -0.024516
v 0.023559 0.548403 -0.014559
v 0.027203 0.548427 -0.000957
v -0.000000 0.548380 -0.028161
v 0.013602 0.548386 -0.024516
v 0.023559 0.548451 0.012645
v 0.013602 0.548468 0.022602
v -0.000000 0.548475 0.026246
v -0.013602 0.548468 0.022602
v -0.023559 0.548451 0.012645
v -0.027204 0.548427 -0.000957
v 0.009533 0.573370 -0.017657
v -0.000056 0.573365 -0.020226
v 0.016553 0.573382 -0.010637
v 0.019122 0.573398 -0.001049
v 0.016553 0.573415 0.008540
v -0.000056 0.573432 0.018129
v 0.009533 0.573427 0.015560
v -0.009645 0.573427 0.015560
v -0.016664 0.573415 0.008540
v -0.019234 0.573398 -0.001049
v -0.016664 0.573382 -0.010637
v -0.009645 0.573370 -0.017657
v -0.020919 0.427760 -0.000739
v -0.018117 0.427741 -0.011198
v -0.000000 0.427796 0.020181
v -0.010460 0.427791 0.017378
v 0.020919 0.427760 -0.000738
v 0.018116 0.427778 0.009721
v -0.010460 0.427728 -0.018855
v -0.000000 0.427723 -0.021658
v 0.010459 0.427728 -0.018855
v -0.018117 0.427778 0.009721
v 0.018116 0.427741 -0.011198
v 0.010459 0.427791 0.017378
v 0.021331 0.023961 0.012274
v 0.012315 0.023977 0.021289
v -0.012315 0.023902 -0.021372
v -0.000000 0.023896 -0.024672
v -0.021331 0.023918 -0.012357
v -0.024631 0.023939 -0.000042
v -0.021331 0.023961 0.012274
v -0.012315 0.023977 0.021289
v -0.000000 0.023982 0.024589
v 0.024630 0.023939 -0.000042
v 0.021331 0.023918 -0.012357
v 0.012315 0.023902 -0.021372
v 0.029041 0.008671 0.016752
v 0.016767 0.008692 0.029026
v -0.016767 0.008591 -0.029056
v -0.000000 0.008583 -0.033549
v -0.029041 0.008612 -0.016782
v -0.033534 0.008642 -0.000015
v -0.029041 0.008671 0.016752
v -0.016767 0.008692 0.029026
v -0.000000 0.008700 0.033519
v 0.033534 0.008642 -0.000015
v 0.029041 0.008612 -0.016782
v 0.016767 0.008591 -0.029056
vn 0.5940 0.7283 0.3417
vn 0.4967 0.8196 0.2854
vn 0.2868 0.8200 0.4953
vn 0.3429 0.7288 0.5927
vn -0.0000 0.7266 -0.6871
vn -0.0000 0.8181 -0.5750
vn 0.2868 0.8183 -0.4982
vn 0.3429 0.7267 -0.5952
vn 0.4967 0.8186 -0.2882
vn 0.5940 0.7272 -0.3442
vn 0.5736 0.8191 -0.0014
vn 0.6858 0.7278 -0.0013
vn -0.0000 -0.0017 -1.0000
vn -0.0000 0.0663 -0.9978
vn 0.4988 0.0665 -0.8641
vn 0.5000 -0.0014 -0.8660
vn -0.0000 0.8201 0.5722
vn -0.0000 0.7289 0.6846
vn -0.2868 0.8200 0.4953
vn -0.3429 0.7288 0.5927
vn -0.4967 0.8196 0.2854
vn -0.5940 0.7283 0.3416
vn -0.5736 0.8191 -0.0014
vn -0.6858 0.7278 -0.0013
vn 0.5000 0.0015 0.8660
vn 0.8660 0.0009 0.5000
vn -0.4967 0.8186 -0.2882
vn -0.5940 0.7272 -0.3442
vn -0.2868 0.8183 -0.4982
vn -0.3429 0.7267 -0.5952
vn -0.0000 -0.9762 0.2170
vn -0.1076 -0.9762 0.1881
vn -0.1864 -0.9764 0.1093
vn -0.2153 -0.9766 0.0017
vn -0.1864 -0.9767 -0.1059
vn -0.1076 -0.9769 -0.1847
vn -0.0000 -0.9769 -0.2136
vn 0.1076 -0.9769 -0.1847
vn 0.1864 -0.9767 -0.1059
vn 0.2153 -0.9766 0.0017
vn 0.1864 -0.9764 0.1093
vn 0.1076 -0.9762 0.1881
vn 0.8660 -0.0009 -0.5000
vn 0.5000 -0.0015 -0.8660
vn -0.8660 -0.0009 -0.5000
vn -1.0000 -0.0000 -0.0000
vn -0.8660 0.0009 0.5000
vn -0.5000 0.0015 0.8660
vn -0.0000 0.0017 1.0000
vn -0.4999 -0.0140 -0.8659
vn -0.8660 -0.0133 -0.4999
vn -0.8659 -0.0134 -0.5000
vn -0.5000 -0.0140 -0.8659
vn 1.0000 -0.0000 -0.0000
vn -0.5000 -0.0015 -0.8660
vn 0.8660 0.0010 0.5000
vn 0.8640 0.0689 0.4987
vn 0.4988 0.0695 0.8639
vn 0.5000 0.0016 0.8660
vn -0.5000 -0.0014 -0.8660
vn -0.4988 0.0665 -0.8641
vn -0.8660 -0.0008 -0.5000
vn -0.8640 0.0671 -0.4990
vn -1.0000 0.0001 -0.0000
vn -0.9977 0.0680 -0.0001
vn -0.8660 0.0010 0.5000
vn -0.8640 0.0689 0.4987
vn -0.5000 0.0016 0.8660
vn -0.4988 0.0695 0.8639
vn -0.0000 0.0018 1.0000
vn -0.0000 0.0698 0.9976
vn 1.0000 0.0001 -0.0000
vn 0.9977 0.0680 -0.0001
vn 0.8660 -0.0008 -0.5000
vn 0.8640 0.0671 -0.4990
vn -0.4874 0.2218 -0.8446
vn -0.4645 0.3689 -0.8051
vn -0.0000 0.3687 -0.9296
vn -0.0000 0.2216 -0.9751
vn -0.8442 0.2224 -0.4878
vn -0.8045 0.3695 -0.4651
vn -0.9748 0.2233 -0.0004
vn -0.9289 0.3703 -0.0006
vn -0.8442 0.2241 0.4870
vn -0.8045 0.3711 0.4638
vn -0.4874 0.2247 0.8438
vn -0.4645 0.3717 0.8038
vn -0.0000 0.2250 0.9744
vn -0.0000 0.3719 0.9283
vn 0.4874 0.2247 0.8438
vn 0.4645 0.3717 0.8038
vn 0.9748 0.2233 -0.0004
vn 0.9289 0.3703 -0.0006
vn 0.8045 0.3711 0.4638
vn 0.8442 0.2241 0.4870
vn 0.8442 0.2224 -0.4878
vn 0.8045 0.3695 -0.4651
vn 0.4874 0.2218 -0.8446
vn 0.4645 0.3689 -0.8051
vn -0.4228 0.5324 -0.7333
vn -0.0000 0.5322 -0.8466
vn -0.7324 0.5330 -0.4238
vn -0.8457 0.5337 -0.0009
vn -0.7324 0.5344 0.4219
vn -0.4228 0.5350 0.7314
vn -0.0000 0.5352 0.8447
vn 0.4228 0.5350 0.7314
vn 0.8457 0.5337 -0.0009
vn 0.7324 0.5344 0.4219
vn 0.7324 0.5330 -0.4238
vn 0.4228 0.5324 -0.7333
vn -0.0000 -0.6217 -0.7833
vn 0.3922 -0.6216 -0.6781
vn 0.3921 -0.6216 -0.6782
vn 0.6791 -0.6213 -0.3909
vn 0.6790 -0.6213 -0.3911
vn 0.7839 -0.6209 0.0012
vn 0.7839 -0.6209 0.0009
vn 0.6786 -0.6205 0.3930
vn 0.6787 -0.6205 0.3928
vn 0.3918 -0.6203 0.6795
vn 0.3917 -0.6203 0.6796
vn -0.0000 -0.6202 0.7845
vn -0.3917 -0.6203 0.6796
vn -0.3918 -0.6203 0.6795
vn -0.6786 -0.6205 0.3930
vn -0.6787 -0.6205 0.3928
vn -0.7839 -0.6209 0.0012
vn -0.7839 -0.6209 0.0009
vn -0.6791 -0.6213 -0.3909
vn -0.6790 -0.6213 -0.3911
vn -0.3922 -0.6216 -0.6781
vn -0.3921 -0.6216 -0.6782
vn 0.2000 0.9728 -0.1172
vn 0.1155 0.9726 -0.2017
vn -0.2000 0.9728 -0.1172
vn -0.2310 0.9730 -0.0017
vn -0.2000 0.9732 0.1138
vn -0.1155 0.9733 0.1983
vn -0.0000 0.9734 0.2293
vn 0.1155 0.9733 0.1983
vn 0.2000 0.9732 0.1138
vn 0.2310 0.9730 -0.0017
vn -0.0000 0.9726 -0.2327
vn -0.1155 0.9726 -0.2017
vn 0.2104 -0.9702 -0.1198
vn 0.1215 -0.9704 -0.2087
vn -0.2104 -0.9702 -0.1198
vn -0.2430 -0.9700 0.0017
vn -0.2104 -0.9698 0.1232
vn -0.1215 -0.9697 0.2121
vn -0.0000 -0.9696 0.2447
vn 0.1215 -0.9697 0.2121
vn 0.2104 -0.9698 0.1232
vn 0.2430 -0.9700 0.0017
vn -0.0000 -0.9705 -0.2413
vn -0.1215 -0.9704 -0.2087
vn -0.0000 0.9998 -0.0185
vn 0.0083 0.9998 -0.0162
vn 0.0084 0.9998 -0.0162
vn 0.0144 0.9998 -0.0101
vn 0.0144 0.9998 -0.0100
vn 0.0166 0.9999 -0.0018
vn 0.0166 0.9999 -0.0017
vn 0.0143 0.9999 0.0065
vn 0.0083 0.9999 0.0126
vn -0.0000 0.9999 0.0148
vn -0.0084 0.9999 0.0127
vn -0.0083 0.9999 0.0127
vn -0.0145 0.9999 0.0066
vn -0.0168 0.9999 -0.0018
vn -0.0168 0.9999 -0.0017
vn -0.0146 0.9998 -0.0102
vn -0.0084 0.9998 -0.0163
vn -0.2527 -0.9676 0.0017
vn -0.2188 -0.9673 0.1280
vn -0.2188 -0.9678 -0.1246
vn -0.0000 -0.9680 -0.2510
vn -0.1263 -0.9679 -0.2171
vn 0.1263 -0.9679 -0.2171
vn 0.2188 -0.9678 -0.1246
vn 0.2527 -0.9676 0.0017
vn 0.2188 -0.9673 0.1280
vn 0.1263 -0.9672 0.2205
vn -0.0000 -0.9671 0.2543
vn 0.8660 -0.0106 0.5000
vn 0.9999 -0.0116 0.0001
vn 0.9999 -0.0116 -0.0000
vn 0.5000 -0.0136 -0.8659
vn 0.0001 -0.0141 -0.9999
vn -0.0001 -0.0141 -0.9999
vn 0.4999 -0.0136 -0.8660
vn -0.9999 -0.0123 0.0001
vn -0.9999 -0.0123 -0.0000
vn 0.5000 -0.0099 0.8660
vn 0.4999 -0.0099 0.8660
vn -0.4999 -0.0103 0.8660
vn 0.0001 -0.0098 1.0000
vn -0.0001 -0.0098 1.0000
vn -0.5000 -0.0103 0.8659
vn 0.8660 -0.0127 -0.4999
vn 0.8659 -0.0127 -0.5000
vn -0.8659 -0.0112 0.5001
vn -0.8660 -0.0112 0.4999
vn -0.1968 0.9736 -0.1153
vn -0.2273 0.9738 -0.0017
vn -0.1331 0.9911 -0.0017
vn -0.1153 0.9910 -0.0683
vn -0.1263 -0.9672 0.2205
vn -0.3161 -0.9313 -0.1809
vn -0.1825 -0.9315 -0.3145
vn 0.1825 -0.9304 0.3178
vn -0.0000 -0.9304 0.3667
vn 0.3161 -0.9307 0.1841
vn 0.3650 -0.9310 0.0016
vn 0.3161 -0.9313 -0.1809
vn 0.1825 -0.9315 -0.3145
vn -0.0000 -0.9316 -0.3634
vn -0.3650 -0.9310 0.0016
vn -0.3161 -0.9307 0.1841
vn -0.1825 -0.9304 0.3178
vn -0.4321 -0.5043 -0.7476
vn -0.7485 -0.5038 -0.4313
vn -0.0000 -0.5015 0.8652
vn 0.4321 -0.5017 0.7494
vn 0.7485 -0.5022 0.4330
vn 0.8643 -0.5030 0.0009
vn 0.7485 -0.5038 -0.4313
vn 0.4321 -0.5043 -0.7476
vn -0.0000 -0.5045 -0.8634
vn -0.8643 -0.5030 0.0009
vn -0.7485 -0.5022 0.4330
vn -0.4321 -0.5017 0.7494
vn 0.1153 0.9912 0.0648
vn 0.1331 0.9911 -0.0017
vn 0.1153 0.9910 -0.0683
vn 0.0666 0.9909 -0.1170
vn -0.0000 0.9909 -0.1348
vn -0.0666 0.9909 -0.1170
vn -0.1153 0.9912 0.0648
vn -0.0666 0.9913 0.1136
vn -0.0000 0.9913 0.1314
vn 0.0666 0.9913 0.1136
vn -0.0000 0.9734 -0.2290
vn -0.1136 0.9735 -0.1985
vn -0.0000 0.9742 0.2256
vn 0.1136 0.9742 0.1951
vn 0.1968 0.9740 0.1119
vn -0.1968 0.9740 0.1119
vn 0.2273 0.9738 -0.0017
vn -0.1136 0.9742 0.1951
vn 0.1136 0.9735 -0.1985
vn 0.1968 0.9736 -0.1153
vt 0.890153 0.351246
vt 0.858154 0.342672
vt 0.858154 0.316529
vt 0.890153 0.307954
vt 0.750232 0.388738
vt 0.773659 0.365312
vt 0.796299 0.378384
vt 0.787724 0.410384
vt 0.822442 0.378384
vt 0.831016 0.410384
vt 0.845083 0.365312
vt 0.868508 0.388738
vt 0.604178 0.000000
vt 0.604191 0.671068
vt 0.546475 0.672108
vt 0.546440 0.001040
vt 0.845082 0.293888
vt 0.868507 0.270463
vt 0.822442 0.280817
vt 0.831016 0.248817
vt 0.796299 0.280817
vt 0.787724 0.248817
vt 0.773659 0.293889
vt 0.750232 0.270463
vt 0.089091 0.785597
vt 0.089501 0.762956
vt 0.105514 0.762956
vt 0.105105 0.785597
vt 0.760587 0.316529
vt 0.728586 0.307955
vt 0.760587 0.342672
vt 0.728587 0.351246
vt 0.056583 0.803799
vt 0.056583 0.810451
vt 0.053257 0.816213
vt 0.047496 0.819539
vt 0.040843 0.819539
vt 0.035082 0.816212
vt 0.031756 0.810451
vt 0.031756 0.803799
vt 0.035082 0.798038
vt 0.040843 0.794712
vt 0.047496 0.794712
vt 0.053257 0.798038
vt 0.871434 0.507889
vt 0.871844 0.485248
vt 0.887857 0.485248
vt 0.887448 0.507889
vt 0.887448 0.413824
vt 0.887856 0.436465
vt 0.871843 0.436465
vt 0.871434 0.413824
vt 0.887856 0.462608
vt 0.871843 0.462608
vt 0.887448 0.485248
vt 0.871434 0.485248
vt 0.089501 0.834380
vt 0.089091 0.811740
vt 0.105105 0.811740
vt 0.105514 0.834380
vt 0.981680 0.248817
vt 0.997641 0.249104
vt 1.000000 0.519279
vt 0.982590 0.518965
vt 0.871844 0.556672
vt 0.871434 0.534032
vt 0.887448 0.534032
vt 0.887857 0.556672
vt 0.089091 0.883164
vt 0.089091 0.857021
vt 0.105105 0.857021
vt 0.105105 0.883164
vt 0.089499 0.905804
vt 0.105513 0.905804
vt 0.182147 0.001045
vt 0.182112 0.672110
vt 0.124396 0.671065
vt 0.124408 0.000000
vt 0.670848 0.000000
vt 0.670835 0.671068
vt 0.728586 0.001040
vt 0.728551 0.672108
vt 0.488702 0.762952
vt 0.488689 0.091884
vt 0.546405 0.090843
vt 0.546440 0.761911
vt 0.422031 0.762952
vt 0.422044 0.091884
vt 0.364293 0.761911
vt 0.364329 0.090843
vt 0.057738 0.000000
vt 0.057751 0.671065
vt 0.000036 0.672110
vt 0.000000 0.001045
vt 0.306555 0.762955
vt 0.306542 0.091889
vt 0.364258 0.090846
vt 0.364293 0.761911
vt 0.239885 0.762955
vt 0.239898 0.091889
vt 0.182147 0.761911
vt 0.182182 0.090846
vt 0.670313 0.685703
vt 0.668993 0.701272
vt 0.606033 0.701272
vt 0.604713 0.685703
vt 0.727124 0.686726
vt 0.723517 0.702254
vt 0.488166 0.077250
vt 0.486846 0.061681
vt 0.541371 0.060697
vt 0.544977 0.076226
vt 0.422567 0.077250
vt 0.423887 0.061681
vt 0.365756 0.076226
vt 0.369363 0.060698
vt 0.058274 0.685700
vt 0.059594 0.701270
vt 0.005070 0.702256
vt 0.001463 0.686728
vt 0.123874 0.685700
vt 0.122554 0.701269
vt 0.871434 0.410793
vt 0.871434 0.642666
vt 0.848794 0.642257
vt 0.848794 0.410384
vt 0.306020 0.077255
vt 0.304700 0.061685
vt 0.359224 0.060699
vt 0.362831 0.076228
vt 0.240420 0.077255
vt 0.241740 0.061685
vt 0.183609 0.076228
vt 0.187216 0.060699
vt 0.551509 0.702254
vt 0.547902 0.686726
vt 0.664721 0.736180
vt 0.610305 0.736180
vt 0.711848 0.737029
vt 0.482575 0.026772
vt 0.529701 0.025922
vt 0.428158 0.026772
vt 0.381032 0.025922
vt 0.063865 0.736180
vt 0.016739 0.737032
vt 0.118282 0.736180
vt 0.180684 0.686728
vt 0.177078 0.702256
vt 0.300428 0.026775
vt 0.347555 0.025923
vt 0.246011 0.026775
vt 0.198885 0.025923
vt 0.563178 0.737029
vt 0.659159 0.762275
vt 0.615867 0.762275
vt 0.696651 0.762951
vt 0.477012 0.000676
vt 0.514504 0.000000
vt 0.433721 0.000676
vt 0.396229 0.000000
vt 0.069428 0.762278
vt 0.031936 0.762956
vt 0.112720 0.762278
vt 0.165408 0.737032
vt 0.294866 0.000678
vt 0.332357 0.000000
vt 0.251574 0.000678
vt 0.214082 0.000000
vt 0.578375 0.762951
vt 0.940460 0.036944
vt 0.944068 0.033335
vt 0.977403 0.091073
vt 0.972474 0.092394
vt 0.977403 0.157744
vt 0.972474 0.156423
vt 0.944068 0.215482
vt 0.940460 0.211873
vt 0.886330 0.248817
vt 0.885009 0.243888
vt 0.150211 0.762956
vt 0.820981 0.243887
vt 0.819660 0.248817
vt 0.761922 0.215482
vt 0.765530 0.211873
vt 0.728586 0.157744
vt 0.733516 0.156423
vt 0.728586 0.091073
vt 0.733516 0.092394
vt 0.761922 0.033335
vt 0.765530 0.036944
vt 0.819660 0.000000
vt 0.820981 0.004929
vt 0.886330 0.000000
vt 0.885009 0.004929
vt 0.751227 0.643074
vt 0.777370 0.643075
vt 0.777370 0.874948
vt 0.751227 0.874948
vt 0.728586 0.642666
vt 0.728586 0.874540
vt 0.751227 0.642256
vt 0.728586 0.642666
vt 0.728587 0.410794
vt 0.751227 0.410384
vt 0.777370 0.642256
vt 0.777370 0.410384
vt 0.822651 0.642257
vt 0.800011 0.642666
vt 0.800011 0.410793
vt 0.822651 0.410384
vt 0.848794 0.874540
vt 0.822651 0.874540
vt 0.822651 0.642666
vt 0.848794 0.642666
vt 0.089499 0.834380
vt 0.105513 0.834380
vt 0.800011 0.874948
vt 0.800011 0.643074
vt 0.871434 0.643074
vt 0.871434 0.874948
vt 0.800010 0.642666
vt 0.800010 0.410794
vt 0.471967 0.762952
vt 0.503443 0.762952
vt 0.500776 0.772904
vt 0.474633 0.772904
vt 0.546440 0.837425
vt 0.530702 0.864684
vt 0.523417 0.857399
vt 0.536488 0.834759
vt 0.503443 0.880422
vt 0.500776 0.870471
vt 0.471967 0.880422
vt 0.474633 0.870471
vt 0.444708 0.864684
vt 0.451993 0.857399
vt 0.428970 0.837425
vt 0.438921 0.834759
vt 0.428970 0.805949
vt 0.444708 0.778690
vt 0.451993 0.785975
vt 0.438921 0.808616
vt 0.530702 0.778690
vt 0.546440 0.805949
vt 0.536488 0.808616
vt 0.523417 0.785975
vt 0.896977 0.615407
vt 0.896486 0.642666
vt 0.871434 0.642666
vt 0.871925 0.615407
vt 0.156602 0.790215
vt 0.156602 0.821691
vt 0.131551 0.821691
vt 0.131551 0.790215
vt 0.896486 0.556672
vt 0.896977 0.583931
vt 0.871925 0.583931
vt 0.871434 0.556672
vt 0.156109 0.762956
vt 0.131058 0.762956
vt 0.156602 0.790215
vt 0.181653 0.790215
vt 0.181653 0.821691
vt 0.157095 0.848950
vt 0.182146 0.848950
vt 0.131058 0.821691
vt 0.130566 0.848950
vt 0.105514 0.848950
vt 0.106006 0.821691
vt 0.131058 0.790215
vt 0.106006 0.790215
vt 0.130566 0.762956
vt 0.105514 0.762956
vt 0.682923 0.772903
vt 0.656780 0.772903
vt 0.654113 0.762951
vt 0.685590 0.762951
vt 0.621068 0.834758
vt 0.634139 0.857398
vt 0.626854 0.864683
vt 0.611116 0.837424
vt 0.656780 0.870470
vt 0.654113 0.880421
vt 0.682923 0.870470
vt 0.685589 0.880421
vt 0.705563 0.857398
vt 0.712848 0.864683
vt 0.718635 0.834758
vt 0.728586 0.837424
vt 0.156109 0.848950
vt 0.131058 0.848950
vt 0.718635 0.808615
vt 0.705563 0.785974
vt 0.712849 0.778689
vt 0.728586 0.805948
vt 0.634139 0.785974
vt 0.621068 0.808615
vt 0.611116 0.805948
vt 0.626854 0.778689
vt 0.800010 0.642666
vt 0.800010 0.874540
vt 0.349959 0.821076
vt 0.349959 0.802646
vt 0.364293 0.798667
vt 0.364293 0.824810
vt 0.340744 0.786685
vt 0.351222 0.776027
vt 0.324784 0.777470
vt 0.328581 0.762955
vt 0.306354 0.777470
vt 0.302438 0.762955
vt 0.290393 0.786685
vt 0.281178 0.802646
vt 0.266726 0.798667
vt 0.279798 0.776027
vt 0.281178 0.821076
vt 0.266726 0.824810
vt 0.290393 0.837037
vt 0.279798 0.847450
vt 0.306354 0.846252
vt 0.302438 0.860522
vt 0.324784 0.846252
vt 0.328581 0.860522
vt 0.340744 0.837037
vt 0.351222 0.847451
vt 0.897017 0.168430
vt 0.913130 0.140521
vt 0.869108 0.184543
vt 0.808973 0.168430
vt 0.836882 0.184543
vt 0.792860 0.140521
vt 0.792860 0.108295
vt 0.808974 0.080387
vt 0.836882 0.064274
vt 0.869108 0.064273
vt 0.897017 0.080387
vt 0.892312 0.249106
vt 0.908273 0.248817
vt 0.907563 0.518970
vt 0.890153 0.519285
vt 0.947289 0.249104
vt 0.963250 0.248817
vt 0.962487 0.518965
vt 0.945077 0.519279
vt 0.928770 0.642954
vt 0.944731 0.642666
vt 0.943768 0.912816
vt 0.926358 0.913130
vt 0.908184 0.642666
vt 0.924145 0.642955
vt 0.926358 0.913136
vt 0.908948 0.912821
vt 0.873793 0.642955
vt 0.889754 0.642666
vt 0.888844 0.912821
vt 0.871434 0.913136
vt 0.926703 0.248817
vt 0.942664 0.249106
vt 0.945077 0.519285
vt 0.927667 0.518970
vt 0.963161 0.642666
vt 0.979122 0.642954
vt 0.981281 0.913130
vt 0.963871 0.912816
vt 0.219161 0.837982
vt 0.201751 0.827930
vt 0.210700 0.818982
vt 0.222437 0.825758
vt 0.157095 0.762956
vt 0.182147 0.762956
vt 0.913130 0.108295
vt 0.032334 0.851294
vt 0.011835 0.839459
vt 0.076503 0.774791
vt 0.088338 0.795290
vt 0.056004 0.762956
vt 0.032334 0.762956
vt 0.011835 0.774791
vt 0.000000 0.795290
vt 0.000000 0.818960
vt 0.056004 0.851294
vt 0.076503 0.839459
vt 0.088338 0.818960
vt 0.554333 0.795138
vt 0.554703 0.774639
vt 0.582725 0.762951
vt 0.582222 0.790860
vt 0.372187 0.818809
vt 0.372187 0.795139
vt 0.400073 0.790861
vt 0.400073 0.823087
vt 0.372558 0.774640
vt 0.400578 0.762952
vt 0.400949 0.839308
vt 0.400578 0.818809
vt 0.428465 0.823087
vt 0.428970 0.850996
vt 0.400578 0.795139
vt 0.428465 0.790861
vt 0.400949 0.774640
vt 0.428970 0.762952
vt 0.554703 0.839307
vt 0.554333 0.818808
vt 0.582222 0.823086
vt 0.582725 0.850994
vt 0.583095 0.839307
vt 0.582725 0.818808
vt 0.610613 0.823086
vt 0.611116 0.850994
vt 0.582725 0.795138
vt 0.610613 0.790860
vt 0.583095 0.774639
vt 0.611116 0.762951
vt 0.372558 0.839308
vt 0.400578 0.850995
vt 0.235989 0.775179
vt 0.247726 0.781955
vt 0.254503 0.793692
vt 0.254503 0.807245
vt 0.247726 0.818982
vt 0.235989 0.825758
vt 0.203923 0.807245
vt 0.203923 0.793692
vt 0.210700 0.781955
vt 0.222437 0.775179
vt 0.256675 0.827930
vt 0.239265 0.837982
vt 0.201751 0.773007
vt 0.219161 0.762955
vt 0.239265 0.762955
vt 0.191700 0.810520
vt 0.256675 0.773007
vt 0.191700 0.790417
vt 0.266726 0.810520
vt 0.266726 0.790417
s 1
f 129/35/29 290/36/30 294/37/31 130/38/32
f 125/39/33 284/40/34 283/41/35 126/42/36
f 126/42/36 283/41/35 286/43/37 127/44/38
f 127/44/38 286/43/37 288/45/39 128/46/40
f 148/47/41 89/48/42 90/49/43 137/50/44
f 128/46/40 288/45/39 290/36/30 129/35/29
f 130/38/32 294/37/31 293/51/45 131/52/46
f 131/52/46 293/51/45 296/53/47 132/54/48
f 132/54/48 296/53/47 298/55/49 133/56/50
f 133/56/50 298/55/49 300/57/51 134/58/52
f 166/59/53 167/60/54 309/61/54 311/62/53
f 134/58/52 300/57/51 302/63/55 135/64/56
f 135/64/56 302/63/55 304/65/57 136/66/58
f 53/67/59 55/68/60 57/69/61 59/70/62 61/71/63 63/72/64 65/73/65 67/74/66 69/75/67 71/76/68 73/77/69 75/78/70
f 330/79/71 161/80/72 305/81/72 307/82/71
f 332/83/73 162/84/74 314/85/74 315/86/73
f 162/84/74 163/87/75 313/88/75 314/85/74
f 163/87/75 164/89/76 312/90/76 313/88/75
f 164/91/76 165/92/77 310/93/77 312/94/76
f 82/95/78 81/96/79 394/97/80 400/98/81
f 165/92/77 166/59/53 311/62/53 310/93/77
f 167/99/54 168/100/82 308/101/82 309/102/54
f 340/103/41 169/104/83 316/105/83 306/106/41
f 161/107/72 340/103/41 306/106/41 305/108/72
f 168/100/82 330/79/71 307/82/71 308/101/82
f 140/109/84 93/110/85 94/111/86 141/112/87
f 147/113/88 100/114/89 89/48/42 148/47/41
f 146/115/90 99/116/91 100/114/89 147/113/88
f 145/117/92 98/118/93 99/119/91 146/120/90
f 144/121/94 97/122/95 98/118/93 145/117/92
f 143/123/96 96/124/97 97/122/95 144/121/94
f 142/125/98 95/126/99 96/127/97 143/128/96
f 141/112/87 94/111/86 95/126/99 142/125/98
f 139/129/100 92/130/101 93/131/85 140/132/84
f 138/133/102 91/134/103 92/130/101 139/129/100
f 137/135/44 90/136/43 91/134/103 138/133/102
f 159/137/104 112/138/105 101/139/106 160/140/107
f 158/141/108 111/142/109 112/138/105 159/137/104
f 157/143/110 110/144/111 111/145/109 158/146/108
f 156/147/112 109/148/113 110/144/111 157/143/110
f 155/149/114 108/150/115 109/148/113 156/147/112
f 154/151/116 107/152/117 108/153/115 155/154/114
f 153/155/118 106/156/119 107/152/117 154/151/116
f 56/157/72 200/158/72 197/159/71 58/160/71
f 151/161/120 104/162/121 105/163/122 152/164/123
f 150/165/124 103/166/125 104/162/121 151/161/120
f 149/167/126 102/168/127 103/166/125 150/165/124
f 160/140/107 101/139/106 102/169/127 149/170/126
f 112/138/105 124/171/128 113/172/129 101/139/106
f 111/142/109 123/173/130 124/171/128 112/138/105
f 110/144/111 122/174/131 123/175/130 111/145/109
f 109/148/113 121/176/132 122/174/131 110/144/111
f 108/150/115 120/177/133 121/176/132 109/148/113
f 107/152/117 119/178/134 120/179/133 108/153/115
f 106/156/119 118/180/135 119/178/134 107/152/117
f 152/181/123 105/182/122 106/156/119 153/155/118
f 104/162/121 116/183/136 117/184/137 105/163/122
f 103/166/125 115/185/138 116/183/136 104/162/121
f 102/168/127 114/186/139 115/185/138 103/166/125
f 101/139/106 113/172/129 114/187/139 102/169/127
f 124/171/128 136/188/58 125/189/33 113/172/129
f 123/173/130 135/190/56 136/188/58 124/171/128
f 122/174/131 134/191/52 135/192/56 123/175/130
f 121/176/132 133/193/50 134/191/52 122/174/131
f 120/177/133 132/194/48 133/193/50 121/176/132
f 119/178/134 131/195/46 132/196/48 120/179/133
f 118/180/135 130/197/32 131/195/46 119/178/134
f 105/182/122 117/198/137 118/180/135 106/156/119
f 116/183/136 128/199/40 129/200/29 117/184/137
f 115/185/138 127/201/38 128/199/40 116/183/136
f 114/186/139 126/202/36 127/201/38 115/185/138
f 113/172/129 125/189/33 126/203/36 114/187/139
f 281/204/140 317/205/140 318/206/141 282/207/142
f 282/207/142 318/206/141 319/208/143 285/209/144
f 285/209/144 319/208/143 320/210/145 287/211/146
f 287/211/146 320/210/145 321/212/147 289/213/148
f 117/198/137 129/214/29 130/197/32 118/180/135
f 291/215/149 322/216/150 323/217/151 292/218/151
f 292/218/151 323/217/151 324/219/152 295/220/153
f 295/220/153 324/219/152 325/221/154 297/222/155
f 297/222/155 325/221/154 326/223/156 299/224/157
f 299/224/157 326/223/156 327/225/158 301/226/159
f 301/226/159 327/225/158 328/227/160 303/228/161
f 303/228/161 328/227/160 317/205/140 281/204/140
f 289/213/148 321/212/147 322/216/150 291/215/149
f 202/229/75 201/230/74 72/231/74 70/232/75
f 203/233/76 202/229/75 70/232/75 68/234/76
f 204/235/77 203/236/76 68/237/76 66/238/77
f 205/239/53 204/235/77 66/238/77 64/240/53
f 207/241/82 206/242/54 62/243/54 60/244/82
f 208/245/83 199/246/41 54/247/41 76/248/83
f 169/104/83 332/249/73 315/250/73 316/105/83
f 54/247/41 199/246/41 200/251/72 56/252/72
f 58/160/71 197/159/71 207/241/82 60/244/82
f 74/253/73 198/254/73 208/245/83 76/248/83
f 206/255/54 205/239/53 64/240/53 62/256/54
f 89/48/42 160/140/107 149/170/126 90/49/43
f 90/136/43 149/167/126 150/165/124 91/134/103
f 91/134/103 150/165/124 151/161/120 92/130/101
f 92/130/101 151/161/120 152/164/123 93/131/85
f 94/111/86 153/155/118 154/151/116 95/126/99
f 95/126/99 154/151/116 155/154/114 96/127/97
f 96/124/97 155/149/114 156/147/112 97/122/95
f 97/122/95 156/147/112 157/143/110 98/118/93
f 98/118/93 157/143/110 158/146/108 99/119/91
f 99/116/91 158/141/108 159/137/104 100/114/89
f 100/114/89 159/137/104 160/140/107 89/48/42
f 343/257/162 346/258/163 329/259/163 170/260/162
f 341/261/164 352/262/165 331/263/165 171/264/164
f 352/262/165 351/265/166 333/266/166 331/263/165
f 351/265/166 350/267/167 334/268/167 333/266/166
f 350/267/167 349/269/168 335/270/168 334/268/167
f 349/269/168 348/271/169 336/272/169 335/270/168
f 93/110/85 152/181/123 153/155/118 94/111/86
f 347/273/170 344/274/171 337/275/171 338/276/170
f 345/277/172 342/278/173 339/279/173 172/280/172
f 346/258/163 345/277/172 172/280/172 329/259/163
f 344/274/171 343/257/162 170/260/162 337/275/171
f 342/278/173 341/261/164 171/264/164 339/279/173
f 196/281/83 356/282/73 174/283/73 184/284/83
f 195/285/82 185/286/71 173/287/71 183/288/82
f 188/289/72 364/290/41 175/291/41 176/292/72
f 364/290/41 196/281/83 184/284/83 175/291/41
f 348/271/169 347/273/170 338/276/170 336/272/169
f 194/293/54 195/285/82 183/288/82 182/294/54
f 192/286/77 193/295/53 181/296/53 180/297/77
f 191/298/76 192/286/77 180/297/77 179/299/76
f 190/300/75 191/301/76 179/302/76 178/303/75
f 189/304/74 190/300/75 178/303/75 177/305/74
f 356/306/73 189/304/74 177/305/74 174/307/73
f 367/308/174 370/309/175 353/310/175 354/311/174
f 365/312/176 376/313/177 355/314/177 186/315/176
f 376/313/177 375/316/178 357/317/178 355/314/177
f 375/316/178 374/318/179 358/319/179 357/317/178
f 374/318/179 373/320/180 359/321/180 358/319/179
f 373/320/180 372/322/181 360/323/181 359/321/180
f 185/286/71 188/324/72 176/325/72 173/287/71
f 371/326/182 368/327/183 361/328/183 362/329/182
f 369/330/184 366/331/185 363/332/185 187/333/184
f 370/309/175 369/330/184 187/333/184 353/310/175
f 368/327/183 367/308/174 354/311/174 361/328/183
f 366/331/185 365/312/176 186/315/176 363/332/185
f 372/322/181 371/326/182 362/329/182 360/323/181
f 201/230/74 198/334/73 74/335/73 72/231/74
f 378/336/186 377/337/187 209/338/188 210/339/186
f 377/337/187 379/340/189 211/341/190 209/338/188
f 379/340/189 380/342/191 212/343/192 211/341/190
f 380/342/191 381/344/193 213/345/193 212/343/192
f 383/346/194 382/347/195 215/348/195 214/349/194
f 382/347/195 384/350/196 216/351/197 215/348/195
f 384/350/196 385/352/198 217/353/198 216/351/197
f 385/352/198 386/354/199 218/355/200 217/353/198
f 386/354/199 387/356/201 219/357/201 218/355/200
f 387/356/201 388/358/202 220/359/202 219/357/201
f 388/358/202 378/336/186 210/339/186 220/359/202
f 261/360/203 260/361/204 223/209/204 224/211/203
f 262/362/205 261/360/203 224/211/203 225/213/205
f 263/363/206 258/364/207 226/215/207 227/218/206
f 264/365/208 263/363/206 227/218/206 228/220/208
f 381/344/193 383/346/194 214/349/194 213/345/193
f 265/366/209 264/365/208 228/220/208 229/222/209
f 266/367/210 265/366/209 229/222/209 230/224/210
f 267/368/211 266/367/210 230/224/210 231/226/211
f 268/369/212 267/368/211 231/226/211 232/228/212
f 257/370/213 268/369/212 232/228/212 221/204/213
f 258/364/207 262/362/205 225/213/205 226/215/207
f 87/371/214 86/372/215 389/373/216 390/374/214
f 84/375/217 83/376/218 391/377/219 392/378/220
f 81/379/79 80/380/221 393/381/222 394/382/80
f 88/383/223 87/384/214 390/385/214 395/386/224
f 78/387/225 77/388/226 396/389/227 397/390/228
f 85/391/229 84/392/217 392/393/220 398/394/230
f 77/388/226 88/383/223 395/386/224 396/389/227
f 79/395/231 78/396/225 397/397/228 399/398/232
f 86/372/215 85/391/229 398/394/230 389/373/216
f 83/376/218 82/95/78 400/98/81 391/377/219
f 239/399/233 235/400/234 273/401/235 274/402/236
f 193/295/53 194/403/54 182/404/54 181/296/53
f 259/405/237 257/370/213 221/204/213 222/207/237
f 260/361/204 259/405/237 222/207/237 223/209/204
f 63/72/64 61/71/63 401/406/238 402/407/239
f 53/67/59 75/78/70 403/408/240 404/409/241
f 75/78/70 73/77/69 405/410/242 403/408/240
f 73/77/69 71/76/68 406/411/243 405/410/242
f 71/76/68 69/75/67 407/412/244 406/411/243
f 69/75/67 67/74/66 408/413/245 407/412/244
f 67/74/66 65/73/65 409/414/246 408/413/245
f 65/73/65 63/72/64 402/407/239 409/414/246
f 61/71/63 59/70/62 410/415/247 401/406/238
f 59/70/62 57/69/61 411/416/248 410/415/247
f 57/69/61 55/68/60 412/417/249 411/416/248
f 55/68/60 53/67/59 404/409/241 412/417/249
f 251/418/250 249/419/251 413/420/251 414/421/250
f 246/422/252 256/423/253 415/424/253 416/425/252
f 256/423/253 255/426/254 417/427/254 415/424/253
f 255/428/254 254/429/255 418/430/255 417/431/254
f 254/429/255 253/432/256 419/433/256 418/430/255
f 253/432/256 252/434/257 420/435/257 419/433/256
f 252/436/257 250/437/258 421/438/258 420/439/257
f 250/437/258 251/418/250 414/421/250 421/438/258
f 249/440/251 248/441/259 422/442/259 413/443/251
f 248/441/259 247/444/260 423/445/260 422/442/259
f 247/444/260 245/446/261 424/447/261 423/445/260
f 245/448/261 246/422/252 416/425/252 424/449/261
f 136/66/58 304/65/57 284/40/34 125/39/33
f 80/380/221 79/395/231 399/398/232 393/381/222
f 270/450/262 269/451/263 278/452/264 272/453/265 271/454/266 280/455/267 274/402/236 273/401/235 279/456/268 277/457/269 276/458/270 275/459/271
f 234/460/272 243/461/273 280/455/267 271/454/266
f 236/462/274 240/463/275 275/459/271 276/458/270
f 243/461/273 239/399/233 274/402/236 280/455/267
f 240/463/275 237/464/276 270/450/262 275/459/271
f 235/400/234 244/465/277 279/456/268 273/401/235
f 237/464/276 233/466/278 269/451/263 270/450/262
f 244/465/277 241/467/279 277/457/269 279/456/268
f 241/467/279 236/462/274 276/458/270 277/457/269
f 238/468/280 234/460/272 271/454/266 272/453/265
f 233/466/278 242/469/281 278/452/264 269/451/263
f 242/469/281 238/468/280 272/453/265 278/452/264
o Wrapper
v -0.000000 0.443003 -0.028230
v -0.000000 0.576268 -0.027120
v 0.010803 0.443003 -0.026081
v 0.010378 0.576268 -0.025056
v 0.019962 0.443003 -0.019962
v 0.019176 0.576268 -0.019177
v 0.026081 0.443003 -0.010803
v 0.025055 0.576268 -0.010378
v 0.028230 0.443003 0.000000
v 0.027120 0.576268 -0.000000
v 0.026081 0.443003 0.010803
v 0.025055 0.576268 0.010378
v 0.019962 0.443003 0.019962
v 0.019176 0.576268 0.019177
v 0.010803 0.443003 0.026081
v 0.010378 0.576268 0.025055
v -0.000000 0.443003 0.028230
v -0.000000 0.576268 0.027120
v -0.010803 0.443003 0.026081
v -0.010379 0.576268 0.025055
v -0.019962 0.443003 0.019962
v -0.019177 0.576268 0.019177
v -0.026082 0.443003 0.010803
v -0.025056 0.576268 0.010378
v -0.028230 0.443003 -0.000000
v -0.027120 0.576268 -0.000000
v -0.026081 0.443003 -0.010803
v -0.025056 0.576268 -0.010378
v -0.019962 0.443003 -0.019962
v -0.019177 0.576268 -0.019177
v -0.010803 0.443003 -0.026081
v -0.010378 0.576268 -0.025056
v -0.000000 0.575152 -0.028665
v 0.010969 0.575152 -0.026483
v 0.020269 0.575152 -0.020269
v 0.026483 0.575152 -0.010970
v 0.028665 0.575152 -0.000000
v 0.026483 0.575152 0.010970
v 0.020269 0.575152 0.020269
v 0.010969 0.575152 0.026483
v -0.000000 0.575152 0.028665
v -0.010970 0.575152 0.026483
v -0.020269 0.575152 0.020269
v -0.026483 0.575152 0.010969
v -0.028665 0.575152 -0.000000
v -0.026483 0.575152 -0.010970
v -0.020269 0.575152 -0.020269
v -0.010970 0.575152 -0.026483
v -0.000000 0.566010 -0.034804
v 0.013319 0.566010 -0.032155
v 0.024610 0.566010 -0.024610
v 0.032154 0.566010 -0.013319
v 0.034804 0.566010 -0.000000
v 0.032154 0.566010 0.013319
v 0.024610 0.566010 0.024610
v 0.013319 0.566010 0.032155
v -0.000000 0.566010 0.034804
v -0.013319 0.566010 0.032155
v -0.024610 0.566010 0.024610
v -0.032155 0.566010 0.013319
v -0.034804 0.566010 -0.000000
v -0.032155 0.566010 -0.013319
v -0.024610 0.566010 -0.024610
v -0.013319 0.566010 -0.032155
v 0.013319 0.547399 -0.032155
v 0.024610 0.547399 -0.024610
v 0.032154 0.547399 -0.013319
v 0.034804 0.547399 -0.000000
v 0.032154 0.547399 0.013319
v 0.024610 0.547399 0.024610
v 0.013319 0.547399 0.032155
v -0.000000 0.547399 0.034804
v -0.013319 0.547399 0.032155
v -0.024610 0.547399 0.024610
v -0.032155 0.547399 0.013319
v -0.034804 0.547399 -0.000000
v -0.032155 0.547398 -0.013319
v -0.024610 0.547399 -0.024610
v -0.013319 0.547399 -0.032155
v -0.000000 0.547399 -0.034804
v 0.011121 0.545033 -0.026848
v 0.020548 0.545033 -0.020548
v 0.026848 0.545033 -0.011121
v 0.029060 0.545033 -0.000000
v 0.026848 0.545033 0.011121
v 0.020548 0.545033 0.020548
v 0.011121 0.545033 0.026848
v -0.000000 0.545033 0.029060
v -0.011121 0.545033 0.026848
v -0.020549 0.545033 0.020548
v -0.026848 0.545033 0.011121
v -0.029060 0.545033 -0.000000
v -0.026848 0.545033 -0.011121
v -0.020548 0.545033 -0.020548
v -0.011121 0.545033 -0.026848
v -0.000000 0.545033 -0.029060
v -0.000000 0.567634 -0.029491
v 0.011286 0.567634 -0.027246
v 0.020853 0.567634 -0.020853
v 0.027246 0.567634 -0.011286
v 0.029491 0.567635 -0.000000
v 0.027246 0.567634 0.011286
v 0.020853 0.567635 0.020853
v 0.011286 0.567634 0.027246
v -0.000000 0.567634 0.029491
v -0.011286 0.567634 0.027246
v -0.020853 0.567635 0.020853
v -0.027246 0.567634 0.011286
v -0.029491 0.567635 -0.000000
v -0.027246 0.567634 -0.011286
v -0.020853 0.567634 -0.020853
v -0.011286 0.567634 -0.027246
v 0.012835 0.566633 -0.030986
v 0.023716 0.566633 -0.023716
v 0.030986 0.566633 -0.012835
v 0.033539 0.566633 -0.000000
v 0.030986 0.566633 0.012835
v 0.023716 0.566633 0.023716
v 0.012835 0.566633 0.030986
v -0.000000 0.566633 0.033539
v -0.012835 0.566633 0.030986
v -0.023716 0.566633 0.023716
v -0.030987 0.566633 0.012835
v -0.033540 0.566633 -0.000000
v -0.030986 0.566633 -0.012835
v -0.023716 0.566633 -0.023716
v -0.012835 0.566633 -0.030986
v -0.000000 0.566633 -0.033539
v -0.000000 0.546593 -0.033815
v 0.012940 0.546593 -0.031241
v 0.023910 0.546593 -0.023911
v 0.031240 0.546593 -0.012940
v 0.033814 0.546593 -0.000000
v 0.031240 0.546593 0.012940
v 0.023910 0.546593 0.023910
v 0.012940 0.546593 0.031241
v -0.000000 0.546593 0.033814
v -0.012940 0.546593 0.031241
v -0.023911 0.546593 0.023910
v -0.031241 0.546593 0.012940
v -0.033815 0.546593 -0.000000
v -0.031241 0.546593 -0.012940
v -0.023911 0.546593 -0.023911
v -0.012940 0.546593 -0.031241
v 0.010969 0.444235 -0.026483
v 0.020269 0.444235 -0.020269
v 0.026483 0.444235 -0.010970
v 0.028665 0.444235 0.000000
v 0.026483 0.444235 0.010970
v 0.020269 0.444235 0.020269
v 0.010969 0.444235 0.026483
v -0.000000 0.444235 0.028665
v -0.010970 0.444235 0.026483
v -0.020269 0.444235 0.020269
v -0.026483 0.444235 0.010969
v -0.028665 0.444235 -0.000000
v -0.026483 0.444235 -0.010970
v -0.020269 0.444235 -0.020269
v -0.010970 0.444235 -0.026483
v -0.000000 0.444235 -0.028665
v -0.000000 0.443003 -0.028230
v 0.010803 0.443003 -0.026081
v 0.019962 0.443003 -0.019962
v 0.026081 0.443003 -0.010803
v 0.028230 0.443003 0.000000
v 0.026081 0.443003 0.010803
v 0.019962 0.443003 0.019962
v 0.010803 0.443003 0.026081
v -0.000000 0.443003 0.028230
v -0.010803 0.443003 0.026081
v -0.019962 0.443003 0.019962
v -0.026082 0.443003 0.010803
v -0.028230 0.443003 -0.000000
v -0.026081 0.443003 -0.010803
v -0.019962 0.443003 -0.019962
v -0.010803 0.443003 -0.026081
v -0.013319 0.566010 -0.032155
v -0.000000 0.566010 -0.034804
v -0.024610 0.566010 -0.024610
v -0.032155 0.566010 -0.013319
v -0.034804 0.566010 -0.000000
v -0.032155 0.566010 0.013319
v -0.024610 0.566010 0.024610
v -0.013319 0.566010 0.032155
v -0.000000 0.566010 0.034804
v 0.013319 0.566010 0.032155
v 0.024610 0.566010 0.024610
v 0.032154 0.566010 0.013319
v 0.034804 0.566010 -0.000000
v 0.032154 0.566010 -0.013319
v 0.024610 0.566010 -0.024610
v 0.013319 0.566010 -0.032155
v -0.000000 0.547399 -0.034804
v 0.013319 0.547399 -0.032155
v 0.024610 0.547399 -0.024610
v 0.032154 0.547399 -0.013319
v 0.034804 0.547399 -0.000000
v 0.032154 0.547399 0.013319
v 0.024610 0.547399 0.024610
v 0.013319 0.547399 0.032155
v -0.000000 0.547399 0.034804
v -0.013319 0.547399 0.032155
v -0.024610 0.547399 0.024610
v -0.032155 0.547399 0.013319
v -0.034804 0.547399 -0.000000
v -0.032155 0.547398 -0.013319
v -0.024610 0.547399 -0.024610
v -0.013319 0.547399 -0.032155
v -0.011121 0.545033 -0.026848
v -0.000000 0.545033 -0.029060
v -0.020548 0.545033 -0.020548
v -0.026848 0.545033 -0.011121
v -0.029060 0.545033 -0.000000
v -0.026848 0.545033 0.011121
v -0.020549 0.545033 0.020548
v -0.011121 0.545033 0.026848
v -0.000000 0.545033 0.029060
v 0.011121 0.545033 0.026848
v 0.020548 0.545033 0.020548
v 0.026848 0.545033 0.011121
v 0.029060 0.545033 -0.000000
v 0.026848 0.545033 -0.011121
v 0.020548 0.545033 -0.020548
v 0.011121 0.545033 -0.026848
v -0.011286 0.567634 -0.027246
v -0.000000 0.567634 -0.029491
v -0.020853 0.567634 -0.020853
v -0.027246 0.567634 -0.011286
v -0.029491 0.567635 -0.000000
v -0.027246 0.567634 0.011286
v -0.020853 0.567635 0.020853
v -0.011286 0.567634 0.027246
v -0.000000 0.567634 0.029491
v 0.011286 0.567634 0.027246
v 0.020853 0.567635 0.020853
v 0.027246 0.567634 0.011286
v 0.029491 0.567635 -0.000000
v 0.027246 0.567634 -0.011286
v 0.020853 0.567634 -0.020853
v 0.011286 0.567634 -0.027246
vn -0.0000 0.1092 -0.9940
vn -0.0000 0.4825 -0.8759
vn 0.3352 0.4825 -0.8092
vn 0.3804 0.1092 -0.9184
vn 0.6194 0.4825 -0.6194
vn 0.7029 0.1092 -0.7029
vn 0.8092 0.4825 -0.3352
vn 0.9184 0.1092 -0.3804
vn 0.8759 0.4825 -0.0000
vn 0.9940 0.1092 -0.0000
vn 0.8092 0.4825 0.3352
vn 0.9184 0.1092 0.3804
vn 0.6194 0.4825 0.6194
vn 0.7029 0.1092 0.7029
vn 0.3352 0.4825 0.8092
vn 0.3804 0.1092 0.9184
vn -0.0000 0.4825 0.8759
vn -0.0000 0.1092 0.9940
vn -0.3352 0.4825 0.8092
vn -0.3804 0.1092 0.9184
vn -0.6194 0.4825 0.6194
vn -0.7029 0.1092 0.7029
vn -0.8092 0.4825 0.3352
vn -0.9184 0.1092 0.3804
vn -0.8759 0.4825 -0.0000
vn -0.9940 0.1092 -0.0000
vn -0.8092 0.4825 -0.3352
vn -0.9184 0.1092 -0.3804
vn -0.6194 0.4825 -0.6194
vn -0.7029 0.1092 -0.7029
vn -0.3352 0.4825 -0.8092
vn -0.3804 0.1092 -0.9184
vn -0.0000 0.9398 -0.3416
vn -0.1307 0.9398 -0.3156
vn -0.2416 0.9398 -0.2416
vn -0.3156 0.9398 -0.1307
vn -0.3416 0.9398 -0.0000
vn -0.3156 0.9398 0.1307
vn -0.2416 0.9398 0.2416
vn -0.1307 0.9398 0.3156
vn -0.0000 0.9398 0.3416
vn 0.1307 0.9398 0.3156
vn 0.2416 0.9398 0.2416
vn 0.3156 0.9398 0.1307
vn 0.3416 0.9398 -0.0000
vn 0.3156 0.9398 -0.1307
vn 0.2416 0.9398 -0.2416
vn 0.1307 0.9398 -0.3156
vn -0.0000 -0.7754 -0.6315
vn 0.2417 -0.7754 -0.5834
vn 0.1901 -0.8679 -0.4589
vn -0.0000 -0.8679 -0.4967
vn 0.6972 -0.1672 -0.6972
vn 0.9109 -0.1672 -0.3773
vn 0.8713 -0.3325 -0.3609
vn 0.6669 -0.3325 -0.6669
vn 0.9859 -0.1672 -0.0000
vn 0.9431 -0.3325 -0.0000
vn 0.9109 -0.1672 0.3773
vn 0.8713 -0.3325 0.3609
vn 0.6972 -0.1672 0.6972
vn 0.6669 -0.3325 0.6669
vn 0.3773 -0.1672 0.9109
vn 0.3609 -0.3325 0.8713
vn -0.0000 -0.1672 0.9859
vn -0.0000 -0.3325 0.9431
vn -0.3773 -0.1672 0.9109
vn -0.3609 -0.3325 0.8713
vn -0.6972 -0.1672 0.6972
vn -0.6669 -0.3325 0.6669
vn -0.9109 -0.1672 0.3773
vn -0.8713 -0.3325 0.3609
vn -0.9859 -0.1672 -0.0000
vn -0.9431 -0.3325 -0.0000
vn -0.9109 -0.1672 -0.3773
vn -0.8713 -0.3324 -0.3609
vn -0.6972 -0.1672 -0.6972
vn -0.6669 -0.3325 -0.6669
vn -0.3773 -0.1672 -0.9109
vn -0.3609 -0.3325 -0.8713
vn -0.0000 -0.1672 -0.9859
vn -0.0000 -0.3325 -0.9431
vn -0.0000 0.9350 -0.3547
vn 0.1357 0.9350 -0.3277
vn 0.1691 0.8971 -0.4082
vn -0.0000 0.8971 -0.4419
vn -0.0000 -0.9502 -0.3117
vn 0.1193 -0.9502 -0.2880
vn -0.3827 -0.0000 -0.9239
vn -0.0000 -0.0000 -1.0000
vn -0.7071 -0.0000 -0.7071
vn -0.9239 -0.0000 -0.3827
vn -1.0000 -0.0000 -0.0000
vn -0.9239 -0.0000 0.3827
vn -0.7071 -0.0000 0.7071
vn -0.3827 -0.0000 0.9239
vn -0.0000 -0.0000 1.0000
vn 0.3827 -0.0000 0.9239
vn 0.7071 -0.0000 0.7071
vn 0.9239 -0.0000 0.3827
vn 1.0000 -0.0000 -0.0000
vn 0.9239 -0.0000 -0.3827
vn 0.7071 -0.0000 -0.7071
vn 0.3827 -0.0000 -0.9239
vn 0.4465 -0.7754 -0.4465
vn 0.3513 -0.8679 -0.3513
vn 0.5834 -0.7754 -0.2416
vn 0.4589 -0.8679 -0.1901
vn 0.6315 -0.7754 -0.0000
vn 0.4967 -0.8679 -0.0000
vn 0.5834 -0.7754 0.2416
vn 0.4589 -0.8679 0.1901
vn 0.4465 -0.7754 0.4465
vn 0.3512 -0.8679 0.3512
vn 0.2416 -0.7754 0.5834
vn 0.1901 -0.8679 0.4589
vn -0.0000 -0.7754 0.6315
vn -0.0000 -0.8679 0.4968
vn -0.2416 -0.7754 0.5834
vn -0.1901 -0.8679 0.4589
vn -0.4465 -0.7754 0.4465
vn -0.3512 -0.8679 0.3512
vn -0.5834 -0.7754 0.2416
vn -0.4589 -0.8679 0.1901
vn -0.6314 -0.7754 -0.0000
vn -0.4967 -0.8679 -0.0000
vn -0.5834 -0.7754 -0.2416
vn -0.4589 -0.8679 -0.1901
vn -0.4465 -0.7754 -0.4465
vn -0.3513 -0.8679 -0.3513
vn -0.2417 -0.7754 -0.5834
vn -0.1901 -0.8679 -0.4589
vn 0.7071 -0.0039 -0.7071
vn 0.3773 -0.1672 -0.9109
vn 0.3827 -0.0039 -0.9239
vn -0.0000 -0.0039 -1.0000
vn -0.3827 -0.0039 -0.9239
vn -0.7071 -0.0039 -0.7071
vn -0.9239 -0.0039 -0.3827
vn -1.0000 -0.0039 -0.0000
vn -0.9239 -0.0039 0.3827
vn -0.7071 -0.0039 0.7071
vn -0.3827 -0.0039 0.9239
vn -0.0000 -0.0039 1.0000
vn 0.3827 -0.0039 0.9239
vn 0.7071 -0.0039 0.7071
vn 0.9239 -0.0039 0.3827
vn 1.0000 -0.0039 -0.0000
vn 0.9239 -0.0039 -0.3827
vn -0.1357 0.9350 -0.3277
vn -0.0919 0.9707 -0.2219
vn -0.0000 0.9707 -0.2401
vn -0.2508 0.9350 -0.2508
vn -0.1698 0.9707 -0.1698
vn -0.3277 0.9350 -0.1357
vn -0.2219 0.9707 -0.0919
vn -0.3547 0.9350 -0.0000
vn -0.2402 0.9707 -0.0000
vn -0.3277 0.9350 0.1357
vn -0.2219 0.9707 0.0919
vn -0.2508 0.9350 0.2508
vn -0.1698 0.9707 0.1698
vn -0.1357 0.9350 0.3277
vn -0.0919 0.9707 0.2219
vn -0.0000 0.9350 0.3547
vn -0.0000 0.9707 0.2401
vn 0.1357 0.9350 0.3277
vn 0.0919 0.9707 0.2219
vn 0.2508 0.9350 0.2508
vn 0.1698 0.9707 0.1698
vn 0.3277 0.9350 0.1357
vn 0.2219 0.9707 0.0919
vn 0.3547 0.9350 -0.0000
vn 0.2402 0.9707 -0.0000
vn 0.3277 0.9350 -0.1357
vn 0.2219 0.9707 -0.0919
vn 0.2508 0.9350 -0.2508
vn 0.1698 0.9707 -0.1698
vn 0.0919 0.9707 -0.2219
vn 0.3124 0.8971 -0.3124
vn 0.4082 0.8971 -0.1691
vn 0.4419 0.8971 -0.0000
vn 0.4082 0.8971 0.1691
vn 0.3124 0.8971 0.3124
vn 0.1691 0.8971 0.4082
vn -0.0000 0.8971 0.4418
vn -0.1691 0.8971 0.4082
vn -0.3124 0.8971 0.3124
vn -0.4082 0.8971 0.1691
vn -0.4419 0.8971 -0.0000
vn -0.4082 0.8971 -0.1691
vn -0.3124 0.8971 -0.3124
vn -0.1691 0.8971 -0.4082
vn -0.1193 -0.9502 -0.2880
vn -0.2204 -0.9502 -0.2204
vn -0.2880 -0.9502 -0.1193
vn -0.3117 -0.9502 -0.0000
vn -0.2880 -0.9502 0.1193
vn -0.2204 -0.9502 0.2204
vn -0.1193 -0.9502 0.2880
vn -0.0000 -0.9502 0.3117
vn 0.1193 -0.9502 0.2880
vn 0.2204 -0.9502 0.2204
vn 0.2880 -0.9502 0.1193
vn 0.3117 -0.9502 -0.0000
vn 0.2880 -0.9502 -0.1193
vn 0.2204 -0.9502 -0.2204
vn 0.3609 -0.3325 -0.8713
vn -0.0000 -1.0000 -0.0000
vt 0.581252 0.524693
vt 0.549560 0.523684
vt 0.550070 0.478615
vt 0.581777 0.478324
vt 0.551523 0.436987
vt 0.583273 0.435497
vt 0.452404 0.715101
vt 0.420654 0.711973
vt 0.419201 0.680084
vt 0.450908 0.682293
vt 0.418691 0.638434
vt 0.450383 0.639442
vt 0.419201 0.593364
vt 0.450908 0.593074
vt 0.420655 0.551737
vt 0.452404 0.550247
vt 0.616986 0.765206
vt 0.585237 0.762078
vt 0.583783 0.730189
vt 0.615490 0.732398
vt 0.583273 0.688539
vt 0.614965 0.689547
vt 0.583783 0.643469
vt 0.615491 0.643179
vt 0.585237 0.601842
vt 0.616986 0.600351
vt 0.616986 0.600352
vt 0.585237 0.597224
vt 0.583783 0.565334
vt 0.615491 0.567543
vt 0.583273 0.523684
vt 0.614965 0.524693
vt 0.583783 0.478615
vt 0.615490 0.478324
vt 0.585236 0.436987
vt 0.616986 0.435497
vt 0.583273 0.600351
vt 0.551523 0.597224
vt 0.550070 0.565334
vt 0.581777 0.567543
vt 0.198203 0.642222
vt 0.214521 0.602825
vt 0.244675 0.572672
vt 0.284072 0.556353
vt 0.326715 0.556353
vt 0.366112 0.572672
vt 0.396265 0.602825
vt 0.412584 0.642222
vt 0.412584 0.684865
vt 0.396265 0.724262
vt 0.366112 0.754416
vt 0.326715 0.770734
vt 0.284072 0.770735
vt 0.244675 0.754416
vt 0.214522 0.724262
vt 0.198203 0.684865
vt 0.192096 0.385322
vt 0.213039 0.334763
vt 0.216354 0.336978
vt 0.196007 0.386100
vt 0.192096 0.686080
vt 0.192096 0.641008
vt 0.629659 0.005289
vt 0.597782 0.007005
vt 0.596826 0.001690
vt 0.628219 0.000000
vt 0.209345 0.727721
vt 0.556138 0.007858
vt 0.555813 0.002530
vt 0.241216 0.759592
vt 0.511066 0.007718
vt 0.511424 0.002393
vt 0.282857 0.776841
vt 0.469428 0.006607
vt 0.470417 0.001299
vt 0.327930 0.776841
vt 0.192096 0.005874
vt 0.160220 0.007590
vt 0.159264 0.002276
vt 0.190657 0.000586
vt 0.369571 0.759592
vt 0.118576 0.008443
vt 0.118250 0.003116
vt 0.401442 0.727721
vt 0.073503 0.008304
vt 0.073862 0.002979
vt 0.418691 0.686080
vt 0.031865 0.007193
vt 0.032855 0.001884
vt 0.418691 0.641007
vt 0.000000 0.005280
vt 0.001472 0.000000
vt 0.401442 0.599366
vt 0.662854 0.864119
vt 0.704495 0.863137
vt 0.704837 0.868464
vt 0.663827 0.869431
vt 0.369571 0.567495
vt 0.749568 0.863137
vt 0.749226 0.868464
vt 0.327930 0.550247
vt 0.791209 0.864119
vt 0.790236 0.869431
vt 0.282857 0.550247
vt 0.792098 0.005289
vt 0.760221 0.007005
vt 0.759265 0.001690
vt 0.790658 0.000000
vt 0.241216 0.567495
vt 0.718577 0.007858
vt 0.718252 0.002530
vt 0.209345 0.599366
vt 0.254567 0.025179
vt 0.217276 0.062470
vt 0.213039 0.059639
vt 0.251736 0.020942
vt 0.214800 0.389838
vt 0.232286 0.347623
vt 0.160883 0.592811
vt 0.081944 0.591917
vt 0.081324 0.541347
vt 0.160263 0.542241
vt 0.162648 0.631530
vt 0.083708 0.630636
vt 0.161456 0.682090
vt 0.082511 0.682090
vt 0.083703 0.631530
vt 0.162648 0.631530
vt 0.161456 0.736815
vt 0.082511 0.736815
vt 0.162648 0.787375
vt 0.083703 0.787375
vt 0.079559 0.474802
vt 0.000620 0.475696
vt 0.002385 0.436976
vt 0.081324 0.436082
vt 0.078939 0.525372
vt 0.000000 0.526266
vt 0.079559 0.580094
vt 0.000620 0.580988
vt 0.081324 0.630637
vt 0.002385 0.631531
vt 0.547357 0.474194
vt 0.468412 0.474194
vt 0.470615 0.435497
vt 0.549560 0.435497
vt 0.546164 0.524753
vt 0.467220 0.524753
vt 0.546164 0.579479
vt 0.467220 0.579479
vt 0.547357 0.630038
vt 0.468412 0.630038
vt 0.549560 0.668735
vt 0.470615 0.668735
vt 0.160883 0.487519
vt 0.081944 0.486625
vt 0.083709 0.436082
vt 0.162648 0.436976
vt 0.251736 0.296066
vt 0.253951 0.299381
vt 0.302295 0.275123
vt 0.303073 0.279034
vt 0.357021 0.275123
vt 0.356243 0.279034
vt 0.407580 0.296066
vt 0.405365 0.299381
vt 0.446277 0.334763
vt 0.442962 0.336978
vt 0.467220 0.385322
vt 0.463309 0.386100
vt 0.467220 0.440048
vt 0.463309 0.439270
vt 0.446277 0.490607
vt 0.442962 0.488392
vt 0.407580 0.529304
vt 0.405365 0.525989
vt 0.357021 0.550247
vt 0.356243 0.546336
vt 0.302295 0.550247
vt 0.303073 0.546336
vt 0.251736 0.529304
vt 0.253951 0.525989
vt 0.213039 0.490607
vt 0.216354 0.488392
vt 0.192096 0.440048
vt 0.196007 0.439270
vt 0.629659 0.434229
vt 0.631867 0.006607
vt 0.673505 0.007718
vt 0.671871 0.435355
vt 0.717564 0.435497
vt 0.759782 0.434632
vt 0.792098 0.432892
vt 0.792093 0.436492
vt 0.749878 0.435497
vt 0.704184 0.435497
vt 0.661969 0.436493
vt 0.630983 0.865933
vt 0.629659 0.438332
vt 0.029657 0.434815
vt 0.071869 0.435941
vt 0.117563 0.436082
vt 0.159781 0.435217
vt 0.192096 0.433478
vt 0.467220 0.434229
vt 0.509432 0.435355
vt 0.555125 0.435497
vt 0.597343 0.434632
vt 0.629659 0.432892
vt 0.303289 0.004998
vt 0.306472 0.020999
vt 0.263631 0.038745
vt 0.356027 0.004998
vt 0.352844 0.020999
vt 0.404749 0.025179
vt 0.395685 0.038745
vt 0.442040 0.062470
vt 0.428475 0.071534
vt 0.462222 0.111193
vt 0.446221 0.114376
vt 0.462222 0.163930
vt 0.446221 0.160747
vt 0.442040 0.212653
vt 0.428475 0.203589
vt 0.404749 0.249944
vt 0.395685 0.236379
vt 0.356027 0.270125
vt 0.352844 0.254124
vt 0.303289 0.270125
vt 0.306472 0.254124
vt 0.254567 0.249944
vt 0.263631 0.236378
vt 0.217276 0.212653
vt 0.230841 0.203589
vt 0.197094 0.163930
vt 0.213096 0.160747
vt 0.197094 0.111193
vt 0.213096 0.114376
vt 0.230841 0.071534
vt 0.192096 0.110199
vt 0.192096 0.164924
vt 0.213039 0.215484
vt 0.251736 0.254181
vt 0.302295 0.275123
vt 0.357021 0.275123
vt 0.407580 0.254181
vt 0.446277 0.215484
vt 0.467220 0.164924
vt 0.467220 0.110199
vt 0.446277 0.059639
vt 0.407580 0.020942
vt 0.357021 0.000000
vt 0.302295 0.000000
vt 0.214800 0.435532
vt 0.232286 0.477747
vt 0.264596 0.510057
vt 0.306811 0.527543
vt 0.352505 0.527543
vt 0.394720 0.510057
vt 0.427030 0.477747
vt 0.444516 0.435532
vt 0.444516 0.389838
vt 0.427030 0.347623
vt 0.394720 0.315313
vt 0.352505 0.297827
vt 0.306811 0.297827
vt 0.264596 0.315313
vt 0.632856 0.001299
vt 0.673863 0.002393
vt 0.401704 0.951625
vt 0.370316 0.983013
vt 0.329306 1.000000
vt 0.284917 1.000000
vt 0.243906 0.983013
vt 0.212519 0.951625
vt 0.195532 0.910615
vt 0.195531 0.866226
vt 0.212518 0.825216
vt 0.243906 0.793828
vt 0.284917 0.776841
vt 0.329306 0.776841
vt 0.370316 0.793828
vt 0.401704 0.825216
vt 0.418691 0.866226
vt 0.418691 0.910615
s 1
f 521/470/282 457/471/283 458/472/284 664/473/285
f 664/473/285 458/472/284 459/474/286 663/475/287
f 663/476/287 459/477/286 460/478/288 662/479/289
f 662/479/289 460/478/288 461/480/290 661/481/291
f 661/481/291 461/480/290 462/482/292 660/483/293
f 660/483/293 462/482/292 463/484/294 659/485/295
f 659/486/295 463/487/294 464/488/296 658/489/297
f 658/489/297 464/488/296 465/490/298 657/491/299
f 657/491/299 465/490/298 466/492/300 656/493/301
f 656/493/301 466/492/300 467/494/302 655/495/303
f 655/496/303 467/497/302 468/498/304 654/499/305
f 654/499/305 468/498/304 469/500/306 653/501/307
f 653/501/307 469/500/306 470/502/308 652/503/309
f 652/503/309 470/502/308 471/504/310 651/505/311
f 651/506/311 471/507/310 472/508/312 536/509/313
f 426/510/314 456/511/315 454/512/316 452/513/317 450/514/318 448/515/319 446/516/320 444/517/321 442/518/322 440/519/323 438/520/324 436/521/325 434/522/326 432/523/327 430/524/328 428/525/329
f 504/526/330 489/527/331 554/528/332 553/529/333
f 426/510/314 428/525/329 458/530/284 457/531/283
f 570/532/334 571/533/335 588/534/336 587/535/337
f 428/525/329 430/524/328 459/536/286 458/530/284
f 571/533/335 572/537/338 589/538/339 588/534/336
f 430/524/328 432/523/327 460/539/288 459/536/286
f 572/537/338 573/540/340 590/541/341 589/538/339
f 432/523/327 434/522/326 461/542/290 460/539/288
f 573/540/340 574/543/342 591/544/343 590/541/341
f 434/522/326 436/521/325 462/545/292 461/542/290
f 574/546/342 575/547/344 592/548/345 591/549/343
f 436/521/325 438/520/324 463/550/294 462/545/292
f 575/547/344 576/551/346 593/552/347 592/548/345
f 438/520/324 440/519/323 464/553/296 463/550/294
f 576/551/346 577/554/348 594/555/349 593/552/347
f 440/519/323 442/518/322 465/556/298 464/553/296
f 577/554/348 578/557/350 595/558/351 594/555/349
f 442/518/322 444/517/321 466/559/300 465/556/298
f 578/557/350 579/560/352 596/561/353 595/558/351
f 444/517/321 446/516/320 467/562/302 466/559/300
f 579/563/352 580/564/354 597/565/355 596/566/353
f 446/516/320 448/515/319 468/567/304 467/562/302
f 580/564/354 581/568/356 598/569/357 597/565/355
f 448/515/319 450/514/318 469/570/306 468/567/304
f 581/568/356 582/571/358 599/572/359 598/569/357
f 450/514/318 452/513/317 470/573/308 469/570/306
f 582/574/358 583/575/360 600/576/361 599/577/359
f 452/513/317 454/512/316 471/578/310 470/573/308
f 583/575/360 584/579/362 425/580/363 600/576/361
f 454/512/316 456/511/315 472/581/312 471/578/310
f 456/511/315 426/510/314 457/531/283 472/581/312
f 552/582/364 537/583/365 616/584/366 473/585/367
f 520/586/368 553/529/333 554/528/332 648/587/369
f 632/588/370 488/589/370 602/590/371 617/591/371
f 631/592/372 487/593/372 488/589/370 632/588/370
f 630/594/373 486/595/373 487/596/372 631/597/372
f 629/598/374 485/599/374 486/595/373 630/594/373
f 628/600/375 484/601/375 485/599/374 629/598/374
f 627/602/376 483/603/376 484/604/375 628/605/375
f 626/606/377 482/607/377 483/603/376 627/602/376
f 625/608/378 481/609/378 482/607/377 626/606/377
f 624/610/379 480/611/379 481/609/378 625/608/378
f 623/612/380 479/613/380 480/614/379 624/615/379
f 622/616/381 478/617/381 479/613/380 623/612/380
f 621/618/382 477/619/382 478/617/381 622/616/381
f 620/620/383 476/621/383 477/619/382 621/618/382
f 619/622/384 475/623/384 476/621/383 620/620/383
f 618/624/385 474/625/385 475/626/384 619/627/384
f 489/527/331 490/628/386 555/629/387 554/528/332
f 490/628/386 491/630/388 556/631/389 555/629/387
f 491/630/388 492/632/390 557/633/391 556/631/389
f 492/632/390 493/634/392 558/635/393 557/633/391
f 493/634/392 494/636/394 559/637/395 558/635/393
f 494/636/394 495/638/396 560/639/397 559/637/395
f 495/638/396 496/640/398 561/641/399 560/639/397
f 496/640/398 497/642/400 562/643/401 561/641/399
f 497/642/400 498/644/402 563/645/403 562/643/401
f 498/644/402 499/646/404 564/647/405 563/645/403
f 499/646/404 500/648/406 565/649/407 564/647/405
f 500/648/406 501/650/408 566/651/409 565/649/407
f 501/650/408 502/652/410 567/653/411 566/651/409
f 502/652/410 503/654/412 568/655/413 567/653/411
f 503/654/412 504/526/330 553/529/333 568/655/413
f 506/656/414 570/657/334 569/658/415 505/659/416
f 634/660/417 584/579/362 583/575/360 519/661/418
f 519/661/418 583/575/360 582/574/358 518/662/419
f 518/663/419 582/571/358 581/568/356 517/664/420
f 517/664/420 581/568/356 580/564/354 516/665/421
f 516/665/421 580/564/354 579/563/352 515/666/422
f 515/666/422 579/563/352 578/667/350 514/668/423
f 514/669/423 578/557/350 577/554/348 513/670/424
f 513/670/424 577/554/348 576/551/346 512/671/425
f 512/671/425 576/551/346 575/547/344 511/672/426
f 511/672/426 575/547/344 574/546/342 510/673/427
f 510/674/427 574/543/342 573/540/340 509/675/428
f 509/675/428 573/540/340 572/537/338 508/676/429
f 508/676/429 572/537/338 571/533/335 507/677/430
f 507/677/430 571/533/335 570/532/334 506/678/414
f 505/659/416 569/658/415 584/579/362 634/660/417
f 551/679/431 649/680/432 650/681/433 552/582/364
f 550/682/434 535/683/435 649/680/432 551/679/431
f 549/684/436 534/685/437 535/683/435 550/682/434
f 548/686/438 533/687/439 534/685/437 549/684/436
f 547/688/440 532/689/441 533/687/439 548/686/438
f 546/690/442 531/691/443 532/689/441 547/688/440
f 545/692/444 530/693/445 531/691/443 546/690/442
f 544/694/446 529/695/447 530/693/445 545/692/444
f 543/696/448 528/697/449 529/695/447 544/694/446
f 542/698/450 527/699/451 528/697/449 543/696/448
f 541/700/452 526/701/453 527/699/451 542/698/450
f 540/702/454 525/703/455 526/701/453 541/700/452
f 539/704/456 524/705/457 525/703/455 540/702/454
f 538/706/458 523/707/459 524/705/457 539/704/456
f 537/583/365 522/708/460 523/707/459 538/706/458
f 537/583/365 538/706/458 615/709/461 616/584/366
f 538/706/458 539/704/456 614/710/462 615/709/461
f 539/704/456 540/702/454 613/711/463 614/710/462
f 540/702/454 541/700/452 612/712/464 613/711/463
f 541/700/452 542/698/450 611/713/465 612/712/464
f 542/698/450 543/696/448 610/714/466 611/713/465
f 543/696/448 544/694/446 609/715/467 610/714/466
f 544/694/446 545/692/444 608/716/468 609/715/467
f 545/692/444 546/690/442 607/717/469 608/716/468
f 546/690/442 547/688/440 606/718/470 607/717/469
f 547/688/440 548/686/438 605/719/471 606/718/470
f 548/686/438 549/684/436 604/720/472 605/719/471
f 549/684/436 550/682/434 603/721/473 604/720/472
f 550/682/434 551/679/431 601/722/474 603/721/473
f 551/679/431 552/582/364 473/585/367 601/722/474
f 617/591/371 602/590/371 474/625/385 618/624/385
f 552/582/364 650/681/433 522/708/460 537/583/365
f 633/723/475 568/655/413 553/529/333 520/586/368
f 635/724/476 567/653/411 568/655/413 633/723/475
f 636/725/477 566/651/409 567/653/411 635/724/476
f 637/726/478 565/649/407 566/651/409 636/725/477
f 638/727/479 564/647/405 565/649/407 637/726/478
f 639/728/480 563/645/403 564/647/405 638/727/479
f 640/729/481 562/643/401 563/645/403 639/728/480
f 641/730/482 561/641/399 562/643/401 640/729/481
f 642/731/483 560/639/397 561/641/399 641/730/482
f 643/732/484 559/637/395 560/639/397 642/731/483
f 644/733/485 558/635/393 559/637/395 643/732/484
f 645/734/486 557/633/391 558/635/393 644/733/485
f 646/735/487 556/631/389 557/633/391 645/734/486
f 647/736/488 555/629/387 556/631/389 646/735/487
f 648/587/369 554/528/332 555/629/387 647/736/488
f 569/658/415 570/657/334 587/737/337 427/738/489
f 585/739/490 586/740/490 429/741/490 431/742/490 433/743/490 435/744/490 437/745/490 439/746/490 441/747/490 443/748/490 445/749/490 447/750/490 449/751/490 451/752/490 453/753/490 455/754/490
f 536/509/313 472/508/312 457/471/283 521/470/282
f 425/580/363 584/579/362 569/658/415 427/738/489
o Bottle_cell
v -0.014170 0.033159 -0.057743
v -0.000483 0.018841 -0.061533
v 0.029825 0.048123 -0.053456
v -0.000000 0.023896 -0.024672
v -0.000738 0.010755 -0.032093
v -0.006308 0.015769 -0.027695
v 0.004985 0.026482 -0.016783
v 0.032417 0.130677 -0.060905
v -0.016240 0.165647 -0.065299
v -0.000000 0.169462 -0.069657
v -0.003149 0.027152 -0.015571
v -0.005281 0.023734 -0.023353
v -0.016481 0.075002 -0.065082
v -0.016188 0.046091 -0.065112
v -0.004058 0.033224 -0.068340
v -0.000406 0.029628 -0.069313
v 0.025729 0.055184 -0.062570
v 0.011596 0.023902 -0.021565
v 0.033950 0.091851 -0.060429
v 0.033837 0.063370 -0.060412
v -0.000738 0.010755 -0.032093
v -0.006308 0.015769 -0.027695
v 0.032417 0.130677 -0.060905
v -0.000000 0.169462 -0.069657
v -0.016240 0.165647 -0.065299
v -0.016481 0.075002 -0.065082
v -0.005281 0.023734 -0.023353
v -0.016188 0.046091 -0.065112
v -0.004058 0.033224 -0.068340
v -0.000406 0.029628 -0.069313
v 0.033950 0.091851 -0.060429
v 0.033837 0.063370 -0.060412
v 0.004985 0.026482 -0.016783
v -0.003149 0.027152 -0.015571
v 0.025729 0.055184 -0.062570
v 0.011596 0.023902 -0.021565
vn -0.7344 -0.6528 -0.1857
vn 0.1661 0.3471 0.9230
vn -0.9648 0.0032 0.2629
vn -0.9688 -0.0101 0.2477
vn -0.6439 -0.4522 -0.6172
vn -0.6193 -0.4563 -0.6389
vn 0.6170 -0.4632 -0.6362
vn 0.7278 -0.6724 -0.1348
vn 0.8692 -0.0032 0.4944
vn 0.7670 0.0847 0.6360
vn 0.6269 -0.4538 -0.6333
vn 0.2556 -0.0024 -0.9668
vn -0.0022 -0.0021 -1.0000
vn -0.0826 -0.0020 -0.9966
vn -0.2588 -0.0016 -0.9659
vn -0.0014 -0.9341 0.3570
vn 0.1842 -0.7409 0.6458
vn -0.0026 -0.7325 0.6807
vn -0.0649 -0.9354 0.3475
vn -0.1500 -0.7695 0.6208
vn 0.2256 -0.4886 0.8429
vn 0.0268 -0.4926 0.8698
vt 1.000000 0.542160
vt 0.594873 0.594873
vt 0.000000 0.000000
vt 1.000000 0.000000
vt 0.744067 0.111673
vt 1.000000 0.141594
vt 0.951322 0.874379
vt 0.875575 0.875575
vt 0.300798 0.300798
vt 0.997392 0.856922
vt 0.876715 0.876715
vt 0.141594 0.141594
vt 1.000000 0.487512
vt 1.000000 0.594873
vt 0.857178 0.857178
vt 0.487512 0.487512
vt 0.881859 0.000000
vt 1.000000 1.000000
vt 0.881859 0.881859
vt 0.883797 0.000000
vt 0.883797 0.883797
vt 1.000000 0.866060
vt 0.862320 0.849012
vt 0.862248 0.000000
vt 1.000000 0.398366
vt 0.694214 0.000000
vt 0.694214 0.694214
vt 0.115839 0.000000
vt 1.000000 0.512727
vt 0.512727 0.512727
vt 1.000000 0.316170
vt 1.000000 0.900968
vt 0.904607 0.904607
vt 1.000000 0.137752
vt 0.891726 0.000000
vt 0.549434 0.111235
vt 0.561353 0.097619
vt 0.604179 0.050402
vt 0.604184 0.310437
vt 0.548334 0.236318
vt 0.547670 0.166384
vt 0.604958 0.049111
vt 0.611979 0.055827
vt 0.635292 0.079862
vt 0.635856 0.133893
vt 0.635396 0.303292
vt 0.604184 0.310437
vt 0.070493 0.794020
vt 0.083288 0.786543
vt 0.088338 0.795290
vt 0.076578 0.808023
vt 0.073086 0.799377
vt 0.084829 0.816669
vt 0.386992 0.808957
vt 0.395318 0.822357
vt 0.372187 0.818809
vt 0.372488 0.808706
vt 0.372536 0.838112
vt 0.393008 0.826635
s 0
f 685/755/491 686/756/491 665/757/491 666/758/491
f 688/759/492 689/760/492 698/761/492 697/762/492 687/763/492
f 691/764/493 698/765/493 689/766/493 690/767/493
f 665/758/494 686/768/494 691/769/494 690/770/494 692/771/494
f 665/772/495 692/773/495 693/774/495 666/758/495
f 666/772/496 693/775/496 694/776/496
f 667/758/497 666/772/497 694/777/497 699/778/497
f 685/779/498 666/772/498 667/757/498 682/780/498
f 682/781/499 667/757/499 696/782/499 695/783/499
f 695/784/500 687/785/500 697/786/500 682/787/500
f 667/758/501 699/788/501 696/789/501
s 1
f 684/790/502 681/791/502 680/792/503 674/793/504 672/794/502 683/795/502
f 680/796/503 679/797/505 678/798/505 677/799/505 673/800/505 674/801/504
f 675/802/506 676/803/507 668/804/508
f 671/805/509 675/806/506 668/804/508 700/807/510
f 670/808/511 669/809/512 668/810/508 676/811/507
f 700/812/510 668/810/508 669/813/512
o Bottle_cell.001
v -0.043195 0.033705 -0.041903
v -0.047388 0.024692 -0.000173
v -0.062818 0.073952 0.021529
v -0.024631 0.023939 -0.000042
v -0.021331 0.023918 -0.012357
v -0.065577 0.058554 -0.014260
v -0.061604 0.040250 -0.029060
v -0.029247 0.016007 -0.000028
v -0.023385 0.023573 0.005425
v -0.067250 0.115169 0.007705
v -0.019847 0.025701 0.001057
v -0.069370 0.076079 -0.000129
v -0.060079 0.040960 -0.034754
v -0.053138 0.039060 -0.041691
v -0.049660 0.043133 -0.045177
v -0.024841 0.016950 -0.014371
v -0.020410 0.016056 -0.019505
v -0.013543 0.027656 -0.005950
v -0.069366 0.137802 -0.000238
v -0.061190 0.188978 -0.030828
v -0.051771 0.189207 -0.043307
v -0.047796 0.080705 -0.047103
v -0.017188 0.023911 -0.016499
v -0.048164 0.189350 -0.046914
v -0.065577 0.058554 -0.014260
v -0.061604 0.040250 -0.029060
v -0.029247 0.016007 -0.000028
v -0.023385 0.023573 0.005425
v -0.069370 0.076079 -0.000129
v -0.060079 0.040960 -0.034754
v -0.053138 0.039060 -0.041691
v -0.049660 0.043133 -0.045177
v -0.024841 0.016950 -0.014371
v -0.020410 0.016056 -0.019505
v -0.069366 0.137802 -0.000238
v -0.061190 0.188978 -0.030828
v -0.067250 0.115169 0.007705
v -0.017188 0.023911 -0.016499
v -0.047796 0.080705 -0.047103
v -0.048164 0.189350 -0.046914
v -0.051771 0.189207 -0.043307
v -0.062818 0.073952 0.021529
v -0.019847 0.025701 0.001057
v -0.013543 0.027656 -0.005950
vn -0.8938 -0.3829 0.2336
vn -0.2226 -0.4506 0.8645
vn 0.6640 0.3010 0.6844
vn -0.8945 -0.3816 0.2331
vn -0.4652 -0.8545 -0.2313
vn -0.2754 -0.4783 -0.8339
vn -0.4394 -0.8700 -0.2234
vn 0.6876 0.3047 0.6590
vn -0.0862 0.9952 -0.0468
vn 0.6616 -0.0182 -0.7497
vn 0.7901 0.0354 -0.6120
vn -0.7467 0.0035 -0.6651
vn -0.8760 0.0017 -0.4822
vn -0.8238 0.0025 -0.5669
vn -0.9659 -0.0004 -0.2588
vn -0.9991 -0.0018 -0.0426
vn -0.9801 -0.0008 -0.1984
vn -0.9605 -0.0037 0.2782
vn 0.3290 -0.9357 0.1275
vn 0.5822 -0.7390 0.3391
vn 0.4887 -0.7219 0.4900
vn 0.6750 -0.7378 -0.0039
vn 0.3637 -0.9315 0.0083
vn 0.6474 -0.7363 -0.1969
vn 0.7457 -0.5022 0.4379
vn 0.6164 -0.4890 0.6172
vn 0.8599 -0.5003 0.1017
vt 0.299007 0.000000
vt 1.000000 0.000000
vt 1.000000 1.000000
vt 0.431113 0.431113
vt 0.000000 0.000000
vt 0.490444 0.013244
vt 1.000000 0.268031
vt 0.258046 0.248653
vt 0.113098 0.000000
vt 0.604878 0.000000
vt 1.000000 0.431113
vt 0.984299 0.984299
vt 0.898738 0.558613
vt 0.406281 0.406281
vt 1.000000 0.700993
vt 0.824996 0.661951
vt 0.915537 0.000000
vt 1.000000 0.406281
vt 1.000000 0.563453
vt 0.596671 0.000000
vt 0.710315 0.206954
vt 0.877876 0.877876
vt 0.248448 0.000000
vt 0.835674 0.273031
vt 1.000000 0.395122
vt 0.980567 0.884573
vt 0.071306 0.000000
vt 0.248448 0.248448
vt 1.000000 0.403330
vt 0.919303 0.919303
vt 0.564630 0.000000
vt 0.896260 0.051985
vt 1.000000 0.871987
vt 0.884768 0.884768
vt 0.564630 0.564630
vt 0.712802 0.067403
vt 0.728583 0.071216
vt 0.728568 0.347593
vt 0.709700 0.347951
vt 0.701499 0.348082
vt 0.700657 0.145029
vt 0.704893 0.074884
vt 0.512271 0.659538
vt 0.488699 0.627258
vt 0.488697 0.511910
vt 0.546422 0.415359
vt 0.546436 0.691735
vt 0.536960 0.693253
vt 0.447375 0.627369
vt 0.473509 0.554233
vt 0.488697 0.511910
vt 0.488699 0.627259
vt 0.051095 0.781279
vt 0.056004 0.762956
vt 0.064356 0.770325
vt 0.032334 0.762956
vt 0.048245 0.780003
vt 0.035074 0.773180
vt 0.032657 0.772065
vt 0.023732 0.767922
vt 0.372388 0.784059
vt 0.372558 0.774640
vt 0.385313 0.769319
vt 0.386735 0.779732
vt 0.413705 0.844628
vt 0.400949 0.839308
vt 0.400578 0.818809
vt 0.415627 0.824396
vt 0.415038 0.821027
vt 0.401263 0.808407
s 0
f 726/814/513 702/815/513 742/816/513 725/817/513
f 742/816/514 702/818/514 727/819/514 728/820/514
f 742/816/515 728/821/515 743/822/515 737/823/515
f 725/824/516 742/825/516 729/826/516
f 731/827/517 701/818/517 702/815/517 726/828/517 730/829/517
f 732/830/518 701/815/518 731/831/518
f 727/832/519 702/816/519 701/818/519 734/833/519 733/834/519
f 744/835/520 740/818/520 736/836/520 735/837/520 737/838/520 743/839/520
f 741/840/521 736/841/521 740/818/521
f 734/842/522 701/816/522 732/843/522 739/844/522 738/845/522
f 740/815/523 744/846/523 738/847/523 739/848/523
s 1
f 714/849/524 713/850/525 720/851/526 721/852/524 724/853/524 722/854/524 715/855/524
f 706/856/527 712/857/528 719/858/529 720/859/526 713/860/525 707/861/527
f 703/862/530 710/863/530 719/864/529 712/865/528
f 718/866/531 705/867/532 723/868/533
f 704/869/534 705/867/532 718/870/531 711/871/535
f 704/869/534 711/872/535 709/873/536
f 723/874/533 705/875/532 716/876/537 717/877/538
f 716/878/537 705/879/532 704/880/534 708/881/539
f 708/882/539 704/880/534 709/883/536
o Bottle_cell.002
v -0.016664 0.573415 0.008540
v -0.023559 0.564659 0.012616
v -0.023559 0.573288 0.012601
v -0.028365 0.562972 0.015394
v -0.017459 0.573299 0.018702
v -0.016070 0.564287 0.009300
v -0.011975 0.573423 0.013230
v -0.025118 0.573278 0.006786
v -0.017700 0.568970 0.004877
v -0.016070 0.564287 0.009300
v -0.011975 0.573423 0.013230
v -0.023559 0.564659 0.012616
v -0.023559 0.564659 0.012616
v -0.017459 0.573299 0.018702
vn 0.4328 -0.6180 0.6563
vn -0.8486 0.0009 0.5290
vn -0.6910 0.6744 0.2600
vn -0.4830 0.8351 -0.2634
vn -0.3248 0.8888 0.3233
vn 0.3784 0.8441 -0.3798
vn 0.4370 0.7707 -0.4637
vn 0.7316 0.5016 -0.4616
vn 0.8544 0.0124 -0.5195
vt 0.345493 0.000000
vt 0.683158 0.215487
vt 0.336170 0.336170
vt 0.000000 0.000000
vt 0.887856 0.462608
vt 0.871843 0.462608
vt 0.879866 0.451525
vt 0.871592 0.476479
vt 0.887762 0.467804
vt 0.284237 0.826375
vt 0.290393 0.837037
vt 0.279798 0.847450
vt 0.273147 0.832784
vt 0.296609 0.840626
vt 0.289477 0.853039
vt 0.926763 0.265581
vt 0.926703 0.248817
vt 0.937365 0.249010
vt 0.919526 0.248817
vt 0.924352 0.264420
s 0
f 754/884/540 755/885/540 749/886/540 746/887/540
s 1
f 756/888/541 747/889/542 752/890/543
f 758/891/544 747/889/542 756/892/541
f 751/893/545 745/894/546 747/895/542 758/896/544
f 747/895/542 745/894/546 753/897/547 752/898/543
f 750/899/548 745/900/546 751/901/545
f 753/902/547 745/900/546 750/903/548
l 757 748
o Bottle_cell.003
v -0.009339 0.560148 -0.022311
v 0.007563 0.559413 -0.023034
v -0.000001 0.564587 -0.028189
v -0.000001 0.563260 -0.033736
v 0.007226 0.556143 -0.031788
v 0.008821 0.563709 -0.029517
v -0.006516 0.565726 -0.026445
v -0.011571 0.564554 -0.025249
v -0.015158 0.557332 -0.029665
v -0.000001 0.555475 -0.033723
v -0.015129 0.563267 -0.029683
v -0.011571 0.564554 -0.025249
v -0.015129 0.563267 -0.029683
v 0.008821 0.563709 -0.029517
v 0.007226 0.556143 -0.031788
v -0.000001 0.555475 -0.033723
v -0.000001 0.564587 -0.028189
v -0.006516 0.565726 -0.026445
v -0.015158 0.557332 -0.029665
vn 0.9748 -0.2187 0.0441
vn -0.0071 -0.9367 0.3501
vn 0.2128 0.8280 0.5188
vn 0.0599 0.5747 0.8162
vn -0.0243 -0.9270 0.3742
vn -0.0187 -0.9338 0.3573
vn -0.7843 0.0103 0.6203
vn -0.0206 0.9600 -0.2792
vn -0.0855 0.9415 -0.3261
vn -0.2458 0.0738 -0.9665
vn 0.0336 0.5759 -0.8168
vn -0.2208 0.5201 -0.8251
vn 0.3025 0.4660 -0.8315
vn 0.3502 0.1006 -0.9313
vn 0.0512 0.0525 -0.9973
vn -0.2588 -0.0017 -0.9659
vt 0.920649 0.000000
vt 1.000000 0.000000
vt 1.000000 0.090090
vt 0.000000 0.000000
vt 0.107074 0.000000
vt 0.090090 0.090090
vt 0.925974 0.880271
vt 0.922621 0.624998
vt 1.000000 0.341696
vt 1.000000 1.000000
vt 0.502361 0.000000
vt 0.341696 0.341696
vt 1.000000 0.107201
vt 1.000000 0.892926
vt 0.107201 0.107201
vt 0.819071 0.188312
vt 0.787206 0.000000
vt 1.000000 0.497639
vt 0.089091 0.883164
vt 0.089091 0.862775
vt 0.091198 0.870641
vt 0.533611 0.803633
vt 0.523417 0.785975
vt 0.530702 0.778690
vt 0.545240 0.803871
vt 0.874948 0.565184
vt 0.884921 0.571903
vt 0.886373 0.583931
vt 0.871925 0.583931
vt 0.874545 0.613059
vt 0.871925 0.613008
vt 0.513801 0.768933
s 0
f 772/904/549 760/905/549 773/906/549
f 760/907/550 768/908/550 773/909/550
f 772/910/551 761/911/551 776/912/551 760/913/551
f 770/914/552 759/905/552 760/913/552 776/915/552
f 777/916/553 760/913/553 759/907/553
f 768/917/554 760/913/554 777/918/554
f 771/919/555 777/920/555 759/905/555 770/921/555
s 1
f 775/922/556 766/923/557 765/924/558
f 766/925/557 775/926/556 762/927/559 769/928/560
f 764/929/561 763/930/562 774/931/563 762/932/559
f 767/933/564 769/934/560 762/932/559 774/931/563
f 775/926/556 764/935/561 762/927/559
o Bottle_cell.004
v 0.015366 0.549357 0.025656
v 0.021206 0.549858 0.022576
v 0.016376 0.555359 0.027396
v 0.021861 0.555234 0.021912
v 0.009077 0.554030 0.029354
v 0.015366 0.549357 0.025656
v 0.021206 0.549858 0.022576
v 0.016376 0.555359 0.027396
v 0.021861 0.555234 0.021912
v 0.009077 0.554030 0.029354
vn -0.4910 -0.0123 -0.8711
vn -0.2403 0.9348 -0.2615
vn 0.5987 -0.1618 0.7845
vn 0.4642 -0.2365 0.8536
vn 0.4831 -0.2268 0.8457
vn 0.2987 -0.3118 0.9020
vt 1.000000 0.000000
vt 1.000000 1.000000
vt 0.921228 0.850388
vt 0.912469 0.367342
vt 0.016965 0.000000
vt 0.417093 0.390793
vt 0.166805 0.777745
vt 0.166793 0.790215
vt 0.156602 0.790215
vt 0.165531 0.777248
vt 0.156602 0.804156
s 0
f 787/936/565 786/937/565 784/938/565 783/939/565
f 786/937/566 787/940/566 785/941/566
s 1
f 781/942/567 780/943/568 778/944/569 779/945/567
f 778/944/569 780/943/568 782/946/570
o Bottle_cell.005
v 0.006645 0.394152 0.014147
v 0.023559 0.423493 0.012863
v 0.005033 0.373426 0.005366
v 0.039013 0.411013 0.021807
v 0.018116 0.427778 0.009721
v 0.040628 0.411003 0.015779
v 0.039642 0.407214 0.025573
v 0.020985 0.414463 0.033138
v 0.031472 0.411027 0.029348
v 0.016043 0.417685 0.030515
v 0.012619 0.427788 0.015218
v 0.016424 0.441066 0.019967
v 0.014234 0.423509 0.022188
v 0.010088 0.426185 0.008441
v 0.013696 0.436725 0.013973
v 0.014666 0.444398 0.012858
v 0.018109 0.453968 0.018260
v 0.017709 0.465685 0.009414
v 0.018530 0.475492 0.005879
v 0.022681 0.485090 0.013633
v 0.025045 0.470801 0.007235
v 0.024601 0.485339 0.008866
v 0.020985 0.414463 0.033138
v 0.031472 0.411027 0.029348
v 0.039642 0.407214 0.025573
v 0.016424 0.441066 0.019967
v 0.014234 0.423509 0.022188
v 0.012619 0.427788 0.015218
v 0.013696 0.436725 0.013973
v 0.010088 0.426185 0.008441
v 0.014666 0.444398 0.012858
v 0.018109 0.453968 0.018260
v 0.022681 0.485090 0.013633
v 0.017709 0.465685 0.009414
v 0.018116 0.427778 0.009721
v 0.023559 0.423493 0.012863
v 0.040628 0.411003 0.015779
v 0.025045 0.470801 0.007235
v 0.016043 0.417685 0.030515
v 0.024601 0.485339 0.008866
vn -0.9940 0.0981 -0.0491
vn 0.2179 0.0148 -0.9759
vn 0.7386 -0.6505 -0.1773
vn 0.0998 -0.5840 0.8056
vn -0.5874 -0.2844 0.7577
vn -0.9368 0.1564 0.3130
vn -0.9372 0.1632 0.3082
vn -0.9473 0.2272 0.2259
vn 0.1480 -0.0794 -0.9858
vn 0.4059 0.8116 0.4203
vn 0.4317 0.7854 0.4436
vn 0.6816 0.6515 0.3333
vn 0.6359 0.5067 0.5821
vn 0.5910 0.5386 0.6006
vn 0.6520 0.7381 0.1734
vn -0.6303 0.4522 -0.6311
vn -0.5889 0.5526 -0.5898
vn -0.7071 -0.0133 -0.7070
vn 0.6480 0.5876 0.4845
vn -0.1661 0.9717 -0.1678
vn -0.6229 -0.2636 0.7366
vn 0.9229 0.0053 0.3850
vn 0.9421 0.0058 0.3352
vn 0.7071 0.0012 0.7071
vt 1.000000 1.000000
vt 0.000000 0.000000
vt 1.000000 0.068479
vt 1.000000 0.648768
vt 0.438322 0.427678
vt 0.505468 0.423644
vt 0.026689 0.000000
vt 0.097701 0.000000
vt 0.639031 0.484012
vt 1.000000 0.686369
vt 0.717703 0.653775
vt 1.000000 0.617027
vt 0.696738 0.696738
vt 0.833050 0.655737
vt 1.000000 0.604365
vt 0.617027 0.617027
vt 0.780368 0.000000
vt 0.866967 0.000000
vt 0.880214 0.230425
vt 1.000000 0.107962
vt 0.726462 0.726462
vt 0.809126 0.448825
vt 0.866967 0.866967
vt 0.780368 0.780368
vt 1.000000 0.559236
vt 1.000000 0.735637
vt 0.559236 0.559236
vt 0.743277 0.000000
vt 1.000000 0.000000
vt 1.000000 0.178449
vt 0.871090 0.353311
vt 0.735637 0.735637
vt 0.458254 0.458254
vt 0.166193 0.000000
vt 1.000000 0.723481
vt 1.000000 0.924847
vt 0.878296 0.311252
vt 0.881370 0.312698
vt 0.890153 0.331447
vt 0.890153 0.351246
vt 0.858154 0.342672
vt 0.862779 0.315289
vt 0.880689 0.363924
vt 1.000000 0.519279
vt 0.987502 0.519054
vt 0.990023 0.502518
vt 0.992291 0.488323
vt 0.999386 0.448957
vt 0.332357 0.000000
vt 0.335635 0.005591
vt 0.322324 0.000181
vt 0.153489 0.757365
vt 0.150211 0.762956
vt 0.133064 0.762646
vt 0.233593 0.837982
vt 0.219161 0.837982
vt 0.228016 0.825758
vt 0.726462 0.000000
vt 0.800011 0.525361
vt 0.806844 0.410670
vt 0.809240 0.498429
vt 0.806483 0.525451
vt 0.798014 0.525054
vt 0.787618 0.467101
vt 0.783786 0.443085
vt 0.778807 0.410410
vt 0.800010 0.410794
s 0
f 790/947/571 788/948/571 817/949/571
f 793/950/572 790/947/572 817/951/572 822/952/572 821/953/572 825/954/572 789/955/572
f 812/956/573 790/947/573 793/957/573
f 810/958/574 790/947/574 812/959/574 811/960/574
f 826/961/575 790/947/575 810/962/575
f 813/963/576 816/964/576 815/965/576 817/966/576 788/947/576 826/967/576 814/968/576
f 816/969/577 813/970/577 819/971/577 818/972/577
f 819/973/578 820/974/578 827/975/578 806/976/578 821/977/578 818/978/578
f 806/979/579 827/980/579 825/981/579 821/982/579
s 1
f 797/983/580 795/984/580 796/985/581 791/986/582 823/987/583 800/988/584
f 823/987/583 791/986/582 824/989/585
f 792/990/586 798/991/587 802/992/588 803/993/588 805/994/588
f 791/995/582 794/996/589 824/997/585
f 794/998/589 791/999/582 796/1000/581
f 798/1001/587 792/1002/586 801/1003/590
s 0
f 826/1004/591 788/975/591 790/947/591
s 1
f 807/1005/592 823/1006/583 808/1007/593 809/1008/593
f 807/1009/592 804/1010/594 799/1011/594 800/1012/584 823/1013/583
o Bottle_cell.006
v -0.032754 0.549817 -0.000960
v -0.030878 0.549805 -0.007957
v -0.030879 0.556220 -0.007968
v -0.032754 0.557205 -0.000973
v -0.030893 0.549829 0.005986
v -0.030884 0.556625 0.006004
v -0.030893 0.549829 0.005986
v -0.030884 0.556625 0.006004
v -0.032754 0.549817 -0.000960
v -0.030878 0.549805 -0.007957
v -0.030879 0.556220 -0.007968
v -0.032754 0.557205 -0.000973
vn 0.3852 0.9224 -0.0266
vn 0.9901 -0.1404 0.0010
vn -0.9659 0.0005 0.2588
vn -1.0000 -0.0000 0.0047
vn -1.0000 -0.0000 -0.0000
vn -0.9659 -0.0005 -0.2588
vt 0.886599 0.309981
vt 1.000000 0.000000
vt 0.944776 0.944776
vt 1.000000 0.909553
vt 1.000000 1.000000
vt 0.000000 0.000000
vt 0.091442 0.000000
vt 0.628337 0.532120
vt 0.118115 0.799660
vt 0.117349 0.790215
vt 0.131058 0.790215
vt 0.131058 0.803564
vt 0.126008 0.778552
vt 0.130848 0.778567
vt 0.117349 0.790215
s 0
f 831/1014/595 835/1015/595 838/1016/595
f 837/1017/596 838/1018/596 835/1019/596 834/1020/596 828/1021/596
s 1
f 833/1022/597 839/1023/598 836/1024/599 832/1025/597
f 830/1026/600 829/1027/600 836/1024/599 839/1028/598
o Bottle_cell.007
v 0.008660 0.557744 0.026947
v 0.011354 0.559823 0.016995
v 0.016376 0.563367 0.027382
v 0.010551 0.564677 0.023391
v 0.009181 0.563579 0.028423
v 0.016294 0.567009 0.019877
v 0.020219 0.557571 0.023550
v 0.016376 0.557627 0.027392
v 0.021708 0.563358 0.022050
v 0.008660 0.557744 0.026947
v 0.009181 0.563579 0.028423
v 0.010551 0.564677 0.023391
v 0.020219 0.557571 0.023550
v 0.016376 0.557627 0.027392
v 0.016294 0.567009 0.019877
v 0.021708 0.563358 0.022050
vn -0.9623 0.1443 -0.2304
vn -0.5782 0.6132 -0.5381
vn 0.4730 -0.1417 -0.8696
vn -0.0805 -0.9711 -0.2247
vn -0.0151 -0.9999 -0.0007
vn 0.0632 0.4529 0.8893
vn 0.3358 0.4708 0.8158
vn 0.1108 0.9363 0.3332
vn 0.5122 0.5310 0.6750
vn 0.1568 0.8892 0.4298
vn 0.4031 -0.0672 0.9127
vn 0.0368 -0.1272 0.9912
vn 0.7071 0.0012 0.7071
vt 1.000000 1.000000
vt 0.000000 0.000000
vt 0.308299 0.000000
vt 1.000000 0.573141
vt 0.721932 0.508592
vt 1.000000 0.582853
vt 0.688387 0.000000
vt 1.000000 0.000000
vt 0.694716 0.511295
vt 0.035099 0.000000
vt 0.410651 0.362077
vt 0.435717 0.849113
vt 0.428970 0.837425
vt 0.441853 0.839837
vt 0.431173 0.823530
vt 0.438921 0.827121
vt 0.438921 0.834759
vt 0.171002 0.790215
vt 0.181653 0.790215
vt 0.181653 0.803711
vt 0.171192 0.803870
vt 0.179414 0.778035
vt 0.181873 0.778092
vt 0.171002 0.790215
s 0
f 841/1029/601 849/1030/601 850/1031/601 851/1032/601
f 851/1033/602 854/1034/602 841/1029/602
f 848/1035/603 852/1036/603 841/1029/603 854/1037/603
f 841/1029/604 852/1030/604 849/1036/604
f 849/1029/605 852/1038/605 853/1039/605
s 1
f 844/1040/606 842/1041/607 843/1042/608
f 855/1043/609 845/1044/610 843/1045/608 842/1041/607
f 847/1046/611 842/1047/607 844/1048/606 840/1049/612
f 846/1050/613 855/1051/609 842/1047/607 847/1052/611
o Bottle_cell.008
v -0.014050 0.017907 0.049214
v -0.021945 0.019113 0.042662
v -0.048862 0.070232 0.045781
v -0.034685 0.071716 0.059955
v -0.018163 0.051528 0.064419
v -0.018121 0.005600 0.064515
v -0.024750 0.004032 0.062741
v -0.058533 0.008923 0.036224
v -0.040350 0.003565 0.054417
v -0.034282 0.002550 0.059377
v -0.050966 0.062673 0.043691
v -0.048862 0.070232 0.045781
v -0.034685 0.071716 0.059955
v -0.018163 0.051528 0.064419
v -0.018121 0.005600 0.064515
v -0.024750 0.004032 0.062741
v -0.058533 0.008923 0.036224
v -0.040350 0.003565 0.054417
v -0.034282 0.002550 0.059377
v -0.050966 0.062673 0.043691
vn 0.6259 0.3714 -0.6858
vn 0.6345 0.3779 -0.6742
vn 0.6433 0.3794 -0.6650
vn 0.9661 0.0014 0.2582
vn 0.3276 -0.7769 -0.5377
vn 0.3126 -0.7800 -0.5421
vn 0.1405 0.1168 -0.9832
vn 0.2538 0.1915 -0.9481
vn -0.6966 -0.0004 0.7175
vn -0.5064 -0.0014 0.8623
vn -0.5798 -0.0011 0.8147
vn -0.2849 -0.0024 0.9586
vt 1.000000 0.100881
vt 1.000000 1.000000
vt 0.000000 0.000000
vt 0.100881 0.100881
vt 1.000000 0.697213
vt 1.000000 0.787065
vt 0.697213 0.697213
vt 0.782228 0.782228
vt 1.000000 0.780488
vt 0.780489 0.780489
vt 0.736681 0.000000
vt 1.000000 0.000000
vt 1.000000 0.052282
vt 0.739153 0.683855
vt 0.758274 0.505405
vt 0.808094 0.384304
vt 1.000000 0.461669
vt 0.052282 0.052282
vt 1.000000 0.104912
vt 0.461669 0.461669
vt 0.418513 0.752816
vt 0.377168 0.762143
vt 0.364293 0.761911
vt 0.364300 0.634568
vt 0.398063 0.638104
vt 0.401316 0.652081
vt 0.027576 0.004315
vt 0.025448 0.093052
vt 0.000007 0.128387
vt 0.000000 0.001045
vt 0.016542 0.001590
s 0
f 867/1053/614 856/1054/614 857/1055/614
f 856/1054/615 867/1056/615 868/1057/615
f 869/1058/616 856/1054/616 868/1059/616
f 869/1060/617 870/1061/617 856/1054/617
f 856/1054/618 870/1062/618 871/1063/618 857/1064/618
f 872/1065/619 857/1054/619 871/1066/619 874/1067/619 873/1068/619
f 875/1069/620 857/1054/620 872/1070/620
f 867/1071/621 857/1054/621 875/1072/621
s 1
f 863/1073/622 864/1074/622 865/1075/623 859/1076/624 858/1077/622 866/1078/622
f 861/1079/625 860/1080/625 859/1081/624 865/1082/623 862/1083/625
o Bottle_cell.009
v 0.057124 0.032590 -0.014459
v 0.060538 0.018410 0.000185
v 0.024630 0.023939 -0.000042
v 0.064970 0.046342 -0.016506
v 0.040608 0.005862 0.013663
v 0.035409 0.006822 0.019479
v 0.067573 0.040756 0.006649
v 0.060358 0.074441 0.033507
v 0.045031 0.005064 0.008427
v 0.069373 0.033131 -0.000054
v 0.039736 0.006658 0.005327
v 0.033081 0.008645 0.001673
v 0.027763 0.015638 -0.006342
v 0.016476 0.026799 -0.003213
v 0.023276 0.023931 -0.005096
v 0.064991 0.150300 -0.016581
v 0.064959 0.083946 -0.016603
v 0.064955 0.052459 -0.016573
v 0.060311 0.109941 0.033609
v 0.029257 0.008669 0.015945
v 0.016454 0.026269 0.008441
v 0.021560 0.023959 0.011417
v 0.060322 0.137145 0.033514
v 0.067590 0.157947 -0.006894
v 0.069364 0.162125 -0.000280
v 0.067573 0.040756 0.006649
v 0.060358 0.074441 0.033507
v 0.040608 0.005862 0.013663
v 0.035409 0.006822 0.019479
v 0.045031 0.005064 0.008427
v 0.069373 0.033131 -0.000054
v 0.039736 0.006658 0.005327
v 0.033081 0.008645 0.001673
v 0.027763 0.015638 -0.006342
v 0.023276 0.023931 -0.005096
v 0.016476 0.026799 -0.003213
v 0.064991 0.150300 -0.016581
v 0.064959 0.083946 -0.016603
v 0.064955 0.052459 -0.016573
v 0.064970 0.046342 -0.016506
v 0.060311 0.109941 0.033609
v 0.060322 0.137145 0.033514
v 0.016454 0.026269 0.008441
v 0.021560 0.023959 0.011417
v 0.029257 0.008669 0.015945
v 0.067590 0.157947 -0.006894
v 0.069364 0.162125 -0.000280
vn 0.6584 -0.3780 0.6509
vn 0.6720 -0.3931 0.6276
vn 0.6889 -0.4493 -0.5689
vn 0.2086 -0.6778 -0.7050
vn 0.1912 -0.6732 -0.7143
vn -0.2667 0.0004 -0.9638
vn -0.2586 -0.0009 -0.9660
vn -0.2340 -0.0112 -0.9722
vn -0.4836 -0.0031 0.8753
vn -0.5015 0.0029 0.8652
vn -0.9315 0.3620 -0.0359
vn -0.9313 0.3638 0.0187
vn 0.9659 0.0005 0.2588
vn 0.9996 -0.0000 -0.0275
vn 0.9999 0.0001 -0.0103
vn 0.9659 -0.0004 -0.2588
vn -0.2521 -0.9655 -0.0659
vn -0.5549 -0.8188 -0.1472
vn -0.6792 -0.7276 -0.0958
vn -0.3460 -0.9382 -0.0107
vn -0.6805 -0.7327 -0.0062
vn -0.6612 -0.7318 -0.1653
vn -0.3358 -0.9396 -0.0657
vn -0.8625 -0.4693 0.1895
vn -0.6533 -0.7414 0.1537
vt 0.573644 0.000000
vt 0.923813 0.000000
vt 1.000000 0.118522
vt 1.000000 0.419271
vt 0.492540 0.000000
vt 1.000000 0.000000
vt 0.934856 0.183169
vt 0.419271 0.419271
vt 0.118522 0.118522
vt 0.145878 0.145878
vt 0.000000 0.000000
vt 1.000000 0.138753
vt 0.507460 0.000000
vt 1.000000 0.359383
vt 1.000000 1.000000
vt 1.000000 0.408405
vt 0.359383 0.359383
vt 0.672692 0.356991
vt 0.408405 0.408405
vt 0.281306 0.206579
vt 0.121378 0.000000
vt 0.777037 0.000000
vt 1.000000 0.678439
vt 0.678439 0.678439
vt 1.000000 0.873502
vt 0.873503 0.873503
vt 1.000000 0.874065
vt 1.000000 0.076187
vt 1.000000 0.426356
vt 0.397619 0.000000
vt 0.922461 0.922461
vt 0.397619 0.397619
vt 0.269710 0.000000
vt 0.861002 0.000000
vt 0.863707 0.222620
vt 0.923304 0.730953
vt 1.000000 0.222963
vt 0.879409 0.879409
vt 0.193467 0.193467
vt 1.000000 0.193467
vt 0.969515 0.877543
vt 0.876560 0.876560
vt 0.271212 0.271212
vt 0.872144 0.166790
vt 0.362728 0.512236
vt 0.362808 0.563073
vt 0.362536 0.629421
vt 0.317733 0.693095
vt 0.306554 0.707525
vt 0.306549 0.466458
vt 0.305022 0.710573
vt 0.274976 0.682782
vt 0.274867 0.671350
vt 0.274915 0.612507
vt 0.275179 0.488503
vt 0.293824 0.474243
vt 0.888353 0.195666
vt 0.872993 0.193376
vt 0.870451 0.183768
vt 0.894207 0.170053
vt 0.898150 0.183581
vt 0.901036 0.194599
vt 0.052130 0.836836
vt 0.056004 0.851294
vt 0.033981 0.851294
vt 0.043217 0.839066
vt 0.583069 0.837881
vt 0.582725 0.818808
vt 0.610664 0.825896
vt 0.611092 0.849652
vt 0.597838 0.808990
vt 0.607600 0.822624
vt 0.582725 0.809093
vt 0.057764 0.835149
vt 0.064417 0.846437
s 0
f 902/1084/626 904/1085/626 903/1086/626 901/1087/626
f 905/1088/627 877/1089/627 906/1090/627 901/1091/627 903/1092/627
f 906/1093/628 877/1094/628 876/1089/628 915/1095/628
f 877/1094/629 905/1096/629 907/1097/629 876/1098/629
f 909/1099/630 876/1098/630 907/1100/630 908/1101/630
f 876/1098/631 909/1102/631 910/1103/631 911/1104/631 912/1105/631 913/1106/631
f 876/1098/632 913/1107/632 914/1108/632
f 914/1109/633 915/1110/633 876/1098/633
f 904/1111/634 902/1112/634 916/1113/634
f 904/1114/635 916/1115/635 917/1116/635 918/1117/635 919/1118/635 920/1119/635
f 912/1120/636 911/1121/636 921/1122/636
f 921/1123/637 911/1124/637 918/1125/637 917/1126/637 922/1127/637
s 1
f 898/1128/638 894/1129/638 883/1130/638 882/1131/638 885/1132/639 900/1133/640
f 885/1134/639 879/1135/641 893/1136/641 892/1137/641 891/1138/641 899/1139/641 900/1133/640
f 880/1140/642 881/1141/642 895/1142/643 887/1143/644 886/1144/642 884/1145/642
f 889/1146/645 878/1147/646 897/1148/647 896/1149/648
f 897/1150/647 878/1151/646 887/1152/644 895/1153/643
f 888/1154/649 887/1155/644 878/1151/646 890/1156/650
f 889/1157/645 890/1158/650 878/1147/646
o Bottle_cell.010
v -0.027279 0.555078 -0.007345
v -0.026968 0.555427 0.005810
v -0.027204 0.548427 -0.000957
v -0.027204 0.488909 -0.000853
v -0.025549 0.489042 -0.007029
v -0.020208 0.489245 -0.000869
v -0.017503 0.489286 0.009222
v -0.025573 0.524038 -0.007000
v -0.018540 0.537312 -0.005120
v -0.025131 0.545793 0.006783
v -0.017123 0.527476 0.008913
v -0.017422 0.552527 0.006661
v -0.023814 0.489121 0.011797
v -0.018368 0.555421 -0.005016
v -0.025604 0.548417 -0.006929
v -0.018631 0.555594 0.002007
v -0.027204 0.488909 -0.000853
v -0.025549 0.489042 -0.007029
v -0.020208 0.489245 -0.000869
v -0.017503 0.489286 0.009222
v -0.025573 0.524038 -0.007000
v -0.017123 0.527476 0.008913
v -0.017422 0.552527 0.006661
v -0.025131 0.545793 0.006783
v -0.023814 0.489121 0.011797
v -0.018540 0.537312 -0.005120
v -0.018368 0.555421 -0.005016
v -0.025604 0.548417 -0.006929
v -0.027204 0.548427 -0.000957
v -0.018631 0.555594 0.002007
vn 0.0479 -0.9988 -0.0088
vn 0.5838 -0.0527 -0.8102
vn 0.3742 0.0904 0.9229
vn 0.0297 -0.9995 0.0088
vn 0.2528 0.0031 -0.9675
vn -0.0317 0.9992 -0.0258
vn 0.2109 0.8405 0.4991
vn -0.9936 -0.1078 0.0325
vn -0.9659 0.0005 0.2588
vn -0.9995 -0.0001 -0.0303
vn -1.0000 -0.0000 0.0007
vn -0.9659 -0.0005 -0.2588
vn 0.9882 -0.0158 -0.1521
vn 0.9864 -0.0160 -0.1637
vn 0.9659 -0.0106 0.2588
vn 0.9852 -0.0160 -0.1704
vn -0.1546 0.0472 0.9869
vt 0.000000 0.000000
vt 0.600082 0.124254
vt 1.000000 0.446194
vt 0.713371 0.368520
vt 0.599286 0.599286
vt 0.446194 0.446194
vt 0.530399 0.000000
vt 0.726702 0.000000
vt 1.000000 0.689338
vt 1.000000 1.000000
vt 0.145935 0.145935
vt 1.000000 0.608363
vt 0.689338 0.689338
vt 0.086863 0.086863
vt 0.480845 0.000000
vt 1.000000 0.273298
vt 1.000000 0.469601
vt 1.000000 0.000000
vt 1.000000 0.457542
vt 0.480845 0.480845
vt 0.457542 0.457542
vt 0.777728 0.000000
vt 0.089021 0.000000
vt 0.452959 0.357349
vt 1.000000 0.908043
vt 0.762954 0.643075
vt 0.777370 0.643075
vt 0.770235 0.753502
vt 0.753055 0.753165
vt 0.787649 0.753064
vt 0.777370 0.753518
vt 0.787310 0.642895
vt 0.787499 0.688129
vt 0.908186 0.282036
vt 0.900497 0.404860
vt 0.901193 0.315868
vt 0.913987 0.281854
vt 0.922904 0.287558
vt 0.927007 0.334034
vt 0.927260 0.404876
vt 0.907863 0.404919
vt 0.908186 0.282036
vt 1.000000 0.145935
vt 0.984867 0.984867
vt 0.728753 0.401306
vt 0.460056 0.000000
s 0
f 942/1159/651 939/1160/651 940/1161/651 941/1162/651
f 941/1163/652 940/1164/652 943/1165/652 948/1166/652
f 947/1167/653 942/1168/653 946/1169/653
f 939/1170/654 942/1168/654 947/1171/654
f 950/1172/655 923/1159/655 949/1173/655 948/1174/655 943/1175/655
f 923/1159/656 924/1176/656 952/1177/656 949/1178/656
f 952/1179/657 924/1159/657 945/1180/657
f 924/1168/658 923/1159/658 950/1181/658 925/1182/658 946/1183/658
s 1
f 932/1184/659 951/1185/660 926/1186/661 935/1187/659
f 927/1188/662 926/1189/661 951/1185/660 937/1190/662 930/1191/662
f 936/1192/663 928/1193/664 931/1194/665
f 938/1195/666 934/1196/666 944/1197/666 929/1198/666 928/1199/664 936/1200/663
s 0
f 924/1176/667 946/1201/667 942/1202/667 933/1203/667 945/1204/667
o Bottle_cell.011
v -0.015848 0.033709 -0.056107
v -0.040713 0.033749 -0.041696
v -0.012315 0.023902 -0.021372
v -0.008990 0.016494 -0.026557
v -0.014278 0.017152 -0.024760
v -0.019324 0.016387 -0.020327
v -0.006072 0.027602 -0.013650
v -0.018388 0.167457 -0.064726
v -0.018144 0.110929 -0.064696
v -0.016309 0.023909 -0.017379
v -0.046888 0.048496 -0.047958
v -0.018179 0.048423 -0.064582
v -0.034686 0.056171 -0.060172
v -0.046567 0.189945 -0.048512
v -0.018143 0.054179 -0.064601
v -0.034681 0.190927 -0.060400
v -0.008990 0.016494 -0.026557
v -0.014278 0.017152 -0.024760
v -0.019324 0.016387 -0.020327
v -0.018388 0.167457 -0.064726
v -0.018144 0.110929 -0.064696
v -0.016309 0.023909 -0.017379
v -0.012315 0.023902 -0.021372
v -0.046888 0.048496 -0.047958
v -0.034686 0.056171 -0.060172
v -0.018179 0.048423 -0.064582
v -0.046567 0.189945 -0.048512
v -0.018143 0.054179 -0.064601
v -0.006072 0.027602 -0.013650
v -0.034681 0.190927 -0.060400
vn -0.2571 -0.8598 -0.4412
vn 0.9762 -0.0044 -0.2168
vn -0.6288 0.0311 0.7769
vn 0.6486 0.3123 0.6941
vn -0.7069 0.0044 0.7073
vn 0.9611 -0.0068 -0.2762
vn 0.9651 -0.0004 -0.2618
vn -0.2588 -0.0016 -0.9659
vn -0.4997 -0.0014 -0.8662
vn -0.5929 -0.0013 -0.8053
vn -0.7071 -0.0012 -0.7071
vn 0.4392 -0.7111 0.5491
vn 0.2472 -0.9365 0.2488
vn 0.4889 -0.7216 0.4902
vn 0.2256 -0.4886 0.8429
vn 0.4320 -0.5017 0.7495
vn 0.6164 -0.4890 0.6172
vn -0.4349 -0.5002 -0.7488
vt 0.000000 0.000000
vt 1.000000 0.000000
vt 1.000000 0.578282
vt 0.797755 0.556420
vt 0.582428 0.582428
vt 0.578282 0.578282
vt 0.487536 0.000000
vt 1.000000 0.130952
vt 1.000000 0.874237
vt 0.746266 0.680323
vt 1.000000 0.582428
vt 0.934894 0.671906
vt 0.871125 0.871125
vt 0.468176 0.000000
vt 0.874237 0.874237
vt 0.130952 0.130952
vt 1.000000 1.000000
vt 0.029600 0.000000
vt 1.000000 0.898928
vt 0.867387 0.867387
vt 1.000000 0.866153
vt 0.866153 0.866153
vt 1.000000 0.512464
vt 0.639119 0.084220
vt 0.670846 0.098684
vt 0.665585 0.351101
vt 0.639525 0.306673
vt 0.639055 0.201032
vt 0.639051 0.094977
vt 0.670846 0.098684
vt 0.698590 0.084801
vt 0.696351 0.349262
vt 0.670842 0.350521
vt 0.076503 0.774791
vt 0.058278 0.785550
vt 0.067423 0.769549
vt 0.385676 0.803600
vt 0.372187 0.795139
vt 0.384480 0.793253
vt 0.386089 0.782076
vt 0.372351 0.786058
vt 0.898928 0.898928
vt 0.797783 0.614672
vt 0.867387 0.000000
s 0
f 954/1205/668 953/1206/668 969/1207/668 970/1208/668 971/1209/668
f 969/1210/669 953/1205/669 973/1211/669 972/1212/669 981/1213/669 975/1214/669
f 979/1205/670 954/1206/670 971/1215/670 974/1216/670 981/1217/670
f 968/1218/671 979/1206/671 981/1219/671 972/1220/671
f 954/1221/672 979/1222/672 976/1223/672
f 953/1221/673 978/1224/673 980/1225/673
f 953/1221/674 980/1226/674 973/1227/674
s 1
f 964/1228/675 977/1229/676 982/1230/677 960/1231/675 961/1232/675 967/1233/675
f 977/1234/676 963/1235/678 966/1236/678 982/1237/677
f 955/1238/679 959/1239/680 962/1240/681
f 956/1241/682 955/1242/679 957/1243/683
f 958/1244/684 957/1243/683 955/1242/679 962/1245/681
s 0
f 953/1206/685 954/1221/685 976/1246/685 965/1247/685 978/1248/685
o Bottle_cell.012
v -0.023774 0.569890 -0.008474
v -0.023560 0.573241 -0.014602
v -0.016238 0.573228 -0.021924
vn -0.4433 -0.7798 -0.4420
vt 0.153104 0.000000
vt 1.000000 0.036054
vt 0.662784 0.076186
s 0
f 985/1249/686 983/1250/686 984/1251/686
o Bottle_cell.013
v 0.021260 0.555884 0.019091
v 0.026136 0.555268 0.005983
v 0.028365 0.549846 0.015417
v 0.023559 0.548451 0.012645
v 0.026921 0.487928 0.000203
v 0.019671 0.508119 0.000048
v 0.019283 0.537997 0.000054
v 0.025614 0.548437 0.004975
v 0.018765 0.553102 0.001261
v 0.030194 0.553536 0.008586
v 0.017501 0.555239 0.005876
v 0.013681 0.555511 0.011749
v 0.024970 0.486762 0.007484
v 0.014215 0.488407 0.012480
v 0.019023 0.487918 0.017287
v 0.018761 0.486744 0.004473
v 0.023559 0.486767 0.012752
v 0.013823 0.530197 0.012084
v 0.019005 0.509730 0.017266
v 0.019124 0.548459 0.017079
v 0.023199 0.549855 0.020583
v 0.019671 0.508119 0.000048
v 0.019283 0.537997 0.000054
v 0.018765 0.553102 0.001261
v 0.014215 0.488407 0.012480
v 0.013823 0.530197 0.012084
v 0.019023 0.487918 0.017287
v 0.019005 0.509730 0.017266
v 0.013681 0.555511 0.011749
v 0.019124 0.548459 0.017079
v 0.030194 0.553536 0.008586
v 0.025614 0.548437 0.004975
v 0.024970 0.486762 0.007484
v 0.026921 0.487928 0.000203
v 0.018761 0.486744 0.004473
v 0.017501 0.555239 0.005876
v 0.028365 0.549846 0.015417
v 0.021260 0.555884 0.019091
v 0.023559 0.486767 0.012752
v 0.023199 0.549855 0.020583
vn 0.5617 0.0786 -0.8236
vn 0.0704 -0.9877 -0.1393
vn -0.4385 -0.1643 -0.8836
vn 0.0228 0.0005 -0.9997
vn 0.5260 0.0802 -0.8467
vn 0.0022 0.9076 -0.4198
vn -0.0027 0.9988 -0.0479
vn 0.5633 0.7668 0.3077
vn 0.0021 -1.0000 0.0015
vn -0.1928 -0.9768 0.0935
vn -0.1563 -0.9833 0.0933
vn -0.7070 0.0001 0.7072
vn -0.6959 0.0056 0.7181
vn -0.6480 -0.0199 0.7614
vn -0.9029 -0.0102 -0.4296
vn -0.9031 -0.0102 -0.4293
vn -0.7071 -0.0133 -0.7070
vn 0.9659 0.0005 0.2588
vn 0.9074 -0.3953 0.1428
vn 0.7381 -0.5927 0.3224
vn 0.8739 0.0008 0.4862
vn 0.7071 0.0012 0.7071
vn 0.5675 -0.5956 0.5685
vn 0.5646 -0.7931 0.2285
vn 0.5896 -0.8064 -0.0466
vn 0.6563 0.3734 0.6556
vn 0.6286 -0.4569 0.6294
vn -0.9033 -0.0102 -0.4290
vt 0.000000 0.000000
vt 0.080381 0.036218
vt 0.098698 0.098698
vt 1.000000 0.054054
vt 1.000000 0.942954
vt 0.716228 0.000000
vt 0.699629 0.699629
vt 1.000000 0.691868
vt 0.981937 0.981937
vt 0.982056 0.982056
vt 0.691868 0.691868
vt 1.000000 0.225531
vt 0.200946 0.000000
vt 1.000000 0.000000
vt 0.929547 0.098705
vt 0.956967 0.956967
vt 0.225531 0.225531
vt 0.200946 0.200946
vt 1.000000 0.573705
vt 1.000000 1.000000
vt 0.449578 0.000000
vt 0.536855 0.536855
vt 1.000000 0.956394
vt 0.023686 0.000000
vt 0.507357 0.457588
vt 0.677721 0.000000
vt 1.000000 0.003680
vt 1.000000 0.064077
vt 0.252908 0.000000
vt 0.683522 0.498443
vt 0.962139 0.962139
vt 0.981489 0.981489
vt 0.680398 0.674919
vt 1.000000 0.445926
vt 0.468136 0.468136
vt 0.252909 0.252909
vt 0.329880 0.000000
vt 0.631475 0.000000
vt 0.904678 0.000000
vt 1.000000 0.550422
vt 0.631475 0.631475
vt 0.329880 0.329880
vt 0.909635 0.909635
vt 0.922115 0.912565
vt 0.997934 0.282576
vt 0.991627 0.406682
vt 0.991080 0.329159
vt 0.811619 0.528215
vt 0.821238 0.535307
vt 0.812776 0.642435
vt 0.800011 0.642666
vt 0.800061 0.528198
vt 0.796313 0.528687
vt 0.800010 0.528205
vt 0.800010 0.642666
vt 0.789927 0.642484
vt 0.789655 0.570614
vt 0.728586 0.805948
vt 0.718635 0.808615
vt 0.712665 0.795543
vt 0.721693 0.794008
vt 0.164052 0.762956
vt 0.165227 0.774106
vt 0.156883 0.774703
vt 0.718635 0.820257
vt 0.728586 0.819512
vt 0.942705 0.763787
vt 0.935274 0.803582
vt 0.927346 0.802424
vt 0.928471 0.676426
vt 0.936971 0.677307
vt 0.940825 0.680391
vt 0.942787 0.708367
s 0
f 987/1252/687 1016/1253/687 993/1254/687
f 1020/1255/688 1019/1256/688 1018/1257/688
f 1020/1258/689 1007/1259/689 1019/1260/689
f 1019/1261/690 1007/1262/690 1008/1263/690
f 1009/1264/691 987/1265/691 993/1266/691 1019/1267/691 1008/1268/691
f 1009/1269/692 1021/1270/692 987/1271/692
f 1014/1272/693 1023/1265/693 987/1271/693 1021/1273/693
f 1016/1274/694 987/1271/694 1023/1275/694 988/1276/694
f 1002/1277/695 1020/1278/695 1018/1279/695
f 1012/1280/696 1010/1281/696 1020/1282/696
f 1020/1283/697 1002/1284/697 1012/1285/697
f 1010/1286/698 1012/1287/698 1013/1288/698 1011/1289/698
f 1015/1290/699 1023/1265/699 1014/1291/699 1011/1292/699 1013/1293/699
f 1023/1271/700 1015/1294/700 1006/1295/700
s 1
f 997/1296/701 999/1297/702 1003/1298/703
f 998/1299/704 990/1300/704 1017/1301/705 989/1302/706 1024/1303/707
f 1000/1304/708 1024/1305/707 989/1306/706 1005/1307/709 1004/1308/708
f 1022/1309/710 989/1310/706 1017/1311/705 995/1312/711
f 1022/1313/710 986/1314/712 1025/1315/713
f 1005/1316/709 989/1310/706 1022/1309/710 1025/1317/713
f 991/1318/714 1001/1319/714 999/1320/702 997/1321/701 996/1322/714 994/1323/714 992/1324/714
o Bottle_cell.014
v -0.005124 0.403303 0.022147
v -0.000813 0.363069 0.007488
v 0.004770 0.393683 0.016050
v 0.003718 0.373231 0.006269
v -0.000001 0.397359 0.055931
v -0.000001 0.411053 0.044331
v -0.008833 0.415155 0.036078
v -0.010770 0.408669 0.043460
v 0.009203 0.397355 0.053465
v 0.013947 0.404974 0.045738
v 0.017577 0.411044 0.039621
v -0.000001 0.418977 0.032971
v -0.013694 0.390789 0.055423
v -0.012992 0.397353 0.052450
v 0.014253 0.416994 0.031986
v -0.000001 0.389564 0.059685
v 0.019522 0.414293 0.034442
v 0.009203 0.397355 0.053465
v 0.013947 0.404974 0.045738
v 0.017577 0.411044 0.039621
v -0.010770 0.408669 0.043460
v -0.012992 0.397353 0.052450
v -0.013694 0.390789 0.055423
v -0.008833 0.415155 0.036078
v -0.000001 0.389564 0.059685
v -0.000001 0.418977 0.032971
v 0.014253 0.416994 0.031986
v 0.019522 0.414293 0.034442
vn -0.9668 -0.0021 -0.2556
vn 0.8144 -0.5360 0.2223
vn 0.8993 -0.4218 0.1151
vn -0.4837 0.5989 -0.6383
vn -0.1285 0.4332 -0.8921
vn -0.6456 0.1994 -0.7372
vn -0.9673 -0.0113 -0.2534
vn 0.0256 0.5592 -0.8287
vn -0.2162 -0.8693 0.4446
vn 0.9118 -0.4031 0.0781
vn 0.5073 0.3426 -0.7908
vn 0.1519 0.8106 0.5655
vn 0.0144 0.8127 0.5825
vn -0.0058 0.7311 0.6822
vn 0.1688 0.7591 0.6287
vn -0.1826 0.7884 0.5874
vn -0.1943 0.7017 0.6855
vn -0.0000 0.5352 0.8447
vn -0.2193 0.5325 0.8176
vn -0.2349 0.4217 0.8758
vn -0.0668 0.4329 0.8990
vn 0.2101 0.5856 0.7829
vn 0.2006 0.6332 0.7475
vt 0.142661 0.142661
vt 0.000000 0.000000
vt 0.199574 0.048770
vt 0.540431 0.000000
vt 1.000000 0.000000
vt 1.000000 0.341371
vt 0.755273 0.166714
vt 0.405078 0.070373
vt 0.341371 0.341371
vt 0.803351 0.000000
vt 1.000000 0.184117
vt 1.000000 1.000000
vt 1.000000 0.780875
vt 0.428283 0.000000
vt 0.628382 0.260816
vt 0.731832 0.000000
vt 0.803351 0.803351
vt 0.858250 0.326289
vt 0.551778 0.000000
vt 0.382454 0.000000
vt 1.000000 0.582030
vt 1.000000 0.268168
vt 0.391907 0.391907
vt 0.877772 0.308430
vt 0.871027 0.305366
vt 0.853614 0.285357
vt 0.868507 0.270463
vt 0.883988 0.303169
vt 0.846088 0.269694
vt 0.851402 0.260587
vt 0.063865 0.736180
vt 0.042241 0.736571
vt 0.045062 0.719948
vt 0.062068 0.721492
vt 0.070517 0.720478
vt 0.081555 0.736180
vt 0.069428 0.762278
vt 0.050536 0.758069
vt 0.081555 0.736180
vt 0.093768 0.750704
vt 0.103213 0.762278
s 0
f 1049/1325/715 1026/1326/715 1046/1327/715
f 1041/1328/716 1027/1329/716 1044/1330/716 1043/1331/716
f 1045/1332/717 1044/1333/717 1027/1326/717
f 1037/1334/718 1026/1329/718 1049/1335/718
f 1028/1326/719 1029/1329/719 1026/1336/719
f 1029/1326/720 1027/1329/720 1026/1336/720
f 1046/1337/721 1026/1336/721 1027/1326/721 1048/1338/721 1047/1339/721
f 1052/1340/722 1028/1329/722 1026/1336/722 1037/1341/722
f 1027/1329/723 1041/1342/723 1048/1343/723
f 1027/1336/724 1029/1326/724 1053/1344/724 1045/1345/724
f 1028/1329/725 1052/1346/725 1053/1347/725 1029/1326/725
s 1
f 1042/1348/726 1040/1349/726 1051/1350/727 1031/1351/728 1036/1352/729
f 1032/1353/730 1033/1354/731 1031/1351/728 1051/1350/727
f 1030/1355/732 1039/1356/733 1038/1357/734 1050/1358/735
f 1030/1355/732 1050/1359/735 1034/1360/736
f 1039/1356/733 1030/1355/732 1031/1361/728 1033/1362/731
f 1031/1361/728 1030/1355/732 1034/1363/736 1035/1364/737 1036/1365/729
o Bottle_cell.015
v 0.028225 0.555259 0.005072
v 0.028435 0.555145 -0.007759
v 0.019518 0.551751 -0.001030
v 0.032753 0.549817 -0.000960
v 0.026032 0.548419 -0.005331
v 0.026377 0.536518 0.002147
v 0.027204 0.503875 -0.000879
v 0.026112 0.548434 0.003117
v 0.030787 0.549830 0.006377
v 0.030674 0.549804 -0.008718
v 0.032753 0.555261 -0.000969
v 0.026377 0.536518 0.002147
v 0.027204 0.503875 -0.000879
v 0.026112 0.548434 0.003117
v 0.026032 0.548419 -0.005331
v 0.030787 0.549830 0.006377
v 0.028225 0.555259 0.005072
v 0.028435 0.555145 -0.007759
v 0.030674 0.549804 -0.008718
v 0.032753 0.555261 -0.000969
vn -0.5817 -0.0944 -0.8079
vn -0.5760 -0.0899 0.8125
vn -0.5591 -0.0796 0.8252
vn -0.5558 -0.0652 0.8287
vn -0.3651 0.9309 -0.0143
vn -0.5689 -0.0919 -0.8173
vn -0.0126 0.9999 -0.0091
vn 0.9997 0.0250 -0.0052
vn 0.6929 -0.7209 0.0121
vn 0.9659 0.0005 0.2588
vn 0.6841 -0.7289 -0.0260
vn 0.9652 0.2608 0.0168
vn 0.8805 -0.4738 0.0115
vn 0.8365 -0.4406 -0.3258
vn 0.8923 0.2200 -0.3943
vn 0.8697 0.2559 0.4220
vn 0.8262 -0.4265 0.3680
vt 1.000000 0.215741
vt 1.000000 1.000000
vt 0.000000 0.000000
vt 0.363217 0.277075
vt 1.000000 0.765387
vt 0.270318 0.249505
vt 0.765387 0.765387
vt 1.000000 0.919342
vt 0.914954 0.599679
vt 1.000000 0.000000
vt 0.919342 0.919342
vt 0.975808 0.921077
vt 1.000000 0.910874
vt 0.976297 0.976297
vt 0.041247 0.000000
vt 0.236359 0.186572
vt 0.822651 0.559584
vt 0.815869 0.642379
vt 0.817518 0.620241
vt 0.823219 0.555636
vt 0.831057 0.642257
vt 0.822651 0.642257
vt 0.146500 0.790215
vt 0.156602 0.790215
vt 0.156602 0.805126
vt 0.146664 0.806000
vt 0.148269 0.777525
vt 0.156381 0.778004
vt 0.705563 0.785974
vt 0.712849 0.778689
vt 0.719899 0.790900
vt 0.699935 0.771233
vt 0.699110 0.776105
s 0
f 1066/1366/738 1056/1367/738 1071/1368/738 1068/1369/738
f 1065/1370/739 1056/1367/739 1066/1371/739
f 1056/1367/740 1065/1372/740 1067/1373/740
f 1062/1374/741 1070/1375/741 1056/1367/741 1067/1376/741
f 1056/1367/742 1070/1368/742 1071/1375/742
f 1063/1377/743 1068/1378/743 1071/1379/743
f 1071/1367/744 1070/1380/744 1064/1381/744
s 1
f 1060/1382/745 1061/1383/746 1059/1384/747
f 1060/1385/745 1058/1386/748 1061/1387/746
f 1073/1388/749 1057/1389/750 1072/1390/751 1055/1391/752
f 1054/1392/753 1069/1393/754 1057/1389/750 1073/1388/749
f 1061/1394/746 1057/1395/750 1069/1396/754
f 1072/1397/751 1057/1395/750 1061/1394/746 1058/1398/748
o Bottle_cell.016
v -0.000174 0.354200 -0.006237
v 0.001534 0.360171 -0.006460
v -0.000000 0.362434 -0.069981
v -0.000000 0.378602 -0.066175
v -0.000000 0.370290 -0.068908
v -0.016483 0.220705 -0.065326
v -0.011195 0.385103 -0.060075
v -0.013900 0.378608 -0.062451
v -0.015886 0.373006 -0.063761
v -0.016397 0.362442 -0.065588
v 0.019335 0.386680 -0.057144
v 0.018454 0.378610 -0.061230
v 0.017276 0.370298 -0.064279
v -0.000000 0.288465 -0.069857
v 0.015832 0.362441 -0.065739
v -0.000000 0.395892 -0.057924
v -0.013900 0.378608 -0.062451
v -0.015886 0.373006 -0.063761
v -0.016483 0.220705 -0.065326
v -0.016397 0.362442 -0.065588
v 0.017276 0.370298 -0.064279
v 0.015832 0.362441 -0.065739
v 0.018454 0.378610 -0.061230
v 0.019335 0.386680 -0.057144
v -0.000000 0.288465 -0.069857
v -0.011195 0.385103 -0.060075
v -0.000000 0.395892 -0.057924
vn 0.9163 -0.2503 0.3126
vn -0.9047 0.2622 0.3357
vn -0.9115 0.2461 0.3294
vn -0.9646 0.0011 0.2638
vn 0.9509 -0.2161 0.2214
vn 0.3480 0.7750 0.5276
vn -0.6659 0.6034 0.4387
vn -0.0029 0.0731 -0.9973
vn 0.2581 0.0740 -0.9633
vn -0.2245 -0.0016 -0.9745
vn -0.2588 -0.0016 -0.9659
vn -0.2641 0.0779 -0.9613
vn -0.2422 0.3514 -0.9044
vn -0.0000 0.3687 -0.9296
vn -0.0035 0.2246 -0.9744
vn -0.2576 0.2324 -0.9379
vn 0.2404 0.3693 -0.8977
vn 0.2518 0.2297 -0.9401
vn -0.2349 0.4186 -0.8773
vn 0.0438 0.4303 -0.9016
vn 0.2349 0.4186 -0.8773
vt 1.000000 0.000000
vt 1.000000 1.000000
vt 0.165371 0.000000
vt 0.000000 0.000000
vt 0.470500 0.000000
vt 1.000000 0.520210
vt 1.000000 0.492821
vt 0.721239 0.506234
vt 1.000000 0.165900
vt 0.495670 0.479405
vt 0.514764 0.453840
vt 0.551723 0.099107
vt 0.548205 0.050291
vt 0.552926 0.000000
vt 1.000000 0.834630
vt 0.762642 0.516692
vt 0.565298 0.141579
vt 1.000000 0.553068
vt 0.552926 0.552926
vt 0.596196 0.546411
vt 1.000000 0.529500
vt 0.604191 0.671068
vt 0.577837 0.671543
vt 0.604188 0.532833
vt 0.635865 0.406187
vt 0.635706 0.671068
vt 0.632748 0.701272
vt 0.606033 0.701272
vt 0.604713 0.685703
vt 0.635675 0.690777
vt 0.575316 0.701825
vt 0.575957 0.686221
vt 0.630633 0.708572
vt 0.629045 0.713490
vt 0.610012 0.733793
vt 0.575706 0.717028
vt 0.608010 0.735515
vt 0.577837 0.671543
vt 0.635687 0.685703
s 0
f 1075/1399/755 1074/1400/755 1092/1401/755
f 1075/1402/756 1099/1403/756 1090/1404/756 1074/1400/756
f 1091/1405/757 1074/1400/757 1090/1406/757
f 1092/1407/758 1074/1400/758 1091/1408/758 1093/1409/758
f 1094/1410/759 1096/1411/759 1097/1412/759 1075/1399/759 1092/1413/759 1098/1414/759 1095/1415/759
f 1100/1416/760 1075/1400/760 1097/1417/760
f 1100/1418/761 1099/1419/761 1075/1400/761
s 1
f 1076/1420/762 1088/1421/763 1087/1422/764
f 1079/1423/765 1083/1424/766 1076/1420/762 1087/1422/764
f 1081/1425/767 1077/1426/768 1078/1427/769 1082/1428/770
f 1078/1427/769 1077/1426/768 1085/1429/771 1086/1430/772
f 1077/1426/768 1081/1431/767 1080/1432/773 1089/1433/774
f 1084/1434/775 1085/1429/771 1077/1426/768 1089/1435/774
f 1076/1420/762 1078/1427/769 1086/1430/772 1088/1436/763
f 1082/1437/770 1078/1427/769 1076/1420/762 1083/1424/766
o Bottle_cell.017
v -0.034595 0.362500 -0.009201
v -0.004310 0.353065 0.000339
v -0.045961 0.200131 0.024970
v -0.069349 0.362555 -0.000633
v -0.068262 0.370409 -0.000646
v -0.060418 0.362613 0.032698
v -0.060342 0.269329 0.033170
v -0.059483 0.370466 0.032115
v -0.060335 0.197663 0.033345
v -0.069355 0.288024 -0.000502
v -0.067093 0.252871 0.008011
v -0.065121 0.362528 -0.016413
v -0.063795 0.369619 -0.017709
v -0.063498 0.197182 0.021539
v -0.060418 0.362613 0.032698
v -0.059483 0.370466 0.032115
v -0.060342 0.269329 0.033170
v -0.060335 0.197663 0.033345
v -0.065121 0.362528 -0.016413
v -0.063795 0.369619 -0.017709
v -0.069355 0.288024 -0.000502
v -0.067093 0.252871 0.008011
v -0.063498 0.197182 0.021539
v -0.068262 0.370409 -0.000646
vn -0.1913 0.3232 0.9268
vn 0.2621 0.9642 -0.0391
vn 0.5002 0.0048 0.8659
vn 0.5031 0.0022 0.8642
vn 0.2316 -0.2158 -0.9486
vn 0.2243 -0.2157 -0.9503
vn 0.1667 -0.9860 -0.0045
vn 0.2224 -0.2166 -0.9506
vn -0.9632 0.0752 -0.2582
vn -0.9744 0.0005 0.2249
vn -0.9977 0.0680 -0.0001
vn -0.9659 0.0005 0.2588
vn -0.9638 0.0660 0.2581
vn -0.9574 0.1330 0.2563
vn -0.9905 0.1371 0.0034
vn -0.9574 0.1321 -0.2568
vt 1.000000 1.000000
vt 0.000000 0.000000
vt 1.000000 0.485928
vt 1.000000 0.523988
vt 0.485928 0.485928
vt 0.620467 0.454309
vt 0.525610 0.522365
vt 0.556281 0.512400
vt 1.000000 0.491605
vt 0.790357 0.000000
vt 1.000000 0.000000
vt 0.491605 0.491605
vt 1.000000 0.655252
vt 0.288168 0.000000
vt 0.497697 0.154707
vt 0.955101 0.600721
vt 0.705031 0.000000
vt 1.000000 0.209643
vt 1.000000 0.711832
vt 0.745806 0.745806
vt 0.514955 0.091411
vt 0.488692 0.231170
vt 0.488689 0.091884
vt 0.446469 0.401635
vt 0.423947 0.400150
vt 0.424038 0.266217
vt 0.424626 0.091884
vt 0.488692 0.231170
vt 0.472450 0.296893
vt 0.425199 0.077250
vt 0.488166 0.077250
vt 0.516621 0.078154
s 0
f 1102/1438/776 1101/1439/776 1120/1440/776
f 1116/1441/777 1102/1438/777 1120/1442/777 1124/1443/777
f 1116/1444/778 1115/1445/778 1117/1446/778 1102/1438/778
f 1118/1447/779 1103/1448/779 1102/1438/779 1117/1449/779
f 1103/1439/780 1101/1448/780 1102/1438/780
f 1120/1450/781 1101/1438/781 1103/1439/781 1122/1451/781 1121/1452/781 1119/1453/781
f 1123/1454/782 1103/1448/782 1118/1455/782
f 1122/1456/783 1103/1438/783 1123/1457/783
s 1
f 1112/1458/784 1110/1459/785 1104/1460/786
f 1114/1461/787 1109/1462/787 1107/1463/787 1106/1464/788 1104/1460/786 1110/1465/785 1111/1466/787
f 1108/1467/789 1105/1468/790 1104/1460/786 1106/1464/788
f 1113/1469/791 1112/1458/784 1104/1460/786 1105/1468/790
o Bottle_cell.018
v -0.030401 0.556331 -0.009749
v -0.018524 0.555937 -0.027188
v -0.028365 0.557268 -0.017349
v -0.026571 0.549272 -0.016300
v -0.022613 0.549779 -0.023089
v -0.030186 0.549745 -0.009701
v -0.018524 0.555937 -0.027188
v -0.028365 0.557268 -0.017349
v -0.022613 0.549779 -0.023089
v -0.026571 0.549272 -0.016300
v -0.030401 0.556331 -0.009749
v -0.030186 0.549745 -0.009701
vn 0.3261 0.9237 0.2012
vn 0.8429 -0.0866 0.5310
vn -0.7678 -0.1054 -0.6320
vn -0.8523 -0.1314 -0.5064
vn -0.8514 -0.1311 -0.5079
vn -0.9163 -0.1541 -0.3696
vt 0.000000 0.000000
vt 0.901480 0.000000
vt 0.469607 0.113510
vt 0.901480 0.901480
vt 0.093882 0.000000
vt 0.268832 0.170947
vt 0.616426 0.525457
vt 0.896721 0.629587
vt 0.896486 0.642666
vt 0.882608 0.642666
vt 0.885449 0.620290
vt 0.130566 0.762956
vt 0.123917 0.775606
vt 0.118370 0.775602
vt 0.116688 0.762956
s 0
f 1135/1470/792 1131/1471/792 1132/1472/792
f 1131/1473/793 1135/1470/793 1136/1474/793 1134/1475/793 1133/1476/793
s 1
f 1129/1477/794 1128/1478/795 1127/1479/796 1126/1480/794
f 1128/1481/795 1130/1482/797 1125/1483/797 1127/1484/796
o Bottle_cell.019
v -0.003947 0.392474 -0.018344
v -0.000001 0.423422 -0.027943
v -0.004451 0.397353 -0.027638
v 0.009563 0.487305 -0.018503
v -0.006180 0.486949 -0.026398
v -0.004463 0.487276 -0.019883
v -0.000001 0.486846 -0.028054
v 0.013601 0.486992 -0.024409
v -0.002861 0.426146 -0.014072
v -0.004541 0.427725 -0.020441
v -0.006083 0.423425 -0.026313
v 0.005859 0.427726 -0.020087
v 0.017819 0.482044 -0.020182
v 0.010278 0.456162 -0.018621
v 0.012801 0.484051 -0.015692
v -0.008245 0.412961 -0.040623
v -0.001770 0.414456 -0.040226
v 0.013601 0.451972 -0.024348
v -0.000001 0.417411 -0.036495
v -0.000001 0.486846 -0.028054
v 0.013601 0.486992 -0.024409
v -0.006180 0.486949 -0.026398
v -0.002861 0.426146 -0.014072
v -0.004541 0.427725 -0.020441
v -0.004463 0.487276 -0.019883
v -0.006083 0.423425 -0.026313
v 0.010278 0.456162 -0.018621
v 0.012801 0.484051 -0.015692
v 0.005859 0.427726 -0.020087
v -0.000001 0.423422 -0.027943
v -0.000001 0.417411 -0.036495
v 0.009563 0.487305 -0.018503
v -0.008245 0.412961 -0.040623
v 0.017819 0.482044 -0.020182
v 0.013601 0.451972 -0.024348
v -0.001770 0.414456 -0.040226
vn 0.5225 0.7922 0.3153
vn 0.0030 0.9987 -0.0509
vn -0.9735 -0.0083 0.2286
vn 0.7195 -0.1599 0.6759
vn 0.5778 0.7558 0.3081
vn -0.9364 -0.3291 -0.1220
vn 0.9316 -0.2985 -0.2072
vn 0.9101 -0.2400 -0.3377
vn 0.1864 -0.6012 -0.7771
vn 0.4338 -0.0016 -0.9010
vn 0.7071 -0.0012 -0.7071
vn 0.2918 -0.0017 -0.9565
vn -0.2588 -0.0017 -0.9659
vn -0.0005 -0.0017 -1.0000
vn -0.1668 0.4296 -0.8875
vn -0.2323 0.4391 -0.8679
vn -0.1351 -0.0155 0.9907
vn -0.0993 0.5456 0.8321
vn -0.1206 0.3063 0.9443
vn -0.1519 0.8086 -0.5683
vn -0.0083 0.9700 0.2428
vt 0.632174 0.000000
vt 1.000000 0.009310
vt 1.000000 0.298839
vt 0.660518 0.482774
vt 1.000000 0.767463
vt 0.756052 0.631622
vt 0.298839 0.298839
vt 0.011753 0.010551
vt 0.756291 0.000000
vt 1.000000 0.000000
vt 0.993036 0.345664
vt 0.922884 0.295532
vt 0.836205 0.836205
vt 0.767463 0.767463
vt 0.867160 0.197588
vt 0.724405 0.000000
vt 1.000000 0.251478
vt 1.000000 0.519641
vt 0.705946 0.238482
vt 0.398612 0.039875
vt 0.353893 0.353893
vt 0.000000 0.000000
vt 0.306066 0.306066
vt 1.000000 0.011899
vt 0.555775 0.555775
vt 0.181608 0.181608
vt 1.000000 1.000000
vt 1.000000 0.734908
vt 1.000000 0.275595
vt 0.734908 0.734908
vt 0.752153 0.724512
vt 0.903596 0.650508
vt 0.198976 0.198976
vt 0.173470 0.000000
vt 0.871258 0.528741
vt 0.861843 0.519374
vt 0.871434 0.463759
vt 0.834527 0.760543
vt 0.822651 0.760357
vt 0.822651 0.642666
vt 0.834342 0.642666
vt 0.822651 0.760357
vt 0.800010 0.761024
vt 0.800011 0.696040
vt 0.872398 0.802745
vt 0.873260 0.802599
vt 0.889216 0.802492
vt 0.888844 0.912821
vt 0.879091 0.912997
vt 0.871895 0.860389
vt 0.748365 0.366555
vt 0.767813 0.355188
vt 0.773659 0.365312
vt 0.762418 0.376553
vt 0.755190 0.379136
vt 0.196120 0.782760
vt 0.201751 0.773007
vt 0.209804 0.781060
s 0
f 1164/1485/798 1157/1486/798 1168/1487/798
f 1156/1488/799 1158/1489/799 1161/1490/799 1168/1491/799 1157/1492/799
f 1169/1493/800 1137/1494/800 1159/1495/800 1160/1496/800 1161/1497/800 1158/1498/800 1162/1499/800
f 1154/1500/801 1170/1501/801 1164/1502/801 1163/1503/801 1165/1504/801 1159/1505/801 1137/1506/801
f 1170/1507/802 1157/1508/802 1164/1509/802
f 1169/1510/803 1139/1506/803 1137/1494/803
f 1137/1511/804 1139/1506/804 1172/1512/804
f 1154/1513/805 1137/1511/805 1172/1514/805 1167/1515/805 1166/1516/805
f 1172/1517/806 1139/1506/806 1169/1518/806
s 1
f 1144/1519/807 1149/1520/808 1171/1521/809
f 1141/1522/810 1143/1523/811 1138/1524/812 1147/1525/813
f 1138/1524/812 1143/1526/811 1144/1527/807 1171/1528/809
f 1151/1529/814 1140/1530/814 1142/1531/814 1146/1532/815 1148/1533/816 1150/1534/814
f 1152/1535/817 1147/1536/813 1138/1537/812 1155/1538/817 1153/1539/817
f 1148/1540/816 1146/1541/815 1145/1542/818
o Bottle_cell.020
v -0.002260 0.361075 0.006025
v -0.002552 0.352949 0.002302
v -0.045199 0.200732 0.026592
v -0.034675 0.362660 0.059425
v -0.032757 0.378815 0.056076
v -0.034131 0.370512 0.058470
v -0.039420 0.389789 0.042192
v -0.015394 0.389455 0.055609
v -0.029766 0.391285 0.050874
v -0.012349 0.384239 0.058937
v -0.016762 0.370520 0.063123
v -0.018741 0.362667 0.063694
v -0.041131 0.251647 0.053175
v -0.034677 0.288020 0.059561
v -0.014227 0.378824 0.061041
v -0.052003 0.384952 0.032774
v -0.055127 0.378776 0.033706
v -0.059437 0.237529 0.034895
v -0.059116 0.362617 0.034984
v -0.058154 0.370470 0.034446
v -0.050931 0.197426 0.043476
v -0.059450 0.198114 0.034956
v -0.015394 0.389455 0.055609
v -0.029766 0.391285 0.050874
v -0.039420 0.389789 0.042192
v -0.016762 0.370520 0.063123
v -0.014227 0.378824 0.061041
v -0.018741 0.362667 0.063694
v -0.034677 0.288020 0.059561
v -0.041131 0.251647 0.053175
v -0.012349 0.384239 0.058937
v -0.052003 0.384952 0.032774
v -0.055127 0.378776 0.033706
v -0.059116 0.362617 0.034984
v -0.058154 0.370470 0.034446
v -0.059437 0.237529 0.034895
v -0.050931 0.197426 0.043476
v -0.059450 0.198114 0.034956
vn 0.2520 0.8672 -0.4296
vn 0.0980 0.8260 -0.5551
vn 0.9576 -0.1476 0.2472
vn 0.8749 0.4823 -0.0443
vn 0.9353 -0.2152 0.2807
vn -0.2721 0.4089 -0.8711
vn -0.4735 0.1001 -0.8751
vn -0.5000 0.0019 -0.8660
vn 0.9363 -0.2184 0.2751
vn 0.0845 -0.9829 -0.1638
vn -0.5060 -0.0012 -0.8625
vn -0.7071 0.0013 0.7071
vn -0.6818 0.0014 0.7316
vn -0.4988 0.0695 0.8639
vn -0.7056 0.0668 0.7055
vn -0.2581 0.0774 0.9630
vn -0.4874 0.2247 0.8438
vn -0.4645 0.3717 0.8038
vn -0.6610 0.3564 0.6604
vn -0.6909 0.2140 0.6905
vn -0.2518 0.2329 0.9393
vn -0.2404 0.3724 0.8964
vn -0.6417 0.4213 0.6409
vn -0.4514 0.4336 0.7799
vn -0.2349 0.4217 0.8758
vt 0.563726 0.000000
vt 1.000000 0.000000
vt 1.000000 0.317861
vt 0.785698 0.180101
vt 0.317861 0.317861
vt 0.000000 0.000000
vt 0.402127 0.000000
vt 0.482468 0.482468
vt 0.436274 0.000000
vt 0.455770 0.455770
vt 0.923264 0.464441
vt 0.884167 0.441950
vt 0.537796 0.164396
vt 0.380580 0.000000
vt 1.000000 0.482468
vt 0.968517 0.478363
vt 1.000000 1.000000
vt 1.000000 0.597873
vt 0.474781 0.000000
vt 0.450994 0.227203
vt 0.424149 0.424149
vt 1.000000 0.525218
vt 0.192633 0.000000
vt 0.944943 0.479821
vt 0.708093 0.000000
vt 0.380580 0.380580
vt 0.792279 0.000000
vt 1.000000 0.291907
vt 0.192633 0.192633
vt 0.207721 0.000000
vt 0.378988 0.298550
vt 0.364321 0.230332
vt 0.364329 0.090843
vt 0.419901 0.091846
vt 0.420610 0.325626
vt 0.420631 0.399287
vt 0.401260 0.400250
vt 0.000036 0.672110
vt 0.000028 0.532622
vt 0.026558 0.671630
vt 0.365756 0.076226
vt 0.369363 0.060698
vt 0.420226 0.061615
vt 0.420379 0.077211
vt 0.005070 0.702256
vt 0.001463 0.686728
vt 0.030373 0.686205
vt 0.035914 0.701698
vt 0.420378 0.049963
vt 0.420226 0.061615
vt 0.377215 0.037297
vt 0.397427 0.040455
vt 0.042074 0.716890
vt 0.036423 0.721764
vt 0.012922 0.725658
vt 0.026558 0.671630
s 0
f 1195/1543/819 1173/1544/819 1197/1545/819 1196/1546/819
f 1197/1547/820 1173/1548/820 1204/1549/820
f 1174/1548/821 1173/1544/821 1203/1550/821
f 1195/1551/822 1203/1552/822 1173/1548/822
f 1198/1553/823 1200/1554/823 1201/1555/823 1202/1556/823 1174/1544/823 1203/1557/823 1199/1558/823
f 1173/1559/824 1174/1548/824 1204/1560/824
f 1174/1548/825 1207/1561/825 1205/1562/825 1204/1563/825
f 1207/1564/826 1174/1559/826 1175/1548/826 1208/1565/826 1206/1566/826
f 1209/1567/827 1175/1544/827 1174/1559/827 1202/1568/827
f 1210/1569/828 1175/1544/828 1209/1570/828
f 1208/1571/829 1175/1548/829 1210/1572/829
s 1
f 1185/1573/830 1186/1574/831 1176/1575/832 1191/1576/833 1190/1577/830 1194/1578/830 1193/1579/830
f 1176/1580/832 1186/1581/831 1184/1582/834
f 1178/1583/835 1177/1584/836 1189/1585/837 1192/1586/838
f 1177/1587/836 1178/1588/835 1183/1589/839 1187/1590/840
f 1188/1591/841 1189/1592/837 1177/1584/836 1181/1593/842 1179/1594/841
f 1182/1595/843 1180/1596/843 1181/1597/842 1177/1587/836 1187/1590/840
f 1178/1588/835 1176/1580/832 1184/1598/834 1183/1589/839
f 1176/1575/832 1178/1583/835 1192/1586/838 1191/1576/833
o Bottle_cell.021
v 0.013602 0.573223 -0.024560
v 0.023559 0.573241 -0.014602
v 0.010397 0.559905 -0.016989
v 0.019824 0.562810 -0.025900
v 0.022482 0.564078 -0.018692
v 0.014503 0.563297 -0.012834
v 0.006571 0.572189 -0.026442
v 0.011563 0.564593 -0.025091
v 0.015511 0.563268 -0.029580
v 0.009283 0.573369 -0.017724
v 0.016572 0.571540 -0.010644
v 0.022674 0.568067 -0.015478
v 0.011563 0.564593 -0.025091
v 0.015511 0.563268 -0.029580
v 0.006571 0.572189 -0.026442
v 0.019824 0.562810 -0.025900
v 0.022482 0.564078 -0.018692
v 0.010397 0.559905 -0.016989
v 0.014503 0.563297 -0.012834
v 0.022674 0.568067 -0.015478
v 0.009283 0.573369 -0.017724
v 0.016572 0.571540 -0.010644
v 0.023559 0.573241 -0.014602
vn 0.0877 -0.9707 -0.2236
vn 0.3316 -0.9424 0.0435
vn 0.4375 -0.7500 0.4961
vn -0.9506 -0.0621 0.3041
vn -0.7095 -0.5609 -0.4267
vn 0.5214 -0.2283 0.8222
vn 0.4610 -0.3341 0.8221
vn 0.6437 0.2445 -0.7252
vn 0.4826 0.4225 -0.7672
vn 0.3652 0.6683 -0.6481
vn 0.5241 0.7075 -0.4740
vn 0.1098 0.6389 -0.7614
vn 0.3061 0.8599 -0.4085
vn 0.3017 0.8535 -0.4248
vn 0.3361 0.8986 -0.2820
vn -0.3491 0.8675 0.3543
vn -0.4264 0.7443 0.5140
vn -0.7008 -0.0170 0.7132
vt 0.092852 0.092852
vt 0.010130 0.000000
vt 0.126493 0.013775
vt 1.000000 0.027852
vt 1.000000 0.363692
vt 0.350455 0.000000
vt 0.417284 0.000000
vt 0.816939 0.000000
vt 0.935605 0.935605
vt 0.350455 0.350455
vt 1.000000 0.803797
vt 1.000000 0.968593
vt 0.175995 0.000000
vt 1.000000 0.871439
vt 0.968593 0.968593
vt 0.803798 0.803798
vt 0.947833 0.888598
vt 1.000000 0.213981
vt 0.903884 0.502322
vt 0.870997 0.457655
vt 0.600376 0.600376
vt 0.213981 0.213981
vt 1.000000 0.183061
vt 0.871518 0.503283
vt 0.871844 0.485248
vt 0.887857 0.485248
vt 0.887448 0.507889
vt 0.105302 0.894109
vt 0.105513 0.905804
vt 0.089438 0.902411
vt 0.503443 0.762952
vt 0.500776 0.772904
vt 0.479951 0.772904
vt 0.483871 0.762952
vt 0.131058 0.848950
vt 0.131364 0.832000
vt 0.132061 0.841112
vt 0.349959 0.802646
vt 0.364293 0.798667
vt 0.364293 0.812172
vt 0.340744 0.786685
vt 0.351222 0.776027
vt 0.976422 0.667519
vt 0.968116 0.661453
vt 0.963161 0.642666
vt 0.979122 0.642954
s 0
f 1226/1599/844 1228/1600/844 1224/1601/844
f 1228/1602/845 1226/1603/845 1227/1604/845
f 1230/1605/846 1229/1606/846 1228/1607/846 1227/1608/846
f 1225/1609/847 1228/1610/847 1231/1611/847
f 1224/1612/848 1228/1613/848 1225/1614/848 1223/1615/848
f 1232/1616/849 1230/1617/849 1212/1618/849
f 1230/1619/850 1232/1620/850 1229/1621/850
s 1
f 1222/1622/851 1218/1623/852 1211/1624/853 1233/1625/854
f 1217/1626/855 1211/1627/853 1218/1628/852
f 1219/1629/856 1218/1630/852 1222/1631/851 1215/1632/857
f 1219/1633/856 1215/1634/857 1214/1635/858
f 1220/1636/859 1211/1637/853 1217/1638/855
f 1220/1636/859 1221/1639/860 1233/1640/854 1211/1637/853
f 1213/1641/861 1216/1642/861 1221/1643/860 1220/1644/859
o Bottle_cell.022
v -0.007903 0.560744 -0.020237
v -0.000056 0.573365 -0.020226
v -0.000000 0.573217 -0.028204
v -0.008602 0.573369 -0.017936
v -0.008658 0.565370 -0.017999
v 0.005890 0.559709 -0.018769
v 0.007279 0.571305 -0.018282
v 0.004408 0.569171 -0.027016
v -0.012418 0.570181 -0.024872
v -0.000125 0.560430 -0.020334
v -0.008602 0.573369 -0.017936
v -0.008658 0.565370 -0.017999
v -0.007903 0.560744 -0.020237
v -0.000125 0.560430 -0.020334
v -0.012418 0.570181 -0.024872
v 0.005890 0.559709 -0.018769
v 0.007279 0.571305 -0.018282
v -0.000000 0.573217 -0.028204
vn -0.8766 0.0024 0.4813
vn -0.9103 -0.2910 0.2944
vn 0.9248 0.1631 -0.3438
vn -0.4065 -0.6356 -0.6563
vn -0.0325 0.9921 -0.1215
vn 0.0378 0.8082 0.5877
vn -0.1424 0.3556 0.9237
vn -0.1855 0.9679 -0.1697
vn 0.0037 0.7935 0.6085
vn -0.0313 -0.0469 0.9984
vn -0.2559 -0.0082 0.9667
vn 0.2161 -0.0864 0.9726
vn -0.0189 -0.5080 -0.8612
vt 1.000000 0.000000
vt 1.000000 0.289580
vt 0.880958 0.176390
vt 0.289580 0.289580
vt 0.000000 0.000000
vt 0.530587 0.000000
vt 0.175536 0.175536
vt 0.142328 0.000000
vt 0.206156 0.050668
vt 1.000000 0.857672
vt 1.000000 1.000000
vt 0.842362 0.842362
vt 0.364293 0.824810
vt 0.349959 0.821076
vt 0.349959 0.806916
vt 0.349212 0.842721
vt 0.341747 0.835301
vt 0.882018 0.667869
vt 0.877932 0.665219
vt 0.877491 0.642888
vt 0.889754 0.642666
vt 0.889673 0.666620
vt 0.906180 0.642666
vt 0.906243 0.657503
vt 0.903638 0.667168
vt 1.000000 0.842362
vt 0.541631 0.541631
vt 0.115749 0.000000
s 0
f 1248/1645/862 1245/1646/862 1244/1647/862
f 1245/1648/863 1248/1649/863 1234/1650/863
f 1250/1651/864 1239/1649/864 1241/1652/864 1236/1653/864
f 1241/1654/865 1239/1655/865 1236/1656/865
s 1
f 1251/1657/866 1235/1658/867 1240/1659/868
f 1242/1660/869 1237/1661/870 1235/1658/867 1251/1657/866
f 1247/1662/871 1249/1663/872 1240/1664/868 1235/1665/867
f 1247/1666/871 1235/1665/867 1237/1667/870 1238/1668/873 1246/1669/873
s 0
f 1236/1670/874 1239/1655/874 1243/1671/874 1234/1649/874 1248/1672/874
o Bottle_cell.023
v -0.009321 0.357987 -0.011476
v -0.002235 0.354931 -0.004138
v -0.033290 0.375394 -0.058315
v -0.020126 0.374507 -0.062132
v -0.045053 0.374030 -0.047174
v -0.042714 0.383035 -0.044571
v -0.014571 0.383286 -0.060039
v -0.016247 0.378609 -0.061822
v -0.031248 0.384919 -0.054795
v -0.033290 0.375394 -0.058315
v -0.020126 0.374507 -0.062132
v -0.014571 0.383286 -0.060039
v -0.016247 0.378609 -0.061822
v -0.031248 0.384919 -0.054795
v -0.042714 0.383035 -0.044571
v -0.045053 0.374030 -0.047174
vn -0.1481 -0.9494 -0.2770
vn -0.6435 -0.6884 0.3347
vn -0.7127 -0.0176 0.7013
vn 0.9259 -0.2128 -0.3123
vn 0.3567 -0.8463 -0.3957
vn 0.2140 0.8894 0.4039
vn -0.2465 0.3027 -0.9206
vn -0.4666 0.3868 -0.7954
vn -0.2479 0.3721 -0.8945
vn -0.2481 0.3952 -0.8844
vn -0.4627 0.3947 -0.7938
vn -0.6560 0.3721 -0.6567
vt 1.000000 0.000000
vt 1.000000 0.328560
vt 0.732466 0.163751
vt 0.532700 0.000000
vt 0.000000 0.000000
vt 0.328560 0.328560
vt 0.370134 0.370134
vt 0.350324 0.000000
vt 0.516593 0.000000
vt 0.776347 0.274934
vt 0.507277 0.507277
vt 1.000000 0.467300
vt 0.759543 0.561556
vt 1.000000 0.649676
vt 1.000000 1.000000
vt 0.516593 0.516593
vt 0.644063 0.693584
vt 0.668993 0.701272
vt 0.639113 0.693413
vt 0.635115 0.710070
vt 0.637260 0.701272
vt 0.667542 0.713125
vt 0.694745 0.701736
vt 0.693015 0.709997
s 0
f 1252/1673/875 1267/1674/875 1261/1675/875 1262/1676/875
f 1252/1677/876 1253/1673/876 1267/1678/876
f 1267/1679/877 1253/1677/877 1266/1680/877
f 1263/1681/878 1253/1673/878 1264/1682/878
f 1264/1683/879 1253/1677/879 1252/1673/879 1262/1684/879
f 1265/1685/880 1266/1686/880 1253/1687/880 1263/1688/880
s 1
f 1255/1689/881 1254/1690/882 1259/1691/883
f 1258/1692/884 1259/1693/883 1254/1690/882 1260/1694/885
f 1254/1690/882 1256/1695/886 1257/1696/886 1260/1694/885
o Bottle_cell.024
v -0.012253 0.016777 0.049450
v 0.012197 0.017078 0.049542
v -0.000000 0.003591 0.069374
v 0.006555 0.005534 0.043964
v 0.013635 0.052588 0.065631
v -0.010593 0.054666 0.066442
v -0.000000 0.060681 0.069269
v -0.002033 0.005828 0.044048
v 0.016273 0.003584 0.065014
v -0.009256 0.005295 0.044155
v -0.016364 0.050661 0.064903
v -0.016363 0.004624 0.064988
v -0.015126 0.000109 0.062574
v -0.010593 0.054666 0.066442
v -0.000000 0.060681 0.069269
v 0.013635 0.052588 0.065631
v -0.016364 0.050661 0.064903
v -0.016363 0.004624 0.064988
v -0.009256 0.005295 0.044155
v -0.015126 0.000109 0.062574
v 0.006555 0.005534 0.043964
v -0.002033 0.005828 0.044048
v 0.016273 0.003584 0.065014
vn 0.0611 0.4099 -0.9101
vn 0.0054 0.4176 -0.9086
vn 0.9763 0.0552 -0.2091
vn 0.8770 -0.2230 -0.4255
vn -0.0421 0.4102 -0.9110
vn -0.9667 -0.0005 -0.2561
vn -0.9414 -0.0929 -0.3241
vn -0.2654 -0.2437 0.9328
vn 0.0352 -0.6602 0.7502
vn -0.0024 0.0018 1.0000
vn -0.2588 0.0018 0.9659
vn 0.1799 -0.7070 0.6839
vn 0.2588 0.0018 0.9659
vn -0.0026 -0.9262 0.3770
vn 0.1009 -0.9881 -0.1162
vn -0.0270 -0.9962 -0.0831
vn 0.2168 -0.9654 -0.1448
vt 0.218777 0.218777
vt 0.000000 0.000000
vt 1.000000 0.137383
vt 0.425773 0.187436
vt 0.384042 0.384042
vt 0.137383 0.137383
vt 0.138524 0.000000
vt 0.393787 0.000000
vt 1.000000 0.218777
vt 0.779854 0.000000
vt 1.000000 0.000000
vt 0.782241 0.655325
vt 1.000000 0.688698
vt 1.000000 1.000000
vt 0.303527 0.303527
vt 0.220209 0.000000
vt 1.000000 0.606213
vt 1.000000 0.861476
vt 0.220209 0.220209
vt 0.221733 0.000000
vt 0.787625 0.000000
vt 1.000000 0.453609
vt 0.793278 0.109678
vt 0.030630 0.000491
vt 0.057738 0.000000
vt 0.057740 0.106691
vt 0.040109 0.095777
vt 0.030503 0.088472
vt 0.089208 0.002212
vt 0.083947 0.091578
vt 0.057740 0.106691
vt 0.750994 0.186696
vt 0.761922 0.215482
vt 0.747715 0.187815
vt 0.790683 0.226395
vt 0.765530 0.211873
vt 0.795066 0.182337
vt 0.807254 0.194339
vt 0.784900 0.172181
vt 0.795066 0.182337
s 0
f 1283/1697/887 1269/1698/887 1288/1699/887
f 1282/1700/888 1283/1701/888 1288/1702/888 1289/1703/888 1281/1704/888
f 1283/1705/889 1276/1706/889 1269/1707/889
f 1276/1708/890 1288/1709/890 1269/1710/890
f 1286/1711/891 1268/1698/891 1284/1712/891 1281/1713/891 1289/1714/891
f 1284/1715/892 1268/1698/892 1285/1716/892
f 1285/1717/893 1268/1707/893 1286/1718/893 1287/1719/893
s 1
f 1279/1720/894 1270/1721/895 1274/1722/896 1273/1723/897 1278/1724/897
f 1270/1721/895 1290/1725/898 1272/1726/899 1274/1727/896
f 1280/1728/900 1270/1729/895 1279/1730/894
f 1290/1731/898 1270/1732/895 1275/1733/901 1271/1734/902
f 1277/1735/903 1275/1736/901 1270/1732/895 1280/1728/900
o Bottle_cell.025
v -0.019647 0.558769 0.010495
v -0.028365 0.549846 0.015417
v -0.023559 0.548451 0.012645
v -0.019462 0.489108 0.016846
v -0.013803 0.550187 0.011822
v -0.014243 0.519335 0.011939
v -0.019099 0.547284 0.017108
v -0.022895 0.549855 0.020887
v -0.030406 0.556936 0.007788
v -0.030385 0.549833 0.007878
v -0.023559 0.500367 0.012729
v -0.024367 0.533091 0.009656
v -0.015505 0.554994 0.010033
v -0.025606 0.560852 0.018157
v -0.022979 0.557058 0.020791
v -0.029346 0.560968 0.011737
v -0.023559 0.500367 0.012729
v -0.024367 0.533091 0.009656
v -0.025606 0.560852 0.018157
v -0.022979 0.557058 0.020791
v -0.019462 0.489108 0.016846
v -0.019099 0.547284 0.017108
v -0.022895 0.549855 0.020887
v -0.030406 0.556936 0.007788
v -0.030385 0.549833 0.007878
v -0.023559 0.548451 0.012645
v -0.029346 0.560968 0.011737
vn 0.7082 -0.0075 0.7060
vn 0.7058 0.0133 0.7083
vn 0.6242 -0.0577 -0.7791
vn 0.0881 -0.0879 -0.9922
vn 0.1416 -0.0563 -0.9883
vn 0.7094 0.5944 0.3788
vn 0.2074 0.9728 -0.1033
vn 0.0641 0.6897 -0.7212
vn -0.7192 0.0012 0.6948
vn -0.5313 -0.7537 0.3868
vn -0.9659 0.0005 0.2588
vn -0.7071 0.0012 0.7071
vn -0.6309 -0.5271 0.5693
vn -0.7325 -0.5394 0.4153
vn -0.6104 -0.5767 0.5430
vn -0.8437 0.0213 0.5363
vn -0.9308 0.0382 0.3635
vn -0.8802 -0.3381 0.3330
vt 0.000000 0.000000
vt 0.480882 0.000000
vt 1.000000 0.020636
vt 1.000000 0.069603
vt 0.069603 0.069603
vt 0.020546 0.000000
vt 0.105041 0.000000
vt 0.104852 0.058379
vt 1.000000 0.349100
vt 0.794927 0.794927
vt 0.826219 0.659833
vt 0.697360 0.000000
vt 1.000000 0.519118
vt 1.000000 1.000000
vt 0.349100 0.349100
vt 0.255444 0.108197
vt 0.110308 0.110308
vt 1.000000 0.000000
vt 1.000000 0.512963
vt 0.697360 0.697360
vt 0.512963 0.512963
vt 0.258023 0.000000
vt 1.000000 0.634030
vt 1.000000 0.928487
vt 0.066041 0.066041
vt 0.257733 0.000000
vt 0.742267 0.000000
vt 0.932956 0.932956
vt 0.751227 0.732300
vt 0.759482 0.643075
vt 0.757023 0.671567
vt 0.741884 0.751958
vt 0.741085 0.642892
vt 0.751227 0.643074
vt 0.751227 0.732301
vt 0.131058 0.821691
vt 0.130833 0.834129
vt 0.117470 0.833938
vt 0.110004 0.821691
vt 0.117875 0.807051
vt 0.131058 0.807202
vt 0.110004 0.821691
vt 0.110407 0.814656
vt 0.656780 0.870470
vt 0.654113 0.880421
vt 0.645967 0.869146
vt 0.668475 0.880421
vt 0.668491 0.870470
s 0
f 1311/1737/904 1296/1738/904 1295/1739/904 1312/1740/904
f 1312/1741/905 1295/1742/905 1310/1743/905 1298/1744/905
f 1308/1745/906 1311/1746/906 1307/1747/906
f 1314/1737/907 1295/1748/907 1296/1749/907 1311/1750/907 1308/1751/907 1293/1752/907 1300/1753/907
f 1291/1754/908 1303/1755/908 1295/1756/908 1314/1737/908
f 1303/1757/909 1291/1737/909 1309/1758/909 1310/1759/909 1295/1760/909
f 1309/1761/910 1291/1737/910 1317/1762/910
f 1317/1763/911 1291/1754/911 1314/1764/911
s 1
f 1301/1765/912 1316/1766/913 1302/1767/914
f 1294/1768/915 1297/1769/916 1316/1770/913 1301/1771/912
f 1292/1772/917 1313/1773/918 1305/1774/915 1304/1775/919
f 1299/1776/920 1315/1777/921 1292/1772/917 1304/1778/919 1306/1779/920
f 1316/1780/913 1292/1781/917 1315/1782/921
f 1313/1783/918 1292/1781/917 1316/1780/913 1297/1784/916
o Bottle_cell.026
v 0.008129 0.383505 -0.009305
v -0.004142 0.386324 -0.016108
v 0.024586 0.484730 -0.008180
v 0.006143 0.371340 -0.003482
v -0.006378 0.406907 -0.005329
v 0.004213 0.368530 0.000191
v -0.003055 0.373636 -0.003347
v -0.000922 0.363940 -0.002505
v 0.007051 0.426148 -0.012949
v 0.012213 0.426157 -0.007787
v 0.023129 0.478071 -0.014866
v 0.023559 0.485237 -0.014449
v 0.020224 0.484064 -0.000858
v 0.013578 0.426165 -0.002693
v 0.019207 0.454052 -0.005970
v 0.018579 0.447782 -0.008591
v 0.015009 0.427736 -0.014306
v 0.013698 0.477021 -0.014897
v 0.018558 0.473140 -0.019429
v 0.019949 0.485933 -0.018060
v 0.010097 0.427560 -0.018227
v 0.016863 0.455414 -0.021093
v 0.002069 0.426145 -0.014284
v -0.002532 0.426152 -0.010617
v 0.010389 0.438781 -0.018764
v 0.017491 0.485966 -0.010974
v 0.007364 0.426175 0.002695
v -0.004871 0.426162 -0.004560
v 0.024586 0.484730 -0.008180
v 0.023129 0.478071 -0.014866
v 0.020224 0.484064 -0.000858
v 0.019207 0.454052 -0.005970
v 0.018558 0.473140 -0.019429
v 0.019949 0.485933 -0.018060
v 0.002069 0.426145 -0.014284
v -0.002532 0.426152 -0.010617
v 0.016863 0.455414 -0.021093
v 0.013698 0.477021 -0.014897
v 0.010389 0.438781 -0.018764
v -0.004871 0.426162 -0.004560
v 0.012213 0.426157 -0.007787
v 0.013578 0.426165 -0.002693
v 0.023559 0.485237 -0.014449
v 0.018579 0.447782 -0.008591
v 0.015009 0.427736 -0.014306
v 0.017491 0.485966 -0.010974
v 0.010097 0.427560 -0.018227
v 0.007364 0.426175 0.002695
vn 0.0493 0.9940 0.0979
vn 0.8580 -0.1144 0.5008
vn 0.9151 -0.1296 0.3818
vn 0.9757 -0.1603 0.1496
vn 0.9907 -0.1154 -0.0722
vn 0.9805 -0.1572 -0.1180
vn -0.7494 0.3198 -0.5797
vn 0.4404 -0.1971 -0.8759
vn -0.5222 0.1201 -0.8443
vn -0.5661 0.1059 -0.8175
vn 0.2967 0.9499 0.0984
vn 0.6535 -0.0685 0.7538
vn -0.4497 -0.0214 0.8929
vn 0.7033 -0.6926 -0.1602
vn -0.4459 -0.0145 0.8950
vn 0.3582 -0.4500 -0.8181
vn 0.3524 -0.4485 -0.8214
vn -0.9292 0.0871 -0.3591
vn -0.5100 0.0056 0.8601
vn -0.9643 -0.2244 -0.1410
vn -0.9948 -0.1003 -0.0150
vn -0.5052 0.0009 0.8630
vn 0.7880 -0.0114 -0.6156
vn 0.7071 -0.0012 -0.7071
vn 0.8855 -0.0261 -0.4639
vn 0.9850 -0.0495 -0.1654
vn -0.5166 0.6995 0.4938
vn -0.5948 0.6062 0.5279
vn -0.7969 -0.0016 0.6041
vn -0.9196 -0.0079 0.3927
vn -0.7560 0.0001 0.6546
vn -0.9659 -0.0114 0.2588
vn -0.0000 1.0000 -0.0017
vn -0.0525 0.9973 0.0508
vn -0.0666 0.9913 0.1136
vn -0.0152 0.9984 0.0551
vt 1.000000 0.259325
vt 0.773570 0.773570
vt 0.432021 0.321639
vt 0.248132 0.000000
vt 1.000000 0.735990
vt 1.000000 1.000000
vt 0.312712 0.303867
vt 0.000000 0.000000
vt 1.000000 0.000000
vt 0.498255 0.498255
vt 1.000000 0.698996
vt 0.735990 0.735990
vt 0.488404 0.488404
vt 1.000000 0.428829
vt 0.629397 0.448546
vt 0.491599 0.095495
vt 0.428829 0.428829
vt 0.780136 0.000000
vt 1.000000 0.523120
vt 0.862149 0.862149
vt 0.636777 0.636777
vt 0.611521 0.000000
vt 0.832798 0.000000
vt 1.000000 0.511964
vt 0.780136 0.780136
vt 0.489463 0.489463
vt 0.391765 0.000000
vt 0.426713 0.206697
vt 0.818187 0.818187
vt 0.511964 0.511964
vt 0.610438 0.557553
vt 1.000000 0.636777
vt 1.000000 0.862149
vt 1.000000 0.218106
vt 0.832798 0.832798
vt 0.790853 0.525010
vt 1.000000 0.493824
vt 0.446965 0.000000
vt 0.127453 0.000000
vt 1.000000 0.237488
vt 0.391765 0.391765
vt 0.237488 0.237488
vt 0.715052 0.000000
vt 0.284948 0.000000
vt 0.849772 0.511767
vt 0.864020 0.470001
vt 0.860166 0.502819
vt 0.850961 0.525492
vt 0.848794 0.525045
vt 0.848794 0.516421
vt 0.848794 0.525045
vt 0.842442 0.524426
vt 0.977755 0.913066
vt 0.970937 0.912943
vt 0.963788 0.881377
vt 0.970056 0.803972
vt 0.972473 0.821554
vt 0.981117 0.892625
vt 0.947854 0.806050
vt 0.963587 0.804814
vt 0.955411 0.870431
vt 0.953890 0.864029
vt 0.226389 0.825758
vt 0.213958 0.820863
vt 0.222437 0.825758
vt 0.235989 0.825758
vt 0.244282 0.820970
vt 0.250159 0.814768
vt 0.252407 0.810874
vt 0.192998 0.790765
vt 0.203923 0.793692
vt 0.197834 0.808877
vt 0.191700 0.802361
vt 0.208711 0.785399
vt 0.194062 0.787435
s 0
f 1348/1785/922 1346/1786/922 1360/1787/922 1351/1788/922
f 1349/1789/923 1346/1790/923 1348/1791/923
f 1323/1792/924 1321/1793/924 1359/1794/924
f 1361/1795/925 1346/1790/925 1349/1796/925
f 1359/1797/926 1321/1792/926 1318/1793/926 1358/1798/926
f 1361/1799/927 1362/1800/927 1358/1801/927 1318/1792/927 1354/1802/927 1347/1803/927 1346/1790/927
f 1350/1804/928 1355/1805/928 1363/1806/928 1351/1807/928
f 1338/1808/929 1354/1809/929 1318/1792/929 1319/1793/929
f 1338/1810/930 1319/1792/930 1353/1811/930 1352/1812/930
f 1354/1813/931 1338/1814/931 1356/1815/931 1355/1816/931 1350/1817/931
f 1348/1818/932 1351/1819/932 1363/1820/932
f 1359/1821/933 1365/1822/933 1323/1793/933
f 1324/1792/934 1325/1793/934 1323/1790/934
f 1325/1792/935 1321/1793/935 1323/1790/935
f 1365/1823/936 1324/1793/936 1323/1790/936
f 1325/1792/937 1318/1793/937 1321/1790/937
f 1325/1792/938 1319/1793/938 1318/1790/938
f 1319/1792/939 1322/1793/939 1357/1824/939 1353/1825/939
f 1357/1826/940 1322/1792/940 1365/1827/940
f 1325/1792/941 1324/1793/941 1319/1790/941
f 1324/1792/942 1322/1793/942 1319/1790/942
f 1365/1828/943 1322/1793/943 1324/1790/943
s 1
f 1328/1829/944 1339/1830/945 1336/1831/945 1337/1832/945 1329/1833/946
f 1328/1834/944 1329/1835/946 1320/1836/947
f 1364/1837/948 1334/1838/949 1333/1839/950 1343/1840/951 1335/1841/952 1342/1842/952
f 1330/1843/953 1343/1844/951 1333/1845/950 1332/1846/953
f 1344/1847/954 1331/1848/954 1327/1849/955 1326/1850/956 1340/1851/957 1341/1852/954 1345/1853/954
f 1364/1854/948 1326/1855/956 1327/1856/955 1334/1857/949
f 1340/1858/957 1326/1855/956 1364/1859/948
o Bottle_cell.027
v -0.013602 0.564594 -0.024545
v -0.017675 0.557412 -0.028040
v -0.030364 0.558645 -0.009892
v -0.028365 0.559227 -0.017353
v -0.025161 0.564622 -0.008610
v -0.023559 0.568094 -0.014593
v -0.017536 0.568093 -0.020617
v -0.017805 0.563653 -0.006779
v -0.013004 0.562362 -0.014450
v -0.016820 0.563269 -0.028905
v -0.010417 0.557425 -0.017105
v -0.017888 0.557676 -0.006718
v -0.030364 0.558645 -0.009892
v -0.028365 0.559227 -0.017353
v -0.017675 0.557412 -0.028040
v -0.023559 0.568094 -0.014593
v -0.017536 0.568093 -0.020617
v -0.017805 0.563653 -0.006779
v -0.017888 0.557676 -0.006718
v -0.025161 0.564622 -0.008610
v -0.013004 0.562362 -0.014450
v -0.013602 0.564594 -0.024545
v -0.010417 0.557425 -0.017105
v -0.016820 0.563269 -0.028905
vn -0.3166 -0.9354 -0.1578
vn 0.5277 0.6657 0.5276
vn 0.3101 0.9035 0.2959
vn 0.8173 0.5710 0.0778
vn 0.8165 -0.1993 -0.5418
vn -0.0568 -0.9983 0.0118
vn -0.2439 0.0089 0.9698
vn -0.8219 0.5675 -0.0489
vn -0.6924 0.6384 -0.3361
vn -0.7296 0.6051 -0.3186
vn -0.6378 0.4479 -0.6265
vn -0.5511 0.6404 -0.5349
vn 0.8280 0.0575 0.5578
vn -0.7071 -0.0012 -0.7071
vt 0.000000 0.000000
vt 1.000000 0.119555
vt 0.640550 0.181070
vt 0.684499 0.000000
vt 0.407159 0.098278
vt 1.000000 0.437733
vt 0.684499 0.684499
vt 0.594854 0.204801
vt 1.000000 0.839173
vt 0.865042 0.865042
vt 0.437733 0.437733
vt 1.000000 0.330942
vt 0.278524 0.000000
vt 0.558280 0.500197
vt 0.710668 0.710668
vt 1.000000 1.000000
vt 0.285324 0.285324
vt 0.452831 0.000000
vt 1.000000 0.000000
vt 0.416117 0.416117
vt 0.564311 0.000000
vt 0.530744 0.844708
vt 0.536488 0.834759
vt 0.546440 0.837425
vt 0.539380 0.849654
vt 0.546440 0.807113
vt 0.536488 0.808616
vt 0.909542 0.665580
vt 0.915739 0.663231
vt 0.924286 0.660141
vt 0.923803 0.672485
vt 0.089091 0.857021
vt 0.095962 0.834380
vt 0.093069 0.854729
vt 0.882743 0.618358
vt 0.871434 0.642666
vt 0.871907 0.616415
s 0
f 1380/1860/958 1378/1861/958 1379/1862/958
f 1385/1860/959 1382/1863/959 1381/1864/959
f 1386/1865/960 1382/1866/960 1385/1860/960 1383/1867/960
f 1387/1868/961 1382/1869/961 1386/1870/961 1388/1871/961
f 1380/1872/962 1389/1873/962 1387/1874/962 1388/1860/962
f 1380/1875/963 1388/1876/963 1384/1877/963 1378/1878/963
f 1385/1878/964 1378/1875/964 1384/1879/964 1383/1880/964
s 1
f 1370/1881/965 1371/1882/966 1369/1883/967 1368/1884/965
f 1375/1885/968 1369/1883/967 1371/1882/966 1366/1886/969
f 1376/1887/970 1374/1888/970 1373/1889/970 1377/1890/970
f 1366/1891/969 1371/1892/966 1372/1893/971
f 1367/1894/971 1369/1895/967 1375/1896/968
o Bottle_cell.028
v 0.007190 0.373033 0.000193
v 0.020028 0.484718 0.003051
v 0.027204 0.423469 -0.000739
v 0.041464 0.411644 0.009180
v 0.042487 0.412767 -0.000720
v 0.041560 0.411698 -0.009796
v 0.025615 0.429987 0.005178
v 0.025625 0.423480 0.005153
v 0.013298 0.426173 0.001553
v 0.019294 0.478338 0.002887
v 0.019792 0.427767 0.003467
v 0.025708 0.484767 0.004737
v 0.025714 0.482478 -0.006402
v 0.016294 0.426821 -0.003048
v 0.019742 0.447196 -0.004276
v 0.020411 0.468937 -0.000826
v 0.025889 0.423461 -0.005643
v 0.027204 0.485821 -0.000848
v 0.041464 0.411644 0.009180
v 0.042487 0.412767 -0.000720
v 0.041560 0.411698 -0.009796
v 0.025615 0.429987 0.005178
v 0.025625 0.423480 0.005153
v 0.025708 0.484767 0.004737
v 0.019294 0.478338 0.002887
v 0.019792 0.427767 0.003467
v 0.019742 0.447196 -0.004276
v 0.020411 0.468937 -0.000826
v 0.025889 0.423461 -0.005643
v 0.025714 0.482478 -0.006402
v 0.027204 0.485821 -0.000848
v 0.013298 0.426173 0.001553
v 0.016294 0.426821 -0.003048
vn 0.7476 -0.6641 0.0019
vn -0.2493 -0.0041 0.9684
vn -0.2846 0.0082 0.9586
vn -0.8400 0.1101 -0.5313
vn -0.2654 -0.0132 -0.9641
vn -0.3527 0.8405 -0.4113
vn -0.0590 0.9837 0.1698
vn 0.8683 0.4960 -0.0009
vn 0.5736 0.8191 -0.0015
vn 0.5669 0.8094 -0.1533
vn 0.8613 0.4522 -0.2316
vn 0.5669 0.8099 0.1505
vn 0.8616 0.4524 0.2301
vn 0.9659 0.0005 0.2588
vn 0.9993 0.0001 0.0377
vn -0.8893 0.4320 0.1503
vn -0.9659 -0.0125 -0.2588
vn -0.9759 -0.0039 -0.2182
vn -0.8022 0.5799 0.1421
vn -0.9728 0.0837 0.2162
vn -0.2341 0.9721 -0.0155
vn 0.9659 -0.0005 -0.2588
vt 0.352530 0.352530
vt 0.000000 0.000000
vt 0.353543 0.000000
vt 0.363067 0.173859
vt 0.490972 0.000000
vt 1.000000 0.000000
vt 1.000000 0.352529
vt 0.582639 0.034229
vt 1.000000 0.524200
vt 1.000000 1.000000
vt 0.490972 0.490972
vt 0.756847 0.000000
vt 1.000000 0.057126
vt 0.729582 0.510417
vt 1.000000 0.521837
vt 0.761975 0.524557
vt 0.503538 0.143890
vt 0.057126 0.057126
vt 1.000000 0.027050
vt 1.000000 0.340704
vt 1.000000 0.646457
vt 0.557641 0.512282
vt 0.340704 0.340704
vt 0.027050 0.027050
vt 0.677263 0.548118
vt 0.064072 0.000000
vt 0.989578 0.989578
vt 0.243153 0.000000
vt 0.845083 0.365312
vt 0.865146 0.385376
vt 0.852013 0.396075
vt 0.836920 0.370025
vt 0.876797 0.371038
vt 0.850744 0.355506
vt 0.812784 0.422638
vt 0.812844 0.410561
vt 0.822651 0.410384
vt 0.822651 0.526084
vt 0.813358 0.524279
vt 0.936767 0.912942
vt 0.937888 0.819121
vt 0.944040 0.836436
vt 0.950203 0.912816
vt 0.943768 0.912816
vt 0.950616 0.876752
vt 0.204789 0.818824
vt 0.209829 0.819853
vt 0.201751 0.827930
vt 0.832493 0.525449
vt 0.832077 0.410384
s 0
f 1408/1897/972 1390/1898/972 1410/1899/972 1409/1900/972
f 1411/1901/973 1390/1902/973 1408/1903/973 1412/1904/973
f 1421/1905/974 1390/1906/974 1411/1907/974 1413/1908/974 1391/1902/974 1414/1909/974 1415/1910/974
f 1422/1911/975 1390/1906/975 1421/1912/975
f 1417/1913/975 1414/1914/975 1391/1898/975 1419/1915/975 1416/1916/975
f 1410/1917/976 1390/1906/976 1422/1918/976 1416/1919/976 1419/1920/976 1418/1921/976
f 1419/1922/977 1391/1902/977 1420/1923/977
f 1413/1924/978 1420/1906/978 1391/1898/978
s 1
f 1392/1925/979 1394/1926/980 1395/1927/981 1406/1928/982
f 1393/1929/983 1394/1926/980 1392/1925/979 1397/1930/984
f 1396/1931/985 1397/1932/984 1392/1933/979 1407/1934/986 1401/1935/985
f 1400/1936/987 1399/1937/988 1405/1938/989
f 1403/1939/990 1400/1940/987 1405/1938/989 1404/1941/991
f 1403/1942/990 1398/1943/992 1400/1944/987
f 1402/1945/993 1407/1934/986 1392/1933/979 1406/1946/982
o Bottle_cell.029
v -0.048899 0.023044 -0.000483
v -0.067326 0.003484 0.007649
v -0.068538 0.002413 -0.000001
v -0.061218 0.008659 0.030433
v -0.061010 0.007974 -0.031231
v -0.067080 0.003455 -0.008569
v -0.062007 0.037828 -0.027553
v -0.063755 0.070877 0.020839
v -0.067118 0.061282 -0.008512
v -0.069371 0.071565 -0.000121
v -0.065966 0.071168 0.012586
v -0.067326 0.003484 0.007649
v -0.061218 0.008659 0.030433
v -0.068538 0.002413 -0.000001
v -0.067080 0.003455 -0.008569
v -0.061010 0.007974 -0.031231
v -0.067118 0.061282 -0.008512
v -0.069371 0.071565 -0.000121
v -0.065966 0.071168 0.012586
v -0.063755 0.070877 0.020839
v -0.062007 0.037828 -0.027553
vn 0.6227 -0.7824 0.0108
vn 0.9136 0.0796 -0.3988
vn 0.7697 -0.6383 0.0097
vn 0.9075 0.0999 0.4081
vn 0.8955 0.3822 -0.2280
vn 0.8969 0.3797 -0.2269
vn -0.9706 -0.0028 -0.2408
vn -1.0000 -0.0021 0.0002
vn -0.9955 -0.0018 0.0944
vn -0.9699 -0.0013 0.2437
vt 0.944699 0.000000
vt 0.561616 0.105767
vt 0.440073 0.126943
vt 0.327715 0.102503
vt 0.049194 0.000000
vt 0.345978 0.000000
vt 1.000000 0.000000
vt 1.000000 0.957827
vt 0.000000 0.000000
vt 1.000000 0.055301
vt 0.957827 0.957827
vt 0.900999 0.000000
vt 0.952227 0.952227
vt 1.000000 0.487177
vt 0.942995 0.355919
vt 1.000000 0.162865
vt 0.162865 0.162865
vt 0.099001 0.000000
vt 1.000000 0.654022
vt 0.487177 0.487177
vt 0.534460 0.697828
vt 0.540669 0.753497
vt 0.502961 0.762695
vt 0.488702 0.762952
vt 0.488699 0.635695
vt 0.502696 0.654633
vt 0.473998 0.762952
vt 0.426056 0.752002
vt 0.448416 0.637050
vt 0.464276 0.636479
s 0
f 1435/1947/994 1434/1948/994 1436/1949/994 1437/1950/994 1438/1951/994
f 1443/1952/995 1423/1953/995 1438/1954/995
f 1423/1955/996 1435/1956/996 1438/1957/996
f 1423/1955/997 1442/1958/997 1435/1959/997
f 1439/1960/998 1440/1961/998 1441/1962/998
f 1441/1963/999 1442/1964/999 1423/1953/999 1443/1965/999 1439/1966/999
s 1
f 1429/1967/1000 1427/1968/1000 1428/1969/1000 1425/1970/1001 1432/1971/1002 1431/1972/1000
f 1425/1970/1001 1424/1973/1003 1426/1974/1003 1430/1975/1003 1433/1976/1003 1432/1971/1002
o Bottle_cell.030
v 0.002060 0.203031 0.000053
v 0.017608 0.190954 0.060056
v 0.050375 0.198718 -0.000721
v 0.013194 0.027441 0.008256
v 0.006091 0.028839 0.010500
v 0.040462 0.189926 0.053959
v 0.060072 0.144873 0.034432
v 0.057361 0.191414 0.037057
v 0.064074 0.193939 0.019397
v 0.002505 0.030893 0.006197
v 0.001237 0.030885 0.001329
v 0.064226 0.153077 0.018914
v 0.014479 0.027742 0.001672
v 0.069361 0.195893 -0.000340
v 0.065905 0.194966 0.012560
v 0.064700 0.153994 -0.017673
v 0.069363 0.165863 -0.000287
v 0.060348 0.191614 -0.033971
v 0.060340 0.175903 -0.033976
v 0.006263 0.030878 -0.002512
v 0.012716 0.027945 -0.006280
v 0.067785 0.196349 -0.006222
v 0.040462 0.189926 0.053959
v 0.060072 0.144873 0.034432
v 0.013194 0.027441 0.008256
v 0.006091 0.028839 0.010500
v 0.057361 0.191414 0.037057
v 0.002505 0.030893 0.006197
v 0.001237 0.030885 0.001329
v 0.069361 0.195893 -0.000340
v 0.065905 0.194966 0.012560
v 0.064074 0.193939 0.019397
v 0.064700 0.153994 -0.017673
v 0.069363 0.165863 -0.000287
v 0.064226 0.153077 0.018914
v 0.060348 0.191614 -0.033971
v 0.060340 0.175903 -0.033976
v 0.006263 0.030878 -0.002512
v 0.012716 0.027945 -0.006280
v 0.067785 0.196349 -0.006222
v 0.014479 0.027742 0.001672
vn 0.2334 -0.2994 0.9252
vn 0.0914 0.9798 0.1777
vn 0.0894 0.9806 0.1742
vn -0.9594 -0.0043 0.2819
vn -0.6072 -0.0030 -0.7945
vn 0.9211 -0.3809 0.0801
vn 0.1441 0.9835 0.1093
vn 0.0903 0.9810 0.1715
vn 0.9269 -0.3738 -0.0333
vn -0.5040 0.0006 -0.8637
vn 0.1044 0.9899 -0.0957
vn 0.0815 0.9786 -0.1888
vn 0.6865 -0.3412 -0.6421
vn 0.9078 0.0081 0.4193
vn 0.8597 0.0062 0.5108
vn 0.7071 0.0013 0.7071
vn 0.9999 0.0053 0.0152
vn 1.0000 0.0050 0.0024
vn 0.9572 0.0105 0.2891
vn 0.9659 -0.0004 -0.2588
vn -0.2850 -0.9478 -0.1431
vn -0.2581 -0.9377 -0.2327
vn -0.2144 -0.9699 -0.1156
vn -0.2742 -0.9609 -0.0392
vn -0.3243 -0.9443 -0.0565
vn -0.3831 -0.9217 0.0614
vn -0.0000 -1.0000 0.0017
vt 0.772706 0.006906
vt 1.000000 0.621362
vt 1.000000 1.000000
vt 0.163145 0.124743
vt 0.157595 0.000000
vt 0.621362 0.621362
vt 1.000000 0.358162
vt 1.000000 0.000000
vt 0.310283 0.293736
vt 0.199651 0.000000
vt 0.000000 0.000000
vt 0.836992 0.000000
vt 0.913429 0.081249
vt 1.000000 0.162677
vt 0.862231 0.000000
vt 0.836992 0.836992
vt 0.795040 0.000000
vt 0.760570 0.760570
vt 0.130606 0.130606
vt 0.129414 0.000000
vt 0.404682 0.000000
vt 1.000000 0.532435
vt 0.532435 0.532435
vt 1.000000 0.800348
vt 0.798960 0.000000
vt 0.862399 0.406265
vt 0.795040 0.795040
vt 0.130176 0.092284
vt 0.127988 0.000000
vt 1.000000 0.137769
vt 0.075346 0.075346
vt 0.078909 0.000000
vt 0.868818 0.000000
vt 0.595318 0.000000
vt 1.000000 0.159976
vt 1.000000 0.075346
vt 0.159976 0.159976
vt 1.000000 0.201040
vt 0.868818 0.868818
vt 0.078909 0.078909
vt 0.182133 0.265188
vt 0.175971 0.352044
vt 0.137547 0.348514
vt 0.306549 0.459473
vt 0.306548 0.403351
vt 0.328017 0.404738
vt 0.339395 0.406474
vt 0.364275 0.410354
vt 0.361937 0.499478
vt 0.338472 0.482852
vt 0.306549 0.459473
vt 0.273094 0.481597
vt 0.241832 0.440598
vt 0.241895 0.411238
vt 0.295244 0.402480
vt 0.035618 0.834775
vt 0.028177 0.823118
vt 0.040843 0.819539
vt 0.047496 0.819539
vt 0.048042 0.833917
vt 0.036733 0.834877
vt 0.058611 0.830936
vt 0.051158 0.833208
vt 0.051588 0.817176
vt 0.056583 0.808613
vt 0.056583 0.806176
s 0
f 1467/1977/1004 1466/1978/1004 1445/1979/1004 1469/1980/1004 1468/1981/1004
f 1445/1979/1005 1466/1982/1005 1470/1983/1005
f 1444/1984/1006 1445/1979/1006 1470/1985/1006 1475/1986/1006
f 1445/1979/1007 1444/1987/1007 1472/1988/1007 1471/1989/1007 1469/1990/1007
f 1481/1991/1008 1472/1992/1008 1444/1987/1008
f 1478/1993/1009 1467/1994/1009 1468/1995/1009 1484/1996/1009
f 1473/1997/1010 1446/1984/1010 1474/1998/1010
f 1474/1999/1011 1446/1987/1011 1444/1984/1011 1475/2000/1011
f 1476/2001/1012 1477/2002/1012 1478/2003/1012 1484/2004/1012 1482/2005/1012
f 1481/2006/1013 1444/1979/1013 1479/2007/1013 1480/2008/1013 1482/2009/1013
f 1444/1979/1014 1446/1987/1014 1473/2010/1014 1483/2011/1014
f 1479/2012/1015 1444/1979/1015 1483/2013/1015
f 1476/2014/1016 1482/2015/1016 1480/2016/1016
s 1
f 1450/2017/1017 1451/2018/1018 1449/2019/1019
f 1460/2020/1020 1457/2021/1021 1458/2022/1022 1452/2023/1022 1451/2024/1018 1450/2025/1017 1455/2026/1022
f 1457/2021/1021 1460/2027/1020 1459/2028/1023 1462/2029/1023 1461/2030/1023 1465/2031/1023
f 1447/2032/1024 1448/2033/1025 1453/2034/1026
f 1453/2034/1026 1463/2035/1027 1456/2036/1028 1447/2037/1024
f 1464/2038/1029 1456/2039/1028 1463/2040/1027
f 1463/2035/1027 1453/2041/1026 1454/2042/1030
o Bottle_cell.031
v 0.036870 0.016897 0.035607
v 0.061526 0.016393 0.000683
v 0.057700 0.000058 0.033313
v 0.047966 0.050170 0.046715
v 0.048025 0.004893 0.046740
v 0.033312 0.005373 0.029856
v 0.046602 0.000078 0.044411
v 0.054706 0.002871 0.003535
v 0.069142 0.007533 0.000863
v 0.066252 0.000002 0.001397
v 0.069324 0.028381 -0.000229
v 0.067475 0.037544 0.007024
v 0.050008 0.054693 0.044664
v 0.035066 0.006266 0.023373
v 0.058705 0.069662 0.035939
v 0.047315 0.004474 0.008325
v 0.061031 0.066912 0.031011
v 0.033312 0.005373 0.029856
v 0.046602 0.000078 0.044411
v 0.050008 0.054693 0.044664
v 0.058705 0.069662 0.035939
v 0.047966 0.050170 0.046715
v 0.067475 0.037544 0.007024
v 0.061031 0.066912 0.031011
v 0.048025 0.004893 0.046740
v 0.047315 0.004474 0.008325
v 0.054706 0.002871 0.003535
v 0.066252 0.000002 0.001397
v 0.069142 0.007533 0.000863
v 0.069324 0.028381 -0.000229
v 0.035066 0.006266 0.023373
vn -0.7067 -0.0005 0.7075
vn -0.7519 -0.0935 0.6526
vn -0.5282 0.0883 -0.8445
vn -0.1540 -0.0873 -0.9842
vn -0.0369 -0.0520 -0.9980
vn -0.6599 0.3799 -0.6482
vn -0.8987 0.3763 -0.2251
vn -0.9247 0.3547 -0.1387
vn -0.6790 0.3779 -0.6295
vn -0.7333 0.3846 -0.5607
vn 0.8900 -0.0471 0.4534
vn 0.5886 -0.7398 0.3259
vn 0.7280 -0.6373 0.2526
vn 0.9466 -0.0495 0.3186
vn -0.2438 -0.9673 -0.0696
vn -0.2134 -0.9684 -0.1288
vn 0.5030 -0.7672 0.3979
vn -0.1845 -0.9657 -0.1829
vn 0.7671 -0.0415 0.6402
vt 0.798312 0.000000
vt 1.000000 0.000000
vt 1.000000 0.134904
vt 0.213709 0.185966
vt 0.179858 0.179858
vt 0.000000 0.000000
vt 0.342304 0.000000
vt 0.632207 0.000000
vt 1.000000 0.201995
vt 0.874272 0.119834
vt 0.786635 0.000000
vt 1.000000 0.132452
vt 0.135928 0.024266
vt 0.132452 0.132452
vt 0.134948 0.134948
vt 0.124663 0.000000
vt 1.000000 0.113639
vt 1.000000 0.359757
vt 0.571723 0.000000
vt 0.885861 0.000000
vt 1.000000 0.201688
vt 0.359757 0.359757
vt 0.657696 0.000000
vt 0.392867 0.000000
vt 1.000000 0.875337
vt 1.000000 1.000000
vt 0.551580 0.551580
vt 0.084744 0.000000
vt 0.392867 0.392867
vt 0.085449 0.000000
vt 0.416654 0.038321
vt 0.364287 0.635459
vt 0.364293 0.761911
vt 0.308372 0.762922
vt 0.308006 0.755339
vt 0.306554 0.715656
vt 0.318347 0.699088
vt 0.358359 0.643558
vt 0.907184 0.197912
vt 0.926814 0.202486
vt 0.938134 0.213216
vt 0.885009 0.243888
vt 0.873948 0.199453
vt 0.855872 0.243888
vt 0.862087 0.204348
vt 0.873119 0.199513
vt 0.182147 0.001045
vt 0.179022 0.124570
vt 0.159246 0.096211
vt 0.154602 0.087668
vt 0.154733 0.003056
vt 0.154939 0.000552
s 0
f 1506/2043/1031 1485/2044/1031 1509/2045/1031
f 1503/2046/1032 1509/2047/1032 1485/2048/1032 1502/2049/1032
f 1510/2050/1033 1486/2044/1033 1511/2051/1033
f 1494/2052/1034 1511/2053/1034 1486/2044/1034 1513/2054/1034
f 1486/2048/1035 1514/2055/1035 1513/2056/1035
f 1514/2057/1036 1486/2048/1036 1507/2058/1036
f 1502/2059/1037 1504/2060/1037 1505/2061/1037 1515/2062/1037
f 1485/2044/1038 1506/2063/1038 1504/2064/1038 1502/2065/1038
f 1508/2066/1039 1507/2067/1039 1486/2068/1039 1510/2069/1039 1515/2070/1039
f 1508/2071/1040 1515/2072/1040 1505/2073/1040
s 1
f 1499/2074/1041 1487/2075/1042 1512/2076/1043 1493/2077/1044 1495/2078/1044 1496/2079/1044 1501/2080/1044
f 1500/2081/1045 1492/2082/1045 1512/2083/1043 1487/2084/1042 1498/2085/1046
f 1487/2084/1042 1491/2086/1047 1490/2087/1048 1498/2088/1046
f 1487/2089/1042 1499/2090/1041 1497/2091/1049 1488/2092/1049 1489/2093/1049 1491/2094/1047
o Bottle_cell.032
v -0.008761 0.410352 -0.004144
v -0.021345 0.388999 0.004467
v -0.023559 0.423493 0.012863
v -0.020919 0.427760 -0.000738
v -0.028159 0.422065 -0.004618
v -0.024059 0.445547 -0.012514
v -0.018520 0.432805 -0.009484
v -0.019015 0.427747 -0.007846
v -0.022261 0.434367 0.014142
v -0.041323 0.410998 0.013186
v -0.030290 0.418058 0.016758
v -0.045297 0.407030 0.010852
v -0.039438 0.414774 -0.000031
v -0.043298 0.410985 0.005818
v -0.033755 0.418562 -0.002421
v -0.024015 0.486201 -0.012749
v -0.012613 0.426159 -0.006296
v -0.007466 0.426164 -0.003555
v -0.025376 0.486939 -0.007671
v -0.018892 0.487286 -0.005858
v -0.019679 0.476220 0.016651
v -0.018031 0.436425 0.009651
v -0.015047 0.479421 0.011857
v -0.018342 0.427777 0.008882
v -0.013147 0.426175 0.002834
v -0.019393 0.483604 0.016924
v -0.023559 0.487136 0.012752
v -0.025448 0.487265 0.005705
v -0.017522 0.487418 0.009238
v -0.018989 0.487519 0.003758
v -0.027204 0.487021 -0.000850
v -0.018520 0.432805 -0.009484
v -0.019015 0.427747 -0.007846
v -0.041323 0.410998 0.013186
v -0.030290 0.418058 0.016758
v -0.039438 0.414774 -0.000031
v -0.043298 0.410985 0.005818
v -0.028159 0.422065 -0.004618
v -0.033755 0.418562 -0.002421
v -0.012613 0.426159 -0.006296
v -0.007466 0.426164 -0.003555
v -0.024059 0.445547 -0.012514
v -0.024015 0.486201 -0.012749
v -0.025376 0.486939 -0.007671
v -0.022261 0.434367 0.014142
v -0.019679 0.476220 0.016651
v -0.013147 0.426175 0.002834
v -0.018342 0.427777 0.008882
v -0.018031 0.436425 0.009651
v -0.015047 0.479421 0.011857
v -0.019393 0.483604 0.016924
v -0.023559 0.487136 0.012752
v -0.025448 0.487265 0.005705
v -0.017522 0.487418 0.009238
v -0.018989 0.487519 0.003758
v -0.027204 0.487021 -0.000850
v -0.023559 0.423493 0.012863
v -0.045297 0.407030 0.010852
v -0.018892 0.487286 -0.005858
vn -0.1526 -0.2910 -0.9445
vn 0.6672 -0.1420 0.7312
vn -0.0558 -0.4113 0.9098
vn -0.5516 -0.5101 -0.6600
vn -0.1936 -0.2990 -0.9344
vn -0.1833 -0.2954 -0.9376
vn 0.3426 -0.0442 -0.9384
vn 0.6971 0.0279 -0.7164
vn -0.0120 0.9891 -0.1468
vn 0.7445 -0.0856 0.6621
vn 0.8190 0.1987 0.5384
vn -0.0467 0.9986 -0.0246
vn 0.2384 0.8456 0.4776
vn -0.5489 0.8267 0.1237
vn -0.6119 0.7778 0.1433
vn -0.6211 0.7698 0.1469
vn -0.5506 0.8262 0.1194
vn -0.8546 0.4607 0.2396
vn -0.8905 0.4309 0.1462
vn -0.7486 0.6323 0.1995
vn -0.8939 0.0004 0.4483
vn -0.9666 -0.0001 0.2564
vn -0.9997 0.0097 -0.0207
vn -0.7071 0.0012 0.7071
vn -0.9455 0.0197 -0.3251
vn 0.9971 -0.0171 -0.0745
vn 0.8213 0.5692 -0.0389
vn 0.8194 0.5624 0.1111
vn 0.9908 -0.0223 0.1332
vn 0.9324 -0.0122 -0.3612
vn 0.7071 -0.0128 -0.7070
vn 0.9623 -0.0118 -0.2717
vn 0.8660 0.4426 -0.2328
vn 0.1266 0.9918 0.0173
vn 0.1722 0.9850 -0.0143
vn -0.0000 1.0000 -0.0017
vn -0.0313 0.9992 0.0267
vn -0.0290 0.5640 0.8253
vt 1.000000 0.000000
vt 1.000000 1.000000
vt 0.672473 0.525682
vt 0.526295 0.000000
vt 0.697800 0.000000
vt 0.775036 0.000000
vt 0.000000 0.000000
vt 0.454223 0.000000
vt 0.657609 0.291365
vt 1.000000 0.597453
vt 0.934876 0.742096
vt 1.000000 0.775683
vt 0.643182 0.614261
vt 0.769645 0.769645
vt 0.816277 0.757234
vt 1.000000 0.724163
vt 1.000000 0.691305
vt 0.800594 0.713592
vt 1.000000 0.654297
vt 0.691305 0.691305
vt 1.000000 0.224964
vt 0.924906 0.134099
vt 0.796816 0.000000
vt 1.000000 0.473705
vt 0.559289 0.559289
vt 0.401665 0.401665
vt 1.000000 0.302200
vt 1.000000 0.401665
vt 1.000000 0.559289
vt 0.469713 0.000000
vt 0.479022 0.000000
vt 1.000000 0.545777
vt 0.796816 0.796816
vt 0.910027 0.743178
vt 0.995714 0.672449
vt 0.892506 0.557581
vt 0.350695 0.000000
vt 1.000000 0.155549
vt 0.479022 0.479022
vt 0.350695 0.350695
vt 0.619293 0.619293
vt 0.469713 0.469713
vt 0.718694 0.424637
vt 1.000000 0.462751
vt 0.801557 0.586311
vt 0.254033 0.000000
vt 0.119033 0.119033
vt 0.758508 0.276919
vt 0.761110 0.264182
vt 0.773374 0.257102
vt 0.792564 0.266880
vt 0.796299 0.280817
vt 0.773659 0.293889
vt 0.452986 0.004527
vt 0.450291 0.000676
vt 0.464452 0.000676
vt 0.777370 0.874948
vt 0.751227 0.874948
vt 0.751227 0.756852
vt 0.764771 0.756590
vt 0.777370 0.757021
vt 0.750667 0.874938
vt 0.748275 0.854722
vt 0.742404 0.776961
vt 0.741691 0.757456
vt 0.788724 0.756947
vt 0.797178 0.758146
vt 0.796906 0.833590
vt 0.777370 0.757021
vt 0.907854 0.408439
vt 0.907563 0.518970
vt 0.895732 0.519184
vt 0.893049 0.509847
vt 0.899542 0.408686
vt 0.933746 0.408441
vt 0.933133 0.423286
vt 0.927609 0.502931
vt 0.926054 0.518970
vt 0.916741 0.408135
vt 0.927272 0.408339
vt 0.238471 0.776611
vt 0.241785 0.778525
vt 0.223525 0.775179
vt 0.244844 0.766176
vt 0.256675 0.773007
vt 0.247726 0.781955
vt 0.238471 0.776611
vt 0.265920 0.789021
vt 0.462750 0.462750
vt 0.745967 0.000000
vt 0.823483 0.263209
vt 0.613238 0.613238
vt 0.762840 0.287508
vt 0.759588 0.279818
vt 0.767309 0.297730
s 0
f 1516/2095/1050 1517/2096/1050 1553/2097/1050 1557/2098/1050 1547/2099/1050 1548/2100/1050
f 1517/2096/1051 1516/2101/1051 1560/2102/1051 1572/2103/1051 1550/2104/1051
f 1549/2105/1052 1573/2106/1052 1517/2096/1052 1550/2107/1052
f 1517/2096/1053 1573/2108/1053 1552/2109/1053 1551/2110/1053
f 1554/2111/1054 1517/2096/1054 1551/2112/1054
f 1553/2113/1055 1517/2096/1055 1554/2114/1055
f 1516/2095/1056 1548/2115/1056 1555/2116/1056 1556/2117/1056
f 1557/2118/1057 1558/2119/1057 1574/2120/1057 1547/2121/1057
f 1574/2122/1058 1558/2123/1058 1559/2124/1058
f 1561/2125/1059 1560/2126/1059 1516/2096/1059 1556/2127/1059 1562/2128/1059 1563/2129/1059 1564/2130/1059 1565/2131/1059
f 1566/2132/1060 1561/2133/1060 1565/2134/1060 1544/2095/1060
f 1574/2135/1061 1559/2136/1061 1571/2137/1061 1568/2138/1061 1570/2139/1061
f 1542/2140/1062 1566/2141/1062 1544/2101/1062
s 1
f 1528/2142/1063 1529/2143/1064 1525/2144/1065 1526/2145/1066 1518/2146/1067 1520/2147/1068
f 1527/2148/1069 1525/2149/1065 1529/2150/1064
f 1520/2151/1068 1518/2152/1067 1567/2153/1070 1543/2154/1071 1546/2155/1072
f 1518/2156/1067 1524/2157/1073 1536/2158/1073 1541/2159/1073 1567/2153/1070
f 1534/2160/1074 1531/2161/1074 1521/2162/1074 1520/2151/1068 1546/2163/1072
f 1545/2164/1075 1519/2165/1076 1523/2166/1077 1522/2167/1078 1535/2168/1078
f 1569/2169/1079 1538/2170/1080 1537/2171/1081
f 1539/2172/1082 1519/2165/1076 1545/2173/1075 1569/2174/1079 1537/2171/1081
f 1532/2175/1083 1540/2176/1084 1533/2177/1085
f 1523/2178/1077 1519/2179/1076 1540/2180/1084 1532/2181/1083
f 1540/2180/1084 1519/2179/1076 1539/2182/1082
s 0
f 1568/2183/1086 1542/2184/1086 1544/2185/1086 1570/2186/1086
s 1
f 1530/2187/1087 1528/2188/1063 1520/2189/1068
o Bottle_cell.033
v -0.047495 0.016273 0.000317
v -0.066627 -0.000000 -0.000000
v -0.046790 0.004880 0.004384
v -0.060443 0.003528 0.033336
v -0.046728 0.004918 -0.003883
v -0.058164 -0.000055 -0.031582
v -0.060546 0.006204 -0.032957
v -0.064191 0.003504 0.019347
v -0.064097 0.003436 -0.019701
v -0.046728 0.004918 -0.003883
v -0.058164 -0.000055 -0.031582
v -0.060546 0.006204 -0.032957
v -0.064097 0.003436 -0.019701
v -0.060443 0.003528 0.033336
v -0.064191 0.003504 0.019347
v -0.046790 0.004880 0.004384
v -0.066627 -0.000000 -0.000000
vn 0.8813 0.2063 0.4252
vn 0.9979 0.0645 0.0078
vn 0.8841 0.2239 -0.4103
vn -0.6594 0.7512 0.0313
vn -0.5075 0.8615 0.0162
vn -0.8108 -0.5296 -0.2493
vn -0.6013 -0.7755 -0.1926
vn 0.1402 -0.9892 0.0420
vn 0.2495 -0.9669 0.0538
vn 0.2377 -0.9696 0.0574
vn 0.0651 -0.9935 0.0931
vn -0.7670 -0.6075 0.2066
vt 0.969821 0.116855
vt 0.171370 0.171370
vt 0.000000 0.000000
vt 0.986816 0.146778
vt 0.828431 0.000000
vt 1.000000 0.000000
vt 0.883740 0.026361
vt 1.000000 0.007363
vt 1.000000 1.000000
vt 0.828431 0.828431
vt 1.000000 0.010399
vt 0.009131 0.000000
vt 0.674793 0.559484
vt 0.881509 0.820703
vt 0.987316 0.987316
vt 0.009131 0.009131
vt 0.297725 0.237506
vt 0.794712 0.014404
vt 0.818474 0.003823
vt 0.818099 0.006593
vt 0.764571 0.035985
vt 0.796739 0.057980
vt 0.793616 0.065029
vt 0.765530 0.036944
vt 0.818099 0.006593
vt 0.729884 0.088826
vt 0.743327 0.065542
vt 0.785806 0.068751
vt 0.735425 0.089087
s 0
f 1588/2190/1088 1590/2191/1088 1575/2192/1088
f 1590/2193/1089 1584/2194/1089 1575/2195/1089
f 1585/2196/1090 1586/2197/1090 1575/2198/1090 1584/2199/1090
f 1588/2200/1091 1575/2198/1091 1586/2201/1091
f 1576/2202/1092 1589/2203/1092 1588/2204/1092 1586/2205/1092 1587/2206/1092
s 1
f 1583/2207/1093 1581/2208/1093 1580/2209/1094 1591/2210/1095
f 1579/2211/1096 1577/2212/1097 1591/2213/1095 1580/2214/1094
f 1591/2213/1095 1578/2215/1098 1582/2216/1099
f 1591/2213/1095 1577/2217/1097 1578/2218/1098
o Bottle_cell.034
v -0.017501 0.559470 0.010831
v -0.013602 0.564676 0.022574
v -0.022011 0.558364 0.021756
v -0.012732 0.553696 0.012829
v -0.017779 0.558886 0.025987
v -0.009755 0.560013 0.029162
v -0.015900 0.573302 0.020261
v -0.010325 0.573426 0.014880
v -0.013146 0.566953 0.012176
v -0.023796 0.563354 0.019963
v -0.019479 0.564666 0.016697
v -0.005923 0.556408 0.016795
v -0.007775 0.564679 0.024135
v -0.006208 0.573410 0.017734
v -0.007796 0.573308 0.024114
v -0.022011 0.558364 0.021756
v -0.017779 0.558886 0.025987
v -0.015900 0.573302 0.020261
v -0.010325 0.573426 0.014880
v -0.013146 0.566953 0.012176
v -0.023796 0.563354 0.019963
v -0.019479 0.564666 0.016697
v -0.006208 0.573410 0.017734
v -0.007796 0.573308 0.024114
v -0.007775 0.564679 0.024135
v -0.009755 0.560013 0.029162
v -0.005923 0.556408 0.016795
v -0.012732 0.553696 0.012829
v -0.017501 0.559470 0.010831
vn -0.1835 -0.9365 0.2990
vn 0.0744 -0.9346 0.3479
vn -0.6086 0.5100 -0.6079
vn -0.7882 0.1346 -0.6005
vn -0.6633 -0.6660 -0.3413
vn 0.9644 -0.0183 0.2639
vn -0.4710 0.5609 0.6808
vn -0.4108 0.4566 0.7891
vn -0.4389 0.5295 0.7260
vn -0.2654 0.6842 0.6793
vn -0.3433 0.4031 0.8484
vn -0.3705 0.6523 0.6612
vn -0.4139 0.6356 0.6517
vn -0.2821 0.6977 0.6585
vn 0.3298 0.7872 -0.5212
vn 0.4193 0.6458 -0.6380
vn 0.4857 0.0563 -0.8723
vn 0.5212 0.0206 -0.8532
vn -0.7071 0.0012 0.7071
vn 0.5473 -0.0066 -0.8369
vt 1.000000 0.152699
vt 0.580156 0.000000
vt 1.000000 0.044821
vt 1.000000 0.024188
vt 0.152699 0.152699
vt 0.286939 0.017056
vt 0.391714 0.000000
vt 0.790570 0.078226
vt 1.000000 0.188381
vt 1.000000 0.351270
vt 0.798160 0.246635
vt 0.351270 0.351270
vt 0.188381 0.188381
vt 1.000000 0.000000
vt 1.000000 0.302233
vt 0.851194 0.347533
vt 1.000000 0.123276
vt 0.378613 0.378613
vt 0.059819 0.059819
vt 1.000000 1.000000
vt 0.569938 0.569938
vt 0.434970 0.000000
vt 0.717627 0.309824
vt 0.808071 0.622946
vt 0.887689 0.471885
vt 0.887448 0.485248
vt 0.871529 0.480024
vt 0.105340 0.824715
vt 0.105514 0.834380
vt 0.089501 0.834380
vt 0.089325 0.824680
vt 0.471967 0.880422
vt 0.474633 0.870471
vt 0.490063 0.870471
vt 0.491445 0.880422
vt 0.464933 0.864870
vt 0.460881 0.871597
vt 0.266726 0.813650
vt 0.281178 0.821076
vt 0.266726 0.824810
vt 0.282070 0.822622
vt 0.948741 0.284803
vt 0.946997 0.284748
vt 0.953486 0.251866
vt 0.105514 0.848950
vt 0.105819 0.832082
vt 0.115010 0.836139
vt 0.929673 0.272198
vt 0.934893 0.260964
vt 0.941119 0.249078
vt 0.942664 0.249106
vt 0.936222 0.285578
s 0
f 1608/2219/1100 1607/2220/1100 1619/2221/1100
f 1617/2222/1101 1608/2223/1101 1619/2224/1101 1618/2225/1101
f 1610/2226/1102 1611/2227/1102 1613/2228/1102 1609/2229/1102
f 1613/2230/1103 1611/2231/1103 1620/2232/1103 1607/2233/1103 1612/2234/1103
f 1619/2235/1104 1607/2236/1104 1620/2237/1104
f 1617/2238/1105 1618/2239/1105 1614/2240/1105 1615/2241/1105 1616/2242/1105
s 1
f 1602/2243/1106 1593/2244/1107 1598/2245/1108
f 1606/2246/1109 1598/2247/1108 1593/2248/1107 1604/2249/1110
f 1596/2250/1111 1593/2251/1107 1602/2252/1106 1601/2253/1112
f 1604/2254/1110 1593/2251/1107 1596/2250/1111 1597/2255/1113
f 1606/2256/1109 1605/2257/1114 1598/2258/1108
f 1598/2258/1108 1605/2257/1114 1599/2259/1115
f 1603/2260/1116 1595/2261/1117 1605/2262/1114
f 1596/2263/1111 1601/2264/1112 1594/2265/1118
f 1592/2266/1119 1600/2267/1119 1599/2268/1115 1605/2269/1114 1595/2270/1117
o Bottle_cell.035
v 0.005023 0.367237 0.001099
v 0.007938 0.371142 -0.002937
v 0.001495 0.358671 -0.000906
v 0.065514 0.378716 -0.000661
v 0.056625 0.397260 -0.000693
v 0.045048 0.410974 -0.000717
v 0.047345 0.399949 0.025608
v 0.065173 0.344562 -0.016189
v 0.062445 0.378736 0.010794
v 0.067025 0.370417 0.003966
v 0.068895 0.362552 -0.002326
v 0.043895 0.404704 0.023481
v 0.043486 0.406685 0.018740
v 0.042901 0.409877 0.010816
v 0.049762 0.390623 -0.032580
v 0.050816 0.385603 -0.034803
v 0.056853 0.378660 -0.032985
v 0.062630 0.362511 -0.025708
v 0.060529 0.370358 -0.029505
v 0.043565 0.406005 -0.021783
v 0.048223 0.398327 -0.028537
v 0.043530 0.410984 0.004950
v 0.043511 0.410964 -0.006455
v 0.042722 0.410081 -0.012147
v 0.065173 0.344562 -0.016189
v 0.068895 0.362552 -0.002326
v 0.062445 0.378736 0.010794
v 0.067025 0.370417 0.003966
v 0.047345 0.399949 0.025608
v 0.043895 0.404704 0.023481
v 0.043486 0.406685 0.018740
v 0.042901 0.409877 0.010816
v 0.049762 0.390623 -0.032580
v 0.050816 0.385603 -0.034803
v 0.062630 0.362511 -0.025708
v 0.056853 0.378660 -0.032985
v 0.060529 0.370358 -0.029505
v 0.043565 0.406005 -0.021783
v 0.048223 0.398327 -0.028537
v 0.043511 0.410964 -0.006455
v 0.042722 0.410081 -0.012147
v 0.045048 0.410974 -0.000717
v 0.043530 0.410984 0.004950
vn -0.5044 0.0056 0.8635
vn 0.0416 -0.5946 0.8030
vn -0.5098 0.0151 0.8602
vn -0.7463 0.5888 0.3104
vn -0.7467 0.5960 0.2952
vn -0.7544 0.6509 0.0848
vn -0.8791 0.4164 -0.2321
vn -0.6271 0.2015 -0.7524
vn -0.3038 -0.4796 -0.8232
vn -0.6354 0.2555 -0.7287
vn -0.7399 0.6726 0.0115
vn -0.7437 0.5899 -0.3146
vn 0.9546 0.1926 -0.2271
vn 0.9659 -0.0004 -0.2588
vn 0.9566 0.1796 -0.2295
vn 0.9633 0.2640 -0.0479
vn 0.9413 0.3363 -0.0279
vn 0.8833 0.3958 0.2514
vn 0.9511 0.2194 -0.2175
vn 0.8897 0.3490 -0.2944
vn 0.8460 0.5331 0.0038
vn 0.7948 0.5658 0.2194
vn 0.8180 0.5091 -0.2676
vn 0.6892 0.4283 -0.5845
vn 0.7486 0.6323 0.1995
vn 0.7641 0.6450 -0.0011
vn 0.7486 0.6316 -0.2017
vt 0.369891 0.369891
vt 0.000000 0.000000
vt 1.000000 0.000000
vt 0.402535 0.402535
vt 0.540140 0.000000
vt 0.572940 0.170672
vt 0.555757 0.213301
vt 0.516875 0.272621
vt 0.659688 0.000000
vt 1.000000 0.369891
vt 1.000000 0.663522
vt 1.000000 1.000000
vt 0.659688 0.659688
vt 1.000000 0.628671
vt 0.663522 0.663522
vt 0.644752 0.000000
vt 0.374910 0.000000
vt 1.000000 0.582030
vt 1.000000 0.459860
vt 0.582030 0.582030
vt 0.643915 0.530765
vt 0.726570 0.499508
vt 0.808061 0.481612
vt 0.758409 0.123578
vt 0.625090 0.000000
vt 1.000000 0.318792
vt 0.650759 0.000000
vt 1.000000 0.355248
vt 0.947798 0.306708
vt 0.844770 0.208993
vt 0.746868 0.104562
vt 0.650759 0.650759
vt 1.000000 0.681619
vt 0.303288 0.091889
vt 0.276584 0.125464
vt 0.258346 0.091889
vt 0.306020 0.077255
vt 0.304700 0.061685
vt 0.323766 0.061340
vt 0.250553 0.077255
vt 0.242572 0.061685
vt 0.323766 0.061340
vt 0.300428 0.026775
vt 0.345228 0.025965
vt 0.241904 0.060343
vt 0.246011 0.026775
vt 0.241904 0.060343
vt 0.236434 0.048484
vt 0.239929 0.039082
vt 0.328994 0.008320
vt 0.337686 0.011962
vt 0.294866 0.000678
vt 0.304299 0.000507
vt 0.314512 0.002457
vt 0.246464 0.024653
vt 0.260573 0.008049
vt 0.273248 0.002339
vt 0.283839 0.000678
vt 0.303288 0.091889
s 0
f 1649/2271/1120 1621/2272/1120 1623/2273/1120
f 1649/2274/1121 1623/2272/1121 1645/2275/1121 1646/2276/1121 1648/2277/1121 1647/2278/1121
f 1650/2279/1122 1621/2273/1122 1649/2280/1122
f 1651/2281/1123 1621/2282/1123 1650/2283/1123
f 1652/2284/1124 1621/2282/1124 1651/2285/1124
f 1622/2273/1125 1621/2282/1125 1652/2286/1125
f 1622/2272/1126 1623/2273/1126 1621/2282/1126
f 1622/2272/1127 1653/2287/1127 1654/2288/1127 1623/2282/1127
f 1645/2289/1128 1623/2282/1128 1654/2290/1128 1656/2291/1128 1657/2292/1128 1655/2293/1128
f 1659/2294/1129 1653/2295/1129 1622/2273/1129 1658/2296/1129
f 1661/2297/1130 1622/2273/1130 1652/2298/1130 1663/2299/1130 1662/2300/1130 1660/2301/1130
f 1661/2302/1131 1658/2303/1131 1622/2282/1131
s 1
f 1631/2304/1132 1628/2305/1133 1638/2306/1134
f 1630/2307/1135 1624/2308/1136 1629/2309/1137
f 1624/2308/1136 1630/2307/1135 1639/2310/1138 1637/2311/1139
f 1629/2312/1137 1624/2308/1136 1625/2313/1140 1627/2314/1141
f 1637/2315/1139 1641/2316/1142 1625/2313/1140 1624/2308/1136
f 1641/2316/1142 1637/2317/1139 1636/2318/1143 1635/2319/1143
f 1633/2320/1144 1632/2321/1144 1627/2314/1141 1625/2313/1140 1626/2322/1145 1642/2323/1144 1634/2324/1144
f 1626/2322/1145 1625/2313/1140 1641/2325/1142 1640/2326/1146 1644/2327/1146 1643/2328/1146
f 1630/2307/1135 1631/2329/1132 1638/2306/1134 1639/2310/1138
o Bottle_cell.036
v 0.009874 0.384830 -0.009212
v 0.023559 0.423446 -0.014341
v 0.008881 0.374288 -0.004108
v 0.041496 0.411123 -0.013067
v 0.042264 0.407734 -0.021198
v 0.038857 0.411061 -0.023152
v 0.016844 0.427314 -0.009055
v 0.019043 0.446187 -0.018897
v 0.023559 0.471294 -0.014424
v 0.018581 0.437903 -0.009015
v 0.025050 0.477328 -0.008869
v 0.026182 0.422663 -0.008769
v 0.026059 0.416421 -0.025494
v 0.019144 0.423438 -0.018756
v 0.023559 0.471294 -0.014424
v 0.025050 0.477328 -0.008869
v 0.019043 0.446187 -0.018897
v 0.041496 0.411123 -0.013067
v 0.026182 0.422663 -0.008769
v 0.026059 0.416421 -0.025494
v 0.019144 0.423438 -0.018756
v 0.042264 0.407734 -0.021198
v 0.038857 0.411061 -0.023152
vn 0.7474 -0.5853 0.3145
vn 0.0330 -0.4807 -0.8763
vn -0.0226 -0.4452 -0.8952
vn -0.9829 0.1609 0.0891
vn -0.9772 0.1598 0.1400
vn -0.0070 0.0473 0.9989
vn 0.2681 -0.0031 0.9634
vn -0.0673 -0.4296 -0.9005
vn -0.7018 -0.0075 -0.7123
vn 0.7491 0.4715 -0.4654
vn 0.6019 0.7652 -0.2286
vn 0.4150 0.8089 -0.4164
vn 0.6307 0.4510 -0.6315
vn 0.6129 0.7727 -0.1651
vn 0.8189 0.5064 -0.2702
vn 0.7071 -0.0012 -0.7071
vn 0.9218 0.0087 -0.3876
vn 0.7406 0.6422 -0.1977
vn 0.9364 0.0097 -0.3509
vt 0.659734 0.000000
vt 1.000000 0.000000
vt 1.000000 0.301899
vt 0.331475 0.105882
vt 0.301899 0.301899
vt 0.000000 0.000000
vt 0.377668 0.000000
vt 0.340310 0.340310
vt 1.000000 0.919709
vt 0.636460 0.519186
vt 0.348702 0.000000
vt 0.758152 0.200100
vt 1.000000 0.527702
vt 0.422421 0.422421
vt 0.586173 0.586173
vt 0.476530 0.476530
vt 0.445026 0.060149
vt 0.929817 0.929817
vt 0.438246 0.438246
vt 0.340266 0.000000
vt 1.000000 0.622332
vt 1.000000 1.000000
vt 0.321055 0.321055
vt 0.651298 0.000000
vt 0.405456 0.098047
vt 0.822442 0.378384
vt 0.827462 0.407973
vt 0.811065 0.396323
vt 0.810851 0.378384
vt 0.847039 0.401133
vt 0.830930 0.410061
vt 0.833199 0.374515
vt 0.848794 0.410384
vt 0.858832 0.410565
vt 0.859063 0.452784
vt 0.848794 0.499172
vt 0.270075 0.000678
vt 0.256790 0.006776
vt 0.251894 0.000678
vt 0.837400 0.510863
vt 0.837541 0.410384
s 0
f 1681/2330/1147 1666/2331/1147 1685/2332/1147
f 1669/2333/1148 1685/2334/1148 1666/2335/1148
f 1683/2336/1149 1669/2337/1149 1666/2335/1149
f 1679/2338/1150 1678/2339/1150 1680/2340/1150 1664/2331/1150 1670/2341/1150 1673/2342/1150
f 1664/2335/1151 1666/2331/1151 1670/2343/1151
f 1673/2344/1152 1670/2345/1152 1666/2335/1152 1682/2346/1152 1679/2347/1152
f 1682/2348/1153 1666/2335/1153 1681/2349/1153
f 1664/2335/1154 1683/2350/1154 1666/2351/1154
f 1683/2352/1155 1664/2335/1155 1680/2353/1155 1684/2354/1155
s 1
f 1665/2355/1156 1686/2356/1157 1676/2357/1158 1677/2358/1159
f 1667/2359/1160 1686/2360/1157 1665/2355/1156 1675/2361/1161
f 1665/2362/1156 1677/2363/1159 1671/2364/1162 1672/2365/1163
f 1667/2366/1160 1668/2367/1164 1686/2368/1157
f 1665/2362/1156 1672/2365/1163 1674/2369/1165 1675/2370/1161
o Bottle_cell.037
v -0.046187 0.018178 0.000858
v -0.022503 0.018685 0.039910
v -0.058925 0.008715 0.033842
v -0.029041 0.008671 0.016752
v -0.015391 0.013418 0.026634
v -0.013702 0.008694 0.029847
v -0.017831 0.022793 0.016710
v -0.043510 0.005978 0.000855
v -0.033291 0.008643 0.000891
v -0.023581 0.022443 0.007154
v -0.021446 0.023732 0.012341
v -0.053119 0.064714 0.041534
v -0.052106 0.074149 0.042530
v -0.015266 0.006411 0.038228
v -0.060076 0.077176 0.034554
v -0.063067 0.073283 0.023401
v -0.026041 0.005432 0.036886
v -0.056301 0.000479 0.032504
v -0.060113 0.015655 0.034542
v -0.015391 0.013418 0.026634
v -0.013702 0.008694 0.029847
v -0.017831 0.022793 0.016710
v -0.021446 0.023732 0.012341
v -0.053119 0.064714 0.041534
v -0.052106 0.074149 0.042530
v -0.060076 0.077176 0.034554
v -0.063067 0.073283 0.023401
v -0.026041 0.005432 0.036886
v -0.056301 0.000479 0.032504
v -0.060113 0.015655 0.034542
v -0.015266 0.006411 0.038228
v -0.043510 0.005978 0.000855
v -0.033291 0.008643 0.000891
v -0.023581 0.022443 0.007154
vn 0.8562 0.4550 0.2446
vn 0.0033 0.0010 -1.0000
vn 0.6526 0.6390 -0.4072
vn -0.0901 -0.0950 0.9914
vn 0.7802 0.3934 0.4863
vn 0.6469 0.6492 -0.4001
vn -0.1038 -0.1948 0.9753
vn -0.8931 -0.2054 -0.4003
vn -0.1095 -0.1932 0.9750
vn -0.9138 -0.1213 -0.3877
vn 0.1765 0.3952 -0.9015
vn -0.9193 -0.1196 -0.3749
vn -0.1306 -0.1216 0.9839
vn -0.8629 0.0005 0.5053
vn -0.9659 0.0005 0.2588
vn -0.8661 0.0005 0.4999
vn -0.7079 0.0004 0.7063
vn 0.2141 -0.9689 -0.1243
vn 0.4834 -0.8278 -0.2848
vn 0.3272 -0.8672 -0.3753
vn 0.1634 -0.9673 -0.1940
vn 0.2521 -0.9655 -0.0659
vn 0.5071 -0.8514 -0.1344
vn 0.8420 -0.4904 -0.2248
vn 0.7510 -0.4801 -0.4533
vn 0.6217 -0.4430 -0.6460
vn 0.1176 -0.9635 -0.2404
vt 0.852261 0.559862
vt 0.722880 0.404999
vt 0.346037 0.000000
vt 1.000000 0.000000
vt 1.000000 0.691877
vt 0.160340 0.160340
vt 0.000000 0.000000
vt 0.322640 0.086612
vt 0.748027 0.639457
vt 0.644978 0.644978
vt 1.000000 0.653963
vt 0.968522 0.968522
vt 0.403728 0.000000
vt 1.000000 1.000000
vt 1.000000 0.188765
vt 0.024754 0.000000
vt 0.592524 0.412812
vt 0.288769 0.177696
vt 0.445569 0.445569
vt 1.000000 0.178112
vt 0.131507 0.131507
vt 0.192779 0.192779
vt 0.997682 0.140522
vt 0.720208 0.000000
vt 1.000000 0.604973
vt 0.079615 0.000000
vt 1.000000 0.596272
vt 0.079615 0.079615
vt 0.422034 0.625321
vt 0.443484 0.632561
vt 0.422032 0.738535
vt 0.406213 0.648349
vt 0.403910 0.630677
vt 0.736414 0.093171
vt 0.792860 0.108295
vt 0.792860 0.140521
vt 0.770376 0.138658
vt 0.741704 0.090579
vt 0.800876 0.074535
vt 0.808103 0.081895
vt 0.401906 0.799520
vt 0.400996 0.795075
vt 0.428465 0.790861
vt 0.422075 0.820285
vt 0.402889 0.785505
vt 0.420305 0.766566
vt 0.428970 0.762952
vt 0.400996 0.795075
vt 0.795806 0.145623
vt 0.782755 0.154567
vt 0.775329 0.145219
s 0
f 1707/2371/1166 1706/2372/1166 1708/2373/1166 1711/2374/1166 1717/2375/1166
f 1718/2376/1167 1687/2377/1167 1695/2378/1167
f 1709/2379/1168 1720/2380/1168 1713/2377/1168 1711/2374/1168 1708/2381/1168
f 1688/2374/1169 1711/2382/1169 1710/2383/1169
f 1711/2384/1170 1688/2377/1170 1717/2385/1170
f 1711/2384/1171 1713/2386/1171 1712/2387/1171
f 1714/2388/1172 1717/2389/1172 1688/2377/1172
f 1689/2377/1173 1687/2374/1173 1718/2390/1173 1715/2391/1173
f 1714/2392/1174 1688/2377/1174 1689/2374/1174 1715/2393/1174
f 1713/2374/1175 1687/2384/1175 1689/2377/1175
f 1687/2384/1176 1713/2377/1176 1720/2394/1176 1695/2395/1176
f 1713/2384/1177 1689/2377/1177 1716/2396/1177
f 1689/2377/1178 1688/2374/1178 1710/2397/1178 1716/2398/1178
s 1
f 1701/2399/1179 1702/2400/1180 1705/2401/1181
f 1705/2401/1181 1698/2402/1182 1699/2403/1182 1701/2399/1179
f 1704/2404/1183 1690/2405/1184 1692/2406/1185 1703/2407/1186
f 1690/2405/1184 1704/2408/1183 1694/2409/1187 1719/2410/1188
f 1696/2411/1189 1697/2412/1190 1690/2413/1184 1719/2414/1188
f 1693/2415/1191 1691/2416/1191 1692/2417/1185 1690/2413/1184 1697/2418/1190
f 1692/2419/1185 1700/2420/1192 1703/2421/1186
o Bottle_cell.038
v -0.004837 0.376663 -0.009687
v -0.020923 0.386583 0.003429
v -0.005107 0.372306 -0.003408
v -0.016611 0.381665 0.002225
v -0.003141 0.362684 -0.001331
v -0.037100 0.397790 0.008154
v -0.006471 0.366613 -0.000155
v -0.045049 0.410974 -0.000717
v -0.039013 0.410935 -0.023241
v -0.033303 0.404887 -0.035889
v -0.020889 0.413822 -0.035696
v -0.026052 0.410912 -0.036202
v -0.038618 0.400551 -0.035567
v -0.043853 0.395962 -0.035000
v -0.031897 0.416696 -0.019143
v -0.037504 0.415029 -0.007207
v -0.049168 0.396899 -0.029080
v -0.053925 0.394850 -0.015032
v -0.051633 0.403174 -0.000704
v -0.048083 0.405189 0.006234
v -0.044800 0.409154 0.005985
v -0.040918 0.413866 -0.000722
v -0.033303 0.404887 -0.035889
v -0.026052 0.410912 -0.036202
v -0.020889 0.413822 -0.035696
v -0.038618 0.400551 -0.035567
v -0.049168 0.396899 -0.029080
v -0.053925 0.394850 -0.015032
v -0.043853 0.395962 -0.035000
v -0.051633 0.403174 -0.000704
v -0.048083 0.405189 0.006234
v -0.045049 0.410974 -0.000717
v -0.040918 0.413866 -0.000722
v -0.031897 0.416696 -0.019143
v -0.037504 0.415029 -0.007207
v -0.044800 0.409154 0.005985
vn 0.3305 -0.4412 -0.8343
vn 0.3185 -0.4522 -0.8331
vn 0.9491 0.2383 0.2061
vn 0.3125 -0.4591 -0.8316
vn 0.7160 0.5769 0.3932
vn 0.7023 0.5704 0.4259
vn -0.4591 -0.8436 -0.2786
vn -0.5580 -0.6757 0.4818
vn -0.5370 -0.6610 0.5242
vn 0.6938 0.5693 0.4411
vn 0.6485 0.4119 0.6402
vn 0.5983 0.2846 0.7490
vn 0.5995 0.2839 0.7483
vn -0.2122 -0.4409 0.8721
vn 0.4654 0.5748 0.6731
vn 0.3182 0.0605 0.9461
vn 0.3655 0.4073 0.8370
vn 0.3898 0.1182 0.9133
vn -0.5669 0.8094 -0.1533
vn -0.4974 0.8186 -0.2871
vn -0.6000 0.7214 -0.3457
vn -0.7158 0.6953 -0.0640
vn -0.4150 0.8089 -0.4164
vn -0.4611 0.7574 -0.4623
vn -0.5521 0.6240 -0.5531
vn -0.6724 0.6328 -0.3840
vn -0.7719 0.6324 -0.0649
vn -0.7626 0.6148 -0.2014
vn -0.7486 0.6323 0.1995
vt 1.000000 0.000000
vt 1.000000 0.248874
vt 0.388641 0.098189
vt 0.017134 0.000000
vt 0.248874 0.248874
vt 0.000000 0.000000
vt 0.295814 0.000000
vt 1.000000 1.000000
vt 0.508192 0.168735
vt 1.000000 0.704186
vt 1.000000 0.628783
vt 0.642500 0.642500
vt 0.861325 0.620277
vt 0.608858 0.000000
vt 0.396845 0.237407
vt 0.351287 0.351287
vt 0.437370 0.000000
vt 0.437370 0.437370
vt 0.385568 0.000000
vt 0.416596 0.148123
vt 0.385568 0.385568
vt 0.709871 0.000000
vt 0.608858 0.608858
vt 0.977356 0.265227
vt 0.825771 0.086782
vt 0.756635 0.000000
vt 0.243365 0.000000
vt 1.000000 0.890242
vt 0.749088 0.296193
vt 0.743322 0.311903
vt 0.728586 0.307955
vt 0.750232 0.270463
vt 0.755528 0.277464
vt 0.736037 0.348090
vt 0.728587 0.341984
vt 0.697590 0.736772
vt 0.711848 0.737029
vt 0.696651 0.762951
vt 0.667180 0.762420
vt 0.680328 0.751147
vt 0.690011 0.743038
vt 0.480176 0.015519
vt 0.477012 0.000676
vt 0.514504 0.000000
vt 0.529701 0.025922
vt 0.500500 0.026449
vt 0.480176 0.015519
vt 0.460482 0.008766
vt 0.464879 0.004161
s 0
f 1721/2422/1193 1743/2423/1193 1744/2424/1193 1745/2425/1193
f 1743/2426/1194 1721/2427/1194 1746/2428/1194
f 1723/2427/1195 1725/2422/1195 1721/2429/1195
f 1749/2430/1196 1746/2431/1196 1721/2429/1196 1725/2427/1196
f 1755/2432/1197 1721/2429/1197 1745/2433/1197 1735/2434/1197
f 1755/2435/1198 1723/2422/1198 1721/2429/1198
f 1747/2436/1199 1749/2437/1199 1725/2427/1199 1748/2438/1199
f 1748/2439/1200 1725/2427/1200 1751/2440/1200 1750/2441/1200
f 1726/2422/1201 1751/2442/1201 1725/2427/1201
f 1753/2443/1202 1722/2422/1202 1723/2429/1202 1755/2444/1202
f 1722/2427/1203 1724/2422/1203 1723/2429/1203
f 1724/2427/1204 1727/2422/1204 1723/2429/1204
f 1727/2427/1205 1725/2422/1205 1723/2429/1205
f 1727/2427/1206 1726/2422/1206 1725/2429/1206
f 1722/2422/1207 1753/2445/1207 1752/2446/1207 1756/2447/1207
f 1727/2427/1208 1722/2422/1208 1726/2429/1208
f 1726/2429/1209 1722/2427/1209 1756/2448/1209 1751/2449/1209
f 1727/2427/1210 1724/2422/1210 1722/2429/1210
s 1
f 1736/2450/1211 1754/2451/1212 1729/2452/1213 1728/2453/1214 1742/2454/1211
f 1731/2455/1215 1732/2456/1216 1729/2452/1213 1754/2451/1212
f 1734/2457/1217 1737/2458/1218 1729/2459/1213 1732/2460/1216 1730/2461/1217 1733/2462/1217
f 1739/2463/1219 1728/2464/1214 1729/2465/1213 1737/2466/1218 1738/2467/1220
f 1728/2464/1214 1739/2468/1219 1740/2469/1221 1741/2470/1221
o Bottle_cell.039
v 0.014128 0.017728 0.047319
v 0.035082 0.018047 0.034942
v 0.012315 0.023977 0.021289
v 0.016767 0.008692 0.029026
v 0.034681 0.189336 0.059741
v 0.017962 0.189787 0.064220
v 0.018701 0.055210 0.064268
v 0.035492 0.064030 0.059162
v 0.047454 0.055041 0.047218
v 0.032422 0.006223 0.026267
v 0.050653 0.060545 0.044008
v 0.034058 0.006888 0.021104
v 0.059249 0.075638 0.035384
v 0.059441 0.113026 0.035123
v 0.014055 0.026710 0.009954
v 0.004281 0.028070 0.012957
v 0.059403 0.139924 0.035111
v 0.020231 0.023963 0.013374
v 0.028078 0.008673 0.017715
v 0.006990 0.023979 0.022716
v 0.018411 0.064281 0.064329
v 0.009333 0.008696 0.031018
v 0.012232 0.005995 0.040654
v 0.020773 0.006612 0.035969
v 0.028882 0.006055 0.030729
v 0.035492 0.064030 0.059162
v 0.047454 0.055041 0.047218
v 0.050653 0.060545 0.044008
v 0.059249 0.075638 0.035384
v 0.059441 0.113026 0.035123
v 0.059403 0.139924 0.035111
v 0.020231 0.023963 0.013374
v 0.028078 0.008673 0.017715
v 0.014055 0.026710 0.009954
v 0.004281 0.028070 0.012957
v 0.006990 0.023979 0.022716
v 0.017962 0.189787 0.064220
v 0.018411 0.064281 0.064329
v 0.020773 0.006612 0.035969
v 0.028882 0.006055 0.030729
v 0.034681 0.189336 0.059741
v 0.018701 0.055210 0.064268
v 0.032422 0.006223 0.026267
v 0.034058 0.006888 0.021104
v 0.009333 0.008696 0.031018
v 0.012232 0.005995 0.040654
vn 0.4563 -0.4123 0.7886
vn 0.4673 -0.4153 0.7805
vn 0.8420 -0.4292 0.3268
vn 0.8935 -0.3787 0.2412
vn 0.8961 -0.3771 0.2341
vn 0.5108 -0.0086 -0.8597
vn -0.2601 0.3127 -0.9136
vn 0.4859 -0.0003 -0.8740
vn -0.9638 -0.0029 0.2665
vn -0.9628 -0.0046 0.2701
vn -0.9450 -0.0320 0.3256
vn 0.4472 -0.4940 0.7456
vn 0.4038 0.0001 0.9148
vn 0.5093 0.0005 0.8606
vn 0.7071 0.0013 0.7071
vn 0.2750 -0.0003 0.9615
vn -0.0675 -0.9658 -0.2504
vn -0.1600 -0.7872 -0.5956
vn -0.2806 -0.8285 -0.4846
vn -0.1258 -0.9679 -0.2174
vn -0.1845 -0.9657 -0.1829
vn -0.4048 -0.8206 -0.4034
vn -0.4792 -0.7273 -0.4913
vn -0.3388 -0.7376 -0.5841
vn -0.1938 -0.9364 -0.2926
vn -0.2343 -0.9363 -0.2617
vn -0.1707 -0.7526 -0.6359
vt 0.285865 0.021297
vt 0.230565 0.230565
vt 0.000000 0.000000
vt 1.000000 0.000000
vt 1.000000 0.225793
vt 0.282054 0.282054
vt 0.225793 0.225793
vt 0.356332 0.000000
vt 1.000000 0.112781
vt 1.000000 0.369150
vt 0.377678 0.377678
vt 1.000000 0.088351
vt 0.088598 0.000000
vt 0.439710 0.000000
vt 0.369150 0.369150
vt 0.088351 0.088351
vt 0.439710 0.439710
vt 0.089948 0.000000
vt 0.621095 0.000000
vt 0.166464 0.000000
vt 1.000000 0.323738
vt 0.748555 0.748555
vt 0.160823 0.160823
vt 0.621095 0.621095
vt 0.089948 0.089948
vt 0.255395 0.091116
vt 0.745027 0.154758
vt 1.000000 0.160823
vt 1.000000 0.748556
vt 1.000000 1.000000
vt 0.166465 0.166465
vt 0.602512 0.187776
vt 1.000000 0.162950
vt 0.154100 0.128083
vt 0.149316 0.000000
vt 0.426899 0.000000
vt 1.000000 0.236368
vt 0.426899 0.426899
vt 0.719604 0.000000
vt 0.768352 0.403903
vt 0.754295 0.000000
vt 0.759152 0.759152
vt 0.124402 0.347153
vt 0.126241 0.113014
vt 0.158262 0.103625
vt 0.160712 0.107175
vt 0.180259 0.135764
vt 0.180696 0.205643
vt 0.180611 0.255910
vt 0.095662 0.097508
vt 0.124406 0.114179
vt 0.124402 0.347153
vt 0.092269 0.347981
vt 0.093128 0.113433
vt 0.818083 0.188802
vt 0.824509 0.177399
vt 0.836882 0.184543
vt 0.833032 0.198912
vt 0.861061 0.201467
vt 0.850557 0.202677
vt 0.866579 0.184543
vt 0.869985 0.196839
vt 0.029833 0.849850
vt 0.011835 0.839459
vt 0.025570 0.825725
vt 0.032989 0.837135
vt 0.006718 0.830596
vt 0.025570 0.825725
vt 0.582685 0.765142
vt 0.582222 0.790860
vt 0.554333 0.795138
vt 0.554658 0.777140
vt 0.554333 0.805372
vt 0.578429 0.805182
s 0
f 1782/2471/1222 1798/2472/1222 1757/2473/1222
f 1757/2473/1223 1758/2474/1223 1783/2475/1223 1782/2476/1223
f 1783/2477/1224 1758/2473/1224 1796/2478/1224 1799/2479/1224
f 1784/2480/1225 1783/2481/1225 1799/2482/1225
f 1800/2483/1226 1785/2484/1226 1784/2485/1226 1799/2486/1226
f 1785/2487/1227 1800/2488/1227 1786/2489/1227
f 1791/2490/1228 1793/2474/1228 1797/2491/1228 1787/2492/1228 1790/2493/1228
f 1786/2494/1229 1800/2495/1229 1789/2496/1229 1788/2497/1229 1790/2498/1229 1787/2499/1229
f 1793/2500/1230 1791/2501/1230 1792/2502/1230 1778/2503/1230
f 1793/2500/1231 1778/2504/1231 1802/2505/1231 1794/2506/1231
f 1757/2474/1232 1798/2507/1232 1794/2508/1232 1802/2509/1232
f 1795/2510/1233 1796/2511/1233 1758/2474/1233 1757/2500/1233 1802/2512/1233
s 1
f 1761/2513/1234 1764/2514/1235 1765/2515/1236 1767/2516/1236 1769/2517/1236 1770/2518/1236 1773/2519/1236
f 1763/2520/1237 1764/2521/1235 1761/2522/1234 1762/2523/1237 1777/2524/1237
f 1779/2525/1238 1801/2526/1239 1760/2527/1240 1780/2528/1241
f 1766/2529/1242 1781/2530/1242 1780/2528/1241 1760/2527/1240 1775/2531/1243 1768/2532/1242
f 1774/2533/1244 1759/2534/1245 1772/2535/1246 1771/2536/1247
f 1776/2537/1248 1772/2538/1246 1759/2534/1245
f 1775/2539/1243 1760/2540/1240 1759/2541/1245 1774/2542/1244
f 1776/2543/1248 1759/2541/1245 1760/2540/1240 1801/2544/1239
o Bottle_cell.040
v 0.040026 0.031672 -0.041147
v 0.030404 0.045499 -0.051579
v 0.000570 0.015770 -0.059389
v 0.016767 0.008591 -0.029056
v 0.028021 0.006447 -0.029014
v 0.034884 0.003779 -0.036039
v 0.022322 0.008601 -0.023501
v 0.018653 0.016154 -0.021182
v 0.002680 0.010453 -0.031748
v 0.000612 0.002750 -0.055566
v 0.017543 0.003934 -0.046556
v 0.028029 0.004206 -0.040617
v 0.013520 0.019759 -0.023452
v 0.028021 0.006447 -0.029014
v 0.034884 0.003779 -0.036039
v 0.022322 0.008601 -0.023501
v 0.000612 0.002750 -0.055566
v 0.017543 0.003934 -0.046556
v 0.028029 0.004206 -0.040617
v 0.002680 0.010453 -0.031748
v 0.013520 0.019759 -0.023452
v 0.018653 0.016154 -0.021182
vn 0.7146 -0.0036 0.6996
vn 0.6710 0.0508 0.7397
vn -0.9966 0.0203 0.0800
vn 0.4686 -0.2475 -0.8480
vn 0.4820 -0.2506 -0.8396
vn 0.5277 -0.2462 -0.8130
vn 0.1769 0.6730 0.7181
vn -0.7176 0.6718 0.1840
vn -0.1598 -0.9608 0.2267
vn -0.2926 -0.8256 0.4824
vn -0.1687 -0.8548 0.4908
vn -0.1265 -0.9518 0.2795
vn -0.1845 -0.9650 0.1862
vn -0.4247 -0.7988 0.4261
vn -0.6164 -0.4890 0.6172
vn -0.4353 -0.5017 0.7476
vt 0.660409 0.000000
vt 1.000000 0.000000
vt 1.000000 0.310109
vt 0.455458 0.155934
vt 0.310109 0.310109
vt 0.000000 0.000000
vt 0.510899 0.000000
vt 0.197264 0.000000
vt 0.487203 0.487203
vt 1.000000 0.434175
vt 0.197264 0.197264
vt 0.434175 0.434175
vt 0.427934 0.141976
vt 1.000000 0.339591
vt 0.430293 0.430293
vt 1.000000 0.398441
vt 1.000000 1.000000
vt 0.648071 0.000000
vt 0.648071 0.648071
vt 1.000000 0.537435
vt 0.941297 0.100748
vt 0.913130 0.108295
vt 0.897901 0.081358
vt 0.926737 0.052274
vt 0.937133 0.086331
vt 0.946091 0.122902
vt 0.927854 0.123120
vt 0.913130 0.122880
vt 0.943102 0.107893
vt 0.611116 0.762951
vt 0.610888 0.775581
vt 0.597120 0.778002
vt 0.590677 0.771476
vt 0.400097 0.824388
vt 0.400578 0.850995
vt 0.380140 0.842470
s 0
f 1817/2545/1249 1803/2546/1249 1816/2547/1249
f 1818/2548/1250 1816/2549/1250 1803/2550/1250 1824/2551/1250
f 1819/2552/1251 1822/2553/1251 1805/2550/1251
f 1805/2550/1252 1804/2546/1252 1820/2554/1252 1819/2555/1252
f 1820/2556/1253 1804/2550/1253 1821/2557/1253
f 1804/2550/1254 1803/2546/1254 1817/2558/1254 1821/2559/1254
f 1824/2560/1255 1803/2561/1255 1804/2550/1255 1823/2562/1255
f 1823/2563/1256 1804/2550/1256 1805/2546/1256 1822/2564/1256
s 1
f 1814/2565/1257 1806/2566/1258 1811/2567/1259 1812/2568/1260 1813/2569/1260
f 1808/2570/1261 1807/2571/1261 1809/2572/1262 1806/2566/1258 1814/2573/1257
f 1806/2574/1258 1809/2575/1262 1810/2576/1263 1815/2577/1264
f 1811/2578/1259 1806/2579/1258 1815/2580/1264
o Bottle_cell.041
v -0.001166 0.203198 0.000150
v 0.015397 0.190701 0.061028
v -0.045724 0.190052 -0.044119
v -0.044194 0.198750 0.025375
v -0.003461 0.030893 0.005941
v -0.052492 0.195442 0.041918
v -0.060042 0.195938 0.034368
v -0.050558 0.080515 0.044067
v -0.034683 0.142897 0.059825
v -0.007036 0.189736 0.067148
v -0.034681 0.191604 0.059737
v -0.066980 0.193104 0.008554
v -0.062804 0.195275 0.024133
v -0.054135 0.077614 0.040495
v -0.062063 0.077491 0.027140
v -0.060076 0.080105 0.034549
v -0.017929 0.024306 0.014486
v -0.021820 0.024222 0.007892
v -0.007161 0.028003 0.012354
v -0.000000 0.029444 0.010587
v -0.001208 0.030883 0.000283
v -0.005514 0.030876 -0.003996
v -0.069362 0.191577 -0.000332
v -0.061985 0.189119 -0.027858
v -0.069365 0.142756 -0.000246
v -0.063624 0.081108 0.021308
v -0.011444 0.028478 -0.005959
v -0.016870 0.026982 -0.000047
v -0.052492 0.195442 0.041918
v -0.060042 0.195938 0.034368
v -0.050558 0.080515 0.044067
v -0.034683 0.142897 0.059825
v -0.007036 0.189736 0.067148
v -0.034681 0.191604 0.059737
v -0.062063 0.077491 0.027140
v -0.060076 0.080105 0.034549
v -0.054135 0.077614 0.040495
v -0.017929 0.024306 0.014486
v -0.007161 0.028003 0.012354
v -0.000000 0.029444 0.010587
v -0.001208 0.030883 0.000283
v -0.005514 0.030876 -0.003996
v -0.066980 0.193104 0.008554
v -0.069362 0.191577 -0.000332
v -0.069365 0.142756 -0.000246
v -0.063624 0.081108 0.021308
v -0.061985 0.189119 -0.027858
v -0.011444 0.028478 -0.005959
v -0.016870 0.026982 -0.000047
v -0.062804 0.195275 0.024133
v -0.021820 0.024222 0.007892
vn -0.0880 0.9843 0.1527
vn 0.2631 -0.2987 0.9174
vn 0.0121 0.9796 0.2004
vn 0.0143 0.9802 0.1973
vn -0.1664 0.9806 -0.1037
vn -0.1826 0.9831 -0.0144
vn -0.6652 -0.6301 0.4007
vn -0.6579 -0.6403 0.3965
vn 0.2685 -0.3219 0.9079
vn 0.9698 -0.0081 -0.2437
vn 0.6799 -0.0131 -0.7332
vn -0.1683 0.9778 -0.1249
vn -0.6657 -0.3008 -0.6830
vn -0.6778 -0.3211 -0.6614
vn -0.9998 0.0001 0.0207
vn -0.9659 -0.0004 -0.2588
vn -0.9842 0.0004 0.1772
vn -0.7071 0.0013 0.7071
vn -0.6455 0.0014 0.7637
vn -0.5156 0.0016 0.8568
vn -0.8653 0.0010 0.5012
vn -0.8673 0.0010 0.4978
vn -0.2588 0.0018 0.9659
vn 0.3493 -0.9332 0.0844
vn 0.2312 -0.9719 -0.0431
vn 0.3231 -0.9442 -0.0642
vn 0.0850 -0.9861 -0.1429
vn 0.3092 -0.9378 -0.1580
vn 0.2523 -0.9358 -0.2463
vn 0.3026 -0.9308 -0.2052
vn 0.0311 -0.9614 -0.2732
vn -0.1275 -0.9906 -0.0490
vn -0.9658 0.0006 0.2591
vt 0.228627 0.000000
vt 0.276381 0.276381
vt 0.000000 0.000000
vt 0.025404 0.000000
vt 1.000000 0.000000
vt 1.000000 0.283762
vt 0.585555 0.278698
vt 0.283762 0.283762
vt 1.000000 0.323965
vt 0.704373 0.416330
vt 1.000000 1.000000
vt 1.000000 0.671342
vt 0.645778 0.000000
vt 1.000000 0.771373
vt 0.720491 0.720491
vt 1.000000 0.180869
vt 1.000000 0.844486
vt 0.891862 0.445039
vt 0.017115 0.000000
vt 0.843504 0.174492
vt 1.000000 0.327312
vt 0.844486 0.844486
vt 0.161760 0.000000
vt 1.000000 0.974596
vt 0.986546 0.986546
vt 0.327312 0.327312
vt 0.240478 0.146879
vt 0.158801 0.000000
vt 0.165310 0.105792
vt 0.158801 0.158801
vt 0.164967 0.068324
vt 0.161056 0.000000
vt 0.816046 0.227322
vt 1.000000 0.354222
vt 0.283392 0.000000
vt 0.967572 0.000000
vt 0.658174 0.246288
vt 0.249973 0.249973
vt 1.000000 0.279551
vt 1.000000 0.981603
vt 0.967572 0.967572
vt 0.865911 0.000000
vt 0.927661 0.135488
vt 0.488695 0.411412
vt 0.534520 0.415091
vt 0.488697 0.502651
vt 0.400391 0.618723
vt 0.364307 0.501542
vt 0.364312 0.410517
vt 0.404811 0.404018
vt 0.422038 0.403387
vt 0.422034 0.619848
vt 0.402737 0.626123
vt 0.000019 0.352438
vt 0.000014 0.261413
vt 0.046034 0.348090
vt 0.050088 0.785036
vt 0.040843 0.794712
vt 0.036063 0.776873
vt 0.035082 0.798038
vt 0.021626 0.770162
vt 0.036063 0.776873
vt 0.013874 0.776829
vt 0.031756 0.803799
vt 0.018487 0.800244
vt 0.009501 0.781955
vt 0.018487 0.800244
vt 0.025092 0.812237
vt 0.031756 0.810451
vt 0.034450 0.799132
vt 0.055422 0.801788
vt 0.436282 0.624710
vt 0.422034 0.619848
vt 0.446988 0.404948
vt 0.471611 0.408589
vt 0.488695 0.411412
vt 0.488697 0.502651
vt 0.447480 0.617930
s 0
f 1854/2581/1265 1853/2582/1265 1828/2583/1265
f 1855/2584/1266 1826/2585/1266 1857/2586/1266 1856/2587/1266
f 1857/2588/1267 1826/2583/1267 1828/2585/1267 1853/2589/1267 1858/2590/1267
f 1825/2585/1268 1828/2591/1268 1826/2583/1268
f 1874/2592/1269 1828/2591/1269 1825/2583/1269 1867/2593/1269
f 1854/2594/1270 1828/2591/1270 1874/2595/1270
f 1859/2596/1271 1861/2597/1271 1860/2598/1271
f 1859/2599/1272 1875/2600/1272 1862/2601/1272 1861/2602/1272
f 1864/2603/1273 1826/2585/1273 1855/2604/1273 1861/2605/1273 1862/2606/1273 1863/2607/1273
f 1865/2608/1274 1825/2585/1274 1826/2591/1274 1864/2609/1274
f 1827/2585/1275 1825/2591/1275 1865/2610/1275 1866/2611/1275 1872/2612/1275
f 1868/2613/1276 1867/2614/1276 1825/2591/1276 1827/2583/1276 1871/2615/1276
f 1827/2583/1277 1870/2616/1277 1869/2617/1277 1871/2618/1277
f 1875/2619/1278 1859/2620/1278 1870/2621/1278 1827/2583/1278 1872/2622/1278 1873/2623/1278
s 1
f 1847/2624/1279 1848/2625/1280 1849/2626/1281
f 1832/2627/1282 1833/2628/1283 1835/2629/1284 1830/2630/1282 1831/2631/1285 1840/2632/1286 1838/2633/1282
f 1835/2634/1284 1833/2635/1283 1834/2636/1287
f 1851/2637/1288 1846/2638/1289 1852/2639/1290
f 1846/2638/1289 1829/2640/1291 1842/2641/1292 1852/2642/1290
f 1842/2643/1292 1829/2644/1291 1843/2645/1293 1841/2646/1294
f 1843/2647/1293 1829/2644/1291 1844/2648/1295
f 1844/2649/1295 1829/2640/1291 1846/2650/1289 1845/2651/1296
f 1839/2652/1297 1840/2653/1286 1831/2631/1285 1837/2654/1297 1836/2655/1297 1847/2656/1279 1849/2657/1281 1850/2658/1297
o Bottle_cell.042
v -0.040237 0.030783 -0.041056
v -0.015784 0.030746 -0.055747
v -0.000667 0.016155 -0.059444
v -0.016767 0.008591 -0.029056
v -0.000803 0.004411 -0.049199
v -0.000828 0.002752 -0.055499
v -0.001705 0.008989 -0.032857
v -0.028460 0.006331 -0.029178
v -0.022376 0.008601 -0.023448
v -0.019802 0.014729 -0.021163
v -0.034939 0.003776 -0.035999
v -0.027599 0.004282 -0.040654
v -0.010964 0.003388 -0.050385
v -0.008669 0.014644 -0.027715
v -0.014776 0.015437 -0.025620
v -0.000803 0.004411 -0.049199
v -0.000828 0.002752 -0.055499
v -0.028460 0.006331 -0.029178
v -0.022376 0.008601 -0.023448
v -0.019802 0.014729 -0.021163
v -0.034939 0.003776 -0.035999
v -0.027599 0.004282 -0.040654
v -0.010964 0.003388 -0.050385
v -0.001705 0.008989 -0.032857
v -0.008669 0.014644 -0.027715
v -0.014776 0.015437 -0.025620
vn 0.9999 -0.0123 -0.0008
vn 0.9985 0.0294 0.0469
vn -0.6894 0.0197 0.7241
vn -0.7227 -0.0124 0.6911
vn -0.5056 -0.2536 -0.8247
vn -0.4988 -0.2505 -0.8297
vn -0.4488 -0.2473 -0.8587
vn 0.7051 0.6773 0.2101
vn 0.2599 0.8643 0.4305
vn 0.2821 -0.8253 0.4891
vn 0.4301 -0.7930 0.4314
vn 0.1845 -0.9650 0.1862
vn 0.1425 -0.9651 0.2199
vn 0.0877 -0.9610 0.2625
vn 0.1337 -0.8832 0.4494
vn 0.4333 -0.5017 0.7487
vn 0.2256 -0.4886 0.8429
vn 0.6164 -0.4890 0.6172
vt 1.000000 0.178105
vt 0.798936 0.000000
vt 1.000000 0.000000
vt 0.480108 0.009325
vt 0.178105 0.178105
vt 0.000000 0.000000
vt 1.000000 0.303493
vt 0.691514 0.162740
vt 0.454017 0.000000
vt 0.303493 0.303493
vt 0.333647 0.000000
vt 0.326019 0.000000
vt 0.333647 0.333647
vt 1.000000 0.336718
vt 0.326019 0.326019
vt 1.000000 0.201064
vt 0.336718 0.336718
vt 0.548301 0.000000
vt 1.000000 0.515033
vt 1.000000 1.000000
vt 0.548301 0.548301
vt 1.000000 0.545983
vt 0.757147 0.521580
vt 0.869108 0.064273
vt 0.854383 0.064273
vt 0.853924 0.048758
vt 0.854378 0.031294
vt 0.876597 0.036325
vt 0.916517 0.058779
vt 0.894217 0.078770
vt 0.876597 0.036325
vt 0.904737 0.043880
vt 0.924758 0.050471
vt 0.387604 0.792774
vt 0.400073 0.790861
vt 0.399335 0.819696
vt 0.389043 0.804733
vt 0.389108 0.781621
vt 0.400304 0.778108
vt 0.387604 0.792774
s 0
f 1891/2659/1298 1892/2660/1298 1878/2661/1298
f 1899/2662/1299 1891/2663/1299 1878/2664/1299
f 1876/2661/1300 1893/2665/1300 1894/2666/1300 1895/2667/1300
f 1893/2668/1301 1876/2664/1301 1896/2669/1301
f 1876/2664/1302 1897/2670/1302 1896/2671/1302
f 1876/2664/1303 1877/2661/1303 1898/2672/1303 1897/2673/1303
f 1877/2664/1304 1878/2661/1304 1892/2674/1304 1898/2675/1304
f 1877/2664/1305 1900/2676/1305 1899/2677/1305 1878/2678/1305
f 1900/2679/1306 1877/2664/1306 1876/2661/1306 1895/2680/1306 1901/2681/1306
s 1
f 1879/2682/1307 1884/2683/1308 1883/2684/1309 1886/2685/1309 1887/2686/1310
f 1880/2687/1311 1882/2688/1312 1879/2682/1307 1887/2689/1310 1888/2690/1311 1881/2691/1311
f 1890/2692/1313 1879/2693/1307 1882/2694/1312 1889/2695/1314
f 1885/2696/1315 1884/2697/1308 1879/2693/1307 1890/2698/1313
o Bottle_cell.043
v -0.027848 0.557176 0.005901
v -0.019139 0.559608 0.008915
v -0.027204 0.564635 -0.000985
v -0.032754 0.563317 -0.000983
v -0.018746 0.568414 0.000997
v -0.025502 0.568215 0.005359
v -0.030817 0.558636 -0.008204
v -0.025588 0.564624 -0.007017
v -0.031689 0.558699 0.003000
v -0.029755 0.561920 0.010210
v -0.018290 0.563959 -0.004957
v -0.019420 0.557346 -0.001014
v -0.018093 0.557300 0.003939
v -0.019420 0.557346 -0.001014
v -0.018093 0.557300 0.003939
v -0.027204 0.564635 -0.000985
v -0.025588 0.564624 -0.007017
v -0.025502 0.568215 0.005359
v -0.030817 0.558636 -0.008204
v -0.031689 0.558699 0.003000
v -0.018746 0.568414 0.000997
v -0.019139 0.559608 0.008915
v -0.029755 0.561920 0.010210
v -0.018290 0.563959 -0.004957
vn -0.2902 0.8647 -0.4100
vn -0.3851 0.9169 -0.1048
vn -0.3538 -0.9350 -0.0223
vn 0.3180 0.5532 0.7700
vn -0.2602 -0.7044 0.6603
vn 0.2330 0.7871 -0.5711
vn 0.3790 -0.3761 -0.8455
vn -0.0376 -0.9968 -0.0703
vn 0.0990 -0.8946 0.4359
vn -0.7745 0.5208 -0.3589
vn -0.9023 0.4175 -0.1074
vn -0.5554 0.8136 -0.1724
vn -0.4823 0.7771 -0.4044
vn -0.5938 0.8024 0.0593
vn -0.7920 0.5946 0.1383
vn -0.9835 -0.0928 0.1554
vn 0.9990 -0.0125 0.0421
vn 0.9998 0.0028 0.0217
vn 0.9866 -0.0854 0.1394
vn 0.9981 0.0483 -0.0392
vt 0.742796 0.000000
vt 1.000000 0.090922
vt 0.940717 0.241188
vt 0.528734 0.000000
vt 1.000000 0.093171
vt 0.290771 0.290771
vt 0.000000 0.000000
vt 1.000000 0.000000
vt 0.764894 0.181557
vt 0.291188 0.291188
vt 0.426405 0.000000
vt 1.000000 0.074623
vt 0.591088 0.203045
vt 1.000000 0.291188
vt 0.102985 0.102985
vt 1.000000 0.471266
vt 0.744818 0.000000
vt 0.425771 0.000000
vt 1.000000 1.000000
vt 0.609256 0.609256
vt 0.539800 0.000000
vt 0.609863 0.398297
vt 0.539800 0.539800
vt 0.537766 0.852448
vt 0.530702 0.864684
vt 0.523417 0.857399
vt 0.529213 0.847360
vt 0.509521 0.865422
vt 0.513395 0.874677
vt 0.115445 0.804907
vt 0.106006 0.810200
vt 0.106006 0.790215
vt 0.113653 0.790215
vt 0.114453 0.778183
vt 0.908248 0.258277
vt 0.902004 0.278420
vt 0.902820 0.263870
vt 0.908195 0.278594
vt 0.916762 0.258143
vt 0.924968 0.275094
vt 0.917715 0.278696
s 0
f 1919/2699/1316 1922/2700/1316 1917/2701/1316
f 1922/2702/1317 1918/2703/1317 1917/2704/1317
f 1920/2705/1318 1902/2706/1318 1921/2707/1318
f 1924/2708/1319 1923/2709/1319 1922/2710/1319 1919/2711/1319
f 1902/2705/1320 1923/2706/1320 1924/2712/1320 1921/2713/1320
f 1922/2714/1321 1925/2715/1321 1918/2706/1321
f 1915/2716/1322 1920/2706/1322 1918/2717/1322 1925/2718/1322
f 1916/2719/1323 1902/2706/1323 1920/2717/1323 1915/2720/1323
f 1923/2706/1324 1902/2717/1324 1916/2721/1324
s 1
f 1908/2722/1325 1905/2723/1326 1904/2724/1327 1909/2725/1328
f 1907/2726/1329 1904/2724/1327 1905/2723/1326 1911/2727/1330
f 1910/2728/1331 1911/2729/1330 1905/2730/1326
f 1910/2731/1331 1905/2730/1326 1908/2732/1325
f 1906/2733/1332 1913/2734/1333 1912/2735/1334
f 1913/2736/1333 1906/2737/1332 1903/2738/1335 1914/2739/1335
o Bottle_cell.044
v 0.028443 0.555867 -0.009104
v 0.014141 0.489155 -0.023358
v 0.028365 0.549789 -0.017336
v 0.023559 0.548403 -0.014559
v 0.026377 0.487214 -0.003936
v 0.023559 0.487048 -0.014452
v 0.029730 0.549610 -0.009370
v 0.019048 0.548553 -0.002414
v 0.025676 0.548417 -0.006659
v 0.026039 0.530329 -0.005270
v 0.019505 0.524023 -0.001786
v 0.019778 0.487508 -0.002373
v 0.017471 0.487860 -0.010967
v 0.012877 0.488531 -0.015550
v 0.010608 0.541944 -0.017040
v 0.011084 0.552419 -0.016412
v 0.016950 0.533229 -0.021142
v 0.017947 0.548394 -0.020171
v 0.011375 0.557742 -0.016043
v 0.023121 0.549779 -0.022580
v 0.023823 0.560464 -0.021897
v 0.029130 0.559906 -0.014497
v 0.017722 0.556399 -0.007020
v 0.010650 0.506946 -0.017509
v 0.014916 0.560990 -0.012455
v 0.026873 0.563362 -0.018422
v 0.028443 0.555867 -0.009104
v 0.029730 0.549610 -0.009370
v 0.025676 0.548417 -0.006659
v 0.026039 0.530329 -0.005270
v 0.026377 0.487214 -0.003936
v 0.019048 0.548553 -0.002414
v 0.019505 0.524023 -0.001786
v 0.019778 0.487508 -0.002373
v 0.017471 0.487860 -0.010967
v 0.012877 0.488531 -0.015550
v 0.010608 0.541944 -0.017040
v 0.011084 0.552419 -0.016412
v 0.017947 0.548394 -0.020171
v 0.023121 0.549779 -0.022580
v 0.016950 0.533229 -0.021142
v 0.011375 0.557742 -0.016043
v 0.023823 0.560464 -0.021897
v 0.029130 0.559906 -0.014497
v 0.010650 0.506946 -0.017509
v 0.023559 0.487048 -0.014452
v 0.014141 0.489155 -0.023358
v 0.017722 0.556399 -0.007020
v 0.014916 0.560990 -0.012455
v 0.026873 0.563362 -0.018422
vn -0.0382 -0.9989 0.0260
vn 0.5389 0.0752 0.8390
vn 0.3772 0.0163 0.9260
vn -0.1317 -0.9901 -0.0480
vn -0.4677 0.0741 -0.8808
vn -0.4394 0.0861 -0.8942
vn 0.1490 0.7859 0.6001
vn 0.1878 0.5207 0.8329
vn -0.9762 -0.1361 -0.1688
vn -0.8505 0.0060 -0.5260
vn -0.3700 0.8405 -0.3958
vn -0.3620 0.8473 -0.3886
vn 0.6407 -0.6711 -0.3731
vn 0.8696 -0.0022 -0.4938
vn 0.6977 -0.0039 -0.7164
vn 0.5978 -0.5196 -0.6104
vn 0.9659 -0.0005 -0.2588
vn 0.8217 -0.5261 -0.2192
vn 0.9985 0.0390 -0.0383
vn 0.7365 -0.6731 -0.0670
vn 0.7572 -0.5505 -0.3516
vn 0.9037 0.0324 -0.4270
vn 0.5569 -0.6801 -0.4768
vn 0.7744 0.0257 -0.6322
vn -0.9477 -0.0149 0.3187
vn -0.8405 -0.0128 0.5417
vn -0.8582 -0.0131 0.5131
vn -0.7071 -0.0103 0.7071
vt 0.043451 0.043451
vt 0.000000 0.000000
vt 0.469859 0.004299
vt 0.091286 0.091286
vt 1.000000 0.058907
vt 1.000000 0.338993
vt 0.461055 0.089829
vt 0.338993 0.338993
vt 0.058907 0.058907
vt 0.435007 0.000000
vt 1.000000 0.000000
vt 1.000000 0.212803
vt 1.000000 0.510794
vt 0.870394 0.870394
vt 0.695234 0.404746
vt 0.411228 0.000000
vt 0.641917 0.000000
vt 0.774109 0.000000
vt 1.000000 0.070347
vt 1.000000 0.344215
vt 0.291030 0.144275
vt 0.344215 0.344215
vt 0.070347 0.070347
vt 0.049991 0.000000
vt 0.396016 0.000000
vt 0.433490 0.140875
vt 0.632148 0.087126
vt 1.000000 0.522873
vt 1.000000 1.000000
vt 0.213949 0.162363
vt 0.102175 0.000000
vt 0.522873 0.522873
vt 1.000000 0.123348
vt 0.723275 0.000000
vt 1.000000 0.263579
vt 1.000000 0.225892
vt 0.723275 0.723275
vt 0.396016 0.396016
vt 0.049991 0.049991
vt 1.000000 0.106284
vt 0.805576 0.054385
vt 0.432355 0.432355
vt 0.211085 0.000000
vt 0.848794 0.642257
vt 0.849612 0.528414
vt 0.869447 0.532648
vt 0.863821 0.614392
vt 0.861555 0.642487
vt 0.829657 0.528580
vt 0.848794 0.528406
vt 0.833609 0.642257
vt 0.831002 0.608688
vt 0.145856 0.808169
vt 0.156602 0.807264
vt 0.156602 0.821691
vt 0.137838 0.816200
vt 0.671821 0.762951
vt 0.685590 0.762951
vt 0.682923 0.772903
vt 0.668188 0.772903
vt 0.131608 0.823926
vt 0.133432 0.821691
vt 0.156387 0.833615
vt 0.133150 0.827302
vt 0.697839 0.771617
vt 0.696073 0.780495
vt 0.946025 0.734252
vt 0.947877 0.680842
vt 0.956165 0.674179
vt 0.963229 0.668514
vt 0.963578 0.801302
vt 0.945833 0.801928
vt 0.967953 0.666209
vt 0.975391 0.671879
vt 0.976209 0.681765
vt 0.977598 0.701217
vt 0.978528 0.766148
vt 0.974002 0.800230
s 0
f 1956/2740/1336 1959/2741/1336 1931/2742/1336
f 1953/2743/1337 1952/2741/1337 1957/2744/1337 1955/2745/1337 1954/2746/1337
f 1955/2747/1338 1957/2748/1338 1958/2749/1338 1959/2750/1338 1956/2751/1338
f 1931/2752/1339 1959/2753/1339 1960/2754/1339 1961/2755/1339 1972/2756/1339
f 1972/2741/1340 1962/2757/1340 1963/2758/1340 1966/2759/1340
f 1964/2760/1341 1966/2761/1341 1963/2762/1341 1967/2763/1341 1968/2764/1341 1965/2765/1341
f 1974/2766/1342 1973/2767/1342 1952/2768/1342 1969/2769/1342 1975/2770/1342
f 1973/2771/1343 1957/2772/1343 1952/2768/1343
f 1970/2773/1344 1972/2750/1344 1961/2774/1344
f 1962/2775/1345 1972/2768/1345 1970/2776/1345
f 1968/2777/1346 1967/2778/1346 1974/2779/1346
f 1975/2780/1347 1968/2781/1347 1974/2782/1347
s 1
f 1929/2783/1348 1971/2784/1349 1927/2785/1350 1942/2786/1350 1943/2787/1351
f 1930/2788/1352 1971/2789/1349 1929/2783/1348 1934/2790/1353 1935/2791/1352
f 1926/2792/1354 1932/2793/1355 1928/2794/1356 1947/2795/1357
f 1945/2796/1358 1928/2797/1356 1929/2798/1348 1943/2799/1351
f 1951/2800/1359 1947/2801/1357 1928/2794/1356 1945/2802/1358 1946/2803/1359
f 1929/2798/1348 1928/2797/1356 1932/2804/1355 1934/2805/1353
f 1936/2806/1360 1933/2807/1360 1948/2808/1360 1950/2809/1361 1938/2810/1362 1937/2811/1360
f 1950/2812/1361 1944/2813/1363 1941/2814/1363 1940/2815/1363 1949/2816/1363 1939/2817/1363 1938/2810/1362
o Bottle_cell.045
v 0.028354 0.563505 0.012872
v 0.025096 0.563352 0.018662
v 0.022735 0.556920 0.021035
v 0.030134 0.556851 0.008802
v 0.028365 0.555937 0.015406
v 0.030134 0.556851 0.008802
v 0.028365 0.555937 0.015406
v 0.028354 0.563505 0.012872
v 0.022735 0.556920 0.021035
v 0.025096 0.563352 0.018662
vn -0.8563 0.1037 -0.5059
vn -0.3829 -0.8956 -0.2266
vn 0.9150 0.1293 0.3823
vn 0.8295 0.0674 0.5544
vn 0.8646 0.0903 0.4942
vn 0.7071 0.0012 0.7071
vt 0.000000 0.000000
vt 1.000000 0.121460
vt 0.451707 0.309114
vt 0.299145 0.299145
vt 1.000000 0.000000
vt 0.991181 0.991181
vt 0.975342 0.521339
vt 0.135292 0.774501
vt 0.131209 0.771338
vt 0.131058 0.762956
vt 0.144807 0.762956
vt 0.168397 0.762956
vt 0.182012 0.770388
vt 0.169022 0.775459
s 0
f 1981/2818/1364 1984/2819/1364 1985/2820/1364 1983/2821/1364
f 1984/2822/1365 1981/2823/1365 1982/2824/1365
s 1
f 1979/2825/1366 1976/2826/1366 1977/2827/1367 1980/2828/1368
f 1980/2829/1368 1977/2830/1367 1978/2831/1369
o Bottle_cell.046
v -0.013935 0.489838 0.014403
v -0.016377 0.549867 0.027406
v -0.013602 0.548468 0.022602
v -0.016377 0.557107 0.027393
v -0.021162 0.556322 0.022609
v -0.007105 0.551867 0.016542
v -0.011800 0.551751 0.013797
v -0.007921 0.525985 0.024163
v -0.008359 0.548471 0.024007
v -0.006147 0.496750 0.017569
v -0.006333 0.490331 0.017609
v -0.012951 0.496702 0.013641
v -0.021243 0.549858 0.022540
v -0.017943 0.499519 0.018347
v -0.017333 0.548462 0.018871
v -0.009487 0.555573 0.029242
v -0.009446 0.549870 0.029263
v -0.007663 0.489691 0.024296
v -0.017898 0.489098 0.018410
v -0.013602 0.489152 0.022705
v -0.016377 0.557107 0.027393
v -0.021162 0.556322 0.022609
v -0.007105 0.551867 0.016542
v -0.006147 0.496750 0.017569
v -0.007921 0.525985 0.024163
v -0.008359 0.548471 0.024007
v -0.006333 0.490331 0.017609
v -0.013935 0.489838 0.014403
v -0.012951 0.496702 0.013641
v -0.021243 0.549858 0.022540
v -0.017333 0.548462 0.018871
v -0.011800 0.551751 0.013797
v -0.017943 0.499519 0.018347
v -0.007663 0.489691 0.024296
v -0.009487 0.555573 0.029242
v -0.009446 0.549870 0.029263
v -0.017898 0.489098 0.018410
v -0.013602 0.489152 0.022705
vn 0.2000 0.9383 -0.2822
vn 0.9820 0.0175 0.1882
vn -0.6810 0.0163 -0.7321
vn -0.7104 -0.0073 -0.7038
vn 0.9806 0.0077 0.1959
vn 0.1095 -0.9913 -0.0731
vn 0.0997 -0.9913 -0.0858
vn -0.5071 0.0015 0.8619
vn -0.3714 -0.6684 0.6445
vn -0.5579 -0.6135 0.5590
vn -0.7071 0.0012 0.7071
vn -0.2588 0.0017 0.9659
vn -0.2033 -0.6174 0.7599
vn -0.5081 0.0015 0.8613
vn -0.4107 -0.5690 0.7124
vn -0.2066 -0.6009 0.7721
vn -0.5606 -0.6084 0.5617
vn 0.4425 -0.0172 -0.8966
vn 0.4329 -0.0169 -0.9013
vn 0.5166 -0.0192 -0.8560
vn 0.6810 -0.0163 0.7321
vt 0.785952 0.246798
vt 1.000000 0.000000
vt 1.000000 0.584195
vt 0.846725 0.846725
vt 0.618882 0.618882
vt 0.584195 0.584195
vt 0.000000 0.000000
vt 0.104415 0.000000
vt 0.277773 0.179443
vt 0.459189 0.000000
vt 1.000000 0.111662
vt 0.896709 0.534831
vt 1.000000 0.618882
vt 1.000000 0.846725
vt 0.116656 0.116656
vt 0.122710 0.000000
vt 0.904843 0.636444
vt 0.122710 0.122710
vt 0.038081 0.000000
vt 1.000000 0.540811
vt 0.904101 0.000000
vt 1.000000 0.842402
vt 1.000000 1.000000
vt 0.904101 0.904101
vt 0.834623 0.709361
vt 0.872350 0.000000
vt 1.000000 0.505717
vt 0.728586 0.752734
vt 0.728586 0.642666
vt 0.737069 0.642819
vt 0.738456 0.733660
vt 0.738353 0.752997
vt 0.738042 0.600770
vt 0.737314 0.642508
vt 0.728586 0.642666
vt 0.730695 0.532739
vt 0.738472 0.533415
vt 0.169383 0.838489
vt 0.170531 0.848950
vt 0.157095 0.848950
vt 0.156887 0.837414
vt 0.130766 0.837886
vt 0.130566 0.848950
vt 0.117130 0.848950
vt 0.118769 0.838069
vt 0.682923 0.870470
vt 0.685589 0.880421
vt 0.672814 0.880421
vt 0.673128 0.870470
vt 0.691651 0.865431
vt 0.697125 0.873761
vt 0.946965 0.288700
vt 0.951390 0.289024
vt 0.952660 0.391237
vt 0.952314 0.403150
vt 0.946022 0.403824
vt 0.938048 0.403742
vt 0.937393 0.391317
vt 0.943017 0.288702
s 0
f 2006/2832/1370 2020/2833/1370 2008/2834/1370 2017/2835/1370 2007/2836/1370
f 2008/2837/1371 2020/2838/1371 2021/2839/1371 2011/2840/1371 2010/2841/1371 2012/2833/1371 2009/2842/1371
f 2015/2843/1372 2007/2844/1372 2017/2845/1372 2014/2846/1372 2013/2838/1372 2018/2847/1372 2016/2848/1372
f 2018/2849/1373 2013/2838/1373 2022/2850/1373
f 2010/2851/1374 2019/2852/1374 2012/2833/1374
f 2023/2853/1375 2012/2854/1375 2019/2855/1375
f 2012/2854/1376 2023/2856/1376 2022/2857/1376 2013/2858/1376
s 1
f 2005/2859/1377 1988/2860/1378 2000/2861/1379 1999/2862/1380 2004/2863/1380
f 1993/2864/1381 1994/2865/1382 1988/2866/1378 2005/2867/1377 2003/2868/1381
f 2001/2869/1381 1989/2870/1383 1987/2871/1384 2002/2872/1385
f 1998/2873/1386 1987/2874/1384 1989/2875/1383 1990/2876/1380
f 1988/2877/1378 1987/2878/1384 1998/2879/1386 2000/2880/1379
f 1987/2878/1384 1988/2877/1378 1994/2881/1382 2002/2882/1385
f 1992/2883/1387 1991/2884/1388 1995/2885/1388 1996/2886/1388 1986/2887/1389
f 1986/2888/1389 1997/2889/1390 1992/2890/1387
o Bottle_cell.047
v 0.027287 0.557154 0.007285
v 0.019519 0.557711 0.018510
v 0.015728 0.563645 0.009549
v 0.017739 0.563114 0.004608
v 0.025137 0.569990 0.006717
v 0.023559 0.571282 0.012605
v 0.028618 0.563763 0.007681
v 0.016963 0.557290 0.007785
v 0.011687 0.559942 0.013660
v 0.018033 0.568033 0.018136
v 0.025639 0.564154 0.012796
v 0.020864 0.563952 0.019449
v 0.025137 0.569990 0.006717
v 0.023559 0.571282 0.012605
v 0.028618 0.563763 0.007681
v 0.025639 0.564154 0.012796
v 0.011687 0.559942 0.013660
v 0.015728 0.563645 0.009549
v 0.017739 0.563114 0.004608
v 0.018033 0.568033 0.018136
v 0.016963 0.557290 0.007785
v 0.020864 0.563952 0.019449
vn -0.7412 0.6571 -0.1368
vn -0.6137 0.7397 -0.2760
vn 0.1761 -0.1545 -0.9722
vn -0.1463 -0.9865 0.0735
vn 0.8401 -0.1994 0.5044
vn -0.5192 -0.0438 0.8535
vn 0.7894 -0.2542 0.5588
vn -0.7328 0.0460 -0.6789
vn -0.8386 -0.0118 -0.5446
vn -0.8398 -0.0126 -0.5427
vn 0.8708 0.3886 0.3012
vn 0.7774 0.3062 0.5494
vn 0.7896 0.3817 0.4805
vn 0.6553 0.4294 0.6214
vn 0.6417 0.5991 0.4788
vn -0.9263 -0.0777 -0.3687
vt 1.000000 0.629957
vt 0.290716 0.000000
vt 1.000000 0.267984
vt 0.629957 0.629957
vt 0.267984 0.267984
vt 0.574719 0.208568
vt 1.000000 0.297109
vt 1.000000 0.674459
vt 0.637859 0.000000
vt 1.000000 0.000000
vt 1.000000 0.594606
vt 0.674459 0.674459
vt 0.297109 0.297109
vt 0.000000 0.000000
vt 1.000000 0.616834
vt 0.576899 0.576899
vt 0.400119 0.400119
vt 0.362141 0.000000
vt 0.533490 0.533490
vt 1.000000 0.368468
vt 0.368468 0.368468
vt 0.937127 0.402265
vt 0.990375 0.269402
vt 0.997794 0.266599
vt 0.997902 0.278945
vt 0.881579 0.546868
vt 0.884134 0.556672
vt 0.871844 0.556672
vt 0.871666 0.546829
vt 0.438921 0.808616
vt 0.438921 0.822890
vt 0.433491 0.821122
vt 0.928614 0.660448
vt 0.935284 0.661931
vt 0.928504 0.672794
vt 0.089277 0.775318
vt 0.089501 0.762956
vt 0.101792 0.762956
s 0
f 2041/2891/1391 2040/2892/1391 2043/2893/1391
f 2041/2894/1392 2043/2895/1392 2037/2896/1392 2036/2897/1392 2042/2898/1392
f 2038/2899/1393 2024/2900/1393 2044/2901/1393 2042/2902/1393 2036/2903/1393
f 2024/2904/1394 2025/2900/1394 2040/2905/1394 2044/2906/1394
f 2039/2907/1395 2024/2904/1395 2038/2908/1395
f 2043/2909/1396 2040/2904/1396 2025/2900/1396 2045/2910/1396
f 2045/2911/1397 2025/2904/1397 2024/2900/1397 2039/2912/1397
s 1
f 2032/2913/1398 2026/2914/1399 2031/2915/1400
f 2028/2916/1401 2029/2917/1402 2034/2918/1403 2030/2919/1401
f 2034/2920/1403 2033/2921/1404 2035/2922/1405
f 2026/2923/1399 2027/2924/1406 2031/2925/1400
f 2033/2926/1404 2034/2927/1403 2029/2928/1402
o Bottle_cell.048
v -0.013759 0.358227 -0.003698
v -0.001455 0.359081 0.000442
v -0.056625 0.397260 -0.000693
v -0.057791 0.375245 0.032523
v -0.059790 0.373352 0.027392
v -0.066579 0.375496 -0.000655
v -0.062699 0.374185 -0.016716
v -0.056659 0.389125 -0.015061
v -0.054536 0.397247 -0.008489
v -0.052777 0.401818 -0.000701
v -0.047235 0.405131 0.009598
v -0.047551 0.403091 0.014878
v -0.050394 0.397301 0.022560
v -0.051738 0.390809 0.029189
v -0.057791 0.375245 0.032523
v -0.059790 0.373352 0.027392
v -0.066579 0.375496 -0.000655
v -0.062699 0.374185 -0.016716
v -0.054536 0.397247 -0.008489
v -0.052777 0.401818 -0.000701
v -0.047235 0.405131 0.009598
v -0.047551 0.403091 0.014878
v -0.050394 0.397301 0.022560
v -0.051738 0.390809 0.029189
v -0.056659 0.389125 -0.015061
vn -0.0584 -0.9290 0.3654
vn -0.3106 -0.9505 0.0025
vn 0.2579 0.0027 -0.9662
vn 0.3124 0.0857 -0.9461
vn 0.5916 0.6441 -0.4850
vn 0.6434 0.4777 0.5982
vn -0.9201 0.3047 0.2460
vn -0.8923 0.3843 0.2370
vn -0.9118 0.4106 -0.0002
vn -0.8861 0.3993 -0.2354
vn -0.8518 0.5239 -0.0007
vn -0.8584 0.4592 -0.2287
vn -0.8845 0.4032 0.2346
vn -0.8538 0.4686 0.2267
vn -0.7624 0.6437 0.0672
vn -0.7486 0.6323 0.1995
vn 0.4936 -0.0057 0.8697
vt 0.479342 0.000000
vt 1.000000 0.562541
vt 1.000000 1.000000
vt 0.000000 0.000000
vt 0.562541 0.562541
vt 0.827448 0.500710
vt 1.000000 0.538690
vt 0.670234 0.551287
vt 1.000000 0.594077
vt 0.546574 0.000000
vt 1.000000 0.000000
vt 0.776607 0.201793
vt 0.968487 0.000000
vt 0.546574 0.546574
vt 0.641221 0.393717
vt 0.608930 0.608930
vt 0.782633 0.584982
vt 1.000000 0.575018
vt 0.433807 0.071825
vt 0.423887 0.061681
vt 0.487358 0.067716
vt 0.508382 0.041607
vt 0.512934 0.061210
vt 0.486846 0.061681
vt 0.482575 0.026772
vt 0.495550 0.026538
vt 0.426660 0.039014
vt 0.437882 0.026772
vt 0.480726 0.018098
vt 0.459583 0.011829
vt 0.480726 0.018098
vt 0.456425 0.010993
vt 1.000000 0.520658
vt 0.575018 0.575018
s 0
f 2060/2929/1407 2061/2930/1407 2046/2931/1407 2047/2932/1407
f 2046/2931/1408 2061/2933/1408 2062/2934/1408 2063/2935/1408
f 2046/2931/1409 2063/2936/1409 2070/2937/1409
f 2070/2938/1410 2047/2939/1410 2046/2931/1410
f 2065/2940/1411 2066/2941/1411 2067/2939/1411 2047/2931/1411 2070/2942/1411 2064/2943/1411
f 2047/2931/1412 2067/2944/1412 2068/2945/1412 2069/2946/1412
s 1
f 2050/2947/1413 2049/2948/1414 2051/2949/1415
f 2053/2950/1416 2052/2951/1416 2051/2952/1415 2048/2953/1417 2054/2954/1418
f 2049/2948/1414 2059/2955/1419 2058/2956/1420 2048/2953/1417 2051/2952/1415
f 2054/2954/1418 2048/2953/1417 2055/2957/1421
f 2056/2958/1422 2055/2959/1421 2048/2953/1417 2058/2956/1420 2057/2960/1422
s 0
f 2060/2961/1423 2047/2931/1423 2069/2962/1423
o Bottle_cell.049
v -0.000163 0.359754 0.002726
v 0.003694 0.367561 0.002756
v 0.028312 0.397346 0.048345
v 0.040752 0.380964 0.046659
v 0.046939 0.397313 0.029718
v 0.042892 0.404820 0.025087
v 0.021368 0.413608 0.034429
v 0.029352 0.411030 0.031467
v 0.015748 0.380695 0.059732
v 0.031996 0.381987 0.054752
v 0.005511 0.388007 0.058956
v 0.010853 0.397354 0.053023
v 0.019410 0.411044 0.039130
v 0.040752 0.380964 0.046659
v 0.046939 0.397313 0.029718
v 0.021368 0.413608 0.034429
v 0.029352 0.411030 0.031467
v 0.042892 0.404820 0.025087
v 0.031996 0.381987 0.054752
v 0.015748 0.380695 0.059732
v 0.005511 0.388007 0.058956
v 0.010853 0.397354 0.053023
v 0.019410 0.411044 0.039130
vn 0.6983 -0.6253 -0.3484
vn 0.6495 -0.3182 -0.6906
vn 0.5994 -0.1606 -0.7842
vn -0.1059 0.5908 -0.7998
vn 0.1663 -0.9397 0.2988
vn -0.5486 -0.7236 0.4189
vn -0.8937 0.4306 -0.1262
vn -0.8891 0.4365 -0.1376
vn 0.4357 0.7015 0.5640
vn 0.4120 0.6641 0.6239
vn 0.5096 0.6548 0.5581
vn 0.2349 0.4217 0.8758
vn 0.4515 0.4336 0.7798
vn 0.4249 0.5380 0.7280
vn 0.2256 0.4913 0.8412
vn 0.6417 0.4213 0.6409
vn 0.5666 0.5748 0.5904
vn 0.5207 0.6472 0.5568
vt 1.000000 0.000000
vt 0.986309 0.380768
vt 0.622253 0.000000
vt 0.394058 0.394058
vt 0.000000 0.000000
vt 0.338282 0.000000
vt 0.366631 0.366631
vt 0.388663 0.121927
vt 0.338282 0.338282
vt 0.408867 0.000000
vt 1.000000 0.377746
vt 0.785680 0.232531
vt 0.510952 0.000000
vt 1.000000 1.000000
vt 0.510952 0.510952
vt 1.000000 0.518373
vt 1.000000 0.561657
vt 0.518373 0.518373
vt 0.669601 0.518323
vt 0.575732 0.273975
vt 0.591133 0.000000
vt 0.883566 0.311508
vt 0.890153 0.307954
vt 0.890153 0.325882
vt 0.090294 0.704796
vt 0.121822 0.707246
vt 0.118282 0.736180
vt 0.084725 0.736180
vt 0.072304 0.718565
vt 0.106735 0.762278
vt 0.141413 0.705696
vt 0.160635 0.736946
vt 0.128246 0.762559
vt 0.112720 0.762278
vt 0.160526 0.742321
vt 0.155596 0.751211
s 0
f 2071/2963/1424 2085/2964/1424 2084/2965/1424
f 2072/2963/1425 2085/2966/1425 2071/2967/1425
f 2088/2968/1426 2085/2969/1426 2072/2967/1426
f 2087/2970/1427 2088/2971/1427 2072/2967/1427 2086/2972/1427
f 2071/2963/1428 2084/2973/1428 2089/2974/1428 2090/2975/1428
f 2071/2976/1429 2090/2977/1429 2091/2978/1429
f 2093/2979/1430 2071/2976/1430 2091/2980/1430 2092/2981/1430
f 2093/2982/1431 2086/2983/1431 2072/2963/1431 2071/2976/1431
s 1
f 2077/2984/1432 2083/2985/1433 2078/2986/1434
f 2079/2987/1435 2080/2988/1436 2073/2989/1437 2082/2990/1438 2081/2991/1435
f 2082/2990/1438 2073/2989/1437 2083/2992/1433
f 2073/2989/1437 2080/2988/1436 2074/2993/1439 2075/2994/1440
f 2078/2995/1434 2083/2996/1433 2073/2989/1437 2075/2997/1440 2076/2998/1441
o Bottle_cell.050
v -0.015980 0.357754 -0.005402
v -0.012531 0.357204 -0.011724
v -0.043754 0.200274 0.023699
v -0.001071 0.352405 -0.000623
v -0.001062 0.204701 -0.001186
v -0.060058 0.362495 -0.035307
v -0.067965 0.259454 0.004742
v -0.063985 0.196517 0.019724
v -0.069362 0.193364 -0.000335
v -0.061220 0.191248 -0.030716
v -0.018346 0.195566 -0.064785
v -0.018370 0.212096 -0.064806
v -0.063704 0.367938 -0.018911
v -0.069355 0.281029 -0.000489
v -0.064717 0.362525 -0.017920
v -0.047347 0.191740 -0.047735
v -0.034681 0.192953 -0.060404
v -0.047744 0.362473 -0.047621
v -0.034678 0.279292 -0.060550
v -0.051328 0.369390 -0.042743
v -0.059168 0.369922 -0.034806
v -0.063985 0.196517 0.019724
v -0.069362 0.193364 -0.000335
v -0.061220 0.191248 -0.030716
v -0.018346 0.195566 -0.064785
v -0.018370 0.212096 -0.064806
v -0.069355 0.281029 -0.000489
v -0.064717 0.362525 -0.017920
v -0.067965 0.259454 0.004742
v -0.063704 0.367938 -0.018911
v -0.047744 0.362473 -0.047621
v -0.034678 0.279292 -0.060550
v -0.051328 0.369390 -0.042743
v -0.059168 0.369922 -0.034806
v -0.047347 0.191740 -0.047735
v -0.034681 0.192953 -0.060404
vn 0.5038 -0.0033 0.8638
vn -0.2222 0.2138 0.9513
vn 0.1636 -0.9804 0.1101
vn 0.1651 -0.9803 0.1088
vn 0.1825 -0.9790 0.0907
vn 0.9650 0.0011 -0.2624
vn 0.7242 0.2110 -0.6565
vn 0.3114 0.9462 0.0876
vn -0.2157 0.2434 0.9456
vn -0.2239 0.2160 0.9504
vn 0.7106 0.2395 -0.6615
vn 0.2577 0.9646 0.0566
vn 0.1728 0.9736 0.1491
vn -0.2588 -0.0016 -0.9659
vn -0.5321 -0.0034 -0.8467
vn -0.7013 -0.0045 -0.7128
vn -0.8673 0.0661 -0.4933
vn -0.8746 -0.0026 -0.4849
vn -0.9998 -0.0000 -0.0188
vn -0.9753 -0.0003 -0.2211
vn -0.9643 0.0568 -0.2585
vn -0.9659 0.0005 0.2588
vn -0.9574 0.1321 -0.2568
vn -0.8545 0.1363 -0.5012
vn -0.7009 0.1313 -0.7011
vn -0.7223 0.0396 -0.6904
vn -0.7303 -0.0046 -0.6831
vt 0.000000 0.000000
vt 1.000000 0.000000
vt 1.000000 1.000000
vt 1.000000 0.733510
vt 0.564163 0.000000
vt 0.664815 0.664815
vt 0.583376 0.310869
vt 0.731113 0.000000
vt 0.561469 0.000000
vt 1.000000 0.113172
vt 0.113172 0.113172
vt 0.111995 0.000000
vt 0.136934 0.000000
vt 1.000000 0.472330
vt 0.879064 0.424242
vt 1.000000 0.435837
vt 0.472329 0.472329
vt 0.492938 0.463766
vt 0.666715 0.000000
vt 1.000000 0.863066
vt 0.831408 0.514391
vt 0.673346 0.037060
vt 0.658284 0.000000
vt 0.658284 0.658284
vt 0.786514 0.583176
vt 1.000000 0.541784
vt 0.639446 0.359204
vt 0.670841 0.354306
vt 0.670838 0.515661
vt 0.639493 0.390096
vt 0.546405 0.090843
vt 0.539270 0.411017
vt 0.488695 0.408074
vt 0.488692 0.244243
vt 0.517463 0.091365
vt 0.450076 0.401514
vt 0.478711 0.284580
vt 0.488692 0.244243
vt 0.488695 0.408074
vt 0.518981 0.079650
vt 0.545055 0.077021
vt 0.702057 0.683303
vt 0.700552 0.671604
vt 0.728551 0.672108
vt 0.727201 0.685931
vt 0.670841 0.354306
vt 0.699642 0.352517
vt 0.728568 0.351800
vt 0.670838 0.515661
s 0
f 2098/2999/1442 2097/3000/1442 2096/3001/1442
f 2115/3002/1443 2096/3001/1443 2097/2999/1443 2122/3003/1443
f 2128/3000/1444 2096/3001/1444 2115/3004/1444 2116/3005/1444 2117/3006/1444
f 2128/2999/1445 2098/3000/1445 2096/3001/1445
f 2098/3001/1446 2128/2999/1446 2110/3007/1446 2118/3008/1446
f 2097/3000/1447 2098/3001/1447 2118/3009/1447 2119/3010/1447
f 2095/3000/1448 2097/3001/1448 2119/3011/1448
f 2095/2999/1449 2094/3000/1449 2097/3001/1449
f 2097/3001/1450 2094/2999/1450 2123/3012/1450
f 2120/3013/1451 2122/3014/1451 2097/3001/1451 2123/3015/1451 2121/3016/1451
f 2126/3017/1452 2095/3000/1452 2119/3018/1452 2125/3019/1452 2124/3020/1452
f 2094/3000/1453 2095/3001/1453 2126/3021/1453
f 2094/3001/1454 2126/3022/1454 2127/3023/1454 2123/3024/1454
s 1
f 2104/3025/1455 2129/3026/1456 2112/3027/1457 2105/3028/1455
f 2099/3029/1458 2103/3030/1459 2102/3031/1460 2107/3032/1461 2108/3033/1462
f 2101/3034/1463 2100/3035/1463 2107/3036/1461 2102/3037/1460
f 2099/3029/1458 2108/3033/1462 2106/3038/1464 2114/3039/1465
f 2113/3040/1466 2111/3041/1467 2099/3042/1458 2114/3043/1465
f 2129/3044/1456 2109/3045/1468 2103/3046/1459 2099/3042/1458 2111/3041/1467 2112/3047/1457
o Bottle_cell.051
v 0.004326 0.394395 0.013838
v -0.005454 0.404246 0.020621
v -0.006600 0.406464 -0.004004
v -0.016105 0.386521 0.004987
v -0.003730 0.373630 -0.001981
v -0.000903 0.362799 -0.000237
v 0.002526 0.369302 0.003108
v -0.012853 0.380581 0.002986
v -0.010460 0.427791 0.017378
v -0.007052 0.426190 0.011478
v 0.007092 0.426181 0.006082
v -0.005185 0.426165 -0.002992
v -0.001373 0.426193 0.012999
v -0.013602 0.426806 0.022814
v -0.014966 0.421746 0.024909
v -0.010379 0.442172 0.017198
v -0.018660 0.474074 0.017673
v -0.013988 0.479001 0.012924
v -0.024734 0.420005 0.018519
v -0.020954 0.432816 0.015452
v -0.012544 0.426179 0.005084
v -0.017227 0.427780 0.010611
v -0.021410 0.423497 0.015012
v 0.007092 0.426181 0.006082
v -0.001373 0.426193 0.012999
v -0.010379 0.442172 0.017198
v -0.013988 0.479001 0.012924
v -0.013602 0.426806 0.022814
v -0.018660 0.474074 0.017673
v -0.014966 0.421746 0.024909
v -0.024734 0.420005 0.018519
v -0.020954 0.432816 0.015452
v -0.017227 0.427780 0.010611
v -0.021410 0.423497 0.015012
v -0.010460 0.427791 0.017378
v -0.007052 0.426190 0.011478
v -0.005185 0.426165 -0.002992
v -0.012544 0.426179 0.005084
vn 0.6484 0.1268 0.7507
vn 0.9964 -0.0812 0.0226
vn 0.7187 -0.0214 -0.6950
vn 0.5868 0.0067 -0.8097
vn 0.5944 -0.0014 -0.8042
vn 0.3453 0.2500 0.9046
vn -0.4387 -0.4316 0.7882
vn -0.4214 -0.4442 0.7907
vn -0.0156 -0.4508 0.8925
vn 0.2186 -0.3969 0.8915
vn -0.6581 -0.5378 0.5269
vn -0.6145 -0.2792 -0.7379
vn 0.4969 -0.0100 -0.8678
vn -0.7466 0.0794 -0.6605
vn -0.5326 -0.0984 -0.8406
vn -0.6084 -0.0666 -0.7909
vn -0.7569 0.0677 -0.6500
vn -0.4150 0.8104 0.4136
vn -0.6844 0.2888 0.6694
vn -0.6469 0.4230 0.6345
vn -0.7157 0.0456 0.6969
vn 0.7071 -0.0128 -0.7070
vn 0.5886 0.5601 -0.5830
vn 0.5418 0.6480 -0.5353
vn 0.0758 0.9945 -0.0724
vn 0.0712 0.9951 -0.0680
vn -0.0000 1.0000 -0.0017
vn 0.7242 0.1693 0.6684
vt 0.911397 0.911397
vt 0.000000 0.000000
vt 1.000000 0.000000
vt 0.937087 0.937087
vt 0.963820 0.963820
vt 0.967409 0.967409
vt 0.902220 0.902220
vt 0.239431 0.000000
vt 0.732182 0.000000
vt 1.000000 0.911397
vt 0.805542 0.229167
vt 1.000000 1.000000
vt 0.671306 0.671306
vt 0.528173 0.000000
vt 0.483523 0.483523
vt 0.535756 0.000000
vt 0.694871 0.000000
vt 0.616439 0.595153
vt 0.780278 0.676550
vt 1.000000 0.759681
vt 1.000000 0.483523
vt 0.471827 0.000000
vt 0.728400 0.288416
vt 0.802175 0.271858
vt 0.822442 0.280817
vt 0.801943 0.280817
vt 0.728586 0.874540
vt 0.728586 0.868424
vt 0.740088 0.780904
vt 0.745303 0.857550
vt 0.746339 0.874860
vt 0.944838 0.492606
vt 0.945077 0.519285
vt 0.929691 0.519007
vt 0.935554 0.424114
vt 0.235989 0.775179
vt 0.222437 0.775179
vt 0.249046 0.816697
vt 0.236318 0.825568
vt 0.253706 0.808625
vt 0.266726 0.810520
vt 0.254503 0.807245
vt 0.260098 0.792193
vt 0.266726 0.792754
vt 0.305129 0.000000
vt 0.464244 0.000000
vt 0.910928 0.628055
vt 1.000000 0.671306
vt 0.727888 0.727888
vt 0.777160 0.687319
vt 0.660353 0.485159
s 0
f 2153/3048/1469 2131/3049/1469 2130/3050/1469
f 2153/3051/1470 2130/3049/1470 2136/3050/1470
f 2136/3049/1471 2135/3050/1471 2153/3052/1471
f 2132/3050/1472 2153/3053/1472 2135/3049/1472
f 2153/3054/1473 2132/3049/1473 2166/3055/1473
f 2165/3056/1474 2131/3050/1474 2153/3057/1474 2154/3058/1474
f 2133/3050/1475 2131/3059/1475 2159/3060/1475 2160/3061/1475
f 2133/3049/1476 2135/3050/1476 2131/3059/1476
f 2135/3049/1477 2136/3050/1477 2131/3059/1477
f 2136/3049/1478 2130/3050/1478 2131/3059/1478
f 2133/3049/1479 2137/3050/1479 2135/3059/1479
f 2137/3049/1480 2134/3050/1480 2135/3059/1480
f 2134/3049/1481 2132/3050/1481 2135/3059/1481
f 2132/3059/1482 2161/3062/1482 2158/3063/1482 2147/3064/1482 2162/3065/1482 2167/3066/1482 2166/3067/1482
f 2134/3049/1483 2137/3050/1483 2132/3059/1483
f 2137/3049/1484 2133/3050/1484 2132/3059/1484
f 2161/3068/1485 2132/3059/1485 2133/3049/1485 2160/3069/1485 2163/3070/1485
s 1
f 2148/3071/1486 2144/3072/1487 2152/3073/1488
f 2144/3074/1487 2157/3075/1489 2146/3076/1489 2149/3077/1489 2152/3078/1488
f 2155/3079/1490 2164/3080/1491 2151/3081/1492 2156/3082/1490
f 2150/3083/1493 2139/3084/1494 2142/3085/1495 2140/3086/1495 2141/3087/1495
f 2164/3088/1491 2139/3089/1494 2150/3090/1493 2151/3091/1492
s 0
f 2147/3092/1496 2158/3093/1496 2143/3094/1496 2159/3095/1496 2131/3059/1496 2165/3096/1496 2138/3097/1496 2145/3098/1496
o Bottle_cell.052
v -0.002062 0.353120 -0.005887
v -0.024311 0.362769 -0.026519
v -0.034675 0.362450 -0.060690
v -0.034131 0.370306 -0.059763
v -0.046463 0.367985 -0.047870
v -0.046117 0.362470 -0.049249
v -0.034677 0.288965 -0.060566
v -0.018201 0.220873 -0.064866
v -0.017842 0.371970 -0.063577
v -0.018256 0.362443 -0.065090
v -0.027611 0.372869 -0.060666
v -0.034677 0.288965 -0.060566
v -0.018201 0.220873 -0.064866
v -0.046117 0.362470 -0.049249
v -0.018256 0.362443 -0.065090
v -0.017842 0.371970 -0.063577
v -0.027611 0.372869 -0.060666
v -0.046463 0.367985 -0.047870
v -0.034131 0.370306 -0.059763
vn -0.7037 -0.1287 0.6987
vn -0.7079 -0.2138 0.6731
vn 0.9646 -0.0000 -0.2639
vn 0.1663 0.9498 0.2649
vn -0.0846 0.9661 0.2440
vn -0.2926 -0.0016 -0.9562
vn -0.4971 0.0710 -0.8648
vn -0.2541 0.0734 -0.9644
vn -0.2588 -0.0016 -0.9659
vn -0.7051 0.0744 -0.7052
vn -0.2481 0.1665 -0.9543
vn -0.4556 0.1592 -0.8758
vn -0.2465 0.3027 -0.9206
vn -0.7009 0.1313 -0.7011
vt 0.000000 0.000000
vt 1.000000 0.621529
vt 1.000000 1.000000
vt 1.000000 0.168672
vt 0.623199 0.623199
vt 0.626615 0.613267
vt 0.795228 0.352384
vt 1.000000 0.496146
vt 0.168672 0.168672
vt 0.945015 0.462022
vt 0.636221 0.000000
vt 1.000000 0.000000
vt 0.496146 0.496146
vt 0.727844 0.654892
vt 1.000000 0.774629
vt 0.636221 0.636221
vt 0.670838 0.533737
vt 0.670835 0.671068
vt 0.639279 0.671068
vt 0.639168 0.406499
vt 0.696851 0.671537
vt 0.639274 0.685703
vt 0.669820 0.691512
vt 0.658188 0.690510
vt 0.670313 0.685703
vt 0.696851 0.671537
vt 0.697924 0.686200
s 0
f 2169/3099/1497 2185/3100/1497 2168/3101/1497
f 2180/3102/1498 2168/3101/1498 2185/3103/1498 2181/3104/1498 2179/3105/1498
f 2183/3106/1499 2168/3101/1499 2180/3107/1499 2182/3108/1499
f 2184/3109/1500 2169/3110/1500 2168/3101/1500 2183/3111/1500
f 2171/3112/1501 2185/3113/1501 2169/3101/1501 2184/3114/1501
s 1
f 2174/3115/1502 2170/3116/1503 2177/3117/1504 2175/3118/1505
f 2173/3119/1506 2170/3116/1503 2174/3115/1502
f 2176/3120/1507 2186/3121/1508 2178/3122/1509
f 2186/3123/1508 2170/3116/1503 2173/3124/1506 2172/3125/1510
f 2170/3116/1503 2186/3123/1508 2176/3120/1507 2177/3117/1504
o Bottle_cell.053
v -0.008511 0.406449 -0.005071
v -0.012009 0.398106 -0.023872
v -0.005997 0.388239 -0.017299
v -0.017164 0.386843 0.003287
v -0.005607 0.376318 -0.004157
v -0.005407 0.383844 -0.013457
v -0.023559 0.423446 -0.014341
v -0.035520 0.416268 -0.008004
v -0.037755 0.415828 -0.002063
v -0.030745 0.417629 -0.018479
v -0.027229 0.416818 -0.023559
v -0.020590 0.415397 -0.032933
v -0.018306 0.423492 -0.019595
v -0.023654 0.444503 -0.014025
v -0.025611 0.423452 -0.006720
v -0.018509 0.427744 -0.009734
v -0.033207 0.418685 -0.003802
v -0.035520 0.416268 -0.008004
v -0.037755 0.415828 -0.002063
v -0.030745 0.417629 -0.018479
v -0.027229 0.416818 -0.023559
v -0.020590 0.415397 -0.032933
v -0.025611 0.423452 -0.006720
v -0.033207 0.418685 -0.003802
v -0.018306 0.423492 -0.019595
v -0.023654 0.444503 -0.014025
vn -0.5499 -0.6434 -0.5325
vn -0.3053 -0.6497 -0.6962
vn 0.9908 0.1351 0.0026
vn 0.9900 0.0985 0.1009
vn 0.5910 0.0813 0.8026
vn -0.7425 -0.5870 -0.3227
vn -0.7140 -0.5736 -0.4015
vn -0.7090 -0.5697 -0.4157
vn 0.7808 0.0617 -0.6217
vn 0.8974 0.2918 -0.3308
vn 0.9255 0.3211 -0.2007
vn 0.2115 0.3028 0.9293
vn 0.1743 0.2969 0.9389
vn 0.1731 0.2964 0.9393
vn -0.7942 0.5686 -0.2143
vn -0.7505 0.4972 -0.4354
vn -0.4977 0.8178 -0.2888
vn -0.5669 0.8094 -0.1533
vn -0.4179 0.8075 -0.4163
vn -0.5827 0.5678 -0.5815
vn -0.8700 0.0035 -0.4931
vt 0.000000 0.000000
vt 1.000000 0.000000
vt 1.000000 1.000000
vt 0.302498 0.000000
vt 1.000000 0.624334
vt 0.623143 0.623143
vt 0.706479 0.252296
vt 0.780484 0.000000
vt 0.780484 0.780484
vt 1.000000 0.797454
vt 0.708515 0.000000
vt 1.000000 0.636682
vt 0.708515 0.708515
vt 0.734587 0.000000
vt 0.636682 0.636682
vt 0.517209 0.000000
vt 0.691368 0.691368
vt 0.517209 0.517209
vt 0.628061 0.000000
vt 0.628061 0.628061
vt 1.000000 0.673841
vt 0.673841 0.673841
vt 1.000000 0.697502
vt 0.767907 0.303851
vt 0.760587 0.316529
vt 0.745709 0.312542
vt 0.753187 0.292525
vt 0.758053 0.281793
vt 0.761746 0.290041
vt 0.740059 0.344852
vt 0.743654 0.323827
vt 0.760587 0.330358
vt 0.859458 0.642858
vt 0.871434 0.643074
vt 0.871434 0.681052
vt 0.800010 0.836562
vt 0.800010 0.874540
vt 0.787333 0.874768
s 0
f 2191/3126/1511 2188/3127/1511 2192/3128/1511
f 2188/3126/1512 2189/3127/1512 2192/3128/1512
f 2189/3126/1513 2187/3127/1513 2192/3128/1513
f 2187/3126/1514 2191/3127/1514 2192/3128/1514
f 2187/3126/1515 2190/3127/1515 2191/3128/1515
f 2190/3126/1516 2205/3129/1516 2204/3130/1516 2191/3128/1516
f 2188/3127/1517 2191/3128/1517 2204/3131/1517 2206/3132/1517 2207/3133/1517
f 2188/3128/1518 2207/3134/1518 2208/3135/1518
f 2189/3127/1519 2188/3128/1519 2208/3136/1519
f 2211/3137/1520 2189/3128/1520 2208/3138/1520
f 2202/3139/1521 2187/3127/1521 2189/3128/1521 2211/3140/1521 2212/3141/1521
f 2202/3142/1522 2212/3143/1522 2209/3144/1522 2190/3127/1522 2187/3128/1522
f 2209/3145/1523 2210/3146/1523 2190/3128/1523
f 2210/3147/1524 2205/3148/1524 2190/3128/1524
s 1
f 2201/3149/1525 2193/3150/1526 2196/3151/1527 2194/3152/1528 2195/3153/1528 2203/3154/1528
f 2198/3155/1529 2197/3156/1529 2196/3151/1527 2193/3150/1526 2199/3157/1530
f 2199/3158/1530 2193/3159/1526 2200/3160/1531
f 2200/3161/1531 2193/3162/1526 2201/3163/1525
o Bottle_cell.054
v 0.029674 0.557557 0.005981
v 0.029786 0.557842 -0.008691
v 0.032753 0.563317 -0.000983
v 0.030793 0.562935 0.006331
v 0.030851 0.563305 -0.008081
v 0.032753 0.557630 -0.000973
v 0.029674 0.557557 0.005981
v 0.030793 0.562935 0.006331
v 0.032753 0.563317 -0.000983
v 0.030851 0.563305 -0.008081
v 0.029786 0.557842 -0.008691
v 0.032753 0.557630 -0.000973
vn -0.9375 0.3480 0.0029
vn -0.0207 -0.9996 -0.0195
vn 0.9471 -0.0737 -0.3123
vn 0.9956 -0.0941 0.0027
vn 0.9954 -0.0946 0.0125
vn 0.9388 -0.1051 0.3282
vt 1.000000 0.402984
vt 1.000000 1.000000
vt 0.735344 0.722319
vt 0.816742 0.527485
vt 0.938512 0.371768
vt 0.009017 0.000000
vt 0.702584 0.666554
vt 0.133553 0.805478
vt 0.131551 0.803857
vt 0.131551 0.790215
vt 0.142105 0.790215
vt 0.142105 0.790215
vt 0.132065 0.778041
vt 0.142100 0.780870
s 0
f 2223/3164/1532 2219/3165/1532 2220/3166/1532 2221/3167/1532 2222/3168/1532
f 2219/3165/1533 2223/3169/1533 2218/3170/1533
s 1
f 2214/3171/1534 2217/3172/1534 2215/3173/1535 2224/3174/1536
f 2224/3175/1536 2215/3173/1535 2216/3176/1537 2213/3177/1537
o Bottle_cell.055
v 0.013824 0.572902 0.011279
v 0.018688 0.573310 0.016152
v 0.013921 0.565732 0.011316
v 0.017311 0.565809 0.006074
v 0.024339 0.573283 0.009689
v 0.019097 0.573098 -0.001155
v 0.018688 0.573310 0.016152
v 0.013824 0.572902 0.011279
v 0.013921 0.565732 0.011316
v 0.017311 0.565809 0.006074
v 0.024339 0.573283 0.009689
v 0.019097 0.573098 -0.001155
vn 0.5714 -0.6938 0.4384
vn 0.7604 -0.5417 -0.3583
vn -0.6537 0.6914 -0.3076
vn -0.6140 0.7291 -0.3024
vn -0.0384 0.9992 -0.0145
vn -0.0425 0.9982 -0.0414
vn -0.8911 -0.1164 -0.4386
vn -0.7075 -0.0060 0.7067
vt 0.822553 0.247774
vt 1.000000 0.393756
vt 0.630834 0.369543
vt 0.285854 0.000000
vt 1.000000 0.393112
vt 0.766828 0.766828
vt 0.529432 0.529432
vt 0.324784 0.777470
vt 0.306354 0.777470
vt 0.315352 0.763293
vt 0.299667 0.780255
vt 0.296091 0.766620
vt 0.302859 0.764514
vt 0.928656 0.655722
vt 0.928770 0.642954
vt 0.944729 0.643340
vt 0.932852 0.656980
vt 1.000000 0.240722
vt 1.000000 0.455524
vt 0.385191 0.000000
s 0
f 2233/3178/1538 2234/3179/1538 2235/3180/1538 2226/3181/1538
f 2236/3182/1539 2235/3183/1539 2234/3184/1539
s 1
f 2230/3185/1540 2232/3186/1541 2229/3187/1542
f 2232/3188/1541 2231/3189/1543 2229/3190/1542
f 2227/3191/1544 2232/3192/1541 2230/3193/1540 2228/3194/1544
s 0
f 2226/3195/1545 2225/3196/1545 2233/3197/1545
o Bottle_cell.056
v -0.000001 0.549760 -0.033713
v -0.000001 0.548380 -0.028161
v -0.008982 0.555883 -0.018005
v -0.015733 0.555602 -0.029508
v -0.003996 0.557961 -0.019320
v -0.007598 0.554251 -0.031685
v 0.007155 0.556237 -0.018464
v 0.006634 0.551575 -0.031938
v -0.009075 0.525622 -0.018274
v -0.009023 0.489484 -0.018640
v -0.012502 0.489365 -0.024708
v -0.012882 0.542427 -0.024699
v -0.015694 0.549767 -0.029508
v -0.012898 0.548386 -0.024705
v 0.008540 0.541394 -0.018240
v 0.009032 0.508054 -0.018440
v 0.007334 0.548383 -0.026196
v -0.006844 0.488634 -0.026223
v 0.000545 0.488881 -0.020904
v -0.000001 0.488502 -0.028056
v 0.008748 0.489613 -0.018699
v 0.012814 0.489551 -0.024625
v -0.009075 0.525622 -0.018274
v -0.009023 0.489484 -0.018640
v -0.012502 0.489365 -0.024708
v -0.012882 0.542427 -0.024699
v -0.008982 0.555883 -0.018005
v -0.012898 0.548386 -0.024705
v 0.008540 0.541394 -0.018240
v 0.009032 0.508054 -0.018440
v 0.007155 0.556237 -0.018464
v -0.006844 0.488634 -0.026223
v -0.000001 0.488502 -0.028056
v 0.000545 0.488881 -0.020904
v 0.008748 0.489613 -0.018699
v -0.003996 0.557961 -0.019320
v 0.006634 0.551575 -0.031938
v -0.000001 0.549760 -0.033713
v -0.007598 0.554251 -0.031685
v -0.015733 0.555602 -0.029508
v -0.015694 0.549767 -0.029508
v 0.007334 0.548383 -0.026196
v 0.012814 0.489551 -0.024625
vn 0.0728 0.9246 -0.3740
vn 0.1359 0.9853 -0.1038
vn -0.8674 -0.0063 0.4975
vn -0.8650 -0.0058 0.5017
vn -0.8624 -0.0018 0.5062
vn 0.8659 0.0098 0.5002
vn 0.9933 0.0909 -0.0708
vn -0.1064 -0.9911 0.0806
vn -0.0246 -0.9965 0.0804
vn 0.0703 -0.9961 0.0526
vn 0.8243 -0.0207 0.5658
vn -0.1950 -0.6590 -0.7265
vn 0.0519 -0.6332 -0.7722
vn -0.0053 -0.0017 -1.0000
vn -0.2588 -0.0017 -0.9659
vn 0.0292 -0.8826 -0.4691
vn -0.2154 -0.5560 -0.8028
vn 0.2851 -0.4537 -0.8443
vn 0.2183 -0.8998 -0.3778
vn -0.1637 -0.0197 0.9863
vn 0.0311 -0.0143 0.9994
vn 0.0318 -0.0143 0.9994
vn 0.2397 -0.0079 0.9708
vn 0.2588 -0.0017 -0.9659
vt 0.465675 0.444822
vt 0.021002 0.000000
vt 0.151526 0.000000
vt 0.561034 0.409579
vt 1.000000 0.888459
vt 1.000000 1.000000
vt 0.888459 0.888459
vt 1.000000 0.023985
vt 1.000000 0.544707
vt 1.000000 0.799957
vt 0.521928 0.000000
vt 0.665945 0.000000
vt 1.000000 0.990974
vt 0.952833 0.912049
vt 1.000000 0.901639
vt 0.544707 0.544707
vt 1.000000 0.321371
vt 0.990974 0.990974
vt 0.889633 0.759385
vt 0.799957 0.799957
vt 0.706783 0.000000
vt 1.000000 0.009400
vt 1.000000 0.768772
vt 1.000000 0.848474
vt 1.000000 0.978998
vt 0.768772 0.768772
vt 0.009400 0.009400
vt 0.919737 0.830378
vt 1.000000 0.773970
vt 0.837595 0.837595
vt 0.767618 0.767618
vt 1.000000 0.745541
vt 0.983275 0.819807
vt 0.842004 0.842004
vt 0.773970 0.773970
vt 1.000000 0.298167
vt 0.820612 0.820612
vt 0.745541 0.745541
vt 1.000000 0.003956
vt 0.003776 0.000000
vt 0.293217 0.000000
vt 0.298167 0.298167
vt 0.847441 0.874540
vt 0.822651 0.874540
vt 0.822651 0.763429
vt 0.835804 0.763669
vt 0.846679 0.765020
vt 0.847409 0.863483
vt 0.886035 0.614105
vt 0.888651 0.598534
vt 0.896977 0.583931
vt 0.896977 0.614093
vt 0.611773 0.804810
vt 0.626854 0.778689
vt 0.634139 0.785974
vt 0.616426 0.806063
vt 0.646348 0.778926
vt 0.638181 0.772149
vt 0.877655 0.674660
vt 0.889651 0.673269
vt 0.888279 0.799395
vt 0.874630 0.798292
vt 0.874260 0.764094
vt 0.875265 0.702236
vt 0.897242 0.671243
vt 0.906813 0.675102
vt 0.906825 0.731233
vt 0.898926 0.799211
vt 0.889226 0.799388
vt 0.810443 0.874760
vt 0.801322 0.765750
s 0
f 2272/3198/1546 2267/3199/1546 2273/3200/1546 2237/3201/1546 2275/3202/1546 2263/3203/1546
f 2263/3203/1547 2275/3204/1547 2276/3205/1547
f 2259/3206/1548 2262/3207/1548 2261/3208/1548 2260/3209/1548
f 2276/3210/1549 2249/3211/1549 2264/3212/1549
f 2259/3213/1550 2263/3214/1550 2276/3215/1550 2264/3216/1550 2262/3217/1550
f 2266/3218/1551 2279/3219/1551 2265/3220/1551
f 2273/3221/1552 2267/3222/1552 2265/3223/1552 2279/3224/1552 2253/3225/1552
f 2268/3226/1553 2260/3227/1553 2261/3228/1553
f 2269/3229/1554 2270/3230/1554 2260/3231/1554 2268/3232/1554
f 2271/3233/1555 2270/3234/1555 2269/3235/1555 2279/3236/1555
f 2279/3237/1556 2266/3238/1556 2271/3239/1556
s 1
f 2250/3240/1557 2238/3241/1558 2256/3242/1559 2254/3243/1560 2247/3244/1560 2248/3245/1560
f 2240/3246/1560 2242/3247/1560 2274/3248/1561 2277/3249/1562
f 2277/3250/1562 2274/3251/1561 2238/3252/1558 2250/3253/1557
f 2278/3254/1563 2238/3252/1558 2274/3251/1561 2244/3255/1564
f 2243/3256/1565 2241/3257/1566 2255/3258/1567 2257/3259/1565 2252/3260/1565 2251/3261/1565
f 2241/3262/1566 2239/3263/1568 2245/3264/1568 2246/3265/1568 2255/3266/1567
f 2238/3241/1558 2278/3267/1563 2258/3268/1569 2256/3242/1559
o Bottle_cell.057
v 0.035451 0.017015 0.037433
v 0.013976 0.017235 0.049309
v 0.033539 0.059254 0.060285
v 0.046375 0.049668 0.048306
v 0.046439 0.005202 0.048325
v 0.018040 0.050657 0.064454
v 0.018202 0.005142 0.064494
v 0.025669 0.003579 0.062496
v 0.032043 0.002715 0.060107
v 0.040949 0.003564 0.053818
v 0.046375 0.049668 0.048306
v 0.046439 0.005202 0.048325
v 0.018040 0.050657 0.064454
v 0.018202 0.005142 0.064494
v 0.025669 0.003579 0.062496
v 0.032043 0.002715 0.060107
v 0.040949 0.003564 0.053818
v 0.033539 0.059254 0.060285
vn -0.4435 0.4141 -0.7949
vn 0.7043 0.0007 -0.7099
vn -0.4376 0.4125 -0.7990
vn -0.9640 -0.0032 0.2658
vn -0.3082 -0.7841 -0.5387
vn -0.3068 -0.7836 -0.5403
vn 0.4822 -0.0022 0.8760
vn 0.4795 -0.0022 0.8775
vn 0.6550 -0.0026 0.7556
vn 0.2815 -0.0017 0.9596
vt 0.255476 0.255476
vt 0.000000 0.000000
vt 0.209725 0.000000
vt 1.000000 0.198267
vt 0.825037 0.000000
vt 1.000000 0.000000
vt 0.960212 0.259295
vt 0.198267 0.198267
vt 0.216792 0.216792
vt 0.217770 0.000000
vt 1.000000 0.214367
vt 0.893369 0.114186
vt 0.782230 0.000000
vt 0.214367 0.214367
vt 1.000000 0.174963
vt 0.670196 0.200303
vt 0.124406 0.105211
vt 0.124408 0.000000
vt 0.138644 0.000258
vt 0.151129 0.003563
vt 0.150985 0.086659
vt 0.107075 0.000000
vt 0.122202 0.104053
vt 0.092413 0.087974
vt 0.092724 0.002914
s 0
f 2297/3269/1570 2281/3270/1570 2292/3271/1570
f 2290/3272/1571 2291/3273/1571 2280/3274/1571
f 2280/3270/1572 2281/3274/1572 2297/3275/1572 2290/3276/1572
f 2292/3277/1573 2281/3270/1573 2293/3278/1573
f 2281/3274/1574 2295/3279/1574 2294/3280/1574 2293/3281/1574
f 2295/3282/1575 2281/3270/1575 2280/3274/1575 2291/3283/1575 2296/3284/1575
s 1
f 2282/3285/1576 2288/3286/1577 2289/3287/1578 2284/3288/1578 2283/3289/1578
f 2287/3290/1579 2288/3286/1577 2282/3291/1576 2285/3292/1579 2286/3293/1579
o Bottle_cell.058
v -0.000392 0.357942 0.003628
v -0.000399 0.351193 0.001214
v -0.000247 0.204966 0.000704
v -0.000549 0.361972 0.010001
v -0.042762 0.200461 0.025628
v -0.000001 0.362676 0.068716
v -0.000001 0.378830 0.064853
v -0.000001 0.370528 0.067615
v -0.000001 0.387498 0.060680
v -0.010350 0.386189 0.058535
v -0.017349 0.362668 0.064067
v -0.015391 0.370521 0.063491
v -0.012880 0.378824 0.061402
v -0.034678 0.280557 0.059575
v -0.049385 0.196714 0.045024
v 0.016621 0.191580 0.064576
v 0.016632 0.199365 0.064559
v 0.016613 0.309838 0.064361
v 0.016491 0.362668 0.064297
v 0.015718 0.376203 0.061513
v 0.016201 0.370520 0.063274
v -0.004205 0.191170 0.067904
v -0.034681 0.193454 0.059733
v -0.010350 0.386189 0.058535
v -0.012880 0.378824 0.061402
v -0.017349 0.362668 0.064067
v -0.034678 0.280557 0.059575
v -0.015391 0.370521 0.063491
v -0.049385 0.196714 0.045024
v 0.016621 0.191580 0.064576
v 0.016632 0.199365 0.064559
v 0.015718 0.376203 0.061513
v 0.016201 0.370520 0.063274
v 0.016491 0.362668 0.064297
v 0.016613 0.309838 0.064361
v -0.034681 0.193454 0.059733
v -0.004205 0.191170 0.067904
v -0.000001 0.387498 0.060680
vn 0.5530 0.7417 -0.3795
vn -0.0198 0.8930 -0.4496
vn -0.5333 0.7090 -0.4615
vn 0.9659 0.0019 -0.2590
vn 0.9489 0.1054 -0.2974
vn 0.6666 0.6373 -0.3866
vn 0.9668 -0.0004 -0.2556
vn -0.8677 0.1681 -0.4677
vn -0.0176 -0.9798 -0.1993
vn -0.5059 0.0025 -0.8626
vn -0.0143 -0.9794 -0.2015
vn -0.2960 0.0018 0.9552
vn -0.7071 0.0013 0.7071
vn -0.4825 0.0016 0.8759
vn -0.0281 -0.0011 0.9996
vn -0.0127 0.0680 0.9976
vn -0.2584 0.0590 0.9642
vn 0.2306 0.0652 0.9709
vn 0.2034 -0.0039 0.9791
vn -0.2532 0.2091 0.9445
vn -0.0000 0.2250 0.9744
vn 0.0051 0.3750 0.9270
vn -0.2419 0.3567 0.9023
vn 0.2489 0.3324 0.9097
vn 0.2525 0.2208 0.9421
vn -0.0443 0.4334 0.9001
vn -0.2349 0.4217 0.8758
vn -0.9363 0.2129 -0.2793
vt 1.000000 0.000000
vt 1.000000 0.453913
vt 0.535962 0.000000
vt 0.453913 0.453913
vt 0.000000 0.000000
vt 0.444870 0.000000
vt 0.444870 0.444870
vt 0.956079 0.526368
vt 0.899399 0.535290
vt 0.537402 0.537402
vt 1.000000 0.511249
vt 0.511249 0.511249
vt 0.494744 0.494744
vt 1.000000 0.537402
vt 0.036222 0.036222
vt 1.000000 1.000000
vt 1.000000 0.664308
vt 0.258241 0.000000
vt 0.723886 0.309844
vt 0.364320 0.244279
vt 0.397745 0.401522
vt 0.364312 0.407059
vt 0.057745 0.350220
vt 0.057751 0.671065
vt 0.028875 0.671588
vt 0.000028 0.518675
vt 0.000019 0.355895
vt 0.089449 0.671065
vt 0.057745 0.350220
vt 0.089691 0.351332
vt 0.089713 0.365881
vt 0.089681 0.572335
vt 0.032656 0.686163
vt 0.058274 0.685700
vt 0.059594 0.701270
vt 0.038156 0.701657
vt 0.088773 0.701269
vt 0.089414 0.685700
vt 0.038156 0.701657
vt 0.061592 0.717599
vt 0.044064 0.715454
vt 0.061592 0.717599
vt 0.086985 0.702865
vt 0.089449 0.671065
vt 0.028875 0.671588
vt 0.032656 0.686163
vt 0.335692 0.000000
vt 0.993917 0.364968
vt 0.650254 0.494051
vt 0.606185 0.498260
vt 0.543114 0.490748
vt 0.475881 0.475881
s 0
f 2301/3294/1580 2306/3295/1580 2329/3296/1580
f 2306/3297/1581 2301/3298/1581 2321/3299/1581
f 2321/3300/1582 2301/3298/1582 2298/3294/1582
f 2330/3301/1583 2331/3302/1583 2332/3303/1583 2300/3298/1583 2299/3294/1583 2329/3304/1583
f 2299/3298/1584 2298/3294/1584 2329/3305/1584
f 2298/3298/1585 2301/3294/1585 2329/3306/1585
f 2327/3298/1586 2300/3294/1586 2332/3307/1586 2328/3308/1586
f 2299/3298/1587 2302/3294/1587 2298/3309/1587
f 2312/3310/1588 2302/3309/1588 2327/3298/1588 2334/3311/1588 2333/3312/1588
f 2299/3298/1589 2300/3294/1589 2302/3309/1589
f 2300/3298/1590 2327/3294/1590 2302/3309/1590
s 1
f 2324/3313/1591 2326/3314/1592 2320/3315/1593
f 2319/3316/1594 2303/3317/1595 2323/3318/1596 2324/3319/1591 2320/3320/1593
f 2316/3321/1597 2303/3317/1595 2319/3322/1594 2313/3323/1598 2314/3324/1598 2315/3325/1598
f 2325/3326/1599 2305/3327/1600 2304/3328/1601 2322/3329/1602
f 2317/3330/1603 2304/3328/1601 2305/3327/1600 2318/3331/1604
f 2322/3332/1602 2304/3328/1601 2335/3333/1605 2307/3334/1606
f 2335/3335/1605 2304/3328/1601 2317/3336/1603
f 2318/3331/1604 2305/3327/1600 2303/3317/1595 2316/3337/1597
f 2323/3338/1596 2303/3317/1595 2305/3327/1600 2325/3339/1599
s 0
f 2302/3298/1607 2312/3340/1607 2311/3341/1607 2308/3342/1607 2309/3343/1607 2310/3344/1607 2321/3345/1607 2298/3298/1607
o Bottle_cell.059
v 0.003254 0.357526 0.001145
v 0.052664 0.200393 0.000301
v 0.060058 0.362616 0.034042
v 0.056737 0.378773 0.032096
v 0.059116 0.370468 0.033484
v 0.065531 0.343545 -0.014851
v 0.067861 0.224493 -0.005982
v 0.061820 0.378740 0.013124
v 0.066423 0.370421 0.006212
v 0.069232 0.362556 -0.000198
v 0.043127 0.379232 0.045420
v 0.049532 0.396122 0.027906
v 0.046569 0.370490 0.046031
v 0.060062 0.289110 0.034174
v 0.048561 0.362636 0.045538
v 0.069361 0.197583 -0.000343
v 0.066064 0.196986 0.011961
v 0.065531 0.343545 -0.014851
v 0.067861 0.224493 -0.005982
v 0.061820 0.378740 0.013124
v 0.066423 0.370421 0.006212
v 0.069232 0.362556 -0.000198
v 0.043127 0.379232 0.045420
v 0.049532 0.396122 0.027906
v 0.060062 0.289110 0.034174
v 0.048561 0.362636 0.045538
v 0.046569 0.370490 0.046031
v 0.069361 0.197583 -0.000343
v 0.066064 0.196986 0.011961
vn -0.2642 -0.0768 -0.9614
vn -0.0635 0.6179 -0.7837
vn -0.7103 0.6183 0.3365
vn -0.1687 -0.9813 -0.0928
vn -0.2493 -0.0941 -0.9638
vn 0.9562 0.0006 0.2927
vn 0.8640 0.0689 0.4987
vn 0.7051 0.0769 0.7049
vn 0.9877 0.0379 0.1519
vn 0.9659 0.0005 0.2588
vn 0.9793 0.0006 0.2022
vn 0.9688 0.0008 -0.2480
vn 0.9100 0.3359 0.2432
vn 0.8041 0.3714 0.4641
vn 0.8439 0.2249 0.4872
vn 0.9503 0.1795 0.2543
vn 0.6870 0.2341 0.6879
vn 0.6611 0.3533 0.6619
vn 0.7813 0.4330 0.4496
vn -0.6712 -0.2148 0.7094
vt 0.175630 0.000000
vt 1.000000 0.000000
vt 1.000000 0.534222
vt 0.534222 0.534222
vt 0.000000 0.000000
vt 0.399463 0.000000
vt 0.504129 0.224190
vt 0.543247 0.322666
vt 0.567947 0.410485
vt 0.374084 0.000000
vt 0.399463 0.399463
vt 0.880014 0.459754
vt 0.524575 0.000000
vt 0.543278 0.543278
vt 1.000000 0.824370
vt 0.182119 0.534742
vt 0.182112 0.672110
vt 0.155971 0.671637
vt 0.307266 0.091876
vt 0.364258 0.090846
vt 0.364265 0.228214
vt 0.327027 0.400978
vt 0.306548 0.400193
vt 0.299641 0.399237
vt 0.295800 0.349884
vt 0.279151 0.127369
vt 0.306542 0.092896
vt 0.327645 0.061270
vt 0.359224 0.060699
vt 0.362831 0.076228
vt 0.317436 0.077049
vt 0.152157 0.686211
vt 0.180684 0.686728
vt 0.177078 0.702256
vt 0.146621 0.701705
vt 0.348302 0.028152
vt 0.166156 0.734804
vt 1.000000 1.000000
vt 0.475425 0.000000
vt 0.663798 0.182821
vt 0.450816 0.356141
vt 0.420360 0.368962
vt 0.374084 0.374084
s 0
f 2354/3346/1608 2336/3347/1608 2353/3348/1608
f 2353/3349/1609 2336/3350/1609 2359/3351/1609 2355/3352/1609 2356/3353/1609 2357/3354/1609
f 2336/3350/1610 2358/3355/1610 2359/3356/1610
f 2337/3347/1611 2363/3357/1611 2364/3358/1611
f 2363/3359/1612 2337/3350/1612 2336/3347/1612 2354/3360/1612
s 1
f 2360/3361/1613 2338/3362/1614 2361/3363/1615
f 2345/3364/1616 2338/3365/1614 2360/3366/1613 2352/3367/1617 2351/3368/1618
f 2351/3369/1618 2342/3370/1619 2341/3371/1619 2345/3372/1616
f 2343/3373/1620 2339/3374/1621 2340/3375/1622 2344/3376/1623
f 2362/3377/1624 2340/3378/1622 2339/3379/1621 2346/3380/1625
f 2347/3381/1626 2339/3374/1621 2343/3373/1620
f 2339/3379/1621 2347/3382/1626 2346/3380/1625
f 2344/3376/1623 2340/3375/1622 2338/3365/1614 2345/3364/1616
f 2361/3363/1615 2338/3362/1614 2340/3378/1622 2362/3377/1624
s 0
f 2336/3383/1627 2337/3350/1627 2364/3384/1627 2349/3385/1627 2350/3386/1627 2348/3387/1627 2358/3388/1627
o Bottle_cell.060
v -0.000686 0.362328 -0.006720
v -0.001264 0.361006 -0.001884
v -0.014994 0.404874 -0.030982
v -0.005235 0.379194 -0.013679
v -0.004985 0.391939 -0.024789
v -0.003973 0.382682 -0.017183
v -0.028313 0.397175 -0.049732
v -0.002524 0.403250 -0.051521
v -0.012590 0.386910 -0.058840
v -0.001606 0.397162 -0.056888
v -0.009833 0.411936 -0.041657
v -0.019140 0.413413 -0.037068
v -0.043112 0.394726 -0.036547
v -0.024734 0.410910 -0.037520
v -0.041695 0.387425 -0.042725
v -0.030330 0.388751 -0.053211
v -0.012590 0.386910 -0.058840
v -0.001606 0.397162 -0.056888
v -0.043112 0.394726 -0.036547
v -0.041695 0.387425 -0.042725
v -0.030330 0.388751 -0.053211
v -0.009833 0.411936 -0.041657
v -0.002524 0.403250 -0.051521
v -0.019140 0.413413 -0.037068
v -0.024734 0.410910 -0.037520
vn 0.8641 0.4301 0.2615
vn 0.9426 0.2673 0.1999
vn 0.9779 0.1709 0.1206
vn 0.9321 0.3053 0.1949
vn 0.6533 -0.6162 -0.4398
vn 0.3617 0.6152 0.7005
vn 0.4283 0.6445 0.6334
vn 0.3226 0.6102 0.7236
vn 0.4352 0.5548 0.7091
vn -0.1322 0.5188 0.8446
vn -0.2717 0.4708 0.8393
vn -0.3395 0.4356 0.8336
vn -0.7545 -0.5030 0.4215
vn -0.3058 -0.9085 -0.2849
vn -0.2215 -0.9017 -0.3713
vn -0.4222 0.5424 -0.7263
vn -0.2252 0.5684 -0.7913
vn -0.2349 0.4186 -0.8773
vn -0.4500 0.4309 -0.7822
vn -0.6177 0.5101 -0.5986
vn -0.6417 0.4190 -0.6424
vn -0.3349 0.6595 -0.6730
vn -0.2182 0.6583 -0.7205
vn -0.2416 0.6672 -0.7047
vn -0.2153 0.6571 -0.7224
vt 0.793827 0.000000
vt 1.000000 0.000000
vt 1.000000 0.258856
vt 0.258856 0.258856
vt 0.000000 0.000000
vt 1.000000 0.456281
vt 0.334659 0.334659
vt 0.456281 0.456281
vt 0.438938 0.438938
vt 0.461893 0.000000
vt 1.000000 1.000000
vt 0.780556 0.780556
vt 0.895527 0.000000
vt 0.108635 0.000000
vt 1.000000 0.583796
vt 1.000000 0.646023
vt 0.615746 0.585873
vt 1.000000 0.654856
vt 0.646023 0.646023
vt 0.666825 0.000000
vt 0.666825 0.666825
vt 0.792747 0.589186
vt 1.000000 0.538107
vt 0.664721 0.736180
vt 0.613390 0.736180
vt 0.632141 0.716887
vt 0.666660 0.720335
vt 0.693676 0.736702
vt 0.692078 0.718256
vt 0.659159 0.762275
vt 0.693676 0.736702
vt 0.743637 0.377314
vt 0.733577 0.349909
vt 0.738612 0.357677
vt 0.617621 0.747747
vt 0.613390 0.736180
vt 0.627629 0.761692
s 0
f 2386/3389/1628 2369/3390/1628 2387/3391/1628
f 2387/3392/1629 2369/3393/1629 2370/3390/1629
f 2382/3394/1630 2387/3395/1630 2370/3393/1630 2366/3390/1630
f 2366/3393/1631 2365/3390/1631 2382/3396/1631
f 2382/3397/1632 2365/3393/1632 2381/3398/1632
f 2367/3393/1633 2370/3390/1633 2369/3399/1633
f 2367/3390/1634 2369/3399/1634 2386/3400/1634 2388/3401/1634
f 2367/3393/1635 2368/3390/1635 2370/3399/1635
f 2368/3393/1636 2366/3390/1636 2370/3399/1636
f 2368/3393/1637 2367/3390/1637 2366/3399/1637
f 2366/3399/1638 2367/3393/1638 2388/3402/1638 2389/3403/1638
f 2383/3404/1639 2366/3399/1639 2389/3405/1639
f 2384/3406/1640 2366/3399/1640 2383/3407/1640
f 2365/3390/1641 2366/3399/1641 2384/3408/1641
f 2365/3399/1642 2384/3409/1642 2385/3410/1642 2381/3411/1642
s 1
f 2371/3412/1643 2374/3413/1644 2373/3414/1645 2380/3415/1646
f 2377/3416/1647 2371/3412/1643 2380/3415/1646 2379/3417/1648
f 2378/3418/1649 2371/3412/1643 2377/3419/1647
f 2375/3420/1650 2378/3421/1649 2376/3422/1651
f 2372/3423/1652 2374/3424/1644 2371/3412/1643 2378/3418/1649 2375/3425/1650
o Bottle_cell.061
v 0.009533 0.573427 0.015560
v 0.013602 0.573306 0.022559
v 0.008739 0.570329 0.023867
v 0.016753 0.570073 0.019413
v -0.000056 0.572599 0.018141
v 0.003770 0.573352 0.022357
v 0.008460 0.560696 0.016028
v 0.012839 0.564468 0.012423
v -0.000056 0.572599 0.018141
v 0.008460 0.560696 0.016028
v 0.008739 0.570329 0.023867
v 0.016753 0.570073 0.019413
v 0.003770 0.573352 0.022357
v 0.012839 0.564468 0.012423
v 0.009533 0.573427 0.015560
vn 0.3774 -0.5911 0.7129
vn -0.5243 -0.5282 0.6679
vn 0.7132 -0.6848 0.1498
vn 0.5742 0.4511 -0.6832
vn -0.4863 0.0089 -0.8737
vn -0.1595 0.8111 -0.5627
vn -0.6490 0.0268 -0.7603
vn 0.0977 0.8828 0.4594
vn 0.7884 0.5857 0.1880
vn 0.5579 0.6450 0.5222
vn -0.2307 0.7857 -0.5739
vn -0.0421 0.9797 0.1961
vn -0.5809 -0.5259 0.6212
vt 0.418033 0.098650
vt 0.153518 0.153518
vt 0.000000 0.000000
vt 0.480423 0.127370
vt 0.278624 0.278624
vt 1.000000 0.371851
vt 0.899310 0.810931
vt 0.376028 0.000000
vt 0.760798 0.760798
vt 0.376028 0.376028
vt 0.553435 0.431769
vt 0.981753 0.270450
vt 0.988939 0.248948
vt 0.989124 0.265559
vt 0.099542 0.792670
vt 0.102000 0.785597
vt 0.105105 0.785597
vt 0.290393 0.786685
vt 0.281185 0.802633
vt 0.274958 0.793628
vt 0.272972 0.787849
vt 0.279798 0.776027
vt 0.290339 0.769941
vt 0.660534 0.307855
vt 1.000000 0.000000
vt 1.000000 0.278624
vt 0.963250 0.248817
vt 0.981680 0.248817
vt 0.979541 0.272434
s 0
f 2401/3426/1653 2400/3427/1653 2399/3428/1653
f 2399/3428/1654 2400/3429/1654 2402/3430/1654
f 2401/3431/1655 2399/3432/1655 2403/3433/1655
f 2401/3434/1656 2403/3435/1656 2390/3436/1656
s 1
f 2396/3437/1657 2404/3438/1658 2397/3439/1659
f 2392/3440/1660 2393/3441/1661 2391/3442/1662
f 2404/3443/1658 2394/3444/1663 2395/3445/1664 2392/3446/1660 2391/3447/1662
f 2404/3443/1658 2391/3447/1662 2393/3448/1661
s 0
f 2398/3449/1665 2399/3450/1665 2402/3451/1665
s 1
f 2394/3452/1663 2404/3453/1658 2396/3454/1657
o Bottle_cell.062
v 0.056242 0.033849 -0.016093
v 0.041489 0.033876 -0.040881
v 0.031693 0.048835 -0.052191
v 0.021331 0.023918 -0.012357
v 0.064456 0.086235 -0.018486
v 0.064471 0.054057 -0.018379
v 0.064471 0.048197 -0.018371
v 0.015891 0.026692 -0.006351
v 0.060157 0.169464 -0.034651
v 0.064351 0.149546 -0.018970
v 0.026721 0.016262 -0.008866
v 0.024825 0.016982 -0.014362
v 0.047725 0.048580 -0.047120
v 0.060078 0.055964 -0.034780
v 0.062160 0.052194 -0.027002
v 0.011920 0.024789 -0.018694
v 0.035343 0.129541 -0.059636
v 0.035459 0.091705 -0.059458
v 0.012252 0.026639 -0.011963
v 0.018539 0.017650 -0.020110
v 0.013974 0.020984 -0.022028
v 0.038133 0.060590 -0.056732
v 0.064456 0.086235 -0.018486
v 0.064471 0.054057 -0.018379
v 0.064471 0.048197 -0.018371
v 0.060157 0.169464 -0.034651
v 0.064351 0.149546 -0.018970
v 0.026721 0.016262 -0.008866
v 0.024825 0.016982 -0.014362
v 0.060078 0.055964 -0.034780
v 0.062160 0.052194 -0.027002
v 0.047725 0.048580 -0.047120
v 0.035343 0.129541 -0.059636
v 0.035459 0.091705 -0.059458
v 0.018539 0.017650 -0.020110
v 0.013974 0.020984 -0.022028
v 0.038133 0.060590 -0.056732
v 0.012252 0.026639 -0.011963
v 0.015891 0.026692 -0.006351
v 0.021331 0.023918 -0.012357
v 0.011920 0.024789 -0.018694
vn 0.2601 0.0033 0.9656
vn 0.2646 0.0013 0.9644
vn -0.7311 0.3435 0.5895
vn 0.2253 -0.0010 0.9743
vn 0.4094 -0.8640 -0.2931
vn 0.7426 -0.5027 -0.4425
vn 0.7509 -0.4993 -0.4323
vn -0.9289 0.0652 -0.3645
vn -0.8812 0.3466 0.3214
vn -0.1831 -0.6664 -0.7228
vn 0.2597 -0.4684 -0.8445
vn -0.8168 -0.0259 -0.5763
vn 0.8630 -0.0003 -0.5052
vn 0.9659 -0.0004 -0.2588
vn 0.8677 -0.0003 -0.4971
vn 0.7084 -0.0003 -0.7058
vn -0.3240 -0.8900 0.3207
vn -0.5443 -0.7151 0.4386
vn -0.2746 -0.9432 0.1871
vn -0.3546 -0.8398 0.4111
vn -0.4890 -0.6996 0.5210
vn -0.7576 -0.5022 0.4169
vn -0.8420 -0.4896 0.2265
vn -0.6164 -0.4890 0.6172
vt 0.668237 0.000000
vt 1.000000 0.000000
vt 1.000000 0.130229
vt 0.000000 0.000000
vt 0.130238 0.000000
vt 0.130229 0.130229
vt 0.111684 0.000000
vt 0.879020 0.000000
vt 1.000000 0.117928
vt 1.000000 0.774449
vt 0.276719 0.071017
vt 0.398214 0.000000
vt 1.000000 0.331763
vt 0.774449 0.774449
vt 0.117927 0.117927
vt 0.399900 0.000000
vt 1.000000 1.000000
vt 0.398214 0.398214
vt 0.422660 0.212802
vt 1.000000 0.873872
vt 0.101111 0.000000
vt 0.776520 0.624511
vt 1.000000 0.869762
vt 0.873872 0.873872
vt 1.000000 0.096030
vt 1.000000 0.685450
vt 0.515167 0.000000
vt 0.907714 0.000000
vt 0.685450 0.685450
vt 0.097063 0.000000
vt 0.885706 0.000000
vt 0.346203 0.346203
vt 0.299825 0.000000
vt 0.090103 0.000000
vt 1.000000 0.898889
vt 0.869904 0.056733
vt 1.000000 0.092286
vt 1.000000 0.484833
vt 0.115130 0.115130
vt 0.240514 0.452631
vt 0.270585 0.489905
vt 0.271305 0.608222
vt 0.271403 0.668359
vt 0.271399 0.679310
vt 0.254824 0.671811
vt 0.239887 0.664740
vt 0.184422 0.648863
vt 0.183916 0.596855
vt 0.183659 0.526140
vt 0.239891 0.452251
vt 0.239887 0.664740
vt 0.211799 0.677992
vt 0.065932 0.828889
vt 0.069117 0.843724
vt 0.063111 0.832593
vt 0.078138 0.818095
vt 0.083343 0.819540
vt 0.087333 0.820701
vt 0.076503 0.839459
vt 0.582725 0.795138
vt 0.595362 0.793199
vt 0.596692 0.803963
vt 0.588405 0.774252
vt 0.596725 0.783356
s 0
f 2427/3455/1666 2405/3456/1666 2428/3457/1666
f 2405/3458/1667 2429/3459/1667 2428/3460/1667
f 2430/3461/1668 2442/3462/1668 2443/3463/1668 2431/3464/1668
f 2408/3465/1669 2432/3466/1669 2405/3456/1669 2427/3467/1669 2431/3468/1669 2443/3469/1669
f 2439/3470/1670 2406/3456/1670 2405/3471/1670 2432/3472/1670 2433/3473/1670
f 2435/3474/1671 2405/3471/1671 2406/3458/1671 2436/3475/1671 2434/3476/1671
f 2429/3477/1672 2405/3471/1672 2435/3478/1672
f 2442/3479/1673 2437/3480/1673 2438/3481/1673 2445/3482/1673
f 2437/3483/1674 2442/3484/1674 2430/3485/1674
f 2406/3471/1675 2439/3486/1675 2440/3487/1675 2407/3456/1675
f 2406/3471/1676 2407/3458/1676 2441/3488/1676 2436/3489/1676
f 2407/3458/1677 2440/3490/1677 2445/3491/1677 2438/3492/1677 2441/3493/1677
s 1
f 2413/3494/1678 2414/3495/1679 2409/3496/1679 2410/3497/1679 2411/3498/1679 2419/3499/1679 2418/3500/1680
f 2426/3501/1681 2422/3502/1681 2421/3503/1681 2413/3504/1678 2418/3505/1680 2417/3506/1681
f 2423/3507/1682 2444/3508/1683 2412/3509/1684
f 2423/3510/1682 2420/3511/1685 2425/3512/1686 2444/3513/1683
f 2444/3514/1683 2416/3515/1687 2415/3516/1688
f 2416/3515/1687 2444/3514/1683 2425/3517/1686 2424/3518/1689
o Bottle_cell.063
v 0.027320 0.557619 -0.007357
v 0.026433 0.557074 0.004755
v 0.027203 0.573265 -0.001001
v 0.017133 0.573386 -0.008473
v 0.024176 0.573245 -0.012299
v 0.018463 0.571589 -0.003588
v 0.025681 0.571220 0.004684
v 0.018284 0.564757 0.002494
v 0.018403 0.556588 0.002445
v 0.028265 0.563991 0.005352
v 0.028729 0.564273 -0.000985
v 0.023308 0.564611 -0.014838
v 0.019021 0.554055 -0.002276
v 0.028839 0.563292 -0.015592
v 0.016673 0.562206 -0.010680
v 0.017133 0.573386 -0.008473
v 0.024176 0.573245 -0.012299
v 0.018284 0.564757 0.002494
v 0.018403 0.556588 0.002445
v 0.028265 0.563991 0.005352
v 0.028729 0.564273 -0.000985
v 0.023308 0.564611 -0.014838
v 0.016673 0.562206 -0.010680
v 0.025681 0.571220 0.004684
v 0.018463 0.571589 -0.003588
v 0.028839 0.563292 -0.015592
v 0.019021 0.554055 -0.002276
vn -0.5187 0.2319 -0.8229
vn -0.2759 -0.0098 0.9611
vn 0.9637 -0.2604 0.0589
vn 0.9734 -0.2278 0.0226
vn -0.1438 -0.7603 -0.6334
vn -0.1524 -0.7304 -0.6658
vn -0.0798 -0.8827 0.4631
vn 0.9468 0.2485 0.2045
vn 0.9569 0.2855 -0.0531
vn 0.6130 0.7860 0.0800
vn 0.7024 0.6454 0.3001
vn 0.7351 0.6522 -0.1852
vn 0.7148 0.6596 -0.2323
vn 0.2233 0.9727 -0.0636
vn -0.7378 0.6365 0.2247
vn -0.6387 0.7271 0.2518
vn -0.9959 -0.0304 -0.0855
vn -0.9985 -0.0233 0.0498
vn -0.6290 0.5260 0.5724
vn 0.3878 -0.9216 -0.0131
vn -0.9659 -0.0114 0.2588
vt 0.599286 0.201580
vt 0.343587 0.000000
vt 0.729558 0.000000
vt 0.963848 0.180558
vt 0.748779 0.748779
vt 0.431425 0.431425
vt 0.558913 0.000000
vt 1.000000 0.000000
vt 0.847152 0.401776
vt 0.359077 0.359077
vt 0.000000 0.000000
vt 0.882077 0.358911
vt 0.349215 0.349215
vt 0.729826 0.019361
vt 0.712382 0.712382
vt 1.000000 0.103653
vt 1.000000 0.861677
vt 1.000000 0.255969
vt 0.861677 0.861677
vt 0.103653 0.103653
vt 0.182331 0.000000
vt 1.000000 0.441087
vt 0.871603 0.543366
vt 0.871434 0.534032
vt 0.887448 0.534032
vt 0.883807 0.543487
vt 0.887448 0.512316
vt 0.874140 0.507889
vt 0.474633 0.772904
vt 0.451957 0.781839
vt 0.469023 0.764652
vt 0.326258 0.771834
vt 0.328581 0.762955
vt 0.347388 0.773813
vt 0.337142 0.784605
vt 0.320457 0.762955
vt 0.938865 0.673964
vt 0.938808 0.658812
vt 0.944706 0.649600
vt 0.943343 0.678519
vt 0.741957 0.089014
vt 0.412531 0.214870
vt 0.431425 0.000000
vt 0.151832 0.000000
vt 1.000000 1.000000
vt 0.959001 0.642666
vt 0.963216 0.663397
vt 0.944604 0.678316
vt 0.955210 0.642666
s 0
f 2462/3519/1690 2467/3520/1690 2468/3521/1690 2461/3522/1690
f 2469/3523/1691 2463/3524/1691 2464/3525/1691 2447/3526/1691 2465/3527/1691
f 2465/3528/1692 2447/3529/1692 2446/3526/1692 2466/3530/1692
f 2466/3531/1693 2446/3529/1693 2471/3532/1693
f 2471/3533/1694 2446/3529/1694 2472/3534/1694 2467/3535/1694
f 2468/3536/1695 2467/3537/1695 2472/3538/1695
f 2472/3539/1696 2447/3526/1696 2464/3540/1696
s 1
f 2455/3541/1697 2456/3542/1698 2448/3543/1699 2452/3544/1700
f 2450/3545/1701 2448/3543/1699 2456/3542/1698 2457/3546/1702
f 2457/3547/1702 2456/3548/1698 2459/3549/1703
f 2470/3550/1704 2448/3551/1699 2450/3552/1701 2449/3553/1705
f 2452/3554/1700 2448/3551/1699 2470/3550/1704
f 2454/3555/1706 2453/3556/1706 2470/3557/1704 2458/3558/1707
s 0
f 2469/3559/1708 2451/3560/1708 2463/3561/1708
f 2472/3562/1709 2446/3526/1709 2447/3563/1709
s 1
f 2449/3564/1705 2460/3565/1710 2458/3566/1707 2470/3567/1704
o Bottle_cell.064
v 0.006254 0.555625 0.026968
v -0.000001 0.549874 0.031794
v -0.000001 0.548475 0.026247
v 0.006742 0.549521 0.028598
v -0.000001 0.555786 0.031783
v -0.007763 0.555855 0.029703
v -0.006192 0.530585 0.024619
v -0.006830 0.548974 0.026409
v -0.005864 0.490340 0.024777
v -0.000001 0.499169 0.026333
v 0.002627 0.527178 0.025580
v -0.004013 0.515423 0.017880
v -0.000718 0.541560 0.018398
v -0.000047 0.547971 0.018488
v -0.004003 0.552175 0.017369
v 0.006254 0.555625 0.026968
v 0.006742 0.549521 0.028598
v -0.000001 0.499169 0.026333
v 0.002627 0.527178 0.025580
v -0.004013 0.515423 0.017880
v -0.000718 0.541560 0.018398
v -0.000047 0.547971 0.018488
v -0.004003 0.552175 0.017369
v -0.007763 0.555855 0.029703
v -0.000001 0.555786 0.031783
v -0.006830 0.548974 0.026409
v -0.006192 0.530585 0.024619
v -0.005864 0.490340 0.024777
vn 0.0132 0.9998 -0.0161
vn 0.7702 -0.1341 -0.6235
vn 0.8075 -0.0113 -0.5898
vn -0.9553 -0.0043 -0.2956
vn -0.0530 -0.0378 0.9979
vn 0.2783 -0.2090 0.9375
vn -0.0939 -0.5644 0.8202
vn -0.2042 -0.0171 0.9788
vn 0.0365 -0.5481 0.8356
vn 0.5237 0.1360 0.8410
vn 0.0502 -0.0708 0.9962
vn -0.4290 -0.2539 0.8669
vn -0.2978 -0.3407 0.8917
vn 0.2588 -0.0135 -0.9658
vn -0.0424 0.9538 -0.2975
vn -0.2099 -0.0163 0.9776
vt 0.000000 0.000000
vt 1.000000 0.034387
vt 0.618887 0.051555
vt 0.425397 0.275037
vt 0.410822 0.000000
vt 1.000000 0.148557
vt 1.000000 0.379480
vt 0.148557 0.148557
vt 0.273011 0.061930
vt 0.345552 0.000000
vt 1.000000 0.000000
vt 0.737991 0.087812
vt 0.379480 0.379480
vt 1.000000 1.000000
vt 0.269995 0.269995
vt 0.589178 0.000000
vt 1.000000 0.611815
vt 1.000000 0.894220
vt 0.756278 0.602741
vt 0.759559 0.642256
vt 0.751227 0.642256
vt 0.751227 0.550765
vt 0.156602 0.821691
vt 0.156602 0.808053
vt 0.167310 0.808127
vt 0.167572 0.821691
vt 0.167572 0.821691
vt 0.167940 0.834612
vt 0.156834 0.834534
vt 0.705563 0.857398
vt 0.712848 0.864683
vt 0.695160 0.863404
vt 0.719667 0.852873
vt 0.963117 0.296046
vt 0.961962 0.307958
vt 0.956324 0.356537
vt 0.963141 0.287621
vt 0.269994 0.000000
vt 0.740824 0.642445
vt 0.740922 0.609253
vt 0.749204 0.534275
s 0
f 2488/3568/1711 2496/3569/1711 2477/3570/1711
f 2490/3571/1712 2500/3568/1712 2492/3572/1712 2493/3573/1712 2491/3574/1712
f 2493/3575/1713 2494/3576/1713 2495/3577/1713 2488/3578/1713 2489/3579/1713 2491/3580/1713
f 2496/3581/1714 2495/3582/1714 2492/3583/1714 2500/3578/1714 2499/3584/1714 2498/3585/1714
s 1
f 2483/3586/1715 2476/3587/1716 2475/3588/1717 2482/3589/1718
f 2474/3590/1719 2476/3591/1716 2473/3592/1720 2497/3593/1721
f 2474/3590/1719 2497/3594/1721 2478/3595/1722 2480/3596/1723
f 2475/3597/1717 2474/3598/1719 2480/3599/1723
f 2476/3600/1716 2474/3598/1719 2475/3597/1717
f 2486/3601/1724 2485/3602/1724 2484/3603/1724 2487/3604/1724
s 0
f 2495/3605/1725 2496/3578/1725 2488/3581/1725
s 1
f 2482/3589/1718 2475/3588/1717 2480/3606/1723 2479/3607/1726 2481/3608/1726
o Bottle_cell.065
v -0.042449 0.031455 -0.040825
v -0.046275 0.017983 -0.000682
v -0.059291 0.007840 -0.034208
v -0.029041 0.008612 -0.016782
v -0.033343 0.008640 -0.000727
v -0.043606 0.005965 -0.000652
v -0.037192 0.003427 -0.035575
v -0.021635 0.013697 -0.020151
v -0.023664 0.008603 -0.022159
v -0.058886 0.037960 -0.035942
v -0.053889 0.037077 -0.040937
v -0.026123 0.015039 -0.013737
v -0.061199 0.036680 -0.030569
v -0.056882 0.000190 -0.032839
v -0.058867 0.015401 -0.035923
v -0.057344 0.021574 -0.037456
v -0.048908 0.001469 -0.034113
v -0.021635 0.013697 -0.020151
v -0.023664 0.008603 -0.022159
v -0.037192 0.003427 -0.035575
v -0.058886 0.037960 -0.035942
v -0.053889 0.037077 -0.040937
v -0.058867 0.015401 -0.035923
v -0.057344 0.021574 -0.037456
v -0.048908 0.001469 -0.034113
v -0.043606 0.005965 -0.000652
v -0.033343 0.008640 -0.000727
v -0.026123 0.015039 -0.013737
v -0.061199 0.036680 -0.030569
v -0.059291 0.007840 -0.034208
v -0.056882 0.000190 -0.032839
vn 0.0063 0.0039 1.0000
vn 0.7044 -0.0009 -0.7099
vn 0.4517 0.8572 0.2473
vn 0.3825 0.8314 0.4030
vn -0.8916 -0.2014 0.4055
vn -0.1203 -0.2120 -0.9698
vn -0.0885 -0.1994 -0.9759
vn -0.8503 -0.0056 -0.5263
vn 0.2182 -0.9673 0.1292
vn 0.4786 -0.8321 0.2804
vn 0.3927 -0.9134 0.1068
vn 0.2521 -0.9652 0.0692
vn 0.4350 -0.8000 0.4133
vn 0.1845 -0.9650 0.1862
vn 0.7520 -0.5172 0.4086
vn 0.6233 -0.5228 0.5815
vn -0.9150 -0.1095 0.3884
vn -0.1254 -0.2129 -0.9690
vt 1.000000 0.160645
vt 0.620970 0.000000
vt 1.000000 0.000000
vt 0.900978 0.432880
vt 0.658449 0.000000
vt 1.000000 0.522010
vt 0.911906 0.651651
vt 0.563154 0.563154
vt 0.000000 0.000000
vt 0.476930 0.000000
vt 1.000000 0.127475
vt 1.000000 0.379030
vt 0.680575 0.680575
vt 0.127475 0.127475
vt 0.259821 0.000000
vt 1.000000 1.000000
vt 0.122989 0.000000
vt 1.000000 0.824493
vt 0.540790 0.000000
vt 0.700745 0.000000
vt 1.000000 0.230896
vt 1.000000 0.445127
vt 0.523070 0.000000
vt 1.000000 0.341551
vt 0.445127 0.445127
vt 0.230896 0.230896
vt 0.728586 0.018350
vt 0.728583 0.065607
vt 0.725870 0.065565
vt 0.714510 0.063725
vt 0.722365 0.034883
vt 0.725827 0.023404
vt 0.821437 0.006631
vt 0.836882 0.064274
vt 0.810159 0.079702
vt 0.796594 0.066322
vt 0.850999 0.064273
vt 0.824581 0.008889
vt 0.833569 0.015425
vt 0.850865 0.028891
vt 0.388519 0.767982
vt 0.400578 0.762952
vt 0.400357 0.775178
vt 0.389183 0.775252
vt 0.428486 0.824272
vt 0.428970 0.850996
vt 0.417172 0.844113
vt 0.259821 0.259821
vt 0.867259 0.000000
vt 1.000000 0.091780
vt 0.700745 0.700745
s 0
f 2526/3609/1727 2505/3610/1727 2502/3611/1727
f 2519/3612/1728 2520/3613/1728 2501/3611/1728 2518/3614/1728
f 2528/3615/1729 2518/3616/1729 2501/3617/1729 2522/3618/1729 2521/3619/1729
f 2502/3611/1730 2505/3620/1730 2528/3621/1730 2521/3622/1730 2529/3623/1730
f 2502/3624/1731 2530/3617/1731 2531/3625/1731 2526/3626/1731
f 2531/3627/1732 2523/3628/1732 2524/3629/1732 2525/3630/1732
f 2522/3631/1733 2501/3611/1733 2520/3632/1733 2525/3633/1733 2524/3634/1733
s 1
f 2503/3635/1734 2513/3636/1734 2510/3637/1734 2511/3638/1734 2516/3639/1734 2515/3640/1734
f 2514/3641/1735 2504/3642/1736 2527/3643/1737 2506/3644/1738
f 2509/3645/1739 2504/3642/1736 2514/3646/1735 2517/3647/1740 2507/3648/1740
f 2512/3649/1741 2504/3650/1736 2509/3651/1739 2508/3652/1742
f 2527/3653/1737 2504/3654/1736 2512/3655/1741
s 0
f 2530/3611/1743 2502/3624/1743 2529/3656/1743
f 2531/3657/1744 2530/3658/1744 2523/3659/1744
o Bottle_cell.066
v 0.034611 0.016103 0.036692
v 0.012927 0.011987 0.046900
v 0.033313 0.000101 0.057700
v 0.016411 0.000629 0.060221
v 0.011538 0.004888 0.045111
v 0.029390 0.005594 0.032651
v 0.021722 0.006119 0.037613
v 0.046313 0.003431 0.048320
v 0.039287 0.002276 0.054087
v 0.016411 0.000629 0.060221
v 0.011538 0.004888 0.045111
v 0.029390 0.005594 0.032651
v 0.021722 0.006119 0.037613
v 0.046313 0.003431 0.048320
v 0.039287 0.002276 0.054087
v 0.033313 0.000101 0.057700
vn -0.9383 0.1002 0.3309
vn -0.4785 0.4633 -0.7459
vn 0.1297 0.7794 0.6129
vn 0.6749 -0.0523 -0.7361
vn 0.0793 0.7906 0.6071
vn 0.3130 0.7827 0.5380
vn -0.0118 -0.9800 -0.1986
vn -0.0675 -0.9658 -0.2504
vn -0.0396 -0.9723 -0.2303
vn -0.0145 -0.9772 -0.2120
vn 0.0246 -0.9858 -0.1660
vn 0.5613 -0.6071 0.5624
vt 1.000000 0.114554
vt 0.816851 0.000000
vt 1.000000 0.000000
vt 0.146955 0.146955
vt 0.000000 0.000000
vt 1.000000 0.216330
vt 0.596277 0.171302
vt 0.738084 0.000000
vt 1.000000 1.000000
vt 0.783679 0.783679
vt 0.290794 0.104316
vt 0.298651 0.298651
vt 1.000000 0.790630
vt 0.738084 0.738084
vt 0.790630 0.790630
vt 1.000000 0.807711
vt 0.820981 0.243887
vt 0.795482 0.225009
vt 0.813486 0.196911
vt 0.832120 0.202315
vt 0.853385 0.207072
vt 0.851451 0.243887
vt 0.850358 0.248641
vt 0.833566 0.246987
s 0
f 2542/3660/1745 2541/3661/1745 2533/3662/1745
f 2542/3663/1746 2533/3664/1746 2532/3662/1746 2543/3665/1746 2544/3666/1746
f 2534/3667/1747 2532/3662/1747 2533/3668/1747 2541/3669/1747
f 2545/3670/1748 2543/3671/1748 2532/3664/1748
f 2546/3672/1749 2532/3668/1749 2534/3673/1749
f 2532/3668/1750 2546/3674/1750 2545/3675/1750
s 1
f 2547/3676/1751 2535/3677/1752 2536/3678/1752 2538/3679/1753
f 2547/3676/1751 2538/3679/1753 2537/3680/1754 2539/3681/1755
f 2547/3676/1751 2539/3682/1755 2540/3683/1756
o Bottle_cell.067
v -0.013505 0.015955 0.048526
v -0.021191 0.016886 0.042092
v -0.042799 0.002314 0.036439
v -0.056369 0.000060 0.034645
v -0.036451 0.001670 0.056262
v -0.048645 0.003551 0.046122
v -0.059078 0.006329 0.035684
v -0.022696 0.005614 0.039301
v -0.014806 0.005933 0.040197
v -0.011312 0.004757 0.045676
v -0.016587 0.000109 0.062182
v -0.042799 0.002314 0.036439
v -0.056369 0.000060 0.034645
v -0.036451 0.001670 0.056262
v -0.048645 0.003551 0.046122
v -0.022696 0.005614 0.039301
v -0.014806 0.005933 0.040197
v -0.011312 0.004757 0.045676
v -0.016587 0.000109 0.062182
v -0.059078 0.006329 0.035684
vn 0.0952 0.2028 -0.9746
vn -0.3099 0.8159 0.4882
vn 0.1008 0.2264 -0.9688
vn 0.7029 0.3984 -0.5892
vn 0.9392 0.1003 0.3284
vn -0.1658 0.6621 0.7309
vn 0.0710 -0.9789 -0.1914
vn 0.0217 -0.9707 -0.2393
vn 0.0510 -0.9931 -0.1060
vn -0.4653 -0.7612 0.4517
vn 0.1739 -0.9809 -0.0876
vn -0.3150 0.7905 0.5253
vn -0.6339 -0.5097 0.5816
vt 0.010035 0.000000
vt 0.327006 0.000000
vt 0.132398 0.103021
vt 1.000000 0.000000
vt 0.985192 0.985192
vt 0.000000 0.000000
vt 0.984611 0.984611
vt 0.486880 0.000000
vt 0.595595 0.180567
vt 1.000000 0.672994
vt 1.000000 0.491049
vt 0.486880 0.486880
vt 0.270908 0.064130
vt 0.169436 0.169436
vt 0.776240 0.000000
vt 0.952020 0.183494
vt 0.771595 0.146220
vt 0.780777 0.157754
vt 0.778173 0.169531
vt 0.749590 0.184264
vt 0.733516 0.156423
vt 0.771595 0.146220
vt 0.733516 0.095890
vt 0.748969 0.116066
vt 0.573685 0.144750
vt 0.782325 0.000000
vt 0.985192 0.000000
vt 0.728586 0.121098
vt 0.730482 0.093487
vt 0.731284 0.150416
s 0
f 2567/3684/1757 2559/3685/1757 2560/3686/1757
f 2549/3687/1758 2567/3688/1758 2548/3689/1758
f 2567/3690/1759 2549/3689/1759 2564/3691/1759 2563/3692/1759 2559/3693/1759
f 2549/3689/1760 2548/3687/1760 2565/3694/1760 2564/3695/1760
f 2566/3696/1761 2565/3697/1761 2548/3689/1761
f 2566/3698/1762 2548/3687/1762 2561/3699/1762
s 1
f 2555/3700/1763 2556/3701/1764 2557/3702/1764 2558/3703/1764 2552/3704/1765
f 2555/3705/1763 2552/3704/1765 2551/3706/1766 2550/3707/1767
s 0
f 2562/3708/1768 2561/3709/1768 2548/3689/1768 2567/3710/1768
s 1
f 2553/3711/1769 2554/3712/1769 2551/3706/1766 2552/3713/1765
o Bottle_cell.068
v 0.002424 0.358445 -0.004208
v 0.000428 0.353290 -0.001922
v 0.049714 0.200750 -0.001478
v 0.000643 0.204885 -0.001312
v 0.034674 0.362450 -0.060690
v 0.060058 0.362495 -0.035307
v 0.032757 0.378617 -0.057398
v 0.034131 0.370306 -0.059763
v 0.042096 0.385716 -0.043439
v 0.049852 0.384444 -0.036520
v 0.057711 0.375256 -0.033975
v 0.062000 0.362507 -0.028059
v 0.059889 0.370354 -0.031891
v 0.064856 0.341346 -0.017367
v 0.067364 0.223644 -0.007834
v 0.067383 0.197578 -0.007725
v 0.060069 0.193624 -0.035017
v -0.000000 0.193392 -0.069697
v -0.005105 0.194091 -0.068330
v 0.050175 0.192877 -0.044909
v 0.034681 0.191731 -0.060401
v 0.030643 0.387444 -0.053752
v 0.020764 0.384800 -0.057658
v 0.020117 0.378611 -0.060785
v 0.018972 0.370298 -0.063824
v -0.000000 0.279494 -0.069842
v -0.015992 0.212978 -0.065445
v 0.017553 0.362442 -0.065278
v -0.015979 0.195601 -0.065419
v 0.042096 0.385716 -0.043439
v 0.049852 0.384444 -0.036520
v 0.062000 0.362507 -0.028059
v 0.059889 0.370354 -0.031891
v 0.057711 0.375256 -0.033975
v 0.064856 0.341346 -0.017367
v 0.067364 0.223644 -0.007834
v 0.067383 0.197578 -0.007725
v 0.060069 0.193624 -0.035017
v -0.000000 0.193392 -0.069697
v 0.034681 0.191731 -0.060401
v 0.050175 0.192877 -0.044909
v -0.005105 0.194091 -0.068330
v 0.030643 0.387444 -0.053752
v -0.000000 0.279494 -0.069842
v -0.015992 0.212978 -0.065445
v 0.020764 0.384800 -0.057658
v 0.020117 0.378611 -0.060785
v 0.018972 0.370298 -0.063824
v 0.017553 0.362442 -0.065278
v -0.015979 0.195601 -0.065419
vn -0.2135 0.8900 0.4028
vn 0.2995 0.4729 0.8287
vn 0.2745 0.2990 0.9139
vn 0.2469 0.0835 0.9654
vn 0.2530 0.0728 0.9647
vn -0.0802 -0.9618 0.2616
vn -0.0908 -0.9824 0.1635
vn -0.2792 0.8895 0.3616
vn -0.9414 0.2832 -0.1834
vn -0.9504 0.2136 -0.2260
vn -0.9680 -0.0004 0.2510
vn 0.0037 0.0041 1.0000
vn 0.5013 0.0892 -0.8607
vn 0.4997 -0.0014 -0.8662
vn 0.0156 -0.0017 -0.9999
vn 0.2211 -0.0016 -0.9752
vn 0.2584 0.0556 -0.9644
vn -0.2588 -0.0016 -0.9659
vn 0.8576 -0.0008 -0.5143
vn 0.8512 0.0937 -0.5164
vn 0.9649 0.0454 -0.2586
vn 0.9659 -0.0004 -0.2588
vn 0.7071 -0.0012 -0.7071
vn 0.7936 0.1948 -0.5765
vn 0.4954 0.2206 -0.8402
vn 0.4758 0.3417 -0.8105
vn 0.6917 0.2580 -0.6745
vn 0.2419 0.3536 -0.9036
vn 0.2532 0.2058 -0.9453
vn 0.6512 0.4000 -0.6449
vn 0.4666 0.4210 -0.7779
vn 0.2349 0.4186 -0.8773
vn -0.0918 -0.9818 0.1662
vt 0.660970 0.000000
vt 1.000000 0.000000
vt 1.000000 0.404518
vt 0.490585 0.276107
vt 0.449672 0.354681
vt 0.404518 0.404518
vt 0.000000 0.000000
vt 0.531823 0.000000
vt 0.508798 0.195754
vt 0.531823 0.531823
vt 0.541459 0.541459
vt 0.824345 0.000000
vt 1.000000 0.569686
vt 0.824345 0.824345
vt 0.569686 0.569686
vt 0.556573 0.238548
vt 0.185077 0.000000
vt 0.844226 0.000000
vt 0.857183 0.094303
vt 0.545046 0.000000
vt 1.000000 0.339030
vt 0.711628 0.140074
vt 1.000000 1.000000
vt 0.527193 0.000000
vt 1.000000 0.117045
vt 0.527193 0.527193
vt 0.525000 0.485135
vt 0.529888 0.439763
vt 0.544091 0.410485
vt 0.766908 0.204769
vt 0.117045 0.117045
vt 0.116416 0.000000
vt 0.546475 0.672108
vt 0.546458 0.353064
vt 0.604185 0.355157
vt 0.604188 0.516067
vt 0.574973 0.671595
vt 0.634922 0.391746
vt 0.604188 0.516067
vt 0.613996 0.356460
vt 0.634896 0.359272
vt 0.239892 0.407479
vt 0.239898 0.091889
vt 0.253829 0.091889
vt 0.274307 0.131471
vt 0.292236 0.351466
vt 0.292358 0.400179
vt 0.182165 0.409889
vt 0.182182 0.090846
vt 0.239892 0.407479
vt 0.217396 0.408435
vt 0.240420 0.077255
vt 0.183609 0.076228
vt 0.187216 0.060699
vt 0.241199 0.068062
vt 0.572547 0.701875
vt 0.551509 0.702254
vt 0.547902 0.686726
vt 0.573133 0.686272
vt 0.216757 0.047887
vt 0.232887 0.050600
vt 0.238070 0.061619
vt 0.192766 0.044158
vt 0.557059 0.718795
vt 0.572735 0.716590
vt 0.245968 0.077255
vt 0.814923 0.000000
vt 0.912763 0.002953
vt 0.824113 0.824113
vt 0.116416 0.116416
vt 0.155774 0.000000
s 0
f 2597/3714/1770 2568/3715/1770 2598/3716/1770
f 2600/3717/1771 2601/3718/1771 2598/3719/1771 2568/3720/1771 2602/3721/1771 2599/3722/1771
f 2568/3720/1772 2569/3715/1772 2602/3723/1772
f 2602/3724/1773 2569/3720/1773 2603/3725/1773
f 2569/3720/1774 2570/3715/1774 2604/3726/1774 2603/3727/1774
f 2604/3728/1775 2570/3720/1775 2571/3715/1775
f 2607/3729/1776 2608/3730/1776 2609/3731/1776 2606/3732/1776
f 2613/3733/1777 2568/3715/1777 2597/3734/1777 2610/3735/1777
f 2568/3736/1778 2613/3737/1778 2569/3715/1778
f 2612/3738/1779 2569/3736/1779 2613/3739/1779 2614/3740/1779 2615/3741/1779 2616/3742/1779 2611/3743/1779
f 2571/3715/1780 2569/3736/1780 2612/3744/1780 2617/3745/1780
f 2571/3720/1781 2570/3715/1781 2569/3736/1781
s 1
f 2572/3746/1782 2588/3747/1783 2585/3748/1784 2593/3749/1785 2595/3750/1786
f 2594/3751/1787 2593/3752/1785 2585/3748/1784 2586/3753/1787 2596/3754/1787
f 2605/3755/1788 2573/3756/1789 2579/3757/1790 2581/3758/1791 2582/3759/1791 2583/3760/1791
f 2588/3761/1783 2572/3762/1782 2573/3756/1789 2605/3763/1788 2587/3764/1792
f 2580/3765/1793 2575/3766/1794 2574/3767/1795 2578/3768/1796
f 2591/3769/1797 2574/3770/1795 2575/3771/1794 2592/3772/1798
f 2576/3773/1799 2577/3774/1799 2578/3775/1796 2574/3767/1795 2589/3776/1800
f 2589/3777/1800 2574/3770/1795 2591/3769/1797 2590/3778/1801
f 2592/3772/1798 2575/3771/1794 2572/3746/1782 2595/3750/1786
f 2572/3762/1782 2575/3766/1794 2580/3765/1793 2573/3756/1789
f 2579/3757/1790 2573/3756/1789 2580/3779/1793
s 0
f 2608/3780/1802 2584/3781/1802 2604/3782/1802 2571/3736/1802 2617/3783/1802 2609/3784/1802
o Bottle_cell.069
v 0.041866 0.033460 -0.043438
v 0.031687 0.047674 -0.054057
v 0.001369 0.016706 -0.061897
v 0.033313 -0.000101 -0.057700
v 0.006611 0.002608 -0.054508
v 0.001303 0.002195 -0.057492
v 0.036160 0.003256 -0.037483
v 0.044969 -0.000080 -0.046045
v 0.046629 0.042590 -0.048206
v 0.025400 0.004056 -0.044001
v 0.001044 0.003350 -0.069097
v 0.001315 0.026555 -0.069064
v 0.007994 0.033371 -0.067286
v 0.034686 0.060348 -0.060179
v 0.044284 0.048079 -0.050560
v 0.006611 0.002608 -0.054508
v 0.001303 0.002195 -0.057492
v 0.036160 0.003256 -0.037483
v 0.044969 -0.000080 -0.046045
v 0.025400 0.004056 -0.044001
v 0.001044 0.003350 -0.069097
v 0.001315 0.026555 -0.069064
v 0.007994 0.033371 -0.067286
v 0.034686 0.060348 -0.060179
v 0.046629 0.042590 -0.048206
v 0.044284 0.048079 -0.050560
vn -0.4888 0.2554 0.8342
vn 0.6987 0.0090 0.7153
vn -0.4868 0.2566 0.8350
vn -0.9997 0.0116 0.0235
vn -0.6310 0.4542 0.6289
vn -0.4894 0.2692 0.8294
vn -0.6273 0.4540 0.6327
vn 0.0886 0.4244 0.9011
vn -0.2510 0.4625 0.8504
vn 0.3242 -0.7432 -0.5853
vn 0.2175 -0.6343 -0.7418
vn 0.3093 -0.0338 -0.9504
vn 0.5151 -0.0441 -0.8560
vn 0.6869 -0.0518 -0.7249
vn 0.4015 -0.8084 -0.4305
vn -0.0706 -0.9928 0.0965
vn -0.1280 -0.9816 0.1419
vn -0.1845 -0.9650 0.1862
vt 0.211788 0.211788
vt 0.000000 0.000000
vt 0.217082 0.000000
vt 0.780786 0.745414
vt 0.937532 0.000000
vt 1.000000 0.000000
vt 1.000000 0.362494
vt 0.362494 0.362494
vt 1.000000 0.211788
vt 0.586399 0.294127
vt 0.217082 0.217082
vt 0.124326 0.000000
vt 0.872657 0.588436
vt 0.124326 0.124326
vt 0.102573 0.000000
vt 1.000000 1.000000
vt 1.000000 0.897427
vt 0.113340 0.013724
vt 1.000000 0.899671
vt 0.922805 0.922805
vt 0.903644 0.000000
vt 0.899671 0.899671
vt 0.546440 0.001040
vt 0.602440 0.000031
vt 0.601990 0.043405
vt 0.590872 0.056338
vt 0.546445 0.107530
vt 0.203974 0.678775
vt 0.209306 0.689138
vt 0.209794 0.762411
vt 0.182147 0.761911
vt 0.182844 0.655442
vt 0.933225 0.061537
vt 0.930174 0.050651
vt 0.941487 0.038723
vt 0.972474 0.092394
vt 0.944092 0.099999
vt 0.972474 0.122996
vt 0.949662 0.122679
s 0
f 2633/3785/1803 2620/3786/1803 2634/3787/1803
f 2636/3788/1804 2642/3789/1804 2618/3790/1804 2635/3791/1804
f 2635/3792/1805 2618/3786/1805 2620/3790/1805 2633/3793/1805 2637/3794/1805
f 2634/3795/1806 2620/3786/1806 2639/3796/1806 2638/3797/1806
f 2639/3798/1807 2620/3786/1807 2640/3799/1807
f 2619/3790/1808 2620/3800/1808 2618/3786/1808
f 2640/3801/1809 2620/3800/1809 2619/3786/1809 2641/3802/1809
f 2643/3803/1810 2618/3800/1810 2642/3804/1810
f 2641/3805/1811 2619/3790/1811 2618/3800/1811 2643/3806/1811
s 1
f 2621/3807/1812 2628/3808/1813 2629/3809/1814 2630/3810/1814 2631/3811/1815
f 2632/3812/1816 2626/3813/1816 2625/3814/1817 2621/3815/1812 2631/3816/1815
f 2622/3817/1818 2623/3818/1818 2628/3819/1813 2621/3820/1812 2627/3821/1819
f 2627/3821/1819 2621/3820/1812 2625/3822/1817 2624/3823/1820
o Bottle_cell.070
v 0.043785 0.032651 -0.041785
v 0.057950 0.032466 -0.016071
v 0.062751 0.017252 -0.001474
v 0.057700 -0.000058 -0.033313
v 0.058559 0.002073 -0.000470
v 0.066471 -0.000001 -0.000582
v 0.052998 0.002895 -0.009263
v 0.047440 0.003613 -0.019484
v 0.044216 0.004021 -0.025535
v 0.038111 0.003150 -0.036103
v 0.046384 -0.000078 -0.044630
v 0.048374 0.041579 -0.046459
v 0.068795 0.026677 -0.002202
v 0.065336 0.041249 -0.015133
v 0.062711 0.047377 -0.024938
v 0.060078 0.051733 -0.034772
v 0.066471 -0.000001 -0.000582
v 0.068795 0.026677 -0.002202
v 0.058559 0.002073 -0.000470
v 0.046384 -0.000078 -0.044630
v 0.048374 0.041579 -0.046459
v 0.052998 0.002895 -0.009263
v 0.047440 0.003613 -0.019484
v 0.044216 0.004021 -0.025535
v 0.038111 0.003150 -0.036103
v 0.065336 0.041249 -0.015133
v 0.062711 0.047377 -0.024938
v 0.060078 0.051733 -0.034772
vn -0.8055 0.2577 0.5336
vn -0.8429 0.2508 0.4760
vn -0.8466 0.2530 0.4682
vn -0.7170 0.0037 -0.6970
vn -0.6083 0.4411 0.6598
vn -0.6847 0.5214 0.5092
vn -0.7648 0.5067 0.3980
vn 0.9576 -0.0642 -0.2810
vn 0.6232 -0.7595 -0.1864
vn 0.5709 -0.7512 -0.3313
vn 0.8709 -0.0631 -0.4874
vn 0.4261 -0.8091 -0.4047
vn 0.7184 -0.0580 -0.6932
vn -0.2521 -0.9652 0.0692
vn -0.2192 -0.9673 0.1274
vn -0.1845 -0.9650 0.1862
vn 0.0295 0.0580 0.9979
vt 1.000000 0.357062
vt 0.224528 0.224528
vt 0.000000 0.000000
vt 1.000000 0.000000
vt 0.349325 0.000000
vt 0.357062 0.357062
vt 1.000000 0.356381
vt 0.581916 0.344915
vt 0.349325 0.349325
vt 0.356381 0.356381
vt 0.060798 0.000000
vt 0.917578 0.729311
vt 0.893061 0.893061
vt 0.879550 0.000000
vt 1.000000 1.000000
vt 0.891670 0.891670
vt 1.000000 0.898870
vt 0.924789 0.000000
vt 0.898870 0.898870
vt 0.869681 0.586774
vt 0.277598 0.692304
vt 0.302402 0.719579
vt 0.304903 0.762955
vt 0.239885 0.762955
vt 0.239886 0.672648
vt 0.258773 0.680820
vt 0.239886 0.672648
vt 0.212971 0.762469
vt 0.213313 0.687092
vt 0.940842 0.161117
vt 0.944552 0.148941
vt 0.972474 0.156423
vt 0.941019 0.210905
vt 0.930482 0.200670
vt 0.934722 0.181828
vt 0.944552 0.148941
vt 0.950413 0.127052
vt 0.972474 0.126710
vt 0.893061 0.000000
vt 1.000000 0.224527
vt 0.865063 0.070161
s 0
f 2665/3824/1821 2662/3825/1821 2646/3826/1821 2645/3827/1821
f 2645/3826/1822 2666/3828/1822 2665/3829/1822
f 2645/3826/1823 2644/3827/1823 2668/3830/1823 2667/3831/1823 2666/3832/1823
f 2668/3833/1824 2644/3826/1824 2664/3834/1824 2663/3835/1824
f 2656/3836/1825 2669/3837/1825 2645/3827/1825 2646/3838/1825
f 2669/3839/1826 2670/3840/1826 2645/3838/1826
f 2664/3841/1827 2644/3827/1827 2645/3838/1827 2670/3842/1827 2671/3843/1827
s 1
f 2657/3844/1828 2661/3845/1828 2660/3846/1829 2647/3847/1830 2659/3848/1831 2658/3849/1828
f 2659/3850/1831 2647/3847/1830 2654/3851/1832 2655/3852/1833
f 2651/3853/1834 2652/3854/1835 2647/3855/1830 2660/3856/1829 2648/3857/1834 2650/3858/1834
f 2647/3855/1830 2652/3859/1835 2653/3860/1836 2654/3861/1832
s 0
f 2656/3862/1837 2646/3827/1837 2662/3863/1837 2649/3864/1837
o Bottle_cell.071
v -0.007371 0.405280 0.022976
v -0.002114 0.361479 0.001479
v -0.005261 0.366340 0.002331
v -0.018644 0.385285 0.005617
v -0.038866 0.399263 0.010899
v -0.022524 0.411042 0.038296
v -0.039013 0.411013 0.021807
v -0.009686 0.418038 0.031716
v -0.012451 0.409823 0.042032
v -0.015413 0.420356 0.026855
v -0.016027 0.391477 0.054466
v -0.029326 0.393123 0.050107
v -0.015249 0.397352 0.051846
v -0.028098 0.417957 0.019154
v -0.040683 0.411002 0.015577
v -0.032691 0.416119 0.018148
v -0.023102 0.419163 0.021806
v -0.046682 0.403917 0.015523
v -0.050603 0.393544 0.028529
v -0.049857 0.397304 0.024564
v -0.009686 0.418038 0.031716
v -0.015413 0.420356 0.026855
v -0.016027 0.391477 0.054466
v -0.029326 0.393123 0.050107
v -0.012451 0.409823 0.042032
v -0.015249 0.397352 0.051846
v -0.040683 0.411002 0.015577
v -0.032691 0.416119 0.018148
v -0.028098 0.417957 0.019154
v -0.050603 0.393544 0.028529
v -0.049857 0.397304 0.024564
v -0.046682 0.403917 0.015523
v -0.023102 0.419163 0.021806
vn 0.9662 -0.0014 0.2579
vn 0.6693 0.4987 -0.5507
vn -0.3336 -0.8645 0.3759
vn 0.9655 -0.0118 0.2602
vn -0.0547 0.3195 -0.9460
vn 0.4623 0.4348 -0.7728
vn 0.4448 0.4382 -0.7811
vn 0.3948 0.4379 -0.8077
vn 0.5931 0.7734 0.2240
vn -0.6398 -0.4709 -0.6074
vn -0.6485 -0.4876 -0.5845
vn -0.2617 -0.0139 -0.9651
vn 0.0313 0.1922 -0.9809
vn -0.2895 0.8175 0.4979
vn -0.3570 0.7157 0.6002
vn -0.1989 0.7049 0.6808
vn -0.1378 0.8009 0.5827
vn -0.4109 0.8121 0.4143
vn -0.4491 0.8182 0.3589
vn -0.5928 0.7168 0.3670
vn -0.6728 0.7054 0.2231
vn -0.4063 0.5875 0.6998
vn -0.2349 0.4217 0.8758
vn -0.2435 0.5403 0.8055
vn -0.6230 0.6120 0.4871
vn -0.7295 0.6304 0.2653
vt 1.000000 0.000000
vt 1.000000 0.163181
vt 0.802573 0.000000
vt 0.267102 0.000000
vt 0.163181 0.163181
vt 0.000000 0.000000
vt 0.590711 0.000000
vt 1.000000 0.448983
vt 0.853516 0.321691
vt 1.000000 0.197427
vt 0.617032 0.384408
vt 0.448983 0.448983
vt 0.252487 0.000000
vt 0.283454 0.089778
vt 0.324842 0.256843
vt 0.337630 0.337630
vt 1.000000 1.000000
vt 0.553785 0.000000
vt 1.000000 0.732898
vt 0.553786 0.553786
vt 1.000000 0.434006
vt 0.252487 0.252487
vt 0.086295 0.086295
vt 0.412188 0.082536
vt 0.406164 0.180978
vt 0.379810 0.379810
vt 0.824569 0.272877
vt 0.831016 0.248817
vt 0.848216 0.258747
vt 0.839249 0.274292
vt 0.798586 0.266612
vt 0.791232 0.261908
vt 0.787724 0.248817
vt 0.808630 0.269687
vt 0.777354 0.254804
vt 0.014080 0.729107
vt 0.035834 0.725595
vt 0.038484 0.736639
vt 0.381032 0.025922
vt 0.396229 0.000000
vt 0.433721 0.000676
vt 0.428158 0.026772
vt 0.031936 0.762956
vt 0.016739 0.737032
vt 0.049136 0.762645
vt 0.445695 0.000676
vt 0.448696 0.014159
vt 0.434030 0.026772
s 0
f 2672/3865/1838 2692/3866/1838 2696/3867/1838
f 2693/3868/1839 2692/3869/1839 2672/3870/1839
f 2701/3871/1840 2673/3865/1840 2694/3872/1840 2695/3873/1840
f 2673/3870/1841 2672/3865/1841 2696/3874/1841 2697/3875/1841 2694/3876/1841
f 2675/3870/1842 2703/3877/1842 2698/3878/1842 2699/3879/1842 2700/3880/1842
f 2673/3870/1843 2674/3865/1843 2672/3881/1843
f 2672/3881/1844 2674/3870/1844 2704/3882/1844 2693/3883/1844
f 2704/3884/1845 2674/3870/1845 2675/3865/1845 2700/3885/1845
f 2703/3886/1846 2675/3870/1846 2676/3865/1846
f 2676/3870/1847 2673/3865/1847 2703/3887/1847
f 2673/3870/1848 2701/3888/1848 2702/3889/1848 2703/3890/1848
f 2676/3870/1849 2675/3865/1849 2673/3881/1849
f 2675/3870/1850 2674/3865/1850 2673/3881/1850
s 1
f 2681/3891/1851 2677/3892/1852 2680/3893/1853 2679/3894/1854
f 2685/3895/1855 2687/3896/1856 2678/3897/1857 2677/3892/1852 2681/3891/1851 2688/3898/1855
f 2678/3897/1857 2687/3896/1856 2686/3899/1858
f 2683/3900/1859 2682/3901/1860 2684/3902/1861
f 2683/3903/1859 2677/3904/1852 2678/3905/1857 2690/3906/1862
f 2677/3907/1852 2683/3908/1859 2684/3902/1861 2680/3909/1853
f 2690/3906/1862 2678/3905/1857 2686/3910/1858 2689/3911/1863 2691/3912/1863
o Bottle_cell.072
v -0.000000 0.030870 -0.006976
v -0.044223 0.190235 -0.046141
v -0.000827 0.202638 -0.002670
v 0.000079 0.030880 -0.001339
v 0.059420 0.191306 -0.035662
v 0.059504 0.176709 -0.035553
v 0.005301 0.030875 -0.004209
v 0.011825 0.027745 -0.008559
v 0.034248 0.189501 -0.060514
v -0.028700 0.191600 -0.062004
v -0.016787 0.193526 -0.065199
v -0.000000 0.191177 -0.069693
v -0.007922 0.028537 -0.009697
v 0.008222 0.027125 -0.014288
v 0.033743 0.136009 -0.060559
v -0.016874 0.172576 -0.065141
v -0.000000 0.176475 -0.069668
v -0.000000 0.028161 -0.013852
v 0.059420 0.191306 -0.035662
v 0.059504 0.176709 -0.035553
v 0.000079 0.030880 -0.001339
v 0.005301 0.030875 -0.004209
v -0.028700 0.191600 -0.062004
v -0.016787 0.193526 -0.065199
v 0.034248 0.189501 -0.060514
v -0.000000 0.191177 -0.069693
v 0.033743 0.136009 -0.060559
v -0.000000 0.176475 -0.069668
v -0.016874 0.172576 -0.065141
v 0.011825 0.027745 -0.008559
v 0.008222 0.027125 -0.014288
v -0.007922 0.028537 -0.009697
v -0.000000 0.030870 -0.006976
v -0.000000 0.028161 -0.013852
vn 0.4876 0.0064 0.8730
vn 0.8659 -0.3479 -0.3595
vn 0.0937 0.9816 -0.1662
vn -0.1838 0.9783 -0.0957
vn -0.7096 -0.0030 0.7046
vn 0.0927 0.9816 -0.1667
vn -0.0957 -0.3702 -0.9240
vn -0.2093 -0.3489 -0.9135
vn -0.0151 -0.0017 -0.9999
vn 0.4981 -0.0034 -0.8671
vn 0.4957 -0.0034 -0.8685
vn 0.0405 -0.0017 -0.9992
vn -0.2588 -0.0016 -0.9659
vn 0.7016 -0.0050 -0.7125
vn -0.0387 -0.9660 0.2558
vn 0.1465 -0.9203 0.3627
vn -0.0000 -0.9304 0.3667
vn -0.1721 -0.9338 0.3137
vn -0.2086 -0.9348 0.2874
vn -0.1426 -0.9700 0.1971
vn -0.6679 -0.3031 -0.6797
vn -0.0000 -1.0000 0.0017
vt 1.000000 0.928492
vt 0.928373 0.928373
vt 0.000000 0.000000
vt 0.841509 0.000000
vt 0.917268 0.080552
vt 1.000000 0.157032
vt 0.923469 0.923469
vt 0.131841 0.131841
vt 0.130712 0.000000
vt 0.724184 0.000000
vt 0.264270 0.000000
vt 1.000000 0.000000
vt 1.000000 0.928373
vt 0.394086 0.000000
vt 1.000000 1.000000
vt 0.102246 0.102246
vt 0.839811 0.000000
vt 0.905200 0.069417
vt 1.000000 0.158491
vt 0.264270 0.264270
vt 0.735259 0.071818
vt 1.000000 0.102246
vt 1.000000 0.275816
vt 0.768562 0.635476
vt 0.136438 0.000000
vt 0.732282 0.732282
vt 0.137317 0.066706
vt 0.133944 0.000000
vt 0.895135 0.000000
vt 0.926455 0.265702
vt 0.604185 0.351018
vt 0.546458 0.348855
vt 0.548017 0.248900
vt 0.604184 0.323543
vt 0.659347 0.351784
vt 0.636449 0.355393
vt 0.604185 0.351018
vt 0.604184 0.323543
vt 0.636615 0.316241
vt 0.238415 0.411781
vt 0.238510 0.440219
vt 0.182160 0.515152
vt 0.182165 0.414098
vt 0.053257 0.798038
vt 0.065361 0.793162
vt 0.068921 0.800493
vt 0.074032 0.817395
vt 0.061419 0.822244
vt 0.054168 0.814635
vt 0.056583 0.810451
vt 0.073657 0.815027
vt 0.056583 0.803799
vt 0.072137 0.808431
vt 0.138230 0.000000
vt 1.000000 0.605914
vt 0.895135 0.895135
vt 0.056583 0.803951
s 0
f 2724/3913/1864 2723/3914/1864 2707/3915/1864 2725/3916/1864 2726/3917/1864 2734/3918/1864
f 2724/3919/1865 2734/3920/1865 2735/3921/1865 2731/3922/1865
f 2729/3923/1866 2707/3924/1866 2723/3925/1866
f 2727/3926/1867 2706/3924/1867 2707/3927/1867 2728/3928/1867
f 2707/3927/1868 2706/3915/1868 2736/3929/1868 2705/3930/1868 2725/3931/1868
f 2707/3927/1869 2729/3932/1869 2730/3933/1869 2728/3934/1869
f 2731/3935/1870 2735/3936/1870 2722/3937/1870
f 2731/3938/1871 2722/3939/1871 2736/3940/1871 2733/3941/1871 2732/3942/1871
s 1
f 2716/3943/1872 2713/3944/1873 2719/3945/1874 2721/3946/1875
f 2714/3947/1876 2715/3948/1876 2716/3949/1872 2721/3950/1875 2720/3951/1876
f 2709/3952/1877 2710/3953/1877 2719/3954/1874 2713/3955/1873
f 2737/3956/1878 2717/3957/1879 2738/3958/1880
f 2718/3959/1881 2712/3960/1882 2711/3961/1883 2737/3962/1878
f 2718/3963/1881 2737/3964/1878 2738/3965/1880
s 0
f 2736/3966/1884 2706/3924/1884 2727/3967/1884 2733/3968/1884
s 1
f 2708/3969/1885 2737/3962/1878 2711/3961/1883
o Bottle_cell.073
v 0.041507 0.030520 -0.039696
v 0.055760 0.030937 -0.015640
v 0.060149 0.015681 -0.000663
v 0.029041 0.008612 -0.016782
v 0.048617 0.004356 0.005082
v 0.053589 0.003260 0.002106
v 0.053617 0.003020 -0.005269
v 0.042615 0.004506 -0.024612
v 0.036472 0.003751 -0.034609
v 0.021581 0.013956 -0.019999
v 0.025932 0.014785 -0.014997
v 0.028114 0.014018 -0.008541
v 0.023732 0.008603 -0.022091
v 0.035976 0.008004 -0.000014
v 0.048617 0.004356 0.005082
v 0.053589 0.003260 0.002106
v 0.042615 0.004506 -0.024612
v 0.036472 0.003751 -0.034609
v 0.053617 0.003020 -0.005269
v 0.025932 0.014785 -0.014997
v 0.028114 0.014018 -0.008541
v 0.021581 0.013956 -0.019999
v 0.023732 0.008603 -0.022091
v 0.035976 0.008004 -0.000014
vn 0.8366 -0.2418 -0.4915
vn -0.1813 0.6345 0.7514
vn 0.5005 -0.0720 0.8627
vn 0.8858 -0.4637 0.0185
vn 0.8331 -0.2504 -0.4931
vn -0.4561 0.8525 0.2555
vn -0.7016 -0.0034 -0.7126
vn -0.2362 0.6780 0.6960
vn -0.4783 -0.8275 0.2941
vn -0.2200 -0.9675 0.1245
vn -0.2539 -0.9652 0.0630
vn -0.2538 -0.9670 0.0237
vn -0.3717 -0.9233 0.0967
vn -0.4353 -0.7873 0.4367
vn -0.1845 -0.9650 0.1862
vn -0.7852 -0.5546 0.2754
vn -0.7146 -0.5319 0.4543
vn -0.6164 -0.4890 0.6172
vn -0.2521 -0.9655 -0.0659
vt 1.000000 0.000000
vt 1.000000 1.000000
vt 0.000000 0.000000
vt 1.000000 0.585555
vt 0.578428 0.000000
vt 0.669242 0.669242
vt 1.000000 0.811362
vt 1.000000 0.806357
vt 0.809719 0.800931
vt 0.666332 0.000000
vt 0.806357 0.806357
vt 0.727529 0.280028
vt 0.469693 0.000000
vt 0.473945 0.473945
vt 0.497045 0.253185
vt 1.000000 0.473945
vt 0.666332 0.666332
vt 0.894493 0.467264
vt 1.000000 0.421572
vt 0.504261 0.504261
vt 0.913130 0.140521
vt 0.941238 0.148053
vt 0.930292 0.187884
vt 0.927012 0.198426
vt 0.898358 0.166107
vt 0.941238 0.148053
vt 0.913130 0.126583
vt 0.946299 0.126862
vt 0.600785 0.805210
vt 0.599366 0.792585
vt 0.610613 0.790860
vt 0.610613 0.820404
vt 0.599366 0.792585
vt 0.601057 0.781523
vt 0.610831 0.778788
vt 0.920572 0.197530
vt 0.906950 0.194101
vt 0.900223 0.171636
s 0
f 2740/3970/1886 2741/3971/1886 2739/3972/1886
f 2753/3973/1887 2741/3971/1887 2740/3972/1887 2762/3974/1887
f 2753/3975/1888 2754/3976/1888 2741/3971/1888
f 2757/3977/1889 2741/3971/1889 2754/3978/1889
f 2756/3979/1890 2739/3970/1890 2741/3971/1890 2757/3980/1890 2755/3981/1890
f 2759/3982/1891 2740/3970/1891 2739/3971/1891 2760/3983/1891 2758/3984/1891
f 2760/3985/1892 2739/3971/1892 2756/3986/1892 2761/3987/1892
f 2762/3988/1893 2740/3971/1893 2759/3989/1893
s 1
f 2742/3990/1894 2746/3991/1895 2745/3992/1896 2744/3993/1897 2752/3994/1898
f 2746/3995/1895 2742/3990/1894 2751/3996/1899 2747/3997/1900
f 2750/3998/1901 2749/3999/1902 2742/4000/1894 2752/4001/1898
f 2749/4002/1902 2748/4003/1903 2751/4004/1899 2742/4000/1894
f 2744/4005/1897 2743/4006/1904 2752/4007/1898
o Bottle_cell.074
v -0.000001 0.563375 0.031770
v 0.007019 0.563371 0.029889
v 0.006111 0.557575 0.030143
v -0.000001 0.557773 0.031780
v -0.007858 0.558061 0.029674
v -0.005982 0.563372 0.030167
v 0.006111 0.557575 0.030143
v -0.000001 0.557773 0.031780
v -0.007858 0.558061 0.029674
v -0.000001 0.563375 0.031770
v -0.005982 0.563372 0.030167
v 0.007019 0.563371 0.029889
vn 0.0073 0.1669 -0.9860
vn -0.0345 -0.9994 -0.0077
vn 0.2588 0.0017 0.9659
vn -0.0000 0.0017 1.0000
vn 0.0057 0.0017 1.0000
vn -0.2588 0.0017 0.9659
vt 1.000000 0.730544
vt 1.000000 1.000000
vt 0.000000 0.000000
vt 0.261296 0.000000
vt 0.511200 0.233094
vt 1.000000 0.000000
vt 0.983360 0.983360
vt 0.967043 0.587903
vt 0.174921 0.808024
vt 0.181653 0.808199
vt 0.181653 0.821691
vt 0.171259 0.821691
vt 0.181833 0.831648
vt 0.172036 0.834771
s 0
f 2774/4008/1905 2769/4009/1905 2771/4010/1905 2773/4011/1905 2772/4012/1905
f 2771/4013/1906 2769/4014/1906 2770/4015/1906
s 1
f 2765/4016/1907 2764/4017/1907 2763/4018/1908 2766/4019/1909
f 2768/4020/1910 2767/4021/1910 2766/4019/1909 2763/4018/1908
o Bottle_cell.075
v -0.006741 0.557307 0.025946
v 0.006869 0.557015 0.026877
v 0.007970 0.568648 0.024076
v 0.004222 0.573310 0.025072
v -0.004362 0.573403 0.018763
v 0.007238 0.560049 0.016365
v -0.000055 0.568837 0.018194
v -0.000030 0.573376 0.021928
v -0.007135 0.563898 0.027623
v -0.006084 0.573309 0.024573
v -0.000001 0.564208 0.028231
v 0.007249 0.563782 0.028085
v 0.003250 0.556251 0.017487
v -0.004061 0.554239 0.017325
v 0.007970 0.568648 0.024076
v 0.004222 0.573310 0.025072
v 0.007238 0.560049 0.016365
v -0.000055 0.568837 0.018194
v -0.004362 0.573403 0.018763
v -0.004362 0.573403 0.018763
v -0.004362 0.573403 0.018763
v -0.000030 0.573376 0.021928
v -0.006084 0.573309 0.024573
v -0.007135 0.563898 0.027623
v -0.000001 0.564208 0.028231
v 0.003250 0.556251 0.017487
v -0.004061 0.554239 0.017325
v 0.007249 0.563782 0.028085
vn 0.5042 0.5512 -0.6648
vn 0.4947 0.5505 -0.6724
vn -0.9562 0.0108 -0.2925
vn -0.0714 -0.2500 0.9656
vn 0.0095 -0.1763 0.9843
vn 0.9958 -0.0877 0.0271
vn 0.6484 -0.7372 -0.1900
vn 0.2658 -0.9637 -0.0240
vn -0.0424 -0.9454 0.3233
vn 0.0536 0.4426 0.8951
vn 0.0454 0.6866 0.7256
vn 0.0948 0.7146 0.6931
vn 0.1247 0.4407 0.8889
vn -0.0153 0.4423 0.8968
vn -0.0045 0.9999 0.0149
vn -0.0898 0.0392 -0.9952
vn -0.0532 0.0739 -0.9958
vn -0.0677 0.0601 -0.9959
vn -0.0998 0.0297 -0.9946
vt 0.727265 0.217752
vt 0.477656 0.000000
vt 1.000000 0.000000
vt 1.000000 0.326902
vt 0.326902 0.326902
vt 0.084844 0.000000
vt 0.652819 0.263232
vt 1.000000 0.406009
vt 0.352090 0.352090
vt 0.554335 0.000000
vt 0.827869 0.181362
vt 0.713229 0.389675
vt 0.155059 0.155059
vt 0.000000 0.000000
vt 0.692187 0.165983
vt 0.160453 0.160453
vt 0.354285 0.000000
vt 0.354285 0.354285
vt 1.000000 0.522344
vt 1.000000 1.000000
vt 0.459868 0.000000
vt 0.459868 0.459868
vt 0.643228 0.000000
vt 0.356772 0.000000
vt 0.089091 0.811740
vt 0.105105 0.811740
vt 0.105288 0.821866
vt 0.089278 0.822081
vt 0.105105 0.803623
vt 0.089091 0.796989
vt 0.096458 0.796421
vt 0.274379 0.800774
vt 0.278423 0.810187
vt 0.266726 0.810360
vt 0.956281 0.280462
vt 0.956811 0.253429
vt 0.963226 0.257340
vt 0.963226 0.257340
vt 0.977191 0.273636
vt 0.969502 0.280684
vt 0.963151 0.284073
s 0
f 2790/4022/1911 2789/4023/1911 2791/4024/1911 2796/4025/1911
f 2796/4026/1912 2791/4027/1912 2792/4028/1912 2793/4029/1912
f 2794/4030/1913 2801/4031/1913 2775/4024/1913 2798/4032/1913 2797/4033/1913
f 2798/4034/1914 2775/4035/1914 2776/4024/1914 2799/4036/1914
f 2799/4037/1915 2776/4035/1915 2802/4038/1915
f 2802/4039/1916 2776/4035/1916 2791/4024/1916 2789/4040/1916
f 2791/4041/1917 2776/4035/1917 2800/4042/1917
f 2800/4043/1918 2776/4035/1918 2801/4044/1918
f 2801/4045/1919 2776/4024/1919 2775/4041/1919
s 1
f 2785/4046/1920 2782/4047/1921 2784/4048/1922 2783/4049/1923
f 2778/4050/1924 2782/4047/1921 2785/4046/1920 2786/4051/1924 2777/4052/1924
f 2782/4053/1921 2779/4054/1925 2784/4055/1922
f 2788/4056/1926 2795/4057/1927 2781/4058/1928
f 2781/4059/1928 2780/4060/1929 2787/4061/1929 2788/4062/1926
o Bottle_cell.076
v 0.007564 0.555521 0.026254
v 0.018648 0.555938 0.019009
v 0.013602 0.548468 0.022602
v 0.006550 0.488655 0.024596
v 0.001024 0.489220 0.026076
v -0.000024 0.489497 0.019312
v 0.017493 0.487900 0.018817
v 0.013602 0.488111 0.022707
v 0.010072 0.488603 0.016619
v 0.007990 0.549394 0.027762
v -0.003881 0.493347 0.018224
v 0.005474 0.544167 0.024787
v 0.002507 0.552530 0.017739
v -0.000037 0.524595 0.018817
v 0.017820 0.516477 0.018440
v 0.012632 0.535702 0.013171
v 0.019366 0.549000 0.019766
v 0.012506 0.555903 0.012917
v 0.008612 0.558713 0.016016
v 0.006550 0.488655 0.024596
v 0.001024 0.489220 0.026076
v 0.017493 0.487900 0.018817
v 0.013602 0.488111 0.022707
v 0.005474 0.544167 0.024787
v 0.002507 0.552530 0.017739
v -0.000037 0.524595 0.018817
v -0.003881 0.493347 0.018224
v 0.017820 0.516477 0.018440
v 0.012632 0.535702 0.013171
v 0.012506 0.555903 0.012917
v -0.000024 0.489497 0.019312
v 0.010072 0.488603 0.016619
v 0.007990 0.549394 0.027762
v 0.019366 0.549000 0.019766
v 0.013602 0.548468 0.022602
v 0.008612 0.558713 0.016016
vn -0.1080 -0.9939 -0.0239
vn -0.0909 -0.9953 -0.0337
vn -0.8259 0.0800 0.5580
vn -0.8405 0.0303 0.5410
vn -0.8704 0.0979 0.4825
vn 0.4342 -0.0620 -0.8987
vn 0.7042 -0.0045 -0.7100
vn 0.5571 0.1079 0.8234
vn 0.1667 0.9364 0.3090
vn -0.6815 0.7156 0.1533
vn 0.3457 0.8692 -0.3536
vn -0.6462 -0.0186 -0.7630
vn -0.2849 -0.0141 -0.9585
vn -0.4880 -0.0169 -0.8727
vn 0.3485 -0.1925 0.9173
vn 0.2588 0.0017 0.9659
vn 0.4664 -0.0076 0.8845
vn 0.5137 -0.1428 0.8460
vn 0.6388 -0.0159 0.7692
vn 0.4873 -0.5972 0.6370
vn -0.0926 -0.0141 -0.9956
vn 0.2588 -0.0135 -0.9658
vn -0.2393 -0.0138 -0.9708
vn -0.2588 -0.0137 -0.9658
vt 1.000000 0.550159
vt 0.328790 0.328790
vt 1.000000 0.391222
vt 0.494341 0.000000
vt 0.684086 0.000000
vt 0.669001 0.258918
vt 0.550159 0.550159
vt 0.391222 0.391222
vt 0.090197 0.090197
vt 0.000000 0.000000
vt 0.104490 0.000000
vt 1.000000 0.015113
vt 1.000000 0.328790
vt 0.173338 0.000000
vt 0.949193 0.000000
vt 0.445449 0.000000
vt 0.641454 0.452803
vt 0.949193 0.949193
vt 0.104490 0.104490
vt 0.571584 0.000000
vt 1.000000 0.315914
vt 1.000000 0.505659
vt 0.292655 0.000000
vt 0.866763 0.108261
vt 0.571584 0.571584
vt 0.292655 0.292655
vt 0.463970 0.000000
vt 1.000000 0.000000
vt 1.000000 0.090690
vt 0.568127 0.099686
vt 0.097941 0.097941
vt 1.000000 1.000000
vt 0.025431 0.000000
vt 1.000000 0.598156
vt 1.000000 0.536030
vt 0.988418 0.318904
vt 0.982210 0.406162
vt 0.981775 0.276929
vt 0.988296 0.281432
vt 0.761748 0.634268
vt 0.753196 0.532304
vt 0.763817 0.531260
vt 0.777370 0.530257
vt 0.777370 0.642256
vt 0.786961 0.583080
vt 0.787130 0.642433
vt 0.777370 0.530257
vt 0.786217 0.530038
vt 0.718047 0.848903
vt 0.711226 0.847591
vt 0.721387 0.835495
vt 0.955795 0.403735
vt 0.956412 0.397483
vt 0.962994 0.339408
vt 0.982210 0.406162
vt 0.962810 0.404513
vt 0.971339 0.283143
vt 0.981775 0.276929
s 0
f 2822/4063/1930 2823/4064/1930 2808/4065/1930
f 2834/4066/1931 2824/4067/1931 2825/4068/1931 2822/4069/1931 2808/4070/1931
f 2835/4071/1932 2803/4072/1932 2826/4073/1932
f 2808/4074/1933 2823/4075/1933 2826/4076/1933 2829/4077/1933
f 2803/4072/1934 2827/4078/1934 2828/4079/1934 2829/4080/1934 2826/4081/1934
f 2830/4082/1935 2824/4083/1935 2834/4084/1935 2831/4085/1935
f 2836/4086/1936 2830/4087/1936 2831/4088/1936 2832/4089/1936 2804/4090/1936
f 2804/4072/1937 2803/4090/1937 2835/4091/1937 2805/4092/1937 2836/4093/1937
f 2838/4090/1938 2803/4094/1938 2804/4072/1938
f 2803/4094/1939 2838/4095/1939 2827/4096/1939
f 2838/4072/1940 2804/4090/1940 2832/4097/1940
s 1
f 2818/4098/1941 2811/4099/1942 2821/4100/1943 2820/4101/1941
f 2814/4102/1944 2807/4103/1945 2806/4104/1945 2810/4105/1946 2837/4106/1947
f 2817/4107/1948 2819/4108/1948 2837/4106/1947 2810/4109/1946 2809/4110/1948
f 2812/4111/1949 2814/4112/1944 2837/4113/1947
f 2833/4114/1950 2813/4115/1951 2816/4116/1952
f 2811/4117/1942 2833/4118/1950 2816/4116/1952 2815/4119/1953 2821/4120/1943
o Bottle_cell.077
v 0.008971 0.382028 -0.010662
v -0.002517 0.395304 -0.028268
v -0.001592 0.382379 -0.016474
v 0.008137 0.372165 -0.005155
v 0.001755 0.360506 -0.003806
v 0.028312 0.397175 -0.049732
v 0.022524 0.410906 -0.039730
v 0.037715 0.410378 -0.025176
v 0.042836 0.406343 -0.023432
v 0.045120 0.402574 -0.026753
v 0.048346 0.391362 -0.033513
v 0.047407 0.397208 -0.030637
v 0.049077 0.386565 -0.035912
v 0.025922 0.415343 -0.027725
v 0.041383 0.387494 -0.042991
v 0.020427 0.388189 -0.056131
v 0.030221 0.389206 -0.053024
v 0.018454 0.416618 -0.032691
v -0.002436 0.407999 -0.047550
v -0.000000 0.403068 -0.052350
v 0.002135 0.398219 -0.055857
v -0.000000 0.413613 -0.041899
v 0.048346 0.391362 -0.033513
v 0.047407 0.397208 -0.030637
v 0.045120 0.402574 -0.026753
v 0.042836 0.406343 -0.023432
v 0.049077 0.386565 -0.035912
v 0.041383 0.387494 -0.042991
v 0.030221 0.389206 -0.053024
v 0.020427 0.388189 -0.056131
v -0.000000 0.403068 -0.052350
v 0.002135 0.398219 -0.055857
v -0.002436 0.407999 -0.047550
v 0.037715 0.410378 -0.025176
v 0.025922 0.415343 -0.027725
v -0.000000 0.413613 -0.041899
v 0.018454 0.416618 -0.032691
vn 0.0403 0.4391 0.8975
vn 0.6358 -0.2561 0.7281
vn 0.0030 0.4623 0.8867
vn 0.6370 -0.2649 0.7239
vn -0.0941 0.4913 0.8659
vn -0.4134 0.4702 0.7797
vn -0.5126 0.3702 0.7747
vn 0.2379 -0.8955 -0.3762
vn 0.2178 -0.8927 -0.3946
vn -0.4372 0.5811 0.6865
vn -0.3837 0.5686 0.7277
vn -0.9513 -0.2500 -0.1803
vn -0.9418 -0.2689 -0.2017
vn -0.4118 -0.7365 -0.5366
vn -0.5213 0.5546 0.6486
vn -0.9749 -0.1840 -0.1253
vn -0.9543 0.2514 0.1615
vn 0.2913 0.8164 -0.4987
vn 0.3416 0.7288 -0.5935
vn 0.1579 0.6943 -0.7022
vn 0.4233 0.8043 -0.4171
vn 0.5275 0.6732 -0.5183
vn 0.4184 0.5399 -0.7304
vn 0.5962 0.5435 -0.5909
vn 0.6417 0.4190 -0.6424
vn 0.4476 0.4352 -0.7812
vn 0.1942 0.6070 -0.7706
vn 0.2252 0.4263 -0.8761
vn 0.0255 0.7037 -0.7100
vn 0.1666 0.6602 -0.7324
vn 0.5521 0.6334 -0.5422
vt 0.854561 0.179272
vt 0.662475 0.000000
vt 1.000000 0.000000
vt 0.352648 0.111051
vt 0.331622 0.224984
vt 0.310726 0.310726
vt 0.000000 0.000000
vt 0.361542 0.000000
vt 0.618515 0.000000
vt 0.960761 0.303884
vt 0.402408 0.000000
vt 1.000000 0.638458
vt 1.000000 1.000000
vt 0.671084 0.000000
vt 0.337045 0.000000
vt 0.402408 0.402408
vt 0.337044 0.337044
vt 0.451050 0.000000
vt 0.423956 0.143285
vt 0.680628 0.000000
vt 0.978640 0.317968
vt 1.000000 0.328916
vt 0.337818 0.337818
vt 1.000000 0.610643
vt 1.000000 0.550161
vt 0.610643 0.610643
vt 0.817887 0.575181
vt 1.000000 0.548950
vt 0.603473 0.547850
vt 0.787783 0.000000
vt 1.000000 0.715649
vt 0.207038 0.000000
vt 0.182570 0.182570
vt 0.791636 0.395786
vt 0.787724 0.410384
vt 0.761695 0.384874
vt 0.811724 0.401066
vt 0.825263 0.410384
vt 0.793719 0.396152
vt 0.198885 0.025923
vt 0.242302 0.026708
vt 0.237577 0.037643
vt 0.233612 0.046614
vt 0.217224 0.044541
vt 0.193874 0.040857
vt 0.602993 0.736312
vt 0.563178 0.737029
vt 0.558167 0.722096
vt 0.574236 0.719899
vt 0.622982 0.762275
vt 0.615867 0.762275
vt 0.612697 0.747402
vt 0.214082 0.000000
vt 0.247479 0.001660
vt 0.250526 0.005593
vt 0.248185 0.016577
vt 0.612697 0.747402
vt 0.578375 0.762951
vt 0.607179 0.738252
s 0
f 2864/4121/1954 2872/4122/1954 2842/4123/1954
f 2862/4124/1955 2863/4125/1955 2864/4126/1955 2842/4127/1955 2861/4128/1955
f 2873/4129/1956 2842/4123/1956 2872/4130/1956
f 2865/4131/1957 2861/4132/1957 2842/4133/1957 2843/4127/1957
f 2873/4134/1958 2839/4123/1958 2842/4133/1958
f 2839/4127/1959 2841/4123/1959 2842/4133/1959
f 2841/4127/1960 2843/4123/1960 2842/4133/1960
f 2866/4135/1961 2865/4136/1961 2843/4127/1961
f 2866/4137/1962 2843/4127/1962 2868/4138/1962 2867/4139/1962
f 2874/4140/1963 2841/4123/1963 2856/4141/1963
f 2841/4127/1964 2839/4123/1964 2873/4142/1964 2856/4143/1964
f 2841/4127/1965 2871/4144/1965 2843/4133/1965
f 2870/4145/1966 2843/4133/1966 2871/4146/1966 2869/4147/1966
f 2868/4148/1967 2843/4133/1967 2870/4149/1967
f 2874/4150/1968 2840/4123/1968 2841/4133/1968
f 2871/4151/1969 2841/4133/1969 2840/4127/1969
f 2874/4152/1970 2871/4153/1970 2840/4127/1970
s 1
f 2875/4154/1971 2845/4155/1972 2860/4156/1973
f 2852/4157/1974 2846/4158/1975 2845/4155/1972 2875/4159/1971
f 2844/4160/1976 2850/4161/1977 2849/4162/1978 2851/4163/1978 2853/4164/1978 2855/4165/1979
f 2859/4166/1980 2844/4167/1976 2855/4168/1979 2854/4169/1981
f 2857/4170/1982 2860/4171/1973 2858/4172/1983
f 2844/4160/1976 2845/4173/1972 2846/4174/1975 2847/4175/1984 2848/4176/1984 2850/4161/1977
f 2858/4177/1983 2860/4171/1973 2845/4178/1972 2844/4167/1976 2859/4179/1980
o Bottle_cell.078
v -0.013044 0.569468 -0.022112
v -0.021357 0.569234 -0.007669
v -0.010334 0.573371 -0.016968
v -0.018445 0.573393 -0.003991
v -0.017870 0.565764 -0.006452
v -0.011733 0.565234 -0.015681
v -0.018996 0.573334 -0.011978
v -0.013044 0.569468 -0.022112
v -0.010334 0.573371 -0.016968
v -0.011733 0.565234 -0.015681
v -0.018445 0.573393 -0.003991
v -0.021357 0.569234 -0.007669
v -0.017870 0.565764 -0.006452
v -0.018996 0.573334 -0.011978
vn 0.9216 -0.2101 -0.3262
vn -0.5610 -0.2921 0.7746
vn -0.5947 -0.7218 -0.3540
vn -0.8662 -0.0257 -0.4990
vn 0.6296 0.7754 -0.0492
vn 0.5573 0.7196 0.4142
vn -0.8398 0.5402 0.0539
vn 0.2527 0.9638 0.0850
vn -0.2810 0.8301 -0.4817
vn 0.8949 0.2228 0.3867
vn 0.6688 0.2860 0.6862
vt 0.618599 0.000000
vt 1.000000 0.000000
vt 0.798726 0.116487
vt 0.074995 0.074995
vt 0.000000 0.000000
vt 0.363719 0.000000
vt 1.000000 1.000000
vt 0.655595 0.655595
vt 0.712271 0.000000
vt 0.075202 0.000000
vt 0.293992 0.219537
vt 0.312009 0.846252
vt 0.326068 0.851078
vt 0.319514 0.852819
vt 0.324784 0.846252
vt 0.344794 0.843119
vt 0.347169 0.845443
vt 0.892216 0.261151
vt 0.892312 0.249106
vt 0.903375 0.248906
vt 0.909824 0.658272
vt 0.909751 0.642695
vt 0.924145 0.642955
vt 0.924244 0.655000
s 0
f 2885/4180/1985 2883/4181/1985 2884/4182/1985
f 2886/4183/1986 2887/4184/1986 2888/4185/1986
f 2887/4181/1987 2883/4186/1987 2885/4187/1987 2888/4188/1987
f 2883/4186/1988 2887/4189/1988 2889/4190/1988
s 1
f 2879/4191/1989 2882/4192/1990 2877/4193/1991
f 2882/4194/1990 2878/4195/1992 2876/4196/1993
f 2880/4197/1994 2882/4198/1990 2879/4199/1989
f 2881/4200/1995 2878/4201/1992 2882/4202/1990 2880/4203/1994
o Bottle_cell.079
v -0.025594 0.570084 -0.007005
v -0.025660 0.570317 0.004767
v -0.018206 0.573405 0.002787
v -0.027204 0.570183 -0.000995
v -0.019270 0.570247 -0.001042
v -0.025660 0.570317 0.004767
v -0.027204 0.570183 -0.000995
v -0.018206 0.573405 0.002787
v -0.019270 0.570247 -0.001042
v -0.025594 0.570084 -0.007005
vn 0.4415 -0.7485 0.4948
vn 0.0082 -0.9998 0.0198
vn -0.2266 0.9385 -0.2606
vn -0.1631 0.9681 -0.1903
vn -0.1195 0.9826 -0.1421
vn -0.0082 0.9998 -0.0186
vt 0.093294 0.093294
vt 0.021816 0.021816
vt 0.073938 0.021278
vt 0.050324 0.000000
vt 0.214896 0.000000
vt 1.000000 0.949859
vt 1.000000 1.000000
vt 0.299970 0.842566
vt 0.306354 0.846252
vt 0.302438 0.860522
vt 0.292785 0.854949
vt 0.314030 0.860522
vt 0.306787 0.846252
s 0
f 2895/4204/1996 2898/4205/1996 2897/4206/1996
f 2898/4207/1997 2895/4208/1997 2896/4209/1997 2899/4210/1997
s 1
f 2892/4211/1998 2894/4212/1999 2893/4213/2000 2891/4214/1998
f 2890/4215/2001 2893/4213/2000 2894/4216/1999
o Bottle_cell.080
v 0.005684 0.396943 0.015730
v -0.005890 0.407640 0.022575
v -0.000001 0.423517 0.026465
v -0.000001 0.427796 0.020181
v 0.010459 0.427791 0.017378
v 0.013601 0.429046 0.022810
v 0.012685 0.423511 0.023066
v 0.015870 0.445565 0.020513
v 0.008570 0.426184 0.007949
v 0.013252 0.441455 0.014328
v 0.017603 0.475508 0.009334
v 0.009282 0.418731 0.030832
v -0.000001 0.426430 0.014371
v 0.004470 0.426189 0.011011
v -0.000001 0.419875 0.031684
v -0.008072 0.419093 0.030638
v 0.017496 0.485485 0.009253
v 0.013710 0.486343 0.013023
v 0.018463 0.485662 0.017850
v 0.007625 0.486921 0.024311
v 0.006007 0.487236 0.017728
v 0.013601 0.486193 0.022711
v -0.000024 0.487912 0.019334
v -0.004891 0.488448 0.018022
v -0.000001 0.487691 0.026353
v -0.006244 0.487856 0.024680
v -0.012859 0.421066 0.026523
v -0.013602 0.439808 0.022792
v -0.012822 0.481662 0.014042
v -0.017593 0.477997 0.018735
v -0.005824 0.427794 0.018620
v -0.010306 0.455334 0.017034
v -0.017698 0.486022 0.018616
v -0.012847 0.486832 0.013923
v -0.013602 0.487299 0.022709
v 0.013601 0.429046 0.022810
v 0.015870 0.445565 0.020513
v 0.012685 0.423511 0.023066
v 0.013252 0.441455 0.014328
v 0.017603 0.475508 0.009334
v 0.009282 0.418731 0.030832
v -0.000001 0.419875 0.031684
v 0.017496 0.485485 0.009253
v 0.013710 0.486343 0.013023
v 0.007625 0.486921 0.024311
v 0.013601 0.486193 0.022711
v 0.018463 0.485662 0.017850
v 0.006007 0.487236 0.017728
v -0.000024 0.487912 0.019334
v -0.000001 0.487691 0.026353
v -0.006244 0.487856 0.024680
v -0.008072 0.419093 0.030638
v -0.012859 0.421066 0.026523
v -0.012822 0.481662 0.014042
v -0.010306 0.455334 0.017034
v -0.005824 0.427794 0.018620
v -0.013602 0.439808 0.022792
v -0.017593 0.477997 0.018735
v -0.012847 0.486832 0.013923
v -0.017698 0.486022 0.018616
v -0.013602 0.487299 0.022709
v 0.010459 0.427791 0.017378
v 0.004470 0.426189 0.011011
v -0.000001 0.426430 0.014371
v -0.004891 0.488448 0.018022
vn 0.9696 -0.1578 -0.1871
vn 0.9875 -0.0915 -0.1283
vn -0.6042 -0.1521 -0.7822
vn -0.5991 -0.1517 -0.7862
vn -0.5914 -0.1523 -0.7918
vn 0.0051 -0.5702 0.8215
vn -0.0528 -0.5799 0.8130
vn 0.1822 0.9824 -0.0408
vn 0.1252 0.9920 0.0168
vn 0.1121 0.9934 0.0257
vn 0.0180 0.9993 0.0315
vn -0.6723 -0.5075 0.5390
vn -0.6472 -0.1501 -0.7474
vn -0.6934 -0.0198 -0.7202
vn -0.0901 0.9958 0.0142
vn -0.2311 0.9703 -0.0715
vn 0.1519 0.8106 0.5655
vn 0.2445 0.3292 0.9120
vn 0.0092 0.4680 0.8837
vn 0.0023 0.8201 0.5722
vn -0.6144 -0.0245 -0.7886
vn -0.2943 0.4478 -0.8443
vn -0.4254 -0.0189 -0.9048
vn -0.7071 0.0012 0.7071
vn -0.2537 0.0268 0.9669
vn -0.4627 0.0165 0.8863
vn -0.2216 0.3572 0.9074
vn 0.0052 0.0158 0.9999
vn -0.2293 0.0279 0.9730
vn 0.0454 -0.0188 -0.9988
vn 0.0151 0.5742 -0.8186
vn 0.2772 0.3959 -0.8755
vn 0.3102 -0.0218 -0.9504
vn 0.3339 -0.0214 -0.9424
vn 0.3072 -0.0219 -0.9514
vn 0.7071 -0.0128 -0.7070
vn -0.0304 0.9768 -0.2119
vn -0.0684 0.9765 -0.2044
vn -0.1519 0.8106 0.5655
vn 0.2882 0.0017 0.9576
vn 0.4859 0.0015 0.8740
vn 0.2588 0.0017 0.9659
vn 0.7071 0.0012 0.7071
vt 1.000000 0.221118
vt 0.602928 0.194936
vt 0.477388 0.179741
vt 0.253194 0.253194
vt 0.000000 0.000000
vt 0.757236 0.000000
vt 0.734773 0.019229
vt 0.668894 0.110871
vt 1.000000 0.130294
vt 0.810119 0.065615
vt 1.000000 0.022739
vt 1.000000 0.154481
vt 0.221118 0.221118
vt 0.130294 0.130294
vt 1.000000 1.000000
vt 0.248869 0.000000
vt 1.000000 0.679739
vt 1.000000 0.678935
vt 0.679739 0.679739
vt 0.678935 0.678935
vt 1.000000 0.242764
vt 1.000000 0.735200
vt 0.746316 0.746316
vt 1.000000 0.000000
vt 0.735200 0.735200
vt 0.847963 0.000000
vt 1.000000 0.412214
vt 0.883773 0.606335
vt 0.552698 0.000000
vt 0.602630 0.302653
vt 0.224849 0.000000
vt 0.447302 0.000000
vt 1.000000 0.387010
vt 1.000000 0.539592
vt 1.000000 0.260126
vt 1.000000 0.459917
vt 0.539592 0.539592
vt 0.387010 0.387010
vt 0.288265 0.288265
vt 0.099790 0.000000
vt 1.000000 0.818429
vt 0.847963 0.847963
vt 0.828919 0.356168
vt 1.000000 0.751131
vt 0.835104 0.752720
vt 0.734740 0.519920
vt 0.583367 0.000000
vt 0.731981 0.000000
vt 0.731982 0.731982
vt 0.583367 0.583367
vt 1.000000 0.663492
vt 1.000000 0.784597
vt 0.099790 0.099790
vt 0.357836 0.000000
vt 0.956151 0.135875
vt 0.149491 0.000000
vt 0.133708 0.133708
vt 0.868509 0.307082
vt 0.857273 0.315003
vt 0.845082 0.293888
vt 0.851926 0.287044
vt 0.999227 0.430734
vt 0.989052 0.493729
vt 0.982590 0.518965
vt 0.982222 0.409619
vt 0.990464 0.410491
vt 0.999065 0.412226
vt 0.737898 0.758697
vt 0.737659 0.773585
vt 0.728586 0.844298
vt 0.729377 0.756202
vt 0.733301 0.410708
vt 0.751227 0.410384
vt 0.751227 0.529466
vt 0.740835 0.529966
vt 0.728587 0.529160
vt 0.728587 0.441035
vt 0.962802 0.407452
vt 0.962487 0.518965
vt 0.952793 0.519140
vt 0.945495 0.468183
vt 0.945992 0.407485
vt 0.954703 0.406601
vt 0.944078 0.407489
vt 0.944620 0.468188
vt 0.938127 0.419227
vt 0.982222 0.409619
vt 0.249045 0.820300
vt 0.256675 0.827930
vt 0.239265 0.837982
vt 0.235989 0.825758
vt 0.262271 0.818236
vt 0.249045 0.820300
vt 0.828274 0.276937
vt 0.839955 0.277825
vt 0.851926 0.287044
vt 0.751227 0.529466
vt 0.775608 0.410384
vt 0.777370 0.420656
vt 0.777370 0.526699
vt 0.765882 0.528043
vt 0.777370 0.526699
vt 0.777370 0.420656
vt 0.782528 0.451408
vt 0.788424 0.525928
s 0
f 2936/4217/2002 2935/4218/2002 2937/4219/2002 2940/4220/2002 2900/4221/2002 2908/4222/2002 2962/4223/2002 2904/4224/2002 2938/4225/2002
f 2939/4226/2003 2942/4227/2003 2946/4228/2003 2936/4229/2003 2938/4230/2003
f 2900/4231/2004 2901/4221/2004 2955/4232/2004 2912/4233/2004
f 2962/4234/2005 2900/4231/2005 2912/4235/2005
f 2900/4231/2006 2962/4236/2006 2908/4237/2006
f 2941/4238/2007 2900/4231/2007 2940/4239/2007
f 2901/4240/2008 2900/4231/2008 2941/4241/2008 2951/4242/2008
f 2946/4243/2009 2942/4244/2009 2943/4245/2009
f 2945/4246/2010 2946/4247/2010 2943/4248/2010 2947/4249/2010 2944/4250/2010
f 2948/4251/2011 2949/4252/2011 2944/4253/2011 2947/4254/2011
f 2949/4255/2012 2948/4221/2012 2950/4256/2012
f 2952/4257/2013 2901/4231/2013 2951/4258/2013
f 2954/4259/2014 2955/4260/2014 2901/4231/2014 2952/4261/2014 2956/4262/2014 2957/4263/2014 2953/4264/2014
f 2953/4265/2015 2957/4266/2015 2959/4267/2015 2958/4268/2015
f 2950/4269/2016 2948/4221/2016 2964/4270/2016 2958/4240/2016 2960/4271/2016
f 2959/4272/2017 2960/4273/2017 2958/4221/2017
s 1
f 2911/4274/2018 2906/4275/2019 2902/4276/2020 2914/4277/2021
f 2910/4278/2022 2909/4279/2022 2961/4280/2023 2920/4281/2024 2917/4282/2022 2916/4283/2022
f 2932/4284/2025 2929/4285/2025 2927/4286/2026 2934/4287/2027
f 2926/4288/2028 2902/4289/2020 2924/4290/2029 2925/4291/2030 2934/4292/2027 2927/4293/2026
f 2922/4294/2031 2903/4295/2032 2930/4296/2033 2931/4297/2034 2933/4298/2035 2923/4299/2036
f 2933/4300/2035 2931/4301/2034 2928/4302/2037
f 2961/4280/2023 2903/4295/2032 2922/4294/2031 2920/4303/2024
f 2963/4304/2038 2903/4305/2032 2961/4306/2023 2913/4307/2039
f 2930/4308/2033 2903/4305/2032 2963/4309/2038
f 2926/4310/2028 2915/4311/2040 2914/4312/2021 2902/4276/2020
f 2924/4313/2029 2902/4289/2020 2906/4314/2019 2905/4315/2041 2921/4316/2042 2919/4317/2043
f 2921/4318/2042 2905/4319/2041 2907/4320/2044 2918/4321/2044
o Bottle_cell.081
v -0.006189 0.392033 -0.019921
v -0.007053 0.411255 -0.006678
v -0.007052 0.426148 -0.012949
v -0.022884 0.486086 -0.015125
v -0.022530 0.447999 -0.015413
v -0.016953 0.434758 -0.012265
v -0.016929 0.486592 -0.011573
v -0.011105 0.426155 -0.008896
v -0.006065 0.426160 -0.005895
v -0.006297 0.427726 -0.019970
v -0.007808 0.423426 -0.025851
v -0.007994 0.486623 -0.025911
v -0.011121 0.413739 -0.038748
v -0.013968 0.487490 -0.024044
v -0.010547 0.487596 -0.017941
v -0.015359 0.427737 -0.013955
v -0.016845 0.423434 -0.021055
v -0.018390 0.414627 -0.035541
v -0.016953 0.434758 -0.012265
v -0.016929 0.486592 -0.011573
v -0.022884 0.486086 -0.015125
v -0.022530 0.447999 -0.015413
v -0.011105 0.426155 -0.008896
v -0.006065 0.426160 -0.005895
v -0.007808 0.423426 -0.025851
v -0.011121 0.413739 -0.038748
v -0.007994 0.486623 -0.025911
v -0.010547 0.487596 -0.017941
v -0.013968 0.487490 -0.024044
v -0.015359 0.427737 -0.013955
v -0.016845 0.423434 -0.021055
v -0.007052 0.426148 -0.012949
v -0.006297 0.427726 -0.019970
v -0.018390 0.414627 -0.035541
vn -0.5116 -0.0112 0.8592
vn -0.6602 -0.0682 0.7479
vn 1.0000 -0.0019 -0.0043
vn 0.9984 0.0182 -0.0533
vn 0.1176 0.9896 -0.0832
vn -0.1113 0.9928 0.0450
vn -0.8872 -0.2881 0.3603
vn -0.9123 -0.2995 0.2794
vn -0.3705 -0.6552 -0.6583
vn -0.3435 0.4896 -0.8014
vn -0.4148 0.3661 -0.8330
vn -0.5612 -0.0076 -0.8277
vn -0.4063 -0.0133 -0.9136
vn -0.7071 -0.0012 -0.7071
vn 0.6332 0.0006 0.7740
vn 0.5343 0.5290 0.6593
vn 0.5632 0.4491 0.6936
vn 0.1165 0.9818 0.1501
vn 0.0853 0.9903 0.1093
vn -0.0000 1.0000 -0.0017
vn -0.2103 0.8271 -0.5213
vt 0.585292 0.585292
vt 0.420112 0.420112
vt 0.500380 0.000000
vt 0.680426 0.000000
vt 1.000000 0.000000
vt 1.000000 0.194555
vt 0.859437 0.059548
vt 0.788162 0.000000
vt 0.000000 0.000000
vt 0.979403 0.351845
vt 0.194555 0.194555
vt 1.000000 0.825547
vt 0.376104 0.307902
vt 0.356421 0.356421
vt 0.239282 0.000000
vt 0.334097 0.212166
vt 1.000000 0.757596
vt 0.757596 0.757596
vt 1.000000 0.748426
vt 0.825547 0.825547
vt 0.644400 0.644400
vt 0.502433 0.502433
vt 1.000000 0.420112
vt 1.000000 0.585292
vt 0.811401 0.273400
vt 1.000000 0.319574
vt 1.000000 0.499620
vt 0.336542 0.336542
vt 0.737098 0.000000
vt 1.000000 0.336542
vt 1.000000 1.000000
vt 0.030865 0.000000
vt 1.000000 0.760718
vt 0.837658 0.642666
vt 0.848794 0.642666
vt 0.846199 0.761176
vt 0.838014 0.759936
vt 0.848794 0.761436
vt 0.856168 0.642799
vt 0.869095 0.688597
vt 0.869899 0.759285
vt 0.923764 0.900071
vt 0.920088 0.913023
vt 0.908948 0.912821
vt 0.909593 0.801788
vt 0.924096 0.803934
vt 0.222437 0.775179
vt 0.233079 0.775179
vt 0.253555 0.808887
vt 0.219161 0.762955
vt 0.234425 0.769934
vt 0.742409 0.347543
vt 0.760587 0.342672
vt 0.766155 0.352316
vt 0.744853 0.364920
s 0
f 2984/4322/2045 2985/4323/2045 2986/4324/2045 2983/4325/2045
f 2966/4326/2046 2988/4327/2046 2987/4328/2046 2994/4329/2046
f 2966/4330/2047 2965/4326/2047 2967/4331/2047 2988/4332/2047
f 2992/4333/2048 2997/4334/2048 2967/4335/2048 2965/4330/2048 2990/4336/2048 2989/4337/2048 2991/4338/2048
f 2991/4339/2049 2993/4340/2049 2992/4341/2049
f 2992/4342/2050 2993/4343/2050 2985/4344/2050 2984/4345/2050
f 2965/4330/2051 2966/4326/2051 2994/4346/2051 2983/4347/2051 2986/4348/2051 2995/4349/2051
f 2998/4350/2052 2965/4326/2052 2995/4351/2052
f 2965/4352/2053 2998/4353/2053 2990/4354/2053
s 1
f 2975/4355/2054 2981/4356/2055 2978/4357/2056 2976/4358/2057
f 2978/4359/2056 2981/4360/2055 2969/4361/2058 2968/4362/2058
f 2970/4363/2059 2980/4364/2060 2974/4365/2061 2979/4366/2059 2971/4367/2059
f 2996/4368/2062 2972/4369/2063 2973/4370/2064
f 2972/4369/2063 2996/4368/2062 2974/4371/2061 2980/4372/2060
f 2982/4373/2065 2981/4374/2055 2975/4375/2054 2977/4376/2065
o Bottle_cell.082
v 0.016376 0.549768 -0.029325
v 0.021534 0.560871 -0.024186
v 0.009988 0.552764 -0.017503
v 0.013602 0.498540 -0.024429
v 0.022094 0.549778 -0.023607
v 0.016883 0.548392 -0.021235
v 0.012755 0.508684 -0.024674
v 0.009635 0.548384 -0.025579
v 0.008683 0.555118 -0.031395
v 0.009104 0.549764 -0.031273
v 0.013031 0.560607 -0.030240
v 0.009630 0.558080 -0.017783
v 0.022094 0.549778 -0.023607
v 0.016883 0.548392 -0.021235
v 0.013602 0.498540 -0.024429
v 0.008683 0.555118 -0.031395
v 0.009104 0.549764 -0.031273
v 0.009635 0.548384 -0.025579
v 0.012755 0.508684 -0.024674
v 0.013031 0.560607 -0.030240
v 0.021534 0.560871 -0.024186
vn 0.4429 -0.0325 0.8960
vn -0.9943 -0.0748 0.0763
vn -0.9932 -0.0740 0.0901
vn -0.7726 0.6294 -0.0833
vn 0.3405 -0.7235 -0.6005
vn 0.3707 -0.7271 -0.5779
vn 0.5086 0.0206 -0.8608
vn 0.2588 -0.0017 -0.9659
vn 0.4112 -0.5603 -0.7190
vn 0.2214 -0.5196 -0.8253
vn 0.4837 0.0345 -0.8745
vn 0.5380 -0.5287 -0.6565
vn 0.6358 0.0608 -0.7695
vn -0.1435 0.9768 0.1590
vt 0.433970 0.281850
vt 0.315604 0.315604
vt 0.015232 0.015232
vt 0.075077 0.000000
vt 0.858873 0.000792
vt 0.313378 0.156351
vt 1.000000 0.000000
vt 1.000000 0.713724
vt 0.860448 0.860448
vt 0.075077 0.075077
vt 0.000000 0.000000
vt 0.094034 0.000000
vt 0.168776 0.078785
vt 0.159449 0.129473
vt 0.713724 0.713724
vt 0.094034 0.094034
vt 0.082649 0.000000
vt 0.871434 0.642666
vt 0.863973 0.642531
vt 0.871434 0.550171
vt 0.800011 0.874948
vt 0.800047 0.782136
vt 0.801419 0.801252
vt 0.896486 0.556672
vt 0.896704 0.568777
vt 0.886782 0.569477
vt 0.875157 0.556672
vt 0.665395 0.772903
vt 0.656780 0.772903
vt 0.654113 0.762951
vt 0.669126 0.762951
vt 0.156344 0.835949
vt 0.156109 0.848950
vt 0.134780 0.848950
vt 0.136303 0.834330
vt 0.642009 0.769940
vt 0.650177 0.776715
vt 0.108811 0.000000
vt 0.875827 0.000000
vt 0.005250 0.000000
s 0
f 3011/4377/2066 3019/4378/2066 3010/4379/2066 3001/4380/2066 3013/4381/2066 3012/4382/2066
f 3010/4383/2067 3017/4384/2067 3013/4385/2067 3001/4386/2067
f 3010/4387/2068 3014/4388/2068 3015/4389/2068 3016/4390/2068 3017/4391/2068
f 3014/4392/2069 3010/4387/2069 3018/4393/2069
s 1
f 3006/4394/2070 3004/4395/2071 3002/4396/2072
f 3006/4397/2070 3002/4398/2072 3005/4399/2073
f 2999/4400/2074 3008/4401/2075 3007/4402/2073 3009/4403/2076
f 3004/4404/2071 3006/4405/2070 2999/4406/2074 3003/4407/2077
f 3003/4408/2077 2999/4409/2074 3009/4410/2076 3000/4411/2078
f 3008/4412/2075 2999/4406/2074 3006/4413/2070
s 0
f 3019/4414/2079 3018/4415/2079 3010/4416/2079
o Bottle_cell.083
v -0.026833 0.555967 -0.009561
v -0.016358 0.555978 -0.027547
v -0.023559 0.548403 -0.014559
v -0.017868 0.555053 -0.006900
v -0.018225 0.527869 -0.006684
v -0.025063 0.548413 -0.008948
v -0.025142 0.516857 -0.008598
v -0.025153 0.488483 -0.008509
v -0.018656 0.488824 -0.006678
v -0.014424 0.520434 -0.023646
v -0.014820 0.489121 -0.023195
v -0.011463 0.489269 -0.017001
v -0.010718 0.530408 -0.017178
v -0.010481 0.554933 -0.017075
v -0.014312 0.548387 -0.023807
v -0.018183 0.549771 -0.027518
v -0.023626 0.487907 -0.014205
v -0.025063 0.548413 -0.008948
v -0.025142 0.516857 -0.008598
v -0.017868 0.555053 -0.006900
v -0.018225 0.527869 -0.006684
v -0.018656 0.488824 -0.006678
v -0.025153 0.488483 -0.008509
v -0.014424 0.520434 -0.023646
v -0.014820 0.489121 -0.023195
v -0.011463 0.489269 -0.017001
v -0.010718 0.530408 -0.017178
v -0.010481 0.554933 -0.017075
v -0.014312 0.548387 -0.023807
v -0.023626 0.487907 -0.014205
v -0.023559 0.548403 -0.014559
v -0.018183 0.549771 -0.027518
vn -0.2835 0.0114 0.9589
vn -0.2714 0.0031 0.9625
vn 0.8792 -0.0180 -0.4761
vn 0.8602 -0.0192 -0.5097
vn 0.0863 0.9950 0.0509
vn -0.9051 0.0214 -0.4247
vn 0.0222 -0.9941 0.1064
vn 0.1131 -0.9935 0.0084
vn -0.8560 -0.1251 -0.5016
vn -0.5628 -0.6104 -0.5573
vn -0.7106 -0.0023 -0.7036
vn -0.8677 -0.0014 -0.4971
vn -0.1775 -0.9683 -0.1758
vn -0.9659 -0.0005 -0.2588
vn 0.8142 -0.0096 0.5804
vn 0.8149 -0.0096 0.5796
vn 0.8147 -0.0096 0.5798
vn 0.9659 -0.0106 0.2588
vt 1.000000 0.445001
vt 1.000000 0.612006
vt 0.363280 0.363280
vt 0.000000 0.000000
vt 0.248104 0.143013
vt 0.612006 0.612006
vt 0.445001 0.445001
vt 0.460387 0.000000
vt 0.622758 0.000000
vt 0.496272 0.000000
vt 1.000000 0.490743
vt 1.000000 0.644582
vt 0.348284 0.000000
vt 0.932384 0.000000
vt 1.000000 0.000000
vt 1.000000 0.413722
vt 0.644582 0.644582
vt 0.490743 0.490743
vt 0.895447 0.216867
vt 0.805743 0.442894
vt 0.531408 0.531408
vt 1.000000 1.000000
vt 0.179414 0.087281
vt 0.865905 0.761320
vt 1.000000 0.898232
vt 1.000000 0.377242
vt 1.000000 0.539613
vt 0.430972 0.000000
vt 0.602082 0.602082
vt 0.439352 0.429264
vt 1.000000 0.503728
vt 1.000000 0.651716
vt 0.871434 0.874948
vt 0.850407 0.874569
vt 0.850663 0.822703
vt 0.851563 0.764613
vt 0.871434 0.762718
vt 0.621068 0.810477
vt 0.617325 0.835761
vt 0.611116 0.807671
vt 0.790180 0.701401
vt 0.790671 0.642835
vt 0.800010 0.642666
vt 0.799596 0.754932
vt 0.790114 0.754053
vt 0.911689 0.798727
vt 0.910302 0.722394
vt 0.914261 0.675424
vt 0.924412 0.675566
vt 0.925435 0.800533
vt 0.898379 0.283006
vt 0.898510 0.333427
vt 0.891053 0.406683
s 0
f 3038/4417/2080 3040/4418/2080 3039/4419/2080 3020/4420/2080 3037/4421/2080
f 3040/4422/2081 3038/4423/2081 3042/4424/2081 3041/4425/2081
f 3044/4426/2082 3043/4427/2082 3046/4428/2082 3045/4429/2082
f 3051/4430/2083 3021/4431/2083 3047/4432/2083 3046/4433/2083 3043/4434/2083 3048/4435/2083
f 3021/4420/2084 3020/4431/2084 3039/4436/2084 3047/4437/2084
f 3020/4438/2085 3021/4420/2085 3051/4439/2085 3022/4440/2085 3037/4441/2085
f 3041/4442/2086 3042/4443/2086 3049/4444/2086
f 3041/4445/2087 3049/4446/2087 3044/4447/2087 3045/4448/2087
s 1
f 3050/4449/2088 3034/4450/2089 3029/4451/2090 3030/4452/2090 3036/4453/2091
f 3034/4454/2089 3050/4455/2088 3035/4456/2092
f 3026/4457/2093 3025/4458/2093 3050/4459/2088 3036/4460/2091 3027/4461/2093
f 3031/4462/2094 3032/4463/2094 3033/4464/2094 3023/4465/2095 3028/4466/2096
f 3023/4467/2095 3024/4468/2097 3028/4469/2096
o Bottle_cell.084
v 0.001966 0.357211 0.002798
v 0.001118 0.351235 -0.000094
v 0.001743 0.204979 0.000340
v 0.017776 0.191951 0.061810
v 0.049703 0.200619 0.000482
v 0.034674 0.362660 0.059425
v 0.034131 0.370512 0.058470
v 0.045351 0.370492 0.047249
v 0.063536 0.227205 0.021335
v 0.060063 0.280909 0.034188
v 0.047339 0.362638 0.046760
v 0.021480 0.378820 0.059097
v 0.041421 0.378800 0.047412
v 0.032525 0.379782 0.055672
v 0.017280 0.376278 0.061069
v 0.018104 0.261543 0.064050
v 0.018029 0.362668 0.063885
v 0.017755 0.370520 0.062857
v 0.034681 0.191113 0.059738
v 0.063548 0.195633 0.021354
v 0.065489 0.196817 0.014111
v 0.060069 0.193526 0.034345
v 0.063536 0.227205 0.021335
v 0.060063 0.280909 0.034188
v 0.045351 0.370492 0.047249
v 0.047339 0.362638 0.046760
v 0.021480 0.378820 0.059097
v 0.032525 0.379782 0.055672
v 0.041421 0.378800 0.047412
v 0.018029 0.362668 0.063885
v 0.017755 0.370520 0.062857
v 0.017280 0.376278 0.061069
v 0.018104 0.261543 0.064050
v 0.063548 0.195633 0.021354
v 0.065489 0.196817 0.014111
v 0.060069 0.193526 0.034345
v 0.017776 0.191951 0.061810
v 0.034681 0.191113 0.059738
vn 0.6668 0.2193 -0.7122
vn 0.6631 0.2479 -0.7063
vn -0.2473 0.9302 -0.2713
vn -0.9684 0.0168 0.2490
vn -0.9668 -0.0003 0.2556
vn -0.0793 -0.9802 -0.1816
vn 0.6674 0.2126 -0.7137
vn 0.0027 -0.0030 -1.0000
vn -0.9678 -0.0034 0.2516
vn -0.0884 -0.9789 -0.1844
vn -0.0788 -0.9809 -0.1777
vn 0.7059 0.0585 0.7058
vn 0.4926 0.0678 0.8676
vn 0.4860 -0.0020 0.8739
vn 0.8560 0.0010 0.5170
vn 0.7341 0.0013 0.6790
vn 0.2312 -0.0052 0.9729
vn 0.2445 0.0647 0.9675
vn 0.9659 0.0005 0.2588
vn 0.2543 0.2237 0.9409
vn 0.4869 0.2275 0.8433
vn 0.4738 0.3211 0.8200
vn 0.2499 0.3113 0.9169
vn 0.6905 0.2078 0.6928
vn 0.6690 0.3118 0.6747
vt 0.215361 0.000000
vt 1.000000 0.000000
vt 1.000000 0.393584
vt 0.966978 0.389027
vt 0.922931 0.374853
vt 0.487468 0.169921
vt 0.393584 0.393584
vt 0.000000 0.000000
vt 0.453552 0.220483
vt 0.377836 0.377836
vt 0.493664 0.000000
vt 0.482669 0.062035
vt 0.493664 0.493664
vt 0.526666 0.496512
vt 0.511586 0.511586
vt 0.538697 0.000000
vt 0.535416 0.466830
vt 1.000000 0.509779
vt 0.533051 0.000000
vt 0.509779 0.509779
vt 1.000000 0.784639
vt 1.000000 1.000000
vt 1.000000 0.461303
vt 0.537487 0.000000
vt 0.466949 0.000000
vt 0.695606 0.166612
vt 1.000000 0.670007
vt 0.153193 0.671586
vt 0.124396 0.671065
vt 0.132167 0.350952
vt 0.182128 0.356111
vt 0.182120 0.519414
vt 0.093704 0.351443
vt 0.124402 0.350475
vt 0.092404 0.671065
vt 0.092544 0.482081
vt 0.342657 0.403256
vt 0.330604 0.401236
vt 0.342716 0.344252
vt 0.364266 0.243541
vt 0.364275 0.406845
vt 0.092400 0.685700
vt 0.123874 0.685700
vt 0.122554 0.701269
vt 0.100879 0.701269
vt 0.092403 0.696498
vt 0.149386 0.686161
vt 0.142253 0.701626
s 0
f 3074/4470/2098 3053/4471/2098 3080/4472/2098 3076/4473/2098 3077/4474/2098 3075/4475/2098
f 3052/4471/2099 3080/4476/2099 3053/4477/2099
f 3079/4478/2100 3080/4479/2100 3052/4477/2100 3083/4480/2100 3078/4481/2100
f 3052/4477/2101 3053/4471/2101 3083/4482/2101
f 3082/4483/2102 3083/4484/2102 3053/4477/2102 3084/4485/2102 3081/4486/2102
f 3056/4471/2103 3086/4487/2103 3085/4488/2103
f 3086/4489/2104 3056/4477/2104 3053/4471/2104 3074/4490/2104
f 3056/4477/2105 3054/4471/2105 3053/4491/2105
f 3084/4492/2106 3053/4491/2106 3054/4477/2106 3088/4493/2106
f 3054/4477/2107 3056/4471/2107 3088/4491/2107
f 3088/4491/2108 3056/4477/2108 3085/4494/2108 3087/4495/2108 3070/4496/2108
s 1
f 3062/4497/2109 3057/4498/2110 3089/4499/2111 3073/4500/2112 3061/4501/2113
f 3055/4502/2114 3089/4503/2111 3057/4498/2110 3068/4504/2115 3067/4505/2114
f 3071/4506/2116 3072/4507/2116 3060/4508/2116 3061/4509/2113 3073/4510/2112
f 3069/4511/2117 3058/4512/2118 3065/4513/2119 3063/4514/2120 3066/4515/2120
f 3068/4504/2115 3057/4498/2110 3058/4512/2118 3069/4511/2117
f 3059/4516/2121 3058/4512/2118 3057/4498/2110 3062/4497/2109
f 3064/4517/2122 3065/4513/2119 3058/4512/2118 3059/4516/2121
o Bottle_cell.085
v -0.016303 0.032798 -0.058106
v -0.001294 0.016922 -0.062523
v -0.042225 0.032164 -0.042923
v -0.034688 0.003365 -0.060083
v -0.001197 0.002102 -0.057872
v -0.010709 0.002944 -0.052141
v -0.027914 0.003869 -0.042478
v -0.036675 0.003175 -0.037393
v -0.000950 -0.000116 -0.066372
v -0.001259 0.025972 -0.069078
v -0.042168 0.002290 -0.036539
v -0.018038 0.044165 -0.064612
v -0.014466 0.040458 -0.065564
v -0.025041 0.047388 -0.062742
v -0.034686 0.051816 -0.060165
v -0.047800 0.042774 -0.047036
v -0.051787 0.037237 -0.043039
v -0.058242 0.009906 -0.036540
v -0.056301 -0.000061 -0.034713
v -0.059163 0.004314 -0.035609
v -0.001197 0.002102 -0.057872
v -0.010709 0.002944 -0.052141
v -0.027914 0.003869 -0.042478
v -0.036675 0.003175 -0.037393
v -0.000950 -0.000116 -0.066372
v -0.042168 0.002290 -0.036539
v -0.018038 0.044165 -0.064612
v -0.014466 0.040458 -0.065564
v -0.001259 0.025972 -0.069078
v -0.025041 0.047388 -0.062742
v -0.034686 0.051816 -0.060165
v -0.047800 0.042774 -0.047036
v -0.051787 0.037237 -0.043039
v -0.058242 0.009906 -0.036540
v -0.059163 0.004314 -0.035609
v -0.056301 -0.000061 -0.034713
vn 0.5151 0.2597 0.8168
vn 0.4836 0.2578 0.8365
vn 0.4709 0.2514 0.8456
vn 0.9996 0.0145 0.0253
vn 0.1175 0.2077 0.9711
vn 0.6368 0.4540 0.6232
vn 0.6507 0.4438 0.6161
vn 0.2308 0.4547 0.8602
vn 0.0978 0.2064 0.9736
vn -0.0462 0.1713 0.9841
vn -0.2376 -0.0349 -0.9707
vn -0.2116 -0.7184 -0.6627
vn -0.3754 -0.6474 -0.6633
vn -0.4866 -0.0375 -0.8728
vn -0.7073 -0.0373 -0.7059
vn -0.6098 -0.4350 -0.6625
vn 0.0574 -0.9967 0.0571
vn 0.1383 -0.9904 0.0044
vn -0.0414 -0.9919 0.1203
vn 0.4250 0.4994 0.7550
vt 0.222687 0.222687
vt 0.000000 0.000000
vt 1.000000 0.000000
vt 1.000000 0.362191
vt 0.900356 0.344395
vt 0.362191 0.362191
vt 0.350248 0.000000
vt 0.345939 0.345939
vt 0.667960 0.601699
vt 0.886481 0.000000
vt 1.000000 0.222687
vt 0.361915 0.000000
vt 0.350248 0.350248
vt 0.894442 0.000000
vt 1.000000 0.119981
vt 1.000000 0.113519
vt 0.119981 0.119981
vt 0.927386 0.927386
vt 1.000000 0.626984
vt 1.000000 1.000000
vt 0.372955 0.000000
vt 0.475211 0.000000
vt 1.000000 0.638085
vt 0.626984 0.626984
vt 0.475211 0.475211
vt 0.372955 0.372955
vt 1.000000 0.060439
vt 0.638849 0.076261
vt 0.631982 0.069338
vt 0.606599 0.042277
vt 0.605967 0.000000
vt 0.670848 0.000000
vt 0.670846 0.090546
vt 0.652308 0.082280
vt 0.699014 0.075851
vt 0.670847 0.090546
vt 0.726509 0.001003
vt 0.726498 0.002696
vt 0.724404 0.013111
vt 0.709730 0.063946
vt 0.824656 0.004929
vt 0.885009 0.004929
vt 0.872105 0.032010
vt 0.853931 0.027182
vt 0.845601 0.021090
vt 0.927390 0.046870
vt 0.907377 0.041910
vt 0.877400 0.033328
vt 0.938878 0.036031
vt 0.921681 0.000000
vt 0.894441 0.894441
vt 0.900538 0.900538
vt 0.869206 0.603281
s 0
f 3110/4518/2123 3091/4519/2123 3090/4520/2123 3111/4521/2123
f 3090/4519/2124 3092/4520/2124 3112/4522/2124 3111/4523/2124
f 3092/4519/2125 3113/4524/2125 3112/4525/2125
f 3114/4526/2126 3118/4527/2126 3091/4520/2126 3110/4528/2126
f 3092/4519/2127 3115/4529/2127 3113/4530/2127
f 3116/4531/2128 3090/4520/2128 3117/4532/2128
f 3118/4533/2129 3117/4534/2129 3090/4519/2129 3091/4520/2129
f 3121/4535/2130 3122/4536/2130 3092/4537/2130
f 3123/4538/2131 3125/4539/2131 3115/4540/2131 3092/4537/2131 3122/4541/2131
f 3125/4542/2132 3123/4543/2132 3124/4544/2132
s 1
f 3101/4545/2133 3102/4546/2133 3099/4547/2133 3098/4548/2134 3093/4549/2135 3120/4550/2136 3119/4551/2133
f 3105/4552/2137 3120/4553/2136 3093/4549/2135 3108/4554/2138 3109/4555/2137 3107/4556/2137 3106/4557/2137
f 3108/4558/2138 3093/4559/2135 3096/4560/2139 3097/4561/2140 3100/4562/2140
f 3094/4563/2141 3095/4564/2141 3096/4565/2139 3093/4559/2135 3098/4566/2134
s 0
f 3121/4567/2142 3092/4520/2142 3090/4537/2142 3116/4568/2142 3103/4569/2142 3104/4570/2142
o Bottle_cell.086
v -0.002915 0.356274 -0.002202
v -0.025093 0.363427 -0.024210
v -0.033482 0.363441 -0.010315
v -0.005111 0.362179 -0.002613
v -0.056737 0.378659 -0.033418
v -0.044623 0.394082 -0.035457
v -0.043310 0.386759 -0.041545
v -0.045329 0.378639 -0.044826
v -0.048092 0.370604 -0.045679
v -0.055974 0.371235 -0.037518
v -0.063232 0.370569 -0.019180
v -0.049923 0.395080 -0.029512
v -0.054393 0.393266 -0.016115
v -0.058508 0.384067 -0.017192
v -0.060902 0.378686 -0.017873
v -0.044623 0.394082 -0.035457
v -0.043310 0.386759 -0.041545
v -0.048092 0.370604 -0.045679
v -0.055974 0.371235 -0.037518
v -0.049923 0.395080 -0.029512
v -0.054393 0.393266 -0.016115
v -0.058508 0.384067 -0.017192
v -0.060902 0.378686 -0.017873
v -0.045329 0.378639 -0.044826
v -0.063232 0.370569 -0.019180
vn 0.7560 0.4933 -0.4303
vn 0.7647 0.2429 -0.5969
vn 0.7019 -0.0256 -0.7118
vn -0.1426 -0.9745 -0.1730
vn -0.1976 -0.9735 -0.1155
vn -0.1992 -0.9733 -0.1142
vn 0.4603 0.8463 0.2682
vn -0.2631 -0.0307 0.9643
vn -0.2618 0.0041 0.9651
vn -0.2865 -0.0407 0.9572
vn -0.9086 0.3159 -0.2734
vn -0.8263 0.3342 -0.4533
vn -0.7820 0.2741 -0.5598
vn -0.9293 0.2014 -0.3095
vn -0.6417 0.4190 -0.6424
vn -0.6586 0.3629 -0.6592
vn -0.7807 0.4315 -0.4521
vn -0.8765 0.4198 -0.2356
vn -0.6736 0.3031 -0.6741
vt 0.654354 0.000000
vt 1.000000 0.000000
vt 1.000000 0.334619
vt 0.334619 0.334619
vt 0.000000 0.000000
vt 0.349706 0.349706
vt 0.372689 0.000000
vt 0.365282 0.138529
vt 0.240341 0.240341
vt 0.386812 0.386812
vt 1.000000 0.260855
vt 0.347282 0.000000
vt 0.260855 0.260855
vt 1.000000 0.345646
vt 0.837646 0.229534
vt 0.569202 0.000000
vt 1.000000 1.000000
vt 0.709081 0.000000
vt 0.569202 0.569202
vt 1.000000 0.290919
vt 0.825258 0.144396
vt 0.660805 0.000000
vt 0.515496 0.061164
vt 0.541371 0.060697
vt 0.544491 0.074132
vt 0.517201 0.071502
vt 0.695351 0.711908
vt 0.697578 0.701787
vt 0.723517 0.702254
vt 0.713188 0.733036
vt 0.700827 0.730949
vt 0.509170 0.033778
vt 0.531041 0.029916
vt 0.513108 0.051057
vt 0.726637 0.688820
vt 0.697578 0.701787
vt 0.702115 0.686789
s 0
f 3141/4571/2143 3129/4572/2143 3142/4573/2143
f 3142/4574/2144 3129/4575/2144 3126/4572/2144
f 3142/4576/2145 3126/4575/2145 3143/4577/2145 3133/4578/2145
f 3127/4575/2146 3126/4572/2146 3143/4579/2146
f 3143/4580/2147 3126/4575/2147 3128/4572/2147 3144/4581/2147
f 3128/4575/2148 3150/4582/2148 3144/4583/2148
f 3129/4572/2149 3141/4584/2149 3145/4585/2149 3146/4586/2149
f 3128/4575/2150 3126/4572/2150 3129/4587/2150
f 3147/4588/2151 3128/4572/2151 3129/4587/2151 3146/4589/2151
f 3128/4572/2152 3147/4590/2152 3148/4591/2152 3150/4592/2152
s 1
f 3140/4593/2153 3130/4594/2154 3135/4595/2155 3136/4596/2156
f 3132/4597/2157 3149/4598/2158 3130/4599/2154 3137/4600/2159 3131/4601/2157
f 3138/4602/2160 3137/4603/2159 3130/4594/2154 3140/4593/2153 3139/4604/2160
f 3135/4605/2155 3130/4599/2154 3149/4606/2158 3134/4607/2161
o Bottle_cell.087
v 0.011339 0.011359 0.044632
v -0.049832 0.073582 0.044053
v -0.020512 0.019448 0.040643
v -0.013067 0.018103 0.047409
v -0.000000 0.023982 0.024589
v -0.012316 0.023977 0.021289
v -0.000000 0.008700 0.033519
v -0.000000 0.064487 0.069262
v 0.007291 0.060066 0.067317
v -0.007826 0.005769 0.042715
v 0.005648 0.005999 0.042412
v -0.000000 0.006293 0.042803
v 0.016710 0.055540 0.064801
v -0.017527 0.055787 0.064582
v -0.012955 0.006344 0.039113
v 0.005208 0.023980 0.023193
v 0.007631 0.008697 0.031474
v -0.040063 0.115977 0.054496
v -0.034683 0.136903 0.059836
v -0.000000 0.028020 0.014238
v 0.013555 0.190219 0.065400
v -0.000000 0.189669 0.069033
v -0.034685 0.076216 0.059947
v -0.014564 0.016257 0.025197
v -0.012009 0.008695 0.030301
v -0.015949 0.023970 0.017656
v -0.009460 0.026208 0.016338
v -0.000000 0.064487 0.069262
v 0.007291 0.060066 0.067317
v 0.005648 0.005999 0.042412
v -0.000000 0.006293 0.042803
v 0.016710 0.055540 0.064801
v 0.005208 0.023980 0.023193
v 0.007631 0.008697 0.031474
v -0.040063 0.115977 0.054496
v -0.034683 0.136903 0.059836
v 0.013555 0.190219 0.065400
v -0.000000 0.189669 0.069033
v -0.014564 0.016257 0.025197
v -0.012009 0.008695 0.030301
v -0.015949 0.023970 0.017656
v -0.009460 0.026208 0.016338
v -0.017527 0.055787 0.064582
v -0.007826 0.005769 0.042715
v -0.012955 0.006344 0.039113
v -0.000000 0.028020 0.014238
v -0.034685 0.076216 0.059947
v -0.049832 0.073582 0.044053
vn -0.0301 -0.4084 0.9123
vn 0.0343 -0.4184 0.9076
vn 0.9520 0.0237 -0.3053
vn -0.2153 -0.4259 0.8788
vn -0.6049 -0.4629 0.6479
vn 0.6951 -0.7171 -0.0508
vn 0.9435 0.0357 -0.3294
vn -0.2435 0.3094 -0.9192
vn -0.8585 -0.4459 -0.2532
vn -0.6558 -0.3957 0.6429
vn -0.1718 -0.7490 -0.6399
vn -0.0675 -0.9658 -0.2504
vn 0.0013 -0.9680 -0.2510
vn -0.0000 -0.8286 -0.5598
vn 0.1220 0.0018 0.9925
vn 0.0054 0.0018 1.0000
vn 0.2588 0.0018 0.9659
vn -0.2857 0.2908 -0.9132
vn -0.7181 -0.0017 0.6960
vn -0.4635 0.0004 0.8861
vn -0.3190 0.0014 0.9477
vn -0.2588 0.0018 0.9659
vn 0.1727 -0.7461 -0.6431
vn 0.0675 -0.9658 -0.2504
vn 0.1408 -0.9305 -0.3381
vn 0.3401 -0.7341 -0.5878
vn 0.4611 -0.7590 -0.4597
vn -0.0000 -0.7342 -0.6789
vn 0.0443 -0.9307 -0.3630
vn -0.1770 -0.7306 -0.6594
vn 0.2913 -0.4982 -0.8167
vn -0.6362 -0.3814 0.6706
vt 0.661979 0.000000
vt 1.000000 0.062137
vt 1.000000 0.361042
vt 0.869730 0.255200
vt 0.312640 0.038586
vt 0.676964 0.000000
vt 1.000000 0.000000
vt 1.000000 0.268960
vt 0.361042 0.361042
vt 0.062137 0.062137
vt 0.000000 0.000000
vt 1.000000 0.028112
vt 0.268960 0.268960
vt 0.239182 0.239182
vt 1.000000 0.060817
vt 1.000000 0.530966
vt 0.528976 0.528976
vt 1.000000 1.000000
vt 0.836536 0.836536
vt 1.000000 0.729495
vt 0.411673 0.300916
vt 0.151223 0.000000
vt 0.666725 0.658749
vt 0.151738 0.120952
vt 0.144668 0.000000
vt 0.622379 0.000000
vt 0.730821 0.154603
vt 1.000000 0.765589
vt 1.000000 0.702734
vt 0.671466 0.000000
vt 0.893436 0.453477
vt 0.774022 0.625779
vt 0.819462 0.179738
vt 0.804720 0.187514
vt 0.796791 0.180613
vt 0.808973 0.168430
vt 0.057745 0.347747
vt 0.057740 0.113804
vt 0.071754 0.105546
vt 0.089857 0.097098
vt 0.083798 0.348785
vt 0.671466 0.671466
vt 0.013555 0.000000
vt 1.000000 0.377621
vt 0.989844 0.849453
vt 0.399322 0.629244
vt 0.364300 0.626158
vt 0.364306 0.512744
vt 0.376534 0.552055
vt 0.032979 0.098238
vt 0.057740 0.113804
vt 0.052525 0.347846
vt 0.000013 0.250211
vt 0.000007 0.136797
vt 0.797433 0.148441
vt 0.796791 0.180613
vt 0.785005 0.167519
vt 0.788662 0.155120
vt 0.010243 0.798035
vt 0.000000 0.795290
vt 0.004769 0.787030
vt 0.000000 0.818960
vt 0.010457 0.798422
vt 0.018549 0.813990
vt 0.005005 0.827629
vt 0.020975 0.818062
vt 0.400800 0.782900
vt 0.400949 0.774640
vt 0.415101 0.768737
vt 0.582222 0.823086
vt 0.582582 0.843074
vt 0.568856 0.845210
vt 0.554703 0.839307
vt 0.554333 0.818808
vt 0.582222 0.808419
vt 0.554333 0.808798
vt 1.000000 0.234886
vt 0.677009 0.607228
s 0
f 3193/4608/2162 3194/4609/2162 3179/4610/2162 3178/4611/2162
f 3181/4612/2163 3180/4613/2163 3151/4614/2163 3182/4615/2163 3179/4616/2163 3194/4617/2163
f 3151/4618/2164 3187/4619/2164 3182/4620/2164
f 3193/4621/2165 3154/4618/2165 3194/4622/2165
f 3154/4618/2166 3153/4614/2166 3195/4623/2166 3194/4624/2166
f 3151/4625/2167 3180/4626/2167 3184/4627/2167
f 3183/4628/2168 3170/4629/2168 3187/4614/2168 3151/4625/2168 3184/4630/2168
f 3187/4625/2169 3170/4631/2169 3192/4632/2169 3185/4633/2169 3186/4634/2169 3188/4635/2169
f 3195/4636/2170 3153/4625/2170 3198/4618/2170 3191/4637/2170 3189/4638/2170 3190/4639/2170
f 3198/4618/2171 3153/4614/2171 3154/4625/2171
s 1
f 3167/4640/2172 3161/4641/2173 3162/4642/2174 3157/4643/2175
f 3172/4644/2176 3158/4645/2177 3159/4646/2178 3163/4647/2178 3171/4648/2178
s 0
f 3191/4649/2179 3198/4650/2179 3185/4651/2179 3192/4652/2179
s 1
f 3152/4653/2180 3197/4654/2181 3169/4655/2182 3168/4656/2180
f 3164/4657/2183 3158/4658/2177 3172/4659/2176 3169/4660/2182 3197/4661/2181
f 3175/4662/2184 3157/4643/2175 3162/4663/2174 3160/4664/2185 3165/4665/2185
f 3177/4666/2186 3156/4667/2187 3176/4668/2188
f 3155/4669/2189 3156/4667/2187 3177/4670/2186 3196/4671/2190
f 3166/4672/2191 3155/4669/2189 3196/4673/2190
f 3176/4674/2188 3156/4675/2187 3174/4676/2192
f 3157/4677/2175 3175/4678/2184 3174/4679/2192 3156/4680/2187 3155/4681/2189
f 3167/4682/2172 3157/4677/2175 3155/4681/2189 3166/4683/2191
s 0
f 3198/4614/2193 3154/4614/2193 3193/4684/2193 3173/4685/2193
o Bottle_cell.088
v 0.009314 0.386799 -0.011282
v -0.002722 0.387415 -0.018343
v 0.013602 0.423428 -0.024298
v 0.017950 0.443581 -0.019985
v 0.002137 0.415562 -0.038554
v 0.010690 0.416625 -0.034756
v 0.024573 0.416581 -0.026665
v 0.017745 0.417612 -0.031465
v 0.017952 0.423436 -0.019948
v 0.006907 0.423425 -0.026092
v 0.013602 0.444088 -0.024334
v 0.002137 0.415562 -0.038554
v 0.010690 0.416625 -0.034756
v 0.024573 0.416581 -0.026665
v 0.017745 0.417612 -0.031465
v 0.017952 0.423436 -0.019948
v 0.006907 0.423425 -0.026092
v 0.013602 0.444088 -0.024334
v 0.017950 0.443581 -0.019985
vn -0.5464 0.2247 0.8068
vn 0.3897 -0.5806 -0.7149
vn 0.4104 -0.5756 -0.7073
vn 0.7114 -0.0015 0.7028
vn 0.7054 0.0014 0.7088
vn -0.9406 0.2897 0.1773
vn 0.1519 0.8086 -0.5683
vn 0.2134 0.5642 -0.7975
vn 0.4341 0.4947 -0.7528
vn 0.2867 0.8183 -0.4982
vn 0.6302 0.4524 -0.6310
vn 0.4150 0.8089 -0.4164
vn 0.6397 -0.0013 -0.7686
vn 0.7071 -0.0012 -0.7071
vt 0.269388 0.000000
vt 1.000000 0.000000
vt 1.000000 1.000000
vt 0.322098 0.322098
vt 0.000000 0.000000
vt 0.295149 0.000000
vt 1.000000 0.689247
vt 1.000000 0.692172
vt 0.689247 0.689247
vt 0.835617 0.680206
vt 1.000000 0.594081
vt 0.692172 0.692172
vt 1.000000 0.322098
vt 0.594081 0.594081
vt 1.000000 0.704851
vt 0.425627 0.417422
vt 0.700288 0.628500
vt 0.762517 0.382066
vt 0.785156 0.371951
vt 0.796299 0.378384
vt 0.792317 0.393246
vt 0.778733 0.388305
vt 0.792317 0.393246
vt 0.807720 0.378384
vt 0.807579 0.395909
vt 0.867393 0.456611
vt 0.861547 0.447996
vt 0.861544 0.410614
vt 0.871434 0.410793
vt 0.800011 0.643074
vt 0.811153 0.642873
vt 0.800011 0.681410
s 0
f 3216/4686/2194 3200/4687/2194 3199/4688/2194 3217/4689/2194
f 3199/4688/2195 3200/4690/2195 3210/4691/2195 3211/4692/2195
f 3212/4693/2196 3199/4688/2196 3211/4694/2196 3213/4695/2196
f 3214/4696/2197 3199/4688/2197 3212/4697/2197
f 3217/4698/2198 3199/4688/2198 3214/4699/2198
f 3210/4700/2199 3200/4688/2199 3216/4701/2199 3215/4702/2199
s 1
f 3203/4703/2200 3208/4704/2201 3201/4705/2202 3206/4706/2203 3204/4707/2200
f 3206/4708/2203 3201/4705/2202 3207/4709/2204 3205/4710/2205
f 3209/4711/2206 3202/4712/2207 3207/4713/2204 3201/4714/2202
f 3201/4715/2202 3208/4716/2201 3209/4717/2206
