# Blender 4.3.2
# www.blender.org
mtllib WineGlassDestructable.mtl
o Wine_Glass
v -0.005464 0.327917 -0.050032
v 0.010551 0.327917 -0.046846
v 0.024129 0.327917 -0.037774
v 0.033201 0.327917 -0.024197
v 0.036387 0.327917 -0.008181
v 0.033201 0.327917 0.007834
v 0.024129 0.327917 0.021411
v 0.010551 0.327917 0.030484
v -0.005464 0.327917 0.033669
v -0.021480 0.327917 0.030483
v -0.035057 0.327917 0.021411
v -0.044129 0.327917 0.007834
v -0.047315 0.327917 -0.008181
v -0.044129 0.327917 -0.024197
v -0.035057 0.327917 -0.037774
v -0.021480 0.327917 -0.046846
v -0.005464 0.008547 -0.067068
v 0.017071 0.008547 -0.062585
v 0.036175 0.008547 -0.049820
v 0.048940 0.008547 -0.030716
v 0.053422 0.008547 -0.008181
v 0.048940 0.008547 0.014353
v 0.036175 0.008547 0.033458
v 0.017071 0.008547 0.046223
v -0.005464 0.008547 0.050705
v -0.027999 0.008547 0.046223
v -0.047103 0.008547 0.033458
v -0.059868 0.008547 0.014353
v -0.064350 0.008547 -0.008181
v -0.059868 0.008547 -0.030716
v -0.047103 0.008547 -0.049821
v -0.027999 0.008547 -0.062585
v -0.001382 0.023130 -0.018037
v 0.002079 0.023130 -0.015724
v 0.004391 0.023130 -0.012264
v 0.005203 0.023130 -0.008181
v 0.004391 0.023130 -0.004099
v 0.002079 0.023130 -0.000639
v -0.001382 0.023130 0.001674
v -0.005464 0.023130 0.002486
v -0.009546 0.023130 0.001674
v -0.013007 0.023130 -0.000639
v -0.015319 0.023130 -0.004099
v -0.016131 0.023130 -0.008181
v -0.015319 0.023130 -0.012264
v -0.013007 0.023130 -0.015724
v -0.009546 0.023130 -0.018037
v -0.005464 0.023130 -0.018849
v -0.005464 0.159800 -0.022437
v -0.000009 0.159800 -0.021352
v 0.004616 0.159800 -0.018262
v 0.007706 0.159800 -0.013637
v 0.008792 0.159800 -0.008181
v 0.007706 0.159800 -0.002726
v 0.004616 0.159800 0.001899
v -0.000009 0.159800 0.004989
v -0.005464 0.159800 0.006074
v -0.010919 0.159800 0.004989
v -0.015544 0.159800 0.001899
v -0.018634 0.159800 -0.002726
v -0.019720 0.159800 -0.008181
v -0.018634 0.159800 -0.013637
v -0.015544 0.159800 -0.018262
v -0.010919 0.159800 -0.021352
v -0.003143 0.029957 -0.013785
v -0.001175 0.029957 -0.012470
v 0.000140 0.029957 -0.010503
v 0.000602 0.029957 -0.008181
v 0.000140 0.029957 -0.005860
v -0.001175 0.029957 -0.003892
v -0.003143 0.029957 -0.002578
v -0.005464 0.029957 -0.002116
v -0.007785 0.029957 -0.002578
v -0.009753 0.029957 -0.003892
v -0.011068 0.029957 -0.005860
v -0.011530 0.029957 -0.008181
v -0.011068 0.029957 -0.010503
v -0.009753 0.029957 -0.012470
v -0.007785 0.029957 -0.013785
v -0.005464 0.029957 -0.014247
v -0.005464 0.153832 -0.012612
v -0.003769 0.153832 -0.012275
v -0.002331 0.153832 -0.011314
v -0.001371 0.153832 -0.009877
v -0.001034 0.153832 -0.008181
v -0.001371 0.153832 -0.006486
v -0.002331 0.153832 -0.005049
v -0.003769 0.153832 -0.004088
v -0.005464 0.153832 -0.003751
v -0.007159 0.153832 -0.004088
v -0.008597 0.153832 -0.005049
v -0.009557 0.153832 -0.006486
v -0.009894 0.153832 -0.008181
v -0.009557 0.153832 -0.009877
v -0.008597 0.153832 -0.011314
v -0.007159 0.153832 -0.012275
v -0.004246 0.084219 -0.011123
v -0.003213 0.084219 -0.010432
v -0.002523 0.084219 -0.009400
v -0.002281 0.084219 -0.008181
v -0.002523 0.084219 -0.006963
v -0.003213 0.084219 -0.005930
v -0.004246 0.084219 -0.005240
v -0.005464 0.084219 -0.004998
v -0.006682 0.084219 -0.005240
v -0.007715 0.084219 -0.005930
v -0.008405 0.084219 -0.006963
v -0.008647 0.084219 -0.008181
v -0.008405 0.084219 -0.009400
v -0.007715 0.084219 -0.010432
v -0.006682 0.084219 -0.011123
v -0.005464 0.084219 -0.011365
v -0.005464 0.202667 -0.052773
v 0.011600 0.202667 -0.049378
v 0.026067 0.202667 -0.039712
v 0.035733 0.202667 -0.025246
v 0.039127 0.202667 -0.008181
v 0.035733 0.202667 0.008883
v 0.026067 0.202667 0.023349
v 0.011600 0.202667 0.033016
v -0.005464 0.202667 0.036410
v -0.022528 0.202667 0.033015
v -0.036995 0.202667 0.023349
v -0.046661 0.202667 0.008883
v -0.050055 0.202667 -0.008181
v -0.046661 0.202667 -0.025246
v -0.036995 0.202667 -0.039712
v -0.022528 0.202667 -0.049378
v -0.005464 0.261185 -0.066908
v 0.017010 0.261185 -0.062438
v 0.036062 0.261185 -0.049708
v 0.048793 0.261185 -0.030655
v 0.053263 0.261185 -0.008181
v 0.048793 0.261185 0.014292
v 0.036062 0.261185 0.033345
v 0.017010 0.261185 0.046075
v -0.005464 0.261185 0.050546
v -0.027938 0.261185 0.046075
v -0.046990 0.261185 0.033345
v -0.059721 0.261185 0.014292
v -0.064191 0.261185 -0.008181
v -0.059721 0.261185 -0.030655
v -0.046990 0.261185 -0.049708
v -0.027938 0.261185 -0.062438
v -0.005464 0.289662 -0.063287
v 0.015624 0.289662 -0.059093
v 0.033502 0.289662 -0.047147
v 0.045447 0.289662 -0.029269
v 0.049642 0.289662 -0.008181
v 0.045447 0.289662 0.012907
v 0.033502 0.289662 0.030784
v 0.015624 0.289662 0.042730
v -0.005464 0.289662 0.046924
v -0.026552 0.289662 0.042730
v -0.044430 0.289662 0.030784
v -0.056375 0.289662 0.012907
v -0.060570 0.289662 -0.008181
v -0.056375 0.289662 -0.029270
v -0.044430 0.289662 -0.047147
v -0.026552 0.289662 -0.059093
v 0.015272 0.231927 -0.058243
v 0.032852 0.231927 -0.046497
v 0.044598 0.231927 -0.028918
v 0.048723 0.231927 -0.008181
v 0.044598 0.231927 0.012555
v 0.032852 0.231927 0.030134
v 0.015272 0.231927 0.041880
v -0.005464 0.231927 0.046005
v -0.026200 0.231927 0.041880
v -0.043780 0.231927 0.030134
v -0.055526 0.231927 0.012555
v -0.059651 0.231927 -0.008181
v -0.055526 0.231927 -0.028918
v -0.043780 0.231927 -0.046497
v -0.026200 0.231927 -0.058243
v -0.005464 0.231927 -0.062368
v -0.005464 0.003718 -0.069384
v 0.017957 0.003718 -0.064726
v 0.037813 0.003718 -0.051458
v 0.051080 0.003718 -0.031603
v 0.055739 0.003718 -0.008181
v 0.051080 0.003718 0.015240
v 0.037813 0.003718 0.035096
v 0.017957 0.003718 0.048363
v -0.005464 0.003718 0.053022
v -0.028885 0.003718 0.048363
v -0.048741 0.003718 0.035096
v -0.062008 0.003718 0.015240
v -0.066667 0.003718 -0.008181
v -0.062008 0.003718 -0.031603
v -0.048741 0.003718 -0.051459
v -0.028885 0.003718 -0.064726
v -0.005464 0.327917 -0.053955
v 0.012053 0.327917 -0.050470
v 0.026902 0.327917 -0.040548
v 0.036825 0.327917 -0.025698
v 0.040309 0.327917 -0.008181
v 0.036825 0.327917 0.009335
v 0.026902 0.327917 0.024185
v 0.012053 0.327917 0.034107
v -0.005464 0.327917 0.037592
v -0.022981 0.327917 0.034107
v -0.037831 0.327917 0.024185
v -0.047753 0.327917 0.009335
v -0.051237 0.327917 -0.008181
v -0.047753 0.327917 -0.025698
v -0.037830 0.327917 -0.040548
v -0.022981 0.327917 -0.050470
v -0.005464 0.231909 -0.056863
v 0.013166 0.231909 -0.053158
v 0.028959 0.231909 -0.042605
v 0.039512 0.231909 -0.026811
v 0.043218 0.231909 -0.008181
v 0.039512 0.231909 0.010448
v 0.028959 0.231909 0.026242
v 0.013166 0.231909 0.036795
v -0.005464 0.231909 0.040500
v -0.024094 0.231909 0.036795
v -0.039887 0.231909 0.026242
v -0.050440 0.231909 0.010448
v -0.054146 0.231909 -0.008181
v -0.050440 0.231909 -0.026811
v -0.039887 0.231909 -0.042605
v -0.024094 0.231909 -0.053158
v -0.005464 0.203023 -0.049387
v 0.010305 0.203023 -0.046251
v 0.023673 0.203023 -0.037318
v 0.032605 0.203023 -0.023950
v 0.035742 0.203023 -0.008181
v 0.032605 0.203023 0.007587
v 0.023673 0.203023 0.020956
v 0.010305 0.203023 0.029888
v -0.005464 0.203023 0.033024
v -0.021233 0.203023 0.029888
v -0.034601 0.203023 0.020955
v -0.043533 0.203023 0.007587
v -0.046670 0.203023 -0.008181
v -0.043533 0.203023 -0.023950
v -0.034601 0.203023 -0.037318
v -0.021233 0.203023 -0.046251
v 0.041999 0.289274 0.011479
v -0.056838 0.289274 -0.008181
v 0.030863 0.289274 0.028146
v -0.052927 0.289274 -0.027842
v 0.014196 0.289274 0.039282
v -0.041791 0.289274 -0.044508
v 0.014196 0.289274 -0.055645
v -0.005464 0.289274 0.043193
v -0.025124 0.289274 -0.055645
v 0.030863 0.289274 -0.044508
v -0.025124 0.289274 0.039282
v 0.041999 0.289274 -0.027841
v -0.041791 0.289274 0.028145
v 0.045910 0.289274 -0.008181
v -0.052928 0.289274 0.011479
v -0.005464 0.289274 -0.059555
v -0.005464 0.168421 -0.026397
v 0.001507 0.168421 -0.025011
v 0.007417 0.168421 -0.021062
v 0.011365 0.168421 -0.015152
v 0.012752 0.168421 -0.008181
v 0.011365 0.168421 -0.001210
v 0.007417 0.168421 0.004699
v 0.001507 0.168421 0.008648
v -0.005464 0.168421 0.010035
v -0.012435 0.168421 0.008648
v -0.018345 0.168421 0.004699
v -0.022293 0.168421 -0.001210
v -0.023680 0.168421 -0.008181
v -0.022293 0.168421 -0.015152
v -0.018345 0.168421 -0.021062
v -0.012435 0.168421 -0.025011
v 0.003235 0.168136 -0.029183
v 0.010610 0.168136 -0.024255
v 0.015537 0.168136 -0.016881
v 0.017268 0.168136 -0.008181
v 0.015537 0.168136 0.000518
v 0.010610 0.168136 0.007892
v 0.003235 0.168136 0.012820
v -0.005464 0.168136 0.014550
v -0.014163 0.168136 0.012820
v -0.021538 0.168136 0.007892
v -0.026466 0.168136 0.000518
v -0.028196 0.168136 -0.008181
v -0.026465 0.168136 -0.016881
v -0.021538 0.168136 -0.024255
v -0.014163 0.168136 -0.029183
v -0.005464 0.168136 -0.030913
v -0.055807 0.261187 0.012671
v -0.005464 0.261187 -0.062673
v 0.044879 0.261187 0.012672
v -0.059955 0.261187 -0.008181
v 0.033067 0.261187 0.030350
v -0.055807 0.261187 -0.029034
v 0.015389 0.261187 0.042162
v -0.043995 0.261187 -0.046713
v 0.015389 0.261187 -0.058525
v -0.005464 0.261187 0.046310
v -0.026317 0.261187 -0.058525
v 0.033067 0.261187 -0.046713
v -0.026317 0.261187 0.042162
v 0.044879 0.261187 -0.029034
v -0.043995 0.261187 0.030350
v 0.049027 0.261187 -0.008181
v -0.005464 0.113917 -0.013129
v -0.003571 0.113917 -0.012753
v -0.001965 0.113917 -0.011680
v -0.000893 0.113917 -0.010075
v -0.000516 0.113917 -0.008181
v -0.000893 0.113917 -0.006288
v -0.001965 0.113917 -0.004683
v -0.003571 0.113917 -0.003610
v -0.005464 0.113917 -0.003234
v -0.007357 0.113917 -0.003610
v -0.008963 0.113917 -0.004683
v -0.010035 0.113917 -0.006288
v -0.010412 0.113917 -0.008181
v -0.010035 0.113917 -0.010075
v -0.008963 0.113917 -0.011680
v -0.007357 0.113917 -0.012753
v -0.005464 0.126517 -0.018432
v -0.001541 0.126517 -0.017652
v 0.001785 0.126517 -0.015430
v 0.004007 0.126517 -0.012104
v 0.004787 0.126517 -0.008181
v 0.004007 0.126517 -0.004259
v 0.001785 0.126517 -0.000933
v -0.001541 0.126517 0.001289
v -0.005464 0.126517 0.002070
v -0.009387 0.126517 0.001289
v -0.012713 0.126517 -0.000933
v -0.014935 0.126517 -0.004259
v -0.015715 0.126517 -0.008181
v -0.014935 0.126517 -0.012104
v -0.012713 0.126517 -0.015430
v -0.009387 0.126517 -0.017652
v -0.005464 0.145817 -0.017776
v -0.001792 0.145817 -0.017046
v 0.001320 0.145817 -0.014966
v 0.003400 0.145817 -0.011853
v 0.004130 0.145817 -0.008181
v 0.003400 0.145817 -0.004510
v 0.001320 0.145817 -0.001397
v -0.001792 0.145817 0.000683
v -0.005464 0.145817 0.001413
v -0.009136 0.145817 0.000683
v -0.012248 0.145817 -0.001397
v -0.014328 0.145817 -0.004510
v -0.015058 0.145817 -0.008181
v -0.014328 0.145817 -0.011853
v -0.012248 0.145817 -0.014966
v -0.009136 0.145817 -0.017046
v -0.000965 0.137256 -0.019042
v 0.002848 0.137256 -0.016494
v 0.005396 0.137256 -0.012680
v 0.006291 0.137256 -0.008181
v 0.005396 0.137256 -0.003683
v 0.002848 0.137256 0.000131
v -0.000966 0.137256 0.002679
v -0.005464 0.137256 0.003574
v -0.009963 0.137256 0.002679
v -0.013776 0.137256 0.000131
v -0.016324 0.137256 -0.003683
v -0.017219 0.137256 -0.008181
v -0.016324 0.137256 -0.012680
v -0.013776 0.137256 -0.016494
v -0.009963 0.137256 -0.019042
v -0.005464 0.137256 -0.019937
vn -0.0000 0.1806 -0.9836
vn -0.0000 0.7503 -0.6610
vn 0.2530 0.7503 -0.6107
vn 0.3764 0.1806 -0.9087
vn 0.4674 0.7503 -0.4674
vn 0.6955 0.1806 -0.6955
vn 0.6107 0.7503 -0.2530
vn 0.9087 0.1806 -0.3764
vn 0.6611 0.7503 -0.0000
vn 0.9836 0.1806 -0.0000
vn 0.6107 0.7503 0.2530
vn 0.9087 0.1806 0.3764
vn 0.4674 0.7503 0.4674
vn 0.6955 0.1806 0.6955
vn 0.2530 0.7503 0.6107
vn 0.3764 0.1806 0.9087
vn -0.0000 0.7503 0.6611
vn -0.0000 0.1806 0.9836
vn -0.2530 0.7503 0.6107
vn -0.3764 0.1806 0.9087
vn -0.4674 0.7503 0.4674
vn -0.6955 0.1806 0.6955
vn -0.6107 0.7503 0.2530
vn -0.9087 0.1806 0.3764
vn -0.6611 0.7503 -0.0000
vn -0.9836 0.1806 -0.0000
vn -0.6107 0.7503 -0.2530
vn -0.9087 0.1806 -0.3764
vn -0.4674 0.7503 -0.4674
vn -0.6955 0.1806 -0.6955
vn -0.2530 0.7503 -0.6107
vn -0.3764 0.1806 -0.9087
vn -0.0000 0.8249 -0.5653
vn -0.0000 0.3279 -0.9447
vn 0.3615 0.3279 -0.8728
vn 0.2163 0.8249 -0.5223
vn 0.2594 0.7351 -0.6263
vn -0.0000 0.7351 -0.6780
vn -0.3336 -0.4901 -0.8053
vn -0.2594 0.7351 -0.6263
vn -0.0000 -0.4901 -0.8717
vn -0.6164 -0.4901 -0.6164
vn -0.4794 0.7351 -0.4794
vn -0.8053 -0.4901 -0.3336
vn -0.6263 0.7351 -0.2594
vn -0.8717 -0.4901 -0.0000
vn -0.6780 0.7351 -0.0000
vn -0.8053 -0.4901 0.3336
vn -0.6263 0.7351 0.2594
vn -0.6164 -0.4901 0.6164
vn -0.4794 0.7351 0.4794
vn -0.3336 -0.4901 0.8053
vn -0.2594 0.7351 0.6263
vn -0.0000 -0.4901 0.8717
vn -0.0000 0.7351 0.6780
vn 0.3336 -0.4901 0.8053
vn 0.2594 0.7351 0.6263
vn 0.6164 -0.4901 0.6164
vn 0.4794 0.7351 0.4794
vn 0.8053 -0.4901 0.3336
vn 0.6263 0.7351 0.2594
vn 0.8717 -0.4901 -0.0000
vn 0.6780 0.7351 -0.0000
vn 0.8053 -0.4901 -0.3336
vn 0.6263 0.7351 -0.2594
vn 0.6164 -0.4901 -0.6164
vn 0.4794 0.7351 -0.4794
vn 0.3336 -0.4901 -0.8053
vn -0.0000 -0.0135 -0.9999
vn 0.3826 -0.0135 -0.9238
vn 0.3723 -0.2310 -0.8989
vn -0.0000 -0.2310 -0.9730
vn 0.3997 0.8249 -0.3997
vn 0.5223 0.8249 -0.2163
vn 0.5653 0.8249 -0.0000
vn 0.5223 0.8249 0.2163
vn 0.3997 0.8249 0.3997
vn 0.2163 0.8249 0.5223
vn -0.0000 0.8249 0.5653
vn -0.2163 0.8249 0.5223
vn -0.3997 0.8249 0.3997
vn -0.5223 0.8249 0.2163
vn -0.5653 0.8249 -0.0000
vn -0.5223 0.8249 -0.2163
vn -0.3997 0.8249 -0.3997
vn -0.2163 0.8249 -0.5223
vn 0.5257 0.6688 -0.5257
vn 0.6963 -0.1738 -0.6963
vn 0.9098 -0.1738 -0.3769
vn 0.6869 0.6688 -0.2845
vn 0.2384 -0.7822 -0.5756
vn 0.4406 -0.7822 -0.4406
vn 0.6853 -0.2466 -0.6853
vn 0.3709 -0.2466 -0.8953
vn 0.5756 -0.7822 -0.2384
vn 0.8953 -0.2466 -0.3709
vn 0.6231 -0.7822 -0.0000
vn 0.9691 -0.2466 -0.0000
vn 0.5756 -0.7822 0.2384
vn 0.8953 -0.2466 0.3709
vn 0.4406 -0.7822 0.4406
vn 0.6853 -0.2466 0.6853
vn 0.2384 -0.7822 0.5756
vn 0.3709 -0.2466 0.8953
vn -0.0000 -0.7822 0.6231
vn -0.0000 -0.2466 0.9691
vn -0.2384 -0.7822 0.5756
vn -0.3709 -0.2466 0.8953
vn -0.4406 -0.7822 0.4406
vn -0.6853 -0.2466 0.6853
vn -0.5756 -0.7822 0.2384
vn -0.8953 -0.2466 0.3709
vn -0.6231 -0.7822 -0.0000
vn -0.9691 -0.2466 -0.0000
vn -0.5756 -0.7822 -0.2384
vn -0.8953 -0.2466 -0.3709
vn -0.4406 -0.7822 -0.4406
vn -0.6853 -0.2466 -0.6853
vn -0.2384 -0.7822 -0.5756
vn -0.3709 -0.2466 -0.8953
vn -0.0000 -0.7822 -0.6231
vn -0.0000 -0.2466 -0.9691
vn -0.0000 -0.2316 -0.9728
vn 0.3723 -0.2316 -0.8988
vn 0.3827 -0.0032 -0.9239
vn -0.0000 -0.0032 -1.0000
vn -0.0000 -0.6212 -0.7837
vn 0.2999 -0.6212 -0.7240
vn -0.3615 0.3279 -0.8728
vn -0.6680 0.3279 -0.6680
vn -0.8728 0.3279 -0.3615
vn -0.9447 0.3279 -0.0000
vn -0.8728 0.3279 0.3615
vn -0.6680 0.3279 0.6680
vn -0.3615 0.3279 0.8728
vn -0.0000 0.3279 0.9447
vn 0.3615 0.3279 0.8728
vn 0.6680 0.3279 0.6680
vn 0.8728 0.3279 0.3615
vn 0.9447 0.3279 -0.0000
vn 0.8728 0.3279 -0.3615
vn 0.6680 0.3279 -0.6680
vn -0.0000 0.3912 -0.9203
vn 0.3522 0.3912 -0.8502
vn 0.3822 0.0528 -0.9226
vn -0.0000 0.0528 -0.9986
vn -0.3522 0.3912 -0.8502
vn -0.6507 0.3912 -0.6507
vn -0.8502 0.3912 -0.3522
vn -0.9203 0.3912 -0.0000
vn -0.8502 0.3912 0.3522
vn -0.6507 0.3912 0.6507
vn -0.3522 0.3912 0.8502
vn -0.0000 0.3912 0.9203
vn 0.3522 0.3912 0.8502
vn 0.6507 0.3912 0.6507
vn 0.8502 0.3912 0.3522
vn 0.9203 0.3912 -0.0000
vn 0.8502 0.3912 -0.3522
vn 0.6507 0.3912 -0.6507
vn 0.7071 -0.0032 -0.7071
vn 0.9239 -0.0032 -0.3827
vn 1.0000 -0.0032 -0.0000
vn 0.9239 -0.0032 0.3827
vn 0.7071 -0.0032 0.7071
vn 0.3827 -0.0032 0.9239
vn -0.0000 -0.0032 1.0000
vn -0.3827 -0.0032 0.9239
vn -0.7071 -0.0032 0.7071
vn -0.9239 -0.0032 0.3827
vn -1.0000 -0.0032 -0.0000
vn -0.9239 -0.0032 -0.3827
vn -0.7071 -0.0032 -0.7071
vn -0.3827 -0.0032 -0.9239
vn 0.3472 -0.4207 -0.8381
vn 0.6415 -0.4207 -0.6415
vn 0.5541 -0.6212 -0.5541
vn 0.8381 -0.4207 -0.3472
vn 0.7240 -0.6212 -0.2999
vn 0.9072 -0.4207 -0.0000
vn 0.7837 -0.6212 -0.0000
vn 0.8381 -0.4207 0.3472
vn 0.7240 -0.6212 0.2999
vn 0.6415 -0.4207 0.6415
vn 0.5541 -0.6212 0.5541
vn 0.3472 -0.4207 0.8381
vn 0.2999 -0.6212 0.7240
vn -0.0000 -0.4207 0.9072
vn -0.0000 -0.6212 0.7837
vn -0.3472 -0.4207 0.8381
vn -0.2999 -0.6212 0.7240
vn -0.6415 -0.4207 0.6415
vn -0.5541 -0.6212 0.5541
vn -0.8381 -0.4207 0.3472
vn -0.7240 -0.6212 0.2999
vn -0.9072 -0.4207 -0.0000
vn -0.7837 -0.6212 -0.0000
vn -0.8381 -0.4207 -0.3472
vn -0.7240 -0.6212 -0.2999
vn -0.6415 -0.4207 -0.6415
vn -0.5541 -0.6212 -0.5541
vn -0.3472 -0.4207 -0.8381
vn -0.2999 -0.6212 -0.7240
vn -0.0000 -0.4207 -0.9072
vn -0.9098 -0.1738 -0.3769
vn -0.9848 -0.1738 -0.0000
vn -0.9991 0.0419 -0.0000
vn -0.9231 0.0419 -0.3823
vn 0.7070 -0.0135 -0.7070
vn 0.6880 -0.2310 -0.6880
vn 0.9238 -0.0135 -0.3826
vn 0.8989 -0.2310 -0.3723
vn 0.9999 -0.0135 -0.0000
vn 0.9730 -0.2310 -0.0000
vn 0.9238 -0.0135 0.3826
vn 0.8989 -0.2310 0.3723
vn 0.7070 -0.0135 0.7070
vn 0.6880 -0.2310 0.6880
vn 0.3826 -0.0135 0.9238
vn 0.3723 -0.2310 0.8989
vn -0.0000 -0.0135 0.9999
vn -0.0000 -0.2310 0.9730
vn -0.3826 -0.0135 0.9238
vn -0.3723 -0.2310 0.8989
vn -0.7070 -0.0135 0.7070
vn -0.6880 -0.2310 0.6880
vn -0.9238 -0.0135 0.3826
vn -0.8989 -0.2310 0.3723
vn -0.9999 -0.0135 -0.0000
vn -0.9730 -0.2310 -0.0000
vn -0.9238 -0.0135 -0.3826
vn -0.8989 -0.2310 -0.3723
vn -0.7070 -0.0135 -0.7070
vn -0.6880 -0.2310 -0.6880
vn -0.3826 -0.0135 -0.9238
vn -0.3723 -0.2310 -0.8989
vn -0.0000 0.6688 0.7435
vn -0.2845 0.6688 0.6869
vn -0.5257 0.6688 0.5257
vn -0.6869 0.6688 0.2845
vn -0.7435 0.6688 -0.0000
vn -0.6869 0.6688 -0.2845
vn -0.5257 0.6688 -0.5257
vn -0.2845 0.6688 -0.6869
vn -0.0000 0.6688 -0.7434
vn 0.2845 0.6688 -0.6869
vn 0.7434 0.6688 -0.0000
vn 0.6869 0.6688 0.2845
vn 0.5257 0.6688 0.5257
vn 0.2845 0.6688 0.6869
vn -0.7065 0.0419 -0.7065
vn -0.9008 0.2219 -0.3731
vn -0.6895 0.2219 -0.6895
vn 0.9231 0.0419 -0.3823
vn 0.9991 0.0419 -0.0000
vn 0.9848 -0.1738 -0.0000
vn 0.9231 0.0419 0.3823
vn 0.9751 0.2219 -0.0000
vn 0.9008 0.2219 0.3731
vn -0.3823 0.0419 -0.9231
vn -0.3731 0.2219 -0.9008
vn 0.7065 0.0419 0.7065
vn 0.6895 0.2219 0.6895
vn -0.3823 0.0419 0.9231
vn -0.0000 0.0419 0.9991
vn -0.0000 0.2219 0.9751
vn -0.3731 0.2219 0.9008
vn -0.0000 0.0419 -0.9991
vn -0.0000 0.2219 -0.9751
vn 0.3823 0.0419 0.9231
vn 0.3731 0.2219 0.9008
vn -0.7065 0.0419 0.7065
vn -0.6895 0.2219 0.6895
vn 0.3823 0.0419 -0.9231
vn 0.3731 0.2219 -0.9008
vn -0.9231 0.0419 0.3823
vn -0.9008 0.2219 0.3731
vn 0.7065 0.0419 -0.7065
vn 0.6895 0.2219 -0.6895
vn -0.9751 0.2219 -0.0000
vn 0.9008 0.2219 -0.3731
vn -0.0000 -0.2615 -0.9652
vn 0.3694 -0.2615 -0.8917
vn -0.3507 0.4001 0.8467
vn -0.6480 0.4001 0.6480
vn -0.8467 0.4001 0.3507
vn -0.9165 0.4001 -0.0000
vn -0.8467 0.4001 -0.3507
vn -0.6480 0.4001 -0.6480
vn -0.3507 0.4001 -0.8467
vn -0.0000 0.4001 -0.9165
vn 0.3507 0.4001 -0.8467
vn 0.6480 0.4001 -0.6480
vn 0.8467 0.4001 -0.3507
vn 0.9165 0.4001 -0.0000
vn 0.8467 0.4001 0.3507
vn 0.6480 0.4001 0.6480
vn 0.3507 0.4001 0.8467
vn -0.0000 0.4001 0.9165
vn -0.1974 0.8567 0.4766
vn -0.0000 0.8567 0.5159
vn -0.3648 0.8567 0.3648
vn -0.4766 0.8567 0.1974
vn -0.5159 0.8567 -0.0000
vn -0.4766 0.8567 -0.1974
vn -0.3648 0.8567 -0.3648
vn -0.1974 0.8567 -0.4766
vn -0.0000 0.8567 -0.5159
vn 0.1974 0.8567 -0.4766
vn 0.3648 0.8567 -0.3648
vn 0.4766 0.8567 -0.1974
vn 0.5159 0.8567 -0.0000
vn 0.4766 0.8567 0.1974
vn 0.3648 0.8567 0.3648
vn 0.1974 0.8567 0.4766
vn -0.6963 -0.1738 -0.6963
vn 0.9098 -0.1738 0.3769
vn -0.3769 -0.1738 -0.9098
vn 0.6963 -0.1738 0.6963
vn -0.0000 -0.1738 0.9848
vn -0.3769 -0.1738 0.9098
vn -0.0000 -0.1738 -0.9848
vn 0.3769 -0.1738 0.9098
vn -0.6963 -0.1738 0.6963
vn 0.3769 -0.1738 -0.9098
vn -0.9098 -0.1738 0.3769
vn 0.6879 -0.2316 -0.6879
vn 0.8988 -0.2316 -0.3723
vn 0.9728 -0.2316 -0.0000
vn 0.8988 -0.2316 0.3723
vn 0.6879 -0.2316 0.6879
vn 0.3723 -0.2316 0.8988
vn -0.0000 -0.2316 0.9728
vn -0.3723 -0.2316 0.8988
vn -0.6879 -0.2316 0.6879
vn -0.8988 -0.2316 0.3723
vn -0.9728 -0.2316 -0.0000
vn -0.8988 -0.2316 -0.3723
vn -0.6879 -0.2316 -0.6879
vn -0.3723 -0.2316 -0.8988
vn 0.6825 -0.2615 -0.6825
vn 0.8917 -0.2615 -0.3694
vn 0.9652 -0.2615 -0.0000
vn 0.8917 -0.2615 0.3694
vn 0.6825 -0.2615 0.6825
vn 0.3694 -0.2615 0.8917
vn -0.0000 -0.2615 0.9652
vn -0.3694 -0.2615 0.8917
vn -0.6825 -0.2615 0.6825
vn -0.8917 -0.2615 0.3694
vn -0.9652 -0.2615 -0.0000
vn -0.8917 -0.2615 -0.3694
vn -0.6825 -0.2615 -0.6825
vn -0.3694 -0.2615 -0.8917
vn 0.7061 0.0528 -0.7061
vn 0.9226 0.0528 -0.3822
vn 0.9986 0.0528 -0.0000
vn 0.9226 0.0528 0.3822
vn 0.7061 0.0528 0.7061
vn 0.3821 0.0528 0.9226
vn -0.0000 0.0528 0.9986
vn -0.3822 0.0528 0.9226
vn -0.7061 0.0528 0.7061
vn -0.9226 0.0528 0.3821
vn -0.9986 0.0528 -0.0000
vn -0.9226 0.0528 -0.3822
vn -0.7061 0.0528 -0.7061
vn -0.3821 0.0528 -0.9226
vt 0.439407 0.264921
vt 0.426765 0.350177
vt 0.390369 0.348599
vt 0.395590 0.263022
vt 0.350958 0.348045
vt 0.348144 0.262356
vt 0.314532 0.348599
vt 0.304291 0.263022
vt 0.286636 0.350177
vt 0.270707 0.264921
vt 0.273454 0.456804
vt 0.269062 0.370728
vt 0.305056 0.365108
vt 0.316787 0.450038
vt 0.343805 0.357892
vt 0.363436 0.441350
vt 0.379409 0.350177
vt 0.406299 0.432062
vt 0.449174 0.437888
vt 0.460617 0.358788
vt 0.497032 0.355686
vt 0.493014 0.434153
vt 0.536447 0.355686
vt 0.540465 0.434153
vt 0.572861 0.358788
vt 0.584304 0.437888
vt 0.751123 0.263861
vt 0.739680 0.349285
vt 0.703265 0.348220
vt 0.707284 0.262578
vt 0.663850 0.348219
vt 0.659832 0.262578
vt 0.627436 0.349285
vt 0.615993 0.263861
vt 0.593184 0.437888
vt 0.604627 0.358788
vt 0.641041 0.355686
vt 0.637023 0.434153
vt 0.680456 0.355687
vt 0.684475 0.434153
vt 0.169609 0.520211
vt 0.163884 0.535806
vt 0.159059 0.535639
vt 0.161124 0.519918
vt 0.114381 0.411983
vt 0.122868 0.415498
vt 0.102107 0.519869
vt 0.055260 0.500464
vt 0.437840 0.736313
vt 0.428441 0.737311
vt 0.432431 0.690464
vt 0.441987 0.687624
vt 0.437840 0.789015
vt 0.428441 0.788017
vt 0.441987 0.837705
vt 0.432431 0.834864
vt 0.811611 0.812232
vt 0.822597 0.811235
vt 0.823968 0.858082
vt 0.813036 0.860922
vt 0.811611 0.759531
vt 0.822597 0.760528
vt 0.813036 0.710841
vt 0.823968 0.713681
vt 0.437840 0.586232
vt 0.428441 0.587229
vt 0.432431 0.540382
vt 0.441987 0.537542
vt 0.437840 0.638934
vt 0.428441 0.637936
vt 0.441987 0.687623
vt 0.432431 0.684783
vt 0.823968 0.812232
vt 0.834953 0.811235
vt 0.836324 0.858082
vt 0.825393 0.860922
vt 0.823968 0.759531
vt 0.834953 0.760528
vt 0.825393 0.710841
vt 0.836324 0.713681
vt 0.429181 0.500243
vt 0.440152 0.497557
vt 0.442181 0.533444
vt 0.431290 0.537542
vt 0.428441 0.451538
vt 0.439439 0.450695
vt 0.429181 0.398842
vt 0.440152 0.399993
vt 0.444734 0.201831
vt 0.398038 0.199807
vt 0.396979 0.136072
vt 0.440065 0.137939
vt 0.132053 0.415498
vt 0.152814 0.519869
vt 0.140539 0.411983
vt 0.199661 0.500464
vt 0.147034 0.405488
vt 0.235516 0.464609
vt 0.150549 0.397002
vt 0.254921 0.417762
vt 0.150549 0.387816
vt 0.254921 0.367056
vt 0.147034 0.379330
vt 0.235516 0.320208
vt 0.140539 0.372835
vt 0.199661 0.284353
vt 0.132053 0.369320
vt 0.152814 0.264949
vt 0.122868 0.369320
vt 0.102107 0.264949
vt 0.114381 0.372835
vt 0.055260 0.284353
vt 0.107886 0.379330
vt 0.019405 0.320209
vt 0.104371 0.387816
vt 0.000000 0.367056
vt 0.104371 0.397002
vt 0.000000 0.417762
vt 0.107886 0.405488
vt 0.019405 0.464610
vt 0.781547 0.355686
vt 0.777446 0.439299
vt 0.736576 0.440495
vt 0.748253 0.356661
vt 0.187956 0.562935
vt 0.192653 0.551594
vt 0.210682 0.563640
vt 0.209222 0.567165
vt 0.201333 0.542914
vt 0.213380 0.560943
vt 0.212674 0.538216
vt 0.216905 0.559483
vt 0.224950 0.538216
vt 0.220720 0.559483
vt 0.236291 0.542914
vt 0.224244 0.560943
vt 0.244971 0.551594
vt 0.226942 0.563640
vt 0.249668 0.562935
vt 0.228402 0.567165
vt 0.249668 0.575210
vt 0.228402 0.570980
vt 0.244971 0.586551
vt 0.226942 0.574505
vt 0.236291 0.595231
vt 0.224244 0.577202
vt 0.224950 0.599929
vt 0.220720 0.578662
vt 0.212674 0.599929
vt 0.216905 0.578662
vt 0.201333 0.595231
vt 0.213380 0.577202
vt 0.192653 0.586551
vt 0.210682 0.574505
vt 0.187956 0.575210
vt 0.209222 0.570980
vt 0.161531 0.720772
vt 0.157595 0.720636
vt 0.157181 0.655524
vt 0.159714 0.655612
vt 0.169609 0.578860
vt 0.169609 0.559285
vt 0.927832 0.000723
vt 0.929814 0.013418
vt 0.924988 0.013007
vt 0.919346 0.000000
vt 0.937018 0.000723
vt 0.935036 0.013418
vt 0.945504 0.000000
vt 0.939862 0.013007
vt 0.208255 0.618276
vt 0.210236 0.634008
vt 0.205411 0.634149
vt 0.199769 0.618524
vt 0.217440 0.618276
vt 0.215459 0.634008
vt 0.225927 0.618524
vt 0.220285 0.634149
vt 0.908192 0.279507
vt 0.906211 0.266811
vt 0.911036 0.267222
vt 0.916678 0.280229
vt 0.899006 0.279507
vt 0.900988 0.266811
vt 0.890520 0.280229
vt 0.896162 0.267222
vt 0.188615 0.907060
vt 0.186633 0.891328
vt 0.191459 0.891187
vt 0.197101 0.906812
vt 0.179429 0.907060
vt 0.181410 0.891328
vt 0.170943 0.906812
vt 0.176585 0.891187
vt 0.143451 0.520072
vt 0.149010 0.535727
vt 0.145316 0.535968
vt 0.136954 0.520497
vt 0.151939 0.519869
vt 0.153836 0.535611
vt 0.166858 0.790423
vt 0.159226 0.790159
vt 0.160259 0.770987
vt 0.169609 0.771311
vt 0.928294 0.265218
vt 0.930517 0.280229
vt 0.926993 0.279929
vt 0.920661 0.264568
vt 0.936556 0.265218
vt 0.934333 0.280229
vt 0.944189 0.264568
vt 0.937857 0.279929
vt 0.208717 0.888523
vt 0.210940 0.906957
vt 0.207416 0.907060
vt 0.201084 0.888746
vt 0.216979 0.888523
vt 0.214755 0.906957
vt 0.224612 0.888746
vt 0.218280 0.907060
vt 0.907730 0.015012
vt 0.905507 0.000000
vt 0.909031 0.000300
vt 0.915363 0.015662
vt 0.899468 0.015012
vt 0.901691 0.000000
vt 0.891835 0.015662
vt 0.898167 0.000300
vt 0.188153 0.636813
vt 0.185929 0.618379
vt 0.189454 0.618276
vt 0.195786 0.636589
vt 0.179891 0.636813
vt 0.182114 0.618379
vt 0.172258 0.636589
vt 0.178590 0.618276
vt 0.143331 0.790298
vt 0.149565 0.808645
vt 0.146866 0.808821
vt 0.137487 0.790679
vt 0.150965 0.790115
vt 0.153090 0.808560
vt 0.156905 0.808581
vt 0.154440 0.655509
vt 0.151907 0.655570
vt 0.149968 0.655697
vt 0.180119 0.771361
vt 0.182651 0.771435
vt 0.185392 0.771435
vt 0.187925 0.771361
vt 0.899696 0.151118
vt 0.902228 0.150902
vt 0.904970 0.150902
vt 0.907502 0.151118
vt 0.216751 0.753975
vt 0.214218 0.753901
vt 0.211477 0.753901
vt 0.208945 0.753975
vt 0.936328 0.129112
vt 0.933796 0.129328
vt 0.931054 0.129328
vt 0.928522 0.129112
vt 0.393732 0.073075
vt 0.355339 0.072535
vt 0.365770 0.000000
vt 0.385343 0.000275
vt 0.319853 0.073075
vt 0.347681 0.000275
vt 0.292678 0.074611
vt 0.333827 0.001058
vt 0.320943 0.641376
vt 0.356008 0.635902
vt 0.378567 0.705625
vt 0.360691 0.708416
vt 0.393756 0.628871
vt 0.397810 0.702041
vt 0.428441 0.621356
vt 0.415492 0.698209
vt 0.462066 0.629742
vt 0.497540 0.626720
vt 0.506952 0.711030
vt 0.488868 0.712570
vt 0.535938 0.626720
vt 0.526526 0.711030
vt 0.571412 0.629742
vt 0.544610 0.712570
vt 0.738231 0.073713
vt 0.702757 0.072675
vt 0.693345 0.000000
vt 0.711429 0.000529
vt 0.664359 0.072675
vt 0.673771 0.000000
vt 0.628885 0.073713
vt 0.655686 0.000529
vt 0.606076 0.629742
vt 0.641550 0.626721
vt 0.650962 0.711030
vt 0.632878 0.712570
vt 0.679948 0.626721
vt 0.670536 0.711030
vt 0.715422 0.629742
vt 0.688620 0.712570
vt 0.003822 0.604678
vt 0.044693 0.603482
vt 0.043350 0.664837
vt 0.000000 0.666106
vt 0.347473 0.199097
vt 0.350323 0.135416
vt 0.300739 0.199807
vt 0.307202 0.136072
vt 0.264949 0.201831
vt 0.274179 0.137939
vt 0.280653 0.519708
vt 0.326834 0.512498
vt 0.340421 0.574777
vt 0.297811 0.581430
vt 0.376548 0.503239
vt 0.386292 0.566234
vt 0.422228 0.493340
vt 0.428441 0.557101
vt 0.444734 0.498024
vt 0.491454 0.494045
vt 0.493409 0.559256
vt 0.450301 0.562928
vt 0.542024 0.494045
vt 0.540069 0.559256
vt 0.588744 0.498025
vt 0.583177 0.562928
vt 0.755563 0.200701
vt 0.708843 0.199334
vt 0.706888 0.135620
vt 0.749996 0.136881
vt 0.658273 0.199334
vt 0.660228 0.135620
vt 0.611553 0.200701
vt 0.617120 0.136881
vt 0.588744 0.498025
vt 0.635464 0.494045
vt 0.637419 0.559256
vt 0.594311 0.562928
vt 0.686034 0.494045
vt 0.684079 0.559256
vt 0.732754 0.498025
vt 0.727187 0.562928
vt 0.419950 0.825511
vt 0.419950 0.789473
vt 0.428441 0.787784
vt 0.428441 0.827199
vt 0.728314 0.437888
vt 0.293900 0.644462
vt 0.264949 0.585180
vt 0.057434 0.020168
vt 0.106124 0.000000
vt 0.158825 0.000000
vt 0.207515 0.020168
vt 0.244781 0.057434
vt 0.264949 0.106124
vt 0.264949 0.158825
vt 0.244781 0.207515
vt 0.207515 0.244781
vt 0.158825 0.264949
vt 0.106123 0.264949
vt 0.057434 0.244781
vt 0.020168 0.207515
vt 0.000000 0.158825
vt 0.000000 0.106123
vt 0.020168 0.057433
vt 0.406160 0.756179
vt 0.413357 0.751370
vt 0.380677 0.730697
vt 0.385487 0.723499
vt 0.347383 0.716906
vt 0.349072 0.708416
vt 0.311346 0.716906
vt 0.309657 0.708416
vt 0.278052 0.730697
vt 0.273242 0.723499
vt 0.252569 0.756179
vt 0.245372 0.751370
vt 0.238778 0.789473
vt 0.230288 0.787784
vt 0.238779 0.825511
vt 0.230288 0.827199
vt 0.252569 0.858805
vt 0.245372 0.863614
vt 0.278052 0.884287
vt 0.273242 0.891485
vt 0.311346 0.898078
vt 0.309657 0.906568
vt 0.347383 0.898078
vt 0.349072 0.906568
vt 0.380677 0.884287
vt 0.385487 0.891484
vt 0.406160 0.858805
vt 0.413357 0.863614
vt 0.798913 0.184204
vt 0.755563 0.187897
vt 0.762686 0.126856
vt 0.801415 0.123557
vt 0.604968 0.085939
vt 0.611553 0.147414
vt 0.578344 0.145536
vt 0.573659 0.084168
vt 0.534980 0.144877
vt 0.572138 0.210836
vt 0.533397 0.210247
vt 0.845836 0.184204
vt 0.843334 0.123557
vt 0.488063 0.145537
vt 0.491482 0.210836
vt 0.956650 0.539890
vt 0.909727 0.539890
vt 0.912229 0.479243
vt 0.954148 0.479243
vt 0.889186 0.187896
vt 0.882063 0.126856
vt 0.444734 0.147414
vt 0.452773 0.212513
vt 1.000000 0.543583
vt 0.992877 0.482542
vt 0.823027 0.500654
vt 0.866377 0.501923
vt 0.859254 0.567129
vt 0.820525 0.565995
vt 0.866377 0.543583
vt 0.873500 0.482542
vt 0.090273 0.664837
vt 0.133623 0.666106
vt 0.126500 0.731311
vt 0.087771 0.730178
vt 0.776104 0.500654
vt 0.778606 0.565995
vt 0.045852 0.730178
vt 0.732754 0.501923
vt 0.739877 0.567128
vt 0.167889 0.747857
vt 0.159735 0.747575
vt 0.950930 0.420186
vt 0.983711 0.422979
vt 0.117334 0.795869
vt 0.084553 0.794909
vt 0.049071 0.794909
vt 0.016289 0.795869
vt 0.007123 0.731311
vt 0.771852 0.067292
vt 0.804633 0.064500
vt 0.840116 0.064500
vt 0.872897 0.067292
vt 0.850088 0.631686
vt 0.817307 0.630727
vt 0.781824 0.630727
vt 0.749043 0.631686
vt 0.588992 0.276935
vt 0.563880 0.275516
vt 0.601806 0.212513
vt 0.531088 0.275017
vt 0.495610 0.275516
vt 0.462845 0.276935
vt 0.882666 0.422979
vt 0.915447 0.420186
vt 0.941031 0.355686
vt 0.925346 0.355687
vt 0.955523 0.356921
vt 0.074654 0.874600
vt 0.089146 0.875024
vt 0.058969 0.874600
vt 0.044477 0.875024
vt 0.814532 0.000000
vt 0.800040 0.001234
vt 0.830217 0.000000
vt 0.844709 0.001234
vt 0.807408 0.710417
vt 0.821900 0.710841
vt 0.791723 0.710417
vt 0.777231 0.710841
vt 0.536807 0.355059
vt 0.547909 0.355686
vt 0.522311 0.354838
vt 0.506627 0.355059
vt 0.492143 0.355686
vt 0.910854 0.356921
vt 0.048793 0.519869
vt 0.015499 0.520843
vt 0.771062 0.336788
vt 0.759385 0.249735
vt 0.800256 0.246253
vt 0.804356 0.333952
vt 0.560806 0.000506
vt 0.532776 0.083547
vt 0.527501 0.000000
vt 0.844493 0.246253
vt 0.840393 0.333952
vt 0.488542 0.084168
vt 0.491468 0.000506
vt 0.915170 0.689638
vt 0.911069 0.601940
vt 0.955307 0.601940
vt 0.951207 0.689638
vt 0.885364 0.249735
vt 0.873687 0.336788
vt 0.447693 0.085939
vt 0.458190 0.001948
vt 0.996178 0.605421
vt 0.984501 0.692474
vt 0.850878 0.356661
vt 0.862555 0.440495
vt 0.821684 0.439299
vt 0.817584 0.355687
vt 0.881876 0.692474
vt 0.870199 0.605421
vt 0.118124 0.520844
vt 0.129801 0.604678
vt 0.088931 0.603482
vt 0.084830 0.519869
vt 0.586311 0.001948
vt 0.429189 0.074611
vt 0.403418 0.001058
vt 0.780025 0.789698
vt 0.764340 0.789698
vt 0.749848 0.783696
vt 0.738757 0.772604
vt 0.732754 0.758113
vt 0.732754 0.742427
vt 0.738756 0.727935
vt 0.749848 0.716844
vt 0.764340 0.710841
vt 0.780025 0.710841
vt 0.794517 0.716844
vt 0.805609 0.727935
vt 0.811611 0.742427
vt 0.811611 0.758112
vt 0.805609 0.772604
vt 0.794517 0.783696
vt 0.666887 0.732807
vt 0.678228 0.733773
vt 0.654611 0.732807
vt 0.643270 0.733773
vt 0.228599 0.618276
vt 0.209025 0.618276
vt 0.246684 0.610785
vt 0.260525 0.596944
vt 0.522877 0.732807
vt 0.534218 0.733773
vt 0.510601 0.732807
vt 0.499260 0.733773
vt 0.246684 0.527360
vt 0.260525 0.541201
vt 0.228599 0.519869
vt 0.209025 0.519869
vt 0.190941 0.527360
vt 0.177100 0.541201
vt 0.153335 0.720613
vt 0.149398 0.720708
vt 0.146384 0.720904
vt 0.177955 0.706211
vt 0.181892 0.706326
vt 0.186152 0.706326
vt 0.190088 0.706211
vt 0.897533 0.086310
vt 0.901469 0.085975
vt 0.905729 0.085975
vt 0.909665 0.086310
vt 0.218914 0.819125
vt 0.214978 0.819010
vt 0.210718 0.819010
vt 0.206781 0.819125
vt 0.938491 0.193919
vt 0.934555 0.194254
vt 0.930295 0.194254
vt 0.926359 0.193919
vt 0.150908 0.747528
vt 0.142752 0.747723
vt 0.136508 0.748131
vt 0.171453 0.679160
vt 0.179608 0.679399
vt 0.188435 0.679399
vt 0.196591 0.679160
vt 0.891030 0.057096
vt 0.899185 0.056401
vt 0.908013 0.056401
vt 0.916168 0.057096
vt 0.225417 0.846175
vt 0.217261 0.845937
vt 0.208434 0.845937
vt 0.200279 0.846175
vt 0.944994 0.223133
vt 0.936839 0.223828
vt 0.928011 0.223828
vt 0.919856 0.223133
vt 0.150136 0.770934
vt 0.140783 0.771158
vt 0.133623 0.771625
vt 0.178961 0.655989
vt 0.169609 0.655716
vt 0.189083 0.655989
vt 0.198435 0.655716
vt 0.898538 0.032539
vt 0.889186 0.033336
vt 0.908660 0.032539
vt 0.918012 0.033336
vt 0.217909 0.869346
vt 0.227261 0.869620
vt 0.207787 0.869346
vt 0.198435 0.869620
vt 0.937486 0.247690
vt 0.946838 0.246893
vt 0.927364 0.247690
vt 0.918012 0.246893
vt 0.160429 0.808702
vt 0.431290 0.350177
vt 0.442181 0.353170
vt 0.716871 0.358788
s 1
f 145/1/1 193/2/2 194/3/3 146/4/4
f 146/4/4 194/3/3 195/5/5 147/6/6
f 147/6/6 195/5/5 196/7/7 148/8/8
f 148/8/8 196/7/7 197/9/9 149/10/10
f 149/11/10 197/12/9 198/13/11 150/14/12
f 150/14/12 198/13/11 199/15/13 151/16/14
f 151/16/14 199/15/13 200/17/15 152/18/16
f 152/19/16 200/20/15 201/21/17 153/22/18
f 153/22/18 201/21/17 202/23/19 154/24/20
f 154/24/20 202/23/19 203/25/21 155/26/22
f 155/27/22 203/28/21 204/29/23 156/30/24
f 156/30/24 204/29/23 205/31/25 157/32/26
f 157/32/26 205/31/25 206/33/27 158/34/28
f 158/35/28 206/36/27 207/37/29 159/38/30
f 159/38/30 207/37/29 208/39/31 160/40/32
f 48/41/33 80/42/34 65/43/35 33/44/36
f 48/45/33 33/46/36 18/47/37 17/48/38
f 192/49/39 32/50/40 17/51/38 177/52/41
f 191/53/42 31/54/43 32/50/40 192/49/39
f 190/55/44 30/56/45 31/54/43 191/53/42
f 189/57/46 29/58/47 30/59/45 190/60/44
f 188/61/48 28/62/49 29/58/47 189/57/46
f 187/63/50 27/64/51 28/62/49 188/61/48
f 186/65/52 26/66/53 27/67/51 187/68/50
f 185/69/54 25/70/55 26/66/53 186/65/52
f 184/71/56 24/72/57 25/70/55 185/69/54
f 183/73/58 23/74/59 24/75/57 184/76/56
f 182/77/60 22/78/61 23/74/59 183/73/58
f 181/79/62 21/80/63 22/78/61 182/77/60
f 180/81/64 20/82/65 21/83/63 181/84/62
f 179/85/66 19/86/67 20/82/65 180/81/64
f 178/87/68 18/88/37 19/86/67 179/85/66
f 129/89/69 130/90/70 161/91/71 176/92/72
f 33/46/36 34/93/73 19/94/67 18/47/37
f 34/93/73 35/95/74 20/96/65 19/94/67
f 35/95/74 36/97/75 21/98/63 20/96/65
f 36/97/75 37/99/76 22/100/61 21/98/63
f 37/99/76 38/101/77 23/102/59 22/100/61
f 38/101/77 39/103/78 24/104/57 23/102/59
f 39/103/78 40/105/79 25/106/55 24/104/57
f 40/105/79 41/107/80 26/108/53 25/106/55
f 41/107/80 42/109/81 27/110/51 26/108/53
f 42/109/81 43/111/82 28/112/49 27/110/51
f 43/111/82 44/113/83 29/114/47 28/112/49
f 44/113/83 45/115/84 30/116/45 29/114/47
f 45/115/84 46/117/85 31/118/43 30/116/45
f 46/117/85 47/119/86 32/120/40 31/118/43
f 47/119/86 48/45/33 17/48/38 32/120/40
f 11/121/87 253/122/88 255/123/89 12/124/90
f 50/125/91 51/126/92 83/127/93 82/128/94
f 51/126/92 52/129/95 84/130/96 83/127/93
f 52/129/95 53/131/97 85/132/98 84/130/96
f 53/131/97 54/133/99 86/134/100 85/132/98
f 54/133/99 55/135/101 87/136/102 86/134/100
f 55/135/101 56/137/103 88/138/104 87/136/102
f 56/137/103 57/139/105 89/140/106 88/138/104
f 57/139/105 58/141/107 90/142/108 89/140/106
f 58/141/107 59/143/109 91/144/110 90/142/108
f 59/143/109 60/145/111 92/146/112 91/144/110
f 60/145/111 61/147/113 93/148/114 92/146/112
f 61/147/113 62/149/115 94/150/116 93/148/114
f 62/149/115 63/151/117 95/152/118 94/150/116
f 63/151/117 64/153/119 96/154/120 95/152/118
f 64/153/119 49/155/121 81/156/122 96/154/120
f 305/157/123 306/158/124 97/159/125 112/160/126
f 49/155/121 288/161/127 273/162/128 50/125/91
f 47/163/86 79/164/129 80/165/34 48/166/33
f 46/167/85 78/168/130 79/164/129 47/163/86
f 45/169/84 77/170/131 78/168/130 46/167/85
f 44/171/83 76/172/132 77/173/131 45/174/84
f 43/175/82 75/176/133 76/172/132 44/171/83
f 42/177/81 74/178/134 75/176/133 43/175/82
f 41/179/80 73/180/135 74/181/134 42/182/81
f 40/183/79 72/184/136 73/180/135 41/179/80
f 39/185/78 71/186/137 72/184/136 40/183/79
f 38/187/77 70/188/138 71/189/137 39/190/78
f 37/191/76 69/192/139 70/188/138 38/187/77
f 36/193/75 68/194/140 69/192/139 37/191/76
f 35/195/74 67/196/141 68/197/140 36/198/75
f 34/199/73 66/200/142 67/196/141 35/195/74
f 33/44/36 65/43/35 66/200/142 34/199/73
f 337/201/143 338/202/144 353/203/145 368/204/146
f 352/205/147 96/206/120 81/207/122 337/208/143
f 351/209/148 95/210/118 96/206/120 352/205/147
f 350/211/149 94/212/116 95/210/118 351/209/148
f 349/213/150 93/214/114 94/215/116 350/216/149
f 348/217/151 92/218/112 93/214/114 349/213/150
f 347/219/152 91/220/110 92/218/112 348/217/151
f 346/221/153 90/222/108 91/223/110 347/224/152
f 345/225/154 89/226/106 90/222/108 346/221/153
f 344/227/155 88/228/104 89/226/106 345/225/154
f 343/229/156 87/230/102 88/231/104 344/232/155
f 342/233/157 86/234/100 87/230/102 343/229/156
f 341/235/158 85/236/98 86/234/100 342/233/157
f 340/237/159 84/238/96 85/239/98 341/240/158
f 339/241/160 83/242/93 84/238/96 340/237/159
f 338/202/144 82/243/94 83/242/93 339/241/160
f 97/159/125 98/244/161 66/200/142 65/43/35
f 98/244/161 99/245/162 67/196/141 66/200/142
f 99/245/162 100/246/163 68/197/140 67/196/141
f 100/247/163 101/248/164 69/192/139 68/194/140
f 101/248/164 102/249/165 70/188/138 69/192/139
f 102/249/165 103/250/166 71/189/137 70/188/138
f 103/251/166 104/252/167 72/184/136 71/186/137
f 104/252/167 105/253/168 73/180/135 72/184/136
f 105/253/168 106/254/169 74/181/134 73/180/135
f 106/255/169 107/256/170 75/176/133 74/178/134
f 107/256/170 108/257/171 76/172/132 75/176/133
f 108/257/171 109/258/172 77/173/131 76/172/132
f 109/259/172 110/260/173 78/168/130 77/170/131
f 110/260/173 111/261/174 79/164/129 78/168/130
f 111/261/174 112/262/126 80/165/34 79/164/129
f 49/155/121 50/125/91 82/128/94 81/156/122
f 114/263/175 115/264/176 274/265/177 273/266/128
f 115/264/176 116/267/178 275/268/179 274/265/177
f 116/267/178 117/269/180 276/270/181 275/268/179
f 117/271/180 118/272/182 277/273/183 276/274/181
f 118/272/182 119/275/184 278/276/185 277/273/183
f 119/275/184 120/277/186 279/278/187 278/276/185
f 120/279/186 121/280/188 280/281/189 279/282/187
f 121/280/188 122/283/190 281/284/191 280/281/189
f 122/283/190 123/285/192 282/286/193 281/284/191
f 123/287/192 124/288/194 283/289/195 282/290/193
f 124/288/194 125/291/196 284/292/197 283/289/195
f 125/291/196 126/293/198 285/294/199 284/292/197
f 126/295/198 127/296/200 286/297/201 285/298/199
f 127/296/200 128/299/202 287/300/203 286/297/201
f 128/299/202 113/301/204 288/302/127 287/300/203
f 241/303/205 254/304/206 304/305/207 291/306/208
f 130/90/70 131/307/209 162/308/210 161/91/71
f 131/307/209 132/309/211 163/310/212 162/308/210
f 132/309/211 133/311/213 164/312/214 163/310/212
f 133/313/213 134/314/215 165/315/216 164/316/214
f 134/314/215 135/317/217 166/318/218 165/315/216
f 135/317/217 136/319/219 167/320/220 166/318/218
f 136/321/219 137/322/221 168/323/222 167/324/220
f 137/322/221 138/325/223 169/326/224 168/323/222
f 138/325/223 139/327/225 170/328/226 169/326/224
f 139/329/225 140/330/227 171/331/228 170/332/226
f 140/330/227 141/333/229 172/334/230 171/331/228
f 141/333/229 142/335/231 173/336/232 172/334/230
f 142/337/231 143/338/233 174/339/234 173/340/232
f 143/338/233 144/341/235 175/342/236 174/339/234
f 144/341/235 129/343/69 176/344/72 175/342/236
f 1/345/237 2/346/238 194/347/3 193/348/2
f 146/4/4 147/6/6 131/307/209 130/90/70
f 147/6/6 148/8/8 132/309/211 131/307/209
f 148/8/8 149/10/10 133/311/213 132/309/211
f 149/11/10 150/14/12 134/314/215 133/313/213
f 150/14/12 151/16/14 135/317/217 134/314/215
f 151/16/14 152/18/16 136/319/219 135/317/217
f 152/19/16 153/22/18 137/322/221 136/321/219
f 153/22/18 154/24/20 138/325/223 137/322/221
f 154/24/20 155/26/22 139/327/225 138/325/223
f 155/27/22 156/30/24 140/330/227 139/329/225
f 156/30/24 157/32/26 141/333/229 140/330/227
f 157/32/26 158/34/28 142/335/231 141/333/229
f 158/35/28 159/38/30 143/338/233 142/337/231
f 159/38/30 160/40/32 144/341/235 143/338/233
f 160/40/32 145/349/1 129/343/69 144/341/235
f 145/1/1 146/4/4 130/90/70 129/89/69
f 128/299/202 175/342/236 176/344/72 113/301/204
f 127/296/200 174/339/234 175/342/236 128/299/202
f 126/295/198 173/340/232 174/339/234 127/296/200
f 125/291/196 172/334/230 173/336/232 126/293/198
f 124/288/194 171/331/228 172/334/230 125/291/196
f 123/287/192 170/332/226 171/331/228 124/288/194
f 122/283/190 169/326/224 170/328/226 123/285/192
f 121/280/188 168/323/222 169/326/224 122/283/190
f 120/279/186 167/324/220 168/323/222 121/280/188
f 119/275/184 166/318/218 167/320/220 120/277/186
f 118/272/182 165/315/216 166/318/218 119/275/184
f 117/271/180 164/316/214 165/315/216 118/272/182
f 116/350/178 163/351/212 164/316/214 117/271/180
f 115/264/176 162/308/210 163/310/212 116/267/178
f 114/263/175 161/91/71 162/308/210 115/264/176
f 177/352/41 178/353/68 179/354/66 180/355/64 181/356/62 182/357/60 183/358/58 184/359/56 185/360/54 186/361/52 187/362/50 188/363/48 189/364/46 190/365/44 191/366/42 192/367/39
f 2/346/238 3/368/239 195/369/5 194/347/3
f 3/368/239 4/370/240 196/371/7 195/369/5
f 4/370/240 5/372/241 197/373/9 196/371/7
f 5/372/241 6/374/242 198/375/11 197/373/9
f 6/374/242 7/376/243 199/377/13 198/375/11
f 7/376/243 8/378/244 200/379/15 199/377/13
f 8/378/244 9/380/245 201/381/17 200/379/15
f 9/380/245 10/382/246 202/383/19 201/381/17
f 10/382/246 11/384/87 203/385/21 202/383/19
f 11/384/87 12/386/90 204/387/23 203/385/21
f 12/386/90 13/388/247 205/389/25 204/387/23
f 13/388/247 14/390/248 206/391/27 205/389/25
f 14/390/248 15/392/249 207/393/29 206/391/27
f 15/392/249 16/394/250 208/395/31 207/393/29
f 16/394/250 1/345/237 193/348/2 208/395/31
f 293/396/251 291/397/208 214/398/252 215/399/253
f 255/400/89 289/401/254 292/402/255 242/403/256
f 294/404/257 292/402/255 221/405/258 222/406/259
f 295/407/260 293/396/251 215/399/253 216/408/261
f 296/409/262 294/404/257 222/406/259 223/410/263
f 297/411/264 290/412/265 209/413/266 210/414/267
f 298/415/268 295/407/260 216/408/261 217/416/269
f 299/417/270 296/409/262 223/410/263 224/418/271
f 300/419/272 297/411/264 210/414/267 211/420/273
f 301/421/274 298/422/268 217/423/269 218/424/275
f 290/412/265 299/425/270 224/426/271 209/413/266
f 302/427/276 300/428/272 211/429/273 212/430/277
f 303/431/278 301/421/274 218/424/275 219/432/279
f 304/305/207 302/427/276 212/430/277 213/433/280
f 289/434/254 303/431/278 219/432/279 220/435/281
f 321/436/282 322/437/283 306/158/124 305/157/123
f 226/438/284 227/439/285 211/420/273 210/414/267
f 227/440/285 228/441/286 212/430/277 211/429/273
f 228/441/286 229/442/287 213/433/280 212/430/277
f 229/442/287 230/443/288 214/444/252 213/433/280
f 230/445/288 231/446/289 215/399/253 214/398/252
f 231/446/289 232/447/290 216/408/261 215/399/253
f 232/447/290 233/448/291 217/416/269 216/408/261
f 233/449/291 234/450/292 218/424/275 217/423/269
f 234/450/292 235/451/293 219/432/279 218/424/275
f 235/451/293 236/452/294 220/435/281 219/432/279
f 236/453/294 237/454/295 221/405/258 220/455/281
f 237/454/295 238/456/296 222/406/259 221/405/258
f 238/456/296 239/457/297 223/410/263 222/406/259
f 239/457/297 240/458/298 224/418/271 223/410/263
f 240/459/298 225/460/299 209/413/266 224/426/271
f 258/461/300 226/438/284 225/460/299 257/462/301
f 259/463/302 227/439/285 226/438/284 258/461/300
f 260/464/303 228/441/286 227/440/285 259/465/302
f 261/466/304 229/442/287 228/441/286 260/464/303
f 262/467/305 230/443/288 229/442/287 261/466/304
f 263/468/306 231/446/289 230/445/288 262/469/305
f 264/470/307 232/447/290 231/446/289 263/468/306
f 265/471/308 233/448/291 232/447/290 264/470/307
f 266/472/309 234/450/292 233/449/291 265/473/308
f 267/474/310 235/451/293 234/450/292 266/472/309
f 268/475/311 236/452/294 235/451/293 267/474/310
f 269/476/312 237/454/295 236/453/294 268/477/311
f 270/478/313 238/456/296 237/454/295 269/476/312
f 271/479/314 239/457/297 238/456/296 270/478/313
f 272/480/315 240/458/298 239/457/297 271/479/314
f 257/462/301 225/460/299 240/459/298 272/481/315
f 304/305/207 213/433/280 214/444/252 291/306/208
f 5/482/241 254/304/206 241/303/205 6/483/242
f 6/484/242 241/485/205 243/486/316 7/487/243
f 13/488/247 242/403/256 244/489/317 14/490/248
f 7/487/243 243/486/316 245/491/318 8/492/244
f 14/490/248 244/489/317 246/493/319 15/494/249
f 1/495/237 256/496/320 247/497/321 2/498/238
f 8/492/244 245/491/318 248/499/322 9/500/245
f 15/494/249 246/493/319 249/501/323 16/502/250
f 2/498/238 247/497/321 250/503/324 3/504/239
f 9/505/245 248/506/322 251/507/325 10/508/246
f 16/509/250 249/510/323 256/496/320 1/495/237
f 3/511/239 250/512/324 252/513/326 4/514/240
f 10/508/246 251/507/325 253/122/88 11/121/87
f 4/514/240 252/513/326 254/304/206 5/482/241
f 255/400/89 242/403/256 13/488/247 12/515/90
f 225/460/299 226/438/284 210/414/267 209/413/266
f 113/516/204 114/263/175 273/266/128 288/517/127
f 258/518/300 257/519/301 272/520/315 271/521/314 270/522/313 269/523/312 268/524/311 267/525/310 266/526/309 265/527/308 264/528/307 263/529/306 262/530/305 261/531/304 260/532/303 259/533/302
f 112/160/126 97/159/125 65/43/35 80/42/34
f 64/534/119 287/300/203 288/302/127 49/535/121
f 63/536/117 286/297/201 287/300/203 64/534/119
f 62/537/115 285/298/199 286/297/201 63/536/117
f 61/147/113 284/538/197 285/539/199 62/149/115
f 60/145/111 283/540/195 284/538/197 61/147/113
f 59/143/109 282/541/193 283/540/195 60/145/111
f 58/542/107 281/284/191 282/286/193 59/543/109
f 57/544/105 280/281/189 281/284/191 58/542/107
f 56/545/103 279/282/187 280/281/189 57/544/105
f 55/135/101 278/546/185 279/547/187 56/137/103
f 54/133/99 277/548/183 278/546/185 55/135/101
f 53/131/97 276/549/181 277/548/183 54/133/99
f 52/129/95 275/550/179 276/549/181 53/131/97
f 51/126/92 274/551/177 275/550/179 52/129/95
f 50/125/91 273/162/128 274/551/177 51/126/92
f 292/402/255 289/401/254 220/455/281 221/405/258
f 253/122/88 303/431/278 289/434/254 255/123/89
f 252/513/326 302/427/276 304/305/207 254/304/206
f 251/507/325 301/421/274 303/431/278 253/122/88
f 250/512/324 300/428/272 302/427/276 252/513/326
f 249/510/323 299/425/270 290/412/265 256/496/320
f 248/506/322 298/422/268 301/421/274 251/507/325
f 247/497/321 297/411/264 300/419/272 250/503/324
f 246/493/319 296/409/262 299/417/270 249/501/323
f 245/491/318 295/407/260 298/415/268 248/499/322
f 256/496/320 290/412/265 297/411/264 247/497/321
f 244/489/317 294/404/257 296/409/262 246/493/319
f 243/486/316 293/396/251 295/407/260 245/491/318
f 242/403/256 292/402/255 294/404/257 244/489/317
f 241/485/205 291/397/208 293/396/251 243/486/316
f 306/158/124 307/552/327 98/244/161 97/159/125
f 307/552/327 308/553/328 99/245/162 98/244/161
f 308/553/328 309/554/329 100/246/163 99/245/162
f 309/555/329 310/556/330 101/248/164 100/247/163
f 310/556/330 311/557/331 102/249/165 101/248/164
f 311/557/331 312/558/332 103/250/166 102/249/165
f 312/559/332 313/560/333 104/252/167 103/251/166
f 313/560/333 314/561/334 105/253/168 104/252/167
f 314/561/334 315/562/335 106/254/169 105/253/168
f 315/563/335 316/564/336 107/256/170 106/255/169
f 316/564/336 317/565/337 108/257/171 107/256/170
f 317/565/337 318/566/338 109/258/172 108/257/171
f 318/567/338 319/568/339 110/260/173 109/259/172
f 319/568/339 320/569/340 111/261/174 110/260/173
f 320/569/340 305/570/123 112/262/126 111/261/174
f 113/516/204 176/92/72 161/91/71 114/263/175
f 322/437/283 323/571/341 307/552/327 306/158/124
f 323/571/341 324/572/342 308/553/328 307/552/327
f 324/572/342 325/573/343 309/554/329 308/553/328
f 325/574/343 326/575/344 310/556/330 309/555/329
f 326/575/344 327/576/345 311/557/331 310/556/330
f 327/576/345 328/577/346 312/558/332 311/557/331
f 328/578/346 329/579/347 313/560/333 312/559/332
f 329/579/347 330/580/348 314/561/334 313/560/333
f 330/580/348 331/581/349 315/562/335 314/561/334
f 331/582/349 332/583/350 316/564/336 315/563/335
f 332/583/350 333/584/351 317/565/337 316/564/336
f 333/584/351 334/585/352 318/566/338 317/565/337
f 334/586/352 335/587/353 319/568/339 318/567/338
f 335/587/353 336/588/354 320/569/340 319/568/339
f 336/588/354 321/589/282 305/570/123 320/569/340
f 321/436/282 368/204/146 353/203/145 322/437/283
f 338/202/144 339/241/160 354/590/355 353/203/145
f 339/241/160 340/237/159 355/591/356 354/590/355
f 340/237/159 341/240/158 356/592/357 355/591/356
f 341/235/158 342/233/157 357/593/358 356/594/357
f 342/233/157 343/229/156 358/595/359 357/593/358
f 343/229/156 344/232/155 359/596/360 358/595/359
f 344/227/155 345/225/154 360/597/361 359/598/360
f 345/225/154 346/221/153 361/599/362 360/597/361
f 346/221/153 347/224/152 362/600/363 361/599/362
f 347/219/152 348/217/151 363/601/364 362/602/363
f 348/217/151 349/213/150 364/603/365 363/601/364
f 349/213/150 350/216/149 365/604/366 364/603/365
f 350/211/149 351/209/148 366/605/367 365/606/366
f 351/209/148 352/205/147 367/607/368 366/605/367
f 352/205/147 337/208/143 368/608/146 367/607/368
f 337/201/143 81/609/122 82/243/94 338/202/144
f 336/588/354 367/607/368 368/608/146 321/589/282
f 335/587/353 366/605/367 367/607/368 336/588/354
f 334/586/352 365/606/366 366/605/367 335/587/353
f 333/584/351 364/603/365 365/604/366 334/585/352
f 332/583/350 363/601/364 364/603/365 333/584/351
f 331/582/349 362/602/363 363/601/364 332/583/350
f 330/580/348 361/599/362 362/600/363 331/581/349
f 329/579/347 360/597/361 361/599/362 330/580/348
f 328/578/346 359/598/360 360/597/361 329/579/347
f 327/576/345 358/595/359 359/596/360 328/577/346
f 326/575/344 357/593/358 358/595/359 327/576/345
f 325/574/343 356/594/357 357/593/358 326/575/344
f 324/572/342 355/591/356 356/592/357 325/573/343
f 323/571/341 354/590/355 355/591/356 324/572/342
f 322/437/283 353/203/145 354/590/355 323/571/341
f 177/610/41 17/611/38 18/88/37 178/87/68
f 160/40/32 208/39/31 193/612/2 145/349/1
o Wine_Glass_cell
v -0.027938 0.261185 0.046075
v -0.026552 0.289662 0.042730
v -0.016052 0.289662 0.044818
v -0.006960 0.275298 0.044446
v -0.021455 0.296220 0.038300
v -0.030311 0.295016 0.038677
v -0.025912 0.296521 0.041184
v -0.033646 0.290863 0.037644
v -0.033028 0.286001 0.034430
v -0.035954 0.252533 0.039135
v -0.036736 0.261185 0.040197
v -0.006984 0.261187 0.046008
v -0.032298 0.247537 0.040663
v -0.007218 0.254851 0.044704
v -0.032577 0.248615 0.035037
v -0.027125 0.247495 0.044113
v -0.015914 0.248213 0.046454
v -0.010965 0.251263 0.047912
v -0.032298 0.247537 0.040663
v -0.027125 0.247495 0.044113
v -0.025912 0.296521 0.041184
v -0.021455 0.296220 0.038300
v -0.016052 0.289662 0.044818
v -0.033028 0.286001 0.034430
v -0.033646 0.290863 0.037644
v -0.036736 0.261185 0.040197
v -0.035954 0.252533 0.039135
v -0.032577 0.248615 0.035037
vn 0.3696 0.7903 0.4888
vn -0.7934 -0.6039 -0.0764
vn 0.1205 -0.9739 -0.1926
vn -0.1897 0.2327 0.9539
vn -0.5403 0.2327 0.8086
vn -0.0515 -0.0115 0.9986
vn -0.0402 0.0327 0.9987
vn -0.0403 0.0323 0.9987
vn -0.5492 -0.1505 0.8220
vn 0.2475 0.8650 0.4365
vn 0.0722 0.7621 0.6434
vn -0.0291 0.0756 0.9967
vn -0.5569 0.1261 0.8210
vn 0.5952 0.3109 -0.7410
vn -0.0557 -0.5288 -0.8469
vn 0.6942 -0.1309 -0.7078
vn -0.9526 0.0738 -0.2950
vt 1.000000 0.152963
vt 0.340126 0.340126
vt 1.000000 0.104457
vt 0.334365 0.334365
vt 0.962221 0.000000
vt 1.000000 0.000000
vt 0.952038 0.952038
vt 1.000000 0.550538
vt 1.000000 1.000000
vt 0.539744 0.420085
vt 0.540465 0.434153
vt 0.519659 0.430521
vt 0.539745 0.420085
vt 0.550347 0.424061
vt 0.559458 0.435771
vt 0.504496 0.516159
vt 0.494753 0.507001
vt 0.494037 0.494045
vt 0.542024 0.494045
vt 0.541109 0.524557
vt 0.515836 0.522958
vt 0.563598 0.495883
vt 0.561355 0.525880
vt 0.553792 0.525544
vt 0.516839 0.434153
vt 0.494037 0.494045
vt 0.494795 0.464583
vt 0.561069 0.439137
vt 0.563598 0.495883
vt 0.801667 0.517926
vt 0.801544 0.500654
vt 0.823027 0.500654
vt 0.820740 0.529304
vt 0.802083 0.528668
vt 0.827213 0.424453
vt 0.840513 0.439850
vt 0.821684 0.439299
vt 0.821013 0.425603
vt 0.804538 0.439299
vt 0.801232 0.446449
vt 0.483226 0.192063
vt 0.756312 0.756312
vt 0.694821 0.694821
s 0
f 375/613/369 371/614/369 390/615/369
f 378/616/370 396/617/370 387/618/370
f 396/619/371 384/620/371 387/621/371
s 1
f 389/622/372 370/623/372 391/624/372
f 370/623/373 389/625/373 374/626/373 393/627/373
f 386/628/374 382/629/374 380/630/375 369/631/376 388/632/374 385/633/374
f 388/632/377 369/631/377 394/634/378 395/635/379 381/636/377
f 391/637/380 370/623/380 369/631/376 380/638/375 372/639/380
f 369/631/381 370/623/381 393/640/381 394/641/381
f 395/642/379 394/643/378 369/644/382 388/645/382 383/646/382
f 373/647/383 391/648/383 370/649/383 389/650/383
f 393/651/384 370/649/384 369/644/384 394/643/384 392/652/384
s 0
f 379/653/385 376/654/385 377/655/385
o Wine_Glass_cell.001
v -0.000856 0.165636 -0.005780
v 0.002487 0.157320 -0.002123
v -0.001603 0.153832 -0.006139
vn 0.7106 -0.0236 -0.7032
vt 0.000000 0.000000
vt 1.000000 0.000000
vt 1.000000 0.741733
s 0
f 399/656/386 397/657/386 398/658/386
o Wine_Glass_cell.002
v -0.006240 0.147772 -0.007218
v -0.006375 0.167601 -0.007591
v -0.000502 0.156203 -0.001666
v -0.005464 0.155774 -0.000553
v -0.009792 0.152028 -0.004786
v -0.005464 0.149006 -0.000641
v -0.010184 0.154147 -0.009336
v -0.009792 0.152028 -0.004786
v -0.005464 0.155774 -0.000553
v -0.005464 0.149006 -0.000641
vn 0.1452 0.5142 0.8453
vn -0.7829 0.2726 0.5593
vn 0.8871 -0.1847 -0.4231
vn 0.1745 -0.2115 -0.9617
vn -0.9500 0.2437 0.1952
vn -0.6950 -0.0094 0.7190
vn -0.6875 -0.6947 0.2114
vt 0.623969 0.304520
vt 0.262487 0.000000
vt 1.000000 0.000000
vt 0.601782 0.601782
vt 0.000000 0.000000
vt 0.795211 0.316195
vt 0.578857 0.578857
vt 1.000000 0.737513
vt 0.600890 0.378869
vt 0.902702 0.047684
vt 1.000000 0.028419
vt 1.000000 1.000000
vt 1.000000 0.083158
vt 0.028419 0.028419
vt 0.894741 0.008613
vt 0.898167 0.000300
vt 0.901691 0.000000
vt 0.404097 0.000000
vt 0.873917 0.514521
s 0
f 408/659/387 402/660/387 401/661/387
f 408/662/388 401/663/388 407/664/388
f 409/665/389 400/663/389 401/661/389 402/666/389 408/667/389
f 407/668/390 406/669/390 401/670/390 400/663/390
f 407/671/391 401/670/391 406/672/391
s 1
f 405/673/392 403/674/392 404/675/392
s 0
f 407/676/393 400/661/393 409/677/393
o Wine_Glass_cell.003
v 0.048723 0.231927 -0.008181
v 0.028959 0.231909 -0.042605
v 0.039512 0.231909 -0.026811
v 0.043218 0.231909 -0.008181
v 0.045899 0.228361 -0.016498
v 0.038465 0.246603 -0.033525
v 0.041096 0.240550 -0.027467
v 0.041416 0.221426 -0.027600
v 0.033131 0.231927 -0.046079
v 0.030770 0.244999 -0.044458
v 0.044252 0.246909 -0.017945
v 0.049384 0.237562 -0.007110
v 0.044892 0.240348 -0.008181
v 0.042277 0.235948 0.000576
v 0.038739 0.220323 -0.000739
v 0.040887 0.229310 0.000153
v 0.043352 0.219064 -0.002391
v 0.026675 0.219426 -0.040320
v 0.036316 0.218542 -0.025487
v 0.039960 0.219321 -0.008181
v 0.046809 0.231927 0.001439
v 0.038465 0.246603 -0.033525
v 0.041096 0.240550 -0.027467
v 0.045899 0.228361 -0.016498
v 0.041416 0.221426 -0.027600
v 0.044892 0.240348 -0.008181
v 0.042277 0.235948 0.000576
v 0.038739 0.220323 -0.000739
v 0.038739 0.220323 -0.000739
v 0.038739 0.220323 -0.000739
v 0.040887 0.229310 0.000153
v 0.028959 0.231909 -0.042605
v 0.026675 0.219426 -0.040320
v 0.044252 0.246909 -0.017945
v 0.048723 0.231927 -0.008181
v 0.049384 0.237562 -0.007110
v 0.030770 0.244999 -0.044458
v 0.033131 0.231927 -0.046079
v 0.046809 0.231927 0.001439
v 0.043352 0.219064 -0.002391
v 0.039960 0.219321 -0.008181
vn 0.8978 -0.0420 -0.4384
vn 0.9148 0.1431 -0.3776
vn -0.6397 -0.0219 -0.7683
vn 0.4075 0.7419 0.5325
vn -0.1898 -0.0520 0.9804
vn -0.2312 -0.9685 0.0925
vn -0.2038 -0.0196 0.9788
vn 0.8996 -0.4165 0.1313
vn 0.9047 -0.3849 0.1826
vn 0.8669 -0.4664 0.1761
vn -0.4871 -0.8510 0.1964
vn -0.3420 -0.9299 0.1353
vn 0.6722 -0.6860 -0.2785
vn 0.7560 -0.6541 -0.0246
vn 0.5364 -0.6673 -0.5167
vn -0.5166 -0.8558 0.0266
vn -0.8160 0.1908 0.5456
vn -0.8114 0.2177 0.5424
vn -0.9008 0.2218 0.3732
vn -0.9030 0.1945 0.3830
vn -0.9627 0.1910 0.1915
vn -0.9750 0.2222 -0.0014
vn -0.9783 0.1976 0.0630
vn -0.9547 0.2273 -0.1918
vn -0.9506 0.2460 -0.1891
vn -0.9599 0.2006 -0.1956
vn 0.9696 -0.1505 0.1929
vt 0.000000 0.000000
vt 0.450337 0.000000
vt 0.578166 0.080274
vt 1.000000 0.385130
vt 1.000000 1.000000
vt 0.546019 0.546019
vt 0.682500 0.478348
vt 1.000000 0.602567
vt 0.385130 0.385130
vt 0.614074 0.147275
vt 0.597148 0.452462
vt 0.511104 0.499562
vt 0.227390 0.000000
vt 0.837333 0.000000
vt 1.000000 0.475741
vt 0.986065 0.986065
vt 0.892207 0.485733
vt 0.722004 0.000000
vt 1.000000 0.811430
vt 0.133476 0.000000
vt 0.222421 0.000000
vt 0.737867 0.737867
vt 1.000000 0.726308
vt 1.000000 0.802736
vt 1.000000 0.777579
vt 0.882579 0.882579
vt 0.798422 0.798422
vt 0.297811 0.581430
vt 0.319214 0.583855
vt 0.324726 0.604450
vt 0.319879 0.605926
vt 0.308585 0.609352
vt 0.279263 0.614492
vt 0.275339 0.606455
vt 0.287450 0.590241
vt 0.308585 0.609352
vt 0.344511 0.135504
vt 0.311742 0.113463
vt 0.313457 0.104923
vt 0.352475 0.106364
vt 0.129925 0.699960
vt 0.126500 0.731311
vt 0.087771 0.730178
vt 0.088510 0.710893
vt 0.102754 0.697786
vt 0.072315 0.697092
vt 0.045852 0.730178
vt 0.045131 0.711345
vt 0.086282 0.760133
vt 0.122539 0.759210
vt 0.047254 0.758387
vt 0.028140 0.730696
vt 0.038882 0.757428
vt 0.031671 0.756593
vt 0.027302 0.721696
vt 0.317579 0.578344
vt 0.296709 0.569198
s 0
f 443/678/394 445/679/394 410/680/394 433/681/394 446/682/394 431/683/394 432/684/394
f 447/685/395 446/682/395 433/686/395 434/687/395
f 411/688/396 446/682/396 447/689/396 427/690/396
f 430/691/397 445/692/397 443/693/397 435/694/397 436/695/397
f 437/696/398 430/697/398 440/698/398
f 438/699/399 429/700/399 449/701/399
f 440/702/400 430/703/400 436/704/400
s 1
f 444/705/401 448/706/402 424/707/403 426/708/403 450/709/404
f 428/710/405 417/711/406 414/712/407 444/705/401 450/713/404
f 418/714/408 417/715/406 428/716/405 442/717/409
f 419/718/410 441/719/411 412/720/412 416/721/413 415/722/410
f 420/723/414 416/721/413 412/720/412 413/724/415 422/725/416
f 428/726/405 412/720/412 441/719/411 442/727/409
f 413/724/415 412/720/412 428/726/405 450/728/404
f 425/729/417 413/724/415 450/730/404 439/731/418
f 413/724/415 425/729/417 423/732/419 422/725/416
f 448/733/402 444/705/401 421/734/420
o Wine_Glass_cell.004
v -0.046661 0.202667 0.008883
v -0.045085 0.228813 0.017049
v -0.047406 0.221781 0.018833
v -0.049592 0.229445 0.019999
v -0.042280 0.202667 0.015440
v -0.057379 0.231048 0.001791
v -0.055142 0.230660 0.012396
v -0.050242 0.231909 0.010745
v -0.052217 0.232214 0.001822
v -0.032135 0.180673 0.006043
v -0.034683 0.181380 0.001354
v -0.048129 0.202667 0.001501
v -0.051937 0.214338 0.001601
v -0.048718 0.218503 0.001663
v -0.047406 0.221781 0.018833
v -0.049592 0.229445 0.019999
v -0.057379 0.231048 0.001791
v -0.055142 0.230660 0.012396
v -0.048129 0.202667 0.001501
v -0.051937 0.214338 0.001601
v -0.045085 0.228813 0.017049
v -0.050242 0.231909 0.010745
v -0.052217 0.232214 0.001822
v -0.048718 0.218503 0.001663
vn 0.5503 0.0300 0.8344
vn -0.0892 0.9823 0.1648
vn 0.0031 0.0124 -0.9999
vn -0.8083 -0.5388 0.2374
vn -0.9337 -0.3062 0.1857
vn -0.8779 -0.3116 0.3636
vn -0.8821 -0.3116 0.3533
vn 0.4732 -0.6744 0.5668
vn -0.2337 -0.6452 0.7274
vn -0.7915 -0.3062 0.5289
vn 0.9602 0.1332 -0.2453
vn 0.9647 0.1336 -0.2271
vn 0.9161 0.1286 -0.3797
vn 0.9849 0.1350 -0.1082
vn 0.7064 0.5275 -0.4720
vn 0.0056 0.0105 -0.9999
vt 0.278859 0.278859
vt 0.136788 0.136788
vt 1.000000 0.772327
vt 0.210061 0.000000
vt 0.273569 0.000000
vt 0.633313 0.503694
vt 0.828966 0.828966
vt 0.642853 0.642853
vt 0.485988 0.385703
vt 1.000000 0.726431
vt 0.996357 0.790708
vt 0.834425 0.834425
vt 0.795170 0.795170
vt 0.691617 0.027874
vt 0.696789 0.026594
vt 0.702757 0.072675
vt 0.686146 0.072675
vt 0.684724 0.097781
vt 0.706709 0.132894
vt 0.682792 0.133728
vt 0.718925 0.073747
vt 0.723972 0.114334
vt 0.723475 0.134292
vt 0.706709 0.132893
vt 0.763687 0.631257
vt 0.749043 0.631686
vt 0.740606 0.567107
vt 0.757797 0.573551
vt 0.759595 0.587987
vt 0.583983 0.241740
vt 0.588063 0.211736
vt 0.601798 0.212555
vt 0.588992 0.276935
vt 0.579335 0.276389
vt 0.765372 0.677539
vt 0.805055 0.265345
vt 0.795170 0.000000
vt 0.834425 0.000000
s 0
f 471/735/421 466/736/421 465/737/421
f 473/738/422 467/739/422 468/740/422 466/741/422 471/742/422 472/743/422
f 467/744/423 473/745/423 474/746/423 463/747/423
s 1
f 461/748/424 460/749/424 451/750/424 469/751/424
f 470/752/425 469/751/425 451/750/426 457/753/427 456/754/425
f 451/750/426 455/755/428 453/756/429 454/757/430 457/758/427
f 455/759/428 451/760/431 458/761/432 452/762/433 453/763/429
f 464/764/434 459/765/434 458/766/432 451/767/431 469/768/434
f 451/760/435 455/759/435 460/769/435
s 0
f 462/770/436 463/771/436 474/772/436
o Wine_Glass_cell.005
v 0.030863 0.289274 -0.044508
v 0.041999 0.289274 -0.027841
v 0.015616 0.306773 -0.049609
v 0.013932 0.301174 -0.052362
v 0.015249 0.289274 -0.054942
v 0.015717 0.282269 -0.055545
v 0.043879 0.289274 -0.018394
v 0.041898 0.297657 -0.017965
v 0.039659 0.302795 -0.022854
v 0.037960 0.306448 -0.026415
v 0.028864 0.307130 -0.039732
v 0.032502 0.268385 -0.046148
v 0.042639 0.283039 -0.028106
vn 0.6951 0.1780 -0.6966
vn 0.5547 0.1799 -0.8124
vn 0.5541 0.2514 -0.7936
vn 0.7005 0.2467 -0.6697
vn 0.8693 0.2392 -0.4326
vn 0.9096 0.1741 -0.3772
vn 0.9520 0.2364 -0.1943
vn 0.9597 0.2027 -0.1945
vn 0.5523 0.1082 -0.8266
vn 0.7035 0.1103 -0.7021
vn 0.8871 0.1100 -0.4482
vt 0.348144 0.262356
vt 0.392773 0.262983
vt 0.391105 0.296428
vt 0.385294 0.302348
vt 0.349474 0.302871
vt 0.308866 0.301255
vt 0.304291 0.263022
vt 0.345485 0.302806
vt 0.291112 0.281755
vt 0.290379 0.263809
vt 0.302059 0.293893
vt 0.392880 0.249823
vt 0.347705 0.215931
vt 0.347652 0.215961
vt 0.303649 0.251598
s 1
f 475/773/437 479/774/438 478/775/439 477/776/439 485/777/440
f 484/778/441 476/779/442 475/773/437 485/780/440
f 482/781/443 481/782/444 476/779/442 484/778/441 483/783/443
f 480/784/445 479/774/438 475/773/437 486/785/446
f 486/786/446 475/773/437 476/779/442 487/787/447
f 487/787/447 476/779/442 481/782/444
o Wine_Glass_cell.006
v 0.020554 0.216075 0.032220
v 0.015629 0.212339 0.034065
v 0.022529 0.202169 0.025341
v 0.039700 0.215761 0.010526
v 0.028865 0.202667 0.019162
v 0.033439 0.216146 0.020119
v 0.029111 0.215795 0.026394
v 0.018086 0.208066 0.030771
v 0.020554 0.216075 0.032220
v 0.015629 0.212339 0.034065
v 0.039700 0.215761 0.010526
v 0.028865 0.202667 0.019162
v 0.033439 0.216146 0.020119
v 0.029111 0.215795 0.026394
v 0.018086 0.208066 0.030771
v 0.022529 0.202169 0.025341
vn -0.7246 0.1947 -0.6611
vn -0.1103 0.9876 -0.1116
vn 0.1311 0.9807 0.1453
vn -0.5438 0.3088 -0.7804
vn -0.5289 0.3062 -0.7915
vn 0.6551 -0.3245 0.6823
vn 0.7533 -0.3281 0.5700
vn 0.6695 -0.3255 0.6677
vn 0.5316 -0.3124 0.7873
vt 0.638334 0.000000
vt 1.000000 0.000000
vt 0.989147 0.720483
vt 0.655119 0.236454
vt 0.729138 0.729138
vt 0.000000 0.000000
vt 0.390056 0.000000
vt 0.637963 0.224528
vt 0.390056 0.390056
vt 0.351431 0.000000
vt 1.000000 1.000000
vt 0.698399 0.644370
vt 1.000000 0.756155
vt 0.756154 0.756154
vt 1.000000 0.264762
vt 0.393756 0.628871
vt 0.382829 0.630907
vt 0.348807 0.607663
vt 0.373733 0.603105
vt 0.390407 0.600768
vt 0.390407 0.600768
vt 0.411009 0.595689
vt 0.421691 0.601580
vt 0.414516 0.612516
s 0
f 503/788/448 496/789/448 498/790/448 499/791/448
f 498/792/449 496/793/449 500/794/449
f 501/795/450 500/796/450 496/797/450
f 496/798/451 503/799/451 502/800/451
f 502/801/452 497/802/452 496/798/452
s 1
f 490/803/453 492/804/454 491/805/454 493/806/454 494/807/455
f 490/803/453 494/808/455 488/809/456 489/810/456 495/811/456
o Wine_Glass_cell.007
v -0.062008 0.003718 0.015240
v -0.063806 0.004588 0.004101
v -0.050071 0.003718 0.033105
v -0.054553 0.004524 0.025714
v -0.063806 0.004588 0.004101
v -0.054553 0.004524 0.025714
v -0.062008 0.003718 0.015240
vn -0.2694 0.9557 0.1182
vn 0.3887 -0.8977 -0.2075
vn -0.5420 -0.7154 0.4409
vn -0.5405 -0.7172 0.4399
vn 0.4002 -0.8906 -0.2162
vt 0.377440 0.000000
vt 0.347267 0.129905
vt 0.254472 0.254472
vt 0.811611 0.759531
vt 0.812893 0.715723
vt 0.814209 0.733649
vt 0.089289 0.257975
vt 0.101241 0.262926
vt 0.057434 0.244781
vt 0.057608 0.244853
s 0
f 508/812/457 504/813/457 507/814/457
s 1
f 510/815/458 506/816/459 509/817/460
f 509/818/460 506/819/459 510/820/458 505/821/461
o Wine_Glass_cell.008
v -0.004250 0.123157 -0.011951
v -0.004559 0.099609 -0.012099
v -0.004378 0.113917 -0.012913
v -0.003291 0.124146 -0.017002
vn 0.9999 -0.0131 -0.0076
vt 0.310747 0.026755
vt 0.000000 0.000000
vt 1.000000 0.008574
s 0
f 513/822/462 511/823/462 512/824/462
l 511 514
o Wine_Glass_cell.009
v 0.033067 0.261187 0.030350
v 0.029548 0.247805 0.029569
v 0.034588 0.247748 0.031870
v 0.025978 0.247713 0.037617
v 0.027117 0.261185 0.039322
v 0.024548 0.265517 0.035475
v 0.037068 0.248147 0.019795
v 0.024143 0.275066 0.034496
v 0.031343 0.282014 0.028775
v 0.036657 0.279601 0.028320
v 0.040020 0.275651 0.024174
v 0.040646 0.249444 0.023269
v 0.041974 0.261185 0.024496
v 0.024548 0.265517 0.035475
v 0.024143 0.275066 0.034496
v 0.036657 0.279601 0.028320
v 0.040020 0.275651 0.024174
v 0.040646 0.249444 0.023269
v 0.034588 0.247748 0.031870
v 0.025978 0.247713 0.037617
v 0.029548 0.247805 0.029569
v 0.027117 0.261185 0.039322
v 0.037068 0.248147 0.019795
v 0.031343 0.282014 0.028775
vn 0.0297 -0.9955 -0.0898
vn 0.2193 -0.9663 0.1349
vn -0.8187 0.0241 0.5738
vn 0.3213 0.8021 -0.5034
vn 0.7024 0.0095 0.7117
vn 0.7029 0.0092 0.7112
vn 0.2086 0.8864 -0.4133
vn 0.4422 0.8817 -0.1644
vn -0.5403 0.6016 0.5884
vn -0.4375 0.5942 0.6749
vn 0.5047 0.0426 0.8623
vn -0.4364 -0.8342 0.3371
vn -0.3744 -0.8206 0.4317
vn 0.6723 0.2213 0.7064
vn 0.7693 -0.0428 -0.6375
vn 0.6710 -0.0745 -0.7377
vn -0.5166 0.3399 -0.7859
vn -0.7188 0.2695 -0.6409
vn -0.6924 0.2809 -0.6646
vn -0.5840 -0.2262 -0.7796
vn -0.5351 -0.1009 -0.8387
vt 0.037835 0.000000
vt 0.575249 0.519973
vt 1.000000 1.000000
vt 0.374786 0.374786
vt 1.000000 0.000000
vt 1.000000 0.374786
vt 0.968237 0.000000
vt 1.000000 0.637921
vt 0.629366 0.629366
vt 0.596888 0.596888
vt 0.693764 0.000000
vt 0.668494 0.668494
vt 0.641197 0.641197
vt 0.376548 0.503239
vt 0.381023 0.532170
vt 0.357528 0.532789
vt 0.353460 0.507539
vt 0.399131 0.528371
vt 0.397996 0.498591
vt 0.366770 0.457089
vt 0.349352 0.475624
vt 0.359279 0.464854
vt 0.366928 0.456917
vt 0.390523 0.468895
vt 0.778631 0.159016
vt 0.800056 0.156511
vt 0.798913 0.184204
vt 0.777316 0.186043
vt 0.778564 0.159952
vt 0.820829 0.158311
vt 0.820831 0.184204
vt 0.804413 0.156486
vt 0.820830 0.193770
vt 0.820374 0.214864
vt 0.799905 0.230061
vt 0.792193 0.224974
vt 0.777855 0.214747
s 0
f 526/825/463 533/826/463 518/827/463 535/828/463
f 526/829/464 535/830/464 537/831/464
f 529/832/465 528/833/465 519/834/465
f 531/835/466 523/836/466 530/837/466
s 1
f 515/838/467 517/839/468 532/840/469 527/841/470
f 534/842/471 517/839/468 515/838/467 536/843/472
f 538/844/473 515/838/473 527/841/474 525/845/475 524/846/473
f 536/843/476 515/838/476 538/847/477 522/848/478
f 521/849/479 516/850/480 515/851/481 527/852/470 532/853/469
f 534/854/471 536/855/472 515/851/481 516/856/480
f 515/851/482 536/855/482 520/857/482 522/858/478 538/859/477
f 515/851/483 538/860/483 525/861/475 527/852/474
o Wine_Glass_cell.010
v -0.022528 0.202667 0.033016
v -0.017822 0.216848 0.034144
v -0.023730 0.183802 0.018125
v -0.028842 0.202667 0.028797
v -0.030274 0.212394 0.031603
v -0.029128 0.217222 0.028948
v -0.024159 0.215664 0.036953
v -0.015559 0.210370 0.036928
v -0.014747 0.202667 0.034563
v -0.013234 0.195847 0.030547
v -0.011661 0.186043 0.024654
v -0.018088 0.184338 0.022296
v -0.030274 0.212394 0.031603
v -0.029128 0.217222 0.028948
v -0.024159 0.215664 0.036953
vn -0.7111 0.4609 0.5310
vn -0.1657 -0.5275 0.8332
vn -0.1293 -0.3498 0.9279
vn -0.2442 -0.4048 0.8812
vn -0.3419 -0.5348 0.7727
vn -0.4720 -0.5275 0.7064
vn 0.6924 -0.5691 -0.4435
vn 0.4365 -0.8983 0.0500
vn -0.5289 -0.3062 0.7915
vn -0.0837 -0.1406 0.9865
vn 0.6020 0.1557 -0.7832
vt 0.210143 0.210143
vt 0.098807 0.098807
vt 0.666307 0.168590
vt 0.515005 0.664946
vt 0.516882 0.643371
vt 0.518427 0.626720
vt 0.535938 0.626720
vt 0.530942 0.671473
vt 0.550779 0.632787
vt 0.540401 0.673197
vt 0.553310 0.605656
vt 0.551419 0.628039
vt 0.537773 0.596755
vt 0.523413 0.596341
vt 0.537773 0.596755
vt 0.519167 0.608960
vt 0.817307 0.630727
vt 0.800561 0.630727
vt 0.801149 0.606490
vt 0.801667 0.598907
vt 0.818832 0.600052
s 0
f 552/862/484 543/863/484 545/864/484
s 1
f 549/865/485 548/866/485 547/867/486 539/868/487 550/869/488
f 539/868/487 542/870/489 541/871/489 550/869/488
f 551/872/490 542/873/491 539/868/492 553/874/492
f 540/875/493 553/876/493 539/868/487 547/867/486 546/877/493
f 539/878/494 542/879/491 551/880/490 544/881/494 553/882/494
o Wine_Glass_cell.011
v -0.006941 0.134545 -0.006940
v -0.013776 0.137256 0.000131
v -0.016796 0.135351 -0.007396
v -0.008745 0.136393 0.002800
vn -0.0910 -0.9561 0.2785
vn -0.2382 -0.9613 0.1383
vt 0.515544 0.000000
vt 1.000000 0.000000
vt 1.000000 0.068466
vt 0.143300 0.029313
vt 0.073674 0.073674
vt 0.000000 0.000000
s 0
f 556/883/495 554/884/495 555/885/495
f 557/886/496 555/887/496 554/888/496
o Wine_Glass_cell.012
v 0.015272 0.231927 -0.058243
v 0.013166 0.231909 -0.053157
v 0.001187 0.199356 -0.045627
v -0.002619 0.202667 -0.052207
v -0.003979 0.223452 -0.059293
v -0.003731 0.231909 -0.056518
v -0.004193 0.243214 -0.058854
v -0.004474 0.231927 -0.062171
v -0.004826 0.241991 -0.063803
v 0.032846 0.240691 -0.048105
v 0.031760 0.246495 -0.049893
v 0.021997 0.215687 -0.042304
v 0.028255 0.218092 -0.044216
v 0.014820 0.208337 -0.044856
v 0.011355 0.201654 -0.048786
v -0.001705 0.246239 -0.063841
v 0.029293 0.244466 -0.045321
v 0.016097 0.245822 -0.060235
v 0.027375 0.231909 -0.043663
v 0.031812 0.231927 -0.047191
v -0.003979 0.223452 -0.059293
v -0.004474 0.231927 -0.062171
v -0.003731 0.231909 -0.056518
v -0.004193 0.243214 -0.058854
v -0.004826 0.241991 -0.063803
v 0.031760 0.246495 -0.049893
v 0.016097 0.245822 -0.060235
v 0.016097 0.245822 -0.060235
v 0.016097 0.245822 -0.060235
v -0.001705 0.246239 -0.063841
v 0.032846 0.240691 -0.048105
v 0.031812 0.231927 -0.047191
v 0.029293 0.244466 -0.045321
v 0.027375 0.231909 -0.043663
v 0.028255 0.218092 -0.044216
v -0.002619 0.202667 -0.052207
v 0.021997 0.215687 -0.042304
vn 0.7698 0.3149 0.5551
vn -0.8053 0.5913 -0.0431
vn -0.2303 0.9295 0.2882
vn 0.5256 -0.0006 0.8507
vn 0.3928 -0.2595 -0.8822
vn 0.1938 -0.2265 -0.9545
vn 0.1929 -0.1505 -0.9696
vn 0.3789 -0.1533 -0.9126
vn 0.5492 -0.1505 -0.8220
vn 0.5749 -0.2769 -0.7700
vn 0.0435 -0.9989 -0.0155
vn 0.5901 -0.4082 -0.6966
vn -0.3211 -0.8511 0.4153
vn -0.1858 -0.9488 0.2556
vn -0.3663 0.3667 0.8552
vn -0.3958 0.2810 0.8743
vn -0.6215 0.2893 0.7281
vn -0.6143 0.3465 0.7089
vn -0.0520 0.8796 0.4728
vn -0.2078 0.1437 0.9676
vn -0.1392 0.2563 0.9565
vn 0.1935 -0.3103 -0.9307
vn -0.9908 -0.0150 0.1345
vn -0.0785 0.8693 0.4880
vn -0.0745 0.3551 0.9318
vt 0.000000 0.000000
vt 0.199803 0.000000
vt 0.010066 0.010066
vt 0.625498 0.625498
vt 0.575431 0.575431
vt 1.000000 0.073731
vt 0.025741 0.000000
vt 0.536729 0.316071
vt 1.000000 0.800197
vt 0.891303 0.891303
vt 0.823006 0.452903
vt 0.733909 0.000000
vt 0.841443 0.000000
vt 0.961895 0.497237
vt 0.396979 0.136072
vt 0.438007 0.137850
vt 0.440067 0.169098
vt 0.434538 0.168854
vt 0.397482 0.166340
vt 0.352038 0.154528
vt 0.353081 0.135455
vt 0.351601 0.167305
vt 0.393732 0.073075
vt 0.356379 0.105735
vt 0.363670 0.097580
vt 0.382421 0.080533
vt 0.955400 0.509583
vt 0.954148 0.479243
vt 0.988993 0.482212
vt 0.993060 0.514147
vt 0.951019 0.421821
vt 0.961304 0.431883
vt 0.984355 0.455774
vt 0.988993 0.482212
vt 0.934455 0.414494
vt 0.948287 0.420186
vt 0.924090 0.420186
vt 0.916129 0.479243
vt 0.433829 0.119462
vt 0.423656 0.074846
vt 0.154928 0.154928
vt 0.345826 0.226485
vt 0.370043 0.000000
vt 0.421375 0.000000
vt 0.404452 0.199510
vt 1.000000 0.374607
vt 0.475924 0.225206
vt 1.000000 0.575431
vt 1.000000 0.625498
vt 0.955400 0.509583
vt 0.914124 0.502662
s 0
f 590/889/497 588/890/497 583/891/497
f 581/892/498 573/893/498 582/894/498
f 590/889/499 583/895/499 584/896/499
f 588/897/500 590/898/500 591/899/500 569/900/500 592/901/500 589/902/500
s 1
f 558/903/501 579/904/502 566/905/503 587/906/503 585/907/504
f 567/908/505 577/909/506 558/903/501 585/907/504 568/910/505
f 572/911/507 558/903/501 577/909/506 570/912/508 594/913/509 571/914/510
f 575/915/511 559/916/512 576/917/513 574/918/514
f 559/916/512 572/919/507 571/920/510 594/921/509 576/922/513
f 560/923/515 572/924/515 593/925/515
f 593/925/516 572/919/507 559/916/512 563/926/517
f 578/927/518 579/904/502 558/903/501 572/911/507 593/928/518
s 0
f 561/929/519 580/930/519 581/931/519 582/932/519 565/933/519 562/934/519
f 586/935/520 573/936/520 581/937/520
s 1
f 575/938/511 564/939/521 563/926/517 559/916/512
o Wine_Glass_cell.013
v -0.005836 0.022216 -0.006950
v -0.005464 0.029957 -0.002116
v -0.001418 0.023130 0.001681
v -0.008697 0.026422 -0.000377
v -0.005464 0.052484 -0.003312
v -0.003425 0.043840 -0.003259
v -0.005464 0.052484 -0.003312
v -0.003425 0.043840 -0.003259
v -0.005464 0.029957 -0.002116
v -0.001418 0.023130 0.001681
v -0.008697 0.026422 -0.000377
vn 0.8515 0.2477 -0.4621
vn -0.4644 -0.8238 0.3249
vn -0.8997 0.0630 -0.4319
vn -0.0375 0.4686 0.8826
vn 0.2862 0.1898 0.9392
vn 0.1178 0.3496 0.9295
vn 0.1948 0.0520 0.9795
vn 0.2836 0.0509 0.9576
vn 0.8949 -0.0237 -0.4457
vt 1.000000 0.575703
vt 1.000000 1.000000
vt 0.800096 0.795485
vt 1.000000 0.862723
vt 0.743637 0.710232
vt 0.911045 0.775728
vt 1.000000 0.013164
vt 0.890587 0.280075
vt 0.900988 0.266811
vt 0.899406 0.276949
vt 0.896162 0.267222
vt 0.897066 0.237517
vt 0.901503 0.218690
vt 0.905621 0.211762
vt 0.906211 0.266811
vt 1.000000 0.797702
vt 0.180509 0.098254
vt 0.495268 0.357738
s 0
f 604/940/522 595/941/522 596/942/522
f 605/943/523 595/941/523 604/944/523
f 595/941/524 605/945/524 599/946/524
s 1
f 597/947/525 603/948/526 598/949/527
f 603/950/526 602/951/528 601/952/529
f 601/953/529 598/954/527 603/948/526
s 0
f 596/955/530 595/941/530 599/956/530 600/957/530
o Wine_Glass_cell.014
v 0.005613 0.166328 -0.002977
v 0.004616 0.159800 0.001899
v -0.000009 0.159800 0.004989
v -0.004483 0.157929 0.002799
v -0.004499 0.168421 -0.004964
v -0.004876 0.161636 0.007825
v 0.009772 0.163500 0.000825
v 0.004616 0.159800 0.001899
v -0.000009 0.159800 0.004989
v -0.004483 0.157929 0.002799
v -0.004876 0.161636 0.007825
vn 0.0897 0.8787 0.4688
vn 0.1109 -0.6055 -0.7881
vn 0.0427 -0.5942 -0.8032
vn -0.9980 -0.0383 -0.0498
vn 0.3277 0.5144 0.7925
vn 0.1062 -0.8527 0.5115
vn 0.1591 -0.8873 0.4330
vn 0.0441 -0.8023 0.5953
vn 0.2214 -0.9172 0.3313
vt 0.971374 0.971374
vt 0.000000 0.000000
vt 1.000000 0.000000
vt 0.932270 0.932270
vt 0.560114 0.000000
vt 1.000000 0.255097
vt 0.990056 0.990056
vt 0.270656 0.270656
vt 1.000000 0.462130
vt 0.992319 0.992319
vt 0.462130 0.462130
vt 0.882114 0.000000
vt 0.964192 0.964192
vt 0.919368 0.716028
vt 0.882799 0.283944
vt 0.237690 0.556458
vt 0.244971 0.551594
vt 0.249020 0.561369
vt 0.236291 0.542914
vt 0.237690 0.556458
s 0
f 610/958/531 616/959/531 606/960/531
f 610/961/532 606/959/532 612/962/532 613/963/532
f 610/964/533 613/965/533 615/966/533
f 616/960/534 610/967/534 615/968/534
f 612/969/535 606/960/535 616/970/535 614/971/535 613/972/535
s 1
f 609/973/536 608/974/537 611/975/538
f 607/976/539 608/974/537 609/977/536
o Wine_Glass_cell.015
v 0.017010 0.261185 0.046075
v -0.004833 0.255587 0.049551
v -0.004730 0.261185 0.050399
v -0.004787 0.268088 0.049533
v -0.004444 0.274351 0.048668
v 0.025827 0.261185 0.040184
v 0.025191 0.253305 0.039166
v 0.023310 0.264543 0.036430
v 0.004364 0.248420 0.041822
v 0.014376 0.247842 0.039716
v 0.023909 0.247079 0.038883
v 0.001921 0.249787 0.047308
v -0.001747 0.274684 0.044073
v 0.024721 0.274213 0.038969
v 0.014828 0.274390 0.040808
v 0.004364 0.248420 0.041822
v 0.014376 0.247842 0.039716
v -0.001747 0.274684 0.044073
v 0.014828 0.274390 0.040808
v 0.023310 0.264543 0.036430
v 0.025827 0.261185 0.040184
v 0.001921 0.249787 0.047308
v -0.004444 0.274351 0.048668
v 0.024721 0.274213 0.038969
vn -0.0057 -0.9709 0.2394
vn 0.8387 0.0204 -0.5442
vn 0.3230 -0.2997 0.8977
vn 0.3376 0.2970 0.8932
vn 0.2910 -0.2866 0.9128
vn 0.1845 0.9412 0.2829
vn 0.3702 0.2663 0.8899
vn -0.5689 0.0882 0.8176
vn -0.8737 -0.0399 0.4849
vn -0.0671 -0.9776 -0.1996
vn 0.0808 -0.9495 0.3031
vn 0.2740 0.2644 0.9247
vn -0.2755 0.3660 -0.8889
vn -0.2657 -0.3620 -0.8935
vn -0.5405 -0.2741 -0.7954
vn 0.0360 0.9950 0.0933
vt 0.444642 0.208067
vt 1.000000 0.515935
vt 1.000000 0.556434
vt 0.600805 0.600805
vt 1.000000 0.589751
vt 1.000000 0.622734
vt 0.405461 0.528033
vt 0.403165 0.515007
vt 0.401089 0.497921
vt 0.422228 0.493340
vt 0.425264 0.524493
vt 0.470037 0.526398
vt 0.447454 0.529736
vt 0.444734 0.498024
vt 0.489927 0.494175
vt 0.490099 0.509510
vt 0.399883 0.492720
vt 0.394933 0.469643
vt 0.414892 0.465119
vt 0.490054 0.466536
vt 0.490425 0.479648
vt 0.489927 0.494175
vt 0.446779 0.470329
vt 0.887512 0.177456
vt 0.888492 0.187837
vt 0.845836 0.184204
vt 0.844696 0.156562
vt 0.865650 0.159540
vt 0.873711 0.165219
vt 0.887702 0.202112
vt 0.885999 0.216862
vt 0.879622 0.216955
vt 0.845205 0.213372
vt 0.824274 0.191618
vt 0.824242 0.184204
vt 0.824751 0.213194
vt 1.000000 0.447425
vt 1.000000 0.484840
vt 0.749976 0.166560
s 0
f 633/978/540 638/979/540 632/980/540
f 630/981/541 622/982/541 636/983/541
s 1
f 627/984/542 623/985/542 637/986/542 617/987/542 626/988/542
f 628/989/543 626/990/544 617/991/544 619/992/545 618/993/545
f 617/987/546 637/994/546 640/995/547 635/996/548
f 639/997/549 620/998/550 619/999/550 617/991/551 635/1000/551
f 618/1001/545 619/1002/545 617/1003/552 626/1004/552 625/1005/552 628/1006/543
f 617/1003/553 619/1002/550 620/1007/550 639/1008/549 634/1009/553 635/1010/553
f 624/1011/554 637/1012/554 617/1003/554 635/1010/548 640/1013/547
s 0
f 629/1014/555 621/1015/555 631/1016/555
o Wine_Glass_cell.016
v -0.007092 0.140074 -0.008351
v -0.006741 0.145155 -0.008003
v -0.015058 0.145817 -0.008181
v -0.012248 0.145817 -0.014966
v -0.015551 0.140575 -0.012359
v -0.015275 0.141758 -0.004118
v -0.011463 0.150631 -0.010666
v -0.011230 0.150876 -0.005627
v -0.012248 0.145817 -0.014966
v -0.015551 0.140575 -0.012359
v -0.015275 0.141758 -0.004118
v -0.011230 0.150876 -0.005627
v -0.011463 0.150631 -0.010666
vn 0.7837 -0.0115 -0.6210
vn 0.0982 -0.9407 -0.3246
vn 0.7861 0.5035 -0.3585
vn 0.4272 -0.0400 0.9033
vn 0.4427 -0.0917 0.8920
vn -0.8454 0.4032 -0.3502
vn -0.9248 0.3803 0.0108
vn -0.8294 0.5329 -0.1677
vn -0.8221 0.5524 0.1381
vn -0.9540 0.2359 0.1849
vn -0.9423 0.2582 -0.2130
vt 0.536383 0.536383
vt 0.000000 0.000000
vt 1.000000 0.000000
vt 0.556785 0.556785
vt 0.297578 0.000000
vt 0.558104 0.516832
vt 0.136278 0.000000
vt 0.917037 0.729326
vt 0.285340 0.164761
vt 1.000000 1.000000
vt 0.315855 0.315855
vt 1.000000 0.774834
vt 0.750022 0.000000
vt 0.936556 0.265218
vt 0.944189 0.264568
vt 0.940386 0.273794
vt 0.207115 0.900773
vt 0.204887 0.899746
vt 0.208717 0.888523
vt 0.216979 0.888523
vt 0.210237 0.901128
vt 0.201084 0.888746
vt 0.199462 0.877034
vt 0.208020 0.874156
vt 0.945811 0.253745
s 0
f 649/1017/556 642/1018/556 641/1019/556
f 649/1020/557 641/1018/557 651/1021/557 650/1022/557
f 652/1023/558 642/1019/558 649/1024/558 653/1025/558
f 642/1026/559 652/1027/559 651/1028/559
f 641/1019/560 642/1026/560 651/1029/560
s 1
f 644/1030/561 643/1031/562 647/1032/563
f 648/1033/564 647/1034/563 643/1035/562
f 643/1035/562 646/1036/565 648/1037/564
f 643/1038/562 645/1039/566 646/1040/565
f 643/1031/562 644/1030/561 645/1041/566
o Wine_Glass_cell.017
v -0.027938 0.261185 -0.062438
v -0.006799 0.248409 -0.064660
v -0.006202 0.265061 -0.062096
v -0.006178 0.261185 -0.066766
v -0.025518 0.279985 -0.056597
v -0.034354 0.286839 -0.054303
v -0.033675 0.261187 -0.053608
v -0.035128 0.247116 -0.055058
v -0.027069 0.246553 -0.060340
v -0.008680 0.249393 -0.059693
v -0.008680 0.249393 -0.059693
v -0.006799 0.248409 -0.064660
v -0.006202 0.265061 -0.062096
v -0.006178 0.261185 -0.066766
vn 0.9713 -0.0698 0.2273
vn -0.6447 0.0585 -0.7622
vn -0.6477 0.0561 -0.7599
vn -0.7151 -0.0012 -0.6990
vn -0.1260 0.0588 -0.9903
vn -0.1269 0.0527 -0.9905
vn -0.1712 -0.3081 -0.9358
vn -0.7956 -0.5681 0.2104
vn -0.7973 -0.5739 0.1870
vn -0.5674 0.1166 -0.8151
vn -0.1861 0.9756 0.1167
vn -0.1689 0.9148 0.3670
vn -0.0117 -0.0459 0.9989
vt 0.880808 0.609903
vt 0.629256 0.629256
vt 0.581761 0.581761
vt 0.864941 0.564501
vt 0.662870 0.494045
vt 0.686034 0.494045
vt 0.685056 0.526657
vt 0.663792 0.525403
vt 0.731270 0.497898
vt 0.727549 0.526129
vt 0.722876 0.526865
vt 0.685056 0.526657
vt 0.664285 0.440091
vt 0.684918 0.451177
vt 0.730554 0.488643
vt 0.731270 0.497898
vt 0.869545 0.516437
vt 0.908999 0.522417
vt 0.908223 0.540018
vt 0.866377 0.543583
vt 0.868935 0.584970
vt 0.908379 0.548579
s 0
f 656/1042/567 664/1043/567 665/1044/567 657/1045/567
s 1
f 660/1046/568 654/1047/569 662/1048/570 661/1049/570
f 654/1047/571 667/1050/572 655/1051/573 663/1052/574 662/1053/575
f 659/1054/576 658/1055/576 654/1047/569 660/1046/568
f 666/1056/577 667/1057/572 654/1047/571 658/1055/578
f 662/1058/575 663/1059/574 666/1060/577 654/1061/579
f 658/1062/578 654/1061/579 666/1063/577
o Wine_Glass_cell.018
v -0.036995 0.202667 0.023349
v -0.030490 0.214364 0.027165
v -0.032662 0.216464 0.031581
v -0.030120 0.201791 0.027289
v -0.047991 0.227400 0.021211
v -0.045316 0.217223 0.019323
v -0.043620 0.226911 0.018373
v -0.040632 0.212410 0.016218
v -0.041420 0.221751 0.027775
v -0.027694 0.181890 0.014049
v -0.031330 0.183264 0.010145
v -0.041390 0.202667 0.016772
v -0.043620 0.226911 0.018373
v -0.040632 0.212410 0.016218
v -0.047991 0.227400 0.021211
v -0.045316 0.217223 0.019323
v -0.041420 0.221751 0.027775
v -0.041390 0.202667 0.016772
v -0.030490 0.214364 0.027165
v -0.032662 0.216464 0.031581
v -0.030120 0.201791 0.027289
vn 0.9027 0.0308 0.4292
vn -0.5435 0.0128 -0.8393
vn 0.3472 0.8540 0.3875
vn -0.4720 -0.5275 0.7064
vn -0.6029 -0.5349 0.5919
vn -0.6670 -0.5320 0.5216
vn -0.7064 -0.5275 0.4720
vn -0.7915 -0.3062 0.5289
vn -0.8887 -0.0203 -0.4580
vn -0.5178 -0.3125 0.7964
vn -0.9723 -0.1988 0.1232
vn 0.3368 0.3084 -0.8896
vn 0.9609 0.1797 -0.2105
vn -0.5556 -0.0041 -0.8314
vt 0.784903 0.000000
vt 1.000000 0.236484
vt 1.000000 0.271668
vt 0.568075 0.000000
vt 0.698831 0.000000
vt 1.000000 0.229579
vt 1.000000 0.353321
vt 0.353321 0.353321
vt 0.229579 0.229579
vt 0.670555 0.246823
vt 0.555142 0.628356
vt 0.571412 0.629742
vt 0.549911 0.676038
vt 0.720763 0.029393
vt 0.722104 0.029678
vt 0.738231 0.073713
vt 0.722102 0.073241
vt 0.725934 0.104606
vt 0.745904 0.114913
vt 0.728868 0.126544
vt 0.579086 0.586164
vt 0.558489 0.596664
vt 0.796493 0.630727
vt 0.781824 0.630727
vt 0.779720 0.588402
vt 0.796701 0.598200
vt 0.796981 0.605312
vt 0.779720 0.588402
vt 0.767038 0.631159
vt 0.764948 0.610154
vt 0.762109 0.577694
vt 0.938592 0.515007
vt 1.000000 0.301169
vt 1.000000 0.431925
s 0
f 688/1064/580 686/1065/580 670/1066/580
f 681/1067/581 683/1068/581 682/1069/581 680/1070/581
f 680/1071/582 682/1072/582 684/1073/582
s 1
f 671/1074/583 668/1075/584 677/1076/585
f 678/1077/586 677/1078/585 668/1079/584 685/1080/586
f 673/1081/587 685/1080/587 668/1079/587 676/1082/587 672/1083/587
f 676/1084/588 668/1075/589 671/1074/589 687/1085/590
f 671/1086/591 668/1087/591 676/1088/588 687/1089/590 669/1090/591
f 676/1091/592 668/1087/592 685/1092/592 675/1093/592 674/1094/592
s 0
f 679/1095/593 683/1096/593 681/1097/593
o Wine_Glass_cell.019
v -0.003262 0.097694 -0.009188
v -0.003213 0.084219 -0.005930
v -0.005464 0.098677 -0.004139
v -0.002523 0.069173 -0.010810
v -0.006968 0.063166 -0.004179
v -0.002317 0.063653 -0.011020
v -0.007010 0.057638 -0.003894
v -0.002070 0.058201 -0.011162
v -0.001915 0.057452 -0.005364
v -0.002523 0.069173 -0.010810
v -0.002317 0.063653 -0.011020
v -0.002070 0.058201 -0.011162
v -0.006968 0.063166 -0.004179
v -0.007010 0.057638 -0.003894
v -0.001915 0.057452 -0.005364
vn -0.8266 -0.0093 -0.5626
vn -0.8260 -0.0228 -0.5632
vn -0.0723 -0.9894 -0.1258
vn 0.9988 0.0463 -0.0131
vn 0.8728 0.0528 0.4852
vn 0.7904 0.0501 0.6105
vn 0.2700 0.0352 0.9622
vn 0.1816 0.0493 0.9821
vn 0.9191 0.0957 0.3822
vt 0.615133 0.615133
vt 0.549053 0.549053
vt 1.000000 0.472047
vt 0.472047 0.472047
vt 0.908893 0.000000
vt 1.000000 0.083505
vt 0.554350 0.554350
vt 0.926831 0.000000
vt 1.000000 0.000000
vt 1.000000 0.091107
vt 0.153543 0.598036
vt 0.153759 0.610079
vt 0.153813 0.622277
vt 0.151907 0.655570
vt 0.150513 0.597902
vt 0.182044 0.830124
vt 0.185392 0.771435
vt 0.186004 0.830554
vt 0.901620 0.207742
vt 0.904433 0.150902
vt 0.905132 0.195873
vt 0.182304 0.741663
vt 0.180119 0.771361
vt 0.180692 0.741929
s 0
f 701/1098/594 698/1099/594 699/1100/594
f 699/1101/595 700/1102/595 702/1103/595 701/1104/595
f 703/1105/596 702/1106/596 700/1107/596
s 1
f 696/1108/597 694/1109/597 692/1110/597 690/1111/598 697/1112/599
f 697/1113/599 690/1114/598 695/1115/600
f 695/1116/600 690/1117/598 693/1118/601
f 691/1119/602 690/1120/602 689/1121/602
o Wine_Glass_cell.020
v 0.024129 0.327917 0.021411
v 0.012053 0.327917 0.034107
v -0.005606 0.327917 0.037563
v -0.005662 0.317383 0.036226
v 0.027276 0.304845 0.026016
v 0.022095 0.306932 0.028871
v 0.013382 0.313673 0.037318
v 0.033086 0.327917 0.008006
v 0.035635 0.315765 0.009479
v 0.032787 0.307694 0.024088
vn 0.7372 0.3353 0.5866
vn 0.7200 0.2697 0.6395
vn 0.7188 0.2658 0.6424
vn 0.4146 0.1476 0.8979
vn 0.4793 0.1595 0.8630
vn 0.6951 0.1958 0.6917
vn 0.0720 0.0789 0.9943
vt 0.310545 0.389078
vt 0.306417 0.364855
vt 0.343805 0.357892
vt 0.354977 0.405389
vt 0.344826 0.403753
vt 0.354977 0.405389
vt 0.379409 0.350177
vt 0.389421 0.380666
vt 0.367408 0.399122
vt 0.456356 0.388240
vt 0.460617 0.358788
vt 0.497032 0.355686
vt 0.496126 0.373374
s 1
f 712/1122/603 711/1123/603 704/1124/604 708/1125/605 713/1126/603
f 708/1127/605 704/1124/604 705/1128/606 710/1129/607 709/1130/608
f 710/1131/607 705/1132/606 706/1133/609 707/1134/609
o Wine_Glass_cell.021
v -0.060477 0.007172 0.014606
v -0.062835 0.006459 0.004473
v -0.050623 0.003718 0.020258
v -0.054283 0.006154 0.024737
v -0.057206 0.003718 0.003321
v -0.045443 0.003718 0.030840
v -0.047481 0.008547 0.032892
v -0.036210 0.003718 0.021785
v -0.041761 0.010970 0.027310
v -0.036290 0.003718 -0.001110
v -0.039848 0.015497 -0.000531
v -0.036635 0.015464 0.008744
v -0.030555 0.003718 0.015867
v -0.033223 0.014715 0.018227
v -0.037683 0.012699 0.023319
v -0.060477 0.007172 0.014606
v -0.054283 0.006154 0.024737
v -0.062835 0.006459 0.004473
v -0.050623 0.003718 0.020258
v -0.057206 0.003718 0.003321
v -0.045443 0.003718 0.030840
v -0.045443 0.003718 0.030840
v -0.045443 0.003718 0.030840
v -0.047481 0.008547 0.032892
v -0.041761 0.010970 0.027310
v -0.036210 0.003718 0.021785
v -0.036290 0.003718 -0.001110
v -0.036635 0.015464 0.008744
v -0.033223 0.014715 0.018227
v -0.037683 0.012699 0.023319
v -0.039848 0.015497 -0.000531
v -0.030555 0.003718 0.015867
vn -0.4060 -0.9001 0.1578
vn -0.3777 -0.9073 0.1849
vn 0.7002 -0.0080 0.7139
vn -0.2072 -0.0145 -0.9782
vn 0.9050 0.2887 -0.3124
vn 0.9085 0.2847 -0.3060
vn 0.7345 0.0200 0.6783
vn 0.7009 -0.0069 0.7132
vn -0.7411 -0.1346 0.6577
vn -0.6656 0.5330 0.5224
vn -0.3508 0.9266 0.1353
vn -0.2814 0.9485 0.1453
vn -0.3065 0.9459 0.1063
vn -0.3336 0.9406 0.0627
vn -0.0000 -1.0000 -0.0000
vt 0.791843 0.123423
vt 0.638845 0.000000
vt 0.706269 0.000000
vt 1.000000 0.212579
vt 1.000000 0.255956
vt 1.000000 0.230730
vt 0.255956 0.255956
vt 0.212579 0.212579
vt 0.219789 0.161146
vt 0.196439 0.196439
vt 0.093635 0.000000
vt 0.156435 0.000000
vt 0.936538 0.338882
vt 0.497168 0.000000
vt 0.746868 0.000000
vt 1.000000 0.293731
vt 1.000000 0.642806
vt 0.746868 0.746868
vt 0.497168 0.497168
vt 0.819936 0.819936
vt 0.642806 0.642806
vt 0.665430 0.000000
vt 0.834127 0.000000
vt 0.665430 0.665430
vt 1.000000 0.794263
vt 1.000000 0.887612
vt 0.834127 0.834127
vt 0.887612 0.887612
vt 0.794263 0.794263
vt 1.000000 0.843565
vt 0.817868 0.735647
vt 0.817266 0.713414
vt 0.823927 0.715067
vt 0.819469 0.760244
vt 0.108902 0.309915
vt 0.084385 0.327942
vt 0.055260 0.284353
vt 0.100721 0.265523
vt 0.104372 0.282779
vt 0.106962 0.295102
vt 0.084385 0.327942
vt 0.073747 0.336213
vt 0.039167 0.300446
vt 0.114878 0.264949
vt 0.099217 0.262088
vt 0.075057 0.252080
vt 0.143456 0.264949
vt 0.154392 0.264949
vt 0.139385 0.264949
s 0
f 729/1135/610 731/1136/610 733/1137/610 732/1138/610 730/1139/610
f 734/1140/611 730/1141/611 732/1142/611
f 737/1143/612 735/1144/612 739/1145/612 738/1146/612
f 731/1147/613 744/1148/613 740/1149/613 733/1150/613
f 741/1151/614 740/1152/614 744/1153/614
f 740/1154/615 741/1155/615 742/1156/615 745/1157/615
f 742/1158/616 743/1159/616 739/1160/616 745/1161/616
f 739/1162/617 743/1163/617 738/1164/617
s 1
f 717/1165/618 736/1166/618 720/1167/619 714/1168/620
f 727/1169/621 725/1170/622 714/1171/620 720/1172/619 722/1173/621 728/1174/621
f 725/1175/622 724/1176/623 715/1177/623 714/1171/620
f 719/1178/624 716/1179/624 718/1180/624 723/1181/624 726/1182/624 721/1183/624
o Wine_Glass_cell.022
v 0.036387 0.327917 -0.008181
v 0.033910 0.325379 -0.023774
v 0.037884 0.308015 -0.025309
v 0.045946 0.304813 -0.008181
v 0.041985 0.302387 -0.011666
v 0.041651 0.299576 -0.016831
v 0.036278 0.315585 0.007643
v 0.033541 0.327917 0.006125
v 0.045946 0.304813 -0.008181
v 0.041985 0.302387 -0.011666
v 0.036278 0.315585 0.007643
vn 0.0073 -0.8245 0.5658
vn -0.2690 0.0721 -0.9604
vn -0.3000 0.9291 -0.2161
vn 0.9528 0.2820 -0.1124
vn -0.7944 -0.1085 -0.5976
vn -0.3126 0.7503 0.5826
vn -0.3413 0.7425 0.5764
vt 1.000000 0.385400
vt 0.939007 0.327244
vt 0.701062 0.000000
vt 0.313467 0.348660
vt 0.286636 0.350177
vt 0.277016 0.298686
vt 0.282242 0.293519
vt 0.292185 0.287857
vt 0.308103 0.305316
vt 0.307111 0.396509
vt 0.271714 0.422714
vt 0.269062 0.370728
vt 0.302446 0.365516
vt 0.019053 0.520739
vt 0.048793 0.519869
vt 0.046292 0.570872
vt 0.014589 0.547516
vt 0.065248 0.581192
vt 0.046292 0.570872
vt 0.083610 0.525361
vt 0.085222 0.562932
s 0
f 750/1184/625 754/1185/625 752/1186/625
s 1
f 747/1187/626 746/1188/627 749/1189/628 755/1190/629 751/1191/626 748/1192/626
f 756/1193/630 749/1194/628 746/1195/627 753/1196/631
f 753/1197/631 746/1198/627 755/1199/629 756/1200/630
f 751/1201/626 755/1202/629 746/1198/627 747/1203/626 748/1204/626
o Wine_Glass_cell.023
v -0.002011 0.121294 -0.012271
v -0.001978 0.114914 -0.012184
l 757 758
o Wine_Glass_cell.024
v -0.005390 0.166085 0.006096
v 0.007417 0.168421 0.004699
v 0.006362 0.181567 0.020700
v -0.005233 0.168421 0.001407
v -0.002056 0.164311 0.009984
v 0.000632 0.168136 0.013338
v 0.001241 0.168421 -0.000481
v 0.006004 0.186584 0.019821
v 0.016883 0.182150 0.014166
v 0.016531 0.184103 0.009452
v 0.012769 0.168136 0.004661
v 0.017434 0.178219 0.008947
v -0.005390 0.166085 0.006096
v -0.005233 0.168421 0.001407
v -0.002056 0.164311 0.009984
v -0.002056 0.164311 0.009984
v -0.002056 0.164311 0.009984
v -0.002056 0.164311 0.009984
v 0.000632 0.168136 0.013338
v 0.006362 0.181567 0.020700
v 0.006362 0.181567 0.020700
v 0.006362 0.181567 0.020700
v 0.001241 0.168421 -0.000481
v 0.007417 0.168421 0.004699
v 0.007417 0.168421 0.004699
v 0.006004 0.186584 0.019821
v 0.016883 0.182150 0.014166
v 0.016883 0.182150 0.014166
v 0.016531 0.184103 0.009452
v 0.012769 0.168136 0.004661
v 0.017434 0.178219 0.008947
v 0.017434 0.178219 0.008947
v 0.017434 0.178219 0.008947
vn -0.1299 -0.8858 -0.4455
vn 0.1353 -0.9360 -0.3249
vn 0.0140 0.3856 -0.9225
vn 0.9882 0.1526 -0.0105
vn 0.5240 -0.6408 0.5610
vn -0.4414 0.5536 -0.7062
vn -0.9354 0.3446 0.0794
vn -0.7391 0.5263 -0.4204
vn -0.8515 0.0792 0.5183
vn -0.2257 0.9605 0.1630
vn 0.5441 -0.7359 0.4031
vn 0.5113 0.1837 0.8396
vn 0.2563 -0.5929 0.7634
vn -0.6856 0.5448 -0.4829
vn -0.7656 -0.0257 0.6428
vt 0.646168 0.646168
vt 1.000000 0.301674
vt 1.000000 1.000000
vt 0.416184 0.264898
vt 1.000000 0.902053
vt 0.039234 0.000000
vt 1.000000 0.377652
vt 0.285389 0.285389
vt 0.233004 0.233004
vt 1.000000 0.670824
vt 1.000000 0.753503
vt 0.700671 0.000000
vt 0.420719 0.667186
vt 0.415492 0.698209
vt 0.397810 0.702041
vt 0.404136 0.668775
vt 0.810024 0.029370
vt 0.814532 0.000000
vt 0.830217 0.000000
vt 0.825597 0.032196
vt 0.836263 0.032989
vt 0.835400 0.033772
vt 0.838821 0.000733
vt 0.762661 0.789003
vt 0.770713 0.789698
vt 0.780025 0.789698
vt 0.808724 0.735455
vt 0.779427 0.789698
vt 0.764858 0.789698
vt 0.246684 0.527360
vt 0.260525 0.541201
vt 0.252530 0.546543
vt 1.000000 0.428014
vt 0.528962 0.000000
vt 1.000000 0.243676
vt 0.387332 0.678921
vt 0.396165 0.672345
vt 0.389350 0.703413
vt 0.801723 0.029033
vt 0.802667 0.023359
vt 0.969892 0.732498
vt 1.000000 0.335454
vt 0.936105 0.936105
s 0
f 772/1205/632 781/1206/632 771/1207/632
f 782/1208/633 773/1209/633 771/1207/633 781/1210/633
f 789/1211/634 788/1212/634 783/1213/634
f 787/1214/635 786/1215/635 790/1216/635
s 1
f 778/1217/636 777/1218/636 760/1219/636 785/1220/636
f 785/1221/637 760/1222/637 777/1223/638 784/1224/639
f 779/1225/640 784/1226/639 777/1223/638 775/1227/640
f 759/1228/641 776/1229/641 777/1230/641 760/1231/641 765/1232/641 762/1233/641
f 760/1234/642 777/1235/642 774/1236/642
s 0
f 761/1237/643 767/1238/643 766/1239/643
s 1
f 770/1240/644 785/1241/644 760/1219/644 769/1242/644
f 760/1222/645 785/1221/645 768/1243/645 791/1244/645
s 0
f 764/1245/646 780/1246/646 763/1247/646
o Wine_Glass_cell.025
v -0.007203 0.023377 -0.009027
v -0.011530 0.029957 -0.008181
v -0.010406 0.028586 -0.013124
v -0.010140 0.054306 -0.008665
v -0.014512 0.025532 -0.008181
v -0.011530 0.029957 -0.008181
v -0.014512 0.025532 -0.008181
v -0.010406 0.028586 -0.013124
v -0.010140 0.054306 -0.008665
vn -0.2813 -0.6941 -0.6627
vn 0.8348 0.0856 -0.5439
vn 0.1767 -0.0103 0.9842
vn -0.9182 0.2751 -0.2850
vn -0.9226 0.2625 -0.2825
vn -0.7842 0.5286 -0.3248
vn -0.9707 0.0507 -0.2347
vt 0.153847 0.153847
vt 0.000000 0.000000
vt 0.123730 0.000000
vt 1.000000 0.000000
vt 0.963347 0.156878
vt 1.000000 0.817619
vt 1.000000 1.000000
vt 0.081604 0.000000
vt 0.851731 0.734839
vt 0.935036 0.013418
vt 0.935434 0.010870
vt 0.942256 0.007489
vt 0.932838 0.068847
vt 0.932615 0.013418
s 0
f 799/1248/647 792/1249/647 798/1250/647
f 800/1249/648 792/1251/648 799/1252/648
f 798/1253/649 792/1254/649 800/1255/649 797/1256/649
s 1
f 793/1257/650 794/1258/651 796/1259/652
f 793/1257/650 795/1260/653 794/1261/651
o Wine_Glass_cell.026
v -0.060660 0.266163 -0.008987
v -0.059721 0.261185 -0.030655
v -0.056728 0.240309 -0.029416
v -0.048962 0.247737 -0.034568
v -0.052385 0.242520 -0.027617
v -0.053887 0.261185 -0.039386
v -0.049667 0.275959 -0.035329
v -0.049016 0.284965 -0.034539
v -0.061343 0.243790 -0.008929
v -0.064027 0.261185 -0.009004
v -0.055973 0.241808 -0.008873
v -0.060059 0.235491 -0.008909
v -0.054950 0.236639 -0.008858
v -0.058492 0.233363 -0.015126
v -0.059634 0.275992 -0.021627
v -0.057271 0.282033 -0.029641
v -0.048962 0.247737 -0.034568
v -0.052385 0.242520 -0.027617
v -0.061343 0.243790 -0.008929
v -0.064027 0.261185 -0.009004
v -0.055973 0.241808 -0.008873
v -0.054950 0.236639 -0.008858
v -0.060059 0.235491 -0.008909
v -0.058492 0.233363 -0.015126
v -0.059634 0.275992 -0.021627
v -0.057271 0.282033 -0.029641
v -0.060660 0.266163 -0.008987
v -0.056728 0.240309 -0.029416
vn -0.0101 0.0009 0.9999
vn 0.2009 -0.9102 0.3622
vn 0.5956 0.6237 -0.5062
vn -0.8981 -0.2001 -0.3916
vn -0.8384 -0.2242 -0.4969
vn 0.4244 0.5490 -0.7200
vn -0.9751 0.1845 -0.1230
vn -0.0949 -0.7814 -0.6168
vn 0.2227 -0.8054 -0.5494
vn -0.6412 0.2046 -0.7396
vn 0.9136 0.3622 0.1849
vn 0.8631 0.3876 0.3239
vn 0.8352 0.3959 0.3817
vn 0.9705 -0.2223 0.0931
vn 0.6571 -0.7236 -0.2114
vn -0.0094 0.0029 1.0000
vn 0.0874 0.7830 0.6159
vn -0.9696 -0.1505 -0.1929
vt 0.869569 0.869569
vt 0.792538 0.792538
vt 1.000000 0.811137
vt 1.000000 0.884351
vt 0.884351 0.884351
vt 0.811136 0.811136
vt 1.000000 0.832472
vt 0.611124 0.528250
vt 0.592716 0.544335
vt 0.588744 0.498025
vt 0.610153 0.496201
vt 0.611553 0.200701
vt 0.656813 0.210225
vt 0.649298 0.217088
vt 0.631133 0.233037
vt 0.614803 0.246940
vt 0.611515 0.444001
vt 0.611212 0.460697
vt 0.591994 0.453999
vt 0.562383 0.202556
vt 0.533971 0.186554
vt 0.534980 0.144877
vt 0.576716 0.145512
vt 0.572798 0.188735
vt 0.516857 0.175151
vt 0.515316 0.145154
vt 0.533971 0.186554
vt 0.576263 0.139714
vt 0.533463 0.102651
vt 0.164960 0.000000
vt 0.728627 0.639670
vt 1.000000 0.724042
vt 0.780266 0.686215
vt 0.100443 0.000000
vt 1.000000 0.869569
vt 0.274975 0.172316
vt 1.000000 0.792538
vt 0.037273 0.000000
vt 0.649062 0.603521
vt 0.369523 0.369523
vt 0.656563 0.199384
vt 0.615525 0.155164
vt 0.645695 0.139169
vt 0.658478 0.143425
vt 0.657881 0.161499
s 0
f 821/1262/654 819/1263/654 823/1264/654 822/1265/654
f 822/1266/655 823/1267/655 824/1268/655
s 1
f 817/1269/656 828/1270/657 802/1271/658 806/1272/659
f 802/1273/660 810/1274/661 827/1275/662 825/1276/660 826/1277/660
f 808/1278/663 807/1279/663 806/1272/663 802/1271/663 826/1280/663
f 813/1281/664 818/1282/665 802/1283/666 810/1284/664 811/1285/664
f 817/1286/656 806/1287/659 802/1283/666 818/1288/665
f 827/1289/662 810/1284/661 802/1283/667 826/1290/667
s 0
f 824/1291/668 803/1292/668 804/1293/668 805/1294/668 822/1295/668
f 821/1296/669 820/1297/669 819/1298/669
f 801/1299/670 816/1300/670 815/1301/670
s 1
f 810/1302/671 802/1273/658 828/1303/657 814/1304/671 812/1305/671 809/1306/671
o Wine_Glass_cell.027
v -0.019720 0.159800 -0.008181
v -0.026466 0.168136 0.000518
v -0.028196 0.168136 -0.008181
v -0.031003 0.181930 0.000127
v -0.035054 0.178970 -0.008181
v -0.031207 0.180988 -0.012321
v -0.023176 0.168421 -0.010714
v -0.014072 0.156800 -0.004616
v -0.009160 0.168421 -0.006543
v -0.031139 0.179412 0.006125
v -0.020780 0.168421 0.001055
v -0.017491 0.159800 -0.001015
v -0.019720 0.159800 -0.008181
v -0.028196 0.168136 -0.008181
v -0.023176 0.168421 -0.010714
v -0.023176 0.168421 -0.010714
v -0.009160 0.168421 -0.006543
v -0.014072 0.156800 -0.004616
v -0.026466 0.168136 0.000518
v -0.020780 0.168421 0.001055
v -0.020780 0.168421 0.001055
v -0.017491 0.159800 -0.001015
vn -0.4956 -0.3693 -0.7862
vn -0.8072 -0.4448 -0.3879
vn -0.8381 -0.4462 -0.3139
vn 0.0867 -0.2486 -0.9647
vn 0.3859 -0.3073 -0.8699
vn -0.8120 -0.4344 0.3899
vn -0.5759 -0.4966 0.6494
vn -0.0602 -0.4644 0.8836
vn 0.4681 -0.1017 0.8778
vn -0.5434 -0.8223 0.1690
vn -0.6187 -0.7672 0.1690
vn -0.6348 -0.7540 0.1688
vn -0.8968 -0.3782 0.2298
vn -0.0217 0.9998 0.0044
vn -0.6732 -0.7201 0.1680
vt 1.000000 0.116728
vt 0.860895 0.188141
vt 0.213761 0.213761
vt 0.182020 0.182020
vt 0.176416 0.176416
vt 0.116728 0.116728
vt 0.143656 0.000000
vt 0.354020 0.000000
vt 0.354020 0.354020
vt 0.265632 0.000000
vt 0.887782 0.042815
vt 0.030580 0.000000
vt 1.000000 0.719498
vt 0.948849 0.731723
vt 0.798771 0.798771
vt 0.719498 0.719498
vt 0.883618 0.283102
vt 1.000000 0.057569
vt 1.000000 0.734368
vt 0.230235 0.586169
vt 0.236291 0.595231
vt 0.224677 0.598558
vt 0.673771 0.000000
vt 0.693345 0.000000
vt 0.696410 0.023667
vt 0.689079 0.025008
vt 0.670818 0.022801
vt 0.732754 0.748124
vt 0.732754 0.742427
vt 0.732754 0.758113
vt 0.738094 0.771004
vt 0.748552 0.782400
vt 0.246684 0.610785
vt 0.228599 0.618276
vt 0.224950 0.599929
s 1
f 843/1307/672 842/1308/673 833/1309/674 834/1310/672
s 0
f 831/1311/675 844/1312/675 845/1313/675 841/1314/675
f 841/1315/676 845/1316/676 846/1317/676
s 1
f 838/1318/677 847/1319/678 848/1320/679
s 0
f 849/1321/680 830/1322/680 850/1323/680 846/1324/680 845/1325/680
s 1
f 836/1326/681 840/1327/682 829/1328/683
f 842/1329/673 847/1330/678 838/1331/677 832/1332/684 833/1333/674
f 835/1334/685 842/1335/685 847/1336/685 839/1337/685 837/1338/685
f 840/1327/682 847/1339/686 842/1340/686 829/1341/683
o Wine_Glass_cell.028
v -0.000780 0.163119 -0.008528
v -0.000746 0.154058 -0.008609
l 851 852
o Wine_Glass_cell.029
v -0.007900 0.131875 -0.003830
v -0.007407 0.119567 -0.001242
v -0.010541 0.131370 0.001320
v -0.010268 0.125079 -0.000013
v -0.010268 0.125079 -0.000013
v -0.010268 0.125079 -0.000013
v -0.007407 0.119567 -0.001242
v -0.010541 0.131370 0.001320
vn -0.6599 -0.1798 -0.7296
vn -0.8906 0.0569 -0.4512
vn 0.7831 0.0739 0.6175
vn 0.0227 -0.2063 0.9782
vt 0.175638 0.072405
vt 1.000000 0.757001
vt 1.000000 1.000000
vt 1.000000 0.937576
vt 0.757001 0.757001
vt 1.000000 0.000000
vt 0.892036 0.892036
vt 0.910146 0.452779
vt 0.911058 0.056661
vt 0.910480 0.060010
vt 0.906673 0.073749
s 0
f 859/1342/687 857/1343/687 853/1344/687
f 860/1345/688 853/1344/688 857/1346/688
f 859/1347/689 853/1344/689 860/1348/689 858/1349/689
s 1
f 855/1350/690 856/1351/690 854/1352/690
o Wine_Glass_cell.030
v -0.006127 0.020274 -0.007125
v -0.013007 0.023130 -0.000639
v -0.005464 0.022872 0.003337
v 0.001786 0.019918 0.011665
v 0.002961 0.003718 0.018917
v 0.005793 0.016531 0.022067
v -0.011328 0.003718 0.021179
v -0.005464 0.016658 0.023885
v -0.012138 0.015994 0.024755
v -0.006109 0.003718 -0.007259
v -0.017330 0.022696 -0.006999
v -0.029285 0.003718 -0.007038
v -0.031276 0.003718 0.008849
v -0.036115 0.016163 0.005448
v -0.029298 0.003718 0.015222
v -0.031610 0.015173 0.017964
v -0.022728 0.003718 0.017465
v -0.019194 0.016137 0.022501
v -0.037157 0.016688 -0.006802
v -0.034335 0.003718 -0.002491
v -0.037997 0.016120 -0.001581
v -0.005464 0.022872 0.003337
v 0.001786 0.019918 0.011665
v -0.005464 0.016658 0.023885
v -0.012138 0.015994 0.024755
v 0.002961 0.003718 0.018917
v -0.011328 0.003718 0.021179
v 0.005793 0.016531 0.022067
v -0.006109 0.003718 -0.007259
v -0.029285 0.003718 -0.007038
v -0.031276 0.003718 0.008849
v -0.029298 0.003718 0.015222
v -0.031610 0.015173 0.017964
v -0.019194 0.016137 0.022501
v -0.022728 0.003718 0.017465
v -0.034335 0.003718 -0.002491
v -0.013007 0.023130 -0.000639
v -0.017330 0.022696 -0.006999
v -0.037157 0.016688 -0.006802
v -0.036115 0.016163 0.005448
v -0.037997 0.016120 -0.001581
vn 0.1507 -0.2673 0.9518
vn 0.9317 -0.0535 -0.3592
vn 0.2047 0.9573 -0.2044
vn -0.0107 0.0088 -0.9999
vn -0.9160 -0.2658 0.3005
vn -0.3102 -0.2801 0.9085
vn -0.2969 -0.2851 0.9114
vn -0.6228 -0.3654 -0.6918
vn -0.9467 -0.2663 -0.1814
vn -0.9237 -0.2911 0.2492
vn 0.0575 0.9556 0.2890
vn -0.0748 0.9601 0.2696
vn -0.0097 0.9575 0.2883
vn -0.1103 0.9576 0.2661
vn -0.0652 0.9558 0.2867
vn -0.1946 0.9601 0.2007
vn -0.1962 0.9601 0.1991
vn -0.2599 0.9575 0.1249
vn -0.2656 0.9575 0.1127
vn 0.3959 0.8850 -0.2449
vn -0.2870 0.9557 0.0654
vn -0.0000 -1.0000 -0.0000
vt 0.245980 0.000000
vt 0.395154 0.000000
vt 1.000000 0.756885
vt 1.000000 0.951724
vt 0.522285 0.355866
vt 1.000000 0.000000
vt 1.000000 0.626924
vt 0.954741 0.954741
vt 0.758896 0.758896
vt 0.752447 0.000000
vt 1.000000 0.847616
vt 1.000000 1.000000
vt 0.819334 0.779869
vt 0.752447 0.752447
vt 0.677505 0.000000
vt 0.858907 0.000000
vt 1.000000 0.672584
vt 0.720467 0.000000
vt 1.000000 0.192100
vt 1.000000 0.364495
vt 0.446408 0.000000
vt 0.364495 0.364495
vt 0.192100 0.192100
vt 0.280755 0.000000
vt 0.555453 0.000000
vt 0.555453 0.555453
vt 0.280755 0.280755
vt 1.000000 0.604846
vt 1.000000 0.754020
vt 1.000000 0.141093
vt 1.000000 0.322495
vt 0.677602 0.000000
vt 1.000000 0.356125
vt 1.000000 0.701271
vt 0.798263 0.798263
vt 0.288240 0.288240
vt 1.000000 0.279533
vt 0.949212 0.555942
vt 0.558057 0.558057
vt 0.184714 0.351973
vt 0.165098 0.364880
vt 0.141584 0.371272
vt 0.166776 0.333568
vt 0.132053 0.369320
vt 0.141905 0.319792
vt 0.155596 0.323788
vt 0.166776 0.333568
vt 0.122868 0.369320
vt 0.111540 0.312374
vt 0.114381 0.372835
vt 0.087928 0.329818
vt 0.626924 0.626924
vt 0.000000 0.000000
vt 0.152384 0.000000
vt 0.337658 0.263044
vt 0.086453 0.331037
vt 0.107136 0.375690
vt 0.070996 0.351019
vt 0.075854 0.340409
vt 0.147801 0.264949
vt 0.157765 0.264949
vt 0.056407 0.021195
vt 0.074948 0.012913
vt 0.048103 0.029498
vt 0.029965 0.047637
vt 0.157730 0.264949
vt 0.152480 0.264949
s 0
f 885/1353/691 887/1354/691 886/1355/691 888/1356/691 884/1357/691
f 861/1358/692 864/1359/692 888/1360/692 886/1361/692 889/1362/692
f 862/1363/693 861/1364/693 898/1365/693
f 861/1364/694 889/1366/694 890/1367/694 899/1368/694 898/1369/694
f 891/1370/695 892/1371/695 893/1372/695 900/1373/695
f 893/1374/696 892/1375/696 895/1376/696 894/1377/696
f 894/1378/697 895/1379/697 887/1380/697 885/1381/697
f 899/1382/698 890/1383/698 896/1384/698
f 896/1385/699 901/1386/699 899/1387/699
f 896/1388/700 891/1389/700 900/1390/700 901/1391/700
s 1
f 866/1392/701 883/1393/701 882/1394/702 868/1395/703
f 882/1396/702 878/1397/704 869/1398/705 868/1399/703
f 878/1397/704 882/1396/702 897/1400/706 876/1401/707
f 876/1401/707 897/1400/706 871/1402/708 874/1403/709
s 0
f 864/1404/710 861/1405/710 862/1406/710 863/1407/710
s 1
f 874/1408/709 871/1409/708 879/1410/711 881/1411/711
f 880/1412/712 872/1413/712 870/1414/712 865/1415/712 867/1416/712 877/1417/712 875/1418/712 873/1419/712
o Wine_Glass_cell.031
v 0.048940 0.008547 -0.030716
v 0.051080 0.003718 -0.031603
v 0.028153 0.003718 -0.026992
v 0.032747 0.013106 -0.028337
v 0.044887 0.003718 -0.040871
v 0.043674 0.008547 -0.038597
v 0.029922 0.003718 -0.010422
v 0.034455 0.014163 -0.010174
v 0.055414 0.003718 -0.009814
v 0.053100 0.008547 -0.009805
v 0.027707 0.003718 -0.015151
v 0.031941 0.014578 -0.015917
v 0.024417 0.003718 -0.022528
v 0.029179 0.015016 -0.022531
v 0.044887 0.003718 -0.040871
v 0.043674 0.008547 -0.038597
v 0.028153 0.003718 -0.026992
v 0.032747 0.013106 -0.028337
v 0.029922 0.003718 -0.010422
v 0.055414 0.003718 -0.009814
v 0.053100 0.008547 -0.009805
v 0.034455 0.014163 -0.010174
v 0.031941 0.014578 -0.015917
v 0.027707 0.003718 -0.015151
v 0.029179 0.015016 -0.022531
v 0.024417 0.003718 -0.022528
vn -0.6257 0.1981 -0.7545
vn -0.7499 0.3007 -0.5893
vn -0.0238 -0.0134 0.9996
vn -0.8457 0.3577 0.3961
vn -0.8524 0.3593 0.3800
vn 0.8657 -0.4700 -0.1722
vn 0.8053 -0.4901 -0.3336
vn 0.6263 0.7351 -0.2594
vn 0.6739 0.7266 -0.1340
vn 0.5774 0.7196 -0.3858
vn 0.6703 -0.5916 -0.4479
vn 0.2890 0.9556 -0.0575
vn 0.2771 0.9569 -0.0873
vn -0.0000 -1.0000 -0.0000
vn 0.2450 0.9556 -0.1637
vt 0.835446 0.352060
vt 1.000000 0.336139
vt 1.000000 0.417418
vt 0.870609 0.390466
vt 0.417418 0.417418
vt 0.336139 0.336139
vt 0.401207 0.000000
vt 0.516315 0.000000
vt 0.548198 0.262217
vt 0.504451 0.216849
vt 0.452906 0.000000
vt 0.547130 0.000000
vt 1.000000 0.547094
vt 0.443306 0.000000
vt 0.542315 0.000000
vt 1.000000 0.452870
vt 1.000000 0.556694
vt 0.557229 0.557229
vt 0.455909 0.455909
vt 1.000000 0.457685
vt 0.431143 0.534941
vt 0.429181 0.500243
vt 0.440152 0.497557
vt 0.442035 0.530859
vt 0.439858 0.478226
vt 0.428836 0.477508
vt 0.198268 0.445010
vt 0.232933 0.467193
vt 0.199661 0.500464
vt 0.180181 0.456700
vt 0.186614 0.452465
vt 0.123038 0.000000
vt 0.133186 0.000000
vt 0.184787 0.010754
vt 0.207515 0.020168
vt 0.242182 0.054835
vt 0.137879 0.000000
vt 0.132000 0.000000
vt 0.173436 0.461216
vt 0.180336 0.508469
vt 0.172864 0.476244
s 0
f 916/1420/713 918/1421/713 919/1422/713 917/1423/713
f 919/1424/714 918/1425/714 927/1426/714 915/1427/714
f 921/1428/715 922/1429/715 923/1430/715 920/1431/715
f 923/1432/716 924/1433/716 925/1434/716 920/1435/716
f 924/1436/717 915/1437/717 927/1438/717 925/1439/717
s 1
f 910/1440/718 903/1441/719 902/1442/720 911/1443/721
f 907/1444/722 902/1442/720 903/1441/719 906/1445/723
f 909/1446/724 911/1447/721 902/1448/720 926/1449/725 913/1450/724
f 914/1451/726 904/1452/726 906/1453/723 903/1454/719 910/1455/718 908/1456/726 912/1457/726
f 926/1458/725 902/1448/720 907/1459/722 905/1460/727
o Wine_Glass_cell.032
v -0.007047 0.123789 -0.009296
v -0.005956 0.133046 -0.009134
v -0.014935 0.126517 -0.012104
v -0.013776 0.137256 -0.016494
v -0.007496 0.123888 -0.016921
v -0.011255 0.121620 -0.013973
v -0.004369 0.128898 -0.018548
v -0.013404 0.121534 -0.009257
v -0.016566 0.133869 -0.009083
v -0.011255 0.121620 -0.013973
v -0.007496 0.123888 -0.016921
v -0.013404 0.121534 -0.009257
v -0.004369 0.128898 -0.018548
v -0.014935 0.126517 -0.012104
v -0.016566 0.133869 -0.009083
v -0.013776 0.137256 -0.016494
vn 0.4927 -0.8692 -0.0402
vn 0.3321 -0.9336 0.1342
vn 0.9546 -0.2691 0.1277
vn -0.2779 0.1697 0.9455
vn -0.0254 -0.3848 0.9226
vn 0.0717 0.8967 0.4368
vn 0.6187 0.7521 -0.2272
vn -0.8042 -0.4612 -0.3749
vn -0.7380 -0.2453 -0.6286
vn -0.6852 -0.2545 -0.6825
vn -0.4813 -0.1638 -0.8611
vn -0.7086 -0.1478 -0.6899
vn -0.3080 -0.1145 -0.9445
vn -0.9265 -0.0524 -0.3726
vt 1.000000 0.000000
vt 0.956720 0.026818
vt 0.930758 0.000000
vt 0.000000 0.000000
vt 0.068099 0.000000
vt 0.063070 0.063070
vt 1.000000 1.000000
vt 0.325654 0.271792
vt 0.302838 0.000000
vt 1.000000 0.928445
vt 0.353237 0.249848
vt 0.109718 0.109718
vt 0.219851 0.000000
vt 0.609956 0.000000
vt 0.886011 0.438637
vt 0.530818 0.530818
vt 0.242506 0.000000
vt 0.942148 0.210347
vt 0.936839 0.223828
vt 0.935951 0.212334
vt 0.928011 0.223828
vt 0.927452 0.244427
vt 0.918979 0.234436
vt 0.927452 0.244427
vt 0.937486 0.247690
vt 0.944994 0.223133
vt 0.946575 0.243510
s 0
f 928/1461/728 937/1462/728 938/1463/728
f 928/1464/729 939/1465/729 937/1466/729
f 929/1461/730 928/1467/730 938/1468/730 940/1469/730
f 939/1470/731 928/1467/731 929/1464/731 941/1471/731
f 941/1472/732 929/1464/732 942/1473/732
f 942/1474/733 929/1461/733 943/1475/733
f 943/1476/734 929/1464/734 940/1477/734
s 1
f 935/1478/735 930/1479/736 933/1480/737
f 932/1481/738 931/1482/739 934/1483/740
f 932/1481/738 930/1479/736 931/1484/739
f 931/1485/739 930/1486/736 936/1487/741
f 930/1479/736 932/1481/738 933/1480/737
o Wine_Glass_cell.033
v -0.009547 0.132175 -0.004481
v -0.012505 0.131210 -0.000019
v -0.010487 0.118744 -0.003378
v -0.013445 0.126517 -0.002028
v -0.013445 0.126517 -0.002028
v -0.013445 0.126517 -0.002028
v -0.010487 0.118744 -0.003378
v -0.012505 0.131210 -0.000019
vn 0.4934 0.0368 0.8690
vn -0.6335 0.1041 -0.7667
vn 0.8116 -0.3596 0.4604
vn 0.3833 0.2977 -0.8743
vt 1.000000 0.000000
vt 1.000000 1.000000
vt 0.776044 0.776044
vt 1.000000 0.959283
vt 0.017741 0.000000
vt 0.595579 0.558811
vt 0.993147 0.799498
vt 1.000000 0.776044
vt 0.916168 0.057096
vt 0.912806 0.072200
vt 0.914447 0.058604
s 0
f 950/1488/742 944/1489/742 948/1490/742
f 951/1491/743 944/1489/743 950/1492/743 949/1493/743
f 951/1494/744 948/1495/744 944/1489/744
s 1
f 945/1496/745 946/1497/745 947/1498/745
o Wine_Glass_cell.034
v -0.007211 0.120433 -0.006871
v -0.010035 0.113917 -0.006288
v -0.009590 0.100092 -0.008181
v -0.010609 0.117807 -0.012107
vn -0.8476 0.3987 0.3502
vn 0.2547 -0.1952 -0.9471
vn 0.4349 -0.1084 0.8939
vt 0.913764 0.014037
vt 0.901884 0.000000
vt 1.000000 0.000000
vt 0.074460 0.074460
vt 0.000000 0.000000
vt 1.000000 0.049335
vt 0.285144 0.055156
vt 1.000000 1.000000
vt 0.357322 0.166949
s 0
f 955/1499/746 953/1500/746 952/1501/746
f 955/1502/747 952/1503/747 954/1504/747 953/1505/747
f 954/1506/748 952/1503/748 953/1507/748
o Wine_Glass_cell.035
v 0.017071 0.008547 -0.062585
v 0.036175 0.008547 -0.049820
v 0.017957 0.003718 -0.064726
v 0.037813 0.003718 -0.051458
v 0.027765 0.014713 -0.026414
v 0.043842 0.003718 -0.042435
v 0.042631 0.008547 -0.040158
v 0.022791 0.003718 -0.025528
v 0.002951 0.003718 -0.047432
v 0.003616 0.012923 -0.050793
v 0.009149 0.003718 -0.039463
v 0.008855 0.014435 -0.044751
v -0.004111 0.010464 -0.060458
v -0.003873 0.003718 -0.060009
v -0.003939 0.003718 -0.069081
v -0.004205 0.008547 -0.066818
v 0.019307 0.015728 -0.033081
v 0.016762 0.003718 -0.030528
v 0.043842 0.003718 -0.042435
v 0.042631 0.008547 -0.040158
v 0.027765 0.014713 -0.026414
v 0.002951 0.003718 -0.047432
v 0.009149 0.003718 -0.039463
v 0.003616 0.012923 -0.050793
v 0.008855 0.014435 -0.044751
v -0.004111 0.010464 -0.060458
v -0.003939 0.003718 -0.069081
v -0.004205 0.008547 -0.066818
v -0.003873 0.003718 -0.060009
v 0.022791 0.003718 -0.025528
v 0.016762 0.003718 -0.030528
v 0.019307 0.015728 -0.033081
vn 0.6129 -0.2127 0.7610
vn -0.7599 0.2707 0.5910
vn -0.8349 0.1489 0.5298
vn -0.9991 -0.0336 0.0249
vn -0.9983 -0.0585 0.0072
vn -0.5847 0.3035 0.7524
vn -0.7292 0.2865 0.6214
vn 0.1237 0.9573 -0.2611
vn 0.2594 0.7353 -0.6261
vn 0.1330 0.7316 -0.6686
vn 0.0575 0.9556 -0.2890
vn 0.7285 -0.4821 -0.4868
vn 0.6164 -0.4901 -0.6164
vn 0.4787 0.7355 -0.4795
vn 0.5103 0.7894 -0.3413
vn 0.3336 -0.4901 -0.8053
vn 0.2019 0.9576 -0.2057
vn 0.2445 0.9557 -0.1639
vn 0.1736 -0.4561 -0.8728
vn -0.0000 -1.0000 -0.0000
vt 0.531302 0.199349
vt 0.486074 0.169083
vt 0.427964 0.000000
vt 0.530747 0.000000
vt 1.000000 0.551998
vt 0.338594 0.000000
vt 0.452693 0.000000
vt 1.000000 0.470210
vt 1.000000 0.566608
vt 0.551998 0.551998
vt 0.470210 0.470210
vt 1.000000 0.508615
vt 0.566608 0.566608
vt 0.508615 0.508615
vt 1.000000 0.543307
vt 0.590774 0.489799
vt 0.590497 0.590497
vt 0.551392 0.508646
vt 0.394339 0.000000
vt 0.560367 0.000000
vt 1.000000 0.359036
vt 1.000000 0.485103
vt 1.000000 0.538268
vt 1.000000 0.657449
vt 0.560367 0.560367
vt 0.394339 0.394339
vt 0.110710 0.476618
vt 0.102107 0.519869
vt 0.061783 0.495565
vt 0.065847 0.489994
vt 0.091876 0.481734
vt 0.428777 0.473671
vt 0.428441 0.451538
vt 0.439439 0.450695
vt 0.439800 0.474396
vt 0.429181 0.398842
vt 0.440152 0.399993
vt 0.142586 0.468451
vt 0.152814 0.519869
vt 0.115637 0.475237
vt 0.142586 0.468451
vt 0.166080 0.466607
vt 0.176507 0.510055
vt 0.060605 0.018854
vt 0.106124 0.000000
vt 0.158825 0.000000
vt 0.180951 0.009165
vt 0.118953 0.000000
vt 0.103639 0.001029
vt 0.087813 0.007585
vt 0.074928 0.012922
vt 0.060741 0.018798
vt 0.442067 0.355785
vt 0.431153 0.353346
s 0
f 974/1508/749 975/1509/749 976/1510/749 985/1511/749
f 977/1512/750 978/1513/750 980/1514/750 979/1515/750
f 984/1516/751 977/1517/751 979/1518/751 981/1519/751
f 984/1520/752 981/1521/752 983/1522/752
f 982/1523/753 984/1524/753 983/1525/753
f 987/1526/754 986/1527/754 985/1528/754 976/1529/754
f 980/1530/755 978/1531/755 986/1532/755 987/1533/755
s 1
f 967/1534/756 956/1535/757 971/1536/758 968/1537/759 965/1538/759
f 961/1539/760 959/1540/761 957/1541/762 962/1542/763
f 958/1543/764 956/1544/757 957/1541/762 959/1540/761
f 972/1545/765 957/1546/762 956/1535/757 967/1547/756
f 972/1548/765 960/1549/766 962/1550/763 957/1546/762
f 970/1551/767 958/1552/764 959/1553/761 961/1554/760 963/1555/768 973/1556/768 966/1557/768 964/1558/768 969/1559/768
f 971/1560/758 956/1544/757 958/1543/764 970/1561/767
o Wine_Glass_cell.036
v -0.025124 0.289274 -0.055645
v -0.005464 0.289274 -0.059555
v -0.023765 0.281520 -0.056776
v -0.005477 0.267398 -0.061981
v -0.026815 0.284266 -0.059727
v 0.010181 0.279720 -0.057504
v -0.032913 0.289274 -0.050440
v 0.014829 0.283782 -0.059999
v -0.035008 0.293344 -0.047858
v -0.038650 0.301067 -0.043179
v -0.040517 0.305566 -0.045185
v -0.023516 0.306320 -0.051764
v -0.005464 0.306505 -0.055309
v 0.011950 0.302841 -0.052748
v 0.013332 0.289274 -0.055817
v -0.023765 0.281520 -0.056776
v -0.005477 0.267398 -0.061981
v -0.026815 0.284266 -0.059727
v 0.010181 0.279720 -0.057504
v 0.014829 0.283782 -0.059999
v -0.040517 0.305566 -0.045185
v -0.023516 0.306320 -0.051764
v -0.038650 0.301067 -0.043179
v 0.013332 0.289274 -0.055817
vn -0.6233 -0.7779 -0.0796
vn 0.2959 0.4887 0.8207
vn 0.6562 -0.3357 0.6758
vn 0.1896 0.2349 -0.9533
vn -0.5185 0.1074 -0.8483
vn 0.1589 -0.9418 -0.2962
vn -0.4788 -0.0528 -0.8763
vn -0.4201 0.6543 -0.6288
vn -0.0480 0.2378 -0.9701
vn 0.1298 0.1306 -0.9829
vn -0.9511 0.3040 0.0554
vn -0.9372 0.3294 -0.1148
vn 0.5400 -0.2349 0.8082
vn 0.1896 -0.2349 0.9533
vn 0.1440 -0.1180 0.9825
vn -0.1939 -0.1081 0.9751
vt 0.607452 0.000000
vt 1.000000 0.337612
vt 1.000000 0.372414
vt 0.168687 0.000000
vt 0.308896 0.166115
vt 0.100304 0.000000
vt 1.000000 0.392960
vt 1.000000 0.426233
vt 0.424320 0.424320
vt 0.395717 0.293389
vt 0.397352 0.263099
vt 0.439407 0.264921
vt 0.433622 0.303934
vt 0.684475 0.434153
vt 0.663798 0.433902
vt 0.654725 0.423353
vt 0.641421 0.406370
vt 0.641797 0.401532
vt 0.682657 0.398658
vt 0.684770 0.445503
vt 0.664290 0.434153
vt 0.728314 0.437888
vt 0.731716 0.484063
vt 0.684770 0.445503
vt 0.398343 0.250065
vt 0.405053 0.245008
vt 0.443497 0.216484
vt 0.397432 0.260621
vt 0.466784 0.085111
vt 0.447693 0.085939
vt 0.452323 0.048890
vt 0.486774 0.058752
vt 0.468212 0.083431
vt 0.875350 0.643821
vt 0.870199 0.605421
vt 0.911069 0.601940
vt 0.912898 0.641045
vt 0.910025 0.553634
vt 0.869318 0.591162
vt 0.872653 0.588051
vt 0.953363 0.601940
vt 0.953151 0.586493
s 0
f 1004/1562/769 1003/1563/769 1005/1564/769
f 997/1565/770 999/1566/770 1008/1567/770
f 993/1568/771 1007/1569/771 1002/1570/771
s 1
f 1001/1571/772 1011/1572/772 989/1573/772 1000/1574/772
f 988/1575/773 994/1576/774 996/1577/774 1010/1578/775 998/1579/773 1009/1580/773
f 992/1581/776 994/1582/776 988/1575/776
f 988/1575/777 989/1583/777 991/1584/777 992/1585/777
f 995/1586/778 1006/1587/779 991/1588/780 989/1573/778 1011/1589/778
f 994/1590/774 988/1591/781 1009/1592/781 1010/1593/775 996/1594/774
f 1009/1595/782 988/1596/782 989/1597/782 1000/1598/782
f 991/1599/783 989/1597/783 988/1596/783 992/1600/783 990/1601/783
f 1011/1602/784 989/1597/784 991/1599/780 1006/1603/779
o Wine_Glass_cell.037
v -0.028308 0.180470 0.007652
v -0.005464 0.168136 0.014550
v 0.003895 0.180192 0.020321
v 0.000446 0.172321 0.016024
v -0.026910 0.180136 0.013264
v -0.023808 0.174056 0.010796
v -0.015824 0.168136 0.011710
v -0.010958 0.168421 0.008942
v -0.005880 0.163904 0.010165
v -0.017639 0.182483 0.021211
v -0.011730 0.184629 0.023745
v 0.001910 0.185372 0.023994
v -0.005464 0.184758 0.025073
v -0.010958 0.168421 0.008942
v -0.015824 0.168136 0.011710
v -0.005880 0.163904 0.010165
vn -0.3670 -0.6041 -0.7073
vn -0.8446 -0.5041 0.1805
vn -0.5785 -0.5424 0.6092
vn -0.6798 -0.5457 0.4900
vn 0.1657 -0.5275 0.8332
vn -0.1318 0.8189 0.5586
vn -0.1894 -0.5857 0.7881
vn -0.1898 -0.6117 0.7680
vn -0.4720 -0.5275 0.7064
vn 0.1777 0.6064 -0.7751
vn -0.1895 -0.6975 0.6910
vt 0.334840 0.300716
vt 0.209203 0.209203
vt 0.075473 0.000000
vt 1.000000 1.000000
vt 0.823696 0.818558
vt 1.000000 0.969825
vt 0.502422 0.670447
vt 0.498969 0.711709
vt 0.493526 0.701858
vt 0.484210 0.683252
vt 0.486924 0.670254
vt 0.516557 0.670761
vt 0.530436 0.676001
vt 0.526526 0.711030
vt 0.506952 0.711030
vt 0.530436 0.676001
vt 0.553925 0.683785
vt 0.548273 0.698291
vt 0.821900 0.710841
vt 0.810479 0.710507
vt 0.807635 0.708589
vt 0.811933 0.673987
vt 0.830157 0.668281
vt 0.836729 0.669198
vt 0.525984 0.714266
vt 0.508766 0.721854
s 0
f 1018/1604/785 1025/1605/785 1020/1606/785
s 1
f 1012/1607/786 1017/1608/787 1016/1609/788
f 1024/1610/789 1013/1611/789 1015/1612/789 1014/1613/789 1023/1614/789
f 1022/1615/790 1021/1616/790 1026/1617/791 1013/1618/792 1024/1610/790
f 1026/1617/793 1021/1619/793 1016/1620/788 1017/1621/787
f 1013/1622/794 1019/1623/794 1026/1624/794 1021/1625/790 1022/1626/790 1024/1627/790
f 1013/1618/792 1026/1628/791 1027/1629/795
o Wine_Glass_cell.038
v 0.039406 0.246908 0.019539
v 0.048793 0.261185 0.014292
v 0.049235 0.274146 0.003784
v 0.050895 0.261185 0.003722
v 0.042399 0.238449 0.002460
v 0.046986 0.235656 0.003460
v 0.041436 0.242402 0.011245
v 0.045462 0.240507 0.013612
v 0.041912 0.274252 0.021657
v 0.043034 0.261185 0.022911
v 0.043572 0.273934 0.012130
v 0.042399 0.238449 0.002460
v 0.041436 0.242402 0.011245
v 0.039406 0.246908 0.019539
v 0.045462 0.240507 0.013612
v 0.046986 0.235656 0.003460
v 0.050895 0.261185 0.003722
vn -0.5431 -0.7864 0.2943
vn -0.8901 -0.2683 -0.3684
vn 0.9662 -0.1556 0.2055
vn 0.8716 -0.1937 0.4504
vn 0.9090 -0.1828 0.3745
vn -0.4127 0.5407 0.7330
vn -0.3734 0.5262 0.7639
vn 0.8936 0.2673 0.3607
vn -0.8635 0.3668 -0.3461
vn -0.8782 0.3678 -0.3057
vn -0.9039 0.3678 -0.2183
vn 0.2009 -0.0207 -0.9794
vt 1.000000 0.062946
vt 0.649252 0.141952
vt 0.318459 0.318459
vt 0.194930 0.194930
vt 0.591274 0.000000
vt 0.020314 0.665511
vt 0.000000 0.666106
vt 0.001735 0.638227
vt 0.020604 0.638272
vt 0.317477 0.564679
vt 0.305113 0.515889
vt 0.326834 0.512498
vt 0.336634 0.557418
vt 0.349936 0.543830
vt 0.349322 0.508310
vt 0.343098 0.479950
vt 0.322156 0.483419
vt 0.773429 0.186375
vt 0.755563 0.187897
vt 0.760133 0.148733
vt 0.774828 0.159567
vt 0.020314 0.665511
vt 0.023171 0.716230
vt 0.004570 0.707942
vt 1.000000 0.655927
vt 1.000000 0.707818
vt 0.661294 0.618099
s 0
f 1041/1630/796 1040/1631/796 1039/1632/796 1043/1633/796 1042/1634/796
s 1
f 1044/1635/797 1029/1636/797 1038/1637/797 1030/1638/797
f 1033/1639/798 1044/1640/798 1029/1641/799 1035/1642/800
f 1028/1643/801 1035/1642/800 1029/1641/799 1037/1644/802
f 1036/1645/803 1037/1644/803 1029/1641/803 1038/1646/803
f 1037/1647/802 1029/1648/804 1034/1649/805 1028/1650/801
f 1029/1636/804 1044/1651/806 1032/1652/806 1034/1653/805
s 0
f 1043/1654/807 1039/1655/807 1031/1656/807
o Wine_Glass_cell.039
v -0.005193 0.022746 -0.009056
v -0.003143 0.029957 -0.013785
v -0.006862 0.055993 -0.012586
v -0.001418 0.055805 -0.005952
v 0.001259 0.027853 -0.011331
v 0.000059 0.029776 -0.005526
v -0.003143 0.029957 -0.013785
v -0.006862 0.055993 -0.012586
v -0.001418 0.055805 -0.005952
v 0.001259 0.027853 -0.011331
v 0.000059 0.029776 -0.005526
vn -0.8502 -0.0976 -0.5174
vn -0.6926 0.0114 0.7212
vn 0.1720 -0.5740 -0.8006
vn 0.5028 0.8462 -0.1765
vn 0.8575 0.3528 -0.3745
vn 0.8861 0.3187 -0.3366
vn 0.7675 0.1385 -0.6259
vn 0.8074 0.1211 -0.5775
vn 0.6539 -0.6675 0.3562
vt 0.193824 0.193824
vt 0.000000 0.000000
vt 1.000000 0.155757
vt 0.851728 0.000000
vt 1.000000 0.000000
vt 1.000000 1.000000
vt 0.795062 0.785442
vt 1.000000 0.873196
vt 0.842480 0.826922
vt 0.147400 0.531192
vt 0.149010 0.535727
vt 0.144318 0.534121
vt 0.153836 0.535611
vt 0.154132 0.594212
vt 0.150421 0.594102
vt 0.147565 0.593839
vt 0.145316 0.535968
vt 0.865005 0.865005
vt 1.000000 0.790991
s 0
f 1051/1657/808 1045/1658/808 1052/1659/808
f 1053/1660/809 1052/1661/809 1045/1662/809 1055/1663/809
f 1054/1664/810 1045/1662/810 1051/1665/810
s 1
f 1049/1666/811 1046/1667/812 1050/1668/813
f 1046/1669/812 1047/1670/814 1048/1671/815
f 1048/1672/815 1050/1673/813 1046/1667/812
s 0
f 1045/1662/816 1054/1674/816 1055/1675/816
o Wine_Glass_cell.040
v 0.014196 0.289274 0.039282
v -0.005464 0.289274 0.043193
v -0.002803 0.315155 0.036285
v -0.005710 0.317452 0.040096
v 0.013518 0.312217 0.037646
v 0.027565 0.302805 0.026416
v 0.032005 0.294098 0.030508
v 0.030337 0.283845 0.029208
v 0.030025 0.289274 0.028705
v 0.024998 0.276504 0.038440
v -0.020488 0.298453 0.041791
v -0.015233 0.305222 0.041185
v 0.016270 0.276381 0.044290
v -0.005464 0.276700 0.048573
v -0.015173 0.290671 0.044747
v -0.005710 0.317452 0.040096
v -0.015233 0.305222 0.041185
v -0.002803 0.315155 0.036285
v 0.027565 0.302805 0.026416
v 0.030025 0.289274 0.028705
v 0.032005 0.294098 0.030508
vn 0.6757 -0.0019 -0.7372
vn -0.5952 0.4015 -0.6961
vn 0.5512 0.1346 0.8234
vn -0.8953 -0.0485 0.4428
vn -0.8070 -0.0255 0.5900
vn 0.1267 0.1646 0.9782
vn 0.1043 0.1654 0.9807
vn 0.1904 0.1621 0.9682
vn 0.9899 -0.0594 -0.1289
vn 0.8329 -0.3551 -0.4244
vn -0.8580 -0.4869 0.1638
vn -0.6387 -0.2641 0.7227
vn 0.5568 0.3526 0.7521
vn 0.3773 0.3762 0.8462
vn 0.3775 0.3762 0.8462
vn 0.1871 0.3845 0.9040
vn 0.1909 0.3848 0.9031
vn 0.1997 0.3854 0.9009
vn -0.6117 -0.1365 -0.7792
vn -0.0834 -0.1685 -0.9822
vn -0.1091 -0.2045 -0.9728
vt 0.690133 0.690133
vt 1.000000 0.674726
vt 1.000000 0.699820
vt 1.000000 0.675625
vt 0.629385 0.629385
vt 1.000000 0.640389
vt 0.362913 0.431293
vt 0.358527 0.410322
vt 0.390445 0.383783
vt 0.406299 0.432062
vt 0.365411 0.440922
vt 0.495934 0.377131
vt 0.493014 0.434153
vt 0.449174 0.437888
vt 0.455921 0.391251
vt 0.490319 0.378449
vt 0.513267 0.434153
vt 0.496486 0.377152
vt 0.516630 0.402238
vt 0.527743 0.416121
vt 0.392719 0.464914
vt 0.368136 0.452457
vt 0.407356 0.461969
vt 0.491932 0.461983
vt 0.447103 0.465935
vt 0.492304 0.461416
vt 0.513267 0.434153
vt 0.802480 0.246253
vt 0.844493 0.246253
vt 0.842218 0.294921
vt 0.804186 0.276960
vt 0.885364 0.249735
vt 0.872012 0.307566
vt 0.839318 0.434272
vt 0.829800 0.422052
vt 0.839193 0.406876
vt 0.854612 0.383464
vt 0.862555 0.440495
s 0
f 1061/1676/817 1076/1677/817 1064/1678/817
f 1073/1679/818 1067/1680/818 1071/1681/818
s 1
f 1062/1682/819 1074/1683/820 1060/1684/821 1056/1685/819 1075/1686/819
f 1059/1687/822 1057/1688/823 1056/1689/824 1060/1690/825 1058/1691/826
f 1070/1692/827 1057/1688/823 1059/1693/822 1072/1694/828 1066/1695/827
f 1065/1696/829 1063/1697/829 1075/1686/829 1056/1685/830 1068/1698/831
f 1069/1699/832 1068/1700/831 1056/1689/830 1057/1688/833
f 1069/1701/832 1057/1688/833 1070/1702/834
f 1075/1703/835 1056/1704/835 1060/1705/821 1074/1706/820
f 1056/1704/836 1057/1707/837 1058/1708/826 1060/1705/825
f 1070/1709/827 1066/1710/827 1072/1711/828 1058/1712/826 1057/1713/837
o Wine_Glass_cell.041
v -0.003673 0.133146 -0.005300
v -0.004609 0.138567 -0.006760
v -0.000966 0.137256 0.002679
v -0.006436 0.140766 0.002495
v 0.002327 0.140178 -0.000391
v -0.001538 0.143188 0.001296
v -0.005535 0.133556 0.003041
v 0.001547 0.130663 -0.000089
v 0.002327 0.140178 -0.000391
v -0.001538 0.143188 0.001296
v -0.006436 0.140766 0.002495
v -0.005535 0.133556 0.003041
v 0.001547 0.130663 -0.000089
vn -0.9777 -0.1344 -0.1611
vn -0.0951 0.8787 -0.4677
vn 0.6847 -0.0783 -0.7246
vn -0.9544 -0.2194 -0.2023
vn -0.3940 -0.9181 -0.0428
vn 0.3814 0.0246 0.9241
vn 0.6149 0.1252 0.7786
vn 0.2897 0.1988 0.9362
vn 0.0643 0.1521 0.9863
vn 0.1886 -0.0697 0.9796
vn 0.4874 -0.1736 0.8558
vt 1.000000 0.639541
vt 1.000000 1.000000
vt 0.812303 0.812303
vt 1.000000 0.823599
vt 0.239938 0.239938
vt 0.400145 0.351104
vt 1.000000 0.000000
vt 0.917120 0.917120
vt 0.934842 0.000000
vt 0.000000 0.000000
vt 1.000000 0.812303
vt 0.932638 0.932638
vt 1.000000 0.930598
vt 0.189083 0.655989
vt 0.188765 0.649444
vt 0.196599 0.642463
vt 0.899063 0.022649
vt 0.898538 0.032539
vt 0.889186 0.033336
vt 0.891022 0.021090
vt 0.188730 0.668736
vt 0.198435 0.655716
vt 0.197492 0.667696
vt 0.185586 0.655989
vt 0.187003 0.666831
s 0
f 1087/1714/838 1078/1715/838 1088/1716/838
f 1085/1717/839 1078/1715/839 1087/1718/839 1086/1719/839
f 1077/1720/840 1078/1715/840 1085/1721/840 1089/1722/840
f 1077/1723/841 1088/1724/841 1078/1715/841
f 1077/1715/842 1089/1725/842 1088/1726/842
s 1
f 1079/1727/843 1081/1728/844 1082/1729/845
f 1080/1730/846 1083/1731/847 1079/1732/843 1082/1733/845
f 1084/1734/848 1079/1735/843 1083/1736/847
f 1081/1737/844 1079/1727/843 1084/1738/848
o Wine_Glass_cell.042
v 0.017071 0.008547 0.046223
v -0.005464 0.008547 0.050705
v 0.017957 0.003718 0.048363
v -0.005464 0.003718 0.053022
v 0.027198 0.003718 0.042188
v 0.014243 0.003718 0.021578
v 0.017138 0.014057 0.024688
v 0.026298 0.008547 0.040057
v 0.005990 0.003718 0.020493
v 0.007840 0.015842 0.023937
v -0.016122 0.008547 0.048585
v -0.016553 0.003718 0.050816
v -0.010996 0.003718 0.022815
v -0.011727 0.015535 0.026353
v -0.005464 0.016126 0.025645
v 0.027198 0.003718 0.042188
v 0.014243 0.003718 0.021578
v 0.017138 0.014057 0.024688
v 0.026298 0.008547 0.040057
v 0.005990 0.003718 0.020493
v 0.007840 0.015842 0.023937
v -0.016553 0.003718 0.050816
v -0.010996 0.003718 0.022815
v -0.016122 0.008547 0.048585
v -0.011727 0.015535 0.026353
v -0.005464 0.016126 0.025645
vn 0.8441 -0.0768 -0.5306
vn 0.1261 0.2532 -0.9592
vn -0.9809 -0.0024 -0.1947
vn -0.1256 0.2801 -0.9517
vn -0.1648 -0.5351 0.8286
vn -0.0000 -0.4901 0.8717
vn -0.0000 0.7351 0.6780
vn -0.1278 0.7554 0.6427
vn 0.3336 -0.4901 0.8053
vn 0.2594 0.7351 0.6263
vn 0.3564 0.7671 0.5334
vn 0.4766 -0.5138 0.7133
vn 0.0967 0.9571 0.2732
vn 0.1637 0.9556 0.2450
vn 0.0046 0.9572 0.2895
vn -0.0575 0.9556 0.2890
vn -0.0000 -1.0000 -0.0000
vt 0.539918 0.000000
vt 0.652238 0.000000
vt 0.768391 0.175771
vt 0.752970 0.212764
vt 0.539918 0.539918
vt 0.757914 0.000000
vt 0.930445 0.030629
vt 0.652238 0.652238
vt 0.399548 0.292624
vt 0.341851 0.254202
vt 0.258507 0.000000
vt 0.399759 0.000000
vt 1.000000 0.242086
vt 0.402246 0.402246
vt 0.257591 0.257591
vt 0.437243 0.203648
vt 1.000000 0.056535
vt 0.437840 0.613981
vt 0.437840 0.638934
vt 0.428441 0.637936
vt 0.428441 0.613954
vt 0.441987 0.687623
vt 0.432431 0.684783
vt 0.835662 0.835455
vt 0.836324 0.858082
vt 0.825393 0.860922
vt 0.824730 0.838261
vt 0.191252 0.349785
vt 0.235516 0.320208
vt 0.244888 0.342835
vt 0.209235 0.359807
vt 0.168935 0.330337
vt 0.199661 0.284353
vt 0.190341 0.349307
vt 0.158310 0.321360
vt 0.177504 0.275176
vt 0.168935 0.330337
vt 0.130652 0.000000
vt 0.106123 0.000000
vt 0.057434 0.020168
vt 0.039790 0.037812
vt 0.053911 0.023691
vt 0.081245 0.010305
vt 0.098401 0.003199
s 0
f 1106/1739/849 1107/1740/849 1108/1741/849 1105/1742/849
f 1106/1743/850 1109/1744/850 1110/1745/850 1107/1746/850
f 1111/1747/851 1113/1748/851 1114/1749/851 1112/1750/851
f 1109/1751/852 1112/1752/852 1114/1753/852 1104/1754/852 1110/1755/852
s 1
f 1101/1756/853 1093/1757/854 1091/1758/855 1100/1759/856
f 1092/1760/857 1090/1761/858 1091/1758/855 1093/1757/854
f 1097/1762/859 1090/1763/858 1092/1764/857 1094/1765/860
f 1099/1766/861 1090/1767/858 1097/1768/859 1096/1769/862
f 1115/1770/863 1091/1771/855 1090/1767/858 1099/1772/861
f 1103/1773/864 1100/1774/856 1091/1771/855 1115/1775/863
f 1094/1776/860 1092/1777/857 1093/1778/854 1101/1779/853 1102/1780/865 1098/1781/865 1095/1782/865
o Wine_Glass_cell.043
v -0.027999 0.008547 0.046223
v -0.028885 0.003718 0.048363
v -0.020555 0.015631 0.023567
v -0.023573 0.003718 0.018809
v -0.014490 0.003718 0.021941
v -0.014591 0.015587 0.025610
v -0.018203 0.008547 0.048171
v -0.018713 0.003718 0.050386
v -0.048076 0.003718 0.035540
v -0.046517 0.008547 0.033849
v -0.032757 0.003718 0.019940
v -0.037061 0.012615 0.024302
v -0.032123 0.014666 0.019601
v -0.023573 0.003718 0.018809
v -0.014490 0.003718 0.021941
v -0.018203 0.008547 0.048171
v -0.018713 0.003718 0.050386
v -0.014591 0.015587 0.025610
v -0.046517 0.008547 0.033849
v -0.037061 0.012615 0.024302
v -0.032123 0.014666 0.019601
v -0.020555 0.015631 0.023567
v -0.048076 0.003718 0.035540
v -0.032757 0.003718 0.019940
vn 0.3126 0.2830 -0.9067
vn 0.9885 -0.0370 0.1467
vn -0.7119 -0.0057 -0.7023
vn -0.6932 0.0178 -0.7205
vn 0.1257 0.1689 -0.9776
vn -0.4876 -0.4793 0.7297
vn -0.3336 -0.4901 0.8053
vn -0.2592 0.7353 0.6263
vn -0.3731 0.7317 0.5705
vn -0.1679 -0.5092 0.8441
vn -0.1284 0.7529 0.6455
vn -0.1293 0.9572 0.2589
vn -0.1506 0.9566 0.2496
vn -0.0000 -1.0000 -0.0000
vt 1.000000 0.409183
vt 0.264232 0.000000
vt 0.516844 0.000000
vt 1.000000 0.269209
vt 0.408376 0.113338
vt 0.409183 0.409183
vt 0.269209 0.269209
vt 0.351531 0.094953
vt 0.815528 0.742377
vt 1.000000 0.781733
vt 1.000000 0.872657
vt 0.760589 0.760589
vt 1.000000 0.652106
vt 0.872657 0.872657
vt 0.781733 0.781733
vt 1.000000 0.735768
vt 0.814812 0.814812
vt 0.652106 0.652106
vt 1.000000 0.483156
vt 0.441848 0.539173
vt 0.437840 0.586232
vt 0.428441 0.587229
vt 0.432309 0.541820
vt 0.437840 0.609122
vt 0.428441 0.609271
vt 0.142545 0.316573
vt 0.152814 0.264949
vt 0.173178 0.273384
vt 0.112607 0.308742
vt 0.109308 0.294063
vt 0.103663 0.264949
vt 0.138695 0.315648
vt 0.156928 0.264949
vt 0.028621 0.048981
vt 0.043073 0.034529
vt 0.036354 0.041248
vt 0.158825 0.264949
vt 0.111259 0.264949
s 0
f 1130/1783/866 1129/1784/866 1137/1785/866 1133/1786/866
f 1132/1787/867 1130/1788/867 1133/1789/867 1131/1790/867
f 1134/1791/868 1135/1792/868 1139/1793/868 1124/1794/868
f 1136/1795/869 1139/1796/869 1135/1797/869
f 1129/1798/870 1139/1799/870 1136/1800/870 1137/1801/870
s 1
f 1138/1802/871 1117/1803/872 1116/1804/873 1125/1805/874
f 1116/1804/873 1117/1803/872 1123/1806/875 1122/1807/876
f 1121/1808/877 1116/1809/873 1122/1810/876
f 1128/1811/878 1127/1812/878 1125/1813/874 1116/1809/873 1121/1808/877 1118/1814/878
f 1126/1815/879 1119/1816/879 1120/1817/879 1123/1818/875 1117/1819/872 1138/1820/871
o Wine_Glass_cell.044
v -0.006925 0.020843 -0.009090
v -0.034870 0.003718 -0.016814
v -0.033512 0.003718 -0.009210
v -0.037150 0.016721 -0.009047
v -0.038721 0.015611 -0.019597
v -0.007008 0.003718 -0.009076
v -0.016456 0.022980 -0.009037
v -0.011124 0.027081 -0.013841
v -0.016768 0.003718 -0.023377
v -0.019682 0.018899 -0.027766
v -0.024184 0.016448 -0.034317
v -0.020725 0.003718 -0.029153
v -0.030569 0.015618 -0.033287
v -0.025224 0.003718 -0.032506
v -0.035677 0.015306 -0.027466
v -0.033383 0.003718 -0.021598
v -0.034870 0.003718 -0.016814
v -0.033512 0.003718 -0.009210
v -0.037150 0.016721 -0.009047
v -0.038721 0.015611 -0.019597
v -0.007008 0.003718 -0.009076
v -0.016768 0.003718 -0.023377
v -0.020725 0.003718 -0.029153
v -0.019682 0.018899 -0.027766
v -0.024184 0.016448 -0.034317
v -0.030569 0.015618 -0.033287
v -0.035677 0.015306 -0.027466
v -0.025224 0.003718 -0.032506
v -0.016456 0.022980 -0.009037
v -0.011124 0.027081 -0.013841
v -0.033383 0.003718 -0.021598
vn -0.9486 -0.2675 0.1694
vn -0.0008 -0.0058 1.0000
vn 0.8247 0.0185 -0.5653
vn 0.8251 -0.0050 -0.5650
vn -0.7160 -0.3957 -0.5752
vn -0.8813 -0.3404 -0.3277
vn -0.8930 -0.3541 -0.2776
vn 0.2174 -0.1549 -0.9637
vn -0.3522 0.9337 -0.0651
vn -0.3247 0.9380 -0.1212
vn -0.2518 0.9439 -0.2135
vn -0.3651 0.9286 -0.0666
vn -0.3371 0.9393 -0.0633
vn -0.0505 0.8992 -0.4347
vn 0.1525 0.6617 0.7341
vn -0.2890 0.9556 -0.0575
vn -0.0000 -1.0000 -0.0000
vt 0.601633 0.000000
vt 1.000000 0.555984
vt 1.000000 0.790375
vt 0.448023 0.000000
vt 0.743370 0.000000
vt 1.000000 0.000000
vt 1.000000 0.284666
vt 0.850406 0.850406
vt 0.668197 0.668197
vt 0.167895 0.167895
vt 0.000000 0.000000
vt 0.256630 0.000000
vt 1.000000 0.471960
vt 1.000000 0.616394
vt 0.461697 0.000000
vt 0.580182 0.000000
vt 0.616394 0.616394
vt 0.471960 0.471960
vt 0.534251 0.000000
vt 1.000000 0.469413
vt 1.000000 0.577298
vt 0.427122 0.000000
vt 0.519785 0.000000
vt 0.641802 0.000000
vt 0.577298 0.577298
vt 0.641802 0.641802
vt 0.519785 0.519785
vt 1.000000 0.515237
vt 0.572878 0.000000
vt 1.000000 0.419818
vt 1.000000 0.538303
vt 0.465749 0.000000
vt 0.104371 0.387816
vt 0.104371 0.397002
vt 0.050611 0.407695
vt 0.048375 0.390752
vt 0.050992 0.377199
vt 0.105464 0.399639
vt 0.077357 0.410914
vt 0.061065 0.417415
vt 0.050611 0.407695
vt 0.284666 0.284666
vt 0.186196 0.029405
vt 0.052438 0.372580
vt 0.071542 0.357008
vt 0.146545 0.264949
vt 0.144619 0.264949
vt 0.150833 0.264949
vt 0.025994 0.051608
vt 0.033153 0.044449
vt 0.039448 0.038154
vt 0.054977 0.022624
s 0
f 1156/1821/880 1157/1822/880 1158/1823/880 1159/1824/880
f 1160/1825/881 1140/1826/881 1168/1827/881 1158/1828/881 1157/1829/881
f 1169/1830/882 1140/1831/882 1160/1832/882 1161/1833/882 1163/1834/882
f 1162/1835/883 1164/1836/883 1163/1837/883 1161/1838/883
f 1167/1839/884 1170/1840/884 1166/1841/884 1165/1842/884
f 1170/1843/885 1159/1844/885 1166/1845/885
f 1159/1846/886 1170/1847/886 1156/1848/886
f 1165/1849/887 1164/1850/887 1162/1851/887 1167/1852/887
s 1
f 1146/1853/888 1147/1854/889 1152/1855/890 1154/1856/891 1144/1857/892
f 1147/1858/889 1149/1859/893 1150/1860/893 1152/1861/890
s 0
f 1168/1862/894 1140/1831/894 1169/1863/894
s 1
f 1146/1853/888 1144/1864/892 1143/1865/895
f 1142/1866/896 1141/1867/896 1155/1868/896 1153/1869/896 1151/1870/896 1148/1871/896 1145/1872/896
o Wine_Glass_cell.045
v -0.033660 0.246689 0.034512
v -0.043780 0.231927 0.030134
v -0.024094 0.231909 0.036795
v -0.039887 0.231909 0.026242
v -0.024848 0.221151 0.038616
v -0.016917 0.225993 0.041781
v -0.024727 0.240243 0.038323
v -0.019339 0.245501 0.040438
v -0.044781 0.237404 0.030136
v -0.048448 0.233700 0.023634
v -0.041023 0.240004 0.027378
v -0.044861 0.235533 0.020067
v -0.043618 0.229298 0.019465
v -0.042101 0.224686 0.028455
v -0.031062 0.218056 0.033267
v -0.016479 0.217401 0.039051
v -0.022760 0.218438 0.033574
v -0.016119 0.231909 0.038381
v -0.024848 0.221151 0.038616
v -0.024848 0.221151 0.038616
v -0.024848 0.221151 0.038616
v -0.016917 0.225993 0.041781
v -0.024727 0.240243 0.038323
v -0.019339 0.245501 0.040438
v -0.044781 0.237404 0.030136
v -0.048448 0.233700 0.023634
v -0.016479 0.217401 0.039051
v -0.016479 0.217401 0.039051
v -0.016479 0.217401 0.039051
v -0.043780 0.231927 0.030134
v -0.033660 0.246689 0.034512
v -0.044861 0.235533 0.020067
v -0.041023 0.240004 0.027378
v -0.043618 0.229298 0.019465
v -0.042101 0.224686 0.028455
v -0.031062 0.218056 0.033267
v -0.022760 0.218438 0.033574
v -0.016119 0.231909 0.038381
vn -0.3918 0.0166 0.9199
vn -0.3758 -0.0171 0.9265
vn -0.6046 0.7866 -0.1253
vn -0.6863 -0.0670 -0.7242
vn -0.1986 -0.8950 0.3994
vn 0.9322 0.0774 0.3535
vn -0.8193 -0.2273 0.5263
vn -0.7567 -0.2609 0.5994
vn -0.8220 -0.1505 0.5492
vn -0.1944 -0.9808 0.0172
vn -0.5289 -0.3062 0.7915
vn -0.2580 -0.8073 -0.5308
vn -0.1857 -0.3062 0.9337
vn 0.1915 0.1910 -0.9627
vn 0.3307 0.1423 -0.9329
vn 0.3932 0.1156 -0.9121
vn 0.3680 0.2056 -0.9068
vn 0.5425 0.2133 -0.8125
vn 0.7001 0.0218 -0.7137
vn 0.6424 0.2129 -0.7362
vn 0.8772 -0.0305 -0.4792
vn 0.8171 0.2012 -0.5402
vn 0.4475 0.0967 -0.8890
vn 0.4108 0.0224 -0.9114
vn -0.7483 -0.6330 -0.1984
vt 0.881943 0.682971
vt 0.267306 0.214931
vt 0.310343 0.000000
vt 1.000000 0.075663
vt 1.000000 0.274536
vt 0.739956 0.739956
vt 0.274536 0.274536
vt 1.000000 0.000000
vt 1.000000 0.564791
vt 1.000000 0.789596
vt 1.000000 0.884399
vt 0.564791 0.564791
vt 0.012219 0.000000
vt 0.582482 0.485666
vt 0.885512 0.885512
vt 0.790858 0.790858
vt 1.000000 0.701540
vt 0.941541 0.000000
vt 0.976103 0.495161
vt 0.865648 0.865648
vt 0.889262 0.447839
vt 1.000000 0.689658
vt 0.857961 0.857961
vt 0.930920 0.453417
vt 0.730002 0.136296
vt 0.750571 0.143478
vt 0.749569 0.148785
vt 0.749996 0.136881
vt 0.732086 0.131611
vt 0.747084 0.121249
vt 0.538548 0.584102
vt 0.583177 0.562928
vt 0.580266 0.579462
vt 0.554300 0.592617
vt 0.520017 0.572938
vt 0.538013 0.592833
vt 0.520245 0.592749
vt 0.839919 0.533667
vt 0.837104 0.566480
vt 0.820525 0.565995
vt 0.821237 0.547394
vt 0.806082 0.532989
vt 0.821237 0.547394
vt 0.778606 0.565995
vt 0.777914 0.547929
vt 0.757458 0.563667
vt 0.763932 0.556098
vt 0.833878 0.596542
vt 0.819024 0.596183
vt 0.837104 0.566480
vt 0.779406 0.582082
vt 0.819024 0.596183
vt 0.800323 0.594442
vt 0.758245 0.566591
vt 0.779406 0.582083
vt 0.926869 0.510511
vt 0.839894 0.839894
vt 0.713844 0.713844
s 0
f 1172/1873/897 1189/1874/897 1192/1875/897 1194/1876/897 1193/1877/897
f 1172/1878/898 1193/1879/898 1201/1880/898 1195/1881/898
f 1202/1882/899 1196/1883/899 1195/1884/899 1201/1885/899 1181/1886/899
f 1196/1887/900 1202/1888/900 1204/1889/900
f 1198/1890/901 1190/1891/901 1185/1892/901 1187/1893/901
f 1194/1880/902 1192/1894/902 1197/1895/902 1188/1896/902
s 1
f 1180/1897/903 1200/1898/904 1179/1899/905
f 1200/1900/904 1180/1901/903 1205/1902/906
f 1175/1903/907 1200/1904/904 1205/1905/906 1206/1906/908
f 1176/1907/909 1191/1908/909 1199/1909/909
f 1178/1910/910 1208/1911/911 1173/1912/912 1177/1913/913
f 1171/1914/914 1177/1915/913 1173/1912/912 1174/1916/915 1203/1917/916
f 1183/1918/917 1182/1919/918 1203/1917/916 1174/1916/915
f 1186/1920/919 1207/1921/920 1173/1912/912 1208/1922/911
f 1205/1923/906 1174/1916/915 1173/1912/912 1207/1924/920 1206/1925/908
f 1183/1926/917 1174/1916/915 1205/1927/906
s 0
f 1184/1928/921 1196/1929/921 1204/1930/921
o Wine_Glass_cell.046
v -0.006337 0.146957 -0.009264
v -0.000528 0.152415 -0.010226
v 0.002594 0.156346 -0.010754
v -0.009025 0.153832 -0.010673
v -0.005569 0.168421 -0.009775
v -0.009047 0.149146 -0.014575
v -0.001289 0.157768 -0.018262
v -0.005467 0.159800 -0.022436
v -0.008448 0.155877 -0.015385
v -0.005467 0.159800 -0.022436
v -0.008448 0.155877 -0.015385
v -0.000528 0.152415 -0.010226
v 0.002594 0.156346 -0.010754
v -0.009047 0.149146 -0.014575
v -0.009025 0.153832 -0.010673
v -0.001289 0.157768 -0.018262
vn 0.1459 0.0181 0.9891
vn -0.3905 0.0358 0.9199
vn -0.8968 -0.2805 0.3421
vn 0.5273 -0.6563 -0.5396
vn 0.7439 0.5730 -0.3439
vn 0.6660 -0.5901 -0.4562
vn 0.3233 -0.6101 -0.7233
vn 0.0814 -0.8525 -0.5163
vn -0.0160 -0.8714 -0.4903
vn 0.1014 -0.2247 -0.9691
vn 0.3554 -0.8726 -0.3352
vn 0.1455 0.6326 -0.7607
vn -0.9486 0.2820 -0.1439
vt 0.501815 0.287435
vt 0.236203 0.000000
vt 1.000000 0.047776
vt 1.000000 1.000000
vt 1.000000 0.129181
vt 0.067490 0.000000
vt 1.000000 0.257334
vt 0.414154 0.142514
vt 1.000000 0.371505
vt 0.313360 0.015702
vt 0.203024 0.000000
vt 1.000000 0.062545
vt 0.761218 0.593371
vt 0.523927 0.372714
vt 0.202270 0.558020
vt 0.209222 0.567165
vt 0.195196 0.564375
vt 0.187956 0.575210
vt 0.210682 0.574505
vt 0.204504 0.578633
vt 0.187956 0.572187
vt 0.209222 0.570980
vt 0.160429 0.808702
vt 0.157814 0.802058
vt 0.163050 0.801251
vt 1.000000 0.056780
vt 0.903483 0.903483
vt 0.253855 0.167844
vt 0.720959 0.062480
s 0
f 1220/1931/922 1221/1932/922 1213/1933/922 1209/1934/922
f 1223/1935/923 1209/1934/923 1213/1936/923
f 1222/1937/924 1209/1934/924 1223/1938/924
f 1220/1939/925 1209/1934/925 1222/1940/925
f 1216/1941/926 1213/1942/926 1221/1943/926 1224/1944/926
s 1
f 1211/1945/927 1210/1946/928 1215/1947/929
f 1218/1948/930 1212/1949/931 1219/1950/932
f 1218/1951/930 1215/1947/929 1210/1946/928 1212/1952/931
f 1212/1953/931 1210/1954/928 1214/1955/933
s 0
f 1223/1956/934 1213/1957/934 1216/1958/934 1217/1959/934
o Wine_Glass_cell.047
v 0.024137 0.245532 0.033653
v 0.020749 0.218188 0.029030
v 0.039512 0.231909 0.010448
v 0.028959 0.231909 0.026242
v 0.044353 0.225136 0.002590
v 0.038317 0.220417 0.001506
v 0.040416 0.228723 0.001760
v 0.035875 0.217799 0.017431
v 0.036489 0.219265 0.009196
v 0.022094 0.231909 0.030829
v 0.034145 0.245954 0.023401
v 0.037107 0.246283 0.019084
v 0.041068 0.240394 0.011093
v 0.045590 0.237724 0.012088
v 0.041961 0.236134 0.002350
v 0.046441 0.231927 0.003289
v 0.029504 0.217489 0.026786
v 0.024021 0.225566 0.033574
v 0.029164 0.242760 0.028645
v 0.043233 0.231927 0.014598
v 0.038317 0.220417 0.001506
v 0.040416 0.228723 0.001760
v 0.034145 0.245954 0.023401
v 0.037107 0.246283 0.019084
v 0.041068 0.240394 0.011093
v 0.041961 0.236134 0.002350
v 0.044353 0.225136 0.002590
v 0.046441 0.231927 0.003289
v 0.035875 0.217799 0.017431
v 0.029504 0.217489 0.026786
v 0.029504 0.217489 0.026786
v 0.029504 0.217489 0.026786
v 0.029504 0.217489 0.026786
v 0.029504 0.217489 0.026786
v 0.024137 0.245532 0.033653
v 0.029164 0.242760 0.028645
v 0.036489 0.219265 0.009196
v 0.020749 0.218188 0.029030
v 0.020749 0.218188 0.029030
v 0.020749 0.218188 0.029030
v 0.022094 0.231909 0.030829
v 0.045590 0.237724 0.012088
v 0.024021 0.225566 0.033574
v 0.043233 0.231927 0.014598
vn 0.1903 -0.0181 -0.9816
vn -0.1837 0.9786 -0.0926
vn -0.8263 0.0071 0.5632
vn 0.5908 0.7334 -0.3361
vn 0.2314 0.0291 -0.9724
vn -0.1058 -0.9888 -0.1048
vn -0.8133 0.0024 0.5818
vn 0.7280 0.0698 0.6820
vn 0.8625 -0.4172 0.2863
vn 0.8328 -0.4764 0.2819
vn 0.9281 -0.2634 0.2633
vn 0.1614 -0.5684 0.8067
vn 0.8683 -0.3910 0.3053
vn -0.3129 -0.9413 -0.1269
vn -0.5110 -0.8218 0.2520
vn 0.7845 -0.5508 0.2850
vn -0.8078 0.1850 -0.5597
vn -0.8755 0.1943 -0.4425
vn -0.9169 0.1824 -0.3550
vn -0.6988 0.1427 -0.7009
vn -0.6963 0.2066 -0.6874
vn -0.4939 0.1373 -0.8586
vn -0.5808 0.2207 -0.7836
vn -0.9551 0.2294 -0.1878
vn -0.6789 0.0769 -0.7302
vn -0.3982 0.0522 -0.9158
vn -0.9617 0.2020 -0.1855
vn 0.7083 -0.0362 0.7050
vt 0.777950 0.000000
vt 1.000000 0.260920
vt 0.675481 0.000000
vt 0.344552 0.057086
vt 0.529313 0.000000
vt 1.000000 0.027187
vt 0.809898 0.017071
vt 0.497341 0.012417
vt 0.000000 0.000000
vt 1.000000 0.016438
vt 1.000000 0.166917
vt 1.000000 0.288179
vt 0.506773 0.117054
vt 0.506798 0.000000
vt 1.000000 0.222050
vt 0.686309 0.306214
vt 0.288179 0.288179
vt 0.298357 0.171544
vt 1.000000 0.000000
vt 1.000000 0.470687
vt 0.360009 0.208208
vt 0.444990 0.444990
vt 0.291161 0.000000
vt 0.346173 0.201143
vt 0.493202 0.000000
vt 1.000000 0.271702
vt 0.772039 0.772039
vt 0.340421 0.574777
vt 0.320726 0.574680
vt 0.336063 0.562698
vt 0.405550 0.576029
vt 0.406747 0.592975
vt 0.389255 0.591096
vt 0.389975 0.597141
vt 0.365296 0.601059
vt 0.347697 0.603312
vt 0.345752 0.573785
vt 0.329246 0.603458
vt 0.325313 0.591889
vt 0.321382 0.577750
vt 0.777281 0.155293
vt 0.760622 0.144547
vt 0.762686 0.126856
vt 0.801415 0.123557
vt 0.799174 0.144354
vt 0.788415 0.153656
vt 0.819637 0.123557
vt 0.810902 0.152016
vt 0.800622 0.142767
vt 0.007123 0.731311
vt 0.025540 0.737922
vt 0.026993 0.756520
vt 0.011135 0.759570
vt 0.766698 0.100783
vt 0.802940 0.095564
vt 0.802940 0.095564
vt 0.819906 0.097299
vt 0.819637 0.123557
vt 0.023598 0.721388
vt 0.024606 0.730800
vt 0.005059 0.712413
vt 1.000000 0.826401
vt 1.000000 1.000000
vt 0.291161 0.291161
vt 0.225040 0.012731
vt 1.000000 0.297504
s 0
f 1251/1960/935 1245/1961/935 1246/1962/935
f 1233/1963/936 1253/1964/936 1262/1965/936 1256/1966/936
f 1234/1967/937 1263/1968/937 1259/1969/937
f 1252/1970/938 1250/1971/938 1249/1972/938 1248/1968/938 1266/1973/938
f 1251/1974/939 1246/1975/939 1250/1976/939 1252/1977/939
f 1262/1978/940 1253/1979/940 1254/1980/940
f 1259/1978/941 1263/1981/941 1267/1982/941
f 1268/1983/942 1266/1984/942 1248/1978/942 1247/1985/942 1243/1986/942
s 1
f 1244/1987/943 1240/1988/944 1238/1989/945
f 1242/1990/946 1264/1991/946 1255/1992/946
f 1257/1993/947 1232/1994/947 1261/1995/948 1244/1996/943
f 1230/1997/949 1229/1998/950 1240/1999/944 1244/1987/943 1261/1995/948
f 1236/2000/951 1237/2001/952 1227/2002/953 1228/2003/954 1260/2004/955 1235/2005/951
f 1228/2003/954 1265/2006/956 1225/2007/957 1260/2008/955
f 1227/2009/953 1231/2010/958 1230/2011/949 1261/2012/948
f 1228/2003/954 1227/2002/953 1261/2013/948 1258/2014/959
f 1258/2015/959 1226/2016/960 1265/2017/956 1228/2003/954
f 1239/2018/961 1231/2019/958 1227/2009/953 1237/2020/952
s 0
f 1243/2021/962 1259/2022/962 1267/2023/962 1241/2024/962 1268/2025/962
o Wine_Glass_cell.048
v -0.059868 0.008547 -0.030716
v -0.062008 0.003718 -0.031603
v -0.053888 0.008547 -0.039667
v -0.055789 0.003718 -0.040911
v -0.033846 0.003718 -0.026301
v -0.037323 0.014679 -0.028665
v -0.036840 0.003718 -0.017657
v -0.040515 0.015026 -0.020310
v -0.053733 0.003718 -0.018996
v -0.053657 0.011039 -0.020519
v -0.064304 0.003718 -0.020062
v -0.061836 0.008547 -0.020823
v -0.055789 0.003718 -0.040911
v -0.033846 0.003718 -0.026301
v -0.053888 0.008547 -0.039667
v -0.037323 0.014679 -0.028665
v -0.040515 0.015026 -0.020310
v -0.053657 0.011039 -0.020519
v -0.036840 0.003718 -0.017657
v -0.053733 0.003718 -0.018996
v -0.064304 0.003718 -0.020062
v -0.061836 0.008547 -0.020823
vn 0.5542 -0.0037 -0.8324
vn 0.8813 0.3537 0.3135
vn -0.0774 0.2038 0.9759
vn -0.0983 0.2037 0.9741
vn -0.7026 -0.5348 -0.4694
vn -0.8053 -0.4901 -0.3336
vn -0.6263 0.7358 -0.2577
vn -0.5463 0.7577 -0.3569
vn -0.6807 0.7200 -0.1354
vn -0.7877 -0.5958 -0.1567
vn -0.2890 0.9556 -0.0575
vn -0.2572 0.9579 -0.1278
vn -0.2467 0.9574 -0.1500
vn -0.0000 -1.0000 -0.0000
vt 0.778925 0.315561
vt 0.813513 0.305404
vt 1.000000 0.435828
vt 1.000000 0.537794
vt 0.537794 0.537794
vt 0.435828 0.435828
vt 0.494549 0.000000
vt 0.615499 0.000000
vt 0.430927 0.000000
vt 0.504208 0.000000
vt 0.582432 0.582432
vt 0.451681 0.451681
vt 0.504208 0.504208
vt 0.430927 0.430927
vt 0.745429 0.527154
vt 0.879637 0.596633
vt 0.440043 0.814880
vt 0.441987 0.837705
vt 0.432431 0.834864
vt 0.430562 0.812917
vt 0.823366 0.837515
vt 0.823968 0.858082
vt 0.813036 0.860922
vt 0.812334 0.836931
vt 0.023899 0.355959
vt 0.047371 0.376478
vt 0.000000 0.367056
vt 0.008519 0.346489
vt 0.046742 0.380826
vt 0.043885 0.390934
vt 0.000000 0.390812
vt 0.039072 0.226418
vt 0.057434 0.244781
vt 0.080259 0.254235
vt 0.145658 0.264949
vt 0.137712 0.264949
vt 0.087803 0.257360
s 0
f 1281/2026/963 1283/2027/963 1284/2028/963 1282/2029/963
f 1282/2030/964 1284/2031/964 1285/2032/964 1287/2033/964
f 1286/2034/965 1288/2035/965 1287/2036/965 1285/2037/965
f 1288/2038/966 1286/2039/966 1290/2040/966 1289/2041/966
s 1
f 1272/2042/967 1270/2043/968 1269/2044/969 1271/2045/970
f 1280/2046/971 1269/2047/969 1270/2048/968 1279/2049/972
f 1278/2050/973 1276/2051/974 1269/2052/969 1280/2053/971
f 1276/2054/974 1274/2055/975 1271/2056/970 1269/2052/969
f 1279/2057/972 1270/2058/968 1272/2059/967 1273/2060/976 1275/2061/976 1277/2062/976
o Wine_Glass_cell.049
v -0.005464 0.327917 -0.050032
v -0.022981 0.327917 -0.050470
v -0.037061 0.327687 -0.041128
v 0.009376 0.327628 -0.047151
v 0.011400 0.308785 -0.051393
v -0.024732 0.309159 -0.054698
v -0.025632 0.308431 -0.049736
v -0.005464 0.309209 -0.054643
v -0.037522 0.307370 -0.042100
v -0.025632 0.308431 -0.049736
v -0.005464 0.309209 -0.054643
v -0.024732 0.309159 -0.054698
vn 0.1896 0.2349 -0.9533
vn -0.7955 0.1260 0.5928
vn -0.0362 0.9982 0.0476
vn -0.3345 0.1537 -0.9298
vn -0.2924 -0.0841 0.9526
vn 0.1193 -0.1084 0.9869
vn 0.7363 0.6725 0.0758
vn 0.0128 0.2290 -0.9733
vn 0.0030 -0.9895 -0.1446
vt 0.426765 0.350177
vt 0.392851 0.348707
vt 0.394885 0.307028
vt 0.432767 0.309702
vt 0.643187 0.355686
vt 0.680456 0.355687
vt 0.682427 0.394163
vt 0.675526 0.394685
vt 0.641690 0.397046
vt 0.452958 0.043811
vt 0.458190 0.001948
vt 0.489322 0.000599
vt 0.487179 0.045109
vt 0.913185 0.647181
vt 0.915170 0.689638
vt 0.881876 0.692474
vt 0.876056 0.649085
vt 0.716871 0.358788
vt 0.722304 0.396341
vt 0.401760 0.223067
vt 0.386888 0.000000
vt 0.402488 0.034557
s 1
f 1291/2063/977 1294/2064/977 1295/2065/977 1301/2066/977
f 1293/2067/978 1292/2068/979 1302/2069/980 1300/2070/981 1299/2071/978
f 1300/2072/981 1292/2073/979 1293/2074/978 1299/2075/978
f 1301/2076/982 1291/2077/983 1292/2078/979 1300/2079/981
f 1302/2069/980 1292/2068/979 1291/2080/983 1301/2081/984
s 0
f 1298/2082/985 1297/2083/985 1296/2084/985
o Wine_Glass_cell.050
v -0.055526 0.231927 -0.028918
v -0.043780 0.231927 -0.046497
v -0.050440 0.231909 -0.026811
v -0.039887 0.231909 -0.042605
v -0.051327 0.245391 -0.038891
v -0.043865 0.245972 -0.041578
v -0.046758 0.244991 -0.045619
v -0.034362 0.245823 -0.049553
v -0.049136 0.218287 -0.030584
v -0.031072 0.218643 -0.044445
v -0.040512 0.217835 -0.043229
v -0.057048 0.235480 -0.024039
v -0.056404 0.238052 -0.029282
v -0.051976 0.240284 -0.027447
v -0.052526 0.237757 -0.022161
v -0.032591 0.231909 -0.047480
v -0.035589 0.231927 -0.051970
v -0.033775 0.221602 -0.049188
v -0.033211 0.237806 -0.048446
v -0.036383 0.240924 -0.053086
v -0.056564 0.229323 -0.019406
v -0.047529 0.219734 -0.025605
v -0.052469 0.231909 -0.016609
v -0.051327 0.245391 -0.038891
v -0.051327 0.245391 -0.038891
v -0.051327 0.245391 -0.038891
v -0.046758 0.244991 -0.045619
v -0.049136 0.218287 -0.030584
v -0.040512 0.217835 -0.043229
v -0.051976 0.240284 -0.027447
v -0.052526 0.237757 -0.022161
v -0.056404 0.238052 -0.029282
v -0.057048 0.235480 -0.024039
v -0.032591 0.231909 -0.047480
v -0.033211 0.237806 -0.048446
v -0.035589 0.231927 -0.051970
v -0.033775 0.221602 -0.049188
v -0.043865 0.245972 -0.041578
v -0.034362 0.245823 -0.049553
v -0.036383 0.240924 -0.053086
v -0.047529 0.219734 -0.025605
v -0.047529 0.219734 -0.025605
v -0.047529 0.219734 -0.025605
v -0.052469 0.231909 -0.016609
v -0.056564 0.229323 -0.019406
v -0.031072 0.218643 -0.044445
vn -0.1289 0.9809 -0.1459
vn -0.1328 -0.6233 0.7706
vn 0.2409 -0.9501 0.1983
vn -0.5289 0.7858 0.3206
vn -0.6134 0.4947 0.6157
vn 0.8457 -0.0087 -0.5336
vn 0.8266 0.0031 -0.5628
vn 0.8387 0.0454 -0.5427
vn -0.8868 -0.2949 -0.3558
vn -0.8655 -0.4482 -0.2237
vn -0.9688 -0.1777 -0.1728
vn -0.8876 -0.1626 -0.4309
vn -0.6907 -0.2617 -0.6741
vn -0.8220 -0.1505 -0.5492
vn -0.7455 -0.1371 -0.6523
vn -0.5256 -0.2739 -0.8054
vn -0.5843 -0.1086 -0.8042
vn -0.0725 -0.6427 0.7627
vn -0.3126 -0.9497 0.0189
vn -0.4507 -0.4307 -0.7819
vn -0.8367 -0.3395 -0.4298
vn -0.8268 -0.4210 -0.3731
vn 0.9048 0.2255 0.3611
vn 0.8402 0.3035 0.4493
vn 0.9627 0.1910 0.1915
vn 0.9568 0.2198 0.1903
vn 0.6648 0.1718 0.7270
vn 0.6925 0.2712 0.6685
vn 0.7439 0.3515 0.5684
vn 0.6009 0.1532 0.7845
vn 0.4759 0.1252 0.8705
vn 0.9137 0.1362 0.3829
vn -0.2169 0.8342 -0.5070
vt 1.000000 0.294947
vt 1.000000 0.331338
vt 0.714020 0.000000
vt 0.374410 0.000000
vt 0.960498 0.579679
vt 0.315860 0.000000
vt 1.000000 0.357927
vt 0.810477 0.120908
vt 1.000000 0.318910
vt 0.741023 0.102799
vt 1.000000 0.321142
vt 0.687963 0.102697
vt 0.562109 0.000000
vt 0.616171 0.000000
vt 0.828366 0.000000
vt 0.616171 0.616171
vt 0.562109 0.562109
vt 0.753845 0.000000
vt 1.000000 0.605841
vt 1.000000 0.642503
vt 0.747238 0.397654
vt 0.332664 0.000000
vt 0.366325 0.000000
vt 0.642503 0.642503
vt 0.605841 0.605841
vt 1.000000 0.599418
vt 0.635319 0.635319
vt 1.000000 0.101327
vt 1.000000 0.179393
vt 0.617120 0.136881
vt 0.640352 0.137114
vt 0.627024 0.144321
vt 0.615955 0.150242
vt 0.637419 0.559256
vt 0.594311 0.562928
vt 0.593146 0.549341
vt 0.614245 0.531144
vt 0.636558 0.530537
vt 0.659159 0.559256
vt 0.659070 0.539203
vt 0.658261 0.591280
vt 0.639409 0.591749
vt 0.659076 0.583063
vt 0.608080 0.593369
vt 0.599624 0.593102
vt 0.639409 0.591749
vt 0.639864 0.136216
vt 0.622433 0.108353
vt 0.533397 0.210247
vt 0.533850 0.191546
vt 0.544307 0.197350
vt 0.554613 0.210569
vt 0.491482 0.210836
vt 0.497802 0.179358
vt 0.513760 0.178345
vt 0.471530 0.180597
vt 0.489866 0.179983
vt 0.473600 0.211611
vt 0.471639 0.188622
vt 0.532424 0.237547
vt 0.553229 0.212671
vt 0.523360 0.239624
vt 0.493404 0.240953
vt 0.476000 0.232788
vt 0.493404 0.240953
vt 0.624023 0.321229
vt 0.820607 0.000000
vt 0.898673 0.000000
vt 0.331338 0.331338
s 0
f 1340/2085/986 1329/2086/986 1326/2087/986
f 1347/2088/987 1345/2089/987 1325/2090/987
f 1330/2091/988 1331/2092/988 1344/2093/988
f 1332/2094/989 1327/2095/989 1334/2096/989 1335/2097/989 1333/2098/989
f 1325/2099/990 1333/2100/990 1335/2101/990 1347/2102/990
f 1338/2103/991 1337/2104/991 1336/2105/991 1312/2106/991 1339/2107/991
f 1337/2108/992 1338/2109/992 1342/2110/992
f 1337/2111/993 1342/2112/993 1310/2113/993
s 1
f 1303/2114/994 1323/2115/995 1314/2116/996 1315/2117/997
f 1304/2118/998 1303/2119/994 1315/2120/997 1328/2121/999 1309/2122/1000
f 1319/2123/1001 1304/2118/998 1309/2122/1000 1322/2124/1002
f 1348/2125/1003 1313/2126/1004 1304/2118/998 1319/2123/1001 1320/2127/1005
f 1311/2128/1006 1324/2129/1007 1303/2119/994 1304/2118/998 1313/2130/1004
f 1323/2131/995 1303/2114/994 1324/2132/1007
f 1305/2133/1008 1316/2134/1009 1317/2135/1010 1346/2136/1011
f 1316/2134/1009 1305/2133/1008 1306/2137/1012 1308/2138/1013 1307/2139/1014
f 1341/2140/1015 1308/2141/1013 1306/2137/1012 1318/2142/1016 1321/2143/1015
f 1343/2144/1017 1305/2133/1008 1346/2145/1011
f 1305/2133/1008 1343/2146/1017 1313/2147/1004 1306/2137/1012
f 1348/2148/1003 1318/2142/1016 1306/2137/1012 1313/2149/1004
s 0
f 1340/2150/1018 1310/2151/1018 1342/2152/1018 1329/2153/1018
o Wine_Glass_cell.051
v 0.017268 0.168136 -0.008181
v 0.015537 0.168136 0.000518
v 0.012311 0.168421 -0.010396
v 0.027429 0.185193 -0.011381
v 0.029311 0.189247 -0.001539
v 0.012750 0.163693 -0.008181
v 0.007662 0.168421 -0.002440
v 0.020150 0.182259 0.009397
v 0.015162 0.171390 0.004716
v 0.022514 0.186584 0.003408
v 0.010616 0.162897 -0.001521
v 0.020150 0.182259 0.009397
v 0.015162 0.171390 0.004716
v 0.017268 0.168136 -0.008181
v 0.012311 0.168421 -0.010396
v 0.012311 0.168421 -0.010396
v 0.012311 0.168421 -0.010396
v 0.027429 0.185193 -0.011381
v 0.007662 0.168421 -0.002440
v 0.012750 0.163693 -0.008181
v 0.010616 0.162897 -0.001521
vn 0.3602 -0.3748 -0.8543
vn -0.8243 -0.3964 -0.4042
vn -0.6916 0.0063 0.7223
vn 0.3480 0.8982 0.2686
vn 0.7054 -0.6178 0.3474
vn 0.7834 -0.6210 -0.0236
vn 0.4760 0.8405 -0.2589
vn 0.6494 0.7335 -0.2006
vn 0.8382 -0.4737 0.2703
vn 0.4934 0.3262 0.8063
vn -0.6698 0.6699 -0.3202
vn -0.7024 0.6688 -0.2436
vn 0.6645 -0.7122 0.2262
vn 0.6818 -0.6932 -0.2337
vn 0.3617 -0.3678 -0.8567
vn -0.6293 -0.2121 0.7476
vt 0.159771 0.159771
vt 0.124532 0.124532
vt 1.000000 0.228525
vt 1.000000 0.403261
vt 0.761094 0.275522
vt 0.308452 0.000000
vt 0.595169 0.000000
vt 0.422958 0.000000
vt 1.000000 0.383339
vt 0.218840 0.000000
vt 0.367504 0.671433
vt 0.378567 0.705625
vt 0.360691 0.708416
vt 0.339869 0.673296
vt 0.350040 0.665299
vt 0.385783 0.704281
vt 0.367504 0.671433
vt 0.383583 0.674456
vt 0.053486 0.830460
vt 0.058969 0.874600
vt 0.044477 0.875024
vt 0.029681 0.833475
vt 0.040110 0.824546
vt 0.785244 0.035908
vt 0.803060 0.003461
vt 0.798293 0.030534
vt 0.228599 0.519869
vt 0.222762 0.532220
vt 0.210970 0.529648
vt 0.209025 0.519869
vt 0.202669 0.522502
vt 0.210970 0.529648
vt 0.422958 0.422958
vt 0.000000 0.000000
vt 0.099407 0.000000
vt 0.226306 0.531400
vt 0.235381 0.522678
s 0
f 1349/2154/1019 1363/2155/1019 1366/2156/1019
f 1364/2157/1020 1354/2158/1020 1359/2159/1020 1367/2160/1020
f 1361/2161/1021 1360/2162/1021 1367/2163/1021
s 1
f 1358/2164/1022 1350/2165/1023 1362/2166/1024 1352/2167/1025 1353/2168/1026
f 1357/2169/1027 1350/2165/1023 1358/2170/1022 1356/2171/1028
f 1352/2172/1025 1351/2173/1029 1355/2174/1030 1358/2175/1022 1353/2176/1026
f 1358/2177/1022 1355/2178/1030 1356/2179/1028
f 1350/2180/1023 1369/2181/1031 1368/2182/1032 1362/2183/1024
f 1365/2184/1033 1362/2183/1024 1368/2185/1032
s 0
f 1361/2186/1034 1367/2187/1034 1359/2188/1034
s 1
f 1369/2189/1031 1350/2180/1023 1357/2190/1027
o Wine_Glass_cell.052
v 0.027249 0.231927 0.033878
v 0.030187 0.227706 0.030282
v 0.042935 0.241607 0.017696
v 0.037835 0.231927 0.022676
v 0.025283 0.245290 0.037638
v 0.034310 0.245213 0.031592
v 0.040662 0.245074 0.022047
v 0.027249 0.231927 0.033878
v 0.030187 0.227706 0.030282
v 0.042935 0.241607 0.017696
v 0.037835 0.231927 0.022676
v 0.034310 0.245213 0.031592
v 0.040662 0.245074 0.022047
v 0.025283 0.245290 0.037638
vn -0.7090 0.0946 -0.6988
vn -0.7667 0.1348 -0.6277
vn -0.0022 0.9999 -0.0161
vn 0.7004 -0.1799 0.6907
vn 0.7895 -0.1835 0.5857
vn 0.6993 -0.1798 0.6918
vn 0.5801 -0.1713 0.7963
vt 0.000000 0.000000
vt 1.000000 0.000000
vt 1.000000 0.632649
vt 0.643693 0.482701
vt 0.632649 0.632649
vt 0.199952 0.000000
vt 0.555841 0.346614
vt 0.995813 0.995813
vt 0.970643 0.505370
vt 0.386292 0.566234
vt 0.366831 0.569859
vt 0.347841 0.551953
vt 0.357048 0.542559
vt 0.381868 0.537629
vt 0.404324 0.542091
vt 0.399726 0.563323
s 0
f 1383/2191/1035 1382/2192/1035 1378/2193/1035 1377/2194/1035
f 1378/2195/1036 1382/2191/1036 1379/2196/1036 1380/2197/1036
f 1382/2192/1037 1383/2198/1037 1381/2199/1037
s 1
f 1371/2200/1038 1373/2201/1039 1372/2202/1039 1376/2203/1039 1375/2204/1040
f 1374/2205/1041 1370/2206/1041 1371/2200/1038 1375/2204/1040
o Wine_Glass_cell.053
v -0.004443 0.144842 -0.007153
v -0.003964 0.139816 -0.007497
v -0.002916 0.145666 0.000508
v 0.004728 0.142529 -0.007011
v 0.003220 0.140826 -0.002017
v 0.002464 0.148404 -0.008181
v 0.000087 0.148524 -0.002630
v 0.004728 0.142529 -0.007011
v 0.003220 0.140826 -0.002017
v 0.002464 0.148404 -0.008181
v -0.002916 0.145666 0.000508
v 0.000087 0.148524 -0.002630
vn 0.3017 -0.9265 -0.2248
vn -0.9728 -0.1069 0.2054
vn -0.0039 -0.0765 -0.9971
vn -0.4727 0.8531 -0.2208
vn -0.6599 0.7496 0.0509
vn 0.7362 0.3532 0.5772
vn 0.8457 0.3832 0.3714
vn 0.8469 0.3968 0.3540
vn 0.7702 0.3557 0.5294
vn 0.5488 0.2860 0.7855
vn -0.3413 -0.7371 0.5833
vt 1.000000 0.000000
vt 1.000000 0.325080
vt 0.824039 0.000000
vt 0.000000 0.000000
vt 1.000000 1.000000
vt 0.569022 0.000000
vt 1.000000 0.370653
vt 0.569022 0.569022
vt 0.485794 0.000000
vt 0.448838 0.000000
vt 0.855947 0.825524
vt 0.179891 0.636813
vt 0.172258 0.636589
vt 0.174302 0.630678
vt 0.179390 0.647145
vt 0.188153 0.636813
vt 0.857234 0.550034
s 0
f 1385/2207/1042 1391/2208/1042 1392/2209/1042
f 1394/2210/1043 1384/2207/1043 1385/2211/1043
f 1384/2210/1044 1393/2212/1044 1391/2213/1044 1385/2211/1044
f 1393/2214/1045 1384/2210/1045 1395/2215/1045
f 1395/2216/1046 1384/2207/1046 1394/2217/1046
s 1
f 1390/2218/1047 1387/2219/1048 1389/2220/1049
f 1387/2219/1048 1390/2218/1047 1388/2221/1050
f 1388/2221/1050 1390/2218/1047 1386/2222/1051
s 0
f 1394/2207/1052 1385/2211/1052 1392/2223/1052
o Wine_Glass_cell.054
v -0.003661 0.020211 -0.007393
v 0.004391 0.023130 -0.004099
v 0.020527 0.015239 0.017810
v 0.026967 0.015740 0.005252
v 0.024922 0.003718 -0.000821
v 0.030384 0.015151 -0.002138
v 0.032851 0.014745 -0.008575
v 0.028179 0.003718 -0.008760
v 0.025537 0.003718 -0.013261
v 0.019646 0.003718 -0.012331
v 0.025720 0.016606 -0.013480
v 0.005009 0.023130 -0.009157
v 0.001178 0.027161 -0.004087
v 0.003706 0.019995 0.010499
v 0.000933 0.023130 0.000127
v 0.014690 0.003718 0.019578
v 0.017621 0.014473 0.022740
v 0.006744 0.003718 0.018059
v 0.008182 0.016431 0.021409
v -0.002476 0.003718 -0.004332
v 0.026967 0.015740 0.005252
v 0.030384 0.015151 -0.002138
v 0.020527 0.015239 0.017810
v 0.024922 0.003718 -0.000821
v 0.028179 0.003718 -0.008760
v 0.025537 0.003718 -0.013261
v 0.019646 0.003718 -0.012331
v 0.025720 0.016606 -0.013480
v 0.005009 0.023130 -0.009157
v 0.003706 0.019995 0.010499
v 0.000933 0.023130 0.000127
v 0.014690 0.003718 0.019578
v 0.006744 0.003718 0.018059
v 0.017621 0.014473 0.022740
v 0.008182 0.016431 0.021409
v -0.002476 0.003718 -0.004332
v 0.032851 0.014745 -0.008575
v 0.004391 0.023130 -0.004099
v 0.001178 0.027161 -0.004087
vn 0.8356 -0.3553 0.4189
vn 0.8595 -0.3700 0.3527
vn 0.6731 -0.1376 -0.7266
vn -0.1559 -0.0145 -0.9877
vn -0.2602 -0.0796 -0.9623
vn -0.3468 0.5887 -0.7302
vn -0.6957 0.5389 0.4751
vn -0.1827 -0.2312 0.9556
vn -0.9247 0.0043 0.3808
vn 0.4298 0.8961 0.1104
vn 0.2891 0.9569 0.0280
vn 0.2885 0.9574 -0.0097
vn 0.4452 0.8952 0.0210
vn 0.2685 0.9573 0.1070
vn 0.2893 0.9557 0.0543
vn 0.2039 0.9574 0.2044
vn 0.1806 0.9570 0.2269
vn 0.7786 0.6203 0.0951
vn -0.0000 -1.0000 -0.0000
vt 1.000000 0.453168
vt 1.000000 0.557099
vt 0.803559 0.378008
vt 0.474290 0.064297
vt 0.409679 0.000000
vt 0.517361 0.000000
vt 0.972987 0.554534
vt 0.557099 0.557099
vt 0.453168 0.453168
vt 1.000000 0.453876
vt 0.553987 0.553987
vt 0.453876 0.453876
vt 0.460211 0.000000
vt 0.567035 0.000000
vt 0.567035 0.567035
vt 0.460211 0.460211
vt 1.000000 0.458059
vt 0.458059 0.458059
vt 0.750316 0.000000
vt 1.000000 0.000000
vt 0.935561 0.170258
vt 0.577176 0.577176
vt 0.146019 0.120627
vt 0.135041 0.135041
vt 0.000000 0.000000
vt 0.191936 0.191936
vt 0.602354 0.000000
vt 0.287887 0.082636
vt 0.253340 0.134033
vt 0.452662 0.452662
vt 0.334571 0.334571
vt 1.000000 0.051855
vt 1.000000 0.244527
vt 0.051855 0.051855
vt 0.397646 0.000000
vt 1.000000 0.248598
vt 0.244527 0.244527
vt 0.147034 0.405488
vt 0.197285 0.440108
vt 0.178186 0.440365
vt 0.145482 0.407040
vt 0.150549 0.397002
vt 0.203440 0.407522
vt 0.200651 0.425273
vt 0.197522 0.439222
vt 0.150549 0.387816
vt 0.207021 0.376583
vt 0.207502 0.370272
vt 0.207021 0.376583
vt 0.149385 0.385005
vt 0.167192 0.369373
vt 0.188782 0.354842
vt 0.140732 0.527487
vt 0.136954 0.520497
vt 0.141279 0.526719
vt 0.133255 0.000000
vt 0.124609 0.000000
vt 0.099331 0.002814
vt 0.082812 0.009656
vt 0.061156 0.018626
vt 0.110606 0.000000
vt 0.126243 0.000000
s 0
f 1419/2224/1053 1417/2225/1053 1416/2226/1053 1418/2227/1053 1429/2228/1053 1427/2229/1053
f 1432/2230/1054 1417/2231/1054 1419/2232/1054 1420/2233/1054
f 1432/2234/1055 1420/2235/1055 1421/2236/1055 1423/2237/1055
f 1423/2238/1056 1421/2239/1056 1422/2240/1056
f 1422/2241/1057 1431/2242/1057 1396/2243/1057 1424/2244/1057 1423/2245/1057
f 1434/2246/1058 1424/2247/1058 1396/2248/1058
f 1434/2249/1059 1396/2248/1059 1425/2250/1059 1426/2251/1059 1397/2252/1059
f 1427/2253/1060 1429/2254/1060 1430/2255/1060 1428/2256/1060
f 1430/2257/1061 1425/2258/1061 1396/2243/1061 1431/2259/1061 1428/2260/1061
s 1
f 1433/2261/1062 1402/2262/1063 1406/2263/1064 1407/2264/1065
f 1433/2265/1062 1399/2266/1066 1401/2267/1067 1402/2268/1063
f 1433/2269/1062 1398/2270/1068 1399/2266/1066
f 1412/2271/1069 1398/2272/1068 1433/2269/1062 1410/2273/1069 1409/2274/1069 1414/2275/1069
f 1408/2276/1070 1433/2277/1062 1407/2278/1065
f 1403/2279/1071 1400/2280/1071 1411/2281/1071 1413/2282/1071 1415/2283/1071 1405/2284/1071 1404/2285/1071
o Wine_Glass_cell.055
v -0.005464 0.231927 0.046005
v -0.005464 0.231909 0.040500
v -0.014314 0.236346 0.039621
v -0.006402 0.253574 0.044613
v -0.001084 0.249670 0.043153
v 0.004364 0.245213 0.046112
v 0.004186 0.230554 0.043635
v 0.003142 0.230262 0.038362
v -0.005492 0.217740 0.041347
v -0.014087 0.218321 0.039828
v -0.014830 0.230075 0.043535
v -0.014837 0.246237 0.046361
v 0.003587 0.220412 0.040429
v 0.002398 0.218653 0.035506
v -0.014087 0.218321 0.039828
v -0.014830 0.230075 0.043535
v 0.004186 0.230554 0.043635
v 0.003587 0.220412 0.040429
v -0.014837 0.246237 0.046361
v -0.014314 0.236346 0.039621
v 0.004364 0.245213 0.046112
v 0.003142 0.230262 0.038362
v 0.002398 0.218653 0.035506
vn 0.9805 0.0211 -0.1953
vn -0.9920 0.0029 -0.1262
vn 0.9769 -0.0008 -0.2138
vn 0.4854 0.8692 0.0942
vn 0.0505 0.9878 0.1473
vn 0.0258 -0.1693 0.9852
vn 0.1595 -0.2324 0.9595
vn 0.4559 0.7808 0.4272
vn -0.3560 0.7943 0.4923
vn -0.1160 -0.1932 0.9743
vn -0.1654 -0.9690 -0.1836
vn -0.2993 -0.9474 0.1133
vn -0.6115 -0.6084 -0.5059
vn 0.2175 -0.4375 0.8725
vn -0.2144 0.1605 -0.9635
vn -0.0503 0.1387 -0.9891
vn -0.0190 0.1967 -0.9803
vt 0.603715 0.060183
vt 0.538337 0.538337
vt 0.557736 0.000000
vt 0.361046 0.361046
vt 0.423609 0.000000
vt 1.000000 0.000000
vt 0.924999 0.455939
vt 1.000000 0.392805
vt 1.000000 0.442264
vt 0.588229 0.000000
vt 0.628895 0.000000
vt 0.480644 0.523240
vt 0.492026 0.513098
vt 0.493409 0.559256
vt 0.473227 0.560975
vt 0.472091 0.531383
vt 0.493150 0.512240
vt 0.513716 0.530219
vt 0.514459 0.559256
vt 0.514745 0.563525
vt 0.512019 0.591128
vt 0.495412 0.591968
vt 0.477244 0.592702
vt 0.476219 0.587409
vt 0.864073 0.125324
vt 0.882063 0.126856
vt 0.887163 0.170558
vt 0.877278 0.163110
vt 0.867020 0.154915
vt 0.859254 0.567129
vt 0.841936 0.556707
vt 0.843787 0.532339
vt 0.864354 0.520445
vt 0.863649 0.121937
vt 0.861513 0.098129
vt 0.877759 0.098890
vt 0.838541 0.595943
vt 0.841260 0.566602
vt 0.854950 0.597439
s 0
f 1456/2286/1072 1440/2287/1072 1451/2288/1072
f 1449/2289/1073 1450/2290/1073 1453/2291/1073 1454/2292/1073
f 1456/2293/1074 1451/2294/1074 1452/2295/1074 1457/2296/1074
s 1
f 1439/2297/1075 1438/2298/1076 1435/2299/1077 1441/2300/1078 1455/2301/1079
f 1438/2302/1076 1446/2303/1080 1445/2304/1081 1435/2299/1077
f 1445/2305/1081 1444/2306/1082 1443/2307/1083 1435/2299/1077
f 1448/2308/1084 1447/2309/1085 1441/2300/1078 1435/2299/1077 1443/2307/1083
f 1442/2310/1086 1436/2311/1087 1438/2312/1076 1439/2313/1075 1455/2314/1079
f 1436/2315/1087 1437/2316/1088 1446/2317/1080 1438/2318/1076
f 1436/2311/1087 1442/2319/1086 1448/2320/1084 1443/2321/1083
f 1444/2322/1082 1437/2323/1088 1436/2315/1087 1443/2324/1083
o Wine_Glass_cell.056
v 0.032605 0.203023 0.007587
v 0.023673 0.203023 0.020956
v 0.023958 0.197957 0.021241
v 0.016429 0.202035 0.029317
v 0.012578 0.205900 0.033612
v 0.015594 0.185826 0.012876
v 0.018369 0.185763 0.008649
v 0.026732 0.187278 0.005155
v 0.026883 0.191972 -0.000560
v 0.024751 0.208913 0.022033
v 0.022806 0.212852 0.024535
v 0.027777 0.213762 0.019720
v 0.033093 0.202667 0.012834
v 0.037150 0.207345 0.009470
v 0.037204 0.202667 0.001487
v 0.036553 0.213374 0.001208
v 0.018800 0.217212 0.028543
v 0.011530 0.211898 0.031778
v 0.007954 0.187616 0.024213
v 0.008685 0.196653 0.025978
v 0.010550 0.203023 0.029724
v 0.040745 0.216970 0.007263
v 0.037823 0.218465 0.001449
v 0.036067 0.217499 0.009021
v 0.023958 0.197957 0.021241
v 0.016429 0.202035 0.029317
v 0.024751 0.208913 0.022033
v 0.022806 0.212852 0.024535
v 0.033093 0.202667 0.012834
v 0.037150 0.207345 0.009470
v 0.027777 0.213762 0.019720
v 0.027777 0.213762 0.019720
v 0.018800 0.217212 0.028543
v 0.011530 0.211898 0.031778
v 0.008685 0.196653 0.025978
v 0.010550 0.203023 0.029724
v 0.010550 0.203023 0.029724
v 0.010550 0.203023 0.029724
v 0.036553 0.213374 0.001208
v 0.037823 0.218465 0.001449
v 0.037823 0.218465 0.001449
v 0.037823 0.218465 0.001449
v 0.036067 0.217499 0.009021
v 0.036067 0.217499 0.009021
v 0.036067 0.217499 0.009021
v 0.036067 0.217499 0.009021
v 0.012578 0.205900 0.033612
v 0.037204 0.202667 0.001487
v 0.007954 0.187616 0.024213
v 0.040745 0.216970 0.007263
vn 0.6038 -0.2425 0.7594
vn 0.2302 -0.0113 -0.9731
vn 0.5385 -0.2460 0.8059
vn -0.2816 -0.8168 -0.5035
vn 0.2382 0.9009 0.3629
vn 0.4831 -0.4964 -0.7213
vn 0.8085 -0.5305 0.2549
vn 0.0745 -0.7907 -0.6077
vn -0.0261 -0.2149 -0.9763
vn 0.5113 -0.6215 0.5935
vn -0.5130 -0.8156 -0.2678
vn -0.3558 -0.8156 -0.4563
vn -0.5953 -0.7935 0.1266
vn 0.4331 -0.5914 0.6802
vn 0.9624 -0.2328 0.1401
vn -0.9285 0.1429 -0.3428
vn -0.8341 0.3672 -0.4115
vn -0.8827 0.1887 -0.4303
vn -0.6671 0.3639 -0.6500
vn -0.7153 0.2468 -0.6538
vn -0.8059 0.2460 -0.5385
vn -0.6088 0.2421 -0.7555
vn -0.5882 0.3542 -0.7270
vn -0.5561 0.4725 -0.6837
vn 0.6902 -0.0367 0.7227
vn -0.8798 -0.0215 0.4748
vt 0.264136 0.183411
vt 0.273786 0.273786
vt 0.000000 0.000000
vt 0.177104 0.000000
vt 0.760180 0.328168
vt 0.792381 0.000000
vt 0.906060 0.000000
vt 0.689749 0.689749
vt 1.000000 0.000000
vt 1.000000 1.000000
vt 0.535764 0.535764
vt 0.144479 0.144479
vt 0.166254 0.000000
vt 0.852673 0.852673
vt 0.951185 0.697449
vt 1.000000 0.418627
vt 1.000000 0.833746
vt 0.340809 0.638275
vt 0.356008 0.635902
vt 0.366062 0.666975
vt 0.351550 0.661566
vt 0.366317 0.633982
vt 0.394309 0.638853
vt 0.392583 0.669484
vt 0.384984 0.670988
vt 0.417470 0.659089
vt 0.395966 0.668762
vt 0.416259 0.625352
vt 0.427145 0.621636
vt 0.341372 0.607118
vt 0.342534 0.608879
vt 0.353516 0.626129
vt 0.330700 0.607428
vt 0.027329 0.760890
vt 0.028398 0.772285
vt 0.030412 0.795455
vt 0.016289 0.795869
vt 0.011696 0.763515
vt 0.771852 0.067292
vt 0.804633 0.064500
vt 0.803977 0.076541
vt 0.789496 0.094372
vt 0.767259 0.097143
vt 0.810614 0.084594
vt 0.839463 0.064500
vt 0.840139 0.078211
vt 0.840185 0.082643
vt 0.818539 0.093393
vt 0.030412 0.795455
vt 0.036388 0.820824
vt 0.027923 0.828539
vt 0.799278 0.033203
vt 0.809553 0.032444
vt 0.783486 0.040028
vt 0.835938 0.037275
vt 0.838293 0.052626
vt 0.689749 0.000000
vt 1.000000 0.273786
vt 0.685643 0.168643
vt 0.735310 0.414064
vt 0.490879 0.279064
vt 0.144479 0.000000
vt 0.535764 0.000000
vt 0.759129 0.147363
vt 0.752514 0.359953
vt 0.727341 0.032617
vt 0.865427 0.645627
s 0
f 1494/2325/1089 1461/2326/1089 1491/2327/1089 1504/2328/1089
f 1472/2329/1090 1496/2330/1090 1497/2331/1090
f 1468/2332/1091 1490/2333/1091 1491/2334/1091
f 1489/2335/1092 1503/2336/1092 1507/2337/1092
f 1498/2338/1093 1500/2339/1093 1489/2340/1093 1507/2341/1093
s 1
f 1505/2342/1094 1486/2343/1095 1465/2344/1096 1466/2345/1097
f 1465/2344/1096 1486/2346/1095 1482/2347/1098 1463/2348/1099 1464/2349/1100
f 1506/2350/1101 1463/2351/1099 1482/2347/1098 1483/2352/1102 1495/2353/1102
f 1479/2354/1103 1502/2355/1103 1487/2356/1103 1486/2343/1095 1505/2342/1094 1480/2357/1103
f 1499/2358/1104 1473/2359/1104 1505/2360/1094 1458/2361/1105 1501/2362/1106
f 1458/2363/1105 1459/2364/1107 1484/2365/1108 1488/2366/1109 1501/2367/1106
f 1485/2368/1110 1484/2365/1108 1459/2364/1107 1493/2369/1111 1462/2370/1110 1475/2371/1110 1474/2372/1110
f 1458/2361/1105 1505/2373/1094 1466/2374/1097 1465/2375/1096
f 1464/2376/1100 1463/2377/1099 1459/2364/1107 1458/2363/1105 1465/2378/1096
f 1459/2364/1107 1463/2377/1099 1506/2379/1101 1492/2380/1112 1493/2369/1111
s 0
f 1468/2381/1113 1491/2333/1113 1461/2382/1113 1460/2383/1113 1470/2384/1113 1471/2385/1113 1481/2386/1113 1469/2387/1113 1467/2388/1113
f 1477/2389/1114 1476/2390/1114 1478/2391/1114
o Wine_Glass_cell.057
v 0.049642 0.289662 -0.008181
v 0.041999 0.289274 0.011479
v 0.042304 0.297421 -0.016215
v 0.044230 0.289274 -0.016629
v 0.033224 0.294003 0.029331
v 0.029043 0.303022 0.024888
v 0.034114 0.306489 0.022621
v 0.037069 0.310928 0.009436
v 0.042598 0.300831 -0.010511
v 0.050273 0.284696 -0.008181
v 0.045269 0.276103 0.002388
v 0.041227 0.276526 0.022171
v 0.037119 0.281030 0.027309
v 0.031852 0.283690 0.027759
v 0.031367 0.289274 0.027391
v 0.043328 0.276312 0.012029
v 0.041227 0.276526 0.022171
v 0.037119 0.281030 0.027309
v 0.031367 0.289274 0.027391
v 0.029043 0.303022 0.024888
v 0.033224 0.294003 0.029331
v 0.031852 0.283690 0.027759
vn -0.7255 0.0027 0.6882
vn -0.3807 -0.8246 0.4186
vn 0.8398 0.2942 -0.4563
vn 0.8347 0.3450 -0.4292
vn 0.9264 0.3732 -0.0500
vn 0.9249 0.2812 -0.2559
vn 0.9082 0.3598 0.2138
vn 0.4907 -0.0464 -0.8701
vn 0.4906 -0.0464 -0.8701
vn -0.3641 -0.1383 -0.9210
vn 0.8832 0.1385 0.4481
vn -0.9413 -0.0329 -0.3360
vn 0.8350 0.1062 -0.5398
vn 0.8381 0.3252 0.4381
vn 0.7451 0.6653 0.0462
vn 0.0727 0.7677 -0.6367
vn -0.3296 0.5355 -0.7775
vn -0.8469 -0.1419 -0.5125
vn -0.8335 -0.2765 -0.4784
vt 0.295090 0.000000
vt 0.318679 0.000000
vt 1.000000 0.717555
vt 0.291229 0.000000
vt 1.000000 0.646030
vt 1.000000 0.673537
vt 0.285844 0.265816
vt 0.288170 0.281253
vt 0.276098 0.293770
vt 0.270707 0.264921
vt 0.309841 0.399751
vt 0.316787 0.450038
vt 0.273454 0.456804
vt 0.271968 0.427677
vt 0.310116 0.399591
vt 0.341074 0.407197
vt 0.353909 0.410734
vt 0.359369 0.432223
vt 0.361447 0.441720
vt 0.003822 0.604678
vt 0.044693 0.603482
vt 0.044426 0.615678
vt 0.022090 0.632897
vt 0.002058 0.633026
vt 0.283464 0.264200
vt 0.269703 0.253919
vt 0.356316 0.462176
vt 0.343928 0.474660
vt 0.321323 0.478240
vt 0.361447 0.441720
vt 0.363789 0.453668
vt 0.798894 0.254409
vt 0.799601 0.277633
vt 0.788703 0.284697
vt 0.765928 0.298515
vt 0.759385 0.249735
vt 0.797965 0.234089
vt 0.798406 0.246411
vt 0.757621 0.221197
vt 0.775699 0.219128
s 0
f 1522/2392/1115 1528/2393/1115 1527/2394/1115
f 1524/2395/1116 1525/2396/1116 1521/2397/1116
s 1
f 1511/2398/1117 1510/2399/1118 1516/2400/1119 1508/2401/1120
f 1515/2402/1121 1509/2403/1121 1508/2404/1120 1516/2405/1119
f 1515/2406/1122 1514/2407/1123 1513/2408/1124 1512/2409/1125 1526/2410/1125 1509/2403/1125
f 1509/2411/1126 1508/2412/1126 1517/2413/1126 1518/2414/1126 1523/2415/1126
f 1511/2416/1117 1508/2401/1120 1517/2417/1127
f 1520/2418/1128 1519/2419/1129 1523/2420/1130 1509/2403/1128 1526/2421/1130 1529/2422/1131
f 1526/2423/1132 1513/2424/1124 1514/2425/1123 1515/2426/1122 1509/2427/1132
f 1529/2428/1131 1526/2429/1130 1509/2427/1133 1523/2430/1130 1519/2431/1129
o Wine_Glass_cell.058
v -0.009823 0.160700 -0.009838
v -0.015544 0.159800 -0.018262
v -0.026465 0.168136 -0.016881
v -0.021538 0.168136 -0.024255
v -0.014163 0.168136 -0.029183
v -0.006213 0.168421 -0.014568
v -0.006638 0.162348 -0.024794
v -0.009506 0.157556 -0.017940
v -0.007111 0.168421 -0.009379
v -0.011828 0.155346 -0.010878
v -0.019014 0.159800 -0.011731
v -0.023926 0.164844 -0.012816
v -0.014451 0.168421 -0.010900
v -0.031178 0.181622 -0.014581
v -0.033768 0.180622 -0.019905
v -0.026498 0.179217 -0.029216
v -0.016890 0.179392 -0.035766
v -0.009273 0.182938 -0.035285
v -0.006669 0.172826 -0.033642
v -0.006189 0.168136 -0.030769
v -0.023926 0.164844 -0.012816
v -0.014451 0.168421 -0.010900
v -0.019014 0.159800 -0.011731
v -0.007111 0.168421 -0.009379
v -0.006638 0.162348 -0.024794
v -0.009506 0.157556 -0.017940
v -0.006213 0.168421 -0.014568
v -0.011828 0.155346 -0.010878
v -0.006189 0.168136 -0.030769
vn 0.9247 -0.3398 0.1718
vn 0.9342 -0.3186 -0.1606
vn -0.2029 0.0130 0.9791
vn 0.9972 -0.0744 0.0027
vn -0.1891 -0.1186 0.9748
vn -0.4359 -0.7816 -0.4462
vn -0.2909 -0.8083 -0.5118
vn -0.4040 -0.8589 -0.3148
vn -0.8158 -0.5729 -0.0789
vn -0.9809 0.1068 0.1624
vn -0.0743 0.3087 0.9483
vn -0.8100 -0.0954 0.5785
vn 0.3543 0.0907 -0.9307
vn -0.5641 -0.6667 -0.4871
vn -0.2596 -0.4713 -0.8429
vn -0.2772 -0.4770 -0.8341
vn -0.4720 -0.5275 -0.7064
vn -0.0666 -0.3993 -0.9144
vn 0.3906 0.9110 0.1324
vn -0.0884 0.9957 0.0281
vn -0.2567 -0.7347 -0.6280
vn -0.1840 -0.7345 -0.6532
vn -0.5626 -0.7710 -0.2986
vt 0.484803 0.250405
vt 0.238024 0.000000
vt 0.737364 0.000000
vt 1.000000 0.144135
vt 1.000000 0.685191
vt 1.000000 0.000000
vt 0.685191 0.685191
vt 0.292647 0.000000
vt 1.000000 0.173997
vt 0.073971 0.073971
vt 0.000000 0.000000
vt 0.707353 0.000000
vt 1.000000 0.082080
vt 0.343126 0.326725
vt 0.262636 0.000000
vt 0.761976 0.000000
vt 0.827156 0.827156
vt 0.165942 0.000000
vt 0.201333 0.595231
vt 0.199430 0.582023
vt 0.209397 0.583163
vt 0.655686 0.000529
vt 0.662646 0.000326
vt 0.649778 0.026334
vt 0.645995 0.026992
vt 0.647942 0.683974
vt 0.650962 0.711030
vt 0.632878 0.712570
vt 0.625991 0.681196
vt 0.673604 0.683549
vt 0.670536 0.711030
vt 0.687112 0.712442
vt 0.691016 0.686171
vt 0.689755 0.701107
vt 0.521836 0.321400
vt 0.525849 0.322666
vt 0.522311 0.354838
vt 0.506627 0.355059
vt 0.502509 0.325328
vt 0.762950 0.789123
vt 0.749848 0.783696
vt 0.738757 0.772604
vt 0.732754 0.752448
vt 0.746065 0.779912
vt 0.761329 0.788451
vt 0.762783 0.789054
vt 0.666887 0.732807
vt 0.686783 0.713273
vt 0.678964 0.727084
vt 0.654611 0.732807
vt 0.643270 0.733773
vt 0.209025 0.618276
vt 0.216964 0.599929
vt 0.216558 0.618276
vt 0.212674 0.599929
vt 0.215772 0.584354
s 0
f 1555/2432/1134 1554/2433/1134 1556/2434/1134 1553/2435/1134 1557/2436/1134
f 1530/2437/1135 1557/2438/1135 1553/2439/1135
f 1550/2440/1136 1552/2441/1136 1530/2442/1136 1553/2443/1136 1551/2444/1136
f 1549/2445/1137 1556/2446/1137 1554/2447/1137
f 1557/2448/1138 1530/2442/1138 1552/2449/1138
s 1
f 1531/2450/1139 1537/2451/1140 1539/2452/1141
f 1532/2453/1142 1541/2454/1143 1543/2455/1144 1544/2456/1145
f 1545/2457/1146 1533/2458/1147 1532/2459/1142 1544/2460/1145
f 1546/2461/1148 1534/2462/1149 1533/2458/1150 1545/2457/1150
f 1558/2463/1151 1534/2462/1149 1546/2461/1148 1547/2464/1151 1548/2465/1151
f 1544/2466/1145 1543/2467/1144 1541/2468/1143 1533/2469/1152 1545/2470/1146
f 1558/2471/1153 1534/2472/1153 1533/2473/1152 1541/2474/1143 1542/2475/1153 1538/2476/1153 1535/2477/1153
f 1537/2478/1140 1534/2462/1154 1558/2479/1155 1536/2480/1155
f 1531/2481/1139 1533/2458/1147 1534/2462/1154 1537/2478/1140
f 1540/2482/1156 1532/2459/1142 1533/2458/1147 1531/2481/1139
f 1532/2483/1142 1540/2484/1156 1541/2485/1143
f 1540/2486/1156 1531/2450/1139 1539/2487/1141
o Wine_Glass_cell.059
v -0.005692 0.145399 -0.006364
v -0.005954 0.140409 -0.006095
v -0.009136 0.145817 0.000683
v -0.010751 0.149638 -0.003503
v -0.013133 0.142614 -0.001294
v -0.009136 0.145817 0.000683
v -0.010751 0.149638 -0.003503
v -0.013133 0.142614 -0.001294
vn 0.8977 -0.0235 0.4401
vn -0.5048 -0.0200 -0.8630
vn 0.7073 0.6364 0.3079
vn -0.5685 -0.0651 -0.8201
vn -0.6497 0.4196 0.6339
vn 0.2324 -0.7042 0.6709
vt 1.000000 0.000000
vt 1.000000 1.000000
vt 0.015185 0.000000
vt 0.000000 0.000000
vt 1.000000 0.333340
vt 1.000000 0.020695
vt 0.346638 0.301084
vt 0.841425 0.525956
vt 1.000000 0.273433
vt 0.911671 0.006706
vt 0.915363 0.015662
vt 0.906737 0.008309
vt 1.000000 0.750378
vt 0.639060 0.639060
s 0
f 1560/2488/1157 1559/2489/1157 1564/2490/1157
f 1559/2489/1158 1560/2491/1158 1565/2492/1158
f 1564/2493/1159 1559/2489/1159 1565/2494/1159
f 1560/2489/1160 1566/2495/1160 1565/2496/1160
s 1
f 1562/2497/1161 1563/2498/1161 1561/2499/1161
s 0
f 1566/2500/1162 1560/2489/1162 1564/2501/1162
o Wine_Glass_cell.060
v -0.003927 0.022318 -0.011649
v 0.011449 0.003718 -0.026557
v 0.015465 0.017031 -0.030569
v -0.003810 0.003718 -0.011643
v -0.002128 0.026023 -0.016235
v 0.012554 0.003718 -0.032860
v 0.008339 0.015448 -0.041504
v 0.002214 0.003718 -0.042590
v 0.002944 0.014367 -0.046150
v 0.011449 0.003718 -0.026557
v -0.003810 0.003718 -0.011643
v 0.008339 0.015448 -0.041504
v 0.002944 0.014367 -0.046150
v 0.012554 0.003718 -0.032860
v 0.002214 0.003718 -0.042590
v 0.015465 0.017031 -0.030569
v -0.002128 0.026023 -0.016235
vn 0.7058 0.0641 0.7055
vn 0.9566 -0.2381 0.1678
vn 0.7393 -0.2066 -0.6409
vn -0.9797 0.0238 -0.1991
vn 0.1984 0.9307 -0.3073
vn 0.1533 0.9326 -0.3268
vn 0.1100 0.9323 -0.3446
vn 0.2381 0.9271 -0.2894
vn -0.0000 -1.0000 -0.0000
vt 0.857960 0.000000
vt 1.000000 0.000000
vt 1.000000 0.272948
vt 0.442744 0.442744
vt 0.293007 0.293007
vt 0.655633 0.655633
vt 0.497321 0.497321
vt 1.000000 0.561470
vt 0.550909 0.000000
vt 0.615551 0.288944
vt 0.697492 0.697492
vt 0.561470 0.561470
vt 0.454807 0.000000
vt 0.545193 0.000000
vt 1.000000 0.730431
vt 1.000000 1.000000
vt 0.886115 0.828865
vt 0.449091 0.000000
vt 0.122868 0.415498
vt 0.111931 0.470479
vt 0.096335 0.472389
vt 0.111931 0.470479
vt 0.129151 0.415498
vt 0.134282 0.467046
vt 0.094891 0.004653
vt 0.092593 0.005605
vt 0.062137 0.018220
vt 0.073396 0.013556
s 0
f 1583/2502/1163 1567/2503/1163 1577/2504/1163 1576/2505/1163 1582/2506/1163
f 1582/2507/1164 1576/2508/1164 1580/2509/1164
f 1579/2510/1165 1578/2511/1165 1582/2512/1165 1580/2513/1165 1581/2514/1165
f 1581/2515/1166 1577/2516/1166 1567/2517/1166 1583/2518/1166 1579/2519/1166
s 1
f 1571/2520/1167 1573/2521/1168 1575/2522/1169
f 1573/2523/1168 1571/2524/1167 1569/2525/1170
f 1572/2526/1171 1568/2527/1171 1570/2528/1171 1574/2529/1171
o Wine_Glass_cell.061
v -0.006682 0.084219 -0.011122
v -0.008360 0.067049 -0.005286
v -0.008002 0.075943 -0.005604
v -0.003776 0.059107 -0.012363
v -0.004041 0.074777 -0.011578
v -0.007783 0.085837 -0.005862
v -0.008473 0.098447 -0.005572
v -0.008266 0.097329 -0.010983
v -0.008683 0.058434 -0.011401
v -0.008832 0.057945 -0.005138
v -0.008360 0.067049 -0.005286
v -0.008002 0.075943 -0.005604
v -0.004041 0.074777 -0.011578
v -0.003776 0.059107 -0.012363
v -0.008832 0.057945 -0.005138
v -0.007783 0.085837 -0.005862
v -0.007783 0.085837 -0.005862
v -0.007783 0.085837 -0.005862
v -0.006682 0.084219 -0.011122
v -0.006682 0.084219 -0.011122
v -0.006682 0.084219 -0.011122
v -0.008266 0.097329 -0.010983
v -0.008473 0.098447 -0.005572
v -0.008683 0.058434 -0.011401
vn 0.8290 -0.0195 0.5588
vn 0.9161 0.1108 0.3853
vn 0.9913 0.0860 0.0994
vn 0.1212 -0.9898 -0.0745
vn -0.9809 0.0716 -0.1810
vn -0.5627 0.0426 0.8256
vn 0.4670 0.0128 0.8842
vn -0.9992 0.0373 -0.0110
vn -0.7904 0.0480 -0.6106
vn -0.9209 0.0772 -0.3820
vn -0.1488 0.0316 -0.9884
vn -0.9854 -0.1021 -0.1363
vn -0.9982 -0.0540 -0.0270
vn -0.9957 -0.0693 -0.0617
vn -0.9787 -0.1164 -0.1690
vt 1.000000 0.339669
vt 1.000000 0.389493
vt 0.470241 0.199863
vt 0.000000 0.000000
vt 0.082220 0.000000
vt 0.980175 0.445033
vt 0.389493 0.389493
vt 0.339669 0.339669
vt 1.000000 0.407818
vt 0.949638 0.000000
vt 1.000000 0.045099
vt 0.447090 0.447090
vt 0.416102 0.401717
vt 0.917780 0.000000
vt 1.000000 0.000000
vt 0.950995 0.063828
vt 0.907502 0.151118
vt 0.908620 0.187856
vt 0.907982 0.168820
vt 0.218279 0.700437
vt 0.217869 0.716059
vt 0.214218 0.753901
vt 0.933796 0.129328
vt 0.934385 0.074250
vt 0.938019 0.073546
vt 0.157181 0.655524
vt 0.157660 0.624955
vt 0.158135 0.600047
vt 0.161658 0.599739
vt 0.936328 0.129112
vt 0.937302 0.158293
vt 0.934131 0.157990
vt 0.931054 0.129328
vt 0.930724 0.157571
vt 0.934385 0.074250
s 0
f 1596/2530/1172 1595/2531/1172 1594/2532/1172 1598/2533/1172 1597/2534/1172
f 1600/2535/1173 1595/2536/1173 1596/2537/1173 1603/2538/1173
f 1605/2539/1174 1606/2540/1174 1601/2541/1174 1604/2542/1174
f 1597/2543/1175 1598/2544/1175 1607/2545/1175
s 1
f 1589/2546/1176 1585/2547/1177 1586/2548/1178
f 1593/2549/1179 1585/2550/1177 1589/2551/1176
f 1589/2552/1176 1592/2553/1180 1593/2554/1179
f 1584/2555/1181 1588/2556/1182 1587/2557/1182 1592/2558/1180
f 1599/2559/1183 1590/2560/1184 1591/2561/1185
f 1602/2562/1186 1599/2552/1183 1591/2563/1185
f 1592/2564/1180 1589/2552/1176 1584/2562/1181
o Wine_Glass_cell.062
v -0.021538 0.168136 0.007892
v -0.025395 0.171819 0.006236
v -0.027832 0.176920 0.008289
v -0.019869 0.168421 0.002418
v -0.016637 0.159800 0.000264
v -0.013623 0.168421 -0.001797
v -0.020737 0.173513 0.007092
v -0.013990 0.168421 0.007609
v -0.008653 0.168421 0.004418
v -0.011844 0.156622 -0.001801
v -0.006243 0.160058 0.006182
v -0.006105 0.168421 -0.004569
v -0.025395 0.171819 0.006236
v -0.027832 0.176920 0.008289
v -0.019869 0.168421 0.002418
v -0.013623 0.168421 -0.001797
v -0.020737 0.173513 0.007092
v -0.020737 0.173513 0.007092
v -0.020737 0.173513 0.007092
v -0.020737 0.173513 0.007092
v -0.020737 0.173513 0.007092
v -0.013990 0.168421 0.007609
v -0.013990 0.168421 0.007609
v -0.013990 0.168421 0.007609
v -0.013990 0.168421 0.007609
v -0.008653 0.168421 0.004418
v -0.021538 0.168136 0.007892
v -0.021538 0.168136 0.007892
v -0.021538 0.168136 0.007892
v -0.021538 0.168136 0.007892
v -0.016637 0.159800 0.000264
v -0.006243 0.160058 0.006182
v -0.011844 0.156622 -0.001801
v -0.006105 0.168421 -0.004569
vn 0.2401 -0.1778 -0.9543
vn -0.8214 -0.0813 -0.5645
vn 0.0237 -0.1391 0.9900
vn 0.2842 0.6810 -0.6748
vn -0.3778 -0.0566 -0.9242
vn 0.9123 0.3174 0.2586
vn 0.8033 -0.4750 -0.3592
vn -0.2893 -0.7887 0.5425
vn -0.2499 -0.6655 0.7033
vn -0.2536 -0.6770 0.6909
vn -0.0318 -0.1426 -0.9893
vn 0.0294 0.3853 -0.9223
vn -0.2254 -0.5908 0.7747
vn 0.9532 -0.0994 0.2855
vn 0.7346 0.6393 0.2273
vn 0.3237 0.9401 0.1069
vn -0.0071 0.9999 0.0081
vt 0.366440 0.000000
vt 0.179572 0.179572
vt 0.274453 0.000000
vt 0.366440 0.366440
vt 0.274453 0.274453
vt 0.388204 0.230002
vt 0.442012 0.000000
vt 0.783803 0.123479
vt 0.707055 0.501470
vt 1.000000 0.784282
vt 0.689340 0.689340
vt 0.000000 0.000000
vt 0.256242 0.000000
vt 0.302888 0.284072
vt 1.000000 0.000000
vt 1.000000 0.689339
vt 0.917734 0.431999
vt 0.888179 0.222909
vt 0.911950 0.000000
vt 1.000000 0.076444
vt 1.000000 0.557988
vt 0.114674 0.000000
vt 0.256242 0.256242
vt 0.678147 0.000000
vt 0.911950 0.911950
vt 0.091608 0.000000
vt 0.681209 0.000000
vt 0.239121 0.573112
vt 0.249668 0.575210
vt 0.244971 0.586551
vt 0.791723 0.710417
vt 0.790266 0.698688
vt 0.803281 0.710417
vt 0.781896 0.690071
vt 0.784809 0.705063
vt 0.783455 0.698883
vt 0.534218 0.733773
vt 0.522877 0.732807
vt 0.525196 0.718966
vt 0.544610 0.712570
vt 0.786130 0.710581
vt 0.761371 0.788469
vt 0.747619 0.781467
vt 0.736440 0.767011
vt 0.738757 0.772604
vt 0.746930 0.780777
vt 0.757711 0.786953
s 0
f 1635/2565/1187 1620/2566/1187 1626/2567/1187
f 1636/2568/1188 1627/2569/1188 1622/2570/1188 1623/2571/1188 1638/2572/1188
f 1624/2573/1189 1621/2574/1189 1620/2575/1189 1639/2576/1189 1633/2577/1189 1629/2578/1189
f 1639/2579/1190 1620/2580/1190 1635/2581/1190 1630/2582/1190
f 1640/2583/1191 1638/2584/1191 1623/2585/1191 1641/2586/1191
f 1633/2587/1192 1639/2576/1192 1641/2588/1192
f 1640/2589/1193 1641/2590/1193 1639/2591/1193
s 1
f 1617/2592/1194 1618/2593/1195 1612/2594/1196
f 1634/2595/1197 1625/2596/1197 1632/2597/1197
f 1610/2598/1198 1628/2599/1198 1609/2600/1198
f 1612/2601/1196 1618/2602/1195 1631/2603/1199 1637/2604/1199
f 1614/2596/1200 1608/2595/1201 1611/2605/1202
f 1619/2606/1203 1613/2607/1203 1611/2608/1202 1608/2609/1201 1615/2610/1203 1616/2611/1203
o Wine_Glass_cell.063
v 0.046541 0.246156 -0.018775
v 0.044598 0.231927 -0.028918
v 0.034770 0.246216 -0.047541
v 0.045675 0.230595 -0.021307
v 0.042967 0.226543 -0.028242
v 0.039512 0.231927 -0.036528
v 0.048730 0.238945 -0.013618
v 0.046557 0.245593 -0.029729
v 0.042967 0.226543 -0.028242
v 0.039512 0.231927 -0.036528
v 0.045675 0.230595 -0.021307
v 0.034770 0.246216 -0.047541
v 0.046541 0.246156 -0.018775
v 0.048730 0.238945 -0.013618
v 0.046557 0.245593 -0.029729
vn -0.9273 -0.0198 0.3737
vn -0.9255 -0.0101 0.3787
vn 0.8220 -0.1505 -0.5492
vn 0.9266 -0.1103 -0.3596
vn 0.9097 -0.2024 -0.3625
vn 0.8175 -0.1823 -0.5463
vn 0.9863 -0.0645 -0.1515
vn 0.9790 -0.1249 -0.1609
vn 0.8794 -0.3116 -0.3600
vn 0.1290 0.9903 -0.0507
vt 0.718995 0.338180
vt 1.000000 0.478314
vt 0.991989 0.991989
vt 0.731802 0.515608
vt 1.000000 0.000000
vt 1.000000 1.000000
vt 0.523649 0.369789
vt 0.760436 0.000000
vt 0.347639 0.167040
vt 0.304183 0.165841
vt 0.307202 0.136072
vt 0.325871 0.135788
vt 0.280623 0.152774
vt 0.291663 0.136950
vt 0.304183 0.165841
vt 0.287373 0.167265
vt 0.270276 0.596088
vt 0.264949 0.585180
vt 0.278064 0.586533
vt 0.309530 0.124479
vt 0.036013 0.000000
vt 0.420778 0.350981
s 0
f 1650/2612/1204 1652/2613/1204 1653/2614/1204 1651/2615/1204
f 1654/2616/1205 1653/2617/1205 1652/2618/1205 1655/2619/1205
s 1
f 1644/2620/1206 1656/2621/1207 1643/2622/1208 1647/2623/1209
f 1648/2624/1210 1645/2625/1211 1643/2622/1208 1656/2626/1207 1642/2627/1210
f 1646/2628/1212 1643/2629/1208 1645/2630/1211
f 1643/2622/1208 1646/2631/1212 1647/2623/1209
s 0
f 1653/2617/1213 1654/2632/1213 1649/2633/1213
o Wine_Glass_cell.064
v -0.059190 0.274860 0.001220
v -0.056375 0.289662 -0.029270
v -0.056838 0.289274 -0.008181
v -0.057258 0.295921 0.000794
v -0.056254 0.306024 -0.006550
v -0.057682 0.289662 -0.022701
v -0.058600 0.280356 -0.024034
v -0.056963 0.284658 -0.029513
v -0.048509 0.288048 -0.034695
v -0.059251 0.267535 -0.008181
v -0.055127 0.289274 0.000422
v -0.054466 0.307818 0.000238
v -0.049449 0.306858 -0.032229
v -0.048942 0.306780 -0.026190
v -0.046794 0.296516 -0.040657
v -0.041683 0.298555 -0.040632
v -0.042645 0.302922 -0.044107
v -0.057682 0.289662 -0.022701
v -0.058600 0.280356 -0.024034
v -0.056963 0.284658 -0.029513
v -0.057258 0.295921 0.000794
v -0.054466 0.307818 0.000238
v -0.059190 0.274860 0.001220
v -0.059251 0.267535 -0.008181
v -0.056254 0.306024 -0.006550
v -0.056254 0.306024 -0.006550
v -0.056254 0.306024 -0.006550
v -0.055127 0.289274 0.000422
v -0.048942 0.306780 -0.026190
v -0.049449 0.306858 -0.032229
vn -0.9939 0.0899 -0.0636
vn -0.9968 0.0802 0.0031
vn -0.0708 -0.7742 -0.6290
vn 0.1818 0.0033 0.9833
vn 0.0561 -0.9983 -0.0176
vn -0.9373 0.2558 -0.2366
vn -0.9240 0.2913 -0.2476
vn -0.8774 0.3915 -0.2772
vn -0.2980 -0.9438 0.1426
vn -0.8401 0.1295 -0.5268
vn -0.8095 -0.5062 -0.2975
vn -0.9732 0.1238 -0.1936
vn -0.5499 0.1049 -0.8286
vn 0.9839 -0.1768 -0.0249
vn 0.9895 -0.1447 -0.0036
vn 0.9892 -0.1461 -0.0070
vn 0.9872 -0.1019 -0.1227
vn 0.9797 -0.1780 0.0928
vn 0.9524 -0.2498 0.1748
vn 0.9971 -0.0663 0.0372
vn 0.8085 -0.2295 0.5419
vn 0.1299 0.9810 -0.1439
vn 0.9936 -0.1116 0.0183
vn -0.9539 0.2327 0.1897
vt 1.000000 1.000000
vt 0.000000 0.000000
vt 1.000000 0.235792
vt 1.000000 0.540644
vt 0.235792 0.235792
vt 0.269102 0.000000
vt 0.781742 0.305713
vt 0.423411 0.303909
vt 0.540644 0.540644
vt 0.965296 0.000000
vt 1.000000 0.366718
vt 0.948007 0.948007
vt 0.944073 0.552127
vt 0.909355 0.909355
vt 0.322119 0.322119
vt 0.635986 0.432781
vt 0.615993 0.263861
vt 0.629647 0.263461
vt 0.660862 0.303649
vt 0.621269 0.303251
vt 0.610409 0.436420
vt 0.593184 0.437888
vt 0.598460 0.401414
vt 0.609522 0.401379
vt 0.636570 0.407113
vt 0.634222 0.410069
vt 0.624728 0.421204
vt 0.629647 0.263461
vt 0.615213 0.252762
vt 0.626367 0.242875
vt 0.592404 0.448455
vt 0.590179 0.117971
vt 0.577285 0.131665
vt 0.573659 0.084168
vt 0.587360 0.084943
vt 0.532776 0.083547
vt 0.530387 0.045698
vt 0.567622 0.044868
vt 0.491485 0.059250
vt 0.491934 0.049906
vt 0.512609 0.083830
vt 0.503810 0.073917
vt 0.580061 0.046102
vt 0.587360 0.084943
vt 0.567621 0.044868
vt 0.577251 0.131695
vt 0.533255 0.096871
vt 0.680685 0.303224
vt 0.665222 0.299206
vt 0.680685 0.276589
s 0
f 1666/2634/1214 1679/2635/1214 1677/2636/1214
f 1675/2637/1215 1666/2634/1215 1677/2638/1215 1681/2639/1215 1674/2640/1215
f 1676/2641/1216 1666/2634/1216 1675/2642/1216
f 1678/2643/1217 1677/2644/1217 1679/2645/1217 1667/2646/1217
f 1682/2647/1218 1669/2648/1218 1670/2649/1218
s 1
f 1658/2650/1219 1662/2651/1220 1661/2652/1221 1685/2653/1221
f 1665/2654/1222 1658/2655/1223 1685/2656/1223 1686/2657/1223 1673/2658/1224 1672/2659/1222 1671/2660/1222
f 1662/2661/1220 1658/2650/1219 1664/2662/1225 1663/2663/1225
f 1658/2655/1226 1665/2654/1226 1664/2664/1226
f 1657/2665/1227 1680/2666/1228 1659/2667/1229 1684/2668/1230
f 1659/2667/1229 1658/2669/1231 1685/2670/1232 1683/2671/1233
f 1672/2672/1222 1673/2673/1224 1685/2670/1234 1658/2669/1234 1665/2674/1222 1671/2675/1222
f 1668/2676/1235 1684/2677/1230 1659/2667/1229 1683/2678/1233
f 1680/2679/1228 1664/2680/1236 1658/2669/1231 1659/2667/1229
f 1668/2681/1235 1683/2682/1233 1660/2683/1237
o Wine_Glass_cell.065
v 0.048793 0.261185 -0.030655
v 0.044440 0.249071 -0.019155
v 0.049553 0.252436 -0.020008
v 0.046775 0.261187 -0.019503
v 0.048324 0.281689 -0.019904
v 0.043820 0.284602 -0.021294
v 0.033223 0.265588 -0.045617
v 0.042895 0.280540 -0.028212
v 0.036553 0.261185 -0.048973
v 0.035633 0.252999 -0.048108
v 0.032135 0.249786 -0.044114
v 0.041605 0.248672 -0.029551
v 0.046885 0.247878 -0.029865
v 0.048192 0.248072 -0.023443
v 0.033223 0.265588 -0.045617
v 0.042895 0.280540 -0.028212
v 0.036553 0.261185 -0.048973
v 0.036553 0.261185 -0.048973
v 0.035633 0.252999 -0.048108
v 0.032135 0.249786 -0.044114
v 0.032135 0.249786 -0.044114
v 0.032135 0.249786 -0.044114
v 0.041605 0.248672 -0.029551
v 0.046885 0.247878 -0.029865
v 0.048192 0.248072 -0.023443
v 0.046775 0.261187 -0.019503
v 0.046775 0.261187 -0.019503
v 0.048324 0.281689 -0.019904
v 0.043820 0.284602 -0.021294
v 0.044440 0.249071 -0.019155
v 0.044440 0.249071 -0.019155
v 0.044440 0.249071 -0.019155
v 0.049553 0.252436 -0.020008
vn -0.2714 0.0393 0.9617
vn 0.2005 0.6853 -0.7001
vn 0.7629 -0.3216 -0.5608
vn 0.9336 -0.2002 -0.2972
vn 0.9370 -0.1963 -0.2889
vn 0.9987 -0.0506 0.0114
vn 0.7911 0.3078 -0.5286
vn 0.7680 0.0951 -0.6333
vn 0.9610 0.1763 -0.2131
vn -0.0795 -0.1142 -0.9903
vn -0.8608 0.4331 0.2672
vn -0.7263 0.4761 0.4957
vn -0.8508 0.4385 0.2897
vn -0.9318 0.3619 0.0286
vn -0.6891 -0.4130 0.5955
vn 0.1670 -0.0039 0.9859
vn -0.7588 0.0165 -0.6511
vn -0.1531 -0.9870 0.0480
vn -0.9792 -0.2025 -0.0136
vt 1.000000 0.559581
vt 1.000000 0.594706
vt 0.323084 0.138240
vt 1.000000 0.688084
vt 1.000000 0.716848
vt 0.463580 0.373845
vt 0.346191 0.171576
vt 0.346550 0.181305
vt 0.345671 0.199124
vt 0.300739 0.199807
vt 0.303678 0.170818
vt 0.284255 0.200739
vt 0.286543 0.181659
vt 0.287690 0.172411
vt 0.293390 0.171820
vt 0.345738 0.209839
vt 0.303341 0.246115
vt 0.289061 0.258924
vt 0.287763 0.246201
vt 0.090273 0.664837
vt 0.131826 0.666053
vt 0.128399 0.691425
vt 0.089199 0.692886
vt 0.068826 0.664837
vt 0.084332 0.692742
vt 0.068714 0.691844
vt 0.131826 0.666053
vt 0.089348 0.622562
vt 0.131185 0.656427
vt 0.376753 0.209520
vt 0.000000 0.000000
vt 0.065501 0.000000
vt 1.000000 0.724468
vt 0.799813 0.684149
vt 1.000000 0.693627
vt 0.625634 0.625634
vt 0.006622 0.000000
vt 0.810605 0.755989
vt 1.000000 0.957424
vt 1.000000 1.000000
vt 0.073975 0.613689
s 0
f 1714/2684/1238 1692/2685/1238 1712/2686/1238
f 1704/2687/1239 1701/2688/1239 1702/2689/1239
s 1
f 1707/2690/1240 1705/2691/1240 1703/2692/1240 1687/2693/1241 1710/2694/1242
f 1710/2694/1242 1687/2693/1241 1713/2695/1243 1719/2696/1243 1717/2697/1243 1711/2698/1243
f 1687/2693/1244 1703/2699/1244 1694/2700/1244
f 1715/2701/1245 1691/2702/1246 1713/2695/1246 1687/2693/1246 1694/2700/1247
f 1687/2703/1248 1703/2704/1249 1706/2705/1249 1709/2706/1250
f 1713/2707/1251 1687/2703/1248 1709/2708/1250 1716/2709/1251
f 1703/2710/1252 1687/2703/1252 1694/2711/1252 1693/2712/1252
s 0
f 1690/2713/1253 1688/2714/1253 1689/2715/1253
f 1708/2716/1254 1695/2717/1254 1696/2718/1254
f 1698/2719/1255 1697/2720/1255 1699/2721/1255 1700/2722/1255 1718/2723/1255
s 1
f 1687/2703/1256 1713/2707/1256 1715/2724/1245 1694/2711/1247
o Wine_Glass_cell.066
v -0.008641 0.024578 -0.006295
v -0.009461 0.055701 -0.005869
v -0.013243 0.026603 -0.005431
v -0.010899 0.033402 -0.005930
v -0.013243 0.026603 -0.005431
v -0.009461 0.055701 -0.005869
v -0.010899 0.033402 -0.005930
vn 0.1810 -0.0087 0.9834
vn -0.1447 0.0039 -0.9895
vn -0.2625 0.0196 -0.9647
vt 1.000000 0.914571
vt 1.000000 1.000000
vt 0.019831 0.000000
vt 1.000000 0.000000
vt 0.933487 0.794496
vt 0.938689 0.686135
vt 0.215042 0.689860
vt 0.215380 0.641621
vt 0.218164 0.634087
s 0
f 1724/2725/1257 1720/2726/1257 1725/2727/1257
f 1725/2728/1258 1720/2726/1258 1724/2729/1258 1726/2730/1258
s 1
f 1721/2731/1259 1723/2732/1259 1722/2733/1259
o Wine_Glass_cell.067
v 0.019084 0.218469 0.030154
v 0.015272 0.231927 0.041880
v 0.013166 0.231909 0.036795
v 0.005333 0.226103 0.041947
v 0.005671 0.231927 0.043790
v 0.004336 0.225447 0.036879
v 0.004625 0.231909 0.038493
v 0.005087 0.245766 0.041151
v 0.021644 0.245710 0.034360
v 0.016018 0.244489 0.043682
v 0.020240 0.231909 0.032068
v 0.010965 0.214172 0.036915
v 0.004901 0.217868 0.039333
v 0.023586 0.243558 0.038455
v 0.022872 0.231927 0.036802
v 0.004336 0.225447 0.036879
v 0.004625 0.231909 0.038493
v 0.005333 0.226103 0.041947
v 0.005671 0.231927 0.043790
v 0.005087 0.245766 0.041151
v 0.021644 0.245710 0.034360
v 0.020240 0.231909 0.032068
v 0.004901 0.217868 0.039333
v 0.023586 0.243558 0.038455
v 0.022872 0.231927 0.036802
v 0.016018 0.244489 0.043682
v 0.019084 0.218469 0.030154
vn -0.9811 -0.0044 0.1936
vn 0.8976 -0.0164 -0.4405
vn 0.8476 0.0233 -0.5301
vn -0.9809 -0.0102 0.1943
vn 0.5492 -0.1505 0.8220
vn -0.1460 0.7478 0.6477
vn 0.3578 -0.2190 0.9078
vn 0.5911 -0.2862 0.7541
vn 0.1004 0.9875 -0.1217
vn 0.0801 -0.1396 0.9870
vn 0.1378 -0.9855 -0.0985
vn 0.1857 -0.3062 0.9337
vn 0.1082 -0.9941 -0.0011
vn -0.1143 -0.8818 -0.4576
vn -0.7144 0.3300 -0.6171
vn -0.6735 0.2225 -0.7049
vn -0.3951 0.2136 -0.8935
vn -0.0496 0.1642 -0.9852
vn -0.1598 -0.0116 -0.9871
vn 0.3266 0.8915 0.3139
vt 0.287842 0.000000
vt 0.342702 0.000000
vt 0.550836 0.163509
vt 1.000000 0.578587
vt 0.515982 0.183035
vt 0.042213 0.042213
vt 0.000000 0.000000
vt 1.000000 0.023594
vt 0.532633 0.024693
vt 1.000000 1.000000
vt 0.574424 0.000000
vt 0.687489 0.687489
vt 1.000000 0.657298
vt 1.000000 0.712158
vt 0.410243 0.532501
vt 0.425773 0.529725
vt 0.428441 0.557101
vt 0.410219 0.561049
vt 0.468719 0.532402
vt 0.470262 0.561228
vt 0.450301 0.562928
vt 0.447911 0.535061
vt 0.457824 0.605649
vt 0.471785 0.574597
vt 0.473847 0.593508
vt 0.410219 0.561049
vt 0.426726 0.597614
vt 0.411346 0.592067
vt 0.844488 0.151519
vt 0.824791 0.152146
vt 0.824559 0.123557
vt 0.843334 0.123557
vt 0.861088 0.125069
vt 0.863500 0.153878
vt 0.841398 0.088038
vt 0.824354 0.096618
vt 0.846019 0.089886
vt 0.857995 0.097451
vt 0.859639 0.111795
vt 1.000000 0.042213
vt 0.763088 0.205120
vt 1.000000 0.000000
s 0
f 1742/2734/1260 1744/2735/1260 1745/2736/1260 1746/2737/1260 1743/2738/1260
f 1747/2739/1261 1750/2740/1261 1753/2741/1261 1748/2742/1261
f 1753/2743/1262 1750/2740/1262 1751/2744/1262
f 1739/2745/1263 1744/2746/1263 1742/2747/1263
s 1
f 1740/2748/1264 1752/2749/1265 1728/2750/1266 1741/2751/1267
f 1734/2752/1268 1731/2753/1269 1728/2754/1266 1752/2755/1265
f 1738/2756/1270 1728/2754/1266 1731/2753/1269 1730/2757/1271 1749/2758/1272
f 1741/2759/1267 1728/2750/1266 1738/2760/1270 1727/2761/1273
f 1752/2762/1265 1735/2763/1274 1737/2764/1275 1729/2765/1276
f 1729/2765/1276 1733/2766/1277 1734/2767/1268 1752/2762/1265
f 1738/2768/1270 1729/2765/1276 1737/2764/1275 1727/2769/1273
f 1733/2766/1277 1729/2765/1276 1738/2770/1270 1749/2771/1272 1732/2772/1278
s 0
f 1747/2773/1279 1736/2774/1279 1750/2775/1279
o Wine_Glass_cell.068
v 0.048940 0.008547 0.014353
v 0.036175 0.008547 0.033458
v 0.051080 0.003718 0.015240
v 0.037813 0.003718 0.035096
v 0.026581 0.003718 0.037651
v 0.027868 0.008547 0.039008
v 0.016327 0.003718 0.021040
v 0.019138 0.013875 0.024061
v 0.021919 0.014644 0.019202
v 0.028793 0.015142 0.006008
v 0.026840 0.003718 0.000217
v 0.032101 0.014565 -0.001032
v 0.030752 0.003718 -0.006870
v 0.035074 0.014015 -0.006838
v 0.042393 0.011815 -0.007051
v 0.037843 0.003718 -0.007047
v 0.055508 0.003718 -0.007019
v 0.053193 0.008547 -0.007030
v 0.027868 0.008547 0.039008
v 0.019138 0.013875 0.024061
v 0.026581 0.003718 0.037651
v 0.016327 0.003718 0.021040
v 0.026840 0.003718 0.000217
v 0.021919 0.014644 0.019202
v 0.028793 0.015142 0.006008
v 0.032101 0.014565 -0.001032
v 0.035074 0.014015 -0.006838
v 0.030752 0.003718 -0.006870
v 0.042393 0.011815 -0.007051
v 0.037843 0.003718 -0.007047
v 0.055508 0.003718 -0.007019
v 0.053193 0.008547 -0.007030
vn -0.8483 0.0790 0.5236
vn -0.8342 0.3561 -0.4212
vn -0.8214 0.3462 -0.4534
vn -0.0250 0.0135 -0.9996
vn 0.0016 -0.0014 -1.0000
vn 0.2301 -0.7997 0.5546
vn 0.5300 -0.5513 0.6443
vn 0.4776 0.6673 0.5715
vn 0.3404 0.5900 0.7322
vn 0.8053 -0.4901 0.3336
vn 0.6263 0.7351 0.2594
vn 0.8589 -0.4828 0.1708
vn 0.6715 0.7289 0.1336
vn 0.2890 0.9556 0.0575
vn 0.2665 0.9572 0.1131
vn 0.2124 0.9571 0.1970
vn 0.1637 0.9556 0.2450
vn -0.0000 -1.0000 -0.0000
vt 0.644941 0.591923
vt 1.000000 0.366034
vt 1.000000 0.472254
vt 0.620114 0.620114
vt 1.000000 0.542897
vt 0.472254 0.472254
vt 0.366034 0.366034
vt 0.486936 0.375251
vt 0.819870 0.415308
vt 1.000000 0.444646
vt 0.444646 0.444646
vt 0.452030 0.000000
vt 0.545800 0.000000
vt 0.542897 0.542897
vt 1.000000 0.547970
vt 0.545440 0.000000
vt 0.608924 0.000000
vt 1.000000 0.454200
vt 0.608933 0.424092
vt 0.608924 0.608924
vt 0.545440 0.545440
vt 0.571066 0.438839
vt 0.824617 0.834417
vt 0.823968 0.812232
vt 0.834953 0.811235
vt 0.835549 0.831605
vt 0.823968 0.759531
vt 0.834953 0.760528
vt 0.825322 0.713257
vt 0.836254 0.716076
vt 0.203494 0.439649
vt 0.205157 0.425349
vt 0.207719 0.408373
vt 0.254921 0.417762
vt 0.236508 0.462215
vt 0.216663 0.449012
vt 0.211282 0.375736
vt 0.254921 0.367056
vt 0.246483 0.346686
vt 0.212136 0.363409
vt 0.242931 0.055584
vt 0.207515 0.020168
vt 0.158825 0.000000
vt 0.129012 0.000000
vt 0.102734 0.001404
vt 0.129700 0.000000
vt 0.140082 0.000000
vt 0.158934 0.000045
s 0
f 1772/2776/1280 1773/2777/1280 1775/2778/1280 1774/2779/1280
f 1776/2780/1281 1775/2781/1281 1773/2782/1281 1777/2783/1281 1778/2784/1281 1779/2785/1281
f 1779/2786/1282 1780/2787/1282 1781/2788/1282 1776/2789/1282
f 1780/2790/1283 1782/2791/1283 1783/2792/1283 1781/2793/1283
f 1784/2794/1284 1783/2795/1284 1782/2796/1284 1785/2797/1284
s 1
f 1758/2798/1285 1757/2799/1286 1755/2800/1287 1759/2801/1288
f 1756/2802/1289 1754/2803/1290 1755/2800/1287 1757/2799/1286
f 1754/2803/1290 1756/2802/1289 1770/2804/1291 1771/2805/1292
f 1767/2806/1293 1765/2807/1293 1763/2808/1294 1754/2809/1290 1771/2810/1292 1768/2811/1293
f 1762/2812/1295 1755/2813/1287 1754/2809/1290 1763/2808/1294
f 1759/2814/1288 1755/2813/1287 1762/2812/1295 1761/2815/1296
f 1770/2816/1291 1756/2817/1289 1757/2818/1286 1758/2819/1285 1760/2820/1297 1764/2821/1297 1766/2822/1297 1769/2823/1297
o Wine_Glass_cell.069
v -0.005261 0.132202 -0.005871
v -0.004725 0.123221 -0.006219
v -0.001541 0.126517 0.001289
v -0.006831 0.128673 0.002100
v -0.005633 0.118255 -0.001441
v -0.000657 0.120766 -0.002157
v -0.006831 0.128673 0.002100
v -0.005633 0.118255 -0.001441
v -0.001541 0.126517 0.001289
v -0.000657 0.120766 -0.002157
vn -0.9768 -0.0408 -0.2104
vn 0.3961 0.8082 0.4358
vn -0.9707 -0.0488 -0.2353
vn 0.8670 0.2010 -0.4559
vn 0.3428 -0.4435 0.8281
vn 0.1092 -0.3603 0.9264
vn 0.2089 -0.3986 0.8930
vn 0.0146 -0.3203 0.9472
vn 0.2536 -0.6944 -0.6735
vt 0.089126 0.089126
vt 0.000000 0.000000
vt 0.337868 0.000000
vt 0.931053 0.000000
vt 1.000000 0.000000
vt 0.984259 0.125063
vt 1.000000 0.662132
vt 1.000000 1.000000
vt 0.943417 0.000000
vt 0.924417 0.600945
vt 0.189395 0.689751
vt 0.196591 0.679160
vt 0.192905 0.694494
vt 0.894716 0.073656
vt 0.891030 0.057096
vt 0.899185 0.056401
vt 0.257431 0.257431
vt 0.101923 0.000000
s 0
f 1792/2824/1298 1786/2825/1298 1793/2826/1298
f 1794/2827/1299 1786/2828/1299 1792/2829/1299
f 1787/2825/1300 1793/2830/1300 1786/2831/1300
f 1795/2832/1301 1787/2828/1301 1786/2831/1301 1794/2833/1301
s 1
f 1791/2834/1302 1788/2835/1303 1790/2836/1304
f 1790/2837/1304 1788/2838/1303 1789/2839/1305
s 0
f 1793/2840/1306 1787/2825/1306 1795/2841/1306
o Wine_Glass_cell.070
v 0.026902 0.327917 -0.040548
v 0.032961 0.326325 -0.025248
v 0.037122 0.308486 -0.026782
v 0.027434 0.308950 -0.041080
v 0.014756 0.308520 -0.049676
v 0.012449 0.327917 -0.045579
vn 0.4427 0.1396 -0.8858
vn 0.6863 0.1456 -0.7126
vn 0.6935 0.1456 -0.7055
vn 0.8784 0.1377 -0.4578
vt 0.386833 0.306243
vt 0.385492 0.348531
vt 0.350958 0.348045
vt 0.349603 0.306781
vt 0.316753 0.348566
vt 0.311299 0.306235
s 1
f 1800/2842/1307 1801/2843/1307 1796/2844/1308 1799/2845/1309
f 1796/2844/1308 1797/2846/1310 1798/2847/1310 1799/2845/1309
o Wine_Glass_cell.071
v -0.004118 0.131982 -0.008207
v -0.004153 0.123776 -0.008228
v 0.004787 0.126517 -0.008181
v -0.002355 0.126020 -0.017605
v 0.001633 0.121758 -0.012121
v 0.000687 0.120948 -0.003428
v 0.002329 0.126517 -0.001748
v 0.001982 0.128516 -0.015628
v 0.004560 0.130797 -0.004029
v 0.001633 0.121758 -0.012121
v -0.002355 0.126020 -0.017605
v 0.000687 0.120948 -0.003428
v 0.002329 0.126517 -0.001748
v 0.001982 0.128516 -0.015628
v 0.004560 0.130797 -0.004029
v 0.004787 0.126517 -0.008181
vn -0.4833 -0.8259 -0.2904
vn -0.4024 -0.9064 -0.1284
vn -0.7067 -0.0013 0.7075
vn -0.2126 0.8066 -0.5516
vn 0.1145 0.9925 0.0438
vn 0.5227 0.8519 0.0317
vn 0.8662 -0.4073 -0.2896
vn 0.5615 -0.4039 -0.7222
vn 0.7134 -0.3515 -0.6062
vn 0.9156 -0.3986 0.0539
vn 0.8806 -0.4079 0.2413
vn 0.8566 -0.4884 0.1666
vn 0.8955 -0.2846 0.3421
vn -0.9823 0.0047 -0.1873
vt 1.000000 0.685481
vt 1.000000 1.000000
vt 0.387000 0.312667
vt 1.000000 0.923214
vt 0.991419 0.921588
vt 0.913784 0.000000
vt 1.000000 0.000000
vt 0.934068 0.934068
vt 0.804700 0.804700
vt 0.000000 0.000000
vt 0.435050 0.386201
vt 1.000000 0.916953
vt 0.923652 0.923652
vt 0.978417 0.912438
vt 1.000000 0.921955
vt 0.916953 0.916953
vt 0.151624 0.739585
vt 0.150908 0.747528
vt 0.142752 0.747723
vt 0.145424 0.736861
vt 0.136508 0.748131
vt 0.174391 0.691384
vt 0.171453 0.679160
vt 0.179608 0.679399
vt 0.175487 0.691473
vt 0.179350 0.670070
vt 1.000000 0.225461
s 0
f 1811/2848/1311 1803/2849/1311 1812/2850/1311
f 1813/2851/1312 1803/2849/1312 1811/2852/1312
f 1814/2853/1313 1802/2854/1313 1803/2849/1313 1813/2855/1313
f 1812/2856/1314 1802/2857/1314 1815/2858/1314
f 1817/2859/1315 1802/2849/1315 1814/2860/1315 1816/2861/1315
f 1815/2862/1316 1802/2849/1316 1817/2863/1316
s 1
f 1806/2864/1317 1805/2865/1318 1809/2866/1319
f 1806/2867/1317 1809/2866/1319 1804/2868/1320
f 1806/2869/1317 1804/2870/1320 1808/2871/1321 1807/2872/1322
f 1808/2871/1321 1804/2870/1320 1810/2873/1323
s 0
f 1812/2874/1324 1803/2849/1324 1802/2857/1324
o Wine_Glass_cell.072
v -0.002932 0.137856 -0.007996
v 0.004721 0.136460 -0.002869
v 0.006146 0.136217 -0.008181
v 0.004971 0.141548 -0.009371
v 0.004721 0.136460 -0.002869
v 0.006146 0.136217 -0.008181
v 0.004971 0.141548 -0.009371
vn -0.1778 -0.9841 -0.0026
vn -0.0614 -0.2303 -0.9712
vn -0.2553 0.7662 0.5897
vn 0.9357 0.2595 0.2390
vt 1.000000 0.000000
vt 0.981595 0.068793
vt 0.922525 0.000000
vt 0.000000 0.000000
vt 0.135712 0.061467
vt 0.083245 0.083245
vt 1.000000 0.600451
vt 1.000000 1.000000
vt 0.855934 0.785441
vt 0.169787 0.657985
vt 0.169609 0.655716
vt 0.179015 0.657940
s 0
f 1818/2875/1325 1823/2876/1325 1822/2877/1325
f 1818/2878/1326 1824/2879/1326 1823/2880/1326
f 1824/2881/1327 1818/2882/1327 1822/2883/1327
s 1
f 1820/2884/1328 1821/2885/1328 1819/2886/1328
o Wine_Glass_cell.073
v -0.026200 0.231927 -0.058243
v -0.024094 0.231909 -0.053158
v -0.026436 0.246711 -0.055057
v -0.033115 0.246794 -0.050614
v -0.005791 0.223533 -0.059550
v -0.005245 0.226708 -0.055474
v -0.005355 0.209857 -0.055109
v -0.005469 0.231909 -0.056862
v -0.006485 0.242091 -0.063742
v -0.006212 0.231927 -0.062219
v -0.006034 0.247858 -0.059915
v -0.026978 0.245019 -0.060120
v -0.034045 0.245562 -0.055498
v -0.031906 0.218033 -0.049056
v -0.031452 0.231909 -0.048241
v -0.034469 0.231927 -0.052718
v -0.005464 0.205886 -0.050128
v -0.010797 0.206672 -0.053025
v -0.023800 0.212798 -0.052448
v -0.006485 0.242091 -0.063742
v -0.006485 0.242091 -0.063742
v -0.006485 0.242091 -0.063742
v -0.006212 0.231927 -0.062219
v -0.005791 0.223533 -0.059550
v -0.026978 0.245019 -0.060120
v -0.026978 0.245019 -0.060120
v -0.026978 0.245019 -0.060120
v -0.034045 0.245562 -0.055498
v -0.031906 0.218033 -0.049056
v -0.034469 0.231927 -0.052718
v -0.033115 0.246794 -0.050614
v -0.033115 0.246794 -0.050614
v -0.033115 0.246794 -0.050614
v -0.026436 0.246711 -0.055057
v -0.005245 0.226708 -0.055474
v -0.005355 0.209857 -0.055109
v -0.005469 0.231909 -0.056862
v -0.006034 0.247858 -0.059915
v -0.031452 0.231909 -0.048241
vn 0.9920 -0.0092 -0.1258
vn 0.9905 0.0060 -0.1374
vn -0.0671 0.5554 -0.8289
vn -0.8293 -0.0046 0.5589
vn -0.7269 -0.1154 -0.6770
vn -0.5020 -0.1383 -0.8537
vn -0.4234 -0.2310 -0.8760
vn -0.6353 -0.2129 -0.7424
vn -0.1929 -0.1505 -0.9696
vn -0.1831 -0.2388 -0.9537
vn -0.1717 -0.3260 -0.9296
vn 0.6166 -0.2733 -0.7383
vn 0.7934 -0.3243 0.5150
vn -0.4949 -0.8334 0.2459
vn -0.3957 -0.9059 0.1506
vn -0.2055 -0.9539 0.2185
vn 0.3808 0.1723 0.9085
vn 0.1321 0.2270 0.9649
vn 0.1871 0.3327 0.9243
vn 0.4703 0.2822 0.8361
vn 0.6122 0.0994 0.7845
vn 0.9960 0.0122 0.0882
vn -0.1292 0.9564 -0.2619
vn 0.7273 0.1994 0.6568
vt 0.503534 0.148001
vt 1.000000 0.612854
vt 1.000000 0.654818
vt 1.000000 0.617500
vt 0.761675 0.640693
vt 0.654818 0.654818
vt 0.612854 0.612854
vt 0.791874 0.585096
vt 0.924048 0.924048
vt 0.991683 0.327502
vt 0.999526 0.999526
vt 0.855236 0.476139
vt 0.980178 0.980178
vt 0.821644 0.502205
vt 0.707884 0.000000
vt 0.661947 0.528607
vt 0.666317 0.528865
vt 0.684954 0.530075
vt 0.684079 0.559256
vt 0.662131 0.559256
vt 0.726998 0.540200
vt 0.725631 0.562795
vt 0.725631 0.562795
vt 0.723131 0.582037
vt 0.719635 0.605815
vt 0.716116 0.625799
vt 0.705946 0.619653
vt 0.681378 0.603362
vt 0.662345 0.591293
vt 0.662131 0.559256
vt 0.681378 0.603362
vt 0.873500 0.482542
vt 0.912218 0.479244
vt 0.910471 0.502899
vt 0.909681 0.512381
vt 0.869922 0.513209
vt 0.459083 0.252873
vt 0.452773 0.212513
vt 0.470807 0.211732
vt 0.473893 0.241441
vt 0.912218 0.479244
vt 0.879243 0.445226
vt 0.904100 0.431613
vt 0.915128 0.426040
vt 0.916378 0.425732
vt 0.915790 0.437912
vt 0.913300 0.468611
vt 0.912243 0.478979
vt 0.914841 0.210687
vt 0.963233 0.000000
vt 1.000000 0.000000
vt 1.000000 0.290920
vt 0.470807 0.211732
vt 0.448734 0.179808
vt 0.451695 0.179472
vt 0.468501 0.183589
s 0
f 1860/2887/1329 1848/2888/1329 1859/2889/1329
f 1844/2890/1330 1832/2891/1330 1859/2892/1330 1848/2893/1330 1847/2894/1330
f 1845/2895/1331 1850/2896/1331 1862/2897/1331
f 1839/2898/1332 1857/2899/1332 1854/2900/1332 1853/2901/1332
s 1
f 1856/2902/1333 1852/2903/1333 1849/2904/1334 1825/2905/1335 1840/2906/1336
f 1846/2907/1337 1834/2908/1338 1825/2905/1335 1849/2904/1334
f 1825/2905/1335 1834/2909/1338 1829/2910/1339 1831/2911/1340 1841/2912/1341 1842/2913/1342 1843/2914/1343
f 1838/2915/1344 1840/2916/1336 1825/2905/1335 1843/2917/1343
f 1826/2918/1345 1861/2919/1346 1833/2920/1347 1835/2921/1347 1836/2922/1348
f 1843/2923/1343 1826/2924/1345 1863/2925/1349 1838/2926/1344
f 1861/2927/1346 1826/2918/1345 1843/2928/1343 1842/2929/1342 1841/2930/1341
f 1841/2931/1341 1831/2932/1340 1830/2933/1350 1861/2934/1346
s 0
f 1851/2935/1351 1837/2936/1351 1855/2937/1351 1858/2938/1351
s 1
f 1863/2939/1349 1826/2924/1345 1836/2940/1348 1827/2941/1352 1828/2942/1352
o Wine_Glass_cell.074
v -0.046990 0.261185 0.033345
v -0.050984 0.274448 0.024391
v -0.045144 0.281720 0.031498
v -0.036822 0.287579 0.036180
v -0.052441 0.261185 0.025188
v -0.050423 0.244657 0.023680
v -0.049280 0.235378 0.022849
v -0.045333 0.238224 0.020304
v -0.044681 0.240137 0.031035
v -0.034441 0.248735 0.033819
v -0.041357 0.242381 0.027711
v -0.037195 0.250719 0.037974
v -0.038202 0.261185 0.039217
v -0.037178 0.279668 0.037129
v -0.050423 0.244657 0.023680
v -0.049280 0.235378 0.022849
v -0.034441 0.248735 0.033819
v -0.041357 0.242381 0.027711
v -0.044681 0.240137 0.031035
v -0.045333 0.238224 0.020304
v -0.037195 0.250719 0.037974
v -0.038202 0.261185 0.039217
vn -0.5459 0.0078 -0.8378
vn 0.5767 -0.7727 0.2652
vn -0.5492 -0.1505 0.8220
vn -0.6987 -0.1534 0.6987
vn -0.7585 -0.1528 0.6336
vn -0.6271 0.6244 -0.4657
vn -0.9200 0.3886 -0.0519
vn -0.8220 -0.1505 0.5492
vn -0.5513 0.1238 0.8251
vn -0.6436 0.1258 0.7550
vn -0.7015 0.1261 0.7015
vn -0.8251 0.1238 0.5513
vn 0.5301 0.3876 -0.7542
vn 0.4405 0.4136 -0.7968
vn 0.5592 0.3778 -0.7379
vn 0.6142 0.3574 -0.7036
vn 0.8368 0.0155 0.5473
vt 0.331521 0.331521
vt 0.756768 0.000000
vt 0.845451 0.000000
vt 0.963229 0.000000
vt 1.000000 0.000000
vt 0.987106 0.464107
vt 0.845451 0.845451
vt 0.756768 0.756768
vt 0.886474 0.418846
vt 0.565548 0.519436
vt 0.567193 0.496189
vt 0.588744 0.498025
vt 0.581499 0.541822
vt 0.755563 0.200701
vt 0.735560 0.200116
vt 0.733165 0.164086
vt 0.731858 0.143860
vt 0.751558 0.154790
vt 0.565877 0.457290
vt 0.565513 0.440659
vt 0.585543 0.454659
vt 0.735560 0.200116
vt 0.752361 0.246246
vt 0.734462 0.229561
vt 0.776104 0.500654
vt 0.797517 0.500654
vt 0.797891 0.528443
vt 0.777711 0.542624
vt 0.760080 0.534154
vt 0.757879 0.501188
vt 0.761333 0.552391
vt 0.365255 0.166025
vt 0.000000 0.000000
vt 0.036771 0.000000
s 0
f 1869/2943/1353 1883/2944/1353 1879/2945/1353
f 1880/2946/1354 1875/2947/1354 1882/2948/1354 1879/2949/1354 1883/2950/1354 1881/2951/1354
s 1
f 1884/2952/1355 1885/2953/1355 1864/2954/1356 1872/2955/1357
f 1864/2956/1356 1868/2957/1358 1878/2958/1359 1870/2959/1360 1872/2960/1357
f 1877/2961/1361 1867/2962/1361 1866/2963/1362 1864/2954/1363 1885/2953/1361
f 1868/2964/1364 1864/2956/1363 1866/2965/1362 1865/2966/1364
f 1864/2967/1365 1885/2968/1366 1873/2969/1366 1874/2970/1367
f 1878/2971/1359 1868/2972/1358 1864/2967/1365 1874/2970/1367 1871/2973/1368
s 0
f 1876/2974/1369 1875/2975/1369 1880/2976/1369
o Wine_Glass_cell.075
v -0.005464 0.202667 0.036410
v -0.013607 0.210303 0.037294
v -0.012738 0.202667 0.034963
v -0.014133 0.215527 0.038903
v -0.005464 0.216073 0.040806
v 0.003694 0.216227 0.039035
v 0.011740 0.210256 0.035476
v 0.010623 0.202667 0.033210
v 0.006094 0.187273 0.024366
v 0.000540 0.186772 0.025153
v -0.009030 0.186730 0.025612
vn 0.1272 -0.5408 0.8315
vn 0.1600 -0.4183 0.8941
vn -0.0006 -0.4236 0.9058
vn 0.0647 -0.5419 0.8380
vn -0.1775 -0.4147 0.8925
vn -0.1857 -0.3062 0.9337
vn 0.0052 -0.3116 0.9502
vn 0.1857 -0.3062 0.9337
vt 0.477709 0.666352
vt 0.464097 0.629569
vt 0.497540 0.626720
vt 0.501992 0.666598
vt 0.489391 0.666593
vt 0.501992 0.666598
vt 0.513909 0.626720
vt 0.515230 0.597071
vt 0.514785 0.609115
vt 0.495648 0.595811
vt 0.460242 0.609870
vt 0.476587 0.597078
vt 0.464097 0.629569
s 1
f 1894/2977/1370 1893/2978/1371 1886/2979/1372 1896/2980/1373 1895/2981/1370
f 1896/2982/1373 1886/2979/1372 1888/2983/1374
f 1889/2984/1375 1887/2985/1375 1888/2983/1374 1886/2979/1372 1890/2986/1376
f 1892/2987/1377 1891/2988/1377 1890/2986/1376 1886/2979/1372 1893/2989/1371
o Wine_Glass_cell.076
v 0.015389 0.261187 -0.058525
v 0.032325 0.265739 -0.046612
v -0.003188 0.266439 -0.061637
v 0.014581 0.280221 -0.056573
v 0.034680 0.252809 -0.049098
v 0.035642 0.261185 -0.049988
v 0.030260 0.249028 -0.045742
v 0.031008 0.247819 -0.050638
v 0.014391 0.248050 -0.056117
v -0.004530 0.261185 -0.066723
v -0.004563 0.251655 -0.065250
v -0.004381 0.249095 -0.060058
v 0.034680 0.252809 -0.049098
v 0.035642 0.261185 -0.049988
v -0.004530 0.261185 -0.066723
v -0.004563 0.251655 -0.065250
v 0.030260 0.249028 -0.045742
v 0.030260 0.249028 -0.045742
v 0.030260 0.249028 -0.045742
v 0.032325 0.265739 -0.046612
v 0.031008 0.247819 -0.050638
v 0.014391 0.248050 -0.056117
v 0.014391 0.248050 -0.056117
v -0.004381 0.249095 -0.060058
vn 0.6547 -0.0260 0.7555
vn -0.0881 -0.9701 0.2263
vn 0.4003 -0.1701 -0.9004
vn 0.4644 0.0530 -0.8841
vn 0.4604 0.0363 -0.8870
vn -0.2850 0.9577 0.0392
vn -0.1619 0.9851 -0.0570
vn 0.2320 0.2660 -0.9356
vn -0.2740 0.3336 0.9020
vn -0.5727 0.1473 0.8064
vn -0.5685 0.0369 0.8219
vn 0.0432 -0.8955 -0.4430
vn -0.9992 0.0097 0.0399
vn 0.3877 -0.1726 -0.9055
vt 0.890666 0.705761
vt 0.715327 0.715327
vt 0.684543 0.684543
vt 0.880245 0.676423
vt 0.396264 0.162544
vt 0.295316 0.295316
vt 0.262069 0.262069
vt 0.397537 0.169670
vt 0.398038 0.199807
vt 0.348588 0.199112
vt 0.349518 0.180883
vt 0.351418 0.171257
vt 0.358297 0.170138
vt 0.390639 0.242178
vt 0.348629 0.210170
vt 0.439081 0.214095
vt 0.396273 0.245402
vt 0.442793 0.201747
vt 0.920082 0.513689
vt 0.955527 0.512679
vt 0.956650 0.539890
vt 0.911748 0.539890
vt 0.997066 0.527771
vt 0.998993 0.543497
vt 0.955527 0.512679
vt 0.433335 0.000000
vt 0.351571 0.144063
vt 0.384642 0.000000
vt 0.607281 0.000000
vt 0.861875 0.315103
vt 0.560848 0.000000
vt 0.442793 0.201747
vt 0.441342 0.180938
vt 0.998437 0.553525
vt 0.955740 0.581939
s 0
f 1898/2990/1378 1913/2991/1378 1909/2992/1378 1910/2993/1378
f 1905/2994/1379 1917/2995/1379 1914/2996/1379
s 1
f 1918/2997/1380 1897/2998/1381 1902/2999/1382 1901/3000/1380 1915/3001/1380 1904/3002/1380
f 1900/3003/1383 1916/3004/1384 1902/2999/1382 1897/2998/1381
f 1899/3005/1385 1900/3006/1385 1897/2998/1385 1906/3007/1385
f 1920/3008/1386 1918/3009/1386 1897/3010/1386 1906/3011/1386
f 1903/3012/1387 1916/3013/1384 1897/3010/1388 1918/3014/1387
s 0
f 1912/3015/1389 1919/3016/1389 1908/3017/1389
f 1908/3018/1390 1911/3019/1390 1912/3020/1390
s 1
f 1906/3021/1391 1897/2998/1391 1918/2997/1391 1907/3022/1391
f 1916/3023/1384 1900/3024/1383 1897/3010/1388
o Wine_Glass_cell.077
v 0.007706 0.159800 -0.013637
v -0.004119 0.163107 -0.025532
v -0.004215 0.168421 -0.020814
v -0.004484 0.168136 -0.030718
v 0.001412 0.168421 -0.025030
v 0.007662 0.164035 -0.021307
v 0.007380 0.168421 -0.010956
v 0.011014 0.163321 -0.015007
v -0.003453 0.168421 -0.012638
v -0.001401 0.159800 -0.021629
v 0.002298 0.157809 -0.015944
v 0.003744 0.168421 -0.004989
v 0.011101 0.162071 -0.008181
v 0.006500 0.158625 -0.006383
v -0.001283 0.168421 -0.007799
v -0.004119 0.163107 -0.025532
v -0.004484 0.168136 -0.030718
v -0.004215 0.168421 -0.020814
v -0.003453 0.168421 -0.012638
v 0.001412 0.168421 -0.025030
v 0.007380 0.168421 -0.010956
v 0.011014 0.163321 -0.015007
v 0.007662 0.164035 -0.021307
v 0.011101 0.162071 -0.008181
v -0.001283 0.168421 -0.007799
v -0.001401 0.159800 -0.021629
v 0.002298 0.157809 -0.015944
v 0.006500 0.158625 -0.006383
v 0.003744 0.168421 -0.004989
vn 0.8425 0.5316 0.0866
vn -0.7674 -0.5344 0.3542
vn -0.9299 -0.3206 0.1801
vn -0.9987 -0.0433 0.0284
vn -0.4721 -0.2530 0.8445
vn 0.4177 -0.7696 -0.4829
vn 0.5305 -0.8201 -0.2145
vn 0.5478 -0.8324 -0.0838
vn 0.3891 -0.5794 -0.7162
vn 0.5522 -0.5126 -0.6575
vn 0.6164 0.2650 -0.7415
vn 0.4735 0.4787 -0.7394
vn -0.0036 1.0000 -0.0047
vn 0.6405 -0.7637 -0.0806
vn 0.5793 -0.7667 -0.2769
vn 0.4054 -0.6787 -0.6124
vn 0.5853 0.2992 0.7536
vn 0.6604 0.6977 -0.2776
vt 0.432598 0.432598
vt 0.265086 0.000000
vt 0.430237 0.000000
vt 1.000000 0.214246
vt 0.704567 0.537284
vt 0.325068 0.085478
vt 0.278856 0.000000
vt 0.863498 0.000000
vt 0.769317 0.769317
vt 0.214246 0.214246
vt 1.000000 0.528331
vt 1.000000 0.798711
vt 0.747737 0.331843
vt 0.201289 0.000000
vt 0.471669 0.000000
vt 1.000000 0.048307
vt 0.824721 0.824721
vt 0.385080 0.000000
vt 0.206093 0.550036
vt 0.201333 0.542914
vt 0.209381 0.548085
vt 0.183395 0.572537
vt 0.180678 0.573631
vt 0.169609 0.567514
vt 0.173573 0.560074
vt 0.766806 0.789698
vt 0.767150 0.789698
vt 0.768865 0.789698
vt 0.775301 0.789698
vt 0.786227 0.787130
vt 0.790967 0.785166
vt 0.779812 0.789698
vt 0.211680 0.533217
vt 0.212674 0.538216
vt 0.196944 0.536344
vt 0.192653 0.551594
vt 0.184750 0.546313
vt 0.184750 0.546313
vt 0.187956 0.562935
vt 0.173573 0.560074
vt 0.000000 0.000000
vt 0.614920 0.000000
vt 1.000000 0.569763
vt 1.000000 0.734914
vt 0.408645 0.283719
vt 0.268145 0.000000
vt 0.432598 0.000000
vt 0.470492 0.101552
s 0
f 1928/3025/1392 1927/3026/1392 1944/3027/1392
f 1939/3028/1393 1946/3029/1393 1947/3030/1393 1948/3031/1393 1945/3032/1393
f 1946/3033/1394 1939/3034/1394 1938/3035/1394 1936/3036/1394
f 1937/3037/1395 1936/3038/1395 1938/3039/1395
f 1932/3040/1396 1945/3041/1396 1948/3042/1396
s 1
f 1931/3043/1397 1921/3044/1398 1934/3045/1399
f 1930/3046/1400 1922/3047/1401 1924/3048/1402 1940/3049/1403
f 1924/3050/1402 1923/3051/1404 1929/3052/1404 1935/3053/1404 1949/3054/1404 1941/3055/1404 1940/3056/1403
f 1933/3057/1405 1934/3058/1399 1921/3044/1398 1942/3059/1406
f 1942/3059/1406 1921/3044/1398 1931/3060/1397 1943/3061/1407
f 1943/3062/1407 1931/3060/1397 1930/3063/1400 1940/3064/1403
s 0
f 1932/3065/1408 1948/3066/1408 1944/3067/1408 1927/3068/1408
f 1925/3069/1409 1927/3070/1409 1928/3071/1409 1926/3072/1409
o Wine_Glass_cell.078
v -0.036995 0.202667 -0.039712
v -0.022528 0.202667 -0.049378
v -0.025297 0.183219 -0.028014
v -0.016228 0.183338 -0.034168
v -0.008980 0.184928 -0.036666
v -0.034687 0.184126 -0.022445
v -0.046011 0.202667 -0.026218
v -0.005464 0.185759 -0.042069
v -0.000486 0.193234 -0.041893
v -0.050135 0.215979 -0.027753
v -0.000074 0.198298 -0.045176
v -0.044891 0.216502 -0.028077
v -0.040018 0.215706 -0.042736
v -0.030064 0.216525 -0.044472
v -0.023492 0.210348 -0.051705
v -0.018085 0.207845 -0.051960
v -0.005464 0.202040 -0.052376
v -0.050135 0.215979 -0.027753
v -0.044891 0.216502 -0.028077
v -0.040018 0.215706 -0.042736
vn -0.5297 -0.4577 -0.7141
vn -0.5045 -0.6193 -0.6017
vn -0.5971 -0.5852 -0.5487
vn -0.3521 -0.4295 -0.8316
vn -0.3443 -0.6359 -0.6907
vn -0.2326 -0.5617 -0.7940
vn -0.2441 -0.6224 -0.7437
vn -0.1785 -0.3121 -0.9331
vn -0.3988 -0.1994 -0.8951
vn -0.5060 -0.1343 -0.8520
vn -0.7915 -0.3062 -0.5289
vn 0.1814 -0.9734 0.1402
vn -0.1683 -0.9811 -0.0957
vn 0.8207 0.1499 0.5514
vn -0.6211 0.4294 0.6556
vn -0.1042 0.9906 -0.0884
vt 0.641550 0.626721
vt 0.647434 0.679423
vt 0.624614 0.673863
vt 0.608460 0.629539
vt 0.679948 0.626721
vt 0.674101 0.679097
vt 0.674101 0.679097
vt 0.714935 0.631247
vt 0.702298 0.670300
vt 0.693314 0.676054
vt 0.691267 0.615685
vt 0.712285 0.629475
vt 0.681032 0.609011
vt 0.642035 0.596574
vt 0.660115 0.596036
vt 0.639709 0.596658
vt 0.607744 0.625824
vt 0.607216 0.598841
vt 0.529049 0.244795
vt 0.527806 0.275063
vt 0.495610 0.275516
vt 0.493716 0.245839
vt 0.524757 0.244898
vt 0.915447 0.420186
vt 0.919842 0.391551
vt 0.929448 0.401940
vt 0.928927 0.411378
vt 0.321378 0.321378
vt 0.276527 0.022279
vt 0.359346 0.359346
s 1
f 1950/3073/1410 1952/3074/1411 1955/3075/1412 1956/3076/1412
f 1950/3073/1410 1951/3077/1413 1953/3078/1414 1952/3074/1411
f 1953/3079/1414 1951/3077/1413 1966/3080/1415 1957/3081/1416 1954/3082/1416
f 1965/3083/1417 1966/3084/1415 1951/3077/1413 1964/3085/1418
f 1951/3077/1413 1950/3073/1410 1969/3086/1419 1963/3087/1419 1964/3085/1418
f 1969/3088/1420 1950/3073/1420 1956/3089/1421 1967/3090/1422
f 1967/3091/1422 1956/3092/1421 1950/3093/1423 1969/3094/1423 1968/3095/1423
f 1966/3096/1424 1957/3097/1424 1958/3098/1424 1960/3099/1424
s 0
f 1961/3100/1425 1962/3101/1425 1959/3102/1425
o Wine_Glass_cell.079
v 0.039127 0.202667 -0.008181
v 0.023673 0.203023 -0.037318
v 0.032605 0.203023 -0.023950
v 0.021212 0.213028 -0.042017
v 0.026111 0.213656 -0.043934
v 0.001892 0.198512 -0.044927
v 0.011022 0.200278 -0.047981
v 0.001343 0.193841 -0.041933
v 0.009798 0.189992 -0.036377
v 0.008495 0.189849 -0.041881
v 0.016592 0.187950 -0.030237
v 0.022804 0.187057 -0.019891
v 0.024594 0.188009 -0.014076
v 0.030270 0.190423 -0.002621
v 0.030617 0.197153 -0.002022
v 0.037634 0.202667 -0.000673
v 0.038143 0.218193 -0.000517
v 0.026594 0.217350 -0.039492
v 0.043656 0.216478 -0.008181
v 0.039625 0.215512 -0.026858
v 0.026803 0.189570 -0.008181
v 0.021212 0.213028 -0.042017
v 0.026594 0.217350 -0.039492
v 0.026111 0.213656 -0.043934
v 0.011022 0.200278 -0.047981
v 0.001343 0.193841 -0.041933
v 0.009798 0.189992 -0.036377
v 0.008495 0.189849 -0.041881
vn -0.3240 0.7444 -0.5838
vn -0.3548 0.6136 -0.7055
vn -0.4836 -0.8645 0.1370
vn 0.2972 -0.5974 -0.7448
vn -0.0031 0.6189 -0.7855
vn 0.5953 -0.5855 -0.5503
vn 0.8153 0.2920 0.5001
vn 0.3471 0.6276 0.6969
vn 0.7561 -0.6084 -0.2409
vn 0.7920 -0.4732 -0.3857
vn 0.8838 -0.4672 0.0256
vn 0.7724 -0.6259 -0.1078
vn 0.8635 -0.4087 0.2955
vn 0.7656 -0.6282 0.1383
vn 0.8901 -0.1552 0.4286
vn 0.9483 -0.3002 0.1033
vn 0.8023 -0.4016 -0.4416
vn 0.6953 -0.3740 -0.6137
vn 0.7575 -0.4612 -0.4621
vn -0.6281 0.1988 0.7523
vn -0.6662 0.6368 -0.3882
vn -0.6197 0.7644 -0.1780
vn -0.5314 0.6084 0.5895
vn -0.6966 0.5459 0.4655
vt 0.842555 0.000000
vt 1.000000 0.230381
vt 1.000000 0.368800
vt 0.714213 0.281089
vt 0.368800 0.368800
vt 0.230381 0.230381
vt 0.747627 0.597009
vt 0.191501 0.191501
vt 0.704493 0.541890
vt 0.390618 0.046050
vt 0.386516 0.072973
vt 0.355339 0.072535
vt 0.360246 0.038414
vt 0.381590 0.043366
vt 0.333745 0.036732
vt 0.319853 0.073075
vt 0.292678 0.074611
vt 0.309963 0.043715
vt 0.322385 0.039425
vt 0.337640 0.669537
vt 0.320943 0.641376
vt 0.336371 0.638968
vt 0.343268 0.654032
vt 0.346464 0.663364
vt 0.326749 0.608804
vt 0.310025 0.613082
vt 0.293900 0.644462
vt 0.281190 0.618437
vt 0.314299 0.100730
vt 0.351875 0.101920
vt 0.353002 0.101838
vt 0.386516 0.072973
vt 0.360101 0.096245
vt 0.986573 0.452372
vt 0.976361 0.442711
vt 0.953060 0.420368
vt 0.983711 0.422979
vt 0.933290 0.411777
vt 0.933392 0.403071
vt 0.947496 0.397810
vt 0.950715 0.418787
vt 0.971432 0.394203
vt 0.954083 0.396482
vt 0.079985 0.831681
vt 0.084553 0.794909
vt 0.117334 0.795869
vt 0.105055 0.830350
vt 0.407941 0.060301
vt 0.393152 0.068038
vt 0.390618 0.046050
vt 0.406202 0.053165
s 0
f 1992/3103/1426 1993/3104/1426 1991/3105/1426
f 1976/3106/1427 1991/3107/1427 1993/3108/1427
f 1978/3109/1428 1977/3110/1428 1979/3111/1428
s 1
f 1997/3112/1429 1994/3113/1430 1971/3114/1431 1980/3115/1432 1996/3116/1433
f 1981/3117/1434 1972/3118/1435 1970/3119/1436 1990/3120/1437 1982/3121/1434
f 1990/3122/1437 1970/3123/1436 1985/3124/1438 1984/3125/1439 1983/3126/1439
f 1986/3127/1440 1985/3124/1438 1970/3123/1436 1988/3128/1441
f 1970/3123/1436 1972/3129/1435 1989/3130/1442 1988/3128/1441
f 1989/3131/1442 1972/3118/1435 1971/3114/1443 1987/3132/1443
f 1987/3133/1444 1971/3114/1444 1994/3134/1444 1974/3135/1444
f 1987/3136/1445 1973/3137/1445 1994/3138/1445 1971/3139/1445
f 1975/3140/1446 1995/3141/1447 1996/3142/1433 1994/3143/1430
f 1980/3144/1432 1971/3139/1448 1994/3143/1430 1996/3145/1433
f 1981/3146/1449 1972/3147/1449 1971/3148/1449 1980/3149/1449
f 1975/3150/1446 1994/3151/1430 1997/3152/1429 1995/3153/1447
o Wine_Glass_cell.080
v -0.047103 0.008547 -0.049821
v -0.027999 0.008547 -0.062585
v -0.048741 0.003718 -0.051459
v -0.028885 0.003718 -0.064726
v -0.007451 0.010160 -0.061339
v -0.006970 0.003718 -0.069085
v -0.007265 0.008547 -0.066710
v -0.009455 0.003718 -0.054403
v -0.013946 0.003718 -0.048546
v -0.014784 0.012356 -0.052619
v -0.024809 0.014441 -0.041726
v -0.021105 0.013995 -0.045942
v -0.024216 0.003718 -0.036165
v -0.035017 0.014743 -0.031741
v -0.031052 0.003718 -0.029659
v -0.052038 0.008547 -0.042435
v -0.053898 0.003718 -0.043740
v -0.006970 0.003718 -0.069085
v -0.007265 0.008547 -0.066710
v -0.007451 0.010160 -0.061339
v -0.009455 0.003718 -0.054403
v -0.013946 0.003718 -0.048546
v -0.024809 0.014441 -0.041726
v -0.021105 0.013995 -0.045942
v -0.014784 0.012356 -0.052619
v -0.024216 0.003718 -0.036165
v -0.031052 0.003718 -0.029659
v -0.053898 0.003718 -0.043740
v -0.035017 0.014743 -0.031741
v -0.052038 0.008547 -0.042435
vn 0.9859 -0.0933 0.1389
vn 0.7528 0.3492 0.5580
vn 0.7212 0.3506 0.5974
vn 0.6495 0.3696 0.6645
vn -0.5245 -0.0279 0.8510
vn -0.1771 -0.4192 -0.8905
vn -0.3336 -0.4901 -0.8053
vn -0.2610 0.7366 -0.6240
vn -0.1354 0.7199 -0.6808
vn -0.6164 -0.4901 -0.6164
vn -0.4784 0.7361 -0.4789
vn -0.5467 0.7534 -0.3653
vn -0.7123 -0.5160 -0.4759
vn -0.1862 0.9582 -0.2172
vn -0.1688 0.9578 -0.2325
vn -0.1295 0.9587 -0.2531
vn -0.0575 0.9556 -0.2890
vn -0.0000 -1.0000 -0.0000
vt 0.569372 0.126641
vt 0.527752 0.070509
vt 0.514069 0.000000
vt 0.569907 0.000000
vt 1.000000 0.479555
vt 1.000000 0.556356
vt 0.568539 0.568539
vt 0.506766 0.506766
vt 1.000000 0.443889
vt 1.000000 0.542261
vt 0.556356 0.556356
vt 0.479555 0.479555
vt 0.803084 0.454240
vt 0.534271 0.000000
vt 1.000000 0.456850
vt 1.000000 0.557356
vt 0.430999 0.000000
vt 0.534271 0.534271
vt 0.430999 0.430999
vt 0.489001 0.303042
vt 0.534230 0.313521
vt 0.441721 0.690753
vt 0.437840 0.736313
vt 0.428441 0.737311
vt 0.432112 0.694208
vt 0.437840 0.789015
vt 0.428441 0.788017
vt 0.429983 0.806128
vt 0.439452 0.807942
vt 0.046183 0.408576
vt 0.000000 0.417762
vt 0.000000 0.398159
vt 0.019405 0.464610
vt 0.046183 0.408576
vt 0.050833 0.430244
vt 0.052461 0.442522
vt 0.058637 0.487517
vt 0.052394 0.497599
vt 0.052461 0.442522
vt 0.055873 0.462524
vt 0.087196 0.257109
vt 0.106124 0.264949
vt 0.020168 0.057433
vt 0.055038 0.022564
vt 0.051083 0.026519
vt 0.043938 0.033664
vt 0.027598 0.050004
vt 0.153074 0.264949
s 0
f 2015/3154/1450 2016/3155/1450 2017/3156/1450 2018/3157/1450
f 2022/3158/1451 2019/3159/1451 2018/3160/1451 2017/3161/1451
f 2020/3162/1452 2023/3163/1452 2019/3164/1452 2022/3165/1452 2021/3166/1452
f 2024/3167/1453 2023/3168/1453 2020/3169/1453 2026/3170/1453
f 2024/3171/1454 2026/3172/1454 2027/3173/1454 2025/3174/1454
s 1
f 2003/3175/1455 2001/3176/1456 1999/3177/1457 2004/3178/1458
f 2000/3179/1459 1998/3180/1460 1999/3177/1457 2001/3176/1456
f 2013/3181/1461 1998/3180/1460 2000/3179/1459 2014/3182/1462
f 2011/3183/1463 1998/3184/1460 2013/3185/1461
f 1999/3186/1457 1998/3184/1460 2011/3187/1463 2008/3188/1464 2009/3189/1465
f 2002/3190/1466 2004/3191/1458 1999/3186/1457 2009/3192/1465 2007/3193/1466
f 2014/3194/1462 2000/3195/1459 2001/3196/1456 2003/3197/1455 2005/3198/1467 2006/3199/1467 2010/3200/1467 2012/3201/1467
o Wine_Glass_cell.081
v -0.002241 0.022281 -0.010195
v 0.002540 0.026102 -0.011497
v 0.025301 0.003718 -0.015309
v 0.029756 0.015218 -0.016269
v 0.023181 0.003718 -0.021201
v 0.027714 0.015495 -0.021924
v 0.018736 0.016211 -0.031181
v 0.012574 0.003718 -0.025187
v -0.002193 0.003718 -0.010181
v 0.025301 0.003718 -0.015309
v 0.023181 0.003718 -0.021201
v 0.012574 0.003718 -0.025187
v -0.002193 0.003718 -0.010181
v 0.002540 0.026102 -0.011497
v 0.029756 0.015218 -0.016269
v 0.027714 0.015495 -0.021924
v 0.018736 0.016211 -0.031181
vn 0.1881 0.0156 0.9820
vn 0.8745 -0.3611 -0.3238
vn 0.4956 -0.4276 -0.7560
vn -0.6956 0.0792 -0.7140
vn 0.3187 0.9311 -0.1778
vn 0.3333 0.9319 -0.1432
vn 0.3002 0.9283 -0.2194
vn 0.3574 0.9302 -0.0834
vn -0.0000 -1.0000 -0.0000
vt 0.096017 0.096017
vt 0.000000 0.000000
vt 0.269882 0.000000
vt 1.000000 0.461099
vt 1.000000 0.566692
vt 1.000000 0.345440
vt 1.000000 0.475976
vt 0.566692 0.566692
vt 0.461099 0.461099
vt 0.359879 0.359879
vt 0.438114 0.000000
vt 0.614825 0.000000
vt 0.495673 0.495673
vt 1.000000 1.000000
vt 0.819603 0.776390
vt 0.292865 0.000000
vt 0.442067 0.000000
vt 1.000000 0.729797
vt 0.140539 0.411983
vt 0.166753 0.460963
vt 0.141958 0.457910
vt 0.141747 0.410775
vt 0.182172 0.450432
vt 0.171492 0.458307
vt 0.119988 0.000000
vt 0.125614 0.000000
vt 0.064234 0.017351
vt 0.102560 0.001476
s 0
f 2041/3202/1468 2028/3203/1468 2040/3204/1468 2037/3205/1468 2042/3206/1468
f 2038/3207/1469 2043/3208/1469 2042/3209/1469 2037/3210/1469
f 2038/3211/1470 2039/3212/1470 2044/3213/1470 2043/3214/1470
f 2028/3215/1471 2041/3216/1471 2044/3217/1471 2039/3218/1471 2040/3219/1471
s 1
f 2029/3220/1472 2033/3221/1473 2034/3222/1474
f 2029/3223/1472 2031/3224/1475 2033/3225/1473
f 2032/3226/1476 2030/3227/1476 2036/3228/1476 2035/3229/1476
o Wine_Glass_cell.082
v -0.006624 0.122246 -0.010980
v -0.006496 0.099710 -0.012080
v -0.007294 0.111130 -0.012600
v -0.008551 0.121327 -0.015634
v -0.006624 0.122246 -0.010980
v -0.007294 0.111130 -0.012600
v -0.008551 0.121327 -0.015634
vn -0.8263 -0.0321 0.5623
vn -0.9239 -0.0001 0.3825
vn 0.8941 0.0114 -0.4478
vt 0.000000 0.000000
vt 1.000000 0.048387
vt 0.524600 0.015524
vt 0.928952 0.211646
vt 0.930566 0.194254
vt 0.931107 0.210579
vt 0.918118 0.000000
vt 1.000000 0.000000
vt 0.996107 0.996107
vt 0.975303 0.374453
s 0
f 2046/3230/1477 2049/3231/1477 2050/3232/1477
s 1
f 2051/3233/1478 2047/3234/1478 2045/3235/1478
s 0
f 2048/3236/1479 2049/3237/1479 2046/3238/1479 2050/3239/1479
o Wine_Glass_cell.083
v -0.064350 0.008547 -0.008181
v -0.066667 0.003718 -0.008181
v -0.064533 0.003718 0.002549
v -0.064605 0.003718 -0.018550
v -0.049445 0.003718 -0.016919
v -0.054590 0.010851 -0.018952
v -0.062142 0.008547 -0.019287
v -0.037009 0.003718 -0.015524
v -0.040799 0.015063 -0.018264
v -0.035596 0.003718 -0.008136
v -0.039380 0.016013 -0.006755
v -0.040581 0.015352 -0.001808
v -0.036750 0.003718 -0.002594
v -0.062231 0.008547 0.002472
v -0.064605 0.003718 -0.018550
v -0.062142 0.008547 -0.019287
v -0.054590 0.010851 -0.018952
v -0.049445 0.003718 -0.016919
v -0.040799 0.015063 -0.018264
v -0.037009 0.003718 -0.015524
v -0.040581 0.015352 -0.001808
v -0.062231 0.008547 0.002472
v -0.039380 0.016013 -0.006755
v -0.035596 0.003718 -0.008136
v -0.036750 0.003718 -0.002594
v -0.064533 0.003718 0.002549
vn 0.1047 -0.2020 -0.9738
vn 0.1093 -0.1987 -0.9739
vn 0.9432 0.2932 -0.1561
vn 0.9218 0.2858 0.2619
vn 0.1904 -0.0246 0.9814
vn -0.8717 -0.4901 -0.0000
vn -0.6774 0.7356 0.0008
vn -0.6019 0.7901 -0.1156
vn -0.8583 -0.4839 -0.1707
vn -0.6355 0.7617 0.1264
vn -0.8423 -0.5123 0.1675
vn -0.2890 0.9556 0.0575
vn -0.2880 0.9576 0.0034
vn -0.2862 0.9568 -0.0502
vn 0.9431 0.2682 0.1963
vn -0.0000 -1.0000 -0.0000
vt 0.910903 0.603757
vt 1.000000 0.687445
vt 1.000000 0.744243
vt 0.853403 0.576362
vt 0.687445 0.687445
vt 1.000000 0.510351
vt 1.000000 0.638158
vt 0.744243 0.744243
vt 1.000000 0.222405
vt 1.000000 0.439350
vt 0.598343 0.598343
vt 0.454083 0.454083
vt 1.000000 0.463321
vt 0.659374 0.659374
vt 0.337293 0.337293
vt 1.000000 0.670845
vt 0.811264 0.811264
vt 0.642393 0.642393
vt 0.932683 0.598682
vt 0.811611 0.812232
vt 0.822597 0.811235
vt 0.823272 0.834321
vt 0.812242 0.833787
vt 0.822597 0.787263
vt 0.815255 0.787280
vt 0.071130 0.339396
vt 0.065526 0.351026
vt 0.019405 0.320209
vt 0.036355 0.303258
vt 0.050259 0.367586
vt 0.024110 0.351941
vt 0.009842 0.343295
vt 0.065433 0.351222
vt 0.337293 0.000000
vt 0.659374 0.000000
vt 0.439350 0.439350
vt 0.020168 0.207515
vt 0.036665 0.224012
vt 0.103541 0.263879
vt 0.138569 0.264949
vt 0.141013 0.264949
vt 0.137951 0.264949
vt 0.037241 0.224588
s 0
f 2067/3240/1480 2068/3241/1480 2069/3242/1480 2066/3243/1480
f 2068/3244/1481 2070/3245/1481 2071/3246/1481 2069/3247/1481
f 2074/3248/1482 2075/3249/1482 2071/3250/1482 2070/3251/1482
f 2072/3252/1483 2076/3253/1483 2074/3254/1483
f 2054/3255/1484 2076/3256/1484 2072/3257/1484 2073/3258/1484
s 1
f 2053/3259/1485 2052/3260/1486 2058/3261/1487 2055/3262/1488
f 2065/3263/1489 2052/3260/1486 2053/3259/1485 2077/3264/1490
f 2063/3265/1491 2062/3266/1492 2052/3267/1486 2065/3268/1489
f 2060/3269/1493 2057/3270/1493 2058/3271/1487 2052/3267/1486 2062/3272/1492
s 0
f 2074/3273/1494 2076/3274/1494 2075/3275/1494
s 1
f 2053/3276/1485 2055/3277/1488 2056/3278/1495 2059/3279/1495 2061/3280/1495 2064/3281/1495 2077/3282/1490
o Wine_Glass_cell.084
v -0.026200 0.231927 0.041880
v -0.035942 0.246192 0.037982
v -0.039715 0.242519 0.034789
v -0.018350 0.246288 0.045671
v -0.027034 0.245956 0.043892
v -0.033848 0.231927 0.036770
v -0.027359 0.227041 0.039216
v -0.016796 0.233276 0.043960
v -0.035942 0.246192 0.037982
v -0.039715 0.242519 0.034789
v -0.027034 0.245956 0.043892
v -0.018350 0.246288 0.045671
v -0.033848 0.231927 0.036770
v -0.027359 0.227041 0.039216
v -0.016796 0.233276 0.043960
vn 0.5492 0.1505 -0.8220
vn -0.0663 0.9880 0.1392
vn 0.4057 0.1235 -0.9056
vn 0.3236 0.1612 -0.9324
vn -0.1929 -0.1505 0.9696
vn -0.3773 -0.1534 0.9133
vn -0.3362 -0.2843 0.8979
vn -0.1820 -0.2120 0.9602
vn -0.5457 -0.1880 0.8166
vn -0.5492 -0.1505 0.8220
vn -0.3979 -0.3647 0.8418
vt 0.237363 0.237363
vt 0.000000 0.000000
vt 0.468744 0.000000
vt 0.449106 0.046356
vt 1.000000 0.018662
vt 1.000000 0.531256
vt 1.000000 1.000000
vt 0.652152 0.000000
vt 0.652152 0.652152
vt 0.496245 0.048683
vt 0.521445 0.527247
vt 0.541006 0.527987
vt 0.540069 0.559256
vt 0.518818 0.556250
vt 0.558824 0.560853
vt 0.541006 0.527987
vt 0.562834 0.529320
vt 0.572374 0.538341
vt 0.539215 0.573196
vt 0.539215 0.573196
vt 0.520692 0.559256
s 0
f 2087/3283/1496 2086/3284/1496 2090/3285/1496
f 2088/3286/1497 2089/3284/1497 2086/3287/1497
f 2090/3288/1498 2086/3289/1498 2089/3284/1498 2091/3290/1498
f 2091/3291/1499 2089/3284/1499 2092/3292/1499
s 1
f 2081/3293/1500 2082/3294/1501 2078/3295/1502 2085/3296/1503
f 2083/3297/1504 2078/3295/1502 2082/3298/1501 2079/3299/1505 2080/3300/1505
f 2084/3301/1506 2078/3295/1502 2083/3297/1504
f 2078/3295/1502 2084/3302/1506 2085/3303/1503
o Wine_Glass_cell.085
v -0.005822 0.024387 -0.013521
v -0.008986 0.003718 -0.029197
v -0.009897 0.018324 -0.033858
v -0.005841 0.003718 -0.013468
v -0.006834 0.023130 -0.018576
v -0.011444 0.003718 -0.041613
v -0.012137 0.003718 -0.047868
v -0.013035 0.012635 -0.052045
v 0.001457 0.003718 -0.046021
v 0.002162 0.013387 -0.049548
v -0.008150 0.011322 -0.057357
v -0.008008 0.003718 -0.053017
v -0.008986 0.003718 -0.029197
v -0.005841 0.003718 -0.013468
v -0.009897 0.018324 -0.033858
v -0.006834 0.023130 -0.018576
v -0.011444 0.003718 -0.041613
v -0.012137 0.003718 -0.047868
v -0.013035 0.012635 -0.052045
v -0.008150 0.011322 -0.057357
v -0.008008 0.003718 -0.053017
v 0.001457 0.003718 -0.046021
v 0.002162 0.013387 -0.049548
vn -0.9806 0.0014 0.1961
vn -0.9840 0.0097 0.1781
vn -0.9927 -0.0484 0.1101
vn 0.9779 0.0725 0.1961
vn -0.7313 -0.3483 -0.5865
vn 0.5842 -0.3521 -0.7313
vn -0.0109 0.9567 -0.2909
vn -0.0000 0.9566 -0.2913
vn 0.0298 0.9559 -0.2921
vn -0.0000 -1.0000 -0.0000
vn -0.0575 0.9556 -0.2890
vt 1.000000 0.527723
vt 0.293767 0.293767
vt 0.000000 0.000000
vt 0.244963 0.093096
vt 1.000000 0.388898
vt 0.388898 0.388898
vt 1.000000 0.463480
vt 1.000000 0.555761
vt 0.527723 0.527723
vt 0.552506 0.000000
vt 0.555762 0.555762
vt 0.473251 0.000000
vt 1.000000 0.946323
vt 1.000000 1.000000
vt 0.708798 0.708798
vt 0.450010 0.000000
vt 0.536497 0.000000
vt 1.000000 0.526749
vt 0.498020 0.000000
vt 0.563890 0.000000
vt 1.000000 0.447494
vt 1.000000 0.463503
vt 1.000000 0.549990
vt 0.564082 0.564082
vt 0.516410 0.499469
vt 0.065665 0.484893
vt 0.116015 0.412660
vt 0.090733 0.477667
vt 0.071820 0.014209
vt 0.056833 0.020768
vt 0.051830 0.025772
vt 0.047919 0.029683
vt 0.046816 0.030786
vt 0.057841 0.019999
vt 0.114381 0.411983
vt 0.062238 0.479352
vt 0.066177 0.455787
vt 0.087844 0.434090
s 0
f 2105/3304/1507 2106/3305/1507 2093/3306/1507 2108/3307/1507 2107/3308/1507
f 2107/3309/1508 2111/3310/1508 2109/3311/1508 2105/3312/1508
f 2110/3313/1509 2109/3314/1509 2111/3315/1509
f 2108/3316/1510 2093/3317/1510 2106/3318/1510 2114/3319/1510 2115/3320/1510
f 2111/3321/1511 2112/3322/1511 2113/3323/1511 2110/3324/1511
f 2115/3325/1512 2114/3326/1512 2113/3327/1512 2112/3328/1512
s 1
f 2103/3329/1513 2097/3330/1514 2102/3331/1515
f 2101/3332/1516 2096/3333/1516 2094/3334/1516 2098/3335/1516 2099/3336/1516 2104/3337/1516
f 2097/3338/1514 2103/3339/1513 2100/3340/1517 2095/3341/1517
o Wine_Glass_cell.086
v -0.044430 0.289662 0.030784
v -0.052928 0.289274 0.011479
v -0.060050 0.275759 0.003318
v -0.032052 0.295533 0.037366
v -0.044915 0.284265 0.031270
v -0.037157 0.289662 0.035644
v -0.043902 0.280743 0.026658
v -0.047419 0.276587 0.022208
v -0.052506 0.276568 0.021636
v -0.057903 0.276658 0.013539
v -0.058297 0.289662 0.003244
v -0.050303 0.307582 0.001992
v -0.052635 0.310081 0.006667
v -0.048009 0.310963 0.009336
v -0.044667 0.305059 0.023798
v -0.039312 0.302242 0.026032
v -0.043902 0.280743 0.026658
v -0.047419 0.276587 0.022208
v -0.044915 0.284265 0.031270
v -0.052506 0.276568 0.021636
v -0.058297 0.289662 0.003244
v -0.052635 0.310081 0.006667
v -0.052635 0.310081 0.006667
v -0.052635 0.310081 0.006667
v -0.050303 0.307582 0.001992
v -0.048009 0.310963 0.009336
v -0.044667 0.305059 0.023798
vn -0.0084 -0.7618 0.6478
vn -0.3997 0.8126 0.4241
vn -0.5746 0.4325 0.6949
vn -0.5705 0.2751 0.7739
vn -0.5751 0.3759 0.7266
vn -0.8395 0.1601 0.5192
vn -0.8487 0.1771 0.4984
vn 0.1905 -0.7209 0.6663
vn -0.3557 -0.4567 0.8154
vn -0.8426 0.1656 0.5125
vn 0.8649 -0.2388 -0.4414
vn 0.8734 -0.2390 -0.4243
vn 0.8737 -0.2390 -0.4237
vn -0.5513 0.1238 0.8251
vn -0.8478 0.2874 0.4457
vn -0.1304 0.8082 -0.5743
vn -0.5893 0.7867 -0.1841
vn 0.8976 -0.2566 -0.3585
vn 0.8815 -0.2391 -0.4073
vn 0.8251 -0.1469 -0.5455
vn -0.7756 0.3075 -0.5513
vn -0.8267 0.1378 0.5456
vt 1.000000 0.653896
vt 0.687047 0.687047
vt 0.660125 0.660125
vt 1.000000 0.623567
vt 0.648602 0.648602
vt 0.618963 0.616865
vt 1.000000 0.705327
vt 0.580446 0.411218
vt 0.584304 0.437888
vt 0.564429 0.435085
vt 0.558278 0.421552
vt 0.707284 0.262578
vt 0.751123 0.263861
vt 0.746855 0.292858
vt 0.735899 0.297930
vt 0.704958 0.312136
vt 0.778836 0.410957
vt 0.777446 0.439299
vt 0.736576 0.440495
vt 0.743119 0.393520
vt 0.768967 0.406107
vt 0.566469 0.436368
vt 0.585146 0.449285
vt 0.707996 0.233698
vt 0.734270 0.236353
vt 0.751965 0.251890
vt 0.592604 0.109794
vt 0.590686 0.085131
vt 0.604968 0.085939
vt 0.608155 0.115689
vt 0.594514 0.038877
vt 0.590686 0.085131
vt 0.583771 0.045449
vt 0.588929 0.041934
vt 0.734726 0.470223
vt 0.777135 0.453549
vt 0.771750 0.458089
vt 0.759838 0.467510
vt 0.752905 0.469872
vt 0.578097 0.575139
vt 0.046932 0.000000
vt 0.125925 0.000000
vt 0.686325 0.303956
vt 0.685542 0.262578
s 0
f 2133/3342/1518 2132/3343/1518 2120/3344/1518 2124/3345/1518
f 2141/3346/1519 2139/3347/1519 2142/3348/1519
s 1
f 2131/3349/1520 2116/3350/1521 2121/3351/1522 2119/3352/1520
f 2117/3353/1523 2116/3354/1524 2131/3355/1525 2130/3356/1526 2128/3357/1527
f 2131/3358/1525 2116/3359/1528 2117/3360/1529 2129/3361/1530 2130/3362/1526
f 2121/3363/1522 2116/3350/1521 2134/3364/1531
f 2116/3354/1532 2117/3353/1532 2125/3365/1533 2135/3366/1534 2134/3367/1532
f 2118/3368/1535 2136/3369/1535 2117/3370/1535 2125/3371/1535
f 2129/3372/1530 2117/3370/1529 2136/3373/1536 2140/3374/1536 2138/3375/1536
f 2125/3376/1533 2117/3360/1537 2116/3359/1537 2134/3377/1537 2122/3378/1537 2123/3379/1537 2135/3380/1534
s 0
f 2126/3381/1538 2137/3382/1538 2127/3383/1538
s 1
f 2128/3384/1527 2136/3385/1539 2117/3353/1523
o Wine_Glass_cell.087
v -0.044129 0.327917 -0.024197
v -0.051237 0.327917 -0.008181
v -0.048994 0.310801 0.004581
v -0.051199 0.313648 0.009510
v -0.047979 0.327917 0.008199
v -0.036114 0.327917 -0.036191
v -0.042335 0.307924 -0.042418
v -0.055445 0.309674 -0.006959
v -0.053944 0.309390 0.000931
v -0.054467 0.309577 -0.014439
v -0.048494 0.308748 -0.026005
v -0.051199 0.313648 0.009510
v -0.047979 0.327917 0.008199
v -0.055445 0.309674 -0.006959
v -0.054467 0.309577 -0.014439
v -0.048994 0.310801 0.004581
v -0.048494 0.308748 -0.026005
vn 0.8666 -0.1519 0.4754
vn -0.9504 0.1703 -0.2601
vn -0.2666 0.0350 -0.9632
vn 0.1924 -0.0493 -0.9801
vn -0.9594 0.1789 0.2182
vn 0.2371 0.9706 0.0420
vn -0.8939 0.2580 -0.3665
vn -0.8450 0.3168 -0.4308
vn -0.1506 -0.9886 -0.0069
vn 0.9049 -0.2131 0.3685
vt 0.357110 0.357110
vt 0.561052 0.360251
vt 0.388642 0.388642
vt 0.700709 0.348220
vt 0.663850 0.348219
vt 0.664684 0.307377
vt 0.682410 0.306742
vt 0.693321 0.311505
vt 0.702160 0.316275
vt 0.627436 0.349285
vt 0.621862 0.307678
vt 0.648914 0.307541
vt 0.661939 0.307478
vt 0.604627 0.358788
vt 0.637261 0.357624
vt 0.635070 0.397026
vt 0.599053 0.397315
vt 1.000000 0.162645
vt 1.000000 0.307358
vt 0.902744 0.513529
vt 0.530118 0.041445
vt 0.527501 0.000000
vt 0.560806 0.000506
vt 0.567049 0.041142
vt 0.586824 0.038712
vt 0.580524 0.042552
vt 0.584490 0.001845
s 0
f 2158/3386/1540 2155/3387/1540 2154/3388/1540
s 1
f 2147/3389/1541 2144/3390/1542 2156/3391/1542 2151/3392/1542 2145/3393/1543 2146/3394/1544
f 2144/3390/1545 2143/3395/1545 2159/3396/1546 2157/3397/1546 2156/3398/1546
f 2143/3399/1547 2148/3400/1547 2149/3401/1547 2159/3402/1547
s 0
f 2150/3403/1548 2152/3404/1548 2153/3405/1548
s 1
f 2159/3406/1549 2143/3407/1545 2144/3408/1545 2156/3409/1549
f 2145/3410/1543 2151/3411/1542 2156/3409/1542 2144/3408/1542 2147/3412/1541
o Wine_Glass_cell.088
v -0.004515 0.121754 -0.007556
v -0.000893 0.113917 -0.006288
v -0.005257 0.113917 -0.003275
v -0.004939 0.100747 -0.004121
v 0.001059 0.118937 -0.005479
v 0.000638 0.118289 -0.011032
v -0.001556 0.099288 -0.009039
v -0.005257 0.113917 -0.003275
v -0.004939 0.100747 -0.004121
v 0.001059 0.118937 -0.005479
v -0.001556 0.099288 -0.009039
v 0.000638 0.118289 -0.011032
v -0.000893 0.113917 -0.006288
vn -0.0802 0.4837 0.8715
vn -0.9815 -0.0114 -0.1912
vn 0.4871 0.8625 -0.1376
vn -0.5321 -0.1041 -0.8403
vn 0.7941 -0.1469 0.5898
vn 0.7138 -0.2589 0.6507
vn 0.7549 -0.1260 0.6436
vn 0.5631 -0.1325 0.8157
vn 0.8812 -0.3865 0.2722
vn 0.9332 -0.3582 -0.0290
vt 0.945294 0.181687
vt 0.886734 0.000000
vt 1.000000 0.000000
vt 0.303075 0.303075
vt 0.000000 0.000000
vt 1.000000 0.176666
vt 1.000000 0.928589
vt 1.000000 1.000000
vt 0.928923 0.928923
vt 0.913009 0.913009
vt 0.938945 0.688767
vt 0.952764 0.000000
vt 0.179014 0.738085
vt 0.181892 0.706326
vt 0.182255 0.737503
vt 0.182255 0.737503
vt 0.186152 0.706326
vt 0.142348 0.732032
vt 0.148562 0.724107
vt 0.146389 0.732939
vt 0.187075 0.695442
s 0
f 2167/3413/1550 2164/3414/1550 2160/3415/1550
f 2167/3416/1551 2160/3417/1551 2168/3418/1551
f 2171/3419/1552 2160/3420/1552 2164/3421/1552
f 2168/3415/1553 2160/3420/1553 2171/3422/1553 2161/3423/1553 2170/3424/1553
s 1
f 2166/3425/1554 2172/3426/1555 2163/3427/1556
f 2163/3428/1556 2172/3426/1555 2162/3429/1557
f 2169/3430/1558 2172/3431/1555 2165/3432/1559
f 2169/3433/1558 2162/3429/1557 2172/3426/1555
o Wine_Glass_cell.089
v 0.007417 0.168421 -0.021062
v 0.015537 0.168136 -0.016880
v 0.014167 0.186432 -0.035540
v 0.006861 0.189479 -0.037937
v 0.018230 0.185160 -0.031875
v 0.024871 0.184095 -0.020747
v 0.023103 0.186076 -0.015116
v 0.014676 0.172891 -0.013443
v 0.011816 0.168421 -0.012888
v -0.005586 0.185692 -0.037848
v -0.000623 0.190719 -0.040249
v -0.002607 0.171259 -0.032322
v 0.001827 0.169681 -0.025785
v -0.005464 0.175424 -0.035527
v -0.007097 0.181650 -0.034862
v 0.018230 0.185160 -0.031875
v 0.024871 0.184095 -0.020747
v 0.023103 0.186076 -0.015116
vn 0.4342 0.8837 -0.1746
vn 0.2072 -0.7020 -0.6814
vn -0.1792 -0.9710 -0.1582
vn -0.3744 -0.9051 0.2015
vn 0.2619 -0.6237 -0.7365
vn 0.8007 -0.5972 -0.0463
vn 0.6215 -0.7834 -0.0017
vn 0.4083 -0.7990 -0.4415
vn 0.5490 -0.5997 -0.5822
vn -0.0796 0.2416 0.9671
vn -0.3616 -0.4781 0.8004
vn 0.0470 0.2357 0.9707
vn -0.7908 -0.1439 -0.5949
vn -0.3693 0.4372 0.8201
vn -0.7636 0.5901 0.2623
vt 0.219906 0.164616
vt 0.247477 0.000000
vt 0.258189 0.054442
vt 0.666602 0.500678
vt 0.812539 0.494315
vt 1.000000 0.693187
vt 0.360628 0.035760
vt 0.365770 0.000000
vt 0.385343 0.000275
vt 0.390233 0.042711
vt 0.372537 0.038605
vt 0.334819 0.033921
vt 0.347681 0.000275
vt 0.360628 0.035760
vt 0.339159 0.008036
vt 0.342701 0.000557
vt 0.326357 0.035189
vt 0.695401 0.679404
vt 0.700815 0.674884
vt 0.694277 0.695088
vt 0.931335 0.363226
vt 0.941392 0.358036
vt 0.947055 0.394939
vt 0.929860 0.397250
vt 0.920376 0.388072
vt 0.922899 0.371632
vt 0.104032 0.833221
vt 0.089146 0.875024
vt 0.074654 0.874600
vt 0.079609 0.834708
vt 0.069559 0.874600
vt 0.069529 0.864304
vt 0.177100 0.541201
vt 0.190941 0.527360
vt 0.195701 0.534484
s 0
f 2177/3434/1560 2179/3435/1560 2189/3436/1560
s 1
f 2185/3437/1561 2173/3438/1562 2181/3439/1563
f 2188/3440/1564 2173/3441/1562 2185/3442/1561 2176/3443/1564 2175/3444/1564
f 2178/3445/1565 2174/3446/1566 2173/3441/1567 2188/3447/1568
f 2180/3448/1569 2181/3449/1570 2174/3446/1566 2178/3445/1565 2190/3450/1571
f 2187/3451/1572 2182/3452/1572 2186/3453/1572
f 2184/3454/1573 2185/3455/1573 2176/3456/1573 2183/3457/1573 2182/3458/1573 2186/3459/1573
f 2188/3460/1574 2173/3461/1574 2181/3462/1570 2190/3463/1571
f 2190/3463/1571 2181/3464/1570 2180/3465/1569
f 2173/3466/1567 2174/3467/1566 2181/3468/1570
o Wine_Glass_cell.090
v -0.007208 0.138299 -0.012955
v -0.005000 0.144917 -0.009048
v 0.003400 0.145817 -0.011853
v -0.010401 0.140058 -0.017915
v -0.006623 0.136722 -0.019631
v -0.009841 0.145817 -0.016574
v -0.005464 0.148861 -0.015815
v -0.000245 0.149253 -0.013400
v -0.001182 0.139496 -0.018519
v -0.010401 0.140058 -0.017915
v -0.009841 0.145817 -0.016574
v -0.006623 0.136722 -0.019631
v -0.005464 0.148861 -0.015815
v 0.003400 0.145817 -0.011853
v -0.000245 0.149253 -0.013400
v -0.001182 0.139496 -0.018519
vn -0.8466 -0.0412 0.5306
vn -0.8425 -0.0364 0.5375
vn 0.4743 -0.8125 0.3388
vn 0.3160 -0.5583 0.7671
vn -0.0528 0.2860 -0.9568
vn -0.0371 0.2898 -0.9564
vn 0.2503 0.3299 -0.9102
vn 0.1950 0.3661 -0.9099
vn 0.4175 0.0341 -0.9080
vn 0.4781 0.3363 -0.8114
vn -0.2168 0.2413 -0.9459
vn -0.6232 -0.7716 0.1276
vn -0.2378 0.7490 0.6184
vt 0.768230 0.005239
vt 0.429110 0.429110
vt 0.000000 0.000000
vt 1.000000 0.000000
vt 0.770137 0.770137
vt 0.934304 0.163123
vt 0.550175 0.067012
vt 0.463275 0.000000
vt 0.527045 0.000000
vt 1.000000 1.000000
vt 0.169609 0.771311
vt 0.166858 0.790423
vt 0.159226 0.790159
vt 0.159989 0.776004
vt 0.151876 0.798022
vt 0.150965 0.790115
vt 0.157724 0.798228
vt 0.159989 0.776004
vt 0.928294 0.265218
vt 0.927600 0.252144
vt 0.929551 0.253427
vt 0.843604 0.000000
vt 1.000000 0.429110
vt 0.775634 0.775634
vt 0.665751 0.052271
vt 0.899430 0.325534
vt 0.993711 0.694493
s 0
f 2201/3469/1575 2200/3470/1575 2191/3471/1575
f 2192/3472/1576 2201/3473/1576 2191/3471/1576
f 2202/3474/1577 2206/3475/1577 2204/3476/1577 2191/3472/1577
f 2204/3477/1578 2192/3472/1578 2191/3478/1578
s 1
f 2195/3479/1579 2196/3480/1580 2203/3481/1581 2199/3482/1582
f 2205/3483/1583 2193/3484/1584 2203/3485/1581
f 2203/3481/1581 2193/3484/1584 2199/3486/1582
f 2196/3487/1580 2195/3488/1579 2194/3489/1585
s 0
f 2202/3490/1586 2191/3472/1586 2200/3491/1586
f 2201/3492/1587 2192/3471/1587 2204/3493/1587 2198/3494/1587 2197/3495/1587
o Wine_Glass_cell.091
v -0.059721 0.261185 0.014292
v -0.051431 0.243131 0.021752
v -0.046525 0.236660 0.017972
v -0.053776 0.261185 0.023190
v -0.052506 0.273793 0.022259
v -0.058151 0.274546 0.013642
v -0.057992 0.232746 0.000797
v -0.052751 0.233900 0.000815
v -0.055554 0.232123 0.012567
v -0.050712 0.233390 0.010561
v -0.051009 0.232447 0.019457
v -0.060789 0.272861 0.001457
v -0.064040 0.261185 -0.007424
v -0.059533 0.263663 -0.007442
v -0.059963 0.235360 -0.007075
v -0.054841 0.236521 -0.007076
v -0.055554 0.232123 0.012567
v -0.051009 0.232447 0.019457
v -0.057992 0.232746 0.000797
v -0.052751 0.233900 0.000815
v -0.050712 0.233390 0.010561
v -0.064040 0.261185 -0.007424
v -0.059963 0.235360 -0.007075
v -0.046525 0.236660 0.017972
v -0.051431 0.243131 0.021752
v -0.054841 0.236521 -0.007076
vn 0.4504 -0.1705 0.8764
vn 0.3383 -0.9369 -0.0880
vn 0.2043 -0.9121 -0.3555
vn -0.8220 -0.1505 0.5492
vn -0.3588 0.4788 0.8013
vn 0.1501 0.7497 0.6446
vn -0.9130 -0.1534 0.3782
vn -0.9126 -0.1534 0.3789
vn -0.9696 -0.1505 0.1929
vn -0.8251 0.1238 0.5513
vn 0.9747 -0.2065 -0.0853
vn 0.9028 0.3311 -0.2745
vn 0.8989 0.3310 -0.2871
vn 0.8574 0.3272 -0.3973
vn 0.9279 0.3302 -0.1730
vn 0.0028 -0.0131 -0.9999
vt 0.174538 0.000000
vt 1.000000 0.378136
vt 0.079795 0.000000
vt 0.848336 0.000000
vt 0.662844 0.127474
vt 0.280495 0.280495
vt 0.216634 0.216634
vt 0.532978 0.089666
vt 0.663785 0.000000
vt 0.220482 0.220482
vt 0.149683 0.149683
vt 1.000000 0.223855
vt 1.000000 0.289499
vt 0.726419 0.140379
vt 0.728559 0.160632
vt 0.730660 0.199973
vt 0.708843 0.199334
vt 0.706901 0.136048
vt 0.659978 0.199334
vt 0.662488 0.143096
vt 0.680377 0.137403
vt 0.706901 0.136048
vt 0.729193 0.227951
vt 0.708111 0.229007
vt 0.578719 0.135261
vt 0.593756 0.120220
vt 0.608667 0.120469
vt 0.611553 0.147414
vt 0.579571 0.145606
vt 0.739517 0.563830
vt 0.732754 0.501923
vt 0.752903 0.501333
vt 0.755788 0.537727
vt 0.751323 0.562981
vt 0.602299 0.209220
vt 0.584261 0.205919
vt 0.574876 0.200649
vt 0.220482 0.000000
vt 0.211938 0.032378
vt 0.149683 0.000000
s 0
f 2230/3496/1588 2208/3497/1588 2224/3498/1588
f 2224/3499/1589 2223/3500/1589 2225/3501/1589 2226/3502/1589 2227/3503/1589 2230/3504/1589
f 2229/3505/1590 2232/3506/1590 2226/3507/1590 2225/3508/1590
s 1
f 2217/3509/1591 2231/3510/1592 2210/3511/1593 2207/3512/1594 2215/3513/1595
f 2207/3512/1594 2228/3514/1596 2221/3515/1596 2213/3516/1596 2215/3517/1595
f 2207/3512/1597 2210/3511/1597 2211/3518/1597 2212/3519/1597
f 2220/3520/1598 2218/3521/1598 2212/3522/1598 2207/3523/1598 2228/3524/1598
f 2216/3525/1599 2207/3526/1600 2210/3527/1593 2231/3528/1592 2209/3529/1601
f 2228/3524/1602 2207/3523/1600 2216/3530/1599 2214/3531/1602 2222/3532/1602
s 0
f 2229/3533/1603 2219/3534/1603 2232/3535/1603
o Wine_Glass_cell.092
v -0.007012 0.025308 -0.012598
v -0.007119 0.003718 -0.012566
v -0.018401 0.018776 -0.029101
v -0.015851 0.003718 -0.025262
v -0.010381 0.023130 -0.017478
v -0.023293 0.016080 -0.036348
v -0.022520 0.003718 -0.035479
v -0.015113 0.003718 -0.044172
v -0.015765 0.013420 -0.048906
v -0.020367 0.014578 -0.044161
v -0.007119 0.003718 -0.012566
v -0.015851 0.003718 -0.025262
v -0.018401 0.018776 -0.029101
v -0.010381 0.023130 -0.017478
v -0.023293 0.016080 -0.036348
v -0.015765 0.013420 -0.048906
v -0.020367 0.014578 -0.044161
v -0.022520 0.003718 -0.035479
v -0.015113 0.003718 -0.044172
vn -0.8239 0.0049 0.5667
vn -0.8334 -0.0061 0.5526
vn 0.9647 0.0525 -0.2581
vn -0.8079 -0.2619 -0.5280
vn -0.1637 0.9556 -0.2450
vn -0.1165 0.9576 -0.2633
vn -0.0825 0.9576 -0.2760
vn -0.0544 0.9566 -0.2862
vn -0.0000 -1.0000 -0.0000
vt 1.000000 0.521681
vt 0.301140 0.301140
vt 0.083122 0.000000
vt 0.299178 0.115202
vt 1.000000 0.377924
vt 0.377924 0.377924
vt 1.000000 0.422633
vt 1.000000 0.536897
vt 0.521681 0.521681
vt 1.000000 0.000000
vt 1.000000 0.301140
vt 0.551067 0.551067
vt 0.455447 0.455447
vt 0.907127 0.082078
vt 0.727617 0.283946
vt 0.462677 0.000000
vt 0.549336 0.000000
vt 1.000000 0.464842
vt 1.000000 0.569682
vt 0.060210 0.422235
vt 0.078073 0.414934
vt 0.107886 0.405488
vt 0.055999 0.440158
vt 0.110064 0.407666
vt 0.058626 0.454509
vt 0.055999 0.440158
vt 0.045921 0.031680
vt 0.054801 0.022801
vt 0.040907 0.036694
vt 0.030296 0.047306
s 0
f 2244/3536/1604 2243/3537/1604 2233/3538/1604 2246/3539/1604 2245/3540/1604
f 2245/3541/1605 2247/3542/1605 2250/3543/1605 2244/3544/1605
f 2233/3545/1606 2243/3546/1606 2251/3547/1606 2248/3548/1606 2246/3549/1606
f 2249/3550/1607 2248/3551/1607 2251/3552/1607 2250/3553/1607 2247/3554/1607
s 1
f 2238/3555/1608 2235/3556/1608 2237/3557/1609 2242/3558/1610
f 2237/3559/1609 2241/3560/1611 2242/3561/1610
f 2240/3562/1612 2234/3563/1612 2236/3564/1612 2239/3565/1612
o Wine_Glass_cell.093
v -0.022981 0.327917 0.034107
v -0.037831 0.327917 0.024185
v -0.006792 0.327917 0.037328
v -0.006915 0.322396 0.034741
v -0.043642 0.327614 0.008694
v -0.006932 0.318956 0.039486
v -0.016415 0.306350 0.040675
v -0.050314 0.313874 0.011551
v -0.047683 0.310599 0.016899
v -0.021437 0.298568 0.037725
v -0.027095 0.296934 0.035738
v -0.025701 0.298777 0.040675
v -0.032814 0.298979 0.035865
v -0.040475 0.303786 0.029362
v -0.006792 0.327917 0.037328
v -0.006915 0.322396 0.034741
v -0.006932 0.318956 0.039486
v -0.016415 0.306350 0.040675
v -0.021437 0.298568 0.037725
v -0.025701 0.298777 0.040675
v -0.025701 0.298777 0.040675
v -0.032814 0.298979 0.035865
v -0.027095 0.296934 0.035738
vn 0.9998 -0.0179 -0.0094
vn 0.4540 -0.5567 0.6957
vn -0.1897 0.2327 0.9539
vn -0.8346 0.5018 0.2272
vn -0.5716 0.4162 0.7071
vn -0.7385 0.4799 0.4737
vn -0.8595 0.4556 -0.2315
vn -0.4720 0.5099 0.7192
vn -0.5403 0.2327 0.8086
vn 0.1411 0.9757 -0.1678
vn -0.8215 0.3086 0.4794
vn 0.1067 -0.1887 -0.9762
vn 0.5446 -0.2032 -0.8137
vn -0.2995 -0.8630 0.4068
vt 0.321593 0.321593
vt 1.000000 0.372471
vt 1.000000 0.405172
vt 1.000000 0.368442
vt 0.154915 0.154915
vt 0.106803 0.106803
vt 0.531003 0.413719
vt 0.519407 0.399924
vt 0.499393 0.374068
vt 0.500020 0.355686
vt 0.536447 0.355686
vt 0.549819 0.419467
vt 0.539508 0.415457
vt 0.572861 0.358788
vt 0.576357 0.408366
vt 0.706959 0.316845
vt 0.719668 0.309876
vt 0.746627 0.297423
vt 0.739680 0.349285
vt 0.705294 0.348279
vt 0.817584 0.355687
vt 0.847746 0.356569
vt 0.849531 0.368550
vt 0.850762 0.380183
vt 0.836415 0.404299
vt 0.826541 0.419362
vt 0.820766 0.420568
vt 0.779063 0.406328
vt 0.781547 0.355686
vt 0.820766 0.420568
vt 0.813724 0.422725
vt 0.803940 0.418205
vt 0.815289 0.094995
vt 0.597292 0.000000
vt 0.719300 0.000000
s 0
f 2257/3566/1613 2267/3567/1613 2254/3568/1613
f 2258/3569/1614 2272/3570/1614 2270/3571/1614
s 1
f 2271/3572/1615 2269/3573/1616 2268/3574/1617 2266/3575/1618 2252/3576/1619
f 2273/3577/1620 2271/3578/1621 2252/3576/1622 2253/3579/1622 2265/3580/1622
f 2259/3581/1623 2260/3582/1623 2265/3583/1623 2253/3584/1623 2256/3585/1623
f 2252/3586/1619 2266/3587/1618 2255/3588/1624 2268/3589/1617 2269/3590/1616 2261/3591/1624 2271/3592/1624
f 2265/3593/1622 2253/3594/1622 2252/3586/1622 2271/3595/1625 2274/3596/1625 2273/3597/1620
s 0
f 2263/3598/1626 2264/3599/1626 2262/3600/1626
o Wine_Glass_cell.094
v 0.053263 0.261185 -0.008181
v 0.044937 0.249920 0.001144
v 0.047118 0.261187 0.001417
v 0.045742 0.274364 0.000982
v 0.049063 0.247135 0.001973
v 0.043453 0.242127 0.000827
v 0.049329 0.245949 -0.016070
v 0.046042 0.255476 -0.017495
v 0.047130 0.261187 -0.017720
v 0.048522 0.283082 -0.018018
v 0.050542 0.282586 -0.008181
v 0.047343 0.235454 0.001507
v 0.045819 0.283886 -0.011644
v 0.045312 0.242465 -0.008181
v 0.044725 0.248163 -0.016818
v 0.050027 0.240331 -0.008181
v 0.044677 0.286422 -0.015972
v 0.044937 0.249920 0.001144
v 0.047118 0.261187 0.001417
v 0.043453 0.242127 0.000827
v 0.045312 0.242465 -0.008181
v 0.045312 0.242465 -0.008181
v 0.045312 0.242465 -0.008181
v 0.044725 0.248163 -0.016818
v 0.047343 0.235454 0.001507
v 0.050027 0.240331 -0.008181
v 0.049063 0.247135 0.001973
v 0.049329 0.245949 -0.016070
v 0.047130 0.261187 -0.017720
v 0.044677 0.286422 -0.015972
v 0.048522 0.283082 -0.018018
v 0.045742 0.274364 0.000982
v 0.045819 0.283886 -0.011644
v 0.050542 0.282586 -0.008181
vn -0.1936 -0.0076 0.9810
vn -0.3039 -0.8046 -0.5101
vn -0.2157 0.7802 0.5871
vn -0.6576 -0.6690 -0.3464
vn -0.9715 -0.2371 0.0012
vn -0.2408 -0.6429 0.7271
vn -0.2830 -0.6511 0.7042
vn -0.8599 -0.4220 -0.2873
vn -0.2709 0.6170 -0.7388
vn 0.9817 -0.1196 -0.1480
vn 0.9936 -0.1068 -0.0357
vn 0.8034 -0.1545 -0.5751
vn -0.7373 0.6216 -0.2645
vn 0.9486 -0.0589 0.3109
vn 0.9878 0.1448 -0.0570
vn 0.9848 0.1397 0.1032
vn 0.9254 0.1441 -0.3506
vn 0.9958 0.0625 -0.0666
vn -0.8847 0.2774 -0.3747
vn -0.9506 0.3099 0.0189
vn -0.9488 0.3066 -0.0765
vn -0.1887 0.0127 0.9820
vn -0.4581 0.0170 -0.8887
vn -0.8853 -0.1673 0.4339
vt 0.381610 0.381610
vt 0.336364 0.336364
vt 0.721206 0.000000
vt 0.826148 0.000000
vt 1.000000 0.046508
vt 0.588082 0.000000
vt 1.000000 0.000000
vt 0.693665 0.050172
vt 1.000000 0.384969
vt 0.670084 0.067962
vt 1.000000 0.411918
vt 0.993201 0.448788
vt 0.817949 0.817949
vt 0.704336 0.704336
vt 0.043350 0.664837
vt 0.023397 0.665421
vt 0.024932 0.636610
vt 0.044325 0.620267
vt 0.283291 0.185917
vt 0.281463 0.200897
vt 0.264949 0.201831
vt 0.271528 0.156291
vt 0.272688 0.157447
vt 0.282318 0.167849
vt 0.284996 0.170749
vt 0.292883 0.563701
vt 0.280653 0.519708
vt 0.301987 0.516377
vt 0.309759 0.546090
vt 0.315650 0.570883
vt 0.269276 0.249244
vt 0.285043 0.249458
vt 0.284063 0.260284
vt 0.272750 0.252105
vt 0.297531 0.486421
vt 0.301987 0.516377
vt 0.275243 0.472435
vt 0.026251 0.707921
vt 0.024927 0.690549
vt 0.023397 0.665421
vt 0.044950 0.706619
vt 0.824975 0.184298
vt 1.000000 0.336364
vt 1.000000 0.381610
vt 0.414661 0.323278
vt 0.393889 0.000000
vt 0.429907 0.000000
vt 0.064815 0.664837
vt 0.064795 0.677582
vt 0.063897 0.693903
vt 0.044950 0.706619
vt 0.064818 0.619993
vt 0.064815 0.664837
vt 0.052226 0.615252
s 0
f 2301/3601/1627 2276/3602/1627 2294/3603/1627 2299/3604/1627
f 2302/3605/1628 2295/3606/1628 2298/3607/1628
f 2287/3608/1629 2278/3609/1629 2285/3610/1629
f 2296/3611/1630 2300/3612/1630 2299/3613/1630 2294/3614/1630
s 1
f 2275/3615/1631 2293/3616/1632 2306/3617/1633 2307/3618/1634
f 2282/3619/1635 2303/3620/1635 2275/3621/1636 2290/3622/1637 2288/3623/1638 2281/3624/1638 2289/3625/1639
f 2290/3626/1637 2275/3627/1636 2293/3628/1640 2279/3629/1640 2286/3630/1640
f 2308/3631/1641 2275/3621/1642 2303/3620/1643 2305/3632/1643 2304/3633/1644 2307/3634/1634
f 2306/3635/1633 2293/3636/1632 2275/3627/1642 2308/3637/1641
f 2280/3638/1645 2292/3639/1645 2293/3640/1645 2275/3615/1646 2297/3641/1647
s 0
f 2277/3642/1648 2276/3643/1648 2301/3644/1648
f 2283/3645/1649 2291/3646/1649 2284/3647/1649
s 1
f 2275/3615/1646 2303/3648/1635 2282/3649/1635 2289/3650/1639 2297/3651/1647
f 2304/3652/1644 2303/3653/1650 2275/3615/1631 2307/3654/1634
o Wine_Glass_cell.095
v -0.005449 0.134605 -0.008837
v -0.004842 0.133049 -0.019224
v 0.001561 0.137256 -0.017354
v 0.004938 0.140491 -0.010880
v 0.005152 0.133082 -0.010968
v 0.000274 0.130727 -0.017135
v 0.000274 0.130727 -0.017135
v -0.004842 0.133049 -0.019224
v 0.001561 0.137256 -0.017354
v 0.004938 0.140491 -0.010880
v 0.005152 0.133082 -0.010968
vn -0.4468 -0.8882 0.1070
vn -0.5101 0.8458 -0.1565
vn 0.1963 -0.0060 0.9805
vn -0.0530 -0.9182 0.3926
vn 0.3377 -0.0980 -0.9361
vn 0.7302 -0.0918 -0.6771
vn 0.5834 -0.1418 -0.7997
vn 0.8524 -0.0610 -0.5193
vn 0.8797 0.0311 -0.4745
vt 1.000000 0.000000
vt 1.000000 0.258235
vt 0.351504 0.000000
vt 0.501098 0.039403
vt 0.404908 0.228951
vt 0.258235 0.258235
vt 0.000000 0.000000
vt 0.475157 0.475157
vt 0.321262 0.274048
vt 0.096671 0.096671
vt 0.269139 0.029947
vt 0.167643 0.762077
vt 0.160168 0.766951
vt 0.163418 0.756199
vt 0.140783 0.771158
vt 0.150221 0.772885
vt 0.141626 0.777486
vt 0.150576 0.757616
vt 0.150136 0.770934
vt 0.141659 0.760738
s 0
f 2309/3655/1651 2316/3656/1651 2315/3657/1651
f 2318/3658/1652 2317/3659/1652 2316/3660/1652 2309/3661/1652
f 2318/3662/1653 2309/3661/1653 2319/3663/1653
f 2319/3664/1654 2309/3661/1654 2315/3665/1654
s 1
f 2310/3666/1655 2311/3667/1656 2314/3668/1657
f 2313/3669/1658 2311/3670/1656 2312/3671/1659
f 2314/3672/1657 2311/3673/1656 2313/3674/1658
o Wine_Glass_cell.096
v -0.009050 0.132104 -0.006929
v -0.008338 0.122515 -0.007308
v -0.014935 0.126517 -0.004259
v -0.012374 0.120895 -0.004603
v -0.015598 0.131643 -0.003984
vn -0.4987 -0.1751 -0.8489
vn -0.4146 0.0017 -0.9100
vn 0.4455 0.0533 0.8937
vn 0.4100 0.0042 0.9121
vt 0.815175 0.000000
vt 1.000000 0.000000
vt 1.000000 0.088557
vt 0.211225 0.211225
vt 0.000000 0.000000
vt 0.855375 0.200556
vt 1.000000 0.959316
vt 1.000000 1.000000
vt 0.505991 0.453833
vt 1.000000 0.945778
vt 0.962731 0.933111
s 0
f 2322/3675/1660 2321/3676/1660 2323/3677/1660
f 2324/3678/1661 2320/3679/1661 2321/3676/1661 2322/3680/1661
f 2323/3681/1662 2321/3682/1662 2320/3679/1662 2322/3683/1662
f 2322/3684/1663 2320/3682/1663 2324/3685/1663
o Wine_Glass_cell.097
v -0.060570 0.289662 -0.008181
v -0.063210 0.268228 -0.008608
v -0.061385 0.273269 -0.001801
v -0.062042 0.271371 -0.012474
v -0.059949 0.283924 -0.014973
v -0.059364 0.289662 -0.002117
v -0.059357 0.289662 -0.014281
v -0.058473 0.298258 -0.008181
v -0.062042 0.271371 -0.012474
v -0.059949 0.283924 -0.014973
v -0.059357 0.289662 -0.014281
v -0.058473 0.298258 -0.008181
v -0.059364 0.289662 -0.002117
v -0.063210 0.268228 -0.008608
v -0.061385 0.273269 -0.001801
vn 0.9770 -0.2121 -0.0224
vn 0.9935 -0.1134 0.0054
vn -0.9838 0.1795 -0.0016
vn -0.9688 0.1638 0.1859
vn -0.9715 0.2370 -0.0004
vn -0.9674 0.1646 -0.1924
vn -0.9923 0.1240 -0.0049
vn -0.9758 0.1197 0.1829
vn -0.9732 0.1238 -0.1936
vt 1.000000 0.631664
vt 0.631026 0.631026
vt 0.000000 0.000000
vt 0.107673 0.000000
vt 0.782690 0.240668
vt 0.911080 0.551881
vt 0.938979 0.938979
vt 0.631665 0.631665
vt 0.648353 0.459799
vt 0.659832 0.262578
vt 0.673477 0.262578
vt 0.660735 0.281820
vt 0.647153 0.262949
vt 0.660735 0.281820
vt 0.658676 0.215660
vt 0.676100 0.235521
vt 0.673477 0.262578
vt 0.658676 0.215660
vt 0.645399 0.250248
vt 0.649907 0.222217
s 0
f 2334/3686/1664 2339/3687/1664 2338/3688/1664 2333/3689/1664
f 2336/3690/1665 2337/3691/1665 2339/3692/1665 2334/3693/1665 2335/3694/1665
s 1
f 2325/3695/1666 2330/3696/1667 2332/3697/1668
f 2331/3698/1669 2325/3695/1666 2332/3699/1668
f 2325/3695/1666 2326/3700/1670 2327/3701/1671 2330/3702/1667
f 2326/3703/1670 2325/3695/1666 2331/3698/1669 2329/3704/1672 2328/3705/1672
o Wine_Glass_cell.098
v -0.046990 0.261185 -0.049708
v -0.044430 0.289662 -0.047147
v -0.049154 0.246407 -0.042421
v -0.043905 0.247239 -0.041962
v -0.047771 0.247638 -0.036316
v -0.036827 0.250566 -0.054554
v -0.039137 0.247430 -0.046739
v -0.033812 0.248217 -0.050481
v -0.045352 0.246259 -0.048070
v -0.048530 0.252637 -0.036932
v -0.049742 0.261187 -0.038112
v -0.047812 0.285374 -0.036262
v -0.049687 0.289662 -0.039279
v -0.044012 0.293082 -0.039527
v -0.044194 0.298614 -0.043645
v -0.038293 0.293254 -0.050214
v -0.035136 0.289274 -0.048955
v -0.037962 0.261185 -0.055740
v -0.039137 0.247430 -0.046739
v -0.033812 0.248217 -0.050481
v -0.033812 0.248217 -0.050481
v -0.033812 0.248217 -0.050481
v -0.036827 0.250566 -0.054554
v -0.037962 0.261185 -0.055740
v -0.043905 0.247239 -0.041962
v -0.047771 0.247638 -0.036316
v -0.049154 0.246407 -0.042421
v -0.045352 0.246259 -0.048070
v -0.047812 0.285374 -0.036262
v -0.044012 0.293082 -0.039527
v -0.049687 0.289662 -0.039279
v -0.044194 0.298614 -0.043645
v -0.038293 0.293254 -0.050214
v -0.035136 0.289274 -0.048955
vn 0.1404 -0.9762 0.1650
vn 0.1524 -0.9808 0.1213
vn -0.2528 0.4804 0.8398
vn 0.7509 0.6432 0.1496
vn 0.8092 0.0208 -0.5872
vn -0.9455 0.2378 -0.2224
vn -0.9516 0.2027 -0.2311
vn 0.9198 0.3366 -0.2015
vn 0.3630 0.8425 -0.3980
vn -0.4685 0.0472 -0.8822
vn -0.2878 0.8438 0.4529
vn -0.7909 -0.1998 -0.5784
vn -0.8032 -0.1937 -0.5634
vn -0.9742 -0.0575 -0.2180
vn -0.2876 0.8439 0.4530
vn -0.4755 -0.3026 -0.8261
vn -0.9631 0.0506 -0.2645
vn 0.0245 -0.9275 -0.3729
vn 0.7195 -0.6255 -0.3018
vn -0.3832 0.1860 -0.9047
vn 0.7685 0.3728 0.5201
vn 0.7018 0.4041 0.5867
vn 0.5235 0.4606 0.7168
vn 0.9743 -0.1776 0.1387
vn 0.1633 -0.3632 0.9173
vn 0.1760 -0.9834 0.0434
vn 0.9644 -0.1026 0.2436
vt 1.000000 0.269100
vt 0.667279 0.000000
vt 0.703101 0.000000
vt 1.000000 0.332721
vt 0.377555 0.377555
vt 0.345747 0.345747
vt 1.000000 0.296899
vt 0.564418 0.273103
vt 1.000000 0.721528
vt 0.313176 0.103252
vt 0.792069 0.792069
vt 0.556745 0.000000
vt 0.595050 0.000000
vt 0.827524 0.180396
vt 1.000000 0.000000
vt 1.000000 0.047221
vt 0.637023 0.434153
vt 0.617730 0.435797
vt 0.627840 0.422654
vt 0.638222 0.410752
vt 0.652043 0.426787
vt 0.657867 0.434153
vt 0.638391 0.410627
vt 0.614231 0.495854
vt 0.635464 0.494045
vt 0.636462 0.527313
vt 0.622559 0.528167
vt 0.615429 0.528034
vt 0.614915 0.517338
vt 0.659428 0.494045
vt 0.660055 0.517714
vt 0.660210 0.524880
vt 0.636461 0.527313
vt 0.616091 0.438184
vt 0.617730 0.435797
vt 0.660777 0.438091
vt 0.505361 0.176189
vt 0.489696 0.176726
vt 0.488063 0.145537
vt 0.510889 0.145216
vt 0.511836 0.164284
vt 0.482493 0.176530
vt 0.467675 0.174476
vt 0.466098 0.146488
vt 0.488542 0.084168
vt 0.489274 0.063244
vt 0.500289 0.075764
vt 0.506505 0.083916
vt 0.476134 0.079661
vt 0.064162 0.000000
vt 1.000000 0.345747
vt 1.000000 0.377555
vt 0.511174 0.092370
s 0
f 2344/3706/1673 2366/3707/1673 2364/3708/1673
f 2366/3709/1674 2348/3710/1674 2346/3711/1674 2364/3712/1674
f 2351/3713/1675 2369/3714/1675 2352/3715/1675
f 2354/3716/1676 2373/3717/1676 2372/3718/1676
f 2363/3719/1677 2360/3720/1677 2362/3721/1677
s 1
f 2341/3722/1678 2370/3723/1679 2353/3724/1680 2371/3725/1681
f 2355/3726/1682 2356/3727/1682 2341/3722/1682 2371/3728/1682
f 2350/3729/1683 2340/3730/1684 2367/3731/1685 2342/3732/1686 2365/3733/1687 2349/3734/1683
f 2340/3730/1684 2357/3735/1688 2345/3736/1688 2361/3737/1688 2367/3738/1685
f 2341/3722/1678 2340/3730/1689 2350/3729/1690 2368/3739/1691 2370/3740/1679
f 2357/3735/1692 2340/3730/1692 2341/3722/1692 2356/3741/1692
f 2365/3742/1687 2343/3743/1693 2340/3744/1694 2350/3745/1683 2349/3746/1683
f 2340/3744/1694 2343/3743/1693 2358/3747/1695 2359/3748/1695 2357/3749/1695
f 2341/3750/1696 2371/3751/1681 2353/3752/1680 2368/3753/1691
f 2371/3751/1697 2341/3750/1697 2356/3754/1697
s 0
f 2347/3755/1698 2346/3756/1698 2348/3757/1698
s 1
f 2368/3758/1691 2350/3745/1690 2340/3744/1699 2341/3750/1696
o Wine_Glass_cell.099
v -0.050055 0.202667 -0.008181
v -0.054146 0.231909 -0.008181
v -0.059143 0.232878 -0.004888
v -0.058161 0.231467 -0.014913
v -0.046204 0.201676 -0.024389
v -0.039494 0.190413 -0.022277
v -0.040065 0.197373 -0.022514
v -0.032033 0.183643 -0.017032
v -0.036152 0.180705 -0.008181
v -0.036000 0.182692 -0.001092
v -0.043101 0.199935 -0.000558
v -0.054994 0.222768 0.000131
v -0.048521 0.202667 -0.000467
v -0.057690 0.231050 0.000230
v -0.052471 0.231909 0.000237
v -0.052724 0.220260 -0.023771
v -0.052438 0.230519 -0.014960
v -0.047273 0.217925 -0.024537
v -0.054994 0.222768 0.000131
v -0.057690 0.231050 0.000230
v -0.054146 0.231909 -0.008181
v -0.052471 0.231909 0.000237
v -0.059143 0.232878 -0.004888
v -0.058161 0.231467 -0.014913
v -0.046204 0.201676 -0.024389
v -0.046204 0.201676 -0.024389
v -0.040065 0.197373 -0.022514
v -0.032033 0.183643 -0.017032
v -0.039494 0.190413 -0.022277
v -0.036000 0.182692 -0.001092
v -0.048521 0.202667 -0.000467
v -0.043101 0.199935 -0.000558
v -0.052724 0.220260 -0.023771
v -0.052724 0.220260 -0.023771
v -0.052724 0.220260 -0.023771
v -0.052438 0.230519 -0.014960
v -0.047273 0.217925 -0.024537
vn 0.0501 0.9912 0.1223
vn 0.1068 0.9860 -0.1283
vn 0.4693 0.0085 -0.8830
vn 0.0014 -0.0304 0.9995
vn 0.0007 -0.0118 0.9999
vn 0.1010 0.6466 -0.7561
vn 0.1602 0.9741 -0.1594
vn -0.3881 0.0567 0.9199
vn -0.7837 -0.5826 -0.2155
vn -0.3357 0.0966 0.9370
vn -0.9514 -0.3076 0.0110
vn -0.9515 -0.3076 -0.0006
vn 0.1965 -0.6215 0.7583
vn -0.4060 -0.6338 0.6583
vn -0.9366 -0.3037 0.1749
vn 0.9812 0.1561 0.1139
vn 0.9823 0.1541 0.1068
vn 0.9905 0.1330 0.0334
vn 0.9656 0.1772 0.1905
vn -0.1670 -0.0739 -0.9832
vn -0.2315 -0.1149 -0.9660
vn 0.7900 0.5060 -0.3461
vn 0.7271 0.5909 0.3496
vn -0.1470 -0.0187 -0.9890
vn -0.8332 -0.5275 0.1657
vn -0.9411 -0.3033 -0.1496
vt 1.000000 0.279005
vt 1.000000 0.339961
vt 0.667749 0.000000
vt 0.727666 0.000000
vt 0.114569 0.000000
vt 0.183560 0.030907
vt 0.201229 0.201229
vt 0.274660 0.245172
vt 0.222321 0.000000
vt 0.269200 0.147367
vt 0.323953 0.323953
vt 0.148770 0.148770
vt 0.251339 0.000000
vt 0.295920 0.000000
vt 1.000000 0.225961
vt 1.000000 0.288411
vt 0.317365 0.317365
vt 0.453693 0.000000
vt 1.000000 0.646090
vt 1.000000 0.703419
vt 0.703419 0.703419
vt 0.793789 0.000000
vt 0.868109 0.000000
vt 0.670345 0.026452
vt 0.664359 0.072675
vt 0.631988 0.068197
vt 0.638396 0.047742
vt 0.650716 0.029291
vt 0.660228 0.135620
vt 0.681718 0.072675
vt 0.680225 0.115917
vt 0.674059 0.135620
vt 0.576171 0.276210
vt 0.563880 0.275516
vt 0.572138 0.210836
vt 0.585545 0.211594
vt 0.582878 0.231162
vt 0.560608 0.210660
vt 0.531838 0.275028
vt 0.534128 0.241631
vt 0.539657 0.234698
vt 0.554302 0.322182
vt 0.547924 0.322396
vt 0.573605 0.283302
vt 0.531070 0.279349
vt 0.531838 0.275028
vt 0.526261 0.318915
vt 0.386256 0.386256
vt 0.965369 0.374080
vt 0.428775 0.428775
vt 0.670345 0.026452
vt 0.685756 0.030635
vt 0.630314 0.073671
vt 0.641899 0.129559
vt 0.625689 0.105402
s 0
f 2394/3759/1700 2396/3760/1700 2393/3761/1700 2395/3762/1700
f 2394/3763/1701 2397/3764/1701 2396/3765/1701
f 2400/3766/1702 2401/3767/1702 2402/3768/1702 2398/3769/1702
f 2383/3770/1703 2405/3771/1703 2386/3772/1703
f 2395/3773/1704 2393/3774/1704 2385/3775/1704
f 2406/3776/1705 2397/3777/1705 2409/3778/1705
f 2409/3779/1706 2397/3780/1706 2394/3781/1706
s 1
f 2382/3782/1707 2374/3783/1708 2399/3784/1708 2379/3785/1708 2381/3786/1709
f 2376/3787/1710 2374/3783/1711 2404/3788/1712 2392/3789/1713 2387/3790/1714
f 2404/3791/1712 2374/3792/1715 2375/3793/1716 2388/3794/1717 2392/3795/1713
f 2390/3796/1718 2375/3793/1716 2374/3792/1715 2399/3797/1718 2410/3798/1718 2407/3799/1718
f 2403/3800/1719 2382/3801/1720 2374/3792/1721 2404/3791/1721 2384/3802/1721
f 2380/3803/1722 2399/3804/1722 2374/3792/1722 2382/3801/1707 2381/3805/1709
s 0
f 2391/3806/1723 2378/3807/1723 2408/3808/1723
s 1
f 2404/3788/1724 2374/3783/1724 2382/3809/1720 2403/3810/1719
f 2399/3811/1725 2374/3783/1711 2376/3787/1710 2377/3812/1725 2389/3813/1725
